GEOID,state,county,vtd,pop,pop_hisp,pop_white,pop_black,pop_aian,pop_asian,pop_nhpi,pop_other,pop_two,vap,vap_hisp,vap_white,vap_black,vap_aian,vap_asian,vap_nhpi,vap_other,vap_two,ai_an_nh,place,mcd,school,shd,ssd,cd_1990,cd_2000,ndv,nrv
13001000002,GA,001,2,3302,92,1100,2068,0,14,0,2,26,2283,56,830,1374,0,13,0,0,10,NA,06016,90240,00060,170,6,1,1,378.5210401891253,277.4141843971631
1300100001A,GA,001,1A,232,2,229,0,0,0,0,0,1,174,2,171,0,0,0,0,0,1,NA,NA,90078,00060,170,6,1,1,28.849172576832153,21.143262411347518
1300100001B,GA,001,1B,1805,52,1651,92,1,0,0,0,9,1333,31,1236,58,1,0,0,0,7,NA,NA,90078,00060,170,6,1,1,221.01118991331757,161.97683215130024
1300100001C,GA,001,1C,1231,61,1135,34,0,1,0,0,0,895,41,829,24,0,1,0,0,0,NA,06016,90240,00060,170,6,1,1,148.39085894405045,108.75413711583926
1300100001D,GA,001,1D,212,5,191,12,0,0,0,1,3,161,3,152,6,0,0,0,0,0,NA,34260,92706,00060,170,6,1,1,26.693774625689517,19.563593380614655
1300100003A,GA,001,3A,396,5,387,4,0,0,0,0,0,294,5,285,4,0,0,0,0,0,NA,NA,90078,00060,170,6,1,1,48.7451536643026,35.724822695035456
1300100003B,GA,001,3B,592,16,317,251,2,1,0,0,5,447,10,243,189,2,0,0,0,3,NA,74852,92904,00060,170,6,1,1,74.11252955082743,54.316312056737594
1300100003C,GA,001,3C,2161,138,1572,409,16,16,0,0,10,1606,91,1223,264,13,9,0,0,6,NA,06016,90240,00060,170,6,1,1,266.2745468873128,195.1498817966903
1300100004A,GA,001,4A,579,11,513,49,1,3,0,0,2,451,6,409,32,1,1,0,0,2,NA,NA,92904,00060,170,6,1,1,74.77572892040978,54.80236406619386
1300100004B,GA,001,4B,758,56,666,29,0,2,1,0,4,524,34,475,11,0,1,0,0,3,NA,NA,92706,00060,170,6,1,1,86.87911741528762,63.67281323877068
1300100004C,GA,001,4C,671,24,639,2,0,0,0,0,6,487,12,469,2,0,0,0,0,4,NA,NA,92706,00060,170,6,1,1,80.7445232466509,59.17683215130024
1300100004D,GA,001,4D,1372,185,1113,67,1,0,0,0,6,1032,138,855,34,1,0,0,0,4,NA,06016,90240,00060,170,6,1,1,171.10543735224587,125.40141843971632
1300100005A,GA,001,5A,2200,97,1881,194,3,10,0,0,15,1636,59,1442,117,3,8,0,0,7,NA,06016,90240,00060,170,6,1,1,271.24854215918043,198.79527186761229
1300100005B,GA,001,5B,645,13,612,14,4,2,0,0,0,453,8,433,8,2,2,0,0,0,NA,NA,92706,00060,170,6,1,1,75.10732860520095,55.04539007092199
1300100005C,GA,001,5C,637,31,600,1,0,2,0,0,3,469,15,449,1,0,1,0,0,3,NA,NA,92706,00060,170,6,1,1,77.76012608353034,56.98959810874704
130010001A1,GA,001,1A1,372,1,362,7,0,0,0,1,1,263,1,254,7,0,0,0,1,0,NA,NA,90078,00060,170,6,1,1,43.6053585500394,31.957919621749408
130010005B1,GA,001,5B1,254,3,85,165,0,0,0,0,1,182,1,71,109,0,0,0,0,1,NA,34260,92706,00060,170,6,1,1,30.175571315996848,22.115366430260046
13003000001,GA,003,0001,2523,340,2004,149,4,2,0,0,24,1757,183,1455,101,2,1,0,0,15,NA,59808,92334,00090,167,19,1,1,271.78645538577626,208.1486511978872
13003000002,GA,003,0002,1071,136,863,62,5,0,0,0,5,753,67,634,47,4,0,0,0,1,NA,NA,90180,00090,167,19,1,1,116.47990945104698,89.20656479909452
13003000003,GA,003,0003,2210,305,1295,583,0,7,0,3,17,1555,178,937,420,0,5,0,1,14,NA,82972,93378,00090,167,19,1,1,240.53952084512355,184.21807206187512
13003000004,GA,003,0004,1805,509,598,683,14,0,0,0,1,1236,322,461,442,10,0,0,0,1,NA,59808,92334,00090,167,19,1,1,191.1941143180532,146.4267119411432
13005000DOU,GA,005,DOU,6005,224,4386,1323,4,17,0,6,45,4372,150,3357,823,3,15,0,1,23,NA,01612,90072,00150,169,19,1,1,601.1133467471495,562.9939637826961
1300500NEWL,GA,005,NEWL,1792,70,1513,180,6,1,0,0,22,1318,52,1139,109,5,1,0,0,12,NA,01612,92562,00150,169,19,1,1,181.21395036887995,169.72233400402413
1300500WARE,GA,005,WARE,755,20,718,12,0,1,0,0,4,603,15,577,7,0,1,0,0,3,NA,NA,90072,00150,169,19,1,1,82.90744466800805,77.64989939637827
130050TAYLO,GA,005,TAYLO,1036,17,988,16,4,1,0,1,9,767,11,738,12,2,1,0,0,3,NA,NA,90072,00150,169,19,1,1,105.4560697518444,98.76861167002012
130050WARNO,GA,005,WARNO,515,11,463,31,0,8,0,0,2,395,7,365,17,0,5,0,0,1,NA,NA,92562,00150,169,19,1,1,54.309188464118044,50.86519114688129
1300700000A,GA,007,A,327,0,195,128,0,0,0,0,4,232,0,148,82,0,0,0,0,2,NA,NA,92010,00180,161,12,4,2,58.92063492063492,30.94900371496116
1300700000E,GA,007,E,595,21,290,274,5,0,0,0,5,450,12,234,198,3,0,0,0,3,NA,NA,92160,00180,161,12,4,2,114.28571428571428,60.03039513677811
1300700000H,GA,007,H,594,15,197,379,2,0,0,0,1,410,9,156,242,2,0,0,0,1,NA,NA,92010,00180,161,12,4,2,104.12698412698413,54.69436001350895
1300700000M,GA,007,M,521,4,265,250,1,0,1,0,0,385,4,213,166,1,0,1,0,0,NA,NA,92010,00180,161,12,4,2,97.77777777777777,51.35933806146572
1300700000N,GA,007,N,2037,71,942,1007,1,0,0,2,14,1484,39,731,706,1,0,0,0,7,NA,55244,92160,00180,161,12,4,2,376.88888888888886,197.96690307328603
13009000318,GA,009,318,4185,65,3353,650,9,59,0,11,38,3287,49,2699,452,7,51,0,2,27,NA,51492,92016,00210,122,25,5,3,388.0048886474742,340.8316132536665
13009000319,GA,009,319,2364,81,1187,1073,2,11,0,2,8,1788,53,914,806,1,8,0,0,6,NA,51492,92016,00210,122,25,5,3,211.05955001572372,185.39912518939934
13009000322,GA,009,322,2186,9,1774,395,0,2,2,0,4,1600,7,1315,274,0,2,2,0,0,NA,NA,90786,00210,122,25,5,3,188.86760627805256,165.90525744017842
13009001714,GA,009,1714,1794,24,1337,402,4,9,0,0,18,1313,12,1015,271,3,5,0,0,7,NA,51492,90786,00210,122,25,5,3,154.98947940192687,136.1460018868464
1300900321E,GA,009,321E,2942,29,858,1992,11,20,0,0,32,2035,17,697,1282,9,16,0,0,14,NA,51394,92016,00210,122,25,5,3,240.21598673489808,211.0107493067269
1300900321W,GA,009,321W,5760,38,1719,3882,16,29,0,11,65,4172,23,1417,2666,7,18,0,3,38,NA,51394,92016,00210,122,25,5,3,492.472283370022,432.59795877526517
1300900CTY1,GA,009,CTY1,1699,34,652,986,0,15,0,0,12,1271,25,545,681,0,12,0,0,8,NA,51492,92016,00210,122,25,5,3,150.031704737128,131.79098887904172
1300900CTY2,GA,009,CTY2,3653,38,1841,1688,7,61,0,2,16,3297,37,1704,1489,6,47,0,1,13,NA,51492,92016,00210,122,25,5,3,389.18531118671206,341.8685211126676
1300900CTY3,GA,009,CTY3,1934,14,592,1303,1,13,1,3,7,1360,11,502,831,1,9,1,1,4,NA,51492,92016,00210,122,25,5,3,160.53746533634467,141.01946882415163
1300900CTY4,GA,009,CTY4,6265,47,3346,2783,6,63,0,2,18,6079,46,3262,2693,4,55,0,2,17,NA,51492,92016,00210,122,25,5,3,717.5788616026759,630.3362874867778
1300900CTY5,GA,009,CTY5,2268,29,740,1442,1,42,0,0,14,1480,22,548,872,1,29,0,0,8,NA,51492,92016,00210,122,25,5,3,174.70253580719861,153.46236313216502
1300900CTY6,GA,009,CTY6,2939,69,2047,719,5,92,0,1,6,2278,50,1643,503,5,74,0,0,3,NA,51492,92016,00210,122,25,5,3,268.9002544383773,236.207610280454
1300900MERI,GA,009,MERI,2467,88,1846,501,1,23,0,2,6,1881,54,1456,348,0,17,0,1,5,NA,51492,92016,00210,122,25,5,3,222.03747963063552,195.04236827810973
1300900MONT,GA,009,MONT,4244,42,2628,1508,16,3,0,3,44,3138,24,2032,1042,12,3,0,0,25,NA,51492,93150,00210,122,25,5,3,370.4165928128306,325.38168615454987
13011000001,GA,011,0001,1645,34,1550,37,0,7,0,0,17,1209,17,1148,25,0,6,0,0,13,NA,50484,91956,00240,22,47,6,9,139.22919406349803,121.17255307157619
13011000002,GA,011,0002,1040,32,983,9,1,4,5,1,5,786,20,745,7,1,2,5,1,5,NA,04980,90198,00240,22,47,6,9,90.51625023482998,78.77719331204209
13011000003,GA,011,0003,390,3,368,18,0,0,0,0,1,288,2,273,12,0,0,0,0,1,NA,39720,91524,00240,22,47,6,9,33.16625962802931,28.864925793725345
13011000004,GA,011,0004,1029,71,928,26,3,0,0,0,1,761,58,677,22,3,0,0,0,1,NA,NA,90888,00240,22,47,6,9,87.63723464211911,76.27155739244786
13011000005,GA,011,0005,445,0,420,20,0,4,0,0,1,339,0,326,10,0,2,0,0,1,NA,NA,90198,00240,22,47,6,9,39.0394514371595,33.97642306969754
13011000006,GA,011,0006,1804,33,1584,134,7,34,0,2,10,1283,20,1132,96,5,22,0,1,7,NA,NA,90888,00240,22,47,6,9,147.75108021792224,128.58923539357505
13011000007,GA,011,0007,1594,196,1331,35,3,12,2,0,15,1167,124,997,23,3,9,2,0,9,NA,01948,90198,00240,22,47,6,9,134.39244786774375,116.9630847266579
13011000008,GA,011,0008,630,7,609,2,3,8,0,0,1,466,5,452,1,2,5,0,0,1,NA,32860,91956,00240,22,47,6,9,53.66485064813075,46.70505354123614
13011000009,GA,011,0009,755,20,726,8,0,0,0,0,1,587,12,566,8,0,0,0,0,1,NA,NA,90198,00240,22,47,6,9,67.5992861168514,58.83233139207214
13011000010,GA,011,0010,1743,29,1564,122,10,8,0,0,10,1293,22,1166,87,8,2,0,0,8,NA,39720,91524,00240,22,47,6,9,148.90268645500657,129.59148976141273
13011000011,GA,011,0011,1881,33,1803,25,6,5,1,0,8,1374,14,1326,19,4,5,0,0,6,NA,47896,91956,00240,22,47,6,9,158.23069697538983,137.709750140898
13011000012,GA,011,0012,600,32,552,3,5,0,0,0,8,446,12,423,3,1,0,0,0,7,NA,39720,91524,00240,22,47,6,9,51.36163817396205,44.700544805560774
13011000013,GA,011,0013,866,3,838,20,0,5,0,0,0,647,3,625,16,0,3,0,0,0,NA,NA,90198,00240,22,47,6,9,74.5089235393575,64.84585759909825
13013000001,GA,013,01,1640,15,1588,18,3,8,0,0,8,1221,10,1187,10,3,4,0,0,7,NA,10076,90162,00290,86,45,6,9,111.15799993942882,110.3814470456404
13013000002,GA,013,02,2725,44,2493,52,7,88,0,1,40,1894,27,1759,27,6,47,0,0,28,NA,83420,93390,00290,86,45,6,9,172.42690572094853,171.22232653926525
13013000003,GA,013,03,3783,180,3161,123,6,240,1,2,70,2490,118,2118,86,4,132,0,0,32,NA,04140,90162,00290,86,45,6,9,226.68584754232413,225.1022138768588
13013000004,GA,013,04,5324,157,4566,285,20,201,1,13,81,3743,113,3253,191,19,119,1,10,37,NA,13184,90162,00290,86,45,6,9,340.75707925739727,338.3765407795512
13013000005,GA,013,05,3619,271,3077,135,6,100,0,1,29,2675,179,2325,102,5,49,0,0,15,NA,07612,90264,00290,86,45,6,9,243.52796874526786,241.82667555044065
13013000006,GA,013,06,3341,104,2795,337,4,49,1,2,49,2462,56,2129,222,4,28,1,1,21,NA,83420,93390,00290,86,46,6,9,224.13676973863534,222.57094400193827
13013000007,GA,013,07,4352,69,3325,846,18,45,1,2,46,3144,46,2455,588,11,25,1,0,18,NA,73312,92850,00290,86,46,6,9,286.22502195705505,284.225445955359
13013000008,GA,013,08,3527,47,3340,86,5,25,1,0,23,2628,35,2492,61,5,22,1,0,12,NA,73312,93390,00290,86,46,6,9,239.24915957479027,237.57775826039554
13013000009,GA,013,09,1470,160,1238,38,8,10,0,0,16,1064,102,914,24,5,8,0,0,11,NA,83420,93390,00290,86,46,6,9,96.86495654017385,96.18825524697903
13013000010,GA,013,10,4840,83,3018,1585,12,68,6,1,67,3378,56,2170,1071,9,42,3,1,26,NA,83420,93390,00290,86,46,6,9,307.52802931645414,305.3796299100518
13013000011,GA,013,11,3593,97,2834,507,13,105,0,2,35,2542,65,2035,356,6,63,0,2,15,NA,83420,90264,00290,86,45,6,9,231.41984917774616,229.80314364456828
13013000012,GA,013,12,4018,140,3741,84,7,11,3,3,29,2774,90,2591,60,6,7,2,2,16,NA,04140,90162,00290,86,45,6,9,252.54077955116753,250.7765226081953
13013000013,GA,013,13,3912,93,3367,360,10,50,1,0,31,3004,64,2644,248,8,22,0,0,18,NA,83420,93390,00290,86,46,6,9,273.47963293861113,271.56909658075654
13015000001,GA,015,01,6773,111,5850,683,16,54,4,0,55,4819,73,4210,456,14,42,2,0,22,NA,00436,90024,00330,13,52,11,11,466.516472090478,353.6453301714703
13015000002,GA,015,02,6288,214,5686,246,17,54,0,2,69,4579,134,4169,181,14,36,0,2,43,NA,00408,91080,00330,14,52,11,7,443.28261583363735,336.0327800072966
13015000003,GA,015,03,8497,593,6107,1614,21,62,5,11,84,5973,410,4390,1060,14,48,2,7,42,NA,13688,90570,00900,14,31,11,11,578.2325975921196,438.33234221087196
13015000004,GA,015,04,7428,567,5651,1068,16,65,2,4,55,5834,368,4626,747,13,56,2,2,20,NA,13688,90570,00900,14,31,11,11,564.7763225100329,428.1317402407881
13015000005,GA,015,05,10078,310,8879,760,25,34,4,12,54,7204,196,6407,518,15,27,4,5,32,NA,13688,90570,00330,27,52,11,7,697.4029186428311,528.670047427946
13015000006,GA,015,06,3024,46,2870,37,8,24,1,3,35,2215,33,2112,24,6,18,1,1,20,NA,13688,90570,00330,14,52,11,7,214.42913170375778,162.54916089018607
13015000007,GA,015,07,3815,76,3463,210,15,10,1,0,40,2791,47,2537,163,13,8,1,0,22,NA,27344,91080,00330,14,52,11,7,270.1903867201751,204.81928128420284
13015000008,GA,015,08,3899,111,3445,272,16,20,0,2,33,2515,60,2264,162,9,10,0,0,10,NA,27988,91104,00330,27,31,11,7,243.47145202480846,184.56484859540313
13015000009,GA,015,09,1710,3,1691,4,5,3,0,0,4,1250,3,1236,4,4,2,0,0,1,NA,00436,93360,00330,13,52,11,11,121.00966800437797,91.73203210507114
13015000010,GA,015,10,3129,41,2820,234,6,1,1,3,23,2303,29,2087,166,4,1,1,1,14,NA,43668,91656,00330,27,52,11,11,222.94821233126595,169.00709595038307
13015000011,GA,015,11,7757,128,6919,627,13,7,0,9,54,5453,69,4892,439,13,5,0,3,32,NA,13688,90570,00330,14,31,11,11,527.8925757022985,400.1718168551624
13015000012,GA,015,12,2284,32,2207,21,5,0,0,0,19,1671,15,1625,14,5,0,0,0,12,NA,NA,93360,00330,14,52,11,11,161.76572418825245,122.6273805180591
13015000014,GA,015,14,3126,34,2959,99,7,5,0,6,16,2175,26,2064,64,5,5,0,2,9,NA,75664,91104,00330,27,31,11,7,210.55682232761765,159.61373586282377
13015000015,GA,015,15,2974,57,2812,47,9,19,1,0,29,2111,42,1991,33,9,14,1,0,21,NA,82468,93360,00330,14,52,11,11,204.36112732579352,154.91705581904415
13015000016,GA,015,16,5237,201,4285,636,13,23,1,7,71,3927,126,3307,431,11,19,1,0,32,NA,13688,90570,00330,14,31,11,11,380.16397300255386,288.1853520612915
13017000001,GA,017,1,5854,219,2364,3194,9,15,0,1,52,4197,154,1799,2191,9,10,0,0,34,NA,29528,91176,00360,156,19,1,1,622.5136094674556,436.09065088757393
13017000002,GA,017,2,9409,432,7018,1873,20,23,0,4,39,6949,325,5398,1167,14,19,0,1,25,NA,29528,91176,00360,156,19,1,1,1030.699802761341,722.0381065088757
13017000003,GA,017,3,311,5,285,7,1,4,0,0,9,229,2,212,7,1,3,0,0,4,NA,NA,91776,00360,156,19,1,1,33.966074950690334,23.794319526627216
13017000004,GA,017,4,1910,144,1151,599,1,7,0,0,8,1300,84,878,328,1,4,0,0,5,NA,29528,91176,00360,156,19,1,1,192.82051282051282,135.07692307692307
13019000518,GA,019,518,1641,3,1183,444,1,0,1,0,9,1231,3,915,303,1,0,1,0,8,NA,01024,90054,00390,166,7,1,1,169.46964693929388,120.37973075946152
13019001144,GA,019,1144,1655,25,1414,172,2,20,0,0,22,1168,18,1015,107,2,10,0,0,16,NA,63728,92442,00390,166,7,1,1,160.7965455930912,114.21894843789688
13019001148,GA,019,1148,360,19,315,20,2,0,1,0,3,267,12,238,13,2,0,1,0,1,NA,NA,92130,00390,166,7,1,1,36.75742951485903,26.10998221996444
13019001157,GA,019,1157,7982,140,6655,1049,32,21,1,12,72,5861,84,5034,658,19,13,1,7,45,NA,54264,92130,00390,166,7,1,1,806.8737617475235,573.1483362966726
13019001329,GA,019,1329,668,6,647,11,3,0,0,0,1,483,2,470,8,2,0,0,0,1,NA,NA,92442,00390,166,7,1,1,66.49377698755397,47.23266446532893
13019001427,GA,019,1427,775,5,755,13,0,0,2,0,0,550,3,540,7,0,0,0,0,0,NA,NA,91092,00390,166,7,1,1,75.71755143510286,53.78460756921513
13019001642,GA,019,1642,1617,134,1329,125,1,4,8,2,14,1092,58,938,78,0,4,4,0,10,NA,27596,91092,00390,166,7,1,1,150.33375666751334,106.78689357378715
13019001767,GA,019,1767,853,39,798,8,0,1,0,0,7,656,34,611,5,0,1,0,0,5,NA,NA,92130,00390,166,7,1,1,90.31038862077723,64.1503683007366
13019001819,GA,019,1819,684,13,665,1,1,1,0,0,3,503,6,491,1,1,1,0,0,3,NA,NA,91092,00390,166,7,1,1,69.24714249428499,49.188468376936754
13021000EM1,GA,021,EM1,2604,31,114,2424,6,2,0,0,27,1707,22,105,1567,1,0,0,0,12,NA,49000,91890,00420,124,26,1,3,351.49043990206053,226.04088145478553
13021000EM2,GA,021,EM2,3022,16,434,2548,0,2,11,1,10,2120,8,373,1721,0,2,8,0,8,NA,49000,91890,00420,124,26,1,3,436.53177070437516,280.7303272900676
13021000EM3,GA,021,EM3,2838,11,137,2665,9,1,1,1,13,2005,6,111,1872,6,1,0,0,9,NA,49000,91890,00420,124,26,1,3,412.85198125578876,265.5020312342384
13021000EM4,GA,021,EM4,2743,53,1266,1348,13,38,0,1,24,2193,37,1110,988,5,36,0,0,17,NA,49000,91890,00420,124,26,1,3,451.56328922391265,290.39698478637655
13021000EM5,GA,021,EM5,2134,10,388,1723,0,3,0,1,9,1493,5,354,1128,0,3,0,0,3,NA,49000,91890,00420,124,26,1,3,307.42544040643025,197.70300879437306
13021000EM6,GA,021,EM6,2037,19,209,1792,1,0,0,4,12,1516,11,188,1309,1,0,0,0,7,NA,49000,91890,00420,124,26,1,3,312.1613982961475,200.7486680055389
13021000EM7,GA,021,EM7,2821,51,1391,1344,3,5,0,3,24,1980,37,1078,843,1,3,0,1,17,NA,49000,92922,00420,125,26,1,3,518.5,149.5
13021000EM8,GA,021,EM8,2684,37,568,2058,3,9,1,1,7,1980,24,469,1471,3,7,1,1,4,NA,49000,92922,00420,124,26,1,3,518.5,149.5
13021000EM9,GA,021,EM9,2078,22,1043,984,0,5,0,0,24,1649,20,921,688,0,5,0,0,15,NA,49000,91890,00420,126,26,1,3,339.5475895714692,218.36052344401955
13021000GF1,GA,021,GF1,3757,31,418,3277,3,6,0,2,20,2727,25,374,2306,3,5,0,2,12,NA,49000,91890,00420,124,18,1,3,561.519876750392,361.10924647170486
13021000GF2,GA,021,GF2,3064,33,339,2654,4,4,0,3,27,2148,23,293,1806,4,4,0,2,16,NA,49000,91890,00420,124,26,1,3,442.29728465707444,284.4380863297477
13021000GF3,GA,021,GF3,2741,22,84,2619,2,1,0,8,5,1853,17,69,1758,2,1,0,3,3,NA,49000,91890,00420,127,26,1,3,381.55347694113544,245.3741964474034
13021000GF4,GA,021,GF4,3735,34,1071,2579,6,26,0,0,19,2464,25,893,1511,6,17,0,0,12,NA,49000,91890,00420,124,26,1,3,507.36522783753793,326.28279549185214
13021000GF5,GA,021,GF5,3310,44,1606,1606,10,9,0,5,30,2314,26,1268,991,7,5,0,1,16,NA,49000,91890,00420,125,18,1,3,476.47854594807745,306.41980063642285
13021000GF6,GA,021,GF6,2342,23,1003,1293,2,4,0,1,16,1690,19,830,826,1,4,0,0,10,NA,49000,91890,00420,127,26,1,3,347.9899492879217,223.7897420378369
13021000GF7,GA,021,GF7,3162,33,361,2744,2,9,0,1,12,2078,18,317,1723,2,9,0,0,9,NA,49000,91890,00420,127,26,1,3,427.88349977532624,275.1686887305474
13021000GF8,GA,021,GF8,3123,67,1373,1646,7,6,0,0,24,2212,37,1146,1011,6,3,0,0,9,NA,49000,91890,00420,127,26,1,3,455.47560226324435,292.91296413473094
13021000GF9,GA,021,GF9,4524,62,1309,3092,11,4,2,1,43,2801,31,1057,1681,10,4,2,0,16,NA,49000,91890,00420,125,26,1,3,576.7573064825259,370.9083239337167
13021000HA1,GA,021,HA1,4113,94,992,2950,8,47,1,4,17,2813,65,833,1863,5,36,1,1,9,NA,49000,91890,00420,127,26,1,3,579.2282410336827,372.49736352215103
13021000HA2,GA,021,HA2,5550,77,4413,914,9,81,0,4,52,3874,57,3149,578,8,54,0,2,26,NA,NA,91890,00420,125,27,1,3,797.7000375984667,512.9949471328877
13021000HA3,GA,021,HA3,5694,112,3700,1702,9,111,0,1,59,4283,77,2954,1125,8,88,0,1,30,NA,49000,91794,00420,125,27,1,3,881.9177235503956,567.1547131053583
13021000HA4,GA,021,HA4,1965,7,1814,112,3,21,0,1,7,1534,6,1417,83,3,19,0,0,6,NA,NA,91794,00420,128,27,1,3,315.8678001228828,203.13222738819042
13021000HA5,GA,021,HA5,3321,79,941,2266,3,16,0,1,15,2256,56,750,1427,2,12,0,0,9,NA,49000,91890,00420,127,26,1,3,464.535695617486,298.7394426256568
13021000HA6,GA,021,HA6,2840,35,981,1791,10,11,0,0,12,1908,29,809,1048,5,10,0,0,7,NA,49000,91890,00420,125,26,1,3,392.87859363393767,252.65729456106084
13021000HA7,GA,021,HA7,1996,36,1528,369,1,41,0,4,17,1469,25,1143,259,1,35,0,0,6,NA,NA,91890,00420,125,27,1,8,302.48357130411654,194.52492961750437
13021000HO1,GA,021,HO1,2362,38,1802,458,14,32,4,3,11,1850,29,1437,326,13,31,4,2,8,NA,49000,91890,00420,126,27,1,8,380.9357433033462,244.97693655029482
13021000HO2,GA,021,HO2,4084,72,3469,343,1,146,2,0,51,2986,39,2578,239,1,97,2,0,30,NA,49000,91890,00420,125,27,1,8,614.8508808128605,395.4060175887461
13021000HO3,GA,021,HO3,5912,104,4013,1367,4,351,1,4,68,4389,73,3116,894,4,259,1,4,38,NA,49000,91890,00420,126,27,1,8,903.7443120856144,581.1912294698616
13021000HO4,GA,021,HO4,1925,17,1595,265,6,26,3,1,12,1524,12,1282,196,4,21,1,1,7,NA,49000,91890,00420,126,27,1,3,313.80868799691876,201.8080277311618
13021000HO5,GA,021,HO5,2119,33,1841,182,0,46,1,0,16,1742,26,1541,124,0,36,1,0,14,NA,49000,91890,00420,126,27,1,3,358.6973323429347,230.67558025438572
13021000HO6,GA,021,HO6,2089,41,1621,335,8,46,1,5,32,1649,32,1323,232,4,33,1,4,20,NA,49000,91890,00420,126,27,1,8,339.5475895714692,218.36052344401955
13021000HO7,GA,021,HO7,2823,34,2505,211,2,61,1,0,9,2315,26,2078,160,2,42,1,0,6,NA,49000,91890,00420,126,27,1,8,476.68445716067384,306.55222060212566
13021000HO8,GA,021,HO8,3195,29,2907,170,2,70,2,4,11,2343,25,2132,128,2,44,2,2,8,NA,49000,91890,00420,126,27,1,8,482.4499711133731,310.25997964180584
13021000HO9,GA,021,HO9,2806,40,2581,70,1,100,0,0,14,1984,23,1835,51,1,68,0,0,6,NA,49000,91890,00420,126,27,1,8,408.5278457912643,262.72121195447835
13021000MC1,GA,021,MC1,2352,10,698,1619,4,2,0,1,18,1725,4,599,1110,3,2,0,0,7,NA,49000,91890,00420,126,26,1,3,355.19684172879585,228.4244408374371
13021000MC2,GA,021,MC2,2481,19,299,2126,1,9,1,6,20,1736,12,254,1450,1,9,1,1,8,NA,49000,91890,00420,127,26,1,3,357.46186506735626,229.88106046016856
13021000MC3,GA,021,MC3,2187,13,37,2119,1,3,0,0,14,1569,12,31,1516,1,3,0,0,6,NA,49000,91890,00420,127,26,1,3,323.0746925637569,207.7669261877906
13021000RU1,GA,021,RU1,5805,61,5173,486,14,38,1,1,31,4396,47,3940,348,12,28,1,0,20,NA,49000,92634,00420,125,27,1,3,905.1856905737893,582.1181692297816
13021000RU2,GA,021,RU2,4453,121,3996,260,15,21,0,1,39,3341,81,3032,181,11,16,0,0,20,NA,49000,92634,00420,125,18,1,3,687.9493612845837,442.41510541326215
13021000VV1,GA,021,VV1,4365,32,2566,1603,28,98,1,1,36,3929,27,2461,1293,28,93,1,1,25,NA,49000,91890,00420,124,26,1,3,809.0251542912689,520.278045246545
13021000VV2,GA,021,VV2,1435,35,79,1314,2,0,0,0,5,1056,25,69,957,1,0,0,0,4,NA,49000,91890,00420,127,26,1,3,217.442240501802,139.83548378222235
13021000VV3,GA,021,VV3,2808,29,373,2373,0,16,0,2,15,2069,18,345,1678,0,16,0,2,10,NA,49000,91890,00420,127,26,1,3,426.0302988619586,273.97690903922165
13021000VV4,GA,021,VV4,3067,14,542,2481,2,4,0,3,21,2236,8,489,1719,2,4,0,3,11,NA,49000,91890,00420,127,26,1,3,460.417471365558,296.0910433115996
13021000VV5,GA,021,VV5,2979,7,578,2369,1,4,0,0,20,2047,4,508,1516,1,4,0,0,14,NA,49000,91890,00420,126,26,1,3,421.50025218483773,271.06366979375866
13021000VV6,GA,021,VV6,2652,13,2432,155,0,37,1,1,13,2157,11,1994,111,0,30,1,0,10,NA,49000,91890,00420,126,27,1,3,444.1504855704421,285.6298660210735
13021000VV7,GA,021,VV7,1898,24,1215,628,3,12,0,2,14,1548,19,1067,443,3,8,0,0,8,NA,49000,91890,00420,126,26,1,3,318.7505570992324,204.98610690803048
13021000VV8,GA,021,VV8,2343,87,1308,905,5,12,0,1,25,1764,55,1096,587,3,9,0,0,14,NA,49000,91890,00420,126,27,1,3,363.2273790200556,233.58881949984868
13021000VV9,GA,021,VV9,2167,49,1526,527,4,21,0,2,38,1725,33,1306,339,4,15,0,0,28,NA,49000,91890,00420,126,27,1,3,355.19684172879585,228.4244408374371
13021000WA1,GA,021,WA1,2953,29,2431,460,9,10,0,5,9,2239,22,1857,338,7,7,0,2,6,NA,NA,91794,00420,128,27,1,3,461.0352050033472,296.4883032087082
13021000WA2,GA,021,WA2,4429,33,3192,1177,3,5,0,1,18,3621,23,2570,1010,3,5,0,1,9,NA,NA,91794,00420,125,27,1,3,745.6045008115767,479.49269581006354
13023000001,GA,023,1,11666,107,8505,2865,11,102,3,7,66,8565,76,6503,1870,8,64,3,2,39,NA,17328,90708,00440,142,18,1,3,1438,1290
13025000001,GA,025,1,697,2,689,0,0,0,0,0,6,499,2,493,0,0,0,0,0,4,NA,NA,92124,00480,169,6,3,1,69.25267073636017,39.79053796260969
13025000002,GA,025,2,1875,13,1751,100,1,2,0,0,8,1299,9,1222,59,1,1,0,0,7,NA,NA,93306,00480,169,6,3,1,180.2789965661961,103.58298359404807
13025000003,GA,025,3,3098,21,2890,142,3,2,0,0,40,2154,13,2007,104,2,2,0,0,26,NA,NA,93306,00480,169,6,3,1,298.93838229683325,171.76115986264784
13025000004,GA,025,4,1134,13,1095,5,0,1,0,0,20,819,11,790,5,0,1,0,0,12,NA,NA,92124,00480,169,6,3,1,113.66320106829454,65.30751621518505
13025000005,GA,025,5,1061,4,1045,1,1,1,0,2,7,765,2,754,1,1,1,0,1,5,NA,NA,92124,00480,169,6,3,1,106.16892407478062,61.00152613506295
13025000006,GA,025,6,1709,24,1565,92,1,2,0,1,24,1212,13,1124,61,1,2,0,0,11,NA,39216,91500,00480,169,6,3,1,168.20488363220144,96.64555513162915
13025000007,GA,025,7,776,8,755,0,3,0,0,0,10,590,6,574,0,3,0,0,0,7,NA,NA,91500,00480,169,6,3,1,81.88191529950402,47.04692865318581
13025000008,GA,025,8,2035,38,1973,5,4,1,0,0,14,1506,21,1466,4,4,1,0,0,10,NA,NA,91500,00480,169,6,3,1,209.00705837466617,120.08927890118275
13025000009,GA,025,9,2244,29,1949,234,7,4,1,0,20,1640,19,1449,150,5,2,1,0,14,NA,54124,92124,00480,169,6,3,1,227.60396795116367,130.77451354444867
13027000659,GA,027,659,810,6,685,107,3,0,0,0,9,625,4,540,73,3,0,0,0,5,NA,NA,91086,00540,178,8,4,2,86.85031185031185,63.929313929313935
13027000660,GA,027,660,1631,82,931,604,2,4,0,0,8,1176,54,716,397,2,3,0,0,4,NA,53032,92088,00540,178,8,4,2,163.41754677754676,120.28939708939708
13027000790,GA,027,790,197,33,143,18,3,0,0,0,0,156,27,113,14,2,0,0,0,0,NA,NA,90234,00540,178,8,4,2,21.67783783783784,15.956756756756755
13027001198,GA,027,1198,440,4,141,293,0,0,0,0,2,305,4,99,200,0,0,0,0,2,NA,NA,90948,00540,178,8,4,2,42.38295218295219,31.197505197505198
13027001199,GA,027,1199,6548,161,2442,3859,8,25,0,5,48,4609,106,1980,2468,7,17,0,1,30,NA,63224,92436,00540,178,8,4,2,640.4689397089397,471.4403326403326
13027001230,GA,027,1230,565,41,373,124,0,2,0,0,25,461,28,315,95,0,1,0,0,22,NA,05708,90234,00540,178,8,4,2,64.06079002079002,47.154261954261955
13027001402,GA,027,1402,890,6,390,490,0,0,0,1,3,647,4,294,347,0,0,0,0,2,NA,NA,90948,00540,178,8,4,2,89.90744282744282,66.17962577962578
13027001412,GA,027,1412,539,4,400,133,0,0,0,0,2,402,1,320,79,0,0,0,0,2,NA,NA,91086,00540,178,8,4,2,55.86212058212058,41.11933471933472
13027001571,GA,027,1571,856,57,564,216,4,1,0,2,12,656,48,443,157,1,1,0,1,5,NA,NA,90222,00540,178,8,4,2,91.15808731808733,67.1002079002079
13027001650,GA,027,1650,3027,36,2622,335,10,6,1,0,17,2276,23,2035,192,6,5,0,0,15,NA,NA,92088,00540,178,8,4,2,316.2740956340956,232.8049896049896
13027001712,GA,027,1712,947,75,612,250,5,0,0,0,5,712,61,474,172,4,0,0,0,1,NA,59556,90234,00540,178,8,4,2,98.93987525987527,72.82827442827443
13029000001,GA,029,1,3985,52,2672,1185,5,11,8,5,47,2736,33,1910,753,5,6,6,3,20,NA,60004,92346,00570,147,3,3,12,241.39485023646873,209.90856542301628
13029000002,GA,029,2,3432,21,2967,390,14,3,4,1,32,2450,15,2128,272,12,2,4,0,17,NA,NA,92346,00570,147,3,3,12,216.16132422490804,187.9663688912244
13029000003,GA,029,3,1492,12,1282,171,2,0,0,0,25,1088,7,950,114,2,0,0,0,15,NA,NA,92346,00570,147,3,3,12,95.99327377824488,83.4724119810825
13029000004,GA,029,4,5320,201,4114,802,21,88,2,11,81,3490,103,2770,495,16,63,2,3,38,NA,65044,92514,00570,147,1,3,12,307.9196006305833,267.7561744613768
13029000005,GA,029,5,3407,56,3109,177,6,28,0,3,28,2361,43,2161,117,5,20,0,1,14,NA,NA,92514,00570,154,1,3,1,208.30893326326853,181.13820283762482
13029000006,GA,029,6,1991,47,1595,304,3,12,1,0,29,1365,32,1081,215,3,12,1,0,21,NA,65044,92514,00570,154,1,3,12,120.43273778244877,104.72411981082502
13029000007,GA,029,7,3790,76,3399,243,18,32,1,2,19,2638,51,2367,168,11,29,1,1,10,NA,65044,92514,00570,154,1,3,1,232.7483972674724,202.3899106673673
13029ZZZZZZ,GA,029,ZZZZZZ,0,0,0,0,0,0,0,0,0,0,0,0,0,0,0,0,0,0,NA,65044,91236,00003,154,3,3,12,0,0
13031000001,GA,031,1,463,4,417,40,0,0,0,0,2,371,4,336,29,0,0,0,0,2,NA,NA,92400,00630,146,4,3,12,35.76705054823805,33.76293588947889
13031000002,GA,031,2,1816,9,1580,215,0,5,0,0,7,1300,6,1134,151,0,5,0,0,4,NA,NA,92844,00630,146,4,3,12,125.32928763533549,118.30678344022252
13031000003,GA,031,3,2680,25,1814,822,7,2,0,1,9,1878,16,1304,548,5,2,0,0,3,NA,NA,92844,00630,146,4,3,12,181.05261706089235,170.90779946210606
13031000004,GA,031,4,2734,36,2211,466,6,9,0,0,6,2034,20,1679,317,5,9,0,0,4,NA,11000,90426,00630,145,4,3,12,196.09213157713262,185.10461347493276
13031000005,GA,031,5,3767,35,3327,376,11,5,0,3,10,2599,20,2317,247,6,4,0,1,4,NA,NA,92142,00630,145,4,3,12,250.56216812633613,236.5225616624141
13031000006,GA,031,6,1639,15,1462,149,3,5,1,0,4,1211,13,1080,107,3,3,1,0,4,NA,NA,92142,00630,145,4,3,12,116.74905178953175,110.20731903546881
13031000007,GA,031,7,1366,5,1136,215,2,0,0,2,6,1001,4,844,147,2,0,0,0,4,NA,NA,92142,00630,145,4,3,12,96.50355147920833,91.09622324897134
13031000008,GA,031,8,561,6,462,88,0,3,0,0,2,425,3,347,71,0,3,0,0,1,NA,NA,92472,00630,145,4,3,12,40.97303634232122,38.67721766314967
13031000009,GA,031,9,1127,8,669,441,2,3,0,0,4,778,4,493,273,2,3,0,0,3,NA,64372,92472,00630,145,4,3,12,75.00475829253155,70.80205962807162
13031000010,GA,031,10,2460,68,1775,596,2,7,0,3,9,1716,44,1277,380,2,5,0,0,8,NA,NA,90426,00630,145,4,3,12,165.43465967864284,156.16495414109372
13031000011,GA,031,11,9563,131,5117,4160,6,87,4,2,56,7222,105,4061,2946,4,68,3,1,34,NA,73256,92844,00630,145,4,3,12,696.2523963864561,657.2396846194515
13031000012,GA,031,12,3147,142,1923,1058,5,4,1,1,13,2220,108,1445,648,5,4,1,0,9,NA,62216,92400,00630,145,4,3,12,214.02386042341908,202.0315840286877
13031000013,GA,031,13,16607,490,11394,4265,11,268,7,23,149,14939,415,10289,3828,11,243,7,19,127,NA,73256,92844,00630,146,4,3,12,1440.2263292186747,1359.5269521642185
13031000014,GA,031,14,8053,78,4711,3109,5,58,2,12,78,5809,54,3712,1945,5,47,1,4,41,NA,73256,92844,00630,146,4,3,12,560.02910144128,528.6493115417328
13033000001,GA,033,0001,749,8,451,280,7,0,0,0,3,519,7,335,169,7,0,0,0,1,NA,NA,93300,00660,116,23,5,12,60.05848195769391,28.414765657403567
13033000002,GA,033,0002,2430,92,1749,515,4,18,1,4,47,1740,61,1306,321,3,17,0,3,29,NA,38040,91362,00660,116,23,5,12,201.35213604313563,95.26337619245126
13033000003,GA,033,0003,1439,23,678,728,5,0,0,0,5,998,13,513,466,4,0,0,0,2,NA,32916,91296,00660,116,23,5,12,162.63017934446506,83.6295609152752
13033000004,GA,033,0004,749,11,178,550,4,0,0,0,6,534,5,129,396,1,0,0,0,3,NA,NA,93198,00660,116,23,5,12,61.79427623392783,29.23600165906263
13033000005,GA,033,0005,1629,15,1021,564,13,3,0,0,13,1160,13,750,377,6,3,0,0,11,NA,04204,91362,00660,116,23,5,12,189.0290661719233,97.20470006184291
13033000006,GA,033,0006,1006,9,639,340,1,6,1,2,8,708,5,457,234,1,6,1,1,3,NA,43360,91644,00660,116,23,5,12,81.9294898382414,38.762339278307756
13033000007,GA,033,0007,791,0,228,552,0,0,0,0,11,572,0,187,381,0,0,0,0,4,NA,51240,91992,00660,116,23,5,12,66.19162173372045,31.31646619659892
13033000008,GA,033,0008,358,4,134,216,0,1,1,0,2,250,2,98,150,0,0,0,0,0,NA,NA,93300,00660,116,23,5,12,28.929904603898798,13.68726669431771
13033000009,GA,033,0009,1737,11,863,858,0,0,0,3,2,1157,4,641,510,0,0,0,1,1,NA,68740,92694,00660,116,23,5,12,133.88759850684363,63.34467026130236
13033000010,GA,033,0010,326,1,90,231,0,0,0,0,4,228,1,63,161,0,0,0,0,3,NA,NA,91992,00660,116,23,5,12,26.384072998755705,12.482787225217754
13033000011,GA,033,0011,1582,33,548,987,1,0,0,0,13,1076,16,417,630,1,0,0,0,12,NA,04204,91362,00660,116,23,5,12,175.34075448361165,90.1657390228819
13033000012,GA,033,0012,407,1,174,223,2,3,0,0,4,297,1,136,153,2,2,0,0,3,NA,43360,91644,00660,116,23,5,12,34.36872666943177,16.26047283284944
13033000013,GA,033,0013,410,8,163,232,0,4,0,0,3,280,3,117,157,0,2,0,0,1,NA,79416,93198,00660,116,23,5,12,32.401493156366655,15.329738697635836
13033000014,GA,033,0014,4208,56,917,3186,5,4,0,2,38,2704,38,691,1943,4,4,0,2,22,NA,80984,93300,00660,116,23,5,12,312.9058481957694,148.04147656574037
13033000015,GA,033,0015,4422,44,2503,1823,7,12,0,1,32,3066,27,1895,1113,7,7,0,0,17,NA,80984,93300,00660,116,23,5,12,354.79635006221486,167.8606387391124
1303500001A,GA,035,1A,2792,29,2654,83,11,2,1,1,11,2192,23,2100,50,10,2,1,0,6,NA,NA,91182,00690,109,17,5,8,288.65843621399176,221.8174458611617
1303500001B,GA,035,1B,1832,19,1535,241,10,1,0,0,26,1333,14,1117,181,7,1,0,0,13,NA,30312,91182,00690,109,17,5,8,175.53909465020575,134.8917223234163
1303500002A,GA,035,2A,1488,21,549,907,8,0,0,0,3,1044,14,395,625,8,0,0,0,2,NA,30312,91182,00690,109,17,5,13,137.4814814814815,105.64663023679417
1303500002B,GA,035,2B,1102,9,328,755,0,0,0,1,9,820,5,260,550,0,0,0,0,5,NA,41596,91572,00690,109,17,5,13,107.9835390946502,82.97915401740538
1303500003A,GA,035,3A,3938,77,2603,1184,21,15,1,1,36,3327,58,2139,1069,20,12,1,1,27,NA,41596,91602,00690,109,17,5,8,438.12345679012344,336.6727383120826
1303500003B,GA,035,3B,1745,43,1380,285,3,15,0,3,16,1283,33,1042,188,3,9,0,0,8,NA,41596,91572,00690,109,17,5,13,168.95473251028807,129.8320178101599
1303500004A,GA,035,4A,1158,23,430,694,4,0,0,0,7,791,15,303,467,3,0,0,0,3,NA,41596,91572,00690,109,17,5,13,104.16460905349794,80.04452539971665
1303500004B,GA,035,4B,1640,13,596,1008,1,6,1,0,15,1214,9,484,705,1,4,1,0,10,NA,41596,91572,00690,109,17,5,13,159.86831275720166,122.84962558186602
1303500005A,GA,035,5A,1464,14,1138,283,12,5,1,0,11,1074,7,861,187,6,4,1,0,8,NA,42156,91602,00690,109,17,5,13,141.4320987654321,108.68245294474802
1303500005B,GA,035,5B,2363,29,2153,161,2,6,0,0,12,1745,18,1597,117,2,4,0,0,7,NA,41596,91182,00690,109,17,5,8,229.79423868312756,176.58368751264925
13037000001,GA,037,1,987,20,379,581,6,0,0,0,1,728,6,300,419,2,0,0,0,1,NA,45600,91710,00750,159,12,4,2,138.9482233502538,70.0653807106599
13037000002,GA,037,2,2139,124,883,1122,0,1,0,0,9,1940,120,768,1043,0,1,0,0,8,NA,52696,92076,00750,159,12,4,2,370.2741116751269,186.71269035532995
13037000003,GA,037,3,1136,7,351,773,0,0,0,0,5,833,4,290,536,0,0,0,0,3,NA,26448,91038,00750,159,12,4,2,158.98883248730965,80.17096446700508
13037000004,GA,037,4,1081,26,430,618,1,0,0,0,6,766,20,331,410,1,0,0,0,4,NA,26448,91038,00750,159,12,4,2,146.2010152284264,73.72263959390862
13037000005,GA,037,5,977,12,325,632,2,3,0,0,3,658,5,250,396,2,3,0,0,2,NA,02928,90120,00750,159,12,4,2,125.58781725888325,63.32832487309644
13039000001,GA,039,01,1266,11,893,348,9,0,0,0,5,915,7,654,246,6,0,0,0,2,NA,NA,93408,00780,175,7,3,1,59.50321802091713,44.16733708769107
13039000002,GA,039,02,1540,5,1028,477,3,3,0,2,22,1139,5,782,337,2,2,0,0,11,NA,NA,93408,00780,175,7,3,1,74.0701260391526,54.9798873692679
13039000003,GA,039,03,2558,39,1452,1034,6,11,1,0,15,1819,24,1072,699,5,9,1,0,9,NA,83868,93408,00780,175,7,3,1,118.29109680879593,87.8037007240547
13039000004,GA,039,04,1124,17,981,95,4,2,0,14,11,777,6,683,70,3,2,0,8,5,NA,NA,91650,00780,175,7,3,1,50.52896218825422,37.50603378921963
13039000005,GA,039,05,2107,35,1895,129,17,13,1,0,17,1436,25,1300,80,12,9,0,0,10,NA,43640,93408,00780,175,7,3,1,93.384285331188,69.31617055510861
13039000006,GA,039,06,3660,98,2913,538,13,30,7,8,53,2519,58,2064,326,7,24,6,4,30,NA,43640,91650,00780,175,7,3,1,163.8126843657817,121.5929203539823
13039000007,GA,039,07,3282,73,1813,1290,6,21,6,9,64,2156,43,1208,848,6,18,2,3,28,NA,43640,91650,00780,175,7,3,1,140.20648967551622,104.070796460177
13039000008,GA,039,08,3382,103,2637,530,32,30,3,4,43,2214,68,1748,326,19,26,2,3,22,NA,43640,91650,00780,175,7,3,1,143.97827835880935,106.87047465808529
13039000009,GA,039,09,7013,356,5106,1205,29,137,7,10,163,4418,193,3346,674,22,103,7,1,72,NA,43640,92652,00780,175,7,3,1,287.30624832394744,213.25824617860016
13039000010,GA,039,10,7958,566,5496,1643,38,67,2,13,133,5655,380,4111,1031,25,57,1,2,48,NA,67984,92652,00780,175,7,3,1,367.749396621078,272.9686242960579
13039000011,GA,039,11,6758,231,5417,903,22,89,3,4,89,4591,133,3792,539,17,68,3,1,38,NA,67984,92652,00780,175,7,3,1,298.55658353445966,221.60901045856798
13039000012,GA,039,12,3016,51,2344,527,16,26,2,6,44,2193,33,1726,361,12,25,2,4,30,NA,67984,92652,00780,175,7,3,1,142.61263073209977,105.85679806918745
13043001685,GA,043,1685,5010,232,3061,1677,5,16,0,1,18,3681,153,2368,1132,3,14,0,0,11,NA,51072,91986,00810,145,20,3,3,521.5056356113569,397.56270509345126
13043001733,GA,043,1733,650,13,455,174,0,2,2,1,3,454,6,329,117,0,1,0,0,1,NA,NA,91986,00810,145,20,3,3,64.32044514196033,49.03381366814096
13043001734,GA,043,1734,662,18,615,21,1,4,0,0,3,480,10,453,12,1,2,0,0,2,NA,NA,91986,00810,145,20,3,3,68.00399486374661,51.84191753459837
13043001735,GA,043,1735,1826,419,954,428,4,1,0,0,20,1368,295,744,313,4,0,0,0,12,NA,63000,92430,00810,145,20,3,3,193.81138536167785,147.74946497360537
13043001736,GA,043,1736,1134,183,712,233,1,3,1,0,1,823,124,532,163,1,1,1,0,1,NA,NA,90060,00810,145,20,3,3,116.59851619346556,88.88728777286346
13043001737,GA,043,1737,295,17,231,43,1,0,0,0,3,203,6,166,29,1,0,0,0,1,NA,NA,90060,00810,145,20,3,3,28.760022827792838,21.92481095734056
13045000640,GA,045,640,2870,50,2593,150,16,29,6,4,22,2074,30,1889,107,14,21,3,3,7,NA,79528,93216,00840,100,30,11,8,207.53476283300847,247.57857606980417
13045000641,GA,045,641,4692,68,4114,429,9,35,1,2,34,3319,51,2931,281,9,23,1,1,22,NA,79528,93216,00840,100,30,11,8,332.1156595191683,396.1973452148891
13045000642,GA,045,642,3871,64,3005,729,33,10,1,4,25,2776,42,2199,494,23,8,1,0,9,NA,79528,93216,00840,100,30,11,8,277.7803768680962,331.3780748166713
13045000649,GA,045,649,5876,64,5229,492,18,20,1,3,49,4199,42,3764,333,16,14,1,0,29,NA,75832,92976,00840,100,30,11,8,420.17283950617286,501.2451499118166
13045000682,GA,045,682,2806,8,2613,160,2,2,0,1,20,2043,7,1910,115,1,2,0,0,8,NA,82720,93372,00840,101,30,11,8,204.43274853801168,243.87802840434418
13045000713,GA,045,713,1776,10,1568,183,5,2,0,0,8,1247,6,1122,108,5,0,0,0,6,NA,66696,92592,00840,101,30,11,8,124.78102664067578,148.8575141557598
13045000715,GA,045,715,2071,16,1810,220,4,8,0,2,11,1493,10,1335,133,4,6,0,0,5,NA,13492,90552,00840,101,30,11,8,149.39701104613385,178.22315046876452
13045000716,GA,045,716,2162,270,1524,336,2,1,1,2,26,1576,205,1133,225,2,1,1,1,8,NA,13492,90552,00840,101,30,11,11,157.7024041585445,188.13106841177017
13045001006,GA,045,1006,1442,15,1397,17,7,0,0,0,6,1049,9,1023,13,3,0,0,0,1,NA,NA,90342,00840,101,30,11,11,104.96816114359974,125.2217580989511
13045001111,GA,045,1111,4340,65,3451,774,5,5,0,8,32,3232,41,2625,549,4,2,0,0,11,NA,09544,90342,00840,101,30,11,11,323.4100064977258,385.81193725053373
13045001122,GA,045,1122,4638,50,3830,661,8,29,0,5,55,3345,30,2836,421,8,21,0,0,29,NA,NA,90552,00840,100,30,11,8,334.7173489278752,399.30103035366193
13045001152,GA,045,1152,1761,9,1692,42,3,4,0,0,11,1334,7,1288,26,3,3,0,0,7,NA,NA,92976,00840,100,30,11,8,133.48667966211826,159.2429221201151
13045001163,GA,045,1163,1991,33,1864,75,3,4,0,4,8,1431,19,1348,54,2,4,0,0,4,NA,NA,92592,00840,101,30,11,8,143.19298245614036,170.82205513784461
13045001240,GA,045,1240,2104,11,2039,31,6,5,0,3,9,1526,6,1485,24,4,3,0,0,4,NA,53620,92112,00840,100,30,11,11,152.69915529564653,182.1624431448993
13045001371,GA,045,1371,1904,28,1777,74,1,7,0,5,12,1420,16,1339,51,1,5,0,1,7,NA,13492,90342,00840,101,30,11,8,142.0922677063028,169.508957579133
13045001483,GA,045,1483,2901,38,2618,206,4,19,2,2,12,2100,22,1902,151,3,14,2,0,6,NA,NA,90552,00840,101,30,11,8,210.13645224171538,250.682261208577
13045001496,GA,045,1496,2053,29,1520,465,2,24,0,2,11,1466,18,1119,308,2,15,0,0,4,NA,10132,92112,00840,100,30,11,11,146.69525666016895,175.00009282465425
13045001533,GA,045,1533,2194,36,1971,154,9,7,0,2,15,1654,27,1486,125,7,2,0,0,7,NA,27708,90342,00840,101,30,11,11,165.50747238466536,197.44212382808874
13045001542,GA,045,1542,4735,64,4246,354,13,24,0,1,33,3590,49,3241,260,8,17,0,1,14,NA,NA,90552,00840,101,30,11,8,359.23326835607537,428.54729416132926
130450714A1,GA,045,714A1,4699,547,1482,2563,4,38,1,15,49,3518,447,1252,1751,4,28,0,6,30,NA,13492,90552,00870,101,30,11,11,352.0285899935023,419.95247377703515
130450714A2,GA,045,714A2,2133,27,1464,554,0,43,0,10,35,1475,20,1100,309,0,32,0,2,12,NA,13492,90552,00870,100,30,11,8,147.59584145549059,176.074445372691
130450714A3,GA,045,714A3,3684,156,2065,1377,5,23,0,2,56,2690,97,1608,942,1,15,0,0,27,NA,13492,90552,00870,100,30,11,11,269.1747888239116,321.1120393576534
130450714A4,GA,045,714A4,4757,261,3207,1161,15,47,0,12,54,4279,213,2867,1092,12,41,0,10,44,NA,13492,90552,00870,101,30,11,8,428.1780376868096,510.79495033881
130450714A5,GA,045,714A5,2992,82,2445,351,9,75,0,2,28,2445,57,2071,238,8,57,0,1,13,NA,13492,90552,00870,100,30,11,11,244.6588693957115,291.86577554998604
130450714A6,GA,045,714A6,1578,47,1355,140,2,23,0,2,9,1354,27,1205,100,1,16,0,2,3,NA,13492,90552,00870,100,30,11,11,135.48797920727745,161.63037222686344
130450714BE,GA,045,714BE,5336,86,3837,1310,12,29,2,10,50,3646,55,2717,821,8,21,1,1,22,NA,13492,90552,00840,100,30,11,8,364.8369070825211,435.23215446022465
130450714BN,GA,045,714BN,1804,18,1270,487,4,3,0,4,18,1281,12,933,323,3,3,0,0,7,NA,13492,90552,00840,100,30,11,11,128.1832358674464,152.91617933723197
130450714BS,GA,045,714BS,1312,15,952,335,1,4,0,0,5,1008,11,754,238,1,2,0,0,2,NA,13492,90552,00840,101,30,11,8,100.86549707602339,120.32748538011695
130450714BW,GA,045,714BW,2786,76,2320,347,4,12,1,4,22,2068,49,1774,222,4,10,1,2,6,NA,13492,90552,00840,101,30,11,8,206.9343729694607,246.86234103777966
13047000DPK,GA,047,DPK,2778,32,2646,18,15,43,2,0,22,2141,25,2053,9,8,32,2,0,12,NA,44900,91230,00930,3,54,2,10,262.92602337701766,274.46356828416737
13047000FTO,GA,047,FTO,6595,92,6141,157,11,104,2,4,84,5111,56,4850,87,6,63,2,3,44,NA,30956,91230,00930,2,54,2,10,627.6575924707787,655.2000455396447
1304700BLCK,GA,047,BLCK,3215,40,3102,16,13,11,0,0,33,2311,25,2235,9,11,8,0,0,23,NA,65324,90582,00930,3,54,2,10,283.8029145372666,296.25656529879063
1304700BOYN,GA,047,BOYN,6655,47,6449,85,18,23,1,3,29,4879,28,4741,63,16,15,0,0,16,NA,30956,90360,00930,3,54,2,10,599.1667762991449,625.4590143196883
1304700CAKT,GA,047,CAKT,2913,62,2818,11,3,4,0,0,15,2140,34,2081,6,3,3,0,0,13,NA,NA,90582,00930,3,54,2,10,262.80321813489854,274.33537418408133
1304700CHAM,GA,047,CHAM,1911,13,1868,13,8,6,0,1,2,1411,8,1380,11,5,4,0,1,2,NA,30956,90360,00930,3,54,2,10,173.2781966300663,180.8818752213733
1304700GRAY,GA,047,GRAY,5293,73,5074,30,12,59,0,0,45,3969,56,3810,17,9,45,0,0,32,NA,41036,90360,00930,3,54,2,10,487.41400597075346,508.8023832414107
1304700LAKE,GA,047,LAKE,4107,26,3975,19,15,27,0,1,44,3165,13,3087,11,9,21,0,0,24,NA,44900,91230,00930,3,54,2,10,388.6785913069878,405.7343267722512
1304700POPS,GA,047,POPS,6321,74,6115,33,28,31,5,0,35,4415,39,4295,23,16,22,3,0,17,NA,65324,92526,00930,3,54,2,10,542.1851439558772,565.9769518797754
1304700RING,GA,047,RING,7803,100,7388,177,21,33,0,0,84,5784,73,5508,126,15,23,0,0,39,NA,65324,92526,00930,3,54,2,10,710.3055204169407,741.4746748975357
1304700WDST,GA,047,WDST,3122,28,2994,72,4,0,0,4,20,2290,14,2198,57,4,0,0,2,15,NA,NA,92526,00930,3,54,2,10,281.22400445276526,293.56448919698425
1304700WEST,GA,047,WEST,2569,34,2443,30,11,29,0,2,20,1910,21,1827,16,10,25,0,0,11,NA,30956,91230,00930,3,54,2,10,234.5580124475029,244.85073116429692
1304900003S,GA,049,3S,1346,16,1274,28,5,4,0,1,18,948,8,900,21,5,2,0,1,11,NA,NA,92646,00990,169,7,1,1,114.17703862660943,82.26341201716737
1304900003T,GA,049,3T,923,5,861,35,10,7,0,0,5,652,2,617,17,10,3,0,0,3,NA,30424,92646,00990,169,7,1,1,78.52682403433477,56.57778969957082
1304900005R,GA,049,5R,291,5,271,11,0,3,0,0,1,214,2,203,6,0,2,0,0,1,NA,NA,91194,00990,169,7,1,1,25.774141630901287,18.570010729613735
1304900005W,GA,049,5W,438,11,383,38,0,0,0,1,5,301,8,273,18,0,0,0,1,1,NA,NA,91194,00990,169,7,1,1,36.25241416309012,26.11950107296137
130490X1-1A,GA,049,X1-1A,1333,3,445,869,1,2,1,0,12,931,2,343,572,1,2,1,0,10,NA,30424,91194,00990,175,7,1,1,112.12956008583691,80.78822424892704
130490X2-2A,GA,049,X2-2A,1470,17,717,714,2,0,0,0,20,1033,8,542,470,2,0,0,0,11,NA,30424,91194,00990,175,7,1,1,124.41443133047211,89.6393508583691
13049X44A-B,GA,049,X44A-B,1739,19,1237,432,15,7,5,1,23,1193,15,875,272,11,4,4,1,11,NA,39692,91194,00990,175,7,1,1,143.68481759656652,103.52347103004291
13049X5FFAH,GA,049,X5FFAH,2742,5,1826,863,6,12,0,0,30,2184,3,1401,747,4,8,0,0,21,NA,30424,91194,00990,175,7,1,1,263.04077253218884,189.51824034334763
130510001-1,GA,051,1-1,1246,12,1136,77,2,7,0,0,12,1018,10,928,62,2,5,0,0,11,NA,69000,92712,01020,151,1,3,12,168.82459678597945,131.63069746233845
130510001-2,GA,051,1-2,1092,15,1002,60,0,5,0,0,10,877,14,812,41,0,4,0,0,6,NA,69000,92712,01020,151,1,3,12,145.44122925471902,113.39894074113046
130510001-3,GA,051,1-3,1540,9,1402,89,2,12,0,4,22,1291,7,1190,67,2,9,0,2,14,NA,69000,92712,01020,151,1,3,12,214.0987764741645,166.93048175233687
130510001-4,GA,051,1-4,1976,31,1533,367,1,22,0,4,18,1640,25,1314,269,1,20,0,1,10,NA,69000,92712,01020,151,1,3,12,271.97675710118494,212.05731221830553
130510001-5,GA,051,1-5,1115,16,849,230,0,8,0,1,11,967,14,739,195,0,8,0,0,11,NA,69000,92712,01020,151,1,3,12,160.36678299807673,125.03623226530577
130510001-6,GA,051,1-6,1145,9,1044,70,0,12,0,0,10,918,9,837,55,0,10,0,0,7,NA,69000,92712,01020,151,1,3,12,152.24064818224866,118.70037354658811
130510001-7,GA,051,1-7,1439,26,1251,119,1,30,0,3,9,1128,22,1002,77,1,22,0,0,4,NA,69000,92712,01020,151,1,3,12,187.0669402500833,145.8540537696638
130510001-8,GA,051,1-8,1025,17,870,87,0,47,0,0,4,864,12,750,60,0,41,0,0,1,NA,69000,92712,01020,152,1,3,12,143.285315936234,111.71799863208291
130510001-9,GA,051,1-9,1287,47,854,323,4,30,1,1,27,1004,35,728,201,3,18,1,1,17,NA,69000,92712,01020,149,1,3,12,166.50284398145715,129.8204521141334
130510002-1,GA,051,2-1,3305,48,827,2358,4,31,1,5,31,2176,36,796,1280,3,31,1,5,24,NA,69000,92712,01020,148,2,3,12,360.86672161718195,281.36384840672736
130510002-2,GA,051,2-2,765,2,31,730,1,0,1,0,0,460,1,30,428,1,0,0,0,0,NA,69000,92712,01020,148,2,3,12,76.28616357716163,59.47949001245155
130510002-3,GA,051,2-3,1394,6,117,1254,2,6,1,2,6,932,6,107,804,2,6,1,0,6,NA,69000,92712,01020,148,2,3,12,154.56240098677097,120.51061889479315
130510002-4,GA,051,2-4,2046,8,66,1951,2,12,0,0,7,1487,5,60,1408,1,7,0,0,6,NA,69000,92712,01020,148,2,3,12,246.6033157374768,192.2739166272075
130510002-5,GA,051,2-5,2814,13,311,2454,1,5,1,7,22,2070,11,267,1764,1,5,0,4,18,NA,69000,92712,01020,151,2,3,12,343.28773609722737,267.657705056032
130510002-6,GA,051,2-6,1222,21,358,814,1,14,0,0,14,807,11,302,471,1,11,0,0,11,NA,69000,92712,01020,148,2,3,12,133.83246523210747,104.34771400010523
130510002-7,GA,051,2-7,1647,14,79,1545,0,2,0,0,7,1038,6,70,954,0,2,0,0,6,NA,69000,92712,01020,148,2,3,12,172.14138650672558,134.2167622454885
130510002-8,GA,051,2-8,2577,8,100,2442,4,1,1,8,13,1862,7,94,1744,4,1,1,2,9,NA,69000,92712,01020,148,2,3,12,308.79312300146734,240.7626313112713
130510002-9,GA,051,2-9,210,2,72,119,0,12,0,1,4,162,1,58,93,0,9,0,0,1,NA,69000,92712,01020,151,1,3,12,26.86599673804388,20.94712474351555
130510003-1,GA,051,3-1,906,25,660,149,2,59,0,1,10,860,23,638,129,2,57,0,1,10,NA,69000,92712,01020,149,2,3,12,142.6219579920848,111.20078567545289
130510003-2,GA,051,3-2,2320,52,1933,262,1,37,1,7,27,2191,47,1844,231,1,37,1,7,23,NA,69000,92712,01020,149,2,3,12,363.3543139077416,283.3033969940899
130510003-3,GA,051,3-3,1503,34,415,1040,2,2,0,1,9,979,19,345,607,2,2,0,0,4,NA,69000,92712,01020,148,2,3,12,162.35685683052444,126.58787113519581
130510003-4,GA,051,3-4,2163,8,329,1752,4,56,0,1,13,1494,6,282,1158,1,37,0,1,9,NA,69000,92712,01020,148,2,3,12,247.764192139738,193.17903930131004
130510003-5,GA,051,3-5,3194,59,1364,1548,19,148,1,8,47,2256,35,1125,954,14,105,1,2,20,NA,69000,92712,01020,148,2,3,12,374.1338805001666,291.7081075393276
130510003-6,GA,051,3-6,657,2,274,352,5,13,0,0,11,485,2,240,223,4,9,0,0,7,NA,69000,92712,01020,151,2,3,12,80.43215072809433,62.71207099138914
130510003-7,GA,051,3-7,1476,17,592,832,4,17,0,0,14,1085,9,509,544,4,12,0,0,7,NA,69000,92712,01020,151,2,3,12,179.93584235047905,140.29401448589115
130510003-8,GA,051,3-8,1687,12,1094,538,2,26,0,3,12,1301,6,917,350,2,19,0,0,7,NA,69000,92712,01020,151,1,3,12,215.75717133453756,168.2235141439119
130510003-9,GA,051,3-9,922,12,799,85,1,20,0,0,5,768,7,684,55,1,18,0,0,3,NA,69000,92712,01020,151,1,3,12,127.36472527665246,99.3048876729626
130510004-3,GA,051,4-3,1510,10,1392,37,1,49,0,4,17,1101,8,1024,24,1,36,0,3,5,NA,83168,93126,01020,153,1,3,1,182.58927412707598,142.36286631241123
130510004-4,GA,051,4-4,1585,10,1502,31,3,26,1,0,12,1272,5,1215,25,3,20,1,0,3,NA,83168,93126,01020,153,1,3,1,210.94782623945562,164.47372020834428
130510004-5,GA,051,4-5,2595,37,2348,110,4,69,1,7,19,1914,20,1754,76,3,48,1,3,9,NA,83168,93126,01020,153,1,3,1,317.4167762754073,247.48639974746146
130510004-6,GA,051,4-6,2723,47,2422,162,3,63,0,4,22,1908,26,1713,116,1,45,0,0,7,NA,83168,93126,01020,153,1,3,1,316.42173935918345,246.71058031251644
130510004-7,GA,051,4-7,3957,73,3584,153,3,99,0,9,36,2958,40,2714,107,3,71,0,4,19,NA,83168,93126,01020,153,1,3,1,490.55319969835676,382.478981427895
130510004-8,GA,051,4-8,1462,12,1355,41,2,38,2,0,12,1085,7,1022,25,2,20,2,0,7,NA,83168,93126,01020,153,1,3,1,179.93584235047905,140.29401448589115
130510004-9,GA,051,4-9,1715,11,1636,35,0,27,0,0,6,1335,8,1278,24,0,19,0,0,6,NA,83168,93126,01020,153,1,3,1,221.39571385980605,172.619824275267
130510005-1,GA,051,5-1,2416,21,508,1844,1,15,0,3,24,1927,18,478,1398,1,13,0,3,16,NA,69000,92712,01020,151,2,3,12,319.5726895938923,249.167341856509
130510005-2,GA,051,5-2,1303,9,145,1132,3,2,0,7,5,937,6,127,794,3,2,0,2,3,NA,69000,92712,01020,151,2,3,12,155.3915984169575,121.15713509058067
130510005-3,GA,051,5-3,1783,21,16,1725,0,4,0,0,17,1262,12,13,1223,0,3,0,0,11,NA,69000,92712,01020,151,2,3,12,209.28943137908257,163.18068781676925
130510005-4,GA,051,5-4,993,3,22,955,4,5,0,2,2,704,0,14,684,2,3,0,0,1,NA,69000,92712,01020,151,2,3,12,116.75099817026475,91.02948036688237
130510005-5,GA,051,5-5,2035,14,20,1987,2,2,0,0,10,1534,9,18,1496,2,2,0,0,7,NA,69000,92712,01020,151,2,3,12,254.3977715812303,198.35116886761017
130510005-6,GA,051,5-6,5176,333,1709,2969,20,56,10,7,72,3814,240,1491,1970,13,49,10,0,41,NA,69000,92712,01020,149,2,3,1,632.5117997462924,493.16255414671787
130510005-8,GA,051,5-8,1762,42,1332,341,15,13,0,3,16,1342,26,1067,220,8,12,0,1,8,NA,69000,92712,01020,150,1,3,12,222.5565902620672,173.52494694936954
130510005-9,GA,051,5-9,1989,16,18,1943,0,2,0,0,10,1330,13,13,1295,0,2,0,0,7,NA,69000,92712,01020,151,2,3,12,220.5665164296195,171.9733080794795
130510006-1,GA,051,6-1,1248,50,864,258,3,44,6,2,21,1005,35,720,197,1,34,4,0,14,NA,69000,92712,01020,152,1,3,12,166.66868346749445,129.9497553532909
130510006-2,GA,051,6-2,2965,38,2258,585,3,30,3,4,44,2268,30,1777,410,1,24,3,1,22,NA,69000,92712,01020,152,1,3,1,376.12395433261435,293.25974640921766
130510006-3,GA,051,6-3,3180,104,1774,1117,7,114,2,9,53,2340,65,1363,782,6,83,1,3,37,NA,69000,92712,01020,152,1,3,12,388.06439732730047,302.5695796285579
130510006-4,GA,051,6-4,1190,33,903,209,1,29,0,0,15,933,21,733,144,1,24,0,0,10,NA,69000,92712,01020,152,1,3,1,154.72824047280827,120.63992213395065
130510006-5,GA,051,6-5,3012,130,1938,810,7,67,3,6,51,2234,80,1531,529,6,49,3,5,31,NA,69000,92712,01020,152,1,3,12,370.4854118073458,288.86343627786255
130510006-6,GA,051,6-6,3676,226,1752,1508,12,100,4,5,69,2869,161,1505,1075,12,77,4,3,32,NA,69000,92712,01020,152,1,3,12,475.7934854410363,370.97099314287715
130510006-7,GA,051,6-7,2956,77,1693,1068,6,52,6,6,48,2082,58,1321,631,6,39,3,2,22,NA,69000,92712,01020,152,1,3,12,345.277809929675,269.20934392592204
130510006-8,GA,051,6-8,3468,188,1802,1327,11,72,4,9,55,2623,130,1511,878,7,60,4,4,29,NA,69000,92712,01020,152,1,3,12,434.9969718758586,339.1623963101313
130510006-9,GA,051,6-9,3213,97,1962,971,8,109,3,10,53,2569,72,1681,674,7,85,3,8,39,NA,69000,92712,01020,152,1,3,12,426.041639629844,332.18002139562617
130510007-1,GA,051,7-1,3122,290,673,2069,11,24,4,7,44,2219,221,530,1415,10,20,2,5,16,NA,32048,92712,01020,150,2,3,12,367.9978195167862,286.9238876905
130510007-2,GA,051,7-2,2955,142,1413,1340,11,15,0,2,32,2513,110,1240,1112,11,14,0,1,25,NA,32048,92712,01020,150,2,3,12,416.75462841175477,324.939040002806
130510007-3,GA,051,7-3,758,42,698,14,0,1,0,0,3,618,33,569,12,0,1,0,0,3,NA,32048,92712,01020,150,2,3,12,102.48880237105628,79.90940179933709
130510007-4,GA,051,7-4,1651,28,1451,138,9,9,1,0,15,1275,15,1138,97,6,9,0,0,10,NA,69000,92406,01020,150,2,3,12,211.44534469756755,164.8616299258168
130510007-5,GA,051,7-5,1932,75,1493,320,9,26,0,1,8,1527,56,1200,238,7,20,0,1,5,NA,62328,92406,01020,150,2,3,12,253.23689517896915,197.44604619350764
130510007-6,GA,051,7-6,1997,65,1364,489,6,51,0,0,22,1540,55,1115,309,6,41,0,0,14,NA,32048,92712,01020,150,2,3,12,255.39280849745418,199.12698830255522
130510007-7,GA,051,7-7,3817,64,3169,440,7,62,0,1,74,2691,35,2292,279,5,42,0,1,37,NA,62104,92394,01020,150,1,3,12,446.27405692639553,347.9550165728416
130510007-8,GA,051,7-8,2385,12,2234,50,2,67,1,2,17,1803,10,1696,32,2,51,1,0,11,NA,62104,92394,01020,150,1,3,12,299.00859332526613,233.1337402009786
130510007-9,GA,051,7-9,3897,55,3574,205,19,15,0,3,26,2879,27,2685,121,15,13,0,2,16,NA,08844,92394,01020,150,1,3,12,477.4518803014094,372.26402553445223
130510008-1,GA,051,8-1,643,28,515,46,7,33,1,5,8,618,28,506,30,7,33,1,5,8,NA,69000,92712,01020,149,2,3,12,102.48880237105628,79.90940179933709
130510008-2,GA,051,8-2,2859,43,789,1963,9,28,1,0,26,2130,36,759,1277,6,27,1,0,24,NA,69000,92712,01020,149,2,3,12,353.23810525946584,275.4158994054822
130510008-3,GA,051,8-3,1224,26,741,392,2,40,1,4,18,1114,26,712,311,2,40,1,4,18,NA,69000,92712,01020,149,2,3,12,184.745187445561,144.04380842145875
130510008-4,GA,051,8-4,1320,37,213,1034,3,21,0,0,12,765,25,212,500,2,18,0,0,8,NA,69000,92712,01020,149,2,3,12,126.86720681854052,98.91697795549007
130510008-5,GA,051,8-5,2088,25,8,2031,1,0,0,1,22,1281,18,8,1244,1,0,0,1,9,NA,69000,92712,01020,149,2,3,12,212.4403816137914,165.63744936076182
130510008-6,GA,051,8-6,1578,11,21,1524,2,0,0,0,20,1105,8,15,1072,2,0,0,0,8,NA,69000,92712,01020,149,2,3,12,183.25263207122524,142.88007926904123
130510008-7,GA,051,8-7,891,6,52,821,1,0,1,0,10,633,6,41,578,0,0,1,0,7,NA,69000,92712,01020,150,2,3,12,104.9763946616159,81.84895038669964
130510008-8,GA,051,8-8,2586,9,27,2527,3,8,0,0,12,1810,4,17,1773,2,5,0,0,9,NA,69000,92712,01020,149,2,3,12,300.1694697275273,234.03886287508112
130510008-9,GA,051,8-9,2183,10,11,2140,3,1,0,0,18,1398,2,8,1371,3,1,0,0,13,NA,69000,92712,01020,149,2,3,12,231.84360148015642,180.7659283421897
13051001-10,GA,051,1-10,2115,57,1376,618,5,22,3,6,28,1628,43,1170,367,5,19,3,1,20,NA,69000,92712,01020,152,1,3,12,269.98668326873724,210.5056733484155
13051001-11,GA,051,1-11,1389,37,1005,251,2,65,1,6,22,1107,27,830,182,2,49,1,5,11,NA,69000,92712,01020,152,1,3,12,183.58431104329983,143.13868574735622
13051001-12,GA,051,1-12,401,3,96,298,1,3,0,0,0,307,3,81,220,1,2,0,0,0,NA,69000,92712,01020,152,2,3,12,50.91272221345352,39.696094421353536
13051001-13,GA,051,1-13,1570,105,710,696,0,30,2,1,26,1119,67,579,434,0,20,2,0,17,NA,69000,92712,01020,152,1,3,12,185.57438487574754,144.6903246172463
13051001-14,GA,051,1-14,1644,48,1048,473,6,38,2,2,27,1250,33,860,312,3,29,2,2,9,NA,69000,92712,01020,152,1,3,12,207.29935754663487,161.6290489468792
13051001-15,GA,051,1-15,2066,36,1646,317,4,47,4,0,12,1564,24,1292,207,4,32,2,0,3,NA,52332,92058,01020,153,1,3,12,259.3729561623495,202.23026604233527
13051001-16,GA,051,1-16,2427,32,1913,431,3,35,0,1,12,1826,23,1470,297,1,28,0,0,7,NA,52332,92058,01020,153,1,3,1,302.8229015041242,236.10771470160117
13051001-17,GA,051,1-17,1865,20,1601,226,0,11,0,2,5,1449,15,1259,162,0,8,0,1,4,NA,52332,92058,01020,153,1,3,1,240.30141526805915,187.3603935392224
13051001-18,GA,051,1-18,2269,41,2011,156,4,14,14,2,27,1623,31,1451,107,2,14,6,0,12,NA,52332,92058,01020,153,1,3,1,269.1574858385507,209.85915715262797
13051002-10,GA,051,2-10,622,8,528,74,0,4,0,3,5,516,7,443,56,0,4,0,1,5,NA,69000,92712,01020,151,1,3,12,85.57317479525088,66.72047140527174
13051002-11,GA,051,2-11,2699,45,844,1707,15,44,0,2,42,1951,36,743,1096,14,31,0,1,30,NA,69000,92712,01020,151,1,3,12,323.5528372587877,252.2706195962891
13051002-12,GA,051,2-12,603,17,278,298,0,2,0,3,5,473,12,242,215,0,1,0,1,2,NA,69000,92712,01020,153,2,3,12,78.44207689564664,61.1604321214991
13051002-13,GA,051,2-13,2009,20,856,1070,1,39,0,2,21,1463,17,719,683,1,31,0,0,12,NA,69000,92712,01020,148,2,3,12,242.62316807258145,189.17063888742746
13051002-14,GA,051,2-14,3452,24,375,2987,11,23,0,0,32,2345,13,317,1965,8,18,0,0,24,NA,69000,92712,01020,148,2,3,12,388.893594757487,303.2160958243454
13051003-10,GA,051,3-10,2860,13,529,2251,7,29,2,2,27,1988,9,435,1502,4,20,2,1,15,NA,69000,92712,01020,148,2,3,12,329.6888982421681,257.0548394451167
13051003-11,GA,051,3-11,2209,20,934,1184,6,23,0,2,40,1470,8,736,683,5,14,0,0,24,NA,69000,92712,01020,148,2,3,12,243.78404447484257,190.07576156152993
13051003-12,GA,051,3-12,2349,33,1348,758,2,173,0,2,33,1936,20,1168,595,2,128,0,1,22,NA,76364,92712,01020,148,2,3,12,321.06524496822806,250.33107100892653
13051003-13,GA,051,3-13,2931,32,1344,1495,3,35,0,5,17,2207,22,1028,1117,3,26,0,1,10,NA,76364,92712,01020,153,2,3,12,366.0077456843385,285.3722488206099
13051003-14,GA,051,3-14,3055,42,855,2075,6,54,0,5,18,2141,26,681,1386,2,38,0,3,5,NA,69000,92712,01020,148,2,3,12,355.0623396058762,276.8382350362147
13051004-10,GA,051,4-10,1635,23,1544,52,8,4,0,0,4,1439,19,1358,48,7,4,0,0,3,NA,78036,93126,01020,153,1,3,1,238.64302040768607,186.06736114764738
13051004-11,GA,051,4-11,2061,27,1970,12,13,25,0,0,14,1749,18,1690,6,9,14,0,0,12,NA,78036,93126,01020,153,1,3,1,290.0532610792515,226.1513652864734
13051004-12,GA,051,4-12,2253,14,2191,7,0,32,0,0,9,1919,12,1867,7,0,25,0,0,8,NA,71184,92058,01020,153,1,3,1,318.2459737055938,248.13291594324897
13051004-13,GA,051,4-13,1826,12,1767,4,1,32,0,0,10,1601,10,1559,3,1,26,0,0,2,NA,71184,92058,01020,153,1,3,1,265.50901714572996,207.01448589116293
13051004-14,GA,051,4-14,1528,12,1488,11,0,13,0,1,3,1420,10,1390,8,0,8,0,1,3,NA,71184,92058,01020,153,1,3,1,235.4920701729772,183.6105996036548
13051004-15,GA,051,4-15,1351,15,1301,11,0,18,0,2,4,1230,12,1191,8,0,14,0,1,4,NA,71184,92058,01020,153,1,3,1,203.9825678258887,159.04298416372916
13051004-16,GA,051,4-16,1395,5,1376,9,0,1,0,1,3,1030,5,1016,6,0,1,0,0,2,NA,41484,92058,01020,153,1,3,1,170.81467061842713,133.1823363322285
13051004-17,GA,051,4-17,2372,30,2217,78,1,33,0,0,13,1656,17,1541,63,1,29,0,0,5,NA,41484,92058,01020,153,1,3,1,274.63018887778185,214.1261640448256
13051005-10,GA,051,5-10,2871,97,528,2189,15,13,0,6,23,2143,69,464,1567,12,10,0,6,15,NA,69000,92712,01020,151,2,3,12,355.3940185779508,277.09684151452973
13051005-11,GA,051,5-11,4175,303,1614,1985,15,173,10,13,62,3137,241,1387,1318,10,133,10,3,35,NA,69000,92712,01020,152,2,3,12,520.2384676990349,405.6242612370881
13051006-10,GA,051,6-10,4179,202,2684,1022,10,202,3,10,46,2902,135,1933,659,4,142,2,4,23,NA,32482,92394,01020,150,1,3,1,256.0408828166054,222.64424592748293
13051006-11,GA,051,6-11,3669,142,2796,615,11,43,1,3,58,2753,89,2158,425,8,35,1,0,37,NA,32482,92394,01020,150,1,3,12,456.55610506070866,355.9718174006068
13051007-10,GA,051,7-10,5322,237,3220,1653,19,83,9,13,88,3767,168,2448,1019,18,67,7,5,35,NA,62104,92394,01020,150,1,3,12,624.7173439025388,487.0853019063152
13051007-11,GA,051,7-11,4932,195,3707,730,27,155,2,10,106,3775,128,2942,501,22,117,2,9,54,NA,32482,92394,01020,150,1,3,12,626.0440597908373,488.11972781957525
13051008-10,GA,051,8-10,2501,19,8,2457,1,1,1,0,14,1846,11,5,1819,1,1,1,0,8,NA,69000,92712,01020,149,2,3,12,306.1396912248704,238.69377948475125
13051008-11,GA,051,8-11,1851,3,8,1836,2,0,0,0,2,1449,2,7,1436,2,0,0,0,2,NA,69000,92712,01020,149,2,3,12,240.30141526805915,187.3603935392224
13051008-12,GA,051,8-12,867,4,109,749,0,0,0,0,5,649,3,84,558,0,0,0,0,4,NA,69000,92712,01020,149,2,3,12,107.62982643821282,83.91780221321969
13051008-13,GA,051,8-13,1356,115,680,521,3,9,0,2,26,883,83,476,302,3,6,0,0,13,NA,69000,92712,01020,150,1,3,12,146.43626617094287,114.1747601760755
13051008-14,GA,051,8-14,2386,70,1370,899,12,3,4,9,19,1976,63,1091,786,10,3,4,3,16,NA,69000,92712,01020,149,1,3,12,327.69882440972043,255.50320057522669
130510XFTPU,GA,051,XFTPU,17,1,14,1,0,0,0,0,1,17,1,14,1,0,0,0,0,1,NA,78036,93126,01020,153,1,3,1,2.819271262634234,2.1981550656775575
13051X4-1/2,GA,051,X4-1/2,6495,149,5150,749,14,339,7,15,72,4876,99,3969,490,10,245,4,6,53,NA,82636,93126,01020,153,2,3,1,808.6333339179133,630.4825941319865
13051ZZZZZZ,GA,051,ZZZZZZ,0,0,0,0,0,0,0,0,0,0,0,0,0,0,0,0,0,0,NA,78036,93126,01020,153,1,3,1,0,0
13053000001,GA,053,1,2832,43,1778,931,10,21,13,3,33,2003,30,1299,623,5,18,8,1,19,NA,21016,90834,01050,158,15,4,2,89.09740990990991,61.84187312312312
13053FTBEN1,GA,053,FTBEN1,52,3,31,18,0,0,0,0,0,38,1,25,12,0,0,0,0,0,NA,19007,91212,00002,158,15,4,2,1.6903153153153152,1.1732357357357357
13053FTBEN2,GA,053,FTBEN2,5792,701,2875,1890,41,86,23,14,162,3851,455,2021,1199,28,65,15,2,66,NA,30795,91212,00002,158,15,4,2,171.30011261261262,118.89817942942943
13053FTBEN3,GA,053,FTBEN3,6206,804,3497,1514,50,142,26,16,157,4764,556,2864,1069,38,128,19,6,84,NA,30795,91212,00002,158,15,4,2,211.91216216216216,147.0867117117117
13055000870,GA,055,870,6819,364,6261,119,4,3,1,9,58,5123,286,4717,79,4,3,1,1,32,NA,77540,93090,01080,11,53,11,11,741.21221226319,583.3687105316766
13055000925,GA,055,925,9260,109,7663,1344,5,18,3,17,101,6947,70,5856,945,4,12,3,6,51,NA,74376,92892,01080,11,53,11,11,1005.114432674679,791.0721124465267
13055000940,GA,055,940,1118,4,965,140,0,0,0,3,6,872,4,746,118,0,0,0,0,4,NA,NA,91788,01080,11,53,11,11,126.16378081075575,99.29680179262579
13055000961,GA,055,961,218,4,180,22,1,0,0,0,11,163,2,135,21,1,0,0,0,4,NA,NA,91860,01080,11,53,11,11,23.583367284579342,18.561214096557343
13055000962,GA,055,962,666,4,651,6,0,0,0,0,5,509,2,499,4,0,0,0,0,4,NA,NA,91788,01080,11,53,11,11,73.64376655123243,57.961091872071705
13055000968,GA,055,968,1309,26,1230,43,2,0,0,3,5,1037,22,981,29,1,0,0,0,4,NA,50848,91980,01080,11,53,11,11,150.03651456508453,118.0857608474231
13055001083,GA,055,1083,380,0,293,83,0,0,0,0,4,290,0,222,68,0,0,0,0,0,NA,NA,91860,01080,11,53,11,11,41.958138113668774,33.023018944795275
13055001216,GA,055,1216,241,2,235,1,1,0,0,0,2,183,2,178,0,1,0,0,0,2,NA,NA,91980,01080,11,53,11,11,26.47703198207374,20.838663678957015
13055001382,GA,055,1382,195,2,193,0,0,0,0,0,0,153,0,153,0,0,0,0,0,0,NA,NA,91788,01080,11,53,11,11,22.136534935832145,17.42248930535751
13055001484,GA,055,1484,1477,5,1339,101,6,0,0,3,23,1092,3,1005,69,5,0,0,0,10,NA,48092,91860,01080,11,53,11,11,157.99409248319415,124.34874719902221
1305500P870,GA,055,P870,2377,0,1402,968,0,1,0,0,6,2177,0,1215,956,0,1,0,0,5,NA,NA,92892,01080,11,53,11,11,314.9754023222652,247.9003870442045
13055XC-968,GA,055,XC-968,1410,17,1364,13,0,3,0,0,13,1090,5,1067,10,0,3,0,0,5,NA,NA,91980,01080,11,53,11,11,157.70472601344468,124.12100224078223
13057000818,GA,057,0818,3328,85,3195,7,10,7,1,0,23,2465,60,2374,2,7,4,1,0,17,NA,NA,91692,01110,15,51,2,7,104.45332800319808,187.22766340195884
13057000875,GA,057,0875,6744,434,5722,302,37,135,0,8,106,4788,275,4120,200,30,101,0,5,57,NA,84176,93426,01110,17,37,10,6,202.88946632020787,363.6697981211273
13057000960,GA,057,0960,736,8,722,1,1,1,0,0,3,518,3,510,0,1,1,0,0,3,NA,NA,93234,01110,15,51,2,7,43.87932858128305,51.35930098873304
13057000971,GA,057,0971,2345,12,2303,13,4,2,0,0,11,1751,8,1724,8,4,2,0,0,5,NA,NA,90204,01110,15,51,2,7,148.32568406530237,173.61030121867097
13057001000,GA,057,1000,4447,81,4304,20,6,7,2,1,26,3367,54,3273,11,6,3,2,1,17,NA,NA,91692,01110,15,51,2,7,142.67519488307013,255.73855686588044
13057001008,GA,057,1008,4352,74,4159,33,9,19,1,3,54,3424,50,3276,30,9,16,1,3,39,NA,79948,93234,01110,15,51,2,7,290.0440561048517,339.48696252011956
13057001010,GA,057,1010,7570,246,7209,39,15,27,1,0,33,5377,169,5135,22,14,20,1,0,16,NA,NA,91512,01110,15,56,10,7,227.8480911453128,408.4069558265041
13057001020,GA,057,1020,3241,106,2939,113,9,33,0,5,36,2417,77,2203,78,7,27,0,2,23,NA,53172,93426,01110,16,56,10,6,102.41934839096541,183.58185088946632
13057001028,GA,057,1028,1322,20,1286,0,4,1,0,0,11,998,11,978,0,3,1,0,0,5,NA,NA,90540,01110,17,51,2,7,84.53971027822489,98.9509312485629
13057001031,GA,057,1031,831,22,803,2,2,0,0,0,2,600,12,583,2,2,0,0,0,1,NA,NA,90204,01110,15,51,2,7,50.82547712117728,59.489537824787305
13057001032,GA,057,1032,2332,9,2273,35,2,1,0,0,12,1741,5,1698,29,2,1,0,0,6,NA,05036,90204,01110,15,51,2,7,147.47859277994942,172.61880892159115
13057001174,GA,057,1174,2262,27,2196,3,5,10,0,1,20,1701,22,1651,3,4,8,0,1,12,NA,NA,91692,01110,15,51,2,7,72.0791525084949,129.19848091145312
13057001274,GA,057,1274,3288,86,3041,74,21,12,1,6,47,2360,53,2204,42,18,7,1,4,31,NA,NA,93426,01110,17,37,10,7,100.00399760143914,179.25244853088148
13057001275,GA,057,1275,4831,142,4453,104,11,38,2,6,75,3306,86,3063,73,9,30,2,4,39,NA,NA,93426,01110,17,37,10,7,140.0903457925245,251.10533679792124
13057001708,GA,057,1708,6475,769,5329,184,15,85,1,6,86,4577,480,3855,116,13,63,1,1,48,NA,NA,93426,01110,17,37,10,7,193.94843094143513,347.643413951629
13057001820,GA,057,1820,5001,123,4704,77,13,22,0,8,54,3437,71,3257,54,11,16,0,4,24,NA,39524,91512,01110,16,51,2,7,145.64141515090944,261.055366779932
13057001900,GA,057,1900,3857,51,3661,77,5,39,1,4,19,2575,28,2447,54,3,29,1,2,11,NA,NA,93426,01110,17,37,10,7,109.11453128123127,195.58265040975417
13057001910,GA,057,1910,4873,128,4487,130,14,73,0,9,32,3139,72,2899,79,9,56,0,4,20,NA,NA,93426,01110,17,37,10,7,133.01379172496502,238.42094743154107
1305700792A,GA,057,0792A,5313,890,3854,473,17,21,4,2,52,4036,628,3008,338,11,16,4,0,31,NA,12988,90540,01110,16,51,2,7,341.8860427684525,400.1662911014026
1305700792B,GA,057,0792B,7376,952,6083,225,17,19,2,4,74,5427,692,4514,147,13,18,2,0,41,NA,12988,90540,01110,16,51,2,7,459.71644056104856,538.0828696252012
1305700792C,GA,057,0792C,4289,542,3626,47,17,26,2,1,28,3250,414,2766,30,9,19,1,1,10,NA,12988,90540,01110,16,51,2,7,275.3046677397103,322.2349965509312
1305700817A,GA,057,0817A,4347,117,4032,82,15,30,2,5,64,3058,75,2857,47,11,25,2,2,39,NA,00408,93426,01110,17,37,10,7,129.5814511293224,232.26863881670997
1305700817B,GA,057,0817B,5273,315,4562,216,18,88,5,12,57,3738,224,3264,136,12,65,4,6,27,NA,00408,93426,01110,17,37,10,7,158.39616230261842,283.9176494103538
1305700890A,GA,057,0890A,6067,145,5565,174,7,115,1,6,54,4030,92,3703,117,5,78,1,4,30,NA,84176,93426,01110,17,37,10,7,170.7695382770338,306.0963421946832
1305700890B,GA,057,0890B,3676,292,2975,298,14,30,2,13,52,2790,204,2315,192,9,23,1,8,38,NA,84176,93426,01110,17,37,10,6,118.22506496102339,211.91285228862682
1305700890C,GA,057,0890C,4726,647,3805,158,28,26,0,3,59,3450,517,2750,113,15,20,0,1,34,NA,84176,93426,01110,17,37,10,6,146.19228462922248,262.0427743353988
1305700890D,GA,057,0890D,3960,211,3559,102,11,37,0,5,35,2866,139,2577,81,10,31,0,3,25,NA,84176,93426,01110,17,37,10,6,121.44553268039176,217.68538876673995
1305700890E,GA,057,0890E,2853,163,2554,59,7,35,1,1,33,2164,124,1950,42,7,27,0,0,14,NA,84176,93426,01110,17,37,10,6,91.69858085148911,164.36538077153708
1305701015A,GA,057,1015A,3117,87,2966,18,2,7,0,3,34,2185,59,2085,12,2,6,0,2,19,NA,NA,91512,01110,16,56,10,6,92.58844693184089,165.96042374575256
1305701015B,GA,057,1015B,6084,387,5334,187,25,77,0,6,68,4318,246,3821,132,18,55,0,3,43,NA,84176,93426,01110,16,56,10,6,182.97341595042974,327.9712172696382
1305701015C,GA,057,1015C,4069,116,3842,43,10,18,0,1,39,2870,69,2725,33,9,14,0,0,20,NA,67284,93426,01110,16,56,10,6,121.61503098141117,217.98920647611433
1305701019A,GA,057,1019A,6577,146,6210,92,24,53,2,4,46,4624,88,4394,63,16,37,2,0,24,NA,12988,91512,01110,16,51,2,7,195.94003597841296,351.21327203677794
1305701019B,GA,057,1019B,6341,262,5865,95,25,33,1,0,60,4446,174,4132,56,18,23,1,0,42,NA,39524,91512,01110,16,51,2,7,188.39736158305016,337.6933839696182
1305900001A,GA,059,1A,3795,327,2236,1165,7,18,0,12,30,2868,231,1802,803,7,13,0,3,9,NA,03440,93402,01170,24,46,6,12,333.71314807929866,266.19316151161536
1305900001B,GA,059,1B,5621,197,3758,1521,10,70,2,7,56,4652,144,3257,1157,8,55,2,0,29,NA,03440,93402,01170,24,46,6,12,541.2948273587508,431.77496072246674
1305900001C,GA,059,1C,4690,120,3880,513,6,107,1,9,54,3622,89,3089,332,5,75,1,2,29,NA,03440,90138,01170,24,46,6,12,421.4466605101882,336.17560355476667
1305900002A,GA,059,2A,6572,1108,2098,3255,17,36,0,7,51,4577,689,1706,2120,10,28,0,0,24,NA,03440,93402,01170,89,46,6,12,532.5680190930788,424.81384248210026
1305900002B,GA,059,2B,6801,548,919,5239,6,6,5,8,70,4752,352,848,3501,3,4,4,3,37,NA,03440,90138,01170,89,46,6,12,552.9305717129802,441.0564517096221
1305900003A,GA,059,3A,3858,223,891,2626,7,45,0,7,59,2973,166,849,1876,6,36,0,7,33,NA,03440,90138,01170,89,46,6,12,345.9306796512395,275.93872704812844
1305900003B,GA,059,3B,5842,160,3661,1750,4,168,3,19,77,5168,142,3571,1207,4,164,3,8,69,NA,03440,90138,01170,89,46,6,12,601.3352682265744,479.66745421618833
1305900004A,GA,059,4A,5788,169,3796,1391,14,296,6,10,106,5321,158,3745,998,13,294,6,10,97,NA,03440,90138,01170,89,46,6,12,619.1379570885454,493.868135426536
1305900004B,GA,059,4B,6312,130,4934,332,4,842,1,8,61,5809,107,4654,273,4,717,1,6,47,NA,03440,90138,01170,88,46,6,12,675.9203895371846,539.161811443854
1305900005A,GA,059,5A,1818,77,1330,363,1,32,0,1,14,1475,59,1121,263,1,25,0,0,6,NA,03440,90138,01170,88,46,6,12,171.62722922488337,136.90199206054137
1305900005B,GA,059,5B,3899,448,2674,633,8,75,6,4,51,3297,309,2395,483,8,66,6,2,28,NA,03440,90138,01170,89,46,6,12,383.63049135894266,306.0107578465118
1305900005C,GA,059,5C,2361,148,1825,304,20,27,0,2,35,2121,115,1688,246,13,27,0,2,30,NA,03440,90138,01170,89,46,6,12,246.79413775320515,196.8604238375649
1305900005D,GA,059,5D,4191,1316,1258,1552,2,26,6,2,29,2915,902,1022,951,2,20,6,2,10,NA,03440,90138,01170,88,46,6,12,339.18194792578646,270.55546227557835
1305900006A,GA,059,6A,3116,159,1749,1074,7,105,1,7,14,2332,105,1447,692,5,69,1,2,11,NA,03440,90318,01170,88,46,6,12,271.34555834062917,216.4443698204627
1305900006B,GA,059,6B,5227,415,2770,1885,4,74,3,16,60,3892,287,2230,1275,3,58,3,8,28,NA,03440,90318,01170,88,46,6,12,452.8631702666075,361.2356292200861
1305900006C,GA,059,6C,4047,120,3226,560,4,98,1,8,30,3235,88,2634,419,4,69,1,2,18,NA,03440,90318,01170,88,46,6,12,376.4163298593205,300.2562334344755
1305900007A,GA,059,7A,4881,164,3478,967,16,188,4,9,55,4153,112,3069,768,11,147,3,7,36,NA,03440,90138,01170,88,46,6,12,483.2324630311462,385.4603206965616
1305900007B,GA,059,7B,4356,109,3716,286,8,184,0,7,46,4036,87,3499,250,6,154,0,6,34,NA,03440,90138,01170,88,46,6,12,469.6186421366978,374.6009762415898
1305900007C,GA,059,7C,4903,68,4403,238,3,125,0,8,58,4627,60,4184,198,3,120,0,8,54,NA,03440,90138,01170,88,46,6,12,538.3858912701934,429.4545879756779
1305900008A,GA,059,8A,6085,182,4297,1180,7,336,2,16,65,5161,140,3932,766,6,261,2,11,43,NA,03440,90138,01170,24,46,6,12,600.5207661217784,479.0177498470875
1305900008B,GA,059,8B,3843,113,3084,396,4,175,0,4,67,3169,85,2619,274,4,140,0,3,44,NA,03440,90138,01170,24,46,6,12,368.7367385855291,294.130449382953
1305900008C,GA,059,8C,3483,135,2912,266,5,129,0,1,35,3226,102,2760,220,4,110,0,1,29,NA,03440,90138,01170,88,46,6,12,375.3691128674398,299.4208992456315
13061000001,GA,061,1,564,1,272,284,0,7,0,0,0,421,1,224,193,0,3,0,0,0,NA,08956,90312,01200,158,12,4,2,99.46610509426394,42.38708383473727
13061000002,GA,061,2,667,0,144,516,1,0,0,0,6,463,0,120,341,1,0,0,0,1,NA,30816,90312,01200,158,12,4,2,109.3890894504613,46.61572402727638
13061000003,GA,061,3,680,12,259,404,1,0,1,0,3,492,6,225,257,1,0,1,0,2,NA,30816,91218,01200,158,12,4,2,116.24067388688329,49.53549939831529
13061000004,GA,061,4,615,5,216,387,1,2,0,0,4,457,3,175,273,1,2,0,0,3,NA,30816,91218,01200,158,12,4,2,107.9715202567188,46.01163257119936
13061000005,GA,061,5,831,14,391,418,1,0,0,0,7,660,7,352,297,1,0,0,0,3,NA,30816,91218,01200,158,12,4,2,155.93261131167267,66.45006016847172
13063000EW1,GA,063,EW1,3135,91,1214,1749,10,37,1,2,31,2202,49,967,1133,7,34,0,1,11,NA,30536,91200,01230,95,44,7,13,229.845950385275,277.05180076813446
13063000FP1,GA,063,FP1,7728,1627,2359,3205,33,336,3,10,155,5459,1154,1941,2011,16,241,3,4,89,NA,30536,91200,01230,94,44,7,13,569.8133710959202,686.8418621222735
13063000FP2,GA,063,FP2,5633,1259,1801,2209,8,278,2,5,71,3900,869,1459,1341,5,192,2,3,29,NA,30536,91200,01230,94,44,7,13,407.084108311795,490.69120027053793
13063000FP3,GA,063,FP3,5644,1387,2038,1862,14,281,0,2,60,4164,956,1698,1259,6,207,0,0,38,NA,30536,91200,01230,94,44,7,13,434.6405710282857,523.907219981159
13063000FP4,GA,063,FP4,3041,261,1562,807,3,365,1,10,32,2263,172,1296,494,3,279,1,2,16,NA,44508,91200,01230,94,44,7,13,236.21316336143386,284.7267144133916
13063000FP5,GA,063,FP5,8382,1277,2565,3721,20,656,2,13,128,5611,846,2014,2170,15,485,1,5,75,NA,30536,91200,01230,94,44,7,13,585.6792132660208,705.9662371071764
13063000FP6,GA,063,FP6,2253,161,1064,646,5,355,0,1,21,1652,98,870,408,5,260,0,1,10,NA,30536,91200,01230,94,44,7,13,172.43665305925265,207.8517597043407
13063000LC1,GA,063,LC1,4803,282,1682,2447,23,243,15,26,85,3494,180,1368,1675,10,189,9,12,51,NA,44508,91200,01230,95,44,7,13,364.70560883113114,439.60898813981015
13063000LJ2,GA,063,LJ2,2945,158,1807,885,4,46,1,16,28,1989,99,1278,550,4,37,1,5,15,NA,09272,91620,01230,97,34,7,13,207.61289523901542,250.25251213797435
13063000LJ3,GA,063,LJ3,4359,123,2916,1216,20,47,3,0,34,3420,91,2265,998,14,35,3,0,14,NA,47616,91620,01230,97,34,7,13,356.9814488272664,430.29843716031786
13063000MO1,GA,063,MO1,5090,395,1700,2717,6,202,1,2,67,3629,263,1408,1782,6,138,1,0,31,NA,19280,91200,01230,94,44,7,13,378.79698181115486,456.5944527645595
13063000MO2,GA,063,MO2,3826,228,1778,1194,8,530,4,10,74,2892,159,1533,756,8,392,4,4,36,NA,53004,91200,01230,94,44,7,13,301.86852339428486,363.8663977390758
13063000MO3,GA,063,MO3,5332,311,1984,2432,12,508,0,8,77,3747,204,1578,1524,11,386,0,3,41,NA,53004,91200,01230,95,44,7,13,391.11388560110146,471.4410070291553
13063000MO4,GA,063,MO4,1579,151,656,606,3,136,0,1,26,1083,104,529,335,2,104,0,0,9,NA,53004,91620,01230,95,44,7,13,113.04412546196768,136.261171767434
13063000MO5,GA,063,MO5,5202,148,2664,2112,8,192,1,15,62,3571,91,1992,1307,6,133,1,9,32,NA,NA,91200,01230,95,44,7,13,372.74291045677427,449.2969938887412
13063000MO6,GA,063,MO6,5246,307,2507,2238,17,93,2,15,67,3605,184,1898,1408,15,64,2,2,32,NA,NA,91200,01230,95,44,7,13,376.29184883692847,453.57481460904853
13063000MO7,GA,063,MO7,5042,214,2052,2265,4,418,3,14,72,3417,130,1607,1328,3,301,2,4,42,NA,NA,91200,01230,95,44,7,13,356.6683072054881,429.92098239087903
13063000PH1,GA,063,PH1,4103,105,2354,1480,17,72,9,15,51,2850,54,1744,953,11,45,4,7,32,NA,NA,91620,01230,97,34,7,13,297.4845406893886,358.5820309669316
1306300JB01,GA,063,JB01,5850,199,1613,3842,7,86,4,5,94,3856,119,1264,2350,7,63,3,0,50,NA,NA,92538,01230,97,34,7,13,402.4913645257132,485.15519698543443
1306300JB02,GA,063,JB02,7939,315,1552,5790,10,126,8,24,114,5080,200,1203,3507,8,87,6,6,63,NA,65464,92538,01230,97,34,7,13,530.2531462112611,639.1567429164955
1306300JB03,GA,063,JB03,5188,157,2036,2696,14,176,2,9,98,3572,108,1586,1689,12,125,2,2,48,NA,42604,91620,01230,97,34,7,13,372.84729099736705,449.42281214522086
1306300JB04,GA,063,JB04,2833,241,1457,1015,12,42,1,5,60,2109,164,1217,649,8,35,0,0,36,NA,42604,91620,01230,95,34,7,13,220.1385601101476,265.3507029155294
1306300JB05,GA,063,JB05,1967,75,1319,534,8,19,0,1,11,1349,37,1012,273,6,15,0,0,6,NA,42604,91620,01230,97,34,7,13,140.80934925964394,169.72882799101427
1306300JB06,GA,063,JB06,2898,78,2077,476,3,240,0,1,23,2297,58,1684,356,2,185,0,0,12,NA,NA,91620,01230,97,44,7,13,239.76210174158797,289.0045351336989
1306300JB07,GA,063,JB07,5861,275,3057,2099,18,285,3,16,108,4529,180,2571,1457,16,224,3,8,70,NA,53004,91620,01230,95,34,7,13,472.739468344646,569.8308835962222
1306300JB08,GA,063,JB08,7373,455,3645,2831,12,253,6,14,157,5329,297,2895,1835,10,198,3,7,84,NA,73704,91620,01230,95,44,7,13,556.2439008188604,670.4854887799223
1306300JB09,GA,063,JB09,4408,942,1762,1445,5,177,2,10,65,2999,603,1346,868,3,129,2,3,45,NA,42604,91620,01230,96,34,7,13,313.0372412377111,377.32895118239577
1306300JB10,GA,063,JB10,4095,283,1529,2046,18,107,14,16,82,2654,178,1162,1182,11,72,6,0,43,NA,42604,91620,01230,96,34,7,13,277.0259547332061,333.92165269692504
1306300JB11,GA,063,JB11,4556,175,2460,1713,8,140,7,5,48,3213,113,1891,1067,5,100,4,2,31,NA,42604,91620,01230,95,44,7,13,335.3746769245634,404.2540580690355
1306300JB12,GA,063,JB12,6088,231,1595,4007,22,92,1,20,120,4158,142,1240,2627,16,54,1,11,67,NA,NA,92538,01230,97,34,7,13,434.0142877847291,523.1523104422812
1306300JB13,GA,063,JB13,1182,38,742,343,7,30,0,0,22,855,29,581,211,7,20,0,0,7,NA,41347,91620,01230,97,34,7,13,89.2453622068166,107.57460929007947
1306300JB14,GA,063,JB14,4347,131,2830,1197,7,127,1,7,47,3166,83,2171,793,4,94,1,1,19,NA,42604,91620,01230,97,34,7,13,330.46879151670333,398.34060001449313
1306300JB15,GA,063,JB15,4614,1052,1229,2085,5,151,0,13,79,3235,795,979,1281,5,123,0,6,46,NA,53004,91200,01230,96,44,7,13,337.6710488176043,407.02205971158725
1306300JB16,GA,063,JB16,2908,99,1421,1217,13,87,0,4,67,1980,65,1070,728,10,64,0,2,41,NA,65464,92538,01230,96,34,7,13,206.67347037368054,249.12014782965772
1306300OAK1,GA,063,OAK1,3625,214,152,3178,3,17,2,8,51,2477,154,141,2134,3,11,2,2,30,NA,17776,90726,01230,93,44,9,5,258.5505990482862,311.65182130003143
1306300OAK2,GA,063,OAK2,4518,126,232,3506,6,553,2,7,86,3079,75,210,2355,4,375,2,4,54,NA,17776,90726,01230,93,44,9,13,321.3876844851325,387.3944117007657
1306300OAK3,GA,063,OAK3,6721,314,551,5426,12,294,8,6,110,4801,199,442,3869,8,212,6,1,64,NA,NA,92538,01230,93,44,9,13,501.13097538587886,604.0534493586802
1306300OAK4,GA,063,OAK4,5203,99,381,4359,11,221,0,7,125,3605,73,343,2963,8,143,0,3,72,NA,65464,92538,01230,93,44,9,5,376.29184883692847,453.57481460904853
1306300RD01,GA,063,RD01,5037,72,641,4187,9,51,3,16,58,3623,54,576,2900,8,37,2,7,39,NA,65464,92538,01230,93,44,9,13,378.1706985675982,455.8395432256818
1306300RD02,GA,063,RD02,7463,854,1904,4330,13,222,0,27,113,5102,527,1497,2816,10,170,0,10,72,NA,65464,92538,01230,96,34,7,13,532.549518104302,641.9247445590473
1306300RD03,GA,063,RD03,3947,131,642,2898,5,184,0,10,77,2707,81,551,1885,4,133,0,2,51,NA,65464,92538,01230,93,44,9,13,282.55812338462283,340.59002029034514
1306300RD04,GA,063,RD04,6065,371,1855,3340,8,360,3,16,112,4098,229,1512,2013,5,253,2,7,77,NA,65464,92538,01230,96,44,9,13,427.751455349163,515.6032150535036
1306300RD05,GA,063,RD05,3718,229,682,2659,10,92,0,9,37,2421,153,537,1634,8,65,0,5,19,NA,65464,92538,01230,96,34,9,13,252.70528877509116,304.6059989371724
1306300RD06,GA,063,RD06,6714,403,2166,3716,13,310,0,30,76,4688,276,1801,2310,11,234,0,13,43,NA,53004,91200,01230,96,34,9,13,489.33597429889613,589.8359863764825
1306300RD07,GA,063,RD07,5823,910,1495,2905,22,393,2,10,86,4011,623,1257,1786,16,280,1,3,45,NA,65464,92538,01230,93,44,9,13,418.6703483175922,504.6570267397763
1306300RD08,GA,063,RD08,3567,84,772,2535,6,134,0,3,33,2599,56,702,1716,6,102,0,1,16,NA,65464,92538,01230,93,44,9,13,271.2850250006039,327.0016485905457
1306300RD09,GA,063,RD09,3449,179,747,1898,5,550,0,6,64,2441,106,647,1240,4,403,0,2,39,NA,65464,92538,01230,96,44,9,13,254.79289958694656,307.12236406676493
1306300RD10,GA,063,RD10,3788,83,302,3289,6,30,2,15,61,2949,60,274,2539,4,22,2,6,42,NA,65464,92538,01230,93,44,9,13,307.8182142080727,371.0380383584145
13063XLJ1-4,GA,063,XLJ1-4,11429,428,5088,5463,32,218,7,28,165,7666,283,3637,3468,25,161,4,7,81,NA,41347,91620,01230,97,34,7,13,800.1812241841591,964.5227541728062
1306500000H,GA,065,H,1071,8,298,751,1,0,0,0,13,793,4,249,531,1,0,0,0,8,NA,39748,91158,01260,176,7,1,1,102.12152357920193,72.0763804917372
1306500XF-W,GA,065,XF-W,1215,8,825,366,12,0,0,0,4,857,4,600,243,8,0,0,0,2,NA,28744,91158,01260,176,7,1,1,110.363361547763,77.89338976219267
130650XAB-D,GA,065,XAB-D,1364,13,1120,222,5,1,0,0,3,986,9,833,139,3,0,0,0,2,NA,39748,91530,01260,176,7,1,1,126.97581620314389,89.61829907295446
130650XAG-C,GA,065,XAG-C,3228,25,2470,680,9,7,0,3,34,2326,15,1855,430,4,6,0,2,14,NA,39748,91530,01260,176,7,1,1,299.53929866989114,211.41193067311568
1306700AC1A,GA,067,AC1A,4205,212,3413,410,5,104,0,9,52,3073,160,2533,267,5,71,0,4,33,NA,00408,90018,01290,38,37,10,6,266.92005029543003,470.2115034105198
1306700AC1B,GA,067,AC1B,9223,600,6970,1252,20,203,3,31,144,6725,386,5262,817,13,145,3,14,85,NA,00408,90018,01290,38,37,10,6,584.1319031034061,1029.0180151108837
1306700AD01,GA,067,AD01,2751,122,2248,202,3,115,1,6,54,2082,81,1743,133,3,83,1,5,33,NA,NA,92202,01290,40,21,10,6,180.84202561506194,318.574796648455
1306700AU1A,GA,067,AU1A,3445,111,2063,1165,15,34,0,12,45,2507,69,1580,800,8,26,0,4,20,NA,04252,90174,01290,36,33,11,11,217.7574246959463,383.60567492683793
1306700AU1B,GA,067,AU1B,1785,482,1152,128,1,5,0,0,17,1286,319,869,83,1,5,0,0,9,NA,04252,90174,01290,33,33,11,11,111.70165463062902,196.77578697882473
1306700BF01,GA,067,BF01,3492,154,2806,236,11,189,6,6,84,2542,88,2119,143,10,121,5,3,53,NA,NA,92202,01290,40,21,10,6,220.79751638496035,388.96115902035183
1306700BF02,GA,067,BF02,3726,138,2866,397,7,246,3,20,49,2816,93,2243,266,4,173,3,7,27,NA,NA,92202,01290,40,21,10,6,244.59709132181285,430.88694878100347
1306700BF03,GA,067,BF03,7800,503,6314,604,25,232,3,13,106,5547,343,4572,387,20,168,2,4,51,NA,84176,92202,01290,40,21,10,6,481.8111028274488,848.7677219063303
1306700BG01,GA,067,BG01,3125,309,2400,278,8,78,1,2,49,2527,220,1972,230,6,65,1,2,31,NA,43192,90018,01290,34,37,10,6,219.49461994681147,386.6659515517031
1306700BG02,GA,067,BG02,5354,168,4366,491,8,256,0,13,52,3735,116,3063,338,4,175,0,5,34,NA,43192,90018,01290,38,37,10,6,324.4212130990664,571.506659693554
1306700BG03,GA,067,BG03,3846,138,3242,277,7,124,0,18,40,2601,77,2226,181,7,84,0,6,20,NA,NA,90018,01290,38,37,10,6,225.9222423750125,397.98897506370383
1306700BK01,GA,067,BK01,4458,193,3261,660,6,239,1,16,82,3102,125,2296,459,4,165,1,5,47,NA,00408,90018,01290,38,37,10,6,269.43898340918446,474.64890451657413
1306700BR01,GA,067,BR01,3998,349,2257,1173,15,122,0,10,72,2875,233,1752,752,11,91,0,5,31,NA,NA,92784,01290,29,32,11,11,249.72181731186507,439.9147648243555
1306700BR02,GA,067,BR02,3261,139,2053,905,2,123,1,1,37,2412,95,1604,607,2,79,0,1,24,NA,48288,92784,01290,33,32,11,11,209.50574725433688,369.06936095872885
1306700BT01,GA,067,BT01,5342,646,928,3648,7,27,1,7,78,3659,419,741,2425,3,21,1,0,49,NA,48288,91866,01290,33,33,11,11,317.81987114577885,559.8776085190666
1306700BY01,GA,067,BY01,4652,518,1913,1653,6,287,0,144,131,3604,363,1705,1096,6,226,0,112,96,NA,49756,91926,01290,30,32,10,11,313.0425842058997,551.4618478006877
1306700CA01,GA,067,CA01,9032,772,4778,2453,18,638,4,125,244,8009,589,4569,2001,18,557,4,94,177,NA,71492,92202,01290,30,32,10,5,695.6598382089486,1225.487774427222
1306700CH01,GA,067,CH01,2667,48,2311,240,4,36,2,1,25,1883,31,1659,147,4,25,2,1,14,NA,NA,90018,01290,34,37,10,6,163.5569328689537,288.1250442310474
1306700CH02,GA,067,CH02,2964,94,2654,132,0,50,3,4,27,2070,59,1854,99,0,35,3,2,18,NA,49756,90018,01290,34,37,10,6,179.79970846454285,316.73863067353597
1306700CH03,GA,067,CH03,2245,41,1780,339,5,50,0,8,22,1602,27,1301,224,5,34,0,2,9,NA,49756,90018,01290,34,37,10,6,139.14933959429837,245.12815765169302
1306700CK01,GA,067,CK01,6117,585,4510,552,15,264,3,14,174,4875,428,3713,396,11,193,3,8,123,NA,NA,90018,01290,34,37,10,6,423.44134239837985,745.9424273108635
1306700CL01,GA,067,CL01,5460,175,3815,1318,11,43,1,16,81,3954,106,2945,822,6,31,0,4,40,NA,04252,90174,01290,36,33,11,11,343.4435010960398,605.0166887358266
1306700CR01,GA,067,CR01,3810,90,3484,111,9,87,2,4,23,2688,55,2468,77,5,61,2,3,17,NA,NA,92202,01290,37,21,10,6,233.4790417162759,411.3011783818669
1306700CU01,GA,067,CU01,3480,93,2734,435,6,153,2,2,55,3191,79,2554,363,4,140,2,2,47,NA,79612,93222,01290,30,32,10,5,277.1695022755344,488.26713549722376
1306700DC01,GA,067,DC01,2120,42,1928,40,1,87,0,1,21,1469,27,1340,30,1,61,0,0,10,NA,NA,92202,01290,37,32,10,6,127.59699117604512,224.77731809634022
1306700DI01,GA,067,DI01,1439,137,308,932,3,25,1,2,31,994,81,274,592,3,21,1,1,21,NA,71492,92784,01290,32,33,10,5,86.33860396799787,152.09574825579455
1306700DI02,GA,067,DI02,4613,677,1641,1707,17,359,0,75,137,3727,496,1479,1289,16,286,0,58,103,NA,49756,91140,01290,32,33,11,11,323.72633499872035,570.2825490436079
1306700DL01,GA,067,DL01,4282,104,3529,519,7,87,0,7,29,2848,69,2379,309,4,66,0,4,17,NA,NA,90018,01290,34,37,10,6,247.37660372319712,435.78339138078763
1306700DO01,GA,067,DO01,2606,29,2383,73,0,90,0,6,25,1887,22,1731,59,0,58,0,4,13,NA,NA,92202,01290,37,32,10,6,163.90437191912673,288.73709955602044
1306700DV01,GA,067,DV01,3611,108,3262,139,14,53,0,13,22,2375,63,2154,96,8,39,0,5,10,NA,NA,92202,01290,39,21,10,6,206.29193604023632,363.4078492027284
1306700DW01,GA,067,DW01,3051,64,2823,104,3,37,1,0,19,2223,42,2072,68,3,23,1,0,14,NA,NA,90018,01290,34,37,10,6,193.08925213366123,340.1497468537538
1306700EA01,GA,067,EA01,3480,87,3121,80,5,148,0,3,36,2707,54,2460,63,3,103,0,3,21,NA,NA,92202,01290,31,32,10,6,235.1293772045978,414.20844117548876
1306700EC01,GA,067,EC01,2373,47,2021,166,3,123,0,3,10,1692,36,1449,122,3,75,0,2,5,NA,NA,92202,01290,39,21,10,6,146.96671822319152,258.8994024635859
1306700EL01,GA,067,EL01,4133,283,3168,424,15,186,0,3,54,3450,213,2710,340,11,134,0,2,40,NA,49756,91926,01290,32,37,10,6,299.66618077423806,527.8977177892266
1306700EL02,GA,067,EL02,3153,128,2513,314,10,152,0,4,32,2505,84,2057,221,9,107,0,2,25,NA,49756,91926,01290,40,21,10,6,217.5837051708598,383.2996472643514
1306700EL03,GA,067,EL03,2618,66,2291,139,3,89,0,8,22,2010,51,1792,85,2,64,0,4,12,NA,49756,91926,01290,40,21,10,6,174.5881227119474,307.55780079894066
1306700EL04,GA,067,EL04,3643,344,2245,789,1,183,1,20,60,2763,229,1828,529,1,136,1,5,34,NA,49756,91926,01290,32,21,10,6,239.99352390702023,422.77721572511103
1306700EL05,GA,067,EL05,3824,132,3098,268,4,257,0,14,51,2775,85,2282,177,4,192,0,7,28,NA,NA,92202,01290,37,21,10,6,241.0358410575393,424.61338170003006
1306700EL06,GA,067,EL06,3696,67,3215,158,7,217,1,9,22,2615,44,2302,104,6,144,1,5,9,NA,NA,92202,01290,37,21,10,6,227.1382790506181,400.13116870110935
1306700EV01,GA,067,EV01,3075,76,2789,92,0,92,0,1,25,2399,60,2187,67,0,68,0,1,16,NA,NA,91926,01290,31,32,10,6,208.37657034127454,367.0801811525665
1306700FO01,GA,067,FO01,6842,1361,3042,2016,12,256,1,11,143,4894,923,2397,1286,7,191,1,6,83,NA,NA,91926,01290,35,33,11,11,425.09167788670175,748.8496901044854
1306700FO02,GA,067,FO02,2339,372,1416,378,5,131,0,0,37,1760,227,1168,236,5,96,0,0,28,NA,NA,91140,01290,35,33,11,11,152.87318207613305,269.3043429881272
1306700FO03,GA,067,FO03,5836,802,2084,2688,7,144,11,17,83,3996,514,1756,1562,4,108,6,4,42,NA,NA,91140,01290,35,33,11,11,347.0916111228566,611.4432696480433
1306700FO04,GA,067,FO04,4940,1180,2418,1119,5,151,1,2,64,3559,682,2017,707,3,111,1,1,37,NA,28520,91140,01290,35,33,11,11,309.1338948914531,544.5762253947412
1306700FO05,GA,067,FO05,5554,2051,2117,1258,12,40,1,3,72,4151,1477,1736,849,11,29,1,3,45,NA,28520,91140,01290,35,33,11,11,360.5548743170615,635.1604134907476
1306700FO06,GA,067,FO06,3055,1016,1093,862,8,34,0,3,39,2230,668,925,575,7,28,0,2,25,NA,28520,91926,01290,35,33,11,11,193.697270471464,341.22084367245657
1306700FP01,GA,067,FP01,1667,32,1309,48,1,251,0,1,25,1200,20,964,36,1,161,0,0,18,NA,NA,92202,01290,31,32,10,6,104.23171505190889,183.6165974919049
1306700FR01,GA,067,FR01,5469,76,5117,152,7,74,4,6,33,3562,44,3342,89,5,62,2,2,16,NA,NA,90018,01290,38,37,10,6,309.39447417908286,545.035266888471
1306700FY01,GA,067,FY01,1748,48,1585,76,8,11,1,1,18,1188,27,1085,49,8,8,1,1,9,NA,00408,90018,01290,38,37,10,6,103.1893979013898,181.78043151698583
1306700GM01,GA,067,GM01,3383,110,3027,141,2,46,0,10,47,2412,77,2178,87,2,33,0,9,26,NA,NA,92202,01290,39,21,10,6,209.50574725433688,369.06936095872885
1306700GT01,GA,067,GT01,3464,139,2915,232,8,119,1,4,46,2615,84,2247,165,5,86,1,2,25,NA,NA,92202,01290,40,21,10,6,227.1382790506181,400.13116870110935
1306700HL01,GA,067,HL01,4632,694,2284,1536,5,24,0,25,64,3318,412,1852,991,4,18,0,11,30,NA,48288,91866,01290,33,33,10,11,288.2006921185281,507.699892065117
1306700HR01,GA,067,HR01,1480,15,1374,65,1,14,0,4,7,1064,7,997,42,1,10,0,3,4,NA,NA,90018,01290,34,37,10,6,92.41878734602588,162.80671644282234
1306700HT01,GA,067,HT01,2999,88,2658,124,0,86,0,4,39,2101,57,1877,87,0,60,0,2,18,NA,NA,92202,01290,39,21,10,6,182.49236110338381,321.48205944207683
1306700HY01,GA,067,HY01,5374,132,4813,222,25,120,2,2,58,3538,84,3181,144,13,85,2,0,29,NA,43192,90018,01290,38,37,10,6,307.3098398780447,541.3629349386329
1306700KE01,GA,067,KE01,2700,127,2199,278,4,42,0,6,44,2122,92,1757,200,4,36,0,4,29,NA,43192,90018,01290,38,37,10,6,184.31641611679223,324.69534989818516
1306700KE02,GA,067,KE02,6777,714,5102,571,17,254,1,7,111,5013,448,3897,395,16,195,1,3,58,NA,43192,90018,01290,38,37,10,6,435.4279896293494,767.0583360224326
1306700KE03,GA,067,KE03,2221,146,1840,144,6,42,0,5,38,1662,95,1408,94,4,30,0,0,31,NA,43192,90018,01290,38,37,10,6,144.36092534689382,254.30898752628826
1306700KE04,GA,067,KE04,2995,168,2342,328,5,91,0,7,54,2057,118,1626,210,4,63,0,4,32,NA,43192,90018,01290,38,37,10,6,178.67053155148048,314.7494508673736
1306700KE05,GA,067,KE05,6982,189,5645,801,12,198,3,14,120,4808,132,3908,540,10,150,2,3,63,NA,43192,90018,01290,38,37,10,6,417.6217383079817,735.6905006175656
1306700KP01,GA,067,KP01,2930,69,2710,80,5,36,2,4,24,2078,43,1934,54,5,24,1,2,15,NA,NA,90018,01290,34,37,10,6,180.49458656488892,317.96274132348196
1306700KY01,GA,067,KY01,2856,132,2409,197,2,75,0,11,30,1989,80,1702,135,1,55,0,5,11,NA,NA,92202,01290,39,21,10,6,172.76406769853898,304.34451034283234
1306700LI01,GA,067,LI01,4058,165,2245,1507,16,82,0,5,38,3078,112,1853,1016,11,60,0,3,23,NA,48288,91866,01290,51,38,10,5,267.3543491081463,470.976572566736
1306700LM01,GA,067,LM01,6471,103,5888,359,7,48,3,7,56,4290,61,3924,228,7,35,0,0,35,NA,NA,90018,01290,36,37,10,6,372.62838131057424,656.4293360335599
1306700LM02,GA,067,LM02,5622,83,5259,179,8,44,7,6,36,3602,47,3359,130,7,34,4,2,19,NA,NA,90018,01290,38,37,10,6,312.86886468081315,551.1558201382012
1306700LW01,GA,067,LW01,5154,212,4279,474,11,120,0,8,50,3614,140,3031,307,10,96,0,4,26,NA,00408,90018,01290,38,37,10,6,313.91118183133227,552.9919861131202
1306700MA01,GA,067,MA01,3747,196,2688,736,6,58,2,2,59,2865,123,2178,475,4,46,2,0,37,NA,48288,91866,01290,33,33,11,11,248.85321968643248,438.38462651192293
1306700MA02,GA,067,MA02,3620,352,2279,847,14,35,0,12,81,2730,220,1885,535,9,23,0,8,50,NA,48288,91866,01290,33,33,11,11,237.1271517430927,417.72775929408357
1306700MA03,GA,067,MA03,3684,292,2333,939,18,26,0,20,56,2785,208,1934,570,8,21,0,10,34,NA,48288,91866,01290,33,33,11,11,241.9044386829719,426.1435200124626
1306700MA04,GA,067,MA04,1983,70,1612,196,6,70,1,12,16,1518,46,1264,133,3,55,0,8,9,NA,48288,91866,01290,29,32,11,11,131.85311954066475,232.27499582725966
1306700MA05,GA,067,MA05,2557,86,1974,386,9,50,0,21,31,1910,60,1517,266,9,37,0,4,17,NA,48288,91866,01290,33,32,11,11,165.90214645762165,292.25641767461525
1306700MB01,GA,067,MB01,2184,30,2049,43,8,27,0,0,27,1484,20,1387,38,6,19,0,0,14,NA,NA,92202,01290,40,21,10,6,128.899887614194,227.07252556498906
1306700MC01,GA,067,MC01,4034,202,2499,1212,8,40,1,11,61,2770,122,1797,779,5,32,0,6,29,NA,62524,92418,01290,36,33,11,6,240.60154224482304,423.8483125438138
1306700MD01,GA,067,MD01,2814,86,2535,89,7,67,0,7,23,1987,61,1794,65,5,47,0,2,13,NA,NA,92202,01290,37,21,10,6,172.59034817345247,304.03848268034585
1306700ME01,GA,067,ME01,2920,105,2275,479,8,33,0,4,16,2080,72,1653,315,8,22,0,1,9,NA,62524,92418,01290,36,37,11,6,180.66830608997543,318.2687689859685
1306700MK01,GA,067,MK01,4173,127,3647,236,4,111,0,7,41,2953,79,2604,159,2,82,0,3,24,NA,NA,92202,01290,40,21,10,6,256.4968787902391,451.84984366132926
1306700MR1A,GA,067,MR1A,9083,1477,3599,3178,13,482,4,107,223,7539,1098,3264,2503,11,409,4,80,170,NA,49756,91926,03510,32,33,10,11,654.8357498136177,1153.5712737428926
1306700MR2A,GA,067,MR2A,4264,57,3814,277,1,75,4,6,30,3129,43,2819,191,1,49,3,2,21,NA,49756,91926,03510,35,37,11,6,271.7841969978524,478.780277960142
1306700MR2B,GA,067,MR2B,2500,391,938,1059,0,58,0,9,45,1802,270,777,687,0,39,0,3,26,NA,49756,91926,03510,35,37,11,11,156.52129210294984,275.73092390034384
1306700MR3A,GA,067,MR3A,3773,999,2480,238,9,17,2,1,27,3129,781,2126,180,7,13,1,1,20,NA,49756,91926,03510,32,33,11,6,271.7841969978524,478.780277960142
1306700MR3B,GA,067,MR3B,4609,1173,1561,1696,4,69,4,24,78,3412,872,1298,1127,2,57,2,14,40,NA,49756,91926,03510,35,33,11,11,296.3655097975943,522.0831922019829
1306700MR4A,GA,067,MR4A,4111,117,3530,386,9,33,2,1,33,3448,89,3016,291,7,21,1,0,23,NA,49756,91926,03510,32,33,11,6,299.4924612491515,527.59169012674
1306700MR4B,GA,067,MR4B,2709,143,2113,313,7,87,0,6,40,2122,125,1640,252,5,70,0,5,25,NA,49756,91926,03510,32,37,10,6,184.31641611679223,324.69534989818516
1306700MR4C,GA,067,MR4C,2552,132,1717,587,6,67,2,13,28,1954,88,1394,395,3,50,2,6,16,NA,49756,91926,03510,34,37,11,6,169.723976009525,298.9890262493185
1306700MR5A,GA,067,MR5A,3055,333,553,2067,12,22,0,20,48,1992,224,469,1256,4,15,0,3,21,NA,49756,91926,03510,32,33,11,11,173.02464698616876,304.8035518365621
1306700MR5B,GA,067,MR5B,3887,804,1157,1657,16,175,0,6,72,2762,579,983,1014,12,129,0,1,44,NA,49756,91926,03510,32,33,10,11,239.90666414447696,422.62420189386773
1306700MR6A,GA,067,MR6A,5237,1699,1101,2175,15,96,6,32,113,3999,1232,975,1607,12,79,4,23,67,NA,49756,91926,03510,32,33,10,11,347.35219041048634,611.902311141773
1306700MR6B,GA,067,MR6B,6092,394,4073,1033,23,404,0,24,141,4959,282,3481,777,17,299,0,16,87,NA,49756,91926,03510,32,21,10,11,430.7375624520135,758.795589135297
1306700MR7A,GA,067,MR7A,6901,2244,1916,2424,10,140,6,19,142,5362,1639,1691,1787,8,117,5,10,105,NA,49756,91926,03510,32,33,10,11,465.7420467569462,820.4601631263283
1306700MS01,GA,067,MS01,3500,163,3141,108,8,27,1,12,40,2490,89,2273,67,8,21,0,7,25,NA,00408,90018,01290,38,37,10,6,216.28080873271094,381.00443979570264
1306700MT01,GA,067,MT01,3135,66,2867,66,2,88,0,14,32,2217,40,2040,52,1,58,0,5,21,NA,NA,92202,01290,31,21,10,6,192.56809355840167,339.2316638662943
1306700MT02,GA,067,MT02,2603,35,2359,58,1,130,0,1,19,1815,21,1655,42,1,83,0,0,13,NA,NA,92202,01290,37,21,10,6,157.65046901601218,277.7201037065061
1306700MT03,GA,067,MT03,3413,61,3041,88,0,167,0,14,42,2512,42,2272,56,0,109,0,6,27,NA,NA,92202,01290,31,32,10,6,218.19172350866262,384.37074408305426
1306700NC01,GA,067,NC01,2356,125,1861,248,3,58,0,26,35,1701,77,1371,171,2,41,0,18,21,NA,00408,90018,01290,38,37,10,6,147.74845608608086,260.2765269447752
1306700NP01,GA,067,NP01,5817,1396,2094,2046,17,135,2,17,110,4208,953,1726,1339,12,101,2,7,68,NA,71492,92784,01290,29,32,10,11,365.5058807820272,643.8822018716131
1306700NP02,GA,067,NP02,3892,517,2279,895,4,79,2,5,111,2876,331,1868,550,4,56,2,3,62,NA,71492,92784,01290,29,32,10,11,249.8086770744083,440.0677786555987
1306700NS01,GA,067,NS01,3566,150,2964,296,11,88,0,6,51,2536,97,2166,180,7,59,0,1,26,NA,NA,92202,01290,39,21,10,6,220.27635780970078,388.0430760328923
1306700OK01,GA,067,OK01,5002,183,3361,1277,17,106,1,5,52,4186,120,2931,996,11,84,1,3,40,NA,71492,93222,01290,29,32,10,5,363.59496600607554,640.5158975842616
1306700OR01,GA,067,OR01,4607,124,3888,476,10,54,1,12,42,3238,80,2791,300,6,37,1,6,17,NA,NA,90018,01290,34,37,10,6,281.25191111506746,495.4587855656567
1306700OR02,GA,067,OR02,6255,437,3440,2056,21,183,2,20,96,4427,263,2628,1325,12,142,2,7,48,NA,NA,90174,01290,36,32,11,11,384.5281687790005,677.3922309138857
1306700OR03,GA,067,OR03,7370,735,3583,2831,8,108,1,13,91,6052,547,3135,2229,5,70,0,7,59,NA,49756,91926,01290,34,37,11,11,525.6752829117938,926.0397066841737
1306700OR04,GA,067,OR04,5222,350,2534,2150,6,81,3,11,87,3630,225,1922,1379,5,52,2,4,41,NA,NA,92418,01290,34,33,11,11,315.30093803202436,555.4402074130122
1306700OR05,GA,067,OR05,3255,59,2490,650,6,21,1,5,23,2182,37,1667,433,6,18,0,2,19,NA,NA,90018,01290,34,37,10,6,189.52800186938768,333.8761797727804
1306700PA01,GA,067,PA01,4453,106,3984,124,4,186,0,4,45,3316,72,3001,90,4,117,0,3,29,NA,68516,92202,01290,31,21,10,6,288.0269725934416,507.3938644026305
1306700PC01,GA,067,PC01,1000,42,783,123,4,35,1,1,11,788,23,651,79,2,26,1,0,6,NA,48288,92784,01290,29,32,11,11,68.44549288408683,120.5748990196842
1306700PE01,GA,067,PE01,4986,256,2137,2454,9,48,0,11,71,3613,166,1741,1624,7,34,0,4,37,NA,48288,91866,01290,33,33,11,11,313.82432206878906,552.838972281877
1306700PF01,GA,067,PF01,2638,137,2178,152,9,95,1,1,65,2160,101,1832,111,3,74,0,0,39,NA,49756,91926,01290,30,21,10,6,187.617087093436,330.5098754854288
1306700PL01,GA,067,PL01,2949,96,2552,141,4,127,1,6,22,2535,83,2184,123,4,117,1,3,20,NA,79612,93222,01290,30,32,10,6,220.18949804715754,387.8900622016491
1306700PM01,GA,067,PM01,4254,64,3881,198,4,76,0,2,29,2801,34,2598,90,4,56,0,2,17,NA,43192,90018,01290,34,37,10,6,243.294194883664,428.59174131235466
1306700PO01,GA,067,PO01,4256,81,3855,166,5,116,0,6,27,2984,52,2717,109,5,87,0,1,13,NA,67284,92202,01290,39,21,10,6,259.1895314290801,456.5932724298702
1306700PP01,GA,067,PP01,2280,53,2014,111,2,77,0,0,23,1647,36,1472,76,2,51,0,0,10,NA,NA,92202,01290,39,21,10,6,143.05802890874497,252.01378005763948
1306700PS1A,GA,067,PS1A,5496,199,3345,1776,8,86,1,21,60,3579,123,2263,1082,6,69,0,11,25,NA,62524,92418,01290,36,33,11,11,310.8710901423183,547.6365020196064
1306700PS2A,GA,067,PS2A,3999,246,1499,2139,4,37,3,8,63,2567,145,1110,1248,4,28,2,6,24,NA,62524,92418,01290,36,33,11,11,222.96901044854175,392.7865048014332
1306700PS3A,GA,067,PS3A,2986,94,2153,700,4,11,3,2,19,2111,57,1601,427,3,9,3,0,11,NA,62524,92418,01290,36,33,11,11,183.3609587288164,323.0121977545094
1306700RM01,GA,067,RM01,4009,94,3576,139,3,160,1,4,32,2648,60,2368,94,3,108,0,1,14,NA,NA,92202,01290,40,21,10,6,230.00465121454562,405.1806251321368
1306700RS01,GA,067,RS01,8278,1513,899,5666,10,44,2,10,134,5596,1033,729,3704,8,37,2,5,78,NA,48288,91866,01290,33,33,10,11,486.06723119206845,856.2653996372497
1306700RW01,GA,067,RW01,3639,51,3371,98,5,89,2,0,23,2542,32,2356,72,5,65,1,0,11,NA,67284,92202,01290,37,21,10,6,220.79751638496035,388.96115902035183
1306700RW02,GA,067,RW02,4884,118,4287,152,0,290,0,11,26,3222,81,2843,103,0,180,0,5,10,NA,NA,92202,01290,37,32,10,6,279.86215491437537,493.01056426576463
1306700SA01,GA,067,SA01,3152,128,2598,273,8,103,1,4,37,2347,93,1981,166,5,81,1,0,20,NA,NA,92202,01290,39,21,10,6,203.85986268902514,359.1234619279173
1306700SF01,GA,067,SF01,3778,93,3355,181,13,101,0,5,30,2751,64,2458,134,10,64,0,0,21,NA,67284,92202,01290,39,21,10,6,238.95120675650114,420.94104975019195
1306700SI01,GA,067,SI01,4310,125,3778,185,10,140,4,3,65,2860,82,2521,119,7,96,3,1,31,NA,NA,92202,01290,40,21,10,6,248.4189208737162,437.61955735570666
1306700SM01,GA,067,SM01,2204,72,1901,56,3,124,0,4,44,1575,54,1373,39,3,80,0,0,26,NA,NA,92202,01290,37,21,10,6,136.80412600563042,240.99678420812515
1306700SM02,GA,067,SM02,3038,91,2611,137,2,139,0,10,48,2285,65,1985,95,1,106,0,5,28,NA,NA,91926,01290,31,32,10,6,198.47455741134317,349.63660439083554
1306700SM03,GA,067,SM03,3538,222,2545,385,2,293,1,6,84,2852,177,2106,289,1,219,1,5,54,NA,49756,91926,01290,37,32,10,6,247.72404277337014,436.3954467057606
1306700SM04,GA,067,SM04,3204,203,2318,310,3,291,0,9,70,2477,134,1890,197,2,206,0,4,44,NA,49756,91926,01290,37,21,10,6,215.1516318196486,379.0152599895403
1306700SN01,GA,067,SN01,5092,1432,1433,1853,14,251,2,12,95,3966,1024,1296,1371,12,203,2,3,55,NA,71492,92784,01290,30,33,10,5,344.4858182465589,606.8528547107456
1306700SN02,GA,067,SN02,4531,294,3077,766,17,293,0,12,72,4149,228,2928,642,15,266,0,12,58,NA,71492,92784,01290,30,32,10,5,360.38115479197495,634.8543858282611
1306700SN03,GA,067,SN03,4852,525,1973,2105,14,140,1,7,87,4014,382,1810,1627,11,129,1,4,50,NA,71492,92784,01290,29,33,10,5,348.6550868486352,614.1975186104219
1306700SN04,GA,067,SN04,5116,1457,2517,960,21,76,6,9,70,3952,1040,2154,637,16,55,3,5,42,NA,71492,92784,01290,29,32,10,5,343.2697815709533,604.7106610733401
1306700SN05,GA,067,SN05,6234,1239,2879,1694,15,278,2,21,106,4770,830,2465,1173,13,205,2,9,73,NA,71492,92784,01290,29,32,10,11,414.3210673313378,729.8759750303219
1306700SN06,GA,067,SN06,6470,358,3942,1831,6,239,1,11,82,5180,292,3357,1282,2,190,1,6,50,NA,71492,92784,01290,29,32,10,5,449.93356997407335,792.6116458400561
1306700SN7A,GA,067,SN7A,4574,136,3418,781,5,164,0,21,49,3672,109,2835,555,5,132,0,9,27,NA,71492,92784,01290,29,32,10,5,318.9490480588412,561.8667883252289
1306700SN7B,GA,067,SN7B,4126,218,2697,969,10,157,0,5,70,3300,140,2345,654,7,121,0,1,32,NA,71492,92784,01290,29,32,10,11,286.63721639274945,504.9456431027385
1306700SO01,GA,067,SO01,2642,55,2353,101,4,97,1,2,29,2049,43,1828,78,3,78,1,2,16,NA,NA,92202,01290,31,32,10,6,177.9756534511344,313.5253402174276
1306700SP01,GA,067,SP01,2268,82,1860,138,3,144,1,9,31,1872,64,1588,88,2,103,1,2,24,NA,49756,91926,01290,30,21,10,6,162.60147548097788,286.4418920873716
1306700SW01,GA,067,SW01,4304,110,3549,548,8,36,1,7,45,3065,64,2586,358,6,23,1,1,26,NA,62524,92418,01290,36,33,11,6,266.2251721950839,468.9873927605737
1306700SW02,GA,067,SW02,4561,230,2427,1759,7,58,10,8,62,3469,156,2014,1192,5,50,10,1,41,NA,62524,90174,01290,36,33,11,11,301.31651626255996,530.8049805828483
1306700SW03,GA,067,SW03,2956,119,2046,688,4,52,0,5,42,2314,78,1718,451,3,37,0,4,23,NA,48288,90174,01290,33,33,11,11,200.99349052509766,354.0740054968899
1306700SW04,GA,067,SW04,5536,228,2795,2328,13,71,2,11,88,4086,158,2277,1536,6,56,2,3,48,NA,04252,90174,01290,36,33,11,11,354.90898975174974,625.2145144599361
1306700SY01,GA,067,SY01,3033,127,2364,329,5,142,6,6,54,2253,88,1802,210,5,108,5,2,33,NA,NA,91926,01290,40,21,10,6,195.69504500995893,344.74016179105143
1306700TM01,GA,067,TM01,2975,121,2028,530,3,233,0,11,49,2432,86,1726,399,3,178,0,8,32,NA,49756,91926,01290,31,32,10,6,211.24294250520202,372.12963758359393
1306700TR01,GA,067,TR01,3201,58,2988,49,2,88,0,4,12,2131,37,1993,39,2,55,0,2,3,NA,67284,92202,01290,37,21,10,6,185.09815397968154,326.0724743793744
1306700TS01,GA,067,TS01,2453,66,1936,305,7,110,0,1,28,2245,62,1795,274,6,88,0,1,19,NA,71492,93222,01290,30,32,10,5,195.0001669096129,343.5160511411054
1306700TT01,GA,067,TT01,4501,132,4024,185,5,139,4,2,10,2982,80,2682,112,2,99,2,2,3,NA,67284,92202,01290,39,21,10,6,259.0158119039936,456.28724476738364
1306700VA01,GA,067,VA01,4996,95,4650,170,4,48,0,5,24,3137,54,2928,104,3,30,0,4,14,NA,NA,90018,01290,38,37,10,6,272.4790750981985,480.00438861008803
1306700VG01,GA,067,VG01,1517,22,1407,56,1,25,0,2,4,1201,16,1114,45,1,20,0,2,3,NA,79612,93222,01290,30,32,10,6,104.31857481445215,183.76961132314815
1306700VG02,GA,067,VG02,6398,161,4331,1545,13,242,1,19,86,5888,140,4179,1254,12,216,1,14,72,NA,79612,93222,01290,51,38,10,5,511.4302818546996,900.9454383602799
1306700WG01,GA,067,WG01,5192,175,3947,769,13,162,5,17,104,3535,115,2733,489,9,117,3,6,63,NA,43192,90018,01290,38,37,10,6,307.0492605904149,540.9038934449031
1306700WL01,GA,067,WL01,3268,55,2982,137,3,68,0,5,18,2149,43,1960,92,2,37,0,4,11,NA,67284,92202,01290,39,21,10,6,186.66162970546017,328.826723341753
13067XSO2/3,GA,067,XSO2/3,7639,180,6536,326,10,446,1,17,123,5812,128,5028,241,9,305,1,12,88,NA,68516,92202,01290,31,32,10,6,504.82893990141207,889.3163871857927
13069000001,GA,069,1,25030,1826,16021,6722,78,194,7,13,169,17716,1175,11986,4273,53,129,5,4,91,NA,23872,90972,01350,167,19,1,1,1899.6284894338637,1661.9273228727964
13069000002,GA,069,2,2862,219,2076,547,3,1,1,0,15,2069,138,1555,365,3,1,1,0,6,NA,02060,90084,01350,167,19,1,1,221.85207409339944,194.09164772091984
13069000003,GA,069,3,449,23,304,122,0,0,0,0,0,339,19,235,85,0,0,0,0,0,NA,NA,90084,01350,167,19,1,1,36.34985650926168,31.801386455965115
13069000004,GA,069,4,3448,155,2399,863,7,7,0,0,17,2429,92,1771,550,4,4,0,0,8,NA,11504,90438,01350,167,19,1,1,260.4536916253587,227.86303156796242
13069000005,GA,069,5,4129,222,2603,1289,8,1,1,1,4,3195,124,1980,1081,7,1,1,0,1,NA,55440,92166,01350,167,19,1,1,342.5893555961388,299.7210316425031
13069000006,GA,069,6,1495,105,1298,86,2,1,0,0,3,1083,61,948,69,1,1,0,0,3,NA,NA,93324,01350,167,19,1,1,116.12653274197756,101.59557973985315
13071000001,GA,071,0001,5388,251,938,4119,15,10,1,1,53,3632,159,745,2683,9,9,1,0,26,NA,53060,92100,01380,164,11,4,2,407.3649295313012,436.768534906588
13071000007,GA,071,0007,1601,180,1258,138,2,7,0,1,15,1135,112,924,85,1,5,0,0,8,NA,53060,92100,01380,164,13,4,2,127.30154047853163,136.49016715830876
13071000008,GA,071,0008,2002,379,1482,130,2,1,0,0,8,1482,252,1136,85,2,1,0,0,6,NA,53060,91254,01380,164,11,4,2,166.22104228121927,178.2188790560472
13071000009,GA,071,0009,467,59,321,77,3,0,0,0,7,347,39,242,56,3,0,0,0,7,NA,NA,92184,01380,165,13,4,2,38.91950180268764,41.72871189773845
13071000010,GA,071,0010,1157,27,653,464,2,0,0,0,11,846,15,518,310,1,0,0,0,2,NA,23284,90960,01380,164,11,4,2,94.88731563421828,101.7362831858407
13071000011,GA,071,0011,1687,183,1323,177,1,1,0,0,2,1182,101,969,109,1,1,0,0,1,NA,31684,91254,01380,164,11,4,2,132.57305801376597,142.14218289085545
13071000012,GA,071,0012,1034,28,952,42,6,2,0,0,4,759,19,708,27,2,1,0,0,2,NA,NA,91254,01380,164,11,4,2,85.12940019665683,91.2740412979351
13071000013,GA,071,0013,573,13,522,32,2,1,0,0,3,433,6,409,14,2,1,0,0,1,NA,NA,91254,01380,164,11,4,2,48.56525729269092,52.07069813176008
13071000014,GA,071,0014,3083,501,2358,190,5,8,0,2,19,2185,333,1724,115,4,5,0,0,4,NA,53060,92100,01380,166,13,4,1,245.06948541461816,262.7586037364798
13071000015,GA,071,0015,2456,672,1572,188,5,1,0,2,16,1786,418,1225,128,4,0,0,2,9,NA,53060,92100,01380,166,13,4,2,200.31766633890527,214.77659783677484
13071000016,GA,071,0016,566,2,527,24,4,2,3,0,4,433,1,408,18,2,2,1,0,1,NA,NA,90960,01380,164,11,4,2,48.56525729269092,52.07069813176008
13071000017,GA,071,0017,1927,106,1604,205,3,1,0,1,7,1443,72,1219,142,3,1,0,0,6,NA,53060,92100,01380,164,13,4,2,161.84680432645033,173.52890855457227
13071000018,GA,071,0018,1048,23,1006,17,0,0,0,0,2,785,13,760,10,0,0,0,0,2,NA,53060,92100,01380,164,11,4,2,88.04555883316945,94.40068829891838
13071000019,GA,071,0019,4016,275,3174,542,10,5,0,0,10,2880,161,2373,328,8,5,0,0,5,NA,55860,92184,01380,165,13,4,2,323.0206489675516,346.3362831858407
13071000020,GA,071,0020,1520,272,1134,106,0,3,0,0,5,1114,164,873,72,0,1,0,0,4,NA,07304,90258,01380,166,13,4,1,124.94618157980989,133.96479842674532
13071000021,GA,071,0021,373,11,287,72,1,0,0,0,2,281,9,217,52,1,0,0,0,2,NA,NA,90960,01380,164,11,4,2,31.51694526384792,33.79183874139627
13071000022,GA,071,0022,942,166,749,11,1,4,1,0,10,715,145,552,11,1,3,1,0,2,NA,58184,92184,01380,165,13,4,2,80.19436250409701,85.98279252704032
13071000023,GA,071,0023,2071,621,1376,66,3,0,0,0,5,1597,514,1027,50,3,0,0,0,3,NA,27008,90258,01380,165,13,4,2,179.1194362504097,192.04827925270402
1307100002A,GA,071,0002A,2646,63,2001,543,3,10,3,5,18,1964,35,1576,327,3,5,2,2,14,NA,53060,92100,01380,165,11,4,1,220.28213700426093,236.18210422812194
1307100002B,GA,071,0002B,6028,413,3551,1989,6,31,0,6,32,4448,276,2908,1217,4,21,0,1,21,NA,53060,92100,01380,165,13,4,1,498.88744673877414,534.8971484759095
1307100002C,GA,071,0002C,1468,309,464,680,3,2,0,1,9,1063,193,393,467,1,2,0,0,7,NA,53060,92100,01380,166,13,4,1,119.22602425434285,127.83176007866274
13073000010,GA,073,010,2543,22,2279,164,20,21,1,1,35,1823,14,1623,130,16,16,1,1,22,NA,NA,90102,01410,112,24,5,9,170.15401380890262,250.98224569664958
13073000015,GA,073,015,2697,36,2463,92,10,48,2,8,38,1988,25,1826,68,9,35,2,2,21,NA,28044,91110,01410,112,24,5,9,185.55467879983456,273.6986859270101
13073000020,GA,073,020,2587,72,2078,370,9,19,4,1,34,1891,46,1558,240,5,17,2,1,22,NA,36696,91410,01410,112,24,5,9,176.5009545324382,260.34417257946484
13073000021,GA,073,021,1580,37,1001,511,4,10,0,2,15,1112,23,679,389,4,8,0,0,9,NA,36696,91410,01410,112,24,5,9,103.79114830252315,153.0950396130962
13073000025,GA,073,025,2387,34,2069,224,15,12,5,0,28,1698,21,1484,155,11,8,3,0,16,NA,36696,91410,01410,112,24,5,9,158.4868433612269,233.77282127970983
13073000026,GA,073,026,1636,26,1226,342,6,3,7,0,26,1201,15,901,255,5,3,6,0,16,NA,35716,91410,01410,112,24,5,9,112.09817366126826,165.34814979795732
13073000030,GA,073,030,4386,218,3435,569,16,33,9,8,98,3003,122,2426,357,14,30,4,3,47,NA,35716,91410,01410,112,24,5,9,280.2921028349613,413.439212192561
13073000031,GA,073,031,3312,409,1942,793,15,67,4,12,70,2202,284,1332,484,12,52,4,1,33,NA,35716,91410,01410,112,24,5,9,205.52887460625539,303.161220528811
13073000032,GA,073,032,1795,43,1485,206,6,33,1,3,18,1334,35,1112,137,5,30,1,2,12,NA,04204,91410,01410,112,24,5,9,124.51204301759522,183.65897737758124
13073000040,GA,073,040,1629,9,1332,255,8,11,1,1,12,1183,5,970,187,7,7,1,1,5,NA,NA,90102,01410,112,24,5,9,110.41810111680294,162.86999268191795
13073000050,GA,073,050,2088,29,1284,741,8,8,2,1,15,1589,19,992,556,4,3,2,1,12,NA,NA,90102,01410,112,24,5,9,148.31307073085367,218.76620318813832
13073000060,GA,073,060,3185,73,2654,339,17,56,1,0,45,2179,50,1814,240,12,45,1,0,17,NA,28044,91110,01410,112,24,5,9,203.38211524388302,299.99468643609407
13073000061,GA,073,061,2691,54,2202,346,2,54,0,4,29,1666,34,1374,214,2,35,0,0,7,NA,NA,91110,01410,112,24,5,9,155.50004772662191,229.36720862897323
13073000065,GA,073,065,2595,45,2159,272,8,73,3,10,25,1777,27,1501,168,7,58,2,1,13,NA,28044,91110,01410,112,24,5,9,165.86049508415795,244.64917751121575
13073000070,GA,073,070,2262,34,2009,161,5,34,0,0,19,1621,24,1459,104,5,24,0,0,5,NA,28044,91110,01410,112,24,5,9,151.29986636545866,223.17181583887495
13073000074,GA,073,074,2548,72,1933,422,3,67,2,3,46,1760,49,1342,296,3,49,2,0,19,NA,28044,91110,01410,112,24,5,9,164.27375990327405,242.30869579051196
13073000075,GA,073,075,1605,31,1276,211,6,38,1,7,35,1098,22,884,144,4,30,1,1,12,NA,28044,91110,01410,112,24,5,9,102.48442521238347,151.16758407839893
13073000076,GA,073,076,3103,121,2328,465,2,116,10,11,50,2128,72,1639,298,2,86,6,6,19,NA,50036,91110,01410,113,24,5,9,198.62190970123137,292.97324127398264
13073000080,GA,073,080,2245,40,1921,140,2,116,1,0,25,1612,19,1384,98,2,97,1,0,11,NA,50036,91110,01410,113,24,5,9,150.459830093226,221.93273728085524
13073000085,GA,073,085,1729,41,1514,74,1,69,1,0,29,1207,27,1077,44,1,46,1,0,11,NA,50036,91110,01410,113,24,5,9,112.65819784275669,166.1742021699704
13073000090,GA,073,090,2938,95,2429,281,12,58,7,5,51,2231,60,1886,199,7,48,4,3,24,NA,50036,91110,01410,113,24,5,9,208.23565815011614,307.153806993541
13073000100,GA,073,100,3092,71,2629,173,10,173,1,4,31,2343,49,2013,127,9,136,1,0,8,NA,50036,91110,01410,113,24,5,9,218.68944287123358,322.57345127111904
13073000105,GA,073,105,1393,11,1147,23,7,183,0,5,17,1051,9,884,13,4,129,0,3,9,NA,50036,91110,01410,113,24,5,9,98.0975691240574,144.69684049762958
13073000106,GA,073,106,2127,41,1793,66,0,211,0,6,10,1463,24,1246,45,0,142,0,2,4,NA,50036,91110,01410,113,24,5,9,136.55256291959654,201.41910337586305
13073000107,GA,073,107,777,21,499,215,0,32,0,3,7,567,11,360,172,0,21,0,0,3,NA,50036,91110,01410,113,24,5,9,52.92228515065704,78.06194915523879
13073000108,GA,073,108,3089,42,2654,135,1,236,0,6,15,2152,27,1869,81,1,164,0,1,9,NA,50036,91110,01410,113,24,5,9,200.86200642718507,296.277450762035
13073000110,GA,073,110,1457,18,1292,113,4,13,0,1,16,1019,10,917,72,2,8,0,0,10,NA,50036,91110,01410,113,24,5,9,95.11077348945241,140.291227846893
13073000111,GA,073,111,2719,63,2244,192,11,163,1,4,41,1786,41,1485,124,7,113,0,1,15,NA,50036,91110,01410,113,24,5,9,166.7005313563906,245.88825606923544
13073000115,GA,073,115,2465,71,1876,349,5,120,1,2,41,1754,42,1359,240,5,87,1,1,19,NA,50036,91110,01410,113,24,5,9,163.7137357217856,241.48264341849884
13073000120,GA,073,120,3054,55,2718,211,2,37,1,9,21,2409,31,2172,154,2,32,1,4,13,NA,28044,91110,01410,113,24,5,9,224.84970886760635,331.6600273632632
13073000125,GA,073,125,2415,59,1937,274,5,88,0,3,49,1721,40,1416,176,5,62,0,0,22,NA,28044,91110,01410,113,24,5,9,160.63360272359924,236.93935537242675
13073000130,GA,073,130,3246,100,2714,234,10,137,1,2,48,2306,53,1954,171,7,98,1,2,20,NA,28044,91110,01410,113,24,5,9,215.23596041872156,317.47946164370484
13073000131,GA,073,131,1007,14,913,55,3,8,0,0,14,756,8,686,46,1,5,0,0,10,NA,28044,91110,01410,113,24,5,9,70.56304686754271,104.08259887365172
13073000132,GA,073,132,3439,74,2900,271,7,144,2,11,30,2327,48,1974,173,4,109,2,3,14,NA,28044,91110,01410,113,24,5,9,217.19604505393107,320.3706449457507
13073000135,GA,073,135,2717,51,2291,231,10,99,2,0,33,1752,32,1491,135,7,63,2,0,22,NA,NA,91110,01410,113,24,5,9,163.5270609946228,241.2072926278278
13073000136,GA,073,136,3010,58,2394,293,8,220,0,7,30,1936,31,1561,179,5,152,0,1,7,NA,50036,91110,01410,113,24,5,9,180.70113589360145,266.53956536956315
13073000137,GA,073,137,1740,23,1418,104,4,175,0,0,16,1213,14,990,68,3,131,0,0,7,NA,50036,91110,01410,113,24,5,9,113.21822202424514,167.00025454198354
1307500000C,GA,075,C,2909,84,1354,1434,11,11,0,1,14,1998,55,1028,884,11,11,0,1,8,NA,00576,90030,01470,166,7,4,1,268.330093656123,187.6545326029334
1307500000L,GA,075,L,1889,50,1452,364,2,1,0,0,20,1431,34,1125,256,2,1,0,0,13,NA,45936,91722,01470,166,7,4,1,192.18236437533133,134.40121929669553
1307500000M,GA,075,M,795,20,750,19,1,1,0,0,4,574,12,548,11,1,1,0,0,1,NA,NA,90030,01470,166,7,4,1,77.08782470401131,53.910761618660544
1307500000S,GA,075,S,1755,60,910,762,1,7,0,2,13,1214,32,687,481,1,3,0,1,9,NA,72556,90030,01470,166,7,4,1,163.03940625552218,114.02032161159215
130750000AE,GA,075,AE,3420,162,2618,594,2,23,2,0,19,2553,113,2045,365,2,15,1,0,12,NA,00576,90030,01470,166,7,4,1,342.86623078282383,239.7807916593038
130750000AW,GA,075,AW,1303,14,116,1160,1,2,3,0,7,832,7,81,738,1,2,1,0,2,NA,00576,90030,01470,166,7,4,1,111.73705601696413,78.1424279908111
130750000PV,GA,075,PV,1537,22,1404,99,3,1,0,0,8,1144,13,1053,74,2,0,0,0,2,NA,00576,90030,01470,166,7,4,1,153.6384520233257,107.44583848736526
130750000RB,GA,075,RB,2163,73,1922,133,3,16,0,0,16,1572,41,1420,85,3,14,0,0,9,NA,00576,90030,01470,166,7,4,1,211.11857218589859,147.64410673263828
13077000001,GA,077,01,3246,37,2772,380,5,15,0,7,30,2316,23,2034,227,5,13,0,2,12,NA,69672,92724,01500,106,28,7,8,175.52243877117644,220.36845830777216
13077000002,GA,077,02,2398,14,2131,232,4,2,0,0,15,1735,11,1552,156,4,2,0,0,10,NA,52668,92070,01500,130,28,7,11,131.49025529706006,165.08604281691913
13077000003,GA,077,03,2186,29,1925,196,2,10,0,0,24,1537,12,1393,114,1,9,0,0,8,NA,25692,91344,01500,130,28,7,8,116.48445094615639,146.2462523398298
13077000004,GA,077,04,876,10,809,52,1,3,0,0,1,629,6,580,40,1,1,0,0,1,NA,NA,92154,01500,103,28,7,8,47.669954225850596,59.84963742469287
13077000005,GA,077,05,5078,174,2046,2785,11,18,0,5,39,3778,149,1679,1904,11,14,0,1,20,NA,55020,92154,01500,103,28,7,11,286.3228729177481,359.4784263759772
13077000006,GA,077,06,4313,131,3973,146,5,26,0,3,29,3054,89,2827,99,5,21,0,0,13,NA,69980,92724,01500,104,28,7,8,231.45316407909016,290.58949554055965
13077000007,GA,077,07,3366,110,2911,248,16,33,1,2,45,2403,74,2101,169,12,25,1,2,19,NA,58884,92154,01500,104,28,7,8,182.11589825869473,228.64654806285688
13077000008,GA,077,08,3526,24,3296,170,1,18,0,2,15,2583,19,2428,116,1,9,0,0,10,NA,NA,92154,01500,104,28,7,8,195.75753857769809,245.77363031475628
13077000009,GA,077,09,2087,43,1625,399,4,7,0,0,9,1518,28,1196,278,4,5,0,0,7,NA,34428,91344,01500,130,28,7,8,115.04450002359492,144.43839365768486
13077000010,GA,077,10,1853,19,1545,250,5,3,1,4,26,1318,13,1099,183,3,3,1,0,16,NA,36528,92724,01500,106,28,7,8,99.88712189136898,125.40830226668555
13077000011,GA,077,11,3878,81,3468,273,2,27,0,2,25,2681,55,2421,181,2,13,0,0,9,NA,NA,92154,01500,103,28,7,8,203.18465386248877,255.0983750963459
13077000012,GA,077,12,3457,46,2936,441,10,5,0,6,13,2523,32,2162,299,9,5,0,4,12,NA,82720,92154,01500,103,28,7,8,191.2103251380303,240.0646028974565
13077000013,GA,077,13,3079,496,2267,263,14,13,0,2,24,2311,431,1669,177,9,8,0,0,17,NA,25692,92154,01500,106,28,7,8,175.1435043178708,219.89270602299717
13077000014,GA,077,14,2973,36,2297,574,18,12,1,6,29,2102,22,1651,395,11,9,0,1,13,NA,77764,92724,01500,106,28,7,8,159.3040441696947,200.0062605194029
13077000015,GA,077,15,2937,64,2007,828,4,12,0,5,17,2002,43,1453,488,4,5,0,0,9,NA,55020,92154,01500,103,28,7,8,151.72535510358173,190.49121482390325
13077000016,GA,077,16,1501,123,1025,331,5,0,3,0,14,1123,92,799,220,4,0,1,0,7,NA,25692,92154,01500,103,28,7,11,85.10867821244868,106.8539631604612
13077000017,GA,077,17,4701,318,1017,3303,6,7,2,4,44,3119,258,848,1984,4,7,1,1,16,NA,55020,92154,01500,103,28,7,11,236.3793119720636,296.7742752426344
13077000018,GA,077,18,3755,98,3066,507,3,54,1,2,24,2711,66,2241,347,3,39,1,1,13,NA,55020,92154,01500,106,28,7,8,205.4582605823227,257.95288880499584
13077000019,GA,077,19,2813,121,2148,508,1,14,0,0,21,2118,87,1666,336,1,12,0,0,16,NA,55020,92154,01500,103,28,7,8,160.51663442027277,201.52866783068282
13077000020,GA,077,20,2834,105,2389,291,4,15,0,2,28,2166,87,1806,239,3,12,0,1,18,NA,55020,92154,01500,103,28,7,8,164.154405172007,206.09588976452267
13077000021,GA,077,21,6178,186,5393,466,18,70,0,3,42,4086,110,3596,294,12,54,0,1,19,NA,55020,92154,01500,106,28,7,8,309.665235241376,388.7847671181162
13077000022,GA,077,22,3216,124,2470,557,5,27,0,1,32,2271,77,1779,376,4,17,0,1,17,NA,58884,92154,01500,104,28,7,8,172.1120286914256,216.0866877447973
13077000023,GA,077,23,3664,76,3391,120,7,37,1,6,26,2612,53,2422,81,7,30,1,6,12,NA,78044,92154,01500,104,28,7,8,197.95535840687083,248.53299356645115
13077000024,GA,077,24,1343,28,590,712,1,1,0,0,11,1031,19,466,538,1,1,0,0,6,NA,55020,92154,01500,103,28,7,11,78.13628427162475,98.10012112060151
13077000025,GA,077,25,2330,20,1657,632,1,1,0,3,16,1663,12,1216,427,1,1,0,0,6,NA,55020,92154,01500,103,28,7,8,126.03359916945872,158.23520991615936
13077000026,GA,077,26,5494,102,4932,341,9,49,1,7,53,3728,72,3352,232,8,34,0,1,29,NA,59724,92154,01500,104,28,7,8,282.5335283846916,354.7209035282274
13077000027,GA,077,27,2113,54,1862,139,9,16,0,1,32,1469,35,1311,92,5,10,0,0,16,NA,NA,92154,01500,104,28,7,8,111.33094238119956,139.77602126689004
13077000028,GA,077,28,4020,128,2919,791,12,113,2,5,50,2986,97,2245,512,9,89,2,4,28,NA,55020,92154,01500,103,28,7,8,226.29965551413338,284.1192644676199
13079000002,GA,079,2,1772,38,718,992,1,1,1,10,11,1331,31,553,731,1,1,1,6,7,NA,65856,92544,01530,128,27,1,3,186.40179064883387,111.95877086326959
13079000003,GA,079,3,2566,54,2122,344,4,8,0,3,31,1845,44,1534,239,4,4,0,0,20,NA,65856,93480,01530,128,27,1,3,258.38565270255333,155.19453962639548
13079000004,GA,079,4,2180,6,1961,197,7,1,0,0,8,1584,4,1421,146,7,1,0,0,5,NA,NA,93480,01530,128,27,1,3,221.8335359787775,133.24019011827124
13079000005,GA,079,5,3612,49,3333,193,11,4,1,0,21,2595,32,2397,139,8,3,1,0,15,NA,NA,93480,01530,128,27,1,3,363.420470874323,218.28175085663756
1307900001A,GA,079,1A,1149,146,492,468,12,7,0,6,18,815,118,361,311,8,6,0,2,9,NA,NA,93480,01530,128,27,1,3,114.13783574665635,68.55476953686305
1307900001B,GA,079,1B,1216,8,411,776,4,0,0,0,17,877,6,306,554,2,0,0,0,9,NA,65856,92544,01530,128,27,1,3,122.82071404885598,73.76997899856306
130810ARABI,GA,081,ARABI,1156,0,934,204,1,12,0,0,5,850,0,703,136,1,8,0,0,2,NA,02564,90108,01560,138,13,4,2,107.4337303111794,99.65104366756306
130810CONEY,GA,081,CONEY,961,16,866,70,0,7,0,0,2,780,9,718,46,0,5,0,0,2,NA,NA,90792,01560,138,13,4,2,98.58624663849405,91.44448713023434
130810CORDE,GA,081,CORDE,16941,312,7253,9112,12,123,7,17,105,11740,224,5676,5661,7,99,7,3,63,NA,19616,90792,01560,138,13,4,2,1483.8494045332309,1376.3567678319887
130810HATLE,GA,081,HATLE,366,6,331,20,5,3,0,0,1,271,5,243,16,3,3,0,0,1,NA,NA,90792,01560,138,13,4,2,34.2524010756819,31.771097451658342
130810JAMES,GA,081,JAMES,1483,6,1374,87,6,1,0,0,9,1162,5,1089,53,6,1,0,0,8,NA,NA,90792,01560,138,13,4,2,146.86822896657702,136.2288385196568
130810LISTO,GA,081,LISTO,1089,42,1020,18,4,2,0,0,3,815,31,764,14,4,2,0,0,0,NA,NA,90792,01560,138,13,4,2,103.00998847483673,95.5477653988987
13083000960,GA,083,960,3485,34,3398,5,17,10,1,0,20,2608,21,2553,3,9,9,1,0,12,NA,77372,93171,01590,1,53,2,10,286.5387748028767,286.3127978511394
13083001038,GA,083,1038,1252,12,1225,0,4,5,0,0,6,962,6,945,0,3,5,0,0,3,NA,NA,93171,01590,1,53,2,10,105.69413395719607,105.6107789619617
13083001214,GA,083,1214,1175,2,1167,0,2,0,1,0,3,904,0,898,0,2,0,1,0,3,NA,NA,91809,01590,1,53,2,10,99.32172255437138,99.24339312018023
13083001222,GA,083,1222,3074,25,3010,0,12,3,0,0,24,2296,16,2253,0,9,3,0,0,15,NA,NA,92682,01590,1,53,2,10,252.25959622216445,252.06065332293562
13083001885,GA,083,1885,1008,9,979,0,2,4,0,0,14,749,5,726,0,2,3,0,0,13,NA,NA,92682,01590,1,53,2,10,82.29200242613292,82.2271033705918
1308300X974,GA,083,X974,5160,55,4906,91,30,34,2,1,41,4022,42,3823,81,22,21,1,1,31,NA,47336,93171,01590,1,53,2,10,441.8937700372585,441.54527337319126
13085000001,GA,085,01,1549,7,1518,0,5,2,0,0,17,1330,6,1304,0,5,2,0,0,13,NA,NA,90906,01650,19,50,2,10,101.93228254524226,114.79859894921191
13085000002,GA,085,02,3448,70,3322,10,10,8,0,1,27,2406,50,2322,5,7,5,0,0,17,NA,NA,91632,01650,19,50,2,10,184.39779834876157,207.6732549412059
13085000003,GA,085,03,4054,44,3906,17,17,13,5,2,50,3023,26,2927,12,14,8,3,0,33,NA,21940,90906,01650,19,50,2,10,231.6851805520807,260.929447085314
13085000004,GA,085,04,2839,32,2750,17,9,12,0,1,18,2135,19,2078,6,7,9,0,0,16,NA,NA,91632,01650,19,50,2,10,163.62813776999417,184.28196147110333
13085000005,GA,085,05,1337,8,1300,0,12,10,0,0,7,954,5,927,0,10,8,0,0,4,NA,NA,91632,01650,19,50,2,10,73.11533650237679,82.34425819364523
13085000006,GA,085,06,2015,92,1892,12,3,1,0,2,13,1559,73,1467,8,2,1,0,0,8,NA,NA,91632,01650,19,50,2,10,119.48302893837045,134.56467350512887
13085000007,GA,085,07,757,1,741,1,1,5,0,0,8,584,1,573,1,1,2,0,0,6,NA,NA,90906,01650,19,50,2,10,44.75823534317405,50.407805854390794
13087000513,GA,087,513,8283,313,5108,2735,11,69,3,2,42,6077,178,4035,1778,9,52,2,0,23,NA,04896,90192,01710,179,11,4,2,793.5818713450293,732.1432748538012
13087000514,GA,087,514,5450,80,2466,2845,5,10,0,1,43,3726,60,1823,1798,4,9,0,0,32,NA,04896,90192,01710,160,11,4,2,486.5700267618198,448.900089206066
13087000694,GA,087,694,1941,142,618,1169,3,0,1,0,8,1344,95,482,759,1,0,1,0,6,NA,04084,90156,01710,179,11,4,2,175.50996134403806,161.92209336901576
13087000914,GA,087,914,762,106,322,326,3,0,0,0,5,541,63,239,235,3,0,0,0,1,NA,NA,91122,01710,160,11,4,2,70.6479829517296,65.17846169095054
13087001005,GA,087,1005,576,6,146,411,5,0,0,0,8,410,4,123,272,5,0,0,0,6,NA,NA,90156,01710,179,11,4,2,53.54098523144019,49.395876697393206
13087001188,GA,087,1188,819,23,595,199,0,0,0,0,2,565,9,426,129,0,0,0,0,1,NA,NA,90390,01710,160,11,4,2,73.78208940430171,68.06992764396868
13087001277,GA,087,1277,584,6,482,96,0,0,0,0,0,425,2,364,59,0,0,0,0,0,NA,NA,90702,01710,160,11,4,2,55.49980176429776,51.20304291802954
13087001325,GA,087,1325,870,25,698,139,3,1,0,0,4,691,13,571,102,3,1,0,0,1,NA,NA,91122,01710,160,11,4,2,90.23614828030529,83.25012389731391
13087001342,GA,087,1342,681,8,571,98,1,0,0,0,3,485,6,410,67,1,0,0,0,1,NA,NA,90390,01710,160,11,4,2,63.335067895728024,58.431707800574884
13087001361,GA,087,1361,1539,21,1106,396,4,1,0,0,11,1116,13,837,254,4,1,0,0,7,NA,16908,90702,01710,179,11,4,2,145.73595004460304,134.45316681534345
13087001392,GA,087,1392,831,48,147,631,4,1,0,0,0,580,38,110,427,4,1,0,0,0,NA,NA,90156,01710,179,11,4,2,75.74090593715928,69.87709386460502
13087001613,GA,087,1613,984,26,683,262,4,0,0,0,9,736,18,532,180,4,0,0,0,2,NA,10608,90390,01710,160,11,4,2,96.11259787887798,88.67162255922291
13087001646,GA,087,1646,483,7,344,129,2,0,0,0,1,360,4,263,91,1,0,0,0,1,NA,NA,90702,01710,160,11,4,2,47.01159678858163,43.37198929527208
13087001805,GA,087,1805,4437,94,2514,1791,14,4,0,0,20,3122,62,1882,1146,11,4,0,0,17,NA,04896,90192,01710,160,11,4,2,407.6950143720884,376.13152938844286
130890000AA,GA,089,AA,3689,95,692,2723,4,104,4,14,53,2606,65,629,1779,4,88,3,10,28,NA,61040,90150,01740,65,55,8,4,0,0
130890000AB,GA,089,AB,2754,241,2243,132,2,88,0,7,41,2441,187,2032,117,2,71,0,4,28,NA,56000,90612,01740,61,42,8,4,0,0
130890000AC,GA,089,AC,2354,42,323,1909,4,28,1,3,44,1586,26,292,1219,2,19,1,2,25,NA,06884,90150,01740,70,43,8,4,0,0
130890000AD,GA,089,AD,3178,65,2975,43,5,64,0,2,24,2380,46,2226,32,5,54,0,2,15,NA,24768,90612,01740,60,41,8,4,0,0
130890000AE,GA,089,AE,2715,41,2294,316,5,27,0,4,28,2250,28,1913,262,4,25,0,4,14,NA,04644,90150,01740,67,10,8,4,0,0
130890000AF,GA,089,AF,4466,239,2882,860,9,372,2,13,89,3732,194,2520,581,9,340,2,10,76,NA,56000,90612,01740,60,41,8,4,0,0
130890000AG,GA,089,AG,3103,65,2277,661,2,65,0,2,31,2494,48,1875,488,1,59,0,1,22,NA,56000,90612,01740,60,41,8,4,0,0
130890000BA,GA,089,BA,3601,35,306,3199,4,6,1,12,38,2695,22,261,2371,4,4,1,4,28,NA,NA,90150,01740,73,43,8,4,0,0
130890000BB,GA,089,BB,5365,311,592,4399,7,9,0,7,40,4169,274,560,3287,6,9,0,4,29,NA,04000,90150,00120,68,10,9,5,0,0
130890000BC,GA,089,BC,3613,199,2834,294,4,213,0,8,61,3306,178,2619,261,4,182,0,7,55,NA,56168,90150,01740,61,42,8,5,0,0
130890000BD,GA,089,BD,1976,56,1716,38,0,147,0,0,19,1653,31,1455,30,0,124,0,0,13,NA,NA,93096,01740,63,5,8,4,0,0
130890000BE,GA,089,BE,5374,2464,1476,1015,5,313,3,10,88,4298,1816,1353,800,5,247,2,7,68,NA,56000,90612,01740,61,42,8,4,0,0
130890000BF,GA,089,BF,4341,403,2801,732,5,324,2,14,60,3458,294,2409,459,3,251,2,7,33,NA,77652,93096,01740,63,10,8,4,0,0
130890000BG,GA,089,BG,1693,63,1441,88,6,66,0,4,25,1532,56,1318,75,6,54,0,3,20,NA,56168,90150,01740,61,42,8,5,0,0
130890000BI,GA,089,BI,2985,147,2599,108,9,91,1,2,28,2765,122,2430,98,8,79,1,1,26,NA,56000,90612,01740,61,42,8,4,0,0
130890000BJ,GA,089,BJ,4178,33,247,3830,6,3,0,8,51,2829,24,227,2532,5,3,0,7,31,NA,NA,90150,01740,73,43,8,4,0,0
130890000CA,GA,089,CA,4098,58,160,3841,7,6,0,8,18,2869,35,155,2649,7,6,0,3,14,NA,12834,90150,01740,70,43,8,4,0,0
130890000CB,GA,089,CB,5850,55,378,5328,6,16,2,8,57,4141,40,350,3698,1,9,2,6,35,NA,12834,90150,01740,70,43,8,4,0,0
130890000CC,GA,089,CC,2881,27,36,2784,6,2,1,4,21,1920,21,36,1836,6,2,1,3,15,NA,12834,90150,01740,69,43,8,4,0,0
130890000CD,GA,089,CD,5354,42,308,4929,2,15,0,8,50,3689,33,263,3344,2,13,0,2,32,NA,19280,90150,01740,72,10,8,13,0,0
130890000CE,GA,089,CE,2307,685,1344,120,1,125,0,0,32,1861,487,1172,84,1,89,0,0,28,NA,15172,90612,01740,60,42,8,4,0,0
130890000CF,GA,089,CF,7245,4699,941,184,2,1204,25,49,141,5472,3577,784,127,2,855,13,23,91,NA,15172,90612,01740,62,42,8,4,0,0
130890000CG,GA,089,CG,4052,40,68,3885,5,11,0,9,34,2864,22,55,2751,4,8,0,4,20,NA,NA,90150,01740,73,43,8,4,0,0
130890000CH,GA,089,CH,5252,910,2966,713,2,495,2,75,89,4466,691,2681,580,2,394,2,52,64,NA,24768,90612,01740,60,41,8,4,0,0
130890000CI,GA,089,CI,1938,28,1714,105,3,64,1,2,21,1692,27,1495,94,3,54,1,0,18,NA,22052,90150,01680,67,42,8,4,0,0
130890000CJ,GA,089,CJ,2930,53,2539,157,6,136,3,2,34,2645,46,2300,145,4,122,3,2,23,NA,56112,90150,01740,63,42,8,4,0,0
130890000CK,GA,089,CK,7231,333,1253,3987,8,900,3,74,673,5062,220,993,2725,5,656,3,51,409,NA,16544,90150,01740,66,55,8,4,0,0
130890000CL,GA,089,CL,5653,68,313,5190,9,23,0,10,40,4003,39,242,3666,6,17,0,7,26,NA,59080,90150,01740,73,10,8,4,0,0
130890000CM,GA,089,CM,2541,43,2245,141,3,83,0,1,25,1986,37,1764,110,3,62,0,0,10,NA,56112,93096,01740,63,42,8,4,0,0
130890000CN,GA,089,CN,6645,60,209,6283,6,18,1,9,59,4476,32,188,4199,4,16,1,4,32,NA,NA,90150,01740,73,43,8,4,0,0
130890000CO,GA,089,CO,5281,2456,1931,551,10,252,0,9,72,4365,1853,1802,447,9,188,0,7,59,NA,56000,90612,01740,61,42,8,4,0,0
130890000CP,GA,089,CP,4415,90,265,3969,5,30,0,17,39,3021,58,243,2666,3,26,0,7,18,NA,63952,90150,01740,71,43,8,4,0,0
130890000CQ,GA,089,CQ,4389,61,177,4075,8,16,0,2,50,2907,35,165,2659,5,10,0,0,33,NA,06884,90150,01740,69,10,8,4,0,0
130890000CS,GA,089,CS,6892,84,342,6380,7,6,1,5,67,4688,55,296,4282,6,5,1,3,40,NA,NA,90150,01740,73,10,8,13,0,0
130890000CT,GA,089,CT,6672,184,995,4814,13,47,7,40,572,4901,146,793,3509,12,42,6,22,371,NA,04644,90150,01740,66,55,8,4,0,0
130890000CV,GA,089,CV,2269,43,2102,66,2,29,0,3,24,1830,33,1701,53,2,24,0,3,14,NA,22052,90150,01680,67,42,8,4,0,0
130890000DA,GA,089,DA,7080,3693,1777,797,17,715,9,7,65,5425,2711,1524,581,13,549,9,2,36,NA,23536,90612,01740,62,42,8,4,0,0
130890000DB,GA,089,DB,2782,591,1010,598,2,513,4,8,56,2109,391,901,389,2,384,3,5,34,NA,23536,90612,01740,62,42,8,4,0,0
130890000DC,GA,089,DC,9204,4859,2150,1589,12,418,0,16,160,7343,3753,1936,1173,9,340,0,11,121,NA,56000,90612,01740,62,42,8,4,0,0
130890000DE,GA,089,DE,2728,83,571,1894,3,105,5,12,55,1976,59,511,1278,2,86,3,4,33,NA,69392,90150,01740,66,55,8,4,0,0
130890000DF,GA,089,DF,4758,146,3769,304,13,439,0,14,73,4064,127,3244,259,12,354,0,10,58,NA,24768,90612,01740,60,41,8,4,0,0
130890000DI,GA,089,DI,3837,103,3295,157,2,232,1,1,46,3000,80,2558,130,2,195,1,1,33,NA,24768,90612,01740,60,41,8,4,0,0
130890000EA,GA,089,EA,3570,85,496,2916,6,2,1,2,62,2781,45,448,2249,5,2,1,0,31,NA,04000,90150,00120,69,10,9,5,0,0
130890000EB,GA,089,EB,5265,271,665,4236,9,9,0,10,65,3718,178,558,2915,7,6,0,8,46,NA,04000,90150,01740,72,10,8,4,0,0
130890000EC,GA,089,EC,4949,652,2685,583,3,892,5,12,117,3918,495,2282,387,3,680,2,2,67,NA,77652,93096,01740,59,5,8,4,0,0
130890000ED,GA,089,ED,4705,129,3592,363,4,522,3,10,82,4213,108,3201,325,4,496,3,8,68,NA,24264,90150,01740,67,42,8,4,0,0
130890000EE,GA,089,EE,3576,92,2802,523,7,39,0,22,91,2947,78,2462,299,5,35,0,17,51,NA,04000,90150,00120,67,42,9,5,0,0
130890000EF,GA,089,EF,1347,36,1167,16,1,120,0,0,7,1064,25,932,12,1,89,0,0,5,NA,77652,93096,01740,59,5,8,4,0,0
130890000EG,GA,089,EG,3812,82,3404,182,4,83,6,8,43,3360,71,3040,126,4,76,4,6,33,NA,24264,90150,01740,67,42,8,4,0,0
130890000EH,GA,089,EH,4344,144,724,3237,5,145,0,22,67,3010,93,655,2109,3,105,0,8,37,NA,73816,90150,01740,65,55,8,4,0,0
130890000ER,GA,089,ER,3315,85,2486,319,3,360,0,11,51,3078,76,2320,299,3,327,0,7,46,NA,24264,90150,01740,67,42,8,4,0,0
130890000FA,GA,089,FA,6732,123,391,6089,2,11,4,20,92,4612,82,369,4082,1,8,3,10,57,NA,NA,91770,01740,71,43,8,4,0,0
130890000FB,GA,089,FB,2728,57,2511,67,8,46,0,7,32,2077,40,1929,49,6,34,0,4,15,NA,24264,90150,01740,67,42,8,4,0,0
130890000FC,GA,089,FC,3304,20,50,3201,3,3,0,7,20,2300,13,49,2209,3,3,0,5,18,NA,59080,90150,01740,72,10,8,4,0,0
130890000FD,GA,089,FD,2159,52,1317,660,5,61,1,8,55,1801,38,1187,476,4,54,1,4,37,NA,04644,90150,01740,69,10,8,4,0,0
130890000FE,GA,089,FE,3371,21,124,3166,4,3,1,7,45,2334,12,103,2188,3,3,1,1,23,NA,NA,90150,01740,73,43,8,4,0,0
130890000FJ,GA,089,FJ,3750,75,87,3531,3,6,2,1,45,2731,56,78,2562,3,5,2,1,24,NA,59080,90150,01740,72,10,8,4,0,0
130890000FL,GA,089,FL,3193,19,96,3003,4,7,0,10,54,2180,13,94,2032,2,6,0,4,29,NA,59080,90150,01740,73,43,8,4,0,0
130890000GA,GA,089,GA,3678,105,3070,337,13,90,1,28,34,3222,85,2682,313,12,81,1,26,22,NA,22052,90150,01680,67,42,8,4,0,0
130890000GB,GA,089,GB,2632,100,341,1976,3,167,1,3,41,1796,71,311,1279,2,108,0,3,22,NA,NA,90150,01740,70,43,8,4,0,0
130890000GC,GA,089,GC,4308,41,98,4115,9,0,1,12,32,2944,25,83,2808,5,0,1,7,15,NA,35240,90150,01740,72,10,8,4,0,0
130890000GE,GA,089,GE,2144,17,129,1929,0,34,1,5,29,1442,13,120,1268,0,18,1,2,20,NA,06884,90150,01740,70,55,8,4,0,0
130890000HA,GA,089,HA,4988,174,920,3365,5,411,0,14,99,3560,119,820,2225,3,325,0,5,63,NA,NA,90150,01740,64,55,8,4,0,0
130890000HB,GA,089,HB,4655,1881,2031,374,12,245,0,7,105,3768,1478,1730,281,8,194,0,3,74,NA,NA,93096,01740,62,5,8,4,0,0
130890000HC,GA,089,HC,4031,232,2846,352,8,527,1,7,58,3265,171,2352,259,7,429,0,5,42,NA,NA,93096,01740,62,5,8,4,0,0
130890000HD,GA,089,HD,3482,872,1658,721,12,140,0,9,70,2770,653,1370,550,7,124,0,9,57,NA,NA,90150,01740,62,5,8,4,0,0
130890000HE,GA,089,HE,2542,31,669,1775,2,15,2,3,45,1933,19,604,1261,2,14,2,3,28,NA,06884,90150,01740,69,10,8,4,0,0
130890000HF,GA,089,HF,3606,331,2388,492,9,305,1,11,69,2994,247,2093,343,8,251,1,7,44,NA,15172,90612,01740,60,41,8,4,0,0
130890000HG,GA,089,HG,2042,32,1546,333,1,108,0,0,22,1592,24,1252,218,1,87,0,0,10,NA,77652,92868,01740,64,5,8,4,0,0
130890000IA,GA,089,IA,3183,154,1121,1562,7,274,0,8,57,2512,99,1007,1136,6,219,0,7,38,NA,77652,93096,01740,64,55,8,4,0,0
130890000IB,GA,089,IB,6971,239,1404,3877,5,879,13,32,522,4743,154,1070,2530,4,618,10,18,339,NA,16544,90150,01740,66,55,8,4,0,0
130890000IC,GA,089,IC,4572,91,542,3804,4,43,0,11,77,3466,69,488,2815,2,35,0,6,51,NA,77652,92868,01740,64,55,8,4,0,0
130890000JA,GA,089,JA,1455,185,1212,29,0,17,0,2,10,1135,154,939,23,0,15,0,1,3,NA,04000,90150,00120,67,42,9,5,0,0
130890000JB,GA,089,JB,5872,269,558,4595,2,292,1,13,142,4218,196,488,3218,2,219,1,9,85,NA,16544,90150,01740,66,55,8,4,0,0
130890000KA,GA,089,KA,4950,28,105,4745,4,5,0,21,42,3614,20,102,3440,2,2,0,12,36,NA,12834,90150,01740,72,10,8,4,0,0
130890000KB,GA,089,KB,2775,36,2546,35,2,138,0,5,13,2261,24,2093,28,2,102,0,2,10,NA,24768,90612,01740,59,41,8,4,0,0
130890000KE,GA,089,KE,3166,40,173,2893,7,25,0,3,25,2224,23,157,2005,6,17,0,3,13,NA,06884,90150,01740,69,55,8,4,0,0
130890000KF,GA,089,KF,4453,258,3119,499,7,472,2,16,80,3925,207,2812,418,7,405,2,10,64,NA,56168,90150,01740,61,42,8,5,0,0
130890000LA,GA,089,LA,2443,52,2242,27,1,97,1,3,20,1916,37,1768,19,1,76,1,2,12,NA,NA,93096,01740,63,5,8,4,0,0
130890000LB,GA,089,LB,3644,105,3201,84,4,183,0,21,46,3337,98,2941,77,3,168,0,16,34,NA,56168,90150,01740,61,42,8,5,0,0
130890000LC,GA,089,LC,4157,165,3152,330,16,425,4,8,57,3608,129,2808,267,10,347,3,4,40,NA,56112,90150,01740,63,42,8,4,0,0
130890000LD,GA,089,LD,2187,63,352,1728,2,2,1,0,39,1435,34,305,1073,2,2,1,0,18,NA,46860,91770,01740,75,43,8,4,0,0
130890000LE,GA,089,LE,3055,80,2627,83,1,217,0,5,42,2390,61,2098,54,0,157,0,1,19,NA,77652,93096,01740,63,5,8,4,0,0
130890000LJ,GA,089,LJ,2395,33,85,2256,15,0,1,0,5,1799,26,76,1683,8,0,1,0,5,NA,12834,90150,01740,72,10,8,4,0,0
130890000MA,GA,089,MA,4440,123,328,3863,3,42,1,7,73,3004,76,304,2539,3,33,1,2,46,NA,63952,90150,01740,65,43,8,4,0,0
130890000MB,GA,089,MB,3343,136,2719,197,2,210,4,23,52,2978,122,2439,181,2,188,4,6,36,NA,56168,90150,01740,61,42,8,5,0,0
130890000MC,GA,089,MC,7472,126,194,7019,14,12,2,5,100,4919,88,164,4584,12,10,2,2,57,NA,63952,91770,01740,71,43,8,4,0,0
130890000MD,GA,089,MD,4007,119,3504,220,4,81,1,16,62,3614,100,3156,209,4,77,1,14,53,NA,04000,90150,00120,67,42,9,5,0,0
130890000ME,GA,089,ME,5237,319,2530,1356,20,867,5,28,112,4277,242,2253,973,17,693,5,21,73,NA,69392,90150,01740,66,10,8,4,0,0
130890000MF,GA,089,MF,3853,43,189,3566,2,10,0,14,29,2673,34,170,2433,2,8,0,9,17,NA,NA,90150,01740,73,43,8,4,0,0
130890000MG,GA,089,MG,2356,92,2064,86,3,79,2,2,28,2105,73,1875,63,3,69,1,2,19,NA,56112,90150,01740,63,42,8,4,0,0
130890000MH,GA,089,MH,2003,92,1749,38,0,115,0,1,8,1661,72,1465,24,0,94,0,1,5,NA,77652,93096,01740,63,5,8,4,0,0
130890000MI,GA,089,MI,4636,73,64,4396,7,30,0,17,49,3185,48,59,3021,2,22,0,8,25,NA,63952,90150,01740,71,43,8,4,0,0
130890000MJ,GA,089,MJ,5193,2002,1144,1621,5,329,3,5,84,4375,1568,1090,1368,4,269,3,4,69,NA,56000,90612,01740,61,42,8,4,0,0
130890000MK,GA,089,MK,1829,133,1377,158,2,134,1,0,24,1531,93,1203,116,1,99,1,0,18,NA,77652,90150,01740,63,10,8,4,0,0
130890000ML,GA,089,ML,5786,56,615,5058,22,2,0,8,25,4218,38,560,3587,20,2,0,1,10,NA,35240,90150,01740,72,10,8,4,0,0
130890000MM,GA,089,MM,5875,231,784,4014,14,596,9,15,212,4176,158,692,2704,7,466,9,9,131,NA,16544,90150,01740,65,55,8,4,0,0
130890000MN,GA,089,MN,4743,125,437,3582,15,412,0,20,152,3276,75,397,2382,9,307,0,16,90,NA,NA,92868,01740,65,55,8,4,0,0
130890000MO,GA,089,MO,4307,139,543,3515,6,39,1,12,52,3109,89,509,2437,5,30,1,4,34,NA,06884,90150,01740,69,55,8,4,0,0
130890000MQ,GA,089,MQ,2975,58,2701,35,1,162,0,1,17,2279,38,2087,27,1,116,0,1,9,NA,24768,90612,01740,59,41,8,4,0,0
130890000MR,GA,089,MR,5275,131,1137,3870,5,43,2,11,76,3696,81,999,2544,4,29,1,1,37,NA,73816,92868,01740,64,55,8,4,0,0
130890000MS,GA,089,MS,1561,28,1407,32,0,77,0,0,17,1198,19,1087,23,0,59,0,0,10,NA,24768,90612,01740,59,41,8,4,0,0
130890000MT,GA,089,MT,2543,43,359,2101,3,14,0,4,19,1977,36,344,1567,3,9,0,4,14,NA,04000,90150,00120,68,10,9,5,0,0
130890000MU,GA,089,MU,1967,63,1815,49,2,27,0,0,11,1517,51,1401,34,2,22,0,0,7,NA,24768,90612,01740,60,41,8,4,0,0
130890000MW,GA,089,MW,1543,48,1240,100,2,113,1,11,28,1269,38,1036,77,2,90,1,4,21,NA,77652,93096,01740,63,5,8,4,0,0
NA,GA,089,NA,1960,41,1830,30,1,57,0,0,1,1610,31,1511,25,1,42,0,0,0,NA,NA,NA,NA,NA,NA,NA,NA,NA,NA
130890000NB,GA,089,NB,2503,77,1617,596,1,173,0,3,36,2276,67,1524,508,0,147,0,0,30,NA,69392,90150,01740,67,10,8,4,0,0
130890000NC,GA,089,NC,2896,111,652,1850,5,228,2,4,44,2189,86,591,1299,3,182,2,3,23,NA,NA,92868,01740,64,55,8,4,0,0
130890000ND,GA,089,ND,1620,25,1428,41,0,102,0,3,21,1303,18,1176,28,0,72,0,0,9,NA,56112,93096,01740,63,10,8,4,0,0
130890000NF,GA,089,NF,7642,2694,1958,2421,12,391,10,23,133,6121,2139,1679,1834,11,335,8,15,100,NA,23536,90612,01740,59,41,8,4,0,0
130890000OA,GA,089,OA,2472,163,2040,106,5,122,0,4,32,1909,112,1613,82,5,82,0,2,13,NA,56168,90150,01740,62,42,8,4,0,0
130890000OB,GA,089,OB,3472,1347,965,436,3,641,10,2,68,2619,949,840,284,3,486,10,2,45,NA,23536,90612,01740,62,42,8,4,0,0
130890000PA,GA,089,PA,4924,408,682,3715,3,50,0,3,63,3424,278,615,2442,3,41,0,2,43,NA,06884,90150,01740,70,55,8,4,0,0
130890000PB,GA,089,PB,2383,97,1540,328,0,396,0,4,18,2093,81,1424,264,0,303,0,4,17,NA,24768,90612,01740,60,41,8,4,0,0
130890000PC,GA,089,PC,3897,96,665,3069,11,17,2,7,30,2949,72,614,2215,6,16,0,6,20,NA,04000,90150,00120,68,10,9,5,0,0
130890000PD,GA,089,PD,4079,54,1061,2890,7,6,0,4,57,2962,38,942,1930,5,4,0,4,39,NA,NA,91770,01740,75,43,8,4,0,0
130890000PE,GA,089,PE,621,42,446,109,1,0,1,5,17,524,30,401,79,1,0,0,4,9,NA,61040,92868,01740,65,55,8,4,0,0
130890000PF,GA,089,PF,2452,220,1641,395,6,142,1,4,43,2065,161,1437,314,6,118,0,2,27,NA,77652,93096,01740,59,5,8,4,0,0
130890000PG,GA,089,PG,2150,41,1523,521,3,27,1,3,31,1696,33,1297,318,3,25,1,2,17,NA,22052,90150,01680,67,42,8,4,0,0
130890000PH,GA,089,PH,3464,65,426,2862,7,59,1,7,37,2457,42,369,1966,5,45,1,6,23,NA,63952,91770,01740,71,43,8,4,0,0
130890000PI,GA,089,PI,5533,100,255,5057,7,33,0,11,70,3889,59,228,3523,4,27,0,6,42,NA,63952,90150,01740,71,43,8,4,0,0
130890000PJ,GA,089,PJ,5681,123,594,4828,12,38,6,4,76,3773,77,518,3092,11,28,3,3,41,NA,NA,91770,01740,64,55,8,4,0,0
130890000PK,GA,089,PK,7242,1325,1378,3657,12,661,3,27,179,5717,1019,1246,2755,12,553,3,16,113,NA,77652,93096,01740,59,5,8,4,0,0
130890000RA,GA,089,RA,4455,56,224,4120,10,8,1,10,26,3167,45,201,2884,3,8,1,6,19,NA,59080,90150,01740,70,43,8,4,0,0
130890000RB,GA,089,RB,2326,28,27,2226,5,10,3,2,25,1527,17,26,1455,2,10,3,2,12,NA,59080,90150,01740,73,43,8,4,0,0
130890000RC,GA,089,RC,4764,72,245,4339,3,21,0,22,62,3085,45,216,2750,3,19,0,13,39,NA,63952,91770,01740,64,55,8,4,0,0
130890000RD,GA,089,RD,2629,108,2099,248,0,138,0,1,35,2193,84,1794,185,0,110,0,1,19,NA,77652,93096,01740,63,10,8,4,0,0
130890000RE,GA,089,RE,4186,84,606,3342,3,78,0,6,67,2999,57,524,2309,3,56,0,4,46,NA,61040,92868,01740,65,55,8,4,0,0
130890000RF,GA,089,RF,6236,96,713,5286,5,54,3,14,65,4277,62,614,3513,5,39,3,5,36,NA,NA,91770,01740,75,43,8,4,0,0
130890000RG,GA,089,RG,7743,481,639,6309,9,118,4,53,130,6139,402,612,4865,7,95,4,47,107,NA,06884,90150,01740,70,55,8,4,0,0
130890000RH,GA,089,RH,4625,58,192,4277,2,10,0,18,68,3082,42,165,2813,2,10,0,5,45,NA,63952,91770,01740,71,43,8,4,0,0
130890000RJ,GA,089,RJ,2232,47,435,1636,5,65,0,1,43,1613,28,405,1100,4,46,0,1,29,NA,63952,90150,01740,65,55,8,4,0,0
130890000RK,GA,089,RK,3968,80,306,3482,4,41,5,3,47,2533,51,265,2142,2,38,2,3,30,NA,63952,91770,01740,71,43,8,4,0,0
130890000RL,GA,089,RL,5322,116,844,4245,4,29,0,18,66,3625,76,726,2752,3,22,0,10,36,NA,46860,91770,01740,75,43,8,4,0,0
130890000SA,GA,089,SA,2254,69,2064,44,3,60,0,1,13,1862,43,1733,32,2,47,0,1,4,NA,56168,90150,01740,61,42,8,4,0,0
130890000SB,GA,089,SB,2849,70,2413,154,8,143,0,2,59,2524,57,2162,133,8,120,0,2,42,NA,56112,90150,01740,67,42,8,4,0,0
130890000SC,GA,089,SC,4999,187,1278,3253,5,138,10,6,122,3458,121,1115,2030,2,102,2,3,83,NA,69392,90150,01740,66,55,8,4,0,0
130890000SD,GA,089,SD,2528,90,1804,149,1,438,0,7,39,2039,67,1484,116,1,338,0,4,29,NA,24768,90612,01740,60,41,8,4,0,0
130890000SE,GA,089,SE,5062,403,3360,939,11,238,0,12,99,4365,315,2996,767,6,190,0,12,79,NA,56000,90612,01740,60,41,8,4,0,0
130890000SF,GA,089,SF,5604,1762,2096,1255,12,324,3,17,135,4583,1294,1949,971,10,247,2,9,101,NA,56000,90612,01740,61,42,8,4,0,0
130890000SG,GA,089,SG,2209,8,112,2046,7,7,0,1,28,1726,6,103,1584,5,7,0,0,21,NA,12834,90150,01740,70,43,8,4,0,0
130890000SH,GA,089,SH,3081,38,2406,447,9,164,2,3,12,2474,32,2010,290,5,125,2,0,10,NA,53186,92868,01740,64,5,8,4,0,0
130890000SI,GA,089,SI,4863,43,1287,3426,7,16,3,9,72,3640,29,1126,2414,6,12,3,4,46,NA,22052,90150,01680,68,10,8,4,0,0
130890000SJ,GA,089,SJ,7627,1179,738,5221,16,243,0,37,193,5236,868,618,3461,14,156,0,18,101,NA,73816,92868,01740,64,55,8,4,0,0
130890000SK,GA,089,SK,5062,90,613,4231,3,50,1,10,64,3505,68,522,2831,2,40,1,2,39,NA,63952,91770,01740,64,55,8,4,0,0
130890000SL,GA,089,SL,8452,308,796,7140,17,29,1,23,138,5769,221,694,4733,15,25,1,10,70,NA,46860,91770,01740,75,43,8,4,0,0
130890000SM,GA,089,SM,5992,68,321,5522,5,8,1,12,55,4093,48,278,3708,4,8,1,9,37,NA,NA,91770,01740,71,43,8,4,0,0
130890000SP,GA,089,SP,4446,178,769,3269,3,103,1,27,96,2976,107,651,2054,3,84,1,20,56,NA,73816,92868,01740,65,55,8,4,0,0
130890000SQ,GA,089,SQ,2743,115,891,1628,12,37,1,7,52,1900,51,760,1023,8,32,1,3,22,NA,73816,92868,01740,65,55,8,4,0,0
130890000SU,GA,089,SU,4848,87,354,4213,22,57,0,4,111,3284,57,317,2782,11,46,0,3,68,NA,63952,90150,01740,65,55,8,4,0,0
130890000TA,GA,089,TA,6372,66,224,6000,9,10,2,2,59,4229,39,200,3932,8,10,2,2,36,NA,04000,90150,01740,68,10,8,4,0,0
130890000TB,GA,089,TB,3110,42,81,2936,8,13,0,1,29,2192,31,76,2055,6,10,0,0,14,NA,12834,90150,01740,72,10,8,4,0,0
130890000TC,GA,089,TC,2274,7,72,2182,4,3,0,5,1,1707,6,64,1630,2,2,0,2,1,NA,12834,90150,01740,69,43,8,4,0,0
130890000TF,GA,089,TF,3419,98,2970,127,6,167,2,5,44,2802,65,2493,91,6,119,2,1,25,NA,77652,93096,01740,63,5,8,4,0,0
130890000TG,GA,089,TG,1904,55,1688,36,0,103,0,5,17,1546,42,1378,27,0,85,0,0,14,NA,24768,90612,01740,59,41,8,4,0,0
130890000TH,GA,089,TH,4775,761,2239,1399,8,258,0,14,96,3696,553,1948,933,8,198,0,3,53,NA,77652,93096,01740,63,5,8,4,0,0
130890000VA,GA,089,VA,2250,29,2049,26,2,114,1,4,25,1690,24,1534,21,2,89,1,3,16,NA,24768,90612,01740,59,41,8,4,0,0
130890000WA,GA,089,WA,4383,37,156,4152,3,5,0,9,21,3149,23,152,2947,3,5,0,7,12,NA,12834,90150,01740,69,55,8,4,0,0
130890000WB,GA,089,WB,5490,63,217,5139,9,6,2,6,48,3968,39,204,3686,7,6,2,4,20,NA,NA,90150,01740,73,43,8,4,0,0
130890000WE,GA,089,WE,5338,106,278,4885,3,5,1,7,53,3626,65,254,3261,2,5,1,3,35,NA,04000,90150,00120,68,10,9,5,0,0
130890000WF,GA,089,WF,3239,44,2037,1040,1,70,0,11,36,2430,27,1566,763,1,44,0,1,28,NA,22052,90150,01680,69,10,8,4,0,0
130890000WG,GA,089,WG,5408,117,542,4454,12,188,1,18,76,3718,71,491,2935,9,153,1,7,51,NA,63952,90150,01740,70,43,8,4,0,0
130890000WH,GA,089,WH,4255,62,291,3795,2,48,1,12,44,2983,36,262,2607,2,42,1,5,28,NA,63952,90150,01740,71,43,8,4,0,0
130890000WI,GA,089,WI,4510,1081,1994,502,11,804,0,8,110,3754,816,1806,396,9,642,0,7,78,NA,15172,93096,01740,59,5,8,4,0,0
130890000WJ,GA,089,WJ,3375,1161,1665,334,2,167,4,2,40,2976,898,1574,303,2,155,4,2,38,NA,56000,90612,01740,61,42,8,4,0,0
130890000WK,GA,089,WK,3864,80,179,3508,3,30,0,13,51,2832,71,157,2528,2,25,0,10,39,NA,63952,90150,01740,70,43,8,4,0,0
130890000WL,GA,089,WL,1684,53,1482,36,3,88,1,1,20,1340,43,1183,26,3,69,1,1,14,NA,24768,90612,01740,59,41,8,4,0,0
13091000LEE,GA,091,LEE,7915,117,4813,2900,18,32,3,1,31,5594,72,3734,1730,13,26,2,0,17,NA,25552,91014,01770,142,19,1,3,920.3769729425028,646.037626832018
130910CHAUN,GA,091,CHAUN,665,1,503,153,5,0,0,0,3,490,1,384,104,1,0,0,0,0,NA,15648,90630,01770,142,19,1,3,80.61936302142053,56.58892333709132
130910CLARK,GA,091,CLARK,131,3,116,12,0,0,0,0,0,93,2,86,5,0,0,0,0,0,NA,NA,90630,01770,142,19,1,3,15.301226042841037,10.74034667418264
130910EDDIN,GA,091,EDDIN,1544,5,1011,514,2,6,1,1,4,1124,1,759,356,2,4,0,0,2,NA,NA,91014,01770,142,19,1,3,184.93094701240136,129.80806087936867
130910EMPIR,GA,091,EMPIR,690,4,647,36,0,1,0,0,2,523,3,496,22,0,1,0,0,1,NA,NA,90648,01770,142,19,1,3,86.04883032694475,60.40001409244645
130910JAYBI,GA,091,JAYBI,352,1,227,123,0,0,0,0,1,257,0,178,78,0,0,0,0,1,NA,15648,90630,01770,142,19,1,3,42.28403325817362,29.680312852311165
130910JONES,GA,091,JONES,753,38,671,41,1,2,0,0,0,552,22,499,28,1,2,0,0,0,NA,NA,91014,01770,142,19,1,3,90.82018038331455,63.74915445321308
130910MCCRA,GA,091,MCCRA,449,4,324,121,0,0,0,0,0,314,2,242,70,0,0,0,0,0,NA,15648,90630,01770,142,19,1,3,51.662204058624575,36.26310597519729
130910MILAN,GA,091,MILAN,571,10,418,143,0,0,0,0,0,434,6,331,97,0,0,0,0,0,NA,51408,90630,01770,142,19,1,3,71.40572153325817,50.121617812852314
130910MITCH,GA,091,MITCH,452,4,349,97,1,0,0,0,1,348,2,265,79,1,0,0,0,1,NA,NA,92496,01770,142,19,1,3,57.25620067643743,40.18968432919955
130910MULLI,GA,091,MULLI,861,8,630,216,0,0,0,3,4,640,5,479,153,0,0,0,1,2,NA,15900,90648,01770,142,19,1,3,105.29875986471251,73.91206313416009
130910PLAIN,GA,091,PLAIN,600,13,526,58,0,0,0,0,3,456,13,397,43,0,0,0,0,3,NA,NA,91014,01770,142,19,1,3,75.02536640360766,52.662344983089056
130910PONDT,GA,091,PONDT,1069,12,778,269,0,0,0,0,10,804,7,598,196,0,0,0,0,3,NA,64932,92496,01770,142,19,1,3,132.2815670800451,92.85202931228861
130910RAWLI,GA,091,RAWLI,1496,9,1210,268,1,0,0,0,8,1085,7,897,176,1,0,0,0,4,NA,25552,91014,01770,142,19,1,3,178.51430383314545,125.30404453213079
130910VILUL,GA,091,VILUL,240,1,220,19,0,0,0,0,0,179,1,166,12,0,0,0,0,0,NA,NA,92496,01770,142,19,1,3,29.45074689966178,20.6722801578354
130910YONKE,GA,091,YONKE,1383,18,699,653,6,1,0,1,5,1299,18,615,653,6,1,0,1,5,NA,NA,90648,01770,142,19,1,3,213.72357666290867,150.01839064261554
13093000001,GA,093,1,308,50,76,175,0,6,0,0,1,191,35,52,100,0,4,0,0,0,NA,23480,90480,01800,140,13,1,3,36.36504605339863,20.465081030663402
13093000002,GA,093,2,896,51,408,426,3,5,0,0,3,652,31,309,304,1,5,0,0,2,NA,12232,90480,01800,140,13,1,3,124.13617815086862,69.85985775912324
13093000003,GA,093,3,272,11,186,75,0,0,0,0,0,207,5,152,50,0,0,0,0,0,NA,NA,93144,01800,138,13,1,3,39.411332633788035,22.179433368310598
13093000004,GA,093,4,249,3,164,71,0,7,0,0,4,186,2,131,48,0,4,0,0,1,NA,NA,93204,01800,138,13,1,3,35.41308149702694,19.929345925148656
13093000005,GA,093,5,3558,140,1405,1970,6,15,0,0,22,2894,93,1209,1557,6,11,0,0,18,NA,78156,93144,01800,138,13,1,3,550.9970852279351,310.08347907193655
13093000006,GA,093,6,526,2,406,111,0,0,0,0,7,410,2,325,77,0,0,0,0,6,NA,NA,93204,01800,138,13,1,3,78.06109362247872,43.930278652209395
13093000007,GA,093,7,3919,194,1535,2136,8,13,11,5,17,2745,126,1172,1411,2,9,9,3,13,NA,79444,93204,01800,140,13,1,3,522.6285414480587,294.1185729275971
13093000008,GA,093,8,587,8,348,223,0,2,0,0,6,455,4,286,160,0,2,0,0,3,NA,60984,93144,01800,138,13,1,3,86.62877462982395,48.75189460184214
13093000009,GA,093,9,419,12,300,105,0,0,0,0,2,321,6,241,72,0,0,0,0,2,NA,NA,93204,01800,140,13,1,3,61.11612451906261,34.39419377404687
13093000010,GA,093,10,791,66,333,387,0,1,0,0,4,516,35,258,220,0,1,0,0,2,NA,46384,90480,01800,140,13,1,3,98.24274221755859,55.28786288912207
13095000001,GA,095,1,3617,33,2721,791,20,25,0,3,24,2868,24,2264,520,16,23,0,3,18,NA,01052,93312,01830,163,12,4,2,540.4249881276173,429.8553727928161
13095000002,GA,095,2,3955,107,2579,1139,9,64,7,5,45,3107,72,2151,794,7,53,4,2,24,NA,01052,93312,01830,163,12,4,2,585.4604038049188,465.6766538588841
13095000003,GA,095,3,3525,40,2715,692,8,45,0,0,25,2906,29,2282,536,8,37,0,0,14,NA,01052,93312,01830,163,12,4,2,547.5854307876067,435.5508066024839
13095000004,GA,095,4,4389,65,3297,921,6,78,1,4,17,3425,49,2632,664,6,63,1,1,9,NA,01052,93312,01830,163,12,4,2,645.3820029069349,513.3384420555772
13095000005,GA,095,5,6310,75,4749,1329,11,113,0,4,29,4869,53,3742,958,8,85,0,3,20,NA,01052,93312,01830,163,12,4,2,917.4788239865303,729.7649268229504
13095000006,GA,095,6,3334,39,2782,470,7,18,3,0,15,2671,28,2297,316,4,12,2,0,12,NA,01052,93312,01830,163,12,4,2,503.30374591661985,400.3290448848019
13095000007,GA,095,7,1817,12,586,1179,2,16,0,0,22,1332,9,494,802,2,12,0,0,13,NA,01052,93312,01830,163,12,4,2,250.9923585027846,199.63994301256312
13095000008,GA,095,8,4596,61,2012,2450,7,22,0,10,34,3318,46,1651,1576,4,20,0,5,16,NA,01052,93312,01830,163,12,4,2,625.2197038380175,497.3012994862496
13095000009,GA,095,9,5272,43,677,4499,8,12,0,0,33,3764,23,590,3119,7,5,0,0,20,NA,01052,93312,01830,161,12,4,2,709.2606887421031,564.147706831297
13095000010,GA,095,10,2204,17,1466,694,1,7,0,1,18,1706,12,1189,486,1,6,0,1,11,NA,01052,93312,01830,161,12,4,2,321.4661888932061,255.6950020866612
13095000011,GA,095,11,4737,33,57,4625,2,0,0,2,18,3100,29,42,3016,2,0,0,0,11,NA,01052,93312,01830,161,12,4,2,584.141374893868,464.6274949992085
13095000012,GA,095,12,1211,6,31,1171,0,0,0,2,1,846,2,22,819,0,0,0,2,1,NA,01052,93312,01830,161,12,4,2,159.4140655355524,126.79834218365497
13095000013,GA,095,13,1414,5,5,1389,0,0,0,0,15,990,3,5,969,0,0,0,0,13,NA,01052,93312,01830,162,12,4,2,186.54837456288047,148.38103872555368
13095000014,GA,095,14,3328,12,10,3288,1,1,0,3,13,2244,7,6,2221,1,1,0,3,5,NA,01052,93312,01830,161,12,4,2,422.842982342529,336.33035444458835
13095000015,GA,095,15,1153,13,123,1009,3,2,0,0,3,956,12,119,817,3,2,0,0,3,NA,01052,93312,01830,162,12,4,2,180.14166270920578,143.28512426427204
13095000016,GA,095,16,1630,8,20,1568,2,16,0,0,16,1140,7,19,1090,2,14,0,0,8,NA,01052,93312,01830,161,12,4,2,214.81327979968054,170.86301429003151
13095000017,GA,095,17,2032,13,244,1767,3,1,0,0,4,1427,10,227,1182,3,1,0,0,4,NA,01052,93312,01830,161,12,4,2,268.893465152758,213.87852753673246
13095000018,GA,095,18,2371,16,408,1902,7,5,0,2,31,1696,8,370,1292,6,1,0,1,18,NA,01052,93312,01830,163,12,4,2,319.58186187741944,254.19620371569602
13095000019,GA,095,19,2727,62,179,2465,1,9,0,6,5,1711,50,127,1518,1,9,0,3,3,NA,01052,90996,01830,162,12,4,2,322.4083524010995,256.4444012721438
13095000020,GA,095,20,5065,81,56,4908,4,0,1,0,15,3173,44,39,3075,2,0,1,0,12,NA,01052,90996,01830,162,12,4,2,597.8969621091107,475.5687231072544
13095000021,GA,095,21,5571,50,976,4469,16,6,1,14,39,4000,30,805,3109,15,6,1,6,28,NA,01052,90996,01830,162,12,4,2,753.7308063146685,599.5193483860754
13095000022,GA,095,22,1626,72,698,817,7,10,0,0,22,1153,50,592,484,6,8,0,0,13,NA,01052,90996,01830,162,12,4,2,217.2629049202032,172.81145217228627
13095000023,GA,095,23,4228,50,2921,1210,10,8,0,0,29,3183,27,2313,807,9,5,0,0,22,NA,63084,90996,01830,162,12,4,2,599.7812891248974,477.06752147821953
13095000024,GA,095,24,2179,101,1008,1007,8,22,0,1,32,1527,66,747,672,6,20,0,1,15,NA,01052,90996,01830,162,12,4,2,287.7367353106247,228.8665112463843
13095000025,GA,095,25,5730,132,1444,4066,14,23,7,6,38,3829,91,1157,2533,12,16,4,1,15,NA,01052,90996,01830,162,12,4,2,721.5088143447164,573.8898962425708
13095000026,GA,095,26,4464,67,2153,2151,21,26,5,6,35,3162,43,1723,1338,16,18,4,1,19,NA,01052,90996,01830,163,12,4,2,595.8242023917454,473.9200448991927
13095000027,GA,095,27,4320,50,536,3671,10,8,0,5,40,3054,31,451,2534,6,8,0,4,20,NA,01052,90996,01830,162,12,4,2,575.4734706212494,457.7330224927686
13095000028,GA,095,28,1501,22,1255,212,4,6,0,0,2,1137,15,968,147,1,5,0,0,1,NA,01052,93312,01830,161,12,4,2,214.2479816949445,170.41337477874194
13095000029,GA,095,29,1759,7,86,1662,0,1,0,0,3,1195,4,67,1121,0,1,0,0,2,NA,01052,93312,01830,161,12,4,2,225.17707838650722,179.10640533034004
13097000730,GA,097,730,7444,341,5170,1651,21,95,0,14,152,5522,201,4137,1024,17,70,0,5,68,NA,23900,91764,01860,98,30,11,8,518.4502614663091,710.8212889015418
13097000731,GA,097,731,4177,73,3690,324,11,52,1,5,21,3100,48,2795,208,7,32,1,0,9,NA,23900,91764,01860,98,30,11,8,291.05320727011195,399.0485323424085
13097000732,GA,097,732,6365,229,2945,3036,15,21,1,9,109,4311,133,2138,1973,14,15,1,2,35,NA,23900,91764,01860,98,30,11,11,404.75173436821046,554.9349106219751
13097000733,GA,097,733,7026,173,5646,934,18,135,2,5,113,5229,119,4328,606,13,100,1,1,61,NA,23900,90276,01860,99,30,11,8,490.9410389727146,673.1047663285335
13097000734,GA,097,734,3105,55,2673,324,9,15,0,2,27,2270,40,1979,212,8,12,0,2,17,NA,23900,90276,01860,99,30,11,8,213.1260582268239,292.20650594105393
13097000735,GA,097,735,5600,123,4838,542,8,22,1,9,57,4061,82,3585,341,7,19,1,0,26,NA,NA,90276,01860,99,30,11,8,381.2797015238466,522.75357736855506
13097000737,GA,097,737,5855,168,4595,890,8,118,1,10,65,4205,103,3405,568,7,93,0,2,27,NA,23900,91764,01860,98,30,11,8,394.7995924422002,541.290025322525
13097000784,GA,097,784,4443,89,3303,921,16,57,0,8,49,3118,62,2397,588,10,38,0,4,19,NA,23900,91764,01860,99,34,11,11,292.74319363490616,401.36558833665475
13097001259,GA,097,1259,5793,100,4753,842,26,27,0,2,43,4230,70,3506,588,18,21,0,0,27,NA,79528,93396,01860,98,30,11,11,397.1467957266366,544.508158647867
13097001260,GA,097,1260,3253,26,3085,106,8,9,0,0,19,2351,20,2246,58,7,7,0,0,13,NA,NA,91146,01860,99,30,11,8,220.73099686839777,302.633257915162
13097001271,GA,097,1271,2312,39,2149,86,9,7,0,1,21,1697,25,1585,57,7,5,0,0,18,NA,NA,91146,01860,99,30,11,8,159.32815894754194,218.44689012421523
13097001272,GA,097,1272,4756,74,4245,321,17,43,0,1,55,3400,48,3091,195,11,28,0,0,27,NA,NA,90276,01860,99,30,11,8,319.21964668334857,437.6661322465125
13097001273,GA,097,1273,4682,155,4085,329,26,15,1,3,68,3491,87,3109,217,20,11,1,0,46,NA,46832,91764,01860,98,34,11,8,327.763466638697,449.3801375507574
13097001274,GA,097,1274,9009,458,5079,3135,26,166,4,13,128,7018,314,4075,2396,13,130,3,6,81,NA,46832,91764,01860,98,34,11,11,658.9069060069824,903.3943870900073
13097001275,GA,097,1275,4174,98,2647,1288,5,84,0,4,48,2923,61,1953,816,5,60,0,3,25,NA,23900,91764,01860,98,34,11,11,274.43500801630233,376.2641483989871
13097001276,GA,097,1276,4994,238,3689,921,23,56,1,9,57,3427,142,2615,576,14,45,1,3,31,NA,23900,91764,01860,98,34,11,11,321.7546262305398,441.1417162378819
1309700736N,GA,097,736N,6082,131,4933,844,17,91,2,10,54,4223,83,3489,542,14,59,2,4,30,NA,23900,90276,01860,99,30,11,8,396.4895788069944,543.6070813167713
1309700736S,GA,097,736S,3104,70,2440,484,9,62,3,2,34,2163,41,1746,306,8,43,2,1,16,NA,NA,90276,01860,99,30,11,8,203.08002816943616,278.43289530859016
1309900000A,GA,099,A,695,10,263,417,0,4,0,0,1,474,5,209,257,0,2,0,0,1,NA,02928,90870,01920,160,11,4,2,84.44116645864064,71.42539430386928
1309900000B,GA,099,B,5777,87,2188,3431,14,19,7,3,28,3928,53,1772,2049,12,17,4,2,19,NA,08536,90294,01920,160,11,4,2,699.7571768977647,591.8965165097015
1309900000D,GA,099,D,957,12,368,573,0,0,0,1,3,698,7,278,412,0,0,0,1,0,NA,21436,90870,01920,160,11,4,2,124.3458527175763,105.17916713945309
1309900000F,GA,099,F,341,0,273,66,0,0,0,0,2,261,0,209,50,0,0,0,0,2,9550,08536,90294,01920,160,11,4,2,46.496085328492,39.32917281289005
1309900000H,GA,099,H,549,3,388,150,0,0,0,0,8,412,2,296,108,0,0,0,0,6,9550,NA,90294,01920,160,11,4,2,73.3961193691138,62.08283217973448
1309900000L,GA,099,L,890,19,488,364,2,0,0,0,17,652,9,386,245,2,0,0,0,10,NA,NA,91584,01920,160,11,4,2,116.1511403608306,98.24758878928856
1309900000U,GA,099,U,347,0,236,104,1,0,0,0,6,248,0,176,69,1,0,0,0,2,NA,08536,90294,01920,160,11,4,2,44.18018835810734,37.370248496539205
130990000CO,GA,099,CO,371,1,260,109,0,0,0,0,1,287,0,205,81,0,0,0,0,1,NA,08536,90294,01920,160,11,4,2,51.12787926926132,43.24702144559174
130990000CS,GA,099,CS,525,3,418,99,3,0,0,1,1,411,1,334,71,3,0,0,1,1,9550,NA,91584,01920,160,11,4,2,73.21797344831499,61.932145693861344
1309900CUBA,GA,099,CUBA,1045,11,679,345,3,0,0,0,7,793,6,539,243,1,0,0,0,4,NA,08536,90294,01920,160,11,4,2,141.2697151934642,119.49438329740155
130990JAKIN,GA,099,JAKIN,857,6,598,243,0,0,0,0,10,649,3,473,167,0,0,0,0,6,9550,41792,91584,01920,160,11,4,2,115.61670259843414,97.79552933166913
13101001058,GA,101,1058,3754,739,2688,252,43,3,0,1,28,2654,501,1936,166,33,3,0,1,14,NA,28744,91008,01950,178,7,1,1,155,120
1310300001A,GA,103,1A,4429,42,4225,99,12,10,1,2,38,3162,27,3038,58,8,9,1,2,19,NA,08844,92520,01980,147,4,3,12,297.07243070605676,270.38279913311277
1310300001B,GA,103,1B,2558,31,2278,201,16,15,0,0,17,1835,16,1637,145,9,13,0,0,15,NA,NA,92520,01980,147,4,3,12,172.39971864187675,156.91095395612336
1310300002A,GA,103,2A,4275,54,3902,242,15,4,2,2,54,3029,33,2797,159,8,3,1,2,26,NA,35884,91386,01980,147,4,3,12,284.57697425953387,259.00996159841833
1310300002B,GA,103,2B,3638,43,3436,92,7,29,0,1,30,2492,30,2368,56,5,22,0,0,11,NA,62328,92520,01980,147,4,3,12,234.12539447169308,213.09106117638112
1310300003A,GA,103,3A,1216,22,884,300,1,2,1,0,6,882,11,656,209,1,1,1,0,3,NA,58100,92748,01980,147,4,3,12,82.86460590852059,75.41986996692141
1310300003B,GA,103,3B,1630,4,804,785,6,5,0,0,26,1147,2,577,547,2,5,0,0,14,NA,NA,91386,01980,147,4,3,12,107.76156800121669,98.08003497965858
1310300003C,GA,103,3C,1338,13,696,604,1,2,1,1,20,878,7,486,370,1,1,0,0,13,NA,35884,91386,01980,147,4,3,12,82.4888027071214,75.07782974031404
1310300003D,GA,103,3D,1807,40,851,896,9,0,1,4,6,1130,22,575,521,8,0,1,0,3,NA,72780,91386,01980,147,4,3,12,106.16440439527014,96.62636401657731
1310300004A,GA,103,4A,5219,44,4757,351,22,5,1,0,39,3847,30,3501,268,17,4,0,0,27,NA,72780,91386,01980,147,4,3,12,361.42872894566744,328.95718793962203
1310300004B,GA,103,4B,2790,50,2608,89,5,12,2,7,17,1910,36,1796,55,5,7,1,1,9,NA,65296,92520,01980,147,4,3,12,179.4460286681115,163.32420820501122
1310300005A,GA,103,5A,5017,133,3864,900,13,40,0,8,59,3549,76,2816,582,9,28,0,4,34,NA,65296,92520,01980,147,4,3,12,333.4313904414281,303.4751910573743
1310300005B,GA,103,5B,3618,55,3188,294,5,44,0,5,27,2440,34,2175,175,3,31,0,1,21,NA,62328,92520,01980,147,4,3,12,229.2399528535037,208.64453823048555
13105000189,GA,105,189,7656,210,4063,3296,16,39,0,3,29,5579,157,3218,2152,11,28,0,0,13,NA,26616,91044,02010,90,47,5,9,909.352422907489,648.5417844697218
13105000190,GA,105,190,989,7,656,317,5,0,0,1,3,766,5,523,233,2,0,0,0,3,NA,NA,91044,02010,90,47,5,9,124.8546255506608,89.04517062265764
13105000191,GA,105,191,1482,64,1083,331,0,0,2,0,2,1134,56,828,248,0,0,0,0,2,NA,NA,91044,02010,90,47,5,9,184.83700440528634,131.82405154842527
13105000192,GA,105,192,632,4,520,102,3,0,0,0,3,482,3,404,72,1,0,0,0,2,NA,NA,91044,02010,90,47,5,9,78.56387665198238,56.03103425603261
13105000193,GA,105,193,1381,25,890,442,0,3,0,0,21,985,14,686,269,0,3,0,0,13,NA,NA,91044,02010,90,47,5,9,160.55066079295153,114.50325465185088
13105000196,GA,105,196,626,7,489,128,0,1,0,0,1,470,6,366,96,0,1,0,0,1,NA,NA,90720,02010,90,47,5,9,76.6079295154185,54.63607074758367
13105000197,GA,105,197,2365,23,1437,867,9,4,2,1,22,1742,14,1059,643,4,4,2,0,16,NA,26616,91044,02010,90,47,5,9,283.93832599118946,202.5022026431718
13105000199,GA,105,199,760,16,717,21,0,1,0,0,5,585,12,550,18,0,1,0,0,4,NA,NA,90720,02010,90,47,5,9,95.35242290748899,68.004471036886045
13105000201,GA,105,201,2439,25,2013,381,5,1,2,0,12,1814,18,1521,266,2,1,1,0,5,NA,09712,90354,02010,90,47,5,9,295.6740088105727,210.87198369386547
13105000202,GA,105,202,616,13,456,142,0,0,0,0,5,483,9,369,101,0,0,0,0,4,NA,NA,91044,02010,90,47,5,9,78.72687224669605,56.14728121507003
13105000315,GA,105,315,1565,95,1181,278,1,1,0,1,8,1169,78,883,200,1,1,0,0,6,NA,NA,90720,02010,90,47,5,9,190.5418502202643,135.8926951147347
13107000049,GA,107,0049,411,11,292,107,0,0,0,0,1,301,4,224,72,0,0,0,0,1,NA,NA,92886,02040,144,20,5,3,45.65987818804721,39.396206065220156
13107000050,GA,107,0050,1002,135,807,59,0,0,0,1,0,800,118,639,42,0,0,0,1,0,NA,57232,92238,02040,144,20,5,3,121.35515797487628,104.70752442583428
13107000052,GA,107,0052,412,13,100,293,2,0,0,0,4,290,10,77,197,2,0,0,0,4,NA,NA,92886,02040,144,20,5,3,43.99124476589265,37.95647760436493
13107000053,GA,107,0053,11265,222,6557,4382,13,40,1,6,44,7967,165,5050,2690,10,27,1,5,19,NA,74964,92916,02040,144,20,5,3,1208.5456794822992,1042.7560588757772
13107000057,GA,107,0057,723,7,444,257,5,1,0,0,9,505,6,325,165,2,1,0,0,6,NA,74348,92886,02040,144,20,5,3,76.60544347164065,66.09662479380789
13107000058,GA,107,0058,1146,149,535,450,1,0,0,0,11,838,120,411,301,1,0,0,0,5,NA,73620,93120,02040,144,20,5,3,127.1195279786829,109.68113183606141
13107000395,GA,107,0395,533,70,435,19,3,0,0,0,6,397,47,331,13,1,0,0,0,5,NA,NA,90036,02040,144,20,5,3,60.22249714503236,51.96110899632026
13107001208,GA,107,1208,390,3,375,10,0,0,0,0,2,294,1,283,8,0,0,0,0,2,NA,NA,92916,02040,144,20,5,3,44.59802055576703,38.480015226494096
13107001333,GA,107,1333,617,73,360,178,1,0,0,1,4,456,55,272,125,1,0,0,1,2,NA,77988,92886,02040,144,20,5,3,69.17244004567948,59.683288922725545
13107001429,GA,107,1429,669,14,516,139,0,0,0,0,0,467,11,379,77,0,0,0,0,0,NA,32188,93120,02040,144,20,5,3,70.84107346783404,61.123017383580766
13107001452,GA,107,1452,602,3,582,14,0,0,0,0,3,448,3,435,8,0,0,0,0,2,NA,NA,90036,02040,144,20,5,3,67.95888846593073,58.6362136784672
13107001502,GA,107,1502,595,9,434,149,1,1,0,0,1,429,4,325,97,1,1,0,0,1,NA,56644,92916,02040,144,20,5,3,65.0767034640274,56.149409973353634
13107001560,GA,107,1560,2791,32,1640,1108,0,1,0,4,6,2057,17,1246,785,0,1,0,2,6,NA,77988,93120,02040,144,20,5,3,312.03444994290066,269.2292221799264
13107001748,GA,107,1748,681,4,586,88,1,1,0,0,1,513,1,454,55,1,1,0,0,1,NA,00660,90036,02040,144,20,5,3,77.81899505138941,67.14370003806623
13109000001,GA,109,1,2018,203,599,1193,1,6,0,3,13,1532,145,495,878,1,4,0,0,9,NA,16600,90678,02070,154,4,3,3,241.1425568256471,175.12022073314938
13109000002,GA,109,2,588,20,482,79,0,6,0,0,1,446,16,370,54,0,6,0,0,0,NA,36024,90678,02070,154,4,3,3,70.2020759427145,50.981474182104854
13109000003,GA,109,3,1888,128,1365,384,1,1,0,3,6,1314,74,998,234,1,1,0,0,6,NA,NA,90534,02070,154,4,3,3,206.8285376428853,150.2010248324793
13109000004,GA,109,4,513,35,440,38,0,0,0,0,0,386,25,335,26,0,0,0,0,0,NA,NA,90534,02070,154,4,3,3,60.75785047956904,44.12297989751675
13109000005,GA,109,5,754,26,539,178,5,0,0,0,6,545,13,410,115,4,0,0,0,3,NA,21268,90678,02070,154,4,3,3,85.78504795690448,62.29798975167521
13109000006,GA,109,6,1410,95,286,1021,0,2,0,0,6,939,74,228,632,0,0,0,0,5,NA,16600,90678,02070,154,4,3,3,147.80212849822624,107.3354355538037
13109000007,GA,109,7,1811,50,1387,349,1,13,0,0,11,1299,39,1032,210,1,10,0,0,7,NA,06688,90678,02070,154,4,3,3,204.46748127709895,148.48640126133228
13109000008,GA,109,8,939,24,815,95,0,2,0,0,3,723,17,643,59,0,2,0,0,2,NA,16600,90678,02070,154,4,3,3,113.80291683090263,82.64485612928655
13109000009,GA,109,9,574,44,420,102,1,2,0,0,5,427,32,326,62,1,2,0,0,4,NA,16600,90678,02070,154,4,3,3,67.21140454605177,48.80961765865195
1311100FAIR,GA,111,FAIR,837,4,810,0,5,0,0,0,18,638,3,618,0,3,0,0,0,14,NA,NA,92034,02100,6,51,2,10,103.15433754950811,98.91567650440783
1311100FLIN,GA,111,FLIN,3915,35,3825,0,18,7,0,0,30,3099,27,3031,0,14,5,0,0,22,NA,48428,91872,02100,6,51,2,10,501.05845151399006,480.4697201993101
1311100HEMP,GA,111,HEMP,456,3,439,0,4,5,0,0,5,360,3,345,0,4,3,0,0,5,NA,NA,92082,02100,7,51,2,10,58.20620927558452,55.814488309697204
1311100HOTH,GA,111,HOTH,1934,9,1888,1,3,5,0,0,28,1528,7,1495,0,3,2,0,0,21,NA,48428,91872,02100,6,51,2,10,247.0530215919254,236.90149482560366
1311100MINE,GA,111,MINE,1032,4,996,0,7,0,0,0,25,814,4,790,0,4,0,0,0,16,NA,NA,92034,02100,7,51,2,10,131.61070652868278,126.20275967803757
1311100MORG,GA,111,MORG,2523,12,2465,5,14,3,1,1,22,1983,9,1934,4,10,3,1,1,21,NA,52724,92082,02100,7,51,2,10,320.61920275967805,307.4448064392488
1311100NOON,GA,111,NOON,772,6,739,1,9,6,0,0,11,651,5,627,1,5,5,0,0,8,NA,NA,92082,02100,7,51,2,10,105.25622844001533,100.93119969336911
1311100SKEN,GA,111,SKEN,387,1,385,0,0,0,0,0,1,323,1,321,0,0,0,0,0,1,NA,NA,92082,02100,7,51,2,10,52.22390443337166,50.077999233422766
1311100SUGC,GA,111,SUGC,1976,13,1942,0,1,11,0,0,9,1551,7,1531,0,1,5,0,0,7,NA,08928,90306,02100,6,51,2,10,250.77175162897663,240.4674204676121
1311100TOCC,GA,111,TOCC,3707,23,3642,9,3,5,0,0,25,2967,13,2928,7,3,2,0,0,14,NA,08928,90306,02100,7,51,2,10,479.71617477960905,460.00440781908776
13111XMOBCO,GA,111,XMOBCO,2259,20,2181,6,24,5,0,0,23,1740,9,1694,5,13,3,0,0,16,NA,48428,91464,02100,6,51,2,10,281.3300114986585,269.7700268302031
13113000001,GA,113,01,2281,45,1482,612,0,115,0,12,15,1699,29,1160,410,0,83,0,8,9,NA,28968,91164,02130,105,34,7,8,139.65570477058833,269.75422275108565
13113000002,GA,113,02,2305,25,2213,28,11,11,1,0,16,1651,17,1590,21,6,7,0,0,10,NA,11056,90432,02130,105,28,7,8,135.71016396482713,262.13314994822974
13113000003,GA,113,03,3195,60,947,2064,3,42,0,6,73,2365,45,791,1440,2,38,0,5,44,NA,NA,91164,02130,104,34,7,13,194.40008345052465,375.4966078907107
13113000004,GA,113,04,2418,80,2018,222,7,57,0,4,30,1850,48,1596,151,5,38,0,2,10,NA,28968,91164,02130,104,34,7,8,152.0677185553787,293.7288476100697
13113000005,GA,113,05,2129,48,1826,196,5,36,0,0,18,1646,26,1447,135,2,30,0,0,6,NA,28968,91164,02130,105,34,7,8,135.2991701308937,261.3392881979323
13113000006,GA,113,06,1638,29,1468,110,0,17,0,0,14,1177,14,1080,66,0,11,0,0,6,NA,NA,91164,02130,104,34,7,8,96.74794850793552,186.87505602002813
13113000007,GA,113,07,2147,55,1799,235,13,8,0,5,32,1630,38,1401,157,7,7,0,3,17,NA,NA,91164,02130,104,34,7,8,133.98398986230663,258.7989305969803
13113000008,GA,113,08,2837,67,2148,544,4,44,0,6,24,2081,41,1626,360,3,34,0,3,14,NA,28968,91164,02130,104,34,7,8,171.05563368310436,330.40526047381354
13113000009,GA,113,09,2604,40,2464,57,12,16,0,0,15,1913,24,1821,32,10,12,0,0,14,NA,78044,93132,02130,104,34,7,8,157.24624086294025,303.73150566381804
13113000010,GA,113,10,4040,195,3232,463,16,56,0,4,74,2767,125,2251,293,12,42,0,2,42,NA,78044,93132,02130,104,34,7,8,227.44398769877452,439.3230926146286
13113000011,GA,113,11,2516,98,2215,123,3,30,0,9,38,1786,69,1599,74,1,24,0,2,17,NA,59724,93132,02130,105,28,7,8,146.80699748103046,283.5674172062619
13113000012,GA,113,12,1717,62,1543,26,2,55,0,2,27,1238,38,1124,20,2,38,0,2,14,NA,59724,93132,02130,105,28,7,8,101.76207328192369,196.56016937365746
13113000013,GA,113,13,3661,61,3339,176,8,59,1,7,10,2456,35,2244,115,3,46,1,5,7,NA,59724,90432,02130,105,28,7,8,201.88017122811354,389.94489174612494
13113000014,GA,113,14,2263,56,1997,148,3,32,0,3,24,1500,34,1322,105,2,23,0,0,14,NA,59724,93132,02130,105,28,7,8,123.29815018003677,238.1585250892457
13113000015,GA,113,15,1889,25,1791,49,4,9,0,0,11,1406,16,1339,37,4,4,0,0,6,NA,84288,90432,02130,105,28,7,8,115.5714661020878,223.23392418365296
13113000016,GA,113,16,3193,86,2743,181,7,139,3,4,30,2291,60,1979,127,4,100,2,2,17,NA,59724,93132,02130,105,28,7,8,188.3173747083095,363.74745398630796
13113000017,GA,113,17,2022,63,1727,83,2,109,1,5,32,1291,46,1103,53,2,70,1,1,15,NA,59724,93132,02130,105,28,7,8,106.11860792161832,204.9751039268108
13113000018,GA,113,18,2984,166,2100,534,1,130,0,6,47,2090,107,1562,322,1,81,0,1,16,NA,59724,93132,02130,105,28,7,8,171.79542258418456,331.834211624349
13113000020,GA,113,20,1301,39,1204,23,3,28,0,0,4,944,31,881,14,3,14,0,0,1,NA,59724,93132,02130,105,28,7,8,77.59563584663648,149.8810984561653
13113000021,GA,113,21,3067,239,2188,429,9,160,0,2,40,2102,159,1574,225,5,120,0,0,19,NA,59724,93132,02130,105,28,7,8,172.7818077856249,333.739479825063
13113000022,GA,113,22,2401,42,2221,36,3,63,0,6,30,1533,27,1415,29,3,45,0,3,11,NA,59724,93132,02130,105,28,7,8,126.0107094839976,243.3980126412091
13113000023,GA,113,23,1242,16,507,663,4,22,0,1,29,891,11,403,439,3,20,0,0,15,NA,NA,91164,02130,104,34,7,13,73.23910120694185,141.46616390301196
13113000024,GA,113,24,2106,63,1665,292,1,56,2,0,27,1599,45,1302,192,1,44,2,0,13,NA,28968,91164,02130,104,34,7,8,131.4358280919192,253.87698774513592
13113000025,GA,113,25,2040,41,1715,243,5,25,0,1,10,1444,28,1234,153,4,19,0,1,5,NA,28968,91164,02130,105,28,7,8,118.69501923998209,229.26727348591388
13113000026,GA,113,26,1842,63,1633,92,6,37,0,0,11,1302,43,1164,61,5,25,0,0,4,NA,28968,93132,02130,105,28,7,8,107.02279435627193,206.72159977746526
13113000027,GA,113,27,2983,48,2710,154,1,44,4,0,22,2170,34,1992,94,1,35,4,0,10,NA,78044,93132,02130,104,34,7,8,178.37132392711987,344.5359996291088
13113000028,GA,113,28,2643,37,1895,561,9,91,3,3,44,1977,24,1493,367,5,59,2,1,26,NA,28968,91164,02130,104,34,7,8,162.50696193728848,313.89293606762584
13113000029,GA,113,29,2969,86,2337,372,4,129,0,12,29,2363,67,1895,282,3,89,0,8,19,NA,28968,91164,02130,105,34,7,8,194.2356859169513,375.17906319059176
13113000030,GA,113,30,3003,66,2608,290,10,19,0,3,7,2105,42,1861,181,4,12,0,0,5,NA,28968,91164,02130,105,34,7,8,173.02840408598496,334.2157968752415
13113000032,GA,113,32,2794,133,2336,213,2,81,1,5,23,1871,86,1582,136,2,48,1,4,12,NA,59724,93132,02130,105,28,7,8,153.79389265789922,297.0630669613191
13113000033,GA,113,33,2503,90,2226,57,7,90,2,5,26,1812,70,1623,36,5,61,1,1,15,NA,59724,93132,02130,105,28,7,8,148.94416541748444,287.6954983078088
13113000034,GA,113,34,3126,75,2840,87,2,76,1,7,38,1973,46,1797,59,2,45,1,5,18,NA,59724,93132,02130,105,28,7,8,162.1781668701417,313.2578466673878
13113000035,GA,113,35,2974,90,2343,462,0,59,1,5,14,2009,55,1616,298,0,33,1,1,5,NA,28968,91164,02130,105,34,7,8,165.1373224744626,318.97365126952974
13113000036,GA,113,36,2507,66,1999,385,4,29,0,1,23,1782,40,1422,281,3,21,0,0,15,NA,NA,91164,02130,105,28,7,8,146.4782024138837,282.9323278060239
131130X1931,GA,113,X1931,5923,127,5341,173,2,209,1,9,61,3995,82,3637,121,2,132,1,1,19,NA,59724,93132,02130,105,28,7,8,328.3840733128313,634.295538487691
13115000001,GA,115,001,4390,313,3851,162,6,34,0,0,24,3290,206,2930,112,4,25,0,0,13,NA,66668,92586,02190,12,52,11,11,499.98331601516196,474.8011825140131
13115000010,GA,115,010,1590,20,1476,55,7,18,2,0,12,1164,14,1086,40,4,11,1,0,8,NA,66668,90126,02190,11,52,11,11,176.89379326493875,167.98436974052012
13115000015,GA,115,015,3495,33,3373,56,9,7,0,0,17,2568,17,2485,46,6,6,0,0,8,NA,46580,92586,02190,13,52,11,11,390.2605335948133,370.6046920048588
13115000020,GA,115,020,1994,37,1803,131,9,1,0,2,11,1477,18,1349,97,5,0,0,2,6,NA,14108,90588,02190,13,52,11,11,224.4605950621259,213.15542449033353
13115000025,GA,115,025,1579,10,1502,56,1,7,0,0,3,1185,6,1125,47,1,4,0,0,2,NA,66668,92586,02190,13,52,11,11,180.08517613312065,171.01501558635428
13115000030,GA,115,030,6019,103,5323,546,10,6,0,4,27,4516,63,4025,393,10,6,0,1,18,NA,66668,92586,02190,13,52,11,11,686.2992872718758,651.7331733231864
13115000035,GA,115,035,533,2,517,4,3,0,0,0,7,410,2,397,3,3,0,0,0,5,NA,NA,90126,02190,11,52,11,11,62.30795123593203,59.16975222819008
13115000040,GA,115,040,2272,21,2192,37,3,5,2,0,12,1657,10,1605,27,3,4,1,0,7,NA,NA,90126,02190,11,52,11,11,251.81530536082775,239.13238888319745
13115000045,GA,115,045,1617,26,1494,66,6,13,4,0,8,1233,16,1147,54,3,7,2,0,4,NA,14108,90588,02190,11,52,11,11,187.3797655461078,177.94220609111798
13115000050,GA,115,050,6224,403,5146,375,18,219,0,1,62,4733,245,4034,253,11,152,0,1,37,NA,66668,92586,02190,12,52,11,11,719.2769102430885,683.0498470634723
13115000055,GA,115,055,5609,118,5153,192,19,79,4,4,40,4365,82,4059,130,14,53,3,3,21,NA,66668,90126,02190,11,52,11,11,663.3517247435203,629.9413865269505
13115000060,GA,115,060,2201,15,2126,37,2,5,0,0,16,1583,8,1541,19,1,3,0,0,11,NA,NA,92586,02190,13,52,11,11,240.56948001580588,228.45297018835342
13115000065,GA,115,065,5210,88,4466,537,9,66,1,8,35,3809,60,3316,366,5,43,1,1,17,NA,66668,92586,02190,13,52,11,11,578.8560640430857,549.7014298467708
13115000075,GA,115,075,5109,754,3116,1070,20,65,0,12,72,3642,471,2442,637,10,51,0,1,30,NA,66668,92586,04440,12,52,11,11,553.4769717104011,525.6005795489469
13115000076,GA,115,076,5785,859,4039,709,4,96,10,5,63,4283,536,3173,457,4,65,7,4,37,NA,66668,92586,04440,12,52,11,11,650.8901344963339,618.1074360813125
13115000080,GA,115,080,3114,37,2953,79,5,14,0,0,26,2315,22,2212,50,4,11,0,0,16,NA,66668,92586,02190,11,52,11,11,351.81196856386015,334.09262538600007
13115000085,GA,115,085,1298,39,1223,25,4,3,0,0,4,1062,29,1008,16,3,2,0,0,4,NA,66668,92586,02190,13,52,11,11,161.392790762341,153.26408991789722
13115000090,GA,115,090,6404,326,3928,1992,20,66,2,15,55,4894,203,3223,1372,13,48,1,6,28,NA,66668,92586,04440,12,52,11,11,743.7441788991497,706.2847985482006
13115000105,GA,115,105,6186,472,2830,2823,10,14,0,3,34,4696,345,2328,1982,7,12,0,1,21,NA,66668,92586,04440,12,52,11,11,713.6539975705776,677.7101377160503
13115000110,GA,115,110,3252,465,897,1836,5,8,1,1,39,2434,368,743,1301,4,6,1,0,11,NA,66668,92586,04440,12,52,11,11,369.89647148355755,351.26628517906016
13115000115,GA,115,115,699,7,681,3,2,5,0,1,0,517,4,507,2,2,1,0,1,0,NA,NA,92586,02190,11,52,11,11,78.5688068023826,74.6116143950592
13115000125,GA,115,125,1614,122,1331,138,3,5,4,0,11,1253,82,1027,130,3,3,3,0,5,NA,66668,92586,02190,13,52,11,11,190.41917780151914,180.82853546810287
13115000130,GA,115,130,4704,78,4466,58,12,9,0,1,80,3568,43,3432,35,8,8,0,0,42,NA,69868,92736,02190,13,52,11,11,542.2311463653792,514.9211608541029
13115000135,GA,115,135,4538,102,4272,83,7,11,1,1,61,3462,66,3286,58,7,9,1,0,35,NA,46580,92586,02190,13,52,11,11,526.1222614116994,499.6236151560831
13115000140,GA,115,140,5129,533,3516,914,10,78,12,5,61,4213,372,3117,612,8,56,7,5,36,NA,66668,92586,04440,12,52,11,11,640.2521916023943,608.0052832618654
13117000001,GA,117,01,5281,98,4953,67,19,113,0,2,29,3785,61,3558,50,7,92,0,0,17,NA,01696,90270,02220,85,48,2,7,196.55685710660973,284.75134266503153
13117000002,GA,117,02,5440,949,4294,73,15,52,1,6,50,3988,667,3175,56,9,41,1,6,33,NA,01696,90270,02220,28,48,2,7,207.09874402672645,300.0233433416501
13117000003,GA,117,03,6276,287,5889,14,15,16,0,2,53,4798,202,4524,10,12,13,0,1,36,NA,NA,90828,02220,28,49,2,10,249.1624307523153,360.9608829872711
13117000004,GA,117,04,4453,177,4211,9,11,17,0,4,24,3239,130,3065,9,7,11,0,1,16,NA,NA,90642,02220,28,49,2,10,168.20281642491648,243.67492705205734
13117000005,GA,117,05,3340,216,3076,3,4,10,0,1,30,2466,166,2265,2,2,7,0,0,24,NA,20932,92772,02220,28,49,2,10,128.06055736457054,185.52095403222395
13117000006,GA,117,06,5508,157,5295,3,9,8,1,0,35,4046,94,3916,3,7,6,1,0,19,NA,NA,90642,02220,28,49,2,10,210.11071171818836,304.38677210639827
13117000007,GA,117,07,5414,436,4862,17,8,45,0,11,35,3886,277,3530,15,6,32,0,6,20,NA,NA,90828,02220,28,48,2,7,201.80183532794857,292.34972723812746
13117000008,GA,117,08,5201,168,4947,20,4,22,2,3,35,3870,108,3697,14,2,18,2,3,26,NA,20932,90828,02220,85,48,2,10,200.9709476889246,291.1460227513004
13117000009,GA,117,09,4479,113,4322,2,5,11,1,0,25,3165,74,3061,2,4,7,1,0,16,NA,NA,92772,02220,28,49,2,10,164.3599610944306,238.1077938004821
13117000010,GA,117,10,5398,584,4704,27,16,10,0,0,57,4147,420,3639,23,11,10,0,0,44,NA,20932,90828,02220,28,48,2,10,215.3556899395272,311.9851566794942
13117000011,GA,117,11,5564,208,5286,11,13,15,2,1,28,4032,131,3851,5,13,10,2,0,20,NA,NA,90828,02220,28,49,2,10,209.38368503404237,303.3335306804246
13117000012,GA,117,12,2577,31,2516,7,2,3,0,0,18,1999,19,1958,6,1,1,0,0,14,NA,NA,90642,02220,28,49,2,10,103.80902440055822,150.3878293229585
13117000014,GA,117,14,4366,598,3683,8,9,22,0,5,41,3060,418,2586,6,8,15,0,0,27,NA,20932,90828,02220,28,48,2,7,158.90726096333574,230.2084831056794
13117000015,GA,117,15,5624,171,5363,16,9,32,0,4,29,3966,116,3786,12,7,23,0,1,21,NA,NA,90828,02220,28,49,2,7,205.95627352306846,298.3682496722629
13117000016,GA,117,16,4665,446,4117,27,11,16,1,2,45,3518,317,3128,20,9,12,1,0,31,NA,20932,90828,02220,28,48,2,10,182.6914196303971,264.6645240411046
13117000017,GA,117,17,3421,67,3234,31,7,69,0,0,13,2329,50,2198,19,4,49,0,0,9,NA,NA,90270,02220,85,48,2,7,120.94608195542774,175.21423436376705
13117000018,GA,117,18,3351,225,3078,10,9,23,0,0,6,2279,188,2061,8,4,13,0,0,5,NA,NA,90270,02220,85,48,2,7,118.34955808347782,171.45265784243244
13117000019,GA,117,19,4697,85,4482,13,7,79,0,2,29,3246,49,3105,8,6,58,0,1,19,NA,74936,90270,02220,85,48,2,7,168.56632976698947,244.2015477650442
13117000020,GA,117,20,3074,92,2924,8,13,13,0,0,24,2154,57,2059,4,7,10,0,0,17,NA,NA,90828,02220,28,49,2,10,111.858248403603,162.04871653909586
13117000021,GA,117,21,5119,152,4732,38,7,158,0,0,32,3394,100,3135,24,5,121,0,0,9,NA,NA,90270,02220,85,48,2,7,176.25204042796125,255.3358142681947
13117000022,GA,117,22,2841,71,2723,13,4,21,2,1,6,1908,47,1826,7,4,15,2,1,6,NA,NA,90828,02220,28,48,2,7,99.08335095360933,143.54176005412947
13117000023,GA,117,23,2318,146,2129,9,3,16,0,6,9,1666,96,1539,4,3,13,0,4,7,NA,NA,90270,02220,28,48,2,7,86.51617541337167,125.33572969086988
13119000001,GA,119,1,2248,6,1983,238,0,9,0,0,12,1698,4,1511,174,0,5,0,0,4,NA,13352,90546,02250,23,47,6,9,219.38416133792424,164.53812100344317
13119000002,GA,119,2,1442,13,1287,137,1,1,0,0,3,1056,8,969,76,1,1,0,0,1,NA,45460,91698,02250,23,47,6,9,131.26446635233606,102.86155165023574
13119000003,GA,119,3,2025,31,1872,89,17,0,0,3,13,1615,22,1506,66,11,0,0,1,9,NA,35814,91698,02250,23,47,6,9,200.75010715816546,157.3119374196314
13119000004,GA,119,4,3340,27,2577,681,6,5,0,3,41,2501,25,1970,472,4,4,0,1,25,NA,45460,91698,02250,23,47,6,9,310.8829832833262,243.61433776253753
13119000005,GA,119,5,1841,27,1724,64,5,3,0,2,16,1374,20,1294,45,3,3,0,0,9,NA,12932,92616,02250,23,47,6,9,170.79297042434632,133.83690527218175
13119000006,GA,119,6,3456,31,3000,351,2,30,1,1,40,2786,23,2437,276,2,24,0,0,24,NA,67452,92616,02250,23,47,6,9,346.309472781826,271.37526789541363
13119000007,GA,119,7,1470,6,1448,5,1,0,0,0,10,1084,3,1068,4,1,0,0,0,8,NA,NA,92688,02250,23,47,6,9,140.0544351533038,105.04082636497786
13119000008,GA,119,8,618,8,558,50,0,1,0,0,1,458,4,427,26,0,1,0,0,0,NA,NA,92688,02250,23,47,6,9,59.1742908673553,44.38071815051648
13119000009,GA,119,9,701,2,662,34,0,1,0,1,1,511,1,490,17,0,1,0,1,1,NA,NA,92688,02250,23,47,6,9,66.02197081488768,49.51647811116577
13119000010,GA,119,10,379,11,344,19,1,0,0,0,4,283,7,252,19,1,0,0,0,4,NA,NA,90546,02250,23,47,6,9,36.564026889654045,27.423020167240534
13119000011,GA,119,11,1134,13,1031,82,1,0,0,1,6,842,8,771,60,1,0,0,0,2,NA,NA,90546,02250,23,47,6,9,108.78767010985409,81.59075258239056
13119000012,GA,119,12,844,3,812,28,1,0,0,0,0,633,1,610,21,1,0,0,0,0,NA,NA,90546,02250,23,47,6,9,81.78455484505656,61.33841613379242
13119000013,GA,119,13,787,9,766,8,0,0,1,0,3,590,6,575,6,0,0,1,0,2,NA,NA,90546,02250,23,47,6,9,76.22888998196426,57.17166748647319
1312100001A,GA,121,01A,3365,145,1700,1421,7,23,2,10,57,2806,116,1552,1062,7,22,2,6,39,NA,04000,90144,00120,56,36,9,5,493.9969742961103,323.875978570363
1312100001B,GA,121,01B,4093,413,2062,1488,11,35,2,4,78,3267,285,1864,1020,11,31,2,4,50,NA,04000,90144,00120,56,36,9,5,575.1561350767614,377.0858239448952
1312100001C,GA,121,01C,2477,376,316,1418,4,305,0,9,49,1647,263,248,894,1,207,0,5,29,NA,04000,90144,00120,57,36,9,5,289.9547457824996,190.10111785651745
1312100001E,GA,121,01E,2246,43,1361,770,6,30,0,6,30,1915,35,1235,586,6,26,0,4,23,NA,04000,90144,00120,56,36,9,5,337.13621018426636,221.03439022175525
1312100001J,GA,121,01J,2126,92,150,1855,0,10,0,0,19,1428,60,129,1224,0,4,0,0,11,NA,04000,90144,00120,48,36,9,5,251.3997431556827,164.82355573716265
1312100001P,GA,121,01P,1974,32,16,1904,4,1,0,0,17,1324,21,13,1277,3,1,0,0,9,NA,04000,90144,00120,57,36,9,13,233.09051816395228,152.81959929692113
1312100001R,GA,121,01R,3845,45,12,3751,6,10,0,0,21,1828,25,10,1779,4,2,0,0,8,NA,04000,90144,00120,57,36,9,5,321.8198392777227,210.99261896886088
1312100001S,GA,121,01S,3948,264,146,3415,7,82,0,10,24,2363,183,116,1985,1,66,0,0,12,NA,04000,90144,00120,57,36,9,5,416.0067178409511,272.74374104125724
1312100001T,GA,121,01T,7443,1395,1069,4777,26,109,2,5,60,5573,1061,1012,3335,20,96,2,2,45,NA,04000,90144,00120,56,36,9,5,981.1279892203219,643.2504734756355
1312100002A,GA,121,02A,2272,61,376,1644,3,139,0,12,37,1838,52,355,1274,3,121,0,6,27,NA,04000,90144,00120,48,36,9,5,323.58034168077364,212.14684554965334
1312100002B,GA,121,02B,2009,54,729,1146,7,37,0,1,35,1901,54,715,1058,7,34,0,0,33,NA,04000,90144,00120,48,36,9,5,334.671506819995,219.4184730086458
1312100002C,GA,121,02C,1866,48,871,885,9,24,0,4,25,1677,46,864,710,8,22,0,4,23,NA,04000,90144,00120,56,36,9,5,295.2362529916526,193.5637975988948
1312100002D,GA,121,02D,3909,60,655,3121,2,33,1,7,30,3089,49,641,2334,2,30,1,5,27,NA,04000,90144,00120,56,36,9,5,543.8191923024536,356.5405908067895
1312100002E,GA,121,02E,2949,68,2429,318,8,54,1,12,59,2644,55,2199,271,8,51,1,10,49,NA,04000,90144,00120,56,36,9,5,465.4768353666842,305.17750796152524
1312100002G,GA,121,02G,1649,119,590,874,16,15,0,3,32,1418,92,540,731,12,14,0,3,26,NA,04000,90144,00120,56,36,9,5,249.6392407526317,163.6693291563702
1312100002H,GA,121,02H,787,4,4,776,0,2,0,0,1,422,1,2,418,0,1,0,0,0,NA,04000,90144,00120,48,39,9,5,74.29320140875217,48.70836170944162
1312100002J,GA,121,02J,4262,197,559,3304,13,122,5,2,60,3627,184,538,2752,12,89,5,2,45,NA,04000,90144,00120,48,36,9,5,638.5342215865974,418.63798085342364
1312100002K,GA,121,02K,2499,42,74,2355,1,4,0,7,16,1741,33,59,1627,1,4,0,2,15,NA,04000,90144,00120,56,36,9,5,306.50346837117894,200.9508477159665
1312100002L,GA,121,02L,2448,112,1511,682,10,83,3,3,44,2397,111,1500,650,10,79,3,3,41,NA,04000,90144,00120,47,39,9,5,421.9924260113245,276.66811141595156
1312100002M,GA,121,02M,1201,15,55,1118,0,1,0,2,10,844,8,54,776,0,1,0,2,3,NA,04000,90144,00120,48,36,9,5,148.58640281750434,97.41672341888324
1312100002N,GA,121,02N,1037,59,28,946,1,0,0,0,3,659,41,23,593,1,0,0,0,1,NA,04000,90144,00120,48,36,9,5,116.01710836106083,76.06353167422282
1312100002P,GA,121,02P,8024,294,5149,712,2,1744,11,50,62,7856,287,5086,694,2,1670,10,47,60,NA,04000,90144,00120,48,39,9,5,1383.050687836865,906.7604018705531
1312100002R,GA,121,02R,2410,40,45,2260,3,41,0,1,20,1548,27,42,1436,2,31,0,0,10,NA,04000,90144,00120,48,36,9,5,272.52577199229466,178.67427470667212
1312100002S,GA,121,02S,3236,451,274,2435,5,11,1,4,55,2464,341,254,1816,5,11,1,1,35,NA,04000,90144,00120,56,36,9,5,433.7877921117662,284.401429507261
1312100003A,GA,121,03A,4079,35,47,3956,3,1,1,9,27,3118,26,38,3027,1,1,1,5,19,NA,04000,90144,00120,50,38,9,5,548.9246492713015,359.8878478910876
1312100003B,GA,121,03B,2071,9,19,2029,0,0,1,0,13,1333,4,13,1307,0,0,1,0,8,NA,04000,90144,00120,50,38,9,5,234.67497032669817,153.8584032196343
1312100003C,GA,121,03C,1677,11,2,1651,0,0,0,0,13,1186,11,1,1165,0,0,0,0,9,NA,04000,90144,00120,50,38,9,5,208.79558500184848,136.89127248198523
1312100003D,GA,121,03D,1194,8,13,1159,1,0,0,1,12,955,6,11,924,1,0,0,1,12,NA,04000,90144,00120,50,38,9,5,168.1279794913704,110.22863846567951
1312100003E,GA,121,03E,1273,4,10,1245,1,4,0,0,9,980,4,10,952,1,4,0,0,9,NA,04000,90144,00120,49,39,9,5,172.5292354989979,113.11420491766064
1312100003F,GA,121,03F,771,21,7,738,1,0,0,0,4,569,17,7,540,1,0,0,0,4,NA,04000,90144,00120,49,39,9,5,100.17258673360186,65.67549244709072
1312100003G,GA,121,03G,1210,6,6,1185,0,2,0,0,11,968,6,6,943,0,2,0,0,11,NA,04000,90144,00120,49,39,9,5,170.41663261533674,111.7291330207097
1312100003J,GA,121,03J,1376,15,37,1312,0,0,0,0,12,985,9,34,935,0,0,0,0,7,NA,04000,90144,00120,49,39,9,5,173.40948670052342,113.69131820805687
1312100003K,GA,121,03K,2935,43,14,2853,3,4,1,1,16,2071,29,12,2010,3,3,1,0,13,NA,04000,90144,00120,50,38,9,5,364.60004767186194,239.04032488211755
1312100003L,GA,121,03L,1384,15,16,1340,3,7,0,1,2,980,8,15,944,3,7,0,1,2,NA,04000,90144,00120,49,39,9,5,172.5292354989979,113.11420491766064
1312100003M,GA,121,03M,3551,72,498,2946,2,14,10,1,8,3416,67,480,2837,2,13,10,0,7,NA,04000,90144,00120,49,39,9,5,601.3876208822213,394.28379999870276
1312100003N,GA,121,03N,3212,35,53,3093,1,3,0,0,27,2434,27,45,2343,0,3,0,0,16,NA,04000,90144,00120,49,39,9,5,428.5062849026132,280.93874976488365
1312100003R,GA,121,03R,3118,19,11,3044,4,1,0,2,37,2289,9,10,2238,3,1,0,2,26,NA,04000,90144,00120,50,38,9,5,402.9790000583737,264.20246434339305
1312100003S,GA,121,03S,1941,15,7,1847,7,0,0,3,62,1396,11,6,1321,6,0,0,1,51,NA,04000,90144,00120,50,38,9,5,245.76613546591946,161.13003067862678
1312100003T,GA,121,03T,1504,30,81,1357,3,11,2,4,16,1362,30,80,1221,3,11,2,2,13,NA,04000,90144,00120,49,39,9,5,239.7804272955461,157.20566030393246
1312100003U,GA,121,03U,1282,17,3,1240,1,5,0,0,16,1144,14,3,1108,1,3,0,0,15,NA,04000,90144,00120,49,39,9,5,201.4014749090343,132.0435208426569
1312100004A,GA,121,04A,2426,5,8,2380,6,1,1,0,25,1708,4,8,1677,3,1,1,0,14,NA,04000,90144,00120,49,39,9,5,300.69381044111066,197.14189999935138
1312100004B,GA,121,04B,3038,34,95,2867,2,2,0,4,34,2320,30,91,2165,2,2,0,1,29,NA,04000,90144,00120,49,39,9,5,408.4365575078318,267.7805667438497
1312100004D,GA,121,04D,1950,20,9,1898,2,0,1,0,20,1523,17,9,1484,2,0,1,0,10,NA,04000,90144,00120,50,38,9,5,268.1245159846672,175.788708254691
1312100004E,GA,121,04E,3356,51,165,2707,4,407,0,2,20,2303,39,164,1799,3,286,0,0,12,NA,04000,90144,00120,48,39,9,5,405.4437034226451,265.8183815565025
1312100004G,GA,121,04G,1293,9,21,1259,0,0,0,1,3,893,6,19,867,0,0,0,0,1,NA,04000,90144,00120,54,39,9,5,157.21286459245422,103.07243366476628
1312100004H,GA,121,04H,2135,29,18,2052,4,15,0,0,17,1526,22,17,1460,4,9,0,0,14,NA,04000,90144,00120,48,36,9,5,268.6526667055825,176.13497622892874
1312100004K,GA,121,04K,2814,41,50,2668,2,4,0,2,47,2043,34,44,1927,2,3,0,2,31,NA,04000,90144,00120,49,39,9,5,359.67064094331914,235.80849045589866
1312100004L,GA,121,04L,2520,37,46,2344,7,45,0,4,37,1800,19,39,1681,4,32,0,2,23,NA,04000,90144,00120,49,39,9,5,316.8904325491799,207.760784542642
1312100004M,GA,121,04M,1405,14,44,1334,1,2,0,0,10,918,5,37,867,1,2,0,0,6,NA,04000,90144,00120,54,39,9,5,161.61412060008172,105.95800011674741
1312100004S,GA,121,04S,3057,20,52,2945,4,3,1,0,32,2248,13,48,2153,4,2,1,0,27,NA,04000,90144,00120,54,39,9,5,395.76094020586464,259.470135362144
1312100004T,GA,121,04T,1457,6,22,1422,1,2,0,0,4,1084,4,22,1052,1,1,0,0,4,NA,04000,90144,00120,54,39,9,5,190.8384604907283,125.11816135790217
1312100004V,GA,121,04V,1717,14,10,1673,4,3,0,0,13,961,7,7,937,4,1,0,0,5,NA,04000,90144,00120,48,36,9,5,169.18428093320102,110.92117441415498
1312100004W,GA,121,04W,2155,25,11,2101,1,4,0,4,9,2136,24,11,2084,1,4,0,3,9,NA,04000,90144,00120,49,39,9,5,376.04331329169344,246.5427976572685
1312100004X,GA,121,04X,4569,29,72,4404,7,8,1,5,43,3488,23,65,3353,6,7,0,3,31,NA,04000,90144,00120,54,39,9,5,614.0632381841885,402.5942313804085
1312100005A,GA,121,05A,4415,288,1466,2525,8,34,3,5,86,3577,211,1332,1917,7,25,3,3,79,NA,04000,90144,00120,56,36,9,5,629.7317095713424,412.8668479494614
1312100005B,GA,121,05B,3070,46,177,2806,10,6,0,4,21,1871,40,174,1625,10,6,0,0,16,NA,04000,90144,00120,56,36,9,5,329.389999610842,215.95579326626844
1312100006A,GA,121,06A,2394,110,1760,405,3,82,0,4,30,2337,103,1731,389,3,78,0,3,30,NA,04000,90144,00120,47,39,9,5,411.4294115930185,269.74275193119684
1312100006B,GA,121,06B,2130,55,1748,245,3,45,0,3,31,1991,52,1646,216,3,43,0,3,28,NA,04000,90144,00120,47,36,9,5,350.51602844745395,229.8065122357779
1312100006C,GA,121,06C,2783,71,2546,92,7,28,0,3,36,2250,59,2069,70,5,20,0,2,25,NA,04000,90144,00120,47,39,9,5,396.1130406864748,259.70098067830247
1312100006D,GA,121,06D,3352,627,2110,438,10,120,1,3,43,2956,469,1929,400,10,106,1,3,38,NA,04000,90144,00120,47,39,9,5,520.4045103418754,341.1893772822499
1312100006E,GA,121,06E,2138,82,1732,222,4,50,0,5,43,2031,80,1662,193,4,47,0,5,40,NA,04000,90144,00120,47,39,9,5,357.5580380596579,234.42341855894773
1312100006F,GA,121,06F,2096,76,1776,165,3,39,0,4,33,1894,64,1600,156,3,37,0,3,31,NA,04000,90144,00120,47,36,9,5,333.43915513785925,218.61051440209107
1312100006G,GA,121,06G,3897,106,2719,947,7,51,2,4,61,3613,90,2632,774,5,49,2,4,57,NA,04000,90144,00120,47,36,9,5,636.069518222326,417.02206364031423
1312100006H,GA,121,06H,2086,39,1969,25,2,27,0,1,23,1797,34,1700,21,2,22,0,1,17,NA,04000,90144,00120,47,36,9,5,316.36228182826454,207.41451656840425
1312100006J,GA,121,06J,3474,115,3110,152,6,42,0,4,45,3047,95,2747,117,6,41,0,4,37,NA,04000,90144,00120,47,36,9,5,536.4250822096394,351.6928391674612
1312100006K,GA,121,06K,1747,77,1449,142,4,43,0,4,28,1684,73,1396,138,4,41,0,4,28,NA,04000,90144,00120,47,39,9,5,296.46860467378826,194.37175620544951
1312100006N,GA,121,06N,2110,61,1732,222,9,45,1,3,37,2036,59,1674,212,8,45,1,2,35,NA,04000,90144,00120,47,36,9,5,358.43828926118346,235.00053184934396
1312100007A,GA,121,07A,2016,42,1850,61,2,48,0,2,11,1774,38,1628,53,2,45,0,0,8,NA,04000,90144,00120,46,40,9,5,312.3131263012472,204.7597954325816
1312100007B,GA,121,07B,2775,41,2617,51,0,55,0,3,8,1920,26,1815,34,0,41,0,1,3,NA,04000,90144,00120,46,40,9,5,338.01646138579184,221.61150351215147
1312100007C,GA,121,07C,5336,172,4637,357,3,115,2,8,42,4717,151,4085,326,2,106,2,7,38,NA,04000,90144,00120,46,40,9,5,830.4289835191563,544.4486781598013
1312100007D,GA,121,07D,3190,452,2466,139,3,88,2,5,35,2923,390,2288,129,3,77,2,2,32,NA,04000,90144,00120,46,40,9,5,514.5948524118071,337.38042956563476
1312100007E,GA,121,07E,6329,2697,2654,508,4,305,0,15,146,5538,2193,2502,441,4,268,0,15,115,NA,04000,90144,00120,47,39,9,5,974.9662308096433,639.2106804428619
1312100007F,GA,121,07F,1262,229,753,138,5,120,0,3,14,1113,196,695,116,4,90,0,2,10,NA,04000,90144,00120,46,40,9,5,195.9439174595762,128.4654184422003
1312100007G,GA,121,07G,1792,38,1676,43,3,22,0,1,9,1495,37,1386,42,3,20,0,1,6,NA,04000,90144,00120,46,40,9,5,263.1951092561244,172.5568738284721
1312100007H,GA,121,07H,2303,45,2104,77,1,49,0,7,20,2011,35,1847,65,1,41,0,6,16,NA,04000,90144,00120,47,40,9,5,354.03703325355593,232.11496539736282
1312100007J,GA,121,07J,3203,129,2766,224,3,48,1,3,29,3046,112,2638,218,3,46,1,3,25,NA,04000,90144,00120,47,39,9,5,536.2490319693344,351.577416509382
1312100007K,GA,121,07K,3619,156,2746,549,2,115,0,6,45,3250,146,2438,509,2,109,0,5,41,NA,04000,90144,00120,46,40,9,5,572.1632809915747,375.123638757548
1312100007L,GA,121,07L,3703,86,2776,685,10,89,1,10,46,3298,77,2440,635,9,84,1,10,42,NA,04000,90144,00120,46,39,9,5,580.6136925262196,380.66392634535185
1312100007M,GA,121,07M,1670,31,1491,114,2,18,0,4,10,1517,27,1351,109,2,16,0,4,8,NA,04000,90144,00120,46,39,9,5,267.0682145428366,175.0961723062155
1312100007N,GA,121,07N,3921,238,2843,498,6,238,3,17,78,3761,218,2765,460,6,223,3,13,73,NA,04000,90144,00120,47,39,9,5,662.1249537874808,434.1046170360425
1312100008A,GA,121,08A,2983,51,2716,91,2,94,1,0,28,2405,39,2195,75,2,72,1,0,21,NA,04000,90144,00120,45,38,9,5,423.4008279337653,277.59149268058553
1312100008B,GA,121,08B,3695,87,3434,79,2,70,0,9,14,2899,75,2684,69,2,57,0,4,8,NA,04000,90144,00120,45,40,9,5,510.3696466444847,334.6102857717329
1312100008C,GA,121,08C,1613,21,1525,23,1,27,0,1,15,1268,14,1201,21,1,24,0,1,6,NA,04000,90144,00120,45,40,9,5,223.23170470686668,146.35593044448336
1312100008D,GA,121,08D,3115,26,2991,47,1,35,0,1,14,2397,26,2299,36,1,26,0,1,8,NA,04000,90144,00120,45,40,9,5,421.9924260113245,276.66811141595156
1312100008E,GA,121,08E,3205,46,2953,106,1,82,3,0,14,2432,33,2238,80,1,66,2,0,12,NA,04000,90144,00120,45,38,9,5,428.154184422003,280.7079044487252
1312100008F,GA,121,08F,2441,24,2368,23,0,10,0,0,16,1694,17,1652,14,0,6,0,0,5,NA,04000,90144,00120,45,38,9,5,298.2291070768393,195.52598278624197
1312100008G,GA,121,08G,2697,62,2394,168,0,45,3,1,24,2570,57,2277,167,0,45,1,1,22,NA,04000,90144,00120,46,40,9,5,452.4491175841068,296.63623126366105
1312100008H,GA,121,08H,2750,54,2596,44,4,34,0,6,12,2287,46,2152,40,2,29,0,6,12,NA,04000,90144,00120,46,40,9,5,402.6268995777635,263.97161902723457
1312100008J,GA,121,08J,3006,39,2735,153,1,55,1,6,16,2386,32,2167,126,1,46,0,4,10,NA,04000,90144,00120,46,38,9,5,420.0558733679684,275.39846217707986
1312100008K,GA,121,08K,596,7,576,5,1,3,0,0,4,517,6,501,4,1,3,0,0,2,NA,04000,90144,00120,46,40,9,5,91.01797423773665,59.67351422696995
1312100008L,GA,121,08L,2861,84,2350,322,7,53,1,6,38,2622,73,2170,277,7,50,1,6,38,NA,04000,90144,00120,46,40,9,5,461.60373007997197,302.63820948378185
1312100008M,GA,121,08M,2092,31,2007,26,7,11,1,2,7,1702,28,1629,25,5,10,0,2,3,NA,04000,90144,00120,46,40,9,5,299.6375089992801,196.44936405087594
1312100008N,GA,121,08N,3906,162,2402,549,2,703,5,31,52,3779,153,2364,515,2,665,5,28,47,NA,04000,90144,00120,49,39,9,5,665.2938581129727,436.182224881469
1312100008P,GA,121,08P,2714,90,1880,492,2,206,1,7,36,2568,88,1793,466,2,181,1,6,31,NA,04000,90144,00120,49,39,9,5,452.0970171034966,296.40538594750257
1312100009A,GA,121,09A,4123,1113,701,2225,8,29,4,9,34,2944,741,616,1522,5,23,4,6,27,NA,04000,90144,00120,50,38,9,5,518.2919074582142,339.8043053852989
1312100009B,GA,121,09B,3203,67,21,3092,1,2,0,1,19,1554,31,15,1493,1,2,0,0,12,NA,04000,90144,00120,51,38,9,5,273.5820734341252,179.36681065514756
1312100009C,GA,121,09C,3655,15,8,3602,7,5,0,4,14,2797,11,6,2754,6,4,0,4,12,NA,04000,90144,00120,51,38,9,5,492.41252213336446,322.8371746476498
1312100009D,GA,121,09D,2878,25,18,2815,5,3,0,2,10,2047,13,16,2007,2,3,0,0,6,NA,04000,90144,00120,50,38,9,5,360.37484190453955,236.27018108821565
1312100009E,GA,121,09E,1672,11,31,1621,3,2,0,0,4,1214,11,23,1172,3,2,0,0,3,NA,04000,90144,00120,50,38,9,5,213.7249917303913,140.1231069082041
1312100009F,GA,121,09F,4511,164,3861,313,4,111,4,11,43,4105,145,3530,274,4,104,4,10,34,NA,04000,90144,00120,50,38,9,5,722.6862364524352,473.810011415303
1312100009G,GA,121,09G,2145,254,1464,292,5,89,1,6,34,1899,196,1365,225,5,72,0,6,30,NA,04000,90144,00120,50,39,9,5,334.3194063393847,219.1876276924873
1312100009J,GA,121,09J,326,0,23,302,0,0,0,0,1,215,0,1,214,0,0,0,0,0,NA,04000,90144,00120,51,38,9,5,37.850801665596485,24.815871487037796
1312100009K,GA,121,09K,1756,14,13,1723,0,0,1,1,4,1205,13,9,1178,0,0,1,0,4,NA,04000,90144,00120,51,38,9,5,212.1405395676454,139.0843029854909
1312100009L,GA,121,09L,2303,16,16,2258,1,5,1,0,6,1318,11,11,1286,1,4,1,0,4,NA,04000,90144,00120,51,38,9,5,232.03421672212167,152.12706334844563
1312100009M,GA,121,09M,1776,279,613,851,7,4,1,1,20,1301,206,528,547,4,4,1,0,11,NA,04000,90144,00120,51,38,9,5,229.041362636935,150.16487816109847
1312100009N,GA,121,09N,5797,53,47,5636,8,1,0,12,40,3143,29,38,3042,3,1,0,2,28,NA,04000,90144,00120,51,38,9,5,553.325905278929,362.7734143430688
1312100010A,GA,121,10A,3094,30,46,2977,0,22,0,1,18,2374,20,35,2292,0,15,0,1,11,NA,04000,90144,00120,52,38,9,5,417.9432704843072,274.01339028012893
1312100010B,GA,121,10B,4289,426,19,3767,19,12,9,8,29,2983,336,17,2574,17,10,8,4,17,NA,04000,90144,00120,52,38,9,5,525.1578668301131,344.3057890503895
1312100010C,GA,121,10C,3282,13,5,3235,2,0,0,5,22,2107,10,4,2075,2,0,0,1,15,NA,04000,90144,00120,52,38,9,5,370.93785632284556,243.19554057297037
1312100010D,GA,121,10D,3282,50,8,3206,6,1,0,1,10,2065,37,7,2008,5,0,0,1,7,NA,04000,90144,00120,51,38,9,5,363.54374623003133,238.34778893364205
1312100010E,GA,121,10E,1931,148,10,1750,0,4,0,3,16,1435,116,10,1295,0,2,0,0,12,NA,04000,90144,00120,51,38,9,5,252.63209483781839,165.63151434371738
1312100010F,GA,121,10F,1347,1,6,1321,3,3,0,1,12,1084,0,6,1062,3,3,0,0,10,NA,04000,90144,00120,50,38,9,5,190.8384604907283,125.11816135790217
1312100010G,GA,121,10G,883,0,6,870,0,1,0,0,6,745,0,5,733,0,1,0,0,6,NA,04000,90144,00120,50,38,9,5,131.15742902729943,85.98988026903794
1312100010H,GA,121,10H,4351,500,23,3779,7,10,2,2,28,3168,395,20,2716,7,8,1,2,19,NA,04000,90144,00120,51,38,9,5,557.7271612865566,365.65898079504996
1312100010J,GA,121,10J,1645,16,51,1554,4,3,0,0,17,1158,11,40,1095,2,3,0,0,7,NA,04000,90144,00120,50,38,9,5,203.8661782733057,133.65943805576634
1312100010L,GA,121,10L,3197,17,33,3115,1,1,0,1,29,2596,8,33,2531,1,1,0,1,21,NA,04000,90144,00120,52,38,9,5,457.02642383203937,299.63722037372145
1312100010M,GA,121,10M,3219,27,34,3122,3,1,0,8,24,2396,16,31,2325,3,1,0,5,15,NA,04000,90144,00120,49,39,9,5,421.8163757710194,276.5526887578724
1312100010P,GA,121,10P,1936,11,3,1897,5,6,0,5,9,1407,8,3,1377,5,5,0,1,8,NA,04000,90144,00120,51,38,9,5,247.70268810927558,162.3996799174985
1312100011A,GA,121,11A,1048,4,13,1024,2,0,0,0,5,851,2,12,830,2,0,0,0,5,NA,04000,90144,00120,54,38,9,5,149.81875449964005,98.22468202543797
1312100011B,GA,121,11B,4042,13,95,3904,3,2,6,6,13,2997,7,87,2883,3,2,3,4,8,NA,04000,90144,00120,52,35,9,5,527.6225701943845,345.9217062634989
1312100011C,GA,121,11C,1981,8,29,1932,4,0,0,1,7,1402,6,28,1361,2,0,0,1,4,NA,04000,90144,00120,54,38,9,5,246.8224369077501,161.82256662710228
1312100011E,GA,121,11E,3775,36,61,3630,3,5,2,2,36,2509,21,55,2404,3,4,2,2,18,NA,04000,90144,00120,53,35,9,5,441.7100529254957,289.5954491208271
1312100011G,GA,121,11G,4110,46,241,3788,3,4,1,5,22,2980,35,236,2681,2,4,1,2,19,NA,04000,90144,00120,54,39,9,5,524.6297161091977,343.95952107615176
1312100011H,GA,121,11H,2819,19,20,2746,4,0,1,0,29,2208,11,19,2153,1,0,1,0,23,NA,04000,90144,00120,54,38,9,5,388.7189305936606,254.8532290389742
1312100011J,GA,121,11J,2213,7,43,2152,0,3,0,0,8,1670,7,39,1614,0,2,0,0,8,NA,04000,90144,00120,53,38,9,5,294.00390130951683,192.75583899234007
1312100011K,GA,121,11K,942,3,14,905,0,5,0,2,13,739,3,14,708,0,4,0,2,8,NA,04000,90144,00120,53,39,9,5,130.10112758546884,85.29734432056247
1312100011L,GA,121,11L,1657,20,20,1598,3,0,0,2,14,1244,14,17,1198,2,0,0,2,11,NA,04000,90144,00120,53,39,9,5,219.00649893954431,143.58578665058147
1312100011M,GA,121,11M,3824,14,51,3712,2,4,0,6,35,2449,10,47,2370,1,2,0,1,18,NA,04000,90144,00120,54,38,9,5,431.1470385071897,282.67008963607236
1312100011N,GA,121,11N,2651,29,45,2558,0,5,0,2,12,2149,18,43,2073,0,4,0,1,10,NA,04000,90144,00120,54,38,9,5,378.33196641565974,248.0432922122987
1312100011P,GA,121,11P,1212,6,25,1167,2,1,0,1,10,952,5,22,914,1,1,0,1,8,NA,04000,90144,00120,54,38,9,5,167.5998287704551,109.88237049144176
1312100011R,GA,121,11R,2827,38,29,2722,2,0,0,2,34,2029,31,27,1945,2,0,0,0,24,NA,04000,90144,00120,53,39,9,5,357.20593757904777,234.19257324278922
1312100012A,GA,121,12A,1251,12,74,1154,1,0,0,0,10,866,10,65,785,0,0,0,0,6,NA,04000,90144,00120,48,39,9,5,152.45950810421652,99.95602189662665
1312100012B,GA,121,12B,3423,28,256,3105,7,3,0,6,18,2433,21,239,2153,4,3,0,5,8,NA,04000,90144,00120,48,36,9,5,428.3302346623081,280.8233271068044
1312100012C,GA,121,12C,2425,18,254,2102,9,11,0,5,26,1848,16,235,1562,7,9,0,3,16,NA,04000,90144,00120,54,39,9,5,325.34084408382466,213.3010721304458
1312100012D,GA,121,12D,1661,111,76,1433,0,19,4,3,15,1228,74,69,1068,0,11,2,0,4,NA,04000,90144,00120,54,36,9,5,216.1896950946627,141.73902412131355
1312100012E,GA,121,12E,5492,1145,648,3026,6,505,9,13,140,4080,893,557,2178,5,355,6,3,83,NA,04000,90144,00120,57,36,9,5,718.2849804448076,470.92444496332183
1312100012F,GA,121,12F,1472,104,206,1136,4,2,0,8,12,981,58,175,734,3,2,0,3,6,NA,04000,90144,00120,57,36,9,5,172.705285739303,113.22962757573988
1312100012G,GA,121,12G,804,6,215,549,0,18,0,2,14,665,5,212,421,0,13,0,1,13,NA,04000,90144,00120,54,39,9,5,117.07340980289143,76.75606762269828
1312100012H,GA,121,12H,2506,234,123,2082,2,26,0,10,29,1763,177,116,1428,2,18,0,5,17,NA,04000,90144,00120,57,36,9,5,310.37657365789113,203.4901461937099
1312100012J,GA,121,12J,4548,153,85,4277,7,6,0,0,20,2950,112,77,2740,6,6,0,0,9,NA,04000,90144,00120,57,36,9,13,519.3482089000447,340.4968413337744
1312100012L,GA,121,12L,1227,34,156,998,2,3,0,1,33,855,25,128,676,2,3,0,1,20,NA,04000,90144,00120,54,39,9,5,150.52295546086043,98.68637265775494
1312100012M,GA,121,12M,1304,13,20,1263,1,0,0,1,6,679,10,16,649,1,0,0,0,3,NA,04000,90144,00120,57,36,9,13,119.53811316716283,78.37198483580772
1312100012S,GA,121,12S,2148,86,15,2034,2,0,0,0,11,1359,60,14,1277,2,0,0,0,6,NA,04000,90144,00120,48,36,9,5,239.2522765746308,156.8593923296947
1312100012T,GA,121,12T,2858,208,55,2552,4,12,1,6,20,1843,146,49,1618,4,10,1,1,14,NA,04000,90144,00120,57,36,9,13,324.4605928822992,212.72395884004956
1312100012U,GA,121,12U,2848,27,123,2676,4,3,0,0,15,1874,17,104,1738,3,3,0,0,9,NA,04000,90144,00120,57,36,9,13,329.9181503317572,216.30206124050616
1312100AP01,GA,121,AP01,8249,435,6224,759,15,644,1,54,117,6537,334,4974,586,13,505,1,41,83,NA,01696,92604,02280,44,56,10,6,1150.8404208744382,754.5179158640282
1312100AP02,GA,121,AP02,5078,174,4261,319,6,190,0,50,78,3701,120,3139,212,6,142,0,36,46,NA,01696,92604,02280,41,56,10,6,651.5619393691748,427.1792575512878
1312100AP03,GA,121,AP03,1629,467,799,216,11,115,0,1,20,1229,332,651,142,8,81,0,0,15,NA,01696,92604,02280,41,56,10,6,216.3657453349678,141.8544467793928
1312100AP05,GA,121,AP05,3978,92,3453,174,4,226,1,1,27,2624,57,2283,110,4,153,1,1,15,NA,01696,92604,02280,41,48,10,6,461.95583056058223,302.86905479994033
1312100AP07,GA,121,AP07,4334,295,3446,298,11,219,0,8,57,3461,232,2800,220,9,167,0,6,27,NA,01696,92604,02280,41,56,10,6,609.3098816959508,399.4778196122689
1312100AP08,GA,121,AP08,5086,243,4589,106,2,110,3,6,27,3554,156,3224,69,2,78,3,4,18,NA,01696,92604,02280,41,56,10,6,625.6825540443251,410.2121268136387
1312100AP09,GA,121,AP09,6500,221,5371,352,9,482,1,9,55,4321,151,3563,253,8,309,1,4,32,NA,01696,92604,02280,41,48,10,6,760.7130883583368,498.74130556042
1312100CP01,GA,121,CP01,4194,457,1072,2597,9,27,1,6,25,2948,288,941,1672,4,23,1,3,16,NA,17776,90732,02280,55,35,9,5,518.9961084194346,340.26599601761586
1312100CP02,GA,121,CP02,2039,226,624,1151,4,13,0,5,16,1561,161,535,837,3,12,0,3,10,NA,17776,90732,02280,55,35,9,13,274.81442511626096,180.17476926170232
1312100CP03,GA,121,CP03,2228,54,35,2096,4,1,0,3,35,1562,39,28,1463,4,1,0,2,25,NA,17776,90732,02280,55,35,9,5,274.99047535656604,180.29019191978153
1312100CP04,GA,121,CP04,653,9,2,638,1,0,0,0,3,356,8,2,344,0,0,0,0,2,NA,17776,90732,02280,55,35,9,5,62.673885548615566,41.090466276211416
1312100CP05,GA,121,CP05,5288,277,188,4704,5,45,0,9,60,3696,199,181,3242,2,30,0,4,38,NA,17776,90732,02280,53,35,9,5,650.6816881676493,426.6021442608916
1312100CP06,GA,121,CP06,4408,189,63,4052,5,27,0,7,65,3093,136,54,2829,3,23,0,5,43,NA,17776,90732,02280,53,35,9,5,544.523393263674,357.00228143910647
1312100EP01,GA,121,EP01,2586,36,399,2123,1,10,1,1,15,1963,21,369,1550,1,10,0,1,11,NA,25720,91020,02280,53,39,9,5,345.58662171891115,226.57467780955903
1312100EP02,GA,121,EP02,4599,213,480,3826,10,11,0,7,52,2970,135,432,2363,5,8,0,2,25,NA,25720,91020,02280,55,39,9,5,522.8692137061468,342.8052944953593
1312100EP03,GA,121,EP03,1120,63,211,826,1,1,2,0,16,789,38,195,548,1,1,2,0,4,NA,25720,91020,02280,55,39,9,5,138.90363960072384,91.06847722452474
1312100EP04,GA,121,EP04,2474,219,789,1402,5,37,6,3,13,1843,133,711,962,3,24,3,0,7,NA,25720,91020,02280,55,39,9,5,324.4605928822992,212.72395884004956
1312100EP05,GA,121,EP05,5595,809,739,3945,7,33,0,7,55,3717,549,612,2498,5,22,0,3,28,NA,25720,91020,02280,55,35,9,5,654.3787432140564,429.0260200805557
1312100EP06,GA,121,EP06,4388,118,382,3795,10,38,0,10,35,3231,90,350,2725,6,27,0,8,25,NA,25720,91020,02280,55,35,9,5,568.8183264257779,372.9306082540424
1312100EP07,GA,121,EP07,5934,1317,1224,3280,3,46,0,3,61,4340,874,1090,2300,3,37,0,0,36,NA,25720,91020,02280,55,35,9,5,764.0580429241337,500.93433606392574
1312100EP08,GA,121,EP08,6130,90,99,5845,10,11,2,5,68,4036,66,85,3821,6,9,0,2,47,NA,25720,91020,02280,53,35,9,5,710.5387698713832,465.84584800783506
1312100EP09,GA,121,EP09,2693,83,452,2073,6,49,0,1,29,2042,56,429,1499,6,36,0,1,15,NA,25720,91020,02280,55,35,9,5,359.49459070301407,235.69306779781942
1312100EP11,GA,121,EP11,4076,50,360,3613,6,6,0,4,37,3053,30,349,2642,5,5,0,3,19,NA,25720,91020,02280,55,35,9,5,537.4813836514701,352.38537511593665
1312100FA01,GA,121,FA01,5464,711,2055,2579,12,38,0,5,64,3975,469,1723,1714,9,25,0,2,33,NA,28380,91128,02280,58,35,9,13,699.7997052127722,458.8050658650011
1312100HP01,GA,121,HP01,6180,1348,2597,1567,19,541,6,11,91,4669,929,2222,1050,17,375,6,6,64,NA,36472,90144,02280,57,35,9,13,821.9785719845115,538.9083905719975
1312100MP01,GA,121,MP01,496,7,466,8,2,2,0,1,10,396,5,376,6,2,2,0,0,5,NA,53172,92604,02280,42,56,10,6,69.71589516081957,45.707372599381245
1312100NC01,GA,121,NC01,7011,105,6662,149,4,46,0,6,39,4750,68,4530,93,4,37,0,0,18,NA,NA,92604,02280,41,56,10,6,836.2386414492246,548.2576258764163
1312100NC02,GA,121,NC02,3826,791,2720,187,0,101,0,0,27,2774,641,1925,117,0,75,0,0,16,NA,01696,92604,02280,41,56,10,6,488.3633666063472,320.1824535118272
1312100NC03,GA,121,NC03,8135,254,6993,431,11,343,6,10,87,5948,178,5127,330,9,243,5,4,52,NA,01696,92604,02280,41,56,10,6,1047.1468293347343,686.5339702553525
1312100NC04,GA,121,NC04,7208,212,6033,295,2,557,0,18,91,4304,139,3577,200,2,335,0,10,41,NA,01696,92604,02280,41,48,10,6,757.72023427315,496.7791203730729
1312100NC05,GA,121,NC05,8550,247,6426,571,8,1125,0,22,151,6146,184,4699,391,6,764,0,11,91,NA,24600,92604,02280,41,56,10,6,1082.004776915144,709.3876565550431
1312100NC07,GA,121,NC07,8654,282,7089,512,9,621,3,18,120,5347,183,4350,333,7,403,2,9,60,NA,01696,92604,02280,41,56,10,6,941.3406349113693,617.164952749726
1312100NC08,GA,121,NC08,1209,49,1023,79,6,41,0,2,9,825,26,712,50,3,28,0,0,6,NA,67284,92604,02280,41,56,10,6,145.24144825170742,95.22369291537757
1312100NC09,GA,121,NC09,4582,234,3727,308,3,227,0,10,73,3203,151,2638,206,1,167,0,4,36,NA,01696,92604,02280,44,56,10,6,563.888919697235,369.6987738278235
1312100NC11,GA,121,NC11,4450,147,3766,233,5,240,0,8,51,3504,117,2994,177,5,171,0,8,32,NA,67284,92604,02280,44,56,10,6,616.8800420290702,404.4409939096764
1312100NC12,GA,121,NC12,3605,43,3222,113,1,201,0,1,24,2317,33,2066,73,1,128,0,0,16,NA,67284,92604,02280,44,40,10,6,407.9084067869165,267.4342987696119
1312100NC13,GA,121,NC13,2265,86,1666,198,1,228,3,21,62,1537,55,1143,133,1,150,2,12,41,NA,01696,92604,02280,44,56,10,6,270.58921934893857,177.4046254678004
1312100NC16,GA,121,NC16,6046,143,4569,291,5,922,4,15,97,4101,94,3157,189,5,608,2,5,41,NA,24600,92604,02280,41,56,10,6,721.9820354912148,473.34832078298604
1312100NC17,GA,121,NC17,3349,117,2727,151,8,287,0,9,50,2171,79,1772,97,4,189,0,2,28,NA,NA,92604,02280,41,56,10,6,382.2050717023719,250.58259069004208
1312100NC20,GA,121,NC20,6929,197,5128,368,15,1107,0,30,84,4215,119,3095,238,6,699,0,14,44,NA,24600,92604,02280,41,48,10,6,742.0517628859961,486.50650380402
1312100NC22,GA,121,NC22,2642,162,1958,173,1,283,0,3,62,1906,107,1449,122,1,190,0,3,34,NA,01696,92604,02280,41,48,10,6,335.55175802152047,219.99558629904203
1312100NC23,GA,121,NC23,5549,178,4089,349,2,798,0,12,121,3559,115,2616,224,2,523,0,6,73,NA,NA,92604,02280,41,48,10,6,626.5628052458505,410.7892401040349
1312100NC25,GA,121,NC25,4384,202,3179,335,12,572,0,7,77,2968,123,2189,224,10,388,0,1,33,NA,NA,92604,02280,41,56,10,6,522.5171132255365,342.57444917920077
1312100NC26,GA,121,NC26,2926,53,2624,89,2,128,1,9,20,1987,35,1788,57,2,88,1,4,12,NA,NA,92604,02280,41,56,10,6,349.81182748623354,229.3448216034609
1312100PA01,GA,121,PA01,3073,301,1317,1385,12,1,1,8,48,2156,190,1046,871,8,1,1,7,32,NA,58884,92298,02280,58,34,9,13,379.5643180977954,248.8512508188534
1312100RW01,GA,121,RW01,4351,110,3871,173,0,168,0,3,26,3228,77,2896,106,0,128,0,0,21,NA,67284,92604,02280,42,56,10,6,568.2901757048626,372.5843402798047
1312100RW02,GA,121,RW02,4671,188,4053,160,9,177,5,7,72,3426,138,3010,106,8,113,4,3,44,NA,67284,92604,02280,42,56,10,6,603.1481232852723,395.4380265794953
1312100RW03,GA,121,RW03,6511,1572,3749,795,15,223,0,28,129,5156,1184,3130,553,13,172,0,14,90,NA,67284,92604,02280,42,56,10,6,907.7150390130952,595.11922505659
1312100RW04,GA,121,RW04,3120,104,2781,103,3,103,1,2,23,2331,68,2097,83,1,65,0,1,16,NA,67284,92604,02280,42,40,10,6,410.3731101511879,269.0502159827214
1312100RW05,GA,121,RW05,5844,1127,3704,578,10,289,0,9,127,4746,860,3120,436,8,228,0,7,87,NA,67284,92604,02280,42,56,10,6,835.5344404880042,547.7959352440994
1312100RW06,GA,121,RW06,3858,228,3199,222,7,148,3,14,37,2730,159,2260,154,5,116,1,9,26,NA,67284,92604,02280,44,56,10,6,480.6171560329228,315.10385655634036
1312100RW07,GA,121,RW07,5813,2604,1750,1095,18,195,0,23,128,4435,1947,1454,764,17,153,0,14,86,NA,67284,92604,02280,44,56,10,5,780.7828157531181,511.899488581454
1312100RW09,GA,121,RW09,1855,33,1732,57,1,25,0,1,6,1348,16,1271,37,1,19,0,1,3,NA,67284,92604,02280,42,56,10,6,237.31572393127468,155.589743090823
1312100RW10,GA,121,RW10,3860,94,3453,193,1,74,0,3,42,3056,69,2745,156,1,56,0,2,27,NA,67284,92604,02280,42,56,10,6,538.0095343723854,352.73164309017443
1312100RW11,GA,121,RW11,3097,81,2664,248,1,70,1,5,27,2472,62,2145,191,1,52,1,3,17,NA,67284,92604,02280,42,56,10,6,435.196194034207,285.324810771895
1312100RW12,GA,121,RW12,4065,109,3613,148,1,123,5,21,45,3148,70,2838,103,1,90,3,12,31,NA,67284,92604,02280,42,56,10,6,554.2061564804545,363.35052763346505
1312100RW13,GA,121,RW13,4539,205,3759,248,9,215,2,13,88,3474,144,2910,192,5,150,2,8,63,NA,67284,92604,02280,44,56,10,6,611.5985348199172,400.97831416729906
1312100RW15,GA,121,RW15,3850,65,3584,113,2,69,0,4,13,2661,38,2494,70,1,50,0,2,6,NA,67284,92604,02280,42,56,10,6,468.4696894518709,307.1396931488724
1312100RW16,GA,121,RW16,2915,125,2447,157,4,137,0,4,41,2188,99,1844,121,1,96,0,2,25,NA,67284,92604,02280,42,56,10,6,385.19792578755863,252.54477587738927
1312100RW17,GA,121,RW17,4873,890,3049,630,6,163,2,22,111,3566,683,2318,370,4,126,2,7,56,NA,67284,92604,02280,42,40,10,6,627.7951569279862,411.5971987105896
1312100RW18,GA,121,RW18,2674,65,2409,97,6,52,0,4,41,1855,45,1681,69,4,31,0,0,25,NA,67284,92604,02280,42,56,10,6,326.57319576596035,214.1090307370005
1312100RW19,GA,121,RW19,1733,26,1473,151,1,63,0,0,19,1024,14,873,88,1,41,0,0,7,NA,67284,92604,02280,41,56,10,6,180.2754460724223,118.19280187314745
1312100RW20,GA,121,RW20,2191,31,1947,121,2,59,1,4,26,1612,28,1440,90,1,38,1,1,13,NA,67284,92604,02280,44,40,10,6,283.792987371821,186.0613248237438
1312100RW21,GA,121,RW21,4074,305,3169,385,2,145,0,17,51,3191,237,2532,266,2,116,0,9,29,NA,67284,92604,02280,44,40,10,6,561.7763168135738,368.3137019308725
1312100RW22,GA,121,RW22,5403,459,3430,946,7,433,3,10,115,4244,342,2816,685,6,310,3,7,75,NA,67284,92604,02280,44,40,10,6,747.157219854844,489.85376088831816
1312100SC01,GA,121,SC01,2334,20,206,2078,1,11,0,4,14,1775,15,185,1556,1,5,0,0,13,NA,04000,90144,02280,52,35,9,5,312.48917654155235,204.87521809066087
1312100SC02,GA,121,SC02,3076,15,72,2958,1,7,0,0,23,2316,12,69,2215,1,4,0,0,15,NA,04000,90144,02280,52,35,9,5,407.7323565466114,267.3188761115327
1312100SC04,GA,121,SC04,1329,9,1076,213,5,9,0,2,15,1054,6,875,151,5,6,0,1,10,NA,NA,90144,02280,52,34,9,13,185.55695328157532,121.6554816155248
1312100SC05,GA,121,SC05,2921,47,1135,1661,6,18,9,10,35,2249,26,968,1201,3,15,5,7,24,NA,NA,90144,02280,52,35,9,13,395.9369904461697,259.58555802022323
1312100SC06,GA,121,SC06,1645,29,1378,219,1,2,0,3,13,1276,18,1088,161,0,1,0,0,8,NA,NA,92298,02280,52,34,9,13,224.6401066293075,147.27931170911734
1312100SC07,GA,121,SC07,1565,30,1071,435,8,1,0,7,13,1226,18,886,304,5,1,0,3,9,NA,78324,91128,02280,58,35,9,13,215.8375946140525,141.50817880515504
1312100SC08,GA,121,SC08,5166,61,700,4294,9,38,1,18,45,3676,46,613,2938,6,29,1,12,31,NA,78324,91128,02280,53,35,9,5,647.1606833615473,424.29369109930667
1312100SC09,GA,121,SC09,4245,77,242,3833,6,24,0,5,58,3130,54,221,2789,6,21,0,3,36,NA,NA,91128,02280,58,35,9,5,551.0372521549627,361.27291978803856
1312100SC10,GA,121,SC10,1500,22,65,1338,4,16,3,1,51,1063,14,57,937,3,13,2,1,36,NA,17776,91128,02280,58,35,9,5,187.1414054443212,122.69428553823802
1312100SC12,GA,121,SC12,1483,45,1085,322,4,13,1,0,13,1088,20,837,210,2,10,1,0,8,NA,58884,92298,02280,58,34,9,13,191.5426614519487,125.57985199021915
1312100SC14,GA,121,SC14,1549,16,54,1447,2,16,2,0,12,1166,14,47,1083,2,11,1,0,8,NA,04000,90144,02280,52,35,9,5,205.2745801957465,134.58281932040032
1312100SC16,GA,121,SC16,2701,17,70,2586,2,1,5,4,16,1918,8,62,1830,1,1,5,1,10,NA,23900,90144,02280,52,35,9,5,337.66436090518164,221.38065819599296
1312100SC18,GA,121,SC18,2347,21,225,2065,3,10,0,0,23,1794,17,202,1547,3,7,0,0,18,NA,25720,90144,02280,52,35,9,5,315.83413110734926,207.0682485941665
1312100SC19,GA,121,SC19,3965,45,155,3691,5,3,2,5,59,2505,30,135,2303,4,2,2,3,26,NA,25720,91020,02280,53,35,9,5,441.00585196427534,289.1337584885101
1312100SC21,GA,121,SC21,1964,194,1108,597,7,22,1,2,33,1387,105,862,379,7,17,1,1,15,NA,28380,91128,02280,58,35,9,13,244.1816833031736,160.0912267559136
1312100SC23,GA,121,SC23,3647,32,259,3302,3,10,0,2,39,2535,18,239,2239,3,10,0,2,24,NA,NA,91128,02280,58,35,9,5,446.2873591734283,292.5964382308875
1312100SC27,GA,121,SC27,2869,24,143,2625,2,39,0,4,32,2077,17,133,1863,2,34,0,4,24,NA,17776,91128,02280,58,35,9,5,365.65634911369256,239.732860830593
1312100SC30,GA,121,SC30,1206,14,12,1172,1,1,0,0,6,910,10,11,882,1,1,0,0,5,NA,04000,90144,02280,52,38,9,5,160.20571867764093,105.03461885211345
1312100SS01,GA,121,SS01,1570,39,1421,60,1,35,0,1,13,1201,28,1087,44,0,34,0,1,7,NA,68516,90144,02280,44,40,10,6,211.436338606425,138.6226123531739
1312100SS02,GA,121,SS02,3706,420,2149,875,7,117,1,31,106,2910,304,1762,652,4,100,1,16,71,NA,68516,90144,02280,43,40,10,6,512.3061992878407,335.8799350106046
1312100SS03,GA,121,SS03,1828,96,1447,203,2,56,5,4,15,1492,72,1217,139,2,47,5,2,8,NA,68516,90144,02280,43,40,10,6,262.66695853520906,172.21060585423436
1312100SS04,GA,121,SS04,4653,467,2956,943,2,190,5,11,79,3933,356,2595,742,1,167,3,8,61,NA,68516,90144,02280,43,40,9,5,692.405595119958,453.95731422567275
1312100SS05,GA,121,SS05,1563,20,1491,15,0,25,0,1,11,1173,18,1120,9,0,20,0,1,5,NA,68516,90144,02280,43,40,10,6,206.5069318778822,135.39077792695502
1312100SS06,GA,121,SS06,2436,12,2303,56,1,37,0,2,25,2001,9,1899,46,1,29,0,2,15,NA,68516,90144,02280,43,40,10,6,352.2765308505049,230.96073881657034
1312100SS07,GA,121,SS07,1936,433,1391,63,6,27,1,2,13,1709,329,1290,51,4,24,1,1,9,NA,68516,90144,02280,45,40,9,6,300.8698606814158,197.25732265743065
1312100SS08,GA,121,SS08,1887,24,1688,86,3,58,0,2,26,1727,23,1551,76,3,50,0,0,24,NA,68516,90144,02280,45,40,9,5,304.03876500690757,199.33493050285708
1312100SS09,GA,121,SS09,2760,23,2635,35,4,49,1,3,10,2116,20,2017,25,2,40,1,3,8,NA,68516,90144,02280,45,40,10,6,372.5223084855914,244.2343444956836
1312100SS10,GA,121,SS10,3981,49,3750,60,2,74,0,3,43,2819,34,2666,45,1,55,0,2,16,NA,68516,90144,02280,45,40,10,6,496.28562742007665,325.3764731253932
1312100SS11,GA,121,SS11,5225,1040,3558,447,7,124,1,8,40,4550,725,3290,373,7,112,1,8,34,NA,68516,90144,02280,45,40,9,6,801.0285933882046,525.1730942605673
1312100SS12,GA,121,SS12,2657,38,2467,71,2,53,3,4,19,2082,28,1942,56,2,40,3,2,9,NA,68516,90144,02280,45,40,9,5,366.53660031521804,240.30997412098924
1312100SS13,GA,121,SS13,4718,910,3023,585,5,96,5,17,77,4050,693,2692,495,5,85,5,11,64,NA,68516,90144,02280,45,40,9,5,713.0034732356546,467.46176522094447
1312100SS14,GA,121,SS14,1579,30,1513,16,0,10,0,1,9,1186,25,1136,10,0,10,0,1,4,NA,68516,90144,02280,46,40,9,5,208.79558500184848,136.89127248198523
1312100SS15,GA,121,SS15,6508,963,2975,2194,11,171,4,38,152,5317,719,2708,1592,9,151,2,26,110,NA,68516,90144,02280,43,40,10,5,936.0591277022163,613.7022730073486
1312100SS16,GA,121,SS16,2386,37,2291,18,0,27,0,2,11,1781,24,1711,14,0,20,0,2,10,NA,68516,90144,02280,43,40,10,6,313.54547798338297,205.56775403913633
1312100SS17,GA,121,SS17,4161,147,3388,424,7,109,1,24,61,3391,111,2809,322,5,93,1,8,42,NA,68516,90144,02280,44,40,10,6,596.9863648745938,391.39823354672166
1312100SS18,GA,121,SS18,1447,28,1345,27,1,28,0,0,18,1103,16,1027,23,1,21,0,0,15,NA,68516,90144,02280,43,56,10,6,194.1834150565252,127.31119186140783
1312100SS19,GA,121,SS19,3088,173,2091,582,6,149,2,29,56,2582,133,1807,448,5,122,2,21,44,NA,68516,90144,02280,43,56,10,5,454.561720467768,298.02130316061204
1312100SS20,GA,121,SS20,2879,322,1754,554,1,154,5,24,65,2395,238,1518,443,1,125,4,14,52,NA,68516,90144,02280,43,40,10,5,421.6403255307143,276.4372660997931
1312100SS21,GA,121,SS21,4775,2390,1607,507,11,131,0,47,82,3877,1813,1453,382,7,112,0,40,70,NA,68516,90144,02280,45,40,10,5,682.5467816628724,447.493645373235
1312100SS22,GA,121,SS22,3596,160,2801,385,3,176,2,10,59,3165,130,2503,328,3,152,2,7,40,NA,68516,90144,02280,43,56,10,6,557.1990105656413,365.3127128208122
1312100SS23,GA,121,SS23,5098,148,4281,363,3,228,3,6,66,4558,131,3838,319,2,205,3,4,56,NA,68516,90144,02280,45,40,9,5,802.4369953106453,526.0964755252012
1312100SS24,GA,121,SS24,3064,120,2410,289,1,173,0,24,47,2740,94,2190,250,1,149,0,19,37,NA,68516,90144,02280,43,56,10,5,482.3776584359738,316.2580831371328
1312100SS25,GA,121,SS25,3617,74,3189,138,2,178,1,5,30,2606,62,2292,105,1,127,1,2,16,NA,68516,90144,02280,44,40,10,6,458.78692623509033,300.7914469545139
1312100SS26,GA,121,SS26,4677,352,2746,1143,11,318,0,28,79,4063,273,2514,918,10,270,0,15,63,NA,68516,90144,02280,43,40,10,5,715.292126359621,468.96225977597464
1312100UC01,GA,121,UC01,5282,106,362,4681,10,44,0,8,71,3599,63,305,3148,8,38,0,3,34,NA,78324,91128,02280,58,35,9,13,633.6048148580545,415.4061464272047
1312100UC02,GA,121,UC02,3986,463,1102,2269,12,83,2,9,46,2837,298,902,1535,9,63,2,3,25,NA,78324,91128,02280,58,35,9,13,499.4545317455685,327.45408097081963
1312100UC03,GA,121,UC03,2353,38,1226,1048,4,20,1,2,14,2021,32,1197,756,3,19,1,2,11,NA,78324,91128,02280,58,35,9,13,355.79753565660695,233.26919197815528
131210SC11A,GA,121,SC11A,3877,44,94,3703,6,4,0,3,23,2712,24,84,2580,3,4,0,1,16,NA,NA,91128,02280,58,35,9,13,477.448251707431,313.02624871091393
131210SC11B,GA,121,SC11B,3413,62,73,3231,4,4,3,0,36,2350,31,64,2223,3,4,2,0,23,NA,78324,91128,02280,58,35,9,13,413.71806471698477,271.24324648622706
13123000001,GA,123,1,5766,879,4781,26,28,16,8,0,28,4351,597,3680,13,20,13,5,0,23,NA,27092,91074,02340,7,51,2,10,413.704050019715,476.20081113051316
13123000002,GA,123,2,3371,94,3252,0,3,4,0,0,18,2648,53,2579,0,2,3,0,0,11,NA,NA,92517,02340,7,51,2,10,251.77851630710302,289.813777953022
13123000003,GA,123,3,2633,122,2485,0,12,1,0,0,13,1915,70,1826,0,10,1,0,0,8,NA,NA,90711,02340,7,51,2,10,182.08302822058243,209.58964682025572
13123000004,GA,123,4,1303,125,1161,1,4,0,0,0,12,925,78,832,1,3,0,0,0,11,NA,NA,90567,02340,7,51,2,10,87.95133216921083,101.23781896017574
13123000005,GA,123,5,2397,105,2244,10,11,6,2,0,19,1732,68,1634,6,6,5,2,0,11,NA,NA,90567,02340,7,51,2,10,164.6829268292683,189.5609756097561
13123000006,GA,123,6,1285,17,1250,1,5,1,0,3,8,1048,13,1021,1,5,1,0,0,7,NA,NA,90711,02340,7,51,2,10,99.64648228468428,114.69971272460992
13123000007,GA,123,7,999,5,969,1,11,1,0,0,12,806,3,789,1,8,1,0,0,4,NA,NA,90711,02340,7,51,2,10,76.63651213879344,88.21371035881259
13123000008,GA,123,8,938,21,908,0,0,0,0,0,9,730,10,713,0,0,0,0,0,7,NA,NA,90711,02340,7,51,2,10,69.41024052272856,79.89579226046303
13123000009,GA,123,9,4764,447,4237,12,7,6,8,0,47,3598,308,3227,8,6,5,8,0,36,NA,25356,91074,02340,7,51,2,10,342.10691150791416,393.7877541823917
1312500EDGH,GA,125,EDGH,176,0,161,4,2,0,0,0,9,140,0,125,4,2,0,0,0,9,NA,26224,92040,02370,120,23,5,12,30.29090909090909,29.781818181818178
1312500GIBS,GA,125,GIBS,970,2,874,88,4,0,0,0,2,765,2,689,68,4,0,0,0,2,NA,32748,91284,02370,120,23,5,12,121.56764495347173,172.49463135289906
1312500MILL,GA,125,MILL,881,6,827,43,0,0,0,0,5,632,3,595,32,0,0,0,0,2,NA,32748,91284,02370,120,23,5,12,100.43235504652827,142.50536864710094
1312500MITC,GA,125,MITC,529,4,447,77,0,0,0,0,1,410,1,352,56,0,0,0,0,1,NA,51968,92040,02370,120,23,5,12,88.70909090909092,87.21818181818182
13127001146,GA,127,1146,3170,44,2873,192,3,29,0,3,26,2357,28,2152,136,3,20,0,1,17,NA,23200,92994,02400,174,6,3,1,334.8896008860409,353.9555595110953
13127001246,GA,127,1246,6596,104,5670,689,14,33,1,10,75,4650,62,4048,464,11,27,0,1,37,NA,23200,91116,02400,174,6,3,1,660.685890589771,698.3001067995727
13127001346,GA,127,1346,950,10,919,14,0,3,1,0,3,879,6,853,13,0,3,1,0,3,NA,11560,92994,02400,174,6,3,1,124.89094576955026,132.001245995016
13127001446,GA,127,1446,4730,50,3973,623,23,6,1,3,51,3507,27,2988,439,14,6,1,0,32,NA,23200,92994,02400,174,6,3,1,498.2850361931886,526.6534353862585
13127002146,GA,127,2146,4749,117,4301,255,7,47,1,1,20,4003,81,3684,178,7,34,0,1,18,NA,68040,92658,02400,174,6,3,1,568.7581978560975,601.1387801115462
13127002246,GA,127,2246,5262,77,5001,94,7,51,1,0,31,4132,54,3942,76,6,37,1,0,16,NA,68040,92658,02400,174,6,3,1,587.0869032079427,620.5109766227602
13127002346,GA,127,2346,4674,68,4336,209,2,28,2,2,27,3734,41,3492,157,2,21,2,2,17,NA,68040,92658,02400,174,6,3,1,530.5378742929472,560.7424943633558
13127003233,GA,127,3233,5360,131,4178,941,29,32,0,4,45,3763,84,3024,593,16,21,0,0,25,NA,19830,91116,02400,173,3,3,1,534.6582809224319,565.0974842767296
13127004133,GA,127,4133,6849,101,3219,3399,19,29,2,7,73,5132,76,2732,2239,16,26,2,4,37,NA,11560,90444,02400,173,3,3,1,729.1698904315494,770.6830426011629
13127004243,GA,127,4243,2949,160,2084,658,7,10,5,1,24,2111,106,1562,408,7,6,3,1,18,NA,23200,90444,02400,174,3,3,1,299.9371860290337,317.0132312804082
13127004346,GA,127,4346,2029,15,1936,57,1,10,4,0,6,1592,11,1528,36,1,8,3,0,5,NA,23200,90444,02400,174,6,3,1,226.1961156599818,239.0739290376172
13127005143,GA,127,5143,4285,576,1922,1687,15,13,2,11,59,3080,411,1563,1053,10,11,2,6,24,NA,11560,90444,02400,174,3,3,1,437.61560064870855,462.5299632134805
13127005233,GA,127,5233,3587,215,243,3089,2,1,1,0,36,2425,154,199,2048,1,1,1,0,21,NA,11560,90444,02400,173,3,3,1,344.5512440172462,364.16725999762673
13127005333,GA,127,5333,4010,72,994,2881,7,14,1,5,36,2964,45,836,2043,5,9,0,2,24,NA,11560,90444,02400,173,3,3,1,421.1339741307701,445.1100035599858
131270X3133,GA,127,X3133,8368,279,4917,2923,19,100,10,9,111,6131,194,3930,1841,16,81,6,2,61,NA,19830,90444,02400,173,3,3,1,871.1107946679324,920.7049365135872
13129000856,GA,129,856,1982,46,1834,89,2,3,0,0,8,1507,29,1403,66,1,3,0,0,5,NA,12456,90504,02430,10,51,2,10,146.23529411764707,164.8151260504202
13129000874,GA,129,874,2186,24,2112,31,1,5,1,0,12,1622,17,1566,26,1,4,1,0,7,NA,28492,91134,02430,10,51,2,10,157.39458995276945,177.3922590934184
13129000973,GA,129,973,3332,120,3062,97,4,16,0,2,31,2310,68,2137,69,4,11,0,2,19,NA,NA,92460,02430,10,51,2,10,224.15629025332763,252.63632460283384
13129000980,GA,129,980,1652,86,1533,5,9,5,4,0,10,1194,55,1117,5,6,4,2,0,5,NA,64736,92880,02430,10,51,2,10,115.86260197509661,130.58345089860762
13129001054,GA,129,1054,1999,18,1940,19,2,6,0,0,14,1493,11,1452,14,1,5,0,0,10,NA,NA,92880,02430,10,51,2,10,144.87677114641477,163.283996810403
13129001055,GA,129,1055,2842,121,2647,35,10,1,0,0,28,2137,84,1998,26,6,1,0,0,22,NA,61684,90504,02430,10,51,2,10,207.36882782310002,233.715941851193
13129001056,GA,129,1056,5543,79,5261,128,15,18,3,1,38,3964,50,3770,97,7,12,3,1,24,NA,NA,91134,02430,10,51,2,10,384.6560755689137,433.52830767343437
13129001057,GA,129,1057,869,16,846,0,1,0,0,0,6,679,12,663,0,1,0,0,0,3,NA,63560,92460,02430,10,51,2,10,65.888364104766,74.25976814083297
13129001063,GA,129,1063,1659,47,1582,3,8,7,0,0,12,1192,30,1146,2,7,2,0,0,5,NA,NA,92460,02430,10,51,2,10,115.66852726492056,130.36471815003372
13129001064,GA,129,1064,861,9,745,99,0,0,0,0,8,637,6,546,79,0,0,0,0,6,NA,NA,92880,02430,10,51,2,10,61.81279519106912,69.66638042078145
13129001235,GA,129,1235,1548,8,1518,2,7,0,0,0,13,1133,4,1114,1,5,0,0,0,9,NA,NA,92460,02430,10,51,2,10,109.94332331472737,123.91210206710423
13129001595,GA,129,1595,390,3,374,13,0,0,0,0,0,296,2,286,8,0,0,0,0,0,NA,NA,92880,02430,10,51,2,10,28.7230571060541,32.37244678893455
1312900849A,GA,129,849A,8632,865,7441,196,9,58,0,2,61,6417,597,5612,122,6,45,0,1,34,NA,12456,90504,02430,10,51,2,10,622.6887075998283,701.8040237993007
1312900849B,GA,129,849B,10609,1826,7747,794,22,106,3,18,93,8025,1353,5972,550,16,79,3,5,47,NA,12456,90504,00720,10,51,2,10,778.7247745813654,877.665153652702
1313100000B,GA,131,B,1423,235,1047,116,10,0,0,1,14,1027,159,781,75,6,0,0,1,5,NA,12400,90498,02460,179,11,4,2,131.1952807160293,116.03440660234801
1313100000D,GA,131,D,542,21,316,195,5,0,0,0,5,433,14,246,164,5,0,0,0,4,NA,NA,90990,02460,179,11,4,2,55.31407648494711,48.922003952109726
1313100000H,GA,131,H,1378,57,939,373,5,1,0,0,3,1022,39,731,248,3,1,0,0,0,NA,NA,90510,02460,179,11,4,2,130.55655004068348,115.46948738812043
1313100000L,GA,131,L,529,13,416,91,4,0,0,0,5,401,5,319,73,2,0,0,0,2,NA,NA,91746,02460,179,11,4,2,51.22620016273393,45.306520981053126
1313100000M,GA,131,M,2153,207,1668,254,9,3,0,0,12,1599,141,1290,154,6,1,0,0,7,NA,12400,90498,02460,179,11,4,2,204.26606997558991,180.6611647099849
1313100000P,GA,131,P,1599,34,1170,377,5,6,0,0,7,1113,16,859,228,3,4,0,0,3,NA,NA,90498,02460,179,11,4,2,142.1814483319772,125.75101708706265
1313100000R,GA,131,R,766,27,555,166,14,0,0,0,4,605,19,449,126,9,0,0,0,2,NA,NA,90510,02460,179,11,4,2,77.28641171684296,68.35522492153899
1313100000S,GA,131,S,970,9,911,40,8,0,0,0,2,735,5,701,23,4,0,0,0,2,NA,NA,92832,02460,179,11,4,2,93.89340927583402,83.04312449145647
1313100000W,GA,131,W,2236,48,1555,542,74,7,0,0,10,1644,25,1174,378,57,4,0,0,6,9400,82412,93354,02460,179,11,4,2,210.0146460537022,185.74543763803325
131310000SH,GA,131,SH,751,13,648,76,9,0,0,0,5,566,2,503,51,7,0,0,0,3,NA,12400,93354,02460,179,11,4,2,72.30431244914564,63.94885505056376
131310000WL,GA,131,WL,3097,103,2605,338,16,7,0,0,28,2260,63,1969,193,12,7,0,0,16,NA,12400,90498,02460,179,11,4,2,288.706265256306,255.34348483087297
13131000CO4,GA,131,CO4,3455,131,396,2903,8,1,0,2,14,2402,99,308,1978,6,1,0,1,9,NA,12400,90498,02460,179,11,4,2,306.84621643612695,271.38719051493666
13131000CO5,GA,131,CO5,4760,324,2728,1603,18,47,1,2,37,3399,240,2143,955,15,24,1,0,21,NA,12400,90498,02460,179,11,4,2,434.20911310008137,384.0320818319191
13133000001,GA,133,001,4828,241,1658,2859,14,12,9,12,23,3439,179,1347,1867,11,8,9,3,15,NA,34876,91356,02490,11,25,5,9,600.3591549295775,307.19014084507046
13133000002,GA,133,002,918,34,598,277,4,0,0,0,5,688,14,469,199,4,0,0,0,2,NA,NA,91374,02490,11,25,5,9,120.1067457375834,61.45589325426242
13133000003,GA,133,003,942,9,438,482,8,1,0,0,4,695,4,343,337,6,1,0,0,4,NA,84260,93432,02490,11,25,5,9,121.32876204595998,62.081171237954045
13133000004,GA,133,004,2397,47,1229,1096,0,11,0,1,13,1745,25,983,728,0,5,0,0,4,NA,78380,93156,02490,11,25,5,9,304.6312083024462,155.87286879169756
13133000005,GA,133,005,1745,48,770,917,1,4,0,0,5,1257,17,618,613,1,4,0,0,4,NA,70932,92766,02490,11,25,5,9,219.439214232765,112.28206078576723
13133000006,GA,133,006,578,22,227,328,0,0,0,1,0,421,13,175,233,0,0,0,0,0,NA,82692,93366,02490,11,25,5,9,73.49555226093402,37.60600444773907
13133000007,GA,133,007,546,6,338,201,0,1,0,0,0,403,5,266,131,0,1,0,0,0,NA,NA,93366,02490,11,25,5,9,70.35322461082283,35.99814677538918
13133000008,GA,133,008,2452,13,2223,196,5,7,0,1,7,2144,10,1980,136,5,7,0,1,5,NA,34876,91356,02490,11,25,5,9,374.28613787991105,191.51371386212008
13135000001,GA,135,001,6609,202,6013,246,13,86,3,3,43,4709,125,4335,161,10,55,3,2,18,NA,21184,90846,02550,86,48,6,10,194.12064006817295,270.49816666863927
13135000002,GA,135,002,2734,72,2073,509,1,36,0,8,35,1951,61,1517,318,1,32,0,3,19,NA,NA,92790,02550,84,9,6,7,80.42670817010095,112.07091169473672
13135000003,GA,135,003,2063,69,1718,221,7,20,0,3,25,1457,48,1207,166,5,12,0,3,16,NA,21184,90846,02550,21,48,6,10,60.06238534281758,83.69416624255838
13135000004,GA,135,004,4791,151,3872,371,8,324,6,5,54,3455,101,2814,263,6,230,5,3,33,NA,74936,92910,02550,85,48,10,7,142.42658981429975,198.46488975157118
13135000005,GA,135,005,6196,164,5575,287,4,108,2,3,53,4350,101,3946,199,3,75,2,2,22,NA,34596,92790,02550,84,48,6,10,179.32146619166537,249.87619983193474
13135000006,GA,135,006,5185,286,3901,503,10,415,0,14,56,3455,194,2617,315,7,282,0,6,34,NA,NA,91704,02550,80,48,10,7,142.42658981429975,198.46488975157118
13135000007,GA,135,007,5799,207,4088,444,1,957,0,6,96,3965,144,2833,298,1,646,0,0,43,NA,24600,92910,02550,80,48,10,7,163.45048585056395,227.76072007669455
13135000008,GA,135,008,4258,95,3943,89,7,84,1,3,36,2856,56,2666,56,4,58,1,3,12,NA,NA,90846,02550,21,48,6,10,117.73381780307962,164.05664982069095
13135000009,GA,135,009,7788,268,6558,790,12,80,6,10,64,5760,189,4741,718,10,54,3,8,37,NA,11784,90846,02550,85,48,6,10,237.44635523310174,330.8705542602171
13135000010,GA,135,010,4802,116,4307,245,8,93,0,3,30,3454,73,3136,153,8,64,0,0,20,NA,71604,92790,02550,83,9,6,7,142.38536648873844,198.4074469470121
13135000011,GA,135,011,4431,795,2252,638,9,639,2,16,80,3304,531,1841,429,6,436,2,7,52,NA,46356,91740,02550,77,5,6,13,136.2018676545431,189.7910262631523
13135000012,GA,135,012,6107,806,3056,1409,13,682,0,9,132,4709,543,2570,1010,11,498,0,3,74,NA,77652,91740,02550,78,5,6,13,194.12064006817295,270.49816666863927
13135000013,GA,135,013,1359,285,655,134,0,250,3,8,24,1057,196,564,85,0,192,2,4,14,NA,NA,91740,02550,77,5,8,13,43.57305511829662,60.71704441893219
13135000014,GA,135,014,4205,96,3811,129,1,136,0,7,25,3083,66,2822,79,0,96,0,3,17,NA,53186,91740,02550,76,9,6,7,127.09151270549526,177.09616645559882
13135000015,GA,135,015,5244,800,3577,671,9,89,1,23,74,3943,578,2811,442,4,61,1,11,35,NA,45488,91704,02550,84,9,6,7,162.5435726882153,226.49697837639513
13135000016,GA,135,016,6843,397,5389,714,5,259,4,18,57,4600,255,3699,453,2,165,1,4,21,NA,45488,91704,02550,82,9,6,7,189.62729758199097,264.2369009717011
13135000017,GA,135,017,3473,508,1633,723,3,519,0,7,80,2466,332,1204,488,3,391,0,4,44,NA,45488,91704,02550,81,9,6,13,101.65672083417168,141.65395604265544
13135000018,GA,135,018,2622,263,1880,194,2,248,1,1,33,1972,173,1473,126,2,179,1,1,17,NA,NA,91704,02550,82,9,6,7,81.2923980068883,113.2772105904771
13135000019,GA,135,019,7491,705,4672,1358,21,581,0,16,138,5215,459,3410,863,13,391,0,5,74,NA,NA,91704,02550,82,9,6,7,214.97964280219193,299.5642257755264
13135000020,GA,135,020,6547,3401,1208,1562,1,295,0,4,76,4790,2527,971,1020,1,229,0,1,41,NA,55776,92178,02550,79,41,8,13,197.45972943863845,275.1510338379236
13135000021,GA,135,021,3832,1348,1104,651,7,643,0,4,75,2909,958,958,445,6,491,0,4,47,NA,NA,91740,02550,78,5,8,13,119.91865405782865,167.10111846232144
13135000022,GA,135,022,1892,73,1572,129,4,91,0,2,21,1507,54,1270,96,2,74,0,0,11,NA,NA,92178,02550,79,41,10,7,62.1235516208827,86.56630647051166
13135000023,GA,135,023,7203,2291,2091,1739,15,928,5,30,104,5193,1539,1704,1173,12,677,5,15,68,NA,55776,91740,02550,78,41,8,13,214.07272963984332,298.30048407522696
13135000024,GA,135,024,4671,740,2871,977,8,14,4,3,54,3470,488,2215,721,7,12,4,3,20,NA,11784,90468,00600,85,48,6,7,143.0449396977193,199.32653181995715
13135000025,GA,135,025,4600,371,3848,241,3,81,1,10,45,3318,242,2830,158,2,59,1,5,21,NA,74180,90468,02550,85,48,6,7,136.77899421240133,190.59522552697922
13135000026,GA,135,026,6673,444,5314,457,13,316,3,25,101,4475,291,3609,284,9,209,3,14,56,NA,11784,90846,02550,85,48,6,7,184.47438188682818,257.05655040181796
13135000027,GA,135,027,5292,191,4694,244,7,107,0,1,48,3620,119,3218,169,5,78,0,1,30,NA,NA,91704,02550,82,48,6,7,149.22843853191463,207.94295250381697
13135000028,GA,135,028,7179,227,6474,305,12,96,0,6,59,4891,129,4446,211,9,64,0,3,29,NA,04140,90846,02550,21,48,6,10,201.62328532032996,280.95275709838916
13135000029,GA,135,029,2137,69,1950,65,1,36,0,3,13,1515,49,1392,42,1,22,0,2,7,NA,NA,92790,02550,83,5,6,7,62.453338225373116,87.02584890698418
13135000030,GA,135,030,2359,81,2059,153,5,46,1,0,14,1716,43,1532,96,2,35,0,0,8,NA,71604,92790,02550,83,9,6,7,70.7392266631949,98.57185262335634
13135000031,GA,135,031,3481,105,2602,254,13,467,0,2,38,2360,59,1817,150,6,301,0,0,27,NA,53186,91740,02550,77,5,6,7,97.28704832467363,135.5650187593945
13135000032,GA,135,032,2352,37,2139,65,0,94,1,0,16,1785,29,1629,47,0,67,1,0,12,NA,NA,91740,02550,77,5,6,7,73.58363612692476,102.53540613793186
13135000033,GA,135,033,2959,103,2347,142,0,349,0,4,14,2127,64,1723,93,0,237,0,2,8,NA,46356,91740,02550,77,5,6,7,87.68201346889019,122.18084529713225
13135000034,GA,135,034,3118,270,2097,389,6,287,1,12,56,2370,167,1707,253,5,200,1,9,28,NA,46356,91740,02550,77,5,6,7,97.69928158028665,136.13944680498514
13135000035,GA,135,035,3897,182,3364,181,4,113,1,18,34,2806,118,2463,116,1,78,1,12,17,NA,71604,92790,02550,83,9,6,7,115.67265152501449,161.18450959273767
13135000036,GA,135,036,3087,94,2766,110,3,77,0,11,26,2145,61,1943,67,3,56,0,3,12,NA,NA,92790,02550,76,9,6,7,88.42403332899363,123.21481577919543
13135000037,GA,135,037,4483,1072,1474,1529,6,298,0,13,91,3526,761,1324,1124,6,248,0,6,57,NA,24768,92178,02550,79,41,8,4,145.3534459291522,202.5433288752648
13135000038,GA,135,038,4838,2152,1629,530,17,446,3,0,61,3509,1498,1290,350,13,320,2,0,36,NA,55776,92178,02550,79,41,8,13,144.65264939461008,201.56680119776073
13135000039,GA,135,039,3403,359,2093,523,7,352,1,8,60,2701,250,1748,386,4,260,1,4,48,NA,55776,92178,02550,80,41,8,7,111.34420234107775,155.1530151140358
13135000040,GA,135,040,4565,272,2994,466,6,752,4,6,65,3445,185,2319,340,6,555,3,3,34,NA,07248,92178,02550,80,56,8,7,142.01435655868673,197.89046170598053
13135000041,GA,135,041,4826,164,4250,263,8,70,4,18,49,3372,96,3014,165,8,48,4,12,25,NA,47196,92790,02550,84,9,6,7,139.00505379271166,193.69713697316874
13135000042,GA,135,042,5493,319,4026,920,12,166,0,1,49,4314,260,3120,780,10,109,0,1,34,NA,45488,91704,02550,82,48,10,7,177.8374264714585,247.80825886780843
13135000043,GA,135,043,3187,359,1800,709,8,227,1,2,81,2399,241,1417,510,8,171,1,0,51,NA,NA,91704,02550,81,9,6,13,98.89475802156443,137.80528813719803
13135000044,GA,135,044,5158,328,3856,783,9,97,0,7,78,3468,218,2647,485,6,67,0,2,43,NA,NA,92790,02550,76,9,6,7,142.96249304659668,199.21164621083904
13135000045,GA,135,045,4149,113,3012,823,8,135,2,5,51,2971,79,2230,520,5,103,1,3,30,NA,NA,91740,02550,76,9,6,7,122.47450024262939,170.6625723449835
13135000046,GA,135,046,2550,66,2227,86,5,137,0,6,23,1923,44,1727,56,5,83,0,0,8,NA,71604,92790,02550,83,9,6,7,79.2724550543845,110.46251316708289
13135000047,GA,135,047,3014,32,2800,72,11,75,0,1,23,2079,18,1941,45,6,55,0,1,13,NA,71604,92790,02550,83,9,6,7,85.70329384194767,119.4235906782971
13135000048,GA,135,048,6566,302,5196,434,15,507,1,12,99,4837,207,3870,315,9,368,1,9,58,NA,24600,92910,02550,80,48,10,7,199.39722574001962,277.8508456521996
13135000049,GA,135,049,3068,100,2134,320,3,428,2,4,77,2394,55,1758,226,1,292,2,1,59,NA,53186,91740,02550,76,9,6,7,98.6886413937579,137.5180741144027
13135000050,GA,135,050,2111,353,1109,277,3,339,0,1,29,1591,223,903,179,3,261,0,0,22,NA,55776,92178,02550,81,41,8,13,65.5863109680321,91.39150205347315
13135000051,GA,135,051,6086,2446,1125,1637,13,723,7,17,118,4559,1777,969,1155,10,546,4,15,83,NA,NA,91740,02550,78,41,8,13,187.93714123397757,261.88174598477946
13135000052,GA,135,052,2077,55,1810,62,7,116,0,5,22,1506,40,1336,35,5,79,0,0,11,NA,53186,91740,02550,77,5,6,7,62.082328295321396,86.50886366595259
13135000053,GA,135,053,5100,488,3659,716,21,118,1,13,84,3688,331,2759,458,15,75,1,5,44,NA,71604,92790,02550,83,9,6,7,152.0316246700832,211.8490632138334
13135000054,GA,135,054,2819,113,2558,103,2,12,5,3,23,2169,70,1997,72,1,10,3,3,13,NA,11784,90468,02550,85,48,6,7,89.41339314246487,124.59344308861297
13135000055,GA,135,055,5303,1215,3490,415,13,70,1,13,86,3779,810,2586,265,10,57,1,8,42,NA,11784,90468,00600,85,48,6,7,155.78294729616172,217.0763584287084
13135000056,GA,135,056,3177,301,2123,275,2,411,1,6,58,2360,215,1657,188,2,266,1,4,27,NA,24600,92910,02550,80,48,10,7,97.28704832467363,135.5650187593945
13135000057,GA,135,057,6331,1229,3927,577,18,504,1,8,67,4773,934,3007,401,18,357,1,4,51,NA,24600,92910,02550,80,48,10,7,196.7589329040963,274.17450616041947
13135000058,GA,135,058,7633,1507,2909,1919,13,1042,2,23,218,5633,1020,2351,1353,12,728,2,14,153,NA,46356,91740,02550,81,5,8,13,232.21099288681634,323.57531808121576
13135000059,GA,135,059,8185,1706,2273,3469,30,505,1,23,178,6326,1287,1996,2467,19,431,1,7,118,NA,55776,92178,02550,79,41,8,4,260.7787575007989,363.3831816406481
13135000060,GA,135,060,3549,363,2270,724,8,88,11,5,80,2651,254,1816,449,7,66,6,2,51,NA,45488,91704,02550,82,48,10,13,109.28303606301263,152.28087488608256
13135000061,GA,135,061,5884,463,4626,529,12,163,0,8,83,4275,323,3430,339,11,119,0,4,49,NA,45488,91704,02550,84,9,6,7,176.2297167745677,245.56798949000486
13135000062,GA,135,062,3051,50,2659,66,5,215,0,4,52,1989,30,1737,44,3,151,0,1,23,NA,NA,92178,02550,79,41,10,7,81.99319454143046,114.25373826798122
13135000063,GA,135,063,3376,61,2764,100,3,385,0,1,62,2192,42,1800,63,3,258,0,0,26,NA,NA,92178,02550,79,41,10,7,90.36152963037483,125.9146275934715
13135000064,GA,135,064,5350,337,3428,1328,15,118,1,8,115,3787,203,2606,818,9,86,1,3,61,NA,53186,91740,02550,76,9,6,13,156.11273390065213,217.5359008651809
13135000065,GA,135,065,2344,369,1100,389,0,452,2,2,30,1768,247,898,254,0,348,2,1,18,NA,46356,91740,02550,77,5,6,13,72.88283959238262,101.55887846042774
13135000066,GA,135,066,9579,2809,2198,2638,17,1654,3,31,229,7266,1971,1833,1976,12,1301,2,14,157,NA,77652,91740,02550,78,41,8,13,299.52868352842313,417.37941792616965
13135000067,GA,135,067,4831,126,3978,253,16,410,0,2,46,3677,87,3111,160,11,279,0,0,29,NA,53186,91740,02550,77,5,6,13,151.57816808890888,211.21719236368372
13135000068,GA,135,068,3762,166,2881,309,1,335,0,9,61,2456,89,1941,189,1,204,0,0,32,NA,71604,92790,02550,83,9,6,7,101.24448757855866,141.0795279970648
13135000069,GA,135,069,3655,167,2879,389,5,155,0,5,55,2572,101,2098,243,5,97,0,2,26,NA,NA,91740,02550,76,9,6,7,106.02639334366975,147.74289332591638
13135000070,GA,135,070,4679,172,3996,256,15,185,0,2,53,3036,105,2605,167,10,121,0,0,28,NA,NA,91704,02550,82,48,6,7,125.15401640411405,174.39635464132274
13135000071,GA,135,071,7357,963,4969,924,21,337,0,24,119,5018,642,3515,560,14,212,0,12,63,NA,45488,91704,02550,84,48,6,7,206.85864766661538,288.2479932773905
13135000072,GA,135,072,9709,1556,3666,3046,26,1057,0,18,340,7315,1123,3154,2024,21,763,0,8,222,NA,NA,91704,02550,81,9,6,13,301.548626480927,420.1941153495639
13135000073,GA,135,073,3042,186,1874,730,5,193,0,8,46,2504,139,1655,515,5,155,0,5,30,NA,68516,92178,02550,79,41,10,4,103.22320720550118,143.83678261589992
13135000074,GA,135,074,3358,921,930,1118,1,323,0,3,62,2333,601,724,740,1,231,0,0,36,NA,NA,91740,02550,81,5,8,13,96.17401853451847,134.01406303629972
13135000075,GA,135,075,4496,168,3319,818,6,94,0,7,84,3073,91,2335,518,3,67,0,2,57,NA,71604,92790,02550,76,9,6,7,126.67927944988223,176.52173841000817
13135000076,GA,135,076,4040,82,3259,595,2,53,1,11,37,2848,53,2327,395,2,41,1,6,23,NA,71604,92790,02550,84,9,6,7,117.4040311985892,163.59710738421842
13135000077,GA,135,077,6730,686,4064,1104,25,730,1,12,108,4812,446,3061,685,20,532,1,8,59,NA,45488,91704,02550,80,48,10,7,198.36664260098706,276.414775538223
13135000078,GA,135,078,4194,1030,1345,1158,5,526,3,10,117,2944,675,1067,764,4,371,2,7,54,NA,46356,91740,02550,78,5,8,13,121.36147045247422,169.11161662188871
13135000079,GA,135,079,3439,112,2924,228,4,123,1,6,41,2379,78,2052,135,4,86,1,0,23,NA,NA,92790,02550,83,9,6,7,98.07029151033838,136.65643204601673
13135000080,GA,135,080,4779,140,4389,155,5,45,0,6,39,3272,93,3026,101,5,28,0,4,15,NA,47196,92790,02550,86,48,6,10,134.8827212365814,187.95285651726218
13135000081,GA,135,081,4336,111,3803,272,7,65,1,11,66,2963,75,2643,163,4,39,1,4,34,NA,71604,92790,02550,83,9,6,7,122.14471363813898,170.20302990851098
13135000082,GA,135,082,7036,588,4074,1106,14,1086,6,21,141,5620,432,3493,806,10,773,3,13,90,NA,24600,92910,02550,80,56,10,7,231.6750896545194,322.8285616219479
13135000083,GA,135,083,6551,408,4999,579,6,462,4,13,80,4298,243,3319,361,4,328,4,6,33,NA,45488,91704,02550,82,48,10,7,177.17785326247767,246.88917399486337
13135000084,GA,135,084,2931,189,1993,512,2,194,0,2,39,2045,122,1405,361,2,135,0,0,20,NA,45488,91704,02550,82,9,6,7,84.30170077286338,117.47053532328887
13135000085,GA,135,085,3690,124,3164,219,8,132,0,4,39,2414,63,2104,134,5,88,0,1,19,NA,45488,91704,02550,82,48,10,7,99.51310790498397,138.66693020558404
13135000086,GA,135,086,4544,723,2298,800,11,581,2,5,124,3510,489,1906,575,8,445,2,4,81,NA,NA,91704,02550,81,5,6,13,144.69387272017138,201.62424400231978
13135000087,GA,135,087,5340,1134,2666,965,7,442,2,15,109,3889,797,2085,582,6,348,2,9,60,NA,55776,92178,02550,81,41,8,7,160.317513107905,223.3950669302056
13135000088,GA,135,088,4999,313,3614,763,15,189,1,16,88,3487,220,2571,490,14,128,1,7,56,NA,NA,92790,02550,76,9,6,7,143.74573623226144,200.30305949746128
13135000089,GA,135,089,2458,93,2260,75,4,15,2,0,9,1780,55,1652,55,3,10,0,0,5,NA,74180,90468,02550,85,48,6,7,73.37751949911825,102.24819211513652
13135000090,GA,135,090,4950,247,3665,568,4,391,1,9,65,3673,166,2773,408,3,279,1,5,38,NA,45488,91704,02550,80,48,10,7,151.41327478666366,210.98742114544746
13135000091,GA,135,091,6295,203,5668,242,5,89,5,15,68,4412,125,4017,168,5,59,3,7,28,NA,34596,92790,02550,84,48,6,10,181.87731237646614,253.43765371459682
13135000092,GA,135,092,2601,55,2306,64,10,146,1,0,19,1911,40,1709,42,6,102,1,0,11,NA,46356,91740,02550,77,5,6,7,78.77777514764887,109.7731995123741
13135000093,GA,135,093,4667,96,4225,119,3,194,0,6,24,2996,64,2712,73,3,128,0,3,13,NA,NA,92790,02550,83,9,6,7,123.50508338166196,172.09864245896014
13135000094,GA,135,094,3014,102,2705,99,0,68,0,14,26,2105,61,1910,60,0,51,0,9,14,NA,71604,92790,02550,83,9,6,7,86.77510030654152,120.91710359683279
13135000095,GA,135,095,8975,1795,3419,1779,15,1717,3,24,223,7128,1365,2973,1346,9,1272,3,13,147,NA,NA,92910,02550,80,48,10,13,293.83986460096344,409.45231089701866
13135000096,GA,135,096,2680,190,2143,227,13,61,0,4,42,1880,119,1513,171,10,47,0,2,18,NA,24600,92910,02550,80,48,10,7,77.49985205524848,107.99247257104307
13135000097,GA,135,097,5943,222,4537,534,7,541,0,18,84,3913,144,2967,373,6,377,0,4,42,NA,74936,91704,02550,80,48,10,7,161.30687292137625,224.77369423962315
13135000098,GA,135,098,3452,204,2725,242,3,214,4,14,46,2301,138,1808,169,2,148,3,3,30,NA,74936,91704,02550,82,48,10,7,94.85487211655679,132.17589329040962
13135000099,GA,135,099,4089,857,2440,289,4,438,2,13,46,2980,554,1887,193,3,312,2,4,25,NA,NA,92178,02550,81,41,8,7,122.84551017268112,171.17955758601508
13135000100,GA,135,100,5180,161,4074,354,2,528,2,3,56,3478,109,2739,230,2,372,1,1,24,NA,74936,92910,02550,85,48,10,7,143.3747263022097,199.78607425642966
13135000101,GA,135,101,3006,147,1842,811,5,140,0,1,60,2338,101,1526,566,3,113,0,1,28,NA,24768,92178,02550,79,41,10,4,96.38013516232499,134.30127705909507
13135000102,GA,135,102,5161,151,4707,143,10,102,0,6,42,3756,100,3451,101,7,62,0,5,30,NA,11784,90846,02550,85,48,6,7,154.83481080825177,215.7551739238499
13135000103,GA,135,103,4569,499,2974,671,3,327,0,12,83,3501,359,2386,449,2,250,0,8,47,NA,46356,91740,02550,77,5,6,13,144.32286279011964,201.10725876128816
13135000104,GA,135,104,3512,71,2971,371,11,51,0,2,35,2560,51,2200,247,8,40,0,2,12,NA,NA,92790,02550,84,9,6,13,105.53171343693411,147.0535796712076
13135000105,GA,135,105,6633,514,5592,262,15,144,5,7,94,4677,355,3974,178,12,100,2,1,55,NA,74180,90468,02550,85,48,10,7,192.80149365021126,268.6599969227492
13135000106,GA,135,106,4293,160,3323,326,2,397,0,18,67,3009,99,2359,201,2,299,0,8,41,NA,74936,92910,02550,85,48,10,7,124.04098661395888,172.84539891822797
13135000107,GA,135,107,1346,49,1230,37,1,21,0,0,8,972,32,895,23,1,18,0,0,3,NA,NA,92790,02550,83,5,6,7,40.069072445585924,55.83440603141163
13135000108,GA,135,108,4520,210,3943,238,5,88,5,0,31,3063,139,2685,155,4,64,4,0,12,NA,71604,92790,02550,84,9,6,7,126.26704619426921,175.94731036441752
13135000109,GA,135,109,1636,155,1336,48,1,84,1,0,11,1191,110,989,22,1,61,1,0,7,NA,46356,91740,02550,77,5,6,7,49.09698074351114,68.41438022984696
13135000110,GA,135,110,4174,601,2475,715,23,265,7,5,83,2842,362,1777,445,17,190,4,2,45,NA,45488,91704,02550,82,9,6,13,117.15669124522138,163.25245055686403
13135000111,GA,135,111,3412,171,2449,373,9,334,1,5,70,2589,114,1961,242,6,216,1,3,46,NA,24600,92910,02550,80,48,10,7,106.72718987821187,148.71942100342048
13135000112,GA,135,112,1441,31,1323,19,2,52,0,0,14,1085,20,998,17,2,39,0,0,9,NA,53186,91740,02550,77,5,6,7,44.727308234013094,62.32544294658603
13135000113,GA,135,113,7793,2739,1596,2305,20,894,11,22,206,5726,2046,1332,1477,13,704,10,12,132,NA,NA,91740,02550,78,5,8,13,236.04476216401747,328.91749890520884
13135000114,GA,135,114,5367,2230,1301,1209,13,519,1,16,78,3986,1601,1058,855,7,399,1,14,51,NA,55776,92178,02550,79,41,8,13,164.31617568735132,228.96701897243494
13135000115,GA,135,115,5640,561,3850,654,5,460,0,4,106,4084,343,2941,415,5,322,0,0,58,NA,NA,91704,02550,81,9,6,7,168.35606159235894,234.59641381922333
13135000116,GA,135,116,6471,954,2963,1278,11,1125,10,26,104,4766,651,2325,874,10,839,6,8,53,NA,NA,91704,02550,81,9,6,13,196.4703696251672,273.772406528506
13135000117,GA,135,117,5285,789,2388,1353,6,618,2,7,122,3657,499,1798,843,6,438,2,3,68,NA,NA,91704,02550,81,9,6,13,150.75370157768282,210.0683362725024
13135000118,GA,135,118,2160,40,1849,81,8,145,1,12,24,1557,23,1353,50,7,105,1,5,13,NA,53186,91740,02550,76,9,6,7,64.18471789894782,89.43844669846493
13135000119,GA,135,119,1803,55,1607,51,0,63,0,7,20,1295,39,1164,34,0,46,0,3,9,NA,NA,91740,02550,77,5,6,7,53.384206601886596,74.38843190398978
13135000120,GA,135,120,2842,579,1491,488,13,213,0,3,55,2081,383,1177,320,8,163,0,2,28,NA,46356,91740,02550,77,5,6,13,85.78574049307026,119.53847628741522
13135000121,GA,135,121,3848,309,2468,264,5,753,1,0,48,2893,235,1909,194,5,517,1,0,32,NA,07248,92178,02550,80,56,8,7,119.2590808488478,166.18203358937637
13135000122,GA,135,122,2794,236,1987,501,1,21,0,5,43,1968,152,1422,351,1,17,0,4,21,NA,NA,92790,02550,84,9,6,7,81.1275047046431,113.04743937224085
13135000123,GA,135,123,4789,1246,1785,954,9,698,8,3,86,3459,836,1427,638,8,487,6,1,56,NA,NA,91740,02550,78,5,8,13,142.59148311654494,198.69466096980742
13135000124,GA,135,124,6979,318,4971,784,13,755,2,19,117,4619,204,3305,513,10,516,2,6,63,NA,NA,91704,02550,80,48,10,7,190.41054076765573,265.32831425832336
13135000125,GA,135,125,2538,75,2288,23,5,120,0,0,27,1667,41,1508,16,4,86,0,0,12,NA,NA,92178,02550,79,41,10,7,68.71928371069109,95.75715519996214
13135000126,GA,135,126,3326,61,2908,59,7,249,0,3,39,2320,37,2020,44,4,191,0,1,23,NA,68516,92178,02550,79,41,10,4,95.63811530222154,133.2673065770319
13135000127,GA,135,127,3807,384,2363,716,6,268,0,12,58,2561,241,1621,476,3,197,0,3,20,NA,NA,91704,02550,82,9,6,7,105.57293676249542,147.11102247576665
13135000128,GA,135,128,3943,268,2815,450,12,347,0,10,41,2623,169,1892,299,7,237,0,0,19,NA,74936,91704,02550,82,48,10,7,108.12878294729617,150.67247635842872
13135000129,GA,135,129,3490,94,3233,81,9,41,3,0,29,2420,60,2253,53,8,32,3,0,11,NA,10076,90846,02550,21,48,6,10,99.76044785835178,139.01158703293842
13135000130,GA,135,130,1477,54,1318,66,1,27,1,2,8,993,39,885,43,1,18,1,1,5,NA,74180,90468,02550,85,48,10,7,40.93476228237327,57.04070492715201
13135000131,GA,135,131,4210,115,3593,192,5,265,0,5,35,2783,73,2358,134,5,189,0,4,20,NA,74936,92910,02550,85,48,10,7,114.72451503710455,159.8633250878792
13135000132,GA,135,132,3847,166,2982,402,11,224,10,5,47,2384,98,1875,226,6,143,8,1,27,NA,NA,91704,02550,82,48,10,7,98.27640813814489,136.94364606881206
13137000001,GA,137,1,4637,283,4161,120,17,14,0,0,42,3536,165,3239,90,10,6,0,0,26,NA,16460,90672,02580,9,50,2,9,334.27949473990753,395.6777692839722
13137000002,GA,137,2,3957,742,2544,350,7,243,15,2,54,2959,468,2002,268,6,172,8,0,35,NA,19728,90798,02580,9,50,2,9,279.73219030978123,331.11157220341454
13137000003,GA,137,3,2913,90,2675,74,10,40,0,2,22,2354,56,2190,59,6,29,0,1,13,NA,22304,90798,02580,9,50,2,9,222.53787630592262,263.4121801172145
13137000004,GA,137,4,4680,223,4211,41,7,166,0,0,32,3529,139,3209,33,5,123,0,0,20,NA,53284,90798,02580,9,50,2,9,333.6177423464745,394.8944705325616
13137000005,GA,137,5,4453,206,3212,852,19,99,0,0,65,3464,124,2453,754,16,63,0,0,54,NA,63588,90798,02580,9,50,2,9,327.47289869316734,387.62098212660624
13137000006,GA,137,6,1786,17,1728,16,2,9,0,1,13,1373,12,1335,11,1,7,0,0,7,NA,NA,93102,02580,9,50,2,9,129.7980051690874,153.63845509810346
13137000007,GA,137,7,1736,56,1628,10,15,5,0,0,22,1331,22,1271,8,11,5,0,0,14,NA,75328,93102,02580,9,50,2,9,125.82749080848895,148.93866258964
13137000008,GA,137,8,2323,15,2300,3,0,0,0,0,5,1758,9,1744,2,0,0,0,0,3,NA,NA,90672,02580,9,50,2,9,166.1943868079065,196.71988642568527
13137000009,GA,137,9,2883,960,1767,69,2,48,15,0,22,2147,621,1420,48,0,36,10,0,12,NA,04980,90798,02580,9,50,2,9,202.96891267154453,240.24891703978741
13137000010,GA,137,10,2380,27,2301,8,2,28,0,0,14,1780,15,1731,6,2,20,0,0,6,NA,19728,90798,02580,9,50,2,9,168.27418004441046,199.18168250154707
13137000011,GA,137,11,978,74,890,2,1,7,0,0,4,753,47,698,1,1,5,0,0,1,NA,16460,90672,02580,9,50,2,9,71.18565032215791,84.26056568745221
13137000012,GA,137,12,603,3,594,0,1,0,0,0,5,491,3,485,0,1,0,0,0,2,NA,NA,90672,02580,9,50,2,9,46.41720359651996,54.942812420370565
13137000013,GA,137,13,1549,48,1467,6,2,5,0,0,21,1172,22,1124,3,2,4,0,0,17,NA,NA,90672,02580,9,50,2,9,110.79625787193768,131.14659095045684
13137000014,GA,137,14,1024,6,1008,0,4,0,0,0,6,824,4,810,0,4,0,0,0,6,NA,NA,90672,02580,9,50,2,9,77.89771031269338,92.20545302318808
13139000001,GA,139,001,4540,1354,2919,119,7,116,1,2,22,3380,867,2318,89,7,86,1,1,11,NA,31908,91260,02610,21,49,2,10,293.62421383647796,343.8126965408805
13139000002,GA,139,002,3229,1403,1620,58,6,127,0,0,15,2374,901,1328,35,6,92,0,0,12,NA,31908,91260,02610,20,49,2,10,206.2319182389937,241.48264544025156
13139000003,GA,139,003,3777,782,2484,352,12,102,3,3,39,2768,497,1937,235,7,68,3,0,21,NA,57260,92250,02610,21,49,2,10,240.45911949685535,281.56022012578615
13139000004,GA,139,004,6203,305,5478,332,13,37,0,1,37,4663,208,4173,220,11,28,0,0,23,NA,30340,91188,02610,21,49,2,10,405.07979559748424,474.3191136006289
13139000005,GA,139,005,4335,136,4032,67,6,41,5,5,43,3313,98,3109,44,6,25,3,0,28,NA,11784,91188,02610,21,49,2,10,287.8038522012578,336.9974744496855
13139000006,GA,139,006,4242,251,3704,211,8,17,1,1,49,2946,149,2622,133,8,12,1,1,20,NA,NA,91260,02610,21,49,2,10,255.92216981132077,299.6663325471698
13139000007,GA,139,007,5098,1291,3265,399,8,80,1,4,50,3604,783,2420,312,6,54,1,0,28,NA,31908,91260,02610,21,49,2,10,313.0833333333333,366.59791666666666
13139000008,GA,139,008,8205,2398,4628,928,28,165,0,5,53,5568,1428,3376,612,19,109,0,2,22,NA,31908,91260,02610,25,49,2,10,483.6981132075472,566.3754716981132
13139000009,GA,139,009,2246,132,2038,42,11,11,0,2,10,1682,77,1555,27,7,10,0,0,6,NA,31908,91836,02610,20,49,2,10,146.11713836477986,171.09259040880502
13139000010,GA,139,010,3804,80,3547,141,7,11,1,5,12,2762,50,2592,93,4,9,1,1,12,NA,47896,91836,02610,20,49,2,10,239.93789308176102,280.94990172955977
13139000011,GA,139,011,3288,37,3197,19,10,9,1,1,14,2415,19,2360,14,6,9,0,0,7,NA,16796,90690,02610,19,49,2,10,209.7936320754717,245.65315448113208
13139000012,GA,139,012,3086,115,2906,11,17,6,0,6,25,2214,64,2111,6,13,4,0,1,15,NA,NA,90690,02610,19,49,2,10,192.3325471698113,225.20748820754716
13139000013,GA,139,013,7148,391,6593,46,32,29,0,2,55,5194,240,4865,26,20,21,0,1,21,NA,NA,92118,02610,19,49,2,10,451.2083333333333,528.3322916666666
13139000014,GA,139,014,5914,577,5196,63,10,27,4,0,37,4494,390,4003,43,9,21,3,0,25,NA,31908,92118,02610,19,49,2,10,390.39858490566036,457.1284787735849
13139000015,GA,139,015,5323,721,4472,76,8,26,0,0,20,3904,431,3390,44,6,19,0,0,14,NA,31908,90690,02610,19,49,2,10,339.1446540880503,397.1138364779874
13139000016,GA,139,016,3457,100,3294,25,9,10,0,0,19,2534,63,2429,18,5,7,0,0,12,NA,31908,91260,02610,19,49,2,10,220.13128930817612,257.75780267295596
13139000017,GA,139,017,4744,587,3640,403,11,54,0,11,38,3684,381,2972,248,10,41,0,8,24,NA,31908,91260,02310,20,49,2,10,320.0330188679245,374.73549528301885
13139000018,GA,139,018,5913,1781,298,3776,5,18,2,0,33,4112,1087,242,2749,4,10,1,0,19,NA,31908,91260,02310,20,49,2,10,357.2138364779874,418.2715408805031
13139000019,GA,139,019,12885,7279,4084,798,30,569,2,5,118,9444,4897,3549,489,22,417,2,0,68,NA,31908,91260,02610,20,49,2,10,820.4103773584906,960.6411556603773
13139000020,GA,139,020,5371,1927,2745,548,15,97,0,3,36,4208,1250,2419,416,13,78,0,3,29,NA,31908,91260,02310,20,49,2,10,365.55345911949684,428.0366352201258
13139000021,GA,139,021,4000,1607,1962,371,6,33,4,1,16,2943,1097,1597,210,4,26,3,1,5,NA,31908,91260,02610,20,49,2,10,255.66155660377356,299.36117334905657
13139000022,GA,139,022,2115,1311,667,118,4,11,0,0,4,1512,852,546,96,3,11,0,0,4,NA,31908,91260,02610,20,49,2,10,131.3490566037736,153.8002358490566
13139000023,GA,139,023,3483,611,2670,143,6,20,0,5,28,2690,356,2196,95,6,17,0,0,20,NA,31908,91260,02610,20,49,2,10,233.68317610062894,273.62608097484275
13139000024,GA,139,024,1480,54,1358,43,11,5,0,0,9,1093,28,1018,31,8,4,0,0,4,NA,32860,91836,02610,25,49,2,10,94.9500786163522,111.17966784591194
13139000025,GA,139,025,4587,291,4137,79,14,35,2,5,24,3449,177,3159,57,13,25,1,2,15,NA,57260,92250,02610,21,49,2,10,299.6183176100629,350.83135809748427
13139000026,GA,139,026,3766,80,3649,13,5,5,0,0,14,2762,44,2693,11,5,0,0,0,9,NA,NA,90690,02610,19,49,2,10,239.93789308176102,280.94990172955977
13139000027,GA,139,027,1693,428,1202,24,1,26,0,0,12,1253,274,942,14,1,14,0,0,8,NA,31908,91260,02610,19,49,2,10,108.8494496855346,127.45482507861637
13139000028,GA,139,028,6809,843,5423,400,16,79,0,6,42,4936,506,4075,267,15,54,0,2,17,NA,57260,91260,02610,21,49,2,10,428.79559748427675,502.08860062893086
13139000029,GA,139,029,8536,370,7734,295,15,54,2,7,59,5859,210,5386,189,10,35,2,0,27,NA,30340,91188,02610,21,49,2,10,508.97759433962267,595.9759139150943
13141000004,GA,141,004,3098,34,555,2486,6,0,0,0,17,2593,34,524,2016,6,0,0,0,13,NA,72584,92826,02640,120,25,5,3,548.3562932949941,192.50084956214874
1314100001A,GA,141,1A,1617,5,578,1019,5,3,0,0,7,1277,4,518,745,3,3,0,0,4,NA,NA,90930,02640,120,25,5,3,270.0543719775193,94.80277087962358
1314100001B,GA,141,1B,1285,0,78,1199,4,1,0,1,2,854,0,64,788,1,1,0,0,0,NA,72584,92826,02640,120,25,5,3,180.60018298261664,63.39981701738335
1314100002A,GA,141,2A,1274,11,364,892,0,5,0,1,1,950,4,312,628,0,4,0,1,1,NA,72584,92826,02640,120,25,5,3,200.90184289635343,70.52672853221802
1314100002B,GA,141,2B,929,2,321,604,1,0,0,0,1,682,2,255,423,1,0,0,0,1,NA,NA,91758,02640,120,25,5,3,144.2263756371716,50.63076721997125
1314100003A,GA,141,3A,995,2,135,853,0,0,0,0,5,677,0,121,553,0,0,0,0,3,NA,NA,91944,02640,120,25,5,3,143.1689975166645,50.25957391190694
1314100003B,GA,141,3B,878,0,110,767,0,0,0,0,1,618,0,91,526,0,0,0,0,1,NA,82692,92826,02640,120,25,5,3,130.69193569468044,45.87949287674814
13143000001,GA,143,01,649,3,628,5,0,1,0,1,11,484,3,466,3,0,1,0,1,10,NA,75300,92958,02670,18,31,11,11,63.60909856781803,69.47051390058972
13143000002,GA,143,02,7176,50,6336,674,19,41,0,7,49,5330,34,4739,463,16,36,0,4,38,NA,10132,90372,00510,18,31,11,11,700.4886267902275,765.0368576242629
13143000003,GA,143,03,3066,25,2855,160,3,2,0,0,21,2343,15,2203,109,3,2,0,0,11,NA,11616,90372,02670,18,31,11,11,307.92586352148277,336.30044229149115
13143000004,GA,143,04,1359,20,1299,11,16,1,0,1,11,964,15,933,5,8,1,0,0,2,NA,75300,90372,02670,18,31,11,11,126.69250210614996,138.36689132266218
13143000005,GA,143,05,2177,10,2120,33,0,0,0,0,14,1604,9,1561,22,0,0,0,0,12,NA,11616,90372,02670,18,31,11,11,210.80370682392586,230.22872788542546
13143000006,GA,143,06,951,0,945,1,2,0,0,2,1,706,0,700,1,2,0,0,2,1,NA,NA,90450,02670,18,31,11,11,92.78517270429654,101.33508845829823
13143000007,GA,143,07,402,0,391,3,2,1,0,0,5,294,0,289,1,2,1,0,0,1,NA,NA,92958,02670,18,31,11,11,38.63858466722831,42.19903117101938
13143000008,GA,143,08,478,0,473,0,1,1,0,0,3,372,0,369,0,1,0,0,0,2,NA,75300,92958,02670,18,31,11,11,48.88963774220724,53.394692502106146
13143000009,GA,143,09,421,1,415,0,2,0,0,0,3,305,0,300,0,2,0,0,0,3,NA,NA,90450,02670,18,31,11,11,40.084245998315076,43.777906486941866
13143000010,GA,143,10,2342,11,2047,260,4,2,0,1,17,1706,9,1504,175,4,2,0,0,12,NA,75832,90372,02670,18,31,11,11,224.2089300758214,244.86920808761585
13143000011,GA,143,11,594,0,591,0,0,1,0,0,2,442,0,439,0,0,1,0,0,2,NA,NA,92958,02670,18,31,11,11,58.08930075821399,63.442080876158386
13143000012,GA,143,12,4524,17,4199,219,10,30,0,2,47,3330,9,3111,158,8,20,0,0,24,NA,75300,90372,02670,18,31,11,11,437.6411120471777,477.9686183656276
13143000013,GA,143,13,1551,6,1500,21,3,4,1,4,12,1112,3,1077,17,3,4,1,0,7,NA,79808,90372,02670,18,31,11,11,146.14321819713564,159.60994102780117
131450000CA,GA,145,CA,4773,43,4117,548,18,22,0,0,25,3487,25,3018,395,13,18,0,0,18,NA,19007,93288,02700,102,16,7,8,435.33108338060123,404.47617697107205
131450000EL,GA,145,EL,1542,37,1363,111,5,12,0,0,14,1147,25,1017,85,4,8,0,0,8,NA,80844,93288,02700,102,16,7,8,143.19608621667612,133.0467952353942
131450000GM,GA,145,GM,2248,35,1299,880,4,1,1,0,28,1666,29,1024,585,3,1,1,0,23,NA,61124,92370,02700,102,16,7,8,207.99013045944415,193.24844015882022
131450000HA,GA,145,HA,2265,16,1386,811,9,18,1,3,21,1677,13,1018,613,4,16,1,0,12,NA,36220,91398,02700,102,16,7,8,209.36341463414635,194.52439024390245
131450000L9,GA,145,L9,3887,51,3519,241,17,22,2,0,35,2840,34,2574,180,15,15,2,0,20,NA,19007,91398,02700,102,16,7,8,354.5570051049348,329.4271128757799
131450000PV,GA,145,PV,1455,19,1327,89,1,0,0,0,19,1074,18,976,62,1,0,0,0,17,NA,NA,92760,02700,102,16,7,8,134.08247305728872,124.57912648893931
131450000SK,GA,145,SK,708,9,524,154,0,20,0,0,1,557,8,422,108,0,18,0,0,1,NA,82132,92370,00001,102,16,7,11,69.53811684628474,64.60947249007373
131450000U9,GA,145,U9,1537,2,1355,171,4,0,0,0,5,1222,1,1094,118,4,0,0,0,5,NA,NA,91398,02700,102,16,7,8,152.5593874078276,141.74645490640953
131450000VP,GA,145,VP,1169,11,765,371,6,2,0,1,13,820,8,551,249,4,2,0,1,5,NA,70428,92760,02700,102,16,7,8,102.37209302325581,95.11627906976744
131450000WA,GA,145,WA,2430,29,1679,680,12,13,0,0,17,1849,19,1286,512,9,10,0,0,13,NA,80844,93288,02700,102,16,7,8,230.83658536585364,214.47560975609755
131450000WH,GA,145,WH,1681,8,1110,541,6,8,0,1,7,1291,6,873,395,4,8,0,0,5,9550,82132,92370,02700,102,16,7,8,161.1736245036869,149.75014180374362
13147000002,GA,147,2,9126,101,6753,2158,9,53,1,2,49,7094,72,5477,1490,7,30,1,0,17,NA,37144,91428,02730,23,47,6,9,1005.5377095765842,702.7474850809889
13147000003,GA,147,3,2787,28,2217,513,11,5,0,3,10,2030,21,1660,335,7,2,0,0,5,NA,67452,92622,02730,23,47,6,9,287.7419721511793,201.09633418584824
13147000004,GA,147,4,1867,17,1196,647,0,1,0,0,6,1344,9,887,444,0,1,0,0,3,NA,NA,91428,02730,23,47,6,9,190.50502983802218,133.139641943734
13147000005,GA,147,5,3283,11,3027,176,7,45,0,0,17,2608,6,2433,115,5,38,0,0,11,NA,64288,92466,02730,23,47,6,9,369.67047456663823,258.354305200341
13147000006,GA,147,6,1884,14,1714,131,1,1,0,0,23,1386,6,1267,95,1,1,0,0,16,NA,09656,90348,02730,23,47,6,9,196.45831202046034,137.3002557544757
13147000007,GA,147,7,1973,13,1793,140,2,14,0,4,7,1537,12,1418,90,2,11,0,0,4,NA,35814,90348,02730,23,47,6,9,217.86177891446434,152.25865302642796
13147000008,GA,147,8,2077,12,1387,665,4,3,0,0,6,1596,11,1063,515,3,3,0,0,1,NA,NA,91428,02730,23,47,6,9,226.22472293265133,158.10332480818414
13149000CEN,GA,149,CEN,1149,8,1015,117,4,0,0,0,5,825,7,726,86,2,0,0,0,4,NA,15026,90606,02790,103,29,11,11,112.06039755351682,97.2381498470948
13149000COO,GA,149,COO,1182,13,1095,50,9,2,2,6,5,803,9,748,31,5,2,2,2,4,NA,19672,91248,02790,103,29,11,11,109.07212028542304,94.64513251783893
13149000ENO,GA,149,ENO,1563,13,1447,79,6,2,0,0,16,1101,8,1010,65,5,2,0,0,11,NA,NA,91248,02790,103,29,11,11,149.54969418960246,129.76873088685016
13149000EPH,GA,149,EPH,943,0,931,7,3,0,0,0,2,656,0,646,6,2,0,0,0,2,NA,27708,90606,02790,103,29,11,11,89.10499490316005,77.3190621814475
13149000FRA,GA,149,FRA,2847,40,2138,631,4,3,2,10,19,2064,17,1582,442,4,3,2,4,10,NA,31292,91248,02790,103,29,11,11,280.3547400611621,243.27217125382262
13149000GLE,GA,149,GLE,540,6,491,37,4,2,0,0,0,388,2,360,23,1,2,0,0,0,NA,NA,90606,02790,103,29,11,11,52.70234454638125,45.73139653414883
13149000ROO,GA,149,ROO,1005,10,976,10,0,0,0,0,9,731,6,713,8,0,0,0,0,4,NA,15026,90606,02790,103,29,11,11,99.29230377166157,86.15889398572884
13149000SOU,GA,149,SOU,1252,22,1021,201,1,0,3,0,4,901,14,738,145,1,0,2,0,1,NA,NA,92988,02790,103,29,11,11,122.3835372069317,106.19584607543322
13149000WAL,GA,149,WAL,531,4,466,49,3,2,0,2,5,379,2,333,37,3,2,0,0,2,NA,NA,92988,02790,103,29,11,11,51.47986748216106,44.67061671763507
13151000001,GA,151,01,5853,137,4781,795,22,19,2,23,74,4081,79,3365,553,21,16,1,11,35,NA,47140,91800,02820,109,17,7,13,268.34700520833337,348.63372395833335
13151000002,GA,151,02,5250,61,4936,214,3,11,1,2,22,3629,37,3414,154,2,9,1,0,12,NA,NA,91800,02820,109,17,7,8,238.62565104166666,310.0200402462121
13151000003,GA,151,03,2067,31,1858,143,1,12,0,0,22,1451,18,1310,101,1,10,0,0,11,NA,48624,91404,02820,107,17,7,8,95.41080729166666,123.9567589962121
13151000004,GA,151,04,3033,46,2652,276,9,10,2,1,37,2150,21,1878,209,5,8,2,0,27,NA,NA,91800,02820,109,17,7,8,141.37369791666669,183.6712831439394
13151000005,GA,151,05,8956,271,5152,3369,15,59,3,15,72,6385,175,3749,2372,14,44,1,3,27,NA,48624,91878,02820,109,17,7,13,419.8470052083333,545.460996685606
13151000006,GA,151,06,4474,52,3847,504,10,19,0,6,36,3187,39,2768,331,8,18,0,3,20,NA,36276,91404,02820,107,17,7,8,209.56184895833334,272.2606415719697
13151000007,GA,151,07,5207,65,4597,434,4,56,1,1,49,3760,36,3356,298,4,39,1,0,26,NA,36276,91404,02820,107,17,7,8,247.23958333333334,321.21117424242425
13151000008,GA,151,08,7273,155,6138,720,16,162,6,11,65,5024,102,4316,439,6,112,6,5,38,NA,48624,91878,02820,108,17,7,13,330.3541666666667,429.192803030303
13151000009,GA,151,09,6443,145,5421,571,21,216,1,5,63,4592,104,3916,375,13,144,1,4,35,NA,73704,92862,02820,107,17,7,8,301.9479166666667,392.2876893939394
13151000010,GA,151,10,6648,216,5787,539,4,46,1,7,48,4903,134,4342,361,4,35,1,4,22,NA,48624,91878,02820,108,17,7,8,322.3977864583333,418.8559540719697
13151000011,GA,151,11,5671,59,5376,163,6,35,0,5,27,4011,42,3814,108,5,20,0,3,19,NA,48624,91878,02820,109,17,7,8,263.744140625,342.6537286931818
13151000012,GA,151,12,3648,43,3394,174,8,9,1,2,17,2586,27,2416,123,6,7,1,0,6,NA,NA,91878,02820,108,17,7,8,170.04296875,220.91811079545454
13151000013,GA,151,13,8776,233,7048,1051,19,318,11,27,69,6144,142,5008,717,10,222,6,7,32,NA,73704,91878,02820,108,17,7,8,404,524.8727272727273
13151000014,GA,151,14,5323,130,4497,547,14,64,6,1,64,3859,83,3322,350,12,50,3,1,38,NA,73704,92862,02820,108,17,7,8,253.74934895833331,329.6685961174242
13151000015,GA,151,15,4543,183,2567,1163,8,526,3,12,81,3198,120,1879,775,7,364,3,8,42,NA,73704,92862,02820,108,17,7,13,210.28515625,273.20035511363636
13151000016,GA,151,16,3412,79,3129,118,10,35,0,3,38,2475,49,2288,81,8,29,0,0,20,NA,NA,92862,02820,108,17,7,8,162.744140625,211.435546875
13151000017,GA,151,17,5865,93,5405,284,24,13,1,4,41,4076,57,3763,205,18,10,1,1,21,NA,NA,92862,02820,108,17,7,8,268.0182291666667,348.2065814393939
13151000018,GA,151,18,4330,75,2226,1960,2,19,0,5,43,3001,39,1680,1235,2,19,0,2,24,NA,NA,92862,02820,108,17,7,13,197.33138020833334,256.3709398674242
13151000019,GA,151,19,4980,95,3296,1482,7,46,0,9,45,3471,60,2377,966,6,31,0,5,26,NA,NA,92862,02820,108,17,7,13,228.236328125,296.52233664772723
13151000020,GA,151,20,4733,85,4314,210,16,47,0,2,59,3369,48,3109,132,13,33,0,1,33,NA,73704,91878,02820,108,17,7,8,221.529296875,287.80862926136365
13151000021,GA,151,21,2959,38,2493,382,1,16,1,4,24,2082,23,1789,243,1,13,1,1,11,NA,NA,92862,02820,108,17,7,8,136.90234375,177.86214488636364
13151000022,GA,151,22,9897,400,6636,2336,25,324,5,17,154,7046,255,4911,1533,21,235,3,8,80,NA,73704,92862,02820,108,17,7,13,463.3111979166667,601.929237689394
13153000BMS,GA,153,BMS,4226,148,3620,324,9,83,1,4,37,3040,107,2626,218,7,54,1,1,26,NA,80508,93252,02880,141,18,1,1,388.07778853285396,353.37816943016253
13153000BON,GA,153,BON,4345,71,3760,391,7,81,0,8,27,3195,48,2788,271,6,62,0,1,19,NA,80508,93252,02880,141,18,1,1,407.86464946133833,371.39580635834517
1315300ANNX,GA,153,ANNX,2554,151,1888,408,13,34,0,4,56,1780,97,1363,259,9,28,0,0,24,NA,80508,93252,02880,139,18,1,1,227.22975775936845,206.9122176268715
1315300ARMY,GA,153,ARMY,7823,102,4861,2666,16,102,5,7,64,5726,77,3708,1802,11,84,3,1,40,NA,60340,92352,02880,141,18,1,3,730.9649398483954,665.6063809727339
1315300CENT,GA,153,CENT,4108,107,3517,409,8,31,2,3,31,2881,68,2511,254,8,29,2,0,9,NA,14920,93252,02880,139,18,1,1,367.7802989352474,334.89556122641386
1315300ELBC,GA,153,ELBC,3500,102,971,2323,3,39,0,5,57,2442,71,799,1505,3,31,0,4,29,NA,80508,93252,02880,128,18,1,3,311.7388024990886,283.86496373304504
1315300FMMS,GA,153,FMMS,5654,199,4285,928,7,137,5,12,81,3639,123,2782,602,4,98,4,3,23,NA,80508,93252,02880,141,18,1,1,464.54443173389984,423.00761794617154
1315300GALA,GA,153,GALA,6604,286,4573,1431,22,176,3,7,106,4785,186,3489,901,15,128,2,5,59,NA,80508,93252,02880,139,18,1,1,610.8395454374034,556.2218883958316
1315300HAFS,GA,153,HAFS,2237,43,1653,519,8,7,0,0,7,1588,27,1180,368,4,5,0,0,4,NA,78156,91056,02880,138,18,1,3,202.71958164150396,184.5935963997033
1315300HCHS,GA,153,HCHS,3777,96,3132,430,27,63,3,4,22,2543,59,2122,285,18,46,1,0,12,NA,80508,93252,02880,141,18,1,1,324.63217639442354,295.6054884410866
1315300HEFS,GA,153,HEFS,1393,10,661,707,4,5,0,0,6,983,8,467,498,4,3,0,0,3,NA,NA,91056,02880,141,18,1,3,125.48699543677482,114.26669097034532
1315300KATH,GA,153,KATH,2044,19,1559,430,13,8,0,1,14,1489,9,1148,306,9,6,0,0,11,NA,60340,91056,02880,138,18,1,1,190.0815220807301,173.08555732944475
1315300LIND,GA,153,LIND,4081,105,1486,2376,12,29,0,10,63,2756,62,1199,1434,8,24,0,3,26,NA,80508,93252,02880,139,18,1,3,351.82315302517947,320.3652088649763
1315300LJFS,GA,153,LJFS,2100,35,1768,254,8,19,0,2,14,1434,23,1203,180,4,15,0,1,8,NA,80508,92352,02880,141,18,1,1,183.0603778803002,166.69220229041218
1315300MALL,GA,153,MALL,4654,137,3433,891,17,75,0,7,94,3553,89,2773,577,11,56,0,2,45,NA,80508,93252,02880,139,18,1,3,453.56591534777306,413.01073552150245
1315300MILL,GA,153,MILL,3482,96,2796,481,15,44,0,6,44,2666,65,2209,315,12,34,0,3,28,NA,80508,93252,02880,139,18,1,3,340.33400796993044,309.9033551647412
1315300MORN,GA,153,MORN,2504,43,1232,1185,5,11,0,6,22,1876,32,932,887,2,9,0,2,12,NA,60340,92352,02880,141,18,1,3,239.48484581830067,218.07152824045556
1315300NSES,GA,153,NSES,4044,75,3150,713,15,40,1,2,48,2854,47,2265,474,10,31,1,0,26,NA,14920,93252,02880,128,18,1,3,364.3335554186728,331.7570051163434
1315300NSMS,GA,153,NSMS,5906,166,3479,2028,12,126,1,10,84,4448,117,2748,1410,8,110,1,4,50,NA,80508,93252,02880,128,18,1,3,567.81908006386,517.0480584293957
1315300NSSH,GA,153,NSSH,3732,147,2543,890,9,67,6,3,67,2800,102,2073,530,9,47,6,1,32,NA,80508,93252,02880,139,18,1,3,357.4400683855234,325.47989289620233
1315300PERL,GA,153,PERL,3337,292,1054,1874,12,40,3,5,57,2301,211,823,1200,10,32,3,0,22,NA,80508,93252,02880,141,18,1,3,293.7391419125319,267.4747262693434
1315300QRUN,GA,153,QRUN,2766,37,2386,214,7,67,0,4,51,1912,22,1672,147,2,43,0,2,24,NA,80508,93252,02880,139,18,1,1,244.08050384040027,222.25626972054962
1315300RECR,GA,153,RECR,5490,222,3173,1745,25,109,20,30,166,4016,152,2345,1277,23,85,20,20,94,NA,80508,93252,02880,139,18,1,1,512.671183798665,466.83116066826733
1315300ROZR,GA,153,ROZR,3985,72,3460,385,20,22,0,4,22,2965,47,2593,279,16,13,0,0,17,NA,60340,92352,02880,141,18,1,3,378.50350098681315,344.6599580133
1315300RUSS,GA,153,RUSS,5506,209,3939,1081,27,148,5,7,90,4279,164,3151,769,23,118,4,4,46,NA,80508,93252,02880,139,18,1,3,546.245018793448,497.40302203673207
1315300TWPK,GA,153,TWPK,3690,100,2858,602,5,67,1,11,46,2512,57,1978,396,5,51,1,4,20,NA,80508,93252,02880,141,18,1,1,320.6748042087267,292.00196105545007
1315300WATS,GA,153,WATS,2969,133,1810,897,9,41,7,4,68,1897,70,1243,516,7,33,5,0,23,NA,80508,93252,02880,141,18,1,3,242.1656463311921,220.5126274371771
1315300WRMS,GA,153,WRMS,4254,160,3344,599,17,56,4,8,66,3189,112,2594,383,11,42,3,2,42,NA,80508,93252,02880,139,18,1,3,407.09870645765506,370.6983494449962
13155000518,GA,155,518,170,6,146,17,0,0,0,0,1,123,5,105,12,0,0,0,0,1,NA,NA,91518,02910,156,19,1,1,18.56045820958846,15.725074246924056
13155000901,GA,155,901,901,12,869,16,1,0,0,1,2,687,10,665,10,1,0,0,0,1,NA,NA,91560,02910,156,19,1,1,103.66694951209165,87.83029274501486
13155001388,GA,155,1388,451,17,402,22,0,7,0,0,3,352,13,318,16,0,3,0,0,2,NA,57428,92262,02910,156,19,1,1,53.11610804695234,45.00183849526234
13155001421,GA,155,1421,987,9,945,29,1,2,1,0,0,699,5,674,17,1,2,0,0,0,NA,NA,92262,02910,156,19,1,1,105.47772592278321,89.36444633008061
13155001529,GA,155,1529,4806,92,2529,2149,3,14,0,1,18,3246,57,1869,1301,1,8,0,0,10,NA,57428,92262,02910,156,19,1,1,489.8150190920662,414.9885447602885
13155001643,GA,155,1643,406,18,288,98,0,2,0,0,0,318,11,231,75,0,1,0,0,0,NA,NA,91518,02910,156,19,1,1,47.985574883326265,40.65507000424268
13155001661,GA,155,1661,924,1,783,130,1,6,0,0,3,686,0,583,95,1,5,0,0,2,NA,29528,92262,02910,156,19,1,1,103.51605147786735,87.70244661292604
13155001662,GA,155,1662,356,13,332,7,0,1,0,0,3,266,11,248,5,0,1,0,0,1,NA,NA,91560,02910,156,19,1,1,40.13887710366285,34.00707113562438
13155001670,GA,155,1670,573,17,553,3,0,0,0,0,0,424,8,413,3,0,0,0,0,0,NA,NA,91560,02910,156,19,1,1,63.980766511101685,54.20676000565691
13155001753,GA,155,1753,357,17,255,84,0,0,0,0,1,270,6,203,60,0,0,0,0,1,NA,NA,91518,02910,156,19,1,1,40.742469240560034,34.51845566397964
13157000242,GA,157,0242,2512,41,2008,418,6,14,0,3,22,1828,24,1463,317,5,10,0,1,8,NA,02648,91596,02940,25,47,6,9,193.23023341978512,175.34983327158207
13157000245,GA,157,0245,7525,236,6206,876,1,143,0,4,59,5414,133,4557,615,1,81,0,1,26,NA,41988,91596,02940,25,47,6,9,572.291293071508,519.3347906632085
13157000248,GA,157,0248,2976,43,2829,19,2,56,0,0,27,2166,30,2075,14,2,29,0,0,16,NA,60032,93330,02940,25,47,6,9,228.9587995553909,207.77228603186367
13157000253,GA,157,0253,3328,60,3155,65,4,10,0,1,33,2348,36,2234,48,4,8,0,1,17,NA,55468,92172,02940,25,47,6,9,277.52721088435374,221.62244897959184
13157000255,GA,157,0255,8211,126,7022,940,19,30,0,0,74,6282,75,5447,688,16,22,0,0,34,NA,19112,90762,01440,25,47,6,9,664.0439422008151,602.597184142275
13157000257,GA,157,0257,2404,27,1973,397,4,0,0,0,3,1906,19,1528,354,4,0,0,0,1,NA,41988,91596,02940,25,47,6,9,201.47528714338645,182.83193775472398
13157000428,GA,157,0428,1056,26,1006,12,8,1,0,0,3,775,17,743,7,4,1,0,0,3,NA,41988,93330,02940,25,47,6,9,81.9220081511671,74.34142274916636
13157000455,GA,157,0455,2753,63,2604,13,10,26,0,1,36,1962,37,1876,11,7,17,0,0,14,NA,41988,91962,02940,25,47,6,9,207.39481289366435,188.20370507595408
13157000465,GA,157,0465,1292,16,1222,35,4,3,0,2,10,932,10,887,24,4,3,0,0,4,NA,50484,91962,02940,25,47,6,9,98.51782141533901,89.4015561319007
13157001407,GA,157,1407,1214,15,1131,53,2,1,0,0,12,873,6,823,36,1,0,0,0,7,NA,40056,93330,02940,25,47,6,9,92.28117821415339,83.74201556131901
13157001691,GA,157,1691,1631,248,1330,37,1,0,0,0,15,1153,165,950,29,1,0,0,0,8,NA,75412,93330,02940,25,47,6,9,121.8788069655428,110.60085216746944
13157001704,GA,157,1704,1638,148,1371,103,7,1,0,0,8,1180,101,1000,68,6,1,0,0,4,NA,03440,92172,02940,25,47,6,9,139.47278911564626,111.37755102040816
13157001747,GA,157,1747,1615,62,1338,189,1,6,1,1,17,1231,42,1032,139,1,5,1,0,11,NA,03440,91596,02940,25,47,6,9,130.12386068914412,118.08295665061134
13157001765,GA,157,1765,3434,138,3119,40,3,106,0,2,26,2468,98,2279,25,2,48,0,0,16,NA,10076,93330,02940,25,47,6,9,260.88195628010374,236.7414597999259
13159000289,GA,159,289,443,9,361,71,2,0,0,0,0,323,6,268,47,2,0,0,0,0,NA,NA,92064,02970,110,25,5,8,46.95286762053625,35.5738848142359
13159000290,GA,159,290,1700,32,1294,344,5,0,1,4,20,1170,18,910,226,4,0,1,2,9,NA,54656,92730,02970,110,25,5,8,170.07695082361428,128.85896356859445
13159000293,GA,159,293,492,3,323,165,0,0,0,1,0,368,3,251,113,0,0,0,1,0,NA,NA,91476,02970,110,25,5,8,53.49428880605988,40.52999879764338
13159000295,GA,159,295,4640,115,2386,2093,5,13,0,5,23,3373,81,1820,1448,3,7,0,2,12,NA,52416,92064,02970,110,25,5,8,490.31585908380424,371.488277022965
13159000296,GA,159,296,1591,18,1495,52,6,2,0,4,14,1236,10,1175,37,4,2,0,2,6,NA,NA,92064,02970,110,25,5,8,179.67103522904895,136.12793074425875
13159000297,GA,159,297,1790,27,1694,50,5,2,0,2,10,1306,12,1240,40,4,2,0,0,8,NA,NA,91098,02970,110,25,5,8,189.84657929541902,143.83744138511483
13159000363,GA,159,363,770,32,411,321,1,1,0,1,3,541,23,295,219,1,1,0,0,2,NA,69784,92730,02970,110,25,5,8,78.64241914151738,59.58350366718769
13161000100,GA,161,100,2013,99,786,1094,11,16,0,1,6,1421,67,576,756,9,8,0,0,5,NA,37564,91440,03000,170,19,1,1,210.30184182015165,175.9699891657638
13161000201,GA,161,201,1528,135,1250,123,0,0,0,0,20,1111,108,919,70,0,0,0,0,14,NA,37564,91440,03000,170,19,1,1,164.4231852654388,137.58104008667388
13161000202,GA,161,202,1506,49,1441,7,1,6,0,0,2,1131,39,1081,6,1,3,0,0,1,NA,34260,91440,03000,170,19,1,1,167.3830985915493,140.05774647887324
13161000301,GA,161,301,1455,182,1095,170,1,0,0,2,5,1035,107,806,115,1,0,0,2,4,NA,37564,91440,03000,170,19,1,1,153.17551462621884,128.16955579631636
13161000302,GA,161,302,982,5,954,14,3,1,0,0,5,706,3,685,9,3,1,0,0,5,NA,NA,91440,03000,170,19,1,1,104.48494041170096,87.42773564463704
13161000401,GA,161,401,1357,43,1189,104,5,12,0,0,4,983,25,886,55,5,9,0,0,3,NA,37564,91440,03000,170,19,1,1,145.47973997833154,121.73011917659805
13161000402,GA,161,402,946,32,850,60,0,1,0,0,3,694,15,634,44,0,1,0,0,0,NA,22388,90924,03000,170,19,1,1,102.70899241603468,85.94171180931744
13161000501,GA,161,501,2332,78,1978,247,1,19,0,3,6,1729,50,1499,161,1,13,0,0,5,NA,37564,91440,03000,170,19,1,1,255.88450704225352,214.1112676056338
13161000502,GA,161,502,565,28,449,85,1,1,0,0,1,420,22,321,75,1,1,0,0,0,NA,NA,90924,03000,170,19,1,1,62.15817984832069,52.01083423618635
13163000076,GA,163,0076,797,9,464,317,6,0,0,0,1,581,7,341,230,2,0,0,0,1,NA,NA,92838,03060,121,23,5,12,119.50845264094475,81.72441963924614
13163000077,GA,163,0077,901,5,613,268,3,2,1,0,9,654,2,468,174,2,2,1,0,5,NA,43360,93444,03060,121,23,5,12,134.524144625091,91.9927202135404
13163000081,GA,163,0081,4183,87,1850,2205,5,4,0,4,28,2926,69,1408,1421,4,4,0,1,19,NA,84456,93444,03060,121,23,5,12,601.8618458303,411.57599288198656
13163000082,GA,163,0082,6514,58,2435,3978,4,18,0,8,13,4704,44,1941,2693,3,12,0,2,9,NA,47560,91812,03060,121,23,5,12,967.5865081290948,661.6724096093182
13163000083,GA,163,0083,2654,70,690,1880,3,1,0,4,6,1873,45,547,1275,1,1,0,0,4,NA,79864,93228,03060,121,20,5,12,385.26563131925906,263.45927363908436
13163000085,GA,163,0085,905,23,312,567,0,1,0,0,2,652,14,246,391,0,1,0,0,0,NA,05680,93228,03060,121,20,5,12,134.11275580360754,91.71139691013508
13163001460,GA,163,1460,871,4,479,384,0,0,0,0,4,616,2,356,255,0,0,0,0,3,NA,73004,92838,03060,121,23,5,12,126.70775701690529,86.64757744883929
13163001593,GA,163,1593,441,3,372,64,0,1,0,0,1,357,2,300,54,0,1,0,0,0,NA,04448,92838,03060,121,23,5,12,73.43290463479738,50.21620965785004
13165000001,GA,165,1,1507,14,409,1067,2,2,0,0,13,1048,12,324,701,2,2,0,0,7,NA,51520,92208,03090,145,4,3,12,152.79060665362033,131.59817351598173
13165000002,GA,165,2,1476,27,493,942,0,3,2,2,7,1059,19,391,642,0,1,2,0,4,NA,51520,92208,03090,145,4,3,12,154.39432485322897,132.97945205479454
13165000003,GA,165,3,1907,59,1355,481,1,5,0,0,6,1357,38,1034,278,1,3,0,0,3,NA,51520,92208,03090,145,4,3,12,197.84050880626222,170.39954337899545
13165000004,GA,165,4,1972,154,1516,274,6,5,2,0,15,1442,115,1132,176,3,5,1,0,10,NA,51520,92208,03090,145,4,3,12,210.23287671232876,181.07305936073058
13165000005,GA,165,5,1713,33,993,673,1,3,0,2,8,1226,19,753,448,1,2,0,0,3,NA,NA,92814,03090,145,4,3,12,178.74168297455967,153.9497716894977
13167000055,GA,167,55,663,16,623,22,0,0,0,0,2,517,9,488,18,0,0,0,0,2,NA,43892,91662,03120,144,20,5,3,87.13191773950844,68.54723290419662
13167000056,GA,167,56,201,0,195,6,0,0,0,0,0,157,0,152,5,0,0,0,0,0,NA,NA,90042,03120,144,20,5,3,26.45978933288748,20.81608426684501
13167001201,GA,167,1201,3901,44,1661,2174,1,10,1,1,9,2487,30,1251,1197,0,4,0,0,5,NA,84512,93450,03120,144,20,5,3,419.14328707573986,329.74268516970403
13167001202,GA,167,1202,147,0,136,11,0,0,0,0,0,119,0,108,11,0,0,0,0,0,NA,NA,90210,03120,144,20,5,3,20.055509112188595,15.777796355124561
13167001203,GA,167,1203,204,3,172,29,0,0,0,0,0,160,3,132,25,0,0,0,0,0,NA,NA,93450,03120,144,20,5,3,26.96539040294265,21.21384383882294
13167001266,GA,167,1266,676,3,640,29,1,0,0,0,3,525,3,497,22,1,0,0,0,2,NA,NA,90042,03120,144,20,5,3,88.48018725965557,69.60792509613776
13167001301,GA,167,1301,885,6,561,308,7,0,0,0,3,628,4,407,207,7,0,0,0,3,NA,NA,90210,03120,144,20,5,3,105.83915733154991,83.26433706738004
13167001326,GA,167,1326,298,0,253,43,2,0,0,0,0,217,0,187,29,1,0,0,0,0,NA,43892,91662,03120,144,20,5,3,36.57181073399097,28.77127570640361
13167001396,GA,167,1396,194,0,145,46,0,0,0,0,3,133,0,104,28,0,0,0,0,1,NA,NA,93450,03120,144,20,5,3,22.41498077244608,17.634007691021566
13167001405,GA,167,1405,632,3,342,287,0,0,0,0,0,479,3,271,205,0,0,0,0,0,NA,NA,90210,03120,144,20,5,3,80.72763751880956,63.508944992476174
13167001746,GA,167,1746,400,3,258,139,0,0,0,0,0,288,2,194,92,0,0,0,0,0,NA,00660,90042,03120,144,20,5,3,48.537702725296775,38.18491890988129
13167001820,GA,167,1820,359,0,321,37,0,0,0,0,1,271,0,243,27,0,0,0,0,1,NA,NA,93450,03120,144,20,5,3,45.67262999498412,35.93094800200635
13169000001,GA,169,1,4300,28,3151,1071,7,24,0,1,18,3200,20,2355,792,5,15,0,1,12,NA,34512,91350,03150,123,25,5,3,532.8999303459484,390.24843278384026
13169000002,GA,169,2,2580,13,2151,393,2,2,0,5,14,1933,9,1609,300,2,2,0,3,8,NA,34512,91350,03150,110,25,5,3,321.9048641745995,235.73444392848853
13169000003,GA,169,3,7522,27,5307,2088,15,38,0,4,43,5363,17,3796,1488,11,28,0,1,22,NA,49000,91350,03150,123,25,5,3,893.106977014163,654.0319828186673
13169000004,GA,169,4,2059,14,1823,190,4,12,0,0,16,1488,8,1323,131,4,10,0,0,12,NA,NA,91350,03150,123,25,5,3,247.79846761086603,181.46552124448573
13169000005,GA,169,5,2309,29,1435,809,1,6,4,0,25,1687,13,1052,596,1,1,3,0,21,NA,NA,91350,03150,123,25,5,3,280.93818202925473,205.73409565823079
13169000006,GA,169,6,1288,9,824,443,5,0,0,0,7,937,7,591,330,5,0,0,0,4,NA,34512,92610,03150,110,25,5,3,156.03976085442304,114.26961922451824
13169000007,GA,169,7,420,1,292,120,2,1,0,1,3,327,0,225,98,2,1,0,0,1,NA,NA,92610,03150,110,25,5,3,54.45571163222661,39.878511725098676
13169000008,GA,169,8,283,3,224,56,0,0,0,0,0,219,2,168,49,0,0,0,0,0,NA,NA,92610,03150,110,25,5,8,36.47033898305085,26.70762711864407
13169000009,GA,169,9,2878,45,2442,320,3,42,0,3,23,2074,26,1769,227,3,31,0,2,16,NA,49000,91350,03150,110,25,5,8,345.38576735546786,252.92976549802648
13171000001,GA,171,1,3324,54,1025,2193,4,4,0,5,39,2354,39,792,1500,4,2,0,1,16,NA,05344,90216,03210,109,27,1,8,311.56746857570965,261.40314659119286
13171000003,GA,171,3,4093,63,3332,635,10,24,1,1,27,3338,49,2685,559,7,19,1,0,18,NA,05344,90216,03210,110,27,1,8,441.806376425539,370.6727711645717
13171000004,GA,171,4,3998,26,3352,562,11,10,0,0,37,3043,18,2583,399,11,7,0,0,25,NA,51604,92028,03210,109,27,1,8,402.76117539332387,337.9140930658453
1317100002A,GA,171,2A,1433,12,1156,241,4,7,0,0,13,1062,9,866,171,4,5,0,0,7,NA,NA,92028,03210,109,27,1,8,140.56272371597436,117.93124115541497
1317100002B,GA,171,2B,1972,13,1073,847,12,7,0,7,13,1398,9,789,578,6,5,0,1,10,NA,05344,90216,03210,109,27,1,8,185.03454590859903,155.24282027803213
1317100002C,GA,171,2C,1092,4,745,328,1,7,0,1,6,818,4,559,246,1,3,0,0,5,NA,NA,90216,03210,110,27,1,8,108.26770998085408,90.83592774494298
13173000001,GA,173,1,5660,109,3802,1637,27,24,2,1,58,4126,64,2857,1135,23,20,2,0,25,NA,44592,91680,03240,176,7,1,1,548,328
13173000002,GA,173,2,756,12,646,78,6,1,1,5,7,538,11,469,44,5,1,1,2,5,NA,NA,91026,03240,176,7,1,1,70.33922261484099,44.19964664310954
13173000003,GA,173,3,825,5,674,130,2,1,0,0,13,594,5,485,93,2,1,0,0,8,NA,NA,91026,03240,176,7,1,1,77.66077738515901,48.800353356890454
13175000001,GA,175,01,6100,56,1598,4374,10,27,0,6,29,4396,32,1329,2991,6,21,0,3,14,NA,24376,90978,01870,143,20,5,3,683.1884004995584,568.8326784245637
13175000003,GA,175,03,5155,57,4227,678,8,154,2,1,28,4040,35,3392,477,6,116,2,1,11,NA,24376,90978,01870,143,20,5,3,627.861951323525,522.7670657041031
13175000004,GA,175,04,4595,68,1312,3058,10,96,5,8,38,3182,55,1081,1951,7,65,0,2,21,NA,24376,90978,01870,143,20,5,3,494.51899235432086,411.74376313625146
13175000005,GA,175,05,3981,33,3114,765,7,45,1,2,14,2907,23,2340,497,7,35,0,0,5,NA,24376,90978,01890,143,20,5,3,451.78086447957594,376.15937128758105
13175000006,GA,175,06,1186,9,963,204,3,0,1,2,4,876,5,718,148,2,0,1,0,2,NA,NA,90978,01890,143,20,5,3,136.14036370282372,113.35246276158276
13175000007,GA,175,07,1418,21,751,626,9,1,1,0,9,1008,16,570,412,5,1,1,0,3,NA,NA,90378,01890,143,20,5,3,156.65466508270129,130.43297084894454
13175000008,GA,175,08,703,17,497,189,0,0,0,0,0,546,14,397,135,0,0,0,0,0,NA,NA,90492,01890,142,20,5,3,84.85461025312985,70.65119254317828
13175000009,GA,175,09,1088,1,438,637,0,5,0,0,7,774,0,332,437,0,2,0,0,3,NA,NA,90978,01890,143,20,5,3,120.28840354564561,100.15388833043954
13175000010,GA,175,10,1073,6,940,119,0,1,0,1,6,810,4,719,83,0,0,0,0,4,NA,12344,90492,01890,142,20,5,3,125.88321301288495,104.81220871790185
13175000011,GA,175,11,817,18,754,41,3,0,0,0,1,587,13,549,22,2,0,0,0,1,NA,NA,90378,01890,143,20,5,3,91.22647659081909,75.95650187334368
13175000012,GA,175,12,1147,5,861,272,0,0,0,0,9,848,4,635,204,0,0,0,0,5,NA,24488,90984,01890,143,20,5,3,131.78884522830424,109.7293246824454
13175000013,GA,175,13,2271,5,2038,212,4,3,0,0,9,1693,4,1536,142,4,3,0,0,4,NA,22752,90936,01890,143,20,5,3,263.1114563343385,219.07045599926894
13175000014,GA,175,14,530,4,191,325,1,0,0,3,6,389,4,154,225,0,0,0,1,5,NA,52500,90984,01890,143,20,5,3,60.45502452100277,50.335739742301016
13175000015,GA,175,15,1570,24,1068,455,2,2,1,1,17,1144,7,805,317,2,2,1,0,10,NA,NA,90378,01890,143,20,5,3,177.79061195893874,148.0310700904688
13175000016,GA,175,16,722,17,621,81,3,0,0,0,0,543,8,470,62,3,0,0,0,0,NA,NA,90594,01890,142,20,5,3,84.38837613085991,70.26299917755644
13175000017,GA,175,17,700,3,634,57,0,1,0,1,4,553,3,508,38,0,1,0,0,3,NA,NA,91002,01890,143,20,5,3,85.94248987175973,71.55697706296263
13175000018,GA,175,18,1763,26,1276,455,0,0,0,1,5,1254,16,917,317,0,0,0,0,4,NA,NA,92484,01890,143,20,5,3,194.8858631088367,162.26482682993696
13175000019,GA,175,19,979,8,880,78,4,3,0,0,6,751,5,677,61,2,3,0,0,3,NA,64680,92484,01890,142,20,5,3,116.71394194157604,97.1777391940053
13175000020,GA,175,20,444,0,417,21,1,0,1,0,4,349,0,327,19,1,0,1,0,1,NA,NA,91002,01890,143,20,5,3,54.238569557403515,45.15982820067623
13175000021,GA,175,21,5399,97,3526,1721,10,7,0,14,24,3780,58,2637,1055,6,7,0,2,15,NA,25300,91002,01890,143,20,5,3,587.4549940601298,489.123640683542
13175000022,GA,175,22,3233,54,2093,1049,5,16,0,4,12,2399,28,1596,750,4,14,0,0,7,NA,24376,90978,01890,143,20,5,3,372.8318864418654,310.42529470894635
13177000001,GA,177,1,1056,24,599,416,1,0,0,0,16,732,13,405,304,0,0,0,0,10,NA,NA,92358,03270,137,14,4,2,61.73904939422181,77.30172413793103
13177000002,GA,177,2,1840,21,897,914,1,1,2,0,4,1239,11,626,595,0,1,2,0,4,NA,71464,92778,03270,159,14,4,2,104.5009319664492,130.8426724137931
13177000003,GA,177,3,4373,44,2900,1367,11,27,0,3,21,3141,34,2010,1055,10,21,0,1,10,NA,45768,91716,03270,159,14,4,2,264.9212488350419,331.70043103448273
13177000004,GA,177,4,2813,20,2577,177,6,28,0,0,5,1916,11,1751,125,5,20,0,0,4,NA,01052,91716,03270,159,14,4,2,161.60111835973905,202.33620689655172
13177000005,GA,177,5,715,7,679,23,2,4,0,0,0,496,3,472,18,1,2,0,0,0,NA,01052,91716,03270,159,14,4,2,41.834109972041006,52.37931034482759
13177000006,GA,177,6,3862,60,3555,171,12,31,1,3,29,2643,37,2451,104,10,24,1,1,15,NA,01052,91716,03270,159,14,4,2,222.91845293569432,279.10991379310343
13177000007,GA,177,7,4385,61,3848,400,9,45,0,3,19,3033,35,2704,251,7,25,0,1,10,NA,45768,91716,03270,137,14,4,2,255.81220876048462,320.29525862068965
13177000008,GA,177,8,5713,63,5148,355,18,72,0,2,55,3968,34,3604,237,13,50,0,1,29,NA,NA,92358,03270,137,14,4,2,334.67287977632805,419.0344827586207
13179000001,GA,179,1,1500,13,209,1272,0,0,0,0,6,1054,12,156,883,0,0,0,0,3,NA,64960,92502,03300,173,3,3,1,77.72483061360818,51.39746158984636
13179000002,GA,179,2,4013,370,2021,1356,6,93,21,24,122,2786,238,1530,857,3,79,11,12,56,NA,38964,91488,03300,172,3,3,1,205.44722778891116,135.8570474281897
13179000003,GA,179,3,4275,65,1976,2138,11,33,3,4,45,3071,43,1508,1461,9,25,3,0,22,NA,51352,91998,03300,172,3,3,1,226.46390399847314,149.7548430193721
13179000004,GA,179,4,4748,443,1624,2380,21,85,34,11,150,2970,263,1113,1443,13,59,18,4,57,NA,38964,91488,03300,172,3,3,1,219.01588892069853,144.82965931863725
13179000005,GA,179,5,627,32,172,401,3,9,4,0,6,487,28,143,298,2,9,3,0,4,NA,30088,91488,03300,172,3,3,1,35.91270636511118,23.74816299265197
13179000006,GA,179,6,3377,50,2976,288,9,12,0,4,38,2568,32,2297,196,8,11,0,0,24,NA,51352,91998,03300,172,3,3,1,189.3713140566848,125.22645290581163
13179000007,GA,179,7,2792,119,1928,646,9,35,1,4,50,1872,70,1366,381,8,27,1,4,15,NA,38964,91488,03300,172,3,3,1,138.04637847122817,91.28657314629258
13179000009,GA,179,9,5556,564,2014,2605,40,113,33,23,164,3534,331,1410,1592,24,91,24,8,54,NA,38964,91488,03300,172,3,3,1,260.60678499856857,172.33266533066134
13179000010,GA,179,10,8236,790,2756,4079,34,207,48,39,283,5302,490,1942,2509,27,164,26,14,130,NA,38964,91488,03300,172,3,3,1,390.98392022139524,258.5477621910488
13179000011,GA,179,11,5758,422,2849,2109,18,166,35,19,140,4047,258,2157,1385,14,133,24,9,67,NA,38964,91488,03300,172,3,3,1,298.43680217578014,197.34869739478958
13179000012,GA,179,12,3899,352,1298,2044,15,47,14,15,114,2625,222,972,1317,11,39,9,4,51,NA,38964,91488,03300,172,3,3,1,193.57464929859717,128.0060120240481
13179000014,GA,179,14,3589,199,1313,1919,30,24,11,13,80,2322,112,911,1212,22,15,9,2,39,NA,80256,91488,03300,172,3,3,1,171.2306040652734,113.23046092184369
131790FORT1,GA,179,FORT1,739,92,467,154,7,12,3,0,4,738,92,467,153,7,12,3,0,4,NA,31068,91488,00003,171,3,3,1,54.42212997423418,35.987975951903806
131790FORT2,GA,179,FORT2,634,46,438,126,0,16,0,0,8,349,26,242,69,0,9,0,0,3,NA,31068,91488,00003,171,3,3,1,25.73621051627064,17.018704074816302
131790FORT3,GA,179,FORT3,791,64,441,246,4,18,3,2,13,791,64,441,246,4,18,3,2,13,NA,31068,91488,00003,171,3,3,1,58.330494321977284,38.57247828991316
131790FORT4,GA,179,FORT4,2138,299,867,857,15,28,10,10,52,1213,176,517,467,8,20,5,0,20,NA,31068,91488,00003,154,3,3,1,89.44992365683748,59.15096860387441
131790FORT5,GA,179,FORT5,1375,155,595,524,9,28,6,10,48,762,86,351,279,5,22,3,0,16,NA,31068,91488,00003,154,3,3,1,56.19195533924993,37.15831663326654
131790FORT6,GA,179,FORT6,2673,313,1237,956,19,41,10,12,85,1770,201,863,617,15,33,7,0,34,NA,31068,91488,00003,171,3,3,1,130.52462066991126,86.312625250501
131790FORT7,GA,179,FORT7,1890,270,711,805,6,25,6,3,64,1007,128,425,407,5,19,2,0,21,NA,31068,91488,00003,171,3,3,1,74.258922607119,49.105544422177694
131790FORT8,GA,179,FORT8,709,103,254,311,9,4,2,2,24,358,48,142,152,5,4,1,0,6,NA,31068,91488,00003,171,3,3,1,26.39989502815154,17.45758183032732
131790FORT9,GA,179,FORT9,1,0,0,1,0,0,0,0,0,1,0,0,1,0,0,0,0,0,NA,38964,91488,00003,154,3,3,1,0.07374272354232274,0.04876419505678023
13179FORT10,GA,179,FORT10,0,0,0,0,0,0,0,0,0,0,0,0,0,0,0,0,0,0,NA,31068,91488,00003,154,3,3,1,0,0
13179FORT11,GA,179,FORT11,2290,261,1098,808,14,57,10,4,38,2289,261,1097,808,14,57,10,4,38,NA,31068,91488,00003,171,3,3,1,168.79709418837675,111.62124248496994
13181000002,GA,181,2,2401,40,1568,785,1,3,1,0,3,1818,29,1234,549,1,1,1,0,3,NA,46552,91752,03330,90,24,5,9,320.04405007130407,252.34796387260337
13181000004,GA,181,4,1862,8,1389,442,2,3,0,0,18,1418,6,1083,315,2,3,0,0,9,NA,NA,92808,03330,90,24,5,9,249.62731738234828,196.82585961020442
131810001-A,GA,181,1-A,802,13,481,298,8,0,0,0,2,632,8,404,212,6,0,0,0,2,NA,NA,91752,03330,90,24,5,9,111.25843764855016,87.7249247345904
131810001-B,GA,181,1-B,809,1,283,520,1,0,0,1,3,594,1,220,370,1,0,0,0,2,NA,46552,91752,03330,90,24,5,9,104.56884804309935,82.45032482966249
131810003-A,GA,181,3-A,1361,6,1026,296,14,1,3,2,13,1012,2,764,224,8,1,1,1,11,NA,NA,92808,03330,90,24,5,9,178.15433370305817,140.47092378386944
131810003-B,GA,181,3-B,1113,13,574,516,4,0,0,0,6,837,8,444,377,3,0,0,0,5,NA,NA,92808,03330,90,24,5,9,147.34701315164,116.18000316906989
13183000001,GA,183,1,2055,546,993,482,7,1,1,5,20,1366,347,716,291,4,1,1,0,6,NA,NA,91818,03360,171,3,3,1,142.68388219933266,104.4366748875671
13183000002,GA,183,2,2682,121,1899,555,22,17,13,3,52,1835,78,1359,343,13,14,10,2,16,NA,47784,91818,03360,171,3,3,1,191.67271144639489,140.2937762947918
13183000003,GA,183,3,961,15,464,466,9,1,0,5,1,625,11,310,296,6,1,0,0,1,NA,47784,91824,03360,171,3,3,1,65.28362106484839,47.783983751632086
13183000004,GA,183,4,1413,68,1178,125,9,15,1,0,17,970,39,830,74,7,12,1,0,7,NA,47784,91824,03360,171,3,3,1,101.32017989264472,74.160742782533
13183000005,GA,183,5,3193,120,2144,801,16,24,10,3,75,2097,66,1472,493,8,16,6,2,34,NA,80256,91824,03360,171,3,3,1,219.03960539677934,160.32482228347598
13185000001,GA,185,01,3000,113,2333,507,16,8,2,0,21,2092,80,1642,338,13,7,1,0,11,NA,36052,91392,03390,176,8,4,1,204.15010076344862,191.93309895411954
13185000002,GA,185,02,3359,17,2880,384,16,28,0,0,34,2336,15,2007,263,12,20,0,0,19,NA,78800,91392,03390,176,8,4,1,227.96110677983552,214.3191774172195
13185000003,GA,185,03,7421,357,5221,1501,38,135,9,12,148,5970,286,4263,1180,33,115,9,7,77,NA,78800,90228,03390,176,8,4,1,582.5889586796311,547.7249525602742
13185000004,GA,185,04,3270,76,2186,860,3,84,4,13,44,2640,57,1889,586,2,64,3,9,30,NA,78800,93168,05310,177,8,4,1,257.6272782100881,242.21002927288504
13185000005,GA,185,05,3571,60,459,3024,2,2,0,4,20,2270,35,401,1818,2,2,0,1,11,NA,78800,93168,05310,177,8,4,2,221.52042482458333,208.2639266853974
13185000006,GA,185,06,3361,44,2908,309,6,58,1,4,31,2620,33,2301,217,5,46,1,2,15,NA,78800,93168,05310,177,8,4,1,255.67555640546624,240.37510480869656
13185000007,GA,185,07,2140,71,109,1939,1,5,0,4,11,1433,40,81,1302,1,3,0,0,6,NA,78800,93168,05310,177,8,4,2,139.8408673011577,131.47233785910768
13185000008,GA,185,08,867,5,596,250,8,1,0,0,7,599,2,417,173,4,1,0,0,2,NA,NA,92136,03390,176,8,4,2,58.4540680484253,54.95598770244627
13185000009,GA,185,09,4191,240,2911,947,26,8,1,6,52,2900,143,2054,639,18,6,1,2,37,NA,78800,93168,03390,178,8,4,2,282.99966167017254,266.0640473073359
13185000010,GA,185,10,3157,83,2826,197,18,4,1,0,28,2328,56,2091,141,11,4,1,0,24,NA,21744,91686,03390,178,8,4,2,227.1804180579868,213.5852076315441
13185000011,GA,185,11,4048,117,3406,430,21,26,0,3,45,2992,74,2593,265,13,22,0,2,23,NA,44704,91686,03390,178,8,4,2,291.9775819714332,274.5046998426031
13185000012,GA,185,12,3091,94,2003,880,9,41,2,9,53,2920,82,1889,843,8,40,2,9,47,NA,78800,93168,05310,177,8,4,2,284.9513834747944,267.8989717715244
13185000013,GA,185,13,3778,57,1052,2609,13,16,0,3,28,2508,31,854,1589,8,11,0,1,14,NA,78800,93168,05310,176,8,4,2,244.74591429958372,230.09952780924084
13185000014,GA,185,14,2172,68,1571,500,5,9,1,0,18,1552,46,1161,326,5,6,1,0,7,NA,78800,93168,03390,178,8,4,2,151.45361203865787,142.3901384210294
13185000015,GA,185,15,3170,40,1118,1918,6,56,0,3,29,2224,27,968,1167,5,40,0,2,15,NA,78800,93168,05310,178,8,4,2,217.03146467395305,204.0436004177638
13185000016,GA,185,16,1146,20,913,192,2,9,0,0,10,810,12,655,129,2,6,0,0,6,NA,NA,93168,03390,178,8,4,2,79.04473308718613,74.3144407996352
13185000017,GA,185,17,2793,62,1833,869,6,3,1,1,18,2351,50,1438,844,6,3,1,1,8,NA,78800,91392,03390,178,8,4,1,229.42489813330195,215.6953707653609
13185000018,GA,185,18,2624,53,2152,304,9,89,0,1,16,1981,29,1658,216,8,62,0,0,8,NA,78800,93168,05310,177,8,4,1,193.31804474779716,181.74926817787323
13185000019,GA,185,19,1665,37,1555,27,13,18,0,0,15,1386,25,1306,23,8,16,0,0,8,NA,78800,93168,05310,177,8,4,1,135.25432106029626,127.16026536826466
13185000020,GA,185,20,4719,93,2144,2286,11,84,4,9,88,3376,63,1688,1503,7,69,3,5,38,NA,78800,93168,05310,176,8,4,2,329.4506406201733,309.73524955502273
13185000021,GA,185,21,851,35,632,161,2,8,1,0,12,764,30,588,128,2,6,1,0,9,NA,64596,93168,03390,177,8,4,2,74.5557729365558,70.09411453200158
13185000022,GA,185,22,3932,138,2932,682,15,104,1,7,53,3160,94,2441,504,11,74,1,4,31,NA,78800,93168,03390,176,8,4,1,308.372045130257,289.9180653417867
13185000023,GA,185,23,1872,42,1720,89,6,4,1,1,9,1344,24,1255,56,2,2,0,0,5,NA,78800,92136,03390,176,8,4,2,131.15570527059032,123.30692399346877
13185000024,GA,185,24,1454,27,1219,170,2,15,1,2,18,995,17,839,115,1,11,1,2,9,NA,NA,90228,03390,176,8,4,1,97.09815977993851,91.28749209337903
13185000025,GA,185,25,2560,62,1623,754,10,54,0,2,55,1729,35,1101,517,8,40,0,2,26,NA,78800,90228,03390,176,8,4,1,168.72635000956151,158.62921992909784
13185000026,GA,185,26,2574,153,1536,776,7,62,5,4,31,1614,84,975,493,4,44,2,1,11,NA,52556,90228,03390,176,8,4,1,157.5039496329857,148.07840426001383
13185000027,GA,185,27,2302,41,2157,56,3,19,1,2,23,1743,30,1644,39,2,14,1,0,13,NA,78800,93168,05310,177,8,4,1,170.0925552727968,159.9136670540298
13185000028,GA,185,28,3042,54,659,2261,11,25,0,3,29,2141,33,540,1523,7,17,0,1,20,NA,78800,93168,05310,177,8,4,2,208.93181918477222,196.42866389138143
13185000029,GA,185,29,1585,41,263,1263,4,4,0,1,9,1288,23,242,1012,3,2,0,1,5,NA,78800,93168,05310,177,8,4,2,125.69088421764906,118.16913549374091
13185000030,GA,185,30,2366,20,28,2295,1,11,0,1,10,1465,15,18,1417,1,7,0,1,6,NA,78800,93168,05310,177,8,4,2,142.96362218855268,134.40821700180933
13185000031,GA,185,31,1460,8,785,653,3,7,0,0,4,1050,6,582,450,3,6,0,0,3,NA,78800,93168,03390,178,8,4,2,102.46539474264868,96.33353436989748
13185000032,GA,185,32,4574,119,2262,2035,12,84,1,9,52,3400,78,1904,1304,10,65,1,4,34,NA,78800,93168,05310,176,8,4,2,331.79270678571953,311.93715891204897
131870000AU,GA,187,AU,2318,76,2157,12,16,2,4,0,51,1700,48,1596,7,12,2,2,0,33,NA,21240,90852,03420,7,50,2,9,181.0669850446148,148.27196179464622
131870000CH,GA,187,CH,379,1,374,0,1,0,0,0,3,315,1,311,0,1,0,0,0,2,NA,NA,93024,03420,7,50,2,9,33.5506472288551,27.47392233253739
131870000CR,GA,187,CR,814,7,796,0,5,0,0,0,6,616,2,604,0,5,0,0,0,5,NA,NA,93024,03420,7,50,2,9,65.61015458087219,53.72678145029534
131870000DA,GA,187,DA,4868,309,4226,189,34,30,4,3,73,4111,203,3641,159,31,27,3,2,45,NA,21240,90852,03420,7,50,2,9,437.8625738343597,358.55649113987687
131870000DV,GA,187,DV,1493,24,1386,19,40,10,0,3,11,1131,13,1055,13,31,8,0,2,9,NA,21240,90852,03420,7,50,2,9,120.4628000502702,98.64446399396758
131870000FG,GA,187,FG,681,1,655,2,10,2,0,5,6,502,1,484,1,9,2,0,1,4,NA,NA,93024,03420,7,50,2,9,53.46801558376273,43.78383812994848
131870000MC,GA,187,MC,1086,10,1042,0,17,0,0,0,17,793,5,762,0,13,0,0,0,13,NA,NA,90852,03420,7,50,2,9,84.46242302375268,69.16450923714969
131870000MF,GA,187,MF,2659,166,2422,14,12,11,2,1,31,1879,93,1742,8,8,8,1,1,18,NA,21240,93024,03420,7,50,2,9,200.13227346990072,163.88412718361192
131870000NB,GA,187,NB,1038,18,995,2,15,3,0,0,5,756,9,726,2,13,1,0,0,5,NA,NA,90852,03420,7,50,2,9,80.52155334925223,65.93741359808973
131870000PS,GA,187,PS,906,10,867,2,5,1,2,0,19,692,8,666,2,4,1,1,0,10,NA,NA,93024,03420,7,50,2,9,73.7049139122785,60.35541033052658
131870000SC,GA,187,SC,1276,14,1222,2,6,7,0,0,25,934,10,898,2,5,4,0,0,15,NA,NA,93024,03420,7,50,2,9,99.48033178333543,81.46236018599976
131870000WH,GA,187,WH,1277,33,1160,57,4,6,1,2,14,886,17,823,33,3,2,1,2,5,NA,NA,93024,03420,7,50,2,9,94.36785220560512,77.27585773532738
131870000YA,GA,187,YA,714,7,677,4,9,1,0,2,14,563,4,534,4,6,1,0,2,12,NA,NA,93024,03420,7,50,2,9,59.96512504712831,49.1041849943446
13187XHG-CC,GA,187,XHG-CC,1507,52,1402,3,24,2,1,0,23,1036,33,970,1,15,1,0,0,16,NA,NA,90852,03420,7,50,2,9,110.34435088601231,90.35867789367852
13189000131,GA,189,131,1656,16,493,1120,5,14,0,0,8,1146,13,392,719,5,11,0,0,6,NA,76280,93018,03570,120,24,5,9,147.63682664054846,151.9020568070519
13189000132,GA,189,132,1927,18,1834,52,5,1,2,2,13,1448,10,1384,39,5,1,2,0,7,NA,NA,93018,03570,112,24,5,9,186.5428664707803,191.932092719556
13189000134,GA,189,134,2527,49,812,1647,1,1,0,1,16,1839,22,626,1177,1,1,0,0,12,NA,76280,93018,03570,120,24,5,9,236.91459353574928,243.7590597453477
13189000135,GA,189,135,3584,28,2790,718,6,26,2,0,14,2667,17,2149,466,5,20,2,0,8,NA,76280,93018,03570,120,24,5,9,343.5841332027424,353.5102840352596
13189000136,GA,189,136,3577,45,823,2677,1,5,0,0,26,2429,28,676,1710,0,5,0,0,10,NA,76280,93018,03570,120,24,5,9,312.92308194580477,321.96343454129936
13189000137,GA,189,137,1428,8,1232,180,0,3,0,0,5,1080,6,946,122,0,2,0,0,4,NA,76280,93018,03570,112,24,5,9,139.1341821743389,143.1537708129285
13189000138,GA,189,138,831,17,548,257,4,1,0,0,4,619,10,413,189,4,1,0,0,2,NA,NA,93018,03570,120,24,5,9,79.74449885732942,82.0483186418544
13189000139,GA,189,139,1161,4,796,359,0,1,0,0,1,818,3,583,231,0,1,0,0,0,NA,76280,93018,03570,112,24,5,9,105.38126020241594,108.42572641201437
1318900133A,GA,189,133A,962,43,494,414,1,5,0,0,5,682,21,356,295,1,4,0,0,5,NA,NA,90912,03570,120,24,5,9,87.86065948416585,90.39895527260856
1318900133B,GA,189,133B,3578,56,2973,485,15,11,3,0,35,2587,37,2192,306,14,9,3,0,26,NA,22024,90912,03570,112,24,5,9,333.2778974861247,342.9063010120796
13191000022,GA,191,22,2092,20,1530,506,5,7,0,1,23,1662,13,1263,363,5,6,0,0,12,NA,NA,93078,03600,173,3,3,1,362.4769570297287,195.26288459041933
13191000271,GA,191,271,2639,44,1905,642,24,8,0,1,15,1788,27,1369,364,17,5,0,0,6,NA,21716,90882,03600,173,3,3,1,389.957159548228,210.06620797092043
13191001312,GA,191,1312,130,0,41,85,0,1,0,0,3,102,0,38,60,0,1,0,0,3,NA,NA,90882,03600,173,3,3,1,14.49246469680788,15.317550729797082
13191001480,GA,191,1480,785,1,563,218,1,1,0,0,1,565,1,400,161,1,1,0,0,1,NA,NA,93078,03600,173,3,3,1,123.22471764247695,66.37998182526289
13191001514,GA,191,1514,897,9,510,375,1,0,1,0,1,649,2,377,267,1,0,1,0,1,NA,NA,93078,03600,173,3,3,1,141.5448526548098,76.24886407893028
13191001515,GA,191,1515,2585,14,1132,1394,7,4,0,1,33,1822,6,855,929,6,4,0,0,22,NA,NA,90882,03600,173,3,3,1,397.3724522913151,214.0607555497858
13191001771,GA,191,1771,1719,11,926,751,2,11,2,0,16,1217,6,705,491,1,3,1,0,10,NA,21716,90882,03600,173,3,3,1,265.4238608334415,142.98130598468128
13193000001,GA,193,1,2550,27,1232,1256,1,16,0,3,15,1928,14,1001,891,1,10,0,3,8,NA,40812,91542,03450,140,14,4,3,451.7655835869245,196.64199469912634
13193000002,GA,193,2,3668,172,1373,2060,11,27,0,5,20,2782,119,1092,1524,7,21,0,5,14,NA,57736,92274,03450,140,14,4,3,651.8733680180623,283.74379110631196
13193000003,GA,193,3,2569,79,870,1603,6,3,0,0,8,1799,49,645,1094,6,3,0,0,2,NA,49924,91932,03450,140,14,4,3,421.5385294983803,183.4849317757927
13193000004,GA,193,4,2447,31,823,1560,1,11,0,1,20,1774,20,650,1083,1,9,0,0,11,NA,52304,92052,03450,140,14,4,3,415.68057327967017,180.9351133797978
13193000005,GA,193,5,2840,55,886,1858,7,25,0,0,9,1904,31,623,1226,3,16,0,0,5,NA,52304,92052,03450,140,14,4,3,446.1419456169628,194.19416903897124
13195000COB,GA,195,COB,3610,63,2922,585,7,3,5,4,21,2556,35,2111,385,5,3,1,1,15,NA,17552,90714,03480,24,47,6,9,280.31635558367606,308.34799114204367
13195000COL,GA,195,COL,928,1,890,18,1,13,0,1,4,675,1,646,11,1,12,0,0,4,NA,NA,90756,03480,24,47,6,9,74.02720658019614,81.42992723821575
13195000COM,GA,195,COM,1719,13,1287,396,2,6,0,4,11,1299,7,1003,274,2,5,0,3,5,NA,19084,90756,03480,24,47,6,9,142.46124644099967,156.70737108509965
13195000DAN,GA,195,DAN,3964,78,3739,108,10,7,0,3,19,2929,46,2769,91,6,7,0,0,10,NA,21632,90876,03480,24,47,6,9,321.22324159021406,353.34556574923545
13195000FOR,GA,195,FOR,766,5,595,155,1,4,0,0,6,571,4,452,106,1,3,0,0,5,NA,13212,90756,03480,24,47,6,9,62.621533270062216,68.88368659706843
13195000HAR,GA,195,HAR,873,28,809,11,1,10,0,1,13,682,15,637,8,1,10,0,0,11,NA,67452,90402,03480,24,47,6,9,74.79489612991668,82.27438574290835
13195000HUL,GA,195,HUL,5127,190,4164,711,5,13,1,8,35,3741,128,3094,482,5,10,1,1,20,NA,40532,90714,03480,24,47,6,9,410.2752293577982,451.302752293578
13195000ILA,GA,195,ILA,2396,39,2286,36,3,6,0,1,25,1831,25,1751,29,3,5,0,0,18,NA,40840,91548,03480,24,47,6,9,200.80565221976167,220.88621744173784
13195000MIL,GA,195,MIL,2116,32,2053,20,3,1,0,0,7,1590,17,1552,14,3,1,0,0,3,NA,NA,90402,03480,24,47,6,9,174.3751977222398,191.81271749446375
13195000PAO,GA,195,PAO,281,9,251,18,0,1,0,0,2,192,6,174,11,0,1,0,0,0,NA,NA,90756,03480,24,47,6,9,21.056627649478013,23.162290414425815
13195000PIT,GA,195,PIT,2524,31,2373,64,6,6,0,6,38,1895,13,1801,48,4,4,0,4,21,NA,03440,91548,03480,24,47,6,9,207.824528102921,228.6069809132131
13195000POC,GA,195,POC,1426,18,1344,43,5,0,0,0,16,1005,10,946,33,4,0,0,0,12,NA,40840,91548,03480,24,47,6,9,110.21828535273649,121.24011388801013
13197000034,GA,197,034,560,10,282,265,1,0,0,0,2,432,4,218,208,1,0,0,0,1,NA,NA,90462,03540,159,16,4,3,90.21449501855831,51.39441297128345
13197000339,GA,197,339,1250,18,1160,40,10,1,1,0,20,887,10,833,22,10,1,1,0,10,NA,NA,92196,03540,159,16,4,3,185.23207657745652,105.52510255909357
13197000539,GA,197,539,289,1,184,98,1,0,0,0,5,211,1,142,64,1,0,0,0,3,NA,NA,90462,03540,159,16,4,3,44.063098261379174,25.10236374291854
13197000807,GA,197,807,2908,346,746,1784,3,1,0,7,21,2033,254,580,1178,3,1,0,4,13,NA,11728,90462,03540,159,16,4,3,424.5510841961321,241.8630591912483
13197000808,GA,197,808,435,7,327,88,0,5,0,4,4,322,4,252,59,0,5,0,0,2,NA,NA,92196,03540,159,16,4,3,67.24321156475875,38.307872631373314
13197000948,GA,197,948,605,6,528,67,1,0,0,0,3,455,4,401,48,1,0,0,0,1,NA,NA,92196,03540,159,16,4,3,95.01758155889823,54.130689587810124
13197000955,GA,197,955,1097,25,955,68,6,0,6,7,30,779,17,702,34,5,0,3,3,15,NA,NA,92196,03540,159,16,4,3,162.67845282281695,92.67649931627271
13199000001,GA,199,01,794,13,704,56,0,5,9,0,7,580,13,522,33,0,5,3,0,4,NA,49532,91908,03630,131,29,7,11,106.13691340106433,68.50145137880986
13199000002,GA,199,02,2392,19,1915,411,11,19,0,0,17,1754,13,1479,234,6,14,0,0,8,NA,49532,91908,03630,131,29,7,11,320.9726656990808,207.1578374455733
13199000003,GA,199,03,2094,10,579,1490,2,8,0,2,3,1471,6,455,998,2,7,0,1,2,NA,49532,91908,03630,131,29,7,11,269.18517174649253,173.7338534107402
13199000004,GA,199,04,380,19,185,171,2,0,0,0,3,313,15,162,135,1,0,0,0,0,NA,NA,91368,03630,131,29,7,11,57.2773343009192,36.9671625544267
13199000005,GA,199,05,2952,13,1195,1724,5,2,2,1,10,2164,9,936,1207,3,1,1,0,7,NA,35016,91368,03630,131,29,7,11,396.0004837929366,255.58127721335268
13199000006,GA,199,06,1521,21,682,800,7,0,0,2,9,1080,16,512,540,6,0,0,0,6,NA,47252,91854,03630,131,29,7,11,197.63425253991292,127.5544267053701
13199000007,GA,199,07,3492,39,2024,1376,16,1,0,8,28,2481,23,1507,921,9,0,0,3,18,NA,48008,91854,03630,131,29,7,11,454.00979680696656,293.02086357039184
13199000008,GA,199,08,1747,11,903,821,4,0,0,0,8,1249,10,682,547,3,0,0,0,7,NA,36528,91266,03630,131,29,7,11,228.56035316884373,147.51433236574746
13199000009,GA,199,09,536,0,322,209,0,0,0,1,4,403,0,246,157,0,0,0,0,0,NA,32384,91266,03630,131,29,7,11,73.74685534591195,47.59669811320755
13199000010,GA,199,10,2430,21,1087,1302,0,1,0,0,19,1802,14,878,892,0,1,0,0,17,NA,83896,93414,03630,131,29,7,11,329.7564102564103,212.82692307692307
13199000011,GA,199,11,2129,18,1485,590,10,11,0,1,14,1674,10,1198,436,9,11,0,1,9,NA,80480,93246,03630,131,29,7,11,306.333091436865,197.70936139332366
13199000012,GA,199,12,1062,6,613,418,0,0,0,0,25,786,4,470,291,0,0,0,0,21,NA,61124,93246,03630,131,29,7,11,143.83381712626996,92.83127721335269
13199000013,GA,199,13,686,1,581,89,10,4,0,0,1,520,1,453,56,6,3,0,0,1,NA,NA,91908,03630,131,29,7,11,95.15723270440252,61.41509433962264
13199000014,GA,199,14,319,0,304,10,4,1,0,0,0,259,0,247,10,2,0,0,0,0,NA,NA,91908,03630,131,29,7,11,47.395621673923564,30.5894412191582
13201000001,GA,201,1,6383,44,4456,1845,11,2,5,0,20,4705,26,3465,1186,10,2,2,0,14,NA,18000,90744,03660,161,11,4,2,626,778
132050000BA,GA,205,BA,1815,45,913,837,8,0,2,0,10,1271,31,688,537,8,0,2,0,5,NA,04840,90186,03690,164,11,4,2,188.25298988040478,124.0891214351426
132050000CN,GA,205,CN,3284,34,476,2754,1,3,1,1,14,2181,20,370,1776,1,1,1,0,12,NA,12624,90522,03690,164,11,4,2,323.0367985280589,212.93341766329348
132050000CS,GA,205,CS,6994,164,3205,3548,7,30,2,3,35,5486,103,2624,2714,6,20,2,1,16,NA,12624,90522,03690,164,11,4,2,812.5538178472862,535.6041858325667
132050000CT,GA,205,CT,576,48,510,16,2,0,0,0,0,447,24,411,10,2,0,0,0,0,NA,59976,92340,03690,164,11,4,2,66.20699172033119,43.641099356025755
132050000FC,GA,205,FC,1031,15,721,284,3,1,0,0,7,748,7,554,184,1,1,0,0,1,NA,NA,90366,03690,164,11,4,2,110.78932842686292,73.0280588776449
132050000HI,GA,205,HI,250,6,213,25,0,0,0,0,6,178,5,150,18,0,0,0,0,5,NA,NA,92664,03690,164,11,4,2,26.364305427782888,17.378334866605336
132050000PC,GA,205,PC,277,24,205,47,0,0,0,0,1,218,18,166,33,0,0,0,0,1,NA,68096,92664,03690,164,11,4,2,32.28886844526219,21.283578656853727
132050000PE,GA,205,PE,6617,101,3039,3402,8,21,2,4,40,4571,58,2340,2121,8,15,2,0,27,NA,59976,92340,04080,164,11,4,2,677.0294388224471,446.2717341306348
132050000PK,GA,205,PK,573,21,409,136,0,3,0,0,4,438,10,315,109,0,2,0,0,2,NA,NA,90366,03690,164,11,4,2,64.87396504139835,42.762419503219874
132050000RF,GA,205,RF,1953,30,1552,323,11,3,1,0,33,1437,17,1148,236,11,3,1,0,21,NA,63084,90186,03690,164,11,4,2,212.8399264029439,140.29588316467343
132050000SC,GA,205,SC,562,3,503,51,1,0,0,0,4,417,1,371,41,1,0,0,0,3,NA,68096,92664,03690,164,11,4,2,61.76356945722171,40.71216651333947
13207000001,GA,207,01,2480,23,2144,280,2,14,1,0,16,1810,22,1577,190,2,8,1,0,10,NA,NA,90822,03720,110,27,1,3,259.6995761655447,193.59012715033657
13207000002,GA,207,02,826,11,768,33,4,1,1,0,8,608,4,570,27,1,0,1,0,5,NA,NA,90822,03720,110,27,1,3,87.23610072301172,65.02916978309648
13207000003,GA,207,03,1825,7,1667,130,2,2,0,0,17,1358,7,1238,103,2,2,0,0,6,NA,NA,90822,03720,110,27,1,3,194.8464223385689,145.2460732984293
13207000004,GA,207,04,798,11,574,202,1,1,1,2,6,574,5,426,137,1,1,1,0,3,NA,NA,91206,03720,110,27,1,3,82.35776614310646,61.39267015706806
13207000005,GA,207,05,774,4,589,156,5,8,0,0,12,555,3,421,120,2,3,0,0,6,NA,NA,90822,03720,110,27,1,3,79.63163799551234,59.3605086013463
13207000006,GA,207,06,563,8,323,231,1,0,0,0,0,434,6,244,183,1,0,0,0,0,NA,20848,90822,03720,110,27,1,3,62.27050610820244,46.41884816753927
13207000007,GA,207,07,1045,10,929,93,3,1,0,0,9,764,9,688,57,2,0,0,0,8,NA,30732,91206,03720,110,27,1,3,109.6190476190476,81.71428571428571
13207000008,GA,207,08,1552,25,1245,261,7,2,0,3,9,1160,18,944,185,7,2,0,0,4,NA,30732,91206,03720,110,27,1,3,166.43729743206183,124.06881077038145
13207000009,GA,207,09,6563,104,2854,3515,9,35,3,1,42,4881,70,2201,2543,9,28,2,0,28,NA,30732,91206,03720,110,27,1,3,700.3279730740463,522.0516080777861
13207000010,GA,207,10,1691,45,1543,64,14,8,0,0,17,1268,22,1170,43,12,8,0,0,13,NA,NA,91206,03720,110,27,1,3,181.93318374470206,135.6200448765894
13207000011,GA,207,11,883,6,383,491,1,0,0,0,2,664,5,276,381,1,0,0,0,1,NA,NA,90822,03720,110,27,1,3,95.27100473697332,71.018698578908
13207000012,GA,207,12,1391,8,1187,177,9,0,0,0,10,1032,5,883,129,7,0,0,0,8,NA,NA,91206,03720,110,27,1,3,148.07180254300675,110.37845923709799
13207000013,GA,207,13,949,19,634,279,8,2,0,0,7,641,12,425,194,5,2,0,0,3,NA,NA,91206,03720,110,27,1,3,91.97095487409622,68.55871353777113
13207000014,GA,207,14,417,0,310,103,1,0,0,0,3,295,0,225,68,1,0,0,0,1,NA,NA,90822,03720,110,27,1,3,42.32672650211917,31.551982049364245
13209000001,GA,209,01,582,14,401,157,1,2,1,0,6,422,6,290,120,1,2,1,0,2,NA,00828,92106,03750,155,6,1,3,65.9651556702694,52.00967898048072
13209000002,GA,209,02,576,3,526,46,0,0,0,0,1,440,3,399,38,0,0,0,0,0,NA,01808,93162,03750,155,6,1,3,68.77883529601549,54.22810130666236
13209000003,GA,209,03,1458,34,1099,313,1,1,0,2,8,1050,21,812,210,1,1,0,0,5,NA,38348,92106,03750,155,6,1,3,164.13131150185512,129.40796902726245
13209000004,GA,209,04,683,2,653,25,0,0,0,0,3,523,2,499,19,0,0,0,0,3,NA,NA,92964,03750,155,6,1,3,81.75302468140023,64.45749314405549
13209000005,GA,209,05,2481,69,1478,913,1,13,1,1,5,1823,45,1130,629,1,11,1,1,5,NA,53508,92106,03750,155,6,1,3,284.9632198741732,224.6768833682852
13209000006,GA,209,06,395,16,333,39,1,0,0,0,6,302,9,261,27,1,0,0,0,4,NA,75496,92964,03750,155,6,1,3,47.20729149862881,37.22019680593644
13209000007,GA,209,07,2095,133,1194,758,2,0,0,0,8,1639,76,934,621,2,0,0,0,6,NA,78744,93162,03750,155,6,1,3,256.2011614776577,201.9996773673173
13211000001,GA,211,01,2572,58,1009,1461,6,9,0,0,29,1865,45,764,1024,3,7,0,0,22,NA,49196,91902,03780,91,25,6,9,297.2235926350101,249.90441370804334
13211000002,GA,211,02,2241,39,1848,332,5,0,0,8,9,1681,26,1406,236,5,0,0,2,6,NA,11672,90456,03780,91,25,6,9,267.89965641793674,225.248964848912
13211000003,GA,211,03,1019,11,750,234,1,5,0,1,17,760,7,557,181,1,5,0,1,8,NA,49196,90456,03780,91,25,6,9,121.12060611399876,101.83772354858601
13211000004,GA,211,04,1665,22,1358,249,0,28,0,0,8,1293,13,1077,184,0,16,0,0,3,NA,49196,91902,03780,91,25,6,9,206.06439961236896,173.25812703726544
13211000005,GA,211,05,829,47,658,109,1,0,0,0,14,582,23,469,80,1,0,0,0,9,NA,NA,91314,03780,91,25,6,9,92.75288520835169,77.98625671746983
13211000006,GA,211,06,840,22,772,44,1,0,0,0,1,604,14,561,27,1,0,0,0,1,NA,49196,91902,03780,91,25,6,9,96.2590080169148,80.93419082019206
13211000007,GA,211,07,2395,15,1844,523,0,6,1,0,6,1733,11,1356,357,0,4,1,0,4,NA,67760,92640,03780,91,25,6,9,276.1868557836314,232.21680909171
13211000008,GA,211,08,2081,17,1570,472,5,3,0,0,14,1541,11,1192,322,4,2,0,0,10,NA,09488,90336,03780,91,25,6,9,245.58796581798958,206.48938419522506
13211000009,GA,211,09,796,7,597,172,1,0,0,0,19,587,5,454,112,1,0,0,0,15,NA,NA,90336,03780,91,25,6,9,93.54973130120695,78.65624174081579
13211000010,GA,211,10,1019,10,213,789,1,0,0,3,3,705,4,160,538,1,0,0,1,1,NA,49196,91902,03780,91,25,6,9,112.35529909259097,94.46788829178047
13213000824,GA,213,824,8705,448,8049,61,22,31,1,1,92,6568,294,6139,41,13,24,1,0,56,NA,15508,90618,03840,6,54,2,10,494.93483385293894,475.20736065698424
13213000872,GA,213,872,3521,68,3420,3,11,4,0,0,15,2535,40,2476,0,8,2,0,0,9,NA,15508,90618,03840,6,54,2,10,191.0261577066383,183.4120979393202
13213000874,GA,213,874,3585,42,3494,9,9,2,0,0,29,2604,22,2545,9,4,2,0,0,22,NA,NA,90666,03840,6,54,2,10,196.22568625960005,188.40437989506503
13213001013,GA,213,1013,4057,261,3736,22,9,18,0,0,11,2931,174,2719,14,5,12,0,0,7,NA,27932,90810,03840,6,54,2,10,220.86693027146225,212.06345525055127
13213001039,GA,213,1039,3943,285,3597,32,7,4,0,1,17,2749,164,2551,22,4,4,0,0,4,NA,NA,90810,03840,6,54,2,10,207.15223176944718,198.89540719336932
13213001291,GA,213,1291,6040,255,5687,21,25,9,2,0,41,4214,142,4004,16,15,9,1,0,27,NA,NA,90576,03840,6,54,2,10,317.54801916204093,304.89095886244394
13213001895,GA,213,1895,6655,647,5907,43,11,21,1,1,24,4701,387,4258,25,4,12,1,0,14,NA,15508,90618,03840,6,54,2,10,354.24614097787236,340.12634020226596
13215000001,GA,215,01,3923,101,2211,1562,6,20,0,1,22,3008,71,1868,1035,5,19,0,0,10,NA,19007,90750,03870,135,16,7,2,468.60609440233617,336.2257555635451
13215000002,GA,215,02,4288,46,165,4035,3,9,0,8,22,3256,32,143,3053,3,7,0,3,15,NA,19007,90750,03870,136,15,7,2,507.2411713344437,363.9464960488374
13215000003,GA,215,03,4110,128,649,3217,9,30,7,9,61,2966,91,550,2248,9,27,4,3,34,NA,19007,90750,03870,136,15,7,2,462.0630571799632,331.53111402974565
13215000004,GA,215,04,2848,64,40,2714,1,7,1,1,20,2178,37,32,2090,1,6,0,1,11,NA,19007,90750,03870,136,15,7,2,339.3032159602022,243.45069668131688
13215000005,GA,215,05,3627,108,831,2545,12,56,8,9,58,2661,73,704,1785,5,50,7,7,30,NA,19007,90750,03870,133,15,7,11,414.5481440174923,297.4390743200112
13215000006,GA,215,06,4267,161,3462,437,14,135,5,2,51,3215,102,2677,291,12,102,5,0,26,NA,19007,90750,03870,132,16,7,8,500.8539207126033,359.36363169441404
13215000007,GA,215,07,3366,87,2938,245,11,44,2,4,35,2569,53,2280,179,7,31,2,2,15,NA,19007,90750,03870,132,16,7,8,400.2157767684846,287.15557381740274
13215000008,GA,215,08,4554,125,3802,448,20,102,4,7,46,3368,81,2866,300,16,71,4,3,27,NA,19007,90750,03870,132,16,7,8,524.6892705941052,376.4655401389694
13215000009,GA,215,09,3876,203,2974,636,4,22,3,4,30,2999,157,2327,467,2,19,3,1,23,NA,19007,90750,03870,132,16,7,11,467.204014997542,335.2197609491595
13215000010,GA,215,10,4268,121,3630,335,8,119,3,1,51,3060,73,2637,235,6,86,3,0,20,NA,19007,90750,03870,132,16,7,8,476.70699763003614,342.03816889110635
13215000011,GA,215,11,2934,72,2574,140,10,112,5,3,18,2277,42,2028,104,7,82,4,1,9,NA,19007,90750,03870,132,16,7,11,354.7260894129387,254.5166374395586
13215000012,GA,215,12,4753,201,951,3425,6,50,12,11,97,3232,124,746,2261,4,44,9,2,42,NA,19007,90750,03870,134,15,7,2,503.50229292165915,361.2638437438091
13215000013,GA,215,13,5506,241,401,4782,14,13,2,6,47,3638,180,331,3073,10,12,2,0,30,NA,19007,90750,03870,134,15,7,2,566.7516527379319,406.6453785705376
13215000014,GA,215,14,3257,175,598,2379,2,30,5,12,56,2224,118,493,1547,2,27,1,7,29,NA,19007,90750,03870,134,15,7,2,346.469399584706,248.59244693262113
13215000015,GA,215,15,2952,285,807,1694,5,108,4,1,48,2064,222,658,1063,5,88,1,0,27,NA,19007,90750,03870,134,15,7,2,321.5435434994754,230.70809823243255
13215000017,GA,215,17,4120,87,375,3590,3,26,1,5,33,2992,62,317,2570,1,22,1,1,18,NA,19007,90750,03870,133,15,7,11,466.1135087938132,334.43732069352626
13215000018,GA,215,18,2633,120,957,1424,5,52,5,17,53,1819,83,785,868,3,44,5,6,25,NA,19007,90750,03870,133,15,7,11,283.37582636896593,203.3226892852688
13215000019,GA,215,19,3650,120,287,3152,11,22,3,13,42,2533,95,224,2169,5,19,2,1,18,NA,19007,90750,03870,133,15,7,11,394.6074591493078,283.13159535986034
13215000020,GA,215,20,5435,73,723,4568,4,13,0,10,44,4162,50,679,3397,4,13,0,2,17,NA,19007,90750,03870,133,15,7,11,648.3838314170623,465.21662056365517
13215000021,GA,215,21,5103,280,1882,2750,18,64,21,9,79,3624,175,1581,1746,15,56,13,3,35,NA,19007,90750,03870,136,15,7,11,564.5706403304742,405.0804980592711
13215000022,GA,215,22,2406,97,1518,702,9,20,2,9,49,1808,63,1215,477,9,17,1,2,24,NA,19007,90750,03870,133,16,7,11,281.66217376310635,202.09314031213086
13215000023,GA,215,23,3573,97,2886,408,12,110,1,7,52,2687,68,2220,284,5,77,1,1,31,NA,19007,90750,03870,135,16,7,8,418.5985956313423,300.34528098379184
13215000024,GA,215,24,4144,205,2971,780,19,93,2,6,68,3352,133,2455,614,15,84,1,2,48,NA,19007,90750,03870,135,16,7,8,522.1966849855821,374.6771052689506
13215000025,GA,215,25,3276,56,3061,118,3,15,0,0,23,2532,39,2379,88,2,11,0,0,13,NA,19007,90750,03870,135,16,7,2,394.45167254877504,283.01981818048415
13215000026,GA,215,26,3888,168,3013,541,10,97,0,4,55,2903,109,2274,390,10,74,0,3,43,NA,19007,90750,03870,132,16,7,8,452.2485013464036,324.4891517290464
13215000027,GA,215,27,6331,238,5038,753,24,180,9,14,75,4420,150,3575,501,15,129,9,4,37,NA,19007,90750,03870,102,16,7,8,688.5767743544967,494.05513284270927
13215000028,GA,215,28,6277,334,4184,1351,17,218,12,22,139,4915,238,3426,962,15,168,10,9,87,NA,19007,90750,03870,135,16,7,8,765.6911416181791,549.3848366339176
13215000029,GA,215,29,2600,29,2151,350,3,39,1,3,24,1880,19,1553,260,1,27,1,3,16,NA,19007,90750,03870,133,16,7,8,292.8788090014601,210.1410972272157
13215000030,GA,215,30,3245,84,2412,498,15,171,3,3,59,2339,59,1800,319,11,129,2,1,18,NA,19007,90750,03870,102,16,7,8,364.38485864596555,261.4468225608817
13215000031,GA,215,31,6768,674,554,5446,13,12,1,7,61,4496,514,443,3491,8,8,1,3,28,NA,19007,90750,03870,136,15,7,2,700.4165559949813,502.5501984752988
13215000032,GA,215,32,3786,42,860,2829,5,5,1,6,38,2881,35,820,1983,5,5,1,2,30,NA,19007,90750,03870,136,15,7,2,448.8211961346843,322.03005378277044
13215000033,GA,215,33,4020,78,805,3067,24,11,0,4,31,2685,42,677,1930,18,10,0,0,8,NA,19007,90750,03870,135,16,7,2,418.28702243027686,300.12172662503946
13215000034,GA,215,34,4230,81,2922,1133,26,6,2,5,55,2962,58,2242,604,20,5,2,0,31,NA,19007,90750,03870,132,16,7,11,461.4399107778324,331.0840053122409
13215000035,GA,215,35,5016,100,3625,1131,42,30,6,1,81,3982,73,2998,808,28,21,2,0,52,NA,19007,90750,03870,135,16,7,2,620.3422433211778,445.096728275943
13215000036,GA,215,36,2715,94,2208,350,9,26,3,1,24,2176,61,1831,246,4,21,1,0,12,NA,19007,90750,03870,132,16,7,2,338.9916427591369,243.22714232256456
13215000037,GA,215,37,2062,154,1571,273,7,37,0,2,18,1602,97,1253,209,5,31,0,0,7,NA,19007,90750,03870,132,16,7,11,249.57013405337187,179.06704136063806
13215000038,GA,215,38,2277,70,1831,324,10,13,0,2,27,1906,58,1573,239,8,10,0,0,18,NA,19007,90750,03870,135,16,7,2,296.9292606153101,213.04730389099635
13215000039,GA,215,39,2077,69,1505,468,4,11,1,1,18,1656,45,1257,326,4,9,1,0,14,NA,19007,90750,03870,135,16,7,2,257.98261048213726,185.1030090469517
13215000040,GA,215,40,4534,313,1859,2061,19,155,21,7,99,3254,228,1549,1255,11,139,10,6,56,NA,19007,90750,03870,136,15,7,2,506.9295981333783,363.722941690085
13215000041,GA,215,41,2095,92,1419,521,8,23,0,3,29,1576,57,1125,351,7,22,0,2,12,NA,19007,90750,03870,136,16,7,2,245.5196824395219,176.16083469685742
13215000042,GA,215,42,2035,68,262,1647,3,19,2,8,26,1346,33,239,1040,3,14,2,1,14,NA,19007,90750,03870,134,15,7,2,209.68876431700284,150.45208344033634
13215000043,GA,215,43,3258,98,2788,276,13,39,5,5,34,2519,60,2210,183,11,29,5,2,19,NA,19007,90750,03870,132,16,7,8,392.42644674185004,281.5667148485938
13215000044,GA,215,44,1930,76,1451,261,11,115,1,0,15,1411,43,1076,192,9,82,1,0,8,NA,19007,90750,03870,135,16,7,8,219.8148933516278,157.71760009978794
13215000046,GA,215,46,2077,36,1900,84,13,20,2,1,21,1454,25,1325,63,10,16,2,0,13,NA,19007,90750,03870,132,16,7,8,226.51371717453353,162.52401881296362
13215000047,GA,215,47,5190,327,1090,3602,16,43,14,18,80,3328,223,869,2131,12,36,10,7,40,NA,19007,90750,03870,133,15,7,11,518.4578065727975,371.99445296392224
13215FTBEN1,GA,215,FTBEN1,4753,606,3148,670,59,123,34,2,111,4557,577,3001,659,56,121,34,2,107,NA,19007,90750,00002,133,16,7,2,709.9195386274755,509.36860641724576
13215FTBEN2,GA,215,FTBEN2,2591,399,1158,861,24,27,13,3,106,1386,201,661,465,13,19,6,0,21,NA,19007,90750,00002,134,16,7,2,215.9202283383105,154.9231706153835
13215FTBEN3,GA,215,FTBEN3,3578,645,1523,1218,15,48,12,5,112,2223,374,1001,756,10,35,11,1,35,NA,19007,90750,00002,134,16,7,2,346.31361298417335,248.48066975324494
13215FTBEN4,GA,215,FTBEN4,579,74,280,174,8,11,2,2,28,342,46,173,100,3,8,1,1,10,NA,19007,90750,00002,134,16,7,2,53.27901738218051,38.22779534665307
13215X16-45,GA,215,X16-45,5510,170,418,4745,11,38,8,13,107,3866,123,364,3288,8,29,4,2,48,NA,19007,90750,03870,134,15,7,2,602.2709976593856,432.1305754683063
13215ZZZZZZ,GA,215,ZZZZZZ,0,0,0,0,0,0,0,0,0,0,0,0,0,0,0,0,0,0,NA,19007,90750,00002,133,16,7,11,0,0
13217000001,GA,217,01,3473,129,1144,2068,8,82,2,2,38,2481,98,953,1317,8,79,2,2,22,NA,20064,90804,03930,92,45,6,13,227.82887342788334,225.17326732673268
13217000002,GA,217,02,5065,92,1679,3224,6,14,1,6,43,3682,62,1332,2248,5,11,1,1,22,NA,20064,90804,03930,92,45,6,13,338.1160467398091,334.17491749174917
13217000003,GA,217,03,6173,129,4202,1620,27,102,2,14,77,4328,79,3118,998,18,77,2,2,34,NA,19336,90804,03930,92,45,6,13,397.4378735170814,392.80528052805283
13217000004,GA,217,04,3317,80,2747,447,3,17,2,5,16,2576,58,2195,296,3,12,2,3,7,NA,20064,90804,03930,92,45,6,13,236.55267148336455,233.79537953795378
13217000005,GA,217,05,3414,71,2296,965,4,30,0,1,47,2353,43,1733,536,3,21,0,1,16,NA,20064,90804,03930,92,45,6,13,216.07470341628758,213.55610561056105
13217000006,GA,217,06,2768,33,2568,145,6,2,0,0,14,2018,26,1881,96,6,2,0,0,7,NA,NA,93456,03930,91,17,6,8,185.3118365890643,183.15181518151815
13217000007,GA,217,07,4660,40,4225,326,4,48,0,1,16,3341,23,3048,230,4,28,0,0,8,NA,71660,91920,03930,91,45,6,9,306.8022031932923,303.22607260726073
13217000008,GA,217,08,3082,86,2533,366,19,29,0,7,42,2258,50,1911,248,10,17,0,4,18,NA,62244,90804,03930,92,45,6,13,207.35090536080637,204.93399339933993
13217000009,GA,217,09,2612,22,1495,1055,2,12,1,0,25,1880,17,1087,752,2,9,1,0,12,NA,20064,90804,03930,92,45,6,13,172.63937204531263,170.62706270627064
13217000010,GA,217,10,4285,89,3698,452,5,8,0,3,30,3064,54,2666,317,3,6,0,0,18,NA,NA,90804,03930,92,17,6,8,281.3654446525734,278.0858085808581
13217000011,GA,217,11,686,6,64,609,0,0,1,3,3,481,3,48,423,0,0,1,3,3,NA,20064,90804,03930,92,45,6,13,44.16996699669967,43.65511551155115
13217000012,GA,217,12,3096,41,2874,133,6,25,0,2,15,2319,30,2173,92,5,11,0,1,7,NA,19336,90804,03930,92,45,6,9,212.95250200695747,210.47029702970298
13217000013,GA,217,13,2319,73,1894,316,0,20,0,1,15,1699,37,1423,216,0,13,0,0,10,NA,62244,90804,03930,92,17,6,8,156.01824101329052,154.1996699669967
13217000014,GA,217,14,2104,35,1737,311,3,3,0,2,13,1487,19,1235,218,3,1,0,0,11,NA,NA,93456,03930,92,17,6,9,136.55039693158506,134.95874587458746
13217000015,GA,217,15,1396,12,1212,158,2,5,0,1,6,1056,6,904,137,2,3,0,0,4,NA,49616,91920,03930,91,17,6,9,96.97190259566497,95.84158415841584
13217000016,GA,217,16,855,16,674,153,4,0,0,0,8,618,9,492,111,3,0,0,0,3,NA,54656,91920,03930,91,17,6,9,56.75060208723575,56.089108910891085
13217000017,GA,217,17,2432,9,2190,197,6,3,0,14,13,1871,7,1702,142,6,3,0,6,5,NA,58744,90804,03930,92,45,6,13,171.8129069663723,169.8102310231023
13217000018,GA,217,18,1572,42,1403,101,12,3,0,0,11,1118,23,1008,69,9,2,0,0,7,NA,NA,93456,03930,92,17,6,8,102.66532869503166,101.46864686468648
13217000019,GA,217,19,4750,96,3885,694,11,18,0,8,38,3314,64,2764,443,10,14,0,3,16,NA,NA,90804,03930,92,17,6,8,304.3228079564713,300.77557755775575
13217000020,GA,217,20,3942,56,3487,350,3,23,0,0,23,2900,33,2601,233,3,20,0,0,10,NA,NA,90804,03930,92,17,6,8,266.3054143252163,263.20132013201317
13219000001,GA,219,1,4178,69,3772,254,2,49,10,1,21,2923,52,2643,183,2,32,4,1,6,NA,80788,93282,03960,91,46,6,9,329.9439707007762,407.9162020334536
13219000002,GA,219,2,1617,12,1554,19,4,10,0,0,18,1100,8,1063,13,3,6,0,0,7,NA,03440,93282,03960,91,46,6,9,124.16639335301191,153.50934732699244
13219000003,GA,219,3,1326,26,1217,68,1,2,0,0,12,979,16,901,56,1,1,0,0,4,NA,NA,91050,03960,91,46,6,9,110.50809008418061,136.6233191210233
13219000004,GA,219,4,805,0,689,113,0,0,0,0,3,559,0,468,89,0,0,0,0,2,NA,NA,93282,03960,91,46,6,9,63.099103531212414,78.01065923253525
13219000005,GA,219,5,953,18,802,118,1,8,0,0,6,670,10,553,99,1,5,0,0,2,NA,08200,93282,03960,91,46,6,9,75.62862140592543,93.50114791734994
13219000006,GA,219,6,1070,43,983,23,2,11,0,0,8,734,22,683,17,1,7,0,0,4,NA,56308,93282,03960,91,46,6,9,82.85284792828249,102.4326008527386
13219000007,GA,219,7,1862,28,1729,56,0,32,0,0,17,1293,20,1208,36,0,18,0,0,11,NA,56308,93282,03960,91,46,6,9,145.95195145949492,180.44326008527386
13219000008,GA,219,8,1452,21,1376,36,2,9,0,2,6,1020,10,972,24,1,6,0,2,5,NA,NA,90324,03960,91,46,6,9,115.1361102000656,142.34503115775664
13219000009,GA,219,9,2688,44,2528,57,5,23,1,0,30,1945,26,1834,43,4,15,1,0,22,NA,09068,90324,03960,91,46,6,9,219.54875915600743,271.43243686454576
13219000010,GA,219,10,2695,31,2485,66,7,84,0,2,20,1921,20,1778,52,5,54,0,2,10,NA,03440,90324,03960,91,46,6,9,216.83967421012355,268.08314201377505
13219000011,GA,219,11,3763,75,3427,172,6,55,0,8,20,2662,46,2446,111,5,38,0,6,10,NA,80788,93282,03960,91,46,6,9,300.4826719142888,371.49262053132173
13219000012,GA,219,12,3816,466,2550,671,10,90,0,1,28,2488,290,1710,408,6,64,0,0,10,NA,80788,93282,03960,91,46,6,9,280.84180605663056,347.21023286323384
132210000BV,GA,221,BV,2197,32,2049,88,6,3,1,1,17,1621,21,1520,62,6,2,1,1,8,NA,03440,91734,03990,111,24,5,9,232.50986456222674,216.26010451103764
132210000CR,GA,221,CR,2450,24,1813,583,2,5,0,1,22,1814,12,1374,413,2,5,0,1,7,NA,20288,91734,03990,111,24,5,9,260.1930254878959,242.00853151327715
132210000FC,GA,221,FC,993,34,679,265,4,5,0,1,5,709,23,503,178,2,3,0,0,0,NA,50260,91938,03990,111,24,5,12,101.69617148341686,94.58878106004052
132210000GC,GA,221,GC,461,5,295,156,4,0,0,1,0,350,5,228,112,4,0,0,1,0,NA,NA,93186,03990,111,24,5,9,50.20262344033273,46.69403860509758
132210000GL,GA,221,GL,512,13,291,201,1,0,0,1,5,382,9,222,147,1,0,0,0,3,NA,NA,93186,03990,111,24,5,9,54.79257758344886,50.96320784899221
132210000GS,GA,221,GS,690,9,474,196,0,6,0,1,4,544,9,374,153,0,5,0,0,3,NA,NA,93186,03990,111,24,5,9,78.0292204329743,72.57587714620881
132210000LX,GA,221,LX,2868,30,2120,680,3,4,2,3,26,2139,21,1622,476,3,4,1,0,12,NA,46188,91734,03990,111,24,5,9,306.80974725391917,285.36728164658206
132210000PH,GA,221,PH,1232,13,1110,83,1,6,1,0,18,876,6,803,53,1,5,1,0,7,NA,19084,91734,03990,111,24,5,9,125.64999466780421,116.86850805161566
132210000WF,GA,221,WF,805,9,761,28,0,1,1,0,5,617,7,584,19,0,1,1,0,5,NA,03440,91734,03990,111,24,5,12,88.50005332195798,82.31491948384344
132210000WS,GA,221,WS,427,5,225,196,1,0,0,0,0,325,2,171,151,1,0,0,0,0,NA,NA,91938,03990,111,24,5,12,46.61672176602325,43.358750133304895
13223000001,GA,223,01,6784,102,6094,427,11,21,4,4,121,4674,57,4273,254,9,19,3,2,57,NA,21324,90858,04020,26,31,11,7,291.34564214915457,342.95874485414936
13223000002,GA,223,02,5560,101,4880,465,11,32,1,4,66,3938,53,3535,300,9,17,1,0,23,NA,21324,90858,04020,26,31,11,7,245.4683651654623,288.9541157970989
13223000003,GA,223,03,6423,85,5956,222,17,46,0,2,95,4506,60,4192,141,14,42,0,0,57,NA,21324,91536,04020,26,31,11,7,280.8736550115726,330.63160126504
13223000004,GA,223,04,5291,107,4870,239,8,23,0,5,39,3684,69,3408,163,7,16,0,3,18,NA,39076,90858,04020,26,31,11,7,229.63571794554673,270.3166487040407
13223000005,GA,223,05,2046,28,1742,244,2,1,1,1,27,1502,17,1287,177,2,1,1,1,16,NA,39076,91494,04020,26,31,11,7,93.62455167052421,110.21053375501333
13223000006,GA,223,06,7707,115,6992,489,19,23,0,4,65,5233,75,4780,312,14,17,0,0,35,NA,39076,91494,04020,26,31,11,7,326.189932684323,383.97584762981677
13223000007,GA,223,07,6842,144,5842,777,16,18,5,2,38,4580,87,3942,501,14,11,3,1,21,NA,NA,91494,04020,26,31,11,7,285.4863160126504,336.06141451262386
13223000008,GA,223,08,2750,14,2522,173,11,2,0,12,16,2054,6,1886,136,10,2,0,5,9,NA,NA,93462,04020,18,31,11,7,128.03250940829344,150.7140055478012
13223000009,GA,223,09,2308,26,2036,227,4,3,0,2,10,1674,15,1486,160,4,3,0,0,6,NA,10104,93462,04020,18,31,11,7,104.34587183519145,122.83118076291102
13223000010,GA,223,10,4043,88,3802,104,7,6,1,4,31,2793,53,2656,58,5,5,1,2,13,NA,10104,91536,04020,18,31,11,7,174.0967861622997,204.93876216894293
13223000011,GA,223,11,4947,81,4648,159,4,21,4,2,28,3463,55,3268,106,3,16,3,1,11,NA,NA,91536,04020,26,31,11,7,215.8600681990848,254.10058481598617
13223000012,GA,223,12,6404,106,5873,306,20,38,0,1,60,4399,68,4062,195,12,25,0,1,36,NA,39076,90858,04020,26,31,11,7,274.2039965370413,322.7803848124525
13223000013,GA,223,13,1070,5,1042,9,1,2,0,2,9,840,3,820,7,1,2,0,0,7,NA,21324,90858,04020,18,31,11,7,52.35993568790968,61.635717945546745
13223000014,GA,223,14,4417,68,4084,201,16,9,1,8,30,3051,39,2848,126,8,7,1,2,20,NA,39076,91494,04020,26,31,11,7,190.17876640930052,223.8697326807894
13223000015,GA,223,15,7054,174,5611,1075,38,59,3,17,77,4778,100,3883,685,20,42,3,2,43,NA,NA,91494,04020,26,31,11,7,297.82830085337196,350.5898337426456
13223000016,GA,223,16,7259,147,6434,517,25,19,2,14,101,4876,85,4391,312,16,14,2,3,53,NA,39076,91494,04020,26,31,11,7,303.93696001696145,357.78066750295943
13223000017,GA,223,17,773,7,760,0,2,1,0,0,3,554,3,545,0,2,1,0,0,3,NA,NA,91494,04020,18,31,11,11,34.53262425131186,40.650223502182016
132250000B1,GA,225,B1,4641,62,4164,324,14,25,2,2,48,3314,45,3009,200,7,23,0,0,30,NA,12260,90486,04050,128,14,1,3,570.2238217652099,332.8198800342759
132250000B2,GA,225,B2,2793,52,2113,576,8,9,2,6,27,2000,43,1544,383,5,6,1,5,13,NA,12260,90486,04050,128,14,1,3,344.1302485004285,200.85689802913453
132250000C1,GA,225,C1,971,19,893,48,3,2,0,0,6,733,8,685,32,1,2,0,0,5,NA,80508,90486,04050,128,14,1,3,126.12373607540702,73.6140531276778
132250000F1,GA,225,F1,4479,433,2145,1826,22,15,0,10,28,3354,276,1771,1259,17,12,0,4,15,NA,31096,91242,04050,128,14,1,3,577.1064267352185,336.8370179948586
132250000F2,GA,225,F2,4165,304,1043,2777,10,8,0,3,20,3014,194,791,1996,9,7,0,3,14,NA,31096,91242,04050,140,14,1,3,518.6042844901457,302.69134532990574
132250000F3,GA,225,F3,5231,30,232,4932,0,14,4,0,19,4032,28,178,3796,0,11,3,0,16,NA,31096,91242,04050,140,14,1,3,693.7665809768638,404.92750642673525
132250000P1,GA,225,P1,1388,98,1064,199,9,4,0,0,14,1058,69,834,136,4,4,0,0,11,NA,12260,91242,04050,128,14,1,3,182.04490145672665,106.25329905741216
13227000002,GA,227,2,1552,44,1473,6,13,0,1,1,14,1113,28,1065,3,7,0,0,1,9,NA,41932,92952,04110,15,51,2,10,110.85657370517929,118.01474103585657
13227000003,GA,227,3,493,3,486,2,0,0,1,0,1,373,3,366,2,0,0,1,0,1,NA,NA,91830,04110,15,51,2,10,37.15139442231075,39.55031303357996
13227000004,GA,227,4,640,1,636,1,1,0,0,0,1,471,1,467,1,1,0,0,0,1,NA,NA,91830,04110,15,51,2,10,46.91235059760956,49.94154809334092
13227000005,GA,227,5,1488,26,1435,4,13,1,0,0,9,1131,16,1098,2,7,1,0,0,7,NA,NA,91830,04110,15,51,2,10,112.64940239043824,119.92333523050654
13227000006,GA,227,6,1479,4,1347,108,1,1,0,0,18,1099,3,1009,74,1,0,0,0,12,NA,54572,92139,04110,15,51,2,10,109.4621513944223,116.53027888446213
13227000007,GA,227,7,1493,22,1448,2,3,4,1,2,11,1103,13,1079,1,3,2,0,0,5,NA,75272,92952,04110,15,51,2,10,109.8605577689243,116.95441092771769
13227000009,GA,227,9,2544,37,2446,34,8,4,1,5,9,1850,21,1789,19,6,4,1,1,9,NA,NA,92139,04110,15,51,2,10,184.2629482071713,196.1610700056915
1322700X1-8,GA,227,X1-8,13294,330,12626,135,45,42,2,4,110,10430,228,9954,102,39,30,1,2,74,NA,41932,91590,04110,15,51,2,10,1038.8446215139443,1105.9243027888447
13229000001,GA,229,0001,3607,57,2630,902,4,4,0,0,10,2652,39,1961,640,2,3,0,0,7,NA,08284,90282,04140,169,6,3,1,361.24740559867445,245.6112322316212
13229000002,GA,229,0002,4354,55,3944,314,9,4,8,0,20,3184,36,2952,172,8,4,3,0,9,NA,08284,90282,04140,169,6,3,1,433.7148338711084,294.8816604168483
1322900003A,GA,229,3A,2421,37,2341,18,10,1,0,0,14,1748,23,1699,11,6,1,0,0,8,NA,08284,90282,04140,169,6,3,1,238.10726432371152,161.88854975146072
1322900003B,GA,229,3B,1787,32,1694,42,5,6,0,0,8,1327,21,1265,29,4,4,0,0,4,NA,59500,92322,04140,169,6,3,1,180.75991976977414,122.89822970262492
1322900004A,GA,229,4A,1945,79,1503,337,3,3,0,4,16,1410,46,1125,225,3,2,0,0,9,NA,57568,92322,04140,169,6,3,1,192.06592831603731,130.58515740821488
1322900004B,GA,229,4B,662,76,511,60,2,5,0,0,8,507,53,407,41,2,2,0,0,2,NA,NA,90396,04140,169,6,3,1,69.06200401151129,46.955088514868756
1322900004C,GA,229,4C,513,17,480,7,0,0,0,1,8,374,10,350,7,0,0,0,0,7,NA,08284,90396,04140,169,6,3,1,50.945146943402804,34.63748146856196
1322900004D,GA,229,4D,347,4,322,11,1,2,0,0,7,265,3,250,6,1,0,0,0,5,NA,NA,90282,04140,169,6,3,1,36.09749716578007,24.54260050579925
13231000001,GA,231,1,1598,18,1069,499,4,0,0,0,8,1138,9,768,354,1,0,0,0,6,NA,19168,90768,04170,129,29,7,8,177.0328836424958,123.77908937605397
13231000002,GA,231,2,1319,13,1214,75,1,2,0,0,14,966,5,900,51,1,1,0,0,8,NA,NA,93384,04170,129,29,7,8,123.2973331564283,141.36897970014596
13231000003,GA,231,3,1498,24,1298,160,5,0,0,1,10,1088,13,943,121,3,0,0,0,8,NA,50596,91968,04170,129,29,7,8,138.8690460395383,159.2230330370174
13231000004,GA,231,4,1700,19,1376,289,9,1,0,0,6,1234,15,999,212,4,1,0,0,3,NA,52108,90768,04170,129,29,7,8,191.9671163575042,134.22091062394603
13231000005,GA,231,5,2477,10,2307,131,4,15,0,0,10,1753,7,1642,84,4,8,0,0,8,NA,NA,93474,04170,129,29,7,8,223.74764495157225,256.54225819291497
13231000006,GA,231,6,1242,29,1077,109,2,17,0,2,6,855,14,760,73,2,2,0,0,4,NA,NA,91968,04170,129,29,7,8,109.1296271726151,125.12471805758258
13231000007,GA,231,7,1333,11,1230,85,3,0,0,0,4,981,8,908,60,3,0,0,0,2,NA,83084,93384,04170,129,29,7,8,125.21188801910574,143.56415019238423
13231000008,GA,231,8,2521,43,1779,671,1,16,0,0,11,1894,28,1309,533,1,13,0,0,10,NA,85128,93474,04170,129,29,7,8,241.74446066074037,277.1768608199549
13233000001,GA,233,01,2258,81,1812,346,1,1,0,3,14,1731,47,1407,269,1,1,0,0,6,NA,14500,90600,04200,27,31,11,11,203.74097197587795,229.28534941468604
13233000002,GA,233,02,2964,73,2740,128,5,1,1,2,14,2160,46,2012,84,4,1,1,0,12,NA,02592,90114,04200,27,31,11,11,254.23483504788933,286.109968073785
13233000003,GA,233,03,2002,117,1784,74,3,6,0,4,14,1444,68,1316,44,3,4,0,2,7,NA,14500,90600,04200,18,31,11,11,169.9606952820149,191.2698119900674
13233000004,GA,233,04,793,6,719,53,4,8,0,0,3,533,3,503,20,4,2,0,0,1,NA,NA,92568,04200,18,31,11,11,62.73479957431713,70.6002837885775
13233000005,GA,233,05,9206,2122,5090,1874,9,33,1,13,64,6878,1396,4120,1291,6,25,1,3,36,NA,14500,90600,04200,27,31,11,11,809.549627527492,911.048315005321
13233000006,GA,233,06,723,29,646,37,2,1,0,1,7,519,15,471,28,2,0,0,1,2,NA,75300,90600,04200,18,31,11,11,61.08698119900674,68.74586732884002
13233000007,GA,233,07,4710,60,4032,554,8,18,5,2,31,3470,31,3008,391,6,11,2,1,20,NA,02592,90114,04200,27,31,11,11,408.4235544519333,459.6303653777935
13233000008,GA,233,08,2041,59,1781,177,7,0,0,0,17,1500,29,1324,131,5,0,0,0,11,NA,14500,90600,04200,18,31,11,11,176.55196878325648,198.68747782901738
13233000009,GA,233,09,3892,194,3402,244,13,18,0,0,21,2882,111,2588,154,5,16,0,0,8,NA,14500,90600,04200,27,31,11,11,339.2151826888968,381.7448740688188
13233000010,GA,233,10,6866,70,5281,1437,13,28,0,1,36,5058,38,4015,957,10,20,0,0,18,NA,66276,92568,04200,27,31,11,11,595.3332387371408,669.9741752394466
13233000011,GA,233,11,2672,110,2397,149,3,4,0,1,8,2015,78,1813,113,2,4,0,0,5,NA,14500,90600,04200,18,31,11,11,237.1681447321745,266.9035118836467
1323500BLUE,GA,235,BLUE,295,4,181,106,0,1,0,0,3,219,4,129,84,0,1,0,0,1,NA,NA,91170,04220,138,18,1,3,45.499903456265685,30.107742807491793
1323500DUPR,GA,235,DUPR,593,4,448,137,0,0,0,0,4,439,4,328,104,0,0,0,0,3,NA,NA,91170,04220,138,18,1,1,91.20756902877004,60.352963892643366
1323500FNLY,GA,235,FNLY,364,14,236,113,0,0,0,0,1,265,9,179,76,0,0,0,0,1,NA,61320,91170,04220,138,18,1,3,55.05696080324387,36.431743579841665
1323500HART,GA,235,HART,2306,62,1348,867,8,0,0,0,21,1956,51,1120,759,8,0,0,0,18,NA,37396,91422,04220,138,18,1,3,180.16963064295487,137.35704514363886
1323500HAWK,GA,235,HAWK,5720,183,3471,1973,12,27,12,3,39,4256,104,2766,1334,10,18,6,0,18,NA,37396,91434,04220,138,18,1,1,884.2355667117204,585.1075497200231
132350MITCH,GA,235,MITCH,310,3,248,53,1,4,0,1,0,237,2,191,42,1,1,0,0,0,NA,NA,91422,04220,138,18,1,3,21.830369357045143,16.64295485636115
13237000001,GA,237,01,3955,98,1088,2684,1,23,0,4,57,2810,64,867,1834,0,12,0,2,31,NA,26084,91032,04260,111,25,5,9,306.7965937413459,242.98601495430628
13237000002,GA,237,02,3306,118,1328,1762,4,68,0,3,23,2375,80,1015,1220,4,39,0,3,14,NA,26084,91032,04260,111,25,5,9,259.3031708667959,205.37074217668237
13237000004,GA,237,04,5357,68,4845,379,21,11,7,1,25,4268,52,3931,243,14,5,4,1,18,NA,26084,91782,04260,111,25,5,9,465.981445582941,369.0620326779285
13237000005,GA,237,05,2620,83,1807,678,3,11,1,3,34,1905,58,1384,436,3,7,0,2,15,NA,26084,91032,04260,111,25,5,9,207.98843810578785,164.72895319855994
13237000006,GA,237,06,3574,40,3403,100,7,12,0,2,10,3086,28,2966,67,6,12,0,0,7,NA,NA,92364,04260,111,25,5,9,336.93035170312936,266.8522569925229
1323900000G,GA,239,G,2447,12,1271,1146,5,1,0,1,11,1857,7,1079,760,5,1,0,0,5,NA,32524,91272,04290,158,12,4,2,386.4440506329114,158.90278481012658
1323900000M,GA,239,M,151,1,80,67,0,0,0,0,3,118,1,63,52,0,0,0,0,2,NA,NA,91272,04290,158,12,4,2,24.55594936708861,10.097215189873417
13241000436,GA,241,0436,1312,32,1265,3,3,4,0,2,3,994,20,964,1,3,2,0,2,2,NA,NA,90684,04320,8,50,2,9,125.644168650119,117.70163209792587
13241000452,GA,241,0452,601,2,596,0,0,0,0,0,3,458,1,455,0,0,0,0,0,2,NA,NA,90684,04320,8,50,2,9,57.89238354301258,54.232743964637876
13241000509,GA,241,0509,1259,7,1240,2,3,3,0,0,4,1028,4,1013,1,3,3,0,0,4,NA,NA,93042,04320,8,50,2,9,129.94185651139068,121.72764365861951
13241000550,GA,241,0550,1386,38,1323,10,2,0,0,0,13,1054,23,1011,8,2,0,0,0,10,NA,76504,93042,04320,8,50,2,9,133.22832369942196,124.80635838150289
13241000556,GA,241,0556,3174,147,2925,40,15,20,0,0,27,2418,87,2283,14,10,12,0,0,12,NA,71282,93174,04320,8,50,2,9,305.6414484869092,286.3204692281537
13241000587,GA,241,0587,4564,405,4000,62,17,28,0,3,49,3628,288,3230,45,13,22,0,1,29,NA,16656,90684,04320,8,50,2,9,458.58857531451883,429.5991159469568
13241000636,GA,241,0636,428,5,418,1,1,2,0,0,1,337,2,331,1,1,1,0,0,1,NA,NA,90684,04320,8,50,2,9,42.59767086025161,39.90487929275756
13241001014,GA,241,1014,213,5,203,0,3,0,0,0,2,163,4,156,0,2,0,0,0,1,NA,NA,90684,04320,8,50,2,9,20.603621217273037,19.301173070384223
13241001275,GA,241,1275,2113,42,2053,0,6,0,0,0,12,1684,27,1643,0,5,0,0,0,9,NA,75328,93042,04320,8,50,2,9,212.861951717103,199.40598435906153
13243000131,GA,243,131,340,0,155,185,0,0,0,0,0,260,0,132,128,0,0,0,0,0,NA,17580,90840,04350,158,12,4,2,67.04344754503708,39.30766513599435
13243000334,GA,243,334,1319,6,424,878,5,0,2,0,4,900,2,336,556,3,0,0,0,3,NA,70120,92754,04350,158,12,4,2,232.07347227128224,136.06499470151888
13243000566,GA,243,566,553,0,388,156,9,0,0,0,0,396,0,289,101,6,0,0,0,0,NA,70120,90252,04350,158,12,4,2,102.1123277993642,59.86859766866832
13243000934,GA,243,934,464,2,386,71,0,0,2,0,3,359,2,302,53,0,0,0,0,2,NA,NA,90840,04350,158,12,4,2,92.57152949487813,54.27481455316143
13243000947,GA,243,947,154,0,127,26,1,0,0,0,0,111,0,91,19,1,0,0,0,0,NA,NA,92754,04350,158,12,4,2,28.622394913458145,16.781349346520667
13243000954,GA,243,954,476,5,173,293,0,1,0,4,0,347,2,140,203,0,1,0,1,0,NA,21072,90840,04350,158,12,4,2,89.47721653126104,52.46061462380784
13243000998,GA,243,998,166,0,100,66,0,0,0,0,0,118,0,74,44,0,0,0,0,0,NA,NA,92754,04350,158,12,4,2,30.42741080890145,17.83963263864359
1324300718A,GA,243,718A,3457,55,1227,2138,9,11,5,0,12,2585,41,1035,1484,6,11,2,0,6,NA,21072,90840,04350,158,12,4,2,666.5665842458495,390.8089014482515
1324300718B,GA,243,718B,862,24,36,796,3,0,0,0,3,586,11,28,541,3,0,0,0,3,NA,21072,90840,04350,158,12,4,2,151.10561638996822,88.59342988343342
13245000001,GA,245,1,3570,32,2613,857,2,38,4,1,23,2756,21,2107,584,2,27,4,0,11,NA,04204,90168,04380,114,23,5,9,405.66844773444075,332.77445661469415
13245000002,GA,245,2,2488,44,527,1811,12,46,3,7,38,1718,30,446,1172,8,42,2,0,18,NA,04204,90168,04380,118,22,5,12,252.8804039215418,207.44068086503796
13245000003,GA,245,3,2351,15,228,2082,1,7,2,2,14,1637,11,194,1412,1,7,2,0,10,NA,04204,90168,04380,117,22,5,12,240.95763749683582,197.66029952041157
13245000004,GA,245,4,2192,73,1211,825,5,35,1,2,40,1696,59,994,580,5,32,1,0,25,NA,04204,90168,04380,115,23,5,12,249.64212168273275,204.78428099365792
13245000006,GA,245,6,5247,132,2314,2671,4,63,3,6,54,3821,87,1909,1737,0,52,3,2,31,NA,04204,90168,04380,118,22,5,12,562.4307470222417,461.36835947922583
13245000007,GA,245,7,1701,19,9,1652,3,0,1,0,17,1268,11,7,1233,2,0,1,0,14,NA,04204,90168,04380,118,22,5,12,186.6428126731752,153.1052289504471
13245000008,GA,245,8,1387,41,1085,223,1,4,0,0,33,941,21,766,129,1,4,0,0,20,NA,04204,91452,04380,116,23,5,9,138.51016303269546,113.6214672258444
13245000010,GA,245,10,2829,72,1445,1182,15,52,3,6,54,2198,55,1261,792,13,49,2,1,25,NA,04204,90168,04380,115,22,5,12,323.5338345864661,265.3984962406015
13245000011,GA,245,11,2514,43,2125,270,3,34,0,11,28,1982,26,1714,197,1,27,0,6,11,NA,04204,90168,04380,114,23,5,9,291.7397907872502,239.3174793215979
13245000012,GA,245,12,2697,28,20,2602,3,12,1,0,31,1907,21,17,1844,3,7,0,0,15,NA,04204,90168,04380,118,22,5,12,280.70019224585576,230.2615706691661
13245000013,GA,245,13,4848,47,160,4597,2,2,0,8,32,3069,20,145,2880,1,2,0,3,18,NA,04204,90168,04380,118,22,5,12,451.7403723138601,370.56778205750953
13245000015,GA,245,15,7166,261,3373,3164,20,157,33,17,141,4899,171,2579,1920,18,124,22,6,59,NA,04204,91338,04380,119,22,5,12,721.1065767238844,591.5319531768457
13245000016,GA,245,16,4917,122,3906,761,12,39,2,8,67,3380,71,2704,524,9,30,1,3,38,NA,04204,91452,04380,119,23,5,12,497.51790759884244,408.1196166029268
13245000017,GA,245,17,2680,84,1840,670,6,40,5,6,29,2056,62,1514,412,6,36,3,2,21,NA,04204,90168,04380,119,23,5,12,302.63219468142603,248.25264252533063
13245000019,GA,245,19,459,3,50,404,0,0,0,0,2,354,3,40,311,0,0,0,0,0,NA,04204,90168,04380,115,22,5,12,52.106905115381714,42.743888839478124
13245000020,GA,245,20,3708,151,387,3014,4,43,3,14,92,2371,92,299,1902,2,33,2,3,38,NA,04204,91338,04380,119,23,5,12,348.9985085552827,286.28745886554424
13245000023,GA,245,23,6763,151,4566,1788,33,93,8,8,116,4760,94,3325,1184,23,70,7,2,55,NA,38040,91452,04380,119,23,5,12,700.6465207605,574.7483358076721
13245000026,GA,245,26,2734,37,1490,1162,2,17,0,2,24,2209,27,1282,863,2,16,0,2,17,NA,04204,90168,04380,115,22,5,12,325.1529757058707,266.7266961762915
13245000027,GA,245,27,1048,12,287,737,0,3,0,6,3,777,4,238,528,0,2,0,2,3,NA,04204,90168,04380,115,22,5,9,114.37024088884633,93.81921363919353
13245000028,GA,245,28,1236,30,508,676,3,5,1,0,13,921,21,416,468,3,4,1,0,8,NA,04204,90168,04380,118,22,5,12,135.56627008832362,111.2065582518626
13245000029,GA,245,29,3425,76,1401,1819,9,49,1,7,63,2299,48,1017,1165,4,42,1,2,20,NA,04204,90168,04380,118,22,5,12,338.400493955544,277.59378655920966
13245000030,GA,245,30,2101,20,498,1540,8,4,0,4,27,1482,13,424,1015,4,4,0,2,20,NA,04204,90168,04380,117,22,5,12,218.142467177954,178.94475497205252
13245000031,GA,245,31,2057,37,554,1427,4,8,0,7,20,1637,26,511,1075,2,8,0,4,11,NA,04204,90168,04380,118,22,5,12,240.95763749683582,197.66029952041157
13245000033,GA,245,33,4821,122,715,3818,12,68,6,6,74,3188,77,588,2408,11,62,4,1,37,NA,04204,90168,04380,117,22,5,12,469.25653533287266,384.9364904527013
13245000034,GA,245,34,4082,91,1460,2429,22,20,0,5,55,2958,60,1236,1594,18,17,0,2,31,NA,04204,90168,04380,117,22,5,12,435.4017664725964,357.16503725191046
13245000035,GA,245,35,6888,230,856,5559,23,96,5,15,104,4500,160,678,3505,13,85,2,7,50,NA,04204,91338,04380,117,22,5,12,662.375912483666,543.3545191459085
13245000036,GA,245,36,966,3,9,938,0,0,0,0,16,752,2,9,726,0,0,0,0,15,NA,04204,90168,04380,118,22,5,12,110.69037470838151,90.80057742171626
13245000037,GA,245,37,2932,22,23,2861,1,6,0,0,19,2023,17,20,1976,0,3,0,0,7,NA,04204,90168,04380,117,22,5,12,297.77477132321246,244.26804271826063
13245000038,GA,245,38,4111,140,2760,977,5,132,4,19,74,3354,100,2313,764,4,104,4,9,56,NA,04204,90168,04380,114,23,5,9,493.69084677115904,404.98023493675043
13245000039,GA,245,39,781,13,709,44,3,12,0,0,0,606,8,549,35,3,11,0,0,0,NA,04204,90168,04380,115,22,5,9,89.19995621446701,73.17174191164901
13245000040,GA,245,40,4483,101,2548,1711,8,43,4,12,56,3278,68,1963,1170,7,37,2,3,28,NA,04204,90168,04380,119,23,5,12,482.504053582546,395.8035808356196
13245000041,GA,245,41,4232,144,2219,1717,17,50,9,9,67,2790,80,1541,1073,9,43,9,6,29,NA,04204,91338,04380,119,23,5,12,410.6730657398729,336.87980187046327
13245000042,GA,245,42,588,6,220,341,2,4,0,0,15,513,6,214,273,2,4,0,0,14,NA,04204,90168,04380,115,22,5,12,75.51085402313791,61.94241518263356
13245000043,GA,245,43,6385,136,4911,1153,13,59,3,10,100,4469,85,3528,733,12,49,3,3,56,NA,04204,91452,04380,119,23,5,12,657.8128784198896,539.6114102362367
13245000044,GA,245,44,1034,9,531,454,4,18,0,4,14,790,8,467,292,4,14,0,1,4,NA,04204,90168,04380,115,22,5,12,116.28377130268801,95.3889044722817
13245000045,GA,245,45,844,1,13,821,0,0,0,0,9,631,1,11,610,0,0,0,0,9,NA,04204,90168,04380,118,22,5,12,92.87982239493182,76.19037812912627
13245000046,GA,245,46,1213,16,1007,155,1,7,2,0,25,947,9,816,102,1,7,2,0,10,NA,04204,90168,04380,119,23,5,12,139.39333091600705,114.34593991803895
13245000047,GA,245,47,1907,30,872,985,2,5,0,1,12,1423,19,715,674,2,5,0,0,8,NA,04204,90168,04380,118,22,5,12,209.45798299205703,171.82077349880615
13245000048,GA,245,48,1891,35,862,952,12,14,1,1,14,1784,31,830,889,11,11,1,1,10,NA,04204,90168,04380,115,22,5,12,262.5952506379689,215.40988047917793
13245000049,GA,245,49,3886,173,2651,825,5,110,7,11,104,2994,118,2156,565,4,97,5,1,48,NA,04204,90168,04380,115,23,5,9,440.70077377246577,361.5118734050778
13245000050,GA,245,50,6754,154,3602,2722,21,134,4,6,111,5420,112,2939,2172,17,111,3,1,65,NA,04204,90168,04380,114,23,5,12,797.794987924771,654.440331949072
13245000051,GA,245,51,3121,100,1331,1589,12,33,2,15,39,2188,58,1078,993,10,31,2,3,13,NA,04204,90168,04380,119,23,5,12,322.06188811428024,264.1910417536106
13245000052,GA,245,52,4405,134,3131,923,13,83,9,6,106,3489,96,2562,687,13,76,6,2,47,NA,04204,90168,04380,114,23,5,9,513.562124145669,421.2808705111277
13245000053,GA,245,53,5011,146,3978,685,14,117,6,6,59,3900,96,3176,489,11,87,3,1,37,NA,04204,90168,04380,114,23,5,9,574.0591241525105,470.90724992645397
13245000054,GA,245,54,3845,104,2763,715,7,182,1,8,65,3143,78,2319,543,7,155,1,5,35,NA,04204,90168,04380,114,23,5,9,462.63277620803603,379.5029452612423
13245000056,GA,245,56,2401,28,1979,304,3,70,0,2,15,2054,23,1702,260,3,54,0,2,10,NA,04204,90168,04380,115,22,5,12,302.33780538698886,248.01115162793243
13245000057,GA,245,57,5939,150,3206,2323,9,170,3,13,65,4780,112,2773,1691,8,148,3,4,41,NA,04204,90168,04380,114,23,5,12,703.5904137048719,577.1632447816539
1324500005A,GA,245,5A,784,13,314,435,3,8,0,2,9,628,9,269,333,3,8,0,0,6,NA,04204,90168,04380,117,22,5,12,92.43823845327604,75.828141783029
1324500005B,GA,245,5B,4656,110,935,3515,12,30,1,1,52,3439,78,787,2501,10,27,1,1,34,NA,04204,90168,04380,117,22,5,12,506.20239178473935,415.2435980761731
1324500005C,GA,245,5C,128,7,61,59,0,0,0,0,1,97,4,47,45,0,0,0,0,1,NA,04204,90168,04380,117,22,5,12,14.277880780203464,11.712308523811803
1324500009A,GA,245,9A,1274,29,1077,140,4,9,0,1,14,1086,22,923,118,4,9,0,1,9,NA,04204,90168,04380,115,22,5,12,159.8533868793914,131.12955728721258
1324500009B,GA,245,9B,1925,32,1536,288,3,33,3,0,30,1618,26,1307,228,3,28,3,0,23,NA,04204,90168,04380,115,22,5,12,238.16093919968256,195.36613599512887
1324500014A,GA,245,14A,1346,13,1199,121,0,4,0,1,8,1058,12,949,87,0,4,0,1,5,NA,04204,90168,04380,115,23,5,9,155.7319367572708,127.74868472363804
1324500014B,GA,245,14B,1950,130,582,1160,9,26,4,2,37,1370,79,465,781,5,20,4,0,16,NA,04204,90168,04380,115,22,5,9,201.65666668947162,165.42126471775435
1324500018A,GA,245,18A,859,12,130,643,0,58,0,0,16,597,5,122,402,0,55,0,0,13,NA,04204,90168,04380,118,22,5,12,87.87520438949967,72.08503287335718
1324500018B,GA,245,18B,118,2,0,115,0,0,0,0,1,103,2,0,100,0,0,0,0,1,NA,04204,90168,04380,118,22,5,12,15.161048663515022,12.436781216006349
1324500021A,GA,245,21A,1125,24,841,235,2,12,0,2,9,974,20,743,193,0,12,0,0,6,NA,04204,90168,04380,115,22,5,12,143.36758639090903,117.60606703291441
1324500021B,GA,245,21B,2412,121,585,1661,5,18,7,1,14,1756,86,495,1143,2,14,7,1,8,NA,04204,90168,04380,115,22,5,12,258.4738005158483,212.0290079156034
1324500022B,GA,245,22B,7190,255,1542,4983,30,182,18,25,155,4729,156,1148,3173,21,152,14,6,59,NA,04204,91338,04380,116,22,5,12,696.0834866967236,571.0052268980003
1324500024A,GA,245,24A,2649,32,41,2541,9,4,0,2,20,1780,20,39,1698,5,3,0,0,15,NA,04204,90168,04380,118,22,5,12,262.0064720490945,214.92689868438157
1324500024B,GA,245,24B,341,2,8,326,1,0,0,0,4,273,2,8,258,1,0,0,0,4,NA,04204,90168,04380,118,22,5,12,40.18413869067574,32.96350749485178
1324500025A,GA,245,25A,2174,32,878,1204,6,21,1,4,28,1433,22,733,642,3,17,1,1,14,NA,04204,90168,04380,115,23,5,12,210.92992946424297,173.02822798579706
1324500025B,GA,245,25B,423,6,399,6,0,7,0,0,5,354,5,339,3,0,4,0,0,3,NA,04204,90168,04380,115,23,5,9,52.106905115381714,42.743888839478124
1324500032A,GA,245,32A,4114,49,389,3587,5,31,0,2,51,2611,26,330,2197,4,28,0,2,24,NA,04204,90168,04380,116,22,5,12,384.32522388774487,315.266366553326
1324500032B,GA,245,32B,530,14,264,241,0,1,0,0,10,384,9,213,156,0,1,0,0,5,NA,04204,90168,04380,117,22,5,12,56.522744531939495,46.36625230045085
1324500055A,GA,245,55A,4761,200,768,3516,6,132,25,27,87,3147,116,620,2221,3,120,17,5,45,NA,04204,91338,04380,117,22,5,12,463.22155479691037,379.98592705603863
1324500055B,GA,245,55B,608,17,177,370,1,27,0,0,16,402,8,145,219,1,21,0,0,8,NA,04204,91338,04380,116,22,5,12,59.17224818187415,48.53967037703448
132450FORT1,GA,245,FORT1,3465,412,2086,757,32,76,17,3,82,3440,410,2069,753,31,76,17,3,81,NA,04204,91224,04380,114,23,5,12,506.34958643195796,415.36434352487225
132450FORT2,GA,245,FORT2,1,0,0,1,0,0,0,0,0,1,0,0,1,0,0,0,0,0,NA,04204,91224,04380,116,22,5,12,0.14719464721859243,0.12074544869909078
132450FORT3,GA,245,FORT3,4285,415,1883,1742,17,85,14,17,112,2758,259,1304,1068,11,65,9,3,39,NA,04204,91224,04380,116,23,5,9,405.9628370288779,333.01594751209234
13245ZZZZZZ,GA,245,ZZZZZZ,19,0,12,3,0,1,1,0,2,17,0,11,2,0,1,1,0,2,NA,04204,91224,04380,116,23,5,9,2.5023090027160713,2.052672627884543
132470000BA,GA,247,BA,5785,95,4999,517,8,109,1,6,50,4073,54,3561,340,8,83,1,1,25,NA,NA,92820,04410,74,17,6,8,422.3286925872893,648.6114550060579
132470000CO,GA,247,CO,3914,138,2181,1488,14,43,1,13,36,2721,94,1685,881,8,30,1,3,19,NA,19336,90774,04410,75,45,6,13,282.1400374490583,433.3100341447296
132470000FI,GA,247,FI,5914,110,3890,1573,12,253,0,2,74,4252,70,2967,984,9,176,0,1,45,NA,19336,90774,04410,74,17,6,13,440.8891728163895,677.1165987443551
132470000FS,GA,247,FS,5747,281,4247,958,8,203,4,5,41,4250,220,3204,638,7,147,4,2,28,NA,19336,90774,04410,74,45,6,13,440.68179314902517,676.7981055182288
132470000HC,GA,247,HC,3120,19,2829,194,5,51,1,1,20,2277,14,2081,132,3,39,1,1,6,NA,NA,92820,04410,74,17,6,8,236.1017512941954,362.60453794470754
132470000HI,GA,247,HI,3943,92,3560,246,7,17,0,1,20,2935,62,2670,169,6,11,0,1,16,NA,19336,92214,04410,74,45,6,10,241.15880619012526,376.33750921149596
132470000LA,GA,247,LA,4891,1754,2038,999,15,36,1,12,36,3674,1201,1642,753,15,27,1,10,25,NA,44956,90774,04410,75,45,6,13,380.95644894812204,585.072056393876
132470000LO,GA,247,LO,3320,35,2850,362,7,40,1,0,25,2451,23,2141,247,4,24,0,0,12,NA,NA,92820,04410,74,17,6,13,254.1437823548849,390.3134486176892
132470000MA,GA,247,MA,4308,100,3822,253,11,64,0,12,46,3027,62,2706,171,10,44,0,7,27,NA,NA,92820,04410,74,17,6,8,313.86912655578806,482.0394977420421
132470000MI,GA,247,MI,4907,149,3235,1320,14,67,24,14,84,3508,95,2472,808,14,42,17,4,56,NA,19336,90774,04410,75,45,6,13,363.74393655688954,558.6371186253994
132470000OT,GA,247,OT,6836,1015,3411,2067,17,237,3,5,81,5102,805,2753,1334,13,154,2,1,40,NA,19336,90774,04410,75,45,6,13,529.0255314461946,812.4762198480009
132470000RO,GA,247,RO,4540,117,3278,1029,12,63,0,8,33,3414,86,2565,689,11,49,0,2,12,NA,19336,90774,04410,74,45,6,13,353.99709219076993,543.6679369974667
132470000SH,GA,247,SH,3342,73,2983,221,15,16,0,4,30,2493,43,2272,143,10,11,0,0,14,NA,44956,92214,04410,75,45,6,13,204.84119380987474,319.66249078850404
132470000SM,GA,247,SM,3993,56,2929,871,13,85,0,14,25,2721,35,2074,534,6,59,0,4,9,NA,19336,90774,04410,74,17,6,13,282.1400374490583,433.3100341447296
132470000ST,GA,247,ST,5551,148,4715,572,8,55,0,3,50,3925,97,3390,368,3,42,0,1,24,NA,NA,92820,04410,74,17,6,8,406.98259720233506,625.0429562727173
13249000001,GA,249,01,3766,89,2462,1169,8,3,0,0,35,2663,52,1825,760,6,2,0,0,18,NA,26980,91062,04470,159,14,4,3,476,431
13251000001,GA,251,01,1963,29,1228,686,3,7,0,0,10,1588,21,1000,551,2,5,0,0,9,NA,75160,92934,04500,146,4,3,12,243.72354055761073,194.57764143282503
13251000002,GA,251,02,549,12,393,138,2,0,0,0,4,398,9,286,100,0,0,0,0,3,NA,NA,92148,04500,146,4,3,12,61.084363439501935,48.76694035910854
13251000003,GA,251,03,1292,26,673,578,2,1,0,0,12,911,13,519,370,2,1,0,0,6,NA,54992,92148,04500,146,4,3,12,139.81873139041775,111.62483082197961
13251000004,GA,251,04,1865,17,701,1135,3,1,0,0,8,1292,3,531,748,2,1,0,0,7,NA,75160,92580,04500,146,4,3,12,198.29396372823243,158.30876116574936
13251000005,GA,251,05,816,2,547,267,0,0,0,0,0,621,2,433,186,0,0,0,0,0,NA,66444,92580,04500,146,4,3,12,95.31002436163494,76.09113056031761
13251000006,GA,251,06,974,11,822,131,2,7,1,0,0,687,8,593,80,2,3,1,0,0,NA,NA,92934,04500,146,4,3,12,105.43959216818551,84.17811061986826
13251000007,GA,251,07,1213,2,428,768,1,6,0,0,8,840,2,324,503,1,3,0,0,7,NA,38920,92022,04500,146,4,3,12,128.9217720833709,102.92520075791752
13251000008,GA,251,08,655,15,238,396,3,2,0,0,1,446,12,172,258,2,2,0,0,0,NA,75160,92934,04500,146,4,3,12,68.45132184426599,54.64838040241811
13251000009,GA,251,09,1629,4,1195,425,1,2,0,0,2,1195,2,905,285,1,2,0,0,0,NA,75160,92934,04500,146,4,3,12,183.4065686186051,146.42335107822794
13251000010,GA,251,10,2299,9,604,1660,2,13,0,4,7,1535,9,465,1044,2,10,0,0,5,NA,75160,92934,04500,146,4,3,12,235.58919065235045,188.08355138500406
13251000011,GA,251,11,863,5,668,186,0,1,0,0,3,655,2,517,132,0,1,0,0,3,NA,NA,92934,04500,146,4,3,12,100.52828656500948,80.25715059099522
13251000012,GA,251,12,732,7,258,464,0,0,0,0,3,532,6,201,323,0,0,0,0,2,NA,54992,92148,04500,146,4,3,12,81.65045565280158,65.18596048001444
13251000013,GA,251,13,524,8,427,89,0,0,0,0,0,383,5,322,56,0,0,0,0,0,NA,NA,91482,04500,146,4,3,12,58.78218893801318,46.928990345574306
13253000001,GA,253,1,2014,38,1307,665,1,0,0,0,3,1452,21,1006,421,1,0,0,0,3,9550,23368,92856,04530,160,11,4,2,240.7058823529412,198.73449920508745
13253000002,GA,253,2,1463,48,1037,364,3,7,0,0,4,1109,24,830,244,3,5,0,0,3,NA,23368,90966,04530,160,11,4,2,183.84491978609626,151.78826420002892
13253000003,GA,253,3,1808,89,198,1500,1,6,0,0,14,1173,59,157,944,1,5,0,0,7,NA,23368,90966,04530,160,11,4,2,194.45454545454544,160.54791154791153
13253000004,GA,253,4,1841,19,1308,507,0,4,0,0,3,1374,8,1044,316,0,3,0,0,3,NA,41344,90966,04530,160,11,4,2,227.77540106951872,188.05867899985546
13253000005,GA,253,5,2243,153,1884,188,10,0,0,0,8,1811,113,1561,119,10,0,0,0,8,NA,NA,90966,04530,160,11,4,2,300.21925133689837,247.87064604711662
13255000001,GA,255,01,4563,130,973,3398,7,20,1,7,27,3169,98,825,2210,5,11,1,2,17,NA,35324,91380,02520,107,29,7,13,383.99463340002353,419.57455572555017
13255000002,GA,255,02,3597,46,367,3135,0,9,0,1,39,2454,25,287,2105,0,6,0,1,30,NA,35324,91380,02520,107,29,7,13,297.3565258326468,324.90879133811933
13255000003,GA,255,03,3642,23,3194,399,4,6,0,0,16,2861,15,2547,285,2,4,0,0,8,NA,35324,91380,02520,106,28,7,8,346.6736024479228,378.7954572201954
13255000005,GA,255,05,5062,212,2884,1768,11,142,3,6,36,3519,137,2255,994,7,105,3,0,18,NA,35324,91380,02520,107,29,7,13,426.40489584559253,465.9144403907261
13255000006,GA,255,06,4561,69,1578,2837,7,23,2,2,43,3224,52,1306,1824,6,17,1,0,18,NA,35324,91380,02520,106,29,7,13,390.6591032128987,426.85653760150643
13255000007,GA,255,07,2032,40,1840,110,6,32,0,0,4,1505,29,1378,74,4,18,0,0,2,NA,35324,91380,02520,107,28,7,8,182.36412851594682,199.26150406025656
13255000009,GA,255,09,5500,58,4747,631,17,14,2,5,26,4031,37,3514,429,17,11,1,3,19,NA,35324,92532,02520,107,28,7,8,488.44505119453925,533.7030716723549
13255000010,GA,255,10,4320,35,3639,572,14,33,0,2,25,3397,23,2881,437,13,25,0,0,18,NA,35324,91380,02520,106,28,7,8,411.6218900788514,449.7616805931505
13255000011,GA,255,11,4755,40,3875,791,2,17,0,1,29,3537,21,2913,572,2,13,0,0,16,NA,58296,92292,02520,107,28,7,8,428.58599505707895,468.2976344592209
13255000012,GA,255,12,1839,22,1555,249,7,0,0,0,6,1348,15,1171,156,4,0,0,0,2,NA,NA,92613,02520,106,28,7,8,163.3400965046487,178.47475579616335
13255000013,GA,255,13,3380,38,3154,141,4,14,1,0,28,2473,22,2320,98,2,11,1,0,19,NA,NA,92901,02520,106,28,7,13,299.65879722254914,327.424385077086
13255000014,GA,255,14,3216,85,2749,327,12,11,0,3,29,2261,53,1932,241,10,8,0,1,16,NA,74572,92901,02520,106,28,7,8,273.97029539837587,299.3556549370366
13255000015,GA,255,15,807,14,781,5,1,4,0,0,2,613,11,591,5,1,4,0,0,1,NA,NA,92613,02520,106,28,7,8,74.27854536895374,81.16099799929387
13255000016,GA,255,16,3641,40,2298,1235,7,33,0,6,22,2699,24,1785,842,6,25,0,2,15,NA,28296,91380,02520,106,28,7,13,327.04370954454515,357.3467106037425
13255000017,GA,255,17,1899,49,1610,198,6,8,0,1,27,1402,37,1218,119,6,8,0,1,13,NA,25440,91380,02520,107,28,7,8,169.8833941391079,185.62433800164763
13255000018,GA,255,18,2728,38,478,2180,6,1,0,2,23,1820,26,400,1381,4,1,0,0,8,NA,28296,91380,02520,107,29,7,13,220.53336471695891,240.9674002589149
13255000019,GA,255,19,2875,8,2713,100,10,21,1,3,19,2172,7,2063,63,8,15,1,3,12,NA,35324,92613,02520,106,28,7,8,263.1859715193598,287.57208426503473
13257000001,GA,257,1,6421,79,4975,1202,13,53,2,11,86,5040,49,4035,860,12,37,2,1,44,NA,76756,93054,04560,22,50,2,9,605.2763509348675,641.5204438052189
13257000002,GA,257,2,4078,65,3161,728,13,34,7,6,64,3109,40,2533,456,10,32,6,1,31,NA,76756,93054,04560,22,50,2,9,373.37384425724264,395.7315594822272
13257000003,GA,257,3,4231,44,3814,309,14,21,9,1,19,3318,34,3008,234,12,13,6,0,11,NA,76756,93054,04560,22,50,2,9,398.4735976987877,422.33429217176905
13257000004,GA,257,4,1538,8,1504,18,2,5,0,0,1,1142,6,1120,12,1,2,0,0,1,NA,NA,90408,04560,22,50,2,9,137.14793507294021,145.36038627491268
13257000005,GA,257,5,273,0,264,2,4,0,0,3,0,208,0,202,2,2,0,0,2,0,NA,NA,90408,04560,22,50,2,9,24.97965892747072,26.475446887199507
13257000006,GA,257,6,1680,15,1403,231,4,16,0,1,10,1228,11,1031,161,4,13,0,1,7,NA,50008,90408,04560,22,50,2,9,147.47606328333677,156.30696527635095
13257000007,GA,257,7,3129,18,2914,162,6,5,0,4,20,2358,6,2211,117,3,4,0,2,15,NA,76756,90408,04560,22,50,2,9,283.18286418738444,300.13992192315595
13257000008,GA,257,8,4085,21,3638,377,6,11,1,0,31,3065,19,2740,284,4,5,0,0,13,NA,35814,92556,04560,22,50,2,9,368.08968563797004,390.1309841791658
13259000001,GA,259,01,202,0,111,80,0,7,0,0,4,154,0,92,55,0,4,0,0,3,NA,NA,92508,04590,158,14,4,2,40.20785804816223,18.620532319391636
13259000002,GA,259,02,1949,60,735,1138,1,2,0,0,13,1484,33,618,820,1,2,0,0,10,NA,65016,92508,04590,158,14,4,2,387.4575411913815,179.4342205323194
13259000003,GA,259,03,248,0,81,167,0,0,0,0,0,183,0,66,117,0,0,0,0,0,NA,NA,92508,04590,158,14,4,2,47.77946768060836,22.12699619771863
13259000004,GA,259,04,474,7,148,313,6,0,0,0,0,353,4,111,235,3,0,0,0,0,NA,NA,92280,04590,158,14,4,2,92.16476552598226,42.68212927756654
13259000005,GA,259,05,2007,12,684,1299,4,0,0,0,8,1481,8,546,919,3,0,0,0,5,NA,47980,91848,04590,158,14,4,2,386.6742712294043,179.07148288973383
13259000006,GA,259,06,372,0,167,204,1,0,0,0,0,290,0,134,155,1,0,0,0,0,NA,NA,92280,04590,158,14,4,2,75.71609632446135,35.06463878326996
13261000015,GA,261,15,2520,109,1464,924,5,1,0,3,14,1885,80,1150,643,4,1,0,0,7,NA,46020,91728,04620,137,14,4,2,264.8028621495327,215.57013518024033
13261000016,GA,261,16,607,26,313,246,4,11,0,0,7,435,16,239,165,4,7,0,0,4,NA,NA,91728,04620,137,14,4,2,61.10835280373831,49.74695427236315
13261000027,GA,261,27,24278,593,10532,12795,49,171,6,6,126,17458,395,8462,8348,29,140,5,2,77,NA,02116,90090,04620,137,14,4,2,2452.4818925233644,1996.511098130841
13261000028,GA,261,28,1381,42,754,583,0,0,0,0,2,956,24,552,380,0,0,0,0,0,NA,NA,90096,04620,137,14,4,2,134.2978971962617,109.3289385847797
13261000029,GA,261,29,738,33,546,154,2,3,0,0,0,551,26,402,118,2,3,0,0,0,NA,02256,90096,04620,137,14,4,2,77.40391355140187,63.01280874499333
13261000076,GA,261,76,611,8,308,287,0,5,0,0,3,437,5,227,200,0,2,0,0,3,NA,71464,90090,04620,137,14,4,2,61.38931074766355,49.975675901201605
13261000077,GA,261,77,471,2,240,226,2,0,0,0,1,339,1,186,149,2,0,0,0,1,NA,NA,92388,04620,137,14,4,2,47.6223714953271,38.76831608811749
13261000086,GA,261,86,653,11,584,51,3,1,0,1,2,491,8,446,31,3,1,0,1,1,NA,NA,92388,04620,137,14,4,2,68.97517523364486,56.15115987983978
13261000096,GA,261,96,1941,67,931,930,8,1,0,0,4,1416,45,725,635,6,1,0,0,4,NA,61628,92388,04620,137,14,4,2,198.91822429906543,161.9349132176235
13263000001,GA,263,01,658,12,212,424,1,2,1,0,6,528,7,184,328,1,2,1,0,5,NA,NA,92946,04650,133,16,7,11,119.35714285714285,46.71428571428571
13263000002,GA,263,02,1005,17,396,580,1,0,0,3,8,761,11,334,409,0,0,0,0,7,NA,83952,93420,04650,133,16,7,11,172.02800324675326,67.32873376623377
13263000003,GA,263,03,426,9,146,264,2,2,0,0,3,317,9,113,189,2,1,0,0,3,NA,42800,91626,04650,133,16,7,11,71.65949675324676,28.046266233766236
13263000004,GA,263,04,634,0,262,367,0,0,0,0,5,497,0,203,289,0,0,0,0,5,NA,32412,91626,04650,133,16,7,11,112.34943181818181,43.97159090909091
13263000005,GA,263,05,1529,18,339,1138,8,14,0,0,12,1130,17,289,797,6,10,0,0,11,NA,75244,92946,04650,133,16,7,11,255.44237012987014,99.97564935064935
13263000006,GA,263,06,644,7,364,265,0,0,0,0,8,484,4,285,193,0,0,0,0,2,NA,19007,91626,04650,133,16,7,11,109.41071428571428,42.82142857142857
13263000007,GA,263,07,206,10,61,135,0,0,0,0,0,161,6,51,104,0,0,0,0,0,NA,NA,92946,04650,133,16,7,11,36.39488636363636,14.244318181818182
13263000008,GA,263,08,1396,9,574,801,2,0,0,0,10,1050,8,450,582,2,0,0,0,8,NA,49532,93420,04650,133,16,7,11,237.35795454545456,92.89772727272728
13265000172,GA,265,172,434,0,156,274,0,1,0,2,1,329,0,128,200,0,1,0,0,0,NA,69896,92742,04680,120,25,5,12,101.39124920735574,46.523145212428666
13265000601,GA,265,601,1643,19,631,977,1,0,0,4,11,1248,13,521,711,1,0,0,1,1,NA,20316,90816,04680,120,25,5,12,384.6087507926443,176.47685478757134
13267000001,GA,267,01,1285,191,921,164,3,0,0,0,6,953,117,724,107,3,0,0,0,2,NA,17272,90738,04770,154,4,3,3,113.71495028202594,95.98162470198291
13267000002,GA,267,02,261,5,235,17,0,3,0,0,1,207,4,188,13,0,2,0,0,0,NA,NA,90738,04770,154,4,3,3,24.69988951561319,20.84805489329534
13267000003,GA,267,03,1730,88,1142,484,4,0,0,0,12,1288,61,901,316,2,0,0,0,8,NA,17832,90738,04770,154,4,3,3,153.68820143048205,129.72123044717102
13267000004,GA,267,04,368,3,215,148,0,0,0,0,2,261,1,151,108,0,0,0,0,1,NA,49504,92478,04770,154,4,3,3,31.143338954468803,26.286677908937605
13267000005,GA,267,05,5567,659,3030,1808,8,18,0,0,44,4296,399,2377,1474,8,14,0,0,24,NA,64512,92478,04770,154,4,3,3,512.6121998022911,432.6726754666512
13267000006,GA,267,06,1269,256,576,429,1,1,0,0,6,925,171,441,308,1,1,0,0,3,NA,64512,92478,04770,154,4,3,3,110.37390242484155,93.16159795313136
13267000007,GA,267,07,1300,28,1070,191,2,1,0,2,6,965,13,832,112,2,1,0,2,3,NA,33336,91302,04770,154,4,3,3,115.14682793510495,97.19020759434784
13267000008,GA,267,08,923,47,837,28,0,7,0,0,4,671,28,617,22,0,3,0,0,1,NA,NA,91302,04770,154,4,3,3,80.06582543466884,67.57992673140664
13267000009,GA,267,09,1397,1,434,959,0,2,0,0,1,1341,1,392,945,0,2,0,0,1,NA,NA,92478,04770,154,4,3,3,160.01232773158108,135.05913822178286
13267000010,GA,267,10,1802,79,488,1224,0,5,0,2,4,1186,52,360,768,0,4,0,1,1,NA,33336,91302,04770,154,4,3,3,141.51724137931035,119.44827586206897
13267000011,GA,267,11,459,11,439,6,0,0,0,0,3,334,5,323,5,0,0,0,0,1,NA,33336,91302,04770,154,4,3,3,39.85392801069954,33.6388905041577
13267000012,GA,267,12,3437,436,1868,1113,3,7,3,2,5,2850,309,1522,1004,3,5,3,2,2,NA,33336,91302,04770,154,4,3,3,340.07094260626855,287.038436936675
13267000013,GA,267,13,2146,57,1708,334,3,20,1,2,21,1622,40,1336,216,3,17,1,0,9,NA,33336,91302,04770,154,4,3,3,193.5421294411816,163.36012095132872
13267000014,GA,267,14,227,18,154,54,0,0,0,0,1,184,16,128,39,0,0,0,0,1,NA,NA,92478,04770,154,4,3,3,21.955457347211723,18.53160434959586
13267000015,GA,267,15,134,4,101,29,0,0,0,0,0,114,2,88,24,0,0,0,0,0,NA,NA,92478,04770,154,4,3,3,13.602837704250742,11.481537477467
13269000001,GA,269,1,2127,24,387,1709,0,1,0,0,6,1351,11,271,1066,0,1,0,0,2,NA,12120,90474,04800,140,14,4,3,279.799100217189,168.08904747130003
13269000002,GA,269,2,572,6,390,173,0,0,0,0,3,429,4,302,123,0,0,0,0,0,NA,NA,90558,04800,140,14,4,3,88.8481228668942,53.375426621160415
13269000003,GA,269,3,547,15,409,115,0,1,0,0,7,412,7,309,88,0,1,0,0,7,NA,NA,90474,04800,140,14,4,3,85.3273347812597,51.26031647533354
13269000004,GA,269,4,467,7,378,73,1,0,0,0,8,334,4,270,56,1,0,0,0,3,NA,NA,92628,04800,140,14,4,3,69.17313062364258,41.55569345330438
13269000005,GA,269,5,291,1,255,31,1,2,0,0,1,243,1,210,28,1,2,0,0,1,NA,NA,92628,04800,140,14,4,3,50.326559106422586,30.23363326093701
13269000006,GA,269,6,1692,24,1339,319,3,0,0,1,6,1296,19,1048,224,3,0,0,0,2,NA,12120,90474,04800,140,14,4,3,268.4083152342538,161.24604405833074
13269000007,GA,269,7,2042,9,987,1034,1,8,0,0,3,1507,7,780,712,1,6,0,0,1,NA,64876,92490,04800,140,14,4,3,312.1075085324232,187.49829351535837
13269000008,GA,269,8,497,9,431,55,1,0,0,0,1,374,4,331,38,1,0,0,0,0,NA,NA,92490,04800,140,14,4,3,77.45733788395904,46.532423208191126
13269000009,GA,269,9,580,68,271,227,2,4,0,0,8,500,68,225,196,2,2,0,0,7,NA,NA,90558,04800,140,14,4,3,103.55259075395594,62.20912193608439
132710000HE,GA,271,HE,2748,81,1327,1315,0,9,0,0,16,2287,74,1074,1119,0,9,0,0,11,NA,37816,91896,04830,142,19,1,3,422.32315939175146,274.460015315611
132710000JA,GA,271,JA,1061,11,775,270,1,0,0,0,4,816,6,597,209,0,0,0,0,4,NA,41708,91578,04830,170,19,1,3,150.6846078109616,97.92714145060715
132710000LU,GA,271,LU,1972,36,1163,767,1,0,0,3,2,1454,21,904,528,1,0,0,0,0,NA,47952,91842,04830,170,19,1,3,268.4992889180615,174.49272508478285
132710000MC,GA,271,MC,3939,67,2172,1680,0,8,0,0,12,2939,53,1735,1140,0,5,0,0,6,NA,49084,91896,04830,142,19,1,3,542.7231156328629,352.70572147467453
132710000MI,GA,271,MI,1505,17,1112,367,1,1,0,0,7,1222,16,899,302,0,1,0,0,4,NA,51408,92004,04830,170,19,1,3,225.6575866972979,146.65069467235531
132710000SC,GA,271,SC,569,3,444,116,0,5,0,0,1,423,0,333,86,0,3,0,0,1,NA,69336,91896,04830,170,19,1,3,78.11224154906465,50.76370200196914
13273000001,GA,273,01,5058,47,1070,3890,3,20,0,4,24,3524,27,912,2550,3,14,0,2,16,NA,21912,90900,04860,159,14,4,2,651.7785132382892,435.565682281059
13273000002,GA,273,02,3171,38,1619,1472,10,11,3,0,18,2308,24,1315,938,9,10,2,0,10,NA,68796,92700,04860,159,14,4,2,426.8742362525458,285.2683299389002
13273000003,GA,273,03,2741,51,1412,1252,9,0,0,0,17,2024,37,1114,855,4,0,0,0,14,NA,10860,92316,04860,159,14,4,2,374.34725050916495,250.16598778004072
13275000001,GA,275,1,1615,31,1264,295,4,7,0,1,13,1213,21,953,222,3,5,0,0,9,NA,76224,93012,04890,179,11,4,2,152.3652042651593,151.11854445015416
13275000002,GA,275,2,848,16,549,273,3,4,0,0,3,605,9,421,165,3,4,0,0,3,NA,05708,92328,04890,180,8,4,2,75.9941867934224,75.37239850976361
13275000003,GA,275,3,2685,62,1070,1533,3,0,0,3,14,1902,38,825,1028,3,0,0,0,8,NA,09460,90330,04890,180,8,4,2,238.91065005138745,236.95587101747174
13275000004,GA,275,4,4013,70,3179,711,11,4,2,0,36,2884,48,2366,439,11,2,2,0,16,NA,76224,93012,04890,180,8,4,2,362.2598920863309,359.2958633093525
13275000005,GA,275,5,1433,36,1040,332,2,12,0,0,11,1074,24,789,241,2,9,0,0,9,NA,19392,90780,04890,180,8,4,2,134.90538283658788,133.80158016443988
13275000006,GA,275,6,3973,54,549,3322,8,13,0,8,19,2665,36,473,2123,7,10,0,3,13,NA,76224,93012,04950,180,11,4,2,334.7512525693731,332.01230087358687
13275000007,GA,275,7,5585,98,4419,930,17,68,1,4,48,4336,68,3557,611,17,49,1,0,33,NA,76224,93012,04950,180,8,4,2,544.6459403905446,540.1896197327851
13275000008,GA,275,8,1315,10,1208,79,2,3,1,0,12,946,7,874,51,1,2,1,0,10,NA,NA,92256,04890,180,8,4,2,118.82727389516958,117.85502312435766
13275000009,GA,275,9,6073,91,4374,1502,12,30,2,3,59,4397,65,3269,986,12,25,1,0,39,NA,76224,93012,04890,180,8,4,2,552.3081641829393,547.7891508221994
13275000010,GA,275,10,5136,51,765,4273,13,3,0,1,30,3692,28,570,3055,10,2,0,0,27,NA,76224,93012,04950,180,11,4,2,463.7529547790339,459.9585046248715
13275000011,GA,275,11,3468,29,1944,1465,3,8,0,0,19,2592,21,1559,993,3,5,0,0,11,NA,76224,93012,04950,180,8,4,2,325.58170606372045,322.9177800616649
13275000012,GA,275,12,1695,99,734,831,8,0,8,4,11,1178,55,574,528,6,0,4,1,10,NA,50680,91974,04890,180,8,4,2,147.9688463514902,146.75815775950667
13275000013,GA,275,13,1019,13,662,335,2,0,0,2,5,739,7,504,222,1,0,0,0,5,NA,NA,90780,04890,180,8,4,2,92.82595709146968,92.0664504110997
13275000014,GA,275,14,485,7,335,128,8,1,0,0,6,350,3,252,85,5,1,0,0,4,NA,NA,93012,04890,179,11,4,2,43.96357913669065,43.60386690647482
13275000015,GA,275,15,1795,17,1489,256,10,12,0,0,11,1354,11,1153,168,8,8,0,0,6,NA,57372,92256,04890,180,8,4,2,170.0762461459404,168.68467368961973
13275000016,GA,275,16,474,15,380,74,2,0,0,0,3,350,12,275,59,2,0,0,0,2,NA,NA,92328,04890,180,8,4,2,43.96357913669065,43.60386690647482
13275000017,GA,275,17,1125,35,914,158,8,7,0,0,3,859,18,715,114,5,6,0,0,1,NA,59556,92328,04890,180,8,4,2,107.89918422404934,107.01634763617677
13277000001,GA,277,01,5805,398,4319,929,8,112,1,0,38,4487,259,3536,584,8,78,1,0,21,NA,76476,93036,04980,165,13,4,2,439.90196078431376,478.5940675540289
13277000002,GA,277,02,2469,43,2228,174,1,13,0,1,9,1796,24,1640,117,0,11,0,0,4,NA,76476,90420,04980,156,13,4,2,176.07843137254903,191.56562186918563
13277000003,GA,277,03,2231,44,2079,66,4,27,3,1,7,1666,30,1559,43,3,24,3,0,4,NA,NA,90420,04980,156,13,4,2,163.33333333333331,177.69951338199513
13277000004,GA,277,04,1937,166,1548,196,10,6,0,0,11,1518,155,1203,147,7,2,0,0,4,NA,NA,90660,04980,165,13,4,2,148.8235294117647,161.91348218119364
13277000005,GA,277,05,1373,72,1232,57,5,1,0,0,6,1011,48,915,38,4,1,0,0,5,NA,NA,93138,04980,157,13,4,2,99.11764705882354,107.83565908115072
13277000006,GA,277,06,2034,108,1800,105,0,13,0,0,8,1480,60,1327,74,0,12,0,0,7,NA,NA,92244,04980,165,13,4,2,145.09803921568627,157.8603120080149
13277000007,GA,277,07,2244,776,1202,240,11,4,0,0,11,1579,497,892,174,8,3,0,0,5,NA,58184,92286,04980,165,13,4,2,154.80392156862746,168.41988693287536
13277000008,GA,277,08,1824,51,1339,416,2,5,0,0,11,1317,35,987,286,1,3,0,0,5,NA,78100,93138,04980,157,13,4,2,129.1176470588235,140.47434521253757
13277000009,GA,277,09,4632,460,3394,650,11,97,0,3,17,3631,293,2757,480,8,82,0,2,9,NA,76476,93036,04980,165,13,4,2,355.98039215686276,387.2910762845284
13277000010,GA,277,10,4407,232,937,3173,4,19,1,0,41,2891,158,700,1986,2,18,1,0,26,NA,76476,93036,04980,157,13,4,2,283.4313725490196,308.360920280521
13277000011,GA,277,11,5420,332,827,4210,3,13,3,0,32,3538,194,634,2679,2,11,2,0,16,NA,76476,93036,04980,165,13,4,2,346.86274509803917,377.3714755975383
13277000012,GA,277,12,4031,262,3187,479,7,62,0,0,34,3034,170,2475,323,7,40,0,0,19,NA,76476,93036,04980,165,13,4,2,297.45098039215685,323.61363961643053
13279000039,GA,279,39,643,50,549,40,0,0,0,0,4,480,24,428,24,0,0,0,0,4,NA,NA,93192,05040,155,6,3,3,63.092783505154635,66.31443298969072
13279000043,GA,279,43,1673,217,1381,68,2,2,0,0,3,1238,140,1040,51,2,2,0,0,3,NA,01808,93060,05040,155,6,3,3,162.72680412371133,171.03597508591065
13279000511,GA,279,511,4188,163,1815,2177,4,13,0,2,14,2919,107,1396,1396,3,10,0,0,7,NA,79388,93192,05340,155,6,3,3,383.6829896907216,403.2746456185567
13279000512,GA,279,512,2067,64,1360,607,4,24,0,1,7,1525,41,1096,359,2,23,0,0,4,NA,79388,93192,05340,155,6,3,3,200.45103092783506,210.68647981099656
13279000513,GA,279,513,2530,73,1874,512,7,47,0,0,17,1843,50,1445,299,5,34,0,0,10,NA,79388,93192,05340,155,6,3,3,242.25,254.61979166666666
13279000514,GA,279,514,2590,60,1746,751,3,13,0,1,16,1859,37,1306,495,3,13,0,0,5,NA,79388,93192,05340,155,6,3,3,244.35309278350516,256.83027276632305
13279001192,GA,279,1192,924,123,690,103,1,2,0,0,5,628,79,482,64,0,2,0,0,1,NA,NA,93192,05040,155,6,3,3,82.54639175257732,86.76138316151203
13279001403,GA,279,1403,581,16,375,184,2,1,0,0,3,425,7,290,123,2,1,0,0,2,NA,NA,93060,05040,155,6,3,3,55.863402061855666,58.71590420962199
13279001521,GA,279,1521,829,159,644,16,0,0,0,0,10,595,91,482,12,0,0,0,0,10,NA,NA,93060,05040,155,6,3,3,78.20876288659794,82.20226589347078
13279001715,GA,279,1715,721,33,615,69,0,0,0,0,4,543,24,469,49,0,0,0,0,1,NA,NA,93192,05040,155,6,3,3,71.37371134020619,75.01820231958763
13279001770,GA,279,1770,412,77,320,10,0,0,0,0,5,294,36,248,7,0,0,0,0,3,NA,NA,93192,05040,155,6,3,3,38.644329896907216,40.61759020618557
13279001823,GA,279,1823,2276,302,1734,219,4,7,0,0,10,1588,178,1265,134,1,5,0,0,5,NA,79388,93192,05040,155,6,3,3,208.7319587628866,219.39024914089347
13279015361,GA,279,15361,4169,628,2190,1317,7,7,0,1,19,2964,388,1714,840,4,6,0,0,12,NA,48232,93192,05040,155,6,3,3,389.5979381443299,409.4916237113402
13279015362,GA,279,15362,2464,345,1933,164,10,3,0,0,9,1723,204,1408,99,6,3,0,0,3,NA,48232,93192,05040,155,6,3,3,226.47680412371136,238.041183419244
13281000833,GA,281,833,2735,28,2691,0,3,1,0,0,12,2214,24,2177,0,3,1,0,0,9,NA,38124,91458,05070,8,50,2,9,311.29941040758774,299.94847475006407
13281000990,GA,281,990,3943,28,3871,2,7,19,0,0,16,3373,22,3321,2,4,12,0,0,12,NA,38124,91458,05070,8,50,2,9,474.26057421174056,456.9675724173289
13281001468,GA,281,1468,2608,11,2564,10,4,9,0,1,9,2183,11,2143,10,4,5,0,1,9,NA,84960,93468,05070,8,50,2,9,306.9406562419892,295.748654191233
13281001581,GA,281,1581,33,0,33,0,0,0,0,0,0,32,0,32,0,0,0,0,0,0,NA,NA,91458,05070,8,50,2,9,4.499359138682389,4.335298641374006
1328300BLAC,GA,283,BLAC,363,15,316,32,0,0,0,0,0,273,11,240,22,0,0,0,0,0,NA,NA,91290,05100,144,20,1,3,46.710821998817266,30.889414547604968
1328300GILL,GA,283,GILL,337,0,312,25,0,0,0,0,0,241,0,225,16,0,0,0,0,0,NA,NA,91290,05100,144,20,1,3,41.235560812142715,27.26867731125567
1328300LOTH,GA,283,LOTH,709,3,606,95,1,0,0,0,4,516,2,452,59,1,0,0,0,2,NA,NA,92802,05100,144,20,1,3,88.28858663512715,58.38438793613247
1328300OGLE,GA,283,OGLE,266,4,235,27,0,0,0,0,0,227,4,201,22,0,0,0,0,0,NA,NA,91290,05100,144,20,1,3,38.8401340429726,25.68460477035285
1328300ORLA,GA,283,ORLA,456,2,408,39,1,4,0,2,0,326,2,299,22,1,2,0,0,0,NA,NA,92802,05100,144,20,1,3,55.77922333924699,36.88626059530849
1328300SOPE,GA,283,SOPE,4723,55,2586,2035,2,14,0,2,29,3490,39,2016,1404,2,12,0,0,17,NA,71772,92802,05100,144,20,1,3,597.1456731716933,394.88665483934557
13285000001,GA,285,01,5058,76,4237,648,4,60,1,2,30,3943,61,3419,395,4,47,1,1,15,NA,44340,91674,00001,130,29,11,8,549.3383955100694,529.0682922227987
13285000002,GA,285,02,5979,137,2301,3477,11,1,4,8,40,4066,90,1852,2094,7,0,2,3,18,NA,44340,91674,00001,131,29,11,11,566.4747441399802,545.5723246710371
13285000003,GA,285,03,5657,152,3599,1792,7,54,0,9,44,4136,107,2792,1178,4,36,0,1,18,NA,44340,91674,00001,130,29,11,11,576.2271376691978,554.9648634627175
13285000004,GA,285,04,4941,38,285,4583,5,12,0,0,18,3361,24,199,3118,2,6,0,0,12,NA,44340,91674,00001,131,29,11,11,468.2542093100033,450.9760411262557
13285000005,GA,285,05,3294,19,1383,1858,3,11,0,1,19,2296,10,1056,1211,2,10,0,0,7,9550,82132,93342,00001,102,29,11,11,319.87850775833607,308.07527236711786
13285000006,GA,285,06,4182,47,2831,1261,8,13,0,1,21,3031,30,2139,833,7,7,0,0,15,NA,39244,91506,00001,130,29,11,11,422.2786398151205,406.6969296797623
13285000007,GA,285,07,3464,72,3148,178,4,29,2,0,31,2579,34,2378,125,4,21,1,0,16,NA,44340,90012,00001,130,29,11,11,359.3060415978871,346.04796491062586
13285000008,GA,285,08,4731,37,3954,711,1,2,0,4,22,3558,22,2922,604,1,2,0,0,7,NA,61124,92232,00001,102,29,11,8,495.70023109937273,477.4093288685563
13285000009,GA,285,09,1603,9,1190,385,11,6,0,0,2,1143,5,854,275,5,4,0,0,0,NA,44340,91674,00001,131,29,11,8,159.2426543413668,153.36674055558177
13285000010,GA,285,10,3553,25,3217,258,1,18,0,4,30,2582,14,2355,180,1,11,0,3,18,NA,39244,91470,00001,130,29,11,8,359.7240013205678,346.4505022874122
13285000011,GA,285,11,3257,29,2809,393,0,13,0,3,10,2293,18,1976,286,0,8,0,0,5,NA,44340,91674,00001,130,29,11,8,319.46054803565534,307.67273499033155
13285000012,GA,285,12,2679,62,2023,514,10,44,0,0,26,1930,49,1482,347,8,34,0,0,10,NA,44340,91674,00001,130,29,11,11,268.88742159128424,258.9657123991888
13285000013,GA,285,13,2560,28,2009,498,4,9,0,3,9,1830,20,1434,361,3,8,0,0,4,NA,82132,93342,00001,102,29,11,8,254.95543083525916,245.54779983964534
13285000014,GA,285,14,2169,78,1641,379,3,38,1,1,28,1637,55,1276,264,1,27,1,0,13,NA,44340,91674,00001,130,29,11,8,228.06668867613072,219.65122859972644
13285000015,GA,285,15,2145,135,1267,713,5,6,0,1,18,1565,105,992,447,5,5,0,0,11,NA,44340,91674,00001,131,29,11,11,218.03565533179264,209.99033155685515
13285000016,GA,285,16,3507,60,2367,1002,7,24,2,18,27,2456,51,1701,665,4,18,2,3,12,NA,44340,91674,00001,130,29,11,8,342.16969296797623,329.5439324623874
13287000001,GA,287,1,6050,156,2531,3317,7,24,0,2,13,4220,120,1981,2083,5,19,0,0,12,NA,03236,90134,05190,157,13,4,2,820.468167586104,544.2522737438496
13287000002,GA,287,2,2653,64,2122,450,4,3,0,1,9,1900,43,1558,285,4,2,0,0,8,NA,75104,90134,05190,157,13,4,2,369.40509915014167,245.04249291784703
13287000003,GA,287,3,801,24,662,101,3,4,0,0,7,587,17,501,61,2,3,0,0,3,NA,63840,92454,05190,157,13,4,2,114.12673326375428,75.70523333830326
1328900000W,GA,289,W,94,7,38,49,0,0,0,0,0,66,5,31,30,0,0,0,0,0,NA,NA,93114,05220,123,26,1,3,14.854481955762514,6.103996895615056
132890000BF,GA,289,BF,651,15,280,349,1,1,3,0,2,508,11,230,261,1,1,3,0,1,NA,NA,93114,05220,123,26,1,3,114.33449747768722,46.982279135946186
132890000HM,GA,289,HM,609,1,560,39,1,1,0,0,7,443,1,416,21,1,1,0,0,3,NA,NA,93108,05220,123,26,1,3,99.70508343034537,40.97076704177985
132890000HV,GA,289,HV,1431,5,877,535,5,2,0,1,6,1034,4,689,332,3,2,0,0,4,NA,21688,93114,05220,123,26,1,3,232.72021730694607,95.62928469796921
132890000JV,GA,289,JV,2157,36,743,1367,3,3,0,0,5,1598,27,601,962,2,3,0,0,3,NA,42100,93108,05220,123,26,1,3,359.65851765618936,147.79071271504333
132890000MC,GA,289,MC,70,0,49,20,1,0,0,0,0,60,0,41,18,1,0,0,0,0,NA,NA,93108,05220,123,26,1,3,13.50407450523865,5.5490880869227786
132890000PE,GA,289,PE,2394,22,1134,1222,5,1,0,0,10,1715,18,842,845,4,1,0,0,5,NA,NA,93108,05220,123,26,1,3,385.99146294140473,158.61143448454274
132890000SG,GA,289,SG,1135,3,460,661,1,1,0,0,9,822,3,360,452,1,1,0,0,5,NA,NA,93114,05220,123,26,1,3,185.0058207217695,76.02250679084207
132890000SM,GA,289,SM,2025,23,1623,347,4,2,0,1,25,1468,14,1183,248,2,2,0,0,19,NA,NA,93108,05220,123,26,1,3,330.3996895615056,135.76768852671066
132890000TV,GA,289,TV,24,0,20,0,0,0,0,0,4,17,0,14,0,0,0,0,0,3,NA,NA,93114,05220,123,26,1,3,3.8261544431509504,1.5722416246281206
13291000001,GA,291,1,3943,65,3761,64,2,17,0,2,32,3166,59,3004,64,1,12,0,0,26,NA,08480,90288,05250,8,50,2,9,357.577151120752,333.76919739696314
13291000002,GA,291,2,5225,41,5109,23,17,9,0,0,26,4066,30,3991,12,11,6,0,0,16,NA,NA,90288,05250,8,50,2,9,459.22574114244395,428.6498915401301
13291000003,GA,291,3,3119,28,3049,2,5,5,1,0,29,2552,19,2500,2,5,5,1,0,20,NA,NA,90288,05250,8,50,2,9,288.2302241503977,269.03947939262474
13291000004,GA,291,4,4257,15,4193,1,14,6,2,1,25,3432,13,3381,1,11,5,2,0,19,NA,NA,91566,05250,8,50,2,9,387.61995661605204,361.8117136659436
13291000005,GA,291,5,745,4,725,4,3,3,0,0,6,614,4,598,2,2,2,0,0,6,NA,NA,92874,05250,8,50,2,9,69.3469269703543,64.7297180043384
13293000470,GA,293,0470,473,13,268,192,0,0,0,0,0,363,7,207,149,0,0,0,0,0,NA,NA,91326,05280,129,27,1,11,56.696134208606864,50.95944566010212
13293000555,GA,293,0555,6820,61,5318,1333,21,29,5,5,48,5060,42,4065,882,14,23,3,0,31,NA,36416,93006,05280,129,27,1,8,790.3097495745197,710.3437879893022
13293000561,GA,293,0561,1215,9,100,1101,1,3,0,0,1,902,6,80,812,1,2,0,0,1,NA,46524,93006,05280,129,27,1,11,140.88130318502309,126.62650133722343
13293000588,GA,293,0588,1293,9,1020,255,4,3,0,0,2,966,7,755,195,4,3,0,0,2,NA,84708,93000,05280,129,27,1,8,150.87731582786287,135.61108679795768
13293000589,GA,293,0589,480,3,55,421,1,0,0,0,0,366,3,37,325,1,0,0,0,0,NA,68129,91326,05280,129,27,1,11,57.16469730123997,51.38059810357404
13293001336,GA,293,1336,1307,4,1262,24,2,1,0,0,14,964,3,934,17,2,0,0,0,8,NA,74768,93030,05280,129,27,1,8,150.5649404327741,135.33031850230975
13293001577,GA,293,1577,473,0,402,68,0,1,0,0,2,353,0,296,56,0,1,0,0,0,NA,NA,93000,05280,129,27,1,8,55.13425723316315,49.55560418186239
13293005610,GA,293,5610,12137,194,7801,3995,28,59,1,6,53,9054,128,6141,2690,21,42,1,3,28,NA,76168,93006,05280,129,27,1,11,1414.1234135667396,1271.0380743982494
132930X0537,GA,293,X0537,3399,34,3045,286,10,6,0,0,18,2537,26,2273,215,9,4,0,0,10,NA,36416,93030,05280,129,27,1,8,396.2481886700705,356.1545830294189
13295000869,GA,295,0869,2292,11,2144,111,7,1,0,5,13,1682,11,1568,83,7,1,0,2,10,NA,NA,91668,05370,2,53,2,10,212.7427695934001,198.1528815556865
13295000871,GA,295,0871,9954,115,9157,523,13,36,5,26,79,7518,79,6957,377,11,27,5,14,48,NA,44312,91668,05370,2,53,2,10,950.8918797878608,885.6797642899234
13295000881,GA,295,0881,3193,18,3026,105,9,4,1,2,28,2381,11,2278,69,7,2,1,0,13,NA,15984,90654,05370,2,53,2,10,301.1537065409546,280.5006010606954
13295000943,GA,295,0943,1078,5,1057,12,0,2,0,0,2,789,2,775,9,0,1,0,0,2,NA,NA,91668,05370,11,53,2,10,99.7943193871538,92.95043017088982
13295000944,GA,295,0944,4372,21,4061,242,6,15,2,1,24,3453,17,3190,214,4,9,2,0,17,NA,NA,92574,05370,2,53,2,10,436.7424395992929,406.7906658809664
13295000953,GA,295,0953,1475,45,1375,38,8,1,0,1,7,1057,33,987,29,4,1,0,1,2,NA,NA,93210,05370,2,53,2,10,94.12155477031803,79.18162544169611
13295000960,GA,295,0960,2443,20,2347,48,2,9,0,0,17,1792,9,1725,37,2,6,0,0,13,NA,NA,91668,05370,2,53,2,10,226.6557925751326,211.11175014731882
13295001053,GA,295,1053,455,7,425,23,0,0,0,0,0,358,4,336,18,0,0,0,0,0,NA,NA,93210,05370,2,53,2,10,31.87844522968198,26.818374558303887
13295001161,GA,295,1161,1303,3,1293,2,1,0,0,0,4,962,2,955,2,1,0,0,0,2,NA,15585,91152,05370,1,53,2,10,127.53266571292323,249.56032427277063
13295001501,GA,295,1501,4645,22,4499,60,10,20,0,1,33,3492,14,3393,46,8,11,0,1,19,NA,15585,90624,05370,1,53,2,10,441.6752386564526,411.38517383618154
13295001800,GA,295,1800,466,9,444,8,2,0,0,0,3,359,7,340,7,2,0,0,0,3,NA,NA,91638,05370,1,53,2,10,45.40704773129052,42.2930347672363
13295001808,GA,295,1808,634,0,625,4,1,0,0,0,4,487,0,482,3,1,0,0,0,1,NA,NA,91638,05370,2,53,2,10,61.59674720094284,57.37244549204479
13295001809,GA,295,1809,1341,3,1073,241,3,2,1,4,14,1003,3,812,177,3,2,1,0,5,NA,NA,91638,05370,2,53,2,10,126.86147318797877,118.16131997642898
13295001812,GA,295,1812,11543,183,10909,237,57,32,3,1,121,8713,111,8318,140,47,21,3,0,73,NA,67256,92598,05370,1,53,2,10,1102.0379021803183,1026.4602003535651
13295001818,GA,295,1818,5382,28,5169,134,13,16,0,1,21,4078,17,3926,99,10,13,0,0,13,NA,15984,90654,05370,2,53,2,10,515.7937065409546,480.42060106069533
13295001851,GA,295,1851,1617,13,1593,0,0,3,0,0,8,1135,10,1118,0,0,1,0,0,6,NA,47336,91152,05370,1,53,2,10,150.4673342870768,294.43967572722937
13295001893,GA,295,1893,5484,39,5009,327,27,18,1,1,62,4166,18,3860,208,21,17,1,0,41,NA,28632,92598,05370,1,53,2,10,526.9241249263406,490.7876959340012
13295001898,GA,295,1898,3376,23,3130,185,13,6,0,5,14,2512,16,2336,140,9,6,0,0,5,NA,15585,90654,05370,2,53,2,10,317.72285209192694,295.93343547436655
13297000250,GA,297,250,2538,18,2212,148,5,133,0,1,21,1877,15,1679,112,2,58,0,0,11,NA,NA,90528,05390,87,45,6,9,151.14807656911466,157.02125897294312
13297000414,GA,297,414,895,5,851,32,1,2,0,0,4,674,3,639,26,1,2,0,0,3,NA,NA,90528,05390,87,45,6,9,54.274802135100316,56.38376587520707
13297000415,GA,297,415,5032,65,4634,278,16,13,0,1,25,3630,49,3351,191,15,9,0,0,15,NA,07640,91806,05390,87,45,6,9,292.31087796797345,303.66924351187185
13297000416,GA,297,416,3139,30,2980,57,14,23,0,1,34,2196,23,2099,35,10,14,0,1,14,NA,80228,91608,05390,87,45,6,9,176.83600220872444,183.7073440088349
13297000417,GA,297,417,6067,220,5570,159,23,30,0,2,63,4161,139,3851,102,15,15,0,0,39,NA,47196,91806,05390,84,45,6,10,335.07040309221424,348.0902816123688
13297000418,GA,297,418,4803,66,3162,1513,5,8,0,4,45,3473,55,2371,1013,3,7,0,3,21,NA,71660,92796,04540,87,45,6,13,279.668231179827,290.535339591386
13297000419,GA,297,419,8138,148,6552,1296,14,53,1,4,70,6112,97,5055,871,12,37,1,1,38,NA,52192,92046,05390,87,45,6,9,492.177434198417,511.30204307012696
13297000420,GA,297,420,8657,218,3731,4568,18,14,3,8,97,5928,143,2833,2875,14,12,1,1,49,NA,52192,92046,05390,87,45,6,13,477.36057426836,495.90944229707344
13297000421,GA,297,421,4240,89,3979,78,3,51,5,4,31,3030,58,2858,46,3,43,3,0,19,NA,47196,91806,05390,84,45,6,10,243.9950303699613,253.47598012147984
13297000422,GA,297,422,3592,103,3387,35,16,6,1,0,44,2543,68,2405,29,9,4,1,0,27,NA,47196,91806,05390,87,45,6,10,204.77866740290816,212.73578133627828
13297000423,GA,297,423,4093,60,3919,61,18,20,0,0,15,2907,36,2796,43,11,11,0,0,10,NA,80228,91608,05390,87,45,6,9,234.09028161236887,243.1863611264495
13297000454,GA,297,454,1294,28,1116,137,2,2,0,0,9,948,18,820,104,2,0,0,0,4,NA,NA,91320,05390,87,45,6,9,76.33903920485919,79.30535615681943
13297000502,GA,297,502,1949,29,1879,22,1,12,0,0,6,1429,17,1386,11,1,9,0,0,5,NA,42184,91608,05390,87,45,6,9,115.07224369593226,119.54362230811705
13297000503,GA,297,503,957,2,907,43,1,2,0,0,2,750,1,717,29,1,0,0,0,2,NA,NA,91320,05390,87,45,6,9,60.39480949751518,62.74157923799006
13297000559,GA,297,559,1456,16,1268,152,5,6,0,0,9,1096,8,957,117,5,5,0,0,4,NA,33896,91320,05390,87,45,6,9,88.25694827903551,91.68636112644947
13297001663,GA,297,1663,2695,59,2546,40,1,30,0,0,19,1873,40,1779,26,1,17,0,0,10,NA,NA,90528,05390,87,45,6,10,150.82597091846125,156.6866372170072
13297001675,GA,297,1675,1142,7,1038,84,2,5,0,0,6,837,5,766,57,0,4,0,0,5,NA,NA,92796,05390,87,45,6,13,67.40060739922694,70.0196024295969
13299000100,GA,299,100,6107,67,1251,4693,9,34,1,6,46,4408,42,1031,3274,7,27,1,0,26,NA,80956,93294,05430,168,7,1,1,479.4460476787955,364.8560225846926
13299000200,GA,299,200,8793,143,5061,3457,8,64,2,6,52,6463,88,4172,2120,6,46,2,0,29,NA,80956,93294,05430,168,7,1,1,702.9627509410288,534.9511057089084
13299000300,GA,299,300,7231,118,5753,1296,8,19,2,6,29,5987,89,4703,1154,6,17,1,1,16,NA,22080,93294,05430,168,7,1,1,651.1895388958595,495.5519526348808
13299000304,GA,299,304,1955,108,1695,134,6,0,1,0,11,1408,72,1239,86,5,0,1,0,5,NA,80956,93294,05430,168,7,1,1,153.1442910915935,116.54203262233375
13299000400,GA,299,400,4684,69,4371,167,12,45,0,4,16,3524,46,3303,128,10,30,0,1,6,NA,80956,93294,05430,168,7,1,1,383.29579673776664,291.6861668757842
13299000404,GA,299,404,571,15,509,31,7,0,0,0,9,436,10,392,26,3,0,0,0,5,NA,NA,90954,05430,168,7,1,1,72.35744680851064,40.445957446808514
13299000405,GA,299,405,1019,3,997,18,0,0,0,0,1,739,2,720,16,0,0,0,0,1,NA,NA,90954,05430,168,7,1,1,122.64255319148936,68.5540425531915
13299000406,GA,299,406,2349,21,2257,56,2,0,5,1,7,1686,10,1652,15,2,0,1,0,6,NA,22080,93240,05430,168,7,1,1,183.38158720200752,139.55246235884567
13299000407,GA,299,407,881,42,808,22,4,1,0,0,4,655,25,608,17,2,0,0,0,3,NA,NA,91914,05430,168,7,1,1,71.24255018820577,54.21522114178168
13299000408,GA,299,408,624,61,543,14,0,0,0,0,6,453,36,406,10,0,0,0,0,1,NA,NA,93240,05430,168,7,1,1,49.2715652446675,37.495412484316184
13299000409,GA,299,409,1269,41,1189,19,6,3,0,0,11,920,25,872,13,3,3,0,0,4,NA,NA,93240,05430,168,7,1,1,100.06587202007528,76.1496235884567
13301000001,GA,301,1,3519,27,1008,2455,5,5,0,0,19,2510,15,866,1613,2,5,0,0,9,NA,80592,93258,05460,120,23,5,12,546.0030004286326,325.4500642948992
13301000002,GA,301,2,476,10,316,147,1,0,0,0,2,383,4,262,116,1,0,0,0,0,NA,12512,90516,05460,120,23,5,12,83.31440205743678,49.6603086155165
13301000003,GA,301,3,819,2,303,508,1,1,0,0,4,616,2,242,368,1,1,0,0,2,NA,56560,92226,05460,120,23,5,12,133.99914273467638,79.87141020145735
13301000004,GA,301,4,898,10,388,494,1,2,0,0,3,677,4,309,359,1,2,0,0,2,NA,NA,92190,05460,120,23,5,12,147.26853836262322,87.78075439348478
13301000005,GA,301,5,421,0,302,119,0,0,0,0,0,322,0,238,84,0,0,0,0,0,NA,NA,93258,05460,120,23,5,12,70.04500642948993,41.75096442348907
13301000006,GA,301,6,203,2,166,32,3,0,0,0,0,158,2,133,22,1,0,0,0,0,NA,NA,92304,05460,120,23,5,12,34.36990998714102,20.486498071153022
13303000088,GA,303,88,845,2,412,424,0,0,0,0,7,649,1,338,304,0,0,0,0,6,NA,57456,92982,05490,121,20,5,3,109.27126421923475,67.91177611168563
13303000091,GA,303,91,1515,12,866,627,4,0,0,1,5,1113,8,660,438,4,0,0,1,2,NA,36920,91416,05490,121,20,5,3,187.39432523267837,116.4650336091003
13303000094,GA,303,94,2334,21,1100,1186,6,3,0,0,18,1963,19,927,993,4,3,0,0,17,NA,21800,90894,05490,121,20,5,3,330.5076913133402,205.40957859358844
13303000097,GA,303,97,9629,34,4133,5363,7,46,2,5,39,6870,28,3189,3587,7,32,2,1,24,NA,68208,92676,05490,121,20,5,3,1156.6927352637022,718.8812047569803
13303000099,GA,303,99,778,0,585,189,4,0,0,0,0,596,0,451,144,1,0,0,0,0,NA,22108,90918,05490,121,20,5,3,100.34772492244055,62.365822130299904
13303001253,GA,303,1253,1034,20,461,547,2,2,0,0,2,747,12,351,379,2,2,0,0,1,NA,65156,90894,05490,121,20,5,3,125.77139348500518,78.16655894519131
13303001350,GA,303,1350,1085,6,569,508,1,0,0,1,0,799,4,439,355,0,0,0,1,0,NA,NA,93264,05490,121,20,5,3,134.52656411582214,83.60787228541882
13303001488,GA,303,1488,3956,39,1494,2389,11,4,0,4,15,2735,14,1156,1547,9,2,0,3,4,NA,75888,92982,05490,121,20,5,3,460.4883014477767,286.19215356773526
1330500001A,GA,305,1A,1711,36,1464,189,7,3,0,2,10,1297,22,1105,157,3,2,0,1,7,NA,57540,92268,05550,171,6,3,1,161.1855748703873,131.9809901392701
1330500001B,GA,305,1B,1429,4,1354,36,17,1,0,0,17,1046,2,1007,15,9,1,0,0,12,NA,NA,92268,05550,170,6,3,1,129.99237572430619,106.4395649080004
1330500001C,GA,305,1C,3862,91,3325,398,6,8,0,4,30,2651,54,2351,215,6,6,0,1,18,NA,NA,91614,05550,170,6,3,1,329.45486428789263,269.7622242553624
1330500002A,GA,305,2A,2042,22,1636,374,3,1,0,0,6,1495,13,1203,270,2,1,0,0,6,NA,69448,92718,05550,171,6,3,1,185.79216224458676,152.12920605875775
1330500002B,GA,305,2B,477,1,466,9,0,1,0,0,0,381,1,372,7,0,1,0,0,0,NA,NA,92718,05550,170,6,3,1,47.34903934126258,38.77005184507472
1330500002C,GA,305,2C,1291,23,1209,32,5,13,0,0,9,974,14,922,22,2,8,0,0,6,NA,42268,92718,05550,171,6,3,1,121.04452577005185,99.11294093727763
1330500002D,GA,305,2D,1459,26,1336,70,5,5,0,0,17,1036,14,966,40,3,5,0,0,8,NA,42268,91614,05550,171,6,3,1,128.7496187862153,105.42197824540003
1330500003A,GA,305,3A,1493,66,1195,202,5,12,0,1,12,1060,34,889,115,5,11,0,1,5,NA,42268,91614,05550,171,6,3,1,131.73223543763342,107.86418623564094
1330500003B,GA,305,3B,907,4,835,58,0,1,0,0,9,680,2,629,41,0,1,0,0,7,NA,NA,91614,05550,171,6,3,1,84.50747179017992,69.19589305682626
1330500003C,GA,305,3C,380,6,364,7,0,0,0,0,3,272,3,259,7,0,0,0,0,3,NA,NA,91614,05550,171,6,3,1,33.80298871607197,27.678357222730508
1330500003D,GA,305,3D,2579,118,2199,222,3,4,0,0,33,1875,69,1640,137,3,4,0,0,22,NA,42268,91614,05550,171,6,3,1,233.01692589204026,190.79749923757242
1330500004A,GA,305,4A,1300,73,253,967,1,0,0,0,6,906,44,188,668,1,0,0,0,5,NA,42268,91614,05550,171,6,3,1,112.59377859103384,92.193351631595
1330500004B,GA,305,4B,1037,19,255,739,0,17,0,0,7,755,13,204,525,0,8,0,0,5,NA,42268,91614,05550,171,6,3,1,93.82814882586155,76.82779302632916
1330500005A,GA,305,5A,3027,187,1839,941,4,25,0,1,30,2132,110,1448,534,2,21,0,0,17,NA,42268,91614,05550,171,6,3,1,264.9557792009759,216.94947646640236
1330500005B,GA,305,5B,3027,333,1658,1013,2,10,0,0,11,2715,321,1402,976,2,9,0,0,5,NA,42268,91614,05550,171,6,3,1,337.4085086916743,276.2747788960049
1330503-2DB,GA,305,3-2DB,544,4,450,76,0,13,0,0,1,399,4,337,51,0,7,0,0,0,NA,NA,91614,05550,171,6,3,1,49.586001829826166,40.60170783775541
133070000G3,GA,307,G3,226,0,155,68,0,0,0,0,3,179,0,129,47,0,0,0,0,3,NA,62720,93336,05580,159,14,4,2,44.174034695019586,25.041969781757135
133070000P1,GA,307,P1,1197,11,525,651,1,0,0,0,9,884,3,402,472,1,0,0,0,6,NA,62720,92424,05580,159,14,4,2,218.15556799104644,123.67095691102406
133070000P3,GA,307,P3,323,17,262,42,1,0,0,0,1,243,7,199,35,1,0,0,0,1,NA,62720,92424,05580,159,14,4,2,59.96810296586458,33.99552322327924
133070000W2,GA,307,W2,644,38,244,362,0,0,0,0,0,481,33,186,262,0,0,0,0,0,NA,82076,93336,05580,159,14,4,2,118.7022943480694,67.29155008393957
13309000001,GA,309,1,3618,76,2063,1458,2,1,0,0,18,2882,58,1644,1166,2,1,0,0,11,NA,00996,90048,05640,155,20,1,3,408.02293577981646,258.99541284403665
13309000002,GA,309,2,2222,141,1543,512,5,3,0,3,15,1655,90,1194,355,4,3,0,0,9,NA,33392,91308,05640,155,20,1,3,234.308798999166,148.7291492910759
13309000003,GA,309,3,339,2,260,75,0,1,0,1,0,259,2,208,48,0,1,0,0,0,NA,47952,91308,05640,155,20,1,3,36.66826522101751,23.275437864887405
13311000011,GA,311,011,2094,21,2046,4,14,0,0,2,7,1648,16,1616,4,8,0,0,0,4,NA,NA,90696,05670,9,50,2,9,149.72040203628768,178.86855501892703
13311000021,GA,311,021,711,11,690,1,1,0,0,0,8,561,4,549,1,1,0,0,0,6,NA,NA,90696,05670,8,50,2,9,50.966714528129486,60.8891136927294
13311000031,GA,311,031,545,13,464,22,2,41,0,0,3,437,11,379,15,2,28,0,0,2,NA,37788,91446,05670,8,50,2,9,39.70134447200105,47.43055736848976
13311000041,GA,311,041,3208,25,3084,43,9,7,4,2,34,2415,14,2337,26,7,4,3,0,24,NA,NA,92094,05670,9,50,2,9,219.40216681895313,262.1162380890223
13311000051,GA,311,051,4545,52,4134,229,31,33,1,0,65,3481,32,3190,180,21,21,1,0,36,NA,16824,90696,05670,9,50,2,9,316.2480093982509,377.8164077796632
13311000061,GA,311,061,1286,3,1178,88,2,7,0,0,8,1089,3,999,72,2,5,0,0,8,NA,NA,91446,05670,9,50,2,9,98.93538702519254,118.19651481529827
13311000071,GA,311,071,424,1,408,6,0,2,0,0,7,347,1,336,3,0,1,0,0,6,NA,37788,91446,05670,8,50,2,9,31.524866205456206,37.66225035896097
13311000081,GA,311,081,2565,132,2352,30,7,3,10,0,31,1916,94,1761,25,4,2,8,0,22,NA,NA,90696,05670,8,50,2,9,174.06813731888786,207.95640255841272
13311000091,GA,311,091,1061,20,1023,5,3,0,0,0,10,815,15,786,5,2,0,0,0,7,NA,NA,90696,05670,8,50,2,9,74.04255319148936,88.45744680851064
13311000101,GA,311,101,1484,10,1450,3,8,2,0,1,10,1144,4,1124,3,5,0,0,1,7,NA,NA,90696,05670,8,50,2,9,103.9321237436366,124.16603576556584
13311000111,GA,311,111,2021,23,1975,1,3,0,3,1,15,1469,15,1439,1,2,0,1,1,10,NA,NA,92094,05670,9,50,2,9,133.45829526171516,159.44047774441978
1331300001A,GA,313,1A,5834,2356,2878,433,13,59,3,2,90,4279,1475,2411,293,9,46,3,0,42,NA,21380,90864,01620,5,54,2,10,422.1115651414542,506.64668567003343
1331300002A,GA,313,2A,4207,580,3107,233,8,220,7,6,46,3234,403,2476,158,6,156,6,4,25,NA,21380,90864,01620,5,54,2,10,319.0251931917418,382.91548994084786
1331300003A,GA,313,3A,3471,1054,2234,96,1,56,0,9,21,2655,715,1806,71,0,41,0,6,16,NA,21380,90864,01620,5,54,2,10,261.9084378243891,314.3601192928111
1331300004A,GA,313,4A,3410,558,2709,44,3,74,1,0,21,2576,346,2140,30,3,45,1,0,11,NA,21380,90864,01620,5,54,2,10,254.11530539948265,305.00627770180097
1331300005A,GA,313,5A,4593,2571,1422,549,7,6,0,3,35,3172,1516,1207,413,7,6,0,2,21,NA,21380,90864,01620,4,54,2,10,312.90906394687846,375.5745003377766
1331300006A,GA,313,6A,5024,3256,1141,563,12,16,0,1,35,3503,2106,955,404,7,16,0,0,15,NA,21380,90864,01620,4,54,2,10,345.5613023347778,414.7659125735282
133130000AN,GA,313,AN,5462,2376,2801,209,18,15,1,0,42,3801,1445,2159,154,11,8,1,0,23,NA,21380,90864,05700,5,53,2,10,374.95818160847574,450.05002389151605
133130000CA,GA,313,CA,3214,281,2876,13,15,12,1,1,15,2325,176,2114,8,10,10,0,0,7,NA,NA,90864,05700,5,53,2,10,229.35484668237464,275.28711011517356
133130000CO,GA,313,CO,1617,28,1535,16,5,4,0,6,23,1172,16,1125,12,4,2,0,2,11,NA,17496,92220,05700,4,54,2,10,115.6145721770938,138.7683841096703
133130000DG,GA,313,DG,5369,1005,4161,78,12,81,0,2,30,3888,622,3139,51,8,55,0,0,13,NA,21380,90864,05700,5,53,2,10,383.54049200046137,460.35108994743865
133130000ES,GA,313,ES,3792,1084,2538,92,16,20,2,10,30,2749,675,1953,76,12,14,2,5,12,NA,21380,90864,05700,4,54,2,10,271.181278937569,325.49000675553214
133130000FI,GA,313,FI,3326,531,2599,162,3,17,1,0,13,2477,317,2014,118,2,15,1,0,10,NA,21380,90864,05700,5,53,2,10,244.34922805687827,293.28437494850965
133130000GL,GA,313,GL,3008,762,2156,23,6,21,0,9,31,2183,436,1696,18,3,14,0,0,16,NA,21380,90864,05700,4,54,2,10,215.34693776671995,258.47387586297805
133130000LT,GA,313,LT,1337,14,1295,1,10,2,0,0,15,1000,8,969,1,8,2,0,0,12,NA,NA,92220,05700,4,54,2,10,98.64724588489233,118.40305811405315
133130000MC,GA,313,MC,1902,46,1827,4,3,3,0,0,19,1363,21,1321,2,3,3,0,0,13,NA,21380,93348,05700,5,53,2,10,134.45619614110825,161.38336820945446
133130000NI,GA,313,NI,3387,288,3021,46,2,2,0,3,25,2522,167,2304,29,2,2,0,2,16,NA,NA,90864,05700,4,54,2,10,248.78835412169843,298.61251256364204
133130000PG,GA,313,PG,5706,682,4811,95,16,55,3,13,31,4205,414,3665,60,13,39,2,3,9,NA,21380,90864,05700,4,54,2,10,414.8116689459722,497.88485936959347
133130000TH,GA,313,TH,5524,204,5131,102,17,22,2,4,42,4040,125,3782,76,12,17,2,0,26,NA,77736,93348,05700,4,54,2,10,398.534873374965,478.3483547807748
133130000TI,GA,313,TI,1369,95,1252,9,4,0,0,0,9,1012,54,941,9,4,0,0,0,4,NA,21380,90864,05700,5,53,2,10,99.83101283551103,119.8238948114218
133130000TR,GA,313,TR,1398,24,1354,12,0,4,2,0,2,1013,18,984,4,0,4,1,0,2,NA,NA,93348,05700,4,53,2,10,99.92966008139592,119.94229786953585
133130000UT,GA,313,UT,1331,24,1288,10,1,0,0,0,8,954,13,929,6,1,0,0,0,5,NA,NA,92220,05700,4,54,2,10,94.10947257418728,112.9565174408067
133130000VA,GA,313,VA,6217,492,5434,180,5,24,2,7,73,4348,275,3898,117,4,19,2,3,30,NA,78996,92220,05700,4,54,2,10,428.91822510751183,514.8164966799031
133130000WS,GA,313,WS,3027,108,2768,96,4,23,0,6,22,2220,53,2070,69,4,17,0,0,7,NA,21380,93348,05700,5,53,2,10,218.99688586446098,262.854789013198
1331500001A,GA,315,1A,1285,12,419,848,4,0,0,0,2,864,8,312,540,3,0,0,0,1,NA,66024,92550,05730,156,13,1,3,158.34782608695653,108
1331500002A,GA,315,2A,704,3,299,396,0,0,1,0,5,518,1,252,261,0,0,1,0,3,NA,00184,90006,05730,156,13,1,3,94.93538647342996,64.75
1331500002B,GA,315,2B,1035,19,600,408,3,1,0,0,4,786,12,490,276,3,1,0,0,4,NA,61320,92376,05730,156,13,1,1,144.05253623188406,98.25
1331500002C,GA,315,2C,120,5,108,6,0,0,0,0,1,84,2,77,4,0,0,0,0,1,NA,NA,90006,05730,156,13,1,3,15.394927536231885,10.5
1331500003A,GA,315,3A,1294,50,1091,147,0,1,0,0,5,970,38,835,94,0,1,0,0,2,NA,61544,92382,05730,156,13,1,1,177.7747584541063,121.25000000000001
1331500004A,GA,315,4A,1240,15,1135,80,1,7,0,0,2,922,7,852,56,1,5,0,0,1,NA,66024,92550,05730,156,13,1,1,168.97765700483092,115.25
1331500005A,GA,315,5A,2899,35,1647,1206,0,5,0,0,6,2480,24,1360,1090,0,3,0,0,3,NA,00184,90006,05730,156,13,1,3,454.5169082125604,310
13317000001,GA,317,1,2626,68,897,1627,0,9,0,1,24,1995,58,728,1190,0,6,0,0,13,NA,80704,93276,05760,90,24,5,9,414.1724095495939,297.3104848634014
1331700002A,GA,317,2A,1659,16,1321,303,3,2,4,0,10,1296,12,1037,236,3,1,1,0,6,NA,80704,93276,05760,90,24,5,9,269.05636229387153,193.14004430223972
1331700002B,GA,317,2B,951,10,619,315,3,2,0,0,2,724,6,471,242,2,2,0,0,1,NA,76532,93276,05760,90,24,5,9,150.306177701206,107.89613586020182
1331700003A,GA,317,3A,1763,41,493,1197,7,6,0,1,18,1253,30,373,831,2,6,0,1,10,NA,80704,93276,05760,90,24,5,9,260.12933792763965,186.73184838789072
1331700003B,GA,317,3B,1031,33,641,342,4,1,0,0,10,781,29,478,265,4,1,0,0,4,NA,63756,92448,05760,90,24,5,9,162.13967511690868,116.39072114201329
1331700004A,GA,317,4A,1316,11,989,302,2,5,0,0,7,1048,9,788,240,2,4,0,0,5,NA,80704,93276,05760,90,24,5,9,217.5702682746739,156.18114693576177
1331700004B,GA,317,4B,1341,33,798,505,1,0,0,0,4,1029,20,620,387,0,0,0,0,2,NA,76532,93048,05760,90,24,5,9,213.62576913610633,153.34961850849126
13319000002,GA,319,02,590,0,556,27,6,0,0,0,1,435,0,411,21,2,0,0,0,1,NA,48848,91554,05790,123,26,5,3,111.54296087131908,58.08188785800726
13319000003,GA,319,03,251,0,176,75,0,0,0,0,0,199,0,140,59,0,0,0,0,0,NA,NA,90066,05790,123,26,5,3,51.02769934113218,26.57079467527229
13319000006,GA,319,06,1494,19,1442,15,3,0,0,0,15,1094,12,1059,9,3,0,0,0,11,NA,41540,91332,05790,123,26,5,3,280.52413607637493,146.0726099233562
13319000007,GA,319,07,1227,9,666,543,0,4,0,1,4,924,5,520,392,0,2,0,1,4,NA,76952,93066,05790,123,26,5,3,236.932634126664,123.3739411052844
13319000008,GA,319,08,1689,55,372,1254,1,0,0,0,7,1134,44,282,802,1,0,0,0,5,NA,48848,91554,05790,123,26,5,3,290.7809600645421,151.4134731746672
13319000010,GA,319,10,2767,4,1411,1335,3,3,0,0,11,1988,2,1093,882,1,3,0,0,7,NA,33980,91332,05790,123,26,5,3,509.7641522119134,265.44090359015735
13319000011,GA,319,11,490,2,384,97,5,0,0,0,2,378,2,301,69,5,0,0,0,1,NA,01500,90066,05790,123,26,5,3,96.92698668818072,50.47115772488907
13319X04-05,GA,319,X04-05,1712,12,886,807,2,0,0,1,4,1285,9,695,577,2,0,0,0,2,NA,41400,91554,05790,123,26,5,3,329.50047061987357,171.57523194836625
13321000001,GA,321,1,4720,55,1172,3471,6,3,0,2,11,3113,34,872,2191,5,3,0,2,6,NA,75188,92940,05850,157,13,4,2,354.565275435638,361.56471332209105
13321000002,GA,321,2,2128,10,1746,354,6,5,1,0,6,1593,7,1365,208,3,4,1,0,5,NA,75188,92940,05850,157,13,4,2,181.43992411467116,185.02171163575042
13321000003,GA,321,3,1488,14,1141,318,4,1,0,0,10,1086,8,865,203,3,1,0,0,6,NA,62496,92412,05850,157,13,4,2,123.69350758853287,126.13532883642495
13321000004,GA,321,4,1173,10,924,228,5,0,0,0,6,862,5,700,150,4,0,0,0,3,NA,74432,92412,05850,157,13,4,2,98.18029792017988,100.11846543001687
13321000005,GA,321,5,670,10,585,69,0,3,0,0,3,492,7,431,50,0,1,0,0,3,NA,NA,92412,05850,157,13,4,2,56.03794266441821,57.144182124789204
13321000006,GA,321,6,2401,6,1652,694,18,5,1,2,23,1680,3,1209,444,11,4,1,0,8,NA,NA,92940,05850,157,13,4,2,191.34907251264755,195.1264755480607
13321000007,GA,321,7,573,4,500,62,0,2,0,1,4,411,4,359,42,0,2,0,1,3,NA,NA,93270,05850,157,13,4,2,68.54720882150242,77.32804962095108
13321000008,GA,321,8,343,0,177,166,0,0,0,0,0,251,0,145,106,0,0,0,0,0,NA,NA,93270,05850,157,13,4,2,41.862164024810475,47.224672639558925
13321000009,GA,321,9,1062,14,693,341,2,3,0,0,9,789,5,559,213,2,3,0,0,7,NA,80676,93270,05850,157,13,4,2,131.5906271536871,148.44727773949
13321000010,GA,321,10,983,52,862,55,4,1,0,0,9,726,28,656,36,2,1,0,0,3,NA,NA,92412,05850,157,13,4,2,82.69013490725126,84.3225126475548
13321000011,GA,321,11,784,17,675,79,0,7,0,0,6,575,11,495,61,0,4,0,0,4,NA,NA,90384,05850,157,13,4,2,65.49149803260258,66.78435919055649
13321000012,GA,321,12,1990,23,1647,301,3,7,0,0,9,1444,17,1217,193,3,7,0,0,7,NA,23284,90384,05850,157,13,4,2,164.4690837549185,167.7158516020236
13321000013,GA,321,13,421,0,373,45,2,0,0,0,1,346,0,315,28,2,0,0,0,1,NA,75188,92940,05850,157,13,4,2,39.40879707700956,40.186762225969645
13321000014,GA,321,14,1501,7,1332,135,11,4,0,3,9,1071,2,967,85,4,4,0,2,7,NA,NA,92940,05850,157,13,4,2,121.98503372681282,124.3931281618887
13321000015,GA,321,15,1730,18,1520,164,16,6,0,0,6,1244,9,1112,103,9,6,0,0,5,NA,75188,92940,05850,157,13,4,2,141.68943226531758,144.48650927487353
