GEOID,state,county,vtd,pop,pop_hisp,pop_white,pop_black,pop_aian,pop_asian,pop_nhpi,pop_other,pop_two,vap,vap_hisp,vap_white,vap_black,vap_aian,vap_asian,vap_nhpi,vap_other,vap_two,ai_an_nh,place,mcd,DISTRICT.x,DISTRICT.y,school,shd,ssd,cd_1990,cd_2000,ndv,nrv
25001000001,MA,001,1,4020,27,3813,56,5,27,3,40,49,3286,23,3127,39,5,20,3,36,33,NA,03600,03600,NA,NA,02310,2,5,1,8,702.1539972982931,697.7150927176717
25001000002,MA,001,2,4193,76,3876,59,14,47,1,62,58,3392,53,3181,38,9,30,1,41,39,NA,03600,03600,NA,NA,02310,2,5,1,8,724.8041262433993,720.2220311924352
25001000003,MA,001,3,4026,109,3399,182,40,39,5,76,176,3097,63,2702,117,24,29,2,62,98,NA,03600,03600,NA,NA,02310,2,5,1,8,661.7683900282451,657.5847967579516
25001000004,MA,001,4,4166,58,3888,111,31,23,0,10,45,3421,46,3208,89,22,17,0,8,31,NA,03600,03600,NA,NA,02310,2,5,1,8,731.0008596340415,726.3795898317574
25001000005,MA,001,5,4249,70,4051,40,6,20,0,20,42,3469,43,3338,33,6,10,0,15,24,NA,03600,03600,NA,NA,02310,2,5,1,8,741.2575217978631,736.5714110278766
25001000006,MA,001,6,4239,47,4032,51,10,37,0,27,35,3278,30,3147,40,5,22,0,14,20,NA,03600,03600,NA,NA,02310,2,5,1,8,700.4445536043227,696.0164558516517
25001000007,MA,001,7,4616,43,4431,29,25,13,1,31,43,3585,21,3469,24,18,8,1,18,26,NA,03600,03600,07440,NA,02310,2,5,1,8,766.0444553604323,761.2016455851652
25001000008,MA,001,8,4562,179,3425,411,57,74,4,146,266,3559,135,2725,295,42,63,3,113,183,NA,03600,03600,NA,NA,02310,2,5,1,8,760.4887633550289,755.6810757706005
25001000009,MA,001,9,4290,135,3481,249,31,58,0,125,211,3425,78,2872,169,20,47,0,99,140,NA,03600,03600,NA,NA,02310,5,5,1,8,731.8555814810267,727.2289082647674
25001000010,MA,001,10,4702,44,4412,65,26,20,2,50,83,3313,30,3130,50,18,13,2,26,44,NA,03600,03600,07440,NA,02310,2,5,1,8,707.9233697654427,703.4479921404887
25001000011,MA,001,11,4758,24,4635,18,12,26,1,10,32,3498,13,3425,14,7,14,1,6,18,NA,03600,03600,NA,NA,02310,2,5,1,8,747.4542551885055,742.7289696671988
25001000012,MA,001,12,3765,47,3499,56,31,34,0,33,65,2871,29,2701,33,20,25,0,24,39,NA,10015,07175,09720,NA,02820,114,29,1,8,527.6909774436091,435.26165413533835
25001000013,MA,001,13,3728,62,3476,56,16,27,1,24,66,2835,29,2690,46,13,19,0,11,27,NA,58965,07175,09720,NA,02820,114,29,1,8,521.0741626794259,429.8038277511962
25001000014,MA,001,14,3068,36,2916,25,19,19,0,14,39,2619,28,2506,17,10,19,0,12,27,NA,07140,07175,NA,NA,02820,3,29,1,8,481.3732740943267,397.0568694463431
25001000015,MA,001,15,3037,23,2914,22,5,23,0,17,33,2411,14,2332,16,2,18,0,10,19,NA,42670,07175,NA,NA,02820,3,29,1,8,443.1427887901572,365.5227614490772
25001000016,MA,001,16,2750,17,2623,31,15,14,0,15,35,2259,10,2177,25,10,13,0,10,14,NA,54450,07175,07290,09150,02820,3,29,1,8,415.2051264524949,342.47860560492137
25001000017,MA,001,17,2373,88,2155,59,8,13,1,10,39,1635,50,1506,39,6,9,1,3,21,NA,47730,07175,07290,09150,02820,3,29,1,8,300.5136705399863,247.87628161312372
25001000018,MA,001,18,3243,26,3168,10,6,14,0,2,17,2547,15,2501,2,3,10,0,2,14,NA,07945,07980,02970,04560,05910,1,5,1,8,577.7621432148222,620.4884827240861
25001000019,MA,001,19,3456,44,3299,35,15,27,1,12,23,2871,29,2767,30,10,15,0,8,12,NA,07945,07980,02970,04560,99998,1,5,1,8,651.2583875813721,699.4198798197297
25001000020,MA,001,20,3395,37,3264,26,2,33,0,10,23,2570,21,2496,12,2,13,0,9,17,NA,19400,07980,02970,04560,05910,1,5,1,8,582.9794692038057,626.0916374561843
25001000021,MA,001,21,3296,36,3105,88,7,13,1,35,11,2905,25,2766,84,5,10,0,8,7,NA,12960,12995,09210,04560,03480,4,5,1,8,601.6272189349112,692.6296554124608
25001000022,MA,001,22,3329,30,3208,29,5,4,0,11,42,2841,21,2749,26,5,3,0,8,29,NA,75505,12995,NA,NA,03480,4,5,1,8,588.3727810650887,677.3703445875391
25001000023,MA,001,23,2988,32,2888,8,3,22,0,7,28,2514,20,2448,5,3,17,0,7,14,NA,16740,16775,NA,NA,04140,1,5,1,8,617.895601084664,688.7178366978005
25001000024,MA,001,24,3346,31,3257,23,6,3,0,7,19,2880,20,2817,21,4,3,0,4,11,NA,18840,16775,02970,04560,04140,1,5,1,8,707.8517625790901,788.9846339258813
25001000025,MA,001,25,3612,108,3187,171,12,14,0,35,85,2965,67,2660,129,9,13,0,27,60,NA,16810,16775,NA,NA,04140,4,5,1,8,728.7432208496535,812.2706387466104
25001000026,MA,001,26,3098,26,2939,64,18,13,0,15,23,2674,20,2552,57,11,11,0,11,12,NA,75820,16775,NA,NA,04140,1,5,1,8,657.2206990057246,732.5503163603495
25001000027,MA,001,27,2929,67,2728,30,11,7,0,20,66,2243,33,2134,15,8,2,0,15,36,NA,63655,16775,NA,NA,04140,1,5,1,8,551.2887164808677,614.4765742693583
25001000028,MA,001,28,5453,45,5215,81,7,16,2,12,75,4488,25,4322,74,5,11,2,10,39,NA,47590,19295,04530,04560,99998,4,5,1,8,1146,1253
25001000029,MA,001,29,3476,30,3293,28,8,73,2,5,37,2981,22,2840,25,7,57,1,4,25,NA,81245,23105,05340,NA,04860,5,29,1,8,794.6340361445783,666.3967021933889
25001000030,MA,001,30,3508,45,3303,46,16,29,0,35,34,3081,38,2898,43,15,24,0,32,31,NA,23070,23105,NA,NA,04860,5,29,1,8,821.2906626506024,688.7515060240963
25001000031,MA,001,31,3735,58,3457,56,17,28,0,47,72,3068,37,2870,43,14,20,0,36,48,NA,69205,23105,NA,NA,04860,3,29,1,8,817.8253012048193,685.8453815261045
25001000032,MA,001,32,4177,77,3780,96,28,19,0,77,100,3284,39,3001,70,23,16,0,65,70,NA,18980,23105,NA,NA,04860,3,5,1,8,875.4036144578313,734.1317578004324
25001000033,MA,001,33,4269,42,4088,40,6,31,0,23,39,3397,17,3288,30,3,20,0,18,21,NA,47730,23105,NA,NA,04860,5,29,1,8,905.5256024096385,759.3926861291319
25001000034,MA,001,34,4243,33,3842,102,13,48,0,108,97,3321,24,3033,85,9,32,0,84,54,NA,75960,23105,NA,NA,04860,5,29,1,8,885.2665662650602,742.4030352177942
25001000035,MA,001,35,4560,70,4078,147,45,28,2,78,112,3332,42,3049,99,27,19,1,48,47,NA,18980,23105,07440,NA,04860,3,5,1,8,888.1987951807228,744.862063639172
25001000036,MA,001,36,4692,62,4366,58,30,40,1,39,96,3432,40,3221,45,18,29,1,29,49,NA,75960,23105,07440,NA,04860,3,29,1,8,914.855421686747,767.2168674698796
25001000037,MA,001,37,4267,55,3957,46,9,3,3,116,78,3424,38,3192,35,9,2,3,95,50,NA,49700,29020,02970,04560,05910,4,5,1,8,856.7610392176232,944.0268695050875
25001000038,MA,001,38,3619,27,3505,12,7,11,0,40,17,3088,12,3012,9,4,6,0,33,12,NA,29090,29020,NA,NA,05910,4,5,1,8,772.6863577990715,851.3887187592611
25001000039,MA,001,39,4500,37,4276,27,5,10,2,79,64,3611,26,3458,16,3,8,2,62,36,NA,19400,29020,02970,04560,05910,4,5,1,8,903.5526029833053,995.5844117356514
25001000040,MA,001,40,3203,65,2881,112,52,23,0,14,56,2332,38,2128,78,32,17,0,12,27,NA,24190,39100,07440,NA,10470,3,5,1,8,327.60869565217394,296.7608695652174
25001000041,MA,001,41,3704,53,3383,94,68,15,0,22,69,3002,27,2800,64,44,8,0,20,39,NA,55070,39100,07440,NA,99998,3,5,1,8,421.73297785069724,382.02235438884327
25001000042,MA,001,42,2943,61,2545,70,127,18,2,25,95,2007,38,1748,52,82,12,2,18,55,NA,03600,39100,07440,NA,02310,3,5,1,8,281.951394585726,255.40268662838392
25001000043,MA,001,43,3096,33,2764,79,111,18,1,29,61,2411,23,2186,62,72,18,1,23,26,NA,39152,39100,07440,NA,02310,3,5,1,8,338.70693191140276,306.81408941755535
25001000044,MA,001,44,6341,49,6150,36,11,32,0,3,60,5468,37,5326,31,9,25,0,2,38,NA,51405,51440,09210,04560,99998,4,5,1,8,1472,2009
25001000045,MA,001,45,3431,74,2954,253,7,16,0,28,99,3158,65,2721,244,7,14,0,24,83,NA,55535,55500,11730,NA,09840,4,5,1,8,1183,540
25001000046,MA,001,46,2229,19,2163,4,4,11,1,10,17,1826,10,1787,2,4,9,1,5,8,NA,59700,59735,NA,NA,10470,114,29,1,8,362.08555778964154,412.4736878596686
25001000047,MA,001,47,2568,11,2539,5,2,4,0,2,5,2077,7,2056,5,0,3,0,2,4,NA,20380,59735,NA,NA,10470,114,29,1,8,411.8574499063995,469.1718782500173
25001000048,MA,001,48,2457,22,2401,6,1,11,1,2,13,1812,15,1780,2,1,6,1,1,6,NA,20380,59735,NA,NA,10470,114,29,1,8,359.3094363169937,409.3112389932746
25001000049,MA,001,49,3296,13,3220,8,7,24,0,2,22,2239,9,2194,7,6,8,0,2,13,NA,03600,59735,07440,NA,10470,2,29,1,8,443.9811412327532,505.7659294182902
25001000050,MA,001,50,3338,21,3242,9,11,15,0,12,28,2325,12,2272,8,6,6,0,4,17,NA,24190,59735,07440,NA,10470,3,29,1,8,461.03445885044715,525.1924010261388
25001000051,MA,001,51,3438,32,3321,13,15,23,0,4,30,2289,20,2220,10,12,15,0,1,11,NA,24190,59735,07440,NA,10470,3,29,1,8,453.8958607779242,517.0603896554115
25001000052,MA,001,52,2810,43,2683,25,17,19,0,4,19,1855,27,1775,14,10,15,0,1,13,NA,24190,59735,07440,NA,10470,3,29,1,8,367.83609512584064,419.0244747971989
25001000053,MA,001,53,2087,24,1974,39,4,7,2,10,27,1723,15,1635,36,4,4,2,9,18,NA,55535,70605,11730,04560,99998,4,5,1,8,504,379
25001000054,MA,001,54,2749,19,2641,26,8,10,1,12,32,2259,10,2182,17,7,7,1,9,26,NA,47590,74385,12300,04560,99998,4,5,1,8,798,628
25001000055,MA,001,55,4804,29,4711,10,6,14,2,7,25,4074,15,4006,9,5,14,2,6,17,NA,82595,82525,NA,NA,04140,1,5,1,8,1123.4687664041994,1281.9615048118985
25001000056,MA,001,56,4185,64,4038,24,2,15,0,13,29,3561,32,3473,20,2,12,0,9,13,NA,66035,82525,NA,NA,04140,1,5,1,8,982.0010498687664,1120.5363079615047
25001000057,MA,001,57,4157,98,3744,97,22,37,5,52,102,3378,68,3099,60,17,29,1,36,68,NA,66035,82525,NA,NA,04140,1,5,1,8,931.5359580052493,1062.9518810148732
25001000058,MA,001,58,3555,39,3423,28,7,14,1,16,27,2931,23,2848,21,7,11,1,10,10,NA,66035,82525,NA,NA,04140,1,5,1,8,808.2687664041995,922.2948381452318
25001000059,MA,001,59,4093,77,3813,86,19,15,0,19,64,3201,47,3020,58,12,8,0,12,44,NA,78795,82525,NA,NA,04140,1,5,1,8,882.7254593175853,1007.2554680664916
25001000060,MA,001,60,4013,51,3699,81,20,22,1,33,106,3392,33,3177,49,14,20,1,23,75,NA,78795,82525,NA,NA,04140,5,5,1,8,724.8041262433993,720.2220311924352
25001ZZZZZZ,MA,001,ZZZZZZ,0,0,0,0,0,0,0,0,0,0,0,0,0,0,0,0,0,0,NA,29090,00000,05340,04560,99998,ZZZ,ZZZ,1,8,0,0
25003000061,MA,003,61,1787,26,1705,5,5,9,0,1,36,1365,16,1318,2,3,7,0,0,19,NA,00590,00555,NA,NA,01780,6,1,2,1,524.2622950819673,293.6987704918033
25003000062,MA,003,62,1724,6,1706,3,1,5,0,0,3,1331,3,1320,3,1,1,0,0,3,NA,00590,00555,10530,NA,01780,6,1,2,1,511.2037470725995,286.3831967213115
25003000063,MA,003,63,1816,9,1779,7,1,0,1,8,11,1422,8,1399,5,1,0,1,2,6,NA,00590,00555,10530,NA,01780,6,1,2,1,546.1545667447307,305.9631147540984
25003000064,MA,003,64,1729,17,1686,8,0,1,2,0,15,1319,9,1301,3,0,1,2,0,3,NA,00590,00555,NA,NA,01780,6,1,2,1,506.59484777517565,283.80122950819674
25003000065,MA,003,65,1753,14,1712,9,0,4,1,1,12,1395,9,1372,6,0,2,1,0,5,NA,00590,00555,13020,08160,01780,6,1,2,1,535.7845433255269,300.15368852459017
25003000066,MA,003,66,399,0,395,3,0,0,0,0,1,316,0,313,2,0,0,0,0,1,NA,NA,00975,NA,NA,11040,9,1,2,1,80,100
25003000067,MA,003,67,1755,19,1696,12,3,9,0,0,16,1341,11,1306,10,3,6,0,0,5,NA,NA,04545,NA,NA,03390,7,1,2,1,238,203
25003000068,MA,003,68,3401,15,3329,13,3,18,0,1,22,2606,9,2567,7,2,9,0,1,11,NA,NA,13345,06630,08160,01780,7,1,2,1,788,605
25003000069,MA,003,69,944,3,941,0,0,0,0,0,0,712,3,709,0,0,0,0,0,0,NA,46225,14010,03720,NA,08670,6,1,2,1,165.14900153609833,217.09984639016898
25003000070,MA,003,70,742,1,739,1,0,0,0,1,0,590,0,588,1,0,0,0,1,0,NA,46225,14010,03720,08160,08670,6,1,2,1,136.8509984639017,179.90015360983102
25003000071,MA,003,71,3388,36,3281,14,5,34,0,1,17,2563,25,2498,10,5,17,0,1,7,NA,53960,16180,06630,08160,03390,7,1,2,1,777.5168100078185,623.2157935887411
25003000072,MA,003,72,3504,34,3423,20,3,15,0,0,9,2553,13,2504,14,3,11,0,0,8,NA,53960,16180,NA,NA,03390,7,1,2,1,774.4831899921813,620.7842064112588
25003000073,MA,003,73,1345,14,1310,1,0,4,0,4,12,1099,10,1076,1,0,3,0,2,7,NA,NA,21360,NA,NA,11040,9,1,2,1,288,262
25003000074,MA,003,74,676,3,656,4,3,3,0,2,5,506,3,490,4,3,3,0,1,2,NA,46225,24120,10230,22222,04920,6,1,2,1,146,148
25003000075,MA,003,75,1867,44,1749,31,0,30,1,3,9,1451,31,1376,14,0,24,1,1,4,NA,26780,26815,NA,NA,02530,9,1,2,1,376.4433768016472,267.89224433768015
25003000076,MA,003,76,1920,25,1844,19,1,11,1,1,18,1462,19,1414,14,0,9,0,0,6,NA,31295,26815,NA,NA,02530,9,1,2,1,379.29718599862736,269.92312971859985
25003000077,MA,003,77,1859,53,1639,85,5,42,0,5,30,1378,30,1234,69,4,25,0,2,14,NA,26780,26815,NA,NA,02530,9,1,2,1,357.5044612216884,254.41455044612218
25003000078,MA,003,78,1881,34,1802,22,0,8,0,2,13,1537,27,1479,18,0,6,0,1,6,NA,26780,26815,NA,NA,02530,9,1,2,1,398.75497597803707,283.7700754975978
25003000079,MA,003,79,721,10,695,2,0,3,0,0,11,547,7,527,2,0,2,0,0,9,NA,53960,28180,05760,08160,09630,7,1,2,1,173,259
25003000080,MA,003,80,1872,6,1828,9,0,5,0,0,24,1392,4,1365,5,0,3,0,0,15,NA,NA,30315,NA,NA,03390,7,1,2,1,336,287
25003000081,MA,003,81,2990,20,2900,20,1,24,1,2,22,2274,10,2221,15,1,15,1,1,10,NA,53960,34340,06630,08160,09630,7,1,2,1,647,504
25003000082,MA,003,82,881,15,854,5,3,3,0,1,0,673,9,657,3,2,1,0,1,0,NA,34620,34655,NA,NA,06690,9,1,2,1,167.16731016731018,123.2822822822823
25003000083,MA,003,83,1074,9,1026,16,0,19,0,0,4,829,8,792,14,0,12,0,0,3,NA,34620,34655,NA,NA,06690,9,1,2,1,205.9163449163449,151.85885885885887
25003000084,MA,003,84,999,36,944,1,6,3,0,2,7,778,23,743,1,4,3,0,0,4,NA,34620,34655,NA,NA,06690,9,1,2,1,193.24839124839124,142.51651651651653
25003000085,MA,003,85,1109,5,1094,3,0,6,0,0,1,825,5,817,1,0,1,0,0,1,NA,34620,34655,NA,NA,06690,9,1,2,1,204.9227799227799,151.1261261261261
25003000086,MA,003,86,711,62,623,11,0,4,0,1,10,589,47,520,11,0,4,0,0,7,NA,34620,34655,NA,NA,06690,9,1,2,1,146.3024453024453,107.8948948948949
25003000087,MA,003,87,1211,22,1158,1,0,22,0,0,8,968,17,928,1,0,16,0,0,6,NA,34620,34655,NA,NA,06690,9,1,2,1,240.44272844272842,177.3213213213213
25003000088,MA,003,88,5077,97,4822,66,3,51,2,10,26,4019,55,3884,22,3,31,2,4,18,NA,34935,34970,10080,NA,06750,9,1,2,1,1274,1135
25003000089,MA,003,89,934,14,898,5,2,3,2,2,8,773,11,748,4,1,2,2,2,3,NA,NA,42460,NA,NA,11040,9,1,2,1,216,136
25003000090,MA,003,90,130,0,130,0,0,0,0,0,0,108,0,108,0,0,0,0,0,0,NA,NA,43300,NA,NA,11040,9,1,2,1,25,30
25003000091,MA,003,91,247,0,236,2,0,8,0,0,1,185,0,180,1,0,4,0,0,0,NA,NA,44385,08400,08160,01780,7,1,2,1,58,46
25003000092,MA,003,92,1494,17,1443,25,0,2,0,0,7,1125,10,1100,11,0,0,0,0,4,NA,NA,45420,NA,NA,11040,9,1,2,1,232,250
25003000093,MA,003,93,3199,27,3083,32,6,12,4,4,31,2489,14,2417,22,4,9,2,3,18,NA,46225,46225,03720,NA,08670,6,1,2,1,829.5210983419598,431.90121940521095
25003000094,MA,003,94,2780,42,2637,36,8,16,1,1,39,2126,23,2041,20,6,13,1,1,21,NA,46225,46225,03720,NA,08670,6,1,2,1,708.54232827441,368.9120098254233
25003000095,MA,003,95,2739,83,2510,68,12,26,0,5,35,2271,58,2099,61,10,23,0,3,17,NA,46225,46225,NA,NA,08670,6,1,2,1,756.8671813316957,394.0729888586718
25003000096,MA,003,96,3116,87,2908,52,0,26,0,6,37,2288,44,2191,25,0,16,0,3,9,NA,46225,46225,13020,08160,08670,6,1,2,1,762.5328537591016,397.0228967453285
25003000097,MA,003,97,2847,59,2662,42,12,37,0,1,34,2225,37,2112,26,8,21,0,1,20,NA,46225,46225,03720,08160,08670,6,1,2,1,741.5365382928327,386.0908851653654
25003000098,MA,003,98,1365,4,1315,8,4,12,0,4,18,1068,4,1035,6,4,6,0,2,11,NA,NA,51580,NA,NA,13321,9,1,2,1,162,207
25003000099,MA,003,99,821,1,804,2,1,4,0,0,9,593,1,582,1,1,3,0,0,5,NA,NA,53050,NA,NA,03390,7,1,2,1,111,140
25003000100,MA,003,100,3275,67,3037,71,3,37,0,10,50,2471,39,2325,43,2,28,0,8,26,NA,53960,53960,NA,NA,09630,8,1,2,1,538.1569764137539,541.4572605853936
25003000101,MA,003,101,3163,43,3022,41,3,20,3,0,31,2481,31,2384,35,2,13,2,0,14,NA,53960,53960,06630,08160,09630,7,1,2,1,540.3348678601875,543.6485080988917
25003000102,MA,003,102,3115,141,2531,227,5,111,3,8,89,2394,95,1982,171,5,93,3,3,42,NA,53960,53960,NA,NA,09630,8,1,2,1,521.3872122762148,524.5846547314578
25003000103,MA,003,103,3140,43,3007,32,4,9,8,12,25,2483,26,2403,24,3,9,4,5,9,NA,53960,53960,NA,NA,09630,8,1,2,1,540.7704461494743,544.0867576015913
25003000104,MA,003,104,3397,33,3275,39,3,7,1,4,35,2639,25,2555,26,2,7,1,3,20,NA,53960,53960,NA,NA,09630,8,1,2,1,574.7455527138392,578.2702188121626
25003000105,MA,003,105,3191,19,3118,23,1,16,0,0,14,2498,13,2443,16,1,15,0,0,10,NA,53960,53960,NA,NA,09630,8,1,2,1,544.0372833191248,547.3736288718386
25003000106,MA,003,106,3190,22,3060,44,1,42,1,2,18,2392,13,2312,31,1,28,0,0,7,NA,53960,53960,NA,NA,09630,9,1,2,1,520.9516339869281,524.1464052287581
25003000107,MA,003,107,3233,53,3092,37,5,20,0,4,22,2449,35,2355,26,4,16,0,2,11,NA,53960,53960,NA,NA,09630,9,1,2,1,533.3656152315999,536.6365160556977
25003000108,MA,003,108,3458,50,3163,110,11,70,1,5,48,2696,31,2506,74,8,50,1,2,24,NA,53960,53960,NA,NA,09630,8,1,2,1,587.1595339585109,590.760329639102
25003000109,MA,003,109,3643,106,3258,170,4,46,0,1,58,2866,55,2634,111,3,39,0,1,23,NA,53960,53960,10080,NA,09630,8,1,2,1,624.183688547883,628.0115373685707
25003000110,MA,003,110,3113,66,2801,140,2,46,0,3,55,2334,34,2160,78,2,34,0,2,24,NA,53960,53960,05760,NA,09630,8,1,2,1,508.31986359761294,511.4371696504689
25003000111,MA,003,111,3391,116,2742,379,5,59,0,6,84,2660,57,2251,258,2,45,0,2,45,NA,53960,53960,05760,NA,09630,8,1,2,1,579.3191247513498,582.8718385905087
25003000112,MA,003,112,3568,163,3063,204,2,33,1,9,93,2574,82,2310,114,2,27,1,6,32,NA,53960,53960,NA,NA,09630,8,1,2,1,560.5892583120204,564.0271099744245
25003000113,MA,003,113,2916,12,2782,75,8,9,0,6,24,2253,9,2165,58,6,7,0,0,8,NA,53960,53960,06630,08160,09630,8,1,2,1,490.67894288150035,493.6880647911338
25003000114,MA,003,114,1604,9,1560,16,8,7,1,3,0,1259,8,1229,7,7,6,1,1,0,NA,53960,56795,10080,NA,02530,7,1,2,1,383,352
25003000115,MA,003,115,824,8,796,4,1,1,0,0,14,658,5,639,4,1,0,0,0,9,NA,NA,59665,NA,NA,13321,9,1,2,1,124,99
25003000116,MA,003,116,705,5,683,5,3,0,0,1,8,533,3,518,4,2,0,0,1,5,NA,NA,60225,10530,22222,03390,6,1,2,1,90,105
25003000117,MA,003,117,3335,44,3220,35,10,8,0,1,17,2541,36,2450,27,8,7,0,1,12,NA,NA,61065,NA,NA,11040,9,1,2,1,512,661
25003000118,MA,003,118,2276,66,2161,27,1,10,0,3,8,1929,44,1851,17,1,9,0,3,4,NA,31295,67595,10080,NA,02530,9,1,2,1,714,425
25003000119,MA,003,119,350,1,334,1,0,9,0,0,5,285,1,274,1,0,5,0,0,4,NA,NA,71095,NA,NA,06690,9,1,2,1,104,68
25003000120,MA,003,120,544,4,537,2,0,0,0,0,1,400,2,397,0,0,0,0,0,1,NA,53960,73335,NA,NA,03390,7,1,2,1,111,99
25003000121,MA,003,121,1416,12,1380,2,1,13,0,0,8,1107,8,1084,2,1,9,0,0,3,NA,31295,77990,10080,NA,02530,9,1,2,1,353,259
25003000122,MA,003,122,3008,39,2849,44,3,42,0,2,29,2449,21,2347,33,3,27,0,2,16,NA,79950,79985,13020,08160,01780,6,1,2,1,692.0116393212733,422.4190155658393
25003000123,MA,003,123,2818,137,2211,154,1,185,5,8,117,2617,134,2038,148,1,178,5,4,109,NA,79950,79985,13020,08160,NA,6,1,2,1,739.4832421820221,451.3967185527976
25003000124,MA,003,124,2598,57,2452,25,4,33,0,2,25,2065,35,1975,18,4,20,0,0,13,NA,79950,79985,13020,08160,08670,6,1,2,1,583.5051184967045,356.1842658813631
25003000125,MA,003,125,875,1,865,0,0,0,0,2,7,642,0,636,0,0,0,0,2,4,NA,NA,80685,10530,NA,03390,7,1,2,1,173,149
25005000126,MA,005,126,3219,18,3149,14,3,2,1,10,22,2495,11,2443,11,3,2,1,7,17,NA,00530,00520,01740,09150,04800,20,3,5,9,662.2787979966612,605.2465647874664
25005000127,MA,005,127,3467,38,3335,11,11,6,1,19,46,2664,23,2581,6,8,4,1,14,27,NA,00530,00520,01740,09150,08430,20,3,5,9,707.1385642737896,646.2432258893026
25005000128,MA,005,128,3475,24,3358,17,2,9,0,26,39,2628,10,2558,11,2,5,0,16,26,NA,45000,00520,01740,05070,08430,20,3,5,9,697.5826377295492,637.510209323231
25005000129,MA,005,129,3680,60,3487,35,8,59,0,9,22,2802,36,2671,22,4,50,0,5,14,NA,02690,02690,NA,NA,02190,11,26,4,3,495.70962604319294,527.4835955915142
25005000130,MA,005,130,3475,78,3240,46,4,70,3,5,29,2595,46,2443,33,4,50,2,3,14,NA,02690,02690,NA,NA,02190,11,26,4,3,459.0886793654838,488.5153213989934
25005000131,MA,005,131,4648,181,4204,51,11,121,1,7,72,3531,116,3255,26,9,80,1,5,39,NA,02690,02690,NA,NA,02190,11,26,4,3,624.6790469516468,664.7196916608269
25005000132,MA,005,132,2877,69,2686,25,2,53,3,9,30,2126,51,1996,15,2,36,3,6,17,NA,02690,02690,NA,NA,02190,11,26,4,3,376.11658278651976,400.2248837357457
25005000133,MA,005,133,3236,101,2882,76,5,106,0,13,53,2498,66,2266,47,5,74,0,8,32,NA,02690,02690,NA,NA,02190,11,26,4,3,441.92813913486657,470.25482576288465
25005000134,MA,005,134,3803,88,3514,62,4,78,1,3,53,2896,56,2705,48,4,50,1,2,30,NA,02690,02690,NA,NA,02190,11,26,4,3,512.3394279161623,545.17933363063
25005000135,MA,005,135,2356,304,1795,76,2,119,1,2,57,1724,202,1363,52,2,68,1,2,34,NA,02690,02690,NA,NA,02190,11,26,4,3,304.9976428616933,324.54736573867615
25005000136,MA,005,136,3496,34,3318,21,7,70,0,3,43,2558,25,2441,12,6,47,0,1,26,NA,02690,02690,NA,NA,02190,11,26,4,3,452.5429062878257,481.54997770274576
25005000137,MA,005,137,4719,670,3393,125,9,392,1,10,119,3489,467,2620,72,9,239,1,8,73,NA,02690,02690,NA,NA,02190,11,26,4,3,617.2487099445754,656.8130853029242
25005000138,MA,005,138,2703,40,2484,34,1,111,0,4,29,2082,31,1930,26,1,72,0,3,19,NA,02690,02690,NA,NA,02190,11,26,4,3,368.332420207683,391.9417723131809
25005000139,MA,005,139,3650,104,3375,40,3,76,1,5,46,2726,64,2552,27,1,52,1,3,26,NA,02690,02690,NA,NA,02190,11,26,4,3,482.26425431611136,513.1764031343569
25005000140,MA,005,140,3425,76,3089,74,6,101,0,12,67,2367,49,2162,39,6,77,0,8,26,NA,02690,02690,NA,NA,02190,11,26,4,3,418.752564184239,445.59374402752115
25005000141,MA,005,141,5749,55,5522,31,7,21,2,49,62,3998,33,3846,21,6,14,2,39,37,NA,69170,05280,02520,05070,11520,18,4,5,9,572,673
25005000142,MA,005,142,5068,166,4594,122,10,54,3,27,92,3872,146,3467,115,7,34,3,25,75,NA,62300,16425,05040,05070,04020,18,3,4,9,808.3855105720374,616.245205703983
25005000143,MA,005,143,2734,43,2574,6,10,15,2,31,53,2136,27,2024,3,8,11,2,26,35,NA,62300,16425,NA,NA,04020,18,3,4,9,445.9482052122603,339.95345025405675
25005000144,MA,005,144,2940,80,1560,44,4,44,1,1181,26,2769,79,1396,43,4,44,1,1177,25,NA,62300,16425,NA,NA,04020,18,3,4,9,578.104204228815,440.69808228159314
25005000145,MA,005,145,3095,21,2910,22,1,68,1,19,53,2347,13,2216,17,1,56,1,13,30,NA,62300,16425,NA,NA,04020,18,3,4,9,490.00020488444517,373.53499426323555
25005000146,MA,005,146,2678,24,2514,15,1,58,0,36,30,2067,18,1952,11,1,36,0,28,21,NA,62300,16425,NA,NA,04020,18,3,4,9,431.5425749877069,328.9718079003442
25005000147,MA,005,147,2862,28,2672,20,8,26,0,38,70,2278,19,2131,10,8,24,0,34,52,NA,06170,16425,NA,NA,04020,18,3,4,9,475.59457465989186,362.55335190952303
25005000148,MA,005,148,2704,24,2549,27,5,21,0,16,62,2148,11,2028,25,3,16,0,15,50,NA,06170,16425,NA,NA,04020,18,3,4,9,448.45353220783477,341.8633010981806
25005000149,MA,005,149,2901,27,2769,9,2,33,0,21,40,2450,20,2349,9,2,21,0,18,31,NA,06170,16425,NA,NA,04020,18,3,4,9,511.50426159645957,389.92788067529915
25005000150,MA,005,150,2896,34,2764,22,0,29,2,16,29,2219,23,2139,12,0,19,2,13,11,NA,06170,16425,NA,NA,04020,18,3,4,9,463.2767169316506,353.1632519259138
25005000151,MA,005,151,2788,14,2723,4,9,12,0,13,13,2118,6,2080,4,4,5,0,8,11,NA,NA,16425,05340,NA,04020,18,3,4,9,442.1902147188985,337.08867398787083
25005000152,MA,005,152,6175,66,5990,30,11,28,1,10,39,4561,39,4446,20,7,16,1,8,24,NA,69170,16950,02520,NA,04200,14,4,5,9,1109,1077
25005000153,MA,005,153,5163,155,4176,28,6,62,0,715,21,4259,136,3319,24,2,48,0,714,16,NA,09000,20100,NA,NA,04620,123,28,5,10,705.7886989553657,803.1127136752137
25005000154,MA,005,154,775,1,727,8,0,23,0,3,13,561,1,532,7,0,11,0,1,9,NA,NA,20100,NA,NA,04620,123,28,10,10,92.96723646723646,105.78685897435896
25005000155,MA,005,155,2510,47,2400,35,0,6,0,9,13,1901,24,1838,21,0,3,0,8,7,NA,NA,20100,NA,NA,04620,123,28,5,10,315.02801519468187,358.4684829059829
25005000156,MA,005,156,3247,28,3031,92,1,53,0,13,29,2633,22,2476,73,1,37,0,9,15,NA,NA,20100,NA,NA,04620,120,25,5,10,436.3328584995252,496.5005341880342
25005000157,MA,005,157,3494,28,3338,47,1,49,2,4,25,2527,17,2416,34,0,37,2,3,18,NA,NA,20100,NA,NA,04620,123,28,10,10,418.7668566001899,476.5122863247863
25005000158,MA,005,158,3755,51,3523,83,1,56,0,8,33,2571,40,2415,55,1,36,0,6,18,NA,NA,20100,NA,NA,04620,123,28,10,10,426.05840455840456,484.80929487179486
25005000159,MA,005,159,3355,42,3140,58,0,59,0,15,41,2396,27,2255,43,0,44,0,8,19,NA,69170,20100,NA,NA,04620,120,25,10,10,397.05792972459636,451.80982905982904
25005000160,MA,005,160,2525,22,2405,14,5,29,0,24,26,1998,13,1912,8,4,26,0,17,18,NA,45000,22130,NA,NA,04800,19,3,5,9,657.683553307516,400.29479174899234
25005000161,MA,005,161,2628,28,2525,6,9,13,1,20,26,2167,17,2098,3,8,13,1,13,14,NA,45000,22130,NA,NA,04800,19,3,5,9,713.3134434521457,434.1535604204537
25005000162,MA,005,162,2778,32,2662,15,4,11,2,28,24,2162,22,2081,12,3,9,1,18,16,NA,45000,22130,01740,09150,04800,19,3,5,9,711.6675887141389,433.15182170236307
25005000163,MA,005,163,2827,20,2715,31,7,5,0,21,28,2184,11,2109,17,2,4,0,19,22,NA,NA,22130,NA,NA,04800,19,3,5,9,718.9093495613689,437.5594720619616
25005000164,MA,005,164,2651,19,2557,2,8,9,0,18,38,2093,12,2025,2,5,8,0,16,25,NA,NA,22130,NA,NA,04800,19,3,5,9,688.9547933296452,419.32782739271323
25005000165,MA,005,165,2750,14,2625,26,5,4,0,39,37,2049,11,1950,16,5,3,0,37,27,NA,NA,22130,07470,09150,04800,19,3,5,9,674.4712716351853,410.51252667351616
25005000166,MA,005,166,2874,16,2773,9,11,29,0,7,29,2217,13,2149,5,7,22,0,3,18,NA,23000,23000,NA,NA,04830,17,2,4,3,616.421278974756,226.97879843461058
25005000167,MA,005,167,3156,222,2543,125,9,139,0,10,108,2321,84,2018,62,3,86,0,3,65,NA,23000,23000,NA,NA,04830,16,2,4,3,645.3377485342393,237.6264281311372
25005000168,MA,005,168,2573,43,2389,18,5,61,1,9,47,1980,24,1870,8,4,37,1,5,31,NA,23000,23000,NA,NA,04830,16,2,4,3,550.5250935363179,202.71448845310283
25005000169,MA,005,169,2478,62,2294,33,1,49,0,4,35,1875,30,1787,13,0,24,0,4,17,NA,23000,23000,NA,NA,04830,16,2,4,3,521.3305810003011,191.96447770180194
25005000170,MA,005,170,3216,75,2854,45,2,7,0,17,216,2412,54,2172,27,2,4,0,13,140,NA,23000,23000,NA,NA,04830,16,2,4,3,670.6396593987872,246.94310411559798
25005000171,MA,005,171,3239,96,3001,36,2,15,0,11,78,2467,58,2324,24,1,11,0,3,46,NA,23000,23000,NA,NA,04830,16,2,4,3,685.9320231081294,252.57406212818418
25005000172,MA,005,172,3307,85,3037,43,6,55,0,10,71,2478,49,2318,24,4,37,0,7,39,NA,23000,23000,NA,NA,04830,16,2,4,3,688.9904958499978,253.7002537307014
25005000173,MA,005,173,3648,70,3393,21,7,76,0,9,72,2835,42,2672,12,6,47,0,9,47,NA,23000,23000,NA,NA,04830,16,2,4,3,788.2518384724552,290.2502902851245
25005000174,MA,005,174,3411,283,2778,182,4,99,0,5,60,2460,124,2135,89,4,68,0,2,38,NA,23000,23000,NA,NA,04830,16,2,4,3,683.9857222723949,251.8573947447641
25005000175,MA,005,175,3273,34,3075,40,4,19,0,14,87,2509,20,2384,22,3,11,0,9,60,NA,23000,23000,NA,NA,04830,16,2,4,3,697.6098281225362,256.87406642870457
25005000176,MA,005,176,3368,103,3064,48,2,30,0,6,115,2542,55,2359,30,1,18,0,1,78,NA,23000,23000,NA,NA,04830,15,2,4,3,706.7852463481414,260.25264123625624
25005000177,MA,005,177,3135,156,2713,90,12,56,1,21,86,2291,74,2063,56,5,38,1,9,45,NA,23000,23000,NA,NA,04830,16,2,4,3,636.9964592382346,234.5549964879084
25005000178,MA,005,178,3027,199,2550,154,4,16,1,33,70,2394,105,2120,82,4,10,1,21,51,NA,23000,23000,NA,NA,04830,15,2,5,9,665.6348858211844,245.1002451296607
25005000179,MA,005,179,3428,319,2649,191,8,133,1,19,108,2290,148,1919,89,7,70,0,9,48,NA,23000,23000,NA,NA,04830,16,2,5,3,636.718416261701,234.45261543313407
25005000180,MA,005,180,3413,122,2722,102,8,375,0,10,74,2403,77,2042,44,8,178,0,7,47,NA,23000,23000,NA,NA,04830,17,2,5,3,668.1372726099859,246.02167462262935
25005000181,MA,005,181,2969,113,2595,95,14,98,0,11,43,2232,71,1992,60,11,59,0,7,32,NA,23000,23000,NA,NA,04830,17,2,5,9,620.5919236227584,228.51451425622503
25005000182,MA,005,182,3124,43,2941,22,3,63,0,9,43,2458,25,2357,18,3,29,0,6,20,NA,23000,23000,NA,NA,04830,17,2,4,9,683.429636319328,251.65263263521553
25005000183,MA,005,183,2944,107,2573,57,6,93,0,10,98,2297,64,2075,26,6,52,0,7,67,NA,23000,23000,NA,NA,04830,17,2,4,3,638.6647170974354,235.1692828165541
25005000184,MA,005,184,3172,58,2996,33,3,12,0,7,63,2421,35,2320,15,3,10,0,2,36,NA,23000,23000,NA,NA,04830,17,2,5,3,673.1420461875887,247.86453360856663
25005000185,MA,005,185,2783,102,2413,79,6,89,0,11,83,2113,52,1890,44,2,65,0,9,51,NA,23000,23000,NA,NA,04830,15,2,5,3,587.5048094152726,216.33116873808396
25005000186,MA,005,186,2369,53,2177,54,2,37,0,3,43,1891,32,1765,36,1,29,0,1,27,NA,23000,23000,NA,NA,04830,15,2,5,9,525.779268624837,193.60257457819063
25005000187,MA,005,187,2493,48,2370,25,0,11,0,6,33,1777,30,1704,14,0,7,0,3,19,NA,23000,23000,NA,NA,04830,15,2,5,9,494.0823693000187,181.93113433392108
25005000188,MA,005,188,2170,35,1973,99,1,8,0,0,54,1726,17,1612,54,1,8,0,0,34,NA,23000,23000,NA,NA,04830,15,2,5,9,479.90217749681045,176.70970054043207
25005000189,MA,005,189,2292,52,2062,36,3,76,0,12,51,1765,28,1634,19,3,42,0,7,32,NA,23000,23000,NA,NA,04830,15,2,5,9,490.7458535816167,180.70256167662953
25005000190,MA,005,190,2371,28,2273,24,1,22,1,4,18,1954,22,1885,20,1,12,1,3,10,NA,23000,23000,NA,NA,04830,15,2,5,9,543.2959761464471,200.05258102897116
25005000191,MA,005,191,2757,11,2646,20,3,40,4,6,27,2163,8,2107,10,1,19,2,3,13,NA,23000,23000,NA,NA,04830,15,2,5,9,601.4069582419472,221.45022147679867
25005000192,MA,005,192,2663,219,2062,154,3,105,1,10,109,1915,86,1641,68,2,55,1,6,56,NA,23000,23000,NA,NA,04830,15,2,5,3,532.4523000616408,196.0597198927737
25005000193,MA,005,193,3929,30,3819,24,1,23,0,12,20,3102,16,3044,5,0,17,0,8,12,NA,23000,23000,NA,NA,04830,15,2,5,9,862.4893132068981,317.5860319098611
25005000194,MA,005,194,3643,144,3301,83,6,49,0,16,44,2828,58,2669,34,4,28,0,7,28,NA,23000,23000,NA,NA,04830,15,2,5,9,786.3055376367207,289.5336229017044
25005000195,MA,005,195,4713,112,4238,155,10,95,6,21,76,3643,67,3346,97,4,67,5,16,41,NA,23000,23000,05040,05070,04830,15,2,5,9,1012.9105635115183,372.97418254275436
25005000196,MA,005,196,2918,19,2811,12,5,25,1,13,32,2219,13,2147,10,4,16,0,11,18,NA,23000,25240,05040,05070,04830,15,2,5,9,520.0944105213715,483.96226710505715
25005000197,MA,005,197,2686,16,2596,17,6,7,0,18,26,1985,6,1921,8,6,6,0,16,22,NA,23000,25240,05040,05070,04830,18,2,5,9,465.2489431658055,432.9270392985752
25005000198,MA,005,198,2868,27,2700,31,5,23,0,42,40,2183,16,2064,22,5,12,0,38,26,NA,45000,25240,05040,05070,08430,20,2,5,9,511.6566463128229,476.1106935963676
25005000199,MA,005,199,4526,46,4359,27,6,47,0,6,35,2951,28,2857,20,6,31,0,2,7,NA,38230,38225,NA,NA,07230,23,25,4,9,509.2229949304563,591.5042246197843
25005000200,MA,005,200,3686,69,3502,48,1,26,0,8,32,2670,41,2552,35,1,19,0,2,20,NA,38230,38225,NA,NA,07230,10,25,4,9,460.73378395944366,535.1800337969584
25005000201,MA,005,201,5170,48,4978,47,2,54,0,12,29,3340,29,3215,34,2,44,0,5,11,NA,38230,38225,NA,NA,07230,10,25,5,9,576.3486286234239,669.4761471467568
25005000202,MA,005,202,5648,109,4872,295,22,245,1,23,81,3800,58,3327,176,13,174,1,14,37,NA,38230,38225,NA,NA,07230,10,25,5,9,655.7259846613805,761.6794488496035
25005000203,MA,005,203,2772,35,2587,62,10,57,1,3,17,2181,24,2051,45,8,45,1,1,6,NA,38230,38225,NA,NA,07230,23,25,4,9,376.35220330170284,437.1639152476277
25005000204,MA,005,204,612,10,596,3,0,3,0,0,0,444,5,433,3,0,3,0,0,0,NA,38230,38225,NA,NA,07230,23,25,5,9,76.61640452359288,88.99623033926946
25005000205,MA,005,205,2294,55,2080,24,5,9,0,20,101,1823,30,1672,16,5,6,0,16,78,NA,45000,45000,01740,NA,08430,20,3,5,9,546.1676012549509,227.79412558027286
25005000206,MA,005,206,2336,39,2246,15,4,4,0,4,24,1919,24,1855,11,4,4,0,2,19,NA,45000,45000,01740,NA,08430,20,3,5,9,574.9290328075979,239.78986669695206
25005000207,MA,005,207,2396,45,2288,14,1,11,0,11,26,1906,27,1843,8,1,6,0,7,14,NA,45000,45000,01740,NA,08430,20,3,5,9,571.0342556181769,238.16544342073507
25005000208,MA,005,208,2898,346,2353,39,3,26,0,63,68,2119,167,1836,22,1,16,0,41,36,NA,45000,45000,01740,NA,08430,20,3,5,9,634.8486818756122,264.78099402336704
25005000209,MA,005,209,2986,271,2393,123,7,30,0,74,88,2165,138,1816,80,6,22,0,50,53,NA,45000,45000,NA,NA,08430,20,3,5,9,648.6302011612555,270.52895330844257
25005000210,MA,005,210,2553,24,2384,42,1,25,2,32,43,1964,9,1858,30,1,18,0,29,19,NA,45000,45000,01740,05070,08430,20,3,5,9,588.410953847901,245.41287034539542
25005000211,MA,005,211,2665,87,2418,29,3,34,0,48,46,2134,46,1971,22,3,24,0,33,35,NA,45000,45000,05040,05070,08430,20,3,5,9,639.3426555557133,266.6553285728482
25005000212,MA,005,212,2104,576,1226,70,36,7,0,59,130,1442,332,910,48,25,5,0,34,88,NA,45000,45000,NA,NA,08430,21,3,5,9,432.02066978038357,180.18602802345225
25005000213,MA,005,213,2269,370,1619,86,3,18,0,65,108,1576,180,1227,57,3,15,0,36,58,NA,45000,45000,NA,NA,08430,21,3,5,9,472.1668346559532,196.9300833321503
25005000214,MA,005,214,2100,143,1779,50,6,14,0,28,80,1603,93,1398,28,5,11,0,14,54,NA,45000,45000,01740,NA,08430,21,3,5,9,480.2559872801351,200.30388552121633
25005000215,MA,005,215,2171,134,1901,35,9,3,0,30,59,1619,77,1451,23,7,2,0,19,40,NA,45000,45000,01740,NA,08430,21,3,5,9,485.04955920557626,202.30317570732953
25005000216,MA,005,216,2314,77,2096,23,3,4,0,30,81,1755,47,1620,15,2,4,0,17,50,NA,45000,45000,NA,NA,08430,20,3,5,9,525.7949205718261,219.29714228929177
25005000217,MA,005,217,2236,230,1755,40,6,17,0,75,113,1678,138,1373,25,5,10,0,53,74,NA,45000,45000,NA,NA,08430,21,3,5,9,502.72585568064056,209.67555826862198
25005000218,MA,005,218,2360,73,2154,17,7,9,0,26,74,1790,42,1658,11,3,7,0,18,51,NA,45000,45000,NA,NA,08430,20,3,5,9,536.2808591587286,223.67058957141438
25005000219,MA,005,219,2102,354,1346,116,21,4,0,153,108,1419,201,967,72,13,4,0,98,64,NA,45000,45000,NA,NA,08430,21,3,5,9,425.1299101375619,177.31204838091452
25005000220,MA,005,220,2132,467,1338,76,18,6,0,75,152,1513,304,993,45,13,6,0,53,99,NA,45000,45000,NA,NA,08430,21,3,5,9,453.29214519952865,189.05787822432958
25005000221,MA,005,221,2213,628,1265,119,11,3,0,89,98,1463,340,946,67,7,3,0,55,45,NA,45000,45000,NA,NA,08430,21,3,5,9,438.3122329325251,182.81009639272582
25005000222,MA,005,222,2200,129,1785,82,16,19,1,112,56,1690,74,1430,62,11,13,1,65,34,NA,45000,45000,NA,NA,08430,21,3,5,9,506.32103462472145,211.1750259082069
25005000223,MA,005,223,2433,161,1866,95,7,11,0,163,130,1788,89,1424,68,7,10,0,110,80,NA,45000,45000,NA,NA,08430,21,3,5,9,535.6816626680485,223.42067829815022
25005000224,MA,005,224,2524,395,1680,152,6,38,0,152,101,1900,193,1405,103,4,27,0,101,67,NA,45000,45000,NA,NA,08430,21,3,5,9,569.2366661461365,237.41570960094262
25005000225,MA,005,225,2366,563,1412,102,18,18,1,142,110,1674,290,1136,65,14,15,1,91,62,NA,45000,45000,NA,NA,08430,21,3,5,9,501.5274626992803,209.1757357220937
25005000226,MA,005,226,2036,566,763,134,17,3,22,319,212,1406,346,561,86,11,2,15,236,149,NA,45000,45000,NA,NA,08430,22,3,5,9,421.235132948141,175.68762510469756
25005000227,MA,005,227,2088,371,751,240,15,16,0,421,274,1618,236,653,178,14,12,0,325,200,NA,45000,45000,NA,NA,08430,22,3,5,9,484.7499609602362,202.17822007069745
25005000228,MA,005,228,2310,240,1560,125,14,40,0,175,156,2001,168,1425,114,12,28,0,151,103,NA,45000,45000,NA,NA,08430,21,3,5,9,599.4960889254837,250.03622890078222
25005000229,MA,005,229,2148,318,1121,199,20,12,0,264,214,1695,209,945,153,16,12,0,200,160,NA,45000,45000,NA,NA,08430,22,3,5,9,507.81902585142177,211.79980409136726
25005000230,MA,005,230,2273,298,1304,179,21,4,1,270,196,1660,172,1011,133,14,2,1,211,116,NA,45000,45000,NA,NA,08430,21,3,5,9,497.3330872645193,207.42635680924462
25005000231,MA,005,231,2201,352,809,349,22,32,0,389,248,1480,193,622,224,20,19,0,266,136,NA,45000,45000,NA,NA,08430,21,3,5,9,443.4054031033063,184.9343422154711
25005000232,MA,005,232,2212,416,1099,242,18,19,1,247,170,1494,223,803,169,11,10,0,173,105,NA,45000,45000,NA,NA,08430,22,3,5,9,447.5997785380673,186.68372112832014
25005000233,MA,005,233,2037,94,1651,17,7,10,0,128,130,1565,65,1291,15,4,10,0,90,90,NA,45000,45000,NA,NA,08430,22,3,5,9,468.8712539572124,195.55557132919748
25005000234,MA,005,234,2095,60,1692,88,0,15,0,113,127,1652,38,1362,61,0,10,0,83,98,NA,45000,45000,NA,NA,08430,22,3,5,9,494.9363013017986,206.426711716188
25005000235,MA,005,235,2058,263,1559,63,8,15,1,65,84,1556,137,1248,39,7,13,0,54,58,NA,45000,45000,NA,NA,08430,22,3,5,9,466.17486974915175,194.4309705995088
25005000236,MA,005,236,2089,39,1828,38,5,18,0,82,79,1655,23,1465,33,5,15,0,53,61,NA,45000,45000,NA,NA,08430,22,3,5,9,495.8350960378189,206.80157862608425
25005000237,MA,005,237,2190,14,2055,37,1,3,0,37,43,1747,11,1645,21,1,3,0,33,33,NA,45000,45000,NA,NA,08430,22,3,5,9,523.3981346091056,218.29749719623516
25005000238,MA,005,238,2220,82,1780,93,15,12,1,122,115,1668,45,1364,70,7,12,1,93,76,NA,45000,45000,NA,NA,08430,22,3,5,9,499.72987322723986,208.42600190230124
25005000239,MA,005,239,2139,59,1872,30,13,33,4,71,57,1731,36,1546,22,9,19,3,50,46,NA,45000,45000,NA,NA,08430,21,3,5,9,518.6045626836643,216.29820701012196
25005000240,MA,005,240,2158,36,2019,14,2,10,0,28,49,1683,26,1591,8,2,8,0,22,26,NA,45000,45000,NA,NA,08430,22,3,5,9,504.22384690734094,210.30033645178236
25005000241,MA,005,241,2183,80,1997,23,1,11,0,23,48,1696,46,1581,11,1,7,0,17,33,NA,45000,45000,NA,NA,08430,22,3,5,9,508.11862409676183,211.92475972799934
25005000242,MA,005,242,2087,326,1439,89,13,5,0,60,155,1508,209,1102,42,8,5,0,38,104,NA,45000,45000,NA,NA,08430,22,3,5,9,451.7941539728283,188.4331000411692
25005000243,MA,005,243,1810,307,1195,83,1,5,0,51,168,1277,181,910,45,1,5,0,33,102,NA,45000,45000,NA,NA,08430,22,3,5,9,382.58695929927177,159.56834797915988
25005000244,MA,005,244,1882,134,1551,27,8,5,0,74,83,1442,95,1223,19,5,2,0,45,53,NA,45000,45000,NA,NA,08430,22,3,5,9,432.02066978038357,180.18602802345225
25005000245,MA,005,245,1876,273,1393,59,1,9,0,57,84,1384,184,1081,26,1,7,0,28,57,NA,45000,45000,NA,NA,08430,22,3,5,9,414.64397155065944,172.9386010987919
25005000246,MA,005,246,2024,81,1698,25,1,13,0,56,150,1583,48,1341,13,1,12,0,41,127,NA,45000,45000,NA,NA,08430,22,3,5,9,474.26402237333366,197.80477278857484
25005000247,MA,005,247,3371,60,3176,38,12,44,1,2,38,2516,36,2383,23,8,38,1,2,25,NA,46585,46575,09690,06510,08730,23,26,4,3,427.7402780576264,555.1118275236752
25005000248,MA,005,248,3863,27,3725,25,2,50,0,1,33,2890,17,2795,17,2,37,0,1,21,NA,46585,46575,09690,06510,08730,23,26,4,3,491.3232923634898,637.6284505339513
25005000249,MA,005,249,4234,35,4090,18,0,65,0,1,25,3037,20,2950,11,0,41,0,1,14,NA,46585,46575,09690,06510,08730,23,26,4,3,516.3144771307676,670.061454765263
25005000250,MA,005,250,3737,68,3450,65,3,106,1,3,41,2878,49,2668,42,3,87,1,2,26,NA,46585,46575,NA,NA,08730,23,26,4,3,489.28319564779366,634.9808583518032
25005000251,MA,005,251,3723,101,3507,42,9,37,0,6,21,2865,69,2717,29,7,29,0,5,9,NA,46585,46575,09690,06510,08730,23,26,4,3,487.0730908724562,632.1126334878098
25005000252,MA,005,252,4382,45,4180,33,1,96,1,4,22,3014,26,2885,19,1,65,1,3,14,NA,46585,46575,09690,06510,08730,23,26,4,3,512.4042917590167,664.9869030828129
25005000253,MA,005,253,3833,22,3711,17,3,62,0,5,13,2652,12,2572,13,3,43,0,3,6,NA,02690,46575,09690,06510,08730,23,26,4,3,450.86137416884947,585.1178722546847
25005000254,MA,005,254,5144,87,4180,59,7,61,0,702,48,3950,81,3033,47,7,47,0,699,36,NA,50005,49970,NA,NA,09000,10,25,5,9,599.6204933586338,717.7457305502846
25005000255,MA,005,255,4647,39,4492,22,5,39,0,8,42,3444,23,3343,16,3,29,0,8,22,NA,50005,49970,NA,NA,09000,10,25,5,9,522.8083491461101,625.8015939278938
25005000256,MA,005,256,4088,55,3878,61,7,40,0,6,41,2929,30,2795,45,6,27,0,4,22,NA,50005,49970,NA,NA,09000,10,25,5,9,444.6299810246679,532.2220872865275
25005000257,MA,005,257,4157,25,3977,63,0,40,0,5,47,2852,13,2746,40,0,27,0,2,24,NA,69170,49970,NA,NA,09000,10,25,5,9,432.94117647058823,518.2305882352941
25005000258,MA,005,258,3121,27,2986,33,0,35,3,15,22,2286,16,2203,16,0,25,3,12,11,NA,56095,56060,NA,NA,03030,120,4,5,9,547.7175283732661,557.4139630860943
25005000259,MA,005,259,3854,20,3749,26,4,18,0,20,17,2863,13,2791,18,4,13,0,14,10,NA,69170,56060,NA,NA,03030,120,4,5,9,685.9646910466582,698.10856356758
25005000260,MA,005,260,4764,50,4536,60,3,28,0,28,59,3574,23,3440,38,3,19,0,17,34,NA,69170,56060,NA,NA,03030,120,4,5,9,856.3177805800757,871.4774733463257
25005000261,MA,005,261,3397,7,3343,12,9,10,0,6,10,2485,4,2452,7,9,6,0,3,4,NA,02690,56375,NA,NA,04200,13,25,5,3,526.6795521194348,508.461077046121
25005000262,MA,005,262,3083,29,2986,8,3,22,1,4,30,2292,15,2235,7,3,18,1,2,11,NA,NA,56375,NA,NA,04200,13,25,5,3,485.7744601439617,468.9709410823781
25005000263,MA,005,263,3692,15,3570,16,17,21,0,8,45,2725,9,2653,8,10,13,0,6,26,NA,NA,56375,NA,NA,04200,13,25,5,3,577.5459877366036,557.5679818715009
25005000264,MA,005,264,3104,27,3016,9,4,37,0,5,6,2337,18,2276,6,2,27,0,2,6,NA,49200,60645,NA,NA,10590,13,25,4,3,647.7820193361906,466.09558457091595
25005000265,MA,005,265,3511,13,3418,10,15,13,0,9,33,2597,11,2542,7,7,10,0,5,15,NA,49200,60645,NA,NA,10590,13,25,4,3,719.8501943586166,517.9504634705472
25005000266,MA,005,266,3456,21,3259,35,10,46,0,14,71,2647,10,2513,27,7,39,0,14,37,NA,NA,60645,NA,NA,10590,13,25,4,3,733.7094587860062,527.9225555666302
25005000267,MA,005,267,3354,38,3204,13,4,30,0,24,41,2452,23,2357,10,2,20,0,16,24,NA,NA,60645,NA,NA,10590,13,25,4,3,679.6583275191866,489.0313963919067
25005000268,MA,005,268,4268,31,4166,5,2,18,3,0,43,3209,19,3145,2,2,14,3,0,24,NA,62465,62430,05040,05070,10860,14,2,4,3,1171.4309038302563,648.8299118214384
25005000269,MA,005,269,3091,9,3024,2,0,24,0,7,25,2548,7,2493,2,0,22,0,6,18,NA,62465,62430,NA,NA,10860,14,2,4,3,930.1358500964452,515.1818682832736
25005000270,MA,005,270,3289,11,3228,11,9,12,1,3,14,2635,5,2602,9,3,7,1,0,8,NA,62465,62430,NA,NA,10860,14,2,4,3,961.8948057316064,532.7724579774042
25005000271,MA,005,271,3748,16,3678,1,4,17,0,4,28,3027,4,2987,0,3,13,0,4,16,NA,62465,62430,NA,NA,10860,14,2,4,3,1104.9926288233673,612.0312069440618
25005000272,MA,005,272,3838,23,3738,10,7,26,0,2,32,3097,12,3030,5,5,21,0,2,22,NA,62465,62430,NA,NA,10860,14,2,4,3,1130.5458115183246,626.184554973822
25005000273,MA,005,273,4241,27,4132,12,4,13,0,4,49,3260,13,3196,6,3,9,0,4,29,NA,62465,68750,NA,NA,11460,13,2,4,3,946.5621210896452,597.6622746746423
25005000274,MA,005,274,3590,14,3509,10,2,10,0,12,33,2816,10,2764,2,1,9,0,8,22,NA,50880,68750,NA,NA,11460,14,2,4,3,817.6438444749818,516.2628728477891
25005000275,MA,005,275,4266,33,4154,15,1,9,0,2,52,3410,20,3336,7,1,9,0,2,35,NA,50880,68750,NA,NA,11460,14,2,4,3,990.1155929189233,625.1620725891197
25005000276,MA,005,276,3804,22,3699,22,4,24,0,16,17,2885,13,2804,18,3,20,0,14,13,NA,NA,68750,NA,NA,11460,13,2,4,3,837.6784415164498,528.9127798884488
25005000277,MA,005,277,3068,94,2762,75,1,28,0,29,79,2395,67,2173,58,1,21,0,22,53,NA,69170,69170,NA,NA,11520,12,4,10,9,481.31202891314166,351.47395201750004
25005000278,MA,005,278,3939,59,3683,72,2,21,0,49,53,2942,44,2777,48,2,12,0,30,29,NA,69170,69170,NA,NA,11520,12,4,10,9,591.2400789404855,431.7479611004113
25005000279,MA,005,279,3106,257,2441,171,3,17,0,112,105,2453,171,2015,113,3,12,0,68,71,NA,69170,69170,NA,NA,11520,12,4,10,9,492.96801959245784,359.9856385381744
25005000280,MA,005,280,3298,164,2866,109,4,24,2,62,67,2503,83,2243,66,4,17,2,38,50,NA,69170,69170,NA,NA,11520,12,4,10,9,503.01628741945456,367.3232993318592
25005000281,MA,005,281,2916,107,2650,68,1,10,0,23,57,2326,71,2149,48,1,8,0,17,32,NA,69170,69170,NA,NA,11520,12,4,10,9,467.4454193118862,341.34798012221506
25005000282,MA,005,282,4168,97,3793,116,5,42,1,39,75,3147,65,2909,77,3,26,1,23,43,NA,69170,69170,NA,NA,11520,12,4,10,9,632.437977031172,461.83237035451884
25005000283,MA,005,283,3462,51,3288,34,1,8,1,21,58,2456,29,2345,22,1,4,1,12,42,NA,69170,69170,06570,05070,11520,12,4,10,9,493.57091566207765,360.42589818579546
25005000284,MA,005,284,4194,130,3724,146,6,37,0,59,92,2932,74,2640,90,3,28,0,38,59,NA,69170,69170,02520,05070,11520,12,4,10,9,589.2304253750863,430.2804289416744
25005000285,MA,005,285,3133,100,2894,39,5,9,1,18,67,2389,64,2240,20,3,7,1,14,40,NA,69170,69170,NA,NA,11520,12,4,10,9,480.1062367739021,350.5934327222579
25005000286,MA,005,286,2994,113,2669,46,7,31,4,32,92,2400,87,2161,36,5,24,4,25,58,NA,69170,69170,NA,NA,11520,12,4,10,9,482.31685569584135,352.2077180968685
25005000287,MA,005,287,3477,311,2891,139,11,11,0,56,58,2411,168,2082,80,7,8,0,32,34,NA,69170,69170,02520,NA,11520,14,4,10,9,484.5274746177806,353.8220034714792
25005000288,MA,005,288,2988,218,2554,92,1,10,0,49,64,2244,126,1982,46,1,6,0,43,40,NA,69170,69170,02520,NA,11520,14,4,10,9,450.9662600756117,329.31421642057205
25005000289,MA,005,289,3590,362,2977,111,1,23,0,48,68,2613,188,2282,56,1,16,0,27,43,NA,69170,69170,NA,NA,11520,12,4,10,9,525.1224766388473,383.4661530779656
25005000290,MA,005,290,4349,51,4157,51,5,21,6,18,40,3135,30,3007,36,4,15,4,13,26,NA,69170,69170,NA,NA,11520,13,4,10,9,630.0263927526928,460.07133176403454
25005000291,MA,005,291,3513,33,3321,59,12,15,1,31,41,2695,17,2577,39,8,9,1,21,23,NA,69170,69170,NA,NA,11520,13,4,10,9,541.6016358751219,395.49991677960867
25005000292,MA,005,292,3781,51,3602,38,4,15,1,18,52,3016,30,2887,35,4,13,1,14,32,NA,69170,69170,NA,NA,11520,12,4,10,9,606.1115153244407,442.60769907506483
25005000293,MA,005,293,2496,10,2430,1,2,18,1,8,26,1970,5,1927,0,2,13,1,4,18,NA,49710,77570,NA,NA,12780,17,2,4,9,586.0541707909656,430.94303968325386
25005000294,MA,005,294,3017,22,2935,4,5,13,1,5,32,2382,15,2328,3,3,9,1,5,18,NA,49710,77570,NA,NA,12780,17,2,4,9,708.6198146315127,521.0691982362998
25005000295,MA,005,295,2891,16,2841,7,4,11,1,1,10,2275,12,2241,4,2,7,1,1,7,NA,49710,77570,NA,NA,12780,17,2,4,9,676.788445964186,497.6626473499505
25005000296,MA,005,296,2683,17,2611,4,5,14,0,13,19,2069,12,2017,3,2,12,0,10,13,NA,49710,77570,NA,NA,12780,17,2,4,9,615.5056240439125,452.5995680734275
25005000297,MA,005,297,3096,33,3019,7,1,14,0,2,20,2417,22,2368,2,1,11,0,0,13,NA,23000,77570,NA,NA,12780,17,2,4,9,719.0319445694231,528.7255466570683
25005ZZZZZZ,MA,005,ZZZZZZ,0,0,0,0,0,0,0,0,0,0,0,0,0,0,0,0,0,0,NA,45000,00000,05340,09150,99998,ZZZ,ZZZ,5,9,0,0
25007000298,MA,007,298,344,4,182,1,125,0,0,2,30,257,4,147,0,88,0,0,2,16,4530,NA,01585,00043,07380,NA,5,5,1,8,78.62810810810811,41.397837837837834
25007000299,MA,007,299,843,7,818,3,1,3,0,6,5,668,5,651,2,1,1,0,4,4,NA,NA,13800,00043,07380,NA,5,5,1,8,204.3718918918919,107.60216216216216
25007000300,MA,007,300,3779,44,3500,62,17,18,1,54,83,2936,32,2716,54,15,11,1,43,64,NA,NA,21150,09090,07380,99998,5,5,1,8,401.67268972638107,313.75942178626747
25007000301,MA,007,301,86,0,82,0,0,0,0,0,4,71,0,67,0,0,0,0,0,4,NA,81245,26325,05340,07380,04860,5,5,1,8,37,41
25007000302,MA,007,302,3713,44,3196,157,55,24,0,82,155,2875,28,2489,134,34,15,0,70,105,NA,71970,50390,04650,07380,99998,5,5,1,8,393.327310273619,307.2405782137326
25007000303,MA,007,303,3755,39,3350,107,50,12,2,47,148,2948,28,2661,89,37,6,2,30,95,NA,71970,69940,12570,07380,99998,5,5,1,8,935,525
25007000304,MA,007,304,2467,17,2361,16,5,9,7,12,40,1834,9,1774,13,2,6,4,7,19,NA,NA,78235,00043,07380,NA,5,5,1,8,565,254
25009000305,MA,009,305,5322,52,5158,19,3,36,0,4,50,3981,23,3895,9,3,24,0,1,26,NA,01220,01185,NA,NA,01860,24,8,7,5,1025.9499054042938,728.6110882619067
25009000307,MA,009,307,3112,33,3020,17,2,16,0,3,21,2258,20,2204,10,2,8,0,0,14,NA,01220,01185,NA,NA,01860,24,8,7,5,581.9128074360451,413.26396314880316
25009000308,MA,009,308,2497,32,2353,23,7,20,0,11,51,1827,16,1739,16,7,17,0,6,26,NA,01220,01185,NA,NA,01860,24,8,7,5,470.8391050423624,334.38142633873485
25009000309,MA,009,309,3203,19,3116,26,11,14,2,3,12,2306,11,2259,14,7,10,0,0,5,NA,01220,01185,NA,NA,01860,24,8,7,5,594.2829645471744,422.0490252529407
25009000310,MA,009,310,2316,20,2242,7,8,7,0,4,28,1785,14,1734,5,8,7,0,1,16,NA,01220,01185,NA,NA,01860,24,8,7,5,460.0152175701242,326.6944969976145
25009000311,MA,009,311,3501,104,3243,43,5,65,6,5,30,2623,61,2453,32,4,49,6,3,15,NA,01430,01465,NA,NA,01950,40,10,6,4,688.1854530751606,842.5558201177053
25009000312,MA,009,312,4011,52,3692,37,3,192,0,8,27,3047,36,2827,31,2,140,0,1,10,NA,01430,01465,NA,NA,01950,40,10,6,4,799.4285457567725,978.7524147535828
25009000313,MA,009,313,3532,46,3256,20,0,182,0,8,20,2679,28,2504,12,0,122,0,7,6,NA,01430,01465,NA,NA,01950,40,10,6,4,702.8779370142414,860.5440495979154
25009000314,MA,009,314,4369,203,3728,30,3,336,0,4,65,2960,105,2588,18,3,215,0,2,29,NA,34550,01465,NA,NA,01950,40,10,6,4,776.602722494272,950.8064153825419
25009000315,MA,009,315,4330,62,3887,21,1,310,0,12,37,2866,37,2582,14,1,212,0,7,13,NA,40710,01465,NA,NA,01950,76,10,6,4,751.9403387393863,920.6118873264747
25009000316,MA,009,316,4081,20,3736,32,0,247,1,0,45,2824,14,2597,20,0,170,1,0,22,NA,NA,01465,NA,NA,01950,40,10,6,4,740.9209757850757,907.120715216317
25009000317,MA,009,317,3573,44,3230,15,0,246,0,0,38,2469,27,2252,9,0,172,0,0,9,NA,01430,01465,NA,NA,01950,40,10,6,4,647.7811222426883,793.088189047127
25009000318,MA,009,318,3850,36,3554,23,0,206,0,7,24,2791,21,2599,23,0,138,0,2,8,NA,01430,01465,NA,NA,01950,40,10,6,4,732.2629048924031,896.5205085583359
25009000319,MA,009,319,3379,58,3103,83,4,85,0,2,44,2532,30,2365,47,4,68,0,1,17,NA,05595,05595,NA,NA,02640,29,7,7,5,643.8483444649709,563.7540997584198
25009000320,MA,009,320,3134,24,3061,4,6,21,0,0,18,2424,20,2377,3,2,14,0,0,8,NA,05595,05595,NA,NA,02640,29,7,7,5,616.3856188716783,539.7077163564019
25009000321,MA,009,321,3144,117,2815,76,6,73,1,13,43,2641,83,2399,56,6,60,1,11,25,NA,05595,05595,NA,NA,02640,29,7,7,5,671.5653545544977,588.0231348586045
25009000322,MA,009,322,3283,69,3108,30,13,37,2,3,21,2835,47,2702,19,13,34,2,3,15,NA,05595,05595,NA,NA,02640,29,7,7,5,720.8965468239306,631.21756430297
25009000323,MA,009,323,3463,125,3173,64,8,33,0,4,56,2641,74,2466,37,5,27,0,2,30,NA,05595,05595,NA,NA,02640,29,7,7,5,671.5653545544977,588.0231348586045
25009000324,MA,009,324,3133,108,2915,49,0,12,3,1,45,2350,46,2240,31,0,10,2,1,20,NA,05595,05595,NA,NA,02640,29,7,7,5,597.5685661503481,523.2314906920564
25009000325,MA,009,325,3139,24,3055,11,5,23,1,1,19,2420,14,2372,10,2,11,1,1,9,NA,05595,05595,NA,NA,02640,29,7,7,5,615.3684808867415,538.8171095637346
25009000326,MA,009,326,3388,30,3291,12,7,23,1,2,22,2664,18,2604,9,5,16,1,1,10,NA,05595,05595,NA,NA,02640,29,7,7,5,677.413897967884,593.1441239164416
25009000327,MA,009,327,2933,40,2817,3,6,39,0,0,28,2338,25,2255,3,3,32,0,0,20,NA,05595,05595,NA,NA,02640,29,7,7,5,594.5171521955378,520.5596703140543
25009000328,MA,009,328,3219,39,3052,24,1,80,0,3,20,2513,27,2383,20,1,62,0,2,18,NA,05595,05595,NA,NA,02640,29,7,7,5,639.0169390365212,559.5237174932499
25009000329,MA,009,329,3267,38,3147,9,1,49,0,3,20,2696,37,2592,9,1,39,0,3,15,NA,05595,05595,NA,NA,02640,29,7,7,5,685.5510018473781,600.2689782577803
25009000330,MA,009,330,4380,48,4244,26,1,34,0,11,16,3153,26,3078,17,1,21,0,4,6,NA,05595,05595,NA,NA,02640,29,7,7,5,801.7590166264033,702.0208043200228
25009000331,MA,009,331,4239,39,4100,12,1,52,1,1,33,2860,22,2777,12,1,35,1,1,11,NA,07385,07420,02880,07410,08700,27,9,7,5,819.12104283054,659.8770949720671
25009000332,MA,009,332,3682,28,3566,15,7,44,1,4,17,2510,13,2446,6,4,33,1,1,6,NA,07385,07420,02880,07410,05220,27,9,7,5,718.87895716946,579.1229050279329
25009000333,MA,009,333,2851,13,2747,6,6,41,2,8,28,2233,11,2164,3,5,26,2,4,18,NA,16285,16250,NA,NA,03990,36,7,7,5,582.4014455343314,676.471037687145
25009000334,MA,009,334,3585,25,3487,12,6,44,0,0,11,2941,20,2859,11,5,38,0,0,8,NA,16285,16250,NA,NA,03990,36,7,7,5,767.0589571502322,890.9544656685596
25009000335,MA,009,335,2967,43,2840,10,1,57,0,0,16,2304,33,2206,10,1,44,0,0,10,NA,16285,16250,NA,NA,03990,36,7,7,5,600.9193598347961,697.9799690242643
25009000336,MA,009,336,2969,25,2925,1,1,8,0,1,8,2300,18,2268,1,0,6,0,1,6,NA,16285,16250,NA,NA,03990,36,7,7,5,599.8760970573052,696.7681982447083
25009000337,MA,009,337,3204,15,3134,2,1,38,0,2,12,2398,11,2349,2,1,26,0,2,7,NA,16285,16250,NA,NA,03990,36,7,7,5,625.4360351058338,726.4565823438306
25009000338,MA,009,338,3177,32,3084,8,0,40,0,0,13,2282,15,2227,5,0,25,0,0,10,NA,16285,16250,11670,07410,03990,36,7,7,5,595.1814145585957,691.3152297367063
25009000339,MA,009,339,2982,27,2913,13,2,19,0,0,8,2265,14,2221,12,2,11,0,0,5,NA,16285,16250,NA,NA,03990,36,7,7,5,590.7475477542592,686.1652039235933
25009000340,MA,009,340,3477,30,3368,29,1,33,0,0,16,2647,18,2577,20,1,24,0,0,7,NA,16285,16250,07830,07410,03990,36,7,7,5,690.3791430046464,801.8893133711927
25009000341,MA,009,341,3267,30,3195,3,4,14,0,3,18,2475,19,2427,2,3,12,0,2,10,NA,21815,21850,NA,NA,04740,28,9,7,5,639,827
25009000342,MA,009,342,3736,23,3663,2,6,14,0,9,19,2619,15,2572,2,6,12,0,4,8,NA,NA,25625,NA,NA,05220,25,9,7,5,611.4648556231003,741.8178191489361
25009000343,MA,009,343,3641,24,3573,9,4,15,0,3,13,2645,14,2602,6,3,12,0,1,7,NA,07385,25625,02880,07410,05220,27,9,7,5,617.5351443768997,749.1821808510639
25009000344,MA,009,344,2844,28,2751,9,1,24,0,3,28,2310,14,2253,6,1,15,0,1,20,NA,26150,26150,NA,NA,05280,28,9,7,5,495.68309214141783,375.08408133357756
25009000345,MA,009,345,3106,60,2962,15,5,27,0,0,37,2428,38,2331,12,5,20,0,0,22,NA,26150,26150,NA,NA,05280,28,9,7,5,521.0037003114123,394.2442205532149
25009000346,MA,009,346,3024,83,2853,18,1,17,1,8,43,2330,57,2214,15,1,13,1,5,24,NA,26150,26150,NA,NA,05280,28,9,7,5,499.9747206448067,378.3315625572449
25009000347,MA,009,347,3028,89,2843,40,4,21,1,6,24,2398,58,2282,22,3,14,1,2,16,NA,26150,26150,NA,NA,05280,28,9,7,5,514.566257556329,389.37299871771387
25009000348,MA,009,348,3044,49,2952,13,1,14,0,1,14,2385,36,2317,10,1,12,0,1,8,NA,26150,26150,NA,NA,05280,28,9,7,5,511.77669902912623,387.2621359223301
25009000349,MA,009,349,2861,26,2791,6,3,10,1,0,24,2281,16,2233,5,2,9,1,0,15,NA,26150,26150,NA,NA,05280,28,9,7,5,489.46023081150395,370.37523355926
25009000350,MA,009,350,2736,32,2651,20,0,10,2,4,17,1978,16,1938,10,0,3,1,3,7,NA,26150,26150,NA,NA,05280,28,9,7,5,424.44205898516213,321.1758930206998
25009000351,MA,009,351,3086,13,3018,10,4,19,0,1,21,2389,9,2347,6,4,11,0,1,11,NA,26150,26150,NA,NA,05280,28,9,7,5,512.635024729804,387.91163216706354
25009000352,MA,009,352,3332,43,3178,14,5,62,0,4,26,2664,31,2546,11,2,52,0,4,18,NA,26150,26150,NA,NA,05280,28,9,7,5,571.6449166514013,432.56449899248946
25009000353,MA,009,353,3212,26,3118,14,7,13,0,2,32,2451,17,2394,9,4,9,0,2,16,NA,26150,26150,NA,NA,05280,28,9,7,5,525.9390730903096,397.97882396043235
25009000354,MA,009,354,6038,28,5918,21,8,36,0,2,25,4251,15,4188,11,6,14,0,2,15,NA,29405,27620,02880,07410,09450,25,9,7,5,1679,1554
25009000355,MA,009,355,3540,44,3434,11,8,27,2,0,14,2523,23,2465,7,4,18,1,0,5,NA,NA,27900,11670,07410,05670,27,9,7,5,568.5633802816901,834.8684341342171
25009000356,MA,009,356,4775,38,4350,26,1,327,2,3,28,3512,23,3188,16,1,268,2,0,14,NA,NA,27900,NA,NA,05670,27,9,7,5,791.4366197183099,1162.131565865783
25009000357,MA,009,357,3160,821,2088,100,11,39,0,7,94,2106,461,1514,54,9,19,0,4,45,NA,29405,29405,NA,NA,05970,26,8,7,4,466.88919825638453,373.54980943469434
25009000358,MA,009,358,2582,649,1758,91,6,47,0,3,28,1882,405,1359,60,5,36,0,3,14,NA,29405,29405,NA,NA,05970,26,8,7,4,417.2295684323436,333.81801583860147
25009000359,MA,009,359,2711,446,2008,83,3,120,0,1,50,1935,258,1496,50,3,101,0,1,26,NA,29405,29405,NA,NA,05970,26,8,7,4,428.97939156035324,343.2188420019627
25009000360,MA,009,360,2425,127,2188,64,4,14,0,0,28,1761,69,1622,39,3,10,0,0,18,NA,29405,29405,NA,NA,05970,26,8,7,4,390.4045005363215,312.3557523335691
25009000361,MA,009,361,2972,130,2672,40,6,82,0,4,38,2184,72,2000,32,3,57,0,3,17,NA,29405,29405,NA,NA,05970,26,8,7,4,484.18139078439873,387.3849875619052
25009000362,MA,009,362,2775,484,2064,73,6,53,0,14,81,1970,281,1553,49,6,34,0,2,45,NA,29405,29405,NA,NA,05970,26,8,7,4,436.7387087203597,349.42693475135223
25009000363,MA,009,363,2589,763,1637,106,10,16,0,9,48,1821,463,1235,68,9,12,0,5,29,NA,29405,29405,NA,NA,05970,26,8,7,4,403.7061870963325,322.99819704680834
25009000364,MA,009,364,2626,264,2173,107,6,19,4,2,51,2118,164,1818,76,6,16,4,1,33,NA,29405,29405,NA,NA,05970,25,8,7,4,469.5495355683867,375.6782983773422
25009000365,MA,009,365,2472,170,2178,48,5,9,3,0,59,1819,103,1631,30,5,7,2,0,41,NA,29405,29405,NA,NA,05970,26,8,7,4,403.2627975443321,322.6434488897004
25009000366,MA,009,366,2597,51,2472,25,2,16,0,2,29,1912,25,1844,17,2,11,0,2,11,NA,29405,29405,NA,NA,05970,25,8,7,4,423.8804117123491,339.139238195221
25009000367,MA,009,367,3248,35,3145,18,2,19,0,1,28,2481,20,2416,15,2,14,0,1,13,NA,29405,29405,NA,NA,05970,26,8,7,4,550.0247392564529,440.065088892439
25009000368,MA,009,368,2799,41,2677,27,1,31,0,2,20,2128,28,2042,22,1,24,0,0,11,NA,29405,29405,NA,NA,05970,25,8,7,4,471.7664833283885,377.452039162882
25009000369,MA,009,369,2819,263,2411,52,0,44,0,4,45,2199,139,1951,42,0,31,0,3,33,NA,29405,29405,NA,NA,05970,26,8,7,4,487.50681242440146,390.045598740215
25009000370,MA,009,370,3069,137,2809,49,4,37,0,1,32,2461,87,2287,34,3,25,0,1,24,NA,29405,29405,NA,NA,05970,26,8,7,4,545.5908437364493,436.51760732135926
25009000371,MA,009,371,3869,52,3711,12,4,44,0,3,43,2859,27,2765,10,4,33,0,1,19,NA,29405,29405,NA,NA,05970,26,8,7,4,633.8253645845219,507.11249058584565
25009000372,MA,009,372,2943,275,2563,35,2,26,2,9,31,2130,139,1920,25,2,22,1,4,17,NA,29405,29405,NA,NA,05970,26,8,7,4,472.2098728803889,377.80678731998995
25009000373,MA,009,373,2365,59,2240,34,3,9,0,4,16,1808,29,1741,19,3,7,0,0,9,NA,29405,29405,NA,NA,05970,26,8,7,4,400.82415500833014,320.6923340256065
25009000374,MA,009,374,2929,135,2682,50,8,36,0,4,14,2236,88,2072,33,5,27,0,2,9,NA,29405,29405,NA,NA,05970,26,8,7,4,495.70951913640823,396.60843964671244
25009000375,MA,009,375,2113,69,1944,24,1,25,0,22,28,1647,53,1508,24,1,25,0,21,15,NA,29405,29405,NA,NA,05970,26,8,7,4,365.13129607230076,292.1351073784148
25009000376,MA,009,376,2767,170,2457,40,0,80,0,4,16,2112,113,1896,33,0,56,0,3,11,NA,29405,29405,02880,07410,05970,25,8,7,4,468.21936691238557,374.6140539060182
25009000377,MA,009,377,3139,33,3035,32,4,22,0,4,9,2248,20,2182,26,4,11,0,1,4,NA,29405,29405,02880,07410,05970,25,8,7,4,498.3698564484104,398.7369285893603
25009000378,MA,009,378,3128,49,3018,10,2,27,0,2,20,2405,26,2340,9,2,16,0,0,12,NA,32275,32310,NA,NA,06480,27,9,7,5,605.4579084183164,654.7505498900221
25009000379,MA,009,379,3070,16,2994,7,1,20,0,0,32,2400,14,2359,5,0,9,0,0,13,NA,32275,32310,NA,NA,06480,27,9,7,5,604.1991601679664,653.3893221355729
25009000380,MA,009,380,3532,43,3411,13,2,27,0,7,29,2653,30,2579,6,1,20,0,3,14,NA,32275,32310,11670,07410,06480,27,9,7,5,667.8918216356728,722.2674465106978
25009000381,MA,009,381,3257,27,3168,13,3,30,1,2,13,2544,21,2485,9,1,21,1,1,5,NA,32275,32310,11670,07410,06480,27,9,7,5,640.4511097780444,692.5926814637073
25009000382,MA,009,382,3290,1523,1601,77,5,38,0,9,37,2373,958,1316,44,3,31,0,5,16,NA,34550,34550,NA,NA,06660,37,10,6,4,752.9860476501306,470.1564335835509
25009000383,MA,009,383,2603,2129,378,37,5,28,0,6,20,1652,1340,254,19,1,19,0,5,14,NA,34550,34550,NA,NA,06660,39,10,6,4,524.2026762402088,327.30654373368145
25009000384,MA,009,384,3066,1212,1625,91,7,61,1,10,59,2259,768,1322,66,6,44,1,8,44,NA,34550,34550,NA,NA,06660,37,10,6,4,716.8122552219321,447.5699045365535
25009000385,MA,009,385,3193,1867,1087,123,6,57,0,10,43,2043,1085,827,67,2,37,0,6,19,NA,34550,34550,NA,NA,06660,37,10,6,4,648.2724379895561,404.7743758159269
25009000386,MA,009,386,2785,1567,1128,22,12,18,0,11,27,2163,1038,1062,17,6,17,0,3,20,NA,34550,34550,NA,NA,06660,39,10,6,4,686.3501142297649,428.5496695496083
25009000387,MA,009,387,2949,2447,405,56,16,1,0,3,21,1845,1487,298,38,8,1,0,1,12,NA,34550,34550,NA,NA,06660,39,10,6,4,585.4442721932115,365.5451411553525
25009000388,MA,009,388,3172,2370,677,64,8,13,8,5,27,2103,1495,535,39,2,11,8,3,10,NA,34550,34550,NA,NA,06660,39,10,6,4,667.3112761096606,416.66202268276766
25009000389,MA,009,389,3712,2717,803,74,3,63,0,11,41,2737,1871,712,57,2,55,0,8,32,NA,34550,34550,NA,NA,06660,39,10,6,4,868.4883322454308,542.274824575718
25009000390,MA,009,390,2468,2154,242,23,6,7,1,9,26,1584,1332,203,19,1,4,0,7,18,NA,34550,34550,NA,NA,06660,39,10,6,4,502.6253263707572,313.8338772845953
25009000391,MA,009,391,2598,2167,324,17,8,55,1,4,22,1589,1325,200,13,7,31,1,2,10,NA,34550,34550,NA,NA,06660,39,10,6,4,504.2118962140993,314.82451452349875
25009000392,MA,009,392,2750,2396,269,28,7,23,0,2,25,1745,1474,218,15,3,22,0,1,12,NA,34550,34550,NA,NA,06660,39,10,6,4,553.7128753263707,345.7323963772846
25009000393,MA,009,393,2702,2064,538,37,22,1,4,2,34,1753,1270,411,28,15,1,4,1,23,NA,34550,34550,NA,NA,06660,39,10,6,4,556.2513870757181,347.31741595953
25009000394,MA,009,394,3408,2132,1106,56,18,72,1,9,14,2223,1252,878,32,7,38,1,3,12,NA,34550,34550,NA,NA,06660,40,10,6,4,705.3889523498694,440.4373164164491
25009000395,MA,009,395,3191,1197,1789,63,3,82,0,7,50,2267,722,1417,44,0,51,0,3,30,NA,34550,34550,NA,NA,06660,40,10,6,4,719.3507669712794,449.154924118799
25009000396,MA,009,396,3136,2370,599,53,10,47,1,9,47,1998,1482,418,31,8,30,1,6,22,NA,34550,34550,NA,NA,06660,39,10,6,4,633.9933093994778,395.8586406657964
25009000397,MA,009,397,2900,2354,399,68,14,25,0,5,35,1854,1472,305,43,7,12,0,3,12,NA,34550,34550,NA,NA,06660,39,10,6,4,588.3000979112271,367.3282881853786
25009000398,MA,009,398,2851,1014,1657,44,3,97,1,5,30,2021,539,1355,35,1,71,1,3,16,NA,34550,34550,NA,NA,06660,40,10,6,4,641.2915306788511,400.41557196475196
25009000399,MA,009,399,2988,645,2155,44,4,95,0,2,43,2276,425,1726,30,0,66,0,0,29,NA,34550,34550,NA,NA,06660,37,10,6,4,722.206592689295,450.9380711488251
25009000400,MA,009,400,3400,1268,1838,78,2,169,0,1,44,2436,821,1424,51,2,112,0,0,26,NA,34550,34550,NA,NA,06660,37,10,6,4,772.9768276762402,482.6384627937337
25009000401,MA,009,401,3193,1535,1383,80,6,149,0,23,17,2217,938,1109,51,3,101,0,6,9,NA,34550,34550,NA,NA,06660,40,10,6,4,703.485068537859,439.24855172976504
25009000402,MA,009,402,2809,581,1944,49,4,183,0,3,45,2233,352,1677,36,2,135,0,1,30,NA,34550,34550,NA,NA,06660,37,10,6,4,708.5620920365536,442.4185908942559
25009000403,MA,009,403,3119,2015,771,70,15,192,0,4,52,1971,1153,598,51,6,131,0,3,29,NA,34550,34550,NA,NA,06660,37,10,6,4,625.4258322454308,390.509199575718
25009000404,MA,009,404,2796,1796,687,78,18,173,0,6,38,1757,1014,556,46,8,106,0,2,25,NA,34550,34550,NA,NA,06660,39,10,6,4,557.5206429503917,348.10992575065274
25009000405,MA,009,405,2964,1499,1164,80,2,183,0,1,35,1925,887,888,44,1,93,0,1,11,NA,34550,34550,NA,NA,06660,37,10,6,4,610.8293896866841,381.39533697780683
25009000406,MA,009,406,3075,33,2964,26,4,19,2,2,25,2430,24,2350,22,3,11,2,0,18,NA,37490,37490,NA,NA,07110,32,6,7,5,514.4998896328453,346.00367890515787
25009000407,MA,009,407,2809,46,2664,38,2,25,2,1,31,2223,31,2131,24,1,19,2,0,15,NA,37490,37490,NA,NA,07110,32,6,7,5,470.67212125671404,316.5292914428666
25009000408,MA,009,408,3024,106,2753,107,2,33,2,2,19,2314,70,2144,66,1,20,2,1,10,NA,37490,37490,NA,NA,07110,32,6,7,5,489.93940107424027,329.48663085865644
25009000409,MA,009,409,2994,192,2491,148,5,86,1,1,70,2415,137,2056,106,5,67,0,1,43,NA,37490,37490,NA,NA,07110,33,6,7,5,511.323964388198,343.8678537267309
25009000410,MA,009,410,2785,73,2598,46,0,44,0,1,23,2181,54,2057,32,0,27,0,0,11,NA,37490,37490,NA,NA,07110,33,6,7,5,461.77953057170186,310.5489809432713
25009000411,MA,009,411,2838,198,2340,143,8,54,0,9,86,2173,125,1860,92,6,38,0,8,44,NA,37490,37490,NA,NA,07110,33,6,7,5,460.0857037745567,309.4098741814436
25009000412,MA,009,412,2843,449,1829,265,11,173,1,11,104,1968,247,1385,169,10,101,1,6,49,NA,37490,37490,NA,NA,07110,33,6,7,5,416.6813920977117,280.2202634096093
25009000413,MA,009,413,3281,854,1617,375,6,336,0,13,80,2234,491,1243,244,5,199,0,7,45,NA,37490,37490,NA,NA,07110,33,6,7,5,473.0011331027886,318.09556324037965
25009000414,MA,009,414,2966,141,2571,116,2,55,0,6,75,2267,70,2037,75,0,38,0,5,42,NA,37490,37490,NA,NA,07110,33,6,7,5,479.9881686410124,322.79437863291884
25009000415,MA,009,415,2844,652,1667,197,14,183,0,9,122,2003,390,1311,122,10,104,0,6,60,NA,37490,37490,NA,NA,07110,33,6,7,5,424.09188433522183,285.2038554926054
25009000416,MA,009,416,3133,543,1994,282,4,240,1,16,53,2319,314,1629,188,3,145,1,7,32,NA,37490,37490,NA,NA,07110,33,6,7,5,490.998042822456,330.19857258479874
25009000417,MA,009,417,3175,359,2273,285,9,122,3,23,101,2447,228,1894,174,6,76,2,6,61,NA,37490,37490,NA,NA,07110,31,6,7,5,518.0992715767787,348.4242807740417
25009000418,MA,009,418,3342,1082,1293,415,3,430,0,14,105,2104,600,947,228,2,260,0,5,62,NA,37490,37490,NA,NA,07110,33,6,7,5,445.4764476491796,299.58507836067986
25009000419,MA,009,419,3789,1436,1264,644,10,274,0,21,140,2561,868,1030,414,6,161,0,6,76,NA,37490,37490,NA,NA,07110,33,6,7,5,542.2363034360975,364.6565521300861
25009000420,MA,009,420,3367,787,1929,395,4,125,0,13,114,2615,498,1676,277,2,82,0,7,73,NA,37490,37490,NA,NA,07110,33,6,7,5,553.6696343168273,372.34552277242295
25009000421,MA,009,421,3051,506,1953,349,4,66,2,55,116,2497,341,1728,249,2,44,2,39,92,NA,37490,37490,08220,NA,07110,33,6,7,5,528.6856890589361,355.5436980354647
25009000422,MA,009,422,3398,646,2127,257,10,267,0,9,82,2342,381,1606,154,7,148,0,5,41,NA,37490,37490,NA,NA,07110,34,6,7,5,495.8677948642484,333.4735045250534
25009000423,MA,009,423,3534,1174,1148,558,9,472,0,16,157,2350,705,920,350,5,278,0,5,87,NA,37490,37490,NA,NA,07110,34,6,7,5,497.5616216613936,334.612611286881
25009000424,MA,009,424,3797,1200,1391,642,6,372,0,26,160,2647,731,1152,412,6,226,0,13,107,NA,37490,37490,NA,NA,07110,34,6,7,5,560.444941505408,376.90194981973366
25009000425,MA,009,425,3747,943,2004,544,12,77,0,17,150,3175,659,1910,409,7,47,0,12,131,NA,37490,37490,08220,NA,07110,33,6,7,5,672.2375101169893,452.08299610036056
25009000426,MA,009,426,3201,469,2192,239,3,202,0,14,82,2217,253,1645,145,1,122,0,5,46,NA,37490,37490,NA,NA,07110,34,6,7,5,469.40175115885506,315.67496137149584
25009000427,MA,009,427,3551,1344,1180,436,2,448,1,20,120,2383,854,916,262,2,267,1,13,68,NA,37490,37490,NA,NA,07110,34,6,7,5,504.5486571996174,339.3114266794202
25009000428,MA,009,428,3713,1375,931,655,5,565,2,7,173,2328,800,691,406,3,326,2,6,94,NA,37490,37490,NA,NA,07110,34,6,7,5,492.90359796924434,331.4800676918549
25009000429,MA,009,429,3137,679,1663,278,12,382,2,4,117,2284,408,1374,199,5,230,0,1,67,NA,37490,37490,08220,NA,07110,34,6,7,5,483.58755058494586,325.21498050180264
25009000430,MA,009,430,2831,175,2282,255,7,51,0,3,58,2156,94,1838,156,4,35,0,2,27,NA,37490,37490,NA,NA,07110,34,6,7,5,456.48632183062324,306.9892723125598
25009000431,MA,009,431,2922,353,2105,155,8,234,0,4,63,2074,201,1632,86,5,118,0,1,31,NA,37490,37490,NA,NA,07110,34,6,7,5,439.12459715988524,295.31342800382606
25009000432,MA,009,432,3073,295,2368,160,6,163,2,9,70,2240,171,1822,95,6,99,1,4,42,NA,37490,37490,NA,NA,07110,34,6,7,5,474.2715032006475,318.94989331175043
25009000433,MA,009,433,2830,273,2039,155,0,188,18,23,134,2052,151,1590,108,0,107,11,18,67,NA,37490,37490,NA,NA,07110,34,6,7,5,434.466573467736,292.18088440879995
25009000434,MA,009,434,2916,23,2828,6,0,47,0,0,12,2198,13,2136,5,0,36,0,0,8,NA,37595,37560,NA,NA,07140,80,6,7,5,612.3289534347625,771.9347625633932
25009000435,MA,009,435,2936,15,2839,9,0,48,0,7,18,2163,12,2093,7,0,37,0,4,10,NA,37595,37560,NA,NA,07140,32,6,7,5,602.5784923928078,759.6428077455048
25009000436,MA,009,436,2889,17,2749,24,0,68,1,4,26,2216,15,2124,16,0,47,1,2,11,NA,37595,37560,NA,NA,07140,80,6,7,5,617.3434762563393,778.2563393268787
25009000437,MA,009,437,2801,22,2691,10,0,59,0,2,17,2099,14,2023,7,0,46,0,0,9,NA,37595,37560,07830,07410,07140,80,6,7,5,584.7490779160904,737.1660903642231
25009000438,MA,009,438,5228,40,5137,3,4,20,0,3,21,3978,29,3914,3,2,16,0,2,12,NA,05595,37995,NA,NA,07200,27,9,7,5,1011.5437260196106,885.7084553076595
25009000439,MA,009,439,3043,27,2966,6,4,15,0,2,23,2500,22,2443,6,4,8,0,0,17,NA,38435,38400,NA,NA,07260,31,6,7,5,808.5058360740311,890.2431160121236
25009000440,MA,009,440,3235,13,3145,19,2,26,0,0,30,2578,11,2523,14,1,17,0,0,12,NA,38435,38400,NA,NA,07260,31,6,7,5,833.7312181595408,918.0187012317018
25009000441,MA,009,441,2859,23,2771,24,1,21,6,1,12,2235,10,2186,16,0,13,3,1,6,NA,38435,38400,NA,NA,07260,31,6,7,5,722.8042174501838,795.8773457148385
25009000442,MA,009,442,2439,21,2366,0,1,45,0,0,6,1787,13,1740,0,1,30,0,0,3,NA,38435,38400,NA,NA,07260,31,6,7,5,577.9199716257174,636.3457793254659
25009000443,MA,009,443,3045,36,2905,21,5,47,0,1,30,2138,17,2059,11,2,33,0,1,15,NA,38435,38400,NA,NA,07260,31,6,7,5,691.4341910105114,761.3359128135681
25009000444,MA,009,444,2951,31,2877,5,2,23,0,2,11,2121,14,2075,4,2,17,0,1,8,NA,38435,38400,NA,NA,07260,31,6,7,5,685.936351325208,755.2822596246857
25009000445,MA,009,445,2805,28,2717,13,1,23,0,6,17,2148,18,2095,10,1,16,0,3,5,NA,38435,38400,NA,NA,07260,31,6,7,5,694.6682143548074,764.8968852776165
25009000446,MA,009,446,6138,55,6002,19,7,17,0,2,36,4359,26,4284,10,6,15,0,1,17,NA,29405,40430,NA,NA,09450,25,8,7,5,974,987
25009000447,MA,009,447,3515,370,3015,24,3,49,0,18,36,2696,215,2388,19,2,34,0,15,23,NA,40710,40710,NA,NA,07740,38,8,6,4,652.8544207779598,492.0334971782268
25009000448,MA,009,448,3216,1782,1229,66,9,66,0,13,51,2118,1040,947,45,3,52,0,5,26,NA,40710,40710,NA,NA,07740,39,8,6,4,512.8878572728928,386.54560349535774
25009000449,MA,009,449,3665,128,3350,19,3,134,0,1,30,2906,87,2689,17,3,91,0,1,18,NA,40710,40710,NA,NA,07740,38,8,6,4,703.7073244735725,530.3595485162934
25009000450,MA,009,450,3122,215,2773,44,6,41,0,0,43,2458,139,2232,31,1,32,0,0,23,NA,40710,40710,NA,NA,07740,38,8,6,4,595.2211299229323,448.59730566175136
25009000451,MA,009,451,3546,472,2901,43,6,57,0,13,54,2720,286,2314,29,4,42,0,7,38,NA,40710,40710,NA,NA,07740,38,8,6,4,658.6661812003155,496.4136173311487
25009000452,MA,009,452,3212,343,2748,24,18,50,0,5,24,2486,219,2190,15,10,37,0,3,12,NA,40710,40710,NA,NA,07740,38,8,6,4,602.0015170823472,453.7074458401602
25009000453,MA,009,453,4288,121,3900,40,5,167,2,9,44,3257,81,2981,31,4,129,2,4,25,NA,40710,40710,NA,NA,07740,38,8,6,4,788.7043206505249,594.4188057527763
25009000454,MA,009,454,3923,91,3732,31,4,45,1,3,16,2882,51,2771,20,4,30,0,0,6,NA,40710,40710,NA,NA,07740,38,8,6,4,697.8955640512166,525.9794283633715
25009000455,MA,009,455,3966,90,3671,19,1,146,0,4,35,2933,64,2717,16,1,106,0,2,27,NA,40710,40710,NA,NA,07740,38,8,6,4,710.2455549487227,535.2871836883306
25009000456,MA,009,456,3281,364,2721,65,2,75,0,4,50,2470,212,2124,43,1,52,0,3,35,NA,40710,40710,NA,NA,07740,38,8,6,4,598.12701013411,450.78736573821226
25009000457,MA,009,457,3975,108,3798,3,2,51,0,0,13,2862,64,2750,2,0,37,0,0,9,NA,40710,40710,NA,NA,07740,38,8,6,4,693.0524303659203,522.3293282359367
25009000458,MA,009,458,4080,137,3723,28,4,149,0,0,39,3170,92,2921,23,4,104,0,0,26,NA,40710,40710,NA,NA,07740,38,8,6,4,767.6366891194854,578.5408701984344
25009000459,MA,009,459,7744,485,6966,107,4,86,4,19,73,5965,472,5262,93,4,67,2,19,46,NA,16285,41095,07830,07410,03990,80,9,7,5,900,1187
25009000460,MA,009,460,3632,39,3504,9,3,39,2,9,27,2956,25,2863,9,3,27,1,8,20,NA,43615,43580,08220,NA,07110,34,6,7,5,625.8690015451402,420.8999484953278
25009000461,MA,009,461,3828,42,3730,7,4,13,1,14,17,2909,20,2853,4,4,7,1,7,13,NA,45245,45175,NA,NA,11740,25,9,7,5,571.3315035071668,501.2458066483684
25009000462,MA,009,462,2889,19,2823,17,5,17,0,0,8,1988,6,1960,8,1,6,0,0,7,NA,NA,45175,NA,NA,11740,25,9,7,5,390.44586764257394,342.54955779200975
25009000463,MA,009,463,2081,18,2018,18,3,6,0,0,18,1661,12,1620,12,3,4,0,0,10,NA,45245,45245,NA,NA,08580,24,8,7,5,326.22262885025924,286.20463555962186
25009000464,MA,009,464,724,5,712,3,0,2,0,0,2,608,1,603,1,0,2,0,0,1,NA,45245,45245,NA,NA,08580,24,8,7,5,197.31952909743674,153.81481172246805
25009000465,MA,009,465,2603,21,2549,6,1,16,0,0,10,2216,17,2177,5,0,10,0,0,7,NA,45245,45245,NA,NA,08580,24,8,7,5,719.1777573682892,560.6145111463638
25009000466,MA,009,466,2691,25,2624,15,3,7,0,1,16,2246,14,2205,10,3,5,0,1,8,NA,45245,45245,NA,NA,08580,24,8,7,5,728.9139183434917,568.2040577774067
25009000467,MA,009,467,2744,29,2678,5,4,17,1,0,10,2253,17,2212,3,4,10,1,0,6,NA,45245,45245,NA,NA,08580,24,8,7,5,731.1856892377057,569.9749519913167
25009000468,MA,009,468,3308,21,3220,14,3,32,0,2,16,2410,13,2356,10,2,18,0,2,9,NA,45245,45245,NA,NA,08580,24,8,7,5,782.1382650079319,609.6935793604409
25009000469,MA,009,469,3038,32,2952,9,5,25,0,0,15,2244,21,2185,8,3,16,0,0,11,NA,45245,45245,NA,NA,08580,24,8,7,5,728.2648409451448,567.6980880020038
25009000470,MA,009,470,4222,79,3943,24,1,137,0,2,36,3267,40,3092,21,1,97,0,2,14,NA,34550,46365,02880,07410,08700,37,8,7,5,611.7971493391201,639.6720260406391
25009000471,MA,009,471,3502,61,3377,13,1,27,0,0,23,2651,35,2568,11,1,22,0,0,14,NA,34550,46365,NA,NA,08700,37,8,7,5,496.4414578812389,519.0604655750641
25009000472,MA,009,472,3510,180,3110,50,1,115,0,3,51,2699,114,2436,33,1,84,0,2,29,NA,34550,46365,NA,NA,08700,37,8,7,5,505.4302130597751,528.4587689879661
25009000473,MA,009,473,5495,118,4980,53,1,298,1,5,39,4658,93,4263,51,1,215,1,2,32,NA,01430,46365,NA,NA,08700,79,8,7,5,872.2837837837839,912.0270270270271
25009000474,MA,009,474,4878,34,4484,19,2,313,0,3,23,3391,22,3122,13,2,218,0,3,11,NA,01430,46365,07830,07410,08700,79,9,7,5,635.0181002170053,663.9509765239693
25009000475,MA,009,475,5595,69,5278,25,0,187,1,12,23,3610,50,3396,15,0,133,1,8,7,NA,NA,46365,02880,07410,08700,37,9,7,5,676.0292957190768,706.8307358453344
25009000476,MA,009,476,2445,111,2282,29,0,8,0,0,15,1822,55,1739,15,0,4,0,0,9,NA,52490,52490,NA,NA,09360,35,7,7,5,547.6275626119264,421.349370539652
25009000477,MA,009,477,2484,22,2402,3,2,13,0,9,33,1927,16,1873,3,2,7,0,5,21,NA,52490,52490,NA,NA,09360,35,7,7,5,579.186779996258,445.631304626734
25009000478,MA,009,478,3456,21,3269,46,2,76,1,7,34,2560,14,2435,28,2,53,1,5,22,NA,52490,52490,NA,NA,09360,35,7,7,5,769.4437762275145,592.0166786945714
25009000479,MA,009,479,2957,465,2168,46,17,48,0,63,150,2368,310,1818,33,11,38,0,54,104,NA,52490,52490,NA,NA,09360,35,7,7,5,711.7354930104509,547.6154277924785
25009000480,MA,009,480,2482,232,2123,40,2,36,0,13,36,1919,149,1684,29,0,25,0,11,21,NA,52490,52490,NA,NA,09360,35,7,7,5,576.782268195547,443.7812525058135
25009000481,MA,009,481,2561,92,2410,3,0,8,0,7,41,1943,59,1839,2,0,7,0,6,30,NA,52490,52490,NA,NA,09360,35,7,7,5,583.9958035976799,449.33140886857507
25009000482,MA,009,482,2776,247,2380,13,6,8,0,18,104,2150,144,1888,8,2,8,0,15,85,NA,52490,52490,NA,NA,09360,35,7,7,5,646.2125464410767,497.201507497394
25009000483,MA,009,483,2607,147,2305,21,3,16,0,27,88,2092,90,1881,16,0,13,0,24,68,NA,52490,52490,NA,NA,09360,35,7,7,5,628.779835885922,483.78862962072003
25009000484,MA,009,484,2899,43,2752,32,2,25,0,1,44,2303,33,2197,24,1,20,0,0,28,NA,52490,52490,NA,NA,09360,35,7,7,5,692.1988346296741,532.5837543099992
25009000485,MA,009,485,2702,79,2524,14,1,47,0,0,37,2069,49,1958,11,1,28,0,0,22,NA,52490,52490,NA,NA,09360,35,7,7,5,621.8668644588779,478.46972977307354
25009000486,MA,009,486,2844,29,2685,34,4,52,0,6,34,2334,21,2218,23,4,41,0,6,21,NA,52490,52490,NA,NA,09360,35,7,7,5,701.5163178574293,539.7527062785663
25009000487,MA,009,487,2401,32,2235,12,0,86,0,8,28,1972,19,1855,10,0,64,0,5,19,NA,52490,52490,NA,NA,09360,35,7,7,5,592.7121588752573,456.03784780691205
25009000488,MA,009,488,2206,8,2145,18,0,25,0,1,9,1799,5,1756,15,0,19,0,0,4,NA,52490,52490,NA,NA,09360,35,7,7,5,540.7145911848822,416.03047069200545
25009000489,MA,009,489,3114,25,2995,7,4,51,0,8,24,2340,13,2265,5,4,34,0,5,14,NA,52490,52490,NA,NA,09360,35,7,7,5,703.3197017079625,541.1402453692567
25009000490,MA,009,490,2694,36,2577,20,0,43,0,0,18,2194,25,2106,17,0,34,0,0,12,NA,52490,52490,NA,NA,09360,35,7,7,5,659.437361344987,507.37679416245686
25009000491,MA,009,491,2597,16,2522,18,0,30,1,0,10,1937,13,1877,15,0,26,1,0,5,NA,52490,52490,NA,NA,09360,36,7,7,5,582.1924197471467,447.9438697778847
25009000492,MA,009,492,2431,23,2319,34,1,37,0,6,11,1829,17,1749,28,1,24,0,3,7,NA,52490,52490,07830,07410,09360,36,7,7,5,549.7315104375484,422.9681661454575
25009000493,MA,009,493,2473,23,2373,6,0,51,0,0,20,1855,16,1793,5,0,30,0,0,11,NA,52490,52490,07830,07410,09360,36,7,7,5,557.5461737898592,428.98083553844924
25009000494,MA,009,494,1778,26,1720,5,6,9,0,2,10,1386,12,1352,4,4,7,0,0,7,NA,57845,57880,NA,NA,10200,28,9,7,5,297.4098552848507,225.05044880014654
25009000495,MA,009,495,3058,27,2966,3,4,18,0,9,31,2432,15,2368,3,4,15,0,4,23,NA,57845,57880,NA,NA,10200,28,9,7,5,1841,1718
25009000496,MA,009,496,2931,30,2863,10,2,7,1,0,18,2295,18,2254,7,2,3,1,0,10,NA,57845,57880,NA,NA,10200,28,9,7,5,492.46437076387616,372.6484704158271
25009000497,MA,009,497,5500,47,5380,13,13,25,0,4,18,3961,26,3889,11,4,16,0,4,11,NA,58370,58405,02880,07410,11740,25,9,7,5,786,1041
25009000498,MA,009,498,2528,91,2338,60,3,14,1,3,18,2110,54,1985,39,2,11,1,2,16,NA,59105,59105,NA,NA,10380,30,7,7,5,560.0459864988356,364.9255667246411
25009000499,MA,009,499,3641,2067,1288,134,10,45,0,26,71,2477,1207,1092,87,4,37,0,18,32,NA,59105,59105,NA,NA,10380,30,7,7,5,657.4568287002919,428.39840226395074
25009000500,MA,009,500,2859,111,2607,41,10,31,2,4,53,2266,64,2103,33,7,18,2,3,36,NA,59105,59105,NA,NA,10380,30,7,7,5,601.4522300504083,391.9058455914866
25009000501,MA,009,501,3009,262,2496,137,0,49,0,19,46,2512,168,2171,88,0,38,0,17,30,NA,59105,59105,NA,NA,10380,30,7,7,5,666.7466910355805,434.4516699584353
25009000502,MA,009,502,2436,126,2190,38,7,21,2,9,43,2105,80,1931,34,3,16,2,8,31,NA,59105,59105,NA,NA,10380,30,7,7,5,558.71886330808,364.06081419685756
25009000503,MA,009,503,3197,442,2519,118,5,66,0,6,41,2471,245,2079,72,4,48,0,3,20,NA,59105,59105,NA,NA,10380,30,7,7,5,655.8642808713852,427.36069923061046
25009000504,MA,009,504,2760,117,2445,42,6,96,5,14,35,2138,85,1926,26,2,62,4,10,23,NA,59105,59105,NA,NA,10380,30,7,7,5,567.4778763670666,369.7681808802288
25009000505,MA,009,505,2979,109,2657,41,2,141,0,3,26,2379,76,2146,30,2,108,0,1,16,NA,59105,59105,NA,NA,10380,30,7,7,5,631.4452141614834,411.44925271939394
25009000506,MA,009,506,2902,176,2507,43,2,94,2,10,68,2371,108,2089,31,1,79,2,8,53,NA,59105,59105,NA,NA,10380,30,7,7,5,629.3218170562745,410.06564867494035
25009000507,MA,009,507,2875,411,2224,78,4,62,2,5,89,2305,258,1876,57,2,51,0,4,57,NA,59105,59105,NA,NA,10380,30,7,7,5,611.8037909383014,398.65091530819797
25009000508,MA,009,508,2815,122,2596,26,2,28,0,12,29,2188,79,2043,20,1,19,0,8,18,NA,59105,59105,NA,NA,10380,30,7,7,5,580.7491082746219,378.4157061580638
25009000509,MA,009,509,2698,161,2412,30,3,46,3,13,30,2135,93,1947,21,3,42,2,9,18,NA,59105,59105,NA,NA,10380,30,7,7,5,566.6816024526133,369.2493293635587
25009000510,MA,009,510,2744,243,2271,106,3,77,0,7,37,2304,147,1945,103,2,73,0,7,27,NA,59105,59105,NA,NA,10380,30,7,7,5,611.5383663001503,398.4779648026413
25009000511,MA,009,511,2964,103,2727,72,2,27,0,1,32,2489,65,2327,57,1,18,0,1,20,NA,59105,59105,NA,NA,10380,30,7,7,5,660.6419243581051,430.4738083306312
25009000512,MA,009,512,3730,51,3594,9,7,20,7,1,41,2831,32,2741,6,5,14,3,1,29,NA,59210,59245,NA,NA,11740,24,8,7,5,661.3556856187291,687.3933110367893
25009000513,MA,009,513,4097,41,3982,12,17,7,0,0,38,3149,22,3084,6,11,6,0,0,20,NA,59210,59245,NA,NA,11740,24,8,7,5,735.6443143812709,764.6066889632107
25009000514,MA,009,514,2454,28,2338,35,0,22,1,2,28,1963,20,1895,17,0,12,0,2,17,NA,60050,60015,NA,NA,10500,32,6,7,5,464.7091662708864,415.3820215016623
25009000515,MA,009,515,2444,31,2360,14,0,23,1,0,15,1866,19,1805,10,0,21,1,0,10,NA,60050,60015,NA,NA,10500,32,32,7,5,441.7459522473123,394.8562670005613
25009000516,MA,009,516,2534,29,2439,10,2,38,0,1,15,2005,19,1940,8,0,24,0,1,13,NA,60050,60015,NA,NA,10500,32,6,7,5,474.65200120892877,424.26946159492246
25009000517,MA,009,517,2579,23,2485,19,2,36,0,3,11,2142,17,2067,17,2,28,0,1,10,NA,60050,60015,NA,NA,10500,32,32,7,5,507.08458184016234,453.2594447562713
25009000518,MA,009,518,2742,18,2674,4,0,29,4,1,12,2175,9,2130,3,0,22,2,1,8,NA,60050,60015,NA,NA,10500,32,6,7,5,514.8968092914813,460.24243340097576
25009000519,MA,009,519,2560,31,2480,7,0,27,0,2,13,1992,23,1934,7,0,19,0,1,8,NA,60050,60015,NA,NA,10500,32,32,7,5,471.5744570614395,421.51858728034193
25009000520,MA,009,520,2935,24,2842,3,3,42,1,3,17,2372,18,2309,2,3,30,1,0,9,NA,60050,60015,NA,NA,10500,32,6,7,5,561.533439834204,501.92875955269636
25009000521,MA,009,521,2489,13,2431,8,3,11,1,0,22,1934,7,1892,7,1,10,1,0,16,NA,60050,60015,NA,NA,10500,32,6,7,5,457.8438754803333,409.24545572298257
25009000522,MA,009,522,2955,19,2857,3,0,60,0,4,12,2402,15,2329,3,0,46,0,2,7,NA,60050,60015,NA,NA,10500,32,6,7,5,568.6354647899486,508.2769310478822
25009000523,MA,009,523,2386,38,2301,4,2,26,0,0,15,1877,31,1812,3,1,19,0,0,11,NA,60050,60015,NA,NA,10500,32,6,7,5,444.3500280644186,397.1839298821294
25009000524,MA,009,524,2167,22,2084,17,0,27,0,3,14,1747,14,1689,13,0,22,0,2,7,NA,68680,68645,NA,NA,11430,31,6,7,5,718.8549429248332,563.8336205039845
25009000525,MA,009,525,3104,30,3018,20,2,14,1,1,18,2356,21,2305,15,1,5,1,1,7,NA,68680,68645,NA,NA,11430,31,6,7,5,969.4460478139134,760.3846650872281
25009000526,MA,009,526,2380,49,2275,29,4,11,1,0,11,1822,26,1753,25,3,11,1,0,3,NA,68680,68645,NA,NA,11430,31,6,7,5,749.7159164333405,588.0394141718716
25009000527,MA,009,527,2051,23,2001,7,2,10,0,1,7,1562,17,1527,4,1,9,0,0,4,NA,68680,68645,NA,NA,11430,31,6,7,5,642.7312082705148,504.1259961231962
25009000528,MA,009,528,2378,41,2273,18,0,26,0,0,20,1799,26,1738,14,0,17,0,0,4,NA,68680,68645,NA,NA,11430,31,6,7,5,740.2518845573982,580.6163041137196
25009000529,MA,009,529,2332,18,2265,7,0,10,1,4,27,1673,13,1631,5,0,9,1,0,14,NA,68680,68645,NA,NA,11430,31,6,7,5,444.0554196268019,289.3461957963624
25009000530,MA,009,530,6141,51,5965,23,2,52,0,10,38,4407,31,4299,13,1,31,0,8,24,NA,70115,70150,11670,07410,06480,36,9,7,5,1111,1754
25009000531,MA,009,531,4440,26,4322,19,1,60,0,0,12,3464,18,3369,18,1,49,0,0,9,NA,05595,74595,11670,07410,05670,27,9,7,5,659,1050
25009000532,MA,009,532,4149,27,4068,6,1,22,0,9,16,2903,13,2862,6,1,15,0,2,4,NA,45245,77150,NA,NA,09450,25,9,7,5,734,851
25009ZZZZZZ,MA,009,ZZZZZZ,0,0,0,0,0,0,0,0,0,0,0,0,0,0,0,0,0,0,NA,07000,00000,08220,NA,99998,ZZZ,ZZZ,7,5,0,0
25011000533,MA,011,533,1800,8,1746,11,2,6,0,1,26,1372,5,1335,11,2,3,0,0,16,NA,NA,02095,03900,05100,07990,7,11,2,1,405,335
25011000534,MA,011,534,2155,10,2128,1,0,0,1,1,14,1662,6,1646,1,0,0,1,0,8,NA,NA,05560,NA,NA,09600,42,11,2,1,394,441
25011000535,MA,011,535,1991,23,1907,6,8,13,0,8,26,1494,11,1444,4,7,8,0,5,15,NA,61205,09595,06000,22222,07990,7,11,2,1,404,410
25011000536,MA,011,536,1358,27,1275,4,7,9,1,0,35,1017,12,965,3,4,7,1,0,25,NA,61205,12505,06000,22222,07990,7,1,2,1,217,254
25011000537,MA,011,537,1813,18,1772,6,0,6,0,1,10,1310,11,1287,1,0,1,0,1,9,NA,NA,14885,06000,22222,07990,42,11,2,1,318,323
25011000538,MA,011,538,1809,17,1773,2,4,9,0,1,3,1354,13,1328,2,3,4,0,1,3,NA,NA,15200,03900,05100,07990,41,11,2,1,407,277
25011000539,MA,011,539,4750,74,4570,23,5,40,0,1,37,3683,48,3551,21,5,33,0,1,24,NA,63620,16670,04080,05100,05490,41,11,2,1,874,1081
25011000540,MA,011,540,1467,13,1413,2,10,2,0,5,22,1131,10,1092,2,8,2,0,2,15,NA,41410,21780,04710,09900,09600,42,37,2,1,266,321
25011000541,MA,011,541,1363,10,1323,3,1,11,0,1,14,1040,3,1019,2,1,6,0,1,8,NA,70815,25730,04710,NA,05270,42,11,2,1,365,223
25011000542,MA,011,542,1991,148,1777,27,2,7,2,1,27,1432,70,1328,14,2,4,2,0,12,NA,27060,27025,NA,NA,05490,42,11,2,1,439.1641538678315,315.37494716077214
25011000543,MA,011,543,2006,11,1928,16,2,24,0,0,25,1654,9,1603,10,2,18,0,0,12,NA,27060,27025,NA,NA,05490,42,11,2,1,507.2468648724813,364.2668733267578
25011000544,MA,011,544,2058,49,1942,23,8,5,0,0,31,1559,23,1502,13,6,3,0,0,12,NA,27060,27025,NA,NA,05490,42,11,2,1,478.1123714245456,343.3446526701423
25011000545,MA,011,545,1945,38,1865,14,3,15,0,2,8,1538,24,1484,7,3,13,0,2,5,NA,27060,27025,NA,NA,05490,42,11,2,1,471.67211497815975,338.71974073552207
25011000546,MA,011,546,1979,42,1849,17,7,31,0,5,28,1583,25,1499,11,7,20,0,4,17,NA,27060,27025,04080,05100,05490,42,11,2,1,485.4726645061294,348.63026630970836
25011000547,MA,011,547,1987,60,1828,36,2,25,0,4,32,1617,33,1504,33,2,22,0,2,21,NA,27060,27025,NA,NA,05490,42,11,2,1,495.89974637170633,356.1182189657602
25011000548,MA,011,548,2099,62,1905,24,6,44,0,1,57,1673,40,1542,14,5,35,0,1,36,NA,27060,27025,04080,05100,05490,42,11,2,1,513.0737635620685,368.4513174580809
25011000549,MA,011,549,1901,76,1691,29,7,26,1,3,68,1481,40,1343,25,6,23,0,1,43,NA,27060,27025,NA,NA,05490,42,11,2,1,454.19141890939835,326.16640834155277
25011000550,MA,011,550,2202,158,1910,47,6,22,0,2,57,1657,89,1479,35,5,17,0,2,30,NA,27060,27025,NA,NA,05490,42,11,2,1,508.1669015076793,364.92757503170355
25011000551,MA,011,551,336,1,326,1,0,3,0,0,5,257,1,250,1,0,2,0,0,3,NA,NA,29475,06000,22222,07990,7,1,2,1,54,66
25011000552,MA,011,552,805,5,785,0,0,4,0,0,11,574,4,559,0,0,2,0,0,9,NA,NA,29650,06000,22222,07990,42,1,2,1,134,123
25011000553,MA,011,553,1663,24,1573,4,9,21,0,17,15,1275,11,1211,4,7,17,0,14,11,NA,NA,35180,06810,01920,05270,41,11,2,1,528,270
25011000554,MA,011,554,772,2,758,3,2,1,0,0,6,564,2,555,2,2,1,0,0,2,NA,NA,35285,NA,NA,09600,42,11,2,1,158,117
25011000555,MA,011,555,93,0,93,0,0,0,0,0,0,70,0,70,0,0,0,0,0,0,NA,NA,42040,10230,NA,04920,7,1,2,1,39,27
25011000556,MA,011,556,1571,15,1495,10,3,20,1,2,25,1235,8,1182,8,2,17,1,0,17,NA,NA,42285,11370,05100,05270,41,11,2,1,395.99311926605503,230.38226299694188
25011000557,MA,011,557,1384,33,1303,5,4,13,0,1,25,1065,21,1018,4,3,6,0,1,12,NA,41410,42285,04710,09900,05270,41,11,2,1,341.48394495412845,198.6697247706422
25011000558,MA,011,558,1417,24,1358,2,5,11,5,0,12,1117,13,1084,1,1,7,2,0,9,NA,70815,42285,NA,NA,05270,41,11,2,1,358.15733944954127,208.37003058103977
25011000559,MA,011,559,1204,32,1144,3,4,4,0,1,16,933,14,902,2,4,3,0,1,7,NA,70815,42285,NA,NA,05270,41,11,2,1,299.1591743119266,174.045871559633
25011000560,MA,011,560,1300,81,1154,18,6,14,0,0,27,943,37,867,12,6,7,0,0,14,NA,70815,42285,NA,NA,05270,41,11,2,1,302.36559633027525,175.9113149847095
25011000561,MA,011,561,1613,32,1505,20,9,17,0,3,27,1247,18,1187,17,7,12,0,1,5,NA,70815,42285,04080,05100,05270,41,11,2,1,399.8408256880734,232.62079510703362
25011000562,MA,011,562,929,8,882,7,5,7,0,0,20,704,4,676,6,4,2,0,0,12,NA,NA,45490,08530,09900,02160,41,37,2,1,170,199
25011000563,MA,011,563,2951,17,2895,2,5,6,0,0,26,2175,9,2143,1,5,5,0,0,12,NA,47800,47835,04710,NA,09600,42,37,2,1,626,566
25011000564,MA,011,564,4220,86,3989,51,15,21,0,4,54,3055,32,2944,29,11,14,0,1,24,NA,51230,51265,09180,09900,02160,42,37,2,1,549.6118969894814,537.9769677185346
25011000565,MA,011,565,3298,38,3177,25,2,15,1,3,37,2459,18,2396,12,2,10,0,1,20,NA,51230,51265,09180,09900,02160,42,37,2,1,442.38810301051865,433.02303228146536
25011000566,MA,011,566,351,4,347,0,0,0,0,0,0,282,4,278,0,0,0,0,0,0,NA,NA,58335,10230,22222,04920,7,1,2,1,70,121
25011000567,MA,011,567,2058,12,1996,10,9,5,1,2,23,1623,8,1580,4,6,5,1,2,17,NA,61205,61135,03900,05100,07990,7,11,2,1,437,413
25011000568,MA,011,568,1810,39,1668,19,10,20,0,8,46,1293,20,1213,11,6,13,0,5,25,NA,NA,61905,10800,01920,NA,58,11,2,1,412,201
25011000569,MA,011,569,3777,89,3306,81,8,243,2,12,36,3091,67,2715,67,6,204,2,5,25,NA,63620,68400,11370,05100,05580,41,11,2,1,760,412
25011000570,MA,011,570,750,7,723,0,2,2,0,5,11,565,3,551,0,2,1,0,2,6,NA,47800,73265,09180,09900,09600,42,37,2,1,164,125
25011000571,MA,011,571,986,14,907,34,0,4,0,9,18,733,10,689,16,0,4,0,8,6,NA,NA,74525,08530,09900,05270,41,11,2,1,211,103
25011000572,MA,011,572,1573,18,1532,8,0,8,0,1,6,1230,14,1199,8,0,5,0,1,3,NA,63620,79110,12870,05100,05940,41,11,2,1,384,298
25013000573,MA,013,573,3532,81,3363,24,12,32,0,5,15,2725,56,2605,21,9,23,0,0,11,NA,00765,00765,NA,NA,01800,45,12,3,2,595.29775204049065,607.8473393826091
25013000574,MA,013,574,3436,49,3333,22,4,17,0,0,11,2625,33,2552,14,3,17,0,0,6,NA,00765,00765,NA,NA,01800,45,12,3,2,573.4519629747846,585.541015001596
25013000575,MA,013,575,3505,79,3303,37,7,47,0,1,31,2731,45,2600,27,4,32,0,1,22,NA,00765,00765,NA,NA,01800,45,12,3,2,596.608499384433,609.1857188454699
25013000576,MA,013,576,3879,53,3690,57,6,50,2,0,21,3283,35,3129,52,5,42,1,0,19,NA,00765,00765,NA,NA,01800,45,12,3,2,717.1972550271305,732.3166294286626
25013000577,MA,013,577,4317,69,4133,25,2,58,0,4,26,3332,50,3210,18,1,37,0,2,14,NA,00765,00765,NA,NA,01800,45,12,3,2,727.9016916693265,743.246728375359
25013000578,MA,013,578,5017,91,4790,58,2,40,0,1,35,4059,62,3901,46,2,25,0,1,22,NA,00765,00765,NA,NA,01800,45,12,3,2,886.7205781770098,905.413706625325
25013000579,MA,013,579,4458,92,4259,26,7,28,0,3,43,3176,49,3051,20,5,22,0,0,29,NA,00765,00765,NA,NA,01800,45,12,3,2,693.8222607268251,708.4488623409786
25013000580,MA,013,580,1214,4,1195,6,2,3,0,0,4,921,3,906,5,2,2,0,0,3,NA,NA,06085,05430,NA,05160,45,1,2,1,171,293
25013000581,MA,013,581,3339,43,3241,17,11,2,0,11,14,2427,26,2359,13,10,0,0,7,12,NA,NA,08470,03060,11490,12100,43,37,3,2,477,543
25013000582,MA,013,582,1308,17,1279,2,1,1,0,0,8,981,8,962,1,1,1,0,0,8,NA,NA,13485,NA,NA,05160,7,1,2,1,215,218
25013000583,MA,013,583,2962,111,2737,42,7,17,1,0,47,2357,71,2210,34,2,12,1,0,27,NA,13660,13660,NA,NA,03660,50,14,3,2,709.7644735597389,447.3862926875414
25013000584,MA,013,584,2942,58,2771,45,4,21,10,5,28,2407,33,2284,37,4,20,5,4,20,NA,13660,13660,NA,NA,03660,50,14,3,2,724.8209961214644,456.8768801437896
25013000585,MA,013,585,1423,438,912,44,0,12,0,0,17,969,192,738,19,0,10,0,0,10,NA,13660,13660,NA,NA,03660,51,12,3,2,291.79540724623973,183.92758490209064
25013000586,MA,013,586,1516,95,1328,33,0,11,0,0,49,1212,55,1098,21,0,6,0,0,32,NA,13660,13660,NA,NA,03660,51,12,3,2,364.9701068962255,230.051839939457
25013000587,MA,013,587,1677,268,1308,39,2,11,12,5,32,1329,155,1103,29,2,11,6,1,22,NA,13660,13660,NA,NA,03660,50,12,3,2,400.20236969066315,252.25981458707784
25013000588,MA,013,588,1359,54,1266,12,0,15,0,0,12,1109,35,1051,5,0,10,0,0,8,NA,13660,13660,NA,NA,03660,50,12,3,2,333.95367041907105,210.50122977958566
25013000589,MA,013,589,2147,44,2075,13,1,6,0,0,8,1738,23,1691,10,1,6,0,0,7,NA,13660,13660,NA,NA,03660,50,14,3,2,523.3647242455775,329.89281997918835
25013000590,MA,013,590,2034,793,1128,64,9,11,0,1,28,1388,407,908,43,5,8,0,1,16,NA,13660,13660,NA,NA,03660,50,14,3,2,417.96906631349924,263.45870778545077
25013000591,MA,013,591,2501,774,1570,81,4,16,6,4,46,1694,368,1236,47,1,12,3,2,25,NA,13660,13660,NA,NA,03660,48,14,3,2,510.1149843912591,321.5411030176899
25013000592,MA,013,592,1825,80,1701,14,0,8,1,0,21,1555,57,1459,14,0,8,1,0,16,NA,13660,13660,NA,NA,03660,50,12,3,2,468.2578516696623,295.1572698893198
25013000593,MA,013,593,1969,300,1563,56,4,10,4,1,31,1406,154,1196,32,2,9,2,1,10,NA,13660,13660,NA,NA,03660,51,12,3,2,423.3894144357204,266.8753192697001
25013000594,MA,013,594,1943,43,1846,18,0,10,1,0,25,1595,22,1537,12,0,9,1,0,14,NA,13660,13660,NA,NA,03660,50,12,3,2,480.3030697190427,302.7497398543184
25013000595,MA,013,595,1929,123,1708,38,2,20,0,1,37,1486,59,1364,25,2,13,0,1,22,NA,13660,13660,NA,NA,03660,51,12,3,2,447.47985053448116,282.0602591996973
25013000596,MA,013,596,2084,45,2009,15,1,3,0,0,11,1598,20,1556,9,1,2,0,0,10,NA,13660,13660,NA,NA,03660,51,12,3,2,481.2064610727462,303.3191751016933
25013000597,MA,013,597,1876,84,1745,23,1,7,0,0,16,1418,45,1347,11,1,5,0,0,9,NA,13660,13660,NA,NA,03660,51,12,3,2,427.0029798505344,269.15306025919966
25013000598,MA,013,598,3380,276,2667,276,12,78,4,9,58,2621,162,2166,195,6,60,3,4,25,NA,13660,13660,NA,NA,03660,49,14,3,2,789.2629126856494,497.496594456532
25013000599,MA,013,599,2912,20,2834,4,4,36,0,0,14,2278,13,2228,4,3,21,0,0,9,NA,13660,13660,NA,NA,03660,49,14,3,2,685.9751679122127,432.39116450666916
25013000600,MA,013,600,3035,461,2387,103,5,13,0,2,64,2249,255,1863,73,5,12,0,1,40,NA,13660,13660,NA,NA,03660,50,14,3,2,677.2423848264119,426.8866237820452
25013000601,MA,013,601,3302,374,2814,41,4,25,1,7,36,2509,215,2231,21,2,12,1,3,24,NA,13660,13660,NA,NA,03660,50,14,3,2,755.5363021473844,476.237678554536
25013000602,MA,013,602,1954,106,1789,13,3,16,2,0,25,1528,62,1421,10,2,12,0,0,21,NA,13660,13660,NA,NA,03660,50,14,3,2,460.12732948633055,290.0323526629458
25013000603,MA,013,603,1947,26,1889,3,0,19,0,0,10,1489,14,1455,3,0,13,0,0,4,NA,13660,13660,NA,NA,03660,50,14,3,2,448.38324188818467,282.62969444707215
25013000604,MA,013,604,1958,54,1851,16,4,16,5,0,12,1560,31,1491,14,2,12,3,0,7,NA,13660,13660,NA,NA,03660,50,14,3,2,469.76350392583487,296.1063286349447
25013000605,MA,013,605,3205,98,2961,50,1,58,0,1,36,2598,72,2421,44,1,41,0,1,18,NA,13660,13660,NA,NA,03660,50,14,3,2,782.3369123072557,493.13092422665784
25013000606,MA,013,606,2773,65,2619,35,1,34,0,0,19,2191,38,2080,29,1,31,0,0,12,NA,13660,13660,NA,NA,03660,50,14,3,2,659.7768186548103,415.8775423327973
25013000607,MA,013,607,3408,31,3288,30,0,41,3,0,15,2634,21,2554,19,0,33,1,0,6,NA,67000,19645,NA,NA,04500,55,13,3,2,668.8656800829484,735.9012159487228
25013000608,MA,013,608,3281,34,3162,27,4,25,2,3,24,2498,23,2420,15,4,19,2,2,13,NA,67000,19645,NA,NA,04500,44,13,3,2,634.3304741257423,697.9047978131775
25013000609,MA,013,609,3722,41,3628,15,1,26,2,0,9,2857,24,2800,11,1,14,2,0,5,NA,36335,19645,NA,NA,04500,44,13,3,2,725.4932604392496,798.2041662739183
25013000610,MA,013,610,3689,24,3584,31,1,32,0,0,17,2620,14,2550,21,1,25,0,0,9,NA,67000,19645,NA,NA,04500,55,13,3,2,665.3105853520595,731.9898199641814
25013000611,MA,013,611,1521,10,1492,4,0,3,0,5,7,1101,8,1083,1,0,3,0,2,4,NA,76030,26675,05430,NA,00013,45,1,2,1,184,348
25013000612,MA,013,612,5171,33,5060,8,10,22,0,12,26,3810,21,3744,6,7,12,0,5,15,NA,NA,28075,NA,NA,05730,44,13,3,2,893,1021
25013000613,MA,013,613,2407,34,2317,2,13,6,1,12,22,1736,17,1682,0,10,3,1,8,15,NA,30630,30665,06210,11490,NA,43,37,3,2,340,351
25013000614,MA,013,614,2930,2435,416,58,5,2,0,0,14,1711,1320,333,43,5,2,0,0,8,NA,30840,30840,NA,NA,06270,47,14,2,1,515.8331909744466,298.80692575984057
25013000615,MA,013,615,2386,1746,504,89,1,29,0,4,13,1542,995,459,60,1,15,0,4,8,NA,30840,30840,NA,NA,06270,47,14,2,1,464.88298099508864,269.2929745889387
25013000616,MA,013,616,2606,1964,530,86,3,0,0,0,23,1533,1033,432,54,2,0,0,0,12,NA,30840,30840,NA,NA,06270,47,14,2,1,462.16965620328847,267.72122571001495
25013000617,MA,013,617,1752,1597,113,32,2,3,0,1,4,954,831,101,18,0,1,0,1,2,NA,30840,30840,NA,NA,06270,47,14,2,1,287.6124279308136,166.60538116591928
25013000618,MA,013,618,2926,816,1906,72,6,55,0,4,67,2156,471,1554,46,6,38,0,1,40,NA,30840,30840,NA,NA,06270,48,14,2,1,649.9920279023418,376.52117588440456
25013000619,MA,013,619,2894,292,2522,32,2,16,0,0,30,2350,184,2113,27,2,9,0,0,15,NA,30840,30840,NA,NA,06270,47,14,2,1,708.4792511922557,410.401096163428
25013000620,MA,013,620,2807,2112,579,62,7,13,0,0,34,1715,1147,493,39,5,6,0,0,25,NA,30840,30840,NA,NA,06270,47,14,2,1,517.0391131041355,299.50548081714
25013000621,MA,013,621,2995,1493,1337,105,5,19,2,3,31,2123,836,1178,68,3,18,1,1,18,NA,30840,30840,NA,NA,06270,47,14,2,1,640.0431703324081,370.75809666168414
25013000622,MA,013,622,3184,134,2948,50,0,24,0,3,25,2514,87,2356,39,0,20,0,0,12,NA,30840,30840,10950,05740,06270,47,14,2,1,757.9220585095024,439.04185351270553
25013000623,MA,013,623,3277,1161,1899,139,3,32,0,8,35,2505,643,1719,91,2,28,0,3,19,NA,30840,30840,NA,NA,06270,48,14,2,1,755.2087337177023,437.4701046337817
25013000624,MA,013,624,2830,1117,1597,76,4,13,0,2,21,1885,550,1268,42,4,7,0,1,13,NA,30840,30840,NA,NA,06270,47,14,2,1,568.2908036159157,329.1940707523667
25013000625,MA,013,625,2921,849,1931,57,7,31,0,5,41,2139,493,1549,45,6,18,0,3,25,NA,30840,30840,NA,NA,06270,47,14,2,1,644.8668588511638,373.55231689088197
25013000626,MA,013,626,3277,129,2988,87,2,40,0,6,25,2698,84,2488,77,2,27,0,3,17,NA,30840,30840,10950,05740,06270,47,14,2,1,813.3944764751939,471.1753861484803
25013000627,MA,013,627,3053,640,2238,71,10,40,6,11,37,2273,355,1810,43,9,25,2,5,24,NA,30840,30840,NA,NA,06270,47,14,2,1,685.2652501957435,396.95391131041356
25013000628,MA,013,628,3228,27,3123,5,2,51,1,2,17,2197,16,2141,3,2,29,0,0,6,NA,36335,36300,NA,NA,06990,44,13,3,2,526.4045788185949,614.3306536176162
25013000629,MA,013,629,2911,38,2754,30,2,73,0,0,14,2135,26,2022,30,2,47,0,0,8,NA,36335,36300,NA,NA,06990,44,13,3,2,511.5492834673191,596.9940580216708
25013000630,MA,013,630,3241,37,3079,17,1,84,4,1,18,2333,21,2235,13,1,54,2,0,7,NA,36335,36300,NA,NA,06990,44,13,3,2,558.9903879762321,652.3593149248514
25013000631,MA,013,631,2843,43,2631,32,1,110,1,5,20,2072,27,1933,22,1,76,1,3,9,NA,36335,36300,NA,NA,06990,44,13,3,2,496.4543865781195,579.3778399161132
25013000632,MA,013,632,3410,25,3206,20,1,135,3,4,16,2707,15,2573,15,1,95,2,0,6,NA,36335,36300,NA,NA,06990,44,13,3,2,648.6013631597343,756.9381335197482
25013000633,MA,013,633,4065,64,3882,21,4,45,1,2,46,3145,42,3017,17,3,29,1,2,34,NA,13660,37175,NA,NA,07050,49,13,3,2,710.862582682796,501.7081818723556
25013000634,MA,013,634,3627,64,3440,14,4,31,0,3,71,2838,43,2705,11,3,26,0,1,49,NA,NA,37175,NA,NA,07050,49,13,3,2,641.4715451999285,452.7338060902211
25013000635,MA,013,635,4814,66,4674,6,3,23,1,0,41,3633,39,3542,6,3,17,1,0,25,NA,69730,37175,NA,NA,07050,49,13,3,2,821.1649484536083,579.5567010309279
25013000636,MA,013,636,3203,78,3051,5,1,11,0,2,55,2562,50,2449,5,1,10,0,2,45,NA,NA,37175,NA,NA,07050,49,13,3,2,579.0874202967642,408.704725582504
25013000637,MA,013,637,5500,1100,3981,377,4,15,0,0,23,4603,1074,3130,371,4,10,0,0,14,NA,13660,37175,NA,NA,07050,49,13,3,2,1040.413503366903,734.2965854239914
25013000638,MA,013,638,3747,48,3629,29,7,14,1,0,19,2865,23,2795,21,6,4,1,0,15,NA,42180,42145,03060,11490,08040,44,37,3,2,637.5323948168293,586.6581346984483
25013000639,MA,013,639,4612,50,4469,17,12,12,0,12,40,3386,19,3316,13,9,7,0,7,15,NA,42180,42145,11940,11490,08040,44,37,3,2,753.4676051831707,693.3418653015518
25013000640,MA,013,640,654,5,639,0,2,2,0,0,6,504,2,496,0,2,1,0,0,3,NA,76030,42530,10950,05740,05160,46,14,2,1,119,178
25013000641,MA,013,641,3105,34,3001,11,4,15,0,2,38,2278,17,2216,6,3,11,0,2,23,NA,06400,52105,NA,NA,09300,43,37,3,2,571.388383784362,517.2953257032838
25013000642,MA,013,642,3462,49,3331,38,6,16,0,0,22,2530,24,2449,26,6,11,0,0,14,NA,52070,52105,03060,11490,09300,43,37,3,2,634.5972831318858,574.5202695475452
25013000643,MA,013,643,3025,40,2881,29,2,34,0,3,36,2354,23,2263,18,2,21,0,2,25,NA,52070,52105,NA,NA,09300,43,37,3,2,590.451385174885,534.5536421007594
25013000644,MA,013,644,2905,31,2811,11,10,5,0,6,31,2187,16,2131,10,5,4,0,3,18,NA,69730,52105,NA,NA,09300,43,37,3,2,548.5629479088673,496.6307626484116
25013000645,MA,013,645,1657,25,1603,7,5,5,0,1,11,1224,12,1195,4,2,2,0,1,8,NA,76030,58650,05430,NA,05160,45,14,2,1,223,257
25013000646,MA,013,646,4544,75,4378,13,11,19,0,1,47,3292,43,3199,6,6,12,0,0,26,NA,76030,65825,05430,NA,00013,45,14,2,1,519.9229583975347,623.4003081664099
25013000647,MA,013,647,4291,77,4124,27,3,13,0,3,44,3198,52,3081,24,3,10,0,1,27,NA,NA,65825,05430,NA,00013,45,14,2,1,505.07704160246533,605.5996918335902
25013000648,MA,013,648,2451,2174,87,169,7,1,0,0,13,1428,1227,76,116,3,1,0,0,5,NA,67000,67000,NA,NA,11130,52,12,3,2,220.28903798991254,162.33910508537318
25013000649,MA,013,649,2365,2077,176,83,4,14,1,0,10,1458,1244,145,51,2,9,1,0,6,NA,67000,67000,NA,NA,11130,52,12,3,2,224.9169589560872,165.7495904863264
25013000650,MA,013,650,2039,1786,89,124,2,3,1,4,30,1224,1081,70,55,0,2,1,1,14,NA,67000,67000,NA,NA,11130,52,12,3,2,188.81917541992505,139.1478043588913
25013000651,MA,013,651,2474,1607,604,235,1,6,0,2,19,1602,895,555,135,1,2,0,1,13,NA,67000,67000,NA,NA,11130,52,12,3,2,247.1309795937254,182.11992041090184
25013000652,MA,013,652,2110,1485,383,208,1,2,0,4,27,1381,820,361,171,1,2,0,2,24,NA,67000,67000,NA,NA,11130,52,12,3,2,213.03862847623896,156.99601129054648
25013000653,MA,013,653,2125,1358,410,306,1,8,0,0,42,1426,798,381,215,0,7,0,0,25,NA,67000,67000,NA,NA,11130,52,12,3,2,219.9805099255009,162.11173939197633
25013000654,MA,013,654,1977,899,499,508,2,16,1,5,47,1539,634,465,386,1,13,1,3,36,NA,67000,67000,NA,NA,11130,52,12,3,2,237.4123455647587,174.9579010689001
25013000655,MA,013,655,2797,1258,878,463,8,102,1,11,76,2229,857,833,388,6,84,1,7,53,NA,67000,67000,NA,NA,11130,52,12,3,2,343.85452778677524,253.3990652908241
25013000656,MA,013,656,2392,911,1101,316,1,24,0,1,38,1670,520,908,202,1,17,0,1,21,NA,67000,67000,NA,NA,11130,51,13,3,2,257.6209337837212,189.85035398639582
25013000657,MA,013,657,2474,1212,892,253,5,52,0,3,57,1722,721,761,150,5,41,0,1,43,NA,67000,67000,NA,NA,11130,51,13,3,2,265.64266345842395,195.76186201471475
25013000658,MA,013,658,2486,622,1597,152,11,24,0,2,78,1786,368,1263,87,8,20,0,2,38,NA,67000,67000,NA,NA,11130,51,13,3,2,275.5155615195965,203.03756420341492
25013000659,MA,013,659,2389,585,1559,185,0,14,0,2,44,1810,367,1292,115,0,12,0,2,22,NA,67000,67000,NA,NA,11130,51,13,3,2,279.2178982925362,205.7659525241775
25013000660,MA,013,660,2244,473,1612,113,4,10,0,4,28,1684,285,1303,59,4,7,0,4,22,NA,67000,67000,NA,NA,11130,51,13,3,2,259.78063023460277,191.44191384017398
25013000661,MA,013,661,2606,798,1449,233,10,57,5,6,48,1924,468,1223,155,7,38,5,3,25,NA,67000,67000,NA,NA,11130,51,13,3,2,296.8039979639998,218.72579704779972
25013000662,MA,013,662,2557,292,2077,132,3,31,0,1,21,1933,162,1656,77,2,24,0,0,12,NA,67000,67000,NA,NA,11130,51,13,3,2,298.1923742538522,219.7489426680857
25013000663,MA,013,663,2525,453,1745,247,6,26,0,2,46,1887,257,1422,158,3,21,0,2,24,NA,67000,67000,NA,NA,11130,51,13,3,2,291.09622877238445,214.51953171995743
25013000664,MA,013,664,2379,1079,748,475,4,20,2,2,49,1838,713,691,377,3,16,2,2,34,NA,67000,67000,NA,NA,11130,54,12,3,2,283.5372911942992,208.94907223173382
25013000665,MA,013,665,2335,1372,584,319,4,11,0,1,44,1569,792,528,209,2,7,0,1,30,NA,67000,67000,NA,NA,11130,52,12,3,2,242.04026653093334,178.36838646985333
25013000666,MA,013,666,1954,1009,635,244,3,11,0,6,46,1285,557,538,142,2,8,0,4,34,NA,67000,67000,NA,NA,11130,52,12,3,2,198.22928138448012,146.08245800749617
25013000667,MA,013,667,2052,1111,291,566,22,18,2,3,39,1261,628,243,343,10,13,2,1,21,NA,67000,67000,NA,NA,11130,52,12,3,2,194.52694461154042,143.3540696867336
25013000668,MA,013,668,2247,901,366,821,9,62,1,4,83,1396,488,294,524,5,37,1,4,43,NA,67000,67000,NA,NA,11130,54,12,3,2,215.35258895932628,158.7012539910231
25013000669,MA,013,669,2147,879,708,345,8,141,6,5,55,1374,459,571,206,5,95,4,5,29,NA,67000,67000,NA,NA,11130,52,12,3,2,211.9587802507982,156.2002313636574
25013000670,MA,013,670,2480,910,788,516,2,150,0,4,110,1579,476,631,306,2,104,0,2,58,NA,67000,67000,NA,NA,11130,54,12,3,2,243.58290685299153,179.50521493683772
25013000671,MA,013,671,2358,668,893,351,8,339,4,4,91,1600,383,713,222,8,220,2,3,49,NA,67000,67000,NA,NA,11130,52,12,3,2,246.82245152931378,181.892554717505
25013000672,MA,013,672,2159,534,640,923,6,7,0,1,48,1463,284,527,620,5,6,0,1,20,NA,67000,67000,NA,NA,11130,54,12,3,2,225.68827911711628,166.31800471981862
25013000673,MA,013,673,2317,675,178,1384,4,15,4,3,54,1509,370,141,950,3,8,1,2,34,NA,67000,67000,NA,NA,11130,54,12,3,2,232.78442459858405,171.54741566794686
25013000674,MA,013,674,2246,1040,109,1028,7,10,0,0,52,1319,551,67,657,7,7,0,0,30,NA,67000,67000,NA,NA,11130,54,12,3,2,203.47425847947804,149.94767479524316
25013000675,MA,013,675,1878,355,350,1100,7,24,1,1,40,1374,201,339,774,7,24,1,0,28,NA,67000,67000,NA,NA,11130,54,12,3,2,211.9587802507982,156.2002313636574
25013000676,MA,013,676,2105,592,141,1293,6,19,0,3,51,1278,289,112,838,5,10,0,2,22,NA,67000,67000,NA,NA,11130,54,12,3,2,197.14943315903938,145.2866780806071
25013000677,MA,013,677,2255,218,1463,486,5,54,3,8,18,2034,141,1447,365,5,53,3,7,13,NA,67000,67000,NA,NA,11130,54,12,3,2,313.7730415066401,231.2309101846282
25013000678,MA,013,678,2294,794,64,1374,2,0,0,8,52,1354,402,49,869,2,0,0,4,28,NA,67000,67000,NA,NA,11130,54,12,3,2,208.87349960668178,153.92657442968857
25013000679,MA,013,679,2277,363,153,1592,19,21,1,5,123,1453,179,126,1024,13,19,1,2,89,NA,67000,67000,NA,NA,11130,54,12,3,2,224.14563879505806,165.1811762528342
25013000680,MA,013,680,2292,457,162,1550,5,27,0,8,83,1431,223,106,1020,4,17,0,2,59,NA,67000,67000,NA,NA,11130,54,12,3,2,220.75183008653002,162.6801536254685
25013000681,MA,013,681,2652,371,1018,1115,7,55,0,11,75,1948,220,843,795,4,41,0,7,38,NA,67000,67000,NA,NA,11130,54,13,3,2,300.5063347369395,221.4541853685623
25013000682,MA,013,682,2264,346,1307,513,10,13,0,6,69,1499,180,988,286,6,11,0,2,26,NA,67000,67000,NA,NA,11130,53,13,3,2,231.24178427652583,170.41058720096248
25013000683,MA,013,683,2843,238,2050,443,6,49,0,3,54,2159,147,1641,307,4,33,0,2,25,NA,67000,67000,NA,NA,11130,53,13,3,2,333.05604553236776,245.44126602193327
25013000684,MA,013,684,2667,408,1346,789,5,39,0,6,74,1847,245,1015,517,4,23,0,3,40,NA,67000,67000,NA,NA,11130,53,13,3,2,284.9256674841516,209.9722178520198
25013000685,MA,013,685,2468,254,1322,814,3,16,0,3,56,1893,155,1087,609,3,14,0,2,23,NA,67000,67000,NA,NA,11130,54,13,3,2,292.02181296561935,215.20162880014806
25013000686,MA,013,686,2180,135,1799,185,3,29,0,3,26,1595,73,1362,120,2,20,0,1,17,NA,67000,67000,NA,NA,11130,53,13,3,2,246.05113136828464,181.32414048401276
25013000687,MA,013,687,2350,142,1856,266,7,33,0,2,44,1843,76,1525,190,4,23,0,0,25,NA,67000,67000,NA,NA,11130,53,13,3,2,284.3086113553283,209.51748646522603
25013000688,MA,013,688,2840,1081,1200,427,3,68,0,9,52,1908,565,967,294,3,42,0,6,31,NA,67000,67000,NA,NA,11130,52,12,3,2,294.3357734487067,216.9068715006247
25013000689,MA,013,689,2468,283,1902,195,2,50,3,5,28,1984,191,1615,112,1,42,3,3,17,NA,67000,67000,NA,NA,11130,44,12,3,2,306.05983989634905,225.54676784970616
25013000690,MA,013,690,2512,375,1740,217,3,132,0,4,41,1809,190,1377,123,3,95,0,3,18,NA,67000,67000,NA,NA,11130,55,12,3,2,279.0636342603304,205.65226967747907
25013000691,MA,013,691,2288,80,2086,44,0,49,0,4,25,1847,49,1714,32,0,36,0,4,12,NA,67000,67000,NA,NA,11130,55,12,3,2,284.9256674841516,209.9722178520198
25013000692,MA,013,692,2479,611,1156,468,9,173,0,4,58,1697,333,955,254,7,115,0,3,30,NA,67000,67000,NA,NA,11130,52,12,3,2,261.7860626532784,192.91979084725372
25013000693,MA,013,693,2502,555,1435,315,5,139,0,2,51,1732,295,1115,186,5,100,0,1,30,NA,67000,67000,NA,NA,11130,55,12,3,2,267.1853037804822,196.89869048169913
25013000694,MA,013,694,2401,253,1853,186,3,49,1,1,55,1808,138,1486,117,3,39,1,0,24,NA,67000,67000,NA,NA,11130,55,12,3,2,278.9093702281246,205.53858683078064
25013000695,MA,013,695,2497,167,2065,131,1,40,1,5,87,1893,93,1637,79,1,27,0,2,54,NA,67000,67000,NA,NA,11130,55,12,3,2,292.02181296561935,215.20162880014806
25013000696,MA,013,696,2494,215,1937,237,3,53,0,7,42,1966,132,1597,166,2,37,0,6,26,NA,67000,67000,NA,NA,11130,54,13,3,2,303.2830873166443,223.50047660913424
25013000697,MA,013,697,2388,87,2113,117,0,51,0,7,13,1845,55,1668,74,0,38,0,2,8,NA,67000,67000,NA,NA,11130,55,13,3,2,284.61713941973994,209.7448521586229
25013000698,MA,013,698,2343,101,2009,140,9,55,0,0,29,1826,70,1602,100,6,38,0,0,10,NA,67000,67000,NA,NA,11130,53,13,3,2,281.68612280782935,207.58487807135253
25013000699,MA,013,699,2429,129,2046,148,3,60,1,1,41,1817,78,1593,85,3,40,1,1,16,NA,67000,67000,NA,NA,11130,55,13,3,2,280.2977465179769,206.56173245106658
25013000700,MA,013,700,2553,414,1423,580,3,61,0,4,68,1614,205,1044,289,3,43,0,3,27,NA,67000,67000,NA,NA,11130,55,13,3,2,248.98214798019526,183.48411457128313
25013000701,MA,013,701,2278,99,1899,221,5,29,0,1,24,1847,61,1571,173,3,19,0,1,19,NA,67000,67000,NA,NA,11130,53,13,3,2,284.9256674841516,209.9722178520198
25013000702,MA,013,702,2235,131,1916,150,3,16,0,0,19,1702,70,1501,104,1,15,0,0,11,NA,67000,67000,NA,NA,11130,53,13,3,2,262.5573828143075,193.4882050807459
25013000703,MA,013,703,2511,74,2162,201,4,44,0,3,23,2240,58,1972,151,4,37,0,2,16,NA,67000,67000,NA,NA,11130,53,13,3,2,345.5514321410393,254.64957660450696
25013000704,MA,013,704,2380,357,1744,193,6,26,1,2,51,1773,196,1403,115,5,22,1,1,30,NA,67000,67000,NA,NA,11130,51,13,3,2,273.51012910092084,201.5596871963352
25013000705,MA,013,705,2707,500,1429,691,6,19,0,7,55,1855,256,1115,431,3,16,0,6,28,NA,67000,67000,NA,NA,11130,53,13,3,2,286.15977974179816,210.88168062560732
25013000706,MA,013,706,2184,404,791,839,6,90,0,3,51,1560,239,650,578,6,59,0,3,25,NA,67000,67000,NA,NA,11130,53,13,3,2,240.65189024108093,177.34524084956735
25013000707,MA,013,707,2425,951,1073,336,9,7,1,1,47,1477,437,829,181,5,7,1,0,17,NA,67000,67000,NA,NA,11130,51,13,3,2,227.84797556799776,167.90956457359678
25013000708,MA,013,708,2417,371,1752,209,6,17,0,1,61,1782,195,1425,112,4,10,0,1,35,NA,67000,67000,NA,NA,11130,53,13,3,2,274.8985053907732,202.58283281662116
25013000709,MA,013,709,2731,348,1864,430,5,35,0,1,48,2003,183,1482,281,5,25,0,1,26,NA,67000,67000,NA,NA,11130,53,13,3,2,308.99085650825964,227.70674193697653
25013000710,MA,013,710,2370,238,1670,367,7,27,1,8,52,1864,138,1408,256,5,20,1,4,32,NA,67000,67000,NA,NA,11130,53,13,3,2,287.54815603165054,211.9048262458933
25013000711,MA,013,711,2440,678,897,770,7,14,0,9,65,1602,367,713,469,4,8,0,4,37,NA,67000,67000,NA,NA,11130,53,13,3,2,247.1309795937254,182.11992041090184
25013000712,MA,013,712,426,5,413,4,2,1,0,0,1,324,4,314,2,2,1,0,0,1,NA,NA,70045,05430,NA,00013,45,1,2,1,50,70
25013000713,MA,013,713,1737,11,1692,9,5,3,0,4,13,1302,5,1279,5,5,2,0,3,3,NA,NA,72390,11940,11490,08040,44,37,3,2,223,227
25013000714,MA,013,714,3815,556,2812,129,13,124,0,15,166,2703,331,2080,87,12,90,0,13,90,NA,77885,77850,NA,NA,12510,46,14,2,1,657.2744382022472,580.2085674157303
25013000715,MA,013,715,3762,302,3096,88,12,139,1,9,115,2852,181,2425,68,8,96,0,6,68,NA,77885,77850,NA,NA,12510,46,14,2,1,693.5059925093632,612.191947565543
25013000716,MA,013,716,3485,129,3244,37,7,29,2,4,33,2732,80,2574,26,5,24,1,4,18,NA,77885,77850,NA,NA,12510,46,14,2,1,664.3262172284644,586.433520599251
25013000717,MA,013,717,3416,156,3123,37,9,56,0,2,33,2528,79,2361,21,8,43,0,1,15,NA,77885,77850,NA,NA,12510,46,14,2,1,614.7205992509364,542.6441947565543
25013000718,MA,013,718,3224,52,3126,8,3,24,0,0,11,2491,27,2440,3,3,13,0,0,5,NA,77885,77850,NA,NA,12510,46,14,2,1,605.7235018726592,534.7020131086142
25013000719,MA,013,719,3246,58,3139,12,3,21,0,0,13,2505,40,2431,10,3,16,0,0,5,NA,77885,77850,NA,NA,12510,46,14,2,1,609.1278089887641,537.7071629213483
25013000720,MA,013,720,3655,52,3541,13,2,35,0,2,10,2819,27,2748,7,2,23,0,2,10,NA,77885,77850,NA,NA,12510,46,14,2,1,685.4815543071161,605.1083801498127
25013000721,MA,013,721,3296,300,2592,195,8,117,2,10,72,2730,226,2200,153,6,99,2,9,35,NA,77885,77850,NA,NA,12510,46,14,2,1,663.8398876404494,586.0042134831461
25013000722,MA,013,722,3975,81,3784,18,8,41,0,1,42,2962,49,2841,14,8,30,0,1,19,NA,76030,76030,10950,05740,12630,48,12,2,1,574.4731774415405,523.4476976485229
25013000723,MA,013,723,4105,386,3547,58,9,35,4,2,64,2869,198,2568,41,7,25,2,1,27,NA,76030,76030,NA,NA,12630,48,12,2,1,556.4360385144429,507.0126416453789
25013000724,MA,013,724,4195,687,3304,48,12,38,2,11,93,3112,396,2577,39,12,27,2,7,52,NA,76030,76030,NA,NA,12630,48,12,2,1,603.5653370013755,549.9558524923036
25013000725,MA,013,725,3568,171,3301,35,9,16,3,5,28,2864,94,2695,23,9,13,2,4,24,NA,76030,76030,NA,NA,12630,48,12,2,1,555.4662998624484,506.12903648391955
25013000726,MA,013,726,4117,145,3902,25,5,20,0,1,19,3059,84,2922,20,5,18,0,0,10,NA,76030,76030,10950,05740,12630,48,12,2,1,593.2861072902339,540.5896377808344
25013000727,MA,013,727,3708,230,3390,14,9,24,1,7,33,2810,138,2615,11,8,16,1,4,17,NA,76030,76030,NA,NA,12630,48,12,2,1,544.9931224209079,496.5861007401585
25013000728,MA,013,728,4068,90,3832,61,7,31,0,6,41,3574,72,3375,61,5,20,0,6,35,NA,76030,76030,NA,NA,12630,48,12,2,1,693.1691884456671,631.6009694111482
25013000729,MA,013,729,4254,56,4135,6,3,25,0,0,29,3234,30,3168,5,3,11,0,0,17,NA,76030,76030,05430,NA,12630,48,12,2,1,627.2269601100413,571.515818431912
25013000730,MA,013,730,4115,67,3927,24,6,62,0,0,29,3058,44,2930,16,5,44,0,0,19,NA,76030,76030,NA,NA,12630,48,12,2,1,593.092159559835,540.4129167485426
25013000731,MA,013,731,1820,36,1744,9,3,15,1,0,12,1412,22,1366,6,1,12,0,0,5,NA,76030,76030,NA,NA,12630,48,12,2,1,273.85419532324624,249.53009759612237
25013000732,MA,013,732,2147,59,2027,25,0,18,1,3,14,1580,15,1534,10,0,14,1,2,4,NA,76030,76030,NA,NA,12630,48,12,2,1,306.4374140302614,279.21923102115676
25013000733,MA,013,733,3558,80,3290,81,1,77,0,0,29,2667,40,2500,56,1,53,0,0,17,NA,79705,79740,NA,NA,05730,55,13,3,2,775.4165820986401,391.09143495027394
25013000734,MA,013,734,3389,19,3312,22,0,22,0,0,14,2446,10,2403,16,0,10,0,0,7,NA,79705,79740,NA,NA,05730,55,13,3,2,711.161964684392,358.6837832352344
25013000735,MA,013,735,3613,59,3471,31,3,24,6,0,19,2688,32,2606,25,1,14,6,0,4,NA,79705,79740,NA,NA,05730,55,13,3,2,781.5222244773696,394.1708950679927
25013000736,MA,013,736,2913,31,2800,20,0,45,1,0,16,2053,22,1966,20,0,35,1,0,9,NA,67000,79740,NA,NA,05730,55,13,3,2,596.8992287395981,301.0538867464989
25015000737,MA,015,737,2940,205,2098,98,5,416,12,21,85,2556,159,1903,63,4,360,5,13,49,NA,46295,01325,01890,01920,05580,58,11,2,1,649.5526021448779,272.2655437857754
25015000738,MA,015,738,3341,193,2765,102,3,185,1,6,86,2724,119,2325,73,1,156,1,2,47,NA,46295,01325,01890,01920,NA,58,11,2,1,692.2462004079215,290.1609316402395
25015000739,MA,015,739,3947,228,2802,159,5,644,0,13,96,3597,184,2576,137,5,602,0,10,83,NA,46295,01325,01890,01920,05580,58,11,2,1,914.1004342390946,383.1530363839726
25015000740,MA,015,740,1729,77,1447,88,2,87,1,3,24,1619,71,1359,83,1,80,1,3,21,NA,01360,01325,01890,01920,05580,58,11,2,1,411.43414040397397,172.45614843081782
25015000742,MA,015,742,3509,197,2658,198,7,337,4,11,97,3240,171,2485,181,7,305,4,10,77,NA,01360,01325,01890,01920,05580,58,11,2,1,823.3765379301269,345.12533719323636
25015000743,MA,015,743,3532,329,2465,209,8,407,0,17,97,2822,237,2063,149,7,314,0,11,41,NA,01360,01325,01890,01920,NA,58,11,2,1,717.1507993946971,300.5999078886769
25015000744,MA,015,744,4623,482,3086,304,6,524,6,25,190,3723,308,2667,223,5,391,4,11,114,NA,62675,01325,01890,01920,05580,58,11,2,1,946.1206329363774,396.57457727482074
25015000745,MA,015,745,2707,57,2451,57,1,84,2,4,51,2035,37,1868,47,1,50,1,2,29,NA,62675,01325,01890,01920,02430,58,11,2,1,517.1516218172247,216.76853740377655
25015000746,MA,015,746,3740,130,3233,91,10,160,3,19,94,3426,110,2984,77,10,150,3,17,75,NA,01360,01325,01890,01920,NA,58,11,2,1,870.6444502927825,364.9380880321074
25015000747,MA,015,747,4806,261,3735,342,12,294,3,38,121,4656,256,3628,323,12,286,3,38,110,NA,01360,01325,01890,01920,05580,58,11,2,1,1183.2225804329232,495.9578919665767
25015000749,MA,015,749,4087,71,3866,25,8,50,4,3,60,3055,45,2902,20,8,40,1,1,38,NA,04790,04825,09390,01920,02430,49,37,2,1,517.1046770601336,439.02057482235654
25015000750,MA,015,750,4426,43,4300,20,6,19,1,2,35,3277,27,3195,15,5,11,1,0,23,NA,04790,04825,NA,NA,02430,43,37,2,1,554.6815144766148,470.92321561141165
25015000751,MA,015,751,4455,90,4191,46,9,56,1,9,53,3097,46,2946,27,5,40,1,6,26,NA,04790,04825,NA,NA,02430,49,37,2,1,524.2138084632517,445.05620956623187
25015000752,MA,015,752,1201,1,1185,0,0,3,3,0,9,892,1,880,0,0,3,2,0,6,NA,NA,13590,00014,05740,05160,41,11,2,1,178,213
25015000753,MA,015,753,978,32,918,6,4,3,0,1,14,705,13,671,5,3,0,0,1,12,NA,NA,16040,00014,05740,03390,7,1,2,1,149,176
25015000754,MA,015,754,3509,83,3288,9,4,85,1,4,35,2733,50,2586,7,4,59,1,3,23,NA,19330,19330,10950,05740,04590,57,14,2,1,815.6527117031399,550.6305899143673
25015000755,MA,015,755,3056,99,2858,22,3,38,0,8,28,2449,63,2316,14,3,24,0,7,22,NA,19330,19330,NA,NA,04590,57,14,2,1,730.8940691405011,493.41175071360607
25015000756,MA,015,756,3233,58,3032,22,6,80,0,3,32,2604,35,2477,14,6,51,0,2,19,NA,19330,19330,NA,NA,04590,57,14,2,1,777.1531874405327,524.6403425309229
25015000757,MA,015,757,3280,59,3125,24,0,48,0,10,14,2658,38,2551,16,0,33,0,8,12,NA,19330,19330,10950,05740,04590,57,14,2,1,793.2692673644149,535.5199809705043
25015000758,MA,015,758,2916,37,2822,9,6,24,0,0,18,2168,15,2118,9,6,13,0,0,7,NA,19330,19330,10950,05740,04590,57,14,2,1,647.0307643514113,436.79733587059945
25015000759,MA,015,759,921,10,903,0,0,2,0,0,6,719,4,711,0,0,1,0,0,3,NA,NA,26290,00014,05740,07990,7,11,2,1,152,159
25015000760,MA,015,760,6132,74,5908,27,5,59,1,5,53,4568,48,4422,18,4,38,1,5,32,NA,26500,26535,01890,01920,05400,49,13,2,1,1066,1013
25015000761,MA,015,761,4793,80,4540,36,3,75,0,9,50,3834,51,3650,30,3,57,0,7,36,NA,01360,27690,01890,01920,05580,57,11,3,2,1270,916
25015000762,MA,015,762,3249,34,3169,7,4,16,1,5,13,2575,24,2516,6,4,13,1,5,6,NA,29230,29265,12870,05100,05940,56,11,2,1,943,609
25015000763,MA,015,763,2174,40,2088,9,4,9,0,1,23,1572,19,1528,6,3,3,0,1,12,NA,NA,31785,10950,05740,05160,7,11,2,1,300,328
25015000764,MA,015,764,542,3,533,1,1,0,0,1,3,417,3,410,0,1,0,0,1,2,NA,NA,40990,NA,NA,05160,7,1,2,1,82,84
25015000765,MA,015,765,1867,90,1601,50,1,83,0,5,37,1596,51,1387,46,1,77,0,4,30,NA,46330,46330,NA,NA,08850,56,11,3,2,493.6383358962637,272.6220855326047
25015000766,MA,015,766,2136,362,1600,40,2,102,0,6,24,1672,196,1358,26,2,71,0,3,16,NA,46330,46330,NA,NA,08850,56,11,3,2,517.1449233198953,285.6040896055858
25015000767,MA,015,767,2177,61,1908,33,7,125,0,4,39,1877,52,1636,31,6,117,0,3,32,NA,46330,46330,NA,NA,08850,56,11,3,2,580.5508499231121,320.6213374340219
25015000768,MA,015,768,1735,60,1420,68,5,133,0,3,46,1641,56,1339,64,5,131,0,3,43,NA,46330,46330,NA,NA,08850,56,11,3,2,507.55671002867706,280.308798470554
25015000769,MA,015,769,2019,57,1787,34,5,81,0,4,51,1730,46,1553,24,5,59,0,4,39,NA,46330,46330,NA,NA,08850,56,11,3,2,535.0841610905615,295.5114085033872
25015000770,MA,015,770,2008,101,1757,52,9,49,0,3,37,1773,76,1572,42,7,45,0,3,28,NA,46330,46330,NA,NA,08850,56,11,3,2,548.3839408170899,302.8564897552055
25015000771,MA,015,771,2135,125,1777,73,7,105,3,3,42,2006,101,1700,63,6,95,0,3,38,NA,46330,46330,NA,NA,08850,56,11,3,2,620.4501891026973,342.65658118947675
25015000772,MA,015,772,2192,107,1969,58,5,28,1,5,19,1846,90,1662,47,5,22,1,4,15,NA,46330,46330,NA,NA,08850,56,11,3,2,570.9626366318939,315.32604629899004
25015000773,MA,015,773,2000,158,1726,35,1,49,1,0,30,1615,90,1445,26,1,36,1,0,16,NA,46330,46330,NA,NA,08850,56,11,3,2,499.5149827521716,275.8675865508499
25015000774,MA,015,774,1964,172,1722,24,4,15,0,1,26,1535,80,1414,18,4,8,0,0,11,NA,46330,46330,NA,NA,08850,56,11,3,2,474.7712065167699,262.2023191056066
25015000775,MA,015,775,2123,72,1957,17,6,43,0,4,24,1596,45,1496,11,4,26,0,3,11,NA,46330,46330,NA,NA,08850,56,11,3,2,493.6383358962637,272.6220855326047
25015000776,MA,015,776,2639,54,2472,13,2,59,1,6,32,1911,33,1815,7,2,35,0,4,15,NA,46330,46330,12690,05740,08850,56,11,3,2,591.0669548231577,326.4290760982503
25015000777,MA,015,777,1960,46,1824,37,13,15,2,5,18,1647,32,1540,37,11,10,1,4,12,NA,46330,46330,12990,05740,08850,56,11,3,2,509.4124932463323,281.33369352894726
25015000778,MA,015,778,2023,53,1913,10,0,10,1,5,31,1616,35,1548,8,0,6,1,4,14,NA,46330,46330,12990,05740,08850,56,11,3,2,499.8242799551141,276.0384023939155
25015000779,MA,015,779,1403,26,1314,19,0,15,0,4,25,1077,19,1019,13,0,9,0,2,15,NA,NA,52560,09390,01920,02430,58,11,2,1,394,224
25015000780,MA,015,780,589,4,574,0,2,1,0,0,8,443,4,433,0,2,0,0,0,4,NA,NA,54030,06000,22222,07990,7,1,2,1,112,102
25015000781,MA,015,781,3432,83,3245,19,8,25,3,2,47,2643,46,2538,16,5,20,1,1,16,NA,13660,64145,NA,NA,10920,56,14,3,2,675.8137801259318,562.7636968951292
25015000782,MA,015,782,4721,119,4464,28,0,66,1,0,43,3652,58,3496,25,0,50,0,0,23,NA,30840,64145,NA,NA,10920,56,14,3,2,933.8145762466528,777.6061373670117
25015000783,MA,015,783,3704,57,3573,20,6,23,0,1,24,2956,34,2881,12,3,15,0,0,11,NA,13660,64145,NA,NA,10920,56,14,3,2,755.8477238184845,629.4095679235725
25015000784,MA,015,784,5339,146,4660,131,6,318,4,3,71,4566,124,3950,120,6,300,3,3,60,NA,30840,64145,01890,01920,10920,56,14,3,2,1167.523919808931,972.2205978142867
25015000785,MA,015,785,5387,47,5264,11,6,33,0,0,26,4012,36,3930,7,3,20,0,0,16,NA,76030,62745,10950,05740,12630,57,11,2,1,865,959
25015000786,MA,015,786,3088,99,2898,28,3,19,0,0,41,2267,52,2162,16,3,13,0,0,21,NA,72845,72880,NA,NA,12030,43,37,3,1,469.09867250581635,418.52785000684275
25015000787,MA,015,787,3274,51,3158,13,7,21,3,5,16,2504,26,2436,7,4,17,2,3,9,NA,72845,72880,NA,NA,12030,43,37,3,1,518.1398658820309,462.2821951553305
25015000788,MA,015,788,3345,52,3219,8,5,18,3,3,37,2536,27,2463,7,3,13,1,1,21,NA,72845,72880,NA,NA,12030,43,37,3,1,524.7614616121527,468.18995483782675
25015000789,MA,015,789,1468,8,1443,0,5,2,0,2,8,1095,6,1081,0,2,1,0,1,4,NA,46330,76380,12690,05740,08850,56,11,2,1,270,323
25015000790,MA,015,790,2427,16,2368,6,2,12,0,0,23,1909,12,1867,4,2,9,0,0,15,NA,46330,79915,12990,05740,08850,41,11,2,1,559,688
25015000791,MA,015,791,1270,13,1240,2,1,3,0,0,11,959,9,937,1,1,3,0,0,8,NA,NA,82175,00014,05740,05160,41,1,2,1,232,226
25015ZZZZZZ,MA,015,ZZZZZZ,0,0,0,0,0,0,0,0,0,0,0,0,0,0,0,0,0,0,NA,NA,72880,08530,09900,12030,43,37,3,1,0,0
25017000792,MA,017,792,4505,127,3616,54,6,593,1,26,82,3335,89,2721,39,6,421,1,12,46,NA,NA,00380,01680,01710,12660,72,23,6,4,816.8296254968966,1070.3445149592021
25017000793,MA,017,793,3990,57,3509,33,0,346,0,8,37,2789,32,2477,24,0,236,0,3,17,NA,NA,00380,01680,01710,06960,72,23,6,4,683.0997977543763,895.1097008159566
25017000794,MA,017,794,3763,58,3428,11,0,218,3,3,42,2539,27,2348,8,0,139,2,3,12,NA,NA,00380,01680,01710,08310,72,23,6,4,621.8681916451635,814.8739800543971
25017000795,MA,017,795,3939,48,3569,7,4,264,0,4,43,2739,31,2520,3,3,167,0,1,14,NA,39660,00380,01680,01710,07500,72,23,6,4,670.8534765325337,879.0625566636446
25017000796,MA,017,796,4134,70,3608,34,4,335,0,18,65,2937,41,2603,23,4,224,0,13,29,NA,75680,00380,01680,01710,07500,72,23,6,4,719.34890857103,942.6092475067996
25017000797,MA,017,797,1950,103,1523,101,6,134,0,12,71,1498,63,1226,61,3,103,0,8,34,NA,01640,01605,NA,NA,01980,84,18,8,6,765.7310215286808,543.1846264990609
25017000798,MA,017,798,1948,20,1822,25,1,54,0,7,19,1602,14,1517,19,1,38,0,3,10,NA,01640,01605,NA,NA,01980,84,18,8,6,818.8925877763329,580.8957087126138
25017000799,MA,017,799,2058,46,1802,40,2,131,0,5,32,1762,32,1566,29,1,107,0,5,22,NA,01640,01605,NA,NA,01980,84,18,8,6,900.6796127727207,638.912758271926
25017000800,MA,017,800,2027,38,1797,40,6,94,0,5,47,1678,27,1511,32,5,74,0,2,27,NA,01640,01605,NA,NA,01980,84,18,8,6,857.7414246496171,608.4538072532871
25017000801,MA,017,801,1998,30,1830,38,0,81,0,6,13,1695,21,1571,26,0,62,0,6,9,NA,01640,01605,NA,NA,01980,84,18,8,6,866.4312960554832,614.618118768964
25017000802,MA,017,802,1999,33,1727,51,0,163,0,3,22,1772,21,1560,40,0,135,0,3,13,NA,01640,01605,NA,NA,01980,84,18,8,6,905.791301834995,642.5388238693831
25017000803,MA,017,803,1941,32,1688,30,4,147,0,3,37,1723,27,1523,26,4,120,0,1,22,NA,01640,01605,NA,NA,01980,84,18,8,6,880.7440254298511,624.7711024418437
25017000804,MA,017,804,2006,28,1862,25,0,72,1,4,14,1614,20,1504,21,0,60,1,1,7,NA,01640,01605,NA,NA,01980,83,18,8,6,825.026614651062,585.2469874295622
25017000805,MA,017,805,2036,36,1867,22,1,77,0,6,27,1770,30,1635,21,1,62,0,2,19,NA,01640,01605,NA,NA,01980,83,18,8,6,904.7689640225401,641.8136107498916
25017000806,MA,017,806,2126,26,1929,15,0,106,0,11,39,1671,17,1541,10,0,84,0,6,13,NA,01640,01605,NA,NA,01980,83,18,8,6,854.1632423060252,605.9155613350672
25017000807,MA,017,807,2099,50,1906,21,2,90,0,2,28,1633,40,1496,18,1,64,0,2,12,NA,01640,01605,NA,NA,01980,83,18,8,6,834.738823869383,592.1365120647306
25017000808,MA,017,808,2090,27,1996,11,1,42,0,0,13,1571,11,1519,8,1,31,0,0,1,NA,01640,01605,NA,NA,01980,83,18,8,6,803.0463516832828,569.654905360497
25017000809,MA,017,809,1931,23,1831,14,4,41,0,3,15,1497,14,1429,10,4,31,0,1,8,NA,01640,01605,NA,NA,01980,83,18,8,6,765.2198526224535,542.8220199393152
25017000810,MA,017,810,1962,40,1768,35,7,79,0,6,27,1638,30,1481,26,7,68,0,5,21,NA,01640,01605,NA,NA,01980,83,18,8,6,837.2946684005201,593.949544863459
25017000811,MA,017,811,1977,27,1835,17,0,80,1,4,13,1546,19,1449,9,0,59,1,1,8,NA,01640,01605,NA,NA,01980,83,18,8,6,790.2671290275971,560.5897413668545
25017000812,MA,017,812,1999,38,1867,13,1,66,0,4,10,1559,22,1468,11,1,52,0,1,4,NA,01640,01605,NA,NA,01980,83,18,8,6,796.9123248085536,565.3036266435486
25017000813,MA,017,813,2126,59,1619,94,8,287,0,10,49,1864,46,1454,71,5,245,0,8,35,NA,01640,01605,NA,NA,01980,83,18,8,6,952.818841207918,675.8986273659876
25017000814,MA,017,814,1942,24,1795,28,1,77,0,4,13,1507,14,1406,21,1,58,0,1,6,NA,01640,01605,NA,NA,01980,83,18,8,6,770.3315416847277,546.4480855367722
25017000815,MA,017,815,2075,26,1916,15,1,85,0,6,26,1636,17,1532,11,1,64,0,1,10,NA,01640,01605,NA,NA,01980,83,18,8,6,836.2723305880653,593.2243317439677
25017000816,MA,017,816,2026,45,1817,37,0,83,0,6,38,1728,35,1572,27,0,65,0,5,24,NA,01640,01605,NA,NA,01980,83,18,8,6,883.2998699609883,626.5841352405722
25017000817,MA,017,817,2073,36,1861,18,1,107,2,5,43,1641,20,1492,12,1,87,2,2,25,NA,01640,01605,NA,NA,01980,83,18,8,6,838.8281751192025,595.0373645426961
25017000818,MA,017,818,2845,24,2774,7,4,10,0,1,25,2047,16,2002,4,4,8,0,1,12,NA,23875,01955,NA,NA,08790,145,39,2,1,430,598
25017000819,MA,017,819,3810,80,3483,57,3,83,0,39,65,2774,51,2560,39,3,56,0,30,35,NA,24960,02130,10980,08910,02100,65,21,6,3,650.8162669827666,629.569253214188
25017000820,MA,017,820,3348,116,3085,52,1,44,0,6,44,2401,55,2254,36,1,33,0,4,18,NA,15340,02130,10980,08910,02100,65,21,6,3,563.3056442053432,544.9155648764475
25017000821,MA,017,821,3834,142,3332,69,4,119,1,74,93,2747,99,2379,48,3,96,1,56,65,NA,24960,02130,NA,NA,02100,65,21,6,3,644.4817178809154,623.4415063371933
25017000822,MA,017,822,3682,90,3326,72,3,117,0,11,63,3045,76,2769,59,3,92,0,6,40,NA,24960,02130,10710,04290,02100,65,21,6,3,714.3963709309747,691.073675572171
25017000823,MA,017,823,3926,162,3344,226,9,91,0,7,87,3005,92,2623,173,7,67,0,4,39,NA,03040,03005,10740,NA,02280,59,23,6,4,929.33110669796,1072.5555154359993
25017000824,MA,017,824,3361,180,2774,182,5,120,10,4,86,2534,122,2124,140,5,96,8,3,36,NA,03040,03005,NA,NA,02280,60,23,6,4,783.66889330204,904.4444845640007
25017000825,MA,017,825,3848,66,3396,60,17,262,0,7,40,2791,33,2506,42,9,187,0,2,12,NA,NA,04615,03840,03870,02400,81,19,7,5,648.516678790398,627.6342097059129
25017000826,MA,017,826,2059,49,1823,35,3,121,0,2,26,1587,30,1422,26,3,93,0,2,11,NA,35250,04615,06900,06930,02400,81,19,7,5,368.7552738231321,356.8812220721189
25017000827,MA,017,827,3437,52,3169,26,0,176,0,0,14,2717,26,2532,22,0,128,0,0,9,NA,09875,04615,NA,NA,02400,81,19,7,5,631.3220409435727,610.9932453496831
25017000828,MA,017,828,3251,60,2936,83,4,119,0,6,43,2528,45,2307,70,4,80,0,1,21,NA,NA,04615,NA,NA,02400,81,19,7,5,587.4060064428973,568.4913228722852
25017000829,MA,017,829,3204,45,2876,15,0,200,0,12,56,2320,26,2116,13,0,144,0,5,16,NA,05105,05070,NA,NA,02490,84,22,9,6,884.61859197092,747.8270166247928
25017000830,MA,017,830,3074,41,2849,29,6,100,0,7,42,2266,23,2128,16,4,78,0,3,14,NA,05105,05070,NA,NA,02490,84,22,9,6,864.0283316405623,730.4206981343882
25017000831,MA,017,831,2841,80,2445,89,2,158,0,11,56,2117,53,1875,43,2,109,0,4,31,NA,05105,05070,NA,NA,02490,84,22,9,6,807.2144651734645,682.3921526701236
25017000832,MA,017,832,3139,67,2762,60,1,213,0,9,27,2615,45,2342,47,1,157,0,7,16,NA,05105,05070,NA,NA,02490,84,22,9,6,997.1024215534293,842.917089859411
25017000833,MA,017,833,3035,46,2762,17,6,178,1,4,21,2413,32,2206,15,5,136,1,4,14,NA,05105,05070,NA,NA,02490,84,22,9,6,920.0795958732025,777.8045651360453
25017000834,MA,017,834,2932,63,2653,3,2,170,0,5,36,2239,42,2060,3,2,120,0,0,12,NA,05105,05070,NA,NA,02490,84,22,9,6,853.7332014753836,721.7175388891859
25017000835,MA,017,835,2871,57,2524,39,6,200,0,1,44,2311,40,2065,34,6,141,0,1,24,NA,05105,05070,NA,NA,02490,84,22,9,6,881.1868819158603,744.9259635430587
25017000836,MA,017,836,3098,41,2855,8,2,167,0,0,25,2426,27,2263,7,2,117,0,0,10,NA,05105,05070,NA,NA,02490,84,22,9,6,925.0365103971775,781.9949751429946
25017000837,MA,017,837,3851,58,3494,41,5,211,2,5,35,2929,39,2651,34,4,173,2,3,23,NA,NA,05805,NA,NA,02670,82,18,6,4,628.0548243341278,690.1823677755898
25017000838,MA,017,838,3863,45,3639,38,0,104,0,4,33,2818,25,2676,21,0,73,0,3,20,NA,37000,05805,NA,NA,02670,82,18,6,4,604.2534977717899,664.0266003385498
25017000839,MA,017,839,3920,54,3674,44,5,103,0,2,38,2841,30,2683,26,5,78,0,2,17,NA,53680,05805,NA,NA,02670,82,18,6,4,609.1853041765986,669.44626386154
25017000840,MA,017,840,3999,73,3664,35,3,191,6,5,22,3052,48,2804,24,2,152,5,2,15,NA,53680,05805,NA,NA,02670,82,18,6,4,654.4292672815836,719.165785746364
25017000841,MA,017,841,3485,25,3357,22,3,52,0,0,26,2593,16,2502,17,3,39,0,0,16,NA,53680,05805,NA,NA,02670,82,18,6,4,556.0075655508343,611.008152831036
25017000842,MA,017,842,4738,172,4305,155,8,60,0,10,28,3705,150,3325,147,6,49,0,7,21,NA,NA,05805,03330,03870,02670,82,18,6,4,794.4496839050679,873.0371022903928
25017000843,MA,017,843,4182,60,3966,20,6,87,2,0,41,3004,30,2878,14,4,55,0,0,23,NA,NA,05805,03330,03870,02670,82,18,6,4,644.1368017411131,707.8551836114278
25017000844,MA,017,844,3558,25,3328,14,2,149,0,4,36,2651,15,2488,12,1,117,0,2,16,NA,NA,05805,NA,NA,02670,82,18,6,4,568.4442947455694,624.6751304107507
25017000845,MA,017,845,3656,47,3460,28,4,71,2,3,41,2660,21,2546,22,4,54,0,2,11,NA,53680,05805,NA,NA,02670,82,18,6,4,570.3741320344077,626.7958683110513
25017000846,MA,017,846,3729,41,3600,21,0,45,0,8,14,2694,21,2608,16,0,35,0,6,8,NA,80195,05805,NA,NA,02670,82,18,6,4,577.6646284589076,634.8075448232977
25017000847,MA,017,847,4868,55,4273,15,1,413,0,16,95,3381,38,3012,15,1,265,0,10,40,NA,NA,07350,02850,01710,05880,72,23,6,4,576,735
25017000848,MA,017,848,3792,48,3385,40,3,294,5,0,17,2855,30,2561,29,2,218,5,0,10,NA,09875,09840,NA,NA,03240,81,18,7,5,821.0799061945891,843.9421151976206
25017000849,MA,017,849,3860,74,3205,92,2,457,0,5,25,3008,54,2519,61,2,353,0,1,18,NA,09875,09840,NA,NA,03240,81,18,7,5,865.0817365440714,889.1691357318539
25017000850,MA,017,850,3802,61,3379,44,2,270,0,3,43,2979,38,2681,31,2,196,0,3,28,NA,09875,09840,NA,NA,03240,81,18,7,5,856.7415203340388,880.5966939312475
25017000851,MA,017,851,4014,58,3053,68,0,790,0,12,33,3131,36,2428,41,0,600,0,5,21,NA,09875,09840,NA,NA,03240,81,18,7,5,900.4557570211061,925.5281130240804
25017000852,MA,017,852,3675,30,3294,30,4,287,0,8,22,2755,23,2502,20,2,192,0,2,14,NA,09875,09840,NA,NA,03240,81,18,7,5,792.3205399530973,814.3819710575988
25017000853,MA,017,853,3733,25,3310,33,0,337,0,0,28,2755,15,2473,23,0,230,0,0,14,NA,09875,09840,NA,NA,03240,81,18,7,5,792.3205399530973,814.3819710575988
25017000854,MA,017,854,3271,255,2230,138,2,439,5,26,176,2989,209,2042,128,2,413,5,23,167,NA,11000,11000,NA,NA,03270,87,33,9,7,1072.1339127269418,442.6989580015471
25017000855,MA,017,855,2513,235,1779,130,4,226,0,30,109,2169,176,1571,93,4,207,0,23,95,NA,11000,11000,NA,NA,03270,87,33,9,7,778.0055057560177,321.24926059061744
25017000856,MA,017,856,2457,243,1662,139,5,198,0,45,165,2150,194,1502,107,5,172,0,37,133,NA,11000,11000,NA,NA,03270,87,33,9,7,771.1903353505938,318.43518223597397
25017000857,MA,017,857,2368,262,1497,178,3,181,0,58,189,1928,165,1312,100,3,161,0,40,147,NA,11000,11000,NA,NA,03270,87,33,9,7,691.5604495609045,285.55489830277105
25017000858,MA,017,858,3299,614,925,1289,5,223,0,37,206,2329,415,783,812,4,179,0,17,119,NA,11000,11000,NA,NA,03270,87,33,9,7,835.3964144332712,344.94676252445737
25017000859,MA,017,859,3287,379,1357,350,11,1056,3,18,113,3043,321,1290,289,11,1021,3,15,93,NA,11000,11000,NA,NA,03270,86,33,9,7,1091.5033444055148,450.69686490421805
25017000860,MA,017,860,3652,301,1706,240,16,1275,4,5,105,3539,283,1654,233,16,1240,4,5,104,NA,11000,11000,NA,NA,03270,132,33,9,7,1269.4151613050008,524.1591208991218
25017000861,MA,017,861,2371,386,1245,452,3,87,4,17,177,1812,268,1056,290,3,70,2,10,113,NA,11000,11000,NA,NA,03270,87,33,9,7,649.9520407698958,268.37420940073713
25017000862,MA,017,862,2438,219,1608,238,3,154,0,68,148,2056,160,1432,157,2,131,0,58,116,NA,11000,11000,NA,NA,03270,87,32,9,7,737.4731765027074,304.512899849843
25017000863,MA,017,863,2196,79,1751,159,3,131,0,9,64,1871,56,1545,104,3,114,0,6,43,NA,11000,11000,NA,NA,03270,86,32,9,7,671.1149383446331,277.1126632388406
25017000864,MA,017,864,2232,275,1130,500,2,174,2,16,133,1817,181,1015,361,2,146,2,11,99,NA,11000,11000,NA,NA,03270,86,33,9,7,651.74550666606,269.11475633616965
25017000865,MA,017,865,2243,106,1679,106,2,268,3,12,67,2052,94,1568,80,2,238,3,12,55,NA,11000,11000,NA,NA,03270,86,32,9,7,736.038403785776,303.920462301497
25017000866,MA,017,866,2266,97,1713,82,4,293,3,4,70,2119,89,1617,73,4,272,3,3,58,NA,11000,11000,NA,NA,03270,86,32,9,7,760.0708467943759,313.8437912362925
25017000867,MA,017,867,2371,148,1639,179,0,305,2,11,87,2189,125,1543,156,0,285,2,11,67,NA,11000,11000,NA,NA,03270,86,33,9,7,785.1793693406744,324.21144833234746
25017000868,MA,017,868,2596,180,1505,535,6,241,0,24,105,2297,151,1392,440,5,213,0,15,81,NA,11000,11000,NA,NA,03270,86,33,9,7,823.9182326978205,340.2072621376894
25017000869,MA,017,869,2515,266,1396,386,10,323,8,19,107,2137,186,1285,264,9,296,6,17,74,NA,11000,11000,NA,NA,03270,86,33,9,7,766.527324020567,316.5097602038495
25017000870,MA,017,870,2371,155,1585,361,9,139,1,27,94,2009,105,1405,289,7,121,1,15,66,NA,11000,11000,NA,NA,03270,86,33,9,7,720.6145970787642,297.55175865677757
25017000871,MA,017,871,2385,152,1777,195,1,161,0,19,80,2052,112,1572,150,1,147,0,14,56,NA,11000,11000,NA,NA,03270,86,33,9,7,736.038403785776,303.920462301497
25017000872,MA,017,872,2319,218,993,682,15,270,4,21,116,1835,158,871,481,11,211,3,15,85,NA,11000,11000,NA,NA,03270,86,33,9,7,658.201983892251,271.7807253037266
25017000873,MA,017,873,2118,227,809,501,10,444,4,22,101,1713,173,729,352,7,363,2,12,75,NA,11000,11000,NA,NA,03270,86,33,9,7,614.4414160258452,253.71138007917367
25017000874,MA,017,874,2893,175,1990,195,12,411,0,13,97,2738,171,1891,184,9,384,0,12,87,NA,11000,11000,NA,NA,03270,86,33,9,7,982.1019247395004,405.5235018428357
25017000875,MA,017,875,3910,281,2658,191,14,601,3,26,136,3757,274,2565,178,14,578,3,22,123,NA,11000,11000,NA,NA,03270,86,32,9,7,1347.6102743777587,556.4469672839788
25017000876,MA,017,876,2015,92,1684,45,1,144,1,9,39,1795,76,1499,42,1,142,1,6,28,NA,11000,11000,NA,NA,03270,86,32,9,7,643.8542567229376,265.85634982026664
25017000877,MA,017,877,1993,65,1670,50,1,147,1,8,51,1783,55,1495,49,1,138,1,7,37,NA,11000,11000,NA,NA,03270,86,32,9,7,639.5499385721437,264.0790371752287
25017000878,MA,017,878,2539,184,1837,130,6,325,1,9,47,2378,166,1734,110,5,320,1,4,38,NA,11000,11000,NA,NA,03270,86,32,9,7,852.9723802156801,352.2041224916959
25017000879,MA,017,879,1888,48,1639,33,3,108,0,6,51,1703,40,1493,31,2,101,0,3,33,NA,11000,11000,NA,NA,03270,85,22,9,7,610.8544842335169,252.23028620830868
25017000880,MA,017,880,2119,143,1416,94,4,370,2,10,80,1956,129,1312,87,3,338,2,9,76,NA,11000,11000,NA,NA,03270,85,22,9,7,701.603858579424,289.70196114119307
25017000881,MA,017,881,2073,84,1626,69,2,260,0,6,26,1956,79,1540,62,2,246,0,5,22,NA,11000,11000,NA,NA,03270,85,32,9,7,701.603858579424,289.70196114119307
25017000882,MA,017,882,571,37,379,34,1,105,0,0,15,564,37,374,34,1,105,0,0,13,NA,11000,11000,NA,NA,03270,85,32,9,7,202.30295308731857,83.53369431678573
25017000883,MA,017,883,1390,91,872,75,5,287,2,6,52,1387,88,872,75,5,287,2,6,52,NA,11000,11000,NA,NA,03270,85,32,9,7,497.50743959594115,205.42771988897482
25017000884,MA,017,884,2690,168,1953,144,7,339,4,9,66,2565,155,1868,135,7,325,4,9,62,NA,11000,11000,NA,NA,03270,85,32,9,7,920.0480047322201,379.9005778768713
25017000885,MA,017,885,2235,66,1982,48,3,99,0,3,34,1951,55,1735,46,3,86,0,3,23,NA,11000,11000,NA,NA,03270,85,32,9,7,699.8103926832598,288.9614142057606
25017000886,MA,017,886,1934,62,1722,45,1,66,0,2,36,1593,42,1441,41,1,51,0,1,16,NA,11000,11000,NA,NA,03270,85,22,9,7,571.398234517905,235.93825362879375
25017000887,MA,017,887,1972,57,1717,48,1,107,2,4,36,1689,42,1486,42,1,91,2,2,23,NA,11000,11000,NA,NA,03270,85,32,9,7,605.8327797242572,250.15675478909768
25017000888,MA,017,888,1962,128,1317,304,7,122,0,9,75,1527,78,1126,178,5,93,0,6,41,NA,11000,11000,NA,NA,03270,85,32,9,7,547.724484688538,226.16303408108476
25017000889,MA,017,889,2401,71,1951,118,5,180,1,15,60,2078,53,1715,100,3,161,1,10,35,NA,11000,11000,NA,NA,03270,85,22,9,7,745.3644264458297,307.77130636574606
25017000890,MA,017,890,2292,97,1216,737,3,134,0,11,94,1795,60,1068,505,2,99,0,7,54,NA,11000,11000,NA,NA,03270,85,22,9,7,643.8542567229376,265.85634982026664
25017000891,MA,017,891,2262,98,1746,142,0,204,0,9,63,1877,61,1501,101,0,169,0,7,38,NA,11000,11000,NA,NA,03270,85,32,9,7,673.26709742003,278.0013195613596
25017000892,MA,017,892,2162,98,1308,513,8,166,3,10,56,1786,63,1126,410,8,134,3,2,40,NA,11000,11000,NA,NA,03270,85,22,9,7,640.6260181098421,264.52336533648815
25017000893,MA,017,893,3004,420,273,1330,10,812,0,27,132,2051,256,225,864,6,595,0,19,86,NA,11000,11000,NA,NA,03270,85,22,9,7,735.6797106065432,303.77235291441053
25017000894,MA,017,894,2950,106,2330,207,4,168,4,15,116,2493,75,2033,156,3,145,3,11,67,NA,11000,11000,NA,NA,03270,85,22,9,7,894.2220958274561,369.2367020066433
25017000895,MA,017,895,2832,87,2153,235,1,241,4,18,93,2380,62,1861,193,1,193,4,13,53,NA,11000,11000,NA,NA,03270,85,18,9,7,853.6897665741457,352.5003412658688
25017000896,MA,017,896,4717,56,4364,8,0,228,2,5,54,3272,38,3060,8,0,146,2,1,17,NA,NA,11525,03330,03870,02670,74,19,6,4,997,1158
25017000897,MA,017,897,3959,139,3486,83,5,211,0,4,31,3201,123,2817,79,5,158,0,3,16,NA,NA,13135,NA,NA,03510,74,19,6,4,767.393221273078,1029.6174073928278
25017000898,MA,017,898,3640,45,3360,45,4,148,0,0,38,2777,28,2584,35,4,104,0,0,22,NA,37000,13135,NA,NA,03510,74,19,6,4,665.7453844034169,893.2357201905286
25017000899,MA,017,899,3979,39,3726,16,1,156,0,6,35,2905,26,2751,11,1,97,0,4,15,NA,NA,13135,NA,NA,03510,74,19,6,4,696.4315238357675,934.407550289336
25017000900,MA,017,900,3749,34,3458,31,0,193,0,6,27,2794,25,2595,22,0,135,0,4,13,NA,37000,13135,NA,NA,03510,74,19,6,4,669.8208872967759,898.7038538755265
25017000901,MA,017,901,4047,42,3724,4,5,251,0,1,20,2942,25,2729,3,5,171,0,1,8,NA,NA,13135,03330,03870,03510,74,19,6,4,705.3017360154313,946.3087824272724
25017000902,MA,017,902,3940,35,3705,28,1,120,0,8,43,2918,26,2762,19,1,80,0,6,24,NA,37000,13135,NA,NA,03510,74,19,6,4,699.5480848718655,938.5890642837461
25017000903,MA,017,903,3328,22,3173,9,1,98,1,1,23,2442,15,2353,3,1,59,1,0,10,NA,NA,13135,NA,NA,03510,74,19,6,4,585.4340038578121,785.4813211038066
25017000904,MA,017,904,3626,41,3296,24,2,233,0,2,28,2819,23,2600,15,2,163,0,0,16,NA,37000,13135,NA,NA,03510,74,19,6,4,675.81427390465694,906.7452269416998
25017000905,MA,017,905,3590,21,3363,17,3,151,0,5,30,2605,14,2456,15,3,108,0,0,9,NA,NA,13135,03330,03870,03510,74,19,6,4,624.5108845411959,837.9110734952565
25017000906,MA,017,906,3772,333,2984,307,6,100,1,15,26,3090,312,2357,307,6,75,1,15,17,NA,75680,15060,03840,03870,NA,72,19,6,4,999.0919088766693,952.4870384917518
25017000907,MA,017,907,2359,27,2175,19,1,102,0,6,29,1754,16,1636,17,1,67,0,4,13,NA,75680,15060,03840,03870,07500,72,19,6,4,567.1220738413197,540.6673998428907
25017000908,MA,017,908,2823,35,2632,9,0,98,1,12,36,2030,18,1923,8,0,65,0,3,13,NA,75680,15060,03840,03870,NA,72,19,6,4,656.3613511390416,625.743912018853
25017000909,MA,017,909,2617,27,2503,11,1,53,2,3,17,2034,19,1957,8,1,38,1,3,7,NA,75680,15060,03840,03870,12210,72,19,6,4,657.6546739984288,626.9769049489395
25017000910,MA,017,910,2592,29,2419,22,1,91,0,10,20,1821,16,1721,10,1,57,0,5,11,NA,NA,15060,03840,03870,02400,72,19,6,4,588.7852317360566,561.3200314218383
25017000911,MA,017,911,2830,24,2719,10,4,47,0,10,16,2001,20,1926,7,3,30,0,4,11,NA,75680,15060,03840,03870,02400,72,19,6,4,646.9847604084839,616.8047132757266
25017000912,MA,017,912,3618,71,3374,30,3,105,0,0,35,2868,56,2681,26,3,77,0,0,25,NA,37000,17475,NA,NA,04320,97,10,6,4,435.3707865168539,512.8988764044943
25017000913,MA,017,913,3944,70,3728,17,5,96,3,0,25,2933,46,2793,8,4,66,2,0,14,NA,37000,17475,NA,NA,04320,97,10,6,4,445.2379765878426,524.5231535893939
25017000914,MA,017,914,4382,50,4197,14,3,80,3,2,33,3221,35,3091,9,2,63,2,2,17,NA,37000,17475,NA,NA,04320,97,10,6,4,488.9572187485309,576.0276432701801
25017000915,MA,017,915,4068,35,3899,19,2,72,0,4,37,2947,22,2841,15,2,48,0,2,17,NA,40710,17475,NA,NA,04320,97,10,6,4,447.3632175262094,527.0268440599878
25017000916,MA,017,916,4129,43,4016,10,3,39,1,0,17,2991,29,2922,7,3,21,1,0,8,NA,NA,17475,NA,NA,04320,97,10,6,4,454.04254618964785,534.8955855389967
25017000917,MA,017,917,4474,120,3935,83,8,257,0,14,57,3316,69,2958,52,6,195,0,11,25,NA,37000,17475,NA,NA,04320,97,10,6,4,503.3784965445912,593.0169714634949
25017000918,MA,017,918,3947,54,3715,40,0,86,0,5,47,2995,33,2832,30,0,65,0,5,30,NA,37000,17475,NA,NA,04320,97,10,6,4,454.6497578863241,535.6109256734521
25017000919,MA,017,919,2829,15,2746,3,1,42,0,0,22,1948,11,1901,3,1,24,0,0,8,NA,20310,17825,NA,NA,05500,97,15,6,4,356,527
25017000920,MA,017,920,2378,184,1780,181,0,89,1,19,124,1950,142,1484,145,0,66,0,18,95,NA,21990,21990,NA,NA,04770,89,32,8,6,547.2639736965712,364.7336106824129
25017000921,MA,017,921,2415,323,1644,114,6,101,1,96,130,1873,236,1321,78,2,66,1,78,91,NA,21990,21990,NA,NA,04770,89,32,8,6,525.6540629403476,350.3313091323895
25017000922,MA,017,922,2046,341,1351,143,2,69,0,36,104,1577,230,1104,91,1,47,0,27,77,NA,21990,21990,NA,NA,04770,89,32,8,6,442.58219821512444,294.96661745957186
25017000923,MA,017,923,2107,268,1524,122,24,64,5,32,68,1581,194,1179,82,17,38,3,27,41,NA,21990,21990,NA,NA,04770,89,32,8,6,443.7047909816815,295.71478896866404
25017000924,MA,017,924,2232,290,1596,143,4,99,0,31,69,1775,199,1330,100,3,75,0,20,48,NA,21990,21990,NA,NA,04770,89,32,8,6,498.15054015969935,332.0011071596323
25017000925,MA,017,925,2201,179,1662,174,3,93,5,19,66,1721,128,1336,126,3,63,2,13,50,NA,21990,21990,NA,NA,04770,89,32,8,6,482.99553781117896,321.90079178688853
25017000926,MA,017,926,1956,88,1736,89,0,30,0,0,13,1595,73,1437,56,0,19,0,0,10,NA,21990,21990,NA,NA,04770,89,32,8,6,447.6338656646313,298.33338925048645
25017000927,MA,017,927,1924,102,1581,117,11,60,0,3,50,1421,54,1231,74,5,32,0,1,24,NA,21990,21990,NA,NA,04770,89,32,8,6,398.80108031939875,265.78792860497884
25017000928,MA,017,928,1972,92,1741,65,1,38,8,5,22,1579,60,1433,39,1,23,6,3,14,NA,21990,21990,NA,NA,04770,89,32,8,6,443.14349459840304,295.340703214118
25017000929,MA,017,929,2023,115,1707,103,4,56,0,13,25,1588,68,1371,78,4,40,0,10,17,NA,21990,21990,NA,NA,04770,89,32,8,6,445.6693283231564,297.02408910957524
25017000930,MA,017,930,2131,283,1569,112,11,44,0,43,69,1654,199,1254,78,6,36,0,32,49,NA,21990,21990,NA,NA,04770,89,32,8,6,464.19210897134803,309.3689190095954
25017000931,MA,017,931,2058,201,1608,107,3,26,0,41,72,1560,146,1254,66,3,15,0,24,52,NA,21990,21990,NA,NA,04770,89,32,8,6,437.8111789572569,291.78688854593037
25017000932,MA,017,932,2120,132,1691,107,11,28,0,25,126,1656,95,1360,66,3,20,0,17,95,NA,21990,21990,NA,NA,04770,89,32,8,6,464.7534053546266,309.74300476414146
25017000933,MA,017,933,2048,147,1395,164,11,60,1,38,232,1575,101,1131,111,4,43,1,32,152,NA,21990,21990,NA,NA,04770,89,32,8,6,442.02090183184595,294.5925317050258
25017000934,MA,017,934,2094,208,1420,160,2,81,0,70,153,1711,148,1206,127,2,52,0,61,115,NA,21990,21990,NA,NA,04770,89,32,8,6,480.1890558947863,320.03036301415824
25017000935,MA,017,935,2056,180,1495,97,1,57,0,28,198,1596,121,1202,69,0,45,0,20,139,NA,21990,21990,NA,NA,04770,89,32,8,6,447.91451385627056,298.52043212775953
25017000936,MA,017,936,2047,157,1572,144,2,109,0,21,42,1659,107,1308,106,2,80,0,20,36,NA,21990,21990,NA,NA,04770,89,32,8,6,465.5953499295444,310.30413339596055
25017000937,MA,017,937,2229,327,1515,127,4,126,0,39,91,1735,208,1241,92,4,91,0,29,70,NA,21990,21990,NA,NA,04770,89,32,8,6,486.92461249412867,324.519392068711
25017000938,MA,017,938,3730,97,3271,112,1,140,1,35,73,2915,62,2592,87,1,103,0,26,44,NA,24960,24925,11340,06930,04980,64,21,8,6,748.7239182120779,621.8112220637184
25017000939,MA,017,939,3487,76,3208,54,4,106,1,0,38,2725,48,2538,40,2,79,0,0,18,NA,24960,24925,11340,06930,04980,64,21,8,6,699.92201616738,581.2815026153115
25017000940,MA,017,940,3972,150,3463,128,4,129,0,18,80,3082,105,2730,83,2,100,0,12,50,NA,24960,24925,NA,NA,04980,64,21,8,6,791.6182215882073,657.4347123157394
25017000941,MA,017,941,3825,72,3394,67,0,255,0,1,36,2803,50,2512,48,0,177,0,1,15,NA,24960,24925,10980,08910,04980,64,21,8,6,719.9564812173086,597.920019020447
25017000942,MA,017,942,3759,125,3276,74,4,190,0,40,50,2889,86,2557,53,3,136,0,24,30,NA,24960,24925,NA,NA,04980,64,21,8,6,742.045763195435,616.2650499286733
25017000943,MA,017,943,1964,35,1794,24,0,92,0,3,16,1504,20,1396,21,0,61,0,2,4,NA,24960,24925,NA,NA,04980,64,21,8,6,386.3055825011888,320.82472658107463
25017000944,MA,017,944,1784,31,1625,38,1,75,1,0,13,1474,24,1357,28,1,54,1,0,9,NA,24960,24925,NA,NA,04980,64,21,8,6,378.60001902044695,314.4252971944841
25017000945,MA,017,945,2855,76,2363,85,4,281,2,12,32,2352,54,1975,66,4,225,2,7,19,NA,24960,24925,10980,08910,04980,64,21,8,6,604.1161768901569,501.71526390870184
25017000946,MA,017,946,2107,66,1806,75,0,106,0,5,49,1702,48,1483,57,0,79,0,5,30,NA,24960,24925,NA,NA,04980,65,21,8,6,437.16230147408464,363.06096053257255
25017000947,MA,017,947,1823,243,1337,89,2,110,1,9,32,1465,158,1119,68,2,90,1,5,22,NA,24960,24925,NA,NA,04980,65,21,8,6,376.2883499762244,312.5054683785069
25017000948,MA,017,948,4098,217,3104,159,4,449,1,81,83,3303,141,2570,124,4,340,1,63,60,NA,24960,24925,NA,NA,04980,64,21,8,6,848.3825392296718,704.5771754636233
25017000949,MA,017,949,4206,157,2973,168,2,771,0,43,92,3741,125,2664,152,2,687,0,34,77,NA,24960,24925,NA,NA,04980,64,21,8,6,960.8837660485021,798.008844507846
25017000950,MA,017,950,3712,84,3327,55,1,164,0,13,68,2921,59,2645,40,1,120,0,8,48,NA,24960,24925,NA,NA,04980,65,21,8,6,750.2650309082263,623.0911079410366
25017000951,MA,017,951,4047,351,3258,209,3,146,1,22,57,3530,275,2880,175,3,133,1,17,46,NA,24960,24925,NA,NA,04980,65,21,8,6,906.6879695672848,752.9995244888254
25017000952,MA,017,952,3717,329,2862,157,0,192,0,64,113,2974,219,2367,121,0,145,0,48,74,NA,24960,24925,NA,NA,04980,64,21,8,6,763.8781930575368,634.3967665240133
25017000953,MA,017,953,4613,1445,2155,312,8,77,0,269,347,3575,983,1852,211,4,64,0,208,253,NA,24960,24925,NA,NA,04980,65,21,8,6,918.2463147883976,762.5986685687114
25017000954,MA,017,954,4132,647,2933,194,18,114,0,108,118,3191,427,2388,121,9,81,0,83,82,NA,24960,24925,NA,NA,04980,65,21,8,6,819.6151022349026,680.6859724203518
25017000955,MA,017,955,4662,1192,2516,416,17,64,0,248,209,3655,851,2036,334,15,51,0,211,157,NA,24960,24925,10710,04290,04980,65,21,8,6,938.7944840703757,779.6638135996196
25017000956,MA,017,956,4417,1872,1628,575,6,54,0,177,105,2774,1061,1186,292,1,41,0,125,68,NA,24960,24925,10710,04290,04980,65,21,8,6,712.5077698525915,591.7339039467428
25017000957,MA,017,957,4819,60,4640,9,3,47,0,1,59,3203,36,3108,9,2,26,0,0,22,NA,27445,27480,10740,NA,05500,59,15,6,4,701.8704510108864,751.1856920684291
25017000958,MA,017,958,4728,49,4558,23,9,45,2,5,37,3227,21,3134,19,7,34,1,2,9,NA,27445,27480,NA,NA,05500,59,15,6,4,707.1295489891136,756.8143079315709
25017000959,MA,017,959,3242,44,3131,13,3,32,1,6,12,2188,24,2123,8,2,19,1,3,8,NA,NA,30700,NA,NA,06240,66,21,4,3,631.7113871635611,728.6538302277432
25017000960,MA,017,960,4017,50,3833,51,3,53,0,4,23,2801,19,2686,43,3,37,0,0,13,NA,NA,30700,NA,NA,06240,66,21,4,3,808.6945134575569,932.7967908902692
25017000961,MA,017,961,3180,55,3012,30,6,46,0,2,29,2367,33,2256,21,6,31,0,2,18,NA,NA,30700,10710,04290,06240,66,21,4,3,683.3916149068324,788.2649068322982
25017000962,MA,017,962,3362,41,3232,25,2,34,0,7,21,2304,20,2229,19,2,22,0,0,12,NA,NA,30700,10710,04290,06240,66,21,4,3,665.2024844720497,767.2844720496894
25017000963,MA,017,963,4230,78,4040,26,2,47,2,6,29,2795,55,2672,18,2,30,2,4,12,NA,31050,31085,10980,08910,06330,66,21,4,3,584.7306529286594,622.2936499048046
25017000964,MA,017,964,4399,55,4195,32,4,79,0,8,26,3064,34,2942,21,3,51,0,8,5,NA,31050,31085,10980,08910,06330,66,21,4,3,641.0070556613283,682.1852391085229
25017000965,MA,017,965,4717,44,4488,26,12,93,2,4,48,3070,28,2932,16,6,69,2,1,16,NA,NA,31085,NA,NA,06330,66,21,4,3,642.2622914100123,683.5211109866726
25017000966,MA,017,966,2297,35,2178,11,4,25,0,13,31,1881,23,1800,8,4,15,0,11,20,NA,31575,31540,02550,02580,06390,61,23,6,4,403.91079471160833,464.9893215167805
25017000967,MA,017,967,2769,182,2484,29,4,21,0,7,42,2121,124,1918,19,3,15,0,6,36,NA,31575,31540,NA,NA,06390,61,23,6,4,455.4464622984164,524.3181025715531
25017000968,MA,017,968,2367,39,2280,16,0,12,0,4,16,1794,26,1733,14,0,10,0,1,10,NA,31575,31540,NA,NA,06390,61,23,6,4,385.2291152113904,443.48263838442546
25017000969,MA,017,969,3048,55,2858,30,1,68,5,2,29,2173,32,2053,20,1,49,3,2,13,NA,31575,31540,11340,06930,06390,61,23,6,4,466.6125236088914,537.1726718000872
25017000970,MA,017,970,2311,40,2178,9,0,64,0,0,20,1730,30,1628,6,0,49,0,0,17,NA,31575,31540,NA,NA,06390,61,23,6,4,371.4862705215749,427.6616301031527
25017000971,MA,017,971,2721,126,2392,32,9,30,1,57,74,2129,101,1857,30,6,24,1,45,65,NA,31575,31540,NA,NA,06390,61,23,6,4,457.1643178846433,526.2957286067121
25017000972,MA,017,972,2600,77,2345,26,1,32,2,19,98,1938,43,1763,21,1,29,0,13,68,NA,31575,31540,NA,NA,06390,61,23,6,4,416.1505157634752,479.079907017289
25017000973,MA,017,973,3215,25,2706,35,8,398,0,2,41,2456,15,2129,28,4,259,0,2,19,NA,35250,35215,NA,NA,06840,73,18,8,6,929.6803865425912,761.5665712240516
25017000974,MA,017,974,3282,35,2912,23,0,259,0,12,41,2427,20,2195,14,0,180,0,7,11,NA,35250,35215,NA,NA,06840,73,19,8,6,918.7028901216894,752.5741320687187
25017000975,MA,017,975,3897,50,3157,98,5,538,0,7,42,2981,32,2510,68,1,352,0,2,16,NA,35250,35215,NA,NA,06840,73,19,8,6,1128.4109251968505,924.3607283464568
25017000976,MA,017,976,3453,63,3093,21,1,227,0,7,41,2540,41,2313,12,1,160,0,2,11,NA,35250,35215,NA,NA,06840,73,19,8,6,961.4772727272727,787.6136363636364
25017000977,MA,017,977,3323,65,2811,37,0,360,0,5,45,2435,44,2090,31,0,248,0,1,21,NA,35250,35215,NA,NA,06840,73,18,8,6,921.731164996421,755.0548049391554
25017000978,MA,017,978,3449,38,3019,23,0,323,0,5,41,2515,25,2249,19,0,211,0,1,10,NA,35250,35215,NA,NA,06840,73,18,8,6,952.0139137437366,779.8615336435219
25017000979,MA,017,979,3166,50,2670,30,2,378,1,9,26,2308,24,2002,22,2,247,0,3,8,NA,35250,35215,NA,NA,06840,73,18,8,6,873.6573013600573,715.6741231209735
25017000980,MA,017,980,3437,60,2932,27,3,364,0,9,42,2413,32,2103,21,3,238,0,6,10,NA,35250,35215,NA,NA,06840,73,19,8,6,913.4034090909091,748.2329545454545
25017000981,MA,017,981,3133,42,2522,43,1,459,0,5,61,2277,27,1900,29,1,300,0,2,18,NA,35250,35215,06900,06930,06840,73,19,8,6,861.9227362204724,706.0615157480315
25017000982,MA,017,982,7806,230,6709,371,25,307,2,28,134,5380,134,4718,238,13,221,2,12,42,NA,35250,35425,06900,06930,06840,73,19,8,6,1384.9982085274094,1231.7520601934789
25017000983,MA,017,983,250,9,203,5,0,25,0,0,8,202,6,167,5,0,19,0,0,5,NA,NA,35425,06900,06930,02400,73,19,6,6,52.00179147259047,46.24793980652096
25017000984,MA,017,984,3490,47,3352,8,2,48,1,5,27,2602,29,2512,6,2,33,0,3,17,NA,36020,35950,01680,01710,06960,60,23,6,4,612.4405699916177,738.9418273260687
25017000985,MA,017,985,4694,32,4496,20,3,92,1,6,44,3363,19,3238,18,2,62,1,2,21,NA,36020,35950,02850,01710,06960,60,23,6,4,791.5594300083823,955.0581726739313
25017000986,MA,017,986,3003,690,1850,90,9,232,0,11,121,2170,395,1491,65,6,131,0,10,72,NA,37000,37000,NA,NA,07020,75,15,6,4,539.5200843464452,402.6134381589566
25017000987,MA,017,987,2520,30,2401,12,1,61,0,0,15,1967,23,1883,10,1,43,0,0,7,NA,37000,37000,NA,NA,07020,76,15,6,4,489.0488506495197,364.9496003956994
25017000988,MA,017,988,2699,46,2510,7,6,83,0,3,44,2118,34,1980,7,6,55,0,2,34,NA,37000,37000,NA,NA,07020,76,15,6,4,526.5914924634889,392.965558534871
25017000989,MA,017,989,2457,492,1409,116,2,353,1,12,72,2051,294,1372,100,0,217,1,12,55,NA,37000,37000,NA,NA,07020,77,15,6,4,509.9334990758337,380.53463671152997
25017000990,MA,017,990,2754,1292,844,114,13,389,2,8,92,1777,751,687,59,6,215,2,6,51,NA,37000,37000,NA,NA,07020,77,15,6,4,441.8097649233332,329.6977325384635
25017000991,MA,017,991,3823,1210,1844,326,9,315,1,21,97,3011,780,1679,232,8,243,1,13,55,NA,37000,37000,NA,NA,07020,75,15,6,4,748.6151953765652,558.6493374638794
25017000992,MA,017,992,2407,133,1333,119,5,755,0,10,52,1900,97,1107,97,3,560,0,6,30,NA,37000,37000,NA,NA,07020,77,15,6,4,472.3908572618644,352.5186785723583
25017000993,MA,017,993,2843,270,1604,113,9,730,0,13,104,1999,161,1251,69,4,442,0,11,61,NA,37000,37000,NA,NA,07020,77,15,6,4,497.0049071928774,370.8867570874443
25017000994,MA,017,994,2775,134,1547,84,3,876,0,9,122,2071,85,1298,62,3,541,0,4,78,NA,37000,37000,NA,NA,07020,77,15,6,4,514.9060344154323,384.2453596438706
25017000995,MA,017,995,3645,199,1887,118,9,1363,0,1,68,2491,118,1444,84,3,807,0,1,34,NA,37000,37000,NA,NA,07020,77,15,6,4,619.3292765470023,462.1705412230235
25017000996,MA,017,996,3660,671,1297,115,12,1349,0,20,196,2320,336,977,59,5,814,0,12,117,NA,37000,37000,NA,NA,07020,76,15,6,4,576.8140993934345,430.4438601515112
25017000997,MA,017,997,3123,457,1640,106,7,755,0,33,125,2316,316,1362,76,7,462,0,26,67,NA,37000,37000,NA,NA,07020,76,15,6,4,575.8195923255148,429.7017155650431
25017000998,MA,017,998,3866,253,3085,122,5,338,1,4,58,3044,153,2457,92,4,295,1,2,40,NA,37000,37000,NA,NA,07020,75,15,6,4,756.8198786869029,564.7720303022414
25017000999,MA,017,999,3135,752,1821,161,12,291,0,5,93,2062,400,1331,104,7,166,0,3,51,NA,37000,37000,NA,NA,07020,75,15,6,4,512.668393512613,382.5755343243173
25017001000,MA,017,1000,2919,408,2089,107,2,212,0,3,98,2043,218,1554,72,2,143,0,1,53,NA,37000,37000,NA,NA,07020,75,15,6,4,507.94448493999425,379.0503475385937
25017001001,MA,017,1001,3619,152,3154,63,5,181,0,12,52,2817,98,2500,44,3,125,0,10,37,NA,37000,37000,NA,NA,07020,75,15,6,4,700.3816025824591,522.6553250201755
25017001002,MA,017,1002,3605,159,2833,139,12,381,0,10,71,2866,113,2318,90,10,288,0,5,42,NA,37000,37000,NA,NA,07020,75,15,6,4,712.5643141644755,531.7465962044099
25017001003,MA,017,1003,3265,253,2372,160,0,421,1,5,53,2472,143,1871,110,0,316,1,3,28,NA,37000,37000,NA,NA,07020,75,15,6,4,614.6053679743836,458.64535443729983
25017001004,MA,017,1004,3743,586,2204,157,4,645,2,32,113,2832,370,1854,110,4,398,0,29,67,NA,37000,37000,NA,NA,07020,77,15,6,4,704.111004087158,525.4383672194309
25017001005,MA,017,1005,2546,694,590,107,3,1039,0,8,105,1614,427,471,68,3,578,0,8,59,NA,37000,37000,NA,NA,07020,77,15,6,4,401.2836019056049,299.45534063988754
25017001006,MA,017,1006,3946,660,1184,118,9,1825,0,9,141,2539,400,946,75,7,1049,0,6,56,NA,37000,37000,NA,NA,07020,77,15,6,4,631.2633613620388,471.0762762606409
25017001007,MA,017,1007,4143,456,2441,128,5,999,0,31,83,3176,288,1961,97,3,743,0,23,61,NA,37000,37000,NA,NA,07020,77,15,6,4,789.6386119282535,589.2628016556895
25017001008,MA,017,1008,2880,377,1768,107,2,587,1,1,37,2081,215,1414,71,2,355,1,1,22,NA,37000,37000,NA,NA,07020,77,15,6,4,517.3923020852316,386.10072111004087
25017001009,MA,017,1009,1975,40,1716,30,0,155,0,5,29,1494,21,1346,20,0,86,0,2,19,NA,37000,37000,NA,NA,07020,77,15,6,4,371.44838986801346,277.19100304584384
25017001010,MA,017,1010,3684,686,2395,209,3,230,0,23,138,2639,397,1852,140,2,151,0,15,82,NA,37000,37000,NA,NA,07020,75,15,6,4,656.1260380600318,489.62989092234403
25017001011,MA,017,1011,2600,237,2191,59,5,79,0,6,23,1954,132,1698,50,1,56,0,4,13,NA,37000,37000,NA,NA,07020,75,15,6,4,485.81670267878064,362.537630489678
25017001012,MA,017,1012,3470,373,2684,127,0,221,2,16,47,2497,209,2020,93,0,138,2,9,26,NA,37000,37000,NA,NA,07020,75,15,6,4,620.8210371488819,463.2837581027257
25017001013,MA,017,1013,1880,217,1312,56,1,222,0,14,58,1366,106,1030,41,1,132,0,13,43,NA,37000,37000,NA,NA,07020,76,15,6,4,339.62416369458253,253.44237627886392
25017001014,MA,017,1014,2944,418,1608,73,3,601,0,5,236,2042,242,1247,56,3,350,0,1,143,NA,37000,37000,NA,NA,07020,76,15,6,4,507.69585817301436,378.8648113919767
25017001015,MA,017,1015,4675,1043,2434,153,1,676,1,94,273,3220,599,1889,97,1,352,1,87,194,NA,37000,37000,NA,NA,07020,75,15,6,4,800.5781896753704,597.4263921068389
25017001016,MA,017,1016,2861,555,1617,103,9,507,0,6,64,1974,289,1240,71,5,332,0,6,31,NA,37000,37000,NA,NA,07020,76,15,6,4,490.7892380183792,366.2483534220186
25017001017,MA,017,1017,3542,161,3058,56,2,204,0,3,58,2703,104,2379,39,2,142,0,2,35,NA,37000,37000,NA,NA,07020,76,15,6,4,672.0381511467473,501.504204305834
25017001018,MA,017,1018,4160,630,3038,89,2,227,0,41,133,3200,376,2490,69,2,132,0,31,100,NA,37000,37000,NA,NA,07020,76,15,6,4,795.6056543357718,593.7156691744982
25017001019,MA,017,1019,3610,220,2275,354,6,620,5,8,122,2889,173,1916,256,4,450,5,6,79,NA,37875,37875,NA,NA,07170,94,17,8,6,909.8985632566183,641.7651323666356
25017001020,MA,017,1020,3507,205,2556,285,3,299,1,49,109,2809,161,2109,205,3,227,1,30,73,NA,37875,37875,NA,NA,07170,89,17,8,6,884.7023413595849,623.9938583654827
25017001021,MA,017,1021,3859,162,2503,203,5,811,0,33,142,3189,120,2140,153,4,639,0,27,106,NA,37875,37875,NA,NA,07170,94,17,8,6,1004.3843953704936,708.4074098709592
25017001022,MA,017,1022,3416,144,2616,149,1,425,1,22,58,2745,92,2166,107,1,324,1,15,39,NA,37875,37875,NA,NA,07170,94,17,8,6,864.5453638419582,609.7768391645603
25017001023,MA,017,1023,3439,149,2367,232,5,563,3,14,106,2946,106,2065,206,5,463,2,14,85,NA,37875,37875,NA,NA,07170,94,17,8,6,927.8508713582547,654.4271650924571
25017001024,MA,017,1024,3329,66,2673,94,2,426,5,11,52,2741,52,2262,69,2,315,2,9,30,NA,37875,37875,NA,NA,07170,96,17,8,6,863.2855527471066,608.8882754645027
25017001025,MA,017,1025,3598,147,2211,267,7,800,0,33,133,2972,107,1885,208,6,641,0,28,97,NA,37875,37875,NA,NA,07170,94,17,8,6,936.0396434747905,660.2028291428318
25017001026,MA,017,1026,4221,194,2272,416,2,1174,2,27,134,3549,145,2032,299,2,950,2,24,95,NA,37875,37875,NA,NA,07170,94,17,8,6,1117.7673939071437,788.3781428761474
25017001027,MA,017,1027,3316,243,2226,350,1,338,1,38,119,2561,157,1791,255,0,253,1,31,73,NA,37875,37875,NA,NA,07170,94,17,8,6,806.5940534787815,568.9029089619086
25017001028,MA,017,1028,3145,57,2803,86,0,152,0,1,46,2478,38,2233,57,0,116,0,1,33,NA,37875,37875,NA,NA,07170,94,17,8,6,780.4529732606093,550.4652121857124
25017001029,MA,017,1029,3512,171,2939,164,6,159,0,14,59,2669,103,2293,116,4,117,0,11,25,NA,37875,37875,NA,NA,07170,94,17,8,6,840.6089530397766,592.8941288634651
25017001030,MA,017,1030,3455,245,2399,454,12,188,6,4,147,2674,161,1953,301,11,142,6,3,97,NA,37875,37875,NA,NA,07170,94,17,8,6,842.1837169083411,594.0048334885371
25017001031,MA,017,1031,3471,233,1905,537,4,678,0,20,94,2673,149,1562,389,4,485,0,18,66,NA,37875,37875,NA,NA,07170,140,17,8,6,841.8687641346281,593.7826925635227
25017001032,MA,017,1032,3324,218,1957,422,3,538,5,22,159,2469,150,1567,285,2,360,4,11,90,NA,37875,37875,NA,NA,07170,140,17,8,6,777.618398297193,548.4659438605827
25017001033,MA,017,1033,3404,96,2715,237,2,266,0,18,70,2567,58,2123,146,1,180,0,11,48,NA,37875,37875,NA,NA,07170,140,17,8,6,808.4837701210589,570.235754511995
25017001034,MA,017,1034,3734,146,2813,218,9,426,2,16,104,3171,114,2470,145,8,350,1,11,72,NA,37875,37875,NA,NA,07170,94,17,8,6,998.715245443661,704.4088732206998
25017001035,MA,017,1035,2574,204,2108,74,4,51,0,39,94,2069,131,1760,43,3,39,0,27,66,NA,38715,38715,NA,NA,07320,62,23,6,3,487.7289749856239,470.9235552041403
25017001036,MA,017,1036,2891,103,2539,52,1,113,0,22,61,2109,61,1868,38,1,90,0,14,37,NA,38715,38715,11340,06930,07320,62,23,6,3,497.1582446808511,480.02792553191495
25017001037,MA,017,1037,2467,141,2170,25,6,46,0,27,52,1825,83,1629,16,4,32,0,19,42,NA,38715,38715,10980,08910,07320,62,23,6,3,430.2104298447383,415.3868962047153
25017001038,MA,017,1038,3210,147,2647,85,3,217,1,43,67,2610,106,2201,62,3,163,1,32,42,NA,38715,38715,10980,08910,07320,62,23,6,3,615.259847613571,594.0601638872915
25017001039,MA,017,1039,2696,394,2117,30,3,42,1,47,62,2044,241,1662,24,2,38,1,36,40,NA,38715,38715,NA,NA,07320,62,23,6,3,481.83568142610693,465.23332374928117
25017001040,MA,017,1040,2466,84,2231,52,2,48,7,11,31,1803,54,1650,36,2,32,4,9,16,NA,38715,38715,10980,08910,07320,62,23,6,3,425.02433151236346,410.37949252443934
25017001041,MA,017,1041,2440,428,1787,64,4,57,0,42,58,1838,268,1424,43,4,39,0,33,27,NA,38715,38715,NA,NA,07320,62,23,6,3,433.2749424956871,418.34581656124203
25017001042,MA,017,1042,2498,43,2310,38,1,61,0,5,40,1936,25,1807,30,1,47,0,2,24,NA,38715,38715,08880,08910,07320,62,23,6,3,456.37665324899365,440.6515238642898
25017001043,MA,017,1043,2617,354,1987,70,13,29,0,87,77,2039,236,1589,53,9,24,0,63,65,NA,38715,38715,NA,NA,07320,62,23,6,3,480.65702271420355,464.09527745830934
25017001044,MA,017,1044,2541,54,2379,41,2,23,1,22,19,1952,38,1844,30,2,18,1,15,4,NA,38715,38715,NA,NA,07320,62,23,6,3,460.14836112708457,444.29327199539966
25017001045,MA,017,1045,2428,79,1989,56,0,260,0,9,35,1969,60,1624,42,0,213,0,7,23,NA,38715,38715,NA,NA,07320,62,23,6,3,464.15580074755604,448.16262938470385
25017001046,MA,017,1046,2373,35,2234,28,0,44,1,2,29,1784,22,1689,18,0,33,0,0,22,NA,38715,38715,NA,NA,07320,62,23,6,3,420.5454284071305,406.05491661874635
25017001047,MA,017,1047,2189,74,1921,44,2,61,0,22,65,1704,47,1500,39,1,50,0,17,50,NA,38715,38715,NA,NA,07320,62,23,6,3,401.6868890166763,387.84617596319725
25017001048,MA,017,1048,2865,56,2359,65,2,307,1,31,44,2142,42,1770,49,1,231,1,24,24,NA,38715,38715,NA,NA,07320,62,23,6,3,504.9373921794134,487.5390310523289
25017001049,MA,017,1049,2374,39,2253,25,0,35,0,0,22,1720,23,1651,10,0,28,0,0,8,NA,39660,39625,01680,01710,07500,71,23,6,4,679.7347015392317,893.2549117757477
25017001050,MA,017,1050,2571,135,2334,40,5,18,0,9,30,2021,70,1883,26,5,15,0,7,15,NA,39660,39625,NA,NA,07500,71,23,6,4,798.6882743085972,1049.5745213365035
25017001051,MA,017,1051,2977,37,2814,21,12,68,0,3,22,2257,24,2144,14,6,52,0,3,14,NA,39660,39625,11340,06930,07500,71,23,6,4,891.9541984732825,1172.1374045801529
25017001052,MA,017,1052,2511,79,2333,16,8,45,0,3,27,1993,59,1863,7,7,37,0,3,17,NA,39660,39625,01680,01710,07500,71,23,6,4,787.6228256788887,1035.033162307596
25017001053,MA,017,1053,3443,107,3033,142,3,74,0,13,71,2729,82,2433,101,2,62,0,10,39,NA,39835,39835,NA,NA,07560,96,16,8,6,850.5013550135502,590.5795524084273
25017001054,MA,017,1054,3753,61,3324,125,2,162,0,13,66,3001,47,2698,80,2,123,0,9,42,NA,39835,39835,NA,NA,07560,96,16,8,6,935.2710027100271,649.4427397499782
25017001055,MA,017,1055,3429,53,3088,128,4,112,0,4,40,2723,40,2472,95,2,88,0,1,25,NA,39835,39835,NA,NA,07560,96,16,8,6,848.6314363143632,589.2810997464813
25017001056,MA,017,1056,3267,53,3059,45,0,78,5,0,27,2584,39,2437,32,0,59,2,0,15,NA,39835,39835,NA,NA,07560,96,16,8,6,805.3116531165311,559.2002797447329
25017001057,MA,017,1057,3562,53,3384,48,1,50,0,3,23,2919,39,2792,31,1,39,0,2,15,NA,39835,39835,NA,NA,07560,96,16,8,6,909.7154471544716,631.6972200367165
25017001058,MA,017,1058,3811,42,3603,53,3,68,0,13,29,3038,28,2887,39,3,53,0,7,21,NA,39835,39835,NA,NA,07560,83,16,8,6,946.8021680216802,657.449864498645
25017001059,MA,017,1059,3530,167,2766,121,3,368,0,9,96,3294,158,2571,109,3,360,0,6,87,NA,39835,39835,NA,NA,07560,95,16,8,6,1026.5853658536585,712.8505114083399
25017001060,MA,017,1060,3917,89,3511,122,4,113,2,24,52,3263,61,2966,78,3,95,2,17,41,NA,39835,39835,NA,NA,07560,96,16,8,6,1016.9241192411923,706.141839321619
25017001061,MA,017,1061,3208,110,2689,161,5,122,0,12,109,2639,85,2262,104,5,101,0,5,77,NA,39835,39835,NA,NA,07560,95,16,8,6,822.4525745257453,571.1027624792378
25017001062,MA,017,1062,3633,171,2729,423,4,151,1,26,128,2916,122,2280,272,3,117,1,20,101,NA,39835,39835,NA,NA,07560,95,16,8,6,908.7804878048781,631.0479937057436
25017001063,MA,017,1063,3219,96,1963,924,10,45,0,35,146,2527,57,1608,714,3,37,0,18,90,NA,39835,39835,NA,NA,07560,83,16,8,6,787.5474254742547,546.8649794562461
25017001064,MA,017,1064,3246,107,2736,210,3,84,2,19,85,2716,83,2325,181,2,55,2,13,55,NA,39835,39835,NA,NA,07560,95,16,8,6,846.449864498645,587.7662383075444
25017001065,MA,017,1065,3729,127,2727,522,3,213,0,19,118,2934,72,2311,306,3,174,0,11,57,NA,39835,39835,NA,NA,07560,95,16,8,6,914.390243902439,634.9433516915814
25017001066,MA,017,1066,3504,89,2926,126,1,294,0,20,48,2925,60,2493,89,1,230,0,14,38,NA,39835,39835,NA,NA,07560,96,16,8,6,911.5853658536585,632.9956726986624
25017001067,MA,017,1067,2961,48,2727,65,3,93,1,1,23,2581,33,2387,58,3,78,1,1,20,NA,39835,39835,NA,NA,07560,96,16,8,6,804.3766937669377,558.55105341376
25017001068,MA,017,1068,3553,70,3138,109,4,121,1,27,83,2967,53,2643,84,4,98,1,24,60,NA,39835,39835,NA,NA,07560,96,16,8,6,924.6747967479675,642.0848413322843
25017001069,MA,017,1069,1884,17,1796,7,1,31,0,3,29,1432,9,1371,7,1,27,0,3,14,NA,40115,40115,NA,NA,07620,93,17,8,6,621.5143869596031,674.626600519726
25017001070,MA,017,1070,1872,8,1764,28,2,41,1,3,25,1491,7,1411,23,2,32,1,3,12,NA,40115,40115,NA,NA,07620,93,17,8,6,647.1214741318214,702.4219702338767
25017001071,MA,017,1071,2016,21,1935,5,1,42,0,1,11,1486,13,1437,4,1,26,0,0,5,NA,40115,40115,NA,NA,07620,93,17,8,6,644.9513819985825,700.0664304275926
25017001072,MA,017,1072,1891,13,1805,11,1,40,0,2,19,1559,8,1495,6,1,34,0,2,13,NA,40115,40115,NA,NA,07620,93,17,8,6,676.6347271438696,734.4573115993385
25017001073,MA,017,1073,1966,14,1889,21,2,26,0,2,12,1512,11,1461,16,2,16,0,1,5,NA,40115,40115,NA,NA,07620,93,17,8,6,656.2358610914246,712.3152374202693
25017001074,MA,017,1074,2052,22,1942,24,2,24,1,0,37,1662,13,1586,16,2,19,1,0,25,NA,40115,40115,NA,NA,07620,93,17,8,6,721.3386250885895,782.9814316087881
25017001075,MA,017,1075,1807,26,1664,24,2,57,1,6,27,1520,23,1409,20,2,42,1,4,19,NA,40115,40115,NA,NA,07620,93,17,8,6,659.7080085046066,716.0841011103236
25017001076,MA,017,1076,2006,5,1969,2,0,17,0,2,11,1454,3,1426,2,0,16,0,0,7,NA,40115,40115,NA,NA,07620,93,17,8,6,631.062792345854,684.9909756673753
25017001077,MA,017,1077,2020,39,1835,28,0,93,0,10,15,1642,25,1513,23,0,69,0,4,8,NA,40115,40115,NA,NA,07620,93,17,8,6,712.6582565556342,773.5592723836522
25017001078,MA,017,1078,1882,37,1672,45,1,72,0,11,44,1518,23,1364,31,1,54,0,9,36,NA,40115,40115,NA,NA,07620,93,17,8,6,658.8399716513112,715.1418851878101
25017001079,MA,017,1079,1914,27,1795,23,4,26,0,1,38,1502,21,1415,18,3,21,0,0,24,NA,40115,40115,NA,NA,07620,93,17,8,6,651.8956768249469,707.6041578077014
25017001080,MA,017,1080,1946,19,1890,7,2,21,0,1,6,1456,9,1418,5,2,16,0,1,5,NA,40115,40115,NA,NA,07620,93,17,8,6,631.9308291991496,685.933191589889
25017001081,MA,017,1081,1855,22,1745,15,4,19,0,1,49,1410,15,1347,12,1,11,0,0,24,NA,40115,40115,NA,NA,07620,93,17,8,6,611.9659815733522,664.2622253720765
25017001082,MA,017,1082,2023,13,1939,6,1,36,2,3,23,1521,8,1465,6,1,24,2,3,12,NA,40115,40115,NA,NA,07620,93,17,8,6,660.1420269312545,716.5552090715804
25017001083,MA,017,1083,3238,104,2582,86,4,364,3,26,69,2880,90,2354,73,2,291,3,18,49,NA,24960,43895,10710,04290,08340,63,21,8,6,887.2897573579878,873.4531067059631
25017001084,MA,017,1084,3121,82,2729,59,1,178,5,25,42,2276,51,2016,46,1,120,3,16,23,NA,24960,43895,NA,NA,08340,63,21,8,6,701.2053776898542,690.2705801606847
25017001085,MA,017,1085,3463,37,3251,40,1,90,0,6,38,2618,26,2484,25,1,60,0,4,18,NA,24960,43895,10710,04290,08340,63,21,8,6,806.5710363761153,793.9931365820179
25017001086,MA,017,1086,3224,96,2890,87,4,92,0,9,46,2493,66,2254,76,3,72,0,4,18,NA,NA,43895,NA,NA,08340,63,21,8,6,768.0601962130082,756.0828454923493
25017001087,MA,017,1087,3087,27,2833,64,0,103,0,9,51,2383,24,2196,46,0,79,0,5,33,NA,14570,43895,NA,NA,08340,63,21,8,6,734.1706568694739,722.7217893334409
25017001088,MA,017,1088,3046,60,2751,39,1,135,1,5,54,2280,47,2079,24,1,94,1,0,34,NA,14570,43895,NA,NA,08340,63,26,8,6,702.4377245750737,691.4837094755542
25017001089,MA,017,1089,3034,42,2847,27,5,77,1,1,34,2297,27,2173,21,2,57,1,1,15,NA,74210,43895,NA,NA,08340,63,26,8,6,707.6751988372563,696.6395090637491
25017001090,MA,017,1090,3242,79,3014,55,5,42,1,6,40,2501,49,2346,40,4,34,1,6,21,NA,NA,43895,NA,NA,08340,63,21,8,6,770.5248899834471,758.5091041220882
25017001091,MA,017,1091,3497,64,3279,32,6,68,3,8,37,2650,37,2508,29,6,47,3,5,15,NA,74210,43895,NA,NA,08340,63,26,8,6,816.4298114578708,803.698171100973
25017001092,MA,017,1092,3218,44,3032,21,3,83,0,0,35,2391,26,2276,15,1,57,0,0,16,NA,74210,43895,04260,04290,08340,63,26,8,6,736.6353506399128,725.1480479631798
25017001093,MA,017,1093,2900,52,2499,39,1,274,0,4,31,2436,37,2135,34,0,208,0,2,20,NA,45560,45560,NA,NA,08610,90,20,5,9,875.6139234754158,526.9181132418431
25017001094,MA,017,1094,2527,50,2277,45,1,116,3,2,33,2027,35,1852,33,1,84,3,2,17,NA,45560,45560,NA,NA,08610,69,20,5,9,728.5999272925566,438.4495137689721
25017001095,MA,017,1095,2407,90,2036,49,1,189,2,9,31,1960,63,1696,30,1,142,2,5,21,NA,45560,45560,NA,NA,08610,69,20,5,9,704.5169499227484,423.95710260837956
25017001096,MA,017,1096,2536,72,2128,26,4,263,0,12,31,2124,49,1838,17,4,185,0,6,25,NA,45560,45560,NA,NA,08610,68,20,5,9,763.4663273652641,459.4310642552031
25017001097,MA,017,1097,3298,53,2951,57,4,198,1,5,29,2624,37,2381,44,3,139,1,3,16,NA,45560,45560,NA,NA,08610,68,20,5,9,943.1900390802509,567.5833863491775
25017001098,MA,017,1098,3294,110,2819,54,2,250,0,5,54,2812,95,2423,45,2,203,0,4,40,NA,45560,45560,NA,NA,08610,69,20,5,9,1010.7661546850859,608.2486594565119
25017001099,MA,017,1099,3388,62,3079,49,2,153,2,8,33,2441,42,2234,37,1,107,2,5,13,NA,45560,45560,NA,NA,08610,69,20,5,9,877.4111605925657,527.9996364627829
25017001100,MA,017,1100,2326,66,2082,24,0,121,0,10,23,1811,43,1639,23,0,89,0,7,10,NA,45560,45560,NA,NA,08610,70,20,5,9,650.9592838316823,391.72771062437516
25017001101,MA,017,1101,2381,58,2118,64,0,115,0,8,18,1739,43,1553,50,0,82,0,2,9,NA,45560,45560,NA,NA,08610,70,20,5,9,625.0790693447242,376.15377624284287
25017001102,MA,017,1102,2524,111,2212,30,0,142,0,10,19,2000,77,1775,23,0,102,0,7,16,NA,45560,45560,NA,NA,08610,68,20,5,9,718.8948468599473,432.6092883758975
25017001103,MA,017,1103,2569,57,2170,31,0,285,0,7,19,2057,42,1780,24,0,200,0,5,6,NA,45560,45560,NA,NA,08610,68,20,5,9,739.3833499954558,444.9386530946106
25017001104,MA,017,1104,2698,57,2412,31,1,171,0,4,22,2198,42,1979,26,1,131,0,3,16,NA,45560,45560,NA,NA,08610,70,20,5,9,790.0654366990822,475.43760792511137
25017001105,MA,017,1105,2813,44,2333,45,1,345,0,5,40,2133,28,1788,37,1,260,0,2,17,NA,45560,45560,NA,NA,08610,70,20,5,9,766.7013541761338,461.3778060528947
25017001106,MA,017,1106,2859,108,2386,113,1,209,1,9,32,2359,78,1990,99,1,165,1,5,20,NA,45560,45560,NA,NA,08610,70,20,5,9,847.9364718713077,510.262655639371
25017001107,MA,017,1107,2562,70,2228,49,3,170,0,4,38,1956,51,1724,38,3,124,0,2,14,NA,45560,45560,NA,NA,08610,70,20,5,9,703.0791602290284,423.09188403162773
25017001108,MA,017,1108,2773,75,2285,64,1,286,1,7,54,2222,46,1880,44,1,211,0,4,36,NA,45560,45560,NA,NA,08610,70,20,5,9,798.6921748614014,480.6289193856221
25017001109,MA,017,1109,2602,69,2193,36,2,239,0,8,55,1918,43,1651,25,2,165,0,2,30,NA,45560,45560,NA,NA,08610,70,20,5,9,689.4201581386894,414.8723075524857
25017001110,MA,017,1110,2310,29,2102,14,1,144,0,4,16,1668,21,1526,10,1,103,0,2,5,NA,45560,45560,NA,NA,08610,70,20,5,9,599.558302281196,360.7961465054985
25017001111,MA,017,1111,2321,31,2133,24,2,104,0,7,20,1669,18,1543,21,2,68,0,4,13,NA,45560,45560,NA,NA,08610,70,20,5,9,599.917749704626,361.01245114968646
25017001112,MA,017,1112,2730,108,2180,91,1,290,1,19,40,2052,69,1698,60,1,195,0,6,23,NA,45560,45560,NA,NA,08610,69,20,5,9,737.5861128783059,443.8571298736708
25017001113,MA,017,1113,2795,57,2428,53,1,221,0,3,32,2188,43,1914,43,1,163,0,3,21,NA,45560,45560,NA,NA,08610,70,20,5,9,786.4709624647824,473.2745614832319
25017001114,MA,017,1114,2464,51,2159,28,1,200,3,2,20,1945,37,1717,23,1,154,1,2,10,NA,45560,45560,NA,NA,08610,70,20,5,9,699.1252385712987,420.71253294556027
25017001115,MA,017,1115,2577,30,2357,32,0,135,0,0,23,1916,24,1745,22,0,108,0,0,17,NA,45560,45560,NA,NA,08610,70,20,5,9,688.7012632918295,414.4396982641098
25017001116,MA,017,1116,2645,52,2393,23,1,143,0,10,23,2232,35,2042,20,1,116,0,3,15,NA,45560,45560,NA,NA,08610,69,20,5,9,802.2866490957011,482.7919658275016
25017001117,MA,017,1117,2615,45,2412,26,1,92,1,1,37,1900,29,1771,20,1,62,1,1,15,NA,45560,45560,NA,NA,08610,69,20,5,9,682.95010451695,410.97882395710263
25017001118,MA,017,1118,3374,124,2871,78,3,236,1,7,54,2959,114,2496,76,3,216,1,7,46,NA,45560,45560,NA,NA,08610,69,20,5,9,1063.604925929292,640.0454421521404
25017001119,MA,017,1119,2318,87,1967,44,2,171,0,5,42,1975,83,1654,43,2,154,0,5,34,NA,45560,45560,NA,NA,08610,69,20,5,9,709.9086612741979,427.20167227119873
25017001120,MA,017,1120,2849,66,2361,36,1,327,0,3,55,2196,41,1842,28,1,249,0,1,34,NA,45560,45560,NA,NA,08610,69,20,5,9,789.3465418522221,475.0049986367354
25017001121,MA,017,1121,3277,80,2705,87,1,335,0,19,50,2475,57,2044,70,1,260,0,8,35,NA,45560,45560,NA,NA,08610,69,20,5,9,889.6323729891847,535.3539943651731
25017001122,MA,017,1122,2580,56,2184,46,2,252,2,7,31,1972,34,1697,35,0,178,2,4,22,NA,45560,45560,NA,NA,08610,70,20,5,9,708.830319003908,426.55275833863493
25017001123,MA,017,1123,2517,91,1928,196,2,239,0,9,52,2054,80,1566,188,2,173,0,8,37,NA,45560,45560,NA,NA,08610,69,20,5,9,738.3050077251659,444.2897391620467
25017001124,MA,017,1124,3919,25,3805,12,1,50,0,8,18,2773,16,2700,11,1,34,0,3,8,NA,37595,48955,07830,07410,08820,79,9,7,5,741.513365250349,568.9268900857769
25017001125,MA,017,1125,3438,32,3320,22,3,47,1,5,8,2528,21,2444,15,3,36,1,4,4,NA,80195,48955,NA,NA,08820,79,9,7,5,675.999202074606,518.6610811889088
25017001126,MA,017,1126,3416,24,3310,16,1,47,0,3,15,2478,16,2410,10,1,33,0,2,6,NA,80195,48955,NA,NA,08820,79,9,7,5,662.6289646918013,508.40275284260923
25017001127,MA,017,1127,3064,21,2985,4,0,36,0,0,18,2247,18,2187,4,0,28,0,0,10,NA,NA,48955,NA,NA,08820,79,9,7,5,600.8584679832436,461.00927588270497
25017001128,MA,017,1128,3278,43,3149,22,4,15,0,0,45,2276,28,2195,14,4,12,0,0,23,NA,20310,52805,NA,NA,08790,59,15,6,1,416.1475155279503,570.7670807453416
25017001129,MA,017,1129,3987,46,3863,6,4,30,0,0,38,2838,22,2767,4,4,27,0,0,14,NA,52770,52805,NA,NA,08790,59,15,6,1,518.90450310559,711.7034161490684
25017001130,MA,017,1130,3877,25,3751,22,4,35,0,1,39,2614,14,2533,17,4,24,0,0,22,NA,52770,52805,NA,NA,08790,59,15,6,1,477.9479813664596,655.52950310559
25017001131,MA,017,1131,2965,8,2873,10,2,53,0,0,19,2142,7,2079,8,2,39,0,0,7,NA,56165,56130,NA,NA,09990,79,17,7,5,646.5466926070038,700.5992217898832
25017001132,MA,017,1132,3049,31,2852,18,1,118,2,6,21,2333,21,2206,11,1,80,2,1,11,NA,56165,56130,NA,NA,09990,79,17,8,5,704.1986152437629,763.0709544518196
25017001133,MA,017,1133,2983,39,2794,11,1,111,0,0,27,2332,24,2212,8,1,76,0,0,11,NA,56165,56130,NA,NA,09990,92,17,8,5,703.8967727168688,762.7438773174639
25017001134,MA,017,1134,2827,24,2773,0,1,22,0,2,5,1979,13,1950,0,0,13,0,2,1,NA,56165,56130,NA,NA,09990,79,17,8,5,597.3463607232776,647.2856488899062
25017001135,MA,017,1135,2798,28,2660,9,2,62,0,7,30,2149,17,2066,4,2,40,0,6,14,NA,56165,56130,NA,NA,09990,92,17,8,5,648.6595902952621,702.8887617303731
25017001136,MA,017,1136,2769,22,2696,7,3,32,4,1,4,2041,15,1994,5,2,19,3,0,3,NA,56165,56130,NA,NA,09990,79,17,8,5,616.0605973907072,667.5644312199588
25017001137,MA,017,1137,2779,17,2693,8,0,43,0,2,16,2030,10,1975,7,0,30,0,0,8,NA,56165,56130,NA,NA,09990,79,17,8,5,612.740329594873,663.9665827420463
25017001138,MA,017,1138,1022,16,972,12,0,17,0,0,5,725,9,694,10,0,11,0,0,1,NA,56165,56130,NA,NA,09990,79,17,8,5,218.8358319981689,237.13092240787364
25017001139,MA,017,1139,2516,15,2408,6,4,63,0,1,19,1745,8,1688,3,1,38,0,1,6,NA,56165,56130,NA,NA,09990,79,17,7,5,526.7152094300756,570.7495994506752
25017001140,MA,017,1140,4200,47,4014,16,1,101,0,4,17,2861,23,2746,12,1,70,0,2,7,NA,24960,61380,10710,04290,06240,63,26,5,9,892,1416
25017001141,MA,017,1141,6373,437,5251,415,25,133,5,15,92,4991,397,3995,381,24,123,4,13,54,NA,61555,61590,10740,NA,07080,61,23,6,4,756,890
25017001142,MA,017,1142,3887,746,2204,208,6,341,2,174,206,3088,555,1830,155,5,259,1,124,159,NA,62535,62535,NA,NA,10890,87,32,9,7,809.9196459694164,799.8576603064425
25017001143,MA,017,1143,3734,845,2077,192,6,210,0,109,295,2985,621,1776,137,3,152,0,74,222,NA,62535,62535,NA,NA,10890,87,16,9,7,782.9048391252293,773.1784702120243
25017001144,MA,017,1144,3923,627,2195,342,10,233,0,108,408,3019,458,1778,219,6,174,0,79,305,NA,62535,62535,NA,NA,10890,87,16,9,7,791.8223481805919,781.9851931558129
25017001145,MA,017,1145,3811,489,2400,334,7,270,0,104,207,3106,357,2049,243,4,206,0,79,168,NA,62535,62535,NA,NA,10890,87,32,9,7,814.6406801751967,804.5200430413895
25017001146,MA,017,1146,3704,169,2900,126,4,378,13,18,96,3335,146,2636,111,4,331,13,17,77,NA,62535,62535,NA,NA,10890,87,16,9,7,874.7027264598457,863.8359122804359
25017001147,MA,017,1147,3812,251,2760,183,2,450,0,45,121,3422,201,2532,143,2,406,0,28,110,NA,62535,62535,NA,NA,10890,88,16,9,7,897.5210584544503,886.3707621660124
25017001148,MA,017,1148,3606,286,2759,161,8,152,2,99,139,3134,210,2463,137,5,132,2,82,103,NA,62535,62535,NA,NA,10890,88,16,9,7,821.984511161966,811.7726384068625
25017001149,MA,017,1149,3436,209,2578,178,15,230,2,90,134,2994,154,2298,147,11,197,2,73,112,NA,62535,62535,NA,NA,10890,88,16,9,7,785.2653562281195,775.5096615794978
25017001150,MA,017,1150,3740,148,3100,121,9,241,1,25,95,3381,120,2838,102,6,217,1,22,75,NA,62535,62535,NA,NA,10890,88,16,9,7,886.7675916523954,875.7508903808557
25017001151,MA,017,1151,4575,772,2372,774,4,234,1,83,335,3200,443,1899,437,4,159,1,67,190,NA,62535,62535,NA,NA,10890,95,16,9,7,839.2949699164936,828.8680417683343
25017001152,MA,017,1152,4158,551,2753,323,9,192,1,86,243,3389,403,2357,233,9,145,0,62,180,NA,62535,62535,NA,NA,10890,87,16,9,7,888.8658290771866,877.8230604852765
25017001153,MA,017,1153,3730,319,2797,234,12,205,0,32,131,3104,240,2382,170,10,172,0,24,106,NA,62535,62535,NA,NA,10890,95,16,9,7,814.1161208189988,804.0020005152842
25017001154,MA,017,1154,3270,193,2447,266,2,140,1,62,159,2758,146,2125,186,2,124,1,48,126,NA,62535,62535,NA,NA,10890,88,16,9,7,723.3673521967779,714.380643499083
25017001155,MA,017,1155,3414,222,2742,179,5,157,0,42,67,2917,181,2384,128,5,133,0,31,55,NA,62535,62535,NA,NA,10890,88,16,9,7,765.0698210145036,755.5650243244471
25017001156,MA,017,1156,3225,109,2696,148,4,188,1,28,51,2907,89,2483,106,3,165,1,22,38,NA,62535,62535,NA,NA,10890,88,16,9,7,762.4470242335146,752.9748116939212
25017001157,MA,017,1157,3489,119,2981,85,3,211,2,17,71,3214,104,2760,72,3,198,2,15,60,NA,62535,62535,NA,NA,10890,88,16,9,7,842.9668854098783,832.4943394510707
25017001158,MA,017,1158,3503,106,3036,87,3,188,1,5,77,3154,94,2738,75,3,173,1,4,66,NA,62535,62535,NA,NA,10890,88,16,9,7,827.230104723944,816.9530636679144
25017001159,MA,017,1159,4031,168,3154,163,1,416,2,13,114,3801,165,2960,155,1,404,2,13,101,NA,62535,62535,NA,NA,10890,88,16,9,7,996.9250564539351,984.5398208629496
25017001160,MA,017,1160,3284,94,2735,189,3,173,0,17,73,2953,81,2492,151,3,150,0,15,61,NA,62535,62535,NA,NA,10890,95,16,9,7,774.5118894260643,764.889789794341
25017001161,MA,017,1161,3677,224,2633,474,9,202,2,27,106,3061,161,2345,294,3,163,2,25,68,NA,62535,62535,NA,NA,10890,95,16,9,7,802.8380946607459,792.8640862040222
25017001162,MA,017,1162,3469,139,3001,101,6,161,2,13,46,3061,104,2682,85,5,135,2,10,38,NA,62535,62535,NA,NA,10890,95,16,9,7,802.8380946607459,792.8640862040222
25017001163,MA,017,1163,3458,69,3223,50,1,77,4,8,26,2732,50,2568,36,1,62,2,5,8,NA,67700,67665,NA,NA,11220,92,17,8,6,1211.525794328664,986.5814827468397
25017001164,MA,017,1164,3688,83,3443,38,1,92,0,8,23,2926,66,2751,26,1,68,0,4,10,NA,67700,67665,NA,NA,11220,92,17,8,6,1297.5565425350187,1056.6388793987016
25017001165,MA,017,1165,3756,37,3624,4,0,75,1,1,14,3174,30,3076,3,0,53,1,1,10,NA,67700,67665,NA,NA,11220,92,17,8,6,1407.533993850359,1146.1967885206698
25017001166,MA,017,1166,3644,91,3384,37,5,88,0,2,37,2825,59,2651,26,4,66,0,1,18,NA,67700,67665,NA,NA,11220,93,17,8,6,1252.7673385719168,1020.1656986675778
25017001167,MA,017,1167,3901,50,3682,28,0,94,0,10,37,2923,29,2783,16,0,70,0,6,19,NA,67700,67665,NA,NA,11220,93,17,8,6,1296.226170140075,1055.555517594807
25017001168,MA,017,1168,3772,67,3519,24,1,131,0,0,30,2982,51,2798,18,1,96,0,0,18,NA,67700,67665,NA,NA,11220,93,17,8,6,1322.3901605739663,1076.8616330714042
25017001169,MA,017,1169,5902,84,5589,21,8,118,0,3,79,4235,53,4047,16,6,75,0,3,35,NA,39660,68050,01680,01710,08310,61,23,6,4,1106,1432
25017001170,MA,017,1170,4424,63,4169,25,2,140,1,6,18,2856,31,2694,23,2,97,1,3,5,NA,39660,68260,11340,06930,07500,71,19,6,4,839.0835019797624,952.9214254289485
25017001171,MA,017,1171,4350,60,3993,17,0,226,0,4,50,2908,35,2692,15,0,152,0,2,12,NA,39660,68260,11340,06930,06390,71,19,6,4,854.3609326880775,970.2715354157501
25017001172,MA,017,1172,4100,48,3795,66,2,141,1,0,47,2788,22,2607,41,2,95,0,0,21,NA,24960,68260,11340,06930,04980,71,19,6,4,819.1053233611967,930.2328200615926
25017001173,MA,017,1173,3967,37,3754,26,0,113,0,6,31,2813,24,2677,23,0,72,0,3,14,NA,NA,68260,11340,06930,12210,71,19,6,4,826.4502419709635,938.5742190937087
25017001174,MA,017,1174,3983,50,3787,9,4,93,1,0,39,2919,31,2785,7,3,66,1,0,26,NA,37000,69415,NA,NA,11580,78,10,6,4,641.4569276273223,705.6700711710879
25017001175,MA,017,1175,3690,47,3569,8,2,47,0,1,16,2849,34,2764,4,2,34,0,1,10,NA,NA,69415,NA,NA,11580,78,10,6,4,626.0742674923745,688.7475274979203
25017001176,MA,017,1176,4023,51,3861,28,3,47,0,3,30,2883,29,2779,21,3,33,0,1,17,NA,80195,69415,NA,NA,11580,78,10,6,4,633.5458452722064,696.9670487106018
25017001177,MA,017,1177,3843,41,3720,15,9,31,1,0,26,2765,25,2688,13,3,21,0,0,15,NA,80195,69415,NA,NA,11580,78,10,6,4,607.6150753304372,668.4404750901193
25017001178,MA,017,1178,4856,64,4589,41,1,112,0,7,42,3637,42,3442,33,1,95,0,4,20,NA,37000,69415,NA,NA,11580,76,10,6,4,799.239070154358,879.2470191330067
25017001179,MA,017,1179,3772,30,3622,39,8,58,0,1,14,2776,21,2669,28,4,44,0,1,9,NA,NA,69415,NA,NA,11580,78,10,6,4,610.0323504945004,671.0997319530455
25017001180,MA,017,1180,4684,69,4460,47,8,68,0,3,29,3809,56,3623,44,8,57,0,1,20,NA,NA,69415,NA,NA,11580,78,10,6,4,837.0364636288011,920.8281264442185
25017001181,MA,017,1181,3138,30,3048,23,8,3,0,1,25,2185,16,2124,19,6,3,0,1,16,NA,70325,70360,NA,NA,08790,59,39,2,1,600.2859821847163,520.7258946710423
25017001182,MA,017,1182,3249,47,3138,14,8,5,1,7,29,2300,27,2236,9,4,4,1,2,17,NA,70325,70360,NA,NA,08790,59,39,2,1,631.8799812470698,548.1325207063603
25017001183,MA,017,1183,2811,31,2728,25,3,11,1,3,9,1914,17,1872,11,2,4,1,2,5,NA,NA,70360,10740,NA,08790,59,39,2,1,525.8340365682137,456.14158462259724
25017001184,MA,017,1184,3093,24,2946,26,10,53,2,1,31,2132,12,2046,14,5,39,2,1,13,NA,NA,71025,NA,NA,11760,97,15,6,4,362.5587359150369,462.79393860898847
25017001185,MA,017,1185,3640,55,3454,15,5,81,0,0,30,2612,35,2495,12,5,47,0,0,18,NA,37000,71025,NA,NA,11760,97,15,6,4,444.1854682036006,566.9876958943142
25017001186,MA,017,1186,4348,44,4099,13,9,139,2,0,42,2977,27,2811,9,7,100,0,0,23,NA,NA,71025,NA,NA,11760,97,15,6,4,506.25579588136253,646.2183654966973
25017001187,MA,017,1187,3882,30,3695,9,0,109,0,0,39,3008,17,2869,8,0,89,0,0,25,NA,72250,72215,NA,NA,11910,80,17,8,5,936.6996926603115,885.7750690212011
25017001188,MA,017,1188,3342,44,3192,7,2,48,0,6,43,2722,29,2607,6,2,43,0,5,30,NA,72250,72215,NA,NA,11910,80,17,8,5,847.638485179976,801.555763921446
25017001189,MA,017,1189,3491,32,3363,22,5,30,1,4,34,2660,17,2577,15,5,23,0,4,19,NA,72250,72215,NA,NA,11910,80,17,8,5,828.3315101317914,783.2984320466741
25017001190,MA,017,1190,3860,35,3744,17,1,36,0,2,25,2939,25,2863,12,1,29,0,0,9,NA,72250,72215,NA,NA,11910,80,17,8,5,915.2128978486221,865.4564254831483
25017001191,MA,017,1191,3493,26,3357,16,5,68,0,6,15,2711,18,2612,13,5,55,0,2,6,NA,72250,72215,NA,NA,11910,80,17,8,5,844.2130541230401,798.3165598791478
25017001192,MA,017,1192,3690,25,3575,15,2,36,1,4,32,2841,16,2765,10,2,25,1,3,19,NA,72250,72215,NA,NA,11910,80,17,8,5,884.6954211595563,836.5980621972184
25017001193,MA,017,1193,3046,12,2976,20,0,26,0,0,12,2316,10,2270,13,0,18,0,0,5,NA,72250,72215,NA,NA,11910,80,17,8,5,721.2089388967026,681.9996874511643
25017001194,MA,017,1194,3317,255,2582,182,4,220,0,10,64,2648,146,2176,108,4,175,0,7,32,NA,72600,72600,06900,06930,12000,67,19,8,6,500.78852416438576,609.8235070824926
25017001195,MA,017,1195,3549,131,3055,138,0,190,0,2,33,2895,66,2573,78,0,155,0,2,21,NA,72600,72600,NA,NA,12000,67,19,8,6,547.5010488881785,666.7065910135257
25017001196,MA,017,1196,3488,114,2806,179,1,336,0,4,48,2777,77,2287,112,1,266,0,4,30,NA,72600,72600,NA,NA,12000,67,19,8,6,525.184943959403,639.5316764229916
25017001197,MA,017,1197,3565,173,2316,191,11,795,1,15,63,3005,144,2005,134,8,654,1,11,48,NA,72600,72600,NA,NA,12000,67,19,8,6,568.3041975505963,692.039138513176
25017001198,MA,017,1198,3436,58,3075,55,1,212,0,3,32,2815,46,2554,42,1,151,0,1,20,NA,72600,72600,06900,06930,12000,67,19,8,6,532.3714862246019,648.2829201046891
25017001199,MA,017,1199,2057,32,1864,23,2,104,0,1,31,1715,26,1568,20,2,78,0,0,21,NA,72600,72600,NA,NA,12000,67,22,8,6,324.33999960042354,394.9574451081853
25017001200,MA,017,1200,3263,66,3043,43,4,94,1,3,9,2594,46,2434,31,2,72,0,1,8,NA,72600,72600,NA,NA,12000,67,22,8,6,490.57606936647153,597.3875292190278
25017001201,MA,017,1201,3134,126,2649,103,1,207,2,6,40,2962,102,2528,82,1,201,2,6,40,NA,72600,72600,NA,NA,12000,67,22,8,6,560.172057618924,682.1364153996764
25017001202,MA,017,1202,3164,185,2614,129,7,178,0,5,46,2613,124,2217,109,6,127,0,3,27,NA,72600,72600,NA,NA,12000,68,22,8,6,494.16934049907104,601.7631510598766
25017001203,MA,017,1203,3318,893,1830,281,5,226,2,31,50,2706,634,1600,215,3,191,2,24,37,NA,72600,72600,NA,NA,12000,68,22,8,6,511.7574570954788,623.180668491399
25017001204,MA,017,1204,3297,267,2751,129,0,104,1,8,37,2819,195,2388,109,0,92,1,6,28,NA,72600,72600,NA,NA,12000,68,19,8,6,533.1279643577808,649.2041036501308
25017001205,MA,017,1205,3140,168,2590,126,4,200,0,1,51,2774,128,2331,106,4,175,0,1,29,NA,72600,72600,NA,NA,12000,68,22,8,6,524.6175853595189,638.8407887639103
25017001206,MA,017,1206,5848,167,4984,117,0,483,4,12,81,5245,133,4477,105,0,444,4,9,73,NA,72600,72600,NA,NA,12000,67,19,8,6,991.9319521307415,1207.9019239606018
25017001207,MA,017,1207,907,37,737,26,0,100,1,1,5,816,26,676,22,0,88,1,0,3,NA,72600,72600,NA,NA,12000,67,19,8,6,154.3215391684814,187.92144327013366
25017001208,MA,017,1208,3221,501,2261,174,5,214,3,7,56,2788,362,2043,142,5,187,2,6,41,NA,72600,72600,NA,NA,12000,68,22,8,6,527.2652588256448,642.0649311729567
25017001209,MA,017,1209,3155,407,2422,178,3,107,0,5,33,2615,286,2068,132,3,94,0,4,28,NA,72600,72600,NA,NA,12000,68,22,8,6,494.5475795656604,602.2237428325975
25017001210,MA,017,1210,4009,753,2738,152,3,292,0,6,65,3518,554,2517,117,3,271,0,5,51,NA,72600,72600,NA,NA,12000,68,22,8,6,665.3225181307814,810.1809282160909
25017001211,MA,017,1211,3358,698,2099,258,3,237,0,27,36,2748,501,1808,195,3,187,0,22,32,NA,72600,72600,NA,NA,12000,68,22,8,6,519.7004774938565,632.8530957185384
25017001212,MA,017,1212,2873,134,2414,59,6,163,0,8,89,2542,104,2165,47,4,137,0,6,79,NA,73440,73440,NA,NA,12180,90,22,9,6,818.9463056447912,514.2867935185512
25017001213,MA,017,1213,2815,74,2508,44,0,80,0,10,99,2364,56,2138,32,0,62,0,7,69,NA,73440,73440,NA,NA,12180,90,22,9,6,761.6007342817805,478.27457902354644
25017001214,MA,017,1214,2694,78,2413,27,1,88,2,11,74,2388,62,2155,27,1,81,2,10,50,NA,73440,73440,NA,NA,12180,90,22,9,6,769.3327214318494,483.13015850601903
25017001215,MA,017,1215,2705,28,2540,29,3,58,0,2,45,2377,25,2242,29,3,49,0,2,27,NA,73440,73440,NA,NA,12180,90,22,9,6,765.7888939880679,480.9046845765524
25017001216,MA,017,1216,2614,103,2325,55,4,85,0,6,36,2239,80,2009,45,1,71,0,2,31,NA,73440,73440,NA,NA,12180,90,22,9,6,721.3299678751721,452.9851025523352
25017001217,MA,017,1217,2631,69,2336,43,1,141,0,6,35,2338,55,2094,31,1,125,0,4,28,NA,73440,73440,NA,NA,12180,90,22,9,6,753.224414869206,473.0143679175345
25017001218,MA,017,1218,2610,38,2441,20,0,73,0,5,33,2180,33,2053,16,0,54,0,2,22,NA,73440,73440,NA,NA,12180,90,22,9,6,702.3221661312529,441.04846965792353
25017001219,MA,017,1219,2730,33,2569,13,4,77,3,4,27,2259,28,2138,11,2,55,3,4,18,NA,73440,73440,NA,NA,12180,90,22,9,6,727.7732905002296,457.0314187877291
25017001220,MA,017,1220,3363,146,2833,114,5,192,0,4,69,3106,122,2634,104,5,176,0,2,63,NA,73440,73440,NA,NA,12180,90,22,9,6,1000.6480036714089,628.3929113566562
25017001221,MA,017,1221,2625,49,2402,48,0,104,0,3,19,2190,39,2022,37,0,75,0,3,14,NA,73440,73440,NA,NA,12180,90,22,9,6,705.5438274437815,443.07162777562047
25017001222,MA,017,1222,2820,66,2566,39,15,103,0,1,30,2326,47,2133,29,12,83,0,1,21,NA,73440,73440,NA,NA,12180,90,22,9,6,749.3584212941716,470.58657817629825
25017001223,MA,017,1223,2506,65,2244,65,3,110,0,2,17,2018,47,1832,42,3,82,0,1,11,NA,73440,73440,NA,NA,12180,90,22,9,6,650.1312528682882,408.27330815123383
25017001224,MA,017,1224,3433,47,3132,23,5,184,0,7,35,2334,28,2149,15,1,121,0,5,15,NA,24960,73790,11340,06930,12210,71,19,6,4,825.8077293651644,873.0324376405096
25017001225,MA,017,1225,2946,34,2660,37,2,179,3,0,31,2121,18,1937,21,2,128,3,0,12,NA,14570,73790,NA,NA,12210,71,19,6,6,750.444813189166,793.3598115833422
25017001226,MA,017,1226,3162,31,2819,24,2,227,0,4,55,2293,22,2055,22,2,167,0,3,22,NA,14570,73790,NA,NA,12210,71,19,6,4,811.3012525425544,857.6963922492239
25017001227,MA,017,1227,3559,39,3360,13,1,109,1,2,34,2593,29,2468,7,1,69,0,2,17,NA,14570,73790,NA,NA,12210,71,19,6,4,917.4462049031152,969.9113585269243
25017001228,MA,017,1228,4254,57,4012,6,2,149,0,4,24,2823,33,2681,3,2,97,0,1,6,NA,NA,76135,03330,03870,12660,60,15,6,4,576.8470288984668,793.663322263831
25017001229,MA,017,1229,3769,56,3560,13,2,110,0,1,27,2601,36,2478,7,2,68,0,1,9,NA,NA,76135,NA,NA,12660,60,15,6,4,531.4839256694694,731.2498410231046
25017001230,MA,017,1230,4141,46,3906,8,2,146,0,7,26,2833,28,2686,5,2,98,0,3,11,NA,NA,76135,NA,NA,12660,60,15,6,4,578.8904119268,796.4747403377376
25017001231,MA,017,1231,4685,33,4335,15,5,244,0,11,42,3148,24,2941,8,3,154,0,3,15,NA,36020,76135,01680,01710,12660,60,15,6,4,643.2569773192963,885.0344096657952
25017001232,MA,017,1232,3905,37,3454,19,0,342,3,6,44,2748,23,2466,13,0,214,2,6,24,NA,NA,76135,NA,NA,12660,60,15,6,4,561.5216561859677,772.5776867095316
25017001233,MA,017,1233,2908,37,2652,20,0,162,0,10,27,1990,22,1825,16,0,111,0,3,13,NA,NA,77255,06900,06930,12750,111,19,8,6,536.1957838623698,751.2527259510541
25017001234,MA,017,1234,2748,39,2385,31,4,238,5,0,46,1937,27,1702,21,4,162,2,0,19,NA,72600,77255,06900,06930,12750,111,19,8,6,521.9151926338745,731.2444875212019
25017001235,MA,017,1235,2752,72,2414,46,2,171,1,11,35,2119,52,1853,44,1,138,0,9,22,NA,14570,77255,NA,NA,12750,111,19,8,6,570.9542040222922,799.952023261449
25017001236,MA,017,1236,3061,70,2716,35,0,211,0,1,28,2208,47,1971,27,0,153,0,1,9,NA,74210,77255,NA,NA,12750,111,19,8,6,594.9348194814635,833.5507632662951
25017001237,MA,017,1237,4026,40,3824,30,2,90,0,11,29,2826,29,2694,20,2,62,0,3,16,NA,80195,80230,NA,NA,13050,78,9,7,5,623.0248981439565,691.7422233719201
25017001238,MA,017,1238,3641,30,3516,17,5,40,0,6,27,2591,16,2513,16,3,27,0,1,15,NA,80195,80230,NA,NA,13050,78,9,7,5,571.2163875056586,634.2194270193365
25017001239,MA,017,1239,3680,32,3564,11,0,49,0,1,23,2693,17,2621,7,0,38,0,0,10,NA,80195,80230,NA,NA,13050,81,9,7,5,593.7034857401538,659.186768414926
25017001240,MA,017,1240,3157,40,3038,2,2,50,0,0,25,2323,20,2256,1,2,34,0,0,10,NA,80195,80230,NA,NA,13050,78,9,7,5,512.1326392032594,568.6189613917093
25017001241,MA,017,1241,3602,48,3401,17,4,105,0,3,24,2600,28,2456,14,2,83,0,3,14,NA,80195,80230,NA,NA,13050,78,9,7,5,573.2005432322318,636.422427730712
25017001242,MA,017,1242,3257,13,3120,8,0,99,0,3,14,2430,8,2339,8,0,68,0,2,5,NA,80195,80230,NA,NA,13050,78,9,7,5,535.7220461747397,594.8101920713963
25017001243,MA,017,1243,2451,29,2272,19,2,105,1,0,23,1812,11,1707,17,2,65,1,0,9,NA,80545,80510,NA,NA,13110,92,16,8,6,607.9829325058184,626.1404189294026
25017001244,MA,017,1244,2654,23,2407,28,4,158,0,2,32,2107,15,1946,23,2,108,0,1,12,NA,80545,80510,NA,NA,13110,92,16,8,6,706.9647013188518,728.0782906645978
25017001245,MA,017,1245,2392,27,2231,17,2,74,0,6,35,1744,17,1640,15,2,58,0,1,11,NA,80545,80510,NA,NA,13110,92,16,8,6,585.166795965865,602.6428756141712
25017001246,MA,017,1246,2699,27,2561,5,0,79,1,3,23,1907,23,1810,4,0,56,1,3,10,NA,80545,80510,NA,NA,13110,92,16,8,6,639.8584173778122,658.9678691492113
25017001247,MA,017,1247,2519,13,2411,8,0,76,1,2,8,1872,7,1799,6,0,54,0,2,4,NA,80545,80510,NA,NA,13110,92,16,8,6,628.1148176881303,646.8735453840186
25017001248,MA,017,1248,2753,22,2467,7,5,212,0,3,37,2010,16,1814,6,2,154,0,0,18,NA,80545,80510,NA,NA,13110,92,16,8,6,674.4181536074476,694.5597362296354
25017001249,MA,017,1249,2613,31,2492,10,2,61,0,3,14,1913,16,1833,9,2,44,0,0,9,NA,80545,80510,NA,NA,13110,92,16,8,6,641.8716058960434,661.0411817946729
25017001250,MA,017,1250,2729,39,2381,41,7,195,0,14,52,2103,25,1878,31,4,131,0,6,28,NA,80545,80510,NA,NA,13110,92,16,8,6,705.6225756400311,726.6960822342902
25017001251,MA,017,1251,2544,39,2248,68,0,169,1,1,18,2130,34,1887,50,0,143,1,1,14,NA,81035,81035,NA,NA,13200,91,18,8,6,556.3389576813172,777.483331065451
25017001252,MA,017,1252,2770,71,2544,28,1,91,0,11,24,2232,48,2066,21,1,74,0,6,16,NA,81035,81035,NA,NA,13200,91,18,8,6,582.9805415702816,814.7149272009797
25017001253,MA,017,1253,2550,86,2329,47,3,66,0,2,17,1962,50,1812,32,3,52,0,2,11,NA,81035,81035,NA,NA,13200,91,18,8,6,512.4587018641992,716.1607021363451
25017001254,MA,017,1254,2663,277,2121,67,6,140,1,5,46,1983,171,1630,44,3,93,1,5,36,NA,81035,81035,NA,NA,13200,91,18,8,6,517.9437338413389,723.8260307524833
25017001255,MA,017,1255,2830,118,2524,33,2,128,1,3,21,2243,90,2017,26,1,92,0,3,14,NA,81035,81035,NA,NA,13200,91,18,8,6,585.8536535583073,818.7300993332426
25017001256,MA,017,1256,2701,30,2575,22,3,45,0,1,25,2156,19,2070,17,3,37,0,1,9,NA,81035,81035,NA,NA,13200,91,18,8,6,563.129949653014,786.973737923527
25017001257,MA,017,1257,2707,49,2500,25,2,82,10,4,35,2060,31,1924,17,0,63,5,1,19,NA,81035,81035,NA,NA,13200,91,18,8,6,538.055517757518,751.9322356783235
25017001258,MA,017,1258,2492,162,2013,67,1,197,0,19,33,1971,92,1641,50,1,158,0,12,17,NA,81035,81035,NA,NA,13200,91,18,8,6,514.809429854402,719.4458429718329
25017001259,MA,017,1259,2549,54,2327,63,0,69,1,11,24,1991,33,1847,33,0,55,1,7,15,NA,81035,81035,NA,NA,13200,91,18,8,6,520.0332698326303,726.7461559395837
25017001260,MA,017,1260,2579,65,2307,35,0,143,1,6,22,2020,47,1822,25,0,111,1,4,10,NA,81035,81035,NA,NA,13200,91,18,8,6,527.6078378010614,737.3316097428221
25017001261,MA,017,1261,3047,107,2347,89,1,456,0,4,43,2424,77,1889,59,1,370,0,4,24,NA,81035,81035,NA,NA,13200,91,18,8,6,633.1294053612737,884.7979316913867
25017001262,MA,017,1262,2680,50,2470,47,2,76,0,7,28,2063,30,1923,28,1,64,0,4,13,NA,81035,81035,NA,NA,13200,91,18,8,6,538.8390937542523,753.0272826234861
25017001263,MA,017,1263,2761,28,2576,33,9,100,1,0,14,2185,22,2032,31,6,82,1,0,11,NA,81035,81035,NA,NA,13200,91,18,8,6,570.7045176214451,797.5591917267656
25017001264,MA,017,1264,2385,16,2295,20,0,42,0,2,10,1976,9,1915,15,0,29,0,0,8,NA,81035,81035,NA,NA,13200,91,18,8,6,516.115389848959,721.2709212137705
25017ZZZZZZ,MA,017,ZZZZZZ,0,0,0,0,0,0,0,0,0,0,0,0,0,0,0,0,0,0,NA,80545,80510,NA,NA,13110,92,16,8,6,0,0
25019001265,MA,019,1265,9520,212,8275,783,1,60,4,54,131,7692,176,6597,735,1,51,2,39,91,NA,43755,43790,09090,07380,08250,5,5,1,8,1595,1226
25021001266,MA,021,1266,4443,64,4121,161,12,41,0,10,34,3442,47,3228,100,9,29,0,8,21,NA,09000,02935,NA,NA,02250,103,35,1,10,1087,1095
25021001267,MA,021,1267,3078,50,2931,36,1,36,0,1,23,2198,37,2093,25,1,27,0,1,14,NA,04965,04930,NA,NA,02460,153,40,3,2,535.7674044983934,492.60781863620133
25021001268,MA,021,1268,2939,49,2783,39,2,33,0,5,28,2137,34,2037,29,1,18,0,4,14,NA,04965,04930,NA,NA,02460,107,40,3,2,520.8985183862906,478.9367190289182
25021001269,MA,021,1269,3010,23,2928,14,6,17,1,1,20,2264,15,2208,13,5,10,1,1,11,NA,04965,04930,NA,NA,02460,107,40,3,2,551.855051767226,507.3995001785077
25021001270,MA,021,1270,3186,28,3067,31,2,33,0,2,23,2258,19,2186,22,1,17,0,2,11,NA,25100,04930,NA,NA,02460,107,40,3,2,550.3925383791503,506.05480185647986
25021001271,MA,021,1271,3101,34,3008,16,1,11,2,3,26,2347,17,2295,10,1,9,2,1,12,NA,25100,04930,13290,06510,02460,107,40,3,2,572.0864869689397,526.0011602998928
25021001272,MA,021,1272,2686,32,2521,20,0,80,3,17,13,2116,23,2002,18,0,57,1,8,7,NA,07700,07665,NA,NA,02940,102,24,10,10,698.9334349980937,717.4070911170415
25021001273,MA,021,1273,2801,22,2650,21,4,84,0,7,13,2164,13,2061,16,4,59,0,5,6,NA,07700,07665,NA,NA,02940,102,24,10,10,714.7882577201677,733.6809759817003
25021001274,MA,021,1274,2851,25,2701,21,0,72,0,0,32,2154,19,2047,16,0,57,0,0,15,NA,07700,07665,NA,NA,02940,102,24,10,10,711.4851696530691,730.2905833015632
25021001275,MA,021,1275,2742,37,2550,12,1,105,5,10,22,2187,28,2050,10,1,77,3,3,15,NA,07700,07665,NA,NA,02940,102,24,10,10,722.3853602744949,741.4788791460161
25021001276,MA,021,1276,2732,20,2622,14,4,49,0,5,18,2059,8,2000,3,4,32,0,2,10,NA,07700,07665,NA,NA,02940,102,24,10,10,680.1058330156309,698.0818528402592
25021001277,MA,021,1277,2909,52,2599,40,6,141,0,22,49,2172,33,1969,22,4,103,0,12,29,NA,07700,07665,NA,NA,02940,102,27,10,10,717.4307281738468,736.3932901258102
25021001278,MA,021,1278,2787,54,2627,15,3,68,0,5,15,2150,34,2034,10,3,54,0,3,12,NA,07700,07665,NA,NA,02940,102,27,10,10,710.1639344262295,728.9344262295082
25021001279,MA,021,1279,2729,49,2375,134,7,119,0,13,32,2050,32,1826,81,5,82,0,5,19,NA,07700,07665,NA,NA,02940,102,24,10,10,677.1330537552421,695.0304994281357
25021001280,MA,021,1280,2379,19,2251,24,1,40,0,19,25,1918,12,1826,18,1,35,0,14,12,NA,07700,07665,NA,NA,02940,102,27,10,10,633.5322912695386,650.2773160503241
25021001281,MA,021,1281,2765,43,2576,31,1,102,0,2,10,2196,29,2055,20,1,83,0,2,6,NA,07700,07665,NA,NA,02940,102,24,10,10,725.3581395348837,744.5302325581396
25021001282,MA,021,1282,3623,17,3404,23,1,120,0,22,36,2884,13,2726,19,1,87,0,16,22,NA,07700,07665,NA,NA,02940,102,24,10,10,952.6105985512772,977.7892489515822
25021001283,MA,021,1283,2824,24,2669,29,3,74,0,6,19,2180,15,2067,25,2,53,0,4,14,NA,07700,07665,NA,NA,02940,102,24,10,10,720.0731986275257,739.1056042699199
25021001284,MA,021,1284,3588,138,2831,70,3,486,1,7,52,3168,118,2531,61,3,414,1,4,36,NA,09210,09175,NA,NA,03150,132,20,5,9,994.4421477186792,1042.2908999243762
25021001285,MA,021,1285,3759,252,2309,198,0,884,1,18,97,3085,188,1997,100,0,715,1,8,76,NA,09210,09175,NA,NA,03150,112,20,5,9,968.3882656919586,1014.9834047559028
25021001286,MA,021,1286,3848,148,2957,68,5,565,2,6,97,3321,124,2605,60,5,456,2,5,64,NA,09210,09175,NA,NA,03150,112,20,5,9,1042.4691832619108,1092.6288127048147
25021001287,MA,021,1287,3862,181,2749,254,3,533,3,29,110,3300,134,2429,187,2,449,3,17,79,NA,09210,09175,NA,NA,03150,112,20,5,9,1035.8772372069573,1085.719687421225
25021001288,MA,021,1288,3630,144,2759,173,3,423,4,12,112,2869,100,2272,104,3,327,2,7,54,NA,09210,09175,NA,NA,03150,112,20,5,9,900.5853919838669,943.9181161246954
25021001289,MA,021,1289,3802,137,3188,68,2,341,0,13,53,3004,105,2527,55,1,276,0,8,32,NA,09210,09175,NA,NA,03150,112,20,5,9,942.9621880514242,988.3339215192
25021001290,MA,021,1290,3643,137,2851,93,2,482,0,13,65,3190,110,2555,79,2,393,0,11,40,NA,09210,09175,NA,NA,03150,112,20,5,9,1001.3479959667255,1049.5290311738509
25021001291,MA,021,1291,3891,121,3112,61,4,505,0,8,80,3311,110,2651,52,4,432,0,7,55,NA,09210,09175,NA,NA,03150,112,20,5,9,1039.3301613309807,1089.3387530459624
25021001292,MA,021,1292,3629,83,2959,47,3,480,1,14,42,3141,63,2585,36,2,411,1,12,31,NA,09210,09175,NA,NA,03150,112,20,5,9,985.9667885051678,1033.4077388454753
25021001293,MA,021,1293,3850,143,3052,92,4,463,1,26,69,3461,119,2786,85,4,390,1,24,52,NA,09210,09175,NA,NA,03150,112,20,5,9,1086.4154902949333,1138.6896479287454
25021001294,MA,021,1294,3792,133,3036,57,3,492,0,11,60,3237,112,2604,47,3,422,0,8,41,NA,09210,09175,NA,NA,03150,112,20,5,9,1016.1013990420972,1064.9923115704562
25021001295,MA,021,1295,3466,84,2961,39,0,325,1,3,53,2910,64,2494,35,0,277,1,3,36,NA,09210,09175,NA,NA,03150,142,20,5,9,913.4553819006805,957.4073607259894
25021001296,MA,021,1296,3397,118,2781,64,2,365,0,10,57,2787,89,2315,49,2,291,0,10,31,NA,09210,09175,NA,NA,03150,142,20,5,9,874.8454121502396,916.9396269221074
25021001297,MA,021,1297,3153,60,2695,114,6,207,0,25,46,2521,49,2145,103,5,169,0,20,30,NA,09210,09175,NA,NA,03150,112,20,5,9,791.3474287874968,829.4240399966388
25021001298,MA,021,1298,2386,58,2050,68,1,159,0,8,42,1935,52,1662,61,1,121,0,8,30,NA,09210,09175,NA,NA,03150,69,20,5,9,607.4007436349887,636.6265439879002
25021001299,MA,021,1299,3411,81,2632,35,3,593,0,9,58,2364,47,1870,26,1,381,0,6,33,NA,09210,09175,NA,NA,03150,134,20,5,9,742.0647844718931,777.7701033526594
25021001300,MA,021,1300,3179,55,2952,60,5,74,0,3,30,2608,38,2434,47,4,62,0,0,23,NA,NA,11315,NA,NA,03300,103,35,10,10,648.5076564370786,633.5522087088033
25021001301,MA,021,1301,3389,41,3192,72,2,52,4,7,19,2516,22,2409,34,2,32,3,4,10,NA,NA,11315,NA,NA,03300,103,35,10,10,625.6308526057093,611.2029743525112
25021001302,MA,021,1302,4520,70,3960,217,5,203,0,10,55,3389,45,3032,138,4,127,0,10,33,NA,55990,11315,NA,NA,03300,103,35,10,10,842.7118280925074,823.277774276892
25021001303,MA,021,1303,3143,35,2939,53,2,91,0,7,16,2341,21,2201,40,0,65,0,6,8,NA,50285,11315,NA,NA,03300,103,34,10,10,582.1151931438654,568.6908437834772
25021001304,MA,021,1304,3383,60,3060,93,3,121,1,15,30,2628,41,2400,70,3,86,1,11,16,NA,50285,11315,NA,NA,03300,103,34,10,10,653.4808746612892,638.4107379166929
25021001305,MA,021,1305,3161,35,2922,86,7,85,0,6,20,2387,20,2234,49,5,62,0,6,11,NA,NA,11315,NA,NA,03300,103,34,10,10,593.55359505955,579.8654609616233
25021001306,MA,021,1306,3720,24,3634,6,2,33,0,0,21,2674,14,2630,5,2,16,0,0,7,NA,31680,14640,NA,NA,03780,115,27,1,8,430.8154919885973,541.2136046397326
25021001307,MA,021,1307,3541,26,3465,7,3,18,2,0,20,2562,13,2520,6,3,12,0,0,8,NA,49165,14640,NA,NA,03780,115,27,1,8,412.7708640519021,518.5449719846653
25021001308,MA,021,1308,4049,113,3717,101,4,66,5,4,39,3232,88,2973,88,4,43,5,4,27,NA,16530,16495,NA,NA,04050,108,34,10,10,1037.4408413672218,982.205083260298
25021001309,MA,021,1309,3317,94,3037,34,5,114,0,4,29,2575,61,2388,21,4,83,0,3,15,NA,16530,16495,NA,NA,04050,108,34,10,10,826.5501752848378,782.5427256792287
25021001310,MA,021,1310,3163,116,2815,116,5,62,1,5,43,2402,65,2188,62,5,48,1,2,31,NA,16530,16495,NA,NA,04050,108,34,10,10,771.0188431200702,729.9680105170903
25021001311,MA,021,1311,3383,42,3268,9,0,41,1,1,21,2579,29,2494,9,0,32,1,1,13,NA,16530,16495,NA,NA,04050,108,34,10,10,827.8341367221735,783.7583260297985
25021001312,MA,021,1312,3080,56,2916,13,6,56,0,2,31,2377,37,2265,8,4,39,0,1,23,NA,16530,16495,NA,NA,04050,108,34,10,10,762.9940841367222,722.3705083260298
25021001313,MA,021,1313,3430,107,3198,41,8,49,2,2,23,2681,67,2531,28,2,38,1,1,13,NA,16530,16495,NA,NA,04050,108,34,10,10,860.5751533742332,814.7561349693252
25021001314,MA,021,1314,3042,39,2922,21,1,43,1,0,15,2410,24,2328,16,1,32,1,0,8,NA,16530,16495,NA,NA,04050,108,34,10,10,773.5867659947415,732.3992112182297
25021001315,MA,021,1315,5558,66,5232,19,2,202,1,1,35,3804,43,3602,11,2,138,1,1,6,NA,17370,17405,04260,04290,07530,110,34,5,9,903,1790
25021001316,MA,021,1316,3853,55,3724,14,8,29,0,0,23,2865,33,2780,11,5,25,0,0,11,NA,24855,24820,NA,NA,04950,10,25,4,9,693.9496149983261,787.2275694676933
25021001317,MA,021,1317,4510,30,4353,29,4,67,2,5,20,3216,17,3120,20,3,45,2,2,7,NA,24855,24820,NA,NA,04950,10,25,5,9,778.967525945765,883.6732507532641
25021001318,MA,021,1318,3930,54,3731,52,1,77,0,2,13,2898,35,2767,31,0,56,0,2,7,NA,24855,24820,13290,06510,04950,10,25,5,9,701.9427519250083,796.2951121526615
25021001319,MA,021,1319,3953,33,3851,19,4,26,0,1,19,2969,20,2906,12,2,14,0,1,14,NA,24855,24820,09690,06510,04950,10,25,4,9,719.1401071309006,815.804067626381
25021001320,MA,021,1320,4277,31,4133,15,2,53,0,10,33,2906,26,2817,11,2,37,0,3,10,NA,25100,25100,08640,06510,05010,107,21,4,3,484.82719106579265,450.1160475843651
25021001321,MA,021,1321,4906,81,4562,117,8,80,6,2,50,3680,65,3407,105,4,63,5,1,30,NA,25100,25100,08640,06510,05010,107,21,4,3,613.9587278465647,570.0024277737315
25021001322,MA,021,1322,3765,67,3576,27,10,55,0,2,28,2844,43,2715,20,8,44,0,1,13,NA,25100,25100,13290,06510,05010,107,21,4,3,474.48332119446474,440.5127458120904
25021001323,MA,021,1323,5979,60,5697,65,7,99,0,8,43,4056,38,3884,39,5,64,0,5,21,NA,25100,25100,13290,06510,05010,107,21,4,3,676.6892935178441,628.2418062636561
25021001324,MA,021,1324,3782,36,3609,39,5,59,1,7,26,2738,25,2628,25,5,42,1,2,10,NA,25100,25100,NA,NA,05010,107,21,4,3,456.79864044671035,424.09419762078176
25021001325,MA,021,1325,6851,43,6588,42,4,140,0,3,31,4371,30,4203,31,2,94,0,2,9,NA,25100,25100,NA,NA,05010,107,21,4,3,729.2428259286235,677.0327749453751
25021001326,MA,021,1326,2771,87,2417,125,5,58,0,23,56,2188,60,1960,81,4,46,0,11,26,NA,30420,30455,NA,NA,06150,102,24,1,10,875.726911499097,879.6787477423239
25021001327,MA,021,1327,2706,54,2490,79,2,52,0,4,25,2070,31,1909,68,2,40,0,3,17,NA,30420,30455,NA,NA,06150,102,24,1,10,828.4984948826008,832.2372065021071
25021001328,MA,021,1328,2585,61,2399,80,1,17,0,11,16,2019,35,1905,48,1,15,0,3,12,NA,30420,30455,NA,NA,06150,100,24,1,10,808.0862131246237,811.7328115593016
25021001329,MA,021,1329,2723,55,2448,136,12,33,0,25,14,2028,40,1839,91,8,27,0,15,8,NA,30420,30455,NA,NA,06150,100,24,1,10,811.6883804936786,815.3512341962673
25021001330,MA,021,1330,2837,28,2692,23,0,67,0,4,23,1944,18,1845,18,0,49,0,3,11,NA,39730,39765,10710,04290,07530,110,25,10,10,536.3827751196172,685.9212366580788
25021001331,MA,021,1331,3860,42,3701,21,4,67,1,0,24,2525,19,2436,15,3,43,0,0,9,NA,39730,39765,04260,04290,07530,109,25,10,10,696.6905901116428,890.9213593424121
25021001332,MA,021,1332,2787,25,2715,6,0,26,0,2,13,1787,13,1746,4,0,21,0,2,1,NA,39730,39765,NA,NA,07530,109,25,10,10,493.06379585326954,630.525334314808
25021001333,MA,021,1333,2789,15,2686,12,1,56,0,5,14,1895,11,1832,8,1,35,0,3,5,NA,39730,39765,08640,06510,07530,110,25,10,10,522.8628389154704,668.6320696847013
25021001334,MA,021,1334,3880,36,3738,20,9,46,1,3,27,2517,23,2427,14,6,32,1,2,12,NA,41200,39975,NA,NA,07590,66,21,4,3,532.299658139809,580.6635624189555
25021001335,MA,021,1335,4792,27,4657,32,3,54,0,1,18,3333,19,3250,21,3,30,0,1,9,NA,25100,39975,NA,NA,07590,66,21,4,3,704.8687964163621,768.9120594129434
25021001336,MA,021,1336,3776,42,3657,18,0,18,0,4,37,2633,22,2569,12,0,10,0,2,18,NA,25100,39975,08640,06510,07590,66,21,4,3,556.8315454438288,607.4243781681008
25021001337,MA,021,1337,3888,49,3705,28,6,65,0,4,31,2868,26,2750,20,3,49,0,2,18,NA,41532,41515,08640,06510,07920,106,26,5,9,807.1527537235885,684.4655351576031
25021001338,MA,021,1338,4014,25,3893,28,5,25,0,10,28,2906,18,2836,18,4,18,0,6,6,NA,41532,41515,10710,04290,07920,63,26,5,9,817.8472462764116,693.534464842397
25021001339,MA,021,1339,2356,94,1127,990,2,42,0,14,87,1641,54,864,633,2,29,0,8,51,NA,41725,41690,NA,NA,07980,104,35,10,10,593.3257328990228,534.2731503024663
25021001340,MA,021,1340,2375,57,1878,362,0,22,2,4,50,1738,41,1394,264,0,12,2,3,22,NA,41725,41690,NA,NA,07980,104,35,10,10,628.3973941368079,565.8541957499613
25021001341,MA,021,1341,2292,21,2038,125,6,69,1,3,29,1655,14,1501,76,3,49,1,2,9,NA,41725,41690,NA,NA,07980,136,35,10,10,598.3876221498372,538.8312393361253
25021001342,MA,021,1342,2321,36,1962,194,0,58,0,12,59,1709,25,1465,139,0,45,0,8,27,NA,41725,41690,NA,NA,07980,104,35,10,10,617.9120521172639,556.4124398945246
25021001343,MA,021,1343,2716,66,2471,91,3,45,2,8,30,2184,59,1995,72,3,33,2,3,17,NA,41725,41690,NA,NA,07980,104,35,10,10,789.6547231270358,711.0618892508143
25021001344,MA,021,1344,2147,8,2072,25,0,28,0,0,14,1583,8,1534,17,0,22,0,0,2,NA,41725,41690,NA,NA,07980,104,35,10,10,572.3550488599349,515.389638591593
25021001345,MA,021,1345,2286,13,2207,5,0,47,0,2,12,1724,11,1675,3,0,30,0,2,3,NA,41725,41690,NA,NA,07980,104,35,10,10,623.3355048859935,561.2961067163021
25021001346,MA,021,1346,2464,16,2301,43,0,89,0,7,8,1843,9,1743,26,0,59,0,2,4,NA,41725,41690,NA,NA,07980,104,35,10,10,666.3615635179153,600.0398635024043
25021001347,MA,021,1347,2354,15,2238,43,1,33,0,8,16,1835,10,1752,37,1,24,0,6,5,NA,41725,41690,NA,NA,07980,104,35,10,10,663.4690553745928,597.4352411974561
25021001348,MA,021,1348,2186,15,2086,18,1,42,0,6,18,1573,10,1507,18,1,29,0,2,6,NA,41725,41690,NA,NA,07980,104,35,10,10,568.7394136807818,512.1338607104079
25021001349,MA,021,1349,2565,109,1605,718,2,56,0,21,54,1856,65,1211,499,2,34,0,14,31,NA,41725,41690,NA,NA,07980,130,35,10,10,671.0618892508143,604.2723747479447
25021001350,MA,021,1350,3041,36,2782,57,2,131,0,6,27,2295,19,2122,32,2,101,0,6,13,NA,44140,44105,NA,NA,08370,110,26,10,10,782.3545816733068,810.2151394422311
25021001351,MA,021,1351,2852,50,2641,9,0,135,0,2,15,2163,35,2020,9,0,92,0,2,5,NA,44140,44105,NA,NA,08370,110,26,10,10,737.3564096554957,763.6145301148348
25021001352,MA,021,1352,3590,47,3378,26,3,110,0,6,20,2824,35,2662,20,3,90,0,2,12,NA,44140,44105,04260,04290,08370,110,26,10,10,962.6881649871104,996.9706116709632
25021001353,MA,021,1353,2997,73,2732,54,0,111,0,1,26,2113,36,1962,30,0,74,0,1,10,NA,44140,44105,04260,04290,08370,110,26,10,10,720.3116475275369,745.9627841574877
25021001354,MA,021,1354,2636,29,2501,5,0,84,0,5,12,1937,17,1852,4,0,55,0,2,7,NA,44140,44105,04260,04290,08370,110,26,10,10,660.3140848371221,683.8286383876259
25021001355,MA,021,1355,3109,17,2946,18,1,103,0,1,23,2366,14,2265,13,1,62,0,0,11,NA,44140,44105,NA,NA,08370,110,26,10,10,806.5581438950082,835.2806187016639
25021001356,MA,021,1356,2586,9,2519,5,1,35,0,0,17,1828,8,1790,3,1,22,0,0,4,NA,44140,44105,NA,NA,08370,110,26,10,10,623.156503398172,645.3478322006093
25021001357,MA,021,1357,2703,38,2556,0,0,93,0,5,11,1926,23,1836,0,0,63,0,2,2,NA,44140,44105,NA,NA,08370,110,26,10,10,656.5642371689712,679.9452542770096
25021001358,MA,021,1358,2619,19,2506,9,0,70,0,1,14,1825,12,1761,7,0,43,0,0,2,NA,44140,44105,NA,NA,08370,110,26,10,10,622.1338176704945,644.2887274431686
25021001359,MA,021,1359,2778,23,2579,4,0,151,0,7,14,2058,14,1924,4,0,105,0,3,8,NA,44140,44105,NA,NA,08370,110,26,10,10,701.5624091867822,726.5458636044059
25021001360,MA,021,1360,3397,450,2350,467,21,38,0,10,61,2922,449,1891,467,21,38,0,9,47,NA,NA,46050,08640,06510,11970,106,26,5,9,424.2294048088293,596.6085928261726
25021001361,MA,021,1361,3252,30,3173,5,2,22,0,5,15,2235,18,2190,4,1,13,0,3,6,NA,25100,46050,08640,06510,05010,106,26,5,9,324.48758376034687,456.33819471817105
25021001362,MA,021,1362,3811,30,3676,21,1,63,0,3,17,2454,16,2379,15,1,32,0,1,10,NA,25100,46050,08640,06510,11970,106,26,5,9,356.28301143082376,501.05321245565625
25021001363,MA,021,1363,2797,31,2707,23,1,18,0,0,17,2283,20,2219,17,1,12,0,0,14,NA,50285,50250,NA,NA,09060,109,34,10,10,891.5512096062158,580.6270086526577
25021001364,MA,021,1364,3200,74,2738,134,6,189,1,13,45,2369,37,2074,81,3,133,1,10,30,NA,50285,50250,NA,NA,09060,109,34,10,10,925.1357054564718,602.4990729295426
25021001365,MA,021,1365,3323,63,3127,55,4,35,2,5,32,2703,43,2561,45,4,28,1,2,19,NA,50285,50250,NA,NA,09060,109,34,10,10,1055.5685149214198,687.4440667490729
25021001366,MA,021,1366,3258,39,3035,38,2,118,0,4,22,2565,23,2413,22,2,94,0,3,8,NA,50285,50250,NA,NA,09060,109,34,10,10,1001.677114603567,652.3470333745365
25021001367,MA,021,1367,3199,57,2112,182,1,784,1,12,50,2560,41,1758,131,1,585,1,8,35,NA,50285,50250,NA,NA,09060,109,34,10,10,999.7245276355288,651.0754017305316
25021001368,MA,021,1368,3797,108,3419,66,2,106,0,34,62,2989,75,2710,51,2,89,0,25,37,NA,50285,50250,NA,NA,09060,109,34,10,10,1167.2564894932013,760.1813967861557
25021001369,MA,021,1369,3049,41,2822,70,1,84,0,6,25,2501,32,2338,41,1,67,0,4,18,NA,50285,50250,NA,NA,09060,109,34,10,10,976.6840014126788,636.0701483312731
25021001370,MA,021,1370,2991,39,2772,67,5,66,0,8,34,2393,28,2241,48,4,48,0,7,17,NA,50285,50250,NA,NA,09060,109,34,10,10,934.508122903055,608.6029048207664
25021001371,MA,021,1371,2973,21,2874,8,1,41,0,8,20,2289,12,2225,6,0,30,0,6,10,NA,50285,50250,NA,NA,09060,109,34,10,10,893.8943139678615,582.1529666254635
25021001372,MA,021,1372,3695,44,3487,33,0,98,0,3,30,2835,30,2682,26,0,77,0,2,18,NA,46585,54100,09690,06510,08730,23,26,4,3,628.348190875721,818.1410592553749
25021001373,MA,021,1373,3988,29,3893,20,0,27,0,3,16,2886,19,2825,13,0,21,0,2,6,NA,NA,54100,09690,06510,08730,23,26,4,3,639.6518091242789,832.858940744625
25021001374,MA,021,1374,2817,67,2486,76,3,147,0,1,37,2310,46,2061,60,3,114,0,1,25,NA,55745,55745,NA,NA,09870,99,24,1,8,499.3700787401575,434.6910963052696
25021001375,MA,021,1375,2744,107,1725,245,7,580,0,8,72,1846,47,1282,104,6,371,0,5,31,NA,55745,55745,NA,NA,09870,99,24,1,8,399.06370794559774,347.3765211166786
25021001376,MA,021,1376,3684,56,3222,83,0,262,3,11,47,3314,44,2921,76,0,218,3,10,42,NA,55745,55745,NA,NA,09870,99,24,1,8,716.4123120973514,623.6217719288586
25021001377,MA,021,1377,2784,44,2565,38,3,109,0,0,25,2232,31,2089,23,3,74,0,0,12,NA,55745,55745,NA,NA,09870,99,24,1,8,482.50823192555475,420.01321513132535
25021001378,MA,021,1378,2754,32,2622,16,5,51,0,10,18,2132,26,2029,15,4,40,0,6,12,NA,55745,55745,NA,NA,09870,99,24,1,8,460.89047959914103,401.1954187544739
25021001379,MA,021,1379,3031,65,2393,83,4,380,2,30,74,2535,48,2057,66,4,286,2,21,51,NA,55745,55745,NA,NA,09870,100,24,1,8,548.0100214745884,477.03113815318534
25021001380,MA,021,1380,2347,106,1658,184,2,345,0,4,48,1886,70,1389,140,2,245,0,3,37,NA,55745,55745,NA,NA,09870,100,24,1,8,407.71080887616324,354.9036396674192
25021001381,MA,021,1381,3034,101,2116,91,10,613,0,7,96,2546,72,1821,71,7,498,0,6,71,NA,55745,55745,NA,NA,09870,100,24,1,8,550.3879742304939,479.10109575463906
25021001382,MA,021,1382,2860,102,2310,60,3,290,0,38,57,2382,79,1970,42,3,224,0,30,34,NA,55745,55745,NA,NA,09870,100,24,1,8,514.9348604151753,448.2399096966026
25021001383,MA,021,1383,3471,57,3079,53,7,237,0,6,32,2935,43,2637,39,3,182,0,4,27,NA,55745,55745,NA,NA,09870,100,24,1,8,634.4810307802434,552.3023236605914
25021001384,MA,021,1384,3029,77,2502,39,5,343,1,10,52,2636,64,2212,29,3,279,1,8,40,NA,55745,55745,NA,NA,09870,99,24,1,8,569.8439513242662,496.03711249380535
25021001385,MA,021,1385,2752,36,2174,16,0,503,0,5,18,2223,28,1795,13,0,374,0,4,9,NA,55745,55745,NA,NA,09870,99,24,1,8,480.5626342161775,418.31961345740876
25021001386,MA,021,1386,2940,28,1749,45,6,1070,4,3,35,2396,22,1489,40,6,809,4,2,24,NA,55745,55745,NA,NA,09870,98,24,1,8,517.9613457408733,450.87440118936183
25021001387,MA,021,1387,2900,23,2470,14,0,375,0,6,12,2312,15,2009,8,0,268,0,3,9,NA,55745,55745,NA,NA,09870,98,24,1,8,499.80243378668575,435.06745223280654
25021001388,MA,021,1388,2857,51,1644,13,1,1097,0,7,44,2336,38,1409,12,1,838,0,7,31,NA,55745,55745,NA,NA,09870,98,24,1,8,504.9906943450251,439.5837233632509
25021001389,MA,021,1389,3618,108,2935,95,7,355,0,39,79,3035,81,2508,74,7,285,0,34,46,NA,55745,55745,NA,NA,09870,98,24,1,8,656.0987831066572,571.1201200374429
25021001390,MA,021,1390,3015,57,2494,88,3,334,0,8,31,2423,40,2023,74,3,250,0,7,26,NA,55745,55745,NA,NA,09870,99,24,1,8,523.798138869005,455.9552062111118
25021001391,MA,021,1391,3103,52,2505,86,10,370,0,17,63,2416,28,2003,61,6,274,0,10,34,NA,55745,55745,NA,NA,09870,98,24,1,8,522.2848962061561,454.63796046473215
25021001392,MA,021,1392,3139,103,2445,140,12,342,1,13,83,2518,68,2007,111,5,266,1,10,50,NA,55745,55745,NA,NA,09870,99,24,1,8,544.335003579098,473.8321127691206
25021001393,MA,021,1393,2881,75,2370,46,4,311,0,14,61,2341,54,1963,36,3,237,0,12,36,NA,55745,55745,NA,NA,09870,99,24,1,8,506.0715819613457,440.5246131820935
25021001394,MA,021,1394,2888,69,2340,50,5,378,1,11,34,2421,58,1971,48,4,307,1,11,21,NA,55745,55745,NA,NA,09870,99,24,1,8,523.3657838224767,455.5788502835747
25021001395,MA,021,1395,2903,42,2105,41,2,683,0,3,27,2572,32,1920,39,2,556,0,1,22,NA,55745,55745,NA,NA,09870,98,24,1,8,556.0085898353616,483.9937228126205
25021001396,MA,021,1396,2935,54,2351,57,4,422,0,8,39,2561,45,2079,51,4,344,0,8,30,NA,55745,55745,NA,NA,09870,99,24,1,8,553.630637079456,481.9237652111668
25021001397,MA,021,1397,2728,77,2227,47,9,331,2,0,35,2353,68,1937,38,9,270,2,0,29,NA,55745,55745,NA,NA,09870,99,24,1,8,508.66571224051535,442.7827487473157
25021001398,MA,021,1398,2750,26,2272,17,4,417,0,1,13,2231,21,1868,9,3,322,0,0,8,NA,55745,55745,NA,NA,09870,98,24,1,8,482.29205440229066,419.82503716755684
25021001399,MA,021,1399,2720,55,1699,25,5,866,0,16,54,2178,41,1432,21,5,635,0,10,34,NA,55745,55745,NA,NA,09870,98,24,1,8,470.8346456692914,409.8516050878256
25021001400,MA,021,1400,3040,62,1741,28,4,1137,0,4,64,2505,49,1511,24,1,864,0,4,52,NA,55745,55745,NA,NA,09870,98,24,1,8,541.5246957766643,471.3857992401299
25021001401,MA,021,1401,3064,53,2488,49,2,379,0,5,88,2772,45,2288,47,2,315,0,4,71,NA,55745,55745,NA,NA,09870,98,24,1,8,599.2440944881889,521.6293155663234
25021001402,MA,021,1402,2611,38,1750,18,1,742,3,3,56,2177,26,1499,17,1,588,3,3,40,NA,55745,55745,NA,NA,09870,98,24,1,8,470.6184681460272,409.663427124057
25021001403,MA,021,1403,2626,12,2543,3,1,50,2,2,13,2120,6,2058,2,1,38,2,2,11,NA,55745,55745,NA,NA,09870,98,24,1,8,458.2963493199714,398.93728318925173
25021001404,MA,021,1404,3658,75,2274,807,5,262,0,90,145,2775,53,1852,540,5,189,0,54,82,NA,55990,55955,NA,NA,09930,103,35,10,10,837.2441889843356,569.4195300656897
25021001405,MA,021,1405,4046,164,2138,1131,13,445,0,59,96,3163,115,1817,782,9,334,0,40,66,NA,55990,55955,NA,NA,09930,103,35,10,10,954.3075206333164,649.0356661613608
25021001406,MA,021,1406,3923,127,2693,696,9,262,6,36,94,3028,87,2188,458,8,203,4,24,56,NA,55990,55955,NA,NA,09930,104,35,10,10,913.5767222502948,621.3341755095166
25021001407,MA,021,1407,3952,171,2234,798,7,507,0,55,180,2966,116,1808,524,7,366,0,36,109,NA,55990,55955,NA,NA,09930,103,35,10,10,894.87072595587,608.6120094323733
25021001408,MA,021,1408,3676,101,2244,749,12,449,1,42,78,2807,62,1821,482,6,361,1,22,52,NA,55990,55955,NA,NA,09930,104,35,10,10,846.8988967491999,575.9858093313121
25021001409,MA,021,1409,3986,105,2685,619,5,465,1,32,74,3080,62,2197,413,4,338,1,19,46,NA,55990,55955,NA,NA,09930,98,35,10,10,929.2656223681994,632.004379316153
25021001410,MA,021,1410,4110,152,2437,865,7,425,0,63,161,3177,101,2012,614,2,300,0,42,106,NA,55990,55955,NA,NA,09930,104,35,10,10,958.5314552804448,651.9084133400708
25021001411,MA,021,1411,3612,111,2333,692,4,324,0,54,94,2752,76,1899,450,2,235,0,34,56,NA,55990,55955,NA,NA,09930,104,35,10,10,830.3048677783391,564.7000168435236
25021001412,MA,021,1412,3161,42,2970,52,7,62,0,1,27,2262,20,2139,43,7,41,0,0,12,NA,60820,60785,NA,NA,10620,105,25,5,9,843.2241606319948,542.2322251481238
25021001413,MA,021,1413,3642,38,3283,114,2,154,0,10,41,2468,26,2228,89,0,107,0,3,15,NA,60820,60785,NA,NA,10620,105,25,5,9,920.0164581961817,591.6132323897301
25021001414,MA,021,1414,3246,49,2938,104,1,111,0,3,40,2235,28,2038,70,1,77,0,2,19,NA,60820,60785,NA,NA,10620,105,25,5,9,833.159150757077,535.7599572086899
25021001415,MA,021,1415,3915,35,3280,173,6,348,1,14,58,2616,20,2218,118,3,226,1,4,26,NA,60820,60785,NA,NA,10620,105,25,5,9,975.1876234364714,627.090849242923
25021001416,MA,021,1416,3444,30,3070,135,3,169,0,13,24,2571,21,2332,91,1,112,0,5,9,NA,60820,60785,NA,NA,10620,105,25,5,9,958.4126069782752,616.3037360105333
25021001417,MA,021,1417,3591,29,3195,214,2,80,0,20,51,2757,23,2487,142,2,60,0,15,28,NA,55990,67945,NA,NA,11250,103,25,10,10,724.9612480410315,625.5851260863371
25021001418,MA,021,1418,3226,27,2836,219,2,59,0,19,64,2539,17,2279,143,2,43,0,16,39,NA,09000,67945,NA,NA,11250,105,25,10,10,667.6375077171487,576.1192002659448
25021001419,MA,021,1419,3875,49,3359,262,7,91,0,36,71,2884,31,2527,186,7,67,0,19,47,NA,09000,67945,NA,NA,11250,105,25,10,10,758.3562710737522,654.4024314954646
25021001420,MA,021,1420,3828,57,3430,218,0,56,0,33,34,2858,38,2563,170,0,40,0,26,21,NA,NA,67945,NA,NA,11250,105,25,10,10,751.5194947048487,648.5028256636747
25021001421,MA,021,1421,3083,63,2753,97,4,43,2,34,87,2347,35,2116,65,3,35,2,24,67,NA,NA,67945,NA,NA,11250,105,25,10,10,617.1505437621694,532.5528802773424
25021001422,MA,021,1422,2987,39,2580,150,5,118,0,40,55,2521,24,2224,118,3,89,0,30,33,NA,NA,67945,NA,NA,11250,105,25,10,10,662.9043548463694,572.0348577670134
25021001423,MA,021,1423,3304,47,2891,189,3,58,0,10,106,2622,27,2320,150,3,48,0,9,65,NA,NA,67945,NA,NA,11250,105,25,10,10,689.4626015101867,594.952557344351
25021001424,MA,021,1424,3255,108,2707,185,3,71,0,53,128,2529,67,2154,131,3,52,0,43,79,NA,NA,67945,NA,NA,11250,105,25,10,10,665.0079783444935,573.8501210998718
25021001425,MA,021,1425,2611,46,2544,6,2,6,0,3,4,1978,27,1938,5,2,5,0,0,1,NA,50285,72495,NA,NA,11970,106,25,10,10,619.0526440177252,591.3548005908419
25021001426,MA,021,1426,3213,35,3113,4,4,31,0,2,24,2338,24,2275,3,3,24,0,0,9,NA,72460,72495,NA,NA,11970,106,25,10,10,731.7214771048745,698.9825701624816
25021001427,MA,021,1427,2221,16,2151,17,1,21,0,1,14,1730,9,1684,11,1,14,0,1,10,NA,72460,72495,NA,NA,11970,106,25,10,10,541.4363367799114,517.2112259970457
25021001428,MA,021,1428,3791,265,3182,264,4,43,0,5,28,2891,252,2319,256,4,35,0,5,20,NA,72460,72495,08640,06510,11970,106,25,10,10,904.7933234859676,864.3107828655835
25021001429,MA,021,1429,3981,50,3790,31,4,72,1,3,30,2900,27,2788,11,3,54,1,3,13,NA,72460,72495,08640,06510,11970,106,25,10,10,907.6100443131462,867.0014771048744
25021001430,MA,021,1430,3200,27,3090,15,6,43,0,2,17,2276,18,2201,7,4,31,0,2,13,NA,72460,72495,NA,NA,11970,106,25,10,10,712.317400295421,680.4466765140326
25021001431,MA,021,1431,3807,22,3712,16,0,41,1,7,8,2812,15,2752,12,0,26,0,4,3,NA,50285,72495,04260,04290,11970,109,25,10,10,880.0687740029541,840.6924667651402
25021001432,MA,021,1432,3842,61,3528,30,3,179,0,0,41,2672,33,2475,18,1,126,0,0,19,NA,74210,74175,NA,NA,12270,111,20,5,9,792.9694051559835,907.284582204835
25021001433,MA,021,1433,3696,67,3370,27,0,194,0,5,33,2826,38,2617,24,0,129,0,2,16,NA,74210,74175,NA,NA,12270,111,26,5,9,838.6719831477579,959.5756846223292
25021001434,MA,021,1434,3949,55,3744,24,0,90,0,2,34,2615,37,2482,17,0,67,0,2,10,NA,74210,74175,NA,NA,12270,111,20,5,9,776.0535158992878,887.9300832581001
25021001435,MA,021,1435,3666,93,3202,95,4,213,0,10,49,2569,54,2282,60,4,146,0,5,18,NA,74210,74175,NA,NA,12270,111,20,5,9,762.4020964991474,872.3106630554721
25021001436,MA,021,1436,3690,50,3440,21,0,144,0,9,26,2705,36,2531,17,0,101,0,4,16,NA,74210,74175,NA,NA,12270,111,20,5,9,802.7628147256496,918.4898184371552
25021001437,MA,021,1437,3637,103,3193,36,4,250,2,6,43,2790,99,2402,31,1,227,2,2,26,NA,74210,74175,04260,04290,12270,111,26,5,9,827.9882636172134,947.3517905507073
25021001438,MA,021,1438,4133,188,3032,176,5,617,1,5,109,3761,166,2725,163,5,600,1,4,97,NA,74210,74175,04260,04290,12270,111,26,5,9,1116.1519209549604,1277.0573778714013
25021001439,MA,021,1439,3367,21,3231,17,0,71,0,6,21,2382,18,2298,14,0,43,0,2,7,NA,16530,78690,04260,04290,12810,108,34,10,10,566.1632973503434,683.2763493621197
25021001440,MA,021,1440,3512,39,3334,22,6,80,0,3,28,2423,19,2330,10,2,53,0,1,8,NA,50285,78690,04260,04290,12810,108,34,10,10,575.9083415112856,695.037193326791
25021001441,MA,021,1441,3850,34,3688,14,0,90,0,2,22,2905,18,2808,11,0,60,0,0,8,NA,16530,78690,NA,NA,12810,108,34,10,10,690.4720314033366,833.2988223748773
25021001442,MA,021,1442,3388,38,3207,10,0,109,0,2,22,2480,24,2368,7,0,74,0,0,7,NA,50285,78690,NA,NA,12810,108,34,10,10,589.4563297350344,711.387634936212
25021001443,MA,021,1443,2773,25,2694,5,2,17,5,8,17,2168,19,2122,3,1,11,2,3,7,NA,78900,78865,NA,NA,12840,101,27,1,8,665.4461217127124,492.3436817620811
25021001444,MA,021,1444,2940,58,2771,21,0,52,2,6,30,2441,39,2315,18,0,41,2,4,22,NA,78900,78865,NA,NA,12840,101,27,1,8,749.2407671128833,554.3408335706827
25021001445,MA,021,1445,2924,37,2840,5,6,19,0,5,12,2261,25,2198,5,4,15,0,3,11,NA,78900,78865,NA,NA,12840,101,27,1,8,693.9915503655179,513.4635906199563
25021001446,MA,021,1446,2849,36,2727,32,7,37,0,2,8,2145,19,2056,25,5,34,0,0,6,NA,78900,78865,NA,NA,12840,101,27,1,8,658.3864995727713,487.12047849615493
25021001447,MA,021,1447,3017,22,2840,41,4,45,3,29,33,2449,16,2319,31,4,32,3,21,23,NA,78900,78865,NA,NA,12840,100,27,1,8,751.6962878572107,556.1575999240482
25021001448,MA,021,1448,2919,29,2813,3,6,43,0,1,24,2241,23,2167,3,5,28,0,1,14,NA,78900,78865,NA,NA,12840,100,27,1,8,687.8527485046995,508.9216747365423
25021001449,MA,021,1449,2995,33,2794,47,3,52,0,26,40,2316,25,2171,35,3,37,0,21,24,NA,78900,78865,NA,NA,12840,101,27,1,8,710.8732554827684,525.9538592993449
25021001450,MA,021,1450,3002,39,2852,51,7,13,0,10,30,2345,23,2240,36,6,10,0,6,24,NA,78900,78865,NA,NA,12840,101,27,1,8,719.774518180955,532.5396373302952
25021001451,MA,021,1451,2739,10,2683,8,2,13,0,10,13,2102,7,2065,4,2,9,0,6,9,NA,78900,78865,NA,NA,12840,100,27,1,8,645.1880755720118,477.3553593468148
25021001452,MA,021,1452,3134,61,2892,67,12,43,0,13,46,2439,36,2278,44,9,35,0,8,29,NA,78900,78865,NA,NA,12840,101,27,1,8,748.6268869268015,553.8866419823412
25021001453,MA,021,1453,3161,39,2987,44,6,38,5,8,34,2362,19,2264,27,5,29,4,4,10,NA,78900,78865,NA,NA,12840,101,27,1,8,724.9924997626507,536.4002658311972
25021001454,MA,021,1454,3351,19,3217,34,5,33,0,18,25,2520,13,2428,24,4,23,0,16,12,NA,78900,78865,NA,NA,12840,100,27,1,8,773.4890344631159,572.281401310168
25021001455,MA,021,1455,3693,72,3198,127,7,193,4,16,76,3030,55,2663,97,6,157,4,11,37,NA,78900,78865,NA,NA,12840,101,27,1,8,930.0284819139847,688.1002563372259
25021001456,MA,021,1456,3057,67,2766,96,6,76,0,10,36,2452,44,2247,74,4,58,0,9,16,NA,78900,78865,NA,NA,12840,101,27,1,8,752.6171081363334,556.8388873065603
25021001457,MA,021,1457,3325,28,3159,37,5,35,0,19,42,2632,16,2517,30,2,26,0,13,28,NA,78900,78865,NA,NA,12840,101,27,1,8,807.8663248836988,597.7161302572866
25021001458,MA,021,1458,2956,29,2837,21,0,43,0,1,25,2162,16,2083,16,0,34,0,0,13,NA,78900,78865,NA,NA,12840,100,27,1,8,663.6044811544668,490.9811069970568
25021001459,MA,021,1459,2484,60,2205,43,10,64,2,22,78,2128,39,1913,37,4,56,2,17,60,NA,78900,78865,NA,NA,12840,100,27,1,8,653.1685179910756,483.25984999525303
25021001460,MA,021,1460,2669,57,2483,77,8,21,2,2,19,1939,33,1824,48,5,17,2,2,8,NA,78900,78865,NA,NA,12840,101,27,1,8,595.156840406342,440.3387448969904
25021001461,MA,021,1461,4175,35,4033,20,1,56,1,8,21,2970,17,2899,11,1,29,1,5,7,NA,NA,82315,13290,06510,04950,106,26,4,3,522.3520147000919,580.8242551515947
25021001462,MA,021,1462,2910,35,2817,10,5,17,0,9,17,2083,23,2022,6,2,16,0,5,9,NA,25100,82315,13290,06510,05010,106,26,4,3,366.3499146869668,407.35923349520937
25021001463,MA,021,1463,3469,13,3398,30,6,11,0,0,11,2566,8,2514,22,4,10,0,0,8,NA,25100,82315,13290,06510,05010,106,26,4,3,451.29807061294133,501.81651135319595
25023001464,MA,023,1464,3398,20,3324,24,2,13,0,4,11,2563,14,2515,14,1,10,0,4,5,NA,00135,00170,NA,NA,01650,119,28,1,8,628.0729732216803,680.432041961903
25023001465,MA,023,1465,3214,19,3069,38,4,19,0,21,44,2434,10,2346,25,3,12,0,16,22,NA,00135,00170,NA,NA,01650,119,28,1,8,596.4610288027974,646.1847796079875
25023001466,MA,023,1466,3827,24,3715,17,9,20,1,9,32,2838,14,2765,15,8,15,1,6,14,NA,00135,00170,NA,NA,01650,119,24,1,8,695.4627772154229,753.4397717861415
25023001467,MA,023,1467,4166,40,4055,28,2,15,0,2,24,3032,19,2961,21,2,10,0,2,17,NA,00135,00170,NA,NA,01650,119,24,1,8,743.0032207600993,804.9434066439679
25023001468,MA,023,1468,3906,22,3670,101,9,33,0,29,42,2744,18,2589,68,4,23,0,20,22,NA,56095,08085,NA,NA,03030,120,4,5,10,406.5132852729145,413.01297631307926
25023001469,MA,023,1469,3342,35,3234,22,5,19,0,10,17,2426,18,2358,16,5,13,0,10,6,NA,08050,08085,NA,NA,03030,122,4,5,10,359.40278063851696,365.1492276004119
25023001470,MA,023,1470,6076,61,5539,71,12,36,4,315,38,4402,49,3933,50,11,27,2,309,21,NA,08050,08085,05610,10830,03030,120,4,5,10,652.1397528321319,662.5667353244078
25023001471,MA,023,1471,3215,353,2118,603,23,36,0,34,48,2890,346,1813,603,23,30,0,32,43,NA,NA,08085,05610,10830,03030,120,4,5,10,428.14263645726055,434.9881565396499
25023001472,MA,023,1472,2408,152,1424,23,2,23,0,768,16,2171,139,1213,20,0,19,0,768,12,NA,08050,08085,NA,NA,03030,120,4,5,10,321.6254891864058,326.76791967044284
25023001473,MA,023,1473,2958,30,2720,94,1,55,1,20,37,2275,23,2117,63,1,39,1,14,17,NA,08050,08085,NA,NA,03030,120,4,5,10,337.0326982492276,342.42147270854787
25023001474,MA,023,1474,3280,40,3070,45,3,67,0,9,46,2512,22,2358,38,3,59,0,6,26,NA,08050,08085,NA,NA,03030,122,4,5,10,372.14335736354275,378.09351184346036
25023001475,MA,023,1475,3640,323,1635,846,3,152,2,298,381,2565,187,1322,528,2,100,1,196,229,NA,09000,09000,NA,NA,03090,123,28,10,10,553.8967670830273,507.6853049228509
25023001476,MA,023,1476,3681,135,2754,336,6,111,0,101,238,2925,90,2289,237,6,74,0,79,150,NA,09000,09000,NA,NA,03090,121,28,10,10,631.6366642174871,578.9393828067598
25023001477,MA,023,1477,3397,214,1962,738,4,85,0,168,226,2488,131,1567,458,1,67,0,133,131,NA,09000,09000,NA,NA,03090,123,28,10,10,537.2690668626011,492.4448493754593
25023001478,MA,023,1478,3243,74,2688,249,3,116,0,32,81,2627,50,2248,163,2,88,0,21,55,NA,09000,09000,NA,NA,03090,121,28,10,10,567.2853049228509,519.9568405584129
25023001479,MA,023,1479,3688,485,984,926,7,66,2,759,459,2422,284,773,573,5,44,2,469,272,NA,09000,09000,NA,NA,03090,123,28,1,10,523.0167523879501,479.38160176340926
25023001480,MA,023,1480,3148,501,1125,787,16,23,1,326,369,2241,291,964,517,13,17,1,212,226,NA,09000,09000,NA,NA,03090,121,28,10,10,483.9308596620132,443.5566348273328
25023001481,MA,023,1481,3700,628,1073,729,10,62,0,841,357,2302,349,768,422,8,39,0,504,212,NA,09000,09000,NA,NA,03090,121,28,10,10,497.10345334313,455.63024246877296
25023001482,MA,023,1482,3562,241,2003,640,10,85,0,254,329,2548,157,1590,386,6,52,0,171,186,NA,09000,09000,NA,NA,03090,121,28,10,10,550.2257163850111,504.32052902277735
25023001483,MA,023,1483,2905,244,1414,569,16,49,0,346,267,1964,144,1077,342,5,30,0,226,140,NA,09000,09000,NA,NA,03090,121,28,10,10,424.11432770022043,388.7305804555474
25023001484,MA,023,1484,4249,364,2107,806,8,84,0,461,419,2895,197,1604,490,5,53,0,289,257,NA,09000,09000,NA,NA,03090,121,28,10,10,625.1583394562821,573.0015429831006
25023001485,MA,023,1485,3000,130,2453,219,1,77,0,49,71,2288,79,1945,136,0,58,0,30,40,NA,09000,09000,NA,NA,03090,121,28,10,10,494.0802351212344,452.85925055106543
25023001486,MA,023,1486,3101,62,2562,235,2,125,1,43,71,2451,40,2096,150,2,87,1,28,47,NA,09000,09000,NA,NA,03090,121,28,10,10,529.2791329904481,485.12151359294637
25023001487,MA,023,1487,3401,469,1123,524,11,81,2,723,468,2288,265,884,319,9,54,0,465,292,NA,09000,09000,NA,NA,03090,121,28,10,10,494.0802351212344,452.85925055106543
25023001488,MA,023,1488,3370,216,2251,494,12,34,1,192,170,2427,136,1704,338,10,24,1,125,89,NA,09000,09000,NA,NA,03090,121,28,10,10,524.0964731814842,480.37124173401907
25023001489,MA,023,1489,2951,254,1757,643,6,20,0,109,162,2044,145,1331,398,5,15,0,61,89,NA,09000,09000,NA,NA,03090,122,28,10,10,441.3898603967671,404.56481998530495
25023001490,MA,023,1490,3455,237,2367,501,11,52,7,155,125,2617,149,1907,342,7,30,3,95,84,NA,09000,09000,NA,NA,03090,121,28,10,10,565.1258633357825,517.9775606171931
25023001491,MA,023,1491,3460,475,1488,764,17,42,0,303,371,2280,252,1118,470,15,30,0,183,212,NA,09000,09000,NA,NA,03090,123,28,1,10,492.3526818515797,451.2758265980896
25023001492,MA,023,1492,3495,210,2392,496,1,65,1,111,219,2566,132,1870,328,1,41,1,68,125,NA,09000,09000,NA,NA,03090,122,28,1,10,554.112711241734,507.88323291697276
25023001493,MA,023,1493,3528,371,2017,652,8,39,0,248,193,2517,223,1597,426,5,22,0,152,92,NA,09000,09000,NA,NA,03090,122,28,10,10,543.5314474650993,498.1847612049964
25023001494,MA,023,1494,3256,122,2598,340,6,31,1,66,92,2496,79,2067,229,6,16,1,47,51,NA,09000,09000,NA,NA,03090,122,28,1,10,538.9966201322557,494.028273328435
25023001495,MA,023,1495,2980,299,1746,430,33,55,6,203,208,2069,175,1326,265,17,35,1,118,132,NA,09000,09000,NA,NA,03090,122,28,1,10,446.7884643644379,409.5130198383541
25023001496,MA,023,1496,3190,128,2358,425,8,72,1,59,139,2371,77,1850,264,7,56,1,33,83,NA,09000,09000,NA,NA,03090,122,28,1,10,512.0036002939015,469.2872740631888
25023001497,MA,023,1497,3284,206,2240,510,14,69,1,105,139,2413,124,1761,327,8,49,0,64,80,NA,09000,09000,NA,NA,03090,122,28,1,10,521.0732549595886,477.60024981631153
25023001498,MA,023,1498,3033,95,2484,317,11,48,0,15,63,2264,61,1913,202,7,35,0,10,36,NA,09000,09000,NA,NA,03090,122,28,1,10,488.89757531227036,448.1089786921381
25023001499,MA,023,1499,3360,292,1324,862,13,83,0,424,362,2373,179,1078,543,8,59,0,280,226,NA,09000,09000,NA,NA,03090,123,28,1,10,512.4354886113152,469.6831300514327
25023001500,MA,023,1500,3395,318,1825,602,15,129,0,279,227,2438,169,1501,369,10,81,0,179,129,NA,09000,09000,NA,NA,03090,123,28,1,10,526.4718589272594,482.54844966936076
25023001501,MA,023,1501,3336,256,1833,796,15,97,0,91,248,2581,170,1568,552,12,67,0,63,149,NA,09000,09000,NA,NA,03090,123,28,1,10,557.3518736223366,510.8521528288024
25023001502,MA,023,1502,3496,203,2339,477,9,92,1,210,165,2590,127,1868,311,5,57,1,129,92,NA,09000,09000,NA,NA,03090,123,28,1,10,559.295371050698,512.6335047759001
25023001503,MA,023,1503,3596,22,3408,44,5,12,0,35,70,2424,11,2305,31,4,7,0,30,36,NA,NA,11665,09780,10830,03360,124,4,5,8,524.9312638580931,596.8928307464893
25023001504,MA,023,1504,4031,41,3819,56,4,10,1,37,63,2869,33,2725,44,3,7,1,25,31,NA,NA,11665,09720,NA,03360,114,4,5,8,621.2985957132299,706.4709288001972
25023001505,MA,023,1505,3536,28,3409,35,1,12,0,13,38,2825,12,2753,20,1,5,0,12,22,NA,78410,11665,09720,NA,03360,114,4,5,8,611.770140428677,695.6362404533136
25023001506,MA,023,1506,2515,14,2453,6,6,18,0,1,17,1811,6,1779,4,4,10,0,1,7,NA,63690,17895,06540,10830,04410,118,27,1,8,315.9750749329547,343.97286638271027
25023001507,MA,023,1507,2193,18,2134,6,2,14,0,6,13,1591,12,1553,5,2,7,0,6,6,NA,17860,17895,09720,10830,04410,118,27,1,8,277.5904716832308,302.18709575642845
25023001508,MA,023,1508,2441,15,2374,15,1,22,0,0,14,1627,6,1594,10,1,9,0,0,7,NA,63690,17895,NA,NA,04410,118,27,1,8,283.87158857864017,309.0247673134564
25023001509,MA,023,1509,2416,25,2351,7,3,26,0,0,4,1654,12,1622,6,1,11,0,0,2,NA,38820,17895,09420,10830,04410,118,27,1,8,288.58242625019716,314.1530209812273
25023001510,MA,023,1510,2256,17,2187,24,1,5,0,8,14,1535,12,1486,18,1,4,0,6,8,NA,NA,17895,09420,10830,04410,118,27,1,8,267.8198454014829,291.5507177788295
25023001511,MA,023,1511,2427,13,2351,33,0,7,0,18,5,1818,9,1755,28,0,5,0,18,3,NA,33185,17895,06540,10830,04410,118,27,1,8,317.19640321817326,345.3024136299101
25023001512,MA,023,1512,4336,23,4184,43,3,29,0,12,42,3168,19,3062,31,3,23,0,7,23,NA,09000,18455,NA,NA,04440,119,28,5,10,517.6249466040153,773.3925672789406
25023001513,MA,023,1513,4479,49,4292,30,10,23,2,19,54,3206,27,3088,20,5,15,2,10,39,NA,NA,18455,05610,10830,04440,119,28,5,10,523.8338316958565,782.6693720632209
25023001514,MA,023,1514,4159,25,4027,49,8,9,2,5,34,2990,15,2903,31,6,7,2,3,23,NA,NA,18455,NA,NA,04440,119,28,5,10,488.5412217001281,729.9380606578385
25023001515,MA,023,1515,3728,11,3654,10,1,5,0,15,32,2862,9,2810,8,1,4,0,13,17,NA,NA,27795,05610,10830,03030,120,4,5,9,554.0840185913479,780.219878441187
25023001516,MA,023,1516,3772,30,3682,12,1,14,0,7,26,2732,18,2672,9,1,8,0,7,17,NA,NA,27795,05610,10830,12930,124,4,5,9,528.9159814086521,744.780121558813
25023001517,MA,023,1517,5249,60,5077,31,5,42,1,5,28,3517,40,3411,18,2,31,1,3,11,NA,NA,28285,NA,NA,05790,117,28,1,8,912.8294925889862,1092.427458617332
25023001518,MA,023,1518,3935,17,3843,21,1,19,0,13,21,2903,10,2841,17,1,9,0,10,15,NA,48710,28285,09420,10830,05790,117,28,1,8,753.467164340582,901.7108081791625
25023001519,MA,023,1519,3980,13,3878,13,4,40,0,2,30,2823,9,2768,7,2,27,0,2,8,NA,NA,28285,NA,NA,05790,117,28,1,8,732.7033430704316,876.8617332035053
25023001520,MA,023,1520,3542,23,3460,6,6,14,0,3,30,2519,12,2471,4,2,14,0,2,14,NA,28460,28495,09420,10830,12930,118,29,5,10,545.7278731836195,663.3033905768384
25023001521,MA,023,1521,2888,16,2831,11,0,8,0,5,17,2109,9,2068,8,0,8,0,4,12,NA,28460,28495,09420,10830,12930,118,29,5,8,456.9035667107001,555.34214002642
25023001522,MA,023,1522,3065,26,2853,84,15,11,0,29,47,2185,13,2041,68,12,5,0,24,22,NA,NA,28495,05610,10830,12930,118,29,5,10,473.36856010568033,575.3544693967416
25023001523,MA,023,1523,4654,37,4514,23,1,31,1,3,44,3425,21,3344,12,1,24,1,1,21,NA,30175,30210,NA,NA,06090,115,27,1,8,1071.3405721444979,1291.1394167188696
25023001524,MA,023,1524,3803,31,3692,24,1,25,0,5,25,2740,14,2683,13,1,18,0,2,9,NA,30175,30210,NA,NA,06090,115,27,1,8,857.0724577155983,1032.9115333750958
25023001525,MA,023,1525,3941,24,3860,6,0,19,1,4,27,2862,11,2816,5,0,12,0,3,15,NA,30175,30210,NA,NA,06090,115,27,1,8,895.2340780956359,1078.9024848611402
25023001526,MA,023,1526,3710,34,3543,21,3,60,0,8,41,2743,24,2638,18,3,35,0,6,19,NA,78900,30210,NA,NA,06090,115,27,1,8,858.0108582167467,1034.0424584116379
25023001527,MA,023,1527,3774,23,3665,5,0,40,0,1,40,2597,12,2541,4,0,21,0,1,18,NA,30175,30210,NA,NA,06090,115,27,1,8,812.3420338275214,979.0041066332568
25023001528,MA,023,1528,3888,43,3744,20,12,15,0,21,33,2951,31,2854,15,5,10,0,12,24,NA,31680,31645,NA,NA,06420,115,27,1,8,1175.0865650969529,810.2988227146814
25023001529,MA,023,1529,3708,32,3582,9,4,40,1,6,34,2825,24,2732,5,4,34,1,6,19,NA,31680,31645,NA,NA,06420,115,27,1,8,1124.9134349030471,775.7011772853185
25023001530,MA,023,1530,3454,45,3316,10,16,40,4,1,22,2836,22,2743,7,10,31,4,1,18,NA,31680,31645,NA,NA,06420,115,27,1,8,456.91575739703137,574.0021625872407
25023001531,MA,023,1531,4232,43,4054,54,7,18,0,15,41,2945,28,2845,31,3,12,0,9,17,NA,33185,33220,06540,10830,03360,124,29,1,8,571.4899344569288,623.5375702247192
25023001532,MA,023,1532,4230,28,4119,25,2,18,1,10,27,2988,20,2914,20,2,11,1,8,12,NA,33185,33220,06540,10830,NA,124,29,1,8,579.8342696629213,632.6418539325842
25023001533,MA,023,1533,3318,17,3197,33,5,15,0,13,38,2611,13,2528,23,4,9,0,9,25,NA,33185,33220,06540,10830,04410,124,29,1,8,506.6757958801498,552.8205758426966
25023001534,MA,023,1534,5472,51,5307,15,4,28,0,17,50,3790,20,3701,9,3,19,0,13,25,NA,48220,33920,06570,05070,11520,18,4,5,9,649.3951726073533,880.2203199550939
25023001535,MA,023,1535,4349,53,4177,14,9,30,1,17,48,3336,29,3236,8,6,19,1,12,25,NA,48220,33920,06570,05070,07770,20,4,5,9,571.6048273926466,774.779680044906
25023001536,MA,023,1536,5123,28,4703,80,5,18,4,173,112,3838,16,3528,68,5,11,2,138,70,NA,38575,38540,07290,09150,12060,19,4,5,9,935,1074
25023001537,MA,023,1537,3460,18,3391,12,3,7,0,6,23,2591,13,2542,10,3,3,0,5,15,NA,50862,38855,NA,NA,07350,116,27,1,8,587.6813438028029,599.7852102176721
25023001538,MA,023,1538,3870,24,3797,4,2,9,1,11,22,2772,13,2722,4,0,3,1,10,19,NA,27147,38855,NA,NA,07350,116,27,1,8,628.7351157936587,641.684524401153
25023001539,MA,023,1539,4251,26,4163,12,1,17,0,6,26,3104,21,3038,8,0,11,0,2,24,NA,50862,38855,NA,NA,07350,116,27,1,8,704.0381671802007,718.5385150581453
25023001540,MA,023,1540,4745,45,4504,49,7,25,1,61,53,3355,30,3192,35,5,17,1,44,31,NA,38820,38855,09420,10830,07350,116,27,1,8,760.9690885597853,776.6419838982208
25023001541,MA,023,1541,3662,36,3547,37,4,14,1,3,20,2696,18,2628,23,3,11,1,1,11,NA,38820,38855,NA,NA,07350,116,27,1,8,611.497067885896,624.0914422025643
25023001542,MA,023,1542,4336,14,4248,10,6,19,1,5,33,3142,8,3097,5,2,13,1,2,14,NA,38960,38855,NA,NA,07350,116,27,1,8,712.6571911340822,727.3350561574397
25023001543,MA,023,1543,6268,36,6017,39,8,41,2,67,58,4772,23,4600,28,6,28,1,53,33,NA,39485,39450,07470,09150,04800,19,4,5,9,1464,1479
25023001544,MA,023,1544,3569,27,3435,24,4,9,3,17,50,2572,15,2487,21,2,6,3,8,30,NA,40885,40850,06570,05070,07770,124,4,5,9,466.50156000832004,584.7318865700616
25023001545,MA,023,1545,2876,30,2666,73,6,27,0,16,58,2094,13,1978,38,5,16,0,10,34,NA,40885,40850,06570,05070,07770,124,4,5,9,379.80336961797127,476.06087499133326
25023001546,MA,023,1546,3911,29,3759,40,2,12,0,22,47,2828,13,2721,33,2,10,0,17,32,NA,48220,40850,10140,09150,07770,19,4,5,9,512.9340636483395,642.9322609720585
25023001547,MA,023,1547,3079,31,2946,36,8,16,0,12,30,2299,17,2206,27,6,13,0,10,20,NA,40885,40850,NA,NA,07770,124,4,5,9,416.9856479234556,522.6666435554323
25023001548,MA,023,1548,3350,11,3247,34,4,15,3,8,28,2364,4,2302,20,4,10,2,5,17,NA,40885,40850,09780,10830,07770,124,4,5,9,428.7751508008043,537.4440823684394
25023001549,MA,023,1549,3156,28,3004,41,19,8,0,21,35,2266,14,2170,27,14,6,0,15,20,NA,48220,40850,06570,05070,07770,19,4,5,9,411.00020800110934,515.164251542675
25023001550,MA,023,1550,3359,12,3272,15,2,37,0,2,19,2494,10,2435,13,2,23,0,0,11,NA,NA,50145,NA,NA,09030,117,24,1,8,679.5640326975476,885.5792341890148
25023001551,MA,023,1551,3162,31,3040,20,1,45,0,5,20,2217,17,2149,14,1,25,0,0,11,NA,48710,50145,09420,10830,09030,117,24,1,8,604.0871934604904,787.2209952674601
25023001552,MA,023,1552,3244,19,3166,1,2,31,0,5,20,2262,10,2219,1,1,19,0,4,8,NA,38960,50145,NA,NA,09030,117,24,1,8,616.3487738419619,803.1997705435251
25023001553,MA,023,1553,4164,30,4034,20,0,44,0,0,36,2934,14,2860,13,0,34,0,0,13,NA,48710,52630,09420,10830,07350,118,29,5,8,644.3094114725602,705.2674447479513
25023001554,MA,023,1554,4548,26,4431,24,1,22,0,3,41,3191,14,3122,16,1,14,0,3,21,NA,28460,52630,09420,10830,12930,118,29,5,8,700.7468752586707,767.0444499627515
25023001555,MA,023,1555,4108,12,4013,20,7,10,1,18,27,2986,5,2931,18,3,5,1,12,11,NA,28460,52630,09420,10830,12930,118,29,5,8,655.7286648456253,717.7670722622299
25023001556,MA,023,1556,4107,22,4036,18,1,9,1,5,15,2970,16,2925,10,1,5,1,3,9,NA,NA,52630,09420,10830,04410,118,29,5,8,652.2150484231438,713.9210330270673
25023001557,MA,023,1557,3505,36,3260,70,5,21,0,24,89,2642,24,2500,38,1,14,0,13,52,NA,48780,54310,09720,10830,04410,113,29,1,8,460.96418993532103,501.8091181574381
25023001558,MA,023,1558,2711,41,2576,45,6,7,0,17,19,2152,26,2071,23,4,6,0,12,10,NA,54275,54310,09720,NA,NA,113,29,1,8,469.9139881285698,479.2532198454474
25023001559,MA,023,1559,3938,35,3680,69,8,47,2,20,77,3181,27,2987,51,6,37,2,18,53,NA,54275,54310,09720,NA,NA,113,29,1,8,694.6079908164407,708.4128681823272
25023001560,MA,023,1560,3894,31,3668,82,11,25,1,32,44,3064,15,2923,55,9,13,1,20,28,NA,54275,54310,09720,NA,NA,113,29,1,8,669.0596931347295,682.3568148728862
25023001561,MA,023,1561,4820,397,3896,372,15,34,0,28,78,3952,350,3118,354,15,24,0,25,66,NA,54275,54310,09720,NA,99998,113,29,1,8,862.9647216933588,880.1155784522343
25023001562,MA,023,1562,3994,31,3899,14,8,7,0,4,31,2934,20,2875,11,7,4,0,2,15,NA,NA,54310,09720,NA,99998,113,29,1,8,640.6726957106059,653.4056445290626
25023001563,MA,023,1563,4412,57,4244,26,8,14,0,24,39,3063,36,2959,17,5,9,0,13,24,NA,NA,54310,09720,NA,99998,113,29,1,8,668.8413316160825,682.134113562549
25023001564,MA,023,1564,5322,43,5110,35,12,32,8,17,65,3879,26,3746,24,9,24,3,10,37,NA,58965,54310,09720,NA,02820,113,29,1,8,847.02433083212,863.8583827976257
25023001565,MA,023,1565,5466,80,5191,42,12,30,1,43,67,3591,45,3430,30,8,16,0,24,38,NA,10015,54310,09720,NA,02820,113,29,1,8,784.1362134617538,799.7204054205398
25023001566,MA,023,1566,3161,28,3043,28,1,23,3,14,21,2335,17,2261,19,1,16,1,10,10,NA,NA,54310,09720,NA,03360,113,29,1,8,509.87414604099,520.0075596371374
25023001567,MA,023,1567,3328,22,3223,33,13,12,0,3,22,2541,14,2467,26,9,9,0,3,13,NA,NA,54310,09720,NA,03360,124,29,1,8,554.8566188822937,565.8840295665808
25023001568,MA,023,1568,3946,55,3692,84,6,24,1,18,66,2647,35,2499,54,6,18,0,7,28,NA,79390,54310,09720,NA,12060,113,29,1,8,578.0029398588867,589.4903684623138
25023001569,MA,023,1569,3204,14,3117,24,6,16,1,1,25,2377,6,2323,14,4,12,1,0,17,NA,48780,54310,09720,10830,03360,124,29,1,8,519.0453298241684,529.3610146712958
25023001570,MA,023,1570,2637,11,2548,26,16,9,0,10,17,1884,8,1827,17,11,5,0,4,12,NA,NA,54415,09780,10830,03360,124,29,5,8,405,583
25023001571,MA,023,1571,4581,17,4416,29,9,16,0,48,46,3353,8,3234,23,7,11,0,40,30,NA,78410,57600,10140,09150,12060,19,4,5,9,718,874
25023001572,MA,023,1572,2141,20,2066,26,1,15,0,1,12,1595,11,1547,20,1,9,0,0,7,NA,NA,57775,NA,NA,10170,117,24,1,8,351.74438288704215,348.30794090489377
25023001573,MA,023,1573,1983,17,1893,31,0,16,0,3,23,1449,12,1384,28,0,13,0,2,10,NA,00135,57775,NA,NA,10170,117,24,1,8,319.5470914127424,316.4252077562327
25023001574,MA,023,1574,1992,14,1901,38,5,16,0,1,17,1648,5,1581,31,3,15,0,1,12,NA,00135,57775,NA,NA,10170,117,24,1,8,363.43244075100034,359.881809787627
25023001575,MA,023,1575,1891,21,1746,22,0,30,0,41,31,1374,11,1279,18,0,20,0,27,19,NA,00135,57775,NA,NA,10170,117,24,1,8,303.00738688827334,300.0470914127424
25023001576,MA,023,1576,2025,28,1888,25,1,30,0,27,26,1484,20,1380,20,1,23,0,26,14,NA,NA,57775,NA,NA,10170,117,24,1,8,327.265620190828,324.0683287165282
25023001577,MA,023,1577,2006,30,1885,35,3,20,0,6,27,1464,17,1386,23,3,14,0,4,17,NA,00135,57775,NA,NA,10170,117,24,5,8,322.8550323176362,319.7008310249308
25023001578,MA,023,1578,1830,11,1759,13,7,23,0,0,17,1382,5,1335,13,3,15,0,0,11,NA,NA,57775,NA,NA,10170,117,24,5,8,304.77162203755,301.79409048938135
25023001579,MA,023,1579,3802,39,3503,102,8,38,0,19,93,2600,23,2441,53,5,26,0,12,40,NA,00135,57775,NA,NA,10170,117,28,5,8,573.3764235149276,567.774699907664
25023001580,MA,023,1580,3093,26,3003,6,0,16,0,6,36,2213,19,2158,4,0,10,0,3,19,NA,49165,60330,NA,NA,10560,116,27,1,8,1021.2072916666666,1115.4646990740741
25023001581,MA,023,1581,2909,26,2820,21,0,5,0,20,17,2142,15,2089,15,0,2,0,15,6,NA,60295,60330,NA,NA,10560,116,27,1,8,988.44375,1079.6770833333333
25023001582,MA,023,1582,2906,23,2817,4,0,17,0,26,19,2101,14,2046,3,0,8,0,19,11,NA,49165,60330,NA,NA,10560,116,27,1,8,338.49788656246926,425.2392607883613
25023001583,MA,023,1583,3068,27,2910,32,3,23,0,29,44,2462,17,2368,16,1,19,0,21,20,NA,60295,60330,NA,NA,10560,116,27,1,8,558.4220256435742,569.9232680648047
25023001584,MA,023,1584,2864,25,2747,6,2,2,2,63,17,2050,14,1972,5,2,1,0,48,8,NA,49165,60330,NA,NA,10560,116,27,1,8,945.9895833333334,1033.304398148148
25023001585,MA,023,1585,3023,21,2885,11,0,12,0,58,36,2235,15,2144,8,0,11,0,40,17,NA,60295,60330,NA,NA,10560,116,27,1,8,1031.359375,1126.5538194444446
25023001586,MA,023,1586,4618,56,4110,108,28,18,1,151,146,3488,27,3176,64,19,10,1,108,83,NA,73020,72985,07290,09150,12060,114,29,5,9,770.0602111299362,882.5690082106087
25023001587,MA,023,1587,4062,43,3475,154,7,25,0,251,107,3167,23,2748,108,7,20,0,201,60,NA,51160,72985,09720,NA,12060,114,29,5,9,699.1917111950997,801.3463443242539
25023001588,MA,023,1588,3651,59,3045,140,18,13,4,229,143,2795,31,2386,100,12,10,3,175,78,NA,51160,72985,07290,09150,12060,114,29,5,9,617.0637299622051,707.2191450540857
25023001589,MA,023,1589,4458,91,3958,91,36,19,3,149,111,3132,63,2819,55,25,16,3,101,50,NA,79390,72985,09720,09150,12060,114,29,5,9,691.4646161866284,792.4902906294799
25023001590,MA,023,1590,3546,43,3058,73,19,14,1,190,148,2764,23,2410,60,17,12,1,143,98,NA,78410,72985,10140,09150,12060,114,29,5,9,610.2197315261305,699.3752117815717
25023001591,MA,023,1591,3383,28,3247,41,4,24,0,10,29,2636,15,2547,31,2,18,0,8,15,NA,09000,75260,NA,NA,12420,122,25,5,10,596.121756097561,356.9529756097561
25023001592,MA,023,1592,3251,39,3101,21,13,21,0,5,51,2489,24,2397,17,5,12,0,3,31,NA,09000,75260,NA,NA,12420,122,25,5,10,562.878243902439,337.0470243902439
25023001593,MA,023,1593,3845,36,3723,34,6,12,0,7,27,2809,18,2733,26,6,12,0,1,13,NA,09000,79530,NA,NA,12930,119,28,1,10,628.9795456780411,767.371619628282
25023001594,MA,023,1594,3318,23,3229,13,0,27,1,1,24,2439,16,2380,10,0,19,1,0,13,NA,00135,79530,NA,NA,12930,119,28,1,10,546.130691316747,666.2938342019864
25023001595,MA,023,1595,2623,17,2546,19,7,4,0,4,26,1941,14,1885,11,5,4,0,2,20,NA,NA,79530,NA,NA,12930,119,28,1,10,434.62061166289703,530.2485986822696
25023001596,MA,023,1596,4096,46,3936,21,3,15,0,13,62,2980,26,2881,14,3,11,0,9,36,NA,00135,79530,NA,NA,12930,119,28,1,10,667.2691513423149,814.0859474874619
25023ZZZZZZ,MA,023,ZZZZZZ,0,0,0,0,0,0,0,0,0,0,0,0,0,0,0,0,0,0,NA,07000,00000,09720,09150,99998,ZZZ,ZZZ,5,9,0,0
25025001597,MA,025,1597,2072,566,1333,33,1,60,0,16,63,1665,390,1127,27,1,56,0,14,50,NA,07000,07000,NA,NA,02790,125,33,9,7,250.84294785235616,172.24690838520044
25025001598,MA,025,1598,2670,1292,1127,39,2,74,0,40,96,2095,952,960,32,1,52,0,32,66,NA,07000,07000,NA,NA,02790,125,33,9,7,315.62521066107274,216.7310949351321
25025001599,MA,025,1599,4472,2010,1563,364,13,292,6,121,103,3245,1338,1355,178,10,202,1,85,76,NA,07000,07000,NA,NA,02790,125,33,9,7,488.88009956810555,335.70043105704235
25025001600,MA,025,1600,2265,1336,732,30,12,38,0,44,73,1798,1038,595,23,10,33,0,39,60,NA,07000,07000,NA,NA,02790,125,33,9,7,270.88025239551735,186.00597073669093
25025001601,MA,025,1601,2900,1397,1227,37,3,78,0,42,116,2258,1041,1009,25,3,52,0,34,94,NA,07000,07000,NA,NA,02790,125,33,9,7,340.1822079583305,233.59370518545504
25025001602,MA,025,1602,3060,1616,1168,76,5,77,2,41,75,2348,1196,944,55,2,58,2,36,55,NA,07000,07000,NA,NA,02790,125,33,9,7,353.74128622062,242.90434888195233
25025001603,MA,025,1603,3008,1405,1154,77,8,170,0,68,126,2200,964,923,51,7,110,0,55,90,NA,07000,07000,NA,NA,02790,125,33,9,7,331.44413530041055,227.59351258104564
25025001604,MA,025,1604,3547,1448,1526,101,6,358,0,16,92,2620,982,1243,60,4,254,0,16,61,NA,07000,07000,NA,NA,02790,125,33,9,7,394.7198338577616,271.04318316469977
25025001605,MA,025,1605,2520,944,1339,53,6,65,0,14,99,1942,682,1087,38,4,50,0,13,68,NA,07000,07000,NA,NA,02790,125,33,9,7,292.57477761518055,200.90300065108664
25025001606,MA,025,1606,2188,1117,841,45,2,82,1,12,88,1648,803,668,34,0,68,1,11,63,NA,07000,07000,NA,NA,02790,125,33,9,7,248.2817886250348,170.48823124252874
25025001607,MA,025,1607,3387,525,2670,73,3,55,1,5,55,2690,352,2187,62,3,36,1,4,45,NA,07000,07000,NA,NA,02790,125,33,9,7,405.2657836173202,278.28479492864216
25025001608,MA,025,1608,1981,177,1742,10,4,20,1,0,27,1618,126,1441,10,2,17,1,0,21,NA,07000,07000,NA,NA,02790,125,33,9,7,243.76209587093828,167.38468334369628
25025001609,MA,025,1609,3243,1030,1738,229,6,150,0,19,71,2337,626,1422,107,3,106,0,16,57,NA,07000,07000,NA,NA,02790,125,33,9,7,352.08406554411795,241.76638131904713
25025001610,MA,025,1610,1100,127,918,10,0,23,0,2,20,900,85,776,7,0,12,0,1,19,NA,07000,07000,NA,NA,02790,125,33,9,7,135.59078262289523,93.10643696497321
25025001611,MA,025,1611,640,120,260,244,3,4,1,2,6,631,117,258,240,3,4,1,2,6,NA,07000,07000,08220,NA,02790,125,30,1,7,95.06420426116321,65.277957472109
25025001612,MA,025,1612,1564,30,1454,3,1,70,0,0,6,1444,27,1345,3,1,62,0,0,6,NA,07000,07000,NA,NA,02790,126,32,9,7,217.54787789717858,149.38410553046813
25025001613,MA,025,1613,4515,1084,2514,342,15,471,6,11,72,3258,544,2149,183,12,310,5,7,48,NA,07000,07000,NA,NA,02790,126,32,9,7,490.83863309488066,337.045301813203
25025001614,MA,025,1614,1788,27,1733,2,5,11,0,4,6,1604,20,1558,1,4,11,0,4,6,NA,07000,07000,NA,NA,02790,126,32,9,7,241.65290591902658,165.93636099090781
25025001615,MA,025,1615,2080,541,1211,165,3,129,2,3,26,1525,283,1038,91,2,86,2,3,20,NA,07000,07000,NA,NA,02790,126,32,9,7,229.75104833323914,157.76368485731572
25025001616,MA,025,1616,1683,23,1641,2,0,13,0,0,4,1500,13,1471,2,0,10,0,0,4,NA,07000,07000,NA,NA,02790,126,32,9,7,225.9846377048254,155.17739494162203
25025001617,MA,025,1617,2337,34,2259,7,0,21,0,2,14,1971,21,1913,6,0,19,0,2,10,NA,07000,07000,NA,NA,02790,126,32,9,7,296.9438139441406,203.90309695329134
25025001618,MA,025,1618,1228,25,1134,18,2,38,0,0,11,1069,19,996,12,2,32,0,0,8,NA,07000,07000,NA,NA,02790,126,32,9,7,161.05171847097222,110.58975679506264
25025001619,MA,025,1619,3800,70,3548,43,4,102,2,0,31,3589,60,3379,36,4,80,2,0,28,NA,07000,07000,NA,NA,02790,127,33,10,7,540.7059098150788,371.28778029698765
25025001620,MA,025,1620,1781,30,1702,8,4,17,1,1,18,1711,29,1636,7,4,17,1,1,16,NA,07000,07000,NA,NA,02790,127,33,10,7,257.77314340863745,177.00568183007687
25025001621,MA,025,1621,2190,43,2071,10,3,32,1,3,27,2122,39,2010,10,3,30,1,3,26,NA,07000,07000,NA,NA,02790,127,33,10,7,319.69293413975964,219.5242880440813
25025001622,MA,025,1622,1959,46,1866,6,0,20,1,2,18,1884,40,1798,6,0,19,1,2,18,NA,07000,07000,NA,NA,02790,127,33,10,7,283.8367049572607,194.90280804667728
25025001623,MA,025,1623,4484,276,3064,465,5,567,1,12,94,4124,239,2880,419,5,503,1,10,67,NA,07000,07000,NA,NA,02790,127,33,10,10,621.3070972631332,426.6343844928328
25025001624,MA,025,1624,4568,265,3695,261,13,249,0,8,77,4277,193,3547,216,12,230,0,8,71,NA,07000,07000,NA,NA,02790,127,33,10,10,644.3575303090254,442.4624787768783
25025001625,MA,025,1625,3403,274,2154,223,7,671,2,14,58,3112,214,2087,201,7,542,1,6,54,NA,07000,07000,NA,NA,02790,127,30,10,7,468.8427950249444,321.94136870555184
25025001626,MA,025,1626,5982,301,1795,259,6,3518,1,20,82,5379,247,1745,217,6,3069,1,20,74,NA,07000,07000,NA,NA,02790,127,30,10,7,810.3809108095037,556.4661382606565
25025001627,MA,025,1627,2252,152,1770,128,8,155,2,1,36,2112,124,1697,117,6,133,2,1,32,NA,07000,07000,NA,NA,02790,127,31,9,7,318.1863698883941,218.4897720778038
25025001628,MA,025,1628,3242,203,2048,576,6,288,2,32,87,2912,168,1972,388,6,273,2,31,72,NA,07000,07000,NA,NA,02790,133,31,9,7,438.7115099976343,301.2510493800022
25025001629,MA,025,1629,1488,93,931,337,5,79,1,6,36,1335,76,895,251,5,73,1,5,29,NA,07000,07000,NA,NA,02790,133,31,9,7,201.12632755729456,138.10788149804358
25025001630,MA,025,1630,2579,191,1605,604,2,91,2,12,72,2371,146,1548,520,2,89,1,9,56,NA,07000,07000,NA,NA,02790,133,31,9,7,357.2063839987606,245.28373560439053
25025001631,MA,025,1631,2831,195,1869,343,6,323,1,6,88,2715,180,1828,304,6,315,1,5,76,NA,07000,07000,NA,NA,02790,133,31,9,7,409.0321942457339,280.8710848443358
25025001632,MA,025,1632,2728,225,1795,227,8,387,6,18,62,2641,195,1773,203,8,382,6,14,60,NA,07000,07000,NA,NA,02790,133,31,9,7,397.8836187856292,273.2156666938825
25025001633,MA,025,1633,4134,360,2762,326,12,529,8,20,117,3998,325,2742,277,12,508,6,19,109,NA,07000,07000,NA,NA,02790,133,31,9,7,602.324387695928,413.5994833177366
25025001634,MA,025,1634,5472,361,3932,463,18,540,4,15,139,5336,325,3906,405,18,532,4,13,133,NA,07000,07000,NA,NA,02790,131,31,9,7,803.9026845286321,552.0177196056634
25025001635,MA,025,1635,2624,620,1122,633,3,161,1,9,75,2103,360,1111,428,3,138,1,9,53,NA,07000,07000,NA,NA,02790,131,31,9,7,316.83046206216517,217.55870770815406
25025001636,MA,025,1636,4332,215,3278,200,5,522,2,24,86,4291,207,3260,200,5,508,2,24,85,NA,07000,07000,NA,NA,02790,131,31,9,7,646.4667202609371,443.9108011296667
25025001637,MA,025,1637,6010,268,2977,470,13,2188,0,16,78,5285,201,2909,365,11,1719,0,13,67,NA,07000,07000,NA,NA,02790,127,30,9,7,796.219206846668,546.7416881776483
25025001638,MA,025,1638,3741,383,2566,167,9,488,2,30,96,3624,341,2537,146,9,475,2,28,86,NA,07000,07000,NA,NA,02790,133,31,9,7,545.978884694858,374.9085861789588
25025001639,MA,025,1639,1996,46,1869,12,3,51,0,3,12,1818,38,1704,12,3,48,0,3,10,NA,07000,07000,NA,NA,02790,132,30,9,10,273.8933808982484,188.0750026692459
25025001640,MA,025,1640,2805,91,2425,94,2,157,0,4,32,2680,83,2337,72,2,153,0,4,29,NA,07000,07000,NA,NA,02790,132,33,9,10,403.75921936595466,277.2502789623647
25025001641,MA,025,1641,830,14,797,5,0,12,0,0,2,760,13,729,5,0,11,0,0,2,NA,07000,07000,NA,NA,02790,127,33,9,10,114.49888310377818,78.6232134370885
25025001642,MA,025,1642,2775,98,2503,61,1,79,1,5,27,2659,93,2402,57,1,74,1,5,26,NA,07000,07000,NA,NA,02790,132,30,9,7,400.59543443808707,275.07779543318196
25025001643,MA,025,1643,3022,93,2720,48,3,123,0,7,28,2860,88,2581,44,3,114,0,7,23,NA,07000,07000,NA,NA,02790,132,30,9,7,430.8773758905337,295.8715663553593
25025001644,MA,025,1644,2712,96,2365,24,2,166,0,15,44,2577,92,2237,24,2,163,0,15,44,NA,07000,07000,NA,NA,02790,132,30,9,7,388.24160757689,266.59476450970664
25025001645,MA,025,1645,4113,262,3281,79,12,368,8,9,94,3985,260,3176,76,10,362,6,8,87,NA,07000,07000,NA,NA,02790,132,30,9,7,600.3658541691527,412.2546125615758
25025001646,MA,025,1646,6013,376,4300,170,5,970,3,12,177,5954,371,4256,169,5,963,3,12,175,NA,07000,07000,NA,NA,02790,132,30,9,7,897.0083552630201,615.9508063216116
25025001647,MA,025,1647,1482,41,1373,11,0,45,0,1,11,1390,39,1284,11,0,45,0,1,10,NA,07000,07000,NA,NA,02790,127,33,10,10,209.41243093980484,143.79771931256974
25025001648,MA,025,1648,1819,238,1321,88,9,120,1,0,42,1443,133,1130,48,8,93,1,0,30,NA,07000,07000,NA,NA,02790,128,30,10,10,217.39722147204202,149.2806539338404
25025001649,MA,025,1649,1891,310,1320,77,11,128,1,4,40,1405,157,1077,42,5,94,1,2,27,NA,07000,07000,NA,NA,02790,128,30,10,10,211.6722773168531,145.34949326198597
25025001650,MA,025,1650,1928,28,1748,5,12,88,0,5,42,1637,22,1493,3,8,73,0,3,35,NA,07000,07000,NA,NA,02790,128,30,10,10,246.62456794853276,169.3502636796235
25025001651,MA,025,1651,1681,28,1552,9,2,62,0,1,27,1444,26,1334,9,2,50,0,1,22,NA,07000,07000,NA,NA,02790,128,30,10,7,217.54787789717858,149.38410553046813
25025001652,MA,025,1652,1620,11,1579,1,0,11,0,5,13,1424,10,1388,1,0,11,0,1,13,NA,07000,07000,NA,NA,02790,128,30,10,10,214.53474939444754,147.31507359791317
25025001653,MA,025,1653,1687,10,1645,6,1,6,4,2,13,1481,9,1446,6,1,6,3,1,9,NA,07000,07000,NA,NA,02790,128,30,10,10,223.1221656272309,153.2118146056948
25025001654,MA,025,1654,1674,7,1640,2,6,6,0,1,12,1400,6,1373,2,4,6,0,1,8,NA,07000,07000,NA,NA,02790,128,30,10,10,210.91899519117035,144.83223527884724
25025001655,MA,025,1655,1782,22,1741,1,1,10,0,4,3,1513,16,1481,1,1,10,0,1,3,NA,07000,07000,NA,NA,02790,128,30,10,10,227.94317123160053,156.52226569778276
25025001656,MA,025,1656,1580,17,1543,2,0,10,0,0,8,1357,16,1325,1,0,9,0,0,6,NA,07000,07000,NA,NA,02790,128,30,9,7,204.4407689102987,140.38381662385405
25025001657,MA,025,1657,1654,6,1621,0,3,17,0,0,7,1412,6,1382,0,3,16,0,0,5,NA,07000,07000,NA,NA,02790,128,30,10,7,212.72687229280896,146.0736544383802
25025001658,MA,025,1658,1964,15,1926,0,1,17,1,0,4,1685,14,1654,0,1,11,1,0,4,NA,07000,07000,NA,NA,02790,128,30,10,10,253.85607635508714,174.3159403177554
25025001659,MA,025,1659,2371,67,2261,6,4,14,0,2,17,2019,34,1949,4,3,14,0,2,13,NA,07000,07000,NA,NA,02790,128,30,10,7,304.17532235069496,208.86877359142323
25025001660,MA,025,1660,2075,136,1813,40,2,62,0,0,22,1741,62,1601,20,2,40,0,0,16,NA,07000,07000,NA,NA,02790,128,30,10,10,262.292836162734,180.10922972890927
25025001661,MA,025,1661,2126,335,1470,114,11,171,0,6,19,1596,177,1222,70,8,106,0,2,11,NA,07000,07000,NA,NA,02790,128,30,10,10,240.4476545179342,165.10874821788585
25025001662,MA,025,1662,1968,327,1292,179,3,126,0,1,40,1485,197,1076,92,3,91,0,1,25,NA,07000,07000,NA,NA,02790,128,30,10,10,223.72479132777713,153.6256209922058
25025001663,MA,025,1663,2017,671,756,211,13,303,0,7,56,1379,395,601,135,9,206,0,3,30,NA,07000,07000,NA,NA,02790,128,30,10,10,207.75521026330279,142.6597517496645
25025001664,MA,025,1664,1704,100,1317,53,2,169,0,11,52,1433,73,1122,47,2,142,0,9,38,NA,07000,07000,NA,NA,02790,128,30,10,10,215.8906572206765,148.2461379675629
25025001665,MA,025,1665,2047,260,1110,142,0,374,1,60,100,1641,187,961,95,0,279,1,39,79,NA,07000,07000,NA,NA,02790,128,30,10,10,247.22719364907897,169.7640700661345
25025001666,MA,025,1666,2439,608,229,578,3,50,0,582,389,1615,401,199,364,3,31,0,373,244,NA,07000,07000,NA,NA,02790,129,30,10,7,243.31012659552863,167.07432855381305
25025001667,MA,025,1667,815,311,176,260,3,38,1,3,23,630,204,172,193,3,37,1,2,18,NA,07000,07000,NA,NA,02790,127,30,10,7,94.91354783602667,65.17450587548126
25025001668,MA,025,1668,4389,702,1657,1479,24,361,2,30,134,4159,627,1633,1379,22,347,2,30,119,NA,07000,07000,NA,NA,02790,133,30,10,7,626.5800721429125,430.25519037480404
25025001669,MA,025,1669,837,222,91,445,9,10,0,39,21,588,140,79,325,4,9,0,22,9,NA,07000,07000,NA,NA,02790,133,30,10,7,88.58597798029155,60.82953881711583
25025001670,MA,025,1670,1127,393,24,656,2,25,0,11,16,654,222,18,384,2,16,0,5,7,NA,07000,07000,NA,NA,02790,131,30,10,7,98.52930203930386,67.6573441945472
25025001671,MA,025,1671,2220,466,68,756,0,20,0,703,207,1458,287,48,496,0,8,0,482,137,NA,07000,07000,NA,NA,02790,129,30,10,7,219.65706784909028,150.83242788325663
25025001672,MA,025,1672,805,217,109,142,1,9,0,253,74,582,138,97,105,0,5,0,184,53,NA,07000,07000,NA,NA,02790,128,30,10,7,87.68203942947224,60.20882923734935
25025001673,MA,025,1673,1452,434,66,810,5,8,0,68,61,991,302,61,546,2,4,0,45,31,NA,07000,07000,NA,NA,02790,129,30,10,7,149.3005173103213,102.52053225809829
25025001674,MA,025,1674,2803,1217,807,384,13,332,2,11,37,2231,833,781,296,11,273,2,8,27,NA,07000,07000,NA,NA,02790,133,30,9,7,336.1144844796436,230.8005120765058
25025001675,MA,025,1675,2319,360,1234,567,6,91,1,5,55,2044,253,1203,446,6,88,1,5,42,NA,07000,07000,NA,NA,02790,133,30,9,7,307.94173297910874,211.45506350711696
25025001676,MA,025,1676,4179,1127,807,1979,13,98,2,17,136,3115,721,788,1380,12,85,2,17,110,NA,07000,07000,NA,NA,02790,133,30,9,7,469.294764300354,322.25172349543504
25025001677,MA,025,1677,2808,881,412,1292,17,74,1,19,112,1926,500,405,851,14,59,1,9,87,NA,07000,07000,NA,NA,02790,131,31,9,7,290.1642748129958,199.2477751050427
25025001678,MA,025,1678,2665,501,109,1876,12,17,1,37,112,1918,331,92,1368,11,14,1,22,79,NA,07000,07000,NA,NA,02790,131,31,9,7,288.9590234119034,198.4201623320207
25025001679,MA,025,1679,816,187,375,138,2,88,0,2,24,744,149,373,117,2,79,0,2,22,NA,07000,07000,NA,NA,02790,139,31,9,7,112.08838030159338,76.96798789104452
25025001680,MA,025,1680,2268,398,908,409,7,410,4,39,93,1897,276,875,259,6,368,4,35,74,NA,07000,07000,NA,NA,02790,139,31,9,7,285.7952384840358,196.24767880283798
25025001681,MA,025,1681,2146,295,1248,266,11,250,0,14,62,1962,215,1223,228,9,219,0,14,54,NA,07000,07000,NA,NA,02790,139,31,9,7,295.58790611791153,202.97203258364158
25025001682,MA,025,1682,3220,656,1095,671,21,631,2,24,120,2523,426,1048,467,15,458,2,15,92,NA,07000,07000,NA,NA,02790,139,31,9,7,380.1061606195163,261.00837829180824
25025001683,MA,025,1683,1826,389,792,507,3,55,0,7,73,1523,278,752,375,2,49,0,7,60,NA,07000,07000,NA,NA,02790,139,31,9,7,229.44973548296602,157.55678166406022
25025001684,MA,025,1684,2002,842,314,654,3,113,0,3,73,1413,544,264,482,2,81,0,1,39,NA,07000,07000,NA,NA,02790,139,31,9,7,212.8775287179455,146.17710603500794
25025001685,MA,025,1685,2565,1531,177,725,8,62,1,17,44,1639,960,147,444,3,42,1,9,33,NA,07000,07000,NA,NA,02790,139,31,9,7,246.92588079880585,169.55716687287898
25025001686,MA,025,1686,3055,625,1310,613,8,396,0,21,82,2718,481,1270,548,6,335,0,18,60,NA,07000,07000,NA,NA,02790,139,31,9,7,409.4841635211436,281.18143963421915
25025001687,MA,025,1687,2552,903,1287,145,3,145,1,19,49,2080,604,1188,111,1,122,1,15,38,NA,07000,07000,NA,NA,02790,139,31,9,7,313.3653642840245,215.1793209857159
25025001688,MA,025,1688,1105,163,242,614,0,12,4,4,66,846,109,225,448,0,11,4,4,45,NA,07000,07000,NA,NA,02790,131,31,9,7,127.4553356655215,87.52005074707482
25025001689,MA,025,1689,1747,380,59,1181,10,3,0,5,109,1254,246,57,868,8,3,0,3,69,NA,07000,07000,NA,NA,02790,139,31,9,7,188.923157121234,129.728302171196
25025001690,MA,025,1690,1437,278,87,998,11,5,0,11,47,1015,168,87,705,7,5,0,6,37,NA,07000,07000,NA,NA,02790,139,31,9,7,152.9162715135985,105.00337057716423
25025001691,MA,025,1691,2709,1444,254,908,8,20,6,20,49,1950,976,223,675,5,19,3,14,35,NA,07000,07000,NA,NA,02790,139,31,9,7,293.780029016273,201.7306134241086
25025001692,MA,025,1692,2469,1252,387,750,8,15,3,14,40,1771,801,362,544,7,15,2,10,30,NA,07000,07000,NA,NA,02790,135,31,9,7,266.8125289168305,183.21277762774173
25025001693,MA,025,1693,1427,684,452,241,4,22,0,4,20,1055,465,396,154,2,19,0,4,15,NA,07000,07000,NA,NA,02790,135,35,10,7,158.94252851906052,109.14143444227416
25025001694,MA,025,1694,2244,796,723,599,8,36,0,5,77,1773,556,667,443,8,34,0,5,60,NA,07000,07000,NA,NA,02790,135,35,10,7,267.11384176710357,183.41968082099723
25025001695,MA,025,1695,2627,369,1285,415,15,438,0,12,93,2311,283,1192,371,13,378,0,7,67,NA,07000,07000,NA,NA,02790,135,35,10,7,348.16699849056766,239.07663980672567
25025001696,MA,025,1696,1075,97,862,59,0,30,0,4,23,975,80,798,51,0,27,0,3,16,NA,07000,07000,NA,NA,02790,135,35,10,7,146.8900145081365,100.8653067120543
25025001697,MA,025,1697,1845,419,1000,275,6,85,0,5,55,1513,254,929,209,6,69,0,4,42,NA,07000,07000,NA,NA,02790,135,35,10,7,227.94317123160053,156.52226569778276
25025001698,MA,025,1698,2490,326,53,1981,13,17,0,16,84,1722,205,46,1374,10,9,0,10,68,NA,07000,07000,NA,NA,02790,131,31,9,7,259.4303640851395,178.1436493929821
25025001699,MA,025,1699,3266,640,51,2386,6,0,7,23,153,2243,357,42,1718,5,0,3,14,104,NA,07000,07000,NA,NA,02790,131,31,9,7,337.9223615812822,232.04193123603878
25025001700,MA,025,1700,1182,208,34,891,10,0,1,3,35,807,109,27,631,8,0,1,3,28,NA,07000,07000,NA,NA,02790,131,31,9,7,121.57973508519605,83.48543847859264
25025001701,MA,025,1701,1594,295,19,1157,3,11,0,17,92,1156,180,18,859,3,10,0,14,72,NA,07000,07000,NA,NA,02790,129,31,9,7,174.15882745785208,119.5900457016767
25025001702,MA,025,1702,1112,91,15,955,7,12,1,8,23,771,54,9,668,5,8,1,6,20,NA,07000,07000,NA,NA,02790,131,31,9,7,116.15610378028025,79.76118099999373
25025001703,MA,025,1703,1209,165,16,972,1,3,0,21,31,810,94,14,664,1,3,0,10,24,NA,07000,07000,NA,NA,02790,129,31,9,7,122.0317043606057,83.79579326847589
25025001704,MA,025,1704,3373,735,44,2405,13,38,4,16,118,2232,441,41,1637,8,19,4,8,74,NA,07000,07000,NA,NA,02790,135,31,9,7,336.26514090478014,230.90396367313355
25025001705,MA,025,1705,1373,266,10,974,7,1,0,25,90,924,138,10,683,5,0,0,21,67,NA,07000,07000,NA,NA,02790,131,31,9,7,139.20653682617242,95.58927528403916
25025001706,MA,025,1706,1323,194,12,1026,5,0,0,20,66,930,113,11,738,2,0,0,12,54,NA,07000,07000,NA,NA,02790,131,31,9,7,140.11047537699173,96.20998486380566
25025001707,MA,025,1707,2204,490,46,1305,15,14,0,191,143,1356,270,33,829,8,11,0,117,88,NA,07000,07000,NA,NA,02790,129,30,10,7,204.29011248516213,140.2803650272263
25025001708,MA,025,1708,927,266,35,494,14,4,0,47,67,564,160,28,291,7,4,0,31,43,NA,07000,07000,NA,NA,02790,129,30,10,7,84.97022377701434,58.346700498049884
25025001709,MA,025,1709,3190,550,1003,938,17,567,0,12,103,2429,355,879,601,10,494,0,10,80,NA,07000,07000,NA,NA,02790,128,30,10,10,365.94445665668053,251.28392820879992
25025001710,MA,025,1710,1571,460,110,882,7,8,4,35,65,1069,286,107,596,4,5,3,26,42,NA,07000,07000,NA,NA,02790,129,30,10,7,161.05171847097222,110.58975679506264
25025001711,MA,025,1711,1683,307,258,712,8,23,0,170,205,1209,210,230,484,5,15,0,118,147,NA,07000,07000,NA,NA,02790,129,30,10,7,182.14361799008924,125.07298032294734
25025001712,MA,025,1712,2304,341,592,785,7,210,3,217,149,1587,202,509,487,4,136,2,137,110,NA,07000,07000,NA,NA,02790,129,30,10,7,239.09174669170523,164.1776838482361
25025001713,MA,025,1713,2087,145,1143,207,3,474,2,28,85,1629,108,937,133,3,371,2,11,64,NA,07000,07000,NA,NA,02790,137,30,10,10,245.41931654744033,168.5226509066015
25025001714,MA,025,1714,2269,184,1006,227,18,713,5,34,82,1706,113,845,142,8,510,3,21,64,NA,07000,07000,NA,NA,02790,137,30,10,10,257.0198612829547,176.4884238469381
25025001715,MA,025,1715,2283,234,870,427,14,516,2,106,114,1660,128,731,273,11,371,2,64,80,NA,07000,07000,NA,NA,02790,137,30,10,10,250.0896657266734,171.7296504020617
25025001716,MA,025,1716,2147,55,1753,50,3,243,0,4,39,1754,40,1450,34,3,195,0,3,29,NA,07000,07000,NA,NA,02790,137,30,10,10,264.25136968950915,181.45410048507003
25025001717,MA,025,1717,3940,1083,35,2533,14,16,0,72,187,2389,587,29,1611,8,10,0,37,107,NA,07000,07000,NA,NA,02790,131,31,9,7,359.9181996512186,247.14586434369002
25025001718,MA,025,1718,3819,484,36,3067,23,9,3,32,165,2501,285,26,2033,9,7,2,24,115,NA,07000,07000,NA,NA,02790,135,31,9,7,376.7917192665122,258.7324431659978
25025001719,MA,025,1719,2088,450,10,1540,9,4,0,7,68,1385,272,9,1048,6,4,0,4,42,NA,07000,07000,NA,NA,02790,131,31,9,7,208.6591488141221,143.280461329431
25025001720,MA,025,1720,2192,301,53,1716,17,11,0,29,65,1389,166,46,1089,11,9,0,23,45,NA,07000,07000,NA,NA,02790,129,31,9,7,209.2617745146683,143.694267715942
25025001721,MA,025,1721,2212,150,24,1960,15,33,0,6,24,1433,78,20,1285,5,27,0,4,14,NA,07000,07000,NA,NA,02790,130,31,9,7,215.8906572206765,148.2461379675629
25025001722,MA,025,1722,1686,271,24,1311,12,11,0,14,43,1073,152,16,860,6,6,0,7,26,NA,07000,07000,NA,NA,02790,129,31,9,7,161.6543441715184,111.00356318157361
25025001723,MA,025,1723,1992,301,44,1566,13,3,3,5,57,1283,185,35,1005,6,3,3,4,42,NA,07000,07000,NA,NA,02790,135,31,9,7,193.29219345019396,132.7283984734007
25025001724,MA,025,1724,1937,127,80,1637,4,1,0,12,76,1243,68,38,1085,3,1,0,6,42,NA,07000,07000,NA,NA,02790,130,31,9,7,187.26593644473195,128.5903346082908
25025001725,MA,025,1725,3201,1229,49,1761,11,17,0,19,115,1850,669,24,1057,8,7,0,12,73,NA,07000,07000,NA,NA,02790,135,31,9,7,278.71438650261797,191.38545376133382
25025001726,MA,025,1726,2884,1025,45,1645,17,49,0,26,77,1739,557,34,1048,7,34,0,15,44,NA,07000,07000,NA,NA,02790,130,31,9,7,261.99152331246086,179.9023265356538
25025001727,MA,025,1727,1757,194,27,1466,3,4,2,12,49,1161,107,19,982,2,4,2,9,36,NA,07000,07000,NA,NA,02790,130,31,9,7,174.91210958353486,120.10730368481545
25025001728,MA,025,1728,1168,129,5,969,1,6,0,34,24,803,75,5,674,1,3,0,24,21,NA,07000,07000,NA,NA,02790,130,31,9,7,120.97710938464985,83.07163209208166
25025001729,MA,025,1729,1607,153,37,1333,6,4,1,17,56,1063,91,28,892,6,2,1,11,32,NA,07000,07000,NA,NA,02790,130,31,9,7,160.1477799201529,109.96904721529613
25025001730,MA,025,1730,2005,134,9,1784,4,6,1,4,63,1331,80,9,1191,3,2,0,4,42,NA,07000,07000,NA,NA,02790,130,31,9,7,200.52370185674837,137.69407511153258
25025001731,MA,025,1731,2539,696,134,1224,13,64,5,216,187,1691,459,114,787,8,45,4,144,130,NA,07000,07000,NA,NA,02790,129,30,9,7,254.76001490590647,174.9366498975219
25025001732,MA,025,1732,2080,292,53,1283,13,16,0,305,118,1314,178,49,804,6,12,0,189,76,NA,07000,07000,NA,NA,02790,129,30,9,7,197.96254262942702,135.93539796886088
25025001733,MA,025,1733,1284,258,100,595,0,35,0,183,113,828,142,95,377,0,27,0,104,83,NA,07000,07000,NA,NA,02790,129,30,9,7,124.74352001306362,85.65792200777535
25025001734,MA,025,1734,3663,545,474,1434,20,384,2,512,292,2393,332,379,894,11,268,2,319,188,NA,07000,07000,NA,NA,02790,129,30,9,7,360.52082535176476,247.559670730201
25025001735,MA,025,1735,2548,505,77,1423,19,109,0,195,220,1699,343,63,926,8,76,0,118,165,NA,07000,07000,NA,NA,02790,129,30,9,7,255.96526630699884,175.76426267054387
25025001736,MA,025,1736,1345,111,561,178,0,455,2,18,20,981,69,470,125,0,293,0,10,14,NA,07000,07000,NA,NA,02790,137,30,10,10,147.79395305895576,101.48601629182079
25025001737,MA,025,1737,2080,234,174,977,2,98,0,388,207,1337,149,156,605,2,59,0,249,117,NA,07000,07000,NA,NA,02790,129,30,9,7,201.42764040756768,138.3147846912991
25025001738,MA,025,1738,1822,395,269,660,10,350,1,84,53,1219,251,222,415,3,241,0,52,35,NA,07000,07000,NA,NA,02790,129,30,9,7,183.65018224145476,126.10749628922483
25025001739,MA,025,1739,2058,298,328,819,4,388,2,115,104,1427,175,294,534,4,268,2,75,75,NA,07000,07000,NA,NA,02790,137,30,9,7,214.9867186698572,147.6254283877964
25025001740,MA,025,1740,2263,276,549,544,6,734,2,57,95,1657,182,451,399,6,527,2,30,60,NA,07000,07000,NA,NA,02790,137,30,10,7,249.63769645126374,171.41929561217844
25025001741,MA,025,1741,1263,108,703,117,4,229,0,41,61,935,64,574,82,2,152,0,26,35,NA,07000,07000,NA,NA,02790,137,30,10,10,140.86375750267447,96.72724284694438
25025001742,MA,025,1742,2559,187,455,1114,4,540,0,58,201,1821,127,396,715,1,408,0,41,133,NA,07000,07000,NA,NA,02790,137,35,10,7,274.345350173658,188.38535745912912
25025001743,MA,025,1743,3141,311,1109,786,3,752,1,62,117,2287,187,955,497,1,530,1,38,78,NA,07000,07000,NA,NA,02790,137,35,10,10,344.5512442872904,236.5938014876597
25025001744,MA,025,1744,1530,216,901,205,3,113,0,34,58,1150,138,739,126,3,88,0,23,33,NA,07000,07000,NA,NA,02790,137,35,10,10,173.25488890703278,118.96933612191022
25025001745,MA,025,1745,3272,232,946,1061,17,770,0,60,186,2391,155,769,715,10,565,0,39,138,NA,07000,07000,NA,NA,02790,137,35,10,10,360.21951250149164,247.3527675369455
25025001746,MA,025,1746,1915,33,1523,182,3,92,0,14,68,1499,22,1241,115,1,69,0,8,43,NA,07000,07000,NA,NA,02790,137,35,10,10,225.83398127968883,155.07394334499426
25025001747,MA,025,1747,1829,71,1225,295,15,154,1,11,57,1456,45,1015,222,5,116,1,9,43,NA,07000,07000,NA,NA,02790,136,35,10,10,219.35575499881716,150.6255246900011
25025001748,MA,025,1748,2184,28,2013,70,1,55,0,0,17,1715,20,1586,55,1,41,0,0,12,NA,07000,07000,NA,NA,02790,137,35,10,10,258.3757691091837,177.41948821658784
25025001749,MA,025,1749,1984,65,1640,147,3,104,0,0,25,1667,47,1391,128,3,83,0,0,15,NA,07000,07000,NA,NA,02790,137,35,10,10,251.14426070262925,172.45381157845594
25025001750,MA,025,1750,2047,80,1416,278,5,207,0,16,45,1632,54,1188,196,4,148,0,10,32,NA,07000,07000,NA,NA,02790,136,35,10,10,245.87128582284998,168.83300569648475
25025001751,MA,025,1751,1594,22,1518,31,2,9,0,4,8,1313,17,1251,26,2,7,0,2,8,NA,07000,07000,NA,NA,02790,137,35,10,10,197.8118862042905,135.83194637223315
25025001752,MA,025,1752,2133,395,40,1502,11,28,0,61,96,1375,212,35,992,9,21,0,35,71,NA,07000,07000,NA,NA,02790,130,30,9,7,207.15258456275657,142.2459453631535
25025001753,MA,025,1753,1520,220,137,923,8,108,2,29,93,1036,136,111,625,2,86,1,20,55,NA,07000,07000,NA,NA,02790,137,30,9,7,156.08005644146607,107.17585410634695
25025001754,MA,025,1754,2930,312,301,2077,17,74,0,29,120,1979,185,263,1363,11,56,0,17,84,NA,07000,07000,NA,NA,02790,130,31,9,7,298.14906534523294,204.73070972631334
25025001755,MA,025,1755,2826,155,683,1676,8,113,3,46,142,2084,92,599,1179,5,80,3,32,94,NA,07000,07000,NA,NA,02790,136,35,10,10,313.9679899845707,215.59312737222686
25025001756,MA,025,1756,1410,203,38,1085,6,23,1,5,49,912,124,28,709,2,14,1,3,31,NA,07000,07000,NA,NA,02790,130,31,9,7,137.39865972453381,94.3478561245062
25025001757,MA,025,1757,2161,209,410,1321,9,79,0,41,92,1566,139,365,911,3,65,0,26,57,NA,07000,07000,NA,NA,02790,137,35,9,7,235.9279617638377,162.0052003190534
25025001758,MA,025,1758,1309,119,56,1051,3,4,1,12,63,858,66,34,709,1,3,0,8,37,NA,07000,07000,NA,NA,02790,136,31,9,7,129.26321276716013,88.7614699066078
25025001759,MA,025,1759,2028,219,52,1546,4,18,0,33,156,1408,132,46,1076,1,11,0,29,113,NA,07000,07000,NA,NA,02790,136,31,9,7,212.12424659226275,145.6598480518692
25025001760,MA,025,1760,1435,129,506,595,7,111,0,21,66,1090,89,435,420,3,79,0,13,51,NA,07000,07000,NA,NA,02790,137,35,9,7,164.2155033988398,112.76224032424534
25025001761,MA,025,1761,2728,189,71,2260,11,48,2,15,132,1843,115,63,1514,10,35,2,10,94,NA,07000,07000,NA,NA,02790,136,31,9,7,277.6597915266621,190.6612925849396
25025001762,MA,025,1762,1034,86,140,658,1,52,5,21,71,720,51,123,439,0,36,4,14,53,NA,07000,07000,NA,NA,02790,136,35,9,7,108.47262609831618,74.48514957197858
25025001763,MA,025,1763,1429,94,197,1027,5,53,3,6,44,1019,58,170,706,2,40,3,5,35,NA,07000,07000,NA,NA,02790,136,31,10,7,153.51889721414472,105.41717696367523
25025001764,MA,025,1764,1857,61,1108,501,14,110,0,7,56,1532,45,980,360,11,86,0,7,43,NA,07000,07000,NA,NA,02790,136,35,10,10,230.80564330919498,158.48784603370996
25025001765,MA,025,1765,1742,135,395,1045,4,73,0,12,78,1278,81,351,717,4,58,0,8,59,NA,07000,07000,NA,NA,02790,136,35,10,10,192.5389113245112,132.21114049026195
25025001766,MA,025,1766,3267,430,175,2493,9,58,1,16,85,2239,235,147,1745,8,37,1,8,58,NA,07000,07000,NA,NA,02790,136,35,9,7,337.319735880736,231.6281248495278
25025001767,MA,025,1767,2635,207,39,2185,7,28,1,5,163,1852,134,34,1536,1,21,1,4,121,NA,07000,07000,NA,NA,02790,130,31,9,7,279.01569935289103,191.59235695458932
25025001768,MA,025,1768,3013,192,57,2476,12,3,2,7,264,2117,123,44,1742,6,3,2,3,194,NA,07000,07000,NA,NA,02790,130,31,9,7,318.93965201407684,219.00703006094255
25025001769,MA,025,1769,2824,141,126,2334,1,4,1,4,213,2053,108,114,1674,1,4,1,3,148,NA,07000,07000,NA,NA,02790,136,35,9,7,309.29764080533766,212.38612787676666
25025001770,MA,025,1770,2719,192,147,2258,10,3,1,16,92,1999,129,143,1633,7,3,1,10,73,NA,07000,07000,NA,NA,02790,136,35,9,7,301.162193847964,206.7997416588683
25025001771,MA,025,1771,2746,202,223,2205,13,28,0,5,70,1947,122,199,1540,7,19,0,4,56,NA,07000,07000,NA,NA,02790,136,31,9,7,293.3280597408633,201.42025863422538
25025001772,MA,025,1772,2475,729,775,777,2,53,2,11,126,1779,493,651,506,2,38,2,6,81,NA,07000,07000,NA,NA,02790,130,35,10,7,268.01778031792287,184.04039040076373
25025001773,MA,025,1773,3677,655,1054,1723,9,45,1,20,170,2729,460,885,1218,6,35,1,12,112,NA,07000,07000,NA,NA,02790,130,35,10,7,411.1413841976456,282.3194071971243
25025001774,MA,025,1774,2049,321,1210,382,6,82,0,5,43,1575,219,996,261,4,62,0,4,29,NA,07000,07000,NA,NA,02790,138,35,10,10,237.28386959006662,162.93626468870312
25025001775,MA,025,1775,3094,572,1915,420,3,71,0,10,103,2378,382,1592,273,3,50,0,7,71,NA,07000,07000,NA,NA,02790,138,34,10,10,358.2609789747165,246.0078967807848
25025001776,MA,025,1776,2464,637,614,1018,10,80,1,17,87,1582,373,491,604,6,44,1,8,55,NA,07000,07000,NA,NA,02790,138,34,10,10,238.33846456602248,163.66042586509735
25025001777,MA,025,1777,2205,241,1333,509,6,52,1,19,44,1666,160,1112,310,4,34,1,13,32,NA,07000,07000,NA,NA,02790,138,34,10,10,250.99360427749272,172.3503599818282
25025001778,MA,025,1778,1540,280,504,647,0,18,0,17,74,1094,183,405,431,0,14,0,9,52,NA,07000,07000,NA,NA,02790,138,35,10,7,164.81812909938597,113.17604671075634
25025001779,MA,025,1779,1712,401,524,656,8,30,0,12,81,1214,250,434,438,4,24,0,7,57,NA,07000,07000,NA,NA,02790,138,35,10,7,182.896900115772,125.59023830608609
25025001780,MA,025,1780,2450,327,471,1496,6,41,3,9,97,1751,213,409,1022,6,26,3,7,65,NA,07000,07000,NA,NA,02790,130,35,9,7,263.79940041409947,181.1437456951868
25025001781,MA,025,1781,2181,89,1804,216,3,26,1,0,42,1756,61,1494,149,1,19,1,0,31,NA,07000,07000,NA,NA,02790,138,35,10,10,264.5526825397822,181.6610036783255
25025001782,MA,025,1782,2270,392,1111,656,4,53,0,6,48,1585,194,915,403,2,36,0,5,30,NA,07000,07000,NA,NA,02790,138,34,10,10,238.79043384143216,163.97078065498062
25025001783,MA,025,1783,2720,446,1493,687,7,25,3,3,56,2103,280,1297,458,5,19,3,3,38,NA,07000,07000,NA,NA,02790,138,34,10,10,316.83046206216517,217.55870770815406
25025001784,MA,025,1784,3083,345,1564,938,5,76,0,30,125,2242,220,1273,602,3,60,0,15,69,NA,07000,07000,NA,NA,02790,134,34,10,10,337.7717051561457,231.93847963941104
25025001785,MA,025,1785,2886,184,2346,271,1,40,0,5,39,2305,123,1944,179,1,29,0,5,24,NA,07000,07000,NA,NA,02790,138,34,10,10,347.2630599397483,238.45593022695917
25025001786,MA,025,1786,3327,197,122,2780,7,17,0,37,167,2438,140,107,2028,3,14,0,23,123,NA,07000,07000,NA,NA,02790,136,31,9,7,367.3003644829095,252.21499257844965
25025001787,MA,025,1787,2281,359,1470,335,2,38,5,6,66,1725,221,1223,200,2,27,3,6,43,NA,07000,07000,NA,NA,02790,138,34,10,10,259.8823333605492,178.45400418286533
25025001788,MA,025,1788,1662,296,440,847,6,6,1,6,60,1021,162,358,450,5,6,1,3,36,NA,07000,07000,NA,NA,02790,138,34,10,10,153.8202100644178,105.62408015693072
25025001789,MA,025,1789,2274,567,1408,156,1,66,2,3,71,1954,428,1275,134,1,61,2,2,51,NA,07000,07000,NA,NA,02790,139,31,10,7,294.3826547168192,202.14441981061964
25025001790,MA,025,1790,2116,77,1832,98,5,75,1,1,27,1752,51,1568,66,4,52,1,1,9,NA,07000,07000,NA,NA,02790,139,35,10,10,263.950056839236,181.2471972918145
25025001791,MA,025,1791,1265,72,997,111,1,34,0,9,41,1126,62,912,82,1,32,0,6,31,NA,07000,07000,NA,NA,02790,139,31,10,7,169.63913470375556,116.48649780284426
25025001792,MA,025,1792,1445,196,1053,117,2,32,0,4,41,1225,127,958,88,2,19,0,4,27,NA,07000,07000,NA,NA,02790,135,35,10,7,184.55412079227403,126.72820586899131
25025001793,MA,025,1793,1676,235,1187,167,2,64,0,8,13,1468,180,1082,132,2,56,0,5,11,NA,07000,07000,NA,NA,02790,139,35,10,7,221.16363210045577,151.8669438495341
25025001794,MA,025,1794,1801,130,1409,145,8,59,1,7,42,1580,100,1268,127,6,54,1,3,21,NA,07000,07000,NA,NA,02790,135,35,10,7,238.0371517157494,163.45352267184185
25025001795,MA,025,1795,2213,558,1141,277,1,146,0,7,83,1753,361,1007,204,0,116,0,7,58,NA,07000,07000,NA,NA,02790,135,35,10,10,264.1007132643726,181.35064888844227
25025001796,MA,025,1796,1021,39,880,46,0,34,0,4,18,866,29,749,39,0,30,0,4,15,NA,07000,07000,NA,NA,02790,135,35,10,7,130.46846416825252,89.58908267962978
25025001797,MA,025,1797,992,68,749,92,1,55,0,0,27,871,56,678,76,0,46,0,0,15,NA,07000,07000,NA,NA,02790,135,35,10,7,131.22174629393527,90.10634066276852
25025001798,MA,025,1798,2416,444,1342,494,5,45,1,19,66,1851,298,1145,314,2,34,1,9,48,NA,07000,07000,NA,NA,02790,138,34,10,10,278.8650429277545,191.48890535796156
25025001799,MA,025,1799,2137,1030,311,546,6,120,0,12,112,1315,587,253,327,4,71,0,6,67,NA,07000,07000,NA,NA,02790,135,34,10,10,198.11319905456358,136.03884956548865
25025001800,MA,025,1800,1446,270,935,162,4,12,0,7,56,1165,187,799,128,3,9,0,5,34,NA,07000,07000,NA,NA,02790,130,35,10,10,175.514735284081,120.52111007132643
25025001801,MA,025,1801,2630,1038,818,591,4,64,0,6,109,1811,651,670,378,2,44,0,3,63,NA,07000,07000,NA,NA,02790,135,34,10,10,272.8387859222925,187.35084149285166
25025001802,MA,025,1802,2597,115,2287,61,1,68,0,13,52,2273,80,2041,50,1,58,0,9,34,NA,07000,07000,NA,NA,02790,138,34,10,10,342.4420543353787,235.14547913487124
25025001803,MA,025,1803,2346,429,1588,192,4,48,1,5,79,1829,293,1301,136,3,37,1,2,56,NA,07000,07000,NA,NA,02790,138,34,10,10,275.55060157475043,189.21297023215112
25025001804,MA,025,1804,2725,258,1694,489,12,148,0,20,104,2116,161,1495,283,6,109,0,9,53,NA,07000,07000,NA,NA,02790,134,34,10,10,318.78899558894034,218.90357846431482
25025001805,MA,025,1805,1484,75,1245,71,3,35,1,11,43,1226,53,1060,48,2,22,1,8,32,NA,07000,07000,NA,NA,02790,138,34,10,10,184.7047772174106,126.83165746561906
25025001806,MA,025,1806,3512,156,3049,85,6,136,0,13,67,2961,110,2621,69,5,104,0,10,42,NA,07000,07000,NA,NA,02790,134,34,10,10,446.0936748293253,306.32017761476186
25025001807,MA,025,1807,2019,45,1819,37,8,74,0,0,36,1627,28,1487,32,4,51,0,0,25,NA,07000,07000,NA,NA,02790,134,34,10,10,245.11800369716727,168.315747713346
25025001808,MA,025,1808,1326,35,1271,1,0,8,2,3,6,1063,27,1019,1,0,6,2,3,5,NA,07000,07000,NA,NA,02790,134,34,10,10,160.1477799201529,109.96904721529613
25025001809,MA,025,1809,1799,129,1499,48,0,50,0,10,63,1463,89,1257,34,0,35,0,6,42,NA,07000,07000,NA,NA,02790,134,34,10,10,220.410349974773,151.34968586639533
25025001810,MA,025,1810,1893,237,1416,156,6,23,0,7,48,1518,167,1174,108,3,21,0,6,39,NA,07000,07000,NA,NA,02790,134,34,10,10,228.69645335728327,157.0395236809215
25025001811,MA,025,1811,1764,57,1579,38,1,72,0,2,15,1435,39,1308,24,1,53,0,1,9,NA,07000,07000,NA,NA,02790,134,34,10,10,216.1919700709496,148.4530411608184
25025001812,MA,025,1812,1024,33,916,15,1,41,0,3,15,817,26,745,11,0,24,0,3,8,NA,07000,07000,NA,NA,02790,134,34,10,10,123.08629933656155,84.51995444487014
25025001813,MA,025,1813,1378,20,1296,16,6,31,0,1,8,1058,12,1000,10,6,24,0,0,6,NA,07000,07000,NA,NA,02790,134,34,10,10,159.39449779447017,109.45178923215741
25025001814,MA,025,1814,1175,29,1096,9,0,25,0,1,15,961,21,903,9,0,17,0,1,10,NA,07000,07000,NA,NA,02790,134,34,10,10,144.7808245562248,99.41698435926584
25025001815,MA,025,1815,1267,24,1188,7,4,26,0,4,14,982,19,923,7,4,19,0,2,8,NA,07000,07000,NA,NA,02790,134,34,10,10,147.94460948409233,101.58946788844855
25025001816,MA,025,1816,2303,73,1998,38,5,146,1,11,31,1935,58,1705,31,5,108,0,6,22,NA,07000,07000,NA,NA,02790,134,34,10,10,291.52018263922474,200.1788394746924
25025001817,MA,025,1817,2394,74,2163,40,2,81,1,2,31,2003,55,1832,31,2,58,1,1,23,NA,07000,07000,NA,NA,02790,134,34,10,10,301.7648195485101,207.21354804537927
25025001818,MA,025,1818,2613,80,2394,47,0,69,1,1,21,2195,55,2020,44,0,57,1,1,17,NA,07000,07000,NA,NA,02790,134,34,10,10,330.6908531747278,227.07625459790688
25025001819,MA,025,1819,1313,43,1186,18,3,40,0,0,23,1085,32,992,14,1,34,0,0,12,NA,07000,07000,NA,NA,02790,134,34,10,10,163.462221273157,112.24498234110659
25025001820,MA,025,1820,1405,34,1305,6,4,49,0,1,6,1108,22,1036,4,2,38,0,1,5,NA,07000,07000,NA,NA,02790,134,34,10,10,166.92731905129767,114.6243690635448
25025001821,MA,025,1821,1771,74,1502,25,0,138,0,10,22,1443,55,1244,22,0,96,0,10,16,NA,07000,07000,NA,NA,02790,134,34,10,10,217.39722147204202,149.2806539338404
25025001822,MA,025,1822,2982,217,2088,104,1,446,3,35,88,2915,202,2075,93,1,427,3,35,79,NA,07000,07000,NA,NA,02790,133,30,9,7,439.16347927304395,301.56140416988546
25025001823,MA,025,1823,4661,293,3325,151,5,776,8,7,96,4620,292,3310,148,5,755,8,7,95,NA,07000,07000,NA,NA,02790,132,30,9,7,696.0326841308621,477.9463764201958
25025001824,MA,025,1824,3691,277,2284,133,4,816,0,46,131,3590,264,2259,120,4,778,0,44,121,NA,07000,07000,NA,NA,02790,141,30,9,7,540.8565662402153,371.3912318936154
25025001825,MA,025,1825,3069,524,1725,117,4,505,1,79,114,2846,436,1671,107,4,457,1,72,98,NA,07000,07000,NA,NA,02790,142,30,9,7,428.76818593862197,294.4232440025708
25025001826,MA,025,1826,2884,234,1892,122,7,507,2,43,77,2759,210,1862,108,6,458,2,36,77,NA,07000,07000,NA,NA,02790,141,32,9,7,415.66107695174213,285.42295509595675
25025001827,MA,025,1827,2960,235,2058,122,7,438,4,28,68,2710,177,1966,100,7,369,4,24,63,NA,07000,07000,NA,NA,02790,141,32,9,7,408.2789121200512,280.35382686119715
25025001828,MA,025,1828,1636,296,914,151,2,216,1,18,38,1460,226,883,112,2,191,1,15,30,NA,07000,07000,NA,NA,02790,141,32,9,7,219.95838069936335,151.0393310765121
25025001829,MA,025,1829,3227,307,1988,188,5,532,2,98,107,3032,266,1952,167,5,479,2,77,84,NA,07000,07000,NA,NA,02790,141,32,9,7,456.7902810140203,313.665240975332
25025001830,MA,025,1830,3859,602,2008,459,5,621,4,29,131,3162,379,1851,279,3,517,3,25,105,NA,07000,07000,NA,NA,02790,141,22,9,7,476.3756162817719,327.11394853693923
25025001831,MA,025,1831,2378,215,1520,237,6,258,0,53,89,2143,162,1458,190,3,213,0,40,77,NA,07000,07000,NA,NA,02790,141,22,9,7,322.8567190676271,221.696771573264
25025001832,MA,025,1832,2965,146,2161,86,4,491,1,27,49,2761,129,2036,80,4,444,1,25,42,NA,07000,07000,NA,NA,02790,141,22,9,7,415.96238980201525,285.6298582892123
25025001833,MA,025,1833,2454,127,2037,63,2,177,3,8,37,2380,116,1990,58,1,169,3,8,35,NA,07000,07000,NA,NA,02790,141,22,9,7,358.5622918249896,246.21479997404026
25025001834,MA,025,1834,3106,138,2461,67,3,367,1,30,39,2917,125,2334,53,3,344,1,21,36,NA,07000,07000,NA,NA,02790,142,22,9,7,439.46479212331707,301.768307363141
25025001835,MA,025,1835,1648,68,1336,43,2,169,0,6,24,1608,66,1307,40,2,164,0,5,24,NA,07000,07000,NA,NA,02790,142,22,9,7,242.2555316195728,166.3501673774188
25025001836,MA,025,1836,2038,125,1610,33,1,215,0,7,47,1973,113,1582,33,1,196,0,7,41,NA,07000,07000,NA,NA,02790,142,22,9,7,297.24512679441364,204.1100001465468
25025001837,MA,025,1837,2310,174,1713,53,3,294,1,20,52,2215,165,1647,53,3,278,1,17,51,NA,07000,07000,NA,NA,02790,142,22,9,7,333.7039816774588,229.14528653046185
25025001838,MA,025,1838,4176,481,2393,269,4,788,1,86,154,3578,358,2185,204,4,647,1,75,104,NA,07000,07000,NA,NA,02790,142,32,9,7,539.0486891385768,370.1498127340824
25025001839,MA,025,1839,3141,601,1832,121,7,438,0,50,92,2713,461,1680,104,5,346,0,41,76,NA,07000,07000,NA,NA,02790,141,32,9,7,408.7308813954608,280.66418165108036
25025001840,MA,025,1840,2690,161,2055,73,6,335,0,35,25,2392,137,1876,55,5,268,0,32,19,NA,07000,07000,NA,NA,02790,141,22,9,7,360.3701689266282,247.45621913357326
25025001841,MA,025,1841,1712,97,1373,32,0,151,2,15,42,1511,69,1239,26,0,131,2,14,30,NA,07000,07000,NA,NA,02790,142,22,9,7,227.64185838132744,156.31536250452726
25025001842,MA,025,1842,1746,215,1148,70,4,201,1,51,56,1472,149,1046,51,3,145,1,38,39,NA,07000,07000,NA,NA,02790,142,22,9,7,221.76625780100198,152.2807502360451
25025001843,MA,025,1843,1681,208,1089,62,0,227,5,21,69,1514,168,1016,52,0,188,5,19,66,NA,07000,07000,NA,NA,02790,141,22,9,7,228.0938276567371,156.6257172944105
25025001844,MA,025,1844,2387,165,1797,75,2,225,5,19,99,2139,131,1673,56,2,184,5,15,73,NA,07000,07000,NA,NA,02790,142,22,9,7,322.254093367081,221.28296518675302
25025001845,MA,025,1845,2201,64,1731,45,6,320,0,8,27,2033,56,1626,42,5,279,0,7,18,NA,07000,07000,NA,NA,02790,142,22,9,7,306.28451230260663,210.31709594421173
25025001846,MA,025,1846,2258,105,1716,60,6,305,0,13,53,2066,93,1569,60,6,281,0,9,48,NA,07000,07000,NA,NA,02790,141,22,9,7,311.25617433211283,213.7309986329274
25025001847,MA,025,1847,2453,148,1955,56,5,232,0,6,51,2185,113,1785,45,4,195,0,6,37,NA,07000,07000,NA,NA,02790,141,22,9,7,329.18428892336226,226.04173863162939
25025001848,MA,025,1848,1540,71,1241,47,3,147,0,2,29,1330,46,1114,34,3,113,0,2,18,NA,07000,07000,NA,NA,02790,142,22,9,7,200.37304543161184,137.59062351490488
25025001849,MA,025,1849,2205,382,1147,232,5,337,4,23,75,1615,206,967,135,1,239,2,20,45,NA,07000,07000,NA,NA,02790,142,22,9,7,243.31012659552863,167.07432855381305
25025001850,MA,025,1850,1469,65,1276,31,0,64,3,4,26,1307,48,1160,21,0,54,3,2,19,NA,07000,07000,NA,NA,02790,142,22,9,7,196.90794765347115,135.21123679246665
25025001851,MA,025,1851,3667,2532,866,88,8,102,0,16,55,2479,1609,700,57,6,68,0,13,26,NA,13205,13205,NA,NA,03540,126,32,9,7,509.55926622765753,255.362652869238
25025001852,MA,025,1852,3362,2093,806,148,1,203,0,21,90,2291,1335,662,92,0,130,0,14,58,NA,13205,13205,NA,NA,03540,126,32,9,7,470.9158043273754,235.9967074317968
25025001853,MA,025,1853,3229,925,1994,156,8,79,2,12,53,2714,653,1822,128,7,63,2,5,34,NA,13205,13205,NA,NA,03540,126,32,9,7,557.8635936030104,279.5700846660395
25025001854,MA,025,1854,3611,2598,563,191,20,130,1,25,83,2517,1758,439,140,11,91,1,17,60,NA,13205,13205,NA,NA,03540,126,32,9,7,517.3701787394167,259.27704609595486
25025001855,MA,025,1855,3730,2187,902,278,9,258,0,26,70,2505,1421,669,191,7,160,0,19,38,NA,13205,13205,NA,NA,03540,140,32,9,7,514.9035747883349,258.0409219190969
25025001856,MA,025,1856,3755,1686,1558,184,6,225,2,11,83,2571,1040,1210,114,6,148,2,8,43,NA,13205,13205,NA,NA,03540,140,32,9,7,528.469896519285,264.8396048918156
25025001857,MA,025,1857,3528,1721,1250,242,9,188,1,24,93,2672,1220,1055,170,6,141,0,17,63,NA,13205,13205,NA,NA,03540,126,32,9,7,549.2304797742239,275.2436500470367
25025001858,MA,025,1858,3316,983,1917,189,2,113,6,25,81,2573,665,1592,138,1,91,4,22,60,NA,13205,13205,NA,NA,03540,126,32,9,7,528.8809971777987,265.0456255879586
25025001859,MA,025,1859,3587,1117,1934,294,12,131,0,20,79,2833,753,1705,206,7,94,0,13,55,NA,13205,13205,NA,NA,03540,126,32,9,7,582.3240827845719,291.82831608654755
25025001860,MA,025,1860,3295,1142,1634,201,1,185,0,15,117,2357,672,1325,130,0,137,0,9,84,NA,13205,13205,NA,NA,03540,126,32,9,7,484.48212605832543,242.7953904045155
25025001861,MA,025,1861,1677,121,1439,19,7,41,4,5,41,1370,93,1192,15,6,29,3,4,28,NA,56585,56585,NA,NA,10050,143,33,8,6,379.7798454050959,249.17291726309764
25025001862,MA,025,1862,1930,259,1492,71,3,37,2,18,48,1504,177,1199,57,3,29,2,12,25,NA,56585,56585,08220,NA,10050,143,33,8,6,416.92619524763813,273.5445748640137
25025001863,MA,025,1863,1583,165,1310,28,0,30,0,20,30,1315,121,1118,17,0,23,0,13,23,NA,56585,56585,NA,NA,10050,125,33,8,6,364.5332092756942,239.16962496421414
25025001864,MA,025,1864,1913,201,1600,19,3,31,4,1,54,1542,143,1317,15,2,21,4,1,39,NA,56585,56585,NA,NA,10050,143,33,8,6,427.46023475522475,280.45594045233327
25025001865,MA,025,1865,3193,475,2039,83,1,393,1,35,166,2607,321,1757,68,1,307,1,25,127,NA,56585,56585,NA,NA,10050,143,33,8,6,722.6905525336387,474.156054967077
25025001866,MA,025,1866,2968,599,1468,181,7,429,10,25,249,2194,402,1194,128,7,278,8,16,161,NA,56585,56585,NA,NA,10050,143,33,8,6,608.2021757801316,399.0404237045519
25025001867,MA,025,1867,2821,727,1045,132,6,526,0,61,324,1893,463,803,90,3,298,0,40,196,NA,56585,56585,NA,NA,10050,143,33,8,6,524.7614944174063,344.29513312338963
25025001868,MA,025,1868,2665,164,2086,163,2,95,2,29,124,2220,122,1775,126,2,75,2,23,95,NA,56585,56585,NA,NA,10050,140,33,8,6,615.4096764958489,403.76925279129694
25025001869,MA,025,1869,2415,116,2202,29,1,22,0,3,42,1887,73,1756,21,1,13,0,3,20,NA,56585,56585,NA,NA,10050,143,33,8,6,523.0982250214715,343.20386487260237
25025001870,MA,025,1870,2494,185,2136,35,12,57,1,7,61,1960,121,1730,27,7,34,0,5,36,NA,56585,56585,NA,NA,10050,143,33,8,6,543.3346693386774,356.4809619238477
25025001871,MA,025,1871,2687,240,2166,165,1,37,0,10,68,2070,146,1747,102,1,27,0,8,39,NA,56585,56585,NA,NA,10050,140,33,8,6,573.8279415974807,376.48754652161466
25025001872,MA,025,1872,2595,186,2262,59,5,27,0,13,43,2073,131,1835,44,2,23,0,11,27,NA,56585,56585,NA,NA,10050,140,33,8,6,574.659576295448,377.0331806470083
25025001873,MA,025,1873,2702,236,2244,58,16,97,0,13,38,2090,151,1798,36,10,56,0,11,28,NA,56585,56585,NA,NA,10050,140,33,8,6,579.3721729172631,380.1251073575723
25025001874,MA,025,1874,2826,103,2610,20,5,50,0,14,24,2433,71,2264,20,5,43,0,9,21,NA,56585,56585,08220,NA,10050,140,33,7,5,575.9742239108847,514.8367082595743
25025001875,MA,025,1875,2337,260,1878,50,11,91,0,9,38,1855,177,1530,38,9,69,0,7,25,NA,56585,56585,NA,NA,10050,140,33,8,6,514.2274549098196,337.38376753507015
25025001876,MA,025,1876,2383,196,2058,22,1,63,0,11,32,1888,130,1666,16,1,42,0,10,23,NA,56585,56585,NA,NA,10050,143,33,8,6,523.3754365874606,343.3857429144002
25025001877,MA,025,1877,2491,99,2298,29,2,14,0,7,42,2016,69,1879,18,2,10,0,5,33,NA,56585,56585,NA,NA,10050,140,32,8,6,558.8585170340682,366.66613226452904
25025001878,MA,025,1878,2882,54,2755,29,4,23,0,1,16,2304,37,2214,24,1,17,0,1,10,NA,56585,56585,NA,NA,10050,140,32,8,6,638.6954480389351,419.04700830231894
25025001879,MA,025,1879,2721,79,2442,56,1,78,0,15,50,2142,57,1959,36,1,45,0,13,31,NA,56585,56585,NA,NA,10050,140,32,8,6,593.7871743486975,389.58276553106214
25025001880,MA,025,1880,2904,58,2781,14,8,30,0,0,13,2340,45,2250,9,6,21,0,0,9,NA,80965,80930,NA,NA,13170,143,33,8,6,1655.5816087266794,1205.9027423794473
25025001881,MA,025,1881,3176,59,2994,40,2,44,1,5,31,2408,33,2298,21,2,31,1,3,19,NA,80965,80930,NA,NA,13170,143,33,8,6,362.780671728813,249.1114446796172
25025001882,MA,025,1882,2961,76,2799,29,5,18,0,6,28,2447,62,2315,24,4,17,0,4,21,NA,80965,80930,NA,NA,13170,143,33,8,6,1731.2855540829848,1261.0444489754307
25025001883,MA,025,1883,3129,135,2721,135,3,52,0,38,45,2673,99,2383,90,3,39,0,26,33,NA,80965,80930,08220,NA,13170,143,33,8,6,402.7046243899988,276.5261177859704
25025001884,MA,025,1884,2930,45,2809,11,7,28,0,8,22,2414,37,2320,11,3,23,0,6,14,NA,80965,80930,NA,NA,13170,143,33,8,6,1707.9376083188909,1244.0381282495669
25025001885,MA,025,1885,3203,120,2916,64,4,34,6,16,43,2608,91,2395,51,4,26,4,11,26,NA,80965,80930,08220,NA,13170,143,33,8,6,1845.1952288714447,1344.0146803955552
25025ZZZZZZ,MA,025,ZZZZZZ,0,0,0,0,0,0,0,0,0,0,0,0,0,0,0,0,0,0,NA,07000,00000,NA,NA,99998,ZZZ,ZZZ,7,5,0,0
25027001886,MA,027,1886,5546,92,5350,12,2,33,0,3,54,3940,43,3838,7,2,17,0,0,33,NA,62780,01885,NA,NA,02040,145,39,2,1,790,540
25027001887,MA,027,1887,3796,51,3663,23,9,16,2,4,28,2795,30,2718,9,5,13,2,2,16,NA,02515,02480,09540,09900,02160,41,37,2,1,538.4953703703703,614.4753086419753
25027001888,MA,027,1888,3865,79,3667,27,12,17,1,3,59,2801,33,2702,10,3,13,1,1,38,NA,02515,02480,09180,09900,02160,41,37,2,1,539.6513532763532,615.7943969610636
25027001889,MA,027,1889,3638,92,3441,22,8,14,0,4,57,2828,58,2710,14,4,9,0,1,32,NA,02515,02480,09180,09900,02160,41,37,2,1,544.8532763532763,621.730294396961
25027001890,MA,027,1890,3541,33,3446,21,0,23,0,5,13,2801,22,2743,14,0,16,0,2,4,NA,NA,02760,NA,NA,02220,150,38,3,3,523.4917378917379,462.61530321530324
25027001891,MA,027,1891,3107,28,3002,28,8,27,0,0,14,2357,21,2285,16,4,20,0,0,11,NA,82000,02760,NA,NA,02220,150,38,3,3,440.5105413105413,389.2839234839235
25027001892,MA,027,1892,3185,21,3105,9,4,38,2,0,6,2519,14,2468,6,4,25,1,0,1,NA,82000,02760,NA,NA,02220,150,38,4,3,470.7874643874644,416.0399674399675
25027001893,MA,027,1893,2766,29,2693,4,1,16,1,5,17,2085,16,2042,4,1,12,1,3,6,NA,82000,02760,NA,NA,02220,150,38,4,3,389.6752136752137,344.36019536019535
25027001894,MA,027,1894,3302,55,3149,27,1,38,0,0,32,2523,29,2432,19,1,25,0,0,17,NA,82000,02760,NA,NA,02220,150,38,3,3,471.53504273504274,416.7006105006105
25027001895,MA,027,1895,2629,21,2568,8,4,6,0,2,20,1911,11,1876,7,4,3,0,0,10,NA,03705,03740,09540,09900,00001,148,37,2,1,395.14531548757174,494.8451242829828
25027001896,MA,027,1896,2484,20,2401,16,1,10,0,3,33,1750,6,1713,11,1,5,0,0,14,NA,03705,03740,NA,NA,00001,148,37,2,1,361.85468451242826,453.1548757170172
25027001897,MA,027,1897,2380,12,2315,4,2,23,0,6,18,1784,7,1740,4,2,16,0,3,12,NA,38715,05490,02550,02580,06390,62,23,4,4,412,608
25027001898,MA,027,1898,2779,35,2675,12,6,16,0,2,33,2030,30,1954,9,6,11,0,0,20,NA,NA,06015,NA,NA,02715,151,40,3,2,467.84782266939163,339.5566734790128
25027001899,MA,027,1899,2793,17,2710,9,8,18,0,0,31,2097,10,2041,6,6,13,0,0,21,NA,NA,06015,NA,NA,02715,107,40,3,2,483.28910548655875,350.763716396793
25027001900,MA,027,1900,3232,39,3123,7,4,33,0,2,24,2234,18,2176,6,4,19,0,0,11,NA,NA,06015,NA,NA,02715,107,40,3,2,514.8630718440497,373.6796101241943
25027001901,MA,027,1901,4148,33,4029,4,2,54,1,5,20,2885,18,2816,2,1,35,1,2,10,NA,31575,06365,02550,02580,08310,61,39,6,4,615,835
25027001902,MA,027,1902,4008,23,3863,27,7,55,0,5,28,3034,14,2947,19,4,35,0,3,12,NA,NA,07525,02910,02580,10770,155,36,4,3,725,927
25027001903,MA,027,1903,3051,18,2978,6,16,9,0,0,24,2260,10,2218,4,6,9,0,0,13,NA,18595,09105,03120,11490,00002,148,37,3,2,436,651
25027001904,MA,027,1904,2802,29,2733,6,9,7,0,0,18,2038,14,1999,5,6,6,0,0,8,NA,63305,12715,11310,11490,04360,149,40,3,2,333.07746925320146,375.7134525167998
25027001905,MA,027,1905,4459,47,4354,7,5,23,1,2,20,3131,27,3071,2,4,14,1,0,12,NA,NA,12715,NA,NA,04360,149,40,3,2,511.71028274375556,577.2123747939647
25027001906,MA,027,1906,4002,34,3893,11,8,19,5,10,22,2718,20,2647,10,8,15,2,4,12,NA,NA,12715,11310,11490,04360,149,40,3,2,444.212248003043,501.0741726892354
25027001907,MA,027,1907,3338,273,2900,49,3,31,1,14,67,2656,196,2337,37,3,27,1,12,43,NA,14430,14395,NA,NA,03750,155,36,4,3,912.7271320827692,898.8590214658673
25027001908,MA,027,1908,3568,547,2851,42,3,33,0,25,67,2785,360,2289,39,2,33,0,15,47,NA,14430,14395,NA,NA,03750,155,36,4,3,957.0576290852833,942.5159543608586
25027001909,MA,027,1909,3387,312,2949,51,3,29,0,24,19,2619,214,2316,34,3,22,0,12,18,NA,14430,14395,02910,02580,03750,155,36,4,3,900.0121833301101,886.3372655192419
25027001910,MA,027,1910,3142,426,2549,97,9,19,4,5,33,2282,239,1932,64,4,17,2,5,19,NA,14430,14395,NA,NA,03750,155,36,4,3,784.2030555018372,772.2877586540321
25027001911,MA,027,1911,7045,67,6824,27,6,45,5,7,64,4960,36,4819,19,6,34,3,6,37,NA,18875,17300,NA,NA,04230,151,40,3,2,887,925
25027001912,MA,027,1912,2303,87,2174,9,1,12,0,1,19,1767,43,1693,5,1,9,0,1,15,NA,73930,17685,NA,NA,04360,150,40,3,2,391.70526733721545,337.68501852832185
25027001913,MA,027,1913,2661,54,2538,9,16,24,0,0,20,1952,34,1872,7,11,20,0,0,8,NA,73930,17685,NA,NA,04360,151,40,3,2,432.71572260455264,373.03970354685015
25027001914,MA,027,1914,2697,31,2629,8,0,11,0,0,18,1936,20,1895,4,0,8,0,0,9,NA,NA,17685,NA,NA,04360,149,40,3,2,429.16887241926946,369.9820010587612
25027001915,MA,027,1915,2375,30,2274,19,6,22,0,0,24,1901,21,1823,17,5,20,0,0,15,NA,NA,17685,NA,NA,04360,149,40,3,2,421.4101376389624,363.2932768660667
25027001916,MA,027,1916,2097,16,2054,9,3,3,0,1,11,1560,12,1534,4,2,2,0,1,5,NA,18595,18560,03120,11490,00002,43,37,3,2,357,423
25027001917,MA,027,1917,3157,687,2176,83,11,139,0,2,59,2260,367,1744,47,9,61,0,1,31,NA,23875,23875,NA,NA,04890,146,39,2,1,551.4000965583833,417.81709083385056
25027001918,MA,027,1918,3214,412,2518,69,7,122,0,13,73,2339,237,1966,50,3,52,0,3,28,NA,23875,23875,NA,NA,04890,146,39,2,1,570.6747017035658,432.4222015311401
25027001919,MA,027,1919,2835,676,1865,120,3,87,2,19,63,1944,379,1421,54,1,45,2,10,32,NA,23875,23875,NA,NA,04890,146,39,2,1,474.30167597765364,359.3966480446927
25027001920,MA,027,1920,3404,625,2388,101,2,175,0,6,107,2475,348,1931,56,2,89,0,1,48,NA,23875,23875,NA,NA,04890,146,39,2,1,603.8563004345127,457.5651769087523
25027001921,MA,027,1921,3453,119,3143,36,2,112,0,4,37,2676,72,2497,27,2,61,0,1,16,NA,23875,23875,NA,NA,04890,146,39,2,1,652.8967515001034,494.7250155183116
25027001922,MA,027,1922,3405,317,2857,92,11,61,0,5,62,2544,178,2222,64,6,33,0,0,41,NA,23875,23875,NA,NA,04890,146,39,2,1,620.6910821435961,470.3215394165115
25027001923,MA,027,1923,2629,175,2244,96,5,62,2,2,43,2193,120,1917,79,5,44,2,2,24,NA,23875,23875,NA,NA,04890,146,39,2,1,535.0532795365198,405.4304779639975
25027001924,MA,027,1924,3163,708,2132,88,10,140,0,4,81,2359,426,1750,55,5,70,0,3,50,NA,23875,23875,NA,NA,04890,146,39,2,1,575.5543485757639,436.1196979102007
25027001925,MA,027,1925,3989,223,3534,63,4,120,0,2,43,3053,135,2773,43,2,80,0,0,20,NA,23875,23875,NA,NA,04890,146,39,2,1,744.8780950410373,564.4228222636044
25027001926,MA,027,1926,3140,792,1661,268,11,298,1,11,98,2131,421,1316,169,7,153,1,4,60,NA,23875,23875,NA,NA,04890,146,39,2,1,519.9263742327057,393.9682391889096
25027001927,MA,027,1927,3457,746,2424,93,9,144,0,5,36,2550,436,1944,55,6,90,0,2,17,NA,23875,23875,NA,NA,04890,146,39,2,1,622.1549762052555,471.4307883302297
25027001928,MA,027,1928,3256,372,2472,100,26,197,0,5,84,2474,247,1989,65,15,107,0,1,50,NA,23875,23875,NA,NA,04890,146,39,2,1,603.6123180909028,457.3803020897993
25027001929,MA,027,1929,2514,270,1955,207,15,33,1,4,29,2113,257,1585,201,15,27,1,3,24,NA,25485,25485,NA,NA,05130,145,39,2,1,531.81813016855,372.68619405340576
25027001930,MA,027,1930,2288,87,2091,27,4,42,0,5,32,1732,47,1609,19,4,32,0,2,19,NA,25485,25485,NA,NA,05130,145,39,2,1,435.9247522252383,305.4862698061991
25027001931,MA,027,1931,1935,61,1826,19,4,7,1,1,16,1495,32,1432,13,2,5,1,0,10,NA,25485,25485,NA,NA,05130,145,39,2,1,376.2745407486901,263.68474212486586
25027001932,MA,027,1932,2420,56,2321,15,3,6,0,2,17,1752,29,1701,9,3,5,0,0,5,NA,25485,25485,NA,NA,05130,145,39,2,1,440.95852534562215,309.01382488479265
25027001933,MA,027,1933,1921,35,1819,17,9,26,2,1,12,1461,16,1402,11,3,18,2,0,9,NA,25485,25485,NA,NA,05130,145,39,2,1,367.7171264440376,257.6878984912569
25027001934,MA,027,1934,1942,53,1838,8,1,32,0,0,10,1528,25,1470,5,1,24,0,0,3,NA,25485,25485,NA,NA,05130,145,39,2,1,384.58026639732344,269.5052080045452
25027001935,MA,027,1935,1906,46,1752,17,9,53,4,1,24,1438,26,1342,11,4,34,3,1,17,NA,25485,25485,NA,NA,05130,145,39,2,1,361.92828735559624,253.63121015087432
25027001936,MA,027,1936,1812,96,1570,63,2,33,1,1,46,1370,55,1233,37,2,22,1,0,20,NA,25485,25485,NA,NA,05130,145,39,2,1,344.81345874629125,241.63752288365632
25027001937,MA,027,1937,2076,99,1836,53,10,43,3,0,32,1405,44,1291,25,5,25,2,0,13,NA,25485,25485,NA,NA,05130,145,39,2,1,353.622561706963,247.810744271195
25027001938,MA,027,1938,1956,45,1874,10,9,7,1,0,10,1547,30,1495,8,4,4,0,0,6,NA,25485,25485,NA,NA,05130,145,39,2,1,389.362350861688,272.856385329209
25027001939,MA,027,1939,3131,47,3014,18,2,36,0,1,13,2407,32,2319,17,2,26,0,1,10,NA,82000,26430,NA,NA,05370,152,38,4,2,467.7738289021523,483.8814432989691
25027001940,MA,027,1940,4359,159,3938,135,7,74,0,0,46,3243,84,2993,90,5,52,0,0,19,9150,NA,26430,NA,NA,05370,152,38,4,2,630.2411828540423,651.9432989690722
25027001941,MA,027,1941,3919,38,3749,9,1,83,0,2,37,2820,27,2710,9,1,55,0,2,16,NA,NA,26430,NA,NA,05370,152,38,4,2,548.0358111774281,566.9072164948453
25027001942,MA,027,1942,3485,41,3367,15,7,23,0,0,32,2588,19,2523,10,4,17,0,0,15,NA,NA,26430,NA,NA,05370,152,38,4,2,502.9491770663773,520.2680412371134
25027001943,MA,027,1943,2622,23,2547,14,3,3,0,1,31,1888,16,1847,8,3,1,0,0,13,NA,NA,28740,09540,09900,00001,148,37,2,1,524,376
25027001944,MA,027,1944,5981,364,5199,228,10,118,3,3,56,4391,337,3726,221,5,80,2,1,19,NA,24540,28950,02850,01710,05880,60,23,6,4,1089,1364
25027001945,MA,027,1945,3099,29,3030,8,1,13,1,0,17,2192,18,2150,7,1,7,1,0,8,NA,58790,30560,NA,NA,11880,144,36,4,3,551.7985434763534,782.596121786435
25027001946,MA,027,1946,3713,39,3564,29,7,42,0,2,30,2587,21,2509,13,5,28,0,1,10,NA,82000,30560,NA,NA,11880,144,36,4,3,651.2330437834518,923.6205141703957
25027001947,MA,027,1947,2980,35,2882,14,4,32,0,0,13,2222,24,2161,5,4,22,0,0,6,NA,NA,30560,NA,NA,11880,144,36,4,3,559.3505308414495,793.3068351320524
25027001948,MA,027,1948,2925,20,2842,6,0,45,0,0,12,2222,13,2166,5,0,29,0,0,9,NA,82000,30560,NA,NA,11880,144,36,4,3,559.3505308414495,793.3068351320524
25027001949,MA,027,1949,2904,27,2807,18,0,22,0,3,27,2174,14,2118,9,0,16,0,3,14,NA,82000,30560,NA,NA,11880,144,36,4,3,547.2673510572957,776.1696937790647
25027001950,MA,027,1950,5907,69,5710,32,1,42,0,17,36,4360,42,4243,20,1,24,0,15,15,NA,30980,30945,NA,NA,06300,153,38,3,2,1094,1134
25027001951,MA,027,1951,3909,52,3816,5,3,19,0,0,14,2694,30,2641,2,3,9,0,0,9,NA,25485,31435,NA,NA,00001,144,37,2,1,428,523
25027001952,MA,027,1952,3285,360,2468,375,9,26,0,3,44,2716,336,1957,361,9,20,0,3,30,NA,35075,34165,10740,NA,08310,61,39,6,4,430.3272727272727,651.8399999999999
25027001953,MA,027,1953,4095,189,3475,325,3,59,0,7,37,3059,116,2583,291,3,40,0,3,23,NA,64460,34165,NA,NA,08310,61,39,4,4,484.67272727272723,734.16
25027001954,MA,027,1954,2624,62,2463,27,11,24,0,4,33,1927,33,1835,17,9,15,0,2,16,NA,82000,34795,NA,NA,06720,160,38,3,2,408.91576367389064,547.6239680082559
25027001955,MA,027,1955,2412,47,2265,57,5,11,1,0,26,1785,31,1690,39,5,6,1,0,13,NA,82000,34795,NA,NA,06720,160,38,3,2,378.7828947368421,507.26973684210526
25027001956,MA,027,1956,2987,43,2868,33,5,21,0,3,14,2184,31,2115,16,2,10,0,1,9,NA,NA,34795,NA,NA,06720,160,38,3,2,463.45201238390086,620.6594427244581
25027001957,MA,027,1957,2448,31,2356,13,3,21,5,0,19,1856,17,1796,11,3,12,5,0,12,NA,NA,34795,NA,NA,06720,160,38,3,2,393.84932920536636,527.4468524251806
25027001958,MA,027,1958,4579,283,3987,117,7,99,0,13,73,3421,166,3041,80,7,77,0,7,43,NA,35075,35075,NA,NA,06780,147,39,2,1,723.7457902607113,687.6029842012873
25027001959,MA,027,1959,4816,250,4226,162,11,103,5,7,52,3656,167,3260,123,4,69,3,3,27,NA,35075,35075,NA,NA,06780,147,39,2,1,773.4623236460568,734.8367466354593
25027001960,MA,027,1960,3627,817,2449,118,1,111,1,19,111,2734,531,1975,85,1,58,1,13,70,NA,35075,35075,NA,NA,06780,147,39,2,1,578.4042650022756,549.5196021064951
25027001961,MA,027,1961,4042,617,3111,92,6,118,1,22,75,2969,352,2423,57,6,72,1,17,41,NA,35075,35075,NA,NA,06780,147,39,2,1,628.1207983876211,596.753364540667
25027001962,MA,027,1962,4317,695,3276,139,5,108,0,12,82,3143,375,2551,85,4,75,0,6,47,NA,35075,35075,NA,NA,06780,147,39,2,1,664.9321890644301,631.7264482153306
25027001963,MA,027,1963,4322,483,3417,199,4,158,1,10,50,3102,321,2489,146,4,106,1,8,27,NA,35075,35075,NA,NA,06780,147,39,2,1,656.2582406865613,623.4856641310707
25027001964,MA,027,1964,4165,249,3772,40,3,55,0,4,42,3049,159,2794,32,3,29,0,1,31,NA,35075,35075,NA,NA,06780,147,39,2,1,645.0455757102919,612.8329432416618
25027001965,MA,027,1965,4323,341,3822,54,2,43,0,23,38,3198,198,2888,42,2,35,0,12,21,NA,35075,35075,NA,NA,06780,147,39,2,1,676.5679734737663,642.7811585722645
25027001966,MA,027,1966,3757,658,2590,265,4,146,2,9,83,2762,377,2058,174,3,99,2,4,45,NA,35075,35075,NA,NA,06780,147,39,2,1,584.3279370652103,555.1474546518432
25027001967,MA,027,1967,3355,151,3023,69,2,57,2,8,43,2728,102,2499,48,2,43,2,5,27,NA,35075,35075,NA,NA,06780,147,39,2,1,577.1349067030752,548.3136337039203
25027001968,MA,027,1968,2827,19,2743,14,4,23,0,0,24,2133,14,2080,10,2,16,0,0,11,NA,37385,37420,NA,NA,07080,59,39,2,1,493.9482363062805,655.1313449956983
25027001969,MA,027,1969,2769,32,2658,14,13,21,0,6,25,2146,23,2069,14,7,17,0,2,14,NA,35075,37420,NA,NA,07080,59,39,2,1,496.958703756811,659.1241755090336
25027001970,MA,027,1970,3271,55,3119,28,1,27,2,3,36,2333,31,2243,22,1,19,2,1,14,NA,37385,37420,10740,NA,07080,59,39,2,1,540.2631201605965,716.5595067393175
25027001971,MA,027,1971,534,2,523,4,1,2,0,0,2,362,1,352,4,1,2,0,0,2,NA,37385,37420,10740,NA,07080,59,39,6,1,83.82993977631202,111.18497275595067
25027001972,MA,027,1972,5286,51,5145,20,0,31,0,3,36,3725,34,3632,9,0,21,0,1,28,NA,30980,40255,NA,NA,07680,153,40,3,2,621,907
25027001973,MA,027,1973,3775,182,3409,43,3,81,1,18,38,2885,107,2638,37,3,61,1,12,26,NA,41200,41165,NA,NA,07860,153,40,3,2,583.6713477570464,529.2697995236205
25027001974,MA,027,1974,4540,194,4057,55,8,61,3,52,110,3492,135,3153,38,8,44,3,43,68,NA,41200,41165,NA,NA,07860,153,40,3,2,706.4749900754267,640.6274315204446
25027001975,MA,027,1975,4061,281,3561,37,3,35,3,20,121,3079,159,2769,24,3,27,2,13,82,NA,41200,41165,NA,NA,07860,153,40,3,2,622.9199583167924,564.8602123858675
25027001976,MA,027,1976,3582,193,3230,65,8,23,0,22,41,2747,121,2530,34,3,17,0,17,25,NA,41200,41165,NA,NA,07860,153,40,3,2,555.7522330289797,503.95290789996034
25027001977,MA,027,1977,3404,54,3256,18,1,52,1,8,14,2600,33,2499,14,1,35,0,7,11,NA,41200,41165,NA,NA,07860,153,40,3,2,526.0123064708218,476.98491464867016
25027001978,MA,027,1978,3458,119,3160,59,4,82,0,3,31,2547,72,2355,41,4,59,0,3,13,NA,41200,41165,NA,NA,07860,153,40,3,2,515.2897479158396,467.26176061929334
25027001979,MA,027,1979,3979,145,3591,69,2,132,0,7,33,2802,82,2563,42,1,92,0,5,17,NA,41200,41165,NA,NA,07860,153,40,3,2,566.8794164350933,514.0429734021437
25027001980,MA,027,1980,3312,44,3166,17,4,52,0,0,29,2507,19,2429,15,2,31,0,0,11,NA,NA,41340,NA,NA,07890,150,38,3,2,666.3241484494154,574.0481952211491
25027001981,MA,027,1981,3343,22,3265,7,5,23,1,0,20,2528,14,2479,7,3,17,1,0,7,NA,82000,41340,NA,NA,07890,150,38,3,2,671.905643111337,578.8567361464159
25027001982,MA,027,1982,3171,28,3070,21,4,23,3,2,20,2513,17,2443,17,2,17,3,2,12,NA,82000,41340,NA,NA,07890,150,38,3,2,667.9188612099645,575.4220640569396
25027001983,MA,027,1983,2958,37,2833,18,6,33,0,1,30,2287,20,2208,14,4,26,0,1,14,NA,82000,41340,NA,NA,07890,150,38,3,2,607.8513472292832,523.6730045754957
25027001984,MA,027,1984,2724,17,2649,21,1,5,0,5,26,1875,11,1835,13,1,2,0,2,11,NA,NA,41585,NA,NA,02715,151,40,3,2,468,318
25027001985,MA,027,1985,927,3,916,2,1,1,0,0,4,655,3,647,0,1,1,0,0,3,NA,NA,45105,NA,NA,00001,148,37,2,1,103,242
25027001986,MA,027,1986,4487,47,4093,23,4,285,0,6,29,3085,36,2820,18,4,195,0,5,7,NA,46785,46820,08880,08910,12600,155,23,4,3,678.1317680396721,648.7835239348244
25027001987,MA,027,1987,4542,57,4217,27,0,198,4,3,36,3214,33,3010,22,0,130,2,1,16,NA,46785,46820,08880,08910,10770,155,23,4,3,706.4880072867119,675.9125594575448
25027001988,MA,027,1988,4984,75,4593,39,5,223,6,7,36,3582,45,3335,26,5,151,4,2,14,NA,46785,46820,08880,08910,07320,62,23,4,3,787.380224673616,753.3039166076308
25027001989,MA,027,1989,2772,43,2662,9,2,4,0,19,33,2065,24,1998,6,2,4,0,13,18,NA,79495,46925,NA,NA,08940,152,40,4,2,505.55555555555554,475.3086419753086
25027001990,MA,027,1990,2815,53,2714,12,1,4,0,0,31,2143,26,2085,11,1,3,0,0,17,NA,NA,46925,NA,NA,08940,152,40,4,2,524.6516007532956,493.2621887424147
25027001991,MA,027,1991,3388,102,3124,48,16,14,1,11,72,2359,51,2232,24,10,8,1,5,28,NA,79495,46925,NA,NA,08940,152,40,4,2,577.532956685499,542.9797028667085
25027001992,MA,027,1992,4207,43,4087,8,2,20,2,10,35,2991,23,2916,5,2,12,2,10,21,NA,79495,46925,NA,NA,08940,152,40,4,2,732.2598870056497,688.449466415568
25027001993,MA,027,1993,4683,51,4547,16,9,9,0,2,49,3407,25,3327,10,7,5,0,2,31,NA,47100,47135,03120,11490,08760,148,37,2,2,1056,1347
25027001994,MA,027,1994,1673,17,1631,6,2,10,0,1,6,1177,7,1155,5,2,5,0,0,3,NA,NA,50670,NA,NA,00001,148,37,2,1,258,330
25027001995,MA,027,1995,3551,33,3447,13,2,27,0,1,28,2609,16,2554,9,2,16,0,1,11,NA,51790,51825,NA,NA,09270,150,40,3,2,549.1797001620746,528.3013573743922
25027001996,MA,027,1996,3324,70,3149,27,7,50,0,0,21,2525,35,2423,20,5,33,0,0,9,NA,51790,51825,NA,NA,09270,149,40,3,2,531.4981766612642,511.2920380875203
25027001997,MA,027,1997,3145,26,3031,24,11,16,2,1,34,2354,19,2275,17,10,13,2,0,18,NA,51790,51825,NA,NA,09270,150,40,3,2,495.50364667747164,476.6659238249595
25027001998,MA,027,1998,3332,134,3092,41,13,19,1,1,31,2384,68,2258,25,7,12,1,1,12,NA,51790,51825,NA,NA,09270,150,40,3,2,501.8184764991896,482.74068071312803
25027001999,MA,027,1999,4386,68,4215,24,3,47,0,1,28,3338,45,3212,21,2,43,0,0,15,NA,82000,52420,NA,NA,11880,156,37,4,3,820,1076
25027002000,MA,027,2000,1180,13,1139,8,8,3,0,0,9,916,9,886,4,8,3,0,0,6,NA,NA,53120,09540,09900,00001,148,37,2,1,267,302
25027002001,MA,027,2001,1621,7,1583,5,2,6,0,0,18,1147,3,1128,0,2,6,0,0,8,NA,NA,53225,09540,09900,08280,144,37,2,1,203,254
25027002002,MA,027,2002,3353,49,3227,8,6,32,0,3,28,2383,21,2320,5,6,16,0,3,12,NA,35075,55395,NA,NA,11880,155,39,4,3,554,872
25027002003,MA,027,2003,804,3,791,0,0,7,0,0,3,562,1,555,0,0,3,0,0,3,NA,NA,58580,09180,09900,02160,42,37,2,1,95.45781777277841,197.23734533183352
25027002004,MA,027,2004,450,11,439,0,0,0,0,0,0,327,4,323,0,0,0,0,0,0,NA,NA,58580,NA,NA,02160,42,37,2,1,55.5421822272216,114.76265466816649
25027002005,MA,027,2005,6353,84,6084,66,9,29,0,8,73,4399,42,4258,31,8,19,0,5,36,NA,58790,58825,NA,NA,11880,144,37,4,3,788,948
25027002006,MA,027,2006,3700,39,3474,29,6,120,0,5,27,2749,21,2604,21,3,85,0,1,14,NA,82000,61800,02910,02580,10770,154,38,4,3,619.1062518594075,639.5522971652003
25027002007,MA,027,2007,3518,68,3117,38,3,258,0,3,31,2707,40,2447,28,1,172,0,3,16,NA,82000,61800,NA,NA,10770,154,38,4,3,609.6473713289982,629.7810361681329
25027002008,MA,027,2008,3161,58,2406,65,3,539,0,50,40,2518,40,1938,51,3,413,0,38,35,NA,NA,61800,NA,NA,10770,154,38,4,3,567.0824089421565,585.8103616813294
25027002009,MA,027,2009,3545,49,3341,14,13,95,2,2,29,2695,27,2556,11,9,72,2,2,16,NA,82000,61800,NA,NA,10770,154,38,4,3,606.9448340345956,626.989247311828
25027002010,MA,027,2010,4438,115,3676,104,5,450,0,19,69,3221,69,2717,64,3,319,0,9,40,NA,NA,61800,08880,08910,10770,154,38,4,3,725.4060521059118,749.3626588465298
25027002011,MA,027,2011,3060,49,2749,35,0,197,0,8,22,2434,36,2197,28,0,152,0,6,15,NA,NA,61800,NA,NA,10770,154,38,4,3,548.1646478813379,566.2678396871945
25027002012,MA,027,2012,4671,38,4309,45,1,248,1,5,24,3181,23,2955,27,1,158,0,3,14,NA,NA,61800,02910,02580,10770,154,38,4,3,716.397594457903,740.0566959921798
25027002013,MA,027,2013,5547,88,4803,96,2,501,1,6,50,4024,49,3537,62,1,346,1,3,25,NA,NA,61800,08880,08910,10770,154,38,4,3,906.2508393896893,936.1798631476051
25027002014,MA,027,2014,3963,68,3722,18,3,105,2,11,34,2753,39,2612,13,3,66,1,3,16,NA,15340,63165,10980,08910,07320,66,23,6,3,643.1207445916485,893.3515009223545
25027002015,MA,027,2015,4818,64,4491,23,3,204,2,2,29,3210,31,3019,21,3,129,2,0,5,NA,15340,63165,10980,08910,12600,66,23,6,3,749.8792554083515,1041.6484990776455
25027002016,MA,027,2016,3223,586,2560,11,3,25,1,1,36,2486,353,2076,7,3,18,0,1,28,NA,63305,63270,NA,NA,11010,149,40,3,2,552.2724371448587,433.84541138008876
25027002017,MA,027,2017,3488,891,2396,35,23,54,1,1,87,2486,489,1863,23,16,40,0,1,54,NA,63305,63270,11310,11490,11010,149,40,3,2,552.2724371448587,433.84541138008876
25027002018,MA,027,2018,3555,615,2781,43,9,32,5,5,65,2582,349,2140,24,6,24,4,1,34,NA,63305,63270,NA,NA,11010,149,40,3,2,573.5991282011364,450.5988946835837
25027002019,MA,027,2019,3510,244,3189,11,12,21,0,0,33,2772,147,2574,7,9,13,0,0,22,NA,63305,63270,11310,11490,11010,149,40,3,2,615.8082042500195,483.75683038841754
25027002020,MA,027,2020,3438,1136,2102,23,10,124,0,6,37,2521,662,1714,17,6,90,0,6,26,NA,63305,63270,NA,NA,11010,149,40,3,2,560.0477932591266,439.95345216782124
25027002021,MA,027,2021,3849,58,3742,24,4,5,1,1,14,2945,37,2874,16,4,3,1,1,9,NA,66070,66105,NA,NA,00002,148,37,3,2,682.2355142306384,703.2736137884114
25027002022,MA,027,2022,3706,51,3584,21,13,14,1,2,20,2771,32,2697,14,7,11,1,0,9,NA,66070,66105,NA,NA,00002,148,37,3,2,641.9268624560608,661.72196394149
25027002023,MA,027,2023,4136,47,4021,20,8,16,0,0,24,3103,32,3030,12,6,9,0,0,14,NA,66070,66105,NA,NA,00002,148,37,3,2,718.8376233133009,741.0044222700986
25027002024,MA,027,2024,3543,24,3470,12,3,13,1,6,14,2569,16,2527,8,3,5,1,2,7,NA,35075,67385,NA,NA,11880,155,39,4,1,513.3115969581748,806.841825095057
25027002025,MA,027,2025,3714,35,3611,22,3,15,0,5,23,2691,20,2638,14,3,8,0,0,8,NA,35075,67385,02910,02580,11880,155,39,4,1,537.688403041825,845.1581749049429
25027002026,MA,027,2026,3763,51,3631,8,2,52,0,1,18,2878,29,2798,5,2,36,0,0,8,NA,68120,68155,11310,11490,11010,149,37,3,2,599.1521999657593,652.859099469269
25027002027,MA,027,2027,4074,51,3913,18,19,37,7,2,27,2963,30,2851,16,15,24,7,2,18,NA,23840,68155,11310,11490,04360,43,37,3,2,616.8478000342408,672.1409005307311
25027002028,MA,027,2028,2428,18,2387,3,5,5,0,1,9,1780,14,1753,2,3,3,0,1,4,NA,NA,68610,NA,NA,11400,152,38,3,2,410.369352344958,501.1887991753995
25027002029,MA,027,2029,2366,13,2296,16,1,24,0,2,14,1708,7,1666,10,1,16,0,1,7,NA,18875,68610,NA,NA,11400,152,38,3,2,393.7701425871843,480.9159938154956
25027002030,MA,027,2030,3456,27,3381,4,2,20,0,4,18,2333,18,2286,4,1,14,0,1,9,NA,79495,68610,NA,NA,11400,152,38,3,2,537.8605050678577,656.895207009105
25027002031,MA,027,2031,3293,27,3220,14,6,7,0,2,17,2416,13,2372,10,6,5,0,1,9,NA,25485,69275,NA,NA,08280,144,37,2,1,567.6782158502589,521.0131421744325
25027002032,MA,027,2032,3506,71,3395,10,4,12,0,0,14,2606,38,2543,5,3,9,0,0,8,NA,03355,69275,NA,NA,08280,144,37,2,1,612.3217841497411,561.9868578255675
25027002033,MA,027,2033,5642,41,5478,27,4,55,0,2,35,4001,24,3901,19,3,38,0,2,14,NA,71530,71480,NA,NA,07680,152,38,4,2,893,1093
25027002034,MA,027,2034,3439,26,3362,3,3,25,0,4,16,2420,16,2363,3,3,22,0,3,10,NA,18875,71620,NA,NA,11850,151,40,3,2,611.2039498670717,526.033675148753
25027002035,MA,027,2035,3566,40,3458,5,3,17,7,6,30,2523,16,2460,3,3,13,3,3,22,NA,NA,71620,NA,NA,11850,151,40,3,2,637.2180022787695,548.4227117356628
25027002036,MA,027,2036,4151,40,4035,8,9,26,1,7,25,2956,21,2889,5,5,16,1,5,14,NA,NA,71620,NA,NA,11850,151,40,3,2,746.5780478541587,642.5436131155842
25027002037,MA,027,2037,4776,42,4629,19,13,13,0,0,60,3494,19,3411,13,6,10,0,0,35,NA,73055,73090,03060,11490,12100,148,37,3,2,801,738
25027002038,MA,027,2038,3090,130,2887,16,9,10,0,4,34,2342,77,2217,13,7,9,0,4,15,NA,73930,73895,NA,NA,12240,151,40,3,2,574.2073180411144,639.6398126835463
25027002039,MA,027,2039,2882,150,2608,26,6,54,0,2,36,2230,93,2058,20,5,36,0,0,18,NA,73930,73895,NA,NA,12240,151,40,3,2,546.7473609016588,609.050718310977
25027002040,MA,027,2040,3632,253,3194,90,17,20,0,3,55,2707,139,2468,50,12,8,0,0,30,NA,73930,73895,NA,NA,12240,151,40,3,2,663.69735693309,739.3274863084372
25027002041,MA,027,2041,3523,42,3426,12,2,29,0,0,12,2743,28,2673,9,2,23,0,0,8,NA,73930,73895,NA,NA,12240,151,40,3,2,672.5237717279149,749.1596952139059
25027002042,MA,027,2042,3288,74,3131,15,10,42,0,5,11,2577,53,2473,8,7,33,0,0,3,NA,73930,73895,NA,NA,12240,151,40,3,2,631.8241923962219,703.8222874831336
25027002043,MA,027,2043,4603,265,3498,97,8,640,2,16,77,3610,198,2816,71,7,458,2,11,47,NA,75050,75015,08880,08910,12600,154,23,4,3,719.198292588281,940.813348855258
25027002044,MA,027,2044,4437,176,3615,103,3,478,0,9,53,3192,79,2696,64,1,315,0,5,32,NA,15340,75015,10980,08910,12600,154,23,4,3,635.9227008149011,831.8770663562282
25027002045,MA,027,2045,4726,72,4373,28,4,214,0,0,35,3246,50,3014,20,4,140,0,0,18,NA,75050,75015,NA,NA,12600,154,21,4,3,646.6807916181606,845.950174621653
25027002046,MA,027,2046,4231,74,3958,24,7,119,2,2,45,2837,42,2680,15,4,78,2,0,16,NA,75050,75015,NA,NA,12600,154,23,4,3,565.1982149786573,739.3594101668607
25027002047,MA,027,2047,4307,336,3517,357,10,44,0,5,38,3552,310,2806,353,10,36,0,4,33,NA,82000,75155,02910,02580,12390,157,36,4,3,1013.7358490566037,1141.132075471698
25027002048,MA,027,2048,3174,21,3113,10,2,16,1,0,11,2331,11,2296,6,2,7,1,0,8,NA,NA,75155,02910,02580,12390,155,36,4,3,665.2641509433963,748.867924528302
25027002049,MA,027,2049,3804,40,3711,10,8,6,2,0,27,2932,20,2874,7,7,4,2,0,18,NA,75365,75400,03120,11490,12100,148,37,2,1,566,761
25027002050,MA,027,2050,3586,27,3454,20,0,62,0,2,21,2612,22,2526,11,0,40,0,0,13,NA,25485,77010,NA,NA,02040,145,39,2,1,614.1324896183507,690.0597192011073
25027002051,MA,027,2051,3321,50,3222,5,9,17,0,0,18,2445,31,2382,4,6,10,0,0,12,NA,25485,77010,NA,NA,02040,145,39,2,1,574.8675103816491,645.9402807988926
25027002052,MA,027,2052,3135,86,2916,43,8,27,3,9,43,2148,44,2033,17,5,19,2,5,23,NA,80370,80405,NA,NA,13080,144,37,2,1,369.1073985680191,344.75656324582343
25027002053,MA,027,2053,3459,60,3312,17,5,24,4,2,35,2381,35,2288,14,3,15,3,1,22,NA,80370,80405,NA,NA,13080,144,37,2,1,409.145584725537,382.1533412887828
25027002054,MA,027,2054,3017,49,2907,11,11,9,0,6,24,2175,25,2118,5,9,4,0,2,12,NA,80370,80405,NA,NA,13080,144,37,2,1,373.74701670644396,349.0900954653938
25027002055,MA,027,2055,3078,44,2901,55,3,37,0,3,35,2371,26,2257,37,2,23,0,1,25,NA,82000,82000,NA,NA,13230,156,36,4,3,544.9196792019466,372.11046004805905
25027002056,MA,027,2056,3638,76,3365,62,5,106,0,0,24,2807,42,2642,45,2,60,0,0,16,NA,82000,82000,NA,NA,13230,156,36,4,3,645.1242258624479,440.5373519000008
25027002057,MA,027,2057,3890,58,3702,30,1,48,0,9,42,3350,45,3216,22,1,36,0,1,29,NA,82000,82000,NA,NA,13230,156,36,4,3,769.9202553043109,525.7570818899189
25027002058,MA,027,2058,3160,59,2909,54,5,80,0,6,47,2378,34,2220,36,3,54,0,4,27,NA,82000,82000,NA,NA,13230,156,36,4,3,546.5284677951198,373.20905693559024
25027002059,MA,027,2059,3419,175,3040,119,5,41,2,7,30,2625,101,2409,68,1,24,1,5,16,NA,82000,82000,NA,NA,13230,156,36,4,3,603.2957224399452,411.97383282419025
25027002060,MA,027,2060,3521,245,2846,273,6,113,1,3,34,2746,143,2338,165,5,75,1,3,16,NA,82000,82000,NA,NA,13230,157,36,4,3,631.104782407653,430.9638647372291
25027002061,MA,027,2061,3207,122,2922,54,0,46,0,21,42,2498,72,2322,35,0,35,0,17,17,NA,82000,82000,NA,NA,13230,157,36,4,3,574.1077008209459,392.04214643612465
25027002062,MA,027,2062,3356,123,3032,67,5,87,1,4,37,2675,80,2438,54,4,68,1,4,26,NA,82000,82000,NA,NA,13230,157,36,4,3,614.7870695340392,419.8209534494129
25027002063,MA,027,2063,3515,690,1933,741,17,54,1,11,68,2685,452,1640,492,15,35,1,4,46,NA,82000,82000,NA,NA,13230,157,36,4,3,617.0853389528583,421.3903775744575
25027002064,MA,027,2064,3067,2216,503,241,6,61,0,14,26,1652,1058,404,118,3,49,0,9,11,NA,82000,82000,NA,NA,13230,157,36,4,3,379.6741079888721,259.26886545735704
25027002065,MA,027,2065,3581,383,2837,152,15,111,3,11,69,2758,224,2299,94,6,86,1,7,41,NA,82000,82000,NA,NA,13230,157,36,4,3,633.8627057102357,432.8471736872825
25027002066,MA,027,2066,3185,879,1658,413,17,96,0,33,89,2256,529,1303,268,14,71,0,23,48,NA,82000,82000,NA,NA,13230,157,36,4,3,518.48958088553,354.06208261004696
25027002067,MA,027,2067,4641,387,3482,406,20,185,0,49,112,3795,242,2969,305,14,153,0,33,79,NA,82000,82000,NA,NA,13230,157,36,4,3,872.1932444417492,595.5964554544007
25027002068,MA,027,2068,2759,636,1490,346,13,151,1,46,76,2144,396,1307,251,5,110,0,38,37,NA,82000,82000,NA,NA,13230,157,36,4,3,492.748963394759,336.4845324095482
25027002069,MA,027,2069,3462,678,2294,210,6,185,0,30,59,2742,392,2021,145,6,125,0,17,36,NA,82000,82000,NA,NA,13230,157,36,4,3,630.1854746401256,430.3360950872113
25027002070,MA,027,2070,3366,775,1972,283,21,176,1,34,104,2361,432,1534,192,12,113,1,24,53,NA,82000,82000,NA,NA,13230,158,36,4,3,542.6214097831278,370.54103592301453
25027002071,MA,027,2071,3490,369,2623,178,16,194,3,22,85,2831,222,2263,125,10,145,3,18,45,NA,82000,82000,NA,NA,13230,158,36,4,3,650.6400724676132,444.30396980010767
25027002072,MA,027,2072,3170,1780,821,291,20,159,1,12,86,2024,980,682,199,10,100,1,8,44,NA,82000,82000,NA,NA,13230,158,36,4,3,465.1697303689329,317.6514429090137
25027002073,MA,027,2073,3249,278,2728,113,6,69,0,7,48,2485,147,2188,63,4,46,0,5,32,NA,82000,82000,NA,NA,13230,158,36,4,3,571.1199505764814,390.00189507356674
25027002074,MA,027,2074,3630,186,2926,116,9,301,2,27,63,3000,140,2463,88,6,228,2,23,50,NA,82000,82000,NA,NA,13230,158,36,4,3,689.4808256456516,470.8272375133603
25027002075,MA,027,2075,3412,436,2525,190,7,149,7,12,86,2572,263,2010,127,5,108,3,7,49,NA,82000,82000,NA,NA,13230,159,38,4,3,591.1148945202053,403.65588496145426
25027002076,MA,027,2076,3538,168,2991,181,1,151,0,1,45,2726,103,2372,121,1,100,0,1,28,NA,82000,82000,NA,NA,13230,159,38,4,3,626.5082435700155,427.82501648714003
25027002077,MA,027,2077,3459,90,3169,84,8,64,1,12,31,2728,53,2532,55,8,50,1,9,20,NA,82000,82000,NA,NA,13230,158,38,4,3,626.9678974537791,428.1389013121489
25027002078,MA,027,2078,4034,125,3528,157,3,152,1,14,54,3341,82,2972,117,3,119,0,14,34,NA,82000,82000,NA,NA,13230,159,38,4,3,767.8518128273739,524.3446001773789
25027002079,MA,027,2079,3825,212,3099,239,9,177,1,5,83,2906,119,2468,152,3,119,1,2,42,NA,82000,82000,NA,NA,13230,159,38,4,3,667.8770931087545,456.0746507379416
25027002080,MA,027,2080,3348,775,1882,254,9,297,1,8,122,2310,420,1462,147,5,197,1,7,71,NA,82000,82000,NA,NA,13230,159,38,4,3,530.9002357471518,362.5369728852874
25027002081,MA,027,2081,3408,343,2551,198,18,144,1,30,123,2573,236,1986,134,13,103,1,23,77,NA,82000,82000,NA,NA,13230,159,38,4,3,591.3447214620871,403.8128273739586
25027002082,MA,027,2082,3277,444,2305,232,11,121,1,13,150,2430,264,1826,150,6,81,1,7,95,NA,82000,82000,NA,NA,13230,159,38,4,3,558.4794687729777,381.37006238582177
25027002083,MA,027,2083,4171,257,3595,169,8,81,6,5,50,3752,201,3298,125,8,75,6,1,38,NA,82000,82000,NA,NA,13230,159,38,4,3,862.3106859408282,588.8479317167092
25027002084,MA,027,2084,3510,429,2402,303,10,251,0,25,90,2626,243,1953,211,7,136,0,18,58,NA,82000,82000,NA,NA,13230,159,38,4,3,603.525549381827,412.13077523669466
25027002085,MA,027,2085,3442,581,2409,158,7,233,0,4,50,2592,332,1979,104,5,150,0,1,21,NA,82000,82000,NA,NA,13230,160,36,4,3,595.7114333578429,406.79473321154325
25027002086,MA,027,2086,3642,785,1970,287,10,467,2,20,101,2740,479,1631,194,6,347,2,16,65,NA,82000,82000,NA,NA,13230,160,36,4,3,629.7258207563617,430.02221026220235
25027002087,MA,027,2087,3797,519,2600,369,16,195,0,4,94,2872,297,2120,265,11,130,0,3,46,NA,82000,82000,NA,NA,13230,160,36,4,3,660.0629770847704,450.7386087127902
25027002088,MA,027,2088,3386,233,2640,162,12,254,0,16,69,2492,135,2007,105,9,176,0,12,48,NA,82000,82000,NA,NA,13230,160,38,4,3,572.7287391696545,391.10049196109793
25027002089,MA,027,2089,3464,179,3023,102,6,111,0,9,34,2596,114,2309,76,5,71,0,5,16,NA,82000,82000,NA,NA,13230,160,38,4,3,596.6307411253705,407.4225028615611
25027002090,MA,027,2090,3527,644,2151,140,31,376,1,14,170,2596,391,1731,80,18,238,1,9,128,NA,82000,82000,NA,NA,13230,159,38,4,3,596.6307411253705,407.4225028615611
25027002091,MA,027,2091,2788,958,1019,220,25,430,0,33,103,1839,523,772,145,21,291,0,22,65,NA,82000,82000,NA,NA,13230,160,38,4,3,422.6517461207844,288.6170965956899
25027002092,MA,027,2092,3481,853,1925,317,12,288,2,17,67,2846,544,1786,229,4,235,2,9,37,NA,82000,82000,NA,NA,13230,160,38,4,3,654.0874765958414,446.6581059876744
25027002093,MA,027,2093,3435,844,1836,220,5,399,5,39,87,2589,551,1527,158,5,265,5,31,47,NA,82000,82000,NA,NA,13230,160,38,4,3,595.0219525321974,406.3239059740299
25027002094,MA,027,2094,3070,411,2233,145,9,185,0,8,79,2294,248,1802,83,7,113,0,2,39,NA,82000,82000,NA,NA,13230,159,38,4,3,527.2230046770416,360.0258942852161
25027002095,MA,027,2095,3181,421,2227,214,17,180,1,19,102,2386,247,1774,125,13,139,1,10,77,NA,82000,82000,NA,NA,13230,156,36,4,3,548.3670833301749,374.4645962356259
25027002096,MA,027,2096,3542,106,3214,71,2,63,0,14,72,2900,76,2656,54,2,50,0,13,49,NA,82000,82000,NA,NA,13230,156,36,4,3,666.4981314574632,455.1329962629149
25027002097,MA,027,2097,3183,130,2807,92,14,64,0,10,66,2483,81,2237,65,8,49,0,5,38,NA,82000,82000,NA,NA,13230,156,36,4,3,570.6602966927177,389.6880102485579
25027002098,MA,027,2098,3564,110,3224,111,5,46,0,1,67,2697,67,2481,72,4,28,0,1,44,NA,82000,82000,NA,NA,13230,156,36,4,3,619.8432622554408,423.27368652451094
25027002099,MA,027,2099,3907,154,3415,142,4,121,0,4,67,2950,103,2636,90,2,88,0,2,29,NA,82000,82000,NA,NA,13230,156,36,4,3,677.9894785515573,462.9801168881376
25027002100,MA,027,2100,3101,214,2380,169,9,213,2,17,97,2734,154,2171,131,9,187,2,12,68,NA,82000,82000,NA,NA,13230,158,36,4,3,628.3468591050704,429.0805557871756
25027002101,MA,027,2101,3898,1045,1924,497,6,238,0,67,121,3218,720,1782,377,6,198,0,50,85,NA,82000,82000,NA,NA,13230,158,36,4,3,739.5830989759022,505.04068343933113
25027002102,MA,027,2102,3599,1319,1669,324,23,157,0,20,87,2660,833,1408,220,15,113,0,10,61,NA,82000,82000,NA,NA,13230,158,36,4,3,611.339665405811,417.46681726184613
25027002103,MA,027,2103,3235,1399,803,506,38,317,0,29,143,2082,801,619,309,30,207,0,24,92,NA,82000,82000,NA,NA,13230,158,36,4,3,478.4996929980822,326.75410283427203
25027002104,MA,027,2104,3040,1812,711,305,19,112,0,5,76,2208,1199,656,235,12,60,0,2,44,NA,82000,82000,NA,NA,13230,158,36,4,3,507.4578876751996,346.52884680983317
