GEOID,state,county,vtd,pop,pop_hisp,pop_white,pop_black,pop_aian,pop_asian,pop_nhpi,pop_other,pop_two,vap,vap_hisp,vap_white,vap_black,vap_aian,vap_asian,vap_nhpi,vap_other,vap_two,ai_an_nh,place,mcd,school,shd,ssd,cd_1990,cd_2000,ndv,nrv
37001000001,NC,001,01,4001,76,3536,348,9,12,0,2,18,3007,38,2688,261,8,8,0,0,4,NA,NA,93292,00030,25,21,2,9,225,623
37001000002,NC,001,02,3390,34,3240,81,9,5,0,0,21,2627,21,2526,57,7,5,0,0,11,NA,00640,93328,00030,25,21,2,9,249,951
37001000004,NC,001,04,5084,55,4339,638,10,10,1,6,25,3796,42,3247,473,7,9,0,3,15,NA,01150,93444,00030,25,21,1,9,447,888
37001000005,NC,001,05,3241,45,2952,201,11,4,0,0,28,2539,33,2330,147,9,3,0,0,17,NA,30260,93476,00030,25,21,1,9,284,757
37001000007,NC,001,07,3400,58,3165,150,10,3,1,0,13,2621,35,2449,117,7,2,1,0,10,NA,59580,93556,00030,25,21,2,9,188,655
37001000011,NC,001,11,3732,121,1852,1696,30,1,1,1,30,2807,77,1352,1337,23,1,0,1,16,NA,75375,93704,00030,25,21,1,3,712,285
37001000013,NC,001,13,5299,586,2855,1785,15,21,0,2,35,3982,375,2245,1318,10,12,0,1,21,NA,30260,93732,00030,25,21,1,3,584.7923775482637,943.5952286943331
37001000035,NC,001,035,4476,96,3922,382,6,31,0,4,35,3787,70,3369,293,5,24,0,2,24,NA,26460,93368,00030,25,21,1,9,358.2096161404428,1055.7757107297261
3700100003C,NC,001,03C,2598,34,2408,101,5,26,1,0,23,1982,28,1838,75,5,21,1,0,14,NA,09060,93368,00030,25,21,1,9,187.47595964889297,552.5607231756845
3700100003N,NC,001,03N,4786,53,4249,410,2,48,1,5,18,3950,34,3557,314,2,31,1,2,9,NA,21100,93368,00030,25,21,1,9,373.6276693305385,1101.218393816324
3700100003S,NC,001,03S,4660,151,4043,299,8,110,0,3,46,3836,116,3378,230,6,78,0,1,27,NA,09060,93368,00030,25,21,1,9,362.84449102580896,1069.4363946023843
3700100003W,NC,001,03W,2406,24,2141,182,6,33,0,2,18,1711,16,1539,119,5,23,0,1,8,NA,25980,93368,00030,25,21,1,9,161.84226385431677,477.00877767588105
37001000063,NC,001,063,4865,935,2605,1208,10,42,3,7,55,3620,582,2163,801,10,33,3,4,24,NA,09060,93520,00030,25,21,1,3,531.6294341347852,857.8138442675755
37001000064,NC,001,064,4302,627,3203,398,10,44,0,4,16,3271,378,2579,265,8,30,0,3,8,NA,27280,93520,00030,25,21,2,9,480.3756571974813,775.11300679537
3700100006E,NC,001,06E,3443,234,2392,766,17,17,0,2,15,2700,161,1986,524,10,15,0,0,4,NA,27280,93520,00030,25,21,1,9,396.5191912055028,639.8059059454292
3700100006N,NC,001,06N,4483,702,2422,1255,15,41,0,6,42,3246,483,1892,816,13,23,0,3,16,NA,27280,93520,00030,25,21,1,3,476.70418320483776,769.188878036616
3700100006S,NC,001,06S,3751,264,2908,480,14,32,0,6,47,2951,167,2393,332,8,25,0,0,26,NA,27280,93520,00030,25,21,2,9,433.380790091644,699.2841586833191
3700100006W,NC,001,06W,2014,265,1295,346,6,70,2,3,27,1573,175,1102,228,6,49,1,1,11,NA,09060,93520,00030,25,21,1,9,231.00914361713183,372.7461815008001
3700100008N,NC,001,08N,3410,141,2919,297,9,5,0,2,37,2490,86,2150,227,8,2,0,1,16,NA,59580,93608,00030,25,21,2,9,247.0942201108472,482.3594615993666
3700100008S,NC,001,08S,1782,58,1609,84,9,5,0,1,16,1299,29,1193,58,6,2,0,0,11,NA,NA,93608,00030,25,21,2,9,128.90577988915283,251.64053840063343
3700100009N,NC,001,09N,2277,63,1764,423,0,3,0,1,23,1725,41,1336,331,0,3,0,0,14,NA,66460,93656,00030,25,21,2,9,175.27962085308056,255.7251184834123
3700100009S,NC,001,09S,4848,292,3823,642,31,16,0,5,39,3550,182,2840,472,23,14,0,0,19,NA,59580,93656,00030,25,21,2,9,360.7203791469194,526.2748815165877
37001000103,NC,001,103,3635,76,3202,304,10,15,0,5,23,2681,48,2384,212,8,11,0,1,17,NA,66460,93684,00030,25,21,2,9,330.8153704837722,503.20055113288424
3700100010N,NC,001,10N,3953,202,3034,634,11,8,0,7,57,2944,143,2284,467,7,8,0,0,35,NA,42240,93684,00030,25,21,1,9,363.2676056338028,552.5633802816901
3700100010S,NC,001,10S,5656,235,4072,1204,13,39,0,18,75,4173,160,3022,900,11,30,0,8,42,NA,42240,93684,00030,25,21,1,9,514.917023882425,783.2360685854256
37001000124,NC,001,124,2616,132,2049,388,6,12,0,5,24,2014,92,1599,292,6,7,0,3,15,NA,09060,93712,00030,25,21,1,9,295.77394484736396,477.2478128052202
37001000125,NC,001,125,2274,121,2029,62,5,45,0,2,10,1879,88,1702,47,4,32,0,1,5,NA,09060,93712,00030,25,21,1,9,275.94798528708884,445.25751750794876
37001000126,NC,001,126,1949,23,1858,43,1,13,0,2,9,1497,16,1433,34,1,10,0,1,2,NA,09060,93712,00030,25,21,1,9,219.84786267949545,354.736830074188
37001000127,NC,001,127,5651,426,2366,2724,27,30,0,12,66,4149,287,1827,1949,24,23,0,8,31,NA,09060,93712,00030,25,21,1,3,609.3178238191226,983.1684088028095
37001000128,NC,001,128,3706,596,1752,1176,11,127,0,3,41,2790,383,1477,809,8,89,0,1,23,NA,09060,93712,00030,25,21,1,3,409.73649757901956,661.1327694769436
37001000129,NC,001,129,1630,31,1497,37,8,46,0,0,11,1259,26,1163,26,8,30,0,0,6,NA,09060,93712,00030,25,21,2,9,184.8954302695289,298.3391242908501
3700100012E,NC,001,12E,3375,625,1858,736,24,71,0,1,60,2525,409,1530,496,12,46,0,0,32,NA,09060,93712,00030,25,21,1,3,370.818873256998,598.3370046341514
3700100012N,NC,001,12N,6221,862,1726,3456,13,77,2,3,82,4695,567,1469,2544,12,46,1,1,55,NA,09060,93712,00030,25,21,1,3,689.5028158184576,1112.5513808939963
3700100012S,NC,001,12S,2383,306,1155,859,6,28,0,4,25,1661,197,930,499,4,23,0,0,8,NA,09060,93712,00030,25,21,1,3,243.93273207123707,393.599114731614
3700100012W,NC,001,12W,2785,137,2377,216,6,19,0,5,25,2211,93,1914,163,3,13,0,3,22,NA,09060,93712,00030,25,21,1,9,324.7051599093951,523.9299474242015
37001001210,NC,001,1210,2718,149,2151,345,5,45,1,2,20,2098,94,1710,249,5,30,1,1,8,NA,09060,93712,00030,25,21,2,9,308.11009746264625,497.15288543463356
3700300000E,NC,003,E,3195,51,2991,123,3,1,0,1,25,2403,29,2259,97,3,1,0,1,13,NA,NA,91020,00090,91,27,6,8,389.9700815956482,706.2465213449485
3700300000M,NC,003,M,2247,64,1982,156,1,37,0,2,5,1632,43,1443,123,1,20,0,0,2,NA,NA,92068,00090,41,27,6,8,264.8485947416138,479.6480744215381
3700300000W,NC,003,W,1929,21,1851,14,0,37,0,0,6,1459,13,1412,10,0,19,0,0,5,NA,05530,94086,00090,41,27,6,8,236.77334542157752,428.803027316804
370030000B1,NC,003,B1,3342,30,3233,10,4,54,0,0,11,2592,24,2526,8,4,25,0,0,5,NA,05530,94086,00090,41,27,6,8,420.6418857660925,761.7940005518547
370030000B2,NC,003,B2,3973,59,3773,23,0,81,0,1,36,2972,34,2871,14,0,37,0,0,16,NA,05530,94086,00090,41,27,6,8,482.31006346328195,873.4767629784383
370030000G1,NC,003,G1,963,14,947,0,0,0,0,0,2,722,9,711,0,0,0,0,0,2,NA,NA,91364,00090,41,27,6,8,117.16953762466001,212.1972486105089
370030000G2,NC,003,G2,1181,67,1067,40,1,0,0,0,6,894,48,808,35,1,0,0,0,2,NA,NA,91364,00090,41,27,6,8,145.0825022665458,262.7483937088573
370030000LR,NC,003,LR,1418,1,1307,67,2,21,1,0,19,1087,1,1011,51,2,11,1,0,10,NA,NA,91848,00090,41,27,6,8,176.40344514959205,319.4714809413063
370030000S1,NC,003,S1,3200,129,2925,95,10,14,0,1,26,2388,87,2209,73,7,4,0,0,8,NA,65260,92908,00090,41,27,6,8,387.5358114233907,701.8379912491623
370030000S2,NC,003,S2,1441,41,1308,67,5,1,0,3,16,1072,25,987,45,2,1,0,2,10,NA,65260,92908,00090,41,27,6,8,173.96917497733455,315.0629508455201
370030000SL,NC,003,SL,1231,23,1188,8,0,0,0,0,12,943,15,919,3,0,0,0,0,6,NA,NA,93168,00090,41,27,6,8,153.03445149592022,277.14959202175885
370030000T1,NC,003,T1,2335,94,2088,58,5,48,0,12,30,1723,66,1571,43,4,16,0,6,17,NA,66960,93228,00090,41,27,6,8,279.6165004533092,506.39315700264103
370030000T2,NC,003,T2,2240,93,1725,385,4,6,0,2,25,1679,52,1324,285,3,5,0,0,10,NA,66960,93228,00090,41,27,6,8,272.4759746146872,493.46146872166815
370030000T3,NC,003,T3,1618,59,1503,43,2,1,0,1,9,1260,42,1179,30,2,1,0,1,5,NA,66960,93228,00090,41,27,6,8,204.47869446962827,370.31652804604045
370030000T4,NC,003,T4,1822,18,1436,330,1,28,0,0,9,1433,13,1158,248,0,12,0,0,2,NA,66960,93228,00090,41,27,6,8,232.55394378966454,421.1615751507746
370030000T5,NC,003,T5,1468,77,1238,117,1,18,0,3,14,1110,42,964,85,1,11,0,0,7,NA,66960,93228,00090,41,27,6,8,180.13599274705348,326.23122708817846
3700500GAPC,NC,005,GAPC,4177,228,3827,77,4,16,0,0,25,3376,162,3110,66,4,15,0,0,19,NA,63680,91204,00120,40,12,1,8,785.9284053928405,840.8609948860994
370050CRANB,NC,005,CRANB,429,58,362,0,4,0,0,0,5,373,54,310,0,4,0,0,0,5,NA,NA,90808,00120,40,12,1,8,86.83391445839145,92.90318456531845
370050GLACK,NC,005,GLACK,1935,117,1784,20,5,0,0,2,7,1499,71,1399,19,5,0,0,0,5,NA,NA,91232,00120,40,12,1,8,348.96524872152486,373.356229660623
370050PINCK,NC,005,PINCK,807,28,772,4,0,0,0,0,3,653,24,624,3,0,0,0,0,2,NA,NA,92508,00120,40,12,1,8,152.017549976755,162.64284053928407
370050PRACK,NC,005,PRACK,774,16,745,3,0,0,0,0,10,642,16,615,3,0,0,0,0,8,NA,NA,92564,00120,40,12,1,8,149.45676429567644,159.90306834030685
370050WHEAD,NC,005,WHEAD,930,34,891,3,0,1,0,0,1,733,29,699,3,0,1,0,0,1,NA,NA,93960,00120,40,12,1,8,170.64144583914458,182.56845653184567
37005CHLANE,NC,005,CHLANE,1625,49,1551,11,4,4,0,0,6,1328,35,1274,7,4,4,0,0,4,NA,NA,90640,00120,40,12,1,8,309.1566713156671,330.7652254765225
370070000MM,NC,007,MM,2047,6,559,1464,4,0,0,3,11,1392,4,439,940,3,0,0,0,6,NA,44560,92140,00180,33,17,4,11,375.5313541832037,204.48706143832354
370070000W1,NC,007,W1,3018,10,875,2097,7,11,1,0,17,2198,8,701,1467,6,7,1,0,8,NA,70380,93876,00180,33,17,4,11,592.9726411599726,322.88977086309995
370070000W2,NC,007,W2,3091,32,1354,1662,2,17,4,10,10,2264,15,1108,1121,2,11,2,1,4,NA,70380,93876,00180,33,17,4,11,610.7780070910727,332.58527808646875
370070000W3,NC,007,W3,3284,25,2049,1175,14,13,0,0,8,2531,12,1700,795,10,9,0,0,5,NA,70380,93876,00180,33,17,4,11,682.8088056305234,371.8080118537334
370070000WS,NC,007,WS,422,20,244,157,1,0,0,0,0,318,12,181,124,1,0,0,0,0,NA,NA,93996,00180,33,17,4,11,85.78949039530085,46.71471662168598
37007000ANS,NC,007,ANS,1617,12,877,701,2,17,0,2,6,1264,11,717,524,2,8,0,0,2,NA,01420,90064,00180,33,17,4,11,340.99973540773664,185.68365348997193
3700700BURN,NC,007,BURN,1604,1,1322,266,7,0,0,0,8,1244,1,1037,197,6,0,0,0,3,NA,NA,90452,00180,33,17,4,11,335.60416997407,182.74562099804203
3700700GULL,NC,007,GULL,2189,17,811,1335,9,0,0,0,17,1530,15,638,865,5,0,0,0,7,NA,NA,91356,00180,33,17,4,11,412.7607556755041,224.7594856326401
3700700LILE,NC,007,LILE,3426,22,1489,1876,19,10,0,1,9,2500,12,1158,1310,9,7,0,0,4,NA,38200,91808,00180,33,17,4,11,674.4456792083399,367.254061491242
3700700PEAC,NC,007,PEAC,2012,35,1646,258,13,46,1,0,13,1472,19,1226,188,9,25,0,0,5,NA,50820,91732,00180,33,17,4,11,397.1136159178706,216.23919140604332
3700700POLK,NC,007,POLK,2565,31,1203,1254,32,29,0,2,14,2184,26,1007,1095,28,13,0,1,14,NA,53140,91732,00180,33,17,4,11,589.1957453564057,320.833148118749
37009000002,NC,009,2,1635,16,1608,2,0,4,0,0,5,1338,12,1318,1,0,2,0,0,5,NA,36960,90696,00210,40,12,1,8,282.0766988801963,390.1046172725878
37009000003,NC,009,3,786,15,758,7,2,0,0,0,4,619,9,600,4,2,0,0,0,4,NA,NA,90820,00210,40,12,1,8,130.49736667177993,180.47440814030782
37009000004,NC,009,4,616,5,608,2,1,0,0,0,0,474,5,466,2,1,0,0,0,0,NA,NA,91004,00210,40,12,1,8,99.928516643657,138.19849670194816
37009000006,NC,009,6,710,6,699,0,0,1,0,0,4,583,6,574,0,0,1,0,0,2,NA,NA,91448,00210,40,12,1,8,122.90785907859079,169.97831978319783
37009000007,NC,009,7,661,0,656,1,0,0,0,1,3,524,0,519,1,0,0,0,1,3,NA,36960,91540,00210,40,12,1,8,110.46949941197525,152.77639719793424
37009000008,NC,009,8,526,15,509,0,0,0,0,0,2,405,6,397,0,0,0,0,0,2,NA,NA,91568,00210,40,12,1,8,85.38196042337782,118.08099401748734
37009000009,NC,009,9,4107,84,3949,42,1,19,0,3,9,3338,62,3210,38,1,17,0,3,7,NA,34440,91652,00210,40,12,1,8,703.7160096129263,973.2206371120315
37009000010,NC,009,10,418,14,396,0,0,8,0,0,0,343,9,331,0,0,3,0,0,0,NA,NA,91740,00210,40,12,1,8,72.3111417906632,100.0043974024646
37009000011,NC,009,11,2565,95,2399,40,16,4,0,0,11,2035,69,1920,29,10,2,0,0,5,NA,NA,93892,00210,40,12,1,8,429.01799867055274,593.3205501866339
37009000012,NC,009,12,823,9,806,0,0,1,0,0,7,654,9,638,0,0,1,0,0,6,NA,NA,92316,00210,40,12,1,8,137.8760546096027,190.67893848749807
37009000013,NC,009,13,1400,32,1346,15,3,1,0,0,3,1114,25,1075,10,3,1,0,0,0,NA,NA,92364,00210,40,12,1,8,234.8530960781306,324.79562305057016
37009000014,NC,009,14,1816,17,1785,4,3,2,0,0,5,1472,11,1453,2,2,2,0,0,2,NA,72540,92376,00210,40,12,1,8,310.32653269928926,429.1733906018306
37009000015,NC,009,15,1168,27,1121,2,6,1,0,0,11,944,25,905,2,3,1,0,0,8,NA,NA,92456,00210,40,12,1,8,199.01375466584855,275.2307613642174
37009000016,NC,009,16,1891,37,1827,19,0,2,0,1,5,1487,34,1432,17,0,2,0,0,2,NA,NA,92504,00210,40,12,1,8,313.48882752978477,433.5467607506264
37009000017,NC,009,17,906,2,900,1,0,0,0,0,3,731,2,727,1,0,0,0,0,1,NA,36960,92512,00210,40,12,1,8,154.1091680728128,213.12890525131664
37009000018,NC,009,18,258,0,258,0,0,0,0,0,0,207,0,207,0,0,0,0,0,0,NA,NA,92544,00210,40,12,1,8,43.63966866083755,60.35250805338242
37009000020,NC,009,20,4098,216,3815,20,8,14,0,0,25,3289,158,3084,15,5,10,0,0,17,NA,72540,93956,00210,40,12,1,8,693.3858464999744,958.9342946259651
37011000001,NC,011,1,1223,30,1152,21,3,2,0,3,12,946,22,891,20,3,2,0,1,7,NA,15580,90052,00300,46,27,6,13,98.69698503362012,275.6402284722724
37011000002,NC,011,2,2654,34,2505,53,8,11,4,5,34,2198,29,2082,39,8,10,4,5,21,NA,03500,90148,00300,46,27,6,13,229.31921046923577,640.4410382474152
37011000003,NC,011,3,689,6,675,2,0,0,0,0,6,544,5,535,1,0,0,0,0,3,NA,04510,90212,00300,46,27,6,13,56.755982936880926,158.50770009399176
37011000004,NC,011,4,177,1,175,0,0,0,0,0,1,130,1,129,0,0,0,0,0,0,NA,NA,90510,00300,46,27,6,13,13.563010628298748,37.878678331284796
37011000005,NC,011,5,550,29,509,1,8,2,0,0,1,429,16,402,1,7,2,0,0,1,NA,NA,90812,00300,46,27,6,13,44.75793507338587,124.99963849323981
37011000006,NC,011,6,1146,38,1102,0,4,0,0,0,2,856,32,822,0,1,0,0,0,1,NA,20700,91018,00300,46,27,6,13,89.30720844479791,249.41652808907526
37011000007,NC,011,7,307,4,295,5,0,0,0,0,3,230,1,223,4,0,0,0,0,2,NA,NA,91154,00300,46,27,6,13,23.996095726990095,67.01612320150386
37011000008,NC,011,8,427,0,423,0,0,1,0,0,3,338,0,334,0,0,1,0,0,3,NA,NA,91442,00300,46,27,6,13,35.263827633576746,98.48456366134046
37011000009,NC,011,9,446,3,440,1,0,2,0,0,0,346,1,342,1,0,2,0,0,0,NA,NA,91558,00300,46,27,6,13,36.09847444147206,100.81555925095799
37011000010,NC,011,10,2388,94,1771,506,6,1,0,4,6,2120,91,1507,506,6,1,0,4,5,NA,NA,91582,00300,46,27,6,13,221.1814040922565,617.7138312486444
37011000011,NC,011,11,605,6,589,1,0,3,0,0,6,505,3,492,1,0,3,0,0,6,NA,27320,91826,00300,46,27,6,13,52.6870797483913,147.1440965946063
37011000012,NC,011,12,429,0,428,0,0,0,0,0,1,335,0,334,0,0,0,0,0,1,NA,NA,92090,00300,46,27,6,13,34.95083508061601,97.6104403152339
37011000013,NC,011,13,629,17,608,0,0,0,0,0,4,489,13,474,0,0,0,0,0,2,NA,65530,92110,00300,46,27,6,13,51.017786132600676,142.48210541537125
37011000014,NC,011,14,1226,17,1196,0,0,5,0,0,8,945,14,924,0,0,2,0,0,5,NA,46740,92262,00300,46,27,6,13,98.59265418263323,275.34885402357025
37011000015,NC,011,15,1079,14,1052,1,0,0,0,0,12,855,13,832,1,0,0,0,0,9,NA,46740,92263,00300,46,27,6,13,89.20287759381101,249.12515364037307
37011000016,NC,011,16,1407,49,1347,0,4,1,1,0,5,1177,35,1135,0,2,1,1,0,3,NA,NA,92502,00300,46,27,6,13,122.79741161159714,342.9477261224785
37011000017,NC,011,17,729,29,685,7,2,0,2,0,4,552,17,523,7,1,0,2,0,2,NA,NA,92538,00300,46,27,6,13,57.59062974477623,160.8386956836093
37011000018,NC,011,18,498,30,463,0,0,2,0,0,3,381,28,349,0,0,2,0,0,2,NA,NA,92586,00300,46,27,6,13,39.75005422601403,111.01366495553467
37011000019,NC,011,19,558,12,542,0,0,3,0,0,1,455,10,441,0,0,3,0,0,1,NA,NA,92708,00300,46,27,6,13,47.47053719904562,132.5753741594968
370130000HB,NC,013,HB,1137,48,928,159,0,1,0,0,1,862,31,708,121,0,1,0,0,1,NA,NA,90168,00330,2,1,9,6,152.03619883544158,192.80830680090642
3701300BELH,NC,013,BELH,2606,70,1161,1346,3,11,0,0,15,1997,45,974,960,2,9,0,0,7,NA,04640,92436,00330,2,1,9,6,352.2230731721309,446.68003327309754
3701300BLCK,NC,013,BLCK,946,4,503,414,1,4,0,0,20,739,2,405,317,0,4,0,0,11,NA,NA,90664,00330,2,9,11,4,130.34193844476954,165.29621661933857
3701300NCRK,NC,013,NCRK,1789,19,1551,210,1,0,0,0,8,1436,14,1255,161,1,0,0,0,5,NA,NA,90168,00330,2,9,9,6,253.27608065857788,321.1980609815564
3701300OLDF,NC,013,OLDF,1655,53,1003,591,0,0,0,3,5,1307,33,818,453,0,0,0,1,2,NA,71220,93904,00330,2,9,11,6,230.52356366348278,292.34391762039985
3701300RVRD,NC,013,RVRD,3080,361,1918,768,3,7,1,8,14,2322,236,1571,497,3,6,1,0,8,NA,56815,91896,00330,2,1,9,6,409.5453059117116,519.3745805008175
3701300TCRK,NC,013,TCRK,2874,68,2271,507,5,8,0,2,13,2129,46,1717,350,3,6,0,0,7,NA,71220,93904,00330,2,9,11,6,375.50471846943753,476.20520322404843
3701300WDPD,NC,013,WDPD,1883,18,1761,94,4,3,0,0,3,1487,14,1404,60,3,3,0,0,3,NA,56815,91896,00330,2,1,9,6,262.2712617961736,332.60551300806014
370130AUROR,NC,013,AUROR,1833,18,848,955,0,0,1,0,11,1415,10,703,691,0,0,1,0,10,NA,02620,92664,00330,2,9,11,4,249.57218254309726,316.500874852996
370130BEADM,NC,013,BEADM,2259,118,2064,66,1,3,0,2,5,1758,76,1625,51,1,3,0,0,2,NA,71220,91896,00330,2,1,9,6,310.06918509594703,393.221581619482
370130CHOCO,NC,013,CHOCO,5279,168,3812,1257,15,3,0,1,23,3932,113,2922,869,12,3,0,1,12,NA,12580,90664,00330,2,9,11,4,693.5108280985572,879.4921836904455
370130EDWAR,NC,013,EDWAR,1540,21,823,683,1,2,0,1,9,1169,11,692,461,1,2,0,1,1,NA,NA,92664,00330,2,9,11,4,206.18366176175314,261.4766944898603
370130PANTE,NC,013,PANTE,1889,120,1137,626,0,0,0,1,5,1449,77,884,486,0,0,0,0,2,NA,50080,92436,00330,2,1,9,6,255.5689699681611,324.1058428706652
370130PINET,NC,013,PINET,1180,26,1057,87,2,6,0,0,2,887,12,804,61,2,6,0,0,2,NA,NA,91896,00330,2,1,9,6,156.44560135387084,198.40019504919255
370130PSJW3,NC,013,PSJW3,2100,29,604,1431,9,3,0,0,24,1524,16,523,967,7,3,0,0,8,NA,71220,93904,00330,2,9,11,4,268.79717752344897,340.8815076155236
370130SURBA,NC,013,SURBA,2082,24,1850,190,7,0,0,0,11,1625,14,1458,141,3,0,0,0,9,NA,03840,90168,00330,2,9,9,6,286.61116369790324,363.47273613859966
370130WASH1,NC,013,WASH1,2380,114,1112,1108,0,21,0,2,23,1741,67,938,704,0,18,0,2,12,NA,71220,93904,00330,2,9,11,4,307.0707913834151,389.4190976106474
370130WASH2,NC,013,WASH2,2209,31,989,1171,4,5,0,3,6,1695,20,821,842,4,3,0,0,5,NA,71220,93904,00330,2,9,11,4,298.9574907495052,379.1300232338009
370130WASH4,NC,013,WASH4,3169,88,2299,747,3,17,1,4,10,2465,72,1839,535,3,11,1,0,4,NA,71220,93904,00330,2,9,11,6,434.76708831712705,551.3601812810142
370130WASHP,NC,013,WASHP,1621,43,1206,348,8,2,5,0,9,1306,30,994,265,7,1,5,0,4,NA,56815,91896,00330,2,1,9,6,230.34718756274563,292.1202420904684
37013GILEAD,NC,013,GILEAD,1447,14,1154,263,2,2,0,2,10,1191,8,975,194,2,2,0,2,8,NA,56815,90664,00330,2,9,11,6,210.06393597797094,266.3975561483521
370150000IW,NC,015,IW,583,3,46,529,0,0,0,0,5,445,3,35,403,0,0,0,0,4,NA,NA,91580,00360,5,2,11,4,124.1492128678987,68.34907597535934
370150000MH,NC,015,MH,965,8,374,577,1,0,0,0,5,742,6,304,430,1,0,0,0,1,NA,53040,92044,00360,6,2,11,4,207.00835044490077,113.96632443531828
370150000SB,NC,015,SB,1277,30,283,947,7,0,0,0,10,902,23,221,648,4,0,0,0,6,NA,NA,93008,00360,5,2,11,4,251.64626967830253,138.54127310061602
37015000ROX,NC,015,ROX,1780,14,414,1334,0,0,0,1,17,1266,6,341,906,0,0,0,1,12,NA,35360,92768,00360,5,2,11,4,353.1975359342916,194.4492813141684
3701500COL1,NC,015,COL1,1392,16,574,796,6,0,0,0,0,1052,10,471,569,2,0,0,0,0,NA,13560,90712,00360,5,2,11,4,293.49431895961675,161.58028747433266
3701500COL2,NC,015,COL2,2111,35,652,1405,10,0,0,0,9,1554,17,525,1000,7,0,0,0,5,NA,53680,90712,00360,6,2,11,4,433.5457905544148,238.68418891170433
3701500MIT1,NC,015,MIT1,961,3,384,571,2,0,0,0,1,669,3,289,374,2,0,0,0,1,NA,NA,92096,00360,6,2,11,4,186.64229979466117,102.75400410677618
3701500MIT2,NC,015,MIT2,1297,22,577,688,4,2,0,0,4,970,16,487,461,2,1,0,0,3,NA,02580,92096,00360,5,2,11,4,270.6173853524983,148.98562628336754
3701500WIN1,NC,015,WIN1,5584,26,1900,3589,27,18,1,1,22,4146,18,1558,2528,19,13,1,0,9,NA,74680,94064,00360,6,2,11,4,1156.6800821355237,636.7983572895278
3701500WIN2,NC,015,WIN2,974,6,945,14,5,0,0,1,3,759,4,737,12,2,0,0,1,3,NA,02320,94064,00360,6,1,11,4,211.75112936344968,116.57741273100616
3701500WOOD,NC,015,WOOD,1454,24,247,1174,1,0,0,1,7,1029,15,199,812,1,0,0,0,2,NA,38030,94104,00360,5,2,11,4,287.0776180698152,158.0476386036961
37015WHITES,NC,015,WHITES,1395,8,728,653,4,0,0,0,2,1076,5,596,471,3,0,0,0,1,NA,NA,93988,00360,6,1,11,4,300.19000684462696,165.2665297741273
37017000P10,NC,017,P10,1047,34,711,285,4,0,0,0,13,800,23,552,215,4,0,0,0,6,NA,NA,90004,00390,96,18,3,10,168.5162351006987,124.09371146732428
37017000P15,NC,017,P15,3423,202,2538,637,27,1,0,3,15,2617,143,1977,464,18,1,0,1,13,9815,18040,90244,00390,96,18,3,10,551.2587340731607,405.94155363748456
37017000P25,NC,017,P25,1942,76,931,895,33,1,1,1,4,1442,60,740,621,17,0,1,0,3,NA,12780,90392,00390,96,18,3,10,303.75051376900944,223.67891491985202
37017000P30,NC,017,P30,2071,49,329,1309,350,0,0,0,34,1513,30,283,930,253,0,0,0,17,9970,19300,90528,00390,96,18,3,10,318.70632963419644,234.69223181257706
37017000P35,NC,017,P35,1124,36,596,473,5,1,1,2,10,830,26,478,316,5,1,1,0,3,NA,20600,90604,00390,96,18,3,10,174.83559391697494,128.74722564734896
37017000P40,NC,017,P40,1870,71,1166,616,8,4,0,0,5,1408,51,890,455,4,4,0,0,4,NA,73300,90724,00390,96,18,3,10,296.5885737772298,218.40493218249077
37017000P45,NC,017,P45,894,71,651,150,14,0,1,0,7,667,48,507,96,9,0,1,0,6,9635,NA,90860,00390,96,18,3,10,140.50041101520756,103.46313193588163
37017000P55,NC,017,P55,784,22,441,316,2,0,1,0,2,640,7,376,252,2,0,1,0,2,NA,35440,91180,00390,96,18,3,10,134.81298808055897,99.27496917385943
37017000P60,NC,017,P60,1902,67,900,887,35,2,3,2,6,1431,51,690,662,21,2,2,1,2,9815,66740,91508,00390,96,30,3,10,301.43341553637487,221.97262638717635
37017000P65,NC,017,P65,663,97,382,177,7,0,0,0,0,498,57,306,130,5,0,0,0,0,9635,33940,91720,00390,96,18,3,10,104.90135635018495,77.24833538840937
37017000P70,NC,017,P70,736,33,375,312,12,0,0,0,4,514,23,291,193,6,0,0,0,1,NA,NA,93784,00390,96,18,3,10,108.27168105219893,79.73020961775586
37017000P75,NC,017,P75,1575,43,544,920,48,0,1,2,17,1156,30,435,646,36,0,1,1,7,9970,NA,93992,00390,96,18,3,10,243.50595972050968,179.3154130702836
37017000P80,NC,017,P80,1765,208,975,553,16,1,0,4,8,1318,152,772,375,9,1,0,3,6,9815,73320,93964,00390,96,30,3,10,277.63049732840113,204.44438964241678
3701700P201,NC,017,P201,2138,19,1727,362,7,0,0,8,15,1708,12,1407,268,6,0,0,3,12,9815,06240,90296,00390,96,18,3,10,359.7821619399918,264.9400739827374
3701700P202,NC,017,P202,3566,34,2624,864,25,1,2,2,14,2710,15,2072,593,19,1,2,0,8,9815,06240,90296,00390,96,18,3,10,570.8487464036169,420.36744759556103
3701700P501,NC,017,P501,3809,59,1723,1995,6,4,1,6,15,2869,38,1397,1422,4,4,1,0,3,NA,20600,91000,00390,96,18,3,10,604.3413481298808,445.03107274969176
3701700P502,NC,017,P502,2969,77,1422,1419,19,11,0,1,20,2209,51,1150,973,13,9,0,0,13,NA,20600,91000,00390,96,18,3,10,465.31545417180433,342.6537607891492
370190000FP,NC,019,FP,3969,93,3598,240,14,7,0,4,13,3147,63,2905,150,13,5,0,1,10,NA,60800,92900,00420,14,18,3,10,410.6591741253051,484.6503763222132
370190000GT,NC,019,GT,4237,193,3477,460,38,20,2,4,43,3454,153,2897,325,30,16,1,3,29,NA,48700,92900,00420,14,18,3,10,450.72030105777054,531.9295836723624
370190000HC,NC,019,HC,2174,26,1492,586,21,6,0,6,37,1565,15,1097,419,15,4,0,0,15,NA,47860,92324,00420,98,18,3,10,204.2204027664768,241.0161547328451
370190000TC,NC,019,TC,4094,44,3240,681,60,10,0,2,57,2989,28,2441,438,44,10,0,0,28,NA,NA,93252,00420,14,18,3,10,390.04139544344997,460.3177549498237
370190000WB,NC,019,WB,2176,246,1201,668,29,3,0,0,29,1620,192,919,473,19,3,0,0,14,NA,37680,92324,00420,14,18,3,10,211.39747762408462,249.48637103336046
37019000BEL,NC,019,BEL,4707,104,3540,954,23,16,1,11,58,3522,79,2696,686,16,15,1,3,26,NA,04950,93252,00420,14,18,3,10,459.5937754271766,542.401851098454
37019000BOL,NC,019,BOL,2187,12,1583,550,9,5,0,3,25,1572,9,1158,384,4,5,0,1,11,NA,06820,93252,00420,14,18,3,10,205.13384865744507,242.09418226200162
37019000BSL,NC,019,BSL,3367,24,3174,97,22,11,1,1,37,2619,14,2493,66,16,11,1,0,18,NA,06760,93252,00420,14,18,3,10,341.75925549227014,403.33629983726604
37019000LEL,NC,019,LEL,5040,340,3242,1297,58,18,1,11,73,3559,221,2386,864,36,15,1,0,36,NA,46060,92324,00420,98,18,3,10,464.42198942229453,548.0999966097098
37019000LWD,NC,019,LWD,3823,138,2251,1391,14,9,0,2,18,2912,92,1860,936,6,7,0,0,11,NA,60800,92900,00420,14,18,3,10,379.993490642799,448.4594521291022
37019000MOS,NC,019,MOS,2700,12,2375,267,11,12,4,2,17,2297,6,2064,193,9,10,2,1,12,NA,58630,91884,00420,14,18,3,10,299.74074450772986,353.7470334960673
37019000OI1,NC,019,OI1,2306,18,2252,9,8,4,0,0,15,2021,14,1976,6,8,4,0,0,13,NA,48345,92992,00420,14,18,3,10,263.7248779495525,311.24194806075405
37019000OI2,NC,019,OI2,1781,18,1738,7,3,2,0,1,12,1489,12,1459,5,3,2,0,1,7,NA,48345,92992,00420,14,18,3,10,194.30299023596422,229.31185584486033
37019000OI3,NC,019,OI3,2695,16,2634,10,16,1,0,2,16,2295,8,2258,4,12,1,0,1,11,NA,48345,92992,00420,14,18,3,10,299.4797599674532,353.439025630594
37019000SP1,NC,019,SP1,2732,25,2334,326,10,11,2,0,24,2214,15,1924,242,10,8,2,0,13,NA,03150,92992,00420,14,18,3,10,288.909886086249,340.964707078926
37019000SP2,NC,019,SP2,2505,39,1915,500,14,19,0,2,16,1945,25,1509,379,12,14,0,1,5,NA,63400,92992,00420,14,18,3,10,253.80746541903986,299.5376491727692
37019000ST1,NC,019,ST1,3145,67,2933,97,15,11,0,3,19,2812,53,2651,73,14,9,0,1,11,NA,65900,92900,00420,14,18,3,10,366.94426362896667,433.0590588554381
37019000ST2,NC,019,ST2,3220,78,3048,67,1,11,0,3,12,2935,61,2806,54,1,5,0,1,7,NA,09540,92900,00420,14,18,3,10,382.99481285598046,452.00154258204503
37019000SUP,NC,019,SUP,3127,106,1692,1282,22,0,0,2,23,2292,73,1300,892,14,0,0,0,13,NA,NA,91884,00420,14,18,3,10,299.08828315703823,352.97701383238405
37019000WAC,NC,019,WAC,2859,231,2406,195,8,1,2,3,13,2118,146,1814,138,8,1,2,1,8,NA,60800,93868,00420,14,18,3,10,276.3826281529699,326.1803295362083
3701900SEC1,NC,019,SEC1,2864,30,2508,278,23,3,0,0,22,2357,23,2109,190,18,1,0,0,16,NA,69795,91884,00420,14,18,3,10,307.5702807160293,362.98726946026585
3701900SEC2,NC,019,SEC2,3954,49,3789,54,29,5,2,5,21,3225,36,3112,33,24,3,2,1,14,NA,31960,91884,00420,14,18,3,10,420.8375711960944,496.6626830756713
3701900SHAL,NC,019,SHAL,3481,51,2932,443,25,7,1,1,21,2675,34,2285,323,16,7,1,0,9,NA,60800,91884,00420,14,18,3,10,349.06682262001624,411.960520070518
37021000001,NC,021,1,2474,50,1200,1144,28,7,2,3,40,2150,41,1138,905,27,6,2,3,28,NA,02140,90086,00270,51,28,7,1,369.2359363836859,474.4385425403038
37021000002,NC,021,2,3347,87,1552,1620,6,15,1,14,52,2497,54,1321,1065,5,15,1,6,30,NA,02140,90086,00270,51,28,7,1,428.8288991395645,551.0107166154133
37021000003,NC,021,3,2833,84,1820,843,12,18,0,9,47,2391,68,1632,632,11,16,0,3,29,NA,02140,90086,00270,51,28,7,1,410.6247087876246,527.6197931227285
37021000004,NC,021,4,4259,75,3905,174,15,41,0,7,42,3752,59,3460,148,13,32,0,6,34,NA,02140,90086,00270,51,28,7,1,644.3596434007393,827.9504240052185
37021000005,NC,021,5,2785,47,2686,26,1,15,0,1,9,2227,38,2149,24,1,11,0,1,3,NA,02140,90086,00270,51,28,7,1,382.4597350355667,491.4300624359333
37021000006,NC,021,6,1786,54,1598,98,2,20,0,2,12,1477,42,1343,70,2,15,0,1,4,NA,02140,90086,00450,51,28,7,1,253.65650141335072,325.928245270711
37021000007,NC,021,7,1865,37,1477,315,4,11,0,3,18,1524,22,1231,242,4,10,0,2,13,NA,02140,90086,00270,51,28,7,1,261.728170720343,336.2996924797316
37021000008,NC,021,8,4464,418,2255,1649,15,30,2,9,86,3449,312,1812,1243,10,20,2,5,45,NA,02140,90086,00450,51,28,7,1,592.323137017364,761.0876898704687
37021000009,NC,021,9,3615,115,2814,548,14,43,1,8,72,2778,79,2291,332,11,28,0,2,35,NA,02140,90086,00450,51,28,7,1,477.0871773366881,613.0187307799832
37021000010,NC,021,10,1965,23,404,1509,3,3,0,3,20,1404,13,368,1005,2,3,0,3,10,NA,02140,90086,00270,51,28,7,1,241.11965334078837,309.81940173329605
37021000011,NC,021,11,1499,66,615,778,9,5,1,4,21,1314,52,558,673,9,5,0,2,15,NA,02140,90086,00270,51,28,7,1,225.66326530612244,289.95918367346934
37021000012,NC,021,12,1948,96,1595,199,15,13,2,5,23,1602,72,1349,142,11,11,1,5,11,NA,02140,90086,00270,51,28,7,1,275.1237070170534,353.5118814649147
37021000013,NC,021,13,2831,136,1824,774,18,9,5,6,59,2096,92,1535,409,16,7,5,1,31,NA,02140,90086,00270,51,28,7,1,359.9621035628863,462.5224117044078
37021000014,NC,021,14,4433,404,3219,700,10,36,0,0,64,3384,275,2558,486,9,27,0,0,29,NA,02140,90086,00270,51,28,7,1,581.1601901034387,746.7441990494829
37021000015,NC,021,15,4192,199,3634,172,12,97,18,5,55,3461,136,3074,111,10,81,16,5,28,NA,02140,90086,00270,51,28,7,1,594.3839887553195,763.7357189451124
37021000016,NC,021,16,3159,230,2489,328,10,31,2,13,56,2466,165,2050,185,9,26,2,1,28,NA,02140,90086,00270,51,28,7,1,423.5050321498463,544.1699748392508
37021000017,NC,021,17,1896,25,1691,121,3,13,1,1,41,1640,19,1466,102,3,12,1,1,36,NA,02140,90086,00270,51,28,7,1,281.649737520579,361.89730686795264
37021000018,NC,021,18,3232,87,3046,62,4,14,0,3,16,2523,54,2405,40,2,12,0,0,10,NA,02140,90086,00450,68,28,7,1,433.2940779051346,556.7481129438077
37021000019,NC,021,19,3290,102,2882,179,6,92,2,1,26,2802,77,2497,138,6,65,2,0,17,NA,02140,90086,00450,68,28,7,1,481.20888081259903,618.3147889292703
37021000020,NC,021,20,948,7,764,145,3,11,0,0,18,812,6,677,106,3,9,0,0,11,NA,02140,90086,00450,51,28,7,1,139.45096760165254,179.1833007175473
37021000021,NC,021,21,3034,43,2556,355,14,16,0,8,42,2382,28,2068,250,9,11,0,0,16,NA,02140,90086,00450,51,28,7,1,409.0790699841581,525.6337713167459
37021000022,NC,021,22,3200,44,3078,45,4,10,0,1,18,2686,28,2600,35,2,5,0,1,15,NA,02140,90086,00270,51,28,7,1,461.28731401236297,592.7171745410493
37021000023,NC,021,23,1603,22,1492,58,4,12,0,0,15,1227,14,1155,35,3,10,0,0,10,NA,02140,90088,00450,51,28,7,1,210.7220902059454,270.7609728823036
37021000024,NC,021,24,2730,69,2521,68,18,28,0,0,26,2165,56,2021,48,13,14,0,0,13,NA,02140,90086,00450,51,28,7,1,371.8120010561302,477.7485788836083
37021000025,NC,021,25,3011,97,2642,173,3,54,2,2,38,2422,66,2155,135,2,41,2,0,21,NA,02140,90086,00450,51,28,7,1,415.94857577734285,534.4605348988911
37021000026,NC,021,26,3568,40,3409,63,18,12,0,4,22,2789,30,2679,47,13,11,0,1,8,NA,02760,90108,00450,51,28,7,1,478.9762914298139,615.4460907650731
37021000027,NC,021,27,1440,2,1427,0,5,2,0,1,3,1106,1,1099,0,3,2,0,0,1,NA,05880,90266,00450,68,28,7,1,189.9418351815612,244.0600130463144
37021000028,NC,021,28,2660,47,2330,225,10,18,0,2,28,1768,23,1646,66,5,11,0,0,17,NA,66280,90284,00450,51,28,7,1,282.2075332348597,400.37887740029544
37021000029,NC,021,29,4014,38,3660,200,15,37,2,5,57,3175,23,2936,136,15,28,1,3,33,NA,06140,90282,00450,51,28,7,1,506.79237444608566,719.0061853766617
37021000030,NC,021,30,3497,23,3127,268,8,28,1,8,34,2904,15,2615,220,7,25,1,2,19,NA,06140,90282,00450,51,28,7,1,463.5354505169867,657.635893648449
37021000031,NC,021,31,2133,26,2041,22,5,5,0,0,34,1778,15,1715,19,3,5,0,0,21,NA,44100,90284,00450,51,28,7,1,283.80372968980794,402.64346381093054
37021000032,NC,021,32,1542,13,1516,5,5,1,0,0,2,1207,6,1192,3,3,1,0,0,2,NA,12460,90380,00450,51,42,7,1,192.66091211225995,273.3355797636632
37021000033,NC,021,33,5176,59,4932,82,33,14,3,9,44,3869,33,3711,66,23,8,2,6,20,NA,22440,91056,00450,51,42,7,1,374.6467208520179,758.510510089686
37021000034,NC,021,34,4417,39,4299,9,15,19,0,1,35,3267,20,3198,7,10,11,0,0,21,NA,22440,91056,00450,51,42,7,1,316.35327914798205,640.4894899103139
37021000035,NC,021,35,4601,39,4470,20,21,9,4,0,38,3434,27,3354,14,14,6,3,0,16,NA,NA,91116,00450,51,28,7,1,589.7470723449197,757.7776535271643
37021000036,NC,021,36,3686,119,3502,7,18,14,0,2,24,2737,76,2623,6,9,9,0,1,13,NA,NA,91176,00450,51,28,7,1,470.0459338986736,603.9712981082844
37021000037,NC,021,37,3293,182,2924,136,10,8,0,3,30,2553,122,2311,91,9,5,0,2,13,NA,02140,90088,00450,51,28,7,1,438.4462072500233,563.3681856304165
37021000038,NC,021,38,2616,420,1980,144,11,8,5,1,47,1989,297,1556,84,8,7,4,0,33,NA,02140,90088,00450,51,28,7,1,341.5861755661169,438.9108191221694
37021000039,NC,021,39,2903,61,2738,34,11,19,3,4,33,2305,36,2198,22,9,16,3,0,21,NA,02140,91932,00450,51,28,7,1,395.8552713322772,508.64225142111644
37021000040,NC,021,40,4864,88,4654,27,14,21,0,1,59,3799,54,3657,23,9,16,0,0,40,NA,02140,91932,00450,51,28,7,1,652.4313127077315,838.3218712142391
37021000041,NC,021,41,1939,61,1836,9,6,14,0,0,13,1512,42,1440,6,3,9,0,0,12,NA,05049,90108,00450,51,28,7,1,259.6673189823875,333.651663405088
37021000043,NC,021,43,4175,67,4022,32,16,8,1,1,28,3179,52,3073,21,8,8,0,0,17,NA,NA,93840,00450,51,28,7,1,382.0476785714286,586.6958035714287
37021000047,NC,021,47,4421,84,4214,39,22,10,1,2,49,3273,51,3142,30,13,6,1,2,28,NA,NA,91776,00450,51,28,7,1,562.0973115273506,722.2499301090298
37021000049,NC,021,49,4540,131,3628,622,10,67,2,1,79,3406,83,2834,397,8,49,1,1,33,NA,02140,91816,00450,68,28,7,1,584.9384182896903,751.5989190196626
37021000050,NC,021,50,3301,32,3131,79,3,29,0,3,24,2384,23,2271,57,3,19,0,0,11,NA,58260,91816,00450,68,42,7,1,409.42254527381726,526.0751094958531
37021000051,NC,021,51,3418,28,3184,124,4,38,0,6,34,2630,19,2470,88,2,31,0,2,18,NA,58260,91816,00450,68,42,7,1,451.6700059019042,580.359705526046
37021000052,NC,021,52,2611,19,2466,59,7,26,1,4,29,1932,13,1832,47,5,20,1,1,13,NA,58260,91816,00450,68,42,7,1,331.79712981082844,426.3326810176125
37021000053,NC,021,53,2406,115,2232,19,6,12,3,0,19,1789,82,1669,9,6,9,1,0,13,NA,71560,92648,00450,51,28,7,1,307.23864660019257,394.77700121144346
37021000054,NC,021,54,3734,31,3624,14,18,12,1,4,30,2910,21,2838,12,13,6,1,2,17,NA,71560,92648,00450,51,28,7,1,499.75654645419814,642.1470506010623
37021000055,NC,021,55,4380,112,3981,150,15,57,1,7,57,3388,78,3111,108,13,37,1,5,35,NA,02140,90088,00450,51,28,7,1,581.8471406827571,747.6268754076973
37021000058,NC,021,58,2328,42,2167,59,20,9,1,5,25,1857,29,1743,45,13,9,0,1,17,NA,66280,93180,00450,51,28,7,1,318.91680644860685,409.7824993010903
37021000060,NC,021,60,2412,28,2314,31,6,12,0,3,18,1950,20,1885,25,2,8,0,2,8,NA,71560,93922,00450,51,28,7,1,334.88840741776164,430.30472462957783
37021000061,NC,021,61,4685,108,4425,84,30,4,0,1,33,3610,73,3441,60,14,4,0,1,17,NA,02140,91776,00450,51,28,7,1,619.9728978349331,796.6154132886031
37021000062,NC,021,62,3678,100,3446,52,16,23,0,1,40,2762,60,2621,36,10,17,0,0,18,NA,75280,91776,00450,51,28,7,1,474.33937501941415,609.4880253471251
37021000063,NC,021,63,3183,215,2837,65,8,13,1,4,40,2572,151,2321,47,8,13,1,3,28,NA,75280,94094,00450,51,28,7,1,441.7092225017861,567.5608983319355
37021000064,NC,021,64,4546,77,4142,218,22,41,0,4,42,3717,52,3375,214,20,28,0,2,26,NA,75280,92648,00450,51,28,7,1,638.3488258317025,820.2270058708415
370210UHCRU,NC,021,UHCRU,10607,150,10299,22,40,30,0,1,65,8021,94,7817,19,32,19,0,1,39,NA,NA,93840,00450,51,28,7,1,963.9523214285714,1480.3041964285715
37021IVYCRU,NC,021,IVYCRU,3669,47,3586,1,9,6,1,2,17,2731,34,2668,1,7,5,0,2,14,NA,NA,91604,00450,51,28,7,1,469.01550802969587,602.6472835709626
37021LSMCRU,NC,021,LSMCRU,4269,75,4081,32,25,21,1,0,34,3261,40,3143,23,19,17,1,0,18,NA,10240,92832,00450,51,28,7,1,92,92
37021RSWCRU,NC,021,RSWCRU,11219,395,10338,274,33,63,6,23,87,9006,271,8371,218,25,48,6,8,59,NA,66280,93180,00450,51,28,7,1,1546.6692293355698,1987.3458205199888
37023000001,NC,023,01,5111,136,4302,261,11,338,0,0,63,3855,82,3372,200,11,151,0,0,39,NA,17860,90912,00480,47,27,6,13,708.0156431054461,1014.0034762456546
37023000003,NC,023,03,1679,2,1550,3,4,101,0,1,18,1323,2,1241,3,2,65,0,1,9,NA,17860,90912,00480,46,27,6,13,242.98435689455385,347.9965237543453
37023000011,NC,023,11,3821,34,3532,34,8,162,0,1,50,2850,23,2711,24,5,67,0,1,19,NA,56240,91572,00480,46,27,6,13,252.10843373493975,754.5180722891566
37023000012,NC,023,12,2682,8,2618,2,1,37,0,1,15,2024,3,1992,2,1,21,0,1,4,NA,NA,91572,00480,46,27,6,13,179.0412175015853,535.8402029169308
37023000013,NC,023,13,4348,40,4112,44,8,108,0,0,36,3335,26,3211,27,8,42,0,0,21,NA,31500,91572,00480,46,27,6,13,295.01109701965754,882.9185161699429
37023000014,NC,023,14,3494,20,3342,7,7,92,0,1,25,2578,14,2500,4,4,41,0,0,15,NA,33320,91572,00480,46,27,6,13,228.04755865567535,682.5079264426126
37023000015,NC,023,15,2408,33,2215,20,13,99,0,2,26,1829,23,1722,12,11,42,0,1,18,NA,39280,91572,00480,46,27,6,13,161.79169308814204,484.21528218135705
37023000018,NC,023,18,739,14,719,4,0,0,1,0,1,630,12,612,4,0,0,1,0,1,NA,NA,91676,00480,46,27,6,13,90,153
37023000019,NC,023,19,699,10,603,71,5,0,0,2,8,511,6,452,42,4,0,0,2,5,NA,NA,91832,00480,49,27,6,13,124.78966131907309,109.3048128342246
37023000020,NC,023,20,743,1,563,172,0,2,1,0,4,611,1,474,133,0,2,1,0,0,NA,NA,91832,00480,47,28,6,13,149.21033868092692,130.6951871657754
37023000021,NC,023,21,2201,47,2029,27,3,72,0,4,19,1695,29,1601,14,3,33,0,1,14,NA,69520,91912,00480,47,27,6,13,301.88027855978663,551.0194102830048
37023000022,NC,023,22,3035,8,2814,27,7,161,0,3,15,2282,6,2181,22,5,58,0,3,7,NA,58440,91912,00480,47,27,6,13,406.4252481849163,741.8444213957624
37023000024,NC,023,24,3681,185,3290,23,9,144,3,1,26,2772,117,2551,13,5,66,2,1,17,NA,69520,91912,00480,47,27,6,13,493.69447325529705,901.1361683212327
37023000028,NC,023,28,3019,143,2326,441,5,61,0,4,39,2155,82,1706,314,2,29,0,0,22,NA,NA,91920,00480,47,27,6,13,281,341
37023000029,NC,023,29,3250,24,2973,85,18,136,2,1,11,2406,16,2241,66,13,63,2,0,5,NA,NA,91928,00480,46,27,6,13,302,410
37023000031,NC,023,31,3806,716,2214,768,5,61,18,3,21,2964,535,1795,567,5,40,13,0,9,NA,44400,92136,00480,47,28,6,13,552.6644458449626,639.927253083641
37023000034,NC,023,34,3018,218,2402,291,7,58,7,10,25,2381,168,1921,223,6,39,5,6,13,NA,44400,92136,00480,47,28,6,13,443.95885477626723,514.0576213198883
37023000035,NC,023,35,2576,411,1646,438,4,34,22,3,18,2031,291,1399,296,3,18,13,2,9,NA,44400,92136,00480,47,28,6,13,378.69820833708474,438.49266228504547
37023000036,NC,023,36,2865,61,2662,15,5,85,1,2,34,2216,49,2083,11,3,43,1,1,25,NA,44400,92136,00480,47,28,6,13,413.19312145493836,478.43414063203386
37023000037,NC,023,37,6638,143,5271,968,24,154,4,3,71,5132,100,4087,805,20,81,3,0,36,NA,58740,92136,00480,47,27,6,13,956.9075357882416,1107.9981993337535
37023000038,NC,023,38,3294,204,2780,167,11,79,2,9,42,2541,131,2217,124,7,41,1,5,15,NA,44400,92136,00480,47,28,6,13,473.7922931484649,548.6016025929594
37023000039,NC,023,39,3450,142,2798,346,17,102,7,4,34,2872,96,2384,290,8,70,5,1,18,NA,44400,92136,00480,47,28,6,13,535.510218780949,620.0644638516251
37023000040,NC,023,40,2718,181,2271,157,10,70,0,2,27,2077,124,1799,99,7,36,0,0,12,NA,44400,92136,00480,47,28,6,13,387.2753218690916,448.4240569010534
37023000047,NC,023,47,4373,111,3332,764,5,72,0,9,80,3237,63,2546,558,4,37,0,0,29,NA,44400,92592,00480,47,28,6,13,756.8618817852835,758.1634499396863
37023000048,NC,023,48,2291,97,1992,147,0,28,3,1,23,1737,59,1554,97,0,19,2,0,6,NA,44400,92592,00480,47,28,6,13,406.1381182147165,406.83655006031364
37023000051,NC,023,51,4220,50,3456,391,6,283,1,4,29,3124,30,2627,292,6,146,1,2,20,NA,26200,92952,00480,47,28,6,13,505.6357914899439,576.1598029826241
37023000052,NC,023,52,2366,51,1738,230,12,316,5,0,14,1704,32,1332,182,8,142,1,0,7,NA,NA,92952,00480,47,28,6,13,275.80134081269665,314.2689834450677
37023000053,NC,023,53,3416,36,3123,19,2,218,0,0,18,2481,26,2345,10,2,87,0,0,11,NA,NA,92952,00480,47,28,6,13,401.5628676973594,457.5712135723081
37023000060,NC,023,60,847,24,798,5,0,1,0,9,10,653,18,618,2,0,1,0,6,8,NA,NA,92996,00480,46,27,6,13,58,144
37023000062,NC,023,62,1354,17,1298,25,1,0,3,7,3,990,13,954,18,1,0,1,2,1,NA,NA,93832,00480,49,27,6,13,162,179
37023000064,NC,023,64,1006,13,958,1,5,19,0,2,8,780,6,753,1,5,9,0,0,6,NA,NA,93836,00480,46,27,6,13,152,262
37025000101,NC,025,0101,3453,29,3261,119,14,11,0,3,16,2494,21,2380,73,8,7,0,1,4,NA,29800,93284,00530,81,22,4,11,163.39652735715728,485.6577831617202
37025000102,NC,025,0102,2429,36,2267,89,7,2,0,0,28,1772,25,1663,66,6,2,0,0,10,NA,14100,93284,00530,81,22,4,11,116.09408439329698,345.06238643246513
37025000103,NC,025,0103,4687,45,4373,173,20,52,0,3,21,3422,28,3199,133,16,32,0,1,13,NA,29800,93284,00530,81,22,4,11,224.19523521098324,666.3676559660812
37025000104,NC,025,0104,3184,61,2597,427,7,70,1,0,21,2218,32,1818,301,6,49,1,0,11,NA,29800,93284,00530,81,22,4,11,145.3141530385625,431.9121744397335
37025000201,NC,025,0201,3188,60,2842,227,13,24,0,2,20,2507,43,2253,167,12,20,0,1,11,NA,14100,93356,00530,90,22,4,11,281.35921407721537,537.1403177837748
37025000202,NC,025,0202,6615,277,5766,403,19,104,4,8,34,4453,168,3924,250,15,72,2,2,20,NA,14100,93356,00530,90,22,4,11,499.75771052486647,954.0829019111087
37025000203,NC,025,0203,4642,98,4148,275,8,79,0,1,33,3413,63,3089,177,7,57,0,1,19,NA,14100,93356,00530,81,22,4,11,383.039089607314,731.2564437957813
37025000204,NC,025,0204,2282,17,2051,173,0,23,0,3,15,1705,9,1544,123,0,19,0,2,8,NA,14100,93356,00530,81,22,4,2,191.35120063887206,365.3068375833012
37025000205,NC,025,0205,3477,83,2970,322,10,62,0,2,28,2345,49,1997,234,8,45,0,1,11,NA,14100,93356,00530,90,22,4,11,263.1780442804428,502.43081180811805
37025000206,NC,025,0206,4497,297,3498,527,18,95,1,6,55,3335,190,2672,363,18,66,1,4,21,NA,14100,93436,00530,90,22,4,11,374.28519303849754,714.5444594371316
37025000300,NC,025,0300,3254,43,2966,205,8,14,0,0,18,2379,23,2190,143,6,9,0,0,8,NA,35200,93380,00530,81,22,4,2,258,683
37025000401,NC,025,0401,3983,231,2646,988,17,23,2,14,62,3006,163,2153,628,14,21,2,0,25,NA,35200,93436,00530,90,22,4,11,337.36170622900255,644.0541664371867
37025000402,NC,025,0402,2420,129,1778,477,0,24,0,1,11,1868,82,1422,335,0,21,0,0,8,NA,35200,93436,02430,90,22,4,11,209.6445998788346,400.2305997686842
37025000403,NC,025,0403,3680,121,2674,841,5,10,1,0,28,2855,79,2105,643,4,8,1,0,15,NA,35200,93436,02430,90,22,4,11,320.4150603073195,611.7014787685191
37025000404,NC,025,0404,2291,167,1321,772,5,11,0,6,9,1788,107,1115,552,4,5,0,0,5,NA,35200,93436,02430,90,22,4,11,200.66624442363826,383.0901029905822
37025000405,NC,025,0405,2907,140,2344,340,4,42,0,0,37,2289,103,1883,251,4,30,0,0,18,NA,35200,93436,02430,90,22,4,11,256.89319546180536,490.4324640634466
37025000406,NC,025,0406,3827,449,2415,869,11,39,1,6,37,2830,292,1963,530,10,23,1,0,11,NA,35200,93436,02430,90,22,4,11,317.6093242275706,606.3450735253621
37025000407,NC,025,0407,2523,265,2138,81,5,7,0,0,27,1930,176,1676,58,4,6,0,0,10,NA,35200,93436,02430,90,22,4,11,216.6028253566118,413.5144847717134
37025000408,NC,025,0408,1817,32,1670,80,5,12,0,3,15,1342,28,1246,45,5,11,0,3,4,NA,35200,93436,00530,90,22,4,11,150.61191276091867,287.5318334526629
37025000409,NC,025,0409,2474,5,1982,467,3,0,0,2,15,1876,4,1510,352,3,0,0,2,5,NA,35200,93436,00530,90,22,4,11,210.54243542435424,401.94464944649445
37025000410,NC,025,0410,3554,74,3210,182,10,60,0,3,15,2593,52,2372,111,9,43,0,2,4,NA,35200,93436,00530,90,22,4,11,291.01094619155145,555.5663518202347
37025000500,NC,025,0500,3190,19,3051,64,11,16,4,1,24,2444,11,2361,43,6,8,1,0,14,NA,35200,93488,00530,81,22,4,11,274.28875915624826,523.6421765710194
37025000600,NC,025,0600,2232,18,2152,30,11,5,0,1,15,1706,10,1660,21,5,3,0,1,6,NA,NA,93532,00530,81,22,4,11,167,516
37025000700,NC,025,0700,1270,17,1232,8,9,2,0,1,1,926,9,906,4,5,0,0,1,1,NA,NA,93572,00530,81,22,4,11,78,256
37025000800,NC,025,0800,5110,26,4712,300,13,32,2,0,25,3917,17,3620,238,9,19,1,0,13,NA,45140,93604,00530,82,22,4,11,470,1009
37025000900,NC,025,0900,2860,93,2637,83,16,3,2,4,22,2055,56,1914,54,13,3,0,2,13,NA,38860,93644,00530,81,22,4,11,163,371
37025001000,NC,025,1000,5082,66,4639,312,36,6,0,2,21,3764,43,3447,233,27,4,0,0,10,NA,38860,93688,00530,81,22,4,11,374,960
37025001101,NC,025,1101,4044,146,3464,353,21,26,2,4,28,2929,85,2563,232,17,19,2,0,11,NA,14100,93696,00530,81,22,4,11,328.7200391033761,627.5564382882634
37025001102,NC,025,1102,3250,35,3113,51,7,23,0,2,19,2432,19,2344,33,6,20,0,0,10,NA,14100,93696,00530,81,22,4,11,272.9420058379688,521.0711020543041
37025001201,NC,025,1201,1415,155,698,539,3,1,0,4,15,1136,114,538,474,3,1,0,1,5,NA,14100,93716,00530,90,22,4,11,127.49264746378807,243.39505424904996
37025001202,NC,025,1202,4092,966,2133,909,14,27,0,4,39,3014,662,1664,648,7,18,0,1,14,NA,14100,93716,00530,90,22,4,11,338.25954177452223,645.768216114997
37025001203,NC,025,1203,2212,71,1852,208,3,58,1,7,12,1777,57,1492,172,2,43,1,4,6,NA,14100,93436,00530,81,22,4,11,199.43172054854878,380.7332846835931
37025001204,NC,025,1204,4643,438,3250,872,13,23,0,5,42,3489,262,2627,549,13,17,0,0,21,NA,14100,93716,00530,90,22,4,11,391.56852728975053,747.5399157349783
37025001205,NC,025,1205,2542,50,2359,105,7,17,0,1,3,1957,30,1828,83,6,9,0,0,1,NA,14100,93716,00530,90,22,4,11,219.63302032274055,419.29940243432287
37025001206,NC,025,1206,2621,558,1383,651,5,9,0,1,14,1954,385,1105,445,4,6,0,1,8,NA,14100,93716,00530,90,22,4,11,219.2963319931707,418.65663380514405
37025001207,NC,025,1207,2516,438,243,1813,1,5,0,2,14,1771,297,187,1272,1,5,0,1,8,NA,14100,93716,00530,90,22,4,11,198.75834388940905,379.44774742523543
37025001208,NC,025,1208,3045,331,2125,553,2,3,0,4,27,2267,209,1676,365,2,3,0,0,12,NA,14100,93696,00530,90,22,4,11,254.42414771162635,485.7188274494685
37025001209,NC,025,1209,5599,149,4742,555,13,68,0,9,63,4070,83,3652,246,11,48,0,1,29,NA,14100,93696,00530,90,22,4,11,456.77383378311396,872.0227735859448
37025001210,NC,025,1210,1380,2,1334,27,1,13,0,2,1,1056,2,1023,15,1,12,0,2,1,NA,14100,93696,00530,90,22,4,11,118.51429200859174,226.25455747094784
37025001211,NC,025,1211,2776,383,1994,308,10,59,1,3,18,2197,271,1623,235,7,49,1,1,10,NA,14100,93716,00530,81,22,4,11,246.56808668832957,470.72089276862914
3702700PR01,NC,027,PR01,4955,83,4246,567,9,13,1,10,26,3769,53,3288,391,8,12,1,4,12,NA,25380,91780,00580,46,27,6,13,641.6694128471061,981.1820424891268
3702700PR02,NC,027,PR02,2411,11,2298,80,1,9,0,1,11,1858,8,1779,59,1,5,0,1,5,NA,25380,91780,00580,46,27,6,13,316.3231013716962,483.6922883907662
3702700PR05,NC,027,PR05,4177,66,4042,7,11,35,0,0,16,3236,43,3149,6,9,19,0,0,10,NA,32980,91556,00580,91,27,6,13,371.094144486692,794.686134347275
3702700PR06,NC,027,PR06,3747,100,3521,99,4,6,0,0,17,3039,74,2862,87,4,3,0,0,9,NA,32980,91556,00580,91,27,6,13,348.50281368821294,746.3075285171103
3702700PR07,NC,027,PR07,1896,43,1795,39,0,4,2,0,13,1477,33,1397,32,0,2,2,0,11,NA,06500,91244,00580,46,27,6,13,120.06355305941472,282.04020100502515
3702700PR08,NC,027,PR08,1792,7,1682,91,4,1,0,1,6,1348,7,1257,78,4,1,0,0,1,NA,NA,91700,00580,91,27,6,13,216,279
3702700PR09,NC,027,PR09,2102,164,1057,836,2,17,2,6,18,1560,121,822,593,1,10,2,3,8,NA,37760,91780,00580,91,27,6,13,265.5888256942121,406.11408497825363
3702700PR10,NC,027,PR10,2242,109,1863,211,7,25,7,2,18,1742,80,1502,127,5,12,4,2,10,NA,37760,91780,00580,46,27,6,13,296.5741886918702,453.49406155904984
3702700PR11,NC,027,PR11,3402,125,2916,293,10,36,0,2,20,2697,94,2345,211,9,20,0,1,17,NA,37760,91780,00580,46,27,6,13,459.16221980595515,702.1087738374038
3702700PR12,NC,027,PR12,3449,169,2708,528,7,4,0,0,33,2649,123,2116,391,5,3,0,0,11,NA,37760,91780,00580,91,27,6,13,450.99025593844095,689.6129558380729
3702700PR13,NC,027,PR13,4151,14,4080,2,11,9,0,4,31,3129,7,3080,1,8,7,0,2,24,NA,11352,91852,00580,91,27,6,13,394,759
3702700PR14,NC,027,PR14,4466,293,4029,86,5,22,3,5,23,3441,240,3092,70,4,13,3,1,18,NA,27420,91916,00580,46,27,6,13,394.6028897338403,845.0293536121673
3702700PR15,NC,027,PR15,7894,107,7650,59,19,32,0,4,23,5801,75,5642,34,13,21,0,1,15,NA,27420,91916,00580,91,27,6,13,665.2401520912548,1424.5903168567806
3702700PR16,NC,027,PR16,2642,102,1850,638,6,8,0,4,34,1975,65,1476,412,3,5,0,1,13,NA,37760,91924,00580,91,27,6,13,336.2422632987621,514.1508447641352
3702700PR17,NC,027,PR17,2451,48,2317,53,1,12,0,7,13,1953,39,1861,32,0,8,0,2,11,NA,37760,91924,00580,46,27,6,13,332.4967798594848,508.4235948477751
3702700PR18,NC,027,PR18,4936,46,4757,71,8,23,1,4,26,3858,30,3738,51,5,17,1,1,15,NA,37760,91924,00580,91,27,6,13,656.8215958514554,1004.3513716962195
3702700PR19,NC,027,PR19,2554,135,1967,412,1,7,0,0,32,1851,84,1493,252,1,6,0,0,15,NA,37760,91924,00580,91,27,6,13,315.1313566410171,481.86998159919705
3702700PR20,NC,027,PR20,957,0,946,4,2,0,0,0,5,757,0,749,4,1,0,0,0,3,NA,NA,92180,00580,91,27,6,13,69,211
3702700PR23,NC,027,PR23,2461,6,2407,25,4,5,0,1,13,1906,5,1869,18,2,5,0,0,7,NA,06500,92452,00580,91,27,6,13,154.93644694058528,363.9597989949749
3702700PR26,NC,027,PR26,96,0,95,0,1,0,0,0,0,84,0,83,0,1,0,0,0,0,NA,NA,94052,00580,46,27,6,13,7,15
3702700PR27,NC,027,PR27,1301,20,1248,13,2,5,0,5,8,1003,13,966,13,0,5,0,2,4,NA,NA,94116,00580,91,27,6,13,167,213
370270PR21A,NC,027,PR21A,4299,101,4113,33,15,9,0,1,27,3306,78,3168,24,10,6,0,0,20,NA,09530,92304,00580,46,27,6,13,323.0673417721519,713.0916455696203
370270PR21B,NC,027,PR21B,3401,50,3293,18,9,10,0,0,21,2619,36,2551,9,5,7,0,0,11,NA,09530,92304,00580,46,27,6,13,255.9326582278481,564.9083544303797
370270PR25A,NC,027,PR25A,2959,60,2861,17,5,5,0,4,7,2191,38,2129,13,3,3,0,0,5,NA,59540,91556,00580,91,27,6,13,251.25688212927756,538.0585044359949
370270PR25B,NC,027,PR25B,2674,68,2566,19,3,4,0,1,13,2017,43,1949,14,3,3,0,0,5,NA,59540,91916,00580,91,27,6,13,231.30311787072245,495.32816223067175
370290000CH,NC,029,CH,2626,21,2035,538,12,3,0,0,17,1937,12,1506,396,8,3,0,0,12,NA,20580,90784,00600,1,1,9,6,448.49,386.28249999999997
370290000SH,NC,029,SH,1941,16,1650,222,9,29,0,0,15,1472,12,1261,166,5,19,0,0,9,NA,NA,92920,00600,1,1,9,6,340.82461538461536,293.5507692307692
370290000SM,NC,029,SM,2318,12,1831,425,7,7,2,0,34,1791,7,1406,347,6,5,2,0,18,NA,NA,93044,00600,1,1,9,6,414.68538461538463,357.1667307692308
37031000PKS,NC,031,PKS,1524,16,1498,1,2,1,1,0,5,1410,15,1388,1,2,1,1,0,2,NA,52000,92120,00630,4,4,9,6,209.4667204689292,303.4048337085333
3703100ABCH,NC,031,ABCH,1802,12,1754,12,4,12,0,0,8,1627,10,1584,10,4,12,0,0,7,NA,02500,92120,00630,4,4,9,6,241.70379730705517,350.0990527970097
3703100ATLN,NC,031,ATLN,817,11,787,0,9,1,0,0,9,656,7,634,0,8,1,0,0,6,NA,NA,90092,00630,4,3,9,6,97.45402030327486,141.1585609310623
3703100BETT,NC,031,BETT,352,0,351,0,0,0,1,0,0,282,0,281,0,0,0,1,0,0,NA,NA,93156,00630,4,3,9,6,41.893344093785835,60.68096674170666
3703100BFT1,NC,031,BFT1,1865,30,1352,450,0,5,0,9,19,1575,26,1178,349,0,5,0,7,10,NA,04260,90180,00630,4,3,9,6,233.9787835025273,338.90965467442555
3703100BFT2,NC,031,BFT2,4016,131,3462,367,9,11,0,6,30,3191,95,2794,265,7,8,0,4,18,NA,04260,90180,00630,4,3,9,6,474.0484432740093,686.6417194070425
3703100BOGU,NC,031,BOGU,2021,13,1804,170,5,7,7,2,13,1558,9,1402,122,5,5,5,1,9,NA,06740,93968,00630,4,4,9,6,231.45329822027776,335.25158221127293
3703100BRCK,NC,031,BRCK,2757,47,2517,104,19,20,8,3,39,2003,29,1849,66,17,18,5,1,18,NA,46860,92120,00630,4,3,9,6,297.56158943210295,431.0070084526186
3703100CDIS,NC,031,CDIS,328,0,322,4,0,1,0,0,1,264,0,261,2,0,1,0,0,0,NA,NA,92560,00630,4,3,9,6,39.219300853756955,56.80771354542752
3703100CDPT,NC,031,CDPT,841,7,829,1,1,2,0,0,1,699,6,688,1,1,2,0,0,1,NA,11340,93968,00630,4,4,9,6,103.8420124877883,150.41133245550694
3703100DAVI,NC,031,DAVI,412,1,411,0,0,0,0,0,0,336,1,335,0,0,0,0,0,0,NA,NA,90888,00630,4,3,9,6,49.91547381387249,72.30072633054411
3703100EMIS,NC,031,EMIS,3489,57,3336,27,15,22,1,0,31,3033,40,2922,20,10,19,1,0,21,NA,21160,93968,00630,4,4,9,6,450.5762859448668,652.6431635730365
3703100HAIS,NC,031,HAIS,1525,2,1502,0,5,3,0,0,13,1291,2,1275,0,3,3,0,0,8,NA,29560,91396,00630,4,3,9,6,191.78832349318267,277.7983264664656
3703100HARL,NC,031,HARL,600,1,588,5,1,1,0,0,4,480,1,472,2,1,1,0,0,3,NA,NA,91400,00630,4,3,9,6,71.30781973410356,103.2867519007773
3703100IBCH,NC,031,IBCH,95,2,89,0,0,0,3,0,1,85,2,79,0,0,0,3,0,1,NA,33460,92120,00630,4,4,9,6,12.627426411247503,18.290362315762646
3703100MCRK,NC,031,MCRK,680,29,621,6,8,1,0,1,14,526,20,487,3,3,1,0,1,11,NA,NA,91400,00630,4,3,9,6,78.14148579195515,113.18506562460179
3703100MERR,NC,031,MERR,657,4,538,112,1,0,0,0,2,541,3,454,82,1,0,0,0,1,NA,NA,92040,00630,4,3,9,6,80.36985515864589,116.4127766215011
3703100MHD1,NC,031,MHD1,2916,46,2319,480,14,24,3,2,28,2325,35,1879,360,9,20,1,2,19,NA,44320,92120,00630,4,3,9,6,345.39725183706406,500.29520451939004
3703100MHD2,NC,031,MHD2,3990,104,3213,522,34,33,2,5,77,3133,73,2656,316,23,25,1,3,36,NA,44320,92120,00630,4,3,9,6,465.43208172280515,674.1612368856986
3703100MHD3,NC,031,MHD3,3761,30,3451,216,11,12,0,1,40,2910,22,2688,165,7,9,0,1,18,NA,44320,92120,00630,4,3,9,6,432.3036571380028,626.1759333984623
3703100MHD4,NC,031,MHD4,2504,39,2405,26,6,19,0,0,9,2000,27,1928,22,4,13,0,0,6,NA,44320,92120,00630,4,3,9,6,297.1159155587648,430.36146625323875
3703100NPT1,NC,031,NPT1,3151,120,2551,377,21,33,1,2,46,2371,76,1932,294,16,28,1,1,23,NA,46860,92272,00630,4,3,9,6,352.2309178949157,510.19351824321456
3703100NPT2,NC,031,NPT2,4965,151,4471,196,18,38,2,0,89,3614,90,3295,131,16,29,1,0,52,NA,46860,92272,00630,4,3,9,6,536.8884594146881,777.6631695196024
3703100NRIV,NC,031,NRIV,713,11,210,488,3,0,0,0,1,556,8,171,374,2,0,0,0,1,NA,NA,90180,00630,4,3,9,6,82.59822452533662,119.64048761840037
3703100PELE,NC,031,PELE,1170,27,1126,4,3,9,0,0,1,886,20,856,3,2,5,0,0,0,NA,51040,93968,00630,4,4,9,6,131.6223505925328,190.65012955018477
3703100SLVL,NC,031,SLVL,461,0,457,2,1,0,0,0,1,401,0,397,2,1,0,0,0,1,NA,NA,92884,00630,4,3,9,6,59.57174106953235,86.28747398377438
3703100SPTH,NC,031,SPTH,263,0,262,0,0,0,0,0,1,222,0,221,0,0,0,0,0,1,NA,33460,92120,00630,4,4,9,6,32.97986662702289,47.7701227541095
3703100STAC,NC,031,STAC,206,0,203,2,1,0,0,0,0,169,0,166,2,1,0,0,0,0,NA,NA,93088,00630,4,3,9,6,25.106294864715625,36.36554389839867
3703100STEL,NC,031,STEL,1033,11,917,79,6,10,0,2,8,784,2,709,60,4,3,0,1,5,NA,51040,93968,00630,4,4,9,6,116.46943889903581,168.7016947712696
3703100WILD,NC,031,WILD,4265,83,3753,341,31,21,2,2,32,3248,59,2890,236,27,13,2,0,21,NA,44320,92120,00630,4,3,9,6,482.51624686743406,698.9070211952597
3703100WILL,NC,031,WILL,296,0,292,0,0,1,0,0,3,251,0,249,0,0,1,0,0,1,NA,NA,93000,00630,4,3,9,6,37.28804740262498,54.01036401478146
3703100WIRE,NC,031,WIRE,1071,10,910,122,10,6,0,1,12,798,7,695,76,7,4,0,1,8,NA,NA,90180,00630,4,3,9,6,118.54925030794716,171.71422503504226
370310CCART,NC,031,CCART,1592,19,1546,7,3,8,2,0,7,1339,10,1307,6,3,8,1,0,4,NA,10260,93968,00630,4,4,9,6,198.91910546659304,288.12700165654337
370310MARSH,NC,031,MARSH,590,0,586,0,2,2,0,0,0,484,0,482,0,0,2,0,0,0,NA,NA,92000,00630,4,3,9,6,71.90205156522109,104.14747483328377
370310OTSTR,NC,031,OTSTR,2334,21,2289,0,8,4,0,1,11,1786,9,1756,0,7,4,0,1,9,NA,NA,93156,00630,4,3,9,6,265.324512593977,384.31278936414225
37031SMYRNA,NC,031,SMYRNA,321,0,319,0,0,0,0,0,2,252,0,251,0,0,0,0,0,1,NA,NA,93000,00630,4,3,9,6,37.436605360404364,54.22554474790808
3703300ANDE,NC,033,ANDE,1184,21,761,376,4,0,0,3,19,883,15,588,266,4,0,0,1,9,NA,NA,90056,00660,25,21,1,3,216.97074630173415,152.9313535375921
3703300HIGH,NC,033,HIGH,1331,14,735,571,0,2,0,1,8,999,7,562,422,0,2,0,0,6,NA,NA,91492,00660,25,21,1,3,245.47426450218848,173.02199567843093
3703300LEAS,NC,033,LEAS,980,15,579,381,0,3,0,1,1,766,12,444,306,0,3,0,0,1,NA,NA,91756,00660,25,21,1,3,188.22150811679316,132.66751620588397
3703300LOCU,NC,033,LOCU,2794,59,1220,1480,4,2,0,0,29,2094,35,920,1116,3,2,0,0,18,NA,NA,91888,00660,25,21,1,3,514.5376475150978,362.6707296803147
3703300MILT,NC,033,MILT,2973,59,1421,1442,2,15,3,2,29,2246,44,1079,1098,1,8,3,0,13,NA,43300,92080,00660,25,21,1,3,551.8870851570724,388.99639869244834
3703300PELH,NC,033,PELH,4442,57,3432,903,6,5,1,12,26,3448,41,2685,694,6,5,1,2,14,NA,NA,92468,00660,25,21,1,3,847.2425065100559,597.1770181173472
3703300PROS,NC,033,PROS,1004,17,828,151,4,1,0,1,2,761,7,633,116,2,1,0,0,2,NA,NA,91492,00660,25,21,1,3,186.99290819435979,131.8015402515375
3703300PROV,NC,033,PROV,1224,8,879,321,1,2,0,0,13,935,3,656,268,0,1,0,0,7,NA,NA,90880,00660,25,21,1,3,229.74818549504127,161.93750346279572
3703300STON,NC,033,STON,3123,86,2291,718,3,0,0,7,18,2353,53,1753,534,3,0,0,6,4,NA,NA,93140,00660,25,21,1,3,578.1791234971466,407.52828411546346
3703300YAN2,NC,033,YAN2,3190,62,1557,1517,13,4,1,2,34,2632,51,1297,1235,13,3,1,2,30,NA,76000,94120,00660,25,21,1,3,646.734999168929,455.8497423679982
3703300YAN4,NC,033,YAN4,1256,17,536,697,2,2,0,0,2,932,8,417,502,2,1,0,0,2,NA,76000,94120,00660,25,21,1,3,229.01102554158123,161.41791789018782
37035000001,NC,035,1,4588,108,4319,88,12,45,0,0,16,3386,63,3224,59,6,26,0,0,8,NA,NA,90476,00690,43,26,6,13,413.7311846998406,876.4095141341933
37035000002,NC,035,2,2876,22,2720,60,6,41,1,4,22,2207,15,2110,38,6,28,0,1,9,NA,NA,90140,00690,45,26,6,13,269.6706215689747,571.2450672457662
37035000003,NC,035,3,3296,54,2839,301,15,70,3,0,14,2442,30,2159,204,9,30,3,0,7,NA,47000,91636,00690,45,26,6,13,298.38498317690807,632.0708899928234
37035000004,NC,035,4,966,42,677,183,3,56,0,0,5,757,24,556,142,3,29,0,0,3,NA,31060,91468,02190,45,26,6,13,92.49690100938552,195.93679923200955
37035000005,NC,035,5,4660,154,3815,594,3,45,0,5,44,3435,99,2849,441,3,25,0,1,17,NA,10980,90556,00690,43,26,6,13,419.71843456702675,889.0923452601754
37035000006,NC,035,6,2505,53,2222,183,3,26,0,3,15,1952,36,1755,136,3,15,0,0,7,NA,12720,90700,00690,43,26,6,13,238.51248450504693,505.2425787330021
37035000007,NC,035,7,3925,451,2819,471,3,154,1,3,23,3012,342,2223,343,1,90,0,0,13,NA,14340,92284,03360,45,26,6,13,368.03258367274657,779.6058643154726
37035000008,NC,035,8,3031,85,2732,82,8,101,0,1,22,2442,64,2247,56,5,62,0,0,8,NA,14340,92284,03360,45,26,6,13,298.38498317690807,632.0708899928234
37035000009,NC,035,9,3203,121,2905,108,5,48,0,0,16,2428,81,2232,80,4,24,0,0,7,NA,40660,90476,00690,43,26,6,13,296.6743403577121,628.4472239568285
37035000010,NC,035,10,1147,66,588,428,3,51,0,2,9,852,51,443,323,3,30,0,0,2,NA,47000,92284,03360,45,26,6,13,104.10483442535859,220.52596161911774
37035000011,NC,035,11,1778,272,1340,111,0,38,0,0,17,1527,226,1169,96,0,24,0,0,12,NA,31060,91468,02190,46,26,6,13,186.58225606516734,395.2384312117286
37035000012,NC,035,12,3213,394,1070,1529,9,139,0,7,65,2309,273,885,1060,9,53,0,2,27,NA,31060,91468,02190,46,26,6,13,282.1338763945458,597.6460626508718
37035000013,NC,035,13,3328,535,1951,573,10,213,0,3,43,2475,370,1628,344,7,109,0,1,16,NA,31060,91468,02190,46,26,6,13,302.41721267929876,640.61238850624
37035000014,NC,035,14,2038,90,1834,69,3,33,0,0,9,1544,62,1417,39,3,17,0,0,6,NA,31060,91468,02190,46,26,6,13,188.65946520276253,399.6385971125796
37035000015,NC,035,15,1365,46,80,1193,1,34,0,0,11,939,28,65,821,1,17,0,0,7,NA,31060,91468,02190,46,26,6,13,114.73525765893395,243.04445769994314
37035000016,NC,035,16,3798,320,2999,306,10,91,3,4,65,3165,244,2579,222,8,69,3,3,37,NA,31060,91468,02190,46,26,6,13,386.72746591110325,819.207357423131
37035000017,NC,035,17,3128,299,2384,252,0,152,0,4,37,2387,191,1952,146,0,79,0,0,19,NA,39280,91468,02190,46,26,6,13,291.66460067292365,617.8350591371292
37035000019,NC,035,19,1730,60,1315,231,8,95,0,0,21,1349,38,1074,176,7,44,0,0,10,NA,39280,91468,02190,46,26,6,13,164.8326545068178,349.1661058969365
37035000020,NC,035,20,4816,223,4005,521,12,18,1,3,33,3659,140,3105,377,10,10,0,0,17,NA,40660,92284,00690,45,26,6,13,447.08871967416326,947.0710018360937
37035000021,NC,035,21,2039,26,1870,108,12,14,1,1,7,1538,22,1423,73,6,7,1,1,5,NA,36511,90556,00690,43,26,6,13,187.92633256596423,398.0855973828675
37035000022,NC,035,22,5163,219,4310,347,4,223,5,7,48,3928,142,3420,221,4,115,5,0,21,NA,47000,92284,00690,45,26,6,13,479.957499557287,1016.6971563848526
37035000023,NC,035,23,4293,31,4053,113,8,60,1,0,27,3101,18,2945,87,6,35,1,0,9,NA,44770,91468,00690,45,26,6,13,378.90738445192136,802.6420269728687
37035000024,NC,035,24,5058,90,4566,196,11,155,5,2,33,3686,67,3398,128,9,70,2,2,10,NA,44770,91468,00690,46,26,6,13,450.38781653975565,954.0595006197981
37035000025,NC,035,25,3829,586,2780,284,17,126,0,2,34,2967,423,2272,177,10,68,0,0,17,NA,47000,92284,03360,45,26,6,13,362.53408889675933,767.9583663426318
37035000026,NC,035,26,2371,35,2194,81,4,38,1,4,14,1924,26,1807,52,1,28,1,1,8,NA,31060,91468,02190,46,26,6,13,235.09119886665485,497.99524666101235
37035000027,NC,035,27,5344,71,4890,123,9,208,1,12,30,3950,43,3694,79,6,104,1,5,18,NA,14340,90700,00690,45,26,6,13,482.6456525588808,1022.3914887271303
37035000028,NC,035,28,5651,532,4469,238,17,348,1,2,44,4206,368,3502,146,10,163,1,0,16,NA,58730,91468,00690,45,26,6,13,513.9259783956082,1088.6528105281798
37035000029,NC,035,29,3889,572,3152,73,7,55,0,2,28,2879,405,2379,49,6,26,0,2,12,NA,58730,90700,00690,91,26,6,13,351.7814768903843,745.1810369735211
37035000030,NC,035,30,5250,417,4285,269,15,204,1,3,56,4157,304,3481,186,12,142,0,1,31,NA,58730,91468,00690,46,26,6,13,507.9387285284222,1075.9699794021979
37035000031,NC,035,31,3816,49,3443,282,11,8,1,3,19,2959,36,2703,197,7,4,1,0,11,NA,36511,92152,00690,43,26,6,13,361.55657871436165,765.8877000363491
37035000032,NC,035,32,4073,404,2981,488,16,151,4,3,26,3118,299,2350,364,14,75,3,0,13,NA,47000,92284,03360,45,26,6,13,380.9845935895166,807.0421928737196
37035000033,NC,035,33,8353,333,7283,279,13,341,2,8,94,6042,223,5418,177,10,167,2,1,44,NA,31060,90700,00690,45,26,6,13,738.2645652558881,1563.8707278200814
37035000034,NC,035,34,5802,111,5234,230,10,172,1,1,43,4282,81,3926,157,8,89,1,0,20,NA,47000,92284,00690,45,26,6,13,523.2123251283867,1108.3241404378664
37035000035,NC,035,35,3903,207,3083,414,6,149,0,7,37,3010,151,2496,251,6,81,0,7,18,NA,31060,91468,00690,45,26,6,13,367.78820612714713,779.0881977389018
37035000036,NC,035,36,2960,149,2600,117,1,62,0,1,30,2324,111,2073,81,1,43,0,0,15,NA,31060,91468,02190,46,26,6,13,283.9667079865415,601.5285619751521
37035000037,NC,035,37,3790,486,2632,426,5,176,3,7,55,2929,362,2179,254,5,92,3,0,34,NA,31060,91468,02190,46,26,6,13,357.89091553037014,758.1227013877887
37035000038,NC,035,38,3423,18,3231,98,1,52,1,1,21,2522,12,2387,66,0,40,0,1,16,NA,31060,91468,00690,91,26,6,13,308.16008500088543,652.7775530556513
37035000039,NC,035,39,2310,11,2224,14,1,48,0,2,10,1627,10,1573,6,1,30,0,1,6,NA,31060,91468,02190,91,26,6,13,198.801133345139,421.12176004026355
37035000040,NC,035,40,2139,129,1665,263,10,54,0,0,18,1609,92,1287,192,2,29,0,0,7,NA,47000,92284,03360,45,26,6,13,196.60173543474411,416.46276085112726
37035000041,NC,035,41,2838,15,2767,25,10,6,0,3,12,2268,9,2219,17,7,4,0,3,9,NA,36511,92152,00690,43,26,6,13,277.1241367097574,587.0338978311726
37037000003,NC,037,3,2538,222,2027,247,6,3,0,4,29,1932,142,1573,190,5,3,0,1,18,NA,64380,90024,00750,24,16,10,5,347.31274343079707,334.0116298206155
37037000006,NC,037,6,1124,28,1039,57,0,0,0,0,0,878,18,810,50,0,0,0,0,0,NA,NA,90172,00750,30,16,10,5,157.83674365022767,151.79203467003128
37037000009,NC,037,9,1908,40,1573,274,1,3,1,0,16,1442,25,1187,219,1,3,1,0,6,NA,NA,90172,00750,30,16,10,5,259.22617806791374,249.29853530089417
37037000015,NC,037,15,2225,39,1855,293,11,12,0,4,11,1705,25,1438,212,8,10,0,4,8,NA,22970,90136,00750,24,16,10,7,306.5052937626858,294.76699215535683
37037000018,NC,037,18,2889,64,2110,688,6,1,0,4,16,2273,39,1668,549,6,1,0,2,8,NA,26920,91352,00750,24,16,10,5,408.61380218333426,392.9650282516869
37037000020,NC,037,20,2352,103,1632,540,32,11,0,3,31,1787,63,1247,432,17,9,0,0,19,NA,NA,90504,00750,24,16,10,5,190,190
37037000021,NC,037,21,1136,23,1065,25,3,7,0,3,10,867,15,818,20,3,3,0,2,6,NA,NA,91368,00750,24,16,10,7,155.8592901420813,149.89031213999672
37037000024,NC,037,24,1051,11,1025,12,0,1,0,0,2,825,2,812,10,0,1,0,0,0,NA,NA,90172,00750,30,16,10,5,148.30901311097702,142.62918975259203
37037000030,NC,037,30,1695,76,1237,360,3,4,0,5,10,1237,44,917,261,3,3,0,3,6,NA,NA,91472,00750,24,16,10,5,222.37363541609525,213.85734269570466
37037000033,NC,037,33,2566,57,2230,214,10,29,0,2,24,2028,40,1778,162,9,23,0,0,16,NA,22970,90136,00750,24,16,10,7,364.5705195018926,350.6084809918262
37037000036,NC,037,36,1667,34,1457,141,8,13,0,0,14,1268,21,1119,106,5,10,0,0,7,NA,NA,90136,00750,24,16,10,7,227.94645893905314,219.21674255307474
37037000042,NC,037,42,1603,34,1417,116,8,10,1,0,17,1265,26,1120,93,8,10,1,0,7,NA,NA,92240,00750,24,16,10,7,227.40715343683144,218.69809095397443
37037000045,NC,037,45,1040,3,831,193,8,1,0,0,4,819,3,660,150,2,1,0,0,3,NA,NA,92352,00750,24,16,10,5,147.23040210653355,141.59188655439135
37037000051,NC,037,51,4082,119,2625,1263,10,18,0,3,44,3095,68,2015,968,5,13,0,3,23,NA,52660,90592,00750,24,16,10,5,556.3835097920895,535.0755664051786
37037000054,NC,037,54,2069,146,1285,592,8,8,1,8,21,1613,95,1069,422,6,5,1,4,11,NA,52660,90592,00750,24,16,10,5,289.9665916945527,278.8616764496133
37037000060,NC,037,60,4106,1370,1656,999,3,27,3,2,46,3125,1002,1331,753,3,19,3,0,14,NA,61860,92012,00750,30,16,2,5,561.7765648143069,540.2620823961819
37037000061,NC,037,61,3662,1099,1719,784,9,25,4,2,20,2724,753,1364,564,9,16,4,1,13,NA,61860,92012,00750,30,16,2,5,489.689396017335,470.93565198310387
37037000062,NC,037,62,4284,895,2573,761,11,17,0,3,24,3252,610,2061,553,8,10,0,0,10,NA,61860,92012,00750,30,16,2,5,584.6071644083603,562.2183334247627
37037000075,NC,037,75,2245,45,1930,209,6,34,0,5,16,1924,37,1672,170,3,29,0,5,8,NA,10740,94016,00750,24,16,10,7,345.87459542487244,332.62855888968124
37037000076,NC,037,76,2804,290,1916,498,12,47,0,3,38,2156,173,1563,355,9,37,0,0,19,NA,22970,94016,00750,24,16,10,7,387.5808875966866,372.7376158867738
37037000078,NC,037,78,2283,45,2120,89,3,15,1,1,9,2030,33,1909,64,1,14,1,1,7,NA,22970,94016,00750,24,16,10,7,364.93005650337375,350.95424872455976
37039000MAR,NC,039,MAR,1810,33,1715,13,36,3,0,0,10,1393,27,1316,7,31,3,0,0,9,0990,NA,93852,00780,53,42,7,1,197.91730141458106,317.5194051505259
37039000UNA,NC,039,UNA,656,2,646,0,2,0,1,0,5,517,2,509,0,2,0,1,0,3,NA,NA,90188,00780,53,42,7,1,73.45530856521063,117.84460334732368
3703900ANDN,NC,039,ANDN,2303,52,2161,32,20,0,1,0,37,1773,34,1682,20,13,0,1,0,23,0990,01380,93852,00780,53,42,7,1,251.90766360951343,404.13632830716614
3703900ANDS,NC,039,ANDS,2142,14,2045,51,20,0,0,0,12,1738,12,1658,42,14,0,0,0,12,NA,01380,93852,00780,53,42,7,1,246.93486709155917,396.15845380589667
3703900BELL,NC,039,BELL,1009,8,963,5,12,6,1,0,14,817,8,779,5,11,4,1,0,9,NA,NA,92336,00780,53,42,7,1,116.07927871910462,186.22638478677652
3703900CULN,NC,039,CULN,997,11,973,0,6,1,0,0,6,798,7,778,0,6,1,0,0,6,NA,NA,92336,00780,53,42,7,1,113.379760609358,181.8955386289445
3703900HOTH,NC,039,HOTH,1271,9,1241,1,9,0,0,0,11,1025,6,1000,1,9,0,0,0,9,NA,NA,91544,00780,53,42,7,1,145.63189802580445,233.6377532514638
3703900PEAT,NC,039,PEAT,2694,28,2609,13,22,6,0,1,15,2142,16,2087,12,14,5,0,0,8,0990,NA,92192,00780,53,42,7,1,304.33514689880303,488.2459194776932
3703900RANG,NC,039,RANG,1510,19,1458,2,13,1,0,0,17,1218,17,1176,2,11,0,0,0,12,NA,NA,92336,00780,53,42,7,1,173.05331882480957,277.63003264417847
370390GRACK,NC,039,GRACK,524,8,452,0,58,0,0,1,5,402,6,354,0,38,0,0,1,3,0990,NA,92192,00780,53,42,7,1,57.11612000621793,91.63158712886677
370390HIDAM,NC,039,HIDAM,2025,17,1939,3,24,5,0,0,37,1587,9,1517,3,23,5,0,0,30,NA,NA,92932,00780,53,42,7,1,225.4808021140992,361.73962381470545
370390TOPTN,NC,039,TOPTN,684,1,663,4,3,1,0,0,12,571,1,552,4,3,1,0,0,10,NA,NA,93852,00780,53,42,7,1,81.12762319291156,130.1533240064252
37039BMSCRU,NC,039,BMSCRU,3149,59,2873,49,104,22,0,0,42,2521,38,2325,36,76,14,0,0,32,0990,45660,92192,00780,53,42,7,1,358.1834291932225,574.6349033628686
37039HMNCRU,NC,039,HMNCRU,3524,42,3137,209,65,23,0,0,48,2797,32,2523,154,50,16,0,0,22,0990,45660,92192,00780,53,42,7,1,397.3974817348049,637.5461422871651
3704100000W,NC,041,W,1324,13,1035,250,1,12,0,0,13,1015,7,811,183,1,5,0,0,8,NA,NA,93400,00840,86,1,9,4,172,217
3704100000Y,NC,041,Y,2006,29,1425,524,9,4,0,0,15,1541,16,1144,364,7,2,0,0,8,NA,20120,93456,00840,86,1,9,4,234,297
370410000CH,NC,041,CH,1171,28,575,558,1,1,0,0,8,866,17,447,395,1,1,0,0,5,NA,NA,93348,00840,86,1,9,4,121.56729656768222,130.25067489394525
370410000EE,NC,041,EE,3317,51,1272,1955,3,14,0,2,20,2465,36,1045,1361,2,13,0,0,8,NA,20120,93276,00840,86,1,9,4,478.713777325877,351.3074055244874
370410000RH,NC,041,RH,2233,57,2002,146,16,0,0,2,10,1727,34,1570,105,9,0,0,1,8,NA,NA,93348,00840,86,1,9,4,242.43270343231777,259.74932510605475
370410000WE,NC,041,WE,4475,41,2394,1982,12,19,0,2,25,3436,33,1983,1373,12,17,0,2,16,NA,20120,93276,00840,86,1,9,4,667.2862226741231,489.69259447551264
3704300BRAS,NC,043,BRAS,889,7,866,1,6,1,0,3,5,712,6,694,1,5,1,0,3,2,NA,NA,90360,00870,53,42,7,1,129.30964040856304,199.34406044494193
3704300HAY1,NC,043,HAY1,1273,8,1226,26,8,2,0,0,3,998,4,964,21,6,0,0,0,3,NA,30280,91436,00870,53,42,7,1,181.25143416818244,279.41765775850007
3704300HAY2,NC,043,HAY2,1389,18,1334,15,7,0,4,0,11,1159,14,1116,13,6,0,4,0,6,NA,30280,91436,00870,53,42,7,1,210.49139499090526,324.4940534489996
3704300HAYC,NC,043,HAYC,596,8,587,0,0,0,1,0,0,490,4,485,0,0,0,1,0,0,NA,30280,91436,00870,53,42,7,1,88.99118511263467,137.18903036238981
3704300HIAW,NC,043,HIAW,1358,5,1337,3,2,2,0,2,7,1129,4,1114,3,2,1,0,2,3,NA,NA,91500,00870,53,42,7,1,205.0429550860501,316.09472505946553
3704300SHCR,NC,043,SHCR,1291,5,1255,17,1,1,1,2,9,1057,5,1033,8,1,1,1,2,6,NA,NA,92944,00870,53,42,7,1,191.96669931439766,295.9363369245837
3704300SWEE,NC,043,SWEE,723,4,710,0,2,1,0,0,6,564,4,554,0,1,1,0,0,4,NA,NA,93192,00870,53,42,7,1,102.43067021127746,157.9073737232405
3704300TUSQ,NC,043,TUSQ,593,1,584,0,1,0,0,0,7,508,0,501,0,1,0,0,0,6,NA,NA,93792,00870,53,42,7,1,92.26024905554779,142.22862739611026
3704300WARN,NC,043,WARN,663,17,637,8,0,0,0,1,0,530,10,516,4,0,0,0,0,0,NA,NA,90360,00870,53,42,7,1,96.25577165244158,148.38813488176856
370450000S1,NC,045,S1,3499,54,1531,1881,1,14,0,2,16,2606,42,1276,1267,1,9,0,2,9,NA,61200,93540,04230,48,37,5,13,362.62862132730635,444.75215738648035
370450000S2,NC,045,S2,4451,64,3147,1178,4,27,2,2,27,3347,45,2501,766,3,18,2,0,12,NA,61200,93540,04230,48,37,5,13,465.73982946373536,571.21468563797
370450000S3,NC,045,S3,3198,32,1994,1111,3,22,0,9,27,2458,23,1687,700,1,18,0,8,21,NA,61200,93540,04230,48,37,5,13,342.03420998561745,419.49378467228274
370450000S4,NC,045,S4,3498,76,1624,1764,3,6,0,3,22,2585,56,1286,1222,3,6,0,3,9,NA,61200,93540,00900,48,25,5,13,359.70644133963424,441.16819909595233
370450000S5,NC,045,S5,3341,36,2134,1149,4,7,0,1,10,2534,24,1650,843,4,5,0,1,7,NA,38170,93540,00900,48,37,5,13,352.6097185124306,432.4643003903842
370450000S6,NC,045,S6,4876,83,3123,1582,6,39,1,7,35,3582,63,2459,998,4,29,1,6,22,NA,61200,93540,00900,48,37,5,13,498.4404150400657,611.3208855557839
370450000S7,NC,045,S7,3844,41,2860,881,5,34,2,1,20,2978,24,2361,559,4,23,2,0,5,NA,61200,93540,04230,48,37,5,13,414.3929525374974,508.23941853297714
370450000S8,NC,045,S8,2875,32,2211,603,3,6,0,6,14,2239,26,1770,427,3,4,0,0,9,NA,61200,93540,00900,48,37,5,13,311.5600472570372,382.1182196424902
37045000KM1,NC,045,KM1,3943,38,2983,845,4,33,0,5,35,2943,24,2327,558,4,21,0,0,9,NA,35880,93440,02460,48,37,5,13,338.36879081288,502.3179464084665
37045000KM2,NC,045,KM2,3493,49,2595,782,8,37,0,1,21,2692,33,2065,546,7,27,0,0,14,NA,35880,93440,02460,48,37,5,13,309.5102904751182,459.4766944381896
37045000KM3,NC,045,KM3,3750,74,2999,459,4,164,1,6,43,2774,50,2282,312,4,108,1,1,16,NA,35880,93440,02460,48,37,5,13,318.9381670794866,473.4726412970052
37045000KM4,NC,045,KM4,2355,24,1568,725,8,8,1,4,17,1761,13,1215,514,7,7,1,0,4,NA,35880,93440,02460,48,37,5,13,202.46939878405766,300.57149290700295
3704500LATT,NC,045,LATT,3982,147,3599,218,3,3,0,0,12,3072,106,2809,145,2,3,0,0,7,NA,37040,93584,00900,48,37,5,13,427.4731867680296,524.2818985001028
3704500WACO,NC,045,WACO,4628,44,3486,1019,4,21,1,6,47,3368,32,2574,723,4,17,1,0,17,NA,70320,93504,00900,48,37,5,13,387.2327854086917,574.8579148840352
370450BSPGS,NC,045,BSPGS,5342,84,4628,551,4,30,0,4,41,4131,60,3592,420,4,25,0,1,29,NA,06800,93324,00900,48,37,5,13,574.8345490034928,705.015795151017
370450CASAR,NC,045,CASAR,1822,28,1777,10,1,0,0,0,6,1434,21,1400,6,1,0,0,0,6,NA,10760,93692,00900,48,37,5,13,133,423
370450MULLS,NC,045,MULLS,3035,74,2845,98,2,1,0,0,15,2293,45,2161,77,2,1,0,0,7,NA,04960,93664,00900,48,37,5,13,406.5293371392325,409.80193466539805
370450OAKGR,NC,045,OAKGR,4672,95,4255,243,12,39,0,3,25,3417,67,3139,161,8,31,0,0,11,NA,61200,93504,02460,48,37,5,13,392.86651655032654,583.2213465435713
370450RIPPY,NC,045,RIPPY,5645,58,4505,991,24,17,0,4,46,4094,36,3368,637,13,14,0,0,26,NA,19140,93384,00900,48,37,5,13,569.6859461680707,698.7012019724676
37045BETHWR,NC,045,BETHWR,2488,35,2227,152,4,31,0,2,37,1806,20,1644,103,3,20,0,0,16,NA,61200,93440,02460,48,37,5,13,207.64323350596715,308.2521954514749
37045FALSTN,NC,045,FALSTN,2353,45,2203,89,6,2,0,3,5,1779,25,1681,65,5,1,0,0,2,NA,22720,93640,00900,48,25,5,13,315.40152235965746,317.9405328258801
37045GROVER,NC,045,GROVER,4882,56,3969,736,8,68,0,13,32,3444,38,2838,499,8,52,0,0,9,NA,28400,93440,02460,48,37,5,13,395.9708173834722,587.8297680702545
37045H-SPGS,NC,045,H-SPGS,1027,1,951,74,1,0,0,0,0,780,1,721,57,1,0,0,0,0,NA,NA,93296,00900,48,37,5,13,107,93
37045KINGST,NC,045,KINGST,1363,12,521,815,0,10,0,0,5,983,8,411,559,0,2,0,0,3,NA,35890,93584,00900,48,37,5,13,136.78585370865008,167.76338093281282
37045LAWNDL,NC,045,LAWNDL,2980,56,1826,1084,1,5,0,0,8,2234,28,1425,775,1,4,0,0,1,NA,37260,93640,00900,48,25,5,13,396.06914050111004,399.25753250872185
37045MRB-YO,NC,045,MRB-YO,2146,15,1917,193,3,11,1,0,6,1599,7,1463,116,3,6,1,0,3,NA,44160,93584,00900,48,37,5,13,222.50313334703102,272.8928241216355
37045POLKVL,NC,045,POLKVL,3226,49,2960,200,3,1,0,0,13,2408,26,2236,135,2,1,0,0,8,NA,53160,93612,00900,48,25,5,13,413,424
37045SHANGI,NC,045,SHANGI,3573,31,2919,577,8,11,0,2,25,2728,19,2242,441,8,9,0,0,9,NA,61200,93540,00900,48,37,5,13,379.6050955414013,465.5732484076433
370470000CG,NC,047,CG,1516,48,1101,352,4,9,0,0,2,1087,30,812,230,4,9,0,0,2,NA,11620,90608,00960,14,18,3,10,258.09569813176006,187.5796460176991
370470000FB,NC,047,FB,1995,44,1038,887,8,0,0,6,12,1505,30,852,606,8,0,0,2,7,9815,22240,91044,00960,14,18,3,10,357.34500983284164,259.71238938053096
37047000BOL,NC,047,BOL,1726,15,511,694,478,2,0,3,23,1267,7,420,493,330,2,0,2,13,9970,06860,90320,00960,98,18,3,10,300.8346361848574,218.641592920354
37047000NWH,NC,047,NWH,1391,5,906,466,7,1,0,0,6,1000,4,688,298,6,1,0,0,3,NA,NA,94000,04920,14,18,3,10,237.43854473942972,172.56637168141594
37047000RAN,NC,047,RAN,4114,148,2339,1548,49,1,0,1,28,3047,80,1811,1102,33,1,0,0,20,NA,59135,92624,00960,98,18,3,10,723.4752458210422,525.8097345132743
37047000SWH,NC,047,SWH,3861,74,2532,1163,60,1,4,1,26,3085,55,2054,909,50,1,1,0,15,NA,08420,94000,04920,14,18,3,10,732.4979105211406,532.3672566371682
37047000SWM,NC,047,SWM,4964,63,2904,1952,22,3,1,0,19,3575,44,2262,1238,17,2,1,0,11,NA,66520,93072,00960,14,18,3,10,848.8427974434611,616.9247787610619
37047000WAC,NC,047,WAC,2177,45,1102,351,657,1,0,1,20,1624,25,904,250,435,0,0,0,10,9970,36640,93872,00960,14,18,3,10,385.6001966568338,280.24778761061947
37047000WH1,NC,047,WH1,3430,22,2321,1010,15,35,1,2,24,2651,16,1895,695,10,26,0,1,8,NA,73660,94000,04920,98,18,3,10,629.4495821042282,457.4734513274337
37047000WH2,NC,047,WH2,1706,26,779,861,18,3,1,1,17,1243,18,634,565,13,2,1,1,9,NA,73660,94000,04920,98,18,3,10,295.1361111111111,214.5
37047000WM1,NC,047,WM1,2631,66,2301,232,14,3,1,0,14,1962,42,1771,133,8,2,1,0,5,NA,66520,94020,00960,14,18,3,10,465.8544247787611,338.57522123893807
37047000WM2,NC,047,WM2,1943,32,1785,95,16,1,0,1,13,1437,20,1338,56,15,1,0,0,7,NA,66520,94020,00960,14,18,3,10,341.19918879056047,247.97787610619469
37047000WWH,NC,047,WWH,2848,61,1690,1024,38,15,1,3,16,2062,38,1269,710,28,12,0,1,4,NA,73660,94000,04920,14,18,3,10,489.59827925270406,355.83185840707966
3704700BUG1,NC,047,BUG1,976,119,710,133,0,0,0,0,14,748,73,568,101,0,0,0,0,6,NA,NA,90436,00960,14,18,3,10,177.6040314650934,129.07964601769913
3704700BUG2,NC,047,BUG2,608,35,332,237,1,0,0,1,2,406,24,242,138,1,0,0,0,1,NA,NA,90436,00960,14,18,3,10,96.40004916420845,70.06194690265487
3704700BUG3,NC,047,BUG3,587,49,464,72,0,0,0,1,1,445,25,372,46,0,0,0,1,1,NA,NA,90436,00960,14,18,3,10,105.6601524090462,76.79203539823008
3704700CHAD,NC,047,CHAD,5055,77,2705,2146,84,13,1,1,28,3680,42,2124,1432,57,12,0,0,13,NA,11640,90612,00960,14,18,3,10,873.7738446411013,635.0442477876106
3704700CHGR,NC,047,CHGR,658,17,604,31,0,0,0,0,6,524,16,483,23,0,0,0,0,2,NA,NA,90608,00960,14,18,3,10,124.41779744346117,90.42477876106194
3704700WPRO,NC,047,WPRO,873,16,521,316,10,3,0,0,7,617,10,405,190,6,3,0,0,3,NA,NA,93944,04920,98,18,3,10,146.49958210422812,106.47345132743364
370470BOGUE,NC,047,BOGUE,2710,34,1774,807,50,7,3,3,32,2050,17,1384,588,35,5,2,1,18,9970,36640,90316,00960,14,18,3,10,486.74901671583086,353.76106194690266
370470ELEES,NC,047,ELEES,1147,26,1075,34,9,0,0,0,3,868,15,818,26,7,0,0,0,2,NA,NA,91764,00960,14,18,3,10,206.096656833825,149.78761061946904
370470NLEES,NC,047,NLEES,1217,54,1034,119,3,3,0,1,3,923,28,801,90,2,2,0,0,0,NA,08420,91764,00960,14,18,3,10,219.15577679449362,159.2787610619469
370470SLEES,NC,047,SLEES,387,5,379,0,3,0,0,0,0,304,4,298,0,2,0,0,0,0,NA,NA,90316,00960,98,18,3,10,72.18131760078663,52.46017699115044
370470TATUM,NC,047,TATUM,3506,50,2012,1384,33,1,0,0,26,2572,24,1567,936,26,1,0,0,18,9815,06660,93216,00960,98,18,3,10,610.6919370698131,443.84070796460173
370470WLEES,NC,047,WLEES,995,88,823,74,0,1,0,0,9,749,54,634,54,0,1,0,0,6,NA,NA,91764,00960,14,18,3,10,177.84147000983285,129.25221238938053
37047WCREEK,NC,047,WCREEK,1728,50,638,913,86,15,0,7,19,1249,26,469,680,55,3,0,2,14,9970,NA,93928,00960,98,18,3,10,296.56074237954766,215.53539823008848
37049000003,NC,049,3,4192,27,4079,45,0,16,1,11,13,3194,17,3118,32,0,11,1,6,9,NA,68340,93592,03310,3,3,9,6,509.50040849673206,660.5891339869281
37049000004,NC,049,4,926,1,539,367,1,2,1,0,15,680,1,403,265,1,2,1,0,7,NA,56710,93592,03310,79,3,11,4,108.47222222222221,140.63888888888889
37049000005,NC,049,5,2923,30,2698,167,3,11,2,1,11,2513,23,2340,126,3,11,2,0,8,NA,56710,93592,03310,3,3,9,6,400.86866830065355,519.7434232026144
37049000006,NC,049,6,1124,15,724,373,3,0,0,0,9,854,9,582,258,3,0,0,0,2,NA,46340,93592,03310,79,3,11,4,136.22834967320262,176.62589869281047
37049000007,NC,049,7,3119,83,2045,953,4,2,0,2,30,2283,56,1536,672,4,2,0,0,13,NA,NA,93628,03310,79,3,11,4,336,298
37049000008,NC,049,8,1245,12,770,449,1,7,0,0,6,976,7,606,355,1,5,0,0,2,NA,15020,93360,03310,79,3,11,4,205.77452415812593,217.92093704245974
37049000009,NC,049,9,834,2,433,396,1,1,0,0,1,641,2,347,289,1,1,0,0,1,NA,17660,93360,03310,79,3,11,4,135.1449487554905,143.12225475841876
37049000010,NC,049,10,1437,72,856,493,2,1,1,2,10,1115,47,680,376,2,1,1,2,6,NA,NA,93360,03310,79,3,11,4,235.0805270863836,248.95680819912153
37049000011,NC,049,11,3923,160,3404,300,13,10,0,9,27,2955,114,2606,197,11,9,0,1,17,NA,07860,93308,03310,3,3,9,6,297.8682101513802,517.3223508459483
37049000012,NC,049,12,716,16,666,17,2,4,0,0,11,535,11,500,14,2,4,0,0,4,NA,NA,93308,03310,3,3,9,6,53.92876224398931,93.6607301869991
37049000013,NC,049,13,883,14,771,94,0,0,0,0,4,664,12,581,68,0,0,0,0,3,NA,NA,93256,03310,3,3,9,6,66.93214603739982,116.24434550311665
37049000014,NC,049,14,5085,137,3129,1720,42,6,0,1,50,3902,84,2421,1328,35,5,0,1,28,NA,69680,93256,03310,2,3,9,6,393.3271593944791,683.1105966162066
37049000015,NC,049,15,1434,62,981,378,9,1,1,0,2,1029,32,728,258,7,1,1,0,2,NA,NA,93256,03310,2,3,11,6,103.7246660730187,180.14372217275155
37049000016,NC,049,16,7003,121,5477,1288,14,31,3,15,54,5269,77,4200,920,12,27,3,3,27,NA,34260,93552,03310,3,3,9,6,328.8265242718447,621.6396893203884
37049000017,NC,049,17,2113,46,1801,213,3,27,2,1,20,1601,32,1387,145,3,22,2,1,9,NA,46280,93508,03310,79,3,9,6,99.91483495145631,188.88691262135922
37049000018,NC,049,18,24035,2119,16242,4214,171,580,31,44,634,17355,1430,12177,2816,110,466,23,17,316,NA,30120,93508,03310,3,3,9,4,1083.086796116505,2047.5530097087378
37049000019,NC,049,19,3359,46,1513,1719,11,22,0,4,44,2465,37,1117,1255,11,20,0,3,22,NA,NA,93460,03310,79,3,9,6,569,137
37049000020,NC,049,20,2363,12,2248,81,3,13,0,1,5,2145,11,2053,65,3,10,0,0,3,NA,22305,93308,03310,3,3,9,6,216.21905609973285,375.51825467497775
37049000021,NC,049,21,2063,15,1798,234,2,5,0,0,9,1525,9,1323,180,2,5,0,0,6,NA,07765,93552,03310,3,3,9,6,95.17184466019417,179.92038834951455
370490000N1,NC,049,N1,3059,113,1300,1571,11,13,2,4,45,2355,91,1112,1107,8,12,1,1,23,NA,46340,93592,03310,79,3,11,4,375.66482843137254,487.0655637254902
370490000N2,NC,049,N2,3777,71,1090,2567,8,9,1,0,31,2681,44,885,1724,6,7,1,0,14,NA,46340,93592,03310,79,3,11,4,427.6676879084967,554.489501633987
370490000N3,NC,049,N3,2833,48,2107,632,12,14,2,1,17,2195,25,1708,428,10,10,1,1,12,NA,46340,93592,03310,79,3,11,6,350.1419526143791,453.9740604575163
370490000N4,NC,049,N4,5148,247,2519,2240,17,41,2,10,72,3798,148,2127,1439,13,33,2,5,31,NA,46340,93592,03310,3,3,11,4,605.8492647058823,785.5095588235295
370490000N5,NC,049,N5,3202,94,1524,1537,12,3,1,8,23,2430,70,1230,1106,8,2,1,2,11,NA,46340,93592,03310,79,3,9,4,387.62867647058823,502.5772058823529
370490000N6,NC,049,N6,4640,114,3721,681,12,62,1,5,44,3780,80,3147,474,8,47,1,1,22,NA,46340,93592,03310,79,3,9,6,602.9779411764706,781.7867647058824
37051000CC1,NC,051,CC1,3718,79,684,2823,47,45,5,2,33,2834,53,591,2098,36,33,2,1,20,9815,22920,90832,00011,17,41,3,10,314.1413825141689,329.79513146892134
37051000CC2,NC,051,CC2,2408,82,1003,1105,179,13,1,2,23,1778,49,819,770,121,7,1,1,10,9815,22920,90572,00011,18,41,3,10,197.08658366626403,206.90746074514539
37051000CC3,NC,051,CC3,3585,313,959,2112,27,62,7,6,99,2476,209,752,1372,24,50,7,1,61,9815,22920,92892,00011,17,41,4,5,274.45803214717085,288.1343491591564
37051000CC4,NC,051,CC4,1521,63,1193,192,19,19,0,6,29,1266,46,1011,164,14,14,0,0,17,9815,22920,90832,00011,18,24,3,11,140.3327418006132,147.32555978816313
37051000CC5,NC,051,CC5,3583,116,711,2638,27,22,1,9,59,2509,76,629,1741,20,13,1,3,26,9815,22920,90832,00011,17,41,4,5,278.1159946111679,291.9745888692744
37051000CC6,NC,051,CC6,1879,91,1402,287,21,26,1,3,48,1468,60,1141,196,16,23,1,2,29,9815,22920,90832,00011,18,41,4,11,162.72390597417078,170.83248165009755
37051000CC7,NC,051,CC7,1656,73,1396,133,18,13,4,1,18,1307,42,1122,101,15,11,1,1,14,9815,22920,90832,00011,18,24,3,11,144.87748304376103,152.096766700734
37051000CC8,NC,051,CC8,1714,19,1346,315,7,8,0,2,17,1331,14,1058,238,7,6,0,1,7,9815,22920,90832,00011,18,24,3,11,147.5378193812134,154.88966830809252
37051000CC9,NC,051,CC9,7104,498,3323,2984,28,95,11,14,151,5398,348,2656,2195,23,79,7,4,86,9815,22920,90832,00011,17,24,4,5,598.3539812319985,628.170119855059
37051000CU1,NC,051,CU1,8101,544,4443,2529,85,204,15,15,266,5357,306,3111,1610,56,153,9,4,108,9815,32640,92724,00011,75,24,3,11,593.8092399888507,623.3989129424881
37051000CU2,NC,051,CU2,3478,258,2198,782,51,84,16,7,82,2487,158,1688,482,33,74,9,2,41,9815,22920,92724,00011,75,24,3,11,275.6773529685032,289.41442906252905
37051000CU3,NC,051,CU3,3644,203,2204,970,79,56,10,12,110,2549,139,1632,622,62,46,8,2,38,9815,32640,92724,00011,75,24,3,11,282.54988850692183,296.62942488153857
37051000HM1,NC,051,HM1,9263,597,6323,1762,197,111,14,24,235,6188,345,4431,1077,137,92,10,7,89,9815,32640,92724,00011,75,24,3,11,685.9233856731395,720.1031310972777
37051000HM2,NC,051,HM2,8091,346,5414,1775,363,37,2,7,147,5542,191,3813,1185,259,25,2,2,65,9815,32640,92724,00011,75,30,3,10,614.3159992567129,644.9275294992103
37051000HM3,NC,051,HM3,1854,98,1548,152,15,15,9,3,14,1370,68,1156,101,12,13,8,3,9,9815,32640,92724,00011,75,24,3,11,151.86086592957352,159.42813342005016
37051000MR2,NC,051,MR2,4863,530,1989,1825,61,238,27,16,177,3445,347,1486,1249,38,209,21,6,89,9815,22920,92892,00011,18,41,4,11,381.8691117718109,400.89775155625756
37051000PM2,NC,051,PM2,8041,508,4510,2456,281,78,24,15,169,5458,300,3317,1469,213,59,16,6,78,9815,22920,92460,00011,18,24,3,11,605.0048220756295,635.1523738734554
37051000PM3,NC,051,PM3,2583,98,1689,639,94,19,1,2,41,1956,64,1351,432,65,16,0,1,27,9815,22920,92460,00011,18,24,3,10,216.81741150236923,227.62148099972126
37051000PM4,NC,051,PM4,3104,138,1850,852,133,31,3,10,87,2217,85,1430,527,98,26,3,5,43,9815,22920,92460,00011,75,24,3,11,245.7485691721639,257.9942859797454
3705100AL51,NC,051,AL51,5067,113,3747,934,188,21,4,3,57,3623,70,2731,646,128,18,2,0,28,9815,NA,91296,00011,16,24,3,10,401.59993960791604,421.61177181083343
3705100AR49,NC,051,AR49,4256,381,1806,1763,46,126,13,19,102,2842,223,1308,1131,26,97,9,2,46,9815,NA,92892,00011,18,24,4,11,315.0281612933197,330.7260986713742
3705100AU50,NC,051,AU50,7402,594,3278,2983,65,155,38,13,276,5002,351,2388,1947,48,127,22,4,115,9815,22920,92892,00011,18,24,4,11,554.4584316640342,582.0872433336431
3705100BD52,NC,051,BD52,1750,41,1343,318,23,13,0,1,11,1340,30,1046,235,13,7,0,0,9,9815,NA,90192,00011,96,30,3,10,180,181
3705100BR54,NC,051,BR54,2343,39,1716,515,36,12,1,1,23,1761,26,1301,388,27,7,1,1,10,9635,22620,90288,00011,18,24,3,10,248,320
3705100BW55,NC,051,BW55,3421,202,1643,1388,28,57,6,13,84,2491,134,1304,933,23,51,4,6,36,9815,22920,92892,00011,18,24,4,11,276.12074235807864,289.8799126637555
3705100CC10,NC,051,CC10,1984,121,868,909,11,36,0,16,23,1413,87,681,591,8,25,0,8,13,9815,22920,90832,00011,75,24,3,11,156.62730186750906,164.43208213323425
3705100CC11,NC,051,CC11,2193,104,1261,666,112,10,1,3,36,1716,71,1073,456,88,8,1,0,19,9815,22920,90832,00011,18,24,3,10,190.21404812784542,199.69246492613587
3705100CC12,NC,051,CC12,1979,36,1857,43,8,21,0,1,13,1487,29,1399,28,8,17,0,1,5,9815,22920,90832,00011,18,24,3,11,164.8300055746539,173.04352875592306
3705100CC13,NC,051,CC13,3430,32,287,3060,16,8,2,1,24,2907,21,273,2576,13,8,2,1,13,9815,22920,90832,00011,17,41,4,5,322.2332388739199,338.2902071913035
3705100CC14,NC,051,CC14,4233,398,2877,570,41,209,14,10,114,3233,297,2221,453,24,158,9,6,65,9815,22920,90832,00011,18,24,3,11,358.36947412431476,376.2271206912571
3705100CC15,NC,051,CC15,3841,122,2792,729,29,87,6,2,74,3018,85,2303,498,23,67,3,2,37,9815,22920,90832,00011,18,24,3,10,334.5372944346372,351.2073771253368
3705100CC16,NC,051,CC16,2628,16,50,2535,3,4,0,1,19,2081,8,37,2017,3,4,0,1,11,9815,22920,90832,00011,17,41,4,5,230.6733299266004,242.167843538047
3705100CC17,NC,051,CC17,4210,108,720,3224,17,57,3,12,69,3013,78,594,2239,15,46,3,9,29,9815,22920,90832,00011,17,41,4,5,333.98305769766796,350.62552262380376
3705100CC18,NC,051,CC18,2198,45,1656,379,8,49,1,26,34,1768,34,1388,276,6,39,0,6,19,9815,22920,90832,00011,18,24,3,11,195.97811019232557,205.74375174207935
3705100CC19,NC,051,CC19,2043,24,78,1899,10,1,2,0,29,1349,10,65,1258,5,1,2,0,8,9815,22920,90832,00011,17,41,4,5,149.5330716343027,156.98434451361146
3705100CC20,NC,051,CC20,2240,108,1636,350,68,23,3,1,51,1725,61,1348,216,49,21,3,0,27,9815,22920,90832,00011,75,24,3,11,191.21167425439006,200.7398030288953
3705100CC21,NC,051,CC21,5449,321,2410,2388,41,112,8,10,159,4105,215,2009,1667,32,96,8,5,73,9815,22920,90832,00011,18,24,4,5,455.0283610517514,477.70254575861753
3705100CC22,NC,051,CC22,6011,270,3388,2048,44,103,11,26,121,4678,192,2847,1437,39,83,7,7,66,9815,22920,90832,00011,18,24,3,5,518.543891108427,544.3830716343027
3705100CC23,NC,051,CC23,7253,416,4641,1783,47,175,13,20,158,5285,269,3558,1195,33,144,8,4,74,9815,22920,90832,00011,18,24,3,10,585.8282309764935,615.0202081204126
3705100CC24,NC,051,CC24,1758,143,1077,411,16,63,6,5,37,1353,90,904,265,13,53,5,2,21,9815,22920,92892,00011,17,41,3,11,149.9764610238781,157.44982811483786
3705100CC25,NC,051,CC25,2726,241,1373,895,15,103,12,14,73,1956,158,1050,595,12,88,12,5,36,9815,22920,92892,00011,18,41,4,11,216.81741150236923,227.62148099972126
3705100CC26,NC,051,CC26,5658,412,2354,2400,51,270,29,14,128,4316,285,1948,1730,33,227,19,6,68,9815,22920,92892,00011,17,41,4,5,478.4171513518536,502.25680572331134
3705100CC27,NC,051,CC27,8176,926,3494,3122,67,230,21,36,280,5868,621,2810,2027,52,195,15,14,134,9815,22920,92892,00011,18,41,4,11,650.4522345071076,682.8644429991638
3705100CC28,NC,051,CC28,5356,213,1104,3695,30,124,16,15,159,3642,128,803,2511,22,91,9,7,71,9815,22920,92892,00011,18,41,4,11,403.7060392083991,423.8228189166589
3705100CC29,NC,051,CC29,4891,418,2137,2074,45,94,10,25,88,3585,284,1709,1409,31,86,4,8,54,9815,22920,92892,00011,18,24,3,11,397.3877404069497,417.1896775991824
3705100CC30,NC,051,CC30,2584,176,1645,593,43,43,9,3,72,1955,137,1330,385,34,34,6,1,28,9815,22920,92460,00011,75,24,3,11,216.70656415497538,227.50511009941465
3705100CC31,NC,051,CC31,3893,343,2336,951,79,54,6,9,115,2803,211,1794,628,49,47,5,5,64,9815,22920,92892,00011,75,24,3,11,310.7051147449596,326.1876335594165
3705100CC32,NC,051,CC32,2258,148,530,1352,7,98,11,21,91,1604,98,411,946,7,81,10,11,40,9815,22920,92892,00011,17,41,4,5,177.79914521973427,186.65892409179597
3705100CC33,NC,051,CC33,3919,259,1825,1487,33,154,13,9,139,2920,170,1465,1054,22,126,11,3,69,9815,22920,92892,00011,17,41,4,5,323.67425439003995,339.8030288952894
3705100CC34,NC,051,CC34,2910,125,2001,486,20,175,7,9,87,2118,85,1498,341,15,128,5,3,43,9815,22920,90832,00011,18,24,3,11,234.77468178017284,246.47356684939146
3705100CC56,NC,051,CC56,3028,64,1771,1035,112,2,0,1,43,2126,31,1298,697,77,1,0,1,21,9815,NA,90572,00011,16,24,3,10,235.6614605593236,247.40453405184425
3705100CL57,NC,051,CL57,8717,882,3652,3532,49,231,35,26,310,5499,495,2413,2219,32,186,26,6,122,9815,NA,92892,00011,18,41,4,5,609.5495633187772,639.9235807860262
3705100EO61,NC,051,EO61,6023,147,4213,1476,107,12,4,4,60,4659,95,3317,1124,77,11,4,2,29,9815,19740,90968,00011,18,41,3,10,516.4377915079439,542.1720245284772
3705100JV64,NC,051,JV64,4726,97,3155,1179,161,43,7,6,78,3510,58,2446,817,115,32,5,1,36,9815,69740,90968,00011,75,24,3,10,389.07418935241105,408.46186007618695
3705100LI65,NC,051,LI65,4029,134,3110,668,27,32,2,5,51,2877,75,2277,455,21,26,2,0,21,9815,38360,90532,00011,18,24,3,10,318.90781845210444,334.79908018210534
3705100LO66,NC,051,LO66,4300,196,2782,1138,35,59,1,17,72,2958,120,1936,786,27,48,1,6,34,9815,22920,90532,00011,18,24,3,10,327.8864535910062,344.22512310694043
3705100LR63,NC,051,LR63,5029,565,1424,2703,38,124,22,16,137,3157,314,967,1676,26,102,16,4,52,9815,NA,92892,00011,18,41,4,11,349.9450757223822,367.382932267955
3705100MA67,NC,051,MA67,34547,5020,18595,8499,334,654,276,99,1070,25491,3433,14461,5981,258,554,196,47,561,9815,24260,91964,00011,17,24,4,5,2825.6097324166126,2966.4106197156925
3705100MB62,NC,051,MB62,2730,275,1165,1141,22,38,0,5,84,1772,149,814,728,15,32,0,2,32,9815,22920,92892,00011,18,41,4,11,196.42149958190097,206.20923534330578
3705100SH77,NC,051,SH77,2799,98,1860,700,96,3,2,1,39,1958,59,1332,482,59,3,1,0,22,9815,NA,91296,00011,75,24,3,10,217.03910619715694,227.8542228003345
3705100SL78,NC,051,SL78,8098,963,2391,4053,60,286,29,22,294,5645,641,1867,2688,45,243,23,9,129,9815,64180,91964,00011,17,41,4,5,625.7332760382792,656.9137322307906
3705100SP80,NC,051,SP80,6628,262,5231,753,167,70,7,11,127,4688,150,3799,486,126,60,6,2,59,9815,32640,92724,00011,75,24,3,10,519.6523645823655,545.5467806373688
3705100ST79,NC,051,ST79,5081,114,4125,658,90,12,11,7,64,3796,71,3110,490,75,12,8,3,27,9815,64840,90572,00011,75,24,3,10,420.77653070705196,441.7439375638763
3705100WA81,NC,051,WA81,1315,38,1063,171,22,7,3,1,10,995,23,814,130,16,6,1,0,5,9815,70340,90968,00011,18,24,3,10,110.29311065688005,115.78904580507293
3705100WE82,NC,051,WE82,7663,515,2652,4081,72,116,23,19,185,5337,333,2133,2616,54,93,16,8,84,9815,22920,90532,00011,17,41,4,5,591.5922930409737,621.071494936356
370530000CB,NC,053,CB,153,1,150,0,1,0,0,0,1,133,1,130,0,1,0,0,0,1,NA,NA,91188,01080,1,1,9,6,15.615109749872383,19.136995916283816
370530000CH,NC,053,CH,3320,56,3054,167,8,6,1,1,27,2380,39,2201,116,6,5,1,0,12,NA,NA,90816,01080,1,1,9,6,279.42827973455843,342.451505870342
370530000CI,NC,053,CI,278,3,267,0,2,0,0,0,6,225,3,215,0,2,0,0,0,5,NA,NA,92552,01080,1,1,9,6,26.416539050535988,32.374617151607964
370530000CJ,NC,053,CJ,1258,55,945,225,12,6,2,1,12,964,43,736,162,10,4,2,1,6,NA,NA,90816,01080,1,1,9,6,113.18019397651862,138.70724859622257
370530000GW,NC,053,GW,435,5,422,1,0,2,0,0,5,321,4,311,1,0,2,0,0,3,NA,NA,92176,01080,1,1,9,6,37.68759571209801,46.187787136294034
370530000IR,NC,053,IR,1084,9,873,178,4,5,2,7,6,836,5,684,132,3,5,1,2,4,NA,NA,90816,01080,1,1,9,6,98.15211842776927,120.28968861664114
370530000KI,NC,053,KI,1390,14,1361,0,3,6,0,0,6,1026,5,1012,0,3,3,0,0,3,NA,NA,91188,01080,1,1,9,6,120.45941807044409,147.6282542113323
370530000MY,NC,053,MY,4212,62,3746,317,19,22,1,4,41,2997,46,2657,240,14,21,1,1,17,NA,NA,92176,01080,1,1,9,6,351.86830015313933,431.22990045941805
370530000PB,NC,053,PB,3624,30,3225,285,22,16,0,12,34,2786,17,2502,219,15,10,0,3,20,NA,NA,92552,01080,1,1,9,6,327.0954568657478,400.8697039305768
370530000PP,NC,053,PP,1941,23,1764,133,3,3,0,1,14,1475,15,1353,92,3,3,0,0,9,NA,NA,92552,01080,1,1,9,6,173.17508933129147,212.23360132720777
370530000WH,NC,053,WH,495,3,480,8,0,2,0,0,2,440,3,429,4,0,2,0,0,2,NA,NA,92552,01080,1,1,9,6,51.65900969882593,63.31036242981113
370550000EL,NC,055,EL,147,4,143,0,0,0,0,0,0,108,2,106,0,0,0,0,0,0,NA,NA,90964,01110,86,1,9,6,12.984953649788046,21.914939209018495
370550000FR,NC,055,FR,845,7,830,0,2,0,2,0,4,686,6,673,0,2,0,1,0,4,NA,NA,91424,01110,86,1,9,6,82.47850188661667,139.20044719802488
370550000KH,NC,055,KH,2991,28,2916,19,7,8,0,0,13,2347,21,2295,14,7,6,0,0,4,NA,36060,90096,01110,86,1,9,6,282.1822797782643,476.2440955885778
370550000MH,NC,055,MH,837,56,763,7,2,0,0,0,9,624,30,580,6,1,0,0,0,7,NA,NA,90824,01110,86,1,9,6,75.02417664321983,126.61964876321797
370550000NH,NC,055,NH,2718,39,2609,36,4,12,0,0,18,2199,27,2122,27,3,8,0,0,12,NA,45880,92196,01110,86,1,9,6,264.3880840359622,446.21251222807103
37055000BUX,NC,055,BUX,1163,18,1134,4,0,1,0,0,6,920,14,897,4,0,1,0,0,4,NA,NA,91424,01110,86,1,9,6,110.6125681278241,186.6828154842316
37055000COL,NC,055,COL,3414,71,3257,17,10,15,0,3,41,2597,42,2499,13,10,13,0,0,20,NA,35720,90096,01110,86,1,9,6,312.2400428564774,526.9731215353798
37055000HAT,NC,055,HAT,634,2,628,0,0,0,0,0,4,505,1,501,0,0,0,0,0,3,NA,NA,91424,01110,86,1,9,6,60.71668141799041,102.47263241254018
37055000KDH,NC,055,KDH,5897,174,5577,36,8,35,6,2,59,4664,115,4439,28,8,29,6,2,37,NA,35720,90096,01110,86,1,9,6,560.7576279871431,946.4007080635395
37055000MTO,NC,055,MTO,4145,165,3329,552,16,7,1,5,70,3101,120,2528,401,10,5,1,0,36,NA,41060,92196,01110,86,1,9,6,372.8364932221549,629.2428378441329
37055000WAN,NC,055,WAN,1527,28,1477,5,9,2,0,1,5,1169,20,1132,3,6,2,0,1,5,NA,70920,92196,01110,86,1,9,6,140.55010015372432,237.20892532724648
3705500AVON,NC,055,AVON,792,4,774,1,2,8,0,0,3,662,4,645,1,2,7,0,0,3,NA,NA,91702,01110,86,1,9,6,79.59295663110821,134.33046070713186
3705500DUCK,NC,055,DUCK,448,8,430,5,4,0,0,0,1,403,4,393,3,2,0,0,0,1,NA,63130,90096,01110,86,1,9,6,48.45311408207947,81.77518982624494
3705500STPT,NC,055,STPT,198,0,198,0,0,0,0,0,0,163,0,163,0,0,0,0,0,0,NA,NA,90824,01110,86,1,9,6,19.597661526994923,33.07532491731495
370550CHICA,NC,055,CHICA,567,0,535,2,2,16,0,0,12,475,0,459,2,2,6,0,0,6,NA,NA,91702,01110,86,1,9,6,57.109749848604835,96.38514929892393
370550SOSHS,NC,055,SOSHS,2592,35,2529,3,4,5,2,3,11,2089,18,2053,2,4,2,2,1,7,NA,63130,90096,01110,86,1,9,6,245.26288922919855,300.5803343542624
37055MTOINC,NC,055,MTOINC,1052,27,899,106,6,1,0,0,13,844,23,738,70,5,1,0,0,7,NA,41060,92196,01110,86,1,9,6,101.47500815204732,171.26119159640376
37055ZZZZZZ,NC,055,ZZZZZZ,0,0,0,0,0,0,0,0,0,0,0,0,0,0,0,0,0,0,NA,45880,92196,01110,86,1,9,6,0,0
37057000002,NC,057,02,4106,91,3704,204,15,33,0,7,52,3144,68,2854,154,10,25,0,1,32,NA,31400,90008,01140,27,19,8,2,184.45703726516786,880.1650754542655
37057000004,NC,057,04,5119,79,4813,151,21,20,0,1,34,3754,42,3555,105,14,17,0,1,20,NA,71760,90076,01140,74,38,8,2,298.375187457396,806.5854124062713
37057000006,NC,057,06,4483,57,4253,108,12,18,1,0,34,3342,30,3183,87,8,17,1,0,16,NA,38060,90328,01140,37,23,8,2,464.6074606920474,788.2505757584373
37057000008,NC,057,08,1368,23,1267,51,11,8,0,2,6,1099,19,1028,35,6,6,0,0,5,NA,38060,90756,01140,37,23,2,2,152.78384180148416,259.21226294390266
37057000010,NC,057,10,3477,81,3027,236,15,87,0,0,31,2662,46,2365,165,12,58,0,0,16,NA,38060,90780,01140,37,23,2,9,370.07332745728013,627.8644621989707
37057000012,NC,057,12,1446,29,1400,9,0,1,0,0,7,1072,18,1047,2,0,1,0,0,4,NA,16980,91028,01140,94,38,2,9,90.3896103896104,309.1948051948052
37057000014,NC,057,14,2658,34,2596,0,8,6,0,2,12,2001,25,1953,0,7,6,0,0,10,NA,16980,91028,01140,94,38,2,9,168.72165148284552,577.144407830975
37057000016,NC,057,16,4331,48,4200,53,7,5,0,0,18,3235,28,3154,36,7,5,0,0,5,NA,NA,92064,01140,74,38,8,2,364.364128885087,1104.6228970630168
37057000018,NC,057,18,2492,17,2435,10,14,1,0,0,15,1933,10,1893,7,10,1,0,0,12,NA,16980,91440,01140,94,38,2,9,268.72717579824285,455.9211139859543
37057000020,NC,057,20,3666,22,3586,24,9,3,0,0,22,2780,12,2733,12,6,2,0,0,15,NA,38060,90756,01140,94,38,2,9,386.47777998919565,655.6961701401723
37057000022,NC,057,22,1957,56,1701,158,6,4,0,7,25,1524,39,1360,98,5,4,0,3,15,NA,38060,91796,02640,37,23,2,9,211.86767507321372,359.4535839185693
37057000024,NC,057,24,2196,65,1929,57,16,94,0,6,29,1663,39,1488,41,8,65,0,1,21,NA,38060,91796,02640,37,23,2,9,231.19156407267351,392.2383924255779
37057000026,NC,057,26,929,11,875,13,1,19,0,1,9,741,8,709,8,1,10,0,0,5,NA,38060,91796,02640,74,38,8,9,103.01440106906257,174.77369139347758
37057000028,NC,057,28,3338,32,3183,75,11,19,1,0,17,2617,25,2509,54,9,12,1,0,7,NA,38060,91796,01140,37,23,8,2,363.81739216968526,617.2506752722413
37057000030,NC,057,30,3776,399,1026,2237,8,46,0,11,49,2733,258,844,1562,8,30,0,2,29,NA,38060,91796,02640,37,23,2,2,379.9438031332632,644.6106593500326
37057000032,NC,057,32,2979,516,1791,559,12,41,0,4,56,2193,318,1434,375,12,31,0,2,21,NA,38060,91796,02640,37,23,8,2,304.87257968212447,517.2452162292798
37057000034,NC,057,34,3567,330,2325,458,10,299,1,18,126,2729,211,1950,303,10,182,0,8,65,NA,38060,91796,02640,37,23,8,2,379.3877199965881,643.6672116232123
37057000036,NC,057,36,2548,208,1756,472,5,64,0,18,25,1964,146,1426,319,5,49,0,7,12,NA,38060,91796,02640,37,23,8,2,273.0368201074749,463.23283386881235
37057000038,NC,057,38,3432,550,1099,1723,8,30,1,4,17,2498,349,898,1220,7,12,1,2,9,NA,38060,91796,02640,37,23,8,2,347.273918853601,589.1831053993346
37057000040,NC,057,40,3028,112,2377,460,9,21,0,0,49,2453,73,1996,337,6,15,0,0,26,NA,38060,91796,02640,37,23,2,2,341.01798356600614,578.5693184726053
37057000042,NC,057,42,3866,31,3789,19,10,2,0,0,15,2864,18,2807,17,9,2,0,0,11,NA,NA,90756,01140,94,38,2,9,398.1555258593728,675.5085724034005
37057000044,NC,057,44,4858,41,4220,571,8,9,0,1,8,3779,30,3281,450,7,7,0,0,4,NA,NA,92064,01140,74,38,8,9,425.635871114913,1290.3771029369832
37057000046,NC,057,46,3105,13,2947,113,7,8,0,3,14,2319,8,2206,87,4,4,0,1,9,NA,71760,91796,01140,74,38,2,9,322.3891984873902,546.9638196241222
37057000048,NC,057,48,3541,46,3333,112,10,15,0,0,25,2739,34,2586,86,8,9,0,0,16,NA,NA,93796,01140,74,38,8,2,313.99307783217967,709.3746412291068
37057000050,NC,057,50,4659,48,4525,37,11,13,0,4,21,3465,34,3373,28,10,8,0,2,10,NA,71760,92644,01140,74,38,8,2,204,760
37057000052,NC,057,52,5917,47,5757,34,10,40,0,0,29,4425,28,4320,27,9,26,0,0,15,NA,38060,92956,01140,37,23,2,9,462,925
37057000054,NC,057,54,2767,10,2735,3,6,3,0,0,10,2086,4,2066,3,4,3,0,0,6,NA,NA,91028,01140,94,38,2,9,175.8887381275441,601.6607869742198
37057000056,NC,057,56,1684,7,1667,2,3,1,0,0,4,1311,5,1299,2,3,1,0,0,1,NA,NA,90032,01140,94,38,2,9,40,118
37057000058,NC,057,58,3842,42,3565,196,23,9,0,0,7,2951,30,2739,155,18,5,0,0,4,NA,NA,90780,01140,37,23,2,9,410.25033408205627,696.0285604617441
37057000060,NC,057,60,6366,300,5200,720,38,56,0,2,50,4678,198,3891,497,25,43,0,1,23,NA,67420,93232,01140,94,38,8,9,650.3392283415315,1103.3621165164482
37057000062,NC,057,62,3198,355,1557,1207,11,9,0,14,45,2371,231,1285,821,9,9,0,2,14,NA,67420,93232,04500,37,38,8,2,329.6182792641665,559.2286400727872
37057000064,NC,057,64,3251,164,1166,1866,7,15,0,5,28,2396,104,934,1334,3,12,0,0,9,NA,67420,93232,04500,37,38,8,2,333.09379886838593,565.1251883654147
37057000066,NC,057,66,3419,273,2701,355,21,27,0,3,39,2528,172,2075,226,15,17,0,0,23,NA,67420,93232,04500,94,38,2,9,351.4445423786642,596.2589633504876
37057000068,NC,057,68,3648,303,2673,572,5,56,0,9,30,2827,189,2201,378,5,38,0,1,15,NA,67420,93232,04500,94,38,2,9,393.0117568451281,666.781680930312
37057000070,NC,057,70,2880,82,2676,75,14,13,0,0,20,2248,52,2106,55,10,12,0,0,13,NA,67420,93232,04500,37,38,2,9,312.5187228114071,530.2176224730601
37057000072,NC,057,72,2771,27,2702,15,6,4,0,0,17,2180,20,2130,10,6,3,0,0,11,NA,67420,93232,01140,27,19,8,2,303.0653094879304,514.1790111171135
37057000074,NC,057,74,5715,23,5581,52,17,10,0,3,29,4478,13,4394,33,14,7,0,0,17,NA,67420,93232,01140,94,38,2,9,622.5350715077763,1056.1897301754286
37057000076,NC,057,76,3992,28,3851,75,6,10,0,3,19,3025,20,2928,54,5,6,0,0,12,NA,67420,93232,01140,94,38,2,9,420.53787211054566,713.4823434079213
37057000078,NC,057,78,4328,35,4118,111,22,12,0,0,30,3184,22,3032,92,18,7,0,0,13,NA,38060,93796,01140,37,23,8,2,365.00692216782033,824.6253587708932
37057000080,NC,057,80,4435,25,4366,6,17,7,1,2,11,3350,15,3307,5,10,6,1,0,6,NA,NA,90008,01140,27,19,8,2,196.54296273483217,937.8349245457346
37057000082,NC,057,82,3290,39,3161,17,4,43,0,0,26,2546,25,2464,12,4,24,0,0,17,NA,71760,91796,01140,74,38,2,9,353.94691649370225,600.5044781211794
37057000084,NC,057,84,4818,66,4525,173,12,7,0,7,28,3581,40,3385,119,9,7,0,3,18,NA,75000,90076,01140,74,38,8,2,284.624812542604,769.4145875937287
370590000SG,NC,059,SG,3243,47,3013,140,1,15,3,5,19,2458,30,2302,105,1,12,0,3,5,NA,NA,91080,01170,74,38,1,8,301.3332827899924,687.2709628506444
370590000SM,NC,059,SM,3054,115,2640,264,6,8,2,1,18,2381,79,2073,209,3,8,0,1,8,NA,43720,92100,01170,74,38,1,8,291.89363153904475,665.7413191811979
37059000ESG,NC,059,ESG,2183,54,2061,43,5,2,0,0,18,1614,36,1532,30,3,1,0,0,12,NA,NA,92896,01170,74,38,1,8,197.86489764973464,451.283699772555
37059000FUL,NC,059,FUL,1992,27,1822,133,4,1,0,0,5,1528,24,1400,96,4,1,0,0,3,NA,NA,91192,01170,74,38,1,8,187.3219105382866,427.2376042456407
37059000JER,NC,059,JER,2523,62,2185,245,7,4,0,2,18,1880,37,1646,183,5,2,0,1,6,NA,NA,91660,01170,74,38,1,8,230.47460197119028,525.6588324488249
37059000WSG,NC,059,WSG,2145,17,2065,48,7,4,0,0,4,1567,14,1512,33,4,2,0,0,2,NA,NA,92896,01170,74,38,1,8,192.1030326004549,438.14222896133435
3705900COOL,NC,059,COOL,3303,94,2878,278,7,9,0,2,35,2454,58,2168,200,4,7,0,0,17,NA,14460,91660,01170,74,38,1,8,300.8429112964367,686.1525398028809
3705900FARM,NC,059,FARM,3026,55,2839,100,7,8,0,0,17,2276,32,2146,81,4,6,0,0,7,NA,NA,91080,01170,74,38,1,8,279.02137983320694,636.3827141774071
3705900NCAL,NC,059,NCAL,1419,30,1204,175,4,0,0,0,6,1121,16,965,132,4,0,0,0,4,NA,43720,90472,01170,74,38,1,8,137.42661106899166,313.43805913570884
3705900NMCO,NC,059,NMCO,2400,168,2079,108,6,19,1,1,18,1806,122,1577,82,4,12,1,0,8,NA,43720,92100,01170,74,38,1,8,221.40272934040942,504.96800606520094
3705900SCAL,NC,059,SCAL,1476,15,1361,86,5,1,0,0,8,1054,11,968,65,5,0,0,0,5,NA,NA,90472,01170,74,38,1,8,129.21288855193328,294.704473085671
370590HILLS,NC,059,HILLS,2304,41,2209,28,2,12,0,0,12,1922,22,1852,28,2,10,0,0,8,NA,05135,91080,01170,74,38,1,8,235.6235026535254,537.4022744503412
370590NMCTY,NC,059,NMCTY,2520,271,1587,592,4,21,0,4,41,1896,196,1240,425,4,15,0,0,16,NA,43720,92100,01170,74,38,1,8,232.4360879454132,530.1325246398787
37059CLARKS,NC,059,CLARKS,3247,213,2889,103,11,4,0,2,25,2423,134,2184,77,9,4,0,2,13,NA,NA,90668,01170,74,38,1,8,297.0425322213799,677.4847611827142
3706100ALBE,NC,061,ALBE,2517,960,1375,159,5,6,7,0,5,1776,606,1039,118,4,4,5,0,0,NA,NA,90020,01200,10,5,3,6,350.0550812265373,277.4834058669147
3706100BEUL,NC,061,BEUL,4010,278,3345,370,3,2,0,0,12,3064,179,2631,242,3,2,0,0,7,9635,05660,91820,01200,10,5,3,6,603.9238563502873,478.72137138301053
3706100CALY,NC,061,CALY,1373,177,936,241,2,3,0,0,14,1050,115,747,179,2,3,0,0,4,9635,09760,91060,01200,10,5,3,6,128.24427480916032,173.94835146987168
3706100CCRK,NC,061,CCRK,1820,46,1507,256,1,4,1,0,5,1349,23,1140,179,1,1,1,0,4,9635,NA,90864,01200,10,5,3,10,265.89206338659847,210.76864555994817
3706100CFRK,NC,061,CFRK,993,58,908,9,1,2,0,0,15,761,43,701,7,1,1,0,0,8,9635,NA,91820,01200,10,5,3,6,149.99544865619083,118.89913956346966
3706100CHAR,NC,061,CHAR,1924,372,604,939,3,4,0,0,2,1360,251,467,635,3,4,0,0,0,NA,27780,91600,01200,10,5,3,10,268.0601973356367,212.48729278097073
3706100CHIN,NC,061,CHIN,1245,48,938,251,5,0,0,0,3,966,29,740,192,3,0,0,0,2,9635,NA,90864,01200,10,5,3,6,190.40158134281256,150.92847413707187
3706100FAIS,NC,061,FAIS,2573,433,1201,917,7,1,0,1,13,1902,278,943,665,4,1,0,1,10,9635,22560,91060,01200,10,5,3,10,232.3053435114504,315.09501380542474
3706100GLIS,NC,061,GLIS,1165,146,904,103,2,0,0,0,10,856,103,670,76,1,0,0,0,6,NA,NA,91240,01200,10,5,3,6,104.54961832061068,141.8093227221049
3706100HALL,NC,061,HALL,1928,156,1125,623,3,2,0,4,15,1372,104,843,417,2,1,0,1,4,9635,NA,91820,01200,10,5,3,10,270.4254343709511,214.3621806584499
3706100KENA,NC,061,KENA,4862,259,2373,2181,10,8,0,1,30,3723,164,1836,1690,9,7,0,1,16,9635,35460,91688,01200,97,5,3,10,733.8147902063055,581.6839639879074
3706100LOCK,NC,061,LOCK,638,39,500,95,1,0,0,0,3,486,20,392,70,1,0,0,0,3,9635,NA,91600,01200,10,5,3,10,95.79209993023488,75.93295903790572
3706100MAGN,NC,061,MAGN,3027,971,974,1043,13,3,0,1,22,2093,603,748,719,7,2,0,0,14,9635,40640,91960,01200,97,5,3,10,412.53675957609386,327.0116939636557
3706100ROCK,NC,061,ROCK,1365,104,702,552,2,1,0,0,4,998,66,539,386,2,1,0,0,4,9635,29680,92728,01200,97,5,3,10,196.708880103651,155.92817514368292
3706100ROSE,NC,061,ROSE,2803,436,1438,911,9,7,0,0,2,2122,298,1132,677,6,7,0,0,2,9635,57860,92752,01200,10,5,3,10,418.25274907810376,331.542673000897
3706100SMCA,NC,061,SMCA,1784,164,1344,255,7,1,0,1,12,1317,124,998,182,4,1,0,1,7,NA,52400,92972,01200,10,5,3,10,259.58476462575993,205.7689445533371
3706100WALL,NC,061,WALL,6170,858,3033,2235,4,12,0,1,27,4640,605,2473,1529,3,9,0,0,21,9635,70720,91600,01200,10,5,3,10,914.5583203215839,724.9566459586059
3706100WARS,NC,061,WARS,5582,677,2048,2804,7,14,12,4,16,4074,417,1690,1926,5,11,8,2,15,9635,71160,93900,01200,97,5,3,10,802.9979734892529,636.5244344041727
3706100WOLF,NC,061,WOLF,3284,1244,1839,172,5,3,0,2,19,2349,832,1374,129,3,3,0,2,6,9635,NA,94092,01200,10,5,3,6,286.9007633587786,389.14731200259865
37063000001,NC,063,1,2387,718,949,676,10,9,0,0,25,1898,553,816,494,7,9,0,0,19,NA,19000,90932,01260,23,13,10,7,327.24752277753987,288.8650595765402
37063000002,NC,063,2,4667,536,2236,1510,8,271,2,15,89,4047,438,2118,1144,7,255,2,7,76,NA,19000,90932,01260,23,13,10,7,697.7717200635952,615.9309252403888
37063000003,NC,063,3,1864,128,1428,217,4,29,1,9,48,1547,93,1219,164,4,27,1,5,34,NA,19000,90932,01260,23,13,10,7,266.7291452775838,235.4448088329334
37063000004,NC,063,4,1856,49,1517,237,2,31,0,3,17,1542,29,1256,221,2,21,0,2,11,NA,19000,90932,01260,23,13,10,7,265.8670601280118,234.6838366001185
37063000005,NC,063,5,10092,1483,4040,2892,28,1382,1,29,237,9035,1200,3953,2349,27,1272,1,27,206,NA,19000,90932,01260,23,13,10,7,1557.787865276645,1375.076824696544
37063000006,NC,063,6,3196,758,1193,1157,9,40,1,8,30,2538,612,1008,845,8,37,1,5,22,NA,19000,90932,01260,23,13,10,7,437.5944219227587,386.2695053768487
37063000007,NC,063,7,2267,262,1268,608,2,58,0,7,62,1952,213,1153,470,2,55,0,7,52,NA,19000,90932,01260,23,13,10,7,336.5580423929177,297.08355969094123
37063000008,NC,063,8,3060,322,659,1994,8,18,3,6,50,2329,233,586,1443,8,12,3,3,41,NA,19000,90932,01260,23,13,10,7,401.5592626706482,354.46086604518547
37063000009,NC,063,9,3296,114,1829,1281,12,24,1,4,31,2539,86,1480,922,9,21,0,1,20,NA,19000,90932,01260,23,13,10,7,437.76683895267314,386.4216998234117
37063000010,NC,063,10,2593,109,76,2363,10,1,0,3,31,1876,89,63,1703,7,1,0,0,13,NA,19000,90932,01260,23,13,10,7,323.45434811942295,285.51678175215454
37063000011,NC,063,11,3020,409,36,2541,2,0,1,1,30,2094,297,26,1750,1,0,1,0,19,NA,19000,90932,01260,23,13,10,7,361.04126064076314,318.6951711028847
37063000012,NC,063,12,1777,39,34,1677,3,4,1,0,19,1086,27,27,1018,2,2,1,0,9,NA,19000,90932,01260,23,13,10,7,187.24489448704335,165.28316896739864
37063000013,NC,063,13,2761,122,29,2576,0,1,0,0,33,1593,79,20,1474,0,1,0,0,19,NA,19000,90932,01260,23,13,10,7,274.66032865364645,242.4457533748306
37063000014,NC,063,14,4758,752,672,3274,20,1,1,0,38,3180,577,551,2015,14,1,1,0,21,NA,19000,90932,01260,23,13,10,7,548.2861551278065,483.9783400702833
37063000015,NC,063,15,3023,522,367,2072,9,2,0,2,49,2163,378,322,1425,9,2,0,1,26,NA,19000,90932,01260,23,13,10,7,372.93803570485704,329.19658791573045
37063000016,NC,063,16,2937,92,1973,618,3,204,1,2,44,2330,60,1561,513,3,168,1,0,24,NA,19000,93764,01260,23,13,10,7,401.7316797005626,354.61306049174846
37063000017,NC,063,17,5062,847,257,3885,21,3,0,15,34,3632,678,238,2677,14,3,0,9,13,NA,19000,90932,01260,23,13,10,7,626.2186526491174,552.7702299167513
37063000018,NC,063,18,5561,1694,490,3300,4,22,0,5,46,3933,1250,429,2202,4,17,0,1,30,NA,19000,90932,01260,23,13,10,7,678.1161786533531,598.5807583322089
37063000019,NC,063,19,3840,186,1334,2225,12,19,0,5,59,2830,133,1123,1515,10,18,0,3,28,NA,19000,90932,01260,23,13,10,7,487.9401946577649,430.7102837732395
37063000020,NC,063,20,3152,596,1251,1199,8,44,1,5,48,2525,482,1088,866,8,41,1,3,36,NA,19000,90932,01260,23,13,10,7,435.3530005338715,384.29097757153
37063000021,NC,063,21,2613,276,1518,708,8,32,19,4,48,2091,194,1323,491,6,30,15,2,30,NA,19000,90932,01260,23,13,10,7,360.52400955101996,318.2385877631957
37063000022,NC,063,22,6224,273,1049,4749,18,41,0,10,84,4315,167,913,3149,8,29,0,2,47,NA,19000,90932,01260,23,13,10,7,743.9794840806557,656.7190369192681
37063000023,NC,063,23,5764,181,1523,3905,8,57,7,21,62,4134,125,1251,2660,6,41,5,6,40,NA,19000,90932,01260,23,13,10,7,712.7720016661484,629.1718420913683
37063000024,NC,063,24,5008,110,3581,1144,13,66,0,3,91,4139,88,3102,825,13,57,0,3,51,NA,19000,90932,01260,23,13,10,7,713.6340868157205,629.9328143241831
37063000025,NC,063,25,3958,47,3433,382,8,44,5,9,30,3122,37,2734,282,8,35,4,5,17,NA,19000,91760,01260,23,13,10,7,538.285967392771,475.1510621696303
37063000026,NC,063,26,1780,58,1430,266,7,2,0,6,11,1378,46,1098,217,5,2,0,1,9,NA,NA,91972,01260,23,13,10,7,237.59066722204952,209.72394736378945
37063000027,NC,063,27,2344,63,1887,254,2,113,0,1,24,1971,48,1606,197,2,97,0,1,20,NA,11800,93764,01260,23,13,10,7,339.83396596129137,299.9752541756379
37063000028,NC,063,28,3817,60,3170,498,8,38,0,5,38,2855,45,2430,333,5,24,0,3,15,NA,19000,91972,01260,23,13,10,7,492.25062040562506,434.5151449373141
37063000029,NC,063,29,4757,198,3053,1449,6,8,0,6,37,3602,137,2473,955,5,8,0,2,22,NA,19000,92344,01260,92,13,10,7,621.0461417516852,548.2043965198618
37063000030,NC,063,30,9873,347,5348,3936,25,113,0,19,85,7270,233,4292,2590,22,87,0,2,44,NA,19000,92344,01260,92,13,10,7,1253.471807477721,1106.4536265128804
37063000031,NC,063,31,3689,212,2599,770,9,58,3,1,37,2829,152,2083,518,7,45,2,0,22,NA,19000,92344,01260,23,13,10,7,487.7677776278505,430.5580893266765
37063000032,NC,063,32,2022,41,1849,116,1,5,0,1,9,1652,33,1518,89,1,5,0,1,5,NA,55000,90516,01260,92,13,10,7,169,528
37063000033,NC,063,33,2478,82,1608,547,17,175,0,10,39,2094,56,1414,423,15,149,0,8,29,NA,19000,93764,01260,63,13,10,7,361.04126064076314,318.6951711028847
37063000034,NC,063,34,6863,421,1692,4214,21,405,1,15,94,5198,293,1413,3083,14,315,1,7,72,NA,19000,93764,01260,23,13,10,7,896.2237214950749,791.1067332343814
37063000035,NC,063,35,6743,160,4226,1843,33,358,1,7,115,4950,111,3205,1263,23,278,1,4,65,NA,19000,93764,01260,63,13,10,7,853.4642980763026,753.3625104867617
37063000036,NC,063,36,5306,1205,1980,1667,12,323,0,19,100,4089,869,1658,1243,6,240,0,10,63,NA,19000,93764,01260,23,13,10,7,705.0132353200003,622.3230919960341
37063000037,NC,063,37,5396,112,4503,599,7,111,0,6,58,4149,81,3516,425,7,81,0,2,37,NA,19000,90932,01260,23,13,10,7,715.3582571148645,631.454758789813
37063000038,NC,063,38,6722,882,3711,1573,18,406,1,18,113,5327,629,3087,1172,14,344,1,11,69,NA,19000,93764,01260,23,13,10,7,918.4655183540331,810.739816841006
37063000039,NC,063,39,3605,42,2795,650,3,76,0,6,33,2745,26,2141,500,3,63,0,3,9,NA,19000,93764,01260,23,13,10,7,473.2847471150405,417.77375581538604
37063000040,NC,063,40,2351,127,1285,807,3,53,0,12,64,1870,87,1109,590,3,45,0,4,32,NA,19000,90932,01260,23,13,10,7,322.4198459399365,284.6036150727767
37063000041,NC,063,41,1884,6,10,1834,6,5,0,7,16,1420,3,10,1390,2,5,0,3,7,NA,19000,93764,01260,23,13,10,7,244.83218247845446,216.11611411943466
37063000042,NC,063,42,1619,126,21,1452,2,0,0,0,18,1278,93,18,1149,2,0,0,0,16,NA,19000,93764,01260,23,13,10,7,220.34896423060903,194.5045027074912
37063000043,NC,063,43,5460,82,4716,331,7,233,1,10,80,4158,54,3631,245,6,184,1,4,33,NA,19000,93764,01260,23,13,10,7,716.9100103840942,632.82450880888
37063000044,NC,063,44,5984,62,4896,856,20,78,0,21,51,4370,37,3609,625,15,49,0,9,26,NA,19000,91760,01260,23,13,10,7,753.4624207259479,665.0897314802321
37063000045,NC,063,45,6136,95,4896,881,11,188,0,15,50,4663,55,3817,622,7,131,0,4,27,NA,19000,91760,01260,23,13,10,7,803.9806104908685,709.6827043231858
37063000046,NC,063,46,5267,276,2642,2049,12,169,3,10,106,4088,192,2226,1451,6,141,3,5,64,NA,19000,90932,01260,23,13,10,7,704.8408182900858,622.1708975494712
37063000047,NC,063,47,2671,59,90,2493,7,5,0,1,16,2019,39,77,1882,7,3,0,0,11,NA,19000,93764,01260,23,13,10,7,348.1099833971828,307.280587610661
37063000048,NC,063,48,2274,57,1462,609,3,109,0,5,29,1776,35,1173,474,3,74,0,3,14,NA,19000,93764,01260,23,13,10,7,306.2126451279825,270.29733709585634
37063000049,NC,063,49,2173,10,14,2129,4,3,0,0,13,2114,10,14,2070,4,3,0,0,13,NA,19000,90932,01260,23,13,10,7,364.48960123905124,321.7390600341443
37063000050,NC,063,50,4397,166,3120,776,4,253,0,14,64,3630,137,2600,626,4,211,0,7,45,NA,19000,90932,01260,23,13,10,7,625.8738185892886,552.4658410236253
37063000051,NC,063,51,4906,110,3351,914,6,395,0,10,120,3811,78,2674,671,6,306,0,4,72,NA,19000,93764,01260,23,13,10,7,657.0813010037958,580.013035851525
37063000052,NC,063,52,5884,895,963,3936,7,12,0,14,57,4076,702,796,2529,4,9,0,8,28,NA,19000,92344,01260,23,13,10,7,702.771813931113,620.3445641907153
37063000053,NC,063,53,5758,159,4280,819,17,374,2,8,99,5026,136,3794,691,14,313,1,5,72,NA,19000,93764,01260,23,13,10,7,866.5679923497974,764.9292884255484
37063000054,NC,063,54,6419,301,3032,2058,23,840,8,23,134,5227,226,2606,1578,17,698,3,15,84,NA,19000,93764,01260,23,13,10,7,901.2238153625926,795.5203721847079
370650001-1,NC,065,1-1,2294,29,348,1904,1,1,0,0,11,1727,17,295,1405,1,1,0,0,8,NA,66700,93300,01320,8,6,11,4,377.6847600657942,410.0436244010584
370650001-2,NC,065,1-2,4482,85,2554,1807,9,7,0,2,18,3547,59,2132,1329,9,7,0,0,11,NA,66700,93300,01320,71,6,11,4,775.7080740899663,842.1683472788385
370650001-3,NC,065,1-3,4352,458,2232,1625,3,20,0,0,14,3164,298,1779,1064,3,11,0,0,9,NA,66700,93300,01320,71,6,11,4,691.9482228420225,751.2322105413717
370650001-4,NC,065,1-4,2834,169,1733,919,0,6,0,1,6,2151,117,1385,641,0,5,0,0,3,NA,66700,93300,01320,71,6,11,4,470.4110705857112,510.7144389615962
370650002-1,NC,065,2-1,1949,44,929,971,2,0,0,1,2,1436,26,740,666,1,0,0,1,2,NA,14200,93344,01320,8,6,11,4,314.04476864764354,340.95115497389685
370650003-1,NC,065,3-1,830,25,424,378,0,0,0,0,3,593,16,304,273,0,0,0,0,0,NA,63720,93404,01320,8,6,11,4,129.68561825073303,140.7966816849031
370650004-1,NC,065,4-1,846,5,401,439,0,0,0,0,1,643,3,306,333,0,0,0,0,1,NA,63720,93424,01320,8,6,11,4,99,92
370650005-1,NC,065,5-1,1294,194,523,566,6,0,0,0,5,929,119,433,369,5,0,0,0,3,NA,37640,93484,01320,7,6,11,4,176,156
370650006-1,NC,065,6-1,1540,14,548,974,2,0,0,0,2,1163,6,429,726,2,0,0,0,0,NA,73160,93544,01320,7,6,11,4,337,143
370650007-1,NC,065,7-1,3941,87,996,2813,19,1,0,0,25,2858,48,815,1962,17,1,0,0,15,NA,57500,93588,01320,71,6,11,4,900.3773124122353,398.3646132242506
370650008-1,NC,065,8-1,2168,91,1329,736,0,3,0,0,9,1560,63,992,498,0,3,0,0,4,NA,NA,93620,01320,71,6,11,4,334.65956187092956,286.6311426879811
370650009-1,NC,065,9-1,1702,57,1278,362,0,0,0,0,5,1318,32,1032,250,0,0,0,0,4,NA,39960,93652,01320,71,10,11,4,282.74442470890074,242.16656798894812
370650010-1,NC,065,10-1,2925,43,1582,1286,2,0,0,1,11,2189,24,1242,916,2,0,0,0,5,NA,52140,93680,01320,71,6,11,4,469.59601342016975,402.20228932307083
370650011-1,NC,065,11-1,1858,23,1070,741,15,0,0,0,9,1365,13,823,517,8,0,0,0,4,NA,NA,93708,01320,71,6,11,4,298.51748551812915,324.09354215833514
370650012-1,NC,065,12-1,6370,65,536,5692,13,12,0,9,43,4321,35,484,3764,7,9,0,0,22,NA,57500,93724,03270,70,6,11,4,1361.2772452530678,602.2860369985957
370650012-2,NC,065,12-2,4319,48,241,3999,5,3,0,1,22,2817,33,201,2565,4,3,0,1,10,NA,57500,93724,03270,70,6,11,4,887.460772940961,392.6497954698089
370650012-3,NC,065,12-3,3434,18,2311,1064,5,7,1,1,27,2721,15,1876,802,4,7,1,1,15,NA,57500,93724,01320,70,10,11,4,857.2171683252946,379.26875877648206
370650012-4,NC,065,12-4,2591,11,132,2434,2,0,0,1,11,1728,7,108,1607,2,0,0,1,3,NA,57500,93724,01320,70,6,11,4,544.3848830819952,240.8586604798828
370650012-5,NC,065,12-5,2633,29,26,2564,1,2,0,0,11,1934,23,22,1878,1,1,0,0,9,NA,57500,93724,03270,70,6,11,4,609.2826179864461,269.5721350509799
370650013-1,NC,065,13-1,1854,32,1398,410,6,0,0,1,7,1349,20,1041,282,4,0,0,0,2,NA,NA,93728,01320,71,10,11,4,141,210
370650014-1,NC,065,14-1,1390,27,1247,106,1,0,0,0,9,1026,16,933,70,1,0,0,0,6,NA,61060,93744,01320,70,10,11,4,76,251
37067000011,NC,067,011,3655,67,3201,289,8,57,0,2,31,2679,42,2361,215,7,39,0,1,14,NA,75000,90012,01500,88,20,1,8,224.6358261897724,652.6141491772588
37067000012,NC,067,012,3616,109,3303,141,14,19,0,3,27,2781,69,2562,102,10,18,0,0,20,NA,31400,90012,01500,88,20,1,8,233.18859000886786,677.4617203665385
37067000013,NC,067,013,3125,26,2825,216,8,29,2,0,19,2457,11,2224,179,8,24,1,0,10,NA,75000,91696,01500,88,20,1,8,206.02098728938813,598.5341412947089
37067000014,NC,067,014,2526,26,2355,97,4,29,0,4,11,2057,22,1914,80,4,25,0,4,8,NA,35600,90012,01500,88,20,1,8,172.48073701842546,501.09268565047455
37067000015,NC,067,015,1925,32,1717,123,6,28,1,1,17,1423,17,1296,83,3,19,1,0,4,NA,35600,90012,01500,88,20,1,8,119.31944033894965,346.6479784543633
37067000021,NC,067,021,4491,71,4093,274,22,9,0,1,21,3404,51,3101,216,16,7,0,1,12,NA,65040,90216,01500,73,20,1,8,388,845
37067000031,NC,067,031,2651,30,2212,377,6,7,0,5,14,2064,15,1771,258,5,6,0,1,8,NA,58360,90236,01500,84,20,1,8,346.9045486423653,462.67237294780966
37067000032,NC,067,032,2697,29,2359,255,14,22,1,2,15,2079,18,1831,193,8,18,1,1,9,NA,67720,90236,01500,84,20,1,8,349.42565728075454,466.0348175186512
37067000033,NC,067,033,3393,106,2337,868,4,23,0,9,46,2688,73,1940,622,4,18,0,4,27,NA,75000,94068,01500,84,20,1,2,451.78266799935943,602.5500670948219
37067000034,NC,067,034,2810,219,2241,302,14,7,0,6,21,2181,141,1788,220,11,6,0,2,13,NA,58360,90236,01500,84,20,1,8,366.56919602180164,488.89944060037436
37067000042,NC,067,042,2724,121,2211,326,13,11,3,3,36,2114,69,1783,225,5,11,1,2,18,NA,75000,90376,01500,88,20,8,2,355.3082441036629,473.88052151728175
37067000043,NC,067,043,4803,859,2743,1125,22,10,0,2,42,3633,562,2228,795,16,9,0,0,23,NA,75000,94068,01500,88,20,1,2,610.6125122178843,814.3840750578452
37067000051,NC,067,051,3742,224,3255,173,2,48,0,15,25,2905,166,2559,120,1,36,0,11,12,NA,12960,90684,01500,39,20,1,8,488.2547063013911,651.1934318863309
37067000052,NC,067,052,1439,19,1358,15,4,29,0,2,12,1171,13,1110,14,2,22,0,1,9,NA,12960,90684,01500,88,38,1,8,196.81454770358997,262.49483949703733
37067000053,NC,067,053,1630,37,1506,61,1,12,0,2,11,1134,21,1054,46,1,7,0,0,5,NA,12960,90684,01500,88,38,1,8,190.59581306222978,254.20080955562798
37067000054,NC,067,054,3144,25,2921,118,0,57,3,1,19,2230,12,2067,95,0,42,3,1,10,NA,12960,90684,01500,88,38,1,8,374.8048175738733,499.8834261984571
37067000055,NC,067,055,3168,109,2800,169,3,57,3,3,24,2292,84,2040,111,3,37,1,0,16,NA,12960,90684,01500,88,38,1,8,385.2253999458824,513.7815304246026
37067000061,NC,067,061,3572,821,2379,305,3,24,4,3,33,2665,528,1885,214,3,16,3,1,15,NA,35600,91696,01500,84,20,1,8,223.4619174302887,649.2036982297107
37067000062,NC,067,062,2069,26,1900,114,2,13,0,0,14,1499,16,1388,80,2,7,0,0,6,NA,35600,91696,01500,84,20,1,8,125.69208789043256,365.16185502676785
37067000063,NC,067,063,4908,89,4313,405,5,46,1,16,33,3550,58,3197,243,5,30,1,4,12,NA,35600,91696,01500,84,20,1,8,297.66972115479354,864.7929188425788
37067000064,NC,067,064,1976,119,1657,145,6,27,2,4,16,1557,89,1317,118,3,19,0,1,10,NA,35600,91696,01500,84,20,1,8,130.55542417972214,379.2908660951818
37067000065,NC,067,065,3363,64,3007,196,7,48,2,0,39,2540,42,2302,133,6,39,2,0,16,NA,35600,91696,01500,84,20,1,8,212.98058922061284,618.7532433408874
37067000066,NC,067,066,3846,128,3453,162,17,50,0,6,30,2972,84,2698,118,14,41,0,1,16,NA,35600,91696,01500,84,20,1,8,249.20405951325256,723.9900154366604
37067000067,NC,067,067,2953,146,2375,348,20,29,0,9,26,2328,96,1927,243,16,23,0,4,19,NA,35600,91696,01500,84,20,1,8,195.20425657700264,567.1092718494433
37067000068,NC,067,068,2895,48,2645,158,12,19,0,1,12,1939,34,1775,106,6,10,0,1,7,NA,70660,91696,01500,84,20,1,8,162.58636318849148,472.3474562354255
37067000071,NC,067,071,4158,65,3751,222,6,77,0,6,31,2970,47,2677,162,6,56,0,2,20,NA,38040,91792,01500,88,20,1,8,499.17951040107795,665.7640250266447
37067000072,NC,067,072,6466,186,5593,479,9,130,2,5,62,4669,120,4109,317,8,83,1,4,27,NA,12960,91792,01500,39,20,1,8,784.7370821759706,1046.6169134173076
37067000073,NC,067,073,2997,29,2804,126,4,22,0,0,12,2229,18,2100,89,3,14,0,0,5,NA,38040,91792,01500,88,20,1,8,374.6367436646474,499.6592632270677
37067000074,NC,067,074,3016,28,2730,184,12,35,0,2,25,2433,20,2219,142,8,28,0,0,16,NA,75000,94068,01500,88,20,1,8,408.92382114674166,545.388509390514
37067000075,NC,067,075,862,7,834,15,0,0,0,0,6,659,3,642,12,0,0,0,0,2,NA,38040,91792,01500,88,20,1,8,110.76070617990247,147.7233981456427
37067000081,NC,067,081,4478,221,3120,1069,18,12,1,10,27,3453,143,2535,742,9,10,1,0,13,NA,75000,94068,01500,66,20,1,2,580.3592085572128,774.0347402077455
37067000082,NC,067,082,4382,59,2971,1295,16,10,1,2,28,3423,39,2355,991,10,9,1,0,18,NA,70660,92060,01500,66,20,1,2,575.3169912804343,767.3098510660623
37067000083,NC,067,083,3670,51,2094,1464,13,6,1,1,40,2773,26,1653,1060,10,5,1,0,18,NA,70660,92060,01500,66,20,1,2,466.06895028356536,621.6039196629245
37067000091,NC,067,091,3027,38,2711,255,2,9,0,5,7,2276,18,2047,197,2,5,0,1,6,NA,67720,92388,01500,88,20,1,8,279.1320754716981,623.2595614482407
37067000092,NC,067,092,2138,8,2027,82,0,4,0,0,17,1646,5,1576,53,0,4,0,0,8,NA,67720,92388,01500,88,20,1,8,201.86792452830187,450.74043855175927
37067000101,NC,067,101,3188,136,2260,708,11,31,0,9,33,2320,78,1705,489,8,24,0,0,16,NA,75000,94068,01500,84,20,1,2,389.931469404209,520.0580936235069
37067000111,NC,067,111,2629,35,2401,143,9,3,0,5,33,1997,21,1855,92,8,3,0,3,15,NA,70660,92808,01500,84,20,1,8,260.5122237433992,561.644044592216
37067000112,NC,067,112,4172,76,3453,567,18,18,0,0,40,3116,48,2622,402,15,13,0,0,16,NA,70660,92808,01500,84,20,1,8,406.48777625660085,876.3559554077841
37067000122,NC,067,122,3244,63,2474,622,17,39,2,2,25,2480,34,2002,386,12,30,2,0,14,NA,75000,93036,01500,88,20,1,8,416.8232948803614,555.9241690458177
37067000123,NC,067,123,2415,37,2055,244,5,46,1,0,27,2016,27,1757,174,4,36,1,0,17,NA,75000,94068,01500,39,20,1,8,338.83700099951955,451.9125503211164
37067000131,NC,067,131,3548,54,3138,292,7,13,0,7,37,2575,30,2300,209,4,10,0,3,19,NA,75000,93864,01500,88,20,1,8,297.78516681695226,747.6555455365194
37067000132,NC,067,132,3537,54,3122,312,5,13,0,4,27,2641,37,2373,194,5,10,0,2,20,NA,75000,93864,01500,88,20,1,8,305.41771866546435,766.8187556357078
37067000133,NC,067,133,4931,69,4577,200,16,42,0,2,25,3656,46,3396,161,10,27,0,1,15,NA,38040,93864,01500,88,20,1,8,422.7971145175834,1061.5256988277727
37067000201,NC,067,201,6494,583,1956,3749,13,88,0,15,90,4986,452,1817,2570,11,74,0,6,56,NA,75000,94068,01500,67,20,1,2,838.0165114005974,1117.676575347761
37067000203,NC,067,203,2557,86,36,2414,2,2,0,1,16,1699,61,22,1599,2,2,0,0,13,NA,75000,94068,01500,67,20,8,2,285.5575717748927,380.85288839066305
37067000204,NC,067,204,2772,431,480,1798,5,31,0,6,21,2063,296,415,1299,5,31,0,3,14,NA,75000,94068,01500,67,20,8,2,346.7364747331393,462.4482099764202
37067000205,NC,067,205,1156,89,33,1023,0,0,0,0,11,896,72,27,792,0,0,0,0,5,NA,75000,94068,01500,67,20,1,2,150.59422266645313,200.8500223649406
37067000206,NC,067,206,3016,633,528,1791,17,8,1,10,28,2294,472,468,1316,14,7,1,4,12,NA,75000,94068,01500,67,20,8,2,385.5615477643343,514.2298563673814
37067000207,NC,067,207,4786,1031,1925,1696,16,53,0,6,59,3511,731,1576,1125,11,46,0,1,21,NA,75000,94068,01500,67,20,1,2,590.107495292318,787.0361925483331
37067000301,NC,067,301,2320,95,31,2161,6,0,6,7,14,1576,63,24,1471,5,0,1,2,10,NA,75000,94068,01500,66,20,8,2,264.8844809401006,353.2808429097616
37067000302,NC,067,302,2154,313,187,1624,12,0,0,9,9,1590,219,149,1203,7,0,0,7,5,NA,75000,94068,01500,67,20,8,2,267.2375156692639,356.4191245092138
37067000303,NC,067,303,1925,71,16,1827,1,0,0,1,9,1206,40,10,1153,0,0,0,0,3,NA,75000,94068,01500,67,20,8,2,202.6971345264983,270.3405434956678
37067000304,NC,067,304,2676,49,56,2553,6,5,1,0,6,2023,33,40,1936,6,4,1,0,3,NA,75000,94068,01500,67,20,8,2,340.01351836410123,453.48169112084247
37067000305,NC,067,305,1587,34,78,1453,5,0,0,0,17,1218,19,71,1110,5,0,0,0,13,NA,75000,94068,01500,67,20,8,2,204.71402143720974,273.0304991523411
37067000306,NC,067,306,3285,599,1075,1565,11,2,0,3,30,2317,425,850,1019,8,2,0,1,12,NA,75000,94068,01500,66,20,8,2,389.4272476765312,519.3856047093386
37067000401,NC,067,401,4507,1375,611,2459,11,10,0,8,33,3024,891,478,1632,6,6,0,0,11,NA,75000,94068,01500,66,20,8,2,508.2555014992793,677.8688254816745
37067000402,NC,067,402,2205,100,20,2060,7,1,2,0,15,1575,75,18,1465,5,1,1,0,10,NA,75000,94068,01500,66,20,8,2,264.7164070308746,353.05667993837216
37067000403,NC,067,403,3281,252,185,2802,9,2,0,1,30,2384,197,171,1979,9,2,0,1,25,NA,75000,94068,01500,66,20,8,2,400.68819959467,534.4045237924313
37067000404,NC,067,404,3412,205,390,2747,11,6,3,2,48,2596,158,361,2020,9,5,3,2,38,NA,75000,94068,01500,66,20,8,2,436.3198683505718,581.9270737269932
37067000405,NC,067,405,3841,746,100,2930,7,3,0,5,50,2772,554,65,2125,6,2,0,1,19,NA,75000,94068,01500,66,20,8,2,465.90087637433936,621.379756691535
37067000501,NC,067,501,2947,230,595,2093,0,3,0,2,24,2207,147,513,1529,0,3,0,0,15,NA,75000,94068,01500,66,20,8,2,370.93911766167645,494.72767785649995
37067000502,NC,067,502,2828,423,311,2060,7,1,0,4,22,1985,280,270,1417,7,1,0,1,9,NA,75000,94068,01500,66,20,8,2,333.62670981351505,444.96349820804363
37067000503,NC,067,503,3000,462,1344,1096,15,20,0,11,52,2320,293,1171,789,10,18,0,6,33,NA,75000,94068,01500,66,20,8,2,389.931469404209,520.0580936235069
37067000504,NC,067,504,2918,495,830,1554,12,7,0,1,19,2070,311,708,1033,9,3,0,0,6,NA,75000,94068,01500,66,20,8,2,347.912992097721,464.0173507761463
37067000505,NC,067,505,3973,763,1190,1974,13,5,0,5,23,2775,543,942,1263,7,3,0,5,12,NA,75000,94068,01500,66,20,8,2,466.4050981020173,622.0522456057033
37067000506,NC,067,506,2184,278,1453,386,12,26,0,3,26,1609,167,1161,244,7,18,0,1,11,NA,75000,94068,01500,66,20,1,2,270.43091994455705,360.6782209656132
37067000507,NC,067,507,4003,292,2408,1245,5,16,0,0,37,3003,187,1980,810,4,10,0,0,12,NA,75000,94068,01500,66,20,1,2,504.7259494055344,673.1614030824963
37067000601,NC,067,601,2872,327,1714,688,17,61,1,9,55,2377,233,1535,495,15,54,1,6,38,NA,75000,94068,01500,67,20,1,2,399.5116822300883,532.8353829927051
37067000602,NC,067,602,4226,110,3152,829,7,85,0,10,33,3317,72,2581,565,6,70,0,5,18,NA,75000,94068,01500,39,20,1,8,557.5011569024833,743.5485760987813
37067000603,NC,067,603,3191,388,1864,820,14,35,0,8,62,2535,273,1565,622,13,26,0,2,34,NA,75000,94068,01500,67,20,1,2,426.06735988778877,568.2531324722371
37067000604,NC,067,604,3580,1297,1059,1092,13,67,0,6,46,2584,936,882,680,12,50,0,1,23,NA,75000,94068,01500,67,20,1,2,434.30298143986045,579.2371180703199
37067000605,NC,067,605,3882,370,2217,1130,12,98,0,12,43,2984,226,1873,779,6,65,0,4,31,NA,75000,94068,01500,67,20,1,2,501.53254513024126,668.9023066260968
37067000606,NC,067,606,2813,148,1977,623,8,30,0,4,23,2206,94,1644,434,5,24,0,0,5,NA,75000,94068,01500,66,20,1,2,370.77104375245045,494.50351488511046
37067000607,NC,067,607,2466,64,2154,164,4,52,0,9,19,2119,47,1888,119,4,42,0,5,14,NA,75000,94068,01500,39,20,1,8,356.14861364979265,475.00133637422897
37067000701,NC,067,701,1931,35,1441,401,0,35,1,1,17,1615,26,1192,359,0,27,0,1,10,NA,75000,94068,01500,39,20,1,8,271.43936339991274,362.02319879394986
37067000702,NC,067,702,2196,90,1824,164,5,80,8,9,16,1839,72,1557,121,4,63,7,2,13,NA,75000,94068,01500,39,20,1,8,309.087919066526,412.23570438518504
37067000703,NC,067,703,1427,18,1302,56,0,34,1,0,16,1197,13,1105,42,0,31,1,0,5,NA,75000,94068,01500,39,20,1,8,201.18446934346474,268.32307675316287
37067000704,NC,067,704,2284,57,1821,334,5,40,0,5,22,1854,37,1562,213,2,26,0,3,11,NA,75000,94068,01500,39,20,1,8,311.6090277049153,415.5981489560267
37067000705,NC,067,705,2828,90,2098,555,6,45,0,3,31,2322,60,1826,374,6,33,0,1,22,NA,75000,94068,01500,39,20,1,8,390.26761722266093,520.5064195662858
37067000706,NC,067,706,1855,74,1327,383,3,36,5,2,25,1419,47,1081,242,1,25,4,0,19,NA,75000,94068,01500,39,20,1,8,238.4968771916261,318.08725640161913
37067000707,NC,067,707,2223,86,1501,574,8,23,0,8,23,1669,58,1241,336,6,18,0,1,9,NA,75000,94068,01500,39,20,1,8,280.51535449811416,374.12799924897973
37067000708,NC,067,708,3839,122,2744,848,5,58,2,8,52,2841,80,2132,554,5,42,2,0,26,NA,75000,94068,01500,39,20,1,8,477.4979761109301,636.8470017174066
37067000709,NC,067,709,1977,41,1775,133,1,21,0,0,6,1669,24,1524,99,1,17,0,0,4,NA,75000,94068,01500,39,20,1,8,280.51535449811416,374.12799924897973
37067000801,NC,067,801,1508,27,1373,67,5,25,0,0,11,1222,17,1135,41,4,19,0,0,6,NA,75000,94068,01500,39,20,1,8,205.38631707411355,273.9271510378989
37067000802,NC,067,802,1814,16,1777,4,1,9,0,0,7,1382,12,1354,4,1,6,0,0,5,NA,75000,94068,01500,39,20,1,8,232.2781425502659,309.7932264602097
37067000803,NC,067,803,1964,5,1930,6,5,4,0,3,11,1458,4,1438,5,2,3,0,0,6,NA,75000,94068,01500,39,20,1,8,245.05175965143826,326.8296122858074
37067000804,NC,067,804,1467,13,1410,33,0,4,0,0,7,1131,7,1096,21,0,3,0,0,4,NA,75000,94068,01500,88,20,1,8,190.0915913345519,253.52832064145966
37067000805,NC,067,805,2746,44,2610,39,2,41,0,1,9,2085,25,1998,24,2,33,0,1,2,NA,75000,94068,01500,88,20,1,8,350.4341007361102,467.37979534698786
37067000806,NC,067,806,2234,47,2045,96,1,32,1,0,12,1887,32,1744,77,1,24,0,0,9,NA,75000,94068,01500,39,20,1,8,317.1554667093717,422.9955270118782
37067000807,NC,067,807,1960,29,1783,71,0,53,0,4,20,1573,21,1445,59,0,37,0,2,9,NA,75000,94068,01500,39,20,1,8,264.38025921242274,352.60835399559323
37067000808,NC,067,808,5446,402,3721,1023,17,200,1,7,75,4386,303,3087,774,11,166,1,1,43,NA,75000,94068,01500,88,20,1,8,737.1721658650262,983.1787925140953
37067000809,NC,067,809,2898,30,2746,53,3,45,0,0,21,2033,19,1931,38,3,31,0,0,11,NA,75000,94068,01500,88,20,1,8,341.6942574563608,455.7233208347369
37067000901,NC,067,901,2118,51,1960,66,1,18,0,4,18,1683,35,1568,52,1,14,0,2,11,NA,75000,94068,01500,39,20,1,8,282.86838922727753,377.266280848432
37067000902,NC,067,902,2240,143,1345,675,7,21,2,3,44,1984,106,1228,593,7,19,1,0,30,NA,75000,94068,01500,67,20,1,2,333.4586359042891,444.7393352366542
37067000903,NC,067,903,3483,47,2802,551,4,43,0,2,34,3279,47,2692,465,4,37,0,2,32,NA,75000,94068,01500,67,20,1,2,551.1143483518972,735.0303831859825
37067000904,NC,067,904,3605,676,1222,1647,6,10,4,6,34,2674,441,1033,1158,6,9,1,3,23,NA,75000,94068,01500,67,20,1,2,449.42963327019606,599.4117854953696
37067000905,NC,067,905,4558,83,3563,720,6,126,1,5,54,4148,66,3382,547,6,108,1,2,36,NA,75000,94068,01500,67,20,1,2,697.1705754692496,929.8280053234081
37067000906,NC,067,906,4000,108,3301,447,18,90,0,6,30,3028,79,2539,312,14,67,0,0,17,NA,75000,94068,01500,84,20,1,8,508.92779713618313,678.7654773672323
37067000907,NC,067,907,2502,75,2098,265,1,41,0,2,20,2021,52,1714,204,1,36,0,1,13,NA,75000,94068,01500,39,20,1,8,339.67737054564935,453.0333651780636
37067000908,NC,067,908,2480,37,2223,146,7,42,0,0,25,1697,22,1537,99,7,25,0,0,7,NA,75000,94068,01500,84,20,1,8,285.22142395644084,380.4045624478842
37067000909,NC,067,909,1648,26,1340,237,3,20,0,0,22,1254,14,1051,159,2,14,0,0,14,NA,75000,94068,01500,84,20,1,8,210.764682169344,281.1003661223611
37069001.01,NC,069,1.01,3111,94,1535,1447,3,17,0,0,15,2498,79,1313,1078,3,15,0,0,10,NA,39360,91906,01530,22,11,12,5,383.8069231205031,371.56529375106226
37069002.01,NC,069,2.01,4754,179,2356,2172,12,8,3,3,21,3624,127,1863,1604,6,7,3,3,11,NA,39360,91906,01530,22,11,12,5,556.8119653277435,539.0522916548638
37069003.01,NC,069,3.01,3981,112,2495,1310,14,6,2,0,42,2930,65,1925,903,11,6,2,0,18,NA,24720,91170,01530,22,11,12,5,450.18185938473744,435.823182822503
37069004.01,NC,069,4.01,4862,254,3874,641,13,33,4,5,38,3530,164,2869,435,10,24,2,0,26,NA,76200,94150,01530,20,11,12,5,542.3692708628406,525.0702509772817
37069005.01,NC,069,5.01,5893,281,4455,1068,27,15,0,7,40,4306,205,3355,687,22,10,0,2,25,NA,NA,91414,01530,20,11,12,5,661.5983230411874,640.4964591241289
37069006.01,NC,069,6.01,2766,142,1327,1251,20,5,0,1,20,2106,106,1029,942,18,4,0,0,7,NA,08860,90926,01530,20,11,12,5,323.5778142881423,313.25720922327343
37069007.01,NC,069,7.01,1911,59,1671,153,14,1,0,0,13,1398,38,1251,92,7,1,0,0,9,NA,NA,90926,01530,20,11,12,5,214.7966687439805,207.9456688006345
37069008.01,NC,069,8.01,2486,73,1754,597,12,15,0,5,30,1848,49,1347,420,8,10,0,3,11,NA,NA,90866,01530,20,11,12,5,283.93722735255795,274.8809699167186
37069009.01,NC,069,9.01,2254,133,1565,519,9,4,1,1,22,1655,81,1192,359,7,4,1,1,10,NA,NA,90590,01530,22,11,12,5,254.28360999376804,246.17316299359808
37069010.01,NC,069,10.01,1629,64,1054,467,27,5,0,0,12,1271,46,845,349,20,5,0,0,6,9745,11560,91258,01530,22,11,12,5,195.28366664778198,189.05503937453966
37069011.01,NC,069,11.01,2614,137,1231,1218,8,4,0,0,16,1945,99,973,854,5,3,0,0,11,NA,NA,92822,01530,22,11,12,5,298.8408588748513,289.3092459350745
37069012.01,NC,069,12.01,1776,27,1126,604,5,1,0,1,12,1355,16,899,429,2,1,0,0,8,NA,NA,91438,01530,22,11,12,5,208.18990425471645,201.54962891620872
37069013.01,NC,069,13.01,2375,52,1957,351,5,3,1,1,5,1772,36,1493,235,3,1,1,1,2,NA,NA,90926,01530,20,11,12,5,272.2601552319982,263.57634128378
37069014.01,NC,069,14.01,3051,69,2624,316,9,10,2,5,16,2207,35,1925,222,8,7,1,2,7,NA,76200,94150,01530,20,11,12,5,339.096028553623,328.28046569599456
37069015.01,NC,069,15.01,3797,424,1311,2010,4,10,3,4,31,2857,273,1033,1515,4,7,1,1,23,NA,24720,91170,01530,22,11,12,5,438.96572432156813,424.9647895303382
37071000001,NC,071,1,1885,98,1459,269,3,28,0,0,28,1472,73,1187,169,1,20,0,0,22,NA,25580,91216,01620,93,25,5,12,160.29302025152933,355.06078498423193
37071000002,NC,071,2,4826,224,2777,1737,11,28,1,0,48,3492,161,2278,1001,11,21,1,0,19,NA,25580,91216,01620,44,25,5,12,380.260344238003,842.3045252479197
37071000003,NC,071,3,3409,262,2051,1037,2,21,0,5,31,2508,179,1620,675,1,16,0,0,17,NA,25580,91216,01620,44,25,5,12,273.1079448307306,604.9541091986778
37071000004,NC,071,4,8796,720,6599,1344,20,50,1,6,56,6531,510,5089,853,13,39,1,2,24,NA,25580,91216,01620,76,39,5,13,711.1913826513165,1575.3410235951214
37071000005,NC,071,5,5383,165,2979,2151,3,17,3,5,60,3744,118,2281,1304,3,10,2,0,26,NA,25580,91216,01620,44,25,5,12,407.70181237888977,903.0893878946769
37071000006,NC,071,6,3836,160,1464,2147,12,16,0,5,32,2707,113,1139,1415,10,13,0,1,16,NA,25580,91216,01620,44,25,5,12,294.7779930848436,652.9548539078232
37071000007,NC,071,7,2728,19,424,2272,1,1,0,0,11,2044,14,364,1659,1,1,0,0,5,NA,25580,91216,01620,44,25,5,12,222.5807971427486,493.0327748014742
37071000008,NC,071,8,2569,54,1412,1048,11,5,0,4,35,1857,37,1105,686,7,3,0,0,19,NA,25580,91216,01620,44,25,5,12,202.21748546677307,447.92654736122194
37071000009,NC,071,9,3424,461,2302,574,5,50,0,2,30,2682,362,1862,396,3,38,0,2,19,NA,25580,91216,01620,93,25,5,12,292.05562521372394,646.9246095976291
37071000010,NC,071,10,3824,172,2932,593,6,69,1,4,47,3059,130,2410,438,5,51,1,1,23,NA,25580,91216,01620,76,25,5,12,333.10893271020933,737.860693795357
37071000011,NC,071,11,3168,136,2296,666,14,21,0,10,25,2490,96,1916,442,7,18,0,0,11,NA,25580,91216,01620,93,25,5,12,271.14783996352446,600.612333295338
37071000012,NC,071,12,5413,247,4678,341,18,75,2,7,45,4366,193,3791,272,16,58,2,4,30,NA,25580,91216,01620,93,25,5,12,475.4343250123485,1053.1218663323075
37071000013,NC,071,13,2644,19,2422,150,10,12,6,0,25,2024,9,1881,99,10,9,2,0,14,NA,55260,91216,01620,93,25,5,12,220.40290284585282,488.2085793533189
37071000014,NC,071,14,1481,31,1361,54,0,31,0,0,4,1174,17,1097,39,0,19,0,0,2,NA,25580,91216,01620,76,25,5,12,127.84239522778222,283.1802728067176
37071000015,NC,071,15,5820,107,4704,868,5,90,0,5,41,4166,72,3441,564,5,65,0,1,18,NA,25580,91216,01620,76,25,5,12,453.65538204339066,1004.8799118507541
37071000016,NC,071,16,3824,22,3536,185,8,50,0,0,23,2816,14,2620,130,7,32,0,0,13,NA,25580,91216,01620,76,39,5,12,306.64751700292567,679.2467191002698
37071000017,NC,071,17,4546,280,3580,528,11,98,0,9,40,3454,213,2769,376,10,67,0,2,17,NA,25580,91216,01620,76,25,5,12,376.122345073901,833.1385538964247
37071000018,NC,071,18,7424,508,5663,1046,6,142,5,5,49,5674,366,4399,753,5,116,2,0,33,NA,25580,91216,01620,76,25,5,12,617.8686120293323,1368.6242486416656
37071000019,NC,071,19,8412,168,7182,915,27,41,2,2,75,6156,112,5345,616,20,31,2,0,30,NA,63180,91216,01620,76,39,5,12,670.3558645845206,1484.887358942209
37071000020,NC,071,20,5320,136,4764,359,8,14,0,8,31,4043,90,3690,231,7,9,0,2,14,NA,05220,90844,01620,44,25,5,12,440.2613321174817,975.211109844599
37071000021,NC,071,21,4086,117,2969,923,19,18,3,5,32,2996,75,2241,639,15,9,3,1,13,NA,05220,90844,01620,48,25,5,12,326.2485656749877,722.6644781336677
37071000022,NC,071,22,4661,79,4136,379,16,10,0,0,41,3518,49,3164,268,9,7,0,0,21,NA,25580,90844,01620,76,25,5,13,383.0916068239675,848.5759793305217
37071000023,NC,071,23,3531,66,3079,303,9,45,0,5,24,2634,42,2346,192,7,32,0,2,13,NA,04840,93048,01620,93,39,5,12,286.8286789011741,635.3465405220563
37071000024,NC,071,24,4147,52,3371,466,13,181,3,8,53,3216,38,2670,340,9,118,3,5,33,NA,04840,93048,01620,93,39,5,12,350.2054029408412,775.7306280633762
37071000025,NC,071,25,3330,247,2842,131,3,82,1,2,22,2667,182,2305,104,3,57,1,1,14,NA,04840,93048,01620,93,39,5,12,290.4222044910521,643.3064630115126
37071000026,NC,071,26,3543,107,3228,104,17,50,0,6,31,2742,76,2522,81,10,32,0,1,20,NA,44960,93048,01620,93,39,5,12,298.58930810441126,661.397195942095
37071000027,NC,071,27,2949,12,2762,115,14,27,0,0,19,2250,11,2106,94,7,24,0,0,8,NA,04840,93048,01620,93,39,5,12,245.0131084007751,542.721987917474
37071000028,NC,071,28,2976,11,2793,70,15,57,0,4,26,2204,9,2087,46,12,33,0,2,15,NA,15260,93048,01620,93,39,5,12,240.00395151791483,531.6263383867168
37071000029,NC,071,29,3929,54,3649,166,11,21,2,2,24,3032,33,2841,115,9,18,1,0,15,NA,15260,93048,01620,76,39,5,12,330.16877540940004,731.3480299403473
37071000030,NC,071,30,3399,43,3211,78,14,37,0,3,13,2653,26,2516,62,12,28,0,1,8,NA,39880,93048,01620,93,25,5,12,288.8976784832251,639.929526197804
37071000031,NC,071,31,4315,30,3897,328,18,17,1,0,24,3180,21,2885,241,11,10,1,0,11,NA,25580,93048,01620,76,39,5,12,346.28519320642886,767.0470762566968
37071000032,NC,071,32,2662,35,2405,172,4,17,0,2,27,2050,24,1874,122,4,10,0,2,14,NA,39480,93048,01620,93,25,5,12,223.23416543181733,494.4800334359208
37071000033,NC,071,33,3511,68,3190,209,12,5,0,6,21,2473,43,2265,137,11,5,0,0,12,NA,05220,90644,01620,44,25,5,13,314.1142400806994,539.877353732347
37071000034,NC,071,34,3280,49,3078,127,4,5,3,5,9,2443,32,2307,89,4,3,1,1,6,NA,NA,90644,01620,44,25,5,12,310.3037155346335,533.3280934767989
37071000035,NC,071,35,2497,70,2147,247,2,12,0,1,18,1970,43,1751,152,2,8,0,0,14,NA,12340,90644,01620,48,25,5,13,250.22444519166106,430.06809011432415
37071000036,NC,071,36,4347,118,3991,182,11,38,1,1,5,3383,73,3152,123,7,24,0,0,4,NA,12340,90644,01620,48,25,5,13,429.7001513113652,738.5382481506389
37071000037,NC,071,37,2089,20,1850,202,3,0,0,0,14,1627,11,1443,159,3,0,0,0,11,NA,12340,90644,01620,48,25,5,13,206.65744788164088,355.18821452589106
37071000038,NC,071,38,3991,38,3770,139,10,4,0,4,26,2998,27,2870,84,7,2,0,0,8,NA,31440,90872,01620,45,39,5,12,326.46635510467723,723.1468976784832
37071000039,NC,071,39,4927,42,4664,142,28,12,0,1,38,3656,31,3478,93,21,10,0,0,23,NA,64500,90872,01620,45,39,5,12,398.1190774725483,881.8629279227935
37071000040,NC,071,40,5561,166,4384,941,16,14,3,4,33,4096,107,3330,616,10,13,0,2,18,NA,16180,90872,01620,44,25,5,12,446.0327520042555,987.9952277822106
37071000041,NC,071,41,4672,41,4394,199,6,11,0,8,13,3628,31,3394,175,6,11,0,4,7,NA,16180,90872,01620,45,25,5,12,395.07002545689426,875.1090542953759
37071000042,NC,071,42,2527,52,2351,94,9,7,2,5,7,1929,42,1800,69,6,6,2,2,2,NA,44960,92692,01620,45,39,5,12,210.05790493559786,465.2936509745811
37071000043,NC,071,43,4703,21,4380,247,20,11,0,0,24,3518,14,3265,201,17,7,0,0,14,NA,64500,92692,01620,93,39,5,12,383.0916068239675,848.5759793305217
37071000044,NC,071,44,5909,51,5207,565,17,40,2,2,25,4442,33,3957,399,11,27,2,0,13,NA,64500,92692,01620,45,39,5,12,483.71032334055246,1071.4538090352978
37071000045,NC,071,45,3840,90,2914,669,10,119,0,4,34,2997,60,2330,501,7,78,0,0,21,NA,44960,92692,01620,93,39,5,12,326.35746038983245,722.9056879060754
37071000046,NC,071,46,6251,51,5675,361,13,103,0,1,47,4730,32,4368,220,10,73,0,1,26,NA,44960,92692,01620,45,39,5,12,515.0720012158517,1140.9222234887345
37073000001,NC,073,1,1856,5,717,1106,4,7,0,3,14,1411,3,555,837,3,3,0,0,10,NA,25680,91220,01680,5,2,11,4,410.1467652016077,230.5017502917153
37073000002,NC,073,2,1343,7,1126,194,4,5,0,1,6,1015,5,858,137,4,4,0,1,6,9825,NA,91376,01680,5,2,11,4,295.03824711526,165.81096849474912
37073000003,NC,073,3,2476,10,1281,1147,16,2,0,2,18,1750,6,910,808,12,2,0,2,10,NA,NA,92660,01680,5,2,11,4,508.6866329573448,285.88098016336056
37073000004,NC,073,4,3371,47,2022,1229,15,7,0,3,48,2424,28,1495,865,8,3,0,1,24,NA,NA,91520,01680,5,2,11,4,704.6036561649163,395.9859976662777
37073000005,NC,073,5,1470,12,1008,437,2,1,3,0,7,1113,8,781,315,2,1,3,0,3,NA,NA,92092,01680,5,2,11,4,323.5246985608713,181.82030338389734
3707500STEC,NC,075,STEC,1215,13,1167,2,19,5,0,0,9,1001,10,968,1,11,5,0,0,6,0990,NA,93108,01770,52,42,7,1,224.9762744469381,322.701346585444
3707500TAPO,NC,075,TAPO,647,7,628,1,9,0,0,0,2,511,5,498,1,5,0,0,0,2,NA,36513,94124,01770,52,42,7,1,114.84802821417121,164.7356524527092
37075EWWCRU,NC,075,EWWCRU,6131,40,5508,12,513,8,1,0,49,4726,25,4331,7,326,7,1,0,29,0990,57020,90636,01770,52,42,7,1,1062.1756973388908,1523.563000961847
3707700ANTI,NC,077,ANTI,1173,6,407,747,0,2,0,0,11,902,5,293,596,0,2,0,0,6,NA,49800,91108,01800,78,13,11,3,191.10169491525426,139.39182452642075
3707700BERE,NC,077,BERE,2296,103,1343,817,9,0,0,3,21,1707,61,1025,602,6,0,0,1,12,NA,NA,93884,01800,22,13,11,3,221,385
3707700BRAS,NC,077,BRAS,7299,155,5821,1186,17,25,0,26,69,5281,104,4223,871,13,20,0,12,38,NA,15320,90356,01800,22,13,12,3,599,664
3707700BTNR,NC,077,BTNR,9779,616,4681,4107,103,71,1,44,156,8199,505,3913,3474,94,63,1,30,119,NA,09360,90936,01800,22,13,12,3,714.0619296535838,965.4001063170019
3707700CORI,NC,077,CORI,3098,236,1714,1128,1,1,0,4,14,2273,156,1318,786,1,1,0,2,9,NA,49800,91108,01800,22,13,11,3,481.5677966101695,351.26121635094717
3707700CRDL,NC,077,CRDL,2757,83,1466,1189,4,5,0,1,9,2074,60,1158,839,4,5,0,1,7,NA,49800,92424,01800,22,13,11,4,439.4067796610169,320.50847457627117
3707700CRDM,NC,077,CRDM,4022,72,2983,896,11,13,1,15,31,3088,43,2332,666,9,12,1,5,20,NA,15320,90936,01800,22,13,12,3,268.9380703464162,363.59989368299813
3707700EAOX,NC,077,EAOX,3179,98,1369,1661,6,23,5,3,14,2281,73,1021,1157,5,17,1,1,6,NA,49800,92424,01800,78,13,11,4,483.2627118644068,352.4975074775673
3707700OKHL,NC,077,OKHL,1706,54,895,740,3,0,0,2,12,1306,33,716,546,2,0,0,2,7,9760,NA,92348,01800,78,13,11,3,386,227
3707700SALM,NC,077,SALM,1909,57,1226,598,1,14,1,2,10,1388,28,916,430,1,6,1,0,6,NA,49800,92800,01800,78,13,11,4,294.0677966101695,214.49651046859424
3707700SASS,NC,077,SASS,2565,50,1674,812,14,2,0,2,11,1940,31,1275,616,7,2,0,2,7,NA,65320,92844,01800,78,13,11,3,472,293
3707700SOOX,NC,077,SOOX,2390,180,751,1419,4,6,0,1,29,1811,123,617,1049,3,5,0,0,14,NA,49800,91108,01800,78,13,11,4,383.6864406779661,279.8654037886341
3707700TYHO,NC,077,TYHO,4568,177,3682,642,21,10,0,9,27,3353,112,2728,480,15,7,0,2,9,NA,64940,93212,01800,22,13,12,3,401,449
3707700WOEL,NC,077,WOEL,1757,64,765,912,1,1,1,2,11,1307,37,591,666,1,1,1,1,9,NA,49800,92424,01800,22,13,11,4,276.90677966101697,201.9790628115653
37079000SH1,NC,079,SH1,2335,92,1303,918,6,2,0,0,14,1845,70,1053,705,6,1,0,0,10,NA,62760,93020,01830,8,8,11,4,394.70667042730224,311.57629389366804
3707900ARBA,NC,079,ARBA,1409,105,625,662,0,5,0,1,11,1028,71,513,435,0,3,0,0,6,NA,NA,91648,01830,8,8,11,4,219.92328303483288,173.60456917219008
3707900BEAR,NC,079,BEAR,1331,99,787,439,1,1,0,2,2,989,58,621,306,1,1,0,0,2,NA,62760,93020,01830,8,8,11,4,211.57989000141023,167.01840361021013
3707900BULL,NC,079,BULL,1524,167,706,648,0,0,0,0,3,1081,93,546,440,0,0,0,0,2,NA,NA,90440,01830,8,8,11,4,231.26174023409956,182.55499929488084
3707900CAST,NC,079,CAST,1617,165,865,563,6,5,0,0,13,1129,100,665,354,4,3,0,0,3,NA,NA,90520,01830,8,8,11,4,241.5305316598505,190.66104921731772
3707900HOOK,NC,079,HOOK,1234,113,638,473,0,0,0,0,10,897,62,502,327,0,0,0,0,6,NA,32540,91532,01830,77,8,11,4,191.89803976872093,151.48180792553944
3707900MAUR,NC,079,MAUR,3563,200,1502,1824,26,0,1,0,10,2905,123,1229,1519,25,0,1,0,8,NA,32540,92416,01830,9,8,11,4,621.4758144126357,490.5848963474827
3707900SHIN,NC,079,SHIN,2289,167,1338,776,1,2,0,0,5,1684,107,1054,517,1,1,0,0,4,NA,NA,91648,01830,8,8,11,4,360.26343252009593,284.3872514454943
3707900SUGG,NC,079,SUGG,1541,41,811,675,0,2,0,1,11,1111,23,635,447,0,2,0,0,4,NA,32540,91532,01830,77,8,11,4,237.6797348751939,187.6212804964039
3707900WALS,NC,079,WALS,2131,362,933,814,0,0,0,3,19,1513,216,737,548,0,0,0,2,10,NA,70860,93076,01830,8,8,11,4,323.68086306585815,255.50944859681286
370810000GR,NC,081,GR,2936,20,2788,98,12,6,0,2,10,2240,14,2135,74,9,4,0,0,4,NA,NA,91304,01920,30,19,2,9,213,516
370810000HP,NC,081,HP,3945,104,2673,911,7,206,1,3,40,2975,61,2058,686,5,146,1,2,16,NA,31400,91184,01920,27,19,2,2,478.9131633537274,586.2930966573011
37081000CG1,NC,081,CG1,1957,60,1491,343,4,39,4,3,13,1536,38,1191,265,4,28,4,0,6,NA,28000,92124,01920,84,19,2,9,247.26407358363875,302.7046038539881
37081000CG2,NC,081,CG2,2261,65,1901,224,3,41,4,5,18,1599,50,1336,173,3,25,4,4,4,NA,28000,92124,01920,29,19,2,9,257.40576410171764,315.1202223714368
37081000CG3,NC,081,CG3,3555,80,2855,522,5,54,0,8,31,2721,48,2224,383,3,44,0,1,18,NA,28000,92124,01920,29,19,2,3,438.0244428522663,536.2364759679047
37081000FR1,NC,081,FR1,3233,90,2512,434,18,139,2,4,34,2683,66,2133,335,18,102,2,4,23,NA,28000,92124,01920,89,32,2,9,431.9072326985044,528.7476901954752
37081000FR2,NC,081,FR2,3338,47,2695,300,15,224,0,4,53,2416,33,1968,217,5,160,0,1,32,NA,31400,91184,01920,89,32,2,9,388.9257824075985,476.12911647866883
37081000FR3,NC,081,FR3,1660,22,1373,194,6,52,0,4,9,1144,18,931,154,4,31,0,2,4,NA,28000,91184,01920,84,19,2,9,184.1602214711476,225.45186641208485
37081000FR4,NC,081,FR4,1811,9,1666,92,3,30,0,2,9,1365,8,1259,69,3,19,0,1,6,NA,28000,91184,01920,27,19,2,9,219.7366278917102,269.00506787805585
37081000FR5,NC,081,FR5,4765,101,4178,327,7,94,2,15,41,3419,72,3003,250,5,64,2,2,21,NA,28000,91184,01920,27,19,2,9,550.3879346239979,673.7936462088446
37081000G01,NC,081,G01,1735,296,562,763,9,40,1,24,40,1446,250,484,627,6,37,1,13,28,NA,28000,91228,01920,26,31,8,3,232.7759442720974,284.9680059719185
37081000G02,NC,081,G02,1967,171,967,610,5,174,0,2,38,1519,122,812,452,4,107,0,0,22,NA,28000,91228,01920,26,31,8,3,244.52742693590315,299.354357587375
37081000G03,NC,081,G03,3108,149,328,2548,7,40,0,3,33,2232,107,288,1793,6,20,0,1,17,NA,28000,91228,01920,26,31,8,3,359.30560692622504,439.86762747532646
37081000G04,NC,081,G04,3283,172,533,2494,25,13,2,8,36,2312,118,444,1702,16,9,2,4,17,NA,28000,91228,01920,26,31,8,2,372.1839440920396,455.6334922593884
37081000G05,NC,081,G05,2460,36,52,2306,6,24,0,6,30,1548,21,45,1446,5,12,0,1,18,NA,28000,91228,01920,26,31,8,3,249.19582415851093,305.0694835715974
37081000G06,NC,081,G06,2140,101,80,1922,5,7,0,8,17,1581,78,69,1415,3,4,0,3,9,NA,28000,91228,01920,26,31,2,3,254.50813823940942,311.5729027950229
37081000G07,NC,081,G07,3689,163,1431,1741,9,217,0,11,117,2791,119,1222,1232,7,137,0,7,67,NA,28000,91228,01920,26,32,8,3,449.292987872354,550.0316076539588
37081000G09,NC,081,G09,2612,95,1305,1131,13,17,1,15,35,2011,68,1068,826,10,15,0,4,20,NA,28000,91228,01920,89,32,8,3,323.72920050566245,396.3144260093555
37081000G10,NC,081,G10,4174,178,1564,2263,23,79,0,13,54,2919,123,1269,1428,17,57,0,2,23,NA,28000,91228,01920,89,32,8,3,469.8983273376572,575.2569913084578
37081000G11,NC,081,G11,1653,12,1395,177,7,35,0,4,23,1479,11,1244,165,7,32,0,4,16,NA,28000,92124,01920,89,32,2,3,238.0882583529959,291.471425195344
37081000G12,NC,081,G12,1378,18,1255,79,0,12,0,1,13,1188,17,1083,66,0,9,0,1,12,NA,28000,92124,01920,89,32,2,3,191.2433069123456,234.1230920433189
37081000G13,NC,081,G13,1754,15,1663,40,2,8,5,6,15,1500,13,1429,32,2,8,3,3,10,NA,28000,92124,01920,89,32,2,3,241.4688218590222,295.60996470116027
37081000G14,NC,081,G14,1475,8,1399,35,3,23,0,0,7,1126,7,1071,25,1,18,0,0,4,NA,28000,92124,01920,89,32,2,3,181.26259560883935,221.90454683567097
37081000G15,NC,081,G15,1764,18,1650,61,3,25,0,0,7,1482,13,1381,57,3,22,0,0,6,NA,28000,92124,01920,89,32,2,3,238.57119599671395,292.0626451247463
37081000G16,NC,081,G16,1778,9,1720,28,0,10,0,0,11,1323,5,1286,23,0,4,0,0,5,NA,28000,92124,01920,29,32,2,9,212.97550087965757,260.72798886642335
37081000G17,NC,081,G17,2152,35,1946,82,4,68,0,1,16,1763,25,1610,65,1,52,0,0,10,NA,28000,92124,01920,89,32,2,3,283.80635529163743,347.44024517876363
37081000G18,NC,081,G18,1525,18,1478,17,1,3,0,0,8,1220,12,1183,14,1,3,0,0,7,NA,28000,92124,01920,89,32,2,9,196.3946417786714,240.42943795694367
37081000G19,NC,081,G19,2097,11,1918,147,9,2,0,0,10,1752,10,1598,129,7,2,0,0,6,NA,28000,92124,01920,89,32,2,9,282.03558393133795,345.2724387709552
37081000G20,NC,081,G20,3202,31,2714,425,1,8,1,3,19,2548,27,2199,296,1,8,1,2,14,NA,28000,92124,01920,89,32,2,9,410.1750387311924,502.1427933723709
37081000G21,NC,081,G21,5063,423,3061,1373,23,118,0,8,57,3740,323,2396,899,18,70,0,1,33,NA,28000,92124,01920,89,32,2,9,602.0622625018287,737.0541786548929
37081000G22,NC,081,G22,1890,27,1707,130,2,13,1,6,4,1428,16,1294,96,2,12,1,5,2,NA,28000,92124,01920,29,32,2,9,229.87831840978916,281.42068639550456
37081000G23,NC,081,G23,2002,96,1435,424,9,12,0,2,24,1631,73,1226,304,7,6,0,2,13,NA,28000,92124,01920,89,32,2,3,262.5570989680435,321.4265682850616
37081000G24,NC,081,G24,1778,44,1211,435,5,51,0,10,22,1415,34,1008,311,5,38,0,4,15,NA,28000,92124,01920,29,32,2,3,227.7855886203443,278.8587333680945
37081000G25,NC,081,G25,2448,45,1866,480,1,28,3,2,23,1964,37,1497,385,1,26,2,0,16,NA,28000,92124,01920,29,32,2,3,316.1631774207464,387.0519804487192
37081000G26,NC,081,G26,3007,110,1268,1547,8,21,0,3,50,2253,76,1037,1091,6,15,0,0,28,NA,28000,92124,01920,89,32,2,3,362.6861704322514,444.0061669811427
37081000G27,NC,081,G27,3493,62,2875,460,10,65,0,1,20,2584,48,2119,348,10,49,0,0,10,NA,28000,92124,01920,29,32,2,9,415.97029045580894,509.2374325251987
37081000G28,NC,081,G28,1774,32,1514,194,1,15,0,7,11,1387,18,1213,132,1,13,0,1,9,NA,28000,92124,01920,29,19,2,3,223.2781706123092,273.3406806936728
37081000G29,NC,081,G29,2645,94,2006,421,3,67,0,5,49,2303,71,1820,320,3,58,0,2,29,NA,28000,92124,01920,29,32,2,3,370.73513116088543,453.8598324711814
37081000G30,NC,081,G30,1962,11,1830,81,1,22,0,2,15,1524,5,1445,52,1,16,0,0,5,NA,28000,92124,01920,29,19,2,9,245.33232300876654,300.3397241363788
37081000G31,NC,081,G31,1996,26,1826,113,4,14,1,5,7,1632,21,1528,72,1,7,1,0,2,NA,28000,92124,01920,29,19,2,9,262.7180781826161,321.6236415948623
37081000G32,NC,081,G32,2945,30,2658,133,4,86,0,4,30,2144,17,1940,106,2,61,0,2,16,NA,28000,92124,01920,29,19,2,9,345.1394360438291,422.52517621285836
37081000G33,NC,081,G33,1992,13,1901,54,1,16,0,0,7,1534,10,1467,41,1,10,0,0,5,NA,28000,92124,01920,29,19,2,9,246.9421151544934,302.31045723438655
37081000G34,NC,081,G34,1970,23,1781,100,7,38,3,0,18,1502,18,1378,68,4,25,1,0,8,NA,28000,92124,01920,29,32,2,9,241.79078028816758,296.0041113207618
37081000G35,NC,081,G35,1396,25,1320,29,1,12,0,0,9,1128,15,1079,19,1,7,0,0,7,NA,28000,92124,01920,29,32,2,9,181.5845540379847,222.2986934552725
37081000G36,NC,081,G36,2779,280,1855,407,11,114,0,2,110,2171,204,1472,315,8,88,0,1,83,NA,28000,92124,01920,29,32,2,3,349.48587483729153,427.8461555774793
37081000G37,NC,081,G37,3759,322,2046,1037,15,221,3,9,106,3046,242,1768,787,11,161,3,7,67,NA,28000,92124,01920,89,19,2,3,490.3426875883878,600.2853016531561
37081000G38,NC,081,G38,2542,67,2022,334,6,56,0,3,54,2027,46,1668,239,2,41,0,1,30,NA,28000,92124,01920,29,19,2,3,326.30486793882534,399.4675989661679
37081000G39,NC,081,G39,2276,35,2079,93,3,44,1,2,19,1941,27,1778,79,3,36,1,1,16,NA,28000,92124,01920,29,19,2,3,312.46065548557476,382.5192943233014
37081000G40,NC,081,G40,5245,121,4487,433,10,150,0,10,34,4149,96,3577,343,7,106,0,3,17,NA,28000,92124,01920,27,19,2,9,667.9027612620554,817.6571623634092
37081000G41,NC,081,G41,3853,116,3113,399,11,152,2,6,54,3184,96,2603,326,11,113,2,2,31,NA,28000,92124,01920,27,19,2,9,512.5578191994178,627.4814184056628
37081000G42,NC,081,G42,2354,27,2177,96,4,25,0,1,24,2017,22,1880,76,4,17,0,0,18,NA,28000,92124,01920,27,19,2,9,324.6950757930985,397.4968658681601
37081000G43,NC,081,G43,3681,282,2255,799,18,193,5,21,108,3025,219,1904,652,12,151,5,14,68,NA,28000,92124,01920,89,32,2,9,486.96212408236147,596.1467621473398
37081000G44,NC,081,G44,2606,86,1990,399,13,47,0,15,56,2507,82,1919,387,13,46,0,9,51,NA,28000,92124,01920,89,32,2,3,403.5748909337125,494.0627876705392
37081000G45,NC,081,G45,3926,83,2577,1098,9,101,5,5,48,3857,73,2533,1090,9,100,5,5,42,NA,28000,92124,01920,89,32,2,3,620.8968306068325,760.1117559015834
37081000G46,NC,081,G46,5072,77,201,4697,16,21,0,9,51,3210,49,185,2925,12,12,0,2,25,NA,28000,92124,01920,28,31,8,2,516.7432787783075,632.6053244604828
37081000G47,NC,081,G47,3800,350,1765,1404,58,136,1,20,66,2899,262,1538,928,40,91,1,5,34,NA,28000,92124,01920,89,32,8,3,466.6787430462036,571.3155251124424
37081000G48,NC,081,G48,3999,184,2903,675,16,153,3,6,59,3625,140,2682,610,13,123,3,1,53,NA,28000,92124,01920,89,32,2,3,583.5496528259704,714.390748027804
37081000G49,NC,081,G49,2321,323,1091,805,19,35,1,11,36,1894,249,934,636,13,32,1,7,22,NA,28000,92124,01920,89,32,2,3,304.8946324006587,373.256848762665
37081000G50,NC,081,G50,5510,643,2477,1817,59,350,0,25,139,4284,487,2101,1315,50,238,0,8,85,NA,28000,92124,01920,89,32,2,3,689.6349552293674,844.2620591865136
37081000G51,NC,081,G51,3290,241,1729,841,25,362,3,6,83,2497,184,1456,543,15,241,2,4,52,NA,28000,92124,01920,89,32,8,3,401.96509878798565,492.0920545725314
37081000G52,NC,081,G52,3519,110,854,2281,54,154,0,10,56,2756,75,779,1723,35,102,0,7,35,NA,28000,92124,01920,89,31,8,2,443.65871536231015,543.1340418109318
37081000G53,NC,081,G53,3581,187,703,2557,27,35,0,9,63,2663,134,563,1883,22,25,0,1,35,NA,28000,92124,01920,28,31,8,2,428.68764840705074,524.8062239994598
37081000G54,NC,081,G54,3427,283,1249,1767,42,36,0,4,46,2672,205,1058,1319,34,27,0,1,28,NA,28000,92124,01920,89,31,8,2,430.1364613382049,526.5798837876667
37081000G55,NC,081,G55,3545,63,1153,2177,25,57,0,1,69,2636,39,977,1528,21,38,0,0,33,NA,28000,92124,01920,28,31,8,2,424.3412096135884,519.485244634839
37081000G56,NC,081,G56,2705,62,1130,977,15,432,0,1,88,2042,45,967,675,10,289,0,0,56,NA,28000,92124,01920,89,32,8,3,328.7195561574156,402.42369861317945
37081000G57,NC,081,G57,2722,90,980,1452,21,136,2,4,37,1981,48,824,986,14,91,2,3,13,NA,28000,92124,01920,89,32,8,2,318.89982406848196,390.4022267153323
37081000G58,NC,081,G58,2886,355,1222,983,15,214,2,17,78,2321,278,1046,782,12,144,2,9,48,NA,28000,92124,01920,89,32,8,3,373.6327570231937,457.4071520475953
37081000G59,NC,081,G59,2157,76,1044,849,22,122,0,3,41,1656,60,826,643,16,89,0,1,21,NA,28000,92124,01920,89,32,8,3,266.58157933236055,326.35340103008093
37081000G60,NC,081,G60,3865,629,1642,1294,16,182,1,19,82,3059,474,1404,981,14,122,1,5,58,NA,28000,92124,01920,89,32,8,3,492.43541737783266,602.8472546805662
37081000G61,NC,081,G61,3490,238,1379,1563,14,188,0,18,90,2566,174,1139,1070,12,136,0,0,35,NA,28000,92124,01920,89,32,8,2,413.07266459350063,505.69011294878476
37081000G62,NC,081,G62,2151,50,1616,350,2,111,0,3,19,1525,28,1180,227,2,80,0,1,7,NA,28000,92124,01920,89,32,8,2,245.49330222333924,300.5367974461796
37081000G63,NC,081,G63,2402,54,1806,431,2,70,4,8,27,2008,46,1534,346,2,55,4,3,18,NA,28000,92124,01920,89,32,2,9,323.2462628619444,395.7232060799532
37081000G64,NC,081,G64,3689,91,2263,1177,11,97,6,5,39,3004,66,1986,829,8,83,4,1,27,NA,28000,92124,01920,89,32,2,2,483.58156057633516,592.0082226415236
37081000G65,NC,081,G65,3330,75,2633,384,7,157,0,8,66,2354,45,1896,267,5,103,0,2,36,NA,28000,92124,01920,89,32,2,2,378.94507110409216,463.9105712710208
37081000G66,NC,081,G66,3673,128,2957,313,13,213,0,6,43,2388,70,1927,219,7,148,0,0,17,NA,28000,92124,01920,89,32,2,2,384.41836439956336,470.61106380424707
37081000G67,NC,081,G67,2467,28,24,2376,8,5,5,0,21,2223,23,21,2145,8,3,4,0,19,NA,28000,91228,01920,26,31,8,2,357.8567939950709,438.0939676871195
37081000G68,NC,081,G68,2167,92,10,2044,5,3,0,3,10,1989,75,10,1886,5,3,0,1,9,NA,28000,91228,01920,26,31,8,2,320.1876577850635,391.9788131937385
37081000G69,NC,081,G69,2758,51,68,2584,26,1,0,0,28,2159,45,58,2016,17,1,0,0,22,NA,28000,91228,01920,28,31,8,2,347.5541242624193,425.4812758598699
37081000G70,NC,081,G70,2627,81,21,2481,3,14,0,6,21,1830,56,17,1728,3,11,0,4,11,NA,28000,91228,01920,26,31,8,2,294.5919626680071,360.6441569354155
37081000G71,NC,081,G71,4225,204,64,3888,12,16,0,7,34,2830,128,53,2601,8,12,0,4,24,NA,28000,91228,01920,26,31,8,2,455.5711772406886,557.717466736189
37081000G72,NC,081,G72,3401,258,429,2564,22,44,1,13,70,2347,182,367,1724,15,28,1,2,28,NA,28000,91228,01920,26,31,8,3,377.8182166020834,462.5310581024154
37081000G73,NC,081,G73,2352,49,105,2155,5,3,0,3,32,1850,34,97,1688,4,3,0,1,23,NA,28000,91228,01920,28,31,8,2,297.81154695946077,364.585623131431
37081000G74,NC,081,G74,2731,29,17,2641,11,0,0,5,28,2164,20,17,2088,9,0,0,2,28,NA,28000,91228,01920,26,31,8,2,348.3590203352827,426.46664240887384
37081000G75,NC,081,G75,1799,25,189,1535,1,22,1,0,26,1370,16,161,1151,1,21,0,0,20,NA,28000,91228,01920,28,31,8,2,220.54152396457363,269.9904344270597
37081000GIB,NC,081,GIB,2779,154,2052,525,11,5,1,0,31,2073,108,1588,355,6,3,1,0,12,NA,25980,92716,01920,29,31,2,9,260.47971876690104,375.2103839913467
37081000GO8,NC,081,GO8,3651,312,1594,1544,17,134,0,7,43,2729,230,1340,1056,8,77,0,1,17,NA,28000,91228,01920,89,32,8,3,439.3122765688477,537.8130624463108
37081000H01,NC,081,H01,3893,704,1911,986,47,161,0,7,77,2729,476,1528,538,37,96,0,2,52,NA,31400,91484,01920,27,32,2,2,439.3122765688477,537.8130624463108
37081000H02,NC,081,H02,2533,355,1540,519,11,72,0,2,34,1927,230,1304,322,10,41,0,0,20,NA,31400,91484,01920,27,32,8,2,310.20694648155717,379.7602679860905
37081000H03,NC,081,H03,4342,441,1503,1896,34,358,0,2,108,3177,322,1261,1253,25,258,0,1,57,NA,31400,91484,01920,28,31,8,2,511.430964697409,626.1019052370574
37081000H04,NC,081,H04,3869,206,2465,769,47,286,1,6,89,2824,141,1982,423,35,189,0,3,51,NA,31400,91484,01920,27,31,2,9,454.6053019532525,556.5350268773843
37081000H05,NC,081,H05,4205,129,1403,2272,26,254,0,12,109,2875,87,1133,1417,18,157,0,7,56,NA,31400,91484,01920,28,31,2,2,462.8152418964592,566.5857656772238
37081000H06,NC,081,H06,2696,35,2286,291,9,60,0,0,15,1955,22,1687,192,2,46,0,0,6,NA,31400,91484,01920,28,31,2,2,314.7143644895923,385.2783206605122
37081000H07,NC,081,H07,3197,167,475,2430,12,82,0,5,26,2257,125,390,1660,11,55,0,0,16,NA,31400,91484,01920,28,31,8,2,363.3300872905421,444.7944602203458
37081000H08,NC,081,H08,2669,259,319,2018,12,42,0,1,18,1874,187,274,1361,11,31,0,0,10,NA,31400,91484,01920,28,31,8,2,301.6750481092051,369.31538256664953
37081000H09,NC,081,H09,4272,182,163,3784,16,54,0,15,58,2731,111,122,2412,12,40,0,6,28,NA,31400,91484,01920,28,31,8,2,439.63423499799313,538.2072090659125
37081000H10,NC,081,H10,3255,86,589,2498,4,40,1,8,29,2304,46,480,1737,4,27,0,0,10,NA,31400,91484,01920,28,31,8,2,370.8961103754581,454.0569057809821
37081000H11,NC,081,H11,3747,60,1383,2194,7,53,0,10,40,3063,53,1289,1647,4,36,0,6,28,NA,31400,91484,01920,28,31,8,2,493.0793342361234,603.6355479197692
37081000H12,NC,081,H12,2636,240,1460,820,20,51,0,3,42,2054,176,1238,567,13,39,0,1,20,NA,31400,91484,01920,89,31,8,2,330.6513067322877,404.78857833078877
37081000H13,NC,081,H13,2667,160,2195,249,5,28,0,4,26,2131,120,1765,205,5,15,0,0,21,NA,31400,91484,01920,89,32,8,2,343.0467062543842,419.9632231854483
37081000H14,NC,081,H14,1736,17,1672,25,2,15,0,0,5,1371,11,1328,17,2,12,0,0,1,NA,31400,91484,01920,27,32,2,9,220.7025031791463,270.1875077368605
37081000H15,NC,081,H15,2321,46,1891,245,12,112,0,0,15,1836,36,1533,177,8,75,0,0,7,NA,31400,91484,01920,27,19,2,9,295.5578379554432,361.8265967942201
37081000H16,NC,081,H16,2079,99,1732,163,4,50,0,0,31,1600,62,1380,105,4,32,0,0,17,NA,31400,91484,01920,27,19,2,9,257.56674331629034,315.3172956812376
37081000H17,NC,081,H17,2581,113,1667,693,9,60,3,10,26,2007,83,1406,460,8,35,3,0,12,NA,31400,91484,01920,89,32,2,2,323.08528364737174,395.5261327701524
37081000H18,NC,081,H18,2740,94,1342,1138,2,126,0,13,25,2120,68,1139,811,2,80,0,7,13,NA,31400,91484,01920,89,32,2,2,341.27593489408474,417.79541677763984
37081000H19,NC,081,H19,3256,127,1819,1209,8,47,1,5,40,2542,86,1552,831,6,37,0,2,28,NA,31400,91484,01920,89,32,8,2,409.20916344375627,500.9603535135662
37081000H20,NC,081,H20,3538,48,2959,392,7,81,1,14,36,2787,36,2393,261,6,61,1,4,25,NA,31400,91484,01920,27,19,2,9,448.6490710140632,549.2433144147557
37081000H21,NC,081,H21,1632,32,1435,119,4,30,1,0,11,1328,19,1192,85,4,23,1,0,4,NA,31400,91484,01920,27,19,2,9,213.78039695252102,261.7133554154272
37081000H22,NC,081,H22,2503,194,1862,378,13,32,0,2,22,1936,146,1487,258,11,26,0,1,7,NA,31400,91484,01920,27,19,2,9,311.65575941271135,381.53392777429747
37081000H23,NC,081,H23,2045,48,1809,142,5,34,0,2,5,1637,34,1470,101,5,23,0,0,4,NA,31400,91484,01920,27,19,2,9,263.5229742554796,322.6090081438662
37081000H24,NC,081,H24,1998,33,1657,242,4,44,0,6,12,1485,22,1263,160,3,30,0,3,4,NA,31400,91484,01920,27,19,2,9,239.05413364043198,292.65386505414864
37081000H25,NC,081,H25,2927,24,2634,178,8,63,0,0,20,2033,11,1853,114,7,41,0,0,7,NA,31400,90896,01920,27,19,2,9,327.2707432262614,400.6500388249725
37081000H26,NC,081,H26,2014,36,1788,124,5,48,0,3,10,1491,21,1343,86,4,31,0,0,6,NA,31400,91484,01920,27,19,2,9,240.02000892786808,293.83630491295327
37081000H27,NC,081,H27,3984,68,3373,343,1,163,4,1,31,2768,45,2348,241,1,114,4,0,15,NA,31400,90896,01920,27,19,2,9,445.59046593718233,545.498921528541
37081000OR1,NC,081,OR1,2858,60,2653,103,9,10,0,0,23,2011,41,1869,76,6,7,0,0,12,NA,48480,92360,01920,84,19,2,9,154.11669701527987,362.0468688148207
37081000OR2,NC,081,OR2,1956,9,1811,98,9,19,0,3,7,1414,5,1307,75,6,16,0,0,5,NA,48480,92360,01920,84,19,2,9,108.36450003958514,254.56701765497584
37081000PG1,NC,081,PG1,2628,61,2084,392,43,6,1,2,39,1952,38,1599,268,28,5,0,1,13,NA,52760,91096,01920,38,19,2,9,192.31849698054128,533.5146499664505
37081000PG2,NC,081,PG2,3213,25,2897,248,16,7,0,1,19,2430,18,2208,177,8,6,0,0,13,NA,52760,91096,01920,38,19,2,9,239.412883023932,664.1601431447103
37081000RC1,NC,081,RC1,1958,14,1270,650,3,3,0,3,15,1578,9,1037,517,3,3,0,1,8,NA,60180,92716,01920,29,31,2,9,198.28123309897242,285.6160086533261
37081000RC2,NC,081,RC2,2490,41,2248,162,10,4,0,5,20,1896,25,1725,126,6,3,0,2,9,NA,73760,92716,01920,29,31,2,9,238.23904813412656,343.1736073553272
37081000SF1,NC,081,SF1,2143,44,1910,142,16,5,0,3,23,1643,28,1485,98,15,3,0,1,13,NA,65580,90396,01920,84,19,2,9,125.91433774047978,295.7946322539783
37081000SF2,NC,081,SF2,1906,18,1789,72,4,8,0,5,10,1397,9,1317,57,3,7,0,0,4,NA,65580,90396,01920,84,19,2,9,107.06167366004276,251.50645237906738
37081000SF3,NC,081,SF3,2077,17,1949,58,4,34,1,3,11,1553,13,1467,41,4,24,0,1,3,NA,28000,90396,01920,84,19,2,9,119.01702161349063,279.59163961681577
37081000SF4,NC,081,SF4,3224,85,2931,147,1,34,0,5,21,2202,61,2007,100,1,21,0,1,11,NA,65580,90396,01920,84,19,2,9,168.75433457366796,396.43321985591007
3708100FEN1,NC,081,FEN1,3877,59,2044,1609,15,68,2,7,73,2932,32,1635,1158,11,43,0,2,51,NA,28000,91096,01920,38,19,2,2,288.87184075150975,801.3652426750168
3708100FEN2,NC,081,FEN2,2043,3,1934,92,3,2,0,1,8,1628,1,1544,70,3,2,0,1,7,NA,24198,91096,01920,29,19,2,9,160.396779244017,444.95996421382245
3708100JAM1,NC,081,JAM1,3088,63,2681,242,6,74,0,2,20,2336,41,2047,174,5,54,0,1,14,NA,34300,91640,01920,28,31,8,2,376.0474452417839,460.3632516946069
3708100JAM2,NC,081,JAM2,1730,24,1389,215,7,82,1,4,8,1293,11,1075,145,2,54,1,0,5,NA,34300,91640,01920,28,31,8,2,208.14612444247717,254.81578957240015
3708100JAM3,NC,081,JAM3,2398,60,1869,308,4,127,10,0,20,1805,37,1451,214,3,89,3,0,8,NA,28000,91640,01920,28,31,8,2,290.56748230369004,355.71732419039614
3708100JAM4,NC,081,JAM4,2341,46,2212,47,3,26,0,1,6,1834,35,1731,39,3,23,0,0,3,NA,28000,91640,01920,28,31,8,9,295.2358795262978,361.43245017461857
3708100JAM5,NC,081,JAM5,2469,23,2310,37,25,55,0,1,18,1976,19,1861,29,19,38,0,1,9,NA,31400,91640,01920,27,19,2,9,318.0949279956186,389.41686016632843
3708100JEF1,NC,081,JEF1,2945,68,2531,282,24,7,0,5,28,2238,41,1913,239,17,7,0,1,20,NA,40460,91656,01920,26,31,2,9,360.2714822136611,441.05006733413103
3708100JEF2,NC,081,JEF2,2650,124,2106,355,19,16,0,3,27,1994,71,1623,264,15,8,0,0,13,NA,28000,91656,01920,26,31,2,3,320.99255385792685,392.9641797427424
3708100JEF3,NC,081,JEF3,2368,28,1328,940,14,21,0,5,32,1834,20,1053,717,11,14,0,2,17,NA,28000,91656,01920,26,31,2,2,295.2358795262978,361.43245017461857
3708100JEF4,NC,081,JEF4,1591,11,1415,118,4,31,0,0,12,1243,6,1106,94,4,25,0,0,8,NA,NA,91656,01920,26,31,2,9,200.0971637138431,244.96212408236147
3708100MON1,NC,081,MON1,2494,126,1927,370,24,18,0,2,27,1921,76,1532,265,16,13,0,0,19,NA,28000,92104,01920,26,31,2,9,206.71909212283046,383.1740987983979
3708100MON2,NC,081,MON2,3936,89,2728,1050,26,4,2,10,27,2847,56,2096,662,13,4,2,5,9,NA,28000,92104,01920,26,31,2,3,306.36608811749,567.8795727636849
3708100MON3,NC,081,MON3,3705,71,2946,624,12,11,0,4,37,2722,49,2183,454,9,7,0,1,19,NA,28000,92104,01920,29,31,2,9,292.9148197596796,542.9463284379173
3708100NCGR,NC,081,NCGR,3556,33,3312,156,15,19,0,1,20,2519,20,2354,111,9,14,0,1,10,NA,65580,90600,01920,29,19,2,9,405.50664150858466,496.42766738814845
3708100NDRI,NC,081,NDRI,2213,31,2116,26,10,15,0,3,12,1666,21,1596,22,8,10,0,1,8,NA,28000,92124,01920,27,19,2,9,268.1913714780873,328.32413412808864
3708100NMAD,NC,081,NMAD,2348,68,1548,716,7,2,0,1,6,1757,45,1150,548,6,2,0,0,6,NA,NA,91952,01920,26,12,2,3,230.04829704075937,331.58347292015634
3708100SDRI,NC,081,SDRI,2347,7,2270,39,5,21,0,2,3,1779,6,1723,28,5,15,0,0,2,NA,31400,90896,01920,27,19,2,9,286.3820227248004,350.5934181355761
3708100SMAD,NC,081,SMAD,2488,48,1962,423,9,20,0,0,26,1825,32,1458,298,5,18,0,0,14,NA,NA,91952,01920,29,12,2,9,238.95170295924066,344.41652707984366
3708100STOK,NC,081,STOK,3267,63,2916,227,10,22,0,2,27,2411,42,2170,163,8,16,0,2,10,NA,65040,92360,01920,84,12,2,9,184.7714353574539,434.06016942443193
3708100SUM1,NC,081,SUM1,2093,29,1429,538,8,62,1,1,25,1655,17,1175,406,7,39,1,1,9,NA,28000,93176,01920,28,31,8,2,158.52937033384984,444.3484997887026
3708100SUM2,NC,081,SUM2,2290,41,1611,587,15,19,0,1,16,1747,26,1289,398,13,12,0,1,8,NA,28000,93176,01920,38,31,2,2,167.34187913790674,469.0494435836033
3708100SUM3,NC,081,SUM3,2098,133,1837,99,13,4,0,1,11,1567,78,1410,63,7,2,0,0,7,NA,NA,93176,01920,38,31,2,9,150.10001408649106,420.72151007184107
3708100SUM4,NC,081,SUM4,2776,47,2631,53,30,0,0,0,15,2130,28,2037,37,20,0,0,0,8,NA,52760,93176,01920,38,31,2,9,204.02873644175233,571.8805465558529
370810NCLAY,NC,081,NCLAY,4189,25,3908,178,24,17,0,6,31,3203,18,3000,131,18,13,0,5,18,NA,24198,90672,01920,29,19,2,9,278.68329466357307,987.1581593194121
370810NWASH,NC,081,NWASH,1446,40,1351,44,0,2,0,1,8,1114,29,1045,34,0,1,0,0,5,NA,NA,93908,01920,29,12,2,9,116.31896103896104,254.62857142857143
370810SCLAY,NC,081,SCLAY,2589,24,2431,101,12,7,2,1,11,1969,18,1862,70,7,4,2,0,6,NA,NA,90672,01920,29,19,2,9,171.3167053364269,606.8418406805878
370810SWASH,NC,081,SWASH,1045,18,909,100,4,4,0,2,8,811,9,704,88,3,2,0,0,5,NA,NA,93908,01920,29,12,2,9,84.68103896103896,185.37142857142857
37083000BUT,NC,083,BUT,550,3,232,303,12,0,0,0,0,423,2,190,221,10,0,0,0,0,9745,NA,90468,01950,7,2,11,4,84,73
37083000CON,NC,083,CON,663,24,156,480,0,1,0,0,2,520,12,131,376,0,1,0,0,0,NA,NA,90752,01950,7,2,11,4,260,65
37083000HAL,NC,083,HAL,2838,30,732,2042,20,8,0,1,5,2441,23,637,1751,18,6,0,1,5,NA,28920,91372,04890,7,2,11,4,445,208
37083000HOB,NC,083,HOB,826,28,316,476,0,5,0,0,1,617,17,268,329,0,3,0,0,0,NA,31860,92432,01950,7,2,11,4,129.49382716049382,86.96399176954732
37083000HOL,NC,083,HOL,3217,36,162,1433,1489,6,0,3,88,2290,15,124,1038,1047,4,0,3,59,9745,NA,90368,01950,7,2,11,4,689.0975215517242,151.1449353448276
37083000PAL,NC,083,PAL,484,4,58,411,1,0,0,5,5,355,3,50,295,1,0,0,4,2,NA,59780,92432,01950,7,2,11,4,74.50617283950616,50.03600823045267
37083000ROS,NC,083,ROS,641,0,315,321,1,1,0,0,3,485,0,263,219,1,1,0,0,1,NA,NA,92756,01950,7,2,11,4,97,92
37083000RR1,NC,083,RR1,1483,30,1064,359,6,13,0,4,7,1028,19,787,208,3,8,0,0,3,NA,56900,92704,03900,22,10,11,4,160.3712944946778,239.90980885887603
37083000RR2,NC,083,RR2,667,1,541,109,6,7,0,2,1,485,1,403,69,4,7,0,0,1,NA,56900,92704,03900,22,10,11,4,75.66155430925947,113.18702071649307
37083000RR3,NC,083,RR3,1641,9,1470,147,3,0,2,0,10,1219,8,1111,90,3,0,2,0,5,NA,56900,92704,03900,22,10,11,4,190.16790660409754,284.4844912441342
37083000RR4,NC,083,RR4,1416,14,1289,69,4,31,1,2,6,1050,5,979,40,1,19,1,0,5,NA,56900,92704,03900,22,10,11,4,163.8033649994277,245.04406546869635
37083000RR5,NC,083,RR5,1777,28,1370,358,7,1,0,2,11,1246,15,994,227,5,1,0,1,3,NA,56900,92704,03900,22,10,11,4,194.37999313265422,290.7856243561863
37083000RR6,NC,083,RR6,1417,9,1262,92,16,30,0,0,8,1037,4,935,62,10,21,0,0,5,NA,56900,92704,03900,22,10,11,4,161.77532333753004,242.01018656289344
37083000RR7,NC,083,RR7,2183,13,809,1334,9,7,0,1,10,1559,12,656,875,4,5,0,0,7,NA,56900,92704,01950,7,10,11,4,243.20899622295985,363.8320933959025
37083000RR8,NC,083,RR8,2090,21,1176,864,9,14,1,3,2,1587,11,956,598,9,9,1,1,2,NA,56900,92704,03900,22,10,11,4,247.57708595627787,370.366601808401
37083000RR9,NC,083,RR9,4252,21,1580,2577,38,11,0,1,24,3090,16,1293,1726,30,8,0,1,16,9745,56900,92704,01950,7,10,11,4,482.04990271260164,721.1296783793065
37083000SN1,NC,083,SN1,2666,47,158,2436,3,0,0,4,18,1797,33,139,1609,2,0,0,0,14,NA,59780,92864,01950,7,2,11,4,512.1799610894942,338.5398832684825
37083000SN2,NC,083,SN2,1601,28,884,684,0,0,0,0,5,1287,19,758,508,0,0,0,0,2,NA,59780,92864,01950,7,2,11,4,366.82003891050584,242.46011673151753
3708300ENF1,NC,083,ENF1,2092,26,377,1677,8,0,0,0,4,1430,17,329,1075,5,0,0,0,4,NA,21360,91036,01950,7,2,11,4,462.1184919210054,195.4376122082585
3708300ENF2,NC,083,ENF2,2548,22,264,2242,1,0,1,3,15,1840,10,226,1594,1,0,1,0,8,NA,21360,91036,01950,7,2,11,4,594.6140035906642,251.4721723518851
3708300ENF3,NC,083,ENF3,1626,22,435,1146,6,6,0,3,8,1186,14,368,790,3,6,0,0,5,NA,21360,91036,01950,7,2,11,4,383.26750448833036,162.0902154398564
3708300LIT1,NC,083,LIT1,2476,23,617,1802,19,4,0,2,9,1836,14,513,1283,15,4,0,0,7,9745,38680,91876,01950,7,2,11,4,442.2360398430426,299.25747057047994
3708300LIT2,NC,083,LIT2,1748,7,1215,502,6,4,0,0,14,1477,6,1076,378,5,4,0,0,8,NA,38680,91876,01950,22,2,11,4,355.76396015695747,240.7425294295201
3708300RING,NC,083,RING,2053,18,207,1750,58,1,0,11,8,1422,8,169,1196,38,1,0,3,7,9745,NA,90368,01950,7,10,11,4,427.9024784482759,93.85506465517241
3708300RR10,NC,083,RR10,3701,37,2727,765,22,123,1,3,23,2839,28,2112,571,18,90,1,2,17,NA,56900,92704,03900,22,10,11,4,442.89309831750023,662.5524779672656
3708300RR11,NC,083,RR11,3210,20,2188,948,8,27,0,2,17,2334,12,1629,660,5,17,0,2,9,NA,56900,92704,01950,22,10,11,4,364.1114799130136,544.6979512418451
3708300WEL1,NC,083,WEL1,1667,8,389,1241,4,2,0,0,23,1103,7,335,749,2,2,0,0,8,NA,71780,93932,04890,7,2,11,4,296.3566863323501,150.4830383480826
3708300WEL2,NC,083,WEL2,779,7,291,475,2,1,0,0,3,630,6,258,362,2,1,0,0,1,NA,71780,93932,04890,7,2,11,4,169.26991150442475,85.95132743362831
3708300WEL3,NC,083,WEL3,3210,21,934,2211,14,3,0,6,21,2335,12,751,1544,9,2,0,3,14,9745,63560,93932,04890,7,2,11,4,627.3734021632253,318.5656342182891
370830FAUCT,NC,083,FAUCT,1848,22,1051,764,6,4,0,0,1,1417,17,861,531,4,4,0,0,0,9745,NA,91088,01950,7,10,11,4,268,304
37085000101,NC,085,101,10409,708,6780,2346,151,124,14,30,256,7062,418,4869,1435,95,101,11,10,123,9635,NA,90060,02010,19,15,12,5,443,667
37085000201,NC,085,201,3400,128,1565,1653,26,8,0,0,20,2558,73,1237,1213,21,6,0,0,8,9635,18320,90104,02010,19,15,12,5,397.9111111111111,679.8095038434661
37085000202,NC,085,202,2564,103,1446,918,46,12,1,8,30,1852,68,1139,580,34,11,0,3,17,9635,18320,90104,02010,19,15,12,5,288.0888888888889,492.18420684835786
37085000203,NC,085,203,1771,38,1050,608,34,17,0,4,20,1295,24,854,374,25,12,0,3,3,9635,18320,90104,02010,19,15,12,5,201.44444444444446,344.15688329839276
37085000204,NC,085,204,2387,66,1611,649,19,16,1,2,23,1871,47,1320,464,14,11,1,1,13,9635,18320,90104,02010,19,15,12,5,291.0444444444445,497.23361285814116
37085000205,NC,085,205,2822,49,2312,394,28,18,5,0,16,2184,30,1871,238,22,11,3,0,9,9635,18320,90104,02010,19,15,12,5,339.73333333333335,580.4159329140462
37085000301,NC,085,301,9811,464,7096,1855,55,122,6,29,184,6759,242,5081,1196,42,101,6,8,83,9635,NA,90152,02010,19,15,12,5,439,443
37085000401,NC,085,401,8085,932,5645,1348,33,55,2,3,67,5936,639,4285,906,24,40,2,1,39,9635,01400,90292,02010,19,15,12,5,706,829
37085000501,NC,085,501,1905,87,1588,205,9,1,0,1,14,1360,46,1169,126,9,1,0,1,8,NA,NA,90416,02010,19,15,12,5,130,263
37085000601,NC,085,601,1829,82,1309,418,5,2,0,0,13,1384,52,1041,276,5,2,0,0,8,9635,21740,90920,02010,19,15,12,5,215.2888888888889,367.8093640810622
37085000602,NC,085,602,1411,52,1042,274,21,0,0,0,22,1076,33,818,201,12,0,0,0,12,9635,21740,90920,02010,19,15,12,5,167.37777777777777,285.9558350803634
37085000603,NC,085,603,2746,80,2434,131,62,5,1,3,30,2090,46,1889,84,49,5,1,2,14,9635,21740,90920,02010,19,15,12,5,325.11111111111114,555.4346610761705
37085000701,NC,085,701,4435,611,3141,616,13,15,1,0,38,3218,384,2378,415,10,12,1,0,18,9635,13360,91348,02010,19,15,12,5,327.74645466265576,502.9133361982524
37085000702,NC,085,702,5040,303,4033,637,21,10,1,2,33,3763,210,3104,408,14,10,1,0,16,9635,13360,91348,02010,19,15,12,5,383.2535453373442,588.0866638017476
37085000801,NC,085,801,3629,204,2948,418,21,7,0,3,28,2690,143,2231,275,18,7,0,1,15,NA,38220,91444,02010,19,15,12,5,251.75595629853888,313.01303145978676
37085000901,NC,085,901,7097,370,4697,1771,53,43,4,16,143,4774,225,3274,1118,37,37,1,7,75,9815,NA,91668,02010,19,15,12,5,364,280
37085001001,NC,085,1001,4573,269,2276,1938,37,17,2,0,34,3647,196,1889,1502,29,12,2,0,17,9635,38220,91812,02010,19,15,12,5,866,548
37085001101,NC,085,1101,2252,132,1806,270,4,16,0,1,23,1669,89,1384,171,3,11,0,1,10,9635,38220,92220,02010,19,15,12,5,156.20100039489273,194.2077135711465
37085001102,NC,085,1102,3669,93,2879,580,12,74,1,2,28,3238,79,2591,466,7,66,1,2,26,9635,08760,92220,02010,19,15,12,5,303.0430433065684,376.77925496906676
37085001201,NC,085,1201,3482,33,1454,1890,59,2,3,2,39,2521,23,1107,1325,42,2,3,0,19,9635,NA,93124,02010,19,15,12,5,442,224
37085001301,NC,085,1301,5421,242,3952,1134,28,5,5,11,44,3907,150,2950,756,22,4,3,3,19,9635,38220,93844,02010,19,15,12,5,530.5279884434814,404.95088479595523
37085001302,NC,085,1302,2287,290,1644,318,15,4,1,1,14,1631,176,1220,211,10,4,1,0,9,NA,08080,93844,02010,19,15,12,5,221.47201155651862,169.0491152040448
370870000AC,NC,087,AC,2620,35,2543,6,18,3,3,0,12,2076,23,2028,3,11,3,2,0,6,NA,71500,93920,02040,52,29,7,1,418.5945339873861,421.6496145760336
370870000BC,NC,087,BC,34,0,34,0,0,0,0,0,0,31,0,31,0,0,0,0,0,0,NA,NA,90552,02040,52,29,7,1,6.2506890913338005,6.296309273534221
370870000CE,NC,087,CE,442,2,432,0,8,0,0,0,0,348,2,341,0,5,0,0,0,0,NA,NA,90568,02040,52,42,7,1,70.16902592852138,70.68114926419061
370870000CR,NC,087,CR,1393,9,1357,8,3,6,1,0,9,1112,6,1086,4,3,6,1,0,6,NA,10240,90800,02040,52,29,7,1,224.21826676010278,225.85470684419528
370870000CW,NC,087,CW,1133,33,1041,35,3,3,0,3,15,964,18,890,35,1,3,0,2,15,NA,71500,93920,02040,52,29,7,1,194.37626722728334,195.79490773183835
370870000EF,NC,087,EF,1620,30,1583,0,3,0,0,0,4,1238,22,1210,0,3,0,0,0,3,NA,NA,90956,02040,52,29,7,1,249.62429338939498,251.44615743985048
370870000EW,NC,087,EW,1932,22,1885,8,4,3,0,0,10,1558,13,1524,6,4,2,0,0,9,NA,71500,93920,02040,52,29,7,1,314.1475356225181,316.4403176827844
370870000HA,NC,087,HA,1728,62,1590,48,18,0,2,0,8,1369,32,1267,47,14,0,1,0,8,NA,71500,93920,02040,52,29,7,1,276.03849567857975,278.05314178930155
370870000ID,NC,087,ID,974,3,966,1,3,1,0,0,0,772,3,765,1,2,1,0,0,0,NA,36480,91592,02040,52,29,7,1,155.6623218874095,156.798411586078
370870000IH,NC,087,IH,3704,28,3601,19,19,7,2,2,26,3152,21,3078,13,17,5,2,0,16,0990,40600,91608,02040,52,29,7,1,635.5539359962626,640.1924783928988
370870000JC,NC,087,JC,3532,44,3404,6,22,18,2,2,34,2759,24,2678,5,12,15,2,1,22,NA,NA,91680,02040,52,29,7,1,556.3113291287083,560.3715253445457
370870000LJ,NC,087,LJ,1765,11,1741,4,2,3,0,0,4,1500,5,1483,3,2,3,0,0,4,NA,36480,93920,02040,52,29,7,1,302.45269796776455,304.6601261387526
370870000PI,NC,087,PI,3645,78,3527,5,10,8,3,0,14,2844,49,2767,3,9,6,0,0,10,NA,NA,92488,02040,52,42,7,1,573.4503153468816,577.6355991590749
370870000SA,NC,087,SA,2518,25,2433,3,16,11,0,0,30,2011,15,1953,3,11,9,0,0,20,NA,71500,93920,02040,52,29,7,1,405.48825040878296,408.4476757766877
370870000WO,NC,087,WO,313,1,311,0,1,0,0,0,0,261,0,260,0,1,0,0,0,0,NA,NA,93972,02040,52,29,7,1,52.62676944639103,53.01086194814295
370870000WW,NC,087,WW,1904,22,1849,5,18,1,1,1,7,1528,20,1481,5,16,1,1,1,3,NA,71500,93920,02040,52,29,7,1,308.0984816631628,310.3471151600093
37087000BE1,NC,087,BE1,1695,15,1661,6,3,0,0,0,10,1316,10,1292,6,3,0,0,0,5,NA,72150,90196,02040,52,29,7,1,265.3518336837188,267.28848399906565
37087000BE2,NC,087,BE2,1497,38,1425,17,7,3,1,0,6,1185,24,1139,10,6,1,1,0,4,NA,10240,90196,02040,52,29,7,1,238.93763139453398,240.68149964961455
37087000BE3,NC,087,BE3,2448,71,2329,12,10,6,0,0,20,1949,52,1862,9,7,4,0,0,15,NA,10240,90196,02040,52,29,7,1,392.9868722261154,395.8550572296192
37087000BE4,NC,087,BE4,1848,24,1794,13,4,0,0,1,12,1442,16,1407,7,4,0,0,0,8,NA,10240,90196,02040,52,29,7,1,290.757860313011,292.87993459472085
37087000BE7,NC,087,BE7,1506,4,1483,10,1,1,1,0,6,1119,2,1106,7,1,1,1,0,1,NA,10240,90196,02040,52,29,7,1,225.62971268395233,227.27645409950944
37087000CPI,NC,087,CPI,1694,7,1670,0,5,1,0,3,8,1278,4,1262,0,4,1,0,2,5,NA,NA,92488,02040,52,42,7,1,257.6896986685354,259.5704274702172
37087000FC1,NC,087,FC1,808,6,784,11,2,0,0,0,5,638,1,625,9,0,0,0,0,3,NA,NA,91104,02040,52,29,7,1,128.6432142022892,129.58210698434945
37087000FC2,NC,087,FC2,197,0,193,0,2,1,0,0,1,152,0,150,0,1,1,0,0,0,NA,NA,91104,02040,52,29,7,1,30.64854006073347,30.872226115393598
37087000NCL,NC,087,NCL,2949,48,2805,37,19,9,0,0,31,2203,31,2112,28,8,8,0,0,16,NA,13280,90704,02040,52,29,7,1,444.20219574865683,447.44417192244805
37087000SCL,NC,087,SCL,3126,44,3006,22,20,17,1,1,15,2408,29,2322,19,13,13,1,0,11,NA,13280,90704,02040,52,29,7,1,485.5373978042513,489.0810558280775
37087000SW1,NC,087,SW1,2414,18,2302,64,9,5,0,2,14,1953,10,1867,55,7,5,0,2,7,NA,71500,93920,02040,52,29,7,1,393.7934127540294,396.6674842326559
37087000SW2,NC,087,SW2,2314,41,2097,145,11,5,0,2,13,1817,19,1684,100,7,4,0,0,3,NA,71500,93920,02040,52,29,7,1,366.3710348049521,369.044966129409
370870BE5-6,NC,087,BE5-6,2280,42,2024,189,10,1,0,0,14,1827,29,1640,144,5,1,0,0,8,NA,10240,90196,02040,52,29,7,1,368.38738612473725,371.0760336370007
370890000AR,NC,089,AR,1802,110,1609,58,0,11,0,1,13,1469,91,1334,29,0,8,0,1,6,NA,19420,91456,02100,50,29,7,1,165.3447478688051,370.38072532870973
370890000AT,NC,089,AT,2910,27,2858,5,1,7,0,4,8,2390,17,2355,3,1,5,0,3,6,NA,69640,91456,02100,50,42,7,1,269.00881375523767,602.5935558445311
370890000BC,NC,089,BC,880,43,815,8,3,0,0,0,11,686,23,645,8,2,0,0,0,8,NA,12460,90972,02100,50,42,7,1,82.83958556627367,137.73919256877457
370890000BK,NC,089,BK,719,54,461,183,2,5,0,0,14,530,32,360,128,2,5,0,0,3,NA,23760,91536,02100,68,29,7,1,59.65467418003178,133.62953330443577
370890000CB,NC,089,CB,1408,15,1357,11,6,6,0,7,6,1055,13,1021,4,5,4,0,5,3,NA,NA,90796,02100,50,42,7,1,91.63227953410983,213.45757071547422
370890000CC,NC,089,CC,3551,110,3370,27,11,13,0,2,18,2738,79,2605,19,11,10,0,1,13,NA,30720,90680,02100,50,29,7,1,308.1782979338246,690.3352116746134
370890000ED,NC,089,ED,2795,263,2438,62,9,8,0,1,14,2113,177,1865,45,9,7,0,1,9,NA,NA,90972,02100,50,42,7,1,255.16041443372634,424.26080743122543
370890000EF,NC,089,EF,3776,399,3197,110,9,14,0,2,45,2897,261,2515,85,9,11,0,0,16,NA,19420,91456,02100,50,42,7,1,326.07470018783414,730.4240716659442
370890000ES,NC,089,ES,2517,165,2301,27,3,10,0,0,11,1950,102,1813,20,2,6,0,0,7,NA,21880,90796,02100,50,42,7,1,169.3677204658902,394.5424292845258
370890000EV,NC,089,EV,2376,9,2313,27,2,6,4,3,12,1982,5,1941,19,1,4,1,1,10,NA,21880,92076,02100,50,42,7,1,262.1764625664803,522.4609300422748
370890000FL,NC,089,FL,4185,65,3878,138,5,52,0,2,45,3187,45,2987,89,4,40,0,1,21,NA,23760,91536,02100,50,42,7,1,358.7159370033232,803.5421181910128
370890000FR,NC,089,FR,2565,30,2506,12,1,3,0,0,13,2215,18,2179,9,1,3,0,0,5,NA,23600,91456,02100,50,42,7,1,249.31151567692532,558.4705967345759
370890000GM,NC,089,GM,1755,115,1534,69,4,16,0,0,17,1424,84,1261,51,4,14,0,0,10,NA,03220,91456,02100,50,42,7,1,160.27972836295334,359.03482155757837
370890000GR,NC,089,GR,2883,82,2772,6,10,0,0,1,12,2186,52,2112,3,10,0,0,0,9,NA,23600,91316,02100,50,42,7,1,278.643693542991,578.4964871194379
370890000HC,NC,089,HC,2155,26,2076,7,8,2,0,0,36,1649,16,1596,4,7,2,0,0,24,NA,23760,91536,02100,50,42,7,1,185.6048258922121,415.76434041323506
370890000HS,NC,089,HS,2405,33,2312,29,3,9,0,1,18,1987,24,1924,19,2,9,0,1,8,NA,37160,91456,02100,50,42,7,1,223.64875018060974,500.9846842941771
370890000LJ,NC,089,LJ,1892,14,1851,13,0,8,0,0,6,1656,9,1626,11,0,8,0,0,2,NA,30720,91456,02100,50,29,7,1,186.3927178153446,417.5292587776333
370890000LP,NC,089,LP,1835,10,1798,9,1,5,0,0,12,1602,5,1575,8,1,3,0,0,10,NA,37160,91456,02100,50,42,7,1,180.3146944083225,403.9141742522757
370890000MG,NC,089,MG,1818,289,1439,62,10,6,0,0,12,1391,164,1158,47,9,4,0,0,9,NA,30720,91456,02100,50,29,7,1,156.5653807253287,350.7144921254154
370890000NB,NC,089,NB,4787,649,4017,27,17,34,3,2,38,3627,429,3118,19,9,27,2,0,23,NA,30720,90304,02100,50,29,7,1,371.2157738095238,832.3869047619047
370890000NE,NC,089,NE,2239,103,1954,104,2,41,0,2,33,1811,73,1616,80,1,26,0,0,15,NA,30720,91456,02100,50,29,7,1,203.83889611327845,456.60959398930794
370890000NM,NC,089,NM,2693,79,2516,59,7,10,0,0,22,2084,54,1958,48,4,6,0,0,14,NA,02140,92076,02100,68,29,7,1,275.66889404063824,549.3484249284058
370890000NW,NC,089,NW,2809,86,2581,78,8,39,0,1,16,2276,67,2088,75,7,27,0,1,11,NA,03220,91456,02100,68,42,7,1,256.17743100707986,573.8505996243317
370890000PR,NC,089,PR,2958,144,2682,45,5,60,0,0,22,2411,98,2216,36,3,45,0,0,13,NA,44700,91536,02100,50,42,7,1,271.37248952463517,607.8883109377258
370890000PV,NC,089,PV,2258,39,2153,35,4,3,0,0,24,1919,25,1844,30,4,1,0,0,15,NA,37160,91456,02100,50,29,7,1,215.99494292732265,483.8397630400231
370890000RG,NC,089,RG,2746,66,2601,23,6,19,3,0,28,2137,54,2032,18,4,12,3,0,14,NA,44700,91456,02100,68,42,7,1,240.53214853344892,538.8043635312816
370890000RR,NC,089,RR,1024,42,972,1,3,0,0,0,6,803,25,770,1,3,0,0,0,4,NA,58920,91316,02100,50,42,7,1,102.35630645700904,212.50351288056208
370890000SB,NC,089,SB,3232,180,2998,19,7,15,0,0,13,2421,125,2264,7,4,12,0,0,9,NA,19420,90304,02100,50,42,7,1,247.7842261904762,555.6130952380953
370890000SE,NC,089,SE,2455,491,1849,67,11,18,0,1,18,1869,327,1483,37,5,9,0,1,7,NA,03640,91456,02100,50,42,7,1,210.36714347637624,471.23320329432164
370890000SM,NC,089,SM,4335,59,4217,21,4,10,3,5,16,3267,32,3197,15,4,9,1,0,9,NA,NA,92076,02100,50,29,7,1,432.1546433928815,861.1906450293195
370890000SW,NC,089,SW,3038,135,2780,50,3,42,1,2,25,2515,96,2329,39,2,31,1,1,16,NA,69640,91456,02100,50,42,7,1,283.07831238260366,634.1099552087849
37089000HV1,NC,089,HV1,2938,189,2476,226,4,20,0,2,21,2469,113,2156,169,3,17,0,0,11,NA,30720,91456,02100,68,29,7,1,277.900736887733,622.5119202427395
37089000HV2,NC,089,HV2,3915,487,2706,639,4,37,0,2,40,3075,331,2297,395,4,27,0,1,20,NA,30720,91456,02100,68,29,7,1,346.1096662332033,775.3034243606415
37089000HV3,NC,089,HV3,3519,272,2731,429,15,14,1,6,51,2830,195,2279,309,13,12,1,2,19,NA,30720,91456,02100,68,29,7,1,318.53344892356597,713.5312816067042
37091000001,NC,091,01,3157,29,1664,1341,60,20,0,1,42,2385,21,1356,924,43,17,0,0,24,9825,00500,90016,02160,6,2,11,4,666.9747600426591,370.36882332029865
37091000002,NC,091,02,3028,38,1619,1335,14,13,0,0,9,2372,32,1335,978,11,11,0,0,5,9825,00500,90016,02160,6,2,11,4,663.3392582059486,368.3500414741083
37091000003,NC,091,03,2034,43,101,1829,46,2,0,0,13,1445,27,89,1276,42,2,0,0,9,9825,00500,90016,02160,5,2,11,4,404.1000118497452,224.39536674961488
37091000004,NC,091,04,876,11,80,775,3,1,0,0,6,640,10,74,551,1,1,0,0,3,NA,45640,91968,02160,5,2,11,4,178.97855196113284,99.38618319706127
37091000005,NC,091,05,935,12,286,613,18,0,0,0,6,723,8,226,468,16,0,0,0,5,9825,13460,94076,02160,5,2,11,4,202.18983291859226,112.27532883043015
37091000006,NC,091,06,545,6,304,235,0,0,0,0,0,420,3,231,186,0,0,0,0,0,NA,14060,91968,02160,5,2,11,4,117.45467472449342,65.22218272307146
37091000007,NC,091,07,1454,16,603,821,5,6,0,1,2,1102,13,493,585,3,6,0,1,1,NA,29720,91412,02160,5,2,11,4,308.17869415807564,171.13058419243987
37091000008,NC,091,08,671,8,543,112,2,2,0,0,4,539,7,446,79,2,2,0,0,3,NA,NA,92784,02160,5,2,11,4,150.73349922976655,83.70180116127503
37091000009,NC,091,09,3663,114,1293,2201,12,11,0,9,23,2695,92,1090,1477,9,11,0,4,12,NA,45640,92188,02160,5,2,11,4,753.6674961488328,418.5090058063751
37091000010,NC,091,10,675,10,305,350,8,0,0,0,2,505,4,241,253,5,0,0,0,2,NA,NA,92188,02160,5,2,11,4,141.22526365683137,78.42191017893116
37091000011,NC,091,11,1196,9,287,889,0,2,1,4,4,831,9,228,587,0,2,1,2,2,NA,NA,92188,02160,5,2,11,4,232.3924635620334,129.04674724493424
37091000012,NC,091,12,1179,8,402,752,3,0,0,0,14,889,4,318,554,2,0,0,0,11,NA,NA,92784,02160,5,2,11,4,248.61239483351108,138.0536200971679
37091000013,NC,091,13,1263,22,460,758,14,3,0,4,2,910,10,351,530,13,3,0,2,1,9825,00500,90016,02160,5,2,11,4,254.48512856973576,141.3147292333215
37091000014,NC,091,14,1925,28,427,1364,79,9,0,0,18,1422,18,347,975,63,6,0,0,13,9825,75080,94076,02160,5,2,11,4,397.66797013864203,220.8236757909705
37093000001,NC,093,01,711,11,71,258,360,1,2,1,7,469,9,59,168,228,1,1,1,2,9815,NA,90036,02250,87,30,4,11,67.60431928858776,37.436586915096335
37093000002,NC,093,02,3480,191,572,944,1694,17,0,1,61,2347,128,438,660,1088,10,0,0,23,9815,55660,90068,02250,85,30,4,11,338.30988778318863,187.34257886936268
37093000003,NC,093,03,1743,155,382,717,451,9,1,7,21,1172,128,266,466,295,7,1,3,6,9815,07400,90312,02250,87,30,4,11,168.93872538640693,93.55155621427059
37093000004,NC,093,04,1249,19,594,486,135,3,0,5,7,916,11,455,355,87,3,0,2,3,9815,23520,92600,02250,16,17,4,11,132.03743383442728,73.11708659750158
37093000005,NC,093,05,2895,97,1346,1181,227,6,0,2,36,2347,71,1079,1004,166,6,0,1,20,9815,02240,92600,02250,16,17,4,11,338.30988778318863,187.34257886936268
37093000006,NC,093,06,6946,706,3587,2188,133,110,17,12,193,4571,429,2497,1356,109,96,10,3,71,9815,57200,91948,02250,16,17,4,11,658.889858141012,364.8670336650434
37093000012,NC,093,12,4252,320,2923,696,153,49,8,6,97,2841,170,2054,419,105,41,8,1,43,9815,57200,91948,02250,16,17,4,11,409.51784882489943,226.77471945797163
37093000013,NC,093,13,1783,40,997,458,255,4,7,4,18,1289,24,745,323,176,4,5,3,9,9815,18300,93136,02250,85,30,4,11,185.80376879102263,102.89074740630954
37093000061,NC,093,61,2136,86,867,1082,62,13,0,2,24,1581,70,678,770,38,11,0,0,14,9815,54580,92604,02250,16,30,4,11,227.89430446749947,126.19881431293669
37093000062,NC,093,62,1360,77,689,516,60,9,1,0,8,1055,56,581,363,45,7,1,0,2,9815,54580,92604,02250,16,30,4,11,152.07368198179122,84.21236502223162
37093000063,NC,093,63,3600,638,869,1895,130,16,0,13,39,2515,481,666,1254,84,12,0,4,14,9815,61920,92604,02250,87,30,4,11,362.52636036417533,200.75269955536737
37093000064,NC,093,64,2328,60,1043,1032,129,31,2,2,29,1665,39,838,671,79,21,2,1,14,9815,54580,92604,02250,87,30,4,11,240.0025407579928,132.90387465593903
37093000065,NC,093,65,1163,15,48,1083,8,5,0,0,4,847,11,35,791,4,3,0,0,3,9815,61920,92604,02250,87,30,4,11,122.09138259580774,67.6093584586068
37093ZZZZZZ,NC,093,ZZZZZZ,0,0,0,0,0,0,0,0,0,0,0,0,0,0,0,0,0,0,9815,02240,91148,00014,16,17,4,11,0,0
370950000BM,NC,095,BM,586,28,512,37,1,1,0,0,7,413,13,373,21,1,1,0,0,4,NA,NA,90856,02280,2,1,9,6,109.83663793103449,81.44288793103449
370950000FF,NC,095,FF,1030,5,407,602,10,3,0,0,3,923,5,344,560,9,3,0,0,2,NA,NA,91048,02280,2,1,9,6,245.47025862068963,182.01400862068965
370950000LL,NC,095,LL,751,20,296,431,0,2,0,0,2,571,16,238,316,0,1,0,0,0,NA,NA,91724,02280,2,1,9,6,151.8564655172414,112.60021551724138
370950000SQ,NC,095,SQ,958,20,584,337,2,7,0,0,8,761,17,471,258,2,7,0,0,6,NA,NA,93184,02280,2,1,9,6,202.38663793103447,150.06788793103448
37095000ENG,NC,095,ENG,1101,42,657,392,1,1,0,0,8,806,28,521,251,1,1,0,0,4,NA,NA,91724,02280,2,1,9,6,214.35431034482758,158.9418103448276
37095000OCK,NC,095,OCK,769,15,732,13,4,1,0,0,4,669,11,641,10,4,1,0,0,2,NA,48740,92372,02280,2,1,9,6,177.91939655172413,131.92564655172413
3709500SLAD,NC,095,SLAD,609,1,380,226,0,1,0,0,1,477,1,298,176,0,1,0,0,1,NA,NA,90856,02280,2,1,9,6,126.8573275862069,94.0635775862069
37095ZZZZZZ,NC,095,ZZZZZZ,22,0,22,0,0,0,0,0,0,20,0,20,0,0,0,0,0,0,NA,NA,91728,02280,2,1,9,6,5.318965517241379,3.9439655172413794
37097000BA1,NC,097,BA1,5090,38,4431,547,9,13,2,1,49,3751,27,3275,402,6,11,2,1,27,NA,44220,90160,02310,43,23,8,8,292,655
37097000BE1,NC,097,BE1,5347,240,4650,306,11,81,0,6,53,4022,163,3560,229,8,43,0,2,17,NA,64740,90240,02310,42,39,6,8,429,1338
37097000CC1,NC,097,CC1,4309,61,3691,468,6,58,0,0,25,3117,39,2697,328,5,35,0,0,13,NA,44220,90708,03120,43,23,8,13,306.200882117081,582.22803299347
37097000CC2,NC,097,CC2,9735,196,7401,1796,27,196,0,11,108,6858,134,5347,1167,19,134,0,2,55,NA,44220,90708,03120,43,23,8,13,673.700882117081,1281.0137472791844
37097000CC3,NC,097,CC3,5010,114,4414,406,23,18,1,2,32,3742,67,3322,299,18,18,0,0,18,NA,44220,90708,03120,43,23,8,13,367.598235765838,698.9725054416314
37097000CC4,NC,097,CC4,5058,164,4481,308,21,50,0,2,32,3741,118,3357,195,16,37,0,2,16,NA,44220,90708,03120,43,39,8,13,367.5,698.7857142857142
37097000CD1,NC,097,CD1,6077,371,5053,467,4,132,4,9,37,4464,224,3830,327,3,56,0,3,21,NA,65260,90744,02310,42,39,6,8,417,1020
37097000CH1,NC,097,CH1,7472,296,5828,1166,27,83,2,8,62,5465,171,4354,838,14,48,2,0,38,NA,64740,90616,02310,42,39,8,8,399.45444915254234,1150.120056497175
37097000CS1,NC,097,CS1,3500,78,2758,537,6,78,0,3,40,2534,45,2045,381,4,45,0,0,14,NA,64740,90770,02310,42,23,8,8,311,462
37097000DV1,NC,097,DV1,9067,84,8762,134,22,31,1,2,31,6768,46,6567,98,15,24,1,2,15,NA,44220,90884,02310,43,39,6,13,332.69260106788715,1190.23646071701
37097000DV2,NC,097,DV2,6706,72,6401,86,28,85,1,0,33,5031,45,4817,61,19,66,1,0,22,NA,44220,90884,02310,43,39,6,13,247.3073989321129,884.7635392829901
37097000EM1,NC,097,EM1,1803,65,1554,157,4,2,0,4,17,1375,44,1191,127,2,0,0,2,9,NA,29640,90944,02310,42,23,6,8,171,307
37097000FT1,NC,097,FT1,6398,45,5509,787,16,12,0,4,25,4897,23,4248,593,11,11,0,1,10,NA,68500,91076,02310,43,39,6,13,604,1556
37097000NH1,NC,097,NH1,1460,14,1421,15,1,2,0,0,7,1153,11,1127,8,1,2,0,0,4,NA,39420,92244,02310,42,23,6,8,153.60370994940976,305.26306913996626
37097000OL1,NC,097,OL1,1574,53,1464,36,2,6,6,0,7,1176,32,1111,23,1,2,2,0,5,NA,NA,92400,02310,42,23,6,8,125,388
37097000SB1,NC,097,SB1,2449,35,2333,74,0,0,0,0,7,1812,23,1723,62,0,0,0,0,4,NA,NA,92912,02310,42,39,6,8,241.39629005059024,479.73693086003374
37097000SH1,NC,097,SH1,7793,119,7039,514,27,37,0,4,53,5926,72,5390,392,19,23,0,1,29,NA,64740,92924,02310,43,39,6,13,645,1423
37097000ST1,NC,097,ST1,3869,119,3227,334,3,169,0,2,15,3031,85,2595,230,1,112,0,0,8,NA,64740,90616,02310,42,39,8,8,221.54555084745763,637.8799435028249
37097000ST2,NC,097,ST2,4336,201,3375,632,6,63,3,6,50,3552,154,2880,435,4,45,2,2,30,NA,64740,93104,02310,42,39,6,8,702.1146580517988,1072.8156381755462
37097000ST3,NC,097,ST3,5496,543,2109,2635,7,144,0,6,52,3852,363,1663,1734,5,62,0,1,24,NA,64740,93104,02310,42,23,8,8,761.4148825494169,1163.425067075508
37097000ST4,NC,097,ST4,4342,148,3059,940,13,142,1,5,34,3382,113,2484,674,7,83,1,3,17,NA,64740,93104,02310,42,23,6,8,668.5111975031484,1021.4702951322345
37097000ST5,NC,097,ST5,4452,450,2976,925,9,37,0,8,47,3437,308,2462,623,6,21,0,0,17,NA,64740,93104,02310,42,23,6,8,679.3829053277118,1038.082023763894
37097000ST6,NC,097,ST6,5637,362,2401,2738,9,84,0,3,40,4040,251,1930,1782,7,53,0,0,17,NA,64740,93104,02310,42,23,8,8,798.5763565679242,1220.206975852817
37097000TB1,NC,097,TB1,3611,200,2822,546,12,2,0,0,29,2644,121,2116,389,8,0,0,0,10,NA,29640,93788,02310,42,23,6,8,395,444
37097000UG1,NC,097,UG1,2069,114,1868,66,3,10,1,0,7,1568,88,1419,46,3,5,0,0,7,NA,NA,93824,02310,42,23,6,8,166,496
37099000BCK,NC,099,BCK,1539,16,1459,7,36,1,0,0,20,1226,12,1171,6,20,1,0,0,16,0990,NA,90156,02340,52,29,7,1,212.71264539218612,228.52669251416643
37099000CAN,NC,099,CAN,552,3,536,1,10,0,0,0,2,445,3,433,0,7,0,0,0,2,NA,NA,90484,02340,52,29,7,1,77.20809722636444,82.9481061735759
37099000CAS,NC,099,CAS,1678,11,1653,0,6,1,0,1,6,1427,8,1405,0,6,1,0,1,6,NA,10800,90540,02340,53,42,7,1,247.58641515061137,265.99314047121976
37099000CFK,NC,099,CFK,712,13,679,3,13,0,0,0,4,539,8,520,1,6,0,0,0,4,NA,NA,90500,02340,52,29,7,1,93.51722338204593,100.4697286012526
37099000CUL,NC,099,CUL,6411,82,5827,326,47,56,4,3,66,5802,75,5287,303,32,49,3,1,52,NA,15880,90848,02340,52,29,7,1,1006.6547867581271,1081.494184312556
37099000DIL,NC,099,DIL,1271,11,1185,16,35,7,0,1,16,1027,9,971,15,20,4,0,1,7,NA,17180,90900,02340,52,29,7,1,178.18587831792422,191.43304503429763
37099000GCK,NC,099,GCK,1009,12,968,5,9,4,0,4,7,808,7,781,3,7,3,0,2,5,NA,NA,91320,02340,52,29,7,1,140.18908440202804,150.61139278258278
37099000HAM,NC,099,HAM,1572,83,1468,2,8,2,0,1,8,1320,63,1237,2,8,2,0,1,7,NA,NA,91384,02340,53,29,7,1,229.0217715478676,246.04831494184313
37099000MNT,NC,099,MNT,433,16,406,0,0,6,0,0,5,344,8,329,0,0,4,0,0,3,NA,NA,92148,02340,52,29,7,1,59.68446167611095,64.12168207575306
37099000QUA,NC,099,QUA,5288,150,2019,14,2965,15,1,1,123,3847,101,1678,8,1967,13,1,1,78,0990,NA,92596,02340,52,29,7,1,667.4596629883686,717.0817178645989
37099000RIV,NC,099,RIV,1107,34,1051,6,9,0,0,0,7,832,24,795,4,4,0,0,0,5,NA,15880,92684,02340,52,29,7,1,144.35311661198926,155.0849985087981
37099000SAV,NC,099,SAV,1162,7,1126,0,24,0,0,2,3,921,4,896,0,16,0,0,2,3,NA,NA,92856,02340,52,29,7,1,159.79473605726216,171.67461974351326
37099000SNW,NC,099,SNW,1973,30,1823,50,27,16,0,0,27,1558,22,1456,39,17,9,0,0,15,NA,66500,93204,02340,52,29,7,1,270.31509096331644,290.4115717268118
37099000SSW,NC,099,SSW,4103,78,3779,93,43,39,0,3,68,3332,56,3083,83,33,33,0,2,42,NA,66500,93204,02340,52,29,7,1,578.1064718162839,621.0855949895616
37099000WEB,NC,099,WEB,2381,17,2275,16,30,9,0,2,32,1864,10,1793,9,19,7,0,2,24,NA,71600,93924,02340,52,29,7,1,323.4065016403221,347.4500447360573
37099SC-CRU,NC,099,SC-CRU,1930,14,1839,8,41,5,0,1,22,1532,8,1468,8,30,5,0,0,13,NA,NA,92868,02340,52,29,7,1,265.80405606919174,285.56516552341185
3710100PR01,NC,101,PR01,2044,155,1629,223,7,5,0,0,25,1564,103,1301,139,3,3,0,0,15,NA,05040,90144,02370,95,15,12,5,158.09189252064672,333.6484820286146
3710100PR02,NC,101,PR02,1885,44,1081,736,4,9,2,4,5,1364,27,879,444,3,6,1,2,2,9635,05040,90144,02370,95,15,12,5,137.87553797836455,290.9824357333954
3710100PR03,NC,101,PR03,2417,164,1969,247,20,2,0,2,13,1868,106,1567,172,14,2,0,1,6,NA,05040,90144,02370,95,15,12,5,188.82075142491567,398.5008723973479
3710100PR04,NC,101,PR04,1768,124,1261,373,3,4,0,1,2,1331,80,989,254,3,4,0,0,1,9635,NA,90232,02370,95,15,12,5,166,255
3710100PR05,NC,101,PR05,1697,135,1251,284,2,5,0,2,18,1253,91,955,192,1,4,0,0,10,NA,35540,90256,02370,95,11,12,5,175.86652078774617,300.4223194748359
3710100PR06,NC,101,PR06,2601,116,2090,379,4,0,0,0,12,1946,72,1606,258,3,0,0,0,7,NA,35540,90256,02370,95,15,12,5,273.13347921225386,466.5776805251641
3710100PR07,NC,101,PR07,3673,96,3081,477,1,2,0,0,16,2776,55,2379,331,1,0,0,0,10,NA,53820,90336,02370,95,15,12,5,329.95619817138,620.9551350201999
3710100PR08,NC,101,PR08,2530,91,2329,90,5,1,0,1,13,1927,61,1798,55,3,1,0,0,9,NA,NA,90336,02370,95,15,12,5,229.04380182862005,431.04486497980014
3710100PR09,NC,101,PR09,9656,689,7185,1586,34,54,1,10,97,6851,466,5216,1053,23,39,1,4,49,NA,12860,90676,02370,20,11,12,5,429.368339115737,707.2845387421047
3710100PR10,NC,101,PR10,5521,396,4196,849,5,23,5,6,41,4171,253,3293,584,4,17,2,1,17,NA,12860,90676,02370,20,11,12,5,261.40641402010493,430.60630726803663
3710100PR11,NC,101,PR11,6005,201,4564,1138,28,33,1,4,36,4207,137,3237,768,21,26,1,1,16,NA,12860,90676,02370,20,11,12,5,263.6626189840762,434.32288052664353
3710100PR12,NC,101,PR12,4650,114,4038,440,26,5,1,2,24,3335,77,2926,295,19,5,1,2,10,NA,NA,90688,02370,95,11,12,5,209.01232096788542,344.29921715149896
3710100PR13,NC,101,PR13,2506,133,2175,175,5,7,0,3,8,1877,80,1660,124,4,6,0,0,3,NA,NA,90992,02370,95,14,12,5,189.7304873793184,400.4208444806328
3710100PR14,NC,101,PR14,2549,197,2250,82,8,3,0,0,9,1924,121,1732,55,5,3,0,0,8,NA,05040,90992,02370,95,14,12,5,194.48133069675467,410.4473653600093
3710100PR15,NC,101,PR15,3319,328,2747,190,19,13,0,0,22,2534,223,2133,147,15,8,0,0,8,NA,24520,91584,02370,95,15,12,5,353.977165883143,608.681889411238
3710100PR16,NC,101,PR16,2603,310,1902,370,11,1,0,0,9,1933,196,1471,255,7,1,0,0,3,NA,24520,91584,02370,95,15,12,5,270.022834116857,464.31811058876207
3710100PR17,NC,101,PR17,1240,78,1057,75,6,0,0,0,24,940,48,817,54,5,0,0,0,16,9635,NA,92024,02370,95,15,12,5,98.28418230563003,222.18945487042004
3710100PR18,NC,101,PR18,1781,97,1550,123,8,0,1,0,2,1298,61,1158,74,3,0,1,0,1,9635,NA,92024,02370,95,15,12,5,135.71581769436997,306.81054512957996
3710100PR19,NC,101,PR19,2503,107,2042,335,5,1,0,5,8,1878,63,1592,211,4,1,0,2,5,NA,42620,92048,02370,20,15,12,5,157,405
3710100PR20,NC,101,PR20,3841,437,2362,1001,6,8,0,0,27,2768,266,1823,657,6,5,0,0,11,NA,76220,92408,02370,20,11,12,5,256.87289088863895,428.6404199475066
3710100PR21,NC,101,PR21,3346,314,2694,306,9,3,0,0,20,2566,218,2116,205,9,3,0,0,15,NA,NA,92408,02370,20,11,12,5,238.12710911136108,397.3595800524934
3710100PR22,NC,101,PR22,3747,325,3093,294,9,3,0,0,23,2872,213,2432,200,8,3,0,0,16,NA,52020,92500,02370,95,15,12,5,433.58209645350723,562.527951172146
3710100PR23,NC,101,PR23,8937,554,7624,606,47,21,7,4,74,6358,333,5518,406,36,16,3,0,46,NA,NA,92528,02370,95,14,12,5,240,766
3710100PR24,NC,101,PR24,4639,591,2225,1757,5,5,0,15,41,3437,387,1785,1231,5,4,0,5,20,NA,60320,92888,02370,95,11,12,5,518.8794099967633,673.1923983909003
3710100PR25,NC,101,PR25,4248,915,2061,1206,19,9,0,7,31,3010,618,1616,747,11,6,0,1,11,NA,60320,92888,02370,20,11,12,5,454.41577657557684,589.5574975724788
3710100PR26,NC,101,PR26,4518,732,1911,1816,21,6,0,6,26,3393,486,1541,1325,16,5,0,6,14,NA,62520,92980,02370,95,11,12,5,512.236787349147,664.5742821473159
3710100PR27,NC,101,PR27,5884,374,4302,1109,6,35,5,4,49,4647,257,3515,810,5,26,1,1,32,NA,62520,92980,02370,95,11,12,5,701.5515328062145,910.1905950894715
3710100PR28,NC,101,PR28,5394,573,3681,1040,23,36,2,8,31,4268,412,2918,867,21,29,2,3,16,NA,62520,92980,02370,95,11,12,5,644.3343968187913,835.9572756276876
3710100PR29,NC,101,PR29,8119,590,6615,808,29,29,0,5,43,5891,402,4872,552,20,21,0,2,22,NA,12860,94008,02370,20,11,12,5,288,480
3710100PR30,NC,101,PR30,2869,170,2257,395,8,12,2,3,22,2036,110,1637,257,6,11,1,0,14,NA,74580,94056,02370,20,11,12,5,179,245
3710100PR31,NC,101,PR31,5475,290,4648,461,34,20,0,4,18,3918,199,3354,315,23,16,0,1,10,NA,NA,90688,02370,95,11,12,5,245.55030691219642,404.48705631171606
371030000BC,NC,103,BC,968,37,624,295,2,3,0,2,5,754,26,487,233,1,2,0,1,4,NA,17660,93560,02400,10,7,11,6,126,138
371030000CC,NC,103,CC,907,22,770,106,0,0,0,4,5,683,10,582,86,0,0,0,2,3,NA,NA,93420,02400,10,5,11,6,151,212
371030000CH,NC,103,CH,681,22,546,99,8,0,0,0,6,518,13,425,73,3,0,0,0,4,NA,NA,93512,02400,10,5,11,6,94,148
371030000PL,NC,103,PL,2709,57,1636,976,12,4,0,0,24,2035,31,1272,708,9,4,0,0,11,NA,53200,93352,02400,79,7,11,4,616,409
371030000TR,NC,103,TR,2129,58,934,1115,1,5,1,0,15,1529,34,702,782,0,2,1,0,8,NA,68320,93396,02400,79,7,11,4,558,308
371030000TU,NC,103,TU,916,40,715,157,3,0,0,0,1,695,23,552,117,3,0,0,0,0,NA,NA,93496,02400,10,5,9,6,134,184
371030000WO,NC,103,WO,2071,46,1031,955,6,4,3,5,21,1502,32,788,662,6,3,1,0,10,NA,42100,93304,02400,79,7,11,4,425,230
371050000CF,NC,105,CF,3527,59,3150,296,8,1,1,0,12,2709,42,2436,214,6,1,1,0,9,NA,08080,93372,02560,19,15,12,5,348.74055685091207,511.5555067891921
371050000DR,NC,105,DR,2118,76,1594,436,7,3,0,0,2,1626,46,1217,354,6,2,0,0,1,NA,59280,93428,02560,19,15,12,5,209.3215745439583,307.0466054039226
371050000EJ,NC,105,EJ,5405,1272,2632,1387,9,46,5,12,42,4101,831,2244,959,8,36,3,3,17,NA,59280,93336,02560,19,15,12,5,527.938362364559,774.4145933342477
371050000EP,NC,105,EP,2740,107,2381,211,5,10,1,4,21,2046,65,1817,140,5,8,1,1,9,NA,59280,93580,02560,19,16,12,5,263.3898779316966,386.3575366890687
371050000GW,NC,105,GW,7055,289,5916,733,23,20,6,5,63,5144,176,4385,499,20,16,3,4,41,NA,NA,93280,02560,19,16,12,5,662.2079824441091,971.3700726923604
371050000WJ,NC,105,WJ,5579,957,2966,1568,28,24,0,0,36,4084,576,2356,1099,21,16,0,0,16,NA,59280,93336,02560,19,15,12,5,525.7498834179125,771.204388972706
371050000WP,NC,105,WP,1664,60,1224,356,9,6,2,2,5,1198,31,892,258,7,6,2,0,2,NA,NA,93580,02560,19,16,12,5,154.22339871073927,226.22498971334522
3710500CUMN,NC,105,CUMN,2071,152,1667,217,10,13,0,2,10,1530,100,1247,161,10,6,0,1,5,NA,59280,93548,02560,19,15,12,5,196.96310519818954,288.9183925387464
371050ESANF,NC,105,ESANF,6774,1684,2141,2800,43,37,2,11,56,4839,1133,1723,1890,27,29,2,6,29,NA,59280,93472,02560,19,15,12,5,622.9440954601564,913.77522973529
37105WSANF1,NC,105,WSANF1,3649,279,2277,1026,7,39,0,4,17,2797,198,1851,703,7,30,0,2,6,NA,59280,93548,02560,19,15,12,5,360.0691537512001,528.173035248937
37105WSANF2,NC,105,WSANF2,4854,157,4362,252,19,47,0,3,14,3711,91,3382,183,9,33,0,3,10,NA,59280,93548,02560,19,15,12,5,477.7320806473735,700.7687285694692
37105WSANF3,NC,105,WSANF3,3604,623,2157,700,12,77,1,2,32,2670,385,1691,509,11,55,1,2,16,NA,59280,93548,02560,19,15,12,5,343.7199286791935,504.1909203127143
3710700000C,NC,107,C,3143,43,1848,1218,5,2,1,5,21,2340,27,1429,868,4,2,1,1,8,NA,28200,90760,02610,79,9,11,4,459,468
3710700000I,NC,107,I,2404,47,1695,642,5,4,1,3,7,1699,38,1245,407,4,3,1,0,1,NA,NA,91588,02610,77,9,11,6,104,226
3710700000N,NC,107,N,5240,310,3544,1336,11,12,3,2,22,3920,217,2760,911,6,11,2,0,13,NA,35920,92224,02610,77,8,9,6,841.6336056009335,971.6686114352392
3710700000V,NC,107,V,3817,146,1847,1794,8,3,1,0,18,2744,102,1469,1154,6,3,1,0,9,NA,35920,93856,02610,77,9,11,4,589.1435239206535,680.1680280046675
3710700000W,NC,107,W,1551,31,1428,86,1,0,0,0,5,1160,17,1075,64,1,0,0,0,3,NA,NA,94096,02610,11,8,9,6,147.04705882352943,281.47058823529414
371070000FC,NC,107,FC,5890,128,4651,1010,19,45,1,3,33,4465,79,3613,701,15,34,1,3,19,NA,35920,91072,02610,77,9,9,6,958.6464410735124,1106.7602933822304
371070000K1,NC,107,K1,2168,22,58,2073,4,1,0,0,10,1321,18,54,1236,4,1,0,0,8,NA,35920,91704,02610,79,7,11,4,283.62193698949824,327.4424070678446
371070000K2,NC,107,K2,2555,24,162,2352,2,0,0,5,10,1942,15,159,1760,1,0,0,0,7,NA,35920,91704,02610,79,7,11,4,416.95215869311556,481.37256209368235
371070000K3,NC,107,K3,2212,100,1149,908,3,20,2,6,24,1707,65,964,632,3,18,2,5,18,NA,35920,91704,02610,77,9,9,4,366.4970828471412,423.1220203367228
371070000K4,NC,107,K4,3676,37,2901,664,2,46,5,1,20,3048,20,2457,521,2,30,5,1,12,NA,35920,91704,02610,77,9,9,6,654.4130688448074,755.5219203200534
371070000K5,NC,107,K5,2093,13,1119,948,3,6,0,0,4,1712,5,984,713,3,3,0,0,4,NA,35920,91704,02610,77,9,9,4,367.5705950991832,424.36139356559426
371070000K6,NC,107,K6,3408,17,425,2922,12,4,0,3,25,2395,9,377,1979,11,2,0,1,16,NA,35920,91704,02610,79,7,11,4,514.2123687281213,593.6597766294382
371070000K7,NC,107,K7,2746,57,590,2068,0,5,1,3,22,2005,34,481,1480,0,3,1,0,6,NA,35920,91704,02610,79,7,11,4,430.4784130688448,496.98866477746293
371070000K8,NC,107,K8,1818,4,11,1795,0,2,0,3,3,1449,4,6,1434,0,2,0,0,3,NA,35920,91704,02610,79,7,11,4,311.1038506417736,359.17036172695447
371070000K9,NC,107,K9,2605,31,1693,816,4,34,5,4,18,1996,24,1337,592,4,28,2,1,8,NA,35920,91704,02610,77,9,11,6,428.54609101516917,494.7577929654942
371070000MH,NC,107,MH,5618,237,2793,2529,9,11,1,0,38,4208,147,2192,1843,7,9,1,0,9,NA,36400,92144,02610,11,9,11,4,918,753
371070000SH,NC,107,SH,1124,53,911,155,0,0,0,0,5,850,30,692,125,0,0,0,0,3,NA,NA,92820,02610,77,9,11,4,108,211
371070000SW,NC,107,SW,1693,29,1506,147,2,0,0,1,8,1291,20,1153,112,2,0,0,1,3,NA,35920,93060,02610,77,7,9,6,277.1808634772462,320.0061676946158
371070000T1,NC,107,T1,1840,139,1487,208,1,2,0,0,3,1308,73,1102,129,1,2,0,0,1,NA,NA,93760,02610,11,8,9,6,165.80823529411765,317.38235294117646
371070000T2,NC,107,T2,1266,125,1074,59,5,0,0,1,2,932,71,814,43,3,0,0,1,0,NA,NA,93760,02610,11,8,9,6,118.14470588235294,226.1470588235294
37107000PH1,NC,107,PH1,983,97,808,72,0,0,1,1,4,742,63,620,55,0,0,1,0,3,NA,NA,92520,02610,11,8,9,6,88.23976889744824,155.40202214732787
37107000PH2,NC,107,PH2,1798,201,1375,214,1,2,1,0,4,1335,131,1050,148,1,2,1,0,2,NA,52400,92520,02610,11,8,9,6,158.76023110255176,279.5979778526721
3710900AS25,NC,109,AS25,3060,380,2563,64,2,22,0,7,22,2337,256,2011,43,2,13,0,2,10,NA,38320,91596,02680,45,26,6,13,310.8031938211043,550.1377518004384
3710900BC13,NC,109,BC13,2531,595,1558,338,5,12,0,3,20,1943,427,1258,238,3,11,0,0,6,NA,38320,91824,02680,45,26,6,13,258.4041958041958,457.3888111888112
3710900BS26,NC,109,BS26,2491,139,1972,357,4,2,0,4,13,1858,90,1502,255,2,2,0,0,7,NA,40660,91596,02680,45,26,6,13,247.09984344014194,437.37952197056677
3710900CR06,NC,109,CR06,1422,61,1324,28,2,3,0,1,3,1059,41,989,22,2,3,0,0,2,NA,NA,91552,02680,44,25,6,13,140.8389312180357,249.29220331906896
3710900DN29,NC,109,DN29,4290,71,3963,215,6,9,0,1,25,3263,47,3035,161,2,6,0,0,12,NA,36511,90560,02680,45,39,6,13,433.9541383989145,768.121302578019
3710900DV08,NC,109,DV08,3414,71,3231,77,10,14,0,0,11,2503,49,2392,45,8,5,0,0,4,NA,38320,91552,02680,45,26,6,13,332.87992902619766,589.2147166266569
3710900HG17,NC,109,HG17,4284,420,3278,533,11,2,3,9,28,3128,297,2469,338,6,2,1,1,14,NA,38320,91824,02680,45,26,6,13,416.00016699718196,736.3418432313955
3710900HV07,NC,109,HV07,2839,202,2515,75,7,14,0,3,23,2081,130,1877,46,4,9,0,1,14,NA,38320,91552,02680,44,25,6,13,276.7571443481891,489.8744807431375
3710900IS23,NC,109,IS23,4780,115,4131,482,14,16,1,5,16,3545,72,3096,344,12,11,1,1,8,NA,06720,91596,02680,45,39,6,13,471.4579897714226,834.505062102077
3710900LI14,NC,109,LI14,1874,217,1579,61,0,12,0,3,2,1497,141,1298,49,0,7,0,1,1,NA,38320,91824,02680,44,25,6,13,199.08959398810146,352.39889364366974
3710900LM16,NC,109,LM16,2436,148,2238,26,5,3,0,0,16,1804,94,1677,15,4,3,0,0,11,NA,38320,91824,02680,44,25,6,13,239.9182548794489,424.6677382319173
3710900LN11,NC,109,LN11,2357,263,1749,310,6,9,0,3,17,1867,179,1422,241,3,8,0,2,12,NA,38320,91824,02680,44,25,6,13,248.29677486692412,439.49815259367494
3710900LS12,NC,109,LS12,3176,407,2152,585,10,6,0,2,14,2410,265,1753,370,6,6,0,0,10,NA,38320,91824,02680,44,25,6,13,320.51163761611525,567.3222001878719
3710900LS15,NC,109,LS15,2044,95,1902,24,3,2,0,2,16,1572,66,1476,17,1,2,0,0,10,NA,38320,91824,02680,44,25,6,13,209.06402254461958,370.0541488362384
3710900LW31,NC,109,LW31,3778,53,3271,399,12,13,0,1,29,2751,28,2429,270,8,6,0,0,10,NA,39520,90560,02680,45,34,6,13,365.8620394530842,647.5947604634172
3710900NB02,NC,109,NB02,3340,52,3157,90,12,1,3,2,23,2529,34,2402,67,9,0,2,2,13,NA,04960,92300,02680,44,25,6,13,336.33773092579065,595.3352050934141
3710900NB03,NC,109,NB03,1835,51,1727,43,1,0,0,3,10,1394,29,1328,28,1,0,0,1,7,NA,NA,92300,02680,45,26,6,13,185.39137877048324,328.15234317920886
3710900PC22,NC,109,PC22,4468,61,4290,76,8,9,0,1,23,3246,33,3140,51,7,8,0,0,7,NA,NA,91596,02680,45,26,6,13,431.6932679261038,764.1194447343702
3710900SL24,NC,109,SL24,2577,189,2272,84,9,9,1,3,10,1964,113,1775,59,4,5,1,0,7,NA,38320,91596,02680,45,39,6,13,261.1970358000209,462.33228264273043
3710900TR30,NC,109,TR30,4107,34,3847,161,26,14,0,3,22,3117,26,2942,113,17,9,0,0,10,NA,39520,90560,02680,45,34,6,13,414.53725080889257,733.752405803152
3710900WP32,NC,109,WP32,2677,32,2571,39,1,16,0,1,17,2037,19,1962,35,1,11,0,0,9,NA,72755,90560,02680,45,39,6,13,270.90547959503186,479.5167310301639
37111000001,NC,111,1,3876,209,3464,112,8,41,3,13,26,3046,131,2762,92,5,26,2,10,18,NA,41420,91984,02940,49,28,7,1,442.29871207696806,599.4065103126057
37111000002,NC,111,2,2505,109,1886,452,12,28,0,3,15,1986,66,1529,354,7,17,0,1,12,NA,41420,91984,02940,49,28,7,1,288.3799219254295,390.8146190022439
37111000003,NC,111,3,1363,53,1271,25,2,5,0,1,6,1072,37,1010,15,1,4,0,1,4,NA,41420,91984,02940,49,28,7,1,155.6612670211785,210.9533089478376
37111000004,NC,111,4,2172,252,1866,21,11,6,0,0,16,1639,181,1421,16,7,6,0,0,8,NA,41420,91984,02940,49,28,7,1,237.99329911167123,322.53029231856885
37111000005,NC,111,5,1738,85,1531,41,7,55,0,0,19,1361,63,1232,28,5,26,0,0,7,NA,41420,91984,02940,49,28,7,1,197.6259182983432,267.82411705037964
37111000006,NC,111,6,2219,20,2165,14,5,1,0,0,14,1714,13,1677,10,4,0,0,0,10,NA,41420,91984,02940,49,28,7,1,248.88377954692157,337.28915255279253
37111000007,NC,111,7,4764,144,4343,204,11,9,0,3,50,3635,96,3348,147,9,6,0,1,28,NA,72600,91984,02940,49,28,7,1,527.8252850951342,715.3127593520426
37111000008,NC,111,8,3470,51,3345,21,9,15,2,2,25,2657,39,2567,18,9,6,2,1,15,NA,NA,90828,02940,49,28,7,1,385.81342021946944,522.8572218977653
37111000009,NC,111,9,2901,33,2682,35,13,120,0,3,15,2154,21,2031,27,6,59,0,0,10,NA,NA,90940,02940,49,28,7,1,312.7745981003904,423.874465926905
37111000010,NC,111,10,3093,19,2666,350,18,26,0,0,14,2521,13,2118,345,18,15,0,0,12,NA,72600,91236,02940,49,28,7,1,366.0653490302155,496.0944886730397
37111000011,NC,111,11,1778,23,1702,14,5,17,0,4,13,1343,11,1301,14,4,7,0,2,4,NA,41420,91476,02940,49,28,7,1,195.01220299388314,264.2819905941659
37111000012,NC,111,12,2178,22,2116,14,1,7,0,0,18,1649,13,1612,9,1,3,0,0,11,NA,NA,92112,02940,49,28,7,1,239.44536316970462,324.4981403497987
37111000013,NC,111,13,3704,49,3466,138,0,29,0,3,19,2860,35,2677,119,0,13,0,2,14,NA,NA,92216,02940,49,28,7,1,415.2903205975471,562.8045369317308
37111000014,NC,111,14,1146,47,1079,6,0,7,0,1,6,864,25,829,2,0,6,0,1,1,NA,NA,92312,02940,49,28,7,1,125.45833461408417,170.02206989825717
37111000015,NC,111,15,2632,34,2413,130,5,9,0,2,39,2005,24,1864,87,3,3,0,1,23,NA,48920,92384,02940,49,28,7,1,291.138843635693,394.55353026158053
37111000016,NC,111,16,1479,43,1287,130,3,9,0,2,5,1162,31,1022,96,3,7,0,1,2,NA,48920,92384,02940,49,28,7,1,168.72984354347895,228.66394122890605
37111000017,NC,111,17,1133,21,1091,9,2,3,0,1,6,865,16,832,9,1,3,0,1,3,NA,NA,92312,02940,49,28,7,1,125.6035410198875,170.21885470138014
37113000001,NC,113,1,2853,55,2670,68,14,25,0,0,21,2246,37,2120,56,9,14,0,0,10,NA,24640,91156,02760,53,29,7,1,361.66009769243726,533.8836954690921
37113000002,NC,113,2,1855,68,1710,51,1,13,0,2,10,1451,54,1351,33,1,9,0,0,3,NA,24640,91156,02760,53,29,7,1,233.64594913255854,344.9088344281624
37113000003,NC,113,3,2695,52,2555,42,8,8,2,0,28,2099,32,2007,30,5,5,2,0,18,NA,24640,91156,02760,53,29,7,1,337.9895570153276,498.9411739935995
37113000004,NC,113,4,1964,21,1911,9,4,4,2,1,12,1501,15,1462,7,4,4,2,0,7,NA,24640,91156,02760,53,29,7,1,241.6971534445006,356.7940458143844
37113000005,NC,113,5,3201,25,3122,11,8,22,0,0,13,2477,18,2425,8,6,12,0,0,8,NA,24640,91156,02760,53,29,7,1,398.85666161360956,588.7933720734378
37113000006,NC,113,6,2395,23,2340,5,6,2,0,3,16,1897,15,1863,2,4,2,0,0,11,NA,24640,92072,02760,53,42,7,1,305.4626915950817,450.92491999326256
37113000007,NC,113,7,2429,15,2378,0,4,18,0,0,14,1960,8,1928,0,4,10,0,0,10,NA,NA,91024,02760,53,42,7,1,315.6072090281287,465.90028633990227
37113000008,NC,113,8,587,16,560,0,0,2,0,3,6,484,10,469,0,0,2,0,2,1,NA,NA,93164,02760,53,42,7,1,77.93565773959912,115.04884621862892
37113000009,NC,113,9,2620,61,2548,0,1,2,0,0,8,2177,47,2120,0,1,1,0,0,8,NA,31360,91480,02760,53,42,7,1,350.5494357419572,517.4821037561057
37113000010,NC,113,10,534,23,511,0,0,0,0,0,0,435,13,422,0,0,0,0,0,0,NA,NA,91124,02760,53,42,7,1,70.04547751389592,103.40133906013139
37113000011,NC,113,11,2952,41,2880,8,5,7,0,1,10,2395,26,2346,6,3,7,0,0,7,NA,NA,92974,02760,53,42,7,1,385.6526865420246,569.3016254000337
37113000012,NC,113,12,1989,18,1809,149,3,5,0,1,4,1582,13,1477,81,3,4,0,0,4,NA,NA,90524,02760,53,42,7,1,254.74010442984672,376.048088260064
37113000013,NC,113,13,848,12,827,1,4,1,0,0,3,689,8,675,1,3,1,0,0,1,NA,NA,92204,02760,53,42,7,1,110.94559541856157,163.77821290213913
37113000014,NC,113,14,1005,2,984,4,4,5,0,0,6,836,2,817,4,2,5,0,0,6,NA,NA,90448,02760,53,42,7,1,134.61613609567124,198.72073437763183
37113000015,NC,113,15,1884,22,1823,5,17,3,0,0,14,1519,17,1475,3,9,3,0,0,12,NA,NA,90792,02760,53,29,7,1,244.59558699679974,361.0727219134243
37115000002,NC,115,2,1255,28,1218,2,0,0,0,0,7,974,15,952,2,0,0,0,0,5,NA,NA,93340,02820,52,28,7,1,186.0697148030783,199.3604087175839
37115000003,NC,115,3,4242,48,4005,131,9,22,0,0,27,3465,38,3253,120,8,21,0,0,25,NA,41620,93376,02820,52,28,7,1,661.9420552286102,709.2236306020824
37115000004,NC,115,4,2656,30,2589,10,11,4,0,0,12,2029,20,1987,9,3,2,0,0,8,NA,41620,93416,02820,52,28,7,1,387.6133997283839,415.3000711375542
37115000005,NC,115,5,1762,18,1729,0,5,4,0,0,6,1376,11,1355,0,3,2,0,0,5,NA,NA,93500,02820,52,28,7,1,262.8664554096876,281.6426307960939
37115000006,NC,115,6,1365,2,1342,3,5,3,0,0,10,1051,2,1035,3,4,2,0,0,5,NA,32840,93528,02820,52,28,7,1,200.77953825260298,215.12093384207463
37115000007,NC,115,7,1233,35,1184,2,2,0,0,0,10,991,25,959,1,0,0,0,0,6,NA,NA,93568,02820,52,28,7,1,189.3173381620643,202.84000517364032
37115000008,NC,115,8,1012,4,989,0,6,4,0,0,9,830,3,814,0,4,4,0,0,5,NA,NA,93624,02820,52,28,7,1,158.56043458578543,169.88617991334152
37115000009,NC,115,9,576,18,558,0,0,0,0,0,0,464,11,453,0,0,0,0,0,0,NA,NA,93654,02820,52,28,7,1,88.64101403349932,94.97251503589213
37115000010,NC,115,10,1313,17,1283,4,1,0,0,0,8,987,12,969,1,1,0,0,0,4,NA,NA,93660,02820,52,28,7,1,188.5531914893617,202.02127659574467
37115000011,NC,115,11,392,2,388,0,0,0,0,0,2,311,1,309,0,0,0,0,0,1,NA,NA,93706,02820,52,28,7,1,59.41240380262562,63.65614693138459
3711500001N,NC,115,1N,2751,44,2678,6,7,6,0,0,10,2167,35,2112,4,3,4,0,0,9,NA,41580,93290,02820,52,28,7,1,413.9764599366229,443.5462070749531
3711500001S,NC,115,1S,1078,20,1041,2,4,0,1,0,10,818,8,795,2,3,0,0,0,10,NA,41580,93298,02820,52,28,7,1,156.26799456767768,167.42999417965467
3711700000J,NC,117,J,2619,78,1724,773,27,0,0,3,14,1955,46,1316,559,24,0,0,0,10,NA,34320,91644,02880,6,6,11,4,428.54092339979013,331.50891920251837
3711700000W,NC,117,W,1174,15,808,326,18,2,0,0,5,890,11,624,238,11,2,0,0,4,NA,34320,94024,02880,6,6,11,4,195.09024134312696,150.9171038824764
371170000BG,NC,117,BG,1884,25,1516,332,1,0,0,1,9,1402,15,1145,238,0,0,0,0,4,NA,04180,90176,02880,6,9,11,4,307.3219307450158,237.73683105981112
371170000CR,NC,117,CR,1451,20,960,455,2,13,0,0,1,1098,11,767,306,2,11,0,0,1,NA,22040,90836,02880,6,9,11,4,240.6843651626443,186.18761804826863
371170000GN,NC,117,GN,1322,49,493,776,0,1,0,0,3,1008,29,391,584,0,1,0,0,3,NA,48060,91268,02880,7,6,11,4,220.95613850996853,170.92633788037776
371170000GR,NC,117,GR,1187,7,898,278,0,0,0,0,4,906,5,694,204,0,0,0,0,3,NA,NA,91332,02880,6,9,11,4,198.59748163693598,153.6302203567681
371170000HM,NC,117,HM,1405,36,566,802,0,0,1,0,0,1053,25,465,563,0,0,0,0,0,NA,29120,91388,02880,7,6,11,4,230.8202518363064,178.55697796432318
371170000HS,NC,117,HS,407,2,143,261,1,0,0,0,0,313,2,115,195,1,0,0,0,0,NA,30040,91388,02880,7,6,11,4,68.61038824763902,53.07534102833158
371170000PP,NC,117,PP,490,6,332,149,0,1,0,0,2,369,6,259,102,0,1,0,0,1,NA,NA,92556,02880,7,6,11,4,80.88572927597063,62.571248688352576
371170000R1,NC,117,R1,1832,40,586,1183,0,8,0,2,13,1336,24,492,810,0,7,0,0,3,NA,57100,92712,02880,8,6,11,4,292.8545645330535,226.54522560335784
371170000R2,NC,117,R2,2109,41,672,1374,0,6,0,1,15,1597,30,559,991,0,4,0,1,12,NA,57100,92712,02880,8,6,11,4,350.06642182581317,270.8029380902413
371170000W1,NC,117,W1,4835,125,2374,2294,3,19,0,0,20,3597,80,1923,1562,3,14,0,0,15,NA,74220,94040,02880,6,6,11,4,788.4714585519413,609.9424973767052
371170000W2,NC,117,W2,4878,84,2192,2539,18,11,1,3,30,3536,48,1763,1690,11,10,0,3,11,NA,74220,94040,02880,6,6,11,4,775.1001049317944,599.5987408184681
37119000001,NC,119,001,1811,10,1695,88,1,12,0,0,5,1503,10,1396,83,1,10,0,0,3,NA,12000,93268,02970,58,40,5,12,177.93595993898754,298.78903502460645
37119000002,NC,119,002,3218,52,2273,797,8,41,0,8,39,2796,49,2074,603,7,27,0,7,29,NA,12000,93268,02970,58,40,8,11,331.0106081100527,555.8310990876911
37119000003,NC,119,003,5515,1337,734,3141,10,182,3,10,98,3806,1008,634,1977,7,114,3,6,57,NA,12000,93268,02970,58,40,8,2,450.58167899386996,756.6141499026295
37119000004,NC,119,004,3124,148,1699,1097,12,113,2,9,44,2370,101,1371,777,8,86,1,1,25,NA,12000,93268,02970,58,34,5,11,280.5776613808386,471.14438656574663
37119000005,NC,119,005,3477,1156,1159,1022,13,75,2,6,44,2836,945,1017,767,11,52,2,6,36,NA,12000,93268,02970,36,40,5,11,335.7460960658474,563.7829030803618
37119000006,NC,119,006,4151,339,1820,1732,17,131,4,8,100,3373,257,1608,1330,13,92,1,5,67,NA,12000,93268,02970,36,40,5,11,399.32002187239186,670.5358716819678
37119000007,NC,119,007,2553,143,1673,649,9,29,2,13,35,2148,101,1474,509,9,26,2,5,22,NA,12000,93268,02970,56,40,5,11,254.29570322617778,427.01187440642354
37119000008,NC,119,008,2794,49,2656,57,4,11,1,1,15,2268,35,2151,54,4,10,1,1,12,NA,12000,93268,02970,56,35,5,12,268.50216709356204,450.86728638443606
37119000009,NC,119,009,3102,55,2467,513,10,26,0,4,27,2691,42,2107,480,10,23,0,3,26,NA,12000,93268,02970,56,40,8,12,318.5799522260915,534.9576136069302
37119000010,NC,119,010,2389,27,2230,88,12,13,2,2,15,2044,22,1931,62,10,9,1,0,9,NA,12000,93268,02970,56,40,5,12,241.98343454111145,406.33718402547936
37119000011,NC,119,011,4021,52,1731,2135,14,45,1,6,37,3475,49,1686,1649,13,40,1,6,31,NA,12000,93268,02970,60,33,8,2,411.3955161596685,690.8129718632783
37119000012,NC,119,012,5133,168,73,4809,7,26,1,5,44,3816,129,63,3574,4,19,0,3,24,NA,12000,93268,02970,60,33,8,2,451.76555098281864,758.6021009007972
37119000013,NC,119,013,3536,119,510,2734,14,103,8,4,44,2686,102,502,1961,13,70,2,0,36,NA,12000,93268,02970,56,33,8,2,317.9880162316171,533.9636381078462
37119000014,NC,119,014,4533,218,210,3671,5,356,0,2,71,3025,151,183,2437,5,207,0,1,41,NA,12000,93268,02970,58,33,8,2,358.1212766569776,601.3551769457315
37119000015,NC,119,015,3599,153,2618,725,10,32,0,13,48,2936,109,2225,536,10,25,0,3,28,NA,12000,93268,02970,58,40,8,11,347.58481595533425,583.6624130620389
37119000016,NC,119,016,3241,16,39,3162,4,4,0,5,11,2430,10,32,2376,4,2,0,1,5,NA,12000,93268,02970,59,33,8,2,287.68089331453075,483.07209255475294
37119000017,NC,119,017,4268,505,692,2926,20,40,1,7,77,2871,355,598,1837,8,24,1,4,44,NA,12000,93268,02970,36,40,8,11,339.8896480271678,570.7407315739488
37119000018,NC,119,018,1823,3,1804,8,1,5,0,0,2,1377,3,1365,5,1,3,0,0,0,NA,12000,93268,02970,58,40,5,12,163.0191728782341,273.7408524476933
37119000019,NC,119,019,1968,27,1904,15,0,15,1,0,6,1614,19,1565,11,0,13,1,0,5,NA,12000,93268,02970,55,35,5,12,191.07693901631794,320.85529110426796
37119000020,NC,119,020,2367,30,2280,23,2,19,5,0,8,2022,25,1948,22,2,16,4,0,5,NA,12000,93268,02970,56,40,5,12,239.37891616542436,401.9636918295105
37119000021,NC,119,021,3063,256,2132,544,22,60,0,1,48,2519,179,1916,323,17,46,0,0,38,NA,12000,93268,02970,56,40,5,12,298.21735401617406,500.76485643844546
37119000022,NC,119,022,4239,59,247,3865,9,16,3,0,40,2907,37,231,2601,6,10,2,0,20,NA,12000,93268,02970,56,33,8,2,344.1515871873831,577.8973551673525
37119000023,NC,119,023,3711,126,628,2857,21,49,0,6,24,2521,83,558,1811,15,31,0,3,20,NA,12000,93268,02970,59,34,8,2,298.45412841396376,501.162446638079
37119000024,NC,119,024,3835,94,731,2931,11,11,0,12,45,2655,56,624,1930,9,6,0,4,26,NA,12000,93268,02970,60,34,8,2,314.3180130658762,527.8009900135264
37119000025,NC,119,025,3162,69,49,3011,12,3,0,3,15,2402,46,41,2293,6,3,0,3,10,NA,12000,93268,02970,59,33,8,2,284.36605174547446,477.5058297598834
37119000026,NC,119,026,4528,87,1283,2922,28,148,0,3,57,3205,55,1051,1967,25,80,0,1,26,NA,12000,93268,02970,54,34,8,2,379.43097245805393,637.1382949127502
37119000027,NC,119,027,5374,1055,538,3687,16,35,0,4,39,3824,776,472,2515,14,20,0,2,25,NA,12000,93268,02970,60,33,8,2,452.7126485739776,760.1924616993314
37119000028,NC,119,028,3999,377,1103,2269,32,158,0,3,57,2964,257,959,1547,30,134,0,1,36,NA,12000,93268,02970,54,40,8,2,350.8996575243906,589.2286758569085
37119000029,NC,119,029,4357,1067,1842,1241,24,99,0,20,64,3366,805,1584,835,16,77,0,10,39,NA,12000,93268,02970,36,40,8,11,398.49131148012776,669.1443059832503
37119000030,NC,119,030,2596,108,1012,1337,22,52,0,8,57,1969,75,876,916,21,36,0,2,43,NA,12000,93268,02970,58,40,8,2,233.1043946239963,391.4275515392216
37119000031,NC,119,031,3460,35,49,3347,2,0,0,2,25,2383,22,44,2302,1,0,0,0,14,NA,12000,93268,02970,59,33,8,2,282.1166949664719,473.7287228633647
37119000032,NC,119,032,2340,12,2294,13,2,15,0,3,1,1687,9,1656,8,1,12,0,0,1,NA,12000,93268,02970,56,35,5,12,199.71920453564337,335.36733339089227
37119000033,NC,119,033,4439,663,1986,1524,16,107,9,22,112,3458,491,1700,1080,15,82,6,12,72,NA,12000,93268,02970,36,40,5,11,409.38293377845565,687.4334551663933
37119000034,NC,119,034,4045,635,2442,747,17,110,2,18,74,3280,484,2119,527,11,83,1,10,45,NA,12000,93268,02970,36,40,5,11,388.3100123751691,652.0479273990081
37119000035,NC,119,035,1815,70,1409,301,5,10,0,3,17,1459,57,1156,223,3,9,0,0,11,NA,12000,93268,02970,56,40,5,12,172.72692318761332,290.0420506326685
37119000036,NC,119,036,3270,39,2958,150,3,108,0,2,10,2668,32,2416,133,2,79,0,1,5,NA,12000,93268,02970,57,35,5,12,315.8570466515095,530.3853263111444
37119000037,NC,119,037,2590,284,2084,91,15,85,0,9,22,2142,197,1786,61,11,67,0,8,12,NA,12000,93268,02970,56,40,5,12,253.5853800328086,425.81910380752294
37119000038,NC,119,038,3809,801,2282,485,21,155,3,16,46,3188,585,2036,384,18,120,2,12,31,NA,12000,93268,02970,56,40,5,12,377.4183900768412,633.7587782158652
37119000039,NC,119,039,5448,468,378,4439,22,88,0,6,47,3403,369,283,2652,13,55,0,6,25,NA,12000,93268,02970,59,33,8,2,402.8716378392379,676.4997246764708
37119000040,NC,119,040,4538,204,1385,2646,28,216,0,4,55,3134,117,1111,1711,23,136,0,1,35,NA,12000,93268,02970,59,34,8,2,371.0254813365182,623.0238428257595
37119000041,NC,119,041,3887,146,701,2727,53,204,0,3,53,2653,103,559,1800,33,122,0,1,35,NA,12000,93268,02970,59,33,8,2,314.0812386680865,527.4033998138929
37119000042,NC,119,042,4172,106,166,3833,6,14,0,5,42,3040,70,149,2780,4,9,0,2,26,NA,12000,93268,02970,60,33,8,2,359.8970846404006,604.337103442983
37119000043,NC,119,043,4529,795,1141,2334,9,203,1,4,42,3259,602,986,1495,6,139,1,3,27,NA,12000,93268,02970,58,40,8,2,385.82388119837685,647.873230302856
37119000044,NC,119,044,2199,91,1470,516,8,84,1,2,27,1730,63,1246,338,8,56,1,0,18,NA,12000,93268,02970,58,40,8,2,204.8098540881227,343.9155226830134
37119000045,NC,119,045,4029,708,1636,1187,4,423,3,4,64,3069,514,1361,827,4,315,0,2,46,NA,12000,93268,02970,58,40,5,11,363.3303134083518,610.1021613376695
37119000046,NC,119,046,5264,771,1538,2537,21,241,8,10,138,3890,583,1341,1676,16,166,6,8,94,NA,12000,93268,02970,36,40,8,11,460.5262037010389,773.3129382872382
37119000047,NC,119,047,2435,16,2274,71,6,45,0,8,15,2006,12,1887,52,5,39,0,2,9,NA,12000,93268,02970,56,35,5,12,237.48472098310646,398.78297023244215
37119000048,NC,119,048,2778,50,2569,81,0,51,0,2,25,2112,36,1964,59,0,38,0,2,13,NA,12000,93268,02970,55,35,5,12,250.03376406596254,419.8552508130199
37119000049,NC,119,049,2717,103,2271,279,1,44,0,4,15,2337,81,2031,171,1,37,0,3,13,NA,12000,93268,02970,56,40,5,12,276.670883817308,464.58414827179325
37119000050,NC,119,050,3536,649,2172,451,7,198,4,7,48,2843,472,1861,324,5,143,4,6,28,NA,12000,93268,02970,55,33,5,12,336.5748064581115,565.1744687790792
37119000051,NC,119,051,4018,433,2991,401,16,148,1,4,24,3479,321,2689,315,12,124,0,1,17,NA,12000,93268,02970,56,40,5,12,411.86906495524795,691.6081522625454
37119000052,NC,119,052,3550,37,137,3348,5,0,0,0,23,2656,28,111,2497,5,0,0,0,15,NA,12000,93268,02970,56,33,8,2,314.43640026477107,527.9997851133431
37119000053,NC,119,053,5040,682,1260,2666,26,305,1,5,95,3781,532,1095,1867,17,216,1,3,50,NA,12000,93268,02970,59,34,8,2,447.62199902149825,751.6442724072102
37119000054,NC,119,054,4655,216,45,4326,8,17,0,2,41,3135,167,34,2894,8,9,0,2,21,NA,12000,93268,02970,60,33,8,2,371.1438685354131,623.2226379255762
37119000055,NC,119,055,2588,395,13,2148,4,0,0,2,26,1963,275,10,1652,3,0,0,1,22,NA,12000,93268,02970,60,33,8,2,232.3940714306271,390.234780940321
37119000056,NC,119,056,2857,209,28,2485,4,91,0,6,34,1967,153,17,1727,2,44,0,3,21,NA,12000,93268,02970,60,33,8,2,232.86762022620658,391.02996133958806
37119000057,NC,119,057,2408,59,2177,122,3,32,1,1,13,2036,46,1837,110,3,28,1,1,10,NA,12000,93268,02970,55,33,5,12,241.0363369499525,404.74682322694525
37119000058,NC,119,058,1939,93,1396,268,19,143,0,3,17,1465,58,1120,154,14,109,0,1,9,NA,12000,93268,02970,55,33,5,12,173.43724638098254,291.23482123156913
37119000059,NC,119,059,2688,723,1480,310,9,111,0,0,55,2089,549,1223,194,7,83,0,0,33,NA,12000,93268,02970,55,33,5,12,247.31085849138057,415.2829635172341
37119000060,NC,119,060,3394,350,351,2627,6,26,1,6,27,2459,285,309,1828,3,15,1,1,17,NA,12000,93268,02970,54,34,8,2,291.11412208248197,488.8371504494393
37119000061,NC,119,061,4251,264,2321,1359,22,200,2,17,66,3353,183,2043,919,14,145,2,12,35,NA,12000,93268,02970,58,40,8,11,396.95227789449444,666.5599696856323
37119000062,NC,119,062,4614,670,1389,2115,17,273,13,6,131,3430,496,1151,1488,13,203,8,3,68,NA,12000,93268,02970,36,40,5,11,406.06809220939937,681.8671923715237
37119000063,NC,119,063,3799,400,1641,1501,3,188,7,11,48,2769,285,1326,972,3,144,6,6,27,NA,12000,93268,02970,36,40,5,11,327.8141537398912,550.4636313926383
37119000064,NC,119,064,2260,504,1159,455,3,97,7,11,24,1751,398,928,322,3,76,5,9,10,NA,12000,93268,02970,57,40,5,11,207.29598526491498,348.0902197791656
37119000065,NC,119,065,1925,27,1671,107,1,105,0,0,14,1449,22,1277,69,0,73,0,0,8,NA,12000,93268,02970,57,35,5,12,171.54305119866464,288.05409963450086
37119000066,NC,119,066,1867,24,1710,91,3,32,2,0,5,1518,19,1400,69,3,22,2,0,3,NA,12000,93268,02970,57,35,5,12,179.7117679224106,301.770961521858
37119000067,NC,119,067,1883,16,1809,33,2,18,0,0,5,1516,13,1460,25,2,12,0,0,4,NA,12000,93268,02970,57,35,5,12,179.47499352462083,301.37337132222444
37119000068,NC,119,068,2943,284,1995,491,6,94,0,15,58,2266,198,1623,331,4,68,0,7,35,NA,12000,93268,02970,57,35,5,12,268.2653926957723,450.4696961848025
37119000069,NC,119,069,4223,91,3740,153,11,175,0,8,45,3152,62,2841,101,6,114,0,6,22,NA,12000,93268,02970,57,35,5,12,373.1564509166259,626.6021546224614
37119000070,NC,119,070,2547,24,2439,22,2,38,0,0,22,1795,17,1718,16,2,29,0,0,13,NA,12000,93268,02970,57,35,5,12,212.5050220162892,356.8372041711035
37119000071,NC,119,071,2204,21,2088,50,3,32,0,0,10,1553,17,1465,36,2,26,0,0,7,NA,12000,93268,02970,57,35,5,12,183.85531988373097,308.728790015445
37119000072,NC,119,072,1917,28,1812,37,4,28,0,0,8,1547,22,1463,31,2,22,0,0,7,NA,12000,93268,02970,55,35,5,12,183.14499669036175,307.5360194165444
37119000073,NC,119,073,2393,86,2163,84,3,44,0,4,9,1903,67,1733,64,3,31,0,1,4,NA,12000,93268,02970,55,33,5,12,225.29083949693498,378.30707495131475
37119000074,NC,119,074,2793,109,2467,57,4,120,0,3,33,2357,79,2098,45,3,104,0,1,27,NA,12000,93268,02970,55,35,5,12,279.03862779520534,468.56005026812863
37119000075,NC,119,075,3655,64,3448,60,1,59,1,1,21,3023,39,2870,48,0,51,1,1,13,NA,12000,93268,02970,55,33,5,12,357.88450225918785,600.957586746098
37119000076,NC,119,076,3805,65,3540,70,6,77,3,2,42,3079,36,2897,53,3,66,3,2,19,NA,12000,93268,02970,55,33,5,12,364.5141853973005,612.0901123358371
37119000077,NC,119,077,3330,252,186,2841,9,11,0,0,31,2293,198,136,1931,6,7,0,0,15,NA,12000,93268,02970,56,33,5,12,271.46184706593374,455.8371638798553
37119000078,NC,119,078,7121,533,2441,3628,56,333,2,17,111,5061,352,1977,2381,37,241,2,10,61,NA,12000,93268,02970,59,34,8,2,599.15761360693,1006.1020001726768
37119000079,NC,119,079,2571,66,1598,614,7,248,0,0,38,1930,38,1294,411,7,158,0,0,22,NA,12000,93268,02970,59,34,5,2,228.48729386709644,383.67454264636757
37119000080,NC,119,080,4350,146,2453,1407,15,244,2,5,78,3175,87,1926,946,13,159,1,1,42,NA,12000,93268,02970,93,34,5,2,375.8793564912079,631.1744419182471
37119000081,NC,119,081,5425,284,2463,2399,18,181,1,11,68,3956,193,2033,1560,12,121,1,4,32,NA,12000,93268,02970,59,34,8,2,468.33975882810023,786.4334148751451
37119000082,NC,119,082,8299,2921,631,4456,18,160,2,8,103,6056,2267,537,3040,13,134,2,3,60,NA,12000,93268,02970,54,34,8,2,716.9528765073243,1203.9031244903636
37119000083,NC,119,083,4495,215,3116,990,10,112,0,7,45,3375,147,2447,672,8,80,0,2,19,NA,12000,93268,02970,69,35,5,12,399.5567962701816,670.9334618816014
37119000084,NC,119,084,4091,626,1812,1479,14,94,0,13,53,3238,472,1583,1066,11,67,0,9,30,NA,12000,93268,02970,36,40,5,11,383.33775002158455,643.6985332067037
37119000085,NC,119,085,3799,123,2885,635,11,98,0,5,42,2812,100,2217,401,6,70,0,3,15,NA,12000,93268,02970,57,35,5,12,332.90480329237056,559.0118206847593
37119000086,NC,119,086,2653,31,2522,41,0,47,0,0,12,1871,20,1781,27,0,35,0,0,8,NA,12000,93268,02970,57,35,5,12,221.5024491322992,371.9456317571781
37119000087,NC,119,087,4389,247,3476,423,12,151,3,10,67,3330,158,2731,291,8,109,2,5,26,NA,12000,93268,02970,55,33,5,12,394.2293723199125,661.9876823898466
37119000088,NC,119,088,3543,199,2880,241,7,139,1,7,69,2721,132,2254,175,6,104,1,5,44,NA,12000,93268,02970,69,35,5,12,322.1315681929375,540.9214666014332
37119000089,NC,119,089,4589,57,3802,658,8,32,0,3,29,3503,37,2984,431,7,25,0,1,18,NA,12000,93268,02970,59,34,5,12,414.7103577287248,696.3792346581479
37119000090,NC,119,090,1908,49,1679,96,7,67,0,1,9,1597,37,1422,72,7,50,0,1,8,NA,12000,93268,02970,69,35,5,12,189.06435663510518,317.47577440738286
37119000091,NC,119,091,4960,71,4470,194,6,180,0,5,34,3273,46,2964,123,3,116,0,0,21,NA,12000,93268,02970,57,35,5,12,387.481301982905,650.6563617002906
37119000092,NC,119,092,3913,218,3105,248,3,287,1,2,49,2884,171,2293,174,2,214,1,0,29,NA,12000,93268,02970,55,33,5,12,341.4286816128011,573.3250678715668
37119000093,NC,119,093,2536,62,2117,106,7,217,0,1,26,1940,39,1664,79,5,137,0,1,15,NA,12000,93268,02970,57,33,5,12,229.67116585604512,385.6624936445353
37119000094,NC,119,094,3615,317,1877,1215,16,145,0,4,41,2671,233,1513,775,13,113,0,1,23,NA,12000,93268,02970,69,35,5,12,316.2122082481941,530.9817116105946
37119000095,NC,119,095,3193,245,1485,1247,6,135,6,5,64,2416,165,1181,910,5,107,3,3,42,NA,12000,93268,02970,58,40,5,11,286.02347253000255,480.2889611573181
37119000096,NC,119,096,3106,111,2657,218,3,94,0,0,23,2435,91,2077,175,2,74,0,0,16,NA,12000,93268,02970,57,35,5,12,288.2728293090051,484.06606805383683
37119000097,NC,119,097,2081,101,1096,814,14,36,0,5,15,1665,73,986,557,10,28,0,3,8,NA,12000,93268,02970,55,33,8,12,197.11468615995625,330.9938411949233
37119000098,NC,119,098,7038,2863,1085,2750,20,200,5,7,108,5304,2242,883,1938,18,156,5,4,58,NA,12000,93268,02970,56,33,8,2,627.9257029383832,1054.409209428152
37119000099,NC,119,099,3388,305,1833,1039,13,122,0,8,68,2763,233,1601,773,11,103,0,2,40,NA,12000,93268,02970,57,40,5,12,327.103830546522,549.2708607937376
37119000100,NC,119,100,2856,72,2452,198,5,94,1,5,29,2032,44,1774,116,4,72,1,4,17,NA,12000,93268,02970,57,35,5,12,240.56278815437304,403.95164282767814
37119000101,NC,119,101,3577,78,3040,240,5,151,6,12,45,2864,58,2489,156,4,119,4,8,26,NA,12000,93268,02970,57,33,5,12,339.0609376349037,569.3491658752315
37119000102,NC,119,102,5389,432,3473,1098,15,262,3,16,90,4022,290,2678,777,13,199,3,8,54,NA,12000,93268,02970,36,35,5,12,476.1533139551616,799.553891463052
37119000103,NC,119,103,4103,72,3779,114,13,98,0,1,26,2942,41,2735,78,8,66,0,1,13,NA,12000,93268,02970,57,35,5,12,348.29513914870347,584.8551836609396
37119000104,NC,119,104,5508,500,922,3673,12,268,3,10,120,3946,353,821,2499,6,184,2,5,76,NA,12000,93268,02970,58,40,8,2,467.15588683915155,784.4454638769773
37119000105,NC,119,105,3877,211,2389,871,9,312,1,13,71,3291,170,2131,641,5,279,1,10,54,NA,12000,93268,02970,54,34,8,2,389.61227156301265,654.2346734969925
37119000106,NC,119,106,2302,25,2144,88,6,27,0,7,5,1727,16,1627,53,6,19,0,3,3,NA,12000,93268,02970,57,35,5,12,204.45469249143812,343.3191373835631
37119000107,NC,119,107,8947,310,5198,2642,23,591,0,39,144,6989,227,4285,1923,19,439,0,18,78,NA,12000,93268,02970,54,34,8,2,827.4081330762368,1389.3789526194107
37119000108,NC,119,108,4773,483,1377,2659,21,109,2,8,114,3546,361,1173,1833,16,88,2,4,69,NA,12000,93268,02970,36,40,5,11,419.80100728120414,704.9274239502691
37119000109,NC,119,109,2245,49,1847,280,6,18,1,1,43,1988,39,1679,215,6,16,1,1,31,NA,12000,93268,02970,58,40,8,11,235.35375140299882,395.20465843574027
37119000110,NC,119,110,1833,61,1640,61,0,56,3,0,12,1347,41,1209,40,0,45,2,0,10,NA,12000,93268,02970,55,35,5,12,159.46755691138802,267.77699945319017
37119000111,NC,119,111,2928,39,2628,170,4,71,0,8,8,2382,28,2176,104,2,61,0,5,6,NA,12000,93268,02970,55,33,5,12,281.99830776757705,473.5299277635479
37119000112,NC,119,112,2665,44,2433,78,1,88,0,3,18,1852,33,1686,64,1,60,0,3,5,NA,12000,93268,02970,69,35,5,12,219.2530923532967,368.16852486065943
37119000113,NC,119,113,3768,59,3478,97,6,99,2,0,27,2516,40,2332,67,4,64,1,0,8,NA,12000,93268,02970,57,35,5,12,297.8621924194895,500.16847113899524
37119000114,NC,119,114,3951,64,3637,129,7,90,0,5,19,2943,45,2717,99,6,65,0,3,8,NA,12000,93268,02970,55,33,5,12,348.41352634759835,585.0539787607563
37119000115,NC,119,115,2615,165,1639,718,14,60,0,4,15,1766,96,1155,449,10,47,0,2,7,NA,12000,93268,02970,69,35,5,12,209.071793248338,351.07214627641713
37119000116,NC,119,116,2532,169,968,1266,15,59,1,11,43,1728,94,771,787,11,46,1,4,14,NA,12000,93268,02970,58,40,5,12,204.573079690333,343.51793248337987
37119000117,NC,119,117,3276,203,1792,1116,15,90,5,5,50,2628,151,1548,789,13,83,5,3,36,NA,12000,93268,02970,57,40,5,11,311.1215586957147,522.4335223184735
37119000118,NC,119,118,3859,83,3379,163,2,162,2,14,54,2780,56,2445,127,2,111,2,9,28,NA,12000,93268,02970,57,35,5,12,329.11641292773476,552.6503774906226
37119000119,NC,119,119,2054,23,1790,195,3,28,0,1,14,1706,21,1552,98,3,23,0,1,8,NA,12000,93268,02970,57,35,5,12,201.96856131464585,339.1444402874109
37119000120,NC,119,120,5834,1054,2726,1539,26,349,0,21,119,4773,806,2475,1113,19,275,0,13,72,NA,12000,93268,02970,55,33,8,12,565.0621003252079,948.8490114254469
37119000121,NC,119,121,1740,32,1591,61,3,43,0,3,7,1270,22,1175,35,3,30,0,0,5,NA,12000,93268,02970,69,35,5,12,150.35174259648315,252.46977676729887
37119000122,NC,119,122,6192,282,4450,1024,27,317,6,16,70,4633,188,3425,717,19,235,5,8,36,NA,12000,93268,02970,76,34,5,12,548.4878924799264,921.0176974510989
37119000123,NC,119,123,2534,82,1218,1059,5,127,0,12,31,1849,58,957,719,4,89,0,7,15,NA,12000,93268,02970,58,34,5,11,218.89793075661208,367.57213956120916
37119000124,NC,119,124,3513,156,1338,1862,9,73,3,7,65,2622,119,1102,1297,7,55,3,2,37,NA,12000,93268,02970,58,40,5,11,310.41123550234556,521.2407517195729
37119000125,NC,119,125,2032,125,1042,713,1,92,3,14,42,1381,74,766,448,1,62,1,9,20,NA,12000,93268,02970,36,35,5,12,163.49272167381355,274.5360328469604
37119000126,NC,119,126,2201,43,1110,919,5,93,0,7,24,1621,29,868,644,5,62,0,4,9,NA,12000,93268,02970,54,34,8,2,191.90564940858204,322.2468568029854
37119000127,NC,119,127,2726,43,2580,44,1,44,2,5,7,1797,23,1712,32,1,24,1,3,1,NA,16400,93636,02970,54,34,8,2,212.74179641407892,357.23479437073706
37119000128,NC,119,128,3692,101,2896,479,9,165,0,1,41,2527,59,1999,326,9,114,0,0,20,NA,12000,93268,02970,54,34,8,12,299.16445160733304,502.35521723697974
37119000129,NC,119,129,2476,328,1642,327,4,130,1,7,37,2100,237,1464,256,4,106,1,4,28,NA,52220,93740,02970,55,35,5,12,248.61311767922413,417.4697096152186
37119000130,NC,119,130,3527,672,1538,1072,19,172,6,10,38,2629,498,1252,705,16,131,2,4,21,NA,12000,93268,02970,36,40,5,11,311.2399458946096,522.6323174182903
37119000131,NC,119,131,2117,69,1930,52,1,58,0,1,6,1495,39,1381,36,1,33,0,1,4,NA,12000,93268,02970,57,35,5,12,176.9888623478286,297.1986742260723
37119000132,NC,119,132,3170,469,1800,698,14,111,14,10,54,2275,303,1383,470,10,70,7,6,26,NA,12000,93268,02970,54,34,8,2,269.33087748582614,452.2588520831535
37119000133,NC,119,133,3414,40,3104,189,3,56,0,0,22,2309,22,2098,136,2,42,0,0,9,NA,33120,93748,02970,54,34,8,12,273.3560422482517,459.0178854769237
37119000134,NC,119,134,5159,213,4528,254,31,85,0,0,48,3539,134,3145,170,19,51,0,0,20,NA,33120,93700,02970,60,34,5,12,418.97229688894004,703.5358582515516
37119000135,NC,119,135,5556,442,3013,1807,30,169,2,6,87,4439,339,2625,1255,23,129,2,2,64,NA,12000,93268,02970,60,34,8,2,525.5207758943218,882.4514480866453
37119000136,NC,119,136,2887,42,2652,91,33,55,0,0,14,1888,28,1735,57,22,37,0,0,9,NA,41960,93736,02970,69,35,5,12,223.51503151351196,375.3251484540632
37119000137,NC,119,137,4201,65,3844,163,3,92,0,6,28,2627,39,2407,111,3,55,0,2,10,NA,12000,93268,02970,69,35,5,12,311.00317149681985,522.2347272186568
37119000138,NC,119,138,3047,223,1542,1026,12,201,0,9,34,2315,156,1276,697,6,156,0,6,18,NA,12000,93268,02970,76,34,5,2,274.06636544162086,460.21065607582426
37119000139,NC,119,139,3950,125,3396,166,6,207,2,6,42,2713,83,2358,95,6,143,2,1,25,NA,12000,93268,02970,69,35,5,12,321.18447060177857,539.3311058028991
37119000140,NC,119,140,8625,240,7531,377,21,366,6,10,74,6323,158,5558,286,21,259,3,7,31,NA,12000,93268,02970,69,35,5,12,748.5622586122543,1256.9814161414415
37119000141,NC,119,141,7005,428,4410,1631,32,345,8,13,138,6699,343,4326,1521,31,335,8,10,125,NA,12000,93268,02970,54,34,8,11,793.075845396725,1331.7283736725474
37119000142,NC,119,142,3247,93,2951,126,7,46,4,0,20,2521,73,2294,95,6,39,4,0,10,NA,33120,93668,02970,60,34,5,12,298.45412841396376,501.162446638079
37119000143,NC,119,143,4674,106,4229,215,7,85,1,2,29,3177,69,2868,154,4,63,1,0,18,NA,33120,93748,02970,60,34,5,12,376.11613088899765,631.5720321178807
37119000144,NC,119,144,3116,64,2763,123,4,136,0,4,22,2197,43,1972,77,4,88,0,1,12,NA,12000,93268,02970,69,35,5,12,260.09667597202633,436.7528342974453
37119000200,NC,119,200,2432,81,1914,354,18,38,0,1,26,1867,47,1518,250,15,21,0,0,16,NA,12000,93320,02970,93,34,5,2,221.02890033671974,371.15045135791104
37119000201,NC,119,201,5970,212,4259,1286,17,119,2,6,69,4128,137,3003,856,14,79,2,2,35,NA,43480,93516,02970,69,35,5,12,488.7023570380177,820.6261720436297
37119000202,NC,119,202,4346,198,3544,533,9,37,5,0,20,3250,157,2684,361,7,26,5,0,10,NA,14700,93636,02970,54,34,8,12,384.758396408323,646.0840744045049
37119000203,NC,119,203,3189,112,2326,628,11,59,0,8,45,2246,66,1700,401,6,41,0,5,27,NA,12000,93564,02970,69,40,5,12,265.8976487178749,446.4937941884671
37119000204,NC,119,204,5271,200,2811,1802,8,355,0,20,75,3863,139,2185,1209,8,271,0,8,43,NA,12000,93564,02970,54,34,8,11,457.32974933087746,767.9454705921854
37119000205,NC,119,205,2427,43,1925,367,15,53,2,3,19,1802,35,1452,256,10,35,2,0,12,NA,12000,93564,02970,54,34,8,11,213.33373240855326,358.2287698698209
37119000206,NC,119,206,5197,134,4384,544,10,73,3,2,47,4405,114,3749,427,10,71,3,2,29,NA,16400,93636,02970,54,34,8,2,521.4956111318963,875.6924146928752
37119000207,NC,119,207,4997,369,4082,414,12,62,6,2,50,3529,236,2974,241,7,47,3,0,21,NA,33120,93748,02970,54,34,8,12,417.78842489999136,701.547907253384
37119000208,NC,119,208,4314,66,4060,98,12,53,0,1,24,3404,52,3206,80,10,40,0,1,15,NA,14700,93668,02970,60,34,5,12,402.9900250381328,676.6985197762876
37119000209,NC,119,209,2630,29,2244,307,18,20,0,0,12,2038,23,1736,241,16,13,0,0,9,NA,33120,93700,02970,60,34,5,12,241.27311134774226,405.1444134265788
37119000210,NC,119,210,4140,78,1245,2742,7,30,7,4,27,3119,47,1020,2010,3,20,5,1,13,NA,12000,93268,02970,59,33,8,2,369.24967335309526,620.041916328508
37119000211,NC,119,211,4750,104,3275,1186,13,127,0,6,39,3368,63,2369,814,9,90,0,0,23,NA,12000,93700,02970,60,34,8,2,398.7280858779175,669.5418961828839
37119000212,NC,119,212,5784,199,3708,1269,20,521,5,6,56,4684,156,3101,973,12,397,4,2,39,NA,12000,93600,02970,54,34,8,2,554.5256396235646,931.1562475417543
37119000213,NC,119,213,3735,178,1651,1573,11,268,2,4,48,2757,122,1349,1094,10,151,0,1,30,NA,12000,93268,02970,60,34,8,2,326.3935073531528,548.0780901948369
37119000214,NC,119,214,3751,86,2669,766,4,182,1,0,43,2601,50,1918,485,4,125,1,0,18,NA,12000,93268,02970,54,34,8,12,307.92510432555326,517.0660546234207
37119000215,NC,119,215,3763,77,3171,349,7,124,0,1,34,2478,43,2111,228,7,72,0,0,17,NA,41960,93736,02970,69,35,5,12,293.36347886148445,492.6142573459579
37119000216,NC,119,216,4546,198,3820,345,13,127,0,9,34,3328,127,2851,222,10,94,0,7,17,NA,41960,93736,02970,36,35,5,12,393.9925979221228,661.5900921902131
37119000217,NC,119,217,3228,130,2792,172,3,91,2,1,37,2439,96,2121,135,3,60,2,0,22,NA,41960,93736,02970,36,35,5,12,288.74637810458455,484.8612484531038
37119000218,NC,119,218,3338,58,3099,121,14,25,0,3,18,2364,35,2205,81,11,19,0,0,13,NA,41960,93736,02970,69,35,5,12,279.86733818746944,469.9516159668461
37119000219,NC,119,219,2448,143,2180,64,39,11,0,0,11,1876,111,1684,42,29,6,0,0,4,NA,43480,93516,02970,69,35,5,12,222.09438512677355,372.9396072562619
37119000220,NC,119,220,2173,35,2043,64,8,8,0,0,15,1702,23,1615,42,7,6,0,0,9,NA,43480,93516,02970,69,35,5,12,201.4950125190664,338.3492598881438
37119000221,NC,119,221,3676,36,3409,118,9,61,1,0,42,2778,20,2598,82,7,49,1,0,21,NA,43480,93516,02970,69,35,5,12,328.87963852994505,552.2527872909891
37119000222,NC,119,222,3974,152,3020,643,7,119,8,0,25,2998,89,2373,447,7,64,4,0,14,NA,12000,93268,02970,60,34,5,12,354.92482228681615,595.9877092506787
37119000223,NC,119,223,5602,101,4541,781,22,107,0,7,43,4011,61,3330,504,20,72,0,2,22,NA,12000,93720,02970,60,34,5,12,474.8510547673181,797.3671453650675
37119000224,NC,119,224,2612,64,2142,296,12,81,1,1,15,2037,44,1698,216,7,61,1,0,10,NA,12000,93720,02970,93,34,5,12,241.15472414884738,404.94561832676203
37119000225,NC,119,225,2034,103,1718,111,6,43,1,7,45,1647,88,1414,84,5,32,1,6,17,NA,52220,93740,02970,55,35,5,12,194.98371657984865,327.41552939822145
37119000226,NC,119,226,4537,177,3769,225,7,300,0,5,54,3402,121,2852,163,6,217,0,3,40,NA,12000,93268,02970,69,35,5,12,402.753250640343,676.3009295766541
37119000227,NC,119,227,2615,55,2405,107,5,35,1,0,7,1765,26,1632,72,4,25,0,0,6,NA,12000,93492,02970,69,35,5,12,208.95340604944312,350.87335117660035
37119000228,NC,119,228,3961,242,2123,1146,19,358,3,6,64,2847,151,1658,763,13,234,3,0,25,NA,12000,93268,02970,76,34,5,2,337.04835525369094,565.9696491783463
37119000229,NC,119,229,3550,98,3026,299,7,94,0,0,26,2643,67,2279,210,5,67,0,0,15,NA,12000,93392,02970,76,34,5,12,312.8973666791378,525.4154488157251
37119000230,NC,119,230,2933,107,2181,487,4,129,1,1,23,2206,69,1717,313,4,89,1,0,13,NA,12000,93392,02970,76,34,5,12,261.16216076208013,438.54199019579625
37119000231,NC,119,231,4637,361,3338,694,21,153,0,10,60,3335,242,2473,447,16,121,0,5,31,NA,52220,93740,02970,55,35,5,12,394.82130831438684,662.9816578889305
37119000232,NC,119,232,3106,100,2727,113,4,132,0,1,29,2213,61,1962,75,2,98,0,0,15,NA,12000,93268,02970,69,35,5,12,261.9908711543443,439.9335558945137
37119000233,NC,119,233,4642,53,4328,122,2,111,0,5,21,3341,39,3121,88,2,80,0,0,11,NA,41960,93736,02970,36,35,5,12,395.53163150775606,664.174428487831
37119000234,NC,119,234,4445,152,3782,332,37,60,1,11,70,3275,103,2837,229,28,37,1,4,36,NA,43480,93516,02970,69,35,5,12,387.71807638069475,651.0539518999242
37119000235,NC,119,235,4478,249,3225,826,20,107,1,5,45,3295,171,2465,534,14,76,1,3,31,NA,43480,93736,02970,69,35,5,12,390.08582035859206,655.0298538962596
37119000236,NC,119,236,4323,58,4091,89,19,32,0,2,32,3098,35,2938,60,14,22,0,2,27,NA,43480,93516,02970,69,35,5,12,366.76354217630296,615.8672192323558
37119000237,NC,119,237,4089,202,2277,1273,13,238,5,5,76,2848,143,1656,820,7,174,2,2,44,NA,12000,93268,02970,54,34,8,11,337.1667424525858,566.1684442781631
37119000238,NC,119,238,5955,182,4519,945,14,222,6,6,61,4088,118,3142,623,14,161,5,2,23,NA,12000,93600,02970,54,34,8,12,483.9668690822229,812.6743680509587
37119000239,NC,119,239,8542,181,6774,1127,18,341,0,7,94,5948,119,4730,782,17,250,0,3,47,NA,12000,93268,02970,54,34,8,2,704.1670590266785,1182.4332537101525
37119000240,NC,119,240,1170,16,1111,32,1,5,0,1,4,987,11,944,25,1,4,0,1,1,NA,33120,93668,02970,60,34,5,12,116.84816530923533,196.21076351915272
37119000241,NC,119,241,3624,167,2839,535,26,40,0,1,16,2785,103,2210,412,19,27,0,1,13,NA,33120,93748,02970,54,34,8,12,329.7083489222091,553.6443529897065
37119000242,NC,119,242,4730,107,4416,113,4,62,1,3,24,3675,71,3464,83,4,39,1,2,11,NA,14700,93668,02970,60,34,5,12,435.0729559386422,730.5719918266326
37119000243,NC,119,243,2701,32,2376,192,2,58,1,0,40,2101,24,1876,135,2,46,1,0,17,NA,12000,93392,02970,76,34,5,12,248.731504878119,417.6685047150354
37121000001,NC,121,1,1724,26,1689,0,2,1,0,0,6,1360,12,1343,0,2,1,0,0,2,NA,03100,90128,03000,46,27,6,13,151.11111111111111,488.5266052078279
37121000002,NC,121,2,530,0,525,0,1,1,0,1,2,425,0,423,0,1,0,0,0,1,NA,NA,90352,03000,46,27,6,13,47.22222222222223,152.66456412744623
37121000003,NC,121,3,757,1,754,0,1,1,0,0,0,596,1,593,0,1,1,0,0,0,NA,NA,90488,03000,46,27,6,13,66.22222222222221,214.0896005175481
37121000004,NC,121,4,8282,206,7975,27,11,18,0,2,43,6458,143,6247,15,10,14,0,2,27,NA,64260,91285,03000,46,27,6,13,717.5555555555557,2319.7829532589362
37121000005,NC,121,5,1241,11,1218,1,2,1,0,0,8,961,3,947,0,2,1,0,0,8,NA,NA,91408,03000,46,27,6,13,106.77777777777777,345.20152029759015
37121000006,NC,121,6,745,19,715,3,5,0,0,0,3,634,11,613,2,5,0,0,0,3,NA,NA,91140,03000,46,27,6,13,70.44444444444444,227.73960860423742
37121000007,NC,121,7,339,6,333,0,0,0,0,0,0,285,3,282,0,0,0,0,0,0,NA,NA,92548,03000,46,27,6,13,31.666666666666664,102.37506065016981
37121000008,NC,121,8,390,3,385,0,0,1,0,0,1,309,1,306,0,0,1,0,0,1,NA,NA,92632,03000,46,27,6,13,34.33333333333333,110.99611838913148
37121000009,NC,121,9,1679,39,1616,2,1,9,0,0,12,1338,25,1292,1,1,7,0,0,12,NA,NA,93012,03000,46,27,6,13,148.66666666666666,480.62396894711304
371230000T1,NC,123,T1,3434,281,2156,859,5,85,0,4,44,2444,165,1673,524,3,50,0,0,29,NA,68520,93772,03060,33,17,4,11,499.67192930195614,513.6258564194221
371230000T2,NC,123,T2,2907,79,1979,789,24,23,0,0,13,2404,54,1587,715,24,16,0,0,8,NA,68520,93772,03060,33,17,4,11,491.4939926521696,505.2195412570748
37123000BIS,NC,123,BIS,2813,670,1552,536,2,15,0,8,30,2039,409,1222,372,2,8,0,5,21,NA,06000,90272,03060,33,17,4,11,416.87032072286763,428.51191540065537
37123000CAN,NC,123,CAN,3063,925,1533,568,5,10,4,0,18,2205,546,1219,421,4,5,4,0,6,NA,10120,90272,03060,33,17,4,11,450.8087578194817,463.3981233243968
37123000CHE,NC,123,CHE,992,40,772,177,0,0,0,0,3,767,21,604,139,0,0,0,0,3,NA,NA,90628,03060,33,17,4,11,156.81193525965642,161.19109323801013
37123000ELD,NC,123,ELD,1544,19,1479,19,4,8,0,0,15,1293,9,1247,16,3,7,0,0,11,NA,NA,90988,03060,33,17,4,11,264.35180220434916,271.7341376228776
37123000LIT,NC,123,LIT,772,4,747,12,4,4,0,0,1,587,2,570,10,2,2,0,0,1,NA,NA,91856,03060,33,17,4,11,120.01122033561712,123.36267500744712
37123000MTG,NC,123,MTG,2818,22,1107,1594,7,65,0,0,23,2092,13,923,1113,4,26,0,0,13,NA,44900,92160,03060,33,17,4,11,427.70608678383473,439.65028299076556
37123000OPH,NC,123,OPH,492,0,483,0,3,0,0,0,6,371,0,363,0,2,0,0,0,6,NA,NA,92412,03060,33,17,4,11,75.85036242676993,77.96857313077152
37123000PEE,NC,123,PEE,1252,18,1071,118,0,35,0,0,10,1032,9,908,87,0,21,0,0,7,NA,NA,92464,03060,33,17,4,11,210.9907655644921,216.88293118856123
37123000ROC,NC,123,ROC,1709,566,417,706,7,8,0,0,5,1090,302,314,460,6,6,0,0,2,NA,47260,92748,03060,32,17,4,11,222.84877370668255,229.07208817396486
37123000STA,NC,123,STA,2644,154,2375,91,8,5,0,0,11,1986,89,1817,62,7,5,0,0,6,NA,64580,93100,03060,33,17,4,11,406.0345546619005,417.3735478105451
37123000UWH,NC,123,UWH,1589,10,1506,6,7,46,0,0,14,1253,7,1208,4,7,20,0,0,7,NA,NA,93848,03060,33,17,4,11,256.1738655545626,263.32782246053023
37123000WAD,NC,123,WAD,793,9,337,330,0,108,0,0,9,579,5,268,229,0,74,0,0,3,NA,NA,92160,03060,33,17,4,11,118.37563300565982,121.68141197497766
37125000BEN,NC,125,BEN,3543,248,2336,885,37,7,0,2,28,2452,146,1761,514,19,2,0,0,10,NA,57000,93316,03090,31,16,2,9,315.0273407982414,573.2899635913993
37125000CAM,NC,125,CAM,3513,148,2821,471,27,8,3,1,34,2548,95,2072,332,21,5,3,0,20,NA,09800,93524,03090,31,16,2,9,327.3612007968675,595.7352476471801
37125000CAR,NC,125,CAR,6601,102,5284,1120,47,10,0,3,35,4944,66,3983,831,33,5,0,0,26,NA,10680,93264,03090,31,16,2,9,635.1937899292437,1155.9321288727074
37125000EAB,NC,125,EAB,2541,80,1653,731,46,14,0,2,15,1943,57,1322,512,32,9,0,1,10,9815,00160,93616,03090,31,16,2,9,249.6321872638593,454.2831970873119
37125000EUR,NC,125,EUR,3134,33,3006,54,10,12,3,0,16,2534,21,2452,32,9,9,3,0,8,NA,73140,93578,03090,31,16,2,9,325.5625128804012,592.4619770557119
37125000EWD,NC,125,EWD,1947,40,1553,299,16,16,1,0,22,1504,25,1210,234,12,13,1,0,9,NA,10680,93648,03090,31,16,2,9,193.23047331180874,351.64278354056466
37125000KWD,NC,125,KWD,3373,46,3100,175,14,10,0,5,23,2780,33,2576,143,10,6,0,2,10,NA,63120,93578,03090,31,16,2,9,357.1680291268805,649.9780174486501
37125000LTR,NC,125,LTR,3085,124,2470,367,43,20,0,2,59,2315,77,1923,247,30,15,0,0,23,9815,NA,93672,03090,16,16,2,9,297.42589475853543,541.2586728034622
37125000NSP,NC,125,NSP,3137,85,2648,345,10,22,4,0,23,2674,56,2317,255,9,21,2,0,14,NA,63120,93578,03090,31,16,2,9,343.5493920450642,625.1946829703923
37125000PBF,NC,125,PBF,3146,114,2044,891,35,14,5,5,38,2217,74,1515,569,27,9,3,0,20,9815,51840,93616,03090,31,16,2,9,284.8350793432713,518.3457786631861
37125000PDN,NC,125,PDN,3709,38,3430,167,12,35,6,0,21,2779,24,2596,118,7,21,2,0,11,9815,63120,93616,03090,31,16,2,9,357.03955141856153,649.7442124064024
37125000RBN,NC,125,RBN,2936,942,1725,248,11,3,0,0,7,2155,559,1412,174,6,1,0,0,3,NA,57000,93388,03090,31,16,2,9,276.86946142749196,503.8498660438277
37125000SLS,NC,125,SLS,3279,26,3079,135,7,6,0,5,21,2788,15,2636,111,5,6,0,2,13,NA,60515,93648,03090,31,16,2,9,358.1958507934327,651.8484577866319
37125000SSP,NC,125,SSP,3832,93,1175,2496,17,21,1,4,25,2798,58,1015,1682,10,17,1,1,14,NA,63120,93578,03090,31,16,2,9,359.4806278766229,654.186508209109
37125000TLT,NC,125,TLT,677,4,81,565,5,2,0,0,20,493,2,62,418,4,2,0,0,5,NA,66980,93648,03090,31,16,2,9,63.33951020127774,115.26588582812393
37125000VSS,NC,125,VSS,3121,157,2489,386,38,5,0,4,42,2276,101,1868,259,27,5,0,2,14,NA,69840,93578,03090,31,16,2,9,292.41526413409355,532.1402761558013
37125000WAB,NC,125,WAB,3633,159,2686,646,55,43,0,2,42,2790,120,2133,442,35,30,0,0,30,NA,00160,93616,03090,31,16,2,9,358.4528062100707,652.3160678711273
37125000WEM,NC,125,WEM,2710,57,2482,153,3,3,0,0,12,2078,32,1922,111,3,2,0,0,8,NA,NA,93388,03090,31,16,2,9,266.97667788692723,485.8468777907536
37125000WND,NC,125,WND,2707,77,2063,537,12,3,0,0,15,2056,50,1608,379,10,3,0,0,6,NA,24570,93648,03090,31,16,2,9,264.1501683039088,480.7031668613039
3712500PH-A,NC,125,PH-A,3850,41,3588,149,19,28,1,1,23,3280,32,3084,110,17,21,1,1,14,NA,51940,93648,03090,31,16,2,9,421.40688328639146,766.880538572508
3712500PH-B,NC,125,PH-B,4165,33,3895,200,1,26,1,1,8,3723,25,3501,168,1,21,1,0,6,NA,51940,93648,03090,31,16,2,9,478.3225080717181,870.4561722882462
3712500PH-C,NC,125,PH-C,3343,49,3020,241,11,15,0,1,6,2999,34,2764,175,10,11,0,0,5,NA,51940,93648,03090,31,16,2,9,385.3046472487463,701.1813217008998
371250D-H-R,NC,125,D-H-R,2787,285,2216,266,10,2,2,1,5,2102,184,1707,198,8,2,0,1,2,NA,57000,93448,03090,31,16,2,9,270.0601428865838,491.4581988046988
371270000SC,NC,127,SC,1481,20,1191,242,3,3,1,0,21,1099,16,876,187,3,3,1,0,13,NA,17520,93144,03270,72,10,12,6,139.5852190974493,308.52502289077825
37127000RM1,NC,127,RM1,2381,53,809,1452,5,31,0,1,30,1735,45,662,984,4,18,0,0,22,NA,57500,92740,03270,72,10,12,4,220.36429038587312,487.07089601046437
37127000RM2,NC,127,RM2,2844,149,1277,1357,8,12,1,3,37,2092,96,1049,915,2,9,0,1,20,NA,57500,92740,03270,72,10,12,4,265.707259646828,587.2924002616089
37127000RM3,NC,127,RM3,3833,57,1046,2678,5,18,0,5,24,2747,42,909,1768,4,9,0,3,12,NA,57500,92740,03270,70,10,12,4,348.89954218443427,771.1721909744931
37127000RM4,NC,127,RM4,5707,55,1837,3708,18,13,1,9,66,4047,38,1527,2417,15,10,0,5,35,NA,57500,92740,03270,70,10,12,4,514.0139960758665,1136.12444735121
37127000RM5,NC,127,RM5,3784,52,2945,734,3,15,3,1,31,2873,33,2349,459,3,10,1,0,18,NA,61060,92740,03270,72,10,12,6,364.90294310006544,806.5444865925442
37127000RM6,NC,127,RM6,3554,54,2726,702,16,16,0,9,31,2789,37,2213,496,9,16,0,2,16,NA,57500,93144,03270,72,10,12,6,354.2340091563113,782.9629561805101
37127000RM7,NC,127,RM7,4877,88,3431,1220,22,70,0,8,38,3722,57,2710,860,14,53,0,2,26,NA,57500,93144,03270,72,10,12,6,472.73538260300853,1044.8863832570307
37127000RM8,NC,127,RM8,2745,31,1870,790,10,27,1,0,16,2251,19,1589,606,9,19,1,0,8,NA,57500,93144,03270,72,10,12,5,285.9020274689339,631.9288685415304
37127000RM9,NC,127,RM9,3716,74,2941,643,9,16,0,8,25,2548,50,2054,412,8,11,0,1,12,NA,57500,93144,03270,72,10,12,6,323.6243296272073,715.3064224983649
3712700NASH,NC,127,NASH,8431,138,5016,3156,35,33,2,3,48,6541,97,3931,2438,26,21,1,1,26,NA,46000,92212,03270,71,10,12,5,1087,1089
3712700RM10,NC,127,RM10,8381,303,4922,2796,46,149,9,15,141,6234,215,3870,1918,33,112,6,4,76,NA,57500,93144,03270,72,10,12,5,791.7873119686069,1750.0864355788096
371270GRIFF,NC,127,GRIFF,2676,66,811,1694,52,16,0,0,37,1963,40,625,1235,39,4,0,0,20,9745,55640,91336,03270,7,10,12,5,468,136
371270JACKS,NC,127,JACKS,2644,464,1613,529,9,3,1,3,22,1965,278,1275,392,7,3,1,0,9,NA,NA,91616,03270,20,10,12,5,270,311
371270MANN1,NC,127,MANN1,3976,193,2097,1644,19,3,1,4,15,3018,129,1620,1240,15,3,1,2,8,NA,64160,91976,03270,7,10,12,5,731.6824596774194,585.6502016129033
371270MANN2,NC,127,MANN2,1261,62,867,320,4,0,0,0,8,950,30,687,226,4,0,0,0,3,NA,43860,91976,03270,71,10,12,5,230.31754032258064,184.34979838709677
371270SWHIT,NC,127,SWHIT,1520,15,736,736,5,8,0,0,20,1151,14,577,539,4,7,0,0,10,NA,57500,93068,03270,71,10,12,5,146.1897972531066,323.12311314584696
37127BAILEY,NC,127,BAILEY,3737,306,2583,822,5,3,0,4,14,2750,172,2015,550,3,3,0,0,7,NA,03020,90124,03270,20,10,12,5,377,524
37127CASTAL,NC,127,CASTAL,1926,26,1140,727,13,3,0,2,15,1421,18,861,522,9,2,0,2,7,NA,10860,90544,03270,7,10,12,5,224,152
37127COOPER,NC,127,COOPER,3105,165,2768,153,6,7,0,0,6,2369,97,2139,116,5,7,0,0,5,NA,NA,90776,03270,20,10,12,6,188,532
37127DRYWEL,NC,127,DRYWEL,3125,260,2002,843,9,2,0,0,9,2264,154,1526,573,5,2,0,0,4,NA,42700,90916,03270,20,10,12,5,327,377
37127FERREL,NC,127,FERREL,2558,164,1920,443,6,6,0,0,19,1881,86,1464,309,6,4,0,0,12,NA,NA,91100,03270,20,10,12,5,192,288
37127NWHIT1,NC,127,NWHIT1,1204,15,375,794,4,3,0,0,13,896,14,304,563,4,2,0,0,9,NA,73160,92328,03270,7,10,12,5,204.70411985018725,127.04119850187266
37127NWHIT2,NC,127,NWHIT2,1333,39,626,646,10,1,0,1,10,973,35,473,448,8,1,0,1,7,9745,55640,92328,03270,7,10,12,5,222.29588014981275,137.95880149812734
37127OAKLEV,NC,127,OAKLEV,3624,53,3100,423,18,12,0,2,16,2729,32,2357,304,15,8,0,2,11,NA,57500,92356,03270,72,10,12,6,346.6133420536298,766.11900588620006
37127REDOAK,NC,127,REDOAK,2997,37,2677,253,6,7,0,2,15,2208,22,1986,182,4,6,0,0,8,NA,55640,92636,03270,71,10,12,6,280.44054937867884,619.8573708306083
371290000WB,NC,129,WB,2564,17,2504,7,8,13,1,1,13,2336,15,2289,7,5,13,1,1,5,NA,75820,91404,03330,13,4,3,10,267.76314047081536,408.21347032874115
37129000H01,NC,129,H01,2295,59,1847,335,9,20,0,6,19,1761,43,1466,218,8,18,0,1,7,NA,35870,91404,03330,98,4,3,10,201.85397704156927,307.73284300039086
37129000H02,NC,129,H02,2168,14,2050,57,1,31,0,1,14,1806,11,1710,52,1,22,0,1,9,NA,74440,94044,03330,96,4,3,10,207.0120854838581,315.5965442695661
37129000H03,NC,129,H03,5768,112,5300,235,11,42,2,6,60,4524,75,4218,154,11,26,2,4,34,NA,60060,91404,03330,13,4,3,10,518.561835398103,790.5641009277504
37129000H04,NC,129,H04,4511,96,4060,260,21,33,1,1,39,3790,68,3460,193,12,26,1,1,29,NA,74440,94044,03330,13,4,3,10,434.42735547276976,662.2983957816476
37129000H05,NC,129,H05,3528,42,3330,97,8,23,2,2,24,2962,25,2821,75,8,15,2,2,14,NA,74440,94044,03330,13,4,3,10,339.51816013465543,517.6062924288233
37129000H06,NC,129,H06,4153,74,3502,464,23,43,2,5,40,3115,54,2668,320,13,35,0,4,21,NA,35870,91404,03330,13,4,3,10,357.0557288384374,544.3428767440191
37129000H07,NC,129,H07,7693,123,6047,1338,12,86,2,10,75,5789,92,4663,925,6,63,2,3,35,NA,45720,91404,03330,98,4,3,10,663.5619949424444,1011.6214810501208
37129000H08,NC,129,H08,5481,64,5250,81,13,33,0,4,36,4102,40,3950,61,11,20,0,1,19,NA,48790,91404,03330,96,4,3,10,470.190240672639,716.820057914596
37129000H09,NC,129,H09,3956,34,3752,135,9,15,0,0,11,3243,23,3085,107,8,12,0,0,8,NA,04015,91404,03330,96,4,3,10,371.72768174094784,566.7107381318953
37129000M02,NC,129,M02,5939,67,5476,241,22,59,2,2,70,4201,48,3897,165,16,39,2,2,32,NA,41740,92008,03330,13,4,3,10,481.5380792456744,734.1202007067815
37129000M03,NC,129,M03,4316,87,3768,360,32,22,6,5,36,3132,49,2799,216,27,19,6,0,16,NA,61950,92008,03330,14,4,3,10,359.0043475833021,547.3136083345963
37129000M04,NC,129,M04,5621,92,5125,223,5,132,0,2,42,4011,62,3662,162,4,101,0,0,20,NA,41740,92008,03330,14,4,3,10,459.75939915601043,700.9179064591526
37129000M05,NC,129,M05,5219,53,4957,108,5,64,2,7,23,4111,32,3939,79,5,42,2,4,8,NA,45840,92008,03330,13,4,3,10,471.2218623610967,718.392798168431
37129000W01,NC,129,W01,2113,35,151,1910,4,6,1,0,6,1485,27,147,1301,2,4,1,0,3,NA,74440,94044,03330,98,7,3,10,170.21757859553117,259.5021418827828
37129000W02,NC,129,W02,2572,132,1491,918,10,11,2,1,7,2296,110,1413,742,10,11,2,1,7,NA,74440,94044,03330,98,7,3,10,263.17815518878086,401.2235136450298
37129000W03,NC,129,W03,3273,105,1059,2069,10,7,1,3,19,2610,89,963,1530,9,5,1,1,12,NA,74440,94044,03330,98,7,3,10,299.17028965275176,456.09467361216366
37129000W04,NC,129,W04,1309,57,942,257,5,13,3,11,21,1042,43,795,176,5,9,3,3,8,NA,74440,94044,03330,14,18,3,10,119.43886659699896,182.0883716106799
37129000W05,NC,129,W05,2396,149,1924,281,17,4,0,1,20,1858,98,1548,186,14,4,0,0,8,NA,74440,94044,03330,14,18,3,10,212.97256635050294,324.6834879583908
37129000W06,NC,129,W06,1793,27,289,1450,1,3,0,3,20,1319,17,246,1040,1,2,0,1,12,NA,74440,94044,03330,98,7,3,10,151.18988967508793,230.4938216453808
37129000W07,NC,129,W07,2364,43,71,2217,3,4,0,3,23,1789,27,64,1675,2,4,0,0,17,NA,74440,94044,03330,98,7,3,10,205.0634667389934,312.6258126789888
37129000W08,NC,129,W08,3193,47,1544,1546,7,10,0,1,38,2335,35,1378,886,7,8,0,0,21,NA,74440,94044,03330,14,4,3,10,267.64851583876447,408.03872141164834
37129000W09,NC,129,W09,1913,36,1518,330,5,7,4,1,12,1579,26,1313,218,4,6,4,0,8,NA,74440,94044,03330,13,7,3,10,180.99229400831226,275.9285400895044
37129000W10,NC,129,W10,2014,70,685,1237,10,4,0,0,8,1526,46,610,850,9,4,0,0,7,NA,74440,94044,03330,98,7,3,10,174.91718850961655,266.6668474835869
37129000W11,NC,129,W11,2411,15,2361,20,1,7,1,0,6,1918,7,1881,18,1,7,1,0,3,NA,74440,94044,03330,14,4,3,10,219.85004427355472,335.16842298395784
37129000W12,NC,129,W12,2237,91,1893,217,5,10,4,1,16,1764,67,1504,168,5,8,2,1,9,NA,74440,94044,03330,13,4,3,10,202.19785093772188,308.25708975166924
37129000W13,NC,129,W13,3320,280,2244,644,15,90,0,3,44,2884,216,2066,486,14,68,0,2,32,NA,74440,94044,03330,13,4,3,10,330.5774388346881,503.97587689558617
37129000W14,NC,129,W14,1837,17,1714,67,8,16,0,2,13,1587,13,1493,52,7,14,0,0,8,NA,74440,94044,03330,13,4,3,10,181.90929106471916,277.3265314262466
37129000W15,NC,129,W15,5427,118,1790,3394,16,22,2,13,72,3809,74,1611,2053,10,19,2,4,36,NA,74440,94044,03330,98,7,3,10,436.6052234817362,665.6186252064105
37129000W16,NC,129,W16,3930,63,3612,101,12,99,7,5,31,3099,43,2867,76,10,76,6,1,20,NA,74440,94044,03330,14,4,3,10,355.2217347256236,541.5468940705346
37129000W17,NC,129,W17,2512,16,2019,409,4,31,1,13,19,1987,11,1642,299,3,17,1,4,10,NA,74440,94044,03330,13,4,3,10,227.75914388506425,347.2260982633598
37129000W18,NC,129,W18,2130,66,1941,85,7,8,3,3,17,1754,53,1629,46,6,6,3,1,10,NA,74440,94044,03330,13,4,3,10,201.05160461721326,306.5096005807414
37129000W19,NC,129,W19,2244,61,1891,225,23,12,3,1,28,1837,49,1577,161,16,11,3,1,19,NA,74440,94044,03330,14,18,3,10,210.56544907743483,321.0137606994424
37129000W20,NC,129,W20,2250,150,1482,529,11,10,1,10,57,1846,122,1300,377,8,8,0,7,24,NA,74440,94044,03330,14,18,3,10,211.5970707658926,322.58650095327744
37129000W21,NC,129,W21,4002,62,3577,240,10,67,1,7,38,3508,53,3165,194,10,56,1,4,25,NA,74440,94044,03330,14,18,3,10,402.1032092344265,613.0192011614828
37129000W22,NC,129,W22,2658,64,2114,372,12,49,0,10,37,2302,56,1905,266,12,44,0,3,16,NA,74440,94044,03330,13,4,3,10,263.865902981086,402.27200714758646
37129000W23,NC,129,W23,1586,16,1414,119,7,11,0,5,14,1418,14,1297,79,7,9,0,1,11,NA,74440,94044,03330,13,4,3,10,162.53772824812336,247.79396443756633
37129000W24,NC,129,W24,4895,110,4290,337,9,77,23,3,46,4700,101,4148,305,9,69,22,3,43,NA,74440,94044,03330,13,4,3,10,538.7357706390549,821.3199103360802
3712900CF01,NC,129,CF01,4966,75,3359,1447,23,12,1,8,41,3696,56,2597,999,18,11,1,2,12,NA,75780,90508,03330,98,7,3,10,423.65264005998864,645.871997574926
3712900CF02,NC,129,CF02,3926,105,3128,590,51,7,0,0,45,2947,74,2406,408,35,7,0,0,17,NA,10880,90508,03330,96,4,3,10,337.7987906538925,514.9850586724316
3712900CF03,NC,129,CF03,6819,91,5359,1207,37,38,2,19,66,5244,62,4180,899,34,32,1,4,32,NA,35870,90508,03330,96,4,3,10,601.0915704747242,916.383321234554
3712900FP01,NC,129,FP01,5898,154,5189,428,30,31,1,8,57,4530,98,4066,283,22,24,1,3,33,NA,60000,91092,03330,13,4,3,10,519.2495831904082,791.612594430307
3712900FP02,NC,129,FP02,2766,21,2664,36,20,13,0,0,12,2293,15,2216,29,13,11,0,0,9,NA,10500,91092,03330,13,4,3,10,262.83428129262825,400.6992668937515
3712900FP03,NC,129,FP03,1548,14,1515,1,3,1,1,0,13,1358,10,1330,1,3,1,1,0,12,NA,36220,91092,03330,13,4,3,10,177.20850284784376,209.13734065636018
3712900FP04,NC,129,FP04,4460,36,4004,350,12,19,6,0,33,3455,21,3108,279,8,17,6,0,16,NA,45840,91092,03330,13,4,3,10,396.0281037357308,603.7575085555653
3712900FP05,NC,129,FP05,2333,16,2251,27,14,10,0,0,15,2057,15,1992,20,11,8,0,0,11,NA,10500,91092,03330,13,4,3,10,235.78286812862464,359.45852245985463
371310000LG,NC,131,LG,1606,8,1015,574,0,4,0,1,4,1382,7,929,439,0,4,0,0,3,NA,NA,91212,03420,5,2,11,4,385.9647086972126,199.55425290106473
371310000RS,NC,131,RS,2239,28,640,1546,11,0,0,0,14,1706,17,532,1142,4,0,0,0,11,NA,56440,92676,03420,5,2,11,4,476.4513697810743,246.33831798061968
371310000WL,NC,131,WL,1378,9,632,725,5,0,0,2,5,980,6,515,453,3,0,0,0,3,NA,75340,92676,03420,5,2,11,4,273.6942217968657,141.50735733939467
37131000CON,NC,131,CON,1127,2,744,371,3,0,0,0,7,860,1,587,264,3,0,0,0,5,NA,14400,91708,03420,5,2,11,4,240.18064361765764,124.17992582844839
37131000CRE,NC,131,CRE,791,1,486,297,4,0,0,0,3,609,1,370,233,4,0,0,0,1,NA,NA,94004,03420,5,2,11,4,170.08140925948078,87.93671491805239
37131000GAL,NC,131,GAL,1088,10,522,545,8,0,0,0,3,779,4,397,372,5,0,0,0,1,NA,NA,94004,03420,5,2,11,4,217.5589783466922,112.48390955855963
37131000GAR,NC,131,GAR,2351,15,221,2097,11,3,0,0,4,1712,12,170,1516,9,1,0,0,4,NA,25540,92368,03420,5,2,11,4,478.1270486900347,247.204689556167
37131000GAS,NC,131,GAS,3918,42,1266,2560,6,0,0,2,42,2880,26,1063,1766,6,0,0,0,19,NA,25560,91212,03420,5,2,11,4,804.325876300993,415.85835626271086
37131000JAC,NC,131,JAC,1091,3,452,626,1,1,0,0,8,879,3,355,512,1,1,0,0,7,NA,34000,91620,03420,5,2,11,4,245.4869601626989,126.92343581768155
37131000LAS,NC,131,LAS,330,0,249,78,1,0,0,0,2,262,0,192,68,1,0,0,0,1,NA,37000,92696,03420,5,2,11,4,73.17131235793755,37.83155879889939
37131000MIL,NC,131,MIL,608,5,309,292,0,2,0,0,0,447,5,246,194,0,2,0,0,0,NA,NA,91708,03420,5,2,11,4,124.83807871754995,64.54468237827491
37131000NEW,NC,131,NEW,821,3,509,290,0,8,10,0,1,615,2,388,219,0,4,1,0,1,NA,NA,91708,03420,5,2,11,4,171.7570881684412,88.80308649359971
37131000PEN,NC,131,PEN,359,2,155,200,0,0,1,0,1,265,1,117,145,0,0,1,0,1,NA,60560,91708,03420,5,2,11,4,74.00915181241776,38.26474458667305
37131000POT,NC,131,POT,734,11,143,576,0,0,0,0,4,493,10,113,366,0,0,0,0,4,NA,NA,92696,03420,5,2,11,4,137.68495035291303,71.18686445747099
37131000REH,NC,131,REH,903,6,253,632,8,0,0,1,3,798,6,231,551,7,0,0,1,2,NA,NA,92696,03420,5,2,11,4,222.86529489173347,115.2274195477928
37131000SEA,NC,131,SEA,1557,5,469,1066,2,2,1,0,12,1146,5,398,733,1,2,0,0,7,NA,59980,92880,03420,5,2,11,4,320.0546716114368,165.47697092953703
37131000SEV,NC,131,SEV,637,10,350,266,5,0,0,0,6,468,2,262,196,3,0,0,0,5,NA,60560,91708,03420,5,2,11,4,130.70295489891134,67.57698289269051
371310PHILL,NC,131,PHILL,548,1,188,355,0,0,0,0,4,437,1,146,286,0,0,0,0,4,NA,NA,92536,03420,5,2,11,4,122.04528053594927,63.10072975236272
3713300BC21,NC,133,BC21,5948,273,5061,310,41,82,5,15,161,4087,151,3554,201,26,68,3,6,78,NA,NA,93188,03450,80,4,9,6,262.1071095304329,411.85176153670085
3713300BM08,NC,133,BM08,12290,1017,7191,3125,68,391,54,59,385,8817,661,5493,2084,48,310,33,14,174,NA,34200,91632,03450,4,5,9,6,565.4510361462753,888.4993837702696
3713300CL10,NC,133,CL10,2256,102,2044,53,14,2,1,6,34,1647,51,1524,34,12,2,1,0,23,NA,NA,92672,03450,10,4,9,6,105.62525309435358,165.9701128580735
3713300CR07,NC,133,CR07,9205,542,6589,1558,89,134,30,19,244,6550,368,4882,1020,63,95,17,3,102,NA,34200,91632,03450,10,4,9,6,420.0639998591475,660.0511470676269
3713300EN03,NC,133,EN03,11428,873,7013,2841,60,280,28,21,312,8102,537,5363,1757,46,211,25,7,156,NA,34200,91632,03450,80,5,9,6,519.596721657834,816.4479990140323
3713300FS16,NC,133,FS16,3160,42,2975,73,12,17,0,6,35,2497,29,2362,54,11,12,0,2,27,NA,47845,93160,03450,12,4,9,6,160.1373752134796,251.62560522562814
3713300GB12,NC,133,GB12,3007,96,2308,523,14,13,1,2,50,2162,62,1686,365,10,11,1,1,26,NA,28900,92672,03450,4,5,9,6,138.6531859077064,217.86726411606244
3713300HM05,NC,133,HM05,7116,504,4452,1637,43,179,13,25,263,4805,298,3143,1055,29,147,11,9,113,NA,28900,91632,03450,80,5,9,6,308.1538197440006,484.20545979541174
3713300HN14,NC,133,HN14,2658,92,2183,300,20,12,0,9,42,1926,62,1617,199,15,10,0,2,21,NA,NA,93160,03450,10,5,9,6,123.51805553110198,194.08526858812965
3713300HR17,NC,133,HR17,1532,38,1327,126,16,6,3,3,13,1126,24,1002,76,11,6,2,2,3,NA,32180,93160,03450,10,7,9,6,72.2125288307481,113.46833459513707
3713300HU20,NC,133,HU20,4576,173,3744,386,43,60,18,6,146,3108,102,2598,246,30,54,11,2,65,NA,NA,93188,03450,80,4,9,6,199.32197123087488,313.1967885627762
3713300JA01,NC,133,JA01,37800,4686,24079,6975,290,579,42,125,1024,29875,3717,19521,5201,252,517,33,70,564,NA,34200,91632,03450,80,5,9,6,1915.9407627163407,3010.538628800817
3713300ML23,NC,133,ML23,1305,46,937,287,7,7,0,2,19,959,34,687,213,6,7,0,0,12,NA,42100,93976,03450,4,7,9,6,61.50250013204922,96.63954962409986
3713300MT24,NC,133,MT24,2115,42,1854,180,4,8,1,2,24,1569,36,1362,145,4,8,1,0,13,NA,52260,93976,03450,4,4,9,6,100.62296424106907,158.1099617937567
3713300NE22,NC,133,NE22,13803,982,8809,3158,93,311,30,24,396,9717,605,6451,2130,69,257,18,7,180,NA,52260,93976,03450,4,7,9,6,623.1697536841734,979.1934345123863
3713300NM13,NC,133,NM13,1529,24,1329,151,6,4,0,0,15,1120,13,982,112,4,3,0,0,6,NA,NA,92672,03450,10,5,9,6,71.82773738049545,112.86370759018962
3713300NR02,NC,133,NR02,4349,264,965,2913,9,86,7,7,98,3090,166,804,1985,7,73,6,2,47,NA,34200,91632,03450,4,7,9,6,198.16759688011692,311.3829075479339
3713300RL09,NC,133,RL09,5531,249,4278,921,14,17,0,4,48,4155,147,3273,686,13,15,0,1,20,NA,56360,92672,03450,4,5,9,6,266.46807929996305,418.7042009261053
3713300SF18,NC,133,SF18,3611,67,3257,179,20,32,2,4,50,2863,55,2588,143,13,32,2,2,28,NA,62680,93160,03450,4,4,9,6,183.6096536788915,288.50785252742224
3713300SW19,NC,133,SW19,4595,158,4116,174,23,41,6,4,73,3496,94,3193,113,19,37,3,0,37,NA,66360,93188,03450,4,4,9,6,224.20515168054652,352.29600154937765
3713300TL06,NC,133,TL06,4091,162,3089,650,28,50,10,2,100,2905,93,2261,435,19,43,3,0,51,NA,28900,91632,03450,80,4,9,6,186.30319383066006,292.74024156205434
3713300VR15,NC,133,VR15,2161,100,1812,161,17,30,2,1,38,1558,57,1346,98,13,23,2,1,18,NA,NA,93160,03450,12,4,9,6,99.9175132489392,157.00147895135305
3713300WN04,NC,133,WN04,5001,185,4220,393,26,90,5,8,74,3618,123,3139,236,15,65,5,1,34,NA,34200,91632,03450,80,5,9,6,232.02924450235045,364.59008398330894
37133ZZZZZZ,NC,133,ZZZZZZ,1288,179,968,88,14,23,1,1,14,1265,178,949,88,13,23,1,1,12,NA,34200,90482,00013,4,7,9,6,81.12686409493459,127.47552687641954
3713500000C,NC,135,C,1827,62,1579,113,4,31,0,7,31,1432,47,1255,79,4,26,0,2,19,NA,10620,90620,00720,24,16,10,7,314.3969404435123,190.68747494062856
3713500000E,NC,135,E,3637,96,3169,295,17,27,0,0,33,2735,53,2420,204,16,20,0,0,22,NA,19000,91040,03480,24,16,10,7,478.6639560781064,535.3273424146682
3713500000H,NC,135,H,1470,44,1035,360,1,7,0,0,23,1175,34,832,288,0,5,0,0,16,NA,31620,91496,03480,24,16,10,7,205.64173615787018,229.9852385145284
371350000BC,NC,135,BC,1739,65,1430,83,6,119,0,11,25,1415,54,1178,66,3,92,0,5,17,NA,11800,90620,00720,24,16,10,7,310.6645745304259,188.42372698393118
371350000BP,NC,135,BP,1014,71,833,56,1,33,0,1,19,887,55,745,48,1,28,0,1,9,NA,11800,90620,00720,24,16,10,7,194.74168028868397,118.11437868179996
371350000CC,NC,135,CC,3640,51,2721,586,19,212,0,3,48,3546,46,2660,562,17,210,0,3,48,NA,11800,90620,00720,24,16,10,7,778.527619282608,472.19119143817665
371350000CF,NC,135,CF,3143,116,2230,271,9,434,0,9,74,2140,69,1549,195,7,275,0,4,41,NA,11800,90620,00720,24,16,10,7,469.8390031767572,284.96591925484995
371350000CG,NC,135,CG,1807,93,1357,314,21,4,0,1,17,1343,56,1015,246,16,2,0,1,7,NA,NA,90580,03480,24,16,10,7,235.04412907235718,262.86823431915883
371350000CH,NC,135,CH,1456,65,1170,137,4,63,1,2,14,1135,52,930,90,4,48,1,2,8,NA,11800,90620,00720,24,16,10,7,249.19031243253244,151.13846652067974
371350000CO,NC,135,CO,2898,94,2391,213,3,156,2,5,34,2274,65,1939,127,3,113,2,3,22,NA,11800,90620,00720,24,16,10,7,499.2588286093206,302.809579619406
371350000CP,NC,135,CP,2411,83,2025,267,3,9,0,2,22,1872,44,1612,194,2,8,0,0,12,NA,31620,91496,03480,24,16,10,7,327.6266639042834,366.4105246801678
371350000CS,NC,135,CS,4364,129,3656,437,9,75,0,7,51,3100,92,2593,330,6,54,0,1,24,NA,10620,90620,00720,24,16,10,7,680.6079017981064,412.8010979859976
371350000CW,NC,135,CW,3034,44,2675,267,7,14,0,2,25,2291,29,2035,196,5,10,0,2,14,NA,NA,91860,03480,24,16,10,7,400.95763194696224,448.4222820738592
371350000CX,NC,135,CX,5053,257,3514,1210,18,9,2,4,39,3772,152,2691,890,13,7,1,2,16,NA,42240,90632,03480,25,16,10,7,555.7379912663755,647.4061135371179
371350000DA,NC,135,DA,3458,117,2962,142,6,172,1,7,51,2437,69,2133,92,3,117,1,4,18,NA,11800,90620,00720,24,16,10,7,535.0456311877371,324.51492767479874
371350000EA,NC,135,EA,3253,47,2718,217,22,188,1,8,52,3212,45,2686,213,21,186,1,8,52,NA,11800,90620,00720,24,16,10,7,705.1976066372637,427.71520217129813
371350000EF,NC,135,EF,2011,68,1643,264,5,10,0,3,18,1495,43,1235,195,4,6,0,1,11,NA,NA,90632,03480,24,16,10,7,220.26200873362444,256.5938864628821
371350000EH,NC,135,EH,2753,68,2193,232,3,218,2,8,29,2173,56,1765,170,3,152,2,5,20,NA,11800,90620,00720,24,16,10,7,477.08418406686616,289.36025352373315
371350000ES,NC,135,ES,2119,66,1515,236,6,234,0,6,56,1631,45,1245,143,2,161,0,4,31,NA,11800,90620,00720,24,16,10,7,358.08757672022944,217.18664219843936
371350000FG,NC,135,FG,2458,91,2022,140,1,165,0,1,38,2211,68,1836,132,1,137,0,1,36,NA,10620,90620,00720,24,16,10,7,485.42711963729454,294.42039601517445
371350000GB,NC,135,GB,4261,190,3234,682,25,29,1,2,98,3092,129,2395,479,16,23,1,2,47,NA,31620,91496,03480,24,16,10,7,541.1440410213912,605.2037084995079
371350000GL,NC,135,GL,1829,55,1521,98,8,119,0,2,26,1548,36,1321,74,8,92,0,1,16,NA,11800,90620,00720,24,16,10,7,339.8648490269253,206.13422570397557
371350000GR,NC,135,GR,3492,47,2885,306,21,181,1,0,51,3327,47,2733,304,18,177,1,0,47,NA,11800,90620,00720,24,16,10,7,730.4459642846127,443.02879129013354
371350000KM,NC,135,KM,2193,28,1944,124,1,66,0,5,25,1696,24,1518,93,1,46,0,3,11,NA,11800,90620,00720,24,16,10,7,372.3583875643833,225.84214909169415
371350000LC,NC,135,LC,2635,180,1843,427,3,120,0,2,60,2409,154,1712,374,3,113,0,2,51,NA,10620,90620,00720,24,16,10,7,528.8982049779478,320.78640162847364
371350000LI,NC,135,LI,3707,50,2670,677,16,221,1,7,65,3488,45,2632,518,16,216,1,4,56,NA,11800,90620,00720,24,16,10,7,765.7936649909016,464.4678160565031
371350000MF,NC,135,MF,2858,98,2005,305,19,380,0,3,48,2646,76,1898,282,15,331,0,1,43,NA,11800,90620,00720,24,16,10,7,580.9317768250933,352.34571137772565
371350000NC,NC,135,NC,2970,56,2620,65,1,170,1,3,54,1904,33,1692,46,1,108,1,3,20,NA,10620,90620,00720,24,16,10,7,418.0249822656756,253.5397711501095
371350000NS,NC,135,NS,2588,94,1470,921,7,50,0,6,40,2271,73,1438,669,7,47,0,6,31,NA,11800,90620,00720,24,16,10,7,498.60017580112884,302.4100946858712
371350000OG,NC,135,OG,3871,121,3372,292,17,35,0,4,30,2977,79,2639,198,12,25,0,4,20,NA,NA,90268,03480,24,16,10,7,597.4986522911051,555.5256064690027
371350000OW,NC,135,OW,3580,894,1691,658,12,251,0,7,67,3040,697,1537,517,12,219,0,5,53,NA,10620,90620,00720,24,16,10,7,667.4348456342719,404.8113993153009
371350000PA,NC,135,PA,4377,164,3553,346,5,263,4,1,41,3173,100,2633,244,5,167,2,0,22,NA,11800,90620,03480,24,16,10,7,696.6351201307714,422.5218980353453
371350000RF,NC,135,RF,3000,124,2322,341,15,146,1,6,45,2319,90,1865,218,9,107,1,0,29,NA,11800,90620,00720,24,16,10,7,509.1386207321963,308.80185362242855
371350000SJ,NC,135,SJ,2978,73,2187,640,4,38,0,3,33,2179,54,1581,496,3,29,0,1,15,NA,10620,90620,00720,24,16,10,7,478.40148968324957,290.1592233908028
371350000SM,NC,135,SM,2455,43,2106,249,2,23,0,2,30,1878,32,1618,190,1,13,0,2,22,NA,31620,91040,03480,24,16,10,7,328.6767493655151,367.5849173874761
371350000TH,NC,135,TH,3204,771,1416,823,8,114,0,10,62,2569,612,1231,582,8,93,0,6,37,NA,10620,90620,00720,24,16,10,7,564.0263547481726,342.0922647503316
371350000TO,NC,135,TO,1743,35,1260,422,6,3,0,0,17,1318,26,953,322,5,2,0,0,10,NA,NA,90580,03480,24,16,10,7,230.66877298389187,257.9749313720412
371350000WC,NC,135,WC,2310,56,1840,365,8,7,0,4,30,1846,45,1481,286,8,5,0,4,17,NA,NA,90268,03480,24,16,10,7,370.5013477088949,344.4743935309973
371350000WD,NC,135,WD,3789,209,2887,341,12,262,2,8,68,3020,137,2378,260,8,190,2,5,40,NA,11800,90620,00720,24,16,10,7,663.0438269129938,402.14816642506867
371350000WH,NC,135,WH,3497,88,1636,1682,23,6,0,3,59,2561,50,1239,1218,20,5,0,1,28,NA,31620,91496,03480,24,16,10,7,448.2114777023877,501.2699539027295
371350000WW,NC,135,WW,1893,115,1437,129,6,175,0,4,27,1605,93,1232,107,6,144,0,2,21,NA,11800,90620,00720,24,16,10,7,352.3792523825679,213.72443944113746
37135000WDS,NC,135,WDS,59,0,58,0,0,0,0,0,1,59,0,58,0,0,0,0,0,1,NA,11800,90620,00720,24,16,10,7,12.95350522777041,7.856537026185116
3713500CARR,NC,135,CARR,1393,55,861,442,4,1,0,0,30,1042,32,647,340,3,1,0,0,19,NA,NA,90580,03480,25,16,10,7,182.36484176723468,203.95286683586264
371370001AL,NC,137,1AL,2232,31,1897,251,21,10,0,6,16,1676,23,1452,169,12,9,0,1,10,NA,01000,93260,03510,3,3,9,6,394.967794704018,357.098865146713
371370001RB,NC,137,1RB,1882,8,1625,211,5,14,0,0,19,1380,4,1216,136,3,9,0,0,12,NA,34260,93260,03510,3,3,9,6,325.2121459973418,294.03128514466823
371370002OT,NC,137,2OT,1939,21,1569,325,6,3,0,1,14,1690,14,1398,262,5,1,0,0,10,NA,49380,93312,03510,3,3,9,6,398.2670483590635,360.0817912278908
371370002SW,NC,137,2SW,772,16,513,232,0,3,0,0,8,573,6,383,178,0,2,0,0,4,NA,65120,93312,03510,3,3,9,6,135.03373888150495,122.08690317963398
371370003BY,NC,137,3BY,2352,26,1015,1277,9,7,2,2,14,1897,20,836,1020,5,5,2,0,9,NA,03960,93364,03510,3,3,9,6,447.0488702586648,404.1864839995911
371370004HB,NC,137,4HB,537,4,529,1,0,0,0,0,3,427,4,419,1,0,0,0,0,3,NA,NA,93412,03510,3,3,9,6,75.31259501477211,95.50945128072742
371370004VM,NC,137,4VM,737,15,295,420,1,2,0,0,4,558,8,239,305,1,2,0,0,3,NA,42480,93412,03510,3,3,9,6,131.49882425109905,118.89091094980063
371370005AP,NC,137,5AP,2483,50,1941,450,24,10,0,0,8,2007,39,1615,325,18,7,0,0,3,NA,43440,93464,03510,79,3,9,6,472.97157754830795,427.6237603517023
3713900001A,NC,139,1A,1489,28,691,714,6,11,0,1,38,1089,22,578,453,6,7,0,0,23,NA,20580,90996,03540,1,1,9,4,169.36953536278324,157.44678416113527
3713900001B,NC,139,1B,2148,23,1345,725,8,23,0,2,22,1544,13,1043,454,8,12,0,2,12,NA,20580,90996,03540,1,1,9,4,240.13458457312885,223.23033493553064
3713900002A,NC,139,2A,2282,52,1132,1031,6,35,0,3,23,1757,45,951,713,5,29,0,0,14,NA,20580,90996,03540,1,1,9,4,273.26195925841154,254.02571145189592
3713900002B,NC,139,2B,2120,31,1516,518,6,21,1,1,26,1620,21,1234,333,4,14,1,0,13,NA,20580,90996,03540,1,1,9,4,251.95468070496682,234.21835660334173
3713900003A,NC,139,3A,2299,42,970,1233,3,22,0,5,24,1793,30,835,888,2,20,0,4,14,NA,20580,90996,03540,1,1,9,4,278.8609521629664,259.2305638208591
3713900003B,NC,139,3B,3226,27,347,2769,6,12,1,3,61,2129,15,248,1820,2,9,1,0,34,NA,20580,90996,03540,1,1,9,4,331.11821927214464,307.80918593118184
3713900004A,NC,139,4A,1274,6,130,1120,0,3,0,0,15,909,4,103,790,0,3,0,0,9,NA,20580,90996,03540,1,1,9,4,141.37457084000917,131.42252231631954
3713900004B,NC,139,4B,2519,49,832,1601,4,8,0,5,20,2068,28,616,1399,3,6,0,3,13,NA,20580,92292,03540,1,1,9,4,321.6310368505379,298.9898527504387
371390000MH,NC,139,MH,4206,40,2990,1043,17,43,1,7,65,3088,17,2250,730,13,38,1,4,35,NA,20580,92164,03540,1,1,9,4,480.2691691462577,446.46066987106127
37139000NEW,NC,139,NEW,2301,7,1233,1032,5,6,0,0,18,1692,7,923,743,4,3,0,0,12,NA,NA,92260,03540,1,1,9,4,263.1526665140765,244.62806134126805
37139000NIX,NC,139,NIX,3662,51,2899,639,7,31,1,4,30,2691,30,2153,466,7,24,1,0,10,NA,20580,92292,03540,1,1,9,4,418.52471961547263,389.06271457999543
37139000PRO,NC,139,PRO,5974,64,4415,1333,48,48,9,4,53,4746,44,3500,1091,35,35,6,3,32,NA,20580,92576,03540,1,1,9,4,738.1338979171435,686.1730373083085
37139000SAL,NC,139,SAL,1397,9,1165,174,4,35,0,1,9,1088,8,909,135,3,29,0,0,4,NA,NA,92804,03540,1,1,9,4,169.21400778210116,157.30220492866405
3714100CL05,NC,141,CL05,2179,129,814,1217,1,0,0,1,17,1571,66,638,857,1,0,0,1,8,NA,33940,90728,03570,12,7,3,10,328,181
3714100CS04,NC,141,CS04,1172,36,767,339,11,4,0,1,14,911,27,610,255,5,4,0,0,10,9635,02460,90548,03570,12,7,3,10,210,173
3714100CT03,NC,141,CT03,361,7,182,161,6,0,0,0,5,280,4,148,122,4,0,0,0,2,NA,NA,90496,03570,96,7,3,10,107,43
3714100GR06,NC,141,GR06,2192,108,1334,685,16,1,8,0,40,1607,69,1020,483,13,0,4,0,18,NA,NA,91272,03570,96,7,3,10,290,175
3714100LC09,NC,141,LC09,1854,65,1282,484,5,4,0,1,13,1387,48,950,375,3,4,0,0,7,NA,NA,91900,03570,12,5,3,10,207,202
3714100LT14,NC,141,LT14,4595,82,4003,450,14,14,0,5,27,3620,53,3196,332,9,11,0,0,19,NA,68040,93248,03570,96,4,3,10,405.3512494106553,758.2201791607732
3714100LU16,NC,141,LU16,1563,82,1229,238,3,3,0,2,6,1168,63,939,156,3,3,0,1,3,NA,71320,93804,03570,12,5,3,10,195.05367793240558,212.46918489065607
3714100MH07,NC,141,MH07,377,2,356,14,1,1,0,0,3,309,2,292,11,1,0,0,0,3,NA,NA,91516,03570,12,5,3,10,50.925456389452336,25.593306288032455
3714100NB01,NC,141,NB01,3231,84,1939,1148,26,4,0,3,27,2610,73,1546,949,19,4,0,0,19,NA,08960,90444,03570,12,5,3,10,451.9383184011027,433.95072363886976
3714100PL10,NC,141,PL10,694,20,598,73,0,0,0,0,3,533,12,462,56,0,0,0,0,3,NA,NA,93804,03570,12,5,3,10,89.00994035785288,96.9572564612326
3714100RP11,NC,141,RP11,6426,507,4618,1192,35,10,3,0,61,4691,345,3415,857,29,10,2,0,33,NA,10880,92744,03570,12,5,3,10,773.1110547667342,388.53786342123055
3714100SB02,NC,141,SB02,4243,202,2555,1442,13,2,0,1,28,3194,136,2010,1021,11,2,0,0,14,NA,08960,90444,03570,98,7,3,10,553.0616815988974,531.0492763611303
3714100SC13,NC,141,SC13,3053,42,2762,201,12,10,2,4,20,2577,27,2360,165,7,5,1,0,12,NA,66040,93248,03570,12,4,3,6,165.26792788351497,259.68729862492734
3714100SH12,NC,141,SH12,1639,9,1592,15,0,11,0,1,11,1285,9,1244,13,0,10,0,1,8,NA,35975,93248,03570,96,4,3,10,143.88849599245637,269.1472182932579
3714100UH08,NC,141,UH08,1246,10,355,876,0,0,1,0,4,916,6,272,634,0,0,1,0,3,NA,NA,91516,03570,12,7,3,10,150.9634888438134,75.868830290737
3714100UT15,NC,141,UT15,4519,49,4080,320,26,8,0,2,34,3579,31,3273,228,20,7,0,0,20,NA,68040,93248,03570,12,4,3,10,400.7602545968883,749.6326025459689
3714100UU17,NC,141,UU17,1738,62,975,681,9,0,0,0,11,1317,48,771,487,5,0,0,0,6,9635,70720,93804,03570,12,7,3,10,219.93638170974157,239.57355864811134
37143BELVID,NC,143,BELVID,902,2,687,205,0,0,3,2,3,691,2,523,161,0,0,1,1,3,NA,NA,90220,03600,86,1,9,4,130.49942909340032,124.81868006394153
37143BETHEL,NC,143,BETHEL,2788,17,2228,507,8,3,0,0,25,2265,10,1863,372,8,3,0,0,9,NA,30900,90248,03600,86,1,9,4,427.7586206896552,409.1379310344828
37143EHERTF,NC,143,EHERTF,1361,14,653,679,1,1,0,0,13,1013,5,539,461,1,1,0,0,6,NA,30900,91464,03600,86,1,9,4,191.31102991550583,182.98310116464947
37143NEWHOP,NC,143,NEWHOP,2502,13,1951,504,7,16,0,1,10,1913,8,1488,391,7,12,0,1,6,NA,NA,92248,03600,1,1,9,4,361.28134277232243,345.5544644896095
37143NICANO,NC,143,NICANO,366,2,276,87,0,0,0,0,1,295,2,223,69,0,0,0,0,1,NA,NA,90220,03600,86,1,9,4,55.712491436401,53.28728020095912
37143PARKVI,NC,143,PARKVI,2227,9,1416,792,2,0,0,0,8,1664,5,1083,570,2,0,0,0,4,NA,74720,92448,03600,86,1,9,4,314.2562228819365,300.5763873030372
37143WHERTF,NC,143,WHERTF,1222,11,804,393,2,4,0,0,8,917,8,638,262,2,4,0,0,3,NA,30900,91464,03600,86,1,9,4,173.1808632107787,165.6421557433204
3714500ALVI,NC,145,ALVI,2706,39,1754,884,5,2,0,3,19,2035,25,1342,646,5,2,0,2,13,9760,NA,90040,03630,22,13,11,3,291.4981716100912,359.7499353599527
3714500BFRK,NC,145,BFRK,1553,68,1242,230,5,0,0,0,8,1193,48,956,183,2,0,0,0,4,NA,NA,90464,03630,22,21,10,3,170.88811731245153,210.9000849554907
3714500CUCL,NC,145,CUCL,2522,27,1832,643,4,2,0,4,10,1936,17,1426,480,2,1,0,2,8,NA,NA,90852,03630,22,13,11,3,277.31717947770846,342.24858715325234
3714500FLRI,NC,145,FLRI,4885,67,4027,695,28,10,0,11,47,3649,41,3079,480,16,9,0,2,22,NA,58160,91120,03630,22,21,10,3,522.6913160713626,645.0749455176745
3714500HLWY,NC,145,HLWY,1281,18,942,239,72,3,0,0,7,994,13,735,182,57,2,0,0,5,9760,NA,91512,03630,22,13,11,3,142.38289070291432,175.7206072470727
3714500HUML,NC,145,HUML,1004,51,730,212,3,0,0,0,8,773,40,564,163,3,0,0,0,3,NA,NA,90464,03630,22,21,10,3,110.7263325084032,136.65194104827688
3714500MTTZ,NC,145,MTTZ,2935,46,2423,421,9,5,3,0,28,2191,30,1820,317,7,5,1,0,11,NA,NA,92168,03630,22,13,10,3,313.843977394452,387.32781738263213
3714500OLHI,NC,145,OLHI,2231,19,1826,360,8,0,0,2,16,1659,17,1365,264,7,0,0,0,6,NA,NA,92404,03630,22,21,10,3,237.63904997599084,293.2801684334946
3714500ROX1,NC,145,ROX1,3196,165,1350,1643,10,4,1,2,21,2438,121,1106,1192,6,4,1,2,6,NA,58160,92764,03630,22,13,11,3,349.2248365530233,430.99279725187455
3714500ROX2,NC,145,ROX2,3517,101,2343,976,31,19,0,9,38,2802,63,1975,692,24,16,0,6,26,NA,58160,92764,03630,22,13,11,3,401.36505004986515,495.34118863812654
3714500ROX3,NC,145,ROX3,3595,62,1790,1673,20,2,0,13,35,2600,36,1464,1069,16,2,0,3,10,9760,58160,92764,03630,22,13,11,3,372.4300964060134,459.63136704465705
3714500ROX4,NC,145,ROX4,2157,51,1288,811,3,0,0,0,4,1653,31,1022,595,3,0,0,0,2,NA,58160,92764,03630,22,13,11,3,236.77959590736157,292.21948066339155
3714500RX1A,NC,145,RX1A,2790,16,2020,724,11,5,0,0,14,2185,14,1631,525,6,3,0,0,6,NA,58160,92764,03630,22,13,11,3,312.98452332582275,386.26712961252906
3714500WDSD,NC,145,WDSD,1251,16,710,507,6,1,0,1,10,965,12,545,396,4,1,0,1,6,9760,58160,91512,03630,22,13,11,3,138.22886270453958,170.5939496915746
37147001.01,NC,147,1.01,4477,99,2812,1488,20,19,0,9,30,3362,57,2208,1053,15,15,0,2,12,NA,28080,90080,00012,9,6,9,6,417.07573375571815,473.3481719642076
37147003.01,NC,147,3.01,7265,794,2503,3850,14,9,1,17,77,4860,529,1908,2381,9,7,1,3,22,NA,28080,90224,00012,8,6,11,4,602.9113819312284,684.2570243147082
37147004.01,NC,147,4.01,2854,75,1122,1629,3,1,2,5,17,2087,47,867,1156,3,1,1,2,10,NA,05460,90252,00012,8,6,11,4,627,439
37147005.01,NC,147,5.01,1854,69,1181,590,1,5,1,2,5,1406,44,918,436,0,3,1,0,4,NA,28080,90512,00012,6,9,11,4,192,348
37147006.01,NC,147,6.01,5304,217,4339,682,7,15,0,5,39,3918,132,3264,492,5,11,0,1,13,NA,NA,90652,00012,2,9,9,6,486.05078074208916,551.6294282438326
37147007.01,NC,147,7.01,1869,29,1360,444,3,19,1,0,13,1377,16,1028,316,2,13,0,0,2,NA,28080,91064,00012,8,6,11,6,170.8248915471814,193.87282355583397
37147009.01,NC,147,9.01,1411,28,837,537,4,1,0,0,4,1053,13,662,372,2,1,0,0,3,NA,24440,91152,00012,71,6,11,4,130.63079941843284,148.25568860152012
37147010.01,NC,147,10.01,4355,175,2794,1353,8,5,2,0,18,3258,118,2207,913,5,5,2,0,8,NA,28200,91340,00012,9,9,11,4,591,692
37147011.01,NC,147,11.01,1972,77,1171,711,4,1,0,0,8,1411,40,883,479,4,1,0,0,4,NA,28240,91344,00012,2,9,11,4,175.04279010390192,198.6598068535089
37147012.01,NC,147,12.01,5373,231,2876,2201,5,7,0,6,47,3785,145,2206,1393,5,6,0,2,28,NA,28080,92428,00012,6,9,11,4,469.55135403491767,532.9038759323397
37147013.01,NC,147,13.01,1402,62,1175,152,4,1,0,1,7,1069,40,912,110,1,0,0,0,6,NA,NA,93196,00012,9,9,9,6,179,180
37147014.02,NC,147,14.02,6494,180,4621,1486,14,123,4,14,52,4547,111,3342,980,8,82,4,2,18,NA,28080,94072,00012,9,9,9,6,564.081904041419,640.1886192508185
37147015.01,NC,147,15.01,1735,117,258,1350,3,1,0,0,6,1325,90,202,1028,3,1,0,0,1,NA,28080,91328,00012,8,6,11,4,164.37398787219706,186.5515549829194
37147015.03,NC,147,15.03,3758,47,906,2681,20,65,1,1,37,2831,26,843,1865,17,55,0,1,24,NA,28080,91328,00012,8,6,11,4,351.2020827669358,398.58675634463765
37147015.04,NC,147,15.04,6269,98,1886,4103,17,73,7,6,79,4830,75,1680,2946,17,64,4,2,42,NA,28080,91328,00012,8,6,11,4,599.1897067341222,680.0332155226421
37147015.06,NC,147,15.06,3130,106,1495,1440,2,48,0,3,36,2536,66,1393,1007,2,37,0,2,29,NA,28080,91328,00012,9,9,11,4,314.60560999539,357.05263655598765
37147015.09,NC,147,15.09,4576,104,3577,763,8,71,0,4,49,3660,65,2968,536,8,55,0,2,26,NA,28080,91328,00012,9,9,9,6,454.04437404697455,515.3046726320642
3714702.00A,NC,147,2.00A,3172,112,2351,649,12,14,1,8,25,2382,81,1836,433,8,8,1,2,13,NA,02840,90112,00012,9,9,9,6,524.5336787564767,526.9071343164608
3714702.00B,NC,147,2.00B,3613,129,1509,1948,6,4,0,0,17,2636,78,1180,1357,4,3,0,0,14,NA,02840,90112,00012,9,9,11,4,580.4663212435233,583.0928656835392
3714708.00A,NC,147,8.00A,3450,177,1631,1601,7,6,1,2,25,2568,97,1313,1131,6,5,1,0,15,NA,22820,91084,00012,8,6,9,6,664.0366132723112,512.3178697732474
3714708.00B,NC,147,8.00B,2982,62,1587,1302,2,10,0,5,14,2239,50,1301,867,2,7,0,3,9,NA,22820,91084,00012,9,6,9,4,578.9633867276888,446.6821302267527
3714711.02A,NC,147,11.02A,3292,53,2281,886,10,26,0,7,29,2297,33,1686,540,6,18,0,2,12,NA,28080,91344,00012,6,9,9,6,284.9562642584428,323.40295984586106
3714711.02B,NC,147,11.02B,3485,248,2521,684,7,9,0,0,16,2582,170,1900,491,6,8,0,0,7,NA,62040,91344,00012,6,9,9,6,320.3121786309531,363.529143370489
3714714.03A,NC,147,14.03A,4034,107,2842,1025,11,15,5,1,28,2893,62,2089,705,7,11,4,1,14,NA,75060,94072,00012,9,9,9,6,358.8935448409556,407.31596118157427
3714714.03B,NC,147,14.03B,4045,37,2827,1100,17,38,0,2,24,2992,25,2137,780,11,26,0,1,12,NA,75060,94072,00012,9,9,9,6,371.1750729914065,421.2545301953924
3714715.05A,NC,147,15.05A,3957,98,1515,2226,9,48,0,9,52,2989,72,1331,1510,7,36,0,4,29,NA,28080,91328,00012,9,9,11,4,370.80290547169585,420.83214931618573
3714715.05B,NC,147,15.05B,4480,97,736,3564,7,26,4,15,31,3103,66,653,2327,6,21,4,7,19,NA,28080,91328,00012,8,9,11,4,384.94527122069996,436.8826227260369
3714715.07A,NC,147,15.07A,4383,108,3273,801,18,77,3,25,78,4188,100,3186,714,18,76,3,21,70,NA,28080,91328,00012,9,9,9,6,519.5458575160463,589.6437073724276
3714715.07B,NC,147,15.07B,2309,70,1685,449,12,43,5,8,37,2204,63,1597,443,12,39,5,8,37,NA,28080,91328,00012,9,9,9,6,273.4190711474131,310.30915259045616
3714715.07C,NC,147,15.07C,2700,94,2134,360,16,56,0,4,36,2226,64,1816,264,12,43,0,3,24,NA,28080,91328,00012,9,9,9,6,276.1482996252911,313.4066123713046
3714715.08A,NC,147,15.08A,2336,33,1997,209,9,56,0,5,27,2169,27,1879,174,8,55,0,5,21,NA,28080,91328,00012,6,9,9,6,269.077116750789,305.38137566637903
3714715.08B,NC,147,15.08B,2474,33,2296,90,6,27,2,0,20,2366,28,2204,83,6,27,2,0,16,NA,28080,91328,00012,6,9,9,6,293.5161172117874,333.1177200676131
3714715.10A,NC,147,15.10A,3074,26,2709,252,2,64,0,3,18,2228,16,1977,177,2,45,0,0,11,NA,28080,91328,00012,9,9,9,6,276.3964113050982,313.688199624109
3714715.10B,NC,147,15.10B,3063,67,2677,210,3,85,1,0,20,2341,45,2076,149,3,58,1,0,9,NA,28080,94072,00012,9,9,9,6,290.4147212141988,329.597879407558
3714715.11A,NC,147,15.11A,3176,37,2792,198,3,111,0,0,35,2486,27,2194,155,3,90,0,0,17,NA,28080,94072,00012,9,9,9,6,308.4028180002128,350.0129552358775
3714715.11B,NC,147,15.11B,3458,33,2839,429,14,97,5,6,35,3136,29,2643,336,12,82,5,4,25,NA,28080,94072,00012,9,9,9,6,389.03911393751696,441.52881239730965
3714715.12A,NC,147,15.12A,3386,54,2202,997,17,67,0,6,43,2725,43,1841,738,15,58,0,2,28,NA,28080,94072,00012,9,9,11,6,338.05216373716,383.66263194600407
3714715.12B,NC,147,15.12B,2831,33,2296,379,5,86,0,0,32,2179,29,1803,270,4,57,0,0,16,NA,28080,94072,00012,9,9,9,6,270.3176751498245,306.7893119304011
37149000001,NC,149,01,1513,50,1062,380,5,1,0,2,13,1237,26,917,284,3,1,0,1,5,NA,68580,93776,03720,48,42,7,1,199.39070720874616,304.5378202938162
37149000002,NC,149,02,1060,4,1007,42,1,0,0,4,2,911,3,869,35,1,0,0,3,0,NA,68580,93776,03720,48,42,7,1,146.84311581824394,224.27967201913222
37149000003,NC,149,03,1238,29,1152,26,0,5,2,4,20,1058,22,995,21,0,3,2,4,11,NA,68580,93776,03720,48,42,7,1,170.53788862316364,260.46969593440383
37149000004,NC,149,04,1869,45,1778,30,0,2,1,0,13,1483,20,1431,19,0,2,1,0,10,NA,58920,92816,03720,50,42,7,1,239.0431841475914,365.10071745814827
37149000005,NC,149,05,1882,52,1798,12,1,7,0,2,10,1416,35,1355,10,1,7,0,1,7,NA,NA,90772,03720,50,42,7,1,228.24352579432866,348.60594465322856
37149000006,NC,149,06,2049,90,1785,151,8,6,0,2,7,1524,52,1346,110,6,6,0,0,4,NA,NA,93980,03720,48,42,7,1,245.65193030406562,375.19453365220363
37149000007,NC,149,07,2722,66,2604,19,8,7,1,3,14,2189,40,2109,13,7,7,1,1,11,NA,13980,90740,03720,48,42,7,1,352.84256918346426,538.9113085070037
37149000008,NC,149,08,2997,106,2777,95,3,1,0,2,13,2543,71,2408,57,1,1,0,0,5,NA,13980,90740,03720,48,42,7,1,409.90345063204643,626.0627946703108
37149000009,NC,149,09,2994,109,2541,306,2,10,0,1,25,2274,68,1962,221,2,6,0,1,14,NA,NA,91324,03720,48,42,7,1,366.54362828834985,559.8375128117526
37151000001,NC,151,1,3280,40,3069,69,15,71,1,0,15,2470,28,2318,54,13,49,0,0,8,NA,01720,93768,03780,94,19,2,9,173.522570845398,631.8331988417905
37151000002,NC,151,2,2437,30,2307,62,10,27,0,0,1,1891,15,1808,40,8,20,0,0,0,NA,01720,93768,03780,38,19,2,9,132.84663217354156,483.72331134001047
37151000003,NC,151,3,3780,101,3417,128,16,79,0,3,36,2927,70,2670,93,13,60,0,1,20,NA,01720,93768,03780,38,19,2,9,205.62775905444533,748.7351307732472
37151000004,NC,151,4,2900,61,2708,86,7,24,0,0,14,2209,34,2095,53,6,14,0,0,7,NA,02080,90084,00240,38,16,2,9,234.63431206872272,547.0393606534291
37151000005,NC,151,5,4116,637,1773,1605,8,57,0,7,29,2922,374,1454,1045,5,34,0,0,10,NA,02080,90084,00240,30,16,2,9,310.3673426277989,723.6075200675962
37151000006,NC,151,6,3171,486,2483,135,5,27,0,6,29,2527,343,2043,102,5,19,0,1,14,NA,02080,90084,00240,30,16,2,9,268.411456132939,625.7892550345022
37151000007,NC,151,7,3503,614,2519,228,12,89,1,2,38,2770,441,2078,166,8,53,1,1,22,NA,02080,90084,00240,38,16,2,9,294.2222926348402,685.9660611181524
37151000008,NC,151,8,3370,840,2198,252,11,33,1,0,35,2615,571,1806,187,9,23,1,0,18,NA,02080,90084,00240,30,16,2,9,277.75859033938883,647.5816786368117
37151000009,NC,151,9,2760,383,2132,190,13,25,0,2,15,2086,242,1703,113,6,13,0,0,9,NA,02080,90084,00240,30,16,2,9,221.56956766652584,516.5794958456555
37151000010,NC,151,10,4015,1338,2405,184,16,43,0,6,23,2994,887,1926,123,13,30,0,4,11,NA,02080,90084,00240,30,16,2,9,318.01499788762146,741.4376848331221
37151000011,NC,151,11,2673,176,2235,186,24,37,0,1,14,2213,120,1884,155,19,28,0,0,7,NA,02080,90084,00240,38,16,2,9,235.05918180537952,548.029925362625
37151000012,NC,151,12,1720,29,1570,81,7,29,0,1,3,1285,13,1180,59,6,24,0,0,3,NA,02080,90084,00240,38,16,2,9,136.48940290099986,318.218912829179
37151000013,NC,151,13,3952,73,3779,41,13,18,1,0,27,2977,56,2857,30,7,12,1,0,14,NA,02080,90116,03780,38,19,2,9,316.20930150683006,737.2277848190396
37151000014,NC,151,14,1375,8,1221,132,2,2,0,1,9,1040,5,925,101,2,1,0,1,5,NA,NA,90388,03780,38,16,2,9,219.39148073022312,305.88235294117646
37151000015,NC,151,15,4614,826,3619,98,11,15,5,3,37,3280,446,2727,63,11,11,4,0,18,NA,02080,90584,03780,38,16,2,9,348.3931840585833,812.2630615406281
37151000016,NC,151,16,2835,39,2725,47,6,10,0,0,8,2115,21,2047,31,4,8,0,0,4,NA,02080,90584,03780,38,16,2,9,224.64987325728768,523.7610899873257
37151000017,NC,151,17,2222,42,2022,132,11,0,0,0,15,1646,18,1526,91,7,0,0,0,4,NA,NA,90716,03780,30,16,2,9,215,450
37151000018,NC,151,18,2371,18,2293,23,1,19,0,0,17,1738,11,1687,18,1,10,0,0,11,NA,02080,90748,03780,38,19,2,9,112,453
37151000019,NC,151,19,3048,118,2868,41,5,1,0,0,15,2311,73,2198,26,5,1,0,0,8,NA,02080,91172,03780,30,16,2,9,245.4684903534713,572.2987607379242
37151000020,NC,151,20,3769,288,3231,204,17,5,0,1,23,2722,174,2401,126,9,2,0,0,10,NA,24740,91172,03780,30,16,2,9,289.12385579495844,674.0792846078017
37151000021,NC,151,21,4783,152,4370,219,16,9,0,1,16,3529,88,3262,152,11,5,0,0,11,NA,NA,91276,03780,38,16,2,9,374.84132516546964,873.925714688072
37151000022,NC,151,22,3888,105,3406,285,30,11,0,4,47,2872,72,2542,202,23,8,0,0,25,NA,NA,91784,03780,30,19,2,9,199,488
37151000023,NC,151,23,4171,443,2923,733,21,3,0,1,47,3108,303,2258,502,20,3,0,1,21,NA,38100,91800,03780,30,16,2,9,330.12378538234054,769.6687790452049
37151000024,NC,151,24,1122,8,1102,9,1,0,0,0,2,852,4,838,8,1,0,0,0,1,NA,NA,92252,03780,38,16,2,9,141,176
37151000025,NC,151,25,3009,23,2840,98,18,14,0,0,16,2271,14,2151,77,11,10,0,0,8,NA,NA,92268,03780,38,19,2,9,159.5424123036028,580.9284188541321
37151000026,NC,151,26,3858,47,3707,26,26,18,0,1,33,2892,27,2790,23,21,11,0,0,20,NA,55080,92268,03780,38,19,2,9,203.16893720036077,739.7820287653676
37151000027,NC,151,27,551,7,534,3,0,2,0,1,4,439,1,431,3,0,1,0,1,2,NA,NA,92532,03780,38,16,2,9,92.60851926977688,129.11764705882354
37151000028,NC,151,28,3107,37,2909,103,34,7,1,0,16,2467,28,2312,79,29,5,1,0,13,NA,68400,93768,03780,94,19,2,9,173.31181468647648,631.0657900982579
37151000029,NC,151,29,3633,43,3482,59,14,6,0,2,27,2696,24,2590,46,12,6,0,2,16,NA,NA,92580,03780,30,16,2,9,286.3622025066892,667.6406139980284
37151000030,NC,151,30,3178,75,2992,56,18,4,1,4,28,2331,49,2221,31,13,2,1,2,12,NA,NA,91800,03780,30,16,2,9,247.5928390367554,577.2515842839038
37151000031,NC,151,31,4573,522,3322,635,9,27,0,2,56,3415,329,2555,483,8,16,0,0,24,NA,55040,90732,03780,30,16,2,9,362.73253767075056,845.6946204759893
37151000032,NC,151,32,4117,239,3774,70,8,10,0,1,15,3034,143,2823,45,6,7,0,1,9,NA,55080,92620,03780,30,16,2,9,322.26369525418954,751.343331925081
37151000033,NC,151,33,2339,295,1835,169,14,8,0,0,18,1744,194,1394,126,12,8,0,0,10,NA,55080,92620,03780,38,16,2,9,185.24320518236868,431.8862132094072
37151000034,NC,151,34,3667,158,3241,221,20,3,0,1,23,2673,86,2396,158,16,2,0,1,14,NA,60080,92668,03780,38,16,2,9,316,678
37151000035,NC,151,35,2558,88,2194,243,12,6,1,0,14,1925,58,1670,177,10,3,1,0,6,NA,64380,90732,03780,30,16,2,9,204.4685607660893,476.7092663005211
37151000036,NC,151,36,4157,45,4014,43,26,2,0,2,25,3048,31,2943,35,23,2,0,1,13,NA,NA,93208,03780,94,19,2,9,71.66428571428571,415.925
37151000037,NC,151,37,3554,34,3214,242,18,24,0,0,22,2749,23,2477,203,14,15,0,0,17,NA,68400,93768,03780,94,19,2,9,193.1228936251009,703.2022119903166
37151000038,NC,151,38,4974,27,4830,43,24,6,0,4,40,3672,17,3579,31,17,3,0,1,24,NA,68400,93208,03780,94,19,2,9,86.33571428571427,501.07499999999993
37151000039,NC,151,39,4507,53,4340,60,19,19,0,0,16,3400,23,3299,48,13,10,0,0,7,NA,68400,93768,03780,94,19,2,9,238.85698011107417,869.7299093368775
37151000040,NC,151,40,2797,98,2647,18,5,17,0,0,12,1996,50,1910,14,5,9,0,0,8,NA,NA,93808,03780,38,16,2,9,194,367
371530000R1,NC,153,R1,7790,205,4042,3257,95,90,1,7,93,5706,133,3257,2140,63,64,0,0,49,NA,57260,92736,03870,32,17,4,11,1242.1117828094086,974.9370191250823
371530000R2,NC,153,R2,7296,130,5676,1282,70,72,1,1,64,5494,90,4400,867,50,49,1,1,36,NA,57260,92736,03870,32,17,4,11,1195.9625192349965,938.7143328204
371530000R3,NC,153,R3,1219,24,944,224,15,0,0,0,12,899,12,711,160,10,0,0,0,6,NA,57260,92736,03870,32,17,4,11,195.69899978017145,153.60469333919542
371530000S1,NC,153,S1,269,29,75,165,0,0,0,0,0,220,26,65,129,0,0,0,0,0,NA,NA,93116,03870,32,17,4,11,66.82926829268293,36.58536585365854
371530000S2,NC,153,S2,295,0,234,60,1,0,0,0,0,231,0,181,49,1,0,0,0,0,NA,NA,93116,03870,32,17,4,11,70.17073170731707,38.41463414634146
37153000BD1,NC,153,BD1,2733,152,1185,1288,49,28,1,4,26,2143,131,964,970,31,24,1,4,18,9815,31920,90200,03870,32,17,4,11,353.11977986403366,164.41922952411784
37153000BD2,NC,153,BD2,1218,3,843,352,6,1,0,0,13,946,1,672,263,4,1,0,0,5,NA,NA,90200,03870,32,17,4,11,155.8802201359663,72.58077047588216
37153000BJ1,NC,153,BJ1,441,34,393,11,2,1,0,0,0,329,18,303,5,2,1,0,0,0,NA,NA,90280,03870,32,17,4,11,71.61843262255441,56.21350846339855
37153000MC1,NC,153,MC1,5876,76,2959,2612,131,31,0,0,67,4191,48,2275,1727,86,19,0,0,36,9815,29160,91988,03870,32,17,4,11,1005.0250024804047,569.2508185335847
37153000MC2,NC,153,MC2,7886,98,5476,1950,245,26,0,8,83,5888,58,4294,1304,167,16,0,2,47,9815,29160,91988,03870,32,17,4,11,1411.974997519595,799.7491814664153
37153000MS1,NC,153,MS1,2506,232,1387,867,7,1,0,3,9,1809,130,1095,572,6,1,0,1,4,NA,20840,92084,03870,32,17,4,11,414.78161337209303,390.4600290697674
37153000MS2,NC,153,MS2,1232,70,755,372,7,9,0,0,19,943,44,589,289,7,3,0,0,11,NA,47260,92084,03870,32,17,4,11,216.218386627907,203.53997093023258
37153000WP1,NC,153,WP1,3263,158,2203,801,50,23,1,0,27,2449,112,1723,544,39,15,1,0,15,NA,19800,94088,03870,32,17,4,11,533.111068366674,418.440371510222
37153000WP2,NC,153,WP2,1149,52,901,155,18,1,0,0,22,851,30,701,94,13,1,0,0,12,NA,19800,94088,03870,32,17,4,11,185.2501099142669,145.40333040228623
37153000WP3,NC,153,WP3,2074,51,1727,229,28,10,0,0,29,1542,34,1326,139,22,6,0,0,15,NA,19800,94088,03870,32,17,4,11,335.6705869421851,263.4687843482084
37153000WP4,NC,153,WP4,1317,5,722,535,24,6,0,3,22,926,4,534,351,20,5,0,2,10,NA,NA,94088,03870,32,17,4,11,201.5765003297428,158.21795999120684
37155000001,NC,155,1,1945,25,219,282,1385,4,0,1,29,1365,10,175,200,957,3,0,1,19,9815,54600,90028,03930,87,30,3,10,270.0707886738122,156.81730923052314
37155000002,NC,155,2,5392,49,627,1800,2851,4,0,2,59,3962,34,546,1373,1983,2,0,0,24,9815,39700,90120,03930,85,30,3,10,783.8977763557831,455.1722924332107
37155000003,NC,155,3,2954,30,1963,433,487,6,1,1,33,2119,16,1519,266,307,3,1,1,6,9815,06660,90372,03930,16,30,3,10,419.2527481317275,243.44020385309778
37155000004,NC,155,4,3081,62,154,126,2692,1,0,6,40,2189,41,124,84,1914,1,0,5,20,9815,NA,90460,03930,85,30,3,10,433.10253216628195,251.48211714697078
37155000005,NC,155,5,3182,64,1276,1084,708,6,0,2,42,2342,46,1046,739,494,3,0,1,13,9815,22360,91052,03930,87,30,3,10,463.3742029846653,269.05944191786455
37155000006,NC,155,6,2919,28,537,1744,574,1,0,2,33,2053,19,437,1181,395,1,0,2,18,9815,22360,91052,03930,87,30,3,10,406.194380327719,235.85782846173183
37155000007,NC,155,7,1363,22,253,345,736,0,0,1,6,904,13,181,223,483,0,0,0,4,9815,NA,91200,03930,87,30,3,10,178.86006810338918,103.8555659665882
37155000008,NC,155,8,2356,68,1584,406,268,1,0,4,25,1701,44,1196,276,172,0,0,4,9,9815,NA,90960,03930,16,30,3,10,336.54975203967365,195.41849304111344
37155000009,NC,155,9,1791,66,725,573,387,4,4,5,27,1235,40,541,369,265,4,4,1,11,9815,03665,93952,03930,16,30,3,10,244.34976118106817,141.88232739904473
37155000010,NC,155,10,2091,169,718,626,545,1,0,7,25,1433,109,520,433,351,1,0,4,15,9815,39680,91936,03930,85,30,4,10,283.5248645930937,164.6294535731426
37155000011,NC,155,11,3991,40,3326,261,242,97,1,5,19,3129,27,2643,193,178,73,1,2,12,9815,39700,91940,03930,85,30,3,10,619.0853463445849,359.4735242361222
37155000012,NC,155,12,4036,555,1359,1467,563,29,9,10,44,2771,405,1085,890,344,24,6,1,16,9815,39700,91940,03930,85,30,3,10,548.2535937107206,318.3448819617432
37155000013,NC,155,13,2830,93,1798,592,304,16,0,2,25,2200,65,1479,416,210,13,0,1,16,9815,39700,91940,03930,16,30,3,10,435.2789268002834,252.74584637886508
37155000014,NC,155,14,2453,129,1361,545,376,3,0,2,37,1809,106,1099,334,246,3,0,1,20,9815,39700,91940,03930,16,30,3,10,357.91799026441487,207.82601640880318
37155000015,NC,155,15,2294,74,473,1435,287,7,0,2,16,1635,40,373,999,210,4,0,2,7,9815,39700,91940,03930,87,30,3,10,323.4913842356652,187.83611764974748
37155000016,NC,155,16,2461,32,87,2179,148,7,0,3,5,1562,22,76,1344,111,7,0,0,2,9815,39700,91940,03930,87,30,3,10,309.0480380282012,179.44955092899423
37155000017,NC,155,17,1301,24,257,335,652,8,0,1,24,823,14,196,157,440,7,0,1,8,9815,39700,91940,03930,85,30,3,10,162.83388943483328,94.5499234408209
37155000018,NC,155,18,5276,260,2741,591,1541,41,4,5,93,3894,178,2255,382,1012,25,4,4,34,9815,39700,91940,03930,85,30,3,10,770.4437004365017,447.3601480905912
37155000019,NC,155,19,5830,68,777,2678,2171,21,0,16,99,3975,47,639,1761,1459,15,0,9,45,9815,42020,92016,03930,87,30,4,10,786.4698791050575,456.66579061635855
37155000020,NC,155,20,1785,23,976,638,124,2,2,0,20,1331,16,764,457,84,1,2,0,7,9815,49460,92420,03930,14,30,3,10,263.34375071417145,152.9112370592134
37155000021,NC,155,21,3809,158,2203,1131,229,13,3,10,62,2623,89,1570,762,157,10,1,8,26,9815,50340,92444,03930,16,30,4,10,518.9711931805197,301.3419795689833
37155000022,NC,155,22,4471,78,625,363,3296,33,0,22,54,3308,62,591,300,2275,28,0,14,38,9815,51080,92472,03930,85,30,3,10,654.501222661517,380.0378453733117
37155000023,NC,155,23,5891,57,354,167,5214,9,0,6,84,4096,38,276,103,3610,9,0,3,57,9815,51080,92472,03930,85,30,3,10,810.410220079073,470.56681216719613
37155000024,NC,155,24,1944,191,200,207,1330,1,0,1,14,1323,116,157,148,893,1,0,0,8,9815,53950,92484,03930,85,30,3,10,261.7609182530795,151.99216125419935
37155000025,NC,155,25,3545,274,520,559,2131,1,6,10,44,2535,193,417,419,1464,0,2,10,30,9815,39700,92608,03930,85,30,3,10,501.56003610850837,291.23214571382863
37155000026,NC,155,26,1595,77,749,583,161,8,1,1,15,1211,49,628,419,105,7,0,1,2,9815,55660,92640,03930,87,30,4,10,239.60126379779234,139.12509998400256
37155000027,NC,155,27,4359,459,860,2019,954,6,4,6,51,2954,300,717,1308,604,5,4,4,12,9815,55660,92640,03930,87,30,4,10,584.4608862581987,339.36874100143973
37155000028,NC,155,28,2614,641,265,186,1489,2,2,3,26,1761,420,198,130,992,2,1,3,15,9815,55940,92656,03930,85,30,4,10,348.4209954978632,202.31156157871882
37155000029,NC,155,29,2518,26,589,1233,647,3,0,3,17,1859,20,507,862,456,2,0,2,10,9815,58140,92760,03930,87,30,3,10,367.81069314623943,213.570240190141
37155000030,NC,155,30,4507,566,834,291,2739,9,0,5,63,3197,409,655,193,1901,6,0,2,31,9815,39700,92780,03930,85,30,3,10,632.5394222638663,367.28566857874165
37155000031,NC,155,31,4363,364,2145,1560,245,6,2,2,39,3206,261,1689,1069,162,5,2,2,16,9815,58720,92796,03930,16,30,4,10,634.3201087825948,368.31962885938253
37155000032,NC,155,32,3671,549,1562,1027,467,12,3,6,45,2638,404,1214,652,338,8,2,5,15,9815,58720,92796,03930,16,30,4,10,521.939004045067,303.06524670338456
37155000033,NC,155,33,1103,149,123,171,623,1,0,5,31,764,113,95,132,410,1,0,3,10,9815,60940,92904,03930,85,30,4,10,151.16050003428023,87.77173937884224
37155000034,NC,155,34,2977,53,202,361,2324,6,0,3,28,1929,35,147,216,1512,3,0,2,14,9815,NA,92984,03930,85,30,3,10,381.6604771807939,221.612153484014
37155000035,NC,155,35,3273,55,105,15,3060,4,1,6,27,2284,39,85,11,2122,3,1,6,17,9815,53950,92984,03930,85,30,3,10,451.8986676417488,262.3961423315127
37155000036,NC,155,36,1992,27,594,842,516,2,1,1,9,1352,16,456,501,371,2,1,0,5,9815,39700,93004,03930,87,30,3,10,267.4986859245378,155.32381104737527
37155000037,NC,155,37,1060,64,817,101,66,0,0,4,8,816,52,647,69,40,0,0,3,5,9815,22240,93120,03930,14,30,3,10,161.44891103137783,93.7457321114336
37155000038,NC,155,38,871,31,134,128,566,0,0,5,7,616,23,111,71,405,0,0,4,2,9815,40140,93236,03930,85,30,3,10,121.87809950407936,70.76883698608223
37155000039,NC,155,39,2801,36,230,610,1876,0,0,12,37,1913,25,189,406,1256,0,0,10,27,9815,21120,93812,03930,85,30,3,10,378.49481225861,219.77400187398587
37155000040,NC,155,40,1200,28,569,532,50,3,2,0,16,864,16,442,356,39,1,2,0,8,9815,41380,93962,03930,87,30,3,10,170.9459057979295,99.26018694151793
37155000041,NC,155,41,5444,230,3108,601,1435,7,1,13,49,3833,158,2312,377,956,5,1,9,15,9815,09380,94080,03930,16,30,3,10,758.3746029206756,440.35219507735906
371570000BE,NC,157,BE,1735,53,1396,263,3,9,0,2,9,1344,40,1092,194,3,9,0,0,6,NA,71900,93936,03990,73,12,1,3,177.78551986935219,261.19107240065324
371570000CA,NC,157,CA,3289,89,2602,550,5,17,1,1,24,2639,62,2134,407,5,13,1,0,17,NA,20080,91752,03990,73,12,1,3,465.3018867924528,623.6075471698113
371570000DR,NC,157,DR,4145,149,2996,935,14,2,5,0,44,3093,109,2349,604,9,2,3,0,17,NA,20080,91752,03990,73,12,1,3,545.3500325309044,730.8897852960313
371570000DV,NC,157,DV,1897,101,1542,218,7,4,6,8,11,1435,58,1193,160,7,4,4,0,9,NA,40560,92020,03990,73,12,1,3,253.0156148340924,339.09694209499025
371570000HO,NC,157,HO,2544,30,2105,374,9,8,0,0,18,1971,22,1636,288,9,5,0,0,11,NA,NA,92232,03990,73,12,1,3,161.1584699453552,265.27322404371586
371570000HU,NC,157,HU,5329,166,4853,239,22,2,0,1,46,3969,109,3653,162,17,2,0,0,26,NA,40560,91564,03990,73,12,1,8,699.804163955758,937.8925178919975
371570000IR,NC,157,IR,3175,57,2942,151,10,5,0,1,9,2369,45,2193,112,7,3,0,0,9,NA,55900,92960,03990,25,12,1,3,306.25200097016733,372.3288867329614
371570000MF,NC,157,MF,1641,19,1419,195,3,0,0,0,5,1323,14,1147,157,2,0,0,0,3,NA,NA,92772,03990,73,12,1,3,264.30081411126184,269.38697421981004
371570000MN,NC,157,MN,3142,115,2728,263,7,5,0,0,24,2509,89,2217,183,4,4,0,0,12,NA,42060,91956,03990,73,12,1,3,442.3806115810019,592.887963565387
371570000MR,NC,157,MR,1341,23,1257,51,2,4,0,2,2,1041,12,981,40,2,4,0,0,2,NA,NA,91956,03990,73,12,1,3,183.54651919323356,245.9929733246584
371570000NB,NC,157,NB,3947,87,3707,107,21,4,0,4,17,2970,62,2783,87,16,3,0,3,16,NA,NA,92232,03990,25,12,1,8,242.8415300546448,399.72677595628414
371570000OH,NC,157,OH,2552,66,1982,488,4,1,0,2,9,1981,52,1539,380,4,1,0,0,5,NA,55900,92772,03990,25,12,1,3,395.75201266395294,403.3677973767526
371570000PR,NC,157,PR,1591,48,1426,109,0,1,0,0,7,1191,32,1074,81,0,0,0,0,4,NA,NA,92568,03990,73,12,1,3,123,198
371570000RU,NC,157,RU,1476,80,1089,297,4,0,0,0,6,1148,53,855,235,3,0,0,0,2,NA,NA,92772,03990,25,12,1,3,229.34038896426958,233.753776571687
371570000SH,NC,157,SH,1720,99,1374,239,1,1,0,1,5,1261,65,1015,176,1,1,0,0,3,NA,NA,92020,03990,73,12,1,3,222.33636955107355,297.9799609629148
371570000SI,NC,157,SI,2193,60,1869,251,1,5,0,1,6,1754,35,1530,180,1,5,0,1,2,NA,55900,92652,03990,25,12,1,3,226.74799902983264,275.67111326703855
371570000ST,NC,157,ST,2824,320,1915,550,0,11,1,6,21,2199,210,1545,426,0,5,1,1,11,NA,65100,92020,03990,73,12,1,3,387.72218607677297,519.6335718932986
371570000WE,NC,157,WE,4862,77,3878,862,10,10,0,2,23,3707,47,2963,667,7,9,0,1,13,NA,71900,93936,03990,73,12,1,3,490.3652694610778,720.4131736526946
371570000WM,NC,157,WM,4547,296,2909,1286,16,1,0,0,39,3379,177,2184,984,13,1,0,0,20,NA,55900,94032,03990,25,12,1,3,675.0358661239259,688.0261420171869
3715700LK-1,NC,157,LK-1,2918,44,2266,572,6,14,0,0,16,2297,34,1825,413,3,10,0,0,12,NA,20080,91752,03990,73,12,1,3,303.84921066956997,446.3957539466521
3715700LK-2,NC,157,LK-2,5318,89,4091,1090,0,12,1,8,27,4072,55,3208,781,0,8,1,2,17,NA,20080,91752,03990,73,12,1,3,717.9648666232921,962.2318802862719
3715700LK-3,NC,157,LK-3,4448,81,3681,630,14,10,0,4,28,3412,64,2860,451,9,7,0,1,20,NA,20080,91752,03990,73,12,1,3,601.5953155497723,806.270917371503
3715700MD-1,NC,157,MD-1,2289,32,1409,805,7,8,3,8,17,1784,22,1167,574,4,5,2,2,8,NA,40560,91956,03990,73,12,1,3,314.5504229017567,421.567208848406
3715700MD-2,NC,157,MD-2,1401,44,1153,197,2,0,0,0,5,1098,27,912,155,2,0,0,0,2,NA,40560,91956,03990,73,12,1,3,193.59661678594665,259.46232921275214
3715700RD-1,NC,157,RD-1,1911,56,1286,549,12,0,0,4,4,1442,37,979,413,10,0,0,1,2,NA,NA,92652,03990,25,12,1,3,288.07390321121665,293.6175486205337
3715700RD-2,NC,157,RD-2,5390,298,2748,2225,20,12,5,11,71,4016,177,2178,1601,13,6,2,2,37,NA,55900,92652,03990,25,12,1,3,802.2918136589778,817.7309814563546
3715700RD-3,NC,157,RD-3,2433,57,1405,940,7,9,0,1,14,1898,39,1146,698,3,5,0,0,7,NA,55900,92652,03990,25,12,1,3,379.17078245137947,386.4674807779286
3715700RD-4,NC,157,RD-4,3410,54,1543,1771,3,11,0,4,24,2534,34,1217,1256,3,9,0,2,13,NA,55900,92652,03990,25,12,1,3,506.2269561284487,515.9687019448213
3715700RD-5,NC,157,RD-5,2566,53,1725,718,4,50,0,3,13,2027,29,1454,497,4,37,0,1,5,NA,55900,92652,03990,25,12,1,3,404.9416101311624,412.7342379014021
3715700RD-6,NC,157,RD-6,2961,49,2429,428,9,18,0,3,25,2362,34,1968,325,7,13,0,0,15,NA,55900,92652,03990,25,12,1,3,471.86585255540484,480.94635911352333
3715700SP-1,NC,157,SP-1,2933,33,2298,569,4,12,0,5,12,2228,20,1819,371,3,7,0,1,7,NA,20080,91752,03990,73,12,1,3,392.83539362394276,526.4864020819779
37159000001,NC,159,01,2361,35,2247,40,10,6,0,5,18,1728,23,1657,21,8,6,0,3,10,NA,57340,91256,04050,83,38,2,9,228.35670591128462,383.0910823522179
37159000002,NC,159,02,2230,135,1278,765,13,16,0,3,20,1619,80,1007,504,9,10,0,0,9,NA,35200,90660,04050,35,22,2,9,158.67678085081897,406.84602401319574
37159000003,NC,159,03,5933,74,5635,135,11,49,1,0,28,4377,47,4181,96,8,28,1,0,16,NA,NA,91840,04050,83,38,2,9,578.4243644523685,970.3643908886908
37159000004,NC,159,04,4387,121,4095,94,26,25,0,0,26,3228,97,3016,65,18,20,0,0,12,NA,NA,90100,04050,35,22,2,2,316.3734704054624,811.1791016149449
37159000005,NC,159,05,3663,279,3160,140,10,36,0,5,33,2738,178,2409,91,7,26,0,4,23,NA,12480,90660,04050,83,38,2,9,268.34899689286124,688.0447274540642
37159000006,NC,159,06,2585,227,2076,243,5,16,1,6,11,1942,139,1589,186,3,12,1,4,8,NA,12480,90660,04050,83,22,2,9,190.33372971728875,488.0141931029192
37159000007,NC,159,07,2700,63,1963,613,8,16,0,3,34,1941,39,1426,442,7,9,0,1,17,NA,13000,90692,04050,35,23,8,2,302,340
37159000008,NC,159,08,4194,124,3617,338,7,40,1,12,55,3030,79,2650,234,5,33,1,4,24,NA,58860,91880,04050,83,22,2,9,400.41714057360673,671.7395714856599
37159000009,NC,159,09,6839,141,6458,149,25,37,2,0,27,5132,92,4883,92,18,26,2,0,19,NA,21500,90100,04050,83,22,2,2,502.98285319728416,1289.6440983543673
37159000010,NC,159,10,2669,11,2593,42,5,11,0,0,7,1969,7,1923,23,4,9,0,0,3,NA,22600,91840,04050,83,38,2,9,260.20506593710616,436.51987335157236
37159000011,NC,159,11,5853,101,4570,1042,26,73,2,6,33,4433,66,3540,734,20,46,2,5,20,NA,58860,91160,04050,35,23,8,2,585.824813255049,982.7793796686237
37159000012,NC,159,12,2533,80,1877,477,13,55,0,4,27,1950,51,1478,352,6,43,0,0,20,NA,58860,91160,04050,35,23,2,2,257.6941993790538,432.30764501552363
37159000014,NC,159,14,5112,157,4498,374,7,44,1,3,28,3787,107,3360,271,6,29,1,1,12,NA,27440,92584,04050,83,38,2,9,500.45535028127017,839.5636162429682
37159000015,NC,159,15,4384,259,3722,363,11,6,0,0,23,3329,174,2874,254,10,5,0,0,12,NA,58860,92584,04050,83,23,2,9,439.9302511450616,738.0267437213735
37159000016,NC,159,16,3471,322,2684,377,10,49,0,5,24,2636,198,2135,247,8,37,0,3,8,NA,35200,90660,02430,83,22,2,9,258.3520656718708,662.4126740573095
37159000017,NC,159,17,3942,282,3316,270,13,24,0,4,33,3095,179,2699,170,9,18,0,0,20,NA,35200,90660,02430,83,22,2,9,303.3382561663278,777.7569143427058
37159000018,NC,159,18,1755,48,179,1505,3,1,1,1,17,1161,26,150,974,3,1,1,1,5,NA,19860,92812,04050,35,23,8,2,153.42716178414435,257.3893209553964
37159000019,NC,159,19,3537,85,3120,262,8,35,0,2,25,2668,54,2377,191,7,20,0,1,18,NA,36860,90660,04050,35,22,2,9,261.48835781963254,670.4541025739384
37159000020,NC,159,20,1988,213,1672,60,6,22,0,0,15,1531,141,1318,43,5,13,0,0,11,NA,36860,90660,04050,83,22,2,9,150.0519774444743,384.7320955924662
37159000021,NC,159,21,3844,202,3140,453,8,20,0,1,20,2801,128,2360,277,7,17,0,0,12,NA,58860,91880,04050,83,22,2,9,370.1545910055025,620.9711352248625
37159000022,NC,159,22,1189,19,1123,17,13,14,0,0,3,868,13,832,6,6,9,0,0,2,NA,NA,92128,04050,83,38,2,9,114.70695644154806,192.4323260889613
37159000023,NC,159,23,2268,27,2197,18,9,8,0,2,7,1722,13,1678,12,8,6,0,2,3,NA,NA,92128,04050,83,38,2,9,227.56380068242598,381.76090498293934
37159000024,NC,159,24,1397,32,1247,101,11,3,0,0,3,1016,15,922,72,5,2,0,0,0,NA,NA,92172,04050,35,23,2,2,130,236
37159000025,NC,159,25,4935,65,4760,52,4,11,0,5,38,3586,37,3488,26,4,8,0,2,21,NA,57340,91256,04050,83,38,2,9,473.89302511450614,795.0026743721373
37159000026,NC,159,26,2034,20,1983,8,10,1,0,0,12,1479,8,1452,5,6,1,0,0,7,NA,57340,92584,04050,83,38,2,9,195.4511389136516,327.8887215271587
37159000027,NC,159,27,1751,45,1408,278,4,1,0,0,15,1238,31,990,206,2,0,0,0,9,NA,NA,92860,04050,35,23,8,2,133,283
37159000028,NC,159,28,3545,247,2376,851,7,16,1,1,46,2717,183,1917,585,4,10,1,0,17,NA,63760,92812,04050,35,23,8,2,359.05391780148165,602.3486520549629
37159000029,NC,159,29,1687,85,1410,174,1,2,1,2,12,1167,39,1000,115,1,2,1,0,9,NA,NA,93112,04050,35,22,2,9,152,300
37159000030,NC,159,30,4794,550,3403,706,21,59,0,8,47,3850,366,2739,641,21,41,0,4,38,NA,58860,91880,04050,83,38,2,9,508.78085518428577,853.5304786203928
37159000031,NC,159,31,1999,27,1773,153,2,17,0,0,27,1535,19,1387,109,2,6,0,0,12,NA,63760,92584,04050,35,23,2,9,202.85158771633212,340.3037103070917
37159000032,NC,159,32,2290,141,1673,446,5,1,1,2,21,1672,94,1246,313,5,1,1,0,12,NA,14460,93828,04050,35,23,8,2,241,341
37159000033,NC,159,33,1932,12,1874,27,6,4,0,0,9,1480,10,1442,18,2,3,0,0,5,NA,12480,90660,04050,83,22,2,9,145.05351183397906,371.91606889408877
37159000034,NC,159,34,3875,207,2609,892,15,97,0,12,43,3047,143,2168,616,12,79,0,6,23,NA,58860,92812,04050,35,23,2,2,402.66370538870615,675.5084073652823
37159000035,NC,159,35,2129,204,1081,750,4,65,0,0,25,1672,150,918,537,4,47,0,0,16,NA,58860,92812,04050,35,23,8,2,220.95625710860412,370.6760935722849
37159000036,NC,159,36,4295,214,2230,1734,10,46,0,11,50,3215,134,1943,1066,10,33,0,3,26,NA,58860,92812,04050,35,23,8,2,424.8650517967477,712.7533737050812
37159000037,NC,159,37,1682,185,892,554,2,4,0,2,43,1367,144,785,413,2,3,0,0,20,NA,58860,92812,04050,35,23,8,2,180.65024130829056,303.05874396729274
37159000038,NC,159,38,3122,93,1731,1226,7,28,1,1,35,2367,66,1438,815,7,23,1,0,17,NA,58860,92812,04050,35,23,8,2,312.8011127847284,524.7549721803817
37159000039,NC,159,39,2973,49,2343,502,7,46,1,1,24,2579,35,2038,450,5,30,1,1,19,NA,58860,92812,04050,35,23,8,2,340.8170975377332,571.7545725615566
37159000040,NC,159,40,2053,41,1508,461,7,10,0,4,22,1513,24,1199,269,7,7,0,1,6,NA,58860,92812,04050,35,23,8,2,199.94426854385048,335.42639328640377
37159000041,NC,159,41,3000,62,2063,769,2,51,1,3,49,2399,40,1792,502,1,32,1,1,30,NA,58860,91160,04050,35,23,2,2,317.02994067197443,531.8492514832006
37159000042,NC,159,42,2347,59,48,2197,6,3,0,2,32,1766,45,26,1658,5,3,0,0,29,NA,58860,92812,04050,35,23,8,2,233.37843902738928,391.5155390243153
37159000043,NC,159,43,1063,26,227,782,1,18,0,2,7,815,17,188,589,1,11,0,2,7,NA,58860,92812,04050,35,23,8,2,107.70296025329685,180.68242599366758
37161000003,NC,161,03,1043,17,951,64,1,4,0,0,6,779,12,704,57,1,2,0,0,3,NA,07220,90768,04080,48,37,7,13,116.29994367842465,163.74941070944323
37161000004,NC,161,04,1247,18,972,242,5,4,0,0,6,953,13,760,171,4,3,0,0,2,NA,NA,90480,04080,48,37,7,13,142.27708129080708,200.32501720937026
37161000005,NC,161,05,2449,97,2101,233,6,0,0,1,11,1859,58,1613,177,3,0,0,0,8,NA,NA,91488,04080,48,37,7,13,277.5373495483844,390.77041657105906
37161000006,NC,161,06,1313,13,1074,216,1,0,0,2,7,1098,9,908,171,1,0,0,2,7,NA,36500,90656,04080,48,37,7,13,163.9246959677924,230.8046892926427
37161000007,NC,161,07,933,7,900,9,3,3,0,0,11,795,5,771,8,3,3,0,0,5,NA,36500,90656,04080,48,37,7,13,118.68864598760923,167.11268487035605
37161000008,NC,161,08,2085,19,2000,39,1,10,0,3,13,1598,8,1550,29,0,5,0,0,6,NA,NA,91488,04080,48,37,7,13,238.57164312981078,335.9070068211685
37161000009,NC,161,09,2603,56,2450,76,5,2,0,3,11,2005,38,1900,53,5,2,0,0,7,NA,NA,93172,04080,48,37,7,1,299.3342581196938,421.46029328938863
37161000010,NC,161,10,617,2,606,4,1,0,0,0,4,480,2,472,2,1,0,0,0,3,NA,NA,90924,04080,48,37,7,13,71.66106927553766,100.8982248273848
37161000011,NC,161,11,7600,57,7154,296,11,14,3,14,51,5735,36,5445,203,6,10,3,5,27,NA,20780,90720,04080,48,37,7,13,856.200483948351,1205.5235820521914
37161000013,NC,161,13,6337,158,4378,1674,8,41,7,6,65,4867,101,3580,1112,6,28,7,0,33,NA,24080,90768,04080,48,37,7,1,726.6133836750871,1023.0659588226704
37161000014,NC,161,14,3998,138,2869,903,3,26,0,7,52,2996,80,2325,541,2,25,0,2,21,NA,24080,90768,04080,48,37,7,13,447.2845073948142,629.7730866309269
37161000016,NC,161,16,1773,25,1631,108,1,0,0,0,8,1313,14,1209,86,1,0,0,0,3,NA,NA,91224,04080,48,37,7,13,196.0228832474603,275.9986858299088
37161000017,NC,161,17,896,1,885,3,2,1,0,0,4,669,1,663,2,2,1,0,0,0,NA,NA,91252,04080,48,37,7,13,99.87761530278061,140.62690085316757
37161000018,NC,161,18,2464,30,2180,226,4,2,2,8,12,1818,15,1613,168,4,2,1,4,11,NA,58460,91308,04080,48,37,7,13,271.4162998810989,382.15202653371995
37161000019,NC,161,19,3067,134,2610,304,2,2,3,1,11,2272,72,1995,195,1,2,3,1,3,NA,NA,91488,04080,48,37,7,13,339.1957279042116,477.5849308496214
37161000022,NC,161,22,1490,11,1459,13,5,1,0,0,1,1106,6,1089,8,1,1,0,0,1,NA,NA,92132,04080,48,37,7,13,165.1190471223847,232.48632637309913
37161000023,NC,161,23,2055,36,1930,51,5,24,0,0,9,1604,28,1512,45,2,11,0,0,6,NA,NA,91892,04080,48,37,7,13,239.46740649575503,337.16823463151087
37161000027,NC,161,27,4711,62,4013,579,7,22,0,7,21,3637,38,3118,443,5,17,0,4,12,NA,58460,92776,04080,48,37,7,1,542.9818936565218,764.5142577024969
37161000028,NC,161,28,2441,21,1998,380,6,7,0,0,29,1864,20,1554,260,4,4,0,0,22,NA,58460,92776,04080,48,37,7,1,278.28381902000456,391.8214397463443
37161000029,NC,161,29,3253,122,2632,461,5,6,0,1,26,2459,75,2067,297,4,6,0,0,10,NA,24080,90768,04080,48,37,7,13,367.1136861428065,516.8931976052901
37161000030,NC,161,30,5009,60,3806,1072,13,20,0,1,37,3864,39,2981,793,12,17,0,1,21,NA,63880,92776,04080,48,37,7,1,576.8716076680782,812.2307098604477
37161000032,NC,161,32,2179,37,2089,33,5,1,0,0,14,1639,28,1575,28,5,1,0,0,2,NA,NA,93172,04080,48,37,7,1,244.69269279709633,344.5253968585077
37161000033,NC,161,33,1736,13,1699,20,0,0,0,0,4,1306,8,1279,16,0,0,0,0,3,NA,NA,91892,04080,48,37,7,13,194.97782598719206,274.5272533845095
37161000034,NC,161,34,1600,2,1570,22,2,1,0,0,3,1223,2,1204,12,2,1,0,0,2,NA,NA,93816,04080,48,37,7,1,182.586432758297,257.0802686747742
3716300AUTR,NC,163,AUTR,2564,182,2113,226,24,0,0,1,18,1924,118,1621,164,15,0,0,0,6,9635,02700,91844,04140,96,5,3,10,186.49016332590944,212.64699331848553
3716300CLCE,NC,163,CLCE,1886,108,265,1464,25,5,0,7,12,1319,70,222,1000,14,4,0,1,8,9635,13240,92308,00930,12,5,12,5,127.84850593912398,145.78034521158128
3716300CLEA,NC,163,CLEA,3869,406,1139,2264,21,3,0,2,34,2861,292,874,1661,11,2,0,0,21,9635,13240,92308,00930,97,5,12,5,277.3120360059391,316.20740534521155
3716300CLEM,NC,163,CLEM,2147,313,1436,303,73,8,5,0,9,1589,209,1101,213,50,6,5,0,5,9635,02700,90904,04140,96,5,3,10,154.01916295471418,175.6216592427617
3716300CLNE,NC,163,CLNE,3525,243,2465,709,40,43,1,4,20,2951,192,2047,640,27,26,1,3,15,9635,13240,92308,00930,12,5,12,5,286.0355883444692,326.1545100222717
3716300CLSW,NC,163,CLSW,2779,149,1722,621,250,7,0,1,29,2203,91,1446,459,185,5,0,1,16,9635,13240,93032,00930,12,5,3,5,213.53317557535263,243.48301781737194
3716300CLWE,NC,163,CLWE,2730,128,1843,695,32,21,0,0,11,2012,84,1438,446,23,15,0,0,6,9635,13240,92308,00930,12,5,12,10,195.01985894580548,222.3730512249443
3716300GARL,NC,163,GARL,2265,297,927,1012,12,2,0,2,13,1670,197,730,721,11,2,0,1,8,9635,25460,93052,04140,12,5,3,5,161.87036005939123,184.5740534521158
3716300GIDD,NC,163,GIDD,2505,748,921,805,8,1,6,3,13,1759,462,698,580,4,1,5,1,8,9635,35340,92516,04140,97,15,12,5,170.49698403860432,194.41063474387528
3716300HARR,NC,163,HARR,2879,262,842,1730,11,8,0,1,25,2132,169,666,1264,11,6,0,1,15,9635,29680,91164,04140,12,5,3,5,206.65126206384556,235.6358574610245
3716300HERR,NC,163,HERR,1044,118,857,53,11,1,3,0,1,807,73,684,42,6,1,1,0,0,9635,NA,91460,04140,19,5,12,10,78.2211859688196,89.1923719376392
3716300INGO,NC,163,INGO,2306,674,842,774,6,0,0,2,8,1596,378,651,555,4,0,0,2,6,9635,33640,91836,04140,12,5,3,5,154.6976614699332,176.3953229398664
3716300KEEN,NC,163,KEEN,2051,227,1454,351,14,1,0,0,4,1536,161,1118,248,6,1,0,0,2,9635,35340,91380,04140,12,5,12,5,148.88195991091314,169.76391982182628
3716300KFRK,NC,163,KFRK,2432,136,1426,567,275,3,1,2,22,1819,93,1124,382,209,2,1,0,8,9635,13240,90228,00930,12,15,12,10,176.31268559762435,201.04203786191536
3716300LAKE,NC,163,LAKE,4058,126,1659,2200,24,16,0,11,22,2991,88,1286,1571,16,13,0,2,15,9635,57800,91844,04140,12,30,3,5,289.9127227171492,330.57544543429844
3716300MING,NC,163,MING,3680,376,2500,729,59,1,1,3,11,2643,249,1863,488,37,1,1,0,4,9635,52685,92088,04140,19,5,3,10,256.18165367483294,292.11330734966594
3716300NGRV,NC,163,NGRV,2498,486,1531,447,11,3,0,2,18,1936,334,1231,352,8,3,0,1,7,9635,47020,92288,04140,12,15,12,5,187.65330363771344,213.97327394209353
3716300PLVW,NC,163,PLVW,3602,261,2921,336,41,6,0,1,36,2622,186,2169,223,28,4,0,0,12,9635,52685,92524,04140,19,5,3,10,254.14615812917594,289.7923162583519
3716300ROSE,NC,163,ROSE,2531,118,1976,389,28,6,0,1,13,1829,80,1495,226,16,5,0,1,6,9635,57800,91844,04140,96,30,3,10,177.28196919079434,202.14727171492203
3716300ROWA,NC,163,ROWA,2943,522,1524,843,30,8,1,4,11,2114,342,1169,571,21,6,1,0,4,9635,13240,93032,04140,12,5,3,5,204.90655159613956,233.64643652561247
3716300SBRG,NC,163,SBRG,1454,173,1007,236,20,3,0,0,15,1098,100,808,169,11,3,0,0,7,9635,58840,91528,04140,96,5,3,10,106.4273385300668,121.35467706013362
3716300TURK,NC,163,TURK,2115,158,1117,806,5,11,1,1,16,1529,85,857,570,4,6,1,1,5,9635,68740,93780,04140,12,5,12,5,419,237
3716300WBRK,NC,163,WBRK,2298,266,1703,311,9,0,1,0,8,1693,184,1277,222,5,0,1,0,4,9635,69755,93939,04140,12,15,12,10,164.09971232368227,187.1160913140312
37165000001,NC,165,1,5091,81,1249,3394,286,14,0,2,65,3605,55,1018,2283,204,12,0,1,32,9815,37220,93132,04200,87,17,4,11,578.4770681194699,434.58908079285965
37165000002,NC,165,2,3362,37,1033,2055,193,10,0,3,31,2295,28,827,1285,129,8,0,0,18,9815,37220,93132,04200,87,17,4,11,368.2676480816043,276.666280282833
37165000003,NC,165,3,4165,31,2841,1047,149,65,0,2,30,3179,21,2277,713,109,41,0,1,17,9815,37220,93132,04200,16,17,4,11,510.1188903056296,383.2340326880723
37165000004,NC,165,4,5424,63,3879,1163,213,51,0,3,52,4141,35,3053,813,158,41,0,3,38,9815,37220,93132,04200,16,17,4,11,664.4864186082455,499.2048220702446
37165000005,NC,165,5,2336,16,1279,383,601,3,0,3,51,1635,10,923,277,399,3,0,0,23,9815,37220,93132,04200,16,17,4,11,262.36061203199256,197.102121247247
37165000006,NC,165,6,1230,15,675,324,186,10,1,0,19,882,12,538,202,119,5,0,0,6,9815,19620,93132,04200,87,17,4,11,141.5303118117538,106.32664889301032
37165000007,NC,165,7,4939,67,1711,2482,610,8,0,4,57,3404,33,1305,1640,379,6,0,1,40,9815,70480,93080,04200,87,17,4,11,546.223561686179,410.3581778138402
37165000008,NC,165,8,2398,33,1491,601,233,11,0,0,29,1756,19,1144,417,151,6,0,0,19,9815,37220,91748,04200,16,17,4,11,281.7769019744214,211.68888373710445
37165000009,NC,165,9,3404,49,2250,739,311,3,0,0,52,2408,26,1636,526,187,2,0,0,31,9815,NA,94036,04200,32,17,4,11,386.40021637494687,290.2886287237742
37165000010,NC,165,10,3649,31,1990,1176,381,7,2,0,62,2576,19,1509,764,242,6,2,0,34,9815,25940,94036,04200,32,17,4,11,413.35837100575714,310.54132375101426
371670000A1,NC,167,A1,1914,22,1703,133,10,36,1,0,9,1481,11,1356,82,9,21,1,0,1,NA,00680,92296,04320,82,17,4,11,0,0
371670000A2,NC,167,A2,2465,57,2013,130,9,222,0,2,32,1823,36,1604,67,6,95,0,0,15,NA,00680,92296,04320,82,17,4,11,0,0
371670000A6,NC,167,A6,1123,38,840,210,4,19,0,2,10,823,24,666,119,4,9,0,0,1,NA,00680,92296,04320,82,17,4,11,0,0
371670000A7,NC,167,A7,2844,48,2418,231,5,111,0,2,29,2183,31,1916,157,5,59,0,0,15,NA,00680,92296,04320,82,17,4,11,0,0
371670000A8,NC,167,A8,3009,96,529,2237,2,98,0,3,44,1988,66,429,1434,2,38,0,1,18,NA,00680,93028,04320,82,17,4,11,0,0
371670000EA,NC,167,EA,1309,13,1240,16,7,24,0,0,9,1006,7,961,13,6,14,0,0,5,NA,00680,92296,04320,82,17,4,11,0,0
371670000EC,NC,167,EC,3286,85,2835,345,4,3,0,0,14,2586,56,2287,230,4,3,0,0,6,NA,47980,90596,04320,33,17,4,11,0,0
371670000F1,NC,167,F1,3501,91,3338,37,11,4,0,0,20,2611,55,2511,24,7,4,0,0,10,NA,38860,91196,04320,82,17,4,11,0,0
371670000F2,NC,167,F2,4255,335,3836,38,10,3,2,4,27,3095,212,2828,24,6,1,2,0,22,NA,64460,91196,04320,82,17,4,11,0,0
NA,NC,167,NA,1532,9,1419,47,1,46,0,0,10,1177,5,1100,39,1,27,0,0,5,NA,NA,NA,NA,NA,NA,NA,NA,NA,NA
371670000NL,NC,167,NL,2503,20,2219,228,5,25,0,1,5,1811,12,1637,146,3,9,0,1,3,NA,46820,91416,04320,82,17,4,11,0,0
371670000SA,NC,167,SA,2576,13,2476,19,4,52,0,0,12,1939,10,1883,13,4,20,0,0,9,NA,00680,93028,04320,82,17,4,11,0,0
371670000WC,NC,167,WC,2635,143,1778,668,4,23,0,1,18,1936,81,1372,458,4,12,0,1,8,NA,47980,90596,04320,33,17,4,11,0,0
37167000A10,NC,167,A10,2363,25,2083,184,3,52,3,2,11,1780,11,1630,103,3,27,1,0,5,NA,00680,93028,04320,82,17,4,11,0,0
37167000A11,NC,167,A11,1924,7,1706,80,2,107,0,0,22,1501,6,1378,55,2,53,0,0,7,NA,00680,92296,04320,82,17,4,11,0,0
37167000BL1,NC,167,BL1,2257,44,1952,233,8,3,0,0,17,1766,32,1548,171,6,1,0,0,8,NA,48040,90264,04320,82,17,4,11,0,0
37167000BL2,NC,167,BL2,3631,80,3468,57,14,6,0,0,6,2708,48,2592,47,10,6,0,0,5,NA,48040,90264,04320,82,17,4,11,0,0
37167000RID,NC,167,RID,1972,6,1920,10,7,10,0,0,19,1453,3,1418,8,4,9,0,0,11,NA,56340,92680,04320,82,17,4,11,0,0
3716700ENDY,NC,167,ENDY,1752,18,1725,1,2,0,0,0,6,1311,16,1290,1,2,0,0,0,2,NA,00680,91032,04320,82,17,4,11,0,0
3716700PALM,NC,167,PALM,1736,1,1172,515,1,27,0,3,17,1317,1,925,366,1,11,0,2,11,NA,00680,92296,04320,82,17,4,11,0,0
3716700RICH,NC,167,RICH,1987,24,1736,184,1,25,0,0,17,1576,21,1380,147,1,15,0,0,12,NA,56340,91416,04320,82,17,4,11,0,0
371670BADIN,NC,167,BADIN,2362,31,1389,919,7,0,2,1,13,1943,30,1093,802,7,0,2,1,8,NA,02960,92296,04320,82,17,4,11,0,0
371670TYSON,NC,167,TYSON,2291,24,2018,108,9,108,1,0,23,1699,16,1534,71,4,58,0,0,16,NA,NA,93800,04320,33,17,4,11,0,0
37167ALMOND,NC,167,ALMOND,2873,7,2798,11,8,34,0,0,15,2066,4,2024,7,8,17,0,0,6,NA,NA,90048,04320,82,22,4,11,0,0
37169000001,NC,169,1,1229,7,1187,26,0,1,2,0,6,974,3,943,25,0,1,0,0,2,NA,16240,90876,04380,40,12,1,8,159.5108557210983,239.16530908444653
37169000002,NC,169,2,2653,98,2491,43,3,6,3,0,9,2080,63,1970,37,2,4,2,0,2,NA,NA,93016,04380,40,12,1,8,340.63919907585677,510.74316519060454
37169000003,NC,169,3,2053,50,1969,14,6,0,2,2,10,1586,33,1524,12,5,0,1,1,10,NA,NA,92480,04380,40,12,1,8,259.7373892953408,389.44166345783594
37169000004,NC,169,4,2748,37,2668,17,6,12,0,0,8,2039,20,1985,16,4,8,0,0,6,NA,35760,94108,04380,40,12,1,8,333.92467640176534,500.67563164598204
37169000005,NC,169,5,1106,27,1020,53,0,1,0,0,5,841,12,786,40,0,1,0,0,2,NA,NA,90260,04380,40,12,1,8,137.7295992417286,206.50721246408577
37169000006,NC,169,6,878,13,804,55,0,0,0,0,6,686,6,635,39,0,0,0,0,6,NA,NA,90260,04380,40,12,1,8,112.34542815674891,168.44702467343976
37169000007,NC,169,7,1009,41,851,113,1,0,0,0,3,743,19,645,75,1,0,0,0,3,NA,NA,92588,04380,40,12,1,8,121.68025236219306,182.4433517964515
37169000008,NC,169,8,1787,57,1679,35,8,0,1,0,7,1317,31,1249,28,5,0,0,0,4,NA,NA,92588,04380,40,12,1,8,215.68356979947276,323.3888214211664
37169000009,NC,169,9,2867,44,2686,112,10,0,4,0,11,2168,32,2046,71,10,0,3,0,6,NA,NA,94108,04380,40,12,1,8,355.05085749829686,532.3515298717456
37169000010,NC,169,10,4111,77,3937,46,8,19,1,0,23,3055,55,2928,34,7,19,0,0,12,NA,35760,94108,04380,40,12,1,8,500.3138236426646,750.1540238737003
37169000011,NC,169,11,4893,108,4621,106,10,11,0,4,33,3741,62,3574,73,8,9,0,1,14,NA,35760,94108,04380,40,12,1,8,612.6592517994135,918.6010485471402
37169000012,NC,169,12,2552,23,2499,11,8,2,0,1,8,1871,17,1832,10,6,0,0,0,6,NA,NA,94108,04380,40,12,1,8,306.4115103225615,459.42329907289474
37169000013,NC,169,13,2421,19,2350,26,8,6,1,0,11,1776,10,1733,14,6,5,1,0,7,NA,35760,94108,04380,40,12,1,8,290.8534699801546,436.09608720120855
37169000014,NC,169,14,3371,43,3306,8,7,0,0,0,7,2505,26,2461,7,6,0,0,0,5,NA,NA,92028,04380,40,12,1,8,410.24095850241406,615.1017446165695
37169000015,NC,169,15,1908,15,1867,13,3,6,0,0,4,1435,11,1404,11,3,4,0,0,2,NA,NA,92028,04380,40,12,1,8,235.00829359319928,352.3636740617873
37169000016,NC,169,16,2167,26,1682,431,5,3,0,3,17,1659,14,1296,330,5,3,0,0,11,NA,70780,92852,04380,40,12,1,8,271.6925150321377,407.366784159237
37169000017,NC,169,17,2730,38,2379,285,4,2,2,4,16,2094,27,1834,214,4,1,2,0,12,NA,70780,92852,04380,40,12,1,8,342.93196291579045,514.1808595716951
37169000018,NC,169,18,663,20,257,381,3,0,0,0,2,513,14,198,297,3,0,0,0,1,NA,70780,92852,04380,40,12,1,8,84.01341784899736,125.96694410710583
37169000019,NC,169,19,1485,21,1237,204,4,10,0,0,9,1125,15,933,164,3,4,0,0,6,NA,NA,90208,04380,40,12,1,8,184.23995142323986,276.2432984804953
37169000020,NC,169,20,2080,72,1889,89,11,3,1,0,15,1553,44,1427,65,6,2,0,0,9,NA,NA,90208,04380,40,12,1,8,254.33301738692575,381.3385267024081
37171000001,NC,171,01,2617,59,2521,9,6,2,2,1,17,2055,39,1986,8,5,2,2,1,12,NA,NA,90412,04410,40,12,1,8,338,426
37171000002,NC,171,02,1322,376,887,54,2,0,0,1,2,1025,245,729,47,1,0,0,1,2,NA,17340,90908,04410,40,12,1,8,201.53276955602536,153.02488209464954
37171000003,NC,171,03,3849,435,3349,50,5,3,0,1,6,2896,261,2587,35,5,3,0,0,5,NA,73460,90908,04410,40,12,1,8,569.4038054968288,432.3512766303464
37171000004,NC,171,04,2917,312,2543,35,6,1,1,0,19,2228,170,2013,28,4,0,1,0,12,NA,17340,90908,04410,40,12,1,8,438.0634249471459,332.62384127500405
37171000005,NC,171,05,3541,241,3237,31,7,7,2,0,16,2591,147,2401,24,7,2,2,0,8,NA,73460,90984,04410,40,12,1,8,168,507
37171000006,NC,171,06,2274,408,1772,66,1,7,1,6,13,1706,274,1369,46,1,5,1,3,7,NA,20620,91016,01380,40,12,1,8,291.1783191581375,375.28557013118063
37171000007,NC,171,07,1762,130,1400,211,0,6,0,0,15,1434,81,1177,162,0,6,0,0,8,NA,20620,91016,01380,40,12,1,8,244.7536399019749,315.4510595358224
37171000008,NC,171,08,2488,51,2339,71,3,4,2,9,9,2009,39,1894,59,3,3,1,5,5,NA,20620,91016,01380,40,12,1,8,342.89404641775985,441.9394550958628
37171000009,NC,171,09,2155,98,1991,39,18,0,0,0,9,1620,49,1531,22,14,0,0,0,4,NA,NA,91168,04410,40,12,1,8,146,302
37171000010,NC,171,10,1495,49,1435,2,1,0,2,0,6,1134,30,1093,2,1,0,2,0,6,NA,NA,91904,04410,40,12,1,8,67,339
37171000011,NC,171,11,2499,716,1669,78,7,3,0,0,26,1788,436,1271,60,4,3,0,0,14,NA,NA,91996,04410,40,12,1,8,305.1739945221277,393.3239152371342
37171000012,NC,171,12,4257,296,3480,309,10,110,2,2,48,3303,190,2840,202,9,39,0,1,22,NA,44800,92156,03210,40,12,1,8,471.3918729565624,792.795422699673
37171000013,NC,171,13,1760,58,1416,175,9,74,0,3,25,1335,36,1139,118,7,22,0,1,12,NA,44800,92156,03210,40,12,1,8,190.52623384711194,320.4304841974156
37171000014,NC,171,14,2078,51,1696,279,2,31,0,0,19,1571,36,1300,203,2,18,0,0,12,NA,44800,92156,03210,40,12,1,8,224.20727593544032,377.07587316414964
37171000015,NC,171,15,3527,174,2908,395,7,11,0,0,32,2617,104,2217,270,4,6,0,0,16,NA,23640,92156,04410,40,12,1,8,373.4885048523535,628.1397581607763
37171000016,NC,171,16,2107,68,1977,42,2,5,1,0,12,1664,44,1576,31,2,4,1,0,6,NA,44800,92156,03210,40,12,1,8,237.4798899787223,399.3979967823966
37171000017,NC,171,17,1721,52,1652,3,0,12,0,0,2,1342,31,1302,3,0,5,0,0,1,NA,73460,92156,04410,40,12,1,8,191.525247807359,322.1106440396492
37171000018,NC,171,18,3273,203,2960,83,5,8,0,1,13,2613,134,2399,61,3,6,0,1,9,NA,67700,92156,04410,40,12,1,8,372.91763973221236,627.1796668223571
37171000019,NC,171,19,3642,96,3202,287,4,35,1,0,17,2811,68,2494,216,4,16,1,0,12,NA,67700,92156,04410,40,12,1,8,401.17546317919977,674.7041880741087
37171000020,NC,171,20,1281,16,1121,118,2,6,0,0,18,993,10,885,87,1,2,0,0,8,NA,51820,92496,04410,40,12,1,8,193.01370357014062,256.7547782185359
37171000021,NC,171,21,2256,26,2150,61,4,7,0,0,8,1780,20,1694,52,3,5,0,0,6,NA,51820,92496,04410,40,12,1,8,345.98629642985935,460.24522178146407
37171000022,NC,171,22,1780,109,1624,29,2,3,0,2,11,1355,61,1265,19,1,2,0,2,5,NA,NA,92732,04410,40,12,1,8,212,210
37171000023,NC,171,23,1872,48,1765,40,5,0,0,0,14,1414,32,1341,28,4,0,0,0,9,NA,NA,92936,04410,40,12,1,8,204,274
37171000024,NC,171,24,1071,19,1025,14,3,2,0,3,5,821,12,790,10,2,2,0,2,3,NA,NA,92948,04410,40,12,1,8,157,173
37171000025,NC,171,25,2505,60,2408,20,7,0,0,0,10,1859,31,1798,17,7,0,0,0,6,NA,NA,93128,04410,40,12,1,8,251.02324641196685,308.14230846977966
37171000026,NC,171,26,4185,160,3924,47,4,32,1,2,15,3088,84,2949,29,2,14,1,0,9,NA,NA,93128,04410,40,12,1,8,416.97675358803315,511.85769153022034
37171000027,NC,171,27,2464,81,2248,120,3,0,2,0,10,1832,52,1678,93,3,0,0,0,6,NA,NA,93948,04410,40,12,1,8,179,333
37171000028,NC,171,28,2058,84,1886,67,11,0,3,0,7,1542,49,1442,41,6,0,3,0,1,NA,NA,93064,04410,40,12,1,8,98,264
37171000033,NC,171,33,2463,144,2083,176,11,30,1,1,17,2013,76,1768,127,10,20,1,1,10,NA,44800,92156,03210,40,12,1,8,287.28787171103846,483.1659660594738
37173000002,NC,173,02,3151,22,2755,154,172,3,0,8,37,2429,12,2176,118,92,3,0,5,23,0990,08480,90624,04440,52,29,7,1,475.2606437156244,452.4995925850479
371730SWCRU,NC,173,SWCRU,9817,169,5789,60,3539,17,0,1,242,7389,110,4717,43,2362,14,0,1,142,0990,08480,90624,04440,52,29,7,1,1445.7393562843756,1376.5004074149522
371750000B1,NC,175,B1,2201,7,2110,65,1,7,0,0,11,1827,5,1761,50,0,5,0,0,6,NA,07720,90364,04530,68,29,7,1,316.8822874753874,488.6180977656023
371750000B2,NC,175,B2,2153,45,1479,535,11,12,0,5,66,1593,30,1169,353,8,7,0,2,24,NA,07720,90364,04530,68,29,7,1,276.2963787346974,426.03646948035276
371750000B3,NC,175,B3,1933,19,1755,111,2,8,2,0,36,1625,12,1516,72,2,7,2,0,14,NA,07720,90364,04530,68,29,7,1,281.846588477014,434.5946408697886
371750000B4,NC,175,B4,2103,20,1936,80,1,33,0,2,31,1793,18,1666,65,1,26,0,1,16,NA,07720,90364,04530,68,29,7,1,310.985189624176,479.52504066432664
371750000BD,NC,175,BD,3349,42,3020,238,16,4,1,2,26,2565,24,2330,177,12,3,1,0,18,NA,NA,90344,04530,68,29,7,1,444.8839996575636,685.9909254344662
371750000CC,NC,175,CC,2895,10,2844,5,12,1,0,2,21,2218,5,2190,3,8,1,0,0,11,NA,07720,90564,04530,68,42,7,1,384.6989127643181,593.1882544302714
371750000CM,NC,175,CM,877,5,861,0,0,7,0,0,4,752,5,740,0,0,6,0,0,1,NA,NA,91864,04530,68,42,7,1,130.42992894443967,201.11702765174212
371750000DR,NC,175,DR,2093,15,2042,2,5,9,1,0,19,1829,13,1787,2,5,7,1,0,14,NA,07720,90928,04530,68,42,7,1,317.22917558428213,489.152983477442
371750000LR,NC,175,LR,1614,13,1569,9,6,3,0,2,12,1249,10,1218,6,6,2,0,0,7,NA,NA,91864,04530,68,42,7,1,216.6316240047941,334.0361270439175
371750000PF,NC,175,PF,1964,76,1704,151,5,13,3,0,12,1526,43,1364,101,3,8,3,0,4,NA,07720,90364,04530,68,29,7,1,264.67562708672205,408.11779813372146
371750000WC,NC,175,WC,1646,9,1624,8,1,0,0,0,4,1413,4,1398,8,1,0,0,0,2,NA,07720,90928,04530,68,42,7,1,245.07644893416662,377.8967554147762
371750HBCRU,NC,175,HBCRU,2000,13,1960,2,6,5,0,0,14,1544,9,1515,2,4,4,0,0,10,NA,NA,91504,04530,68,42,7,1,267.7976200667751,412.93176954027905
37175GLBCRU,NC,175,GLBCRU,1124,2,1109,1,4,2,0,0,6,837,2,826,1,2,2,0,0,4,NA,NA,91248,04530,68,42,7,1,145.1726735724681,223.8496704049311
37175REFCRU,NC,175,REFCRU,3382,22,3292,21,6,7,0,0,34,2591,16,2528,11,5,7,0,0,24,NA,58020,90948,04530,68,42,7,1,449.3935450731958,692.9444396883829
37177000101,NC,177,101,381,13,40,326,1,0,0,0,1,282,5,32,244,0,0,0,0,1,NA,NA,90044,04590,86,1,9,6,75.22343409161732,51.49641632907448
37177000200,NC,177,200,2590,122,1528,891,6,24,0,0,19,2047,84,1239,692,5,19,0,0,8,NA,13940,90736,04590,86,1,9,6,546.0367715799314,373.8055468993456
37177000301,NC,177,301,348,13,213,119,0,2,0,0,1,258,9,161,86,0,2,0,0,0,NA,NA,91360,04590,86,1,9,6,68.82143970084138,47.11374259894048
37177001401,NC,177,1401,114,0,112,0,0,2,0,0,0,88,0,88,0,0,0,0,0,0,NA,NA,91360,04590,86,1,9,6,23.473979432845123,16.069803677157992
37177001501,NC,177,1501,673,2,372,292,1,3,0,0,3,506,1,294,204,1,3,0,0,3,NA,NA,92872,04590,86,1,9,6,134.97538173885945,92.40137114365845
37177001601,NC,177,1601,43,0,38,5,0,0,0,0,0,28,0,23,5,0,0,0,0,0,NA,NA,93040,04590,86,1,9,6,7.468993455905266,5.113119351822998
37179000001,NC,179,01,3670,1205,1457,935,10,17,5,7,34,2652,823,1201,576,8,15,3,6,20,NA,43920,92108,04620,34,17,4,11,257.0422684544667,449.8582603860924
37179000002,NC,179,02,2912,521,1458,894,7,5,0,2,25,2093,338,1194,537,6,5,0,0,13,NA,43920,92108,04620,34,17,4,11,202.86179029984874,355.03519569686705
37179000003,NC,179,03,2543,598,1374,518,9,31,1,0,12,2003,436,1170,356,8,27,1,0,5,NA,43920,92108,04620,34,17,4,11,194.13863639302295,339.7685126520902
37179000004,NC,179,04,4301,1857,560,1837,15,5,0,5,22,2881,1246,476,1134,10,4,0,3,8,NA,43920,92108,04620,34,17,4,11,279.23784895072345,488.70348724446916
37179000005,NC,179,05,2422,94,2118,134,11,30,0,0,35,1810,59,1625,87,8,22,0,0,9,NA,43920,92108,04620,34,17,4,12,175.4323174594965,307.02995901162416
37179000006,NC,179,06,2295,78,2043,137,3,21,0,2,11,1713,55,1547,87,2,15,0,2,5,NA,69260,92108,04620,82,17,4,12,166.03069602658425,290.5758672855868
37179000007,NC,179,07,3135,75,2787,246,5,5,0,0,17,2349,47,2122,166,3,3,0,0,8,NA,43920,92108,04620,34,17,4,12,227.6743169681532,398.46042746867687
37179000008,NC,179,08,3737,196,2306,1194,5,15,0,0,21,2921,137,1930,828,5,11,0,0,10,NA,74760,92108,04620,34,17,4,11,283.114806242646,495.4886797088144
37179000009,NC,179,09,2360,76,1192,1058,9,0,0,2,23,1680,53,913,702,4,0,0,0,8,NA,41640,92004,04620,34,17,4,11,162.83220626074814,284.978083502502
37179000010,NC,179,10,2278,528,929,791,9,7,0,1,13,1625,328,739,537,8,5,0,1,7,NA,43920,92108,04620,34,17,4,11,157.5013899843546,275.64844386402723
37179000011,NC,179,11,2710,38,2614,39,1,11,0,0,7,1987,23,1936,19,1,5,0,0,3,NA,69260,92280,04620,82,17,4,11,212,504
37179000012,NC,179,12,2743,17,2695,14,3,5,0,1,8,2010,11,1978,12,2,4,0,0,3,NA,69260,91264,04620,81,17,4,12,158.1072757602977,471.7425895034005
37179000013,NC,179,13,2958,50,2868,19,7,7,0,0,7,2093,25,2047,10,4,5,0,0,2,NA,69260,91264,04620,82,17,4,12,164.6360836648274,491.22250737841654
37179000014,NC,179,14,2271,63,2009,128,17,8,10,4,32,1679,44,1514,73,13,7,5,4,19,NA,33560,93860,04620,81,17,4,12,162.73528232845007,284.8084536908933
37179000015,NC,179,15,2607,113,2210,237,21,3,0,0,23,1898,67,1629,170,15,3,0,0,14,NA,64420,93860,04620,81,17,4,12,183.96162350172617,321.9573824331838
37179000016,NC,179,16,1860,25,1716,72,17,10,0,0,20,1415,18,1316,58,9,4,0,0,10,NA,33560,93860,04620,81,17,4,12,137.14736420176106,240.02618342621446
37179000017,NC,179,17,3617,67,3428,63,5,37,0,0,17,2419,37,2306,37,4,25,0,0,10,NA,71940,92836,04620,34,17,4,12,234.45899222901772,410.33451428128114
37179000018,NC,179,18,2486,22,2387,29,3,25,0,2,18,1651,12,1591,18,2,20,0,1,7,NA,71680,92836,04620,81,17,4,12,160.02141222410427,280.05881896585163
37179000019,NC,179,19,2275,43,1924,279,8,7,0,0,14,1628,32,1385,192,7,5,0,0,7,NA,43360,92836,04620,34,17,4,12,157.7921617812488,276.15733329885313
37179000020,NC,179,20,3303,48,2787,415,15,9,0,4,25,2333,23,1986,292,13,5,0,1,13,NA,71460,91624,04620,34,17,4,12,226.12353405138415,395.74635048293874
37179000021,NC,179,21,2584,32,2402,123,5,0,0,1,21,1835,19,1718,84,3,0,0,0,11,NA,NA,91624,04620,34,17,4,12,177.8554157669481,311.27070430183994
37179000022,NC,179,22,2677,29,2517,82,12,13,0,7,17,1968,21,1864,51,7,8,0,4,13,NA,33993,91624,04620,34,17,4,12,190.74629876259067,333.831469245788
37179000023,NC,179,23,2343,56,2085,185,6,3,0,2,6,1778,30,1610,129,5,3,0,0,1,NA,43920,92108,04620,34,17,4,12,172.33075162595844,301.6018050401479
37179000024,NC,179,24,3280,45,2986,206,14,5,0,0,24,2372,25,2183,141,9,5,0,0,9,NA,NA,90432,04620,34,17,4,12,229.90356741100868,402.36191313567537
37179000025,NC,179,25,2654,29,2361,227,14,4,0,1,18,1936,15,1744,158,8,3,0,0,8,NA,43920,90432,04620,34,17,4,11,187.64473292905262,328.4033152743118
37179000026,NC,179,26,2526,46,2164,275,19,9,1,1,11,1804,23,1592,170,9,2,1,1,6,NA,NA,91736,04620,34,17,4,11,240,270
37179000027,NC,179,27,2521,40,2068,384,11,5,0,0,13,1888,29,1592,243,10,3,0,0,11,NA,41640,92004,04620,34,17,4,11,182.99238417874554,320.26108431709747
37179000028,NC,179,28,4203,71,3821,231,6,53,0,0,21,2685,36,2438,163,6,38,0,0,4,NA,41720,92836,04620,81,17,4,12,260.2407582203028,455.45604416917723
37179000029,NC,179,29,3890,104,3530,177,18,35,0,0,26,2639,68,2394,123,16,21,0,0,17,NA,33560,93860,04620,81,17,4,12,255.78225733459186,447.6530728351802
37179000030,NC,179,30,3538,204,2803,416,9,62,0,1,43,2725,145,2223,275,9,46,0,1,26,NA,43920,92108,04620,34,17,4,12,264.1177155122254,462.2412366335226
37179000031,NC,179,31,2521,47,2210,238,8,14,0,0,4,1779,31,1586,141,8,12,0,0,1,NA,71940,92108,04620,34,17,4,12,172.4276755582565,301.77143485175657
37179000032,NC,179,32,2715,52,2464,154,10,8,3,2,22,1947,32,1767,126,9,4,2,1,6,NA,30620,91264,04620,81,17,4,12,153.15167457975107,456.9566277428462
37179000033,NC,179,33,2498,55,2069,357,0,3,0,0,14,1759,32,1480,235,0,2,0,0,10,NA,71460,91624,04620,34,17,4,12,170.48919691229523,298.3788386195839
37179000034,NC,179,34,3399,126,2837,403,5,10,1,3,14,2538,66,2172,282,4,5,1,0,8,NA,69260,92108,04620,34,17,4,12,245.99294017248735,430.5204618627083
37179000035,NC,179,35,2190,24,1963,140,10,36,0,0,17,1505,12,1371,93,3,18,0,0,8,NA,30620,93860,04620,81,17,4,12,145.87051810858688,255.29286647099136
37179000036,NC,179,36,2727,94,2186,421,6,3,0,0,17,2026,58,1662,288,5,3,0,0,10,NA,41640,92004,04620,34,17,4,11,196.3678868358784,343.6699983190887
37179000037,NC,179,37,3403,61,3121,99,14,49,0,15,44,2489,37,2317,72,12,29,0,5,17,NA,33560,93860,04620,81,17,4,12,241.24366748988223,422.20860109388536
37179000038,NC,179,38,5733,159,5024,352,28,72,3,11,84,3967,109,3509,238,20,53,3,8,27,NA,33560,93860,04620,81,17,4,12,384.49723942642134,672.9214626514437
37179000039,NC,179,39,2378,18,2144,196,6,10,0,0,4,1743,7,1592,128,6,6,0,0,4,NA,69260,91264,04620,82,17,4,12,137.10496599512382,409.07827537533683
37179000040,NC,179,40,2487,32,2337,62,8,19,1,0,28,1805,22,1708,43,5,14,0,0,13,NA,71680,93860,04620,81,17,4,12,174.9476977980062,306.181809953581
37179000041,NC,179,41,2423,23,2269,77,7,24,0,9,14,1629,15,1522,59,6,17,0,5,5,NA,71680,92836,04620,81,17,4,12,157.88908571354685,276.3269631104617
37179000042,NC,179,42,2149,78,1915,122,7,4,0,0,23,1583,53,1434,77,7,4,0,0,8,NA,43920,92108,04620,34,17,4,12,153.4305848278359,268.5239917764647
37179000043,NC,179,43,2355,498,474,1346,12,6,1,2,16,1683,348,384,923,9,3,1,1,14,NA,43920,92108,04620,34,17,4,11,163.12297805764234,285.4869729373279
37181000EH1,NC,181,EH1,3944,287,568,3053,16,6,0,5,9,2739,187,482,2054,8,3,0,2,3,NA,30660,91452,04650,78,11,11,4,543.3413661027769,485.72882221512924
37181000EH2,NC,181,EH2,1223,197,461,547,4,4,0,0,10,874,135,386,341,3,4,0,0,5,NA,30660,91452,04650,78,11,11,5,173.37727417810407,154.99342483242899
37181000NH1,NC,181,NH1,3977,119,557,3248,7,19,2,1,24,2788,78,453,2228,5,14,1,0,9,NA,30660,91452,04650,78,11,11,4,553.0616022981169,494.41838493456754
37181000NH2,NC,181,NH2,1177,97,585,488,2,3,0,0,2,912,67,471,368,1,3,0,0,2,NA,30660,91452,04650,78,11,11,4,180.9154165336738,161.73226939036067
37181000SH1,NC,181,SH1,4008,376,1279,2312,11,6,1,0,23,2811,236,1046,1505,8,5,1,0,10,NA,30660,91452,04650,78,11,11,4,557.6241621449091,498.497159272263
37181000SH2,NC,181,SH2,1784,238,846,681,0,2,1,1,15,1235,141,655,424,0,1,1,1,12,NA,63240,91452,04650,78,11,11,5,244.9896265560166,219.01244813278007
37181000WH1,NC,181,WH1,3523,41,2797,602,5,58,1,2,17,2832,29,2325,417,3,42,1,1,14,NA,30660,91452,04650,22,11,11,4,561.7899776571976,502.22125758059366
37181000WH2,NC,181,WH2,1287,9,774,483,0,14,0,0,7,1053,7,656,376,0,11,0,0,3,NA,30660,91452,04650,78,11,11,4,208.88589211618256,186.7369294605809
3718100DABN,NC,181,DABN,2438,83,1542,779,1,12,0,1,20,1775,45,1166,540,1,8,0,0,15,NA,30660,90868,04650,78,2,11,4,352.11059687200765,314.7749760612831
3718100HTOP,NC,181,HTOP,1144,15,555,556,1,13,0,0,4,905,13,456,421,1,12,0,0,2,NA,63240,91452,04650,22,11,11,5,179.52681136291096,160.4909032875838
3718100KITT,NC,181,KITT,4667,103,2887,1632,12,5,0,4,24,3383,69,2175,1107,11,4,0,4,13,NA,36020,91712,04650,22,11,11,5,671.0930418129589,599.9345036706032
3718100MIDD,NC,181,MIDD,3390,62,1565,1735,8,4,0,3,13,2477,32,1242,1186,2,4,0,3,8,NA,42640,92050,04650,78,2,11,4,491.367858282796,439.26626236833704
3718100SCRK,NC,181,SCRK,5896,240,3290,2320,7,3,0,0,36,4169,143,2474,1527,5,3,0,0,17,NA,NA,92824,04650,78,11,11,5,827.0135652729014,739.3221832109799
3718100TWNS,NC,181,TWNS,1065,42,441,573,0,1,4,0,4,819,28,374,413,0,1,1,0,2,NA,NA,93752,04650,78,2,11,4,162.4668049792531,145.23983402489628
3718100WATK,NC,181,WATK,639,4,571,49,0,6,0,0,9,494,3,447,36,0,4,0,0,4,NA,NA,93916,04650,22,11,11,4,97.99585062240664,87.60497925311203
3718100WMSB,NC,181,WMSB,2792,44,1176,1546,2,7,0,2,15,2064,20,929,1100,2,7,0,0,6,NA,NA,94028,04650,78,2,11,4,409.44015320778806,366.0256623045005
37183000101,NC,183,0101,2803,198,1835,649,12,58,1,3,47,2439,156,1656,521,11,57,1,3,34,NA,55000,92612,04720,63,14,12,3,339.4419926768163,458.63090628777655
37183000102,NC,183,0102,3342,56,3089,95,1,59,1,4,37,3053,51,2829,88,1,49,1,3,31,NA,55000,92612,04720,61,14,12,3,424.8939744330956,574.0878052056506
37183000103,NC,183,0103,2320,27,2207,58,3,9,0,2,14,1870,23,1777,46,2,9,0,1,12,NA,55000,92612,04720,64,14,12,3,260.25277831309825,351.6358322091604
37183000104,NC,183,0104,1305,20,1251,20,0,4,1,0,9,1078,14,1036,17,0,4,0,0,7,NA,55000,92612,04720,61,14,10,3,150.02807220402133,202.7077150382219
37183000105,NC,183,0105,1366,8,1258,94,2,4,0,0,0,1083,6,983,88,2,4,0,0,0,NA,55000,92612,04720,64,14,12,3,150.72393524763925,203.64791779813942
37183000106,NC,183,0106,2542,33,2300,139,4,32,1,1,32,2395,31,2173,126,4,31,1,1,28,NA,55000,92612,04720,64,14,12,3,333.31839789297874,450.3571220005022
37183000107,NC,183,0107,1562,32,1171,318,3,14,0,2,22,1409,28,1044,306,3,13,0,2,13,NA,55000,92612,04720,64,14,12,3,196.09420569152692,264.9491377447631
37183000109,NC,183,0109,1256,16,1193,16,2,22,0,0,7,1090,13,1036,16,2,17,0,0,6,NA,55000,92612,04720,64,14,12,3,151.6981435087043,204.96420166202398
37183000110,NC,183,0110,1723,9,1675,12,1,10,0,1,15,1353,5,1324,11,1,6,0,0,6,NA,55000,92612,04720,61,14,12,3,188.30053960300637,254.41886683368665
37183000111,NC,183,0111,2389,9,2355,3,1,7,2,2,10,1778,3,1757,3,1,5,2,1,6,NA,55000,92612,04720,61,14,10,3,247.44889831052868,334.33610142667766
37183000112,NC,183,0112,2410,123,1902,317,5,35,0,1,27,2087,79,1744,210,5,29,0,0,20,NA,55000,92612,04720,64,14,12,3,290.45323440611554,392.44063198958173
37183000113,NC,183,0113,2012,64,1268,613,7,13,0,1,46,1652,40,1121,445,5,13,0,1,27,NA,55000,92612,04720,64,14,12,3,229.91314961135737,310.6429918767556
37183000114,NC,183,0114,3884,129,2494,1156,10,33,3,6,53,3291,100,2249,858,10,29,1,5,39,NA,55000,92612,04720,21,14,12,3,458.01705530930815,618.8414565777256
37183000115,NC,183,0115,2262,98,1763,308,0,59,0,3,31,1888,76,1530,219,0,44,0,3,16,NA,55000,92612,04720,64,14,10,3,262.7578852701227,355.02056214486356
37183000116,NC,183,0116,3821,316,2887,464,6,92,0,4,52,3200,230,2523,334,4,75,0,3,31,NA,55000,92036,04720,61,14,10,3,445.3523479154622,601.7297663472264
37183000117,NC,183,0117,1119,13,1059,30,0,7,0,0,10,873,9,832,19,0,7,0,0,6,NA,55000,92612,04720,61,14,10,3,121.49768741568704,164.15940188160272
37183000118,NC,183,0118,5061,1310,2638,895,4,138,9,7,60,3979,1010,2131,662,4,117,7,7,41,NA,55000,92228,04720,64,14,12,3,553.7678101111326,748.2133563423793
37183000119,NC,183,0119,3546,604,138,2758,8,15,0,0,23,2581,460,121,1978,6,7,0,0,9,NA,55000,92612,04720,21,14,12,5,359.204503115565,485.3326646694348
37183000120,NC,183,0120,2926,154,199,2491,9,22,1,5,45,2288,132,186,1905,9,16,1,3,36,NA,55000,92612,04720,21,14,12,5,318.42692875955544,430.23678293826686
37183000121,NC,183,0121,4751,735,1432,2396,17,78,2,4,87,3475,525,1262,1558,16,57,2,4,51,NA,55000,93200,04720,64,14,12,5,483.62481531444723,653.4409181426911
37183000122,NC,183,0122,6246,769,130,5277,11,8,0,5,46,4476,550,111,3774,8,6,0,2,25,NA,55000,92788,04720,21,14,12,5,622.9365966467527,841.6695106781829
37183000123,NC,183,0123,11144,264,7839,2076,89,676,24,5,171,10962,242,7767,2024,89,647,24,4,165,NA,55000,92612,04720,63,14,12,5,1525.610136827905,2061.300530843217
37183000125,NC,183,0125,1716,77,49,1541,14,2,0,0,33,916,63,48,781,12,2,0,0,10,NA,55000,92612,04720,64,14,12,3,127.48210959080104,172.24514561689352
37183000126,NC,183,0126,5821,433,679,4536,62,11,4,14,82,4713,331,667,3569,57,11,1,12,65,NA,55000,92612,04720,21,14,12,5,655.9205049142416,886.2351214982743
37183000127,NC,183,0127,2890,591,1467,771,12,20,2,4,23,2395,419,1280,650,9,18,2,3,14,NA,55000,92612,04720,64,14,12,3,333.31839789297874,450.3571220005022
37183000128,NC,183,0128,5399,184,1279,3787,11,33,1,13,91,3812,124,1156,2455,6,23,1,8,39,NA,55000,92612,04720,21,14,12,3,530.5259844542943,716.8105841611334
37183000129,NC,183,0129,2653,18,2566,32,0,20,0,0,17,2124,15,2056,29,0,15,0,0,9,NA,55000,92612,04720,61,14,10,3,295.60262092888803,399.3981324129715
37183000130,NC,183,0130,1613,13,1530,30,0,18,0,0,22,1242,6,1187,21,0,12,0,0,16,NA,55000,92612,04720,61,14,10,3,172.85238003468876,233.5463655635172
37183000131,NC,183,0131,7312,967,3749,1736,35,638,7,20,160,6293,756,3557,1224,30,580,7,17,122,NA,55000,92612,04720,63,14,12,3,875.8132266975011,1183.3391936322173
37183000132,NC,183,0132,7363,1267,4406,1193,24,322,1,13,137,6235,979,3940,920,23,272,1,7,93,NA,55000,92612,04720,63,14,10,3,867.7412153915333,1172.4328416171738
37183000133,NC,183,0133,2216,54,1679,145,8,258,0,3,69,1727,40,1353,107,4,175,0,3,45,NA,55000,92612,04720,61,14,10,3,240.35109526562601,324.74603327551876
37183000134,NC,183,0134,3118,206,43,2832,7,2,0,0,28,2510,151,39,2293,3,2,0,0,22,NA,55000,92612,04720,21,14,12,3,349.32324789619065,471.9817854786057
37183000135,NC,183,0135,4378,552,80,3661,14,7,2,7,55,3170,371,70,2687,10,3,1,6,22,NA,55000,92612,04720,64,14,12,5,441.17716965375473,596.088549787721
37183000136,NC,183,0136,2972,416,1948,491,0,67,4,3,43,2305,295,1567,363,0,51,1,1,27,NA,55000,92612,04720,61,14,10,3,320.79286310785636,433.43347232198647
37183000137,NC,183,0137,2461,41,2174,152,3,70,0,1,20,1954,30,1730,123,3,56,0,0,12,NA,55000,92612,04720,61,14,10,3,271.9432774458791,367.4312385757751
37183000138,NC,183,0138,3311,167,2153,759,6,145,0,16,65,2546,114,1764,517,6,110,0,2,33,NA,55000,92792,04720,21,14,12,3,354.3334618102396,478.75124535001197
37183000139,NC,183,0139,4074,147,2983,699,14,152,0,11,68,3296,110,2491,524,12,122,0,5,32,NA,55000,91548,04720,61,14,10,3,458.712918352926,619.7816593376431
37183000140,NC,183,0140,6197,712,657,4646,12,56,4,17,93,4637,520,576,3427,10,32,3,8,61,NA,55000,92612,04720,21,14,12,3,645.3433866512495,871.9440395475277
37183000141,NC,183,0141,3852,143,3112,212,21,315,2,6,41,3524,120,2891,182,16,270,2,5,38,NA,55000,92612,04720,63,14,10,3,490.4442731419028,662.654905189883
37183000142,NC,183,0142,3733,55,3242,247,5,147,0,4,33,2868,37,2525,180,5,105,0,1,15,NA,55000,92228,04720,65,14,10,3,399.147041819233,539.3003030887016
37183000143,NC,183,0143,5311,544,3730,764,10,144,0,15,104,4366,414,3153,589,9,120,0,8,73,NA,55000,91548,04720,61,14,10,3,607.6276096871587,820.985049959997
37183000144,NC,183,0144,5196,350,3409,1252,8,88,3,13,73,4194,234,2914,919,7,68,3,4,45,NA,55000,92228,04720,65,14,10,3,583.6899209867026,788.6420750188336
37183000145,NC,183,0145,3255,579,1957,555,9,88,3,6,58,2555,450,1589,396,5,70,3,4,38,NA,55000,91548,04720,61,14,10,3,355.58601528875187,480.44361031786354
37183000146,NC,183,0146,5925,703,1810,2935,11,308,2,20,136,4474,513,1541,2084,11,239,2,3,81,NA,55000,92228,04720,21,14,12,3,622.6582514293056,841.2934295742158
37183000147,NC,183,0147,3089,45,2800,143,1,79,1,1,19,2195,27,1991,105,1,61,1,1,8,NA,55000,92228,04720,65,14,10,7,305.48387614826237,412.74901160380057
37183000148,NC,183,0148,3248,135,2512,352,19,154,0,1,75,2788,91,2210,298,14,122,0,1,52,NA,55000,92612,04720,63,14,10,3,388.01323312134645,524.257058930021
37183000201,NC,183,0201,3887,62,3377,225,5,177,0,3,38,2808,48,2437,162,3,132,0,1,25,NA,55000,90164,04720,92,36,10,7,390.79668529581807,528.0178699696911
37183000202,NC,183,0202,4221,41,3835,254,0,60,0,3,28,2984,28,2713,180,0,48,0,2,13,NA,NA,90164,04720,92,36,12,7,415.29106443116854,561.1130071187886
37183000203,NC,183,0203,3359,52,3154,66,2,53,0,5,27,2298,29,2173,44,2,38,0,2,10,NA,NA,90164,04720,92,36,12,7,319.8186548467913,432.1171884581019
37183000204,NC,183,0204,2460,40,2244,59,5,94,1,4,13,1668,23,1535,38,3,61,1,1,6,NA,55000,90164,04720,92,36,12,7,232.13991135093468,313.65164070849175
37183000205,NC,183,0205,1245,28,1123,35,0,44,0,0,15,839,18,757,27,0,33,0,0,4,NA,NA,90164,04720,92,36,10,7,116.76581871908525,157.7660231141634
37183000206,NC,183,0206,3223,42,2908,132,6,109,0,3,23,2077,23,1876,88,4,73,0,2,11,NA,55000,90164,04720,92,36,10,7,289.0615083188797,390.5602264697466
37183000300,NC,183,0300,2160,83,1599,419,25,14,0,3,17,1631,44,1204,334,24,10,0,1,14,NA,01520,90420,04720,62,13,10,7,255,253
37183000401,NC,183,0401,2419,122,1935,270,13,39,0,12,28,1926,83,1614,167,12,32,0,6,12,NA,10740,90536,04720,62,36,10,7,268.04644440161877,362.16610312023687
37183000402,NC,183,0402,4577,729,3058,452,19,243,1,13,62,3538,547,2442,297,16,186,1,10,39,NA,10740,90536,04720,63,36,10,3,492.39268966403284,665.2874729176522
37183000403,NC,183,0403,3410,162,2478,355,2,274,3,4,132,2616,118,1956,264,2,201,3,0,72,NA,10740,90536,04720,62,36,10,7,364.07554442089037,491.91408398885756
37183000404,NC,183,0404,3507,817,1858,484,14,247,0,14,73,2747,638,1524,344,10,184,0,10,37,NA,10740,90536,04720,62,36,10,3,382.30715616367956,516.5473962986971
37183000405,NC,183,0405,3455,51,2727,196,10,418,1,5,47,2550,34,2064,125,8,297,1,1,20,NA,10740,90536,04720,63,36,10,7,354.89015224513395,479.503407557946
37183000406,NC,183,0406,3545,92,3082,127,1,197,0,1,45,2591,60,2267,95,1,141,0,1,26,NA,10740,90536,04720,62,36,10,7,360.59622920280077,487.21307018926984
37183000407,NC,183,0407,3534,44,3288,45,0,125,0,2,30,2608,29,2429,34,0,94,0,1,21,NA,10740,90536,04720,62,36,10,7,362.9621635511017,490.4097595729895
37183000408,NC,183,0408,2998,100,2222,287,8,328,6,5,42,2211,77,1653,208,6,234,5,3,25,NA,10740,90536,04720,63,36,10,7,307.71063788783965,415.7576604355367
37183000409,NC,183,0409,6521,255,5171,487,18,458,0,16,116,4763,179,3800,357,9,343,0,6,69,NA,10740,90536,04720,62,36,10,7,662.8791353504207,895.6371490974498
37183000410,NC,183,0410,3950,91,3380,139,5,285,0,7,43,2773,55,2386,99,3,203,0,5,22,NA,10740,90536,04720,62,36,10,7,385.9256439904927,521.4364506502684
37183000411,NC,183,0411,5820,468,3798,776,26,602,0,13,137,4443,333,2999,574,20,425,0,8,84,NA,10740,90536,04720,63,36,10,7,618.3439005588746,835.4641724627271
37183000412,NC,183,0412,3824,66,3368,105,6,209,0,16,54,2820,47,2515,79,4,143,0,7,25,NA,10740,90536,04720,62,36,10,7,392.46675660050107,530.2743565934933
37183000413,NC,183,0413,5170,105,4010,248,11,740,0,0,56,3417,69,2683,164,5,479,0,0,17,NA,10740,90536,04720,62,36,10,7,475.5528040084794,642.5345661276476
37183000414,NC,183,0414,2507,97,2254,73,5,43,0,5,30,1829,64,1665,51,3,30,0,2,14,NA,10740,90536,04720,62,36,10,7,254.54670135543137,343.92616957783656
37183000415,NC,183,0415,2967,70,2593,124,11,116,0,18,35,2121,45,1856,99,7,90,0,5,19,NA,10740,90536,04720,62,36,10,7,295.1851031027173,398.83401075702096
37183000416,NC,183,0416,2974,44,2573,136,15,153,1,1,51,2304,34,2022,101,11,109,1,1,25,NA,10740,90536,04720,62,36,10,3,320.6536904991328,433.24543177000294
37183000417,NC,183,0417,2550,67,2070,161,6,198,1,3,44,1976,48,1625,117,5,157,0,1,23,NA,10740,90536,04720,63,36,10,7,275.0050748377979,371.5681307194123
37183000418,NC,183,0418,2594,65,1993,138,5,340,0,5,48,1845,42,1417,95,3,259,0,5,24,NA,10740,90536,04720,63,36,10,7,256.77346309500865,346.9348184095727
37183000419,NC,183,0419,2735,59,2268,114,5,236,5,4,44,1753,43,1460,70,1,155,3,2,19,NA,10740,90536,04720,62,36,10,7,243.96958309243914,329.63508762708994
37183000500,NC,183,0500,10911,314,8706,841,32,864,2,11,141,7966,227,6392,624,25,627,2,4,65,NA,10740,90576,04720,63,13,10,7,285,408
37183000601,NC,183,0601,4908,179,3343,1257,24,39,4,2,60,3470,114,2371,908,16,33,2,1,25,NA,32260,91524,04720,62,14,10,7,236.65650124757414,157.7710008317161
37183000602,NC,183,0602,5745,135,4433,1037,15,61,0,0,64,3919,93,3056,691,11,44,0,0,24,NA,32260,91524,04720,62,14,10,7,267.27862489603547,178.18574993069032
37183000603,NC,183,0603,4904,192,3752,797,17,81,2,5,58,3432,136,2614,579,11,65,2,0,25,NA,32260,91524,04720,62,14,10,7,234.06487385639036,156.04324923759359
37183000701,NC,183,0701,2756,203,1842,594,5,62,0,4,46,2146,157,1559,346,5,52,0,2,25,NA,55000,91548,04720,61,13,10,3,298.6644183208068,403.5350245566087
37183000702,NC,183,0702,4921,223,3846,629,13,158,0,2,50,3978,177,3115,520,9,121,0,1,35,NA,55000,91548,04720,61,36,10,3,553.628637502409,748.0253157903958
37183000703,NC,183,0703,2035,23,1867,85,1,33,0,3,23,1453,15,1328,67,1,27,0,3,12,NA,55000,91548,04720,61,36,10,7,202.21780047536456,273.2229220320375
37183000704,NC,183,0704,5419,221,3970,957,15,145,0,12,99,4285,167,3243,684,11,117,0,4,59,NA,55000,91548,04720,92,36,10,3,596.3546283805485,805.7537652493328
37183000705,NC,183,0705,4776,119,3634,785,17,147,0,4,70,3662,82,2868,547,15,110,0,2,38,NA,55000,91548,04720,61,36,10,3,509.65009314575707,688.6045013636071
37183000706,NC,183,0706,5511,102,4850,272,13,226,1,3,44,4020,71,3546,197,6,173,1,1,25,NA,55000,91548,04720,92,36,10,7,559.4738870687994,755.923018973703
37183000707,NC,183,0707,5733,199,4854,391,8,222,0,8,51,4684,137,4034,303,6,174,0,2,28,NA,55000,91548,04720,92,36,10,7,651.8844992612578,880.7819454907526
37183000709,NC,183,0709,3431,392,2197,631,11,144,0,5,51,2675,287,1803,434,7,107,0,3,34,NA,55000,91548,04720,61,36,10,3,372.2867283355817,503.00847655588456
37183000710,NC,183,0710,3942,198,2953,510,8,222,1,7,43,3404,152,2590,435,6,184,1,5,31,NA,55000,91548,04720,61,13,10,3,473.7435600950729,640.0900389518621
37183000801,NC,183,0801,5421,158,4351,547,19,269,0,4,73,3996,99,3258,379,11,199,0,4,46,NA,55000,91772,04720,92,13,10,7,249.39470423569364,591.7622871827818
37183000802,NC,183,0802,4803,123,4030,371,5,232,0,4,38,3525,89,2955,293,3,164,0,2,19,NA,55000,91772,04720,92,36,10,7,219.99908218989492,522.0125281079345
37183000803,NC,183,0803,6791,172,5569,577,7,355,2,12,97,4781,112,3971,386,5,265,1,2,39,NA,55000,91772,04720,92,13,10,7,298.38740764535817,708.0118856408609
37183000804,NC,183,0804,7165,152,6297,386,13,226,2,3,86,4761,98,4203,260,11,145,2,1,41,NA,55000,91772,04720,92,13,10,7,297.1391859024368,705.0501124317378
37183000805,NC,183,0805,2455,40,2248,93,4,60,0,0,10,1755,21,1611,71,4,45,0,0,3,NA,55000,91772,04720,92,36,10,7,109.53145794135195,259.8955991005461
37183000806,NC,183,0806,3382,153,2615,422,10,123,1,6,52,2973,119,2332,367,10,105,1,5,34,NA,55000,91772,04720,92,36,10,7,185.54816208526455,440.2675875361387
37183000901,NC,183,0901,3439,346,1903,1127,15,3,1,2,42,2555,279,1451,784,11,3,1,1,25,NA,NA,91868,04720,65,14,12,3,349.89968847352026,398.29345794392526
37183000902,NC,183,0902,7546,517,4330,2555,28,55,2,10,49,5470,361,3329,1692,23,38,2,2,23,NA,76220,91868,04720,65,14,12,3,749.1003115264798,852.7065420560748
37183001001,NC,183,1001,7716,245,5225,2032,32,62,0,19,101,5483,151,3863,1341,21,48,0,8,51,NA,71860,91992,04720,15,14,12,3,538.6023062250737,904.167331368129
37183001002,NC,183,1002,8562,609,5620,2146,26,35,2,13,111,6051,373,4176,1403,16,26,1,3,53,NA,71860,91992,04720,65,14,12,3,594.3976937749263,997.832668631871
37183001101,NC,183,1101,4621,98,3808,428,9,222,0,5,51,4107,81,3433,374,8,168,0,4,39,NA,55000,92036,04720,63,36,10,7,571.5819040277511,772.2825469962684
37183001102,NC,183,1102,3295,58,2902,187,10,108,0,5,25,2778,39,2486,142,9,81,0,3,18,NA,55000,92036,04720,63,36,10,7,386.6215070341106,522.3766534101859
37183001201,NC,183,1201,7244,529,5774,834,15,48,2,6,36,5182,368,4181,571,10,31,2,1,18,NA,25300,92056,04720,15,14,10,7,380.4838240835441,687.6045647844107
37183001202,NC,183,1202,6217,363,4832,895,30,27,2,4,64,4512,248,3574,613,21,23,1,1,31,NA,25300,92056,04720,62,14,10,7,331.28965925606934,598.7016202831458
37183001203,NC,183,1203,5657,298,3765,1493,34,21,1,11,34,3941,190,2703,990,22,13,1,2,20,NA,25300,92056,04720,62,14,10,7,289.36448296280344,522.9350810141573
37183001204,NC,183,1204,6780,417,5539,701,29,32,1,9,52,4942,269,4119,471,22,27,0,4,30,NA,25300,92056,04720,15,14,10,7,362.862033697583,655.758733918286
37183001301,NC,183,1301,6469,1311,2301,2511,18,171,6,16,135,4971,1029,1877,1826,15,133,4,9,78,NA,55000,92228,04720,65,36,12,3,691.8270379649258,934.7495839100194
37183001302,NC,183,1302,10725,306,8340,1565,25,370,7,11,101,7563,215,5946,1052,15,268,2,6,59,NA,55000,92228,04720,65,36,12,3,1052.5624397764502,1422.1506946512727
37183001303,NC,183,1303,6663,428,2984,2837,18,276,2,13,105,4505,287,2240,1721,11,192,0,3,51,NA,55000,92228,04720,65,36,12,3,626.97260229973665,847.1226866857046
37183001401,NC,183,1401,954,18,818,103,3,9,0,0,3,736,15,632,76,3,7,0,0,3,NA,NA,92264,04720,92,36,12,3,102.43104002055631,138.39784625986206
37183001402,NC,183,1402,3754,170,3404,131,6,21,0,4,18,2637,131,2391,87,6,11,0,2,9,NA,55000,92264,04720,92,13,12,3,366.99816920408557,495.8629355805112
37183001501,NC,183,1501,6224,239,5225,658,26,15,1,8,52,4433,138,3814,426,17,12,1,2,23,NA,25480,92440,04720,15,14,10,7,616.9521744716387,833.583766942892
37183001502,NC,183,1502,8620,400,6793,1215,58,48,0,1,105,6017,261,4834,808,46,36,0,0,32,NA,25480,92440,04720,15,14,10,7,837.4015866897926,1131.440001284769
37183001601,NC,183,1601,5366,210,3489,1546,14,39,0,9,59,4041,129,2769,1067,11,29,0,2,34,NA,25480,92788,04720,15,14,12,5,562.3965118519947,759.8718705653569
37183001602,NC,183,1602,4759,226,2313,2077,14,33,4,16,76,3517,144,1882,1412,10,21,2,11,35,NA,25480,92788,04720,15,14,12,5,489.4700648808377,661.3386213259985
37183001603,NC,183,1603,2591,109,1621,787,7,29,1,0,37,1936,69,1281,539,6,23,0,0,18,NA,25480,92788,04720,64,14,10,5,269.43817048885467,364.046508640072
37183001604,NC,183,1604,5219,112,3507,1485,25,35,0,13,42,3774,61,2653,991,14,28,0,7,20,NA,25480,92788,04720,15,14,10,5,525.2374253227982,709.6650431857602
37183001605,NC,183,1605,4088,206,3114,650,25,49,2,4,38,3172,148,2510,432,18,40,1,1,22,NA,25480,92788,04720,64,36,10,5,441.4555148712019,596.4646308916881
37183001606,NC,183,1606,2584,428,1433,657,4,38,0,1,23,2069,344,1210,467,4,31,0,0,13,NA,25480,92788,04720,64,14,10,5,287.94812744909103,389.0559020538785
37183001607,NC,183,1607,4212,75,3277,739,20,51,0,7,43,3128,41,2520,497,12,37,0,1,20,NA,25480,92788,04720,64,14,10,5,435.3319200873643,588.1908466044138
37183001701,NC,183,1701,6773,699,3357,2191,44,372,0,6,104,5112,479,2752,1496,33,279,0,2,71,NA,55000,92792,04720,21,14,12,3,711.4503757949509,961.263301739694
37183001702,NC,183,1702,7945,608,5427,1675,28,96,1,18,92,5649,449,3992,1073,17,71,1,7,39,NA,36080,92792,04720,15,14,12,3,786.1860666795144,1062.241078154838
37183001703,NC,183,1703,4915,69,3777,796,14,189,2,2,66,3827,53,3008,578,12,138,1,0,37,NA,55000,92792,04720,21,14,12,3,532.6135735851481,719.631192440886
37183001704,NC,183,1704,5607,478,3461,1452,9,99,1,9,98,4022,309,2590,985,8,75,1,3,51,NA,36080,92792,04720,15,14,12,3,559.7522322862466,756.2991000776701
37183001705,NC,183,1705,7394,439,4276,2082,16,440,0,7,134,5300,274,3249,1385,14,320,0,3,55,NA,55000,92792,04720,21,14,12,3,737.6148262349842,996.6149255125937
37183001706,NC,183,1706,3313,224,2414,612,22,2,1,11,27,2426,156,1839,396,15,2,1,3,14,NA,NA,92792,04720,15,14,12,3,337.6327487634098,456.186379111991
37183001707,NC,183,1707,6769,541,1983,4009,26,92,0,6,112,4569,331,1516,2589,19,63,0,2,49,NA,55000,92792,04720,21,14,12,3,635.8796492580458,859.157282012649
37183001801,NC,183,1801,4469,174,2662,1297,9,258,0,6,63,3644,144,2388,853,9,203,0,3,44,NA,55000,93200,04720,64,36,10,5,507.14498618873256,685.219771427904
37183001802,NC,183,1802,7174,139,6483,359,23,88,5,1,76,5128,93,4668,246,16,61,4,1,39,NA,10740,93200,04720,15,36,10,7,713.6771375345281,964.2719505714302
37183001803,NC,183,1803,6332,128,5292,210,8,612,1,9,72,4507,84,3802,146,8,425,1,4,37,NA,10740,93200,04720,15,36,10,7,627.2509475171838,847.4987677896717
37183001804,NC,183,1804,4924,174,4379,240,11,52,2,3,63,3625,119,3258,155,11,40,0,3,39,NA,25480,93200,04720,64,36,10,7,504.50070662298447,681.6470009402173
37183001805,NC,183,1805,5521,71,5071,86,5,250,1,1,36,3498,37,3218,67,3,159,1,1,12,NA,10740,93200,04720,15,36,10,7,486.8257853150896,657.7658508383118
37183001806,NC,183,1806,3336,88,2619,358,10,203,1,5,52,2832,67,2269,288,7,159,1,3,38,NA,55000,93200,04720,64,36,10,5,394.136827905184,532.5308432172953
37183001901,NC,183,1901,5754,177,4646,850,20,23,0,3,35,4097,118,3325,611,9,16,0,0,18,NA,57640,93880,04720,65,14,12,3,342.753509693439,472.0686180880527
37183001902,NC,183,1902,6530,186,5638,544,9,91,3,1,58,4643,112,4063,363,7,66,3,1,28,NA,70540,93880,04720,65,14,12,3,388.4316684175342,534.9803743673002
37183001903,NC,183,1903,5873,102,4176,1365,9,116,0,11,94,4170,75,3074,890,8,73,0,4,46,NA,70540,93880,04720,65,14,12,3,348.86066278292424,480.4798968579887
37183001904,NC,183,1904,8663,182,6731,1477,17,147,0,3,106,5937,122,4695,952,12,107,0,0,49,NA,70540,93880,04720,65,14,12,3,496.6872314010123,684.0789322891796
37183001905,NC,183,1905,3025,78,2739,109,9,61,0,4,25,2095,53,1928,64,6,31,0,2,11,NA,70540,93880,04720,65,14,12,3,175.26692770509024,241.39217839747874
37183002001,NC,183,2001,6825,359,5221,901,18,243,1,2,80,5024,257,3849,675,15,182,1,0,45,NA,01520,93984,04720,62,36,10,7,240.69223799456356,358.28813047417697
37183002002,NC,183,2002,3563,96,3025,219,16,145,3,6,53,2582,70,2220,143,9,106,1,4,29,NA,10740,93984,04720,62,13,10,7,123.69971307762005,184.13613711869525
37183002003,NC,183,2003,6512,129,5865,237,11,194,2,11,63,4342,84,3913,163,10,134,2,8,28,NA,01520,93984,04720,62,36,10,7,208.01864995469646,309.65108728480817
37183002004,NC,183,2004,8244,204,6660,317,8,932,1,15,107,5173,121,4160,221,4,612,1,4,50,NA,10740,93984,04720,62,36,10,7,247.83060253699787,368.91411205073996
37183002005,NC,183,2005,3818,47,3326,169,2,220,3,0,51,2631,29,2298,119,2,157,1,0,25,NA,10740,93984,04720,62,36,10,7,126.04722893385684,187.63058743582
37183002006,NC,183,2006,9748,339,7795,989,25,451,1,11,137,6736,223,5414,703,18,312,0,4,62,NA,01520,93984,04720,62,13,10,7,322.71156750226515,480.37994563575955
37185000001,NC,185,1,1256,12,816,411,9,4,1,0,3,1025,9,697,306,6,4,1,0,2,NA,38680,92688,04740,22,2,11,4,272.3757448759086,143.5040272411761
37185000002,NC,185,2,931,13,639,263,6,1,0,0,9,773,10,550,200,5,1,0,0,7,NA,40540,92964,04740,22,2,11,4,205.41117150153886,108.22303712919914
37185000003,NC,185,3,1931,27,772,1093,22,3,1,1,12,1620,22,638,926,19,3,1,0,11,NA,47240,91432,04740,78,2,11,4,430.4865431209482,226.8063650055661
37185000004,NC,185,4,1080,13,418,638,0,2,0,0,9,768,7,322,430,0,2,0,0,7,NA,47240,92976,04740,78,2,11,4,204.0825093314125,107.52301748412023
37185000005,NC,185,5,1582,51,331,1188,8,0,1,1,2,1173,32,268,865,5,0,1,0,2,NA,NA,92340,04740,78,2,11,4,311.70414511164955,164.22460873551177
37185000006,NC,185,6,1670,36,536,1082,6,3,0,0,7,1197,26,411,750,5,0,0,0,5,NA,NA,92828,04740,78,2,11,4,318.08172352825613,167.5847030318905
37185000007,NC,185,7,1270,25,389,833,7,2,0,0,14,908,16,300,577,6,2,0,0,7,NA,NA,92940,04740,78,2,11,4,241.2850500949512,127.12356754632964
37185000008,NC,185,8,1692,32,138,656,813,1,1,3,48,1234,19,106,489,600,1,0,3,16,9745,NA,91112,04740,22,2,11,4,327.9138235871914,172.76484840547442
37185000009,NC,185,9,848,10,382,442,7,1,0,0,6,613,6,281,319,4,1,0,0,2,9745,38680,91684,04740,22,2,11,4,162.8939820574946,85.82240848667409
37185000010,NC,185,10,2728,8,830,1839,16,7,0,0,28,2085,5,695,1344,13,7,0,0,21,NA,71100,93896,04740,78,2,11,4,554.0521249427019,291.90819199790457
37185000011,NC,185,11,526,7,140,356,22,0,0,0,1,386,7,103,262,14,0,0,0,0,9745,NA,91132,04740,78,2,11,4,102.5727195337568,54.041516600091676
37185000012,NC,185,12,1031,9,886,117,9,2,0,2,6,919,6,806,91,6,2,0,2,6,NA,NA,92700,04740,22,2,11,4,244.20810686922925,128.66361076550325
37185000013,NC,185,13,1107,15,627,459,1,0,0,1,4,837,12,509,314,1,0,0,1,0,NA,47240,92976,04740,78,2,11,4,222.41804727915655,117.18328858620916
37185000014,NC,185,14,2320,59,792,1439,14,0,0,0,16,1733,41,655,1016,11,0,0,0,10,9745,71100,93896,04740,78,2,11,4,460.5143081658045,242.62680898434942
371870000LM,NC,187,LM,3064,67,1175,1786,0,7,0,6,23,2286,46,932,1290,0,7,0,0,11,NA,57740,91768,04800,86,6,11,4,707.0033477747144,474.0366285939346
371870000P1,NC,187,P1,2065,16,775,1250,1,10,0,0,13,1455,13,622,805,1,6,0,0,8,NA,53040,92540,04800,6,6,11,4,449.99556912170146,301.7162268609689
371870000P2,NC,187,P2,1881,97,552,1204,0,14,0,2,12,1323,67,464,778,0,8,0,2,4,NA,53040,92540,04800,6,6,11,4,409.17122883024814,274.3440330838913
371870000P3,NC,187,P3,3509,35,2071,1378,0,11,0,2,12,2638,22,1690,908,0,10,0,0,8,NA,53040,92540,04800,6,1,11,4,815.8682552185899,547.0291453328082
371870000SC,NC,187,SC,1885,90,1205,555,5,1,5,2,22,1444,73,955,390,5,1,5,0,15,NA,15420,92876,04800,86,1,9,4,446.5935407640804,299.4352107128791
371870000SK,NC,187,SK,1319,6,777,529,1,0,1,0,5,1010,6,619,382,1,0,1,0,1,NA,NA,92968,04800,86,1,9,4,312.3680582906656,209.4387554155179
37189000001,NC,189,1,485,1,477,2,1,3,0,0,1,383,1,376,1,1,3,0,0,1,NA,NA,90132,04830,40,12,6,8,59.016228769691374,78.56327821147765
37189000002,NC,189,2,1283,11,1260,3,0,1,0,3,5,980,8,965,3,0,1,0,0,3,NA,NA,90204,04830,40,12,6,8,151.00758275273512,201.0235317160525
37189000003,NC,189,3,2858,16,2787,14,10,8,2,2,19,2377,14,2321,13,9,6,1,2,11,NA,06500,90300,04830,40,12,6,8,366.2704328604606,487.5846274378131
37189000004,NC,189,4,3628,27,3517,24,11,28,1,0,20,2954,22,2869,21,6,23,1,0,12,NA,07080,90308,04830,40,12,6,8,455.1799994403873,605.9423598869582
37189000005,NC,189,5,1694,20,1519,117,5,19,0,0,14,1534,20,1387,97,5,16,0,0,9,NA,07080,90332,04830,40,12,6,8,236.37309381907718,314.66336495145356
37189000006,NC,189,6,6059,93,5637,229,11,61,2,4,22,6001,92,5585,228,11,58,2,4,21,NA,07080,90332,04830,40,12,6,8,924.6903103052687,1230.9614426816643
37189000007,NC,189,7,3205,50,3055,66,4,11,2,0,17,2679,43,2561,50,4,7,0,0,14,NA,07080,90404,04830,40,12,6,8,412.80542264752785,549.5326953748006
37189000008,NC,189,8,2935,22,2896,0,3,3,0,0,11,2273,17,2241,0,2,3,0,0,10,NA,NA,90788,04830,40,12,6,8,350.2451383642519,466.25151794957884
37189000009,NC,189,9,462,3,445,2,3,2,0,1,6,370,3,359,1,2,2,0,0,3,NA,NA,91008,04830,40,12,6,8,57.013066957665295,75.89663952544839
37189000010,NC,189,10,1459,22,1426,4,2,0,0,0,5,1136,9,1118,3,2,0,0,0,4,NA,04510,91744,04830,40,12,6,8,175.04552449704806,233.02319594840372
37189000011,NC,189,11,2673,43,2589,11,6,3,0,4,17,2046,35,1983,6,5,3,0,3,11,NA,NA,92032,04830,40,12,6,8,315.2668513388735,419.68790397045245
37189000012,NC,189,12,937,30,844,23,3,27,2,0,8,857,22,783,21,3,21,2,0,5,NA,07080,90332,04830,40,12,6,8,132.0545902235653,175.7930272251602
37189000013,NC,189,13,2471,38,2344,50,8,20,1,3,7,2150,35,2053,35,8,14,1,1,3,NA,07080,92276,04830,40,12,6,8,331.2921458350821,441.0210134586866
37189000014,NC,189,14,2200,89,2051,18,3,17,4,5,13,1796,70,1686,12,2,11,4,1,10,NA,07080,92276,04830,40,12,6,8,276.7445087999105,368.4063907775819
37189000015,NC,189,15,4177,81,3929,74,10,33,1,15,34,3352,57,3180,58,9,24,1,6,17,NA,07080,92276,04830,40,12,6,8,516.5075687624164,687.5825288900081
37189000016,NC,189,16,222,2,219,0,1,0,0,0,0,166,1,164,0,1,0,0,0,0,NA,NA,92320,04830,40,12,6,8,25.578835445871455,34.05092476006603
37189000017,NC,189,17,675,11,658,0,0,1,0,1,4,520,6,510,0,0,1,0,1,2,NA,60505,92916,04830,40,12,6,8,80.12647248104312,106.66554744117072
37189000018,NC,189,18,2061,31,1974,18,8,9,0,10,11,1580,24,1518,14,6,5,0,5,8,NA,NA,93152,04830,40,12,6,8,243.46120484624637,324.09916337894174
37189000019,NC,189,19,2914,29,2831,18,6,5,0,3,22,2326,24,2265,13,3,5,0,1,15,NA,60505,93912,04830,40,12,6,8,358.41187498251213,477.12319874646744
37189000020,NC,189,20,297,3,286,0,0,0,0,0,8,259,2,249,0,0,0,0,0,8,NA,04510,91744,04830,40,12,6,8,39.9091468703657,53.12764766781387
37191000001,NC,191,1,3564,90,2480,943,19,14,0,2,16,2647,44,1896,681,10,8,0,0,8,NA,24900,92200,04880,77,8,9,6,96,285
37191000002,NC,191,2,4224,144,3218,804,15,13,0,4,26,3043,80,2381,553,11,8,0,2,8,9635,21960,92200,04880,77,8,11,6,603,558
37191000003,NC,191,3,3776,189,3204,332,11,17,0,4,19,2758,126,2391,209,8,13,0,0,11,9635,NA,91136,04880,77,8,9,6,100.9368227356369,370.1956655080761
37191000004,NC,191,4,4438,88,3697,567,9,43,0,6,28,3234,47,2731,398,8,38,0,2,10,9635,51780,90428,04880,77,8,9,6,174,609
37191000005,NC,191,5,3738,60,3310,287,8,39,4,3,27,2753,41,2458,197,6,32,4,0,15,9635,26880,93138,04880,77,8,9,6,160.36392582880688,468.4586064806144
37191000006,NC,191,6,3421,57,2302,969,6,41,4,1,41,2597,37,1811,689,6,35,1,1,17,9635,26880,93138,04880,11,8,9,6,151.27683086720359,441.91318598988573
37191000007,NC,191,7,4991,106,3745,1029,11,48,1,7,44,3546,63,2726,689,10,39,1,1,17,NA,26880,92848,04880,77,8,11,4,233,659
37191000008,NC,191,8,3931,100,3419,349,18,19,2,6,18,2909,67,2558,239,14,14,2,1,14,NA,41540,91136,04880,77,8,9,6,106.46309548149664,390.46381108157846
37191000009,NC,191,9,5042,141,3300,1499,38,27,0,1,36,4115,97,2608,1332,36,23,0,1,18,9635,26880,91136,04880,77,8,9,6,150.60008178286648,552.3405234103456
37191000010,NC,191,10,3039,30,730,2223,4,9,4,1,38,2158,15,620,1487,4,7,2,0,23,9635,26880,91260,04880,97,8,11,4,397.9565671739272,397.181372869179
37191000011,NC,191,11,3140,61,1538,1436,3,50,0,2,50,2432,44,1345,972,2,38,0,0,31,9635,26880,91260,04880,97,8,9,4,141.66548042704625,413.8362989323843
37191000012,NC,191,12,3797,108,2350,1114,10,157,0,7,51,2896,77,1877,796,7,120,0,0,19,9635,26880,93138,04880,11,8,11,4,168.69376287694325,492.7919085971156
37191000013,NC,191,13,3219,239,1431,1433,12,56,3,3,42,2269,156,1018,1024,10,39,3,0,19,9635,26880,92256,04880,11,8,9,4,418.42606622689567,417.6109986284371
37191000014,NC,191,14,3167,147,2658,290,4,41,1,0,26,2398,100,2037,209,3,32,1,0,16,NA,70820,92256,04880,11,8,9,6,442.21494350466986,441.3535366729802
37191000015,NC,191,15,4851,927,3255,587,10,32,0,6,34,3577,601,2501,417,9,27,0,4,18,9635,60540,91576,04880,11,8,9,6,659.6342172294428,658.3492913591535
37191000016,NC,191,16,3560,124,2644,708,12,35,0,4,33,2685,85,2078,465,10,27,0,1,19,9635,41540,90384,04880,11,8,9,6,409.5330908515853,540.3119316834031
37191000017,NC,191,17,3174,115,651,2320,9,24,0,2,53,2335,93,612,1572,7,17,0,2,32,9635,26880,91260,04880,97,8,11,4,430.5971197178499,429.75834367448243
37191000018,NC,191,18,3006,67,682,2201,5,8,1,1,41,2162,52,584,1489,3,6,1,1,26,9635,26880,91260,04880,11,8,11,4,398.6942067794396,397.91757559924235
37191000019,NC,191,19,3440,92,1061,2201,24,27,0,4,31,2712,64,784,1808,20,22,0,2,12,9635,26880,91260,04880,97,8,11,4,500.1196525373914,499.14545098295343
37191000020,NC,191,20,2984,41,398,2509,5,8,0,2,21,2049,23,334,1668,5,7,0,2,10,9635,26880,91260,04880,11,8,11,4,377.855887923715,377.1198484749526
37191000021,NC,191,21,3227,83,1631,1395,9,49,0,7,53,2301,44,1255,926,4,43,0,3,26,9635,26880,91260,04880,11,8,11,4,424.3271830709947,423.5006204689439
37191000022,NC,191,22,2987,72,1866,890,11,79,3,7,59,2390,49,1632,594,9,65,2,7,32,9635,26880,91260,04880,11,8,9,4,440.73966429364515,439.8811312128535
37191000023,NC,191,23,5803,356,3792,1313,38,128,9,25,142,3952,207,2699,854,24,98,6,5,59,9635,21130,92256,04880,11,8,9,4,728.7879302462283,727.368297302593
37191000024,NC,191,24,3959,187,3510,225,7,6,0,1,23,2960,127,2654,154,5,4,0,0,16,NA,NA,91280,04880,11,8,9,6,281,657
37191000025,NC,191,25,3291,84,2402,771,8,7,1,1,17,2653,55,1992,580,6,6,1,0,13,9635,45100,90384,04880,11,8,9,6,404.65224954534676,533.8724598719064
37191000026,NC,191,26,3986,381,1755,1786,11,14,0,9,30,2823,246,1335,1195,10,13,0,5,19,9635,08110,90384,04880,97,8,9,4,430.5817189847395,568.0821538704831
37191000027,NC,191,27,3254,225,1005,1951,20,10,0,0,43,2340,159,782,1354,10,9,0,0,26,9635,08110,90384,04880,97,8,9,4,356.9115205187001,470.8863762157033
37191000028,NC,191,28,6514,1103,3520,1780,22,39,0,2,48,4528,709,2653,1094,18,29,0,0,25,9635,26880,91576,04880,11,8,9,6,288,597
37191000029,NC,191,29,2915,75,1515,1250,6,19,1,8,41,2319,53,1349,866,4,15,1,4,27,9635,26880,91260,04880,11,8,11,4,427.64656129580044,426.813532754229
37191000030,NC,191,30,2891,112,687,2068,6,4,0,0,14,2146,79,543,1506,6,2,0,0,10,9635,45100,90384,04880,97,8,9,6,327.32142009962837,431.84707835850395
37193000001,NC,193,1,1104,25,1002,74,2,0,0,0,1,803,19,728,54,1,0,0,0,1,NA,NA,90072,04950,41,27,6,8,179,191
37193000002,NC,193,2,2132,24,1831,259,4,5,0,1,8,1625,13,1396,204,3,4,0,0,5,NA,NA,90324,04950,41,27,6,8,331,435
37193000003,NC,193,3,524,5,507,10,0,0,0,0,2,426,5,415,4,0,0,0,0,2,NA,NA,90408,04950,41,27,6,8,59,161
37193000004,NC,193,4,2641,283,2337,7,3,2,0,3,6,2114,207,1893,5,3,1,0,0,5,NA,15440,92332,04950,41,27,6,8,269.5023989033585,554.7016221156043
37193000005,NC,193,5,1612,25,1547,37,2,0,0,0,1,1245,16,1195,32,1,0,0,0,1,NA,57700,90976,04950,41,27,6,8,207.5766248153619,424.807976366322
37193000006,NC,193,6,1473,38,1323,106,1,1,0,0,4,1122,27,1005,86,1,1,0,0,2,NA,NA,90976,04950,41,27,6,8,187.06905465288037,382.8389955686854
37193000007,NC,193,7,3876,49,3795,13,1,4,0,0,14,3049,32,2994,11,1,2,0,0,9,NA,52920,90976,04950,41,27,6,8,508.35432053175776,1040.3530280649925
37193000008,NC,193,8,2740,157,2227,316,6,11,0,3,20,2120,99,1754,241,5,8,0,1,12,NA,22380,92332,04950,41,27,6,8,508.8695295685149,810.0194731987291
37193000010,NC,193,10,457,0,452,0,0,3,0,0,2,375,0,370,0,0,3,0,0,2,NA,NA,91664,04950,41,27,6,8,60,110
37193000011,NC,193,11,2706,59,2617,2,0,17,0,4,7,2105,41,2043,2,0,12,0,2,5,NA,43160,92628,04950,41,27,6,8,268.35503769705275,552.3400731094357
37193000012,NC,193,12,2800,137,2521,104,0,6,0,1,31,2144,84,1957,83,0,5,0,0,15,NA,44280,92116,04950,41,27,6,8,294,687
37193000014,NC,193,14,943,4,930,1,1,0,0,1,6,770,3,759,1,1,0,0,1,5,NA,NA,92184,04950,41,27,6,8,91.56255377731888,270.97745654792635
37193000015,NC,193,15,1715,29,1674,7,0,0,0,2,3,1343,15,1319,4,0,0,0,2,3,NA,45560,92184,04950,41,27,6,8,159.6993632765445,472.626914472552
37193000016,NC,193,16,3651,29,3576,19,4,5,0,0,18,2776,21,2728,12,1,4,0,0,10,NA,45560,92184,04950,41,27,6,8,330.10084322835996,976.926518671485
37193000017,NC,193,17,1689,66,1520,84,6,1,0,0,12,1325,43,1205,65,4,1,0,0,7,NA,52920,92236,04950,41,27,6,8,217,400
37193000018,NC,193,18,4114,464,2977,564,13,30,1,9,56,3137,286,2395,381,12,27,1,3,32,NA,47880,92332,04950,41,27,6,8,752.9828840832223,1198.5995695398176
37193000019,NC,193,19,5902,172,5685,7,6,3,0,5,24,4535,113,4389,6,4,3,0,1,19,NA,43160,92628,04950,41,27,6,8,578.1425633995888,1189.95830477496
37193000020,NC,193,20,2827,47,2752,13,0,8,1,0,6,2161,30,2113,9,0,7,1,0,1,NA,30340,92720,04950,41,27,6,8,287.7457969065232,692.2369423895988
37193000021,NC,193,21,3048,33,2920,65,9,1,0,0,20,2300,22,2217,48,5,1,0,0,7,NA,47880,92720,04950,41,27,6,8,306.2542030934768,736.7630576104012
37193000022,NC,193,22,989,4,976,1,3,1,0,0,4,760,2,752,1,3,1,0,0,1,NA,NA,93024,04950,41,27,6,8,56,415
37193000023,NC,193,23,1249,15,1214,12,2,0,0,0,6,940,11,911,11,1,0,0,0,6,NA,NA,93756,04950,41,27,6,8,76.4,290.40000000000003
37193000024,NC,193,24,1832,15,1799,8,1,0,0,0,9,1410,13,1380,8,1,0,0,0,8,NA,NA,93756,04950,41,27,6,8,114.6,435.59999999999997
37193000025,NC,193,25,1178,7,1162,1,0,0,0,2,6,922,6,908,1,0,0,0,2,5,NA,NA,93820,04950,41,27,6,8,109.63723971777662,324.4691103080365
37193000026,NC,193,26,1258,21,1226,1,1,0,0,0,9,933,14,911,0,1,0,0,0,7,NA,NA,93888,04950,41,27,6,8,65,256
37193000027,NC,193,27,3171,131,2614,318,6,86,0,2,14,2530,100,2137,228,6,54,0,2,3,NA,74020,94012,04950,41,27,6,8,607.2829763246899,966.674182638106
37193000028,NC,193,28,3999,240,3302,399,7,20,2,1,28,3145,169,2615,317,6,18,2,1,17,NA,47880,94012,04950,41,27,6,8,55,149
37193000029,NC,193,29,2595,159,2215,199,3,9,2,0,8,1970,100,1715,142,3,5,2,0,3,NA,44280,94012,04950,41,27,6,8,472.8646100235728,752.7067746233473
37193MPFCRU,NC,193,MPFCRU,3407,24,3276,92,3,0,0,1,11,2731,19,2621,79,3,0,0,1,8,NA,NA,91012,04950,41,27,6,8,120,213
371950000BL,NC,195,BL,3590,86,3056,393,2,17,1,0,35,2724,45,2365,274,2,15,1,0,22,NA,06080,90276,05020,71,10,11,6,202,607
371950000CR,NC,195,CR,3553,117,2814,583,4,10,1,0,24,2683,71,2181,406,3,8,1,0,13,NA,39600,90840,05020,71,11,12,6,248,538
371950000GA,NC,195,GA,3376,112,1872,1378,2,1,2,0,9,2486,63,1445,970,2,1,2,0,3,NA,NA,91208,05020,71,6,11,4,330,384
371950000OL,NC,195,OL,3669,346,2734,559,6,7,0,0,17,2768,209,2129,413,2,7,0,0,8,NA,74540,92380,05020,71,11,12,6,422,631
371950000SA,NC,195,SA,1773,84,961,716,3,2,0,0,7,1350,46,750,547,2,2,0,0,3,NA,59340,92840,05020,71,10,11,4,264,253
371950000SP,NC,195,SP,2739,165,1855,684,10,4,0,4,17,2039,102,1425,489,8,4,0,0,11,NA,35540,93084,05020,71,11,12,6,312,292
371950000ST,NC,195,ST,1891,125,1081,674,1,3,0,3,4,1434,91,875,462,1,2,0,1,2,NA,64560,93096,05020,71,10,11,6,241,258
371950000TA,NC,195,TA,4615,44,3883,605,13,31,0,3,36,3504,33,2991,428,11,19,0,2,20,NA,74540,93220,05020,72,11,12,6,255,622
371950000TO,NC,195,TO,5439,103,2967,2320,15,1,2,2,29,4012,60,2362,1561,10,1,1,0,17,NA,20980,93244,05020,70,10,11,4,625,675
371950000WA,NC,195,WA,2629,354,726,1517,5,7,0,8,12,2016,271,678,1043,5,6,0,5,8,NA,74540,94048,05020,70,10,11,4,362.78786740539016,392.4469903277303
371950000WB,NC,195,WB,3063,459,266,2307,7,2,0,5,17,2158,295,247,1590,7,2,0,1,16,NA,74540,94048,05020,70,6,11,4,388.34137790715874,420.0895858766081
371950000WC,NC,195,WC,2829,180,523,2088,0,8,0,3,27,1981,116,464,1383,0,4,0,1,13,NA,74540,94048,05020,72,10,11,4,356.48946692960214,385.6336745234294
371950000WD,NC,195,WD,2123,33,1913,167,0,1,1,1,7,1650,21,1503,118,0,1,1,1,5,NA,74540,94048,05020,72,10,12,6,296.9245938585783,321.1991736313269
371950000WE,NC,195,WE,2574,133,1096,1324,3,2,2,0,14,1880,99,934,834,2,0,0,0,11,NA,74540,94048,05020,70,6,11,4,338.314082699471,365.9723917738755
371950000WF,NC,195,WF,3677,791,779,2071,8,4,2,3,19,2575,529,641,1375,6,4,1,2,17,NA,74540,94048,05020,70,6,11,4,463.3823207186903,501.26537703070716
371950000WG,NC,195,WG,1153,88,16,1046,2,0,0,0,1,854,63,11,777,2,0,0,0,1,NA,74540,94048,05020,70,6,11,4,153.68097160922778,166.2449056249413
371950000WH,NC,195,WH,2346,554,30,1740,11,0,0,2,9,1653,375,25,1235,11,0,0,2,5,NA,74540,94048,05020,70,6,11,4,297.46445675650295,321.7831721288384
371950000WI,NC,195,WI,3094,139,1416,1485,14,17,0,2,21,2306,83,1189,1006,8,14,0,1,5,NA,74540,94048,05020,72,10,11,4,414.97461420477663,448.90017842050895
371950000WJ,NC,195,WJ,3590,67,2648,795,11,15,1,6,47,2929,49,2256,568,10,14,1,2,29,NA,74540,94048,05020,72,11,12,6,527.0861426738035,570.1771997370646
371950000WK,NC,195,WK,1978,27,1742,179,4,23,1,0,2,1568,12,1408,127,2,16,1,0,2,NA,74540,94048,05020,72,11,12,6,282.16834131530345,305.23654803267914
371950000WL,NC,195,WL,2951,25,2364,493,6,39,0,3,21,2185,16,1803,321,5,29,0,1,10,NA,74540,94048,05020,72,11,12,6,393.2001439884809,425.34557235421164
371950000WM,NC,195,WM,4282,71,2736,1346,11,64,1,1,52,3244,53,2221,879,10,49,1,1,30,NA,74540,94048,05020,72,10,11,6,583.7717469558958,631.4970419757724
371950000WN,NC,195,WN,3355,145,274,2892,4,15,0,4,21,2308,89,242,1941,4,13,0,2,17,NA,74540,94048,05020,70,6,11,4,415.33452280339316,449.28951075218333
371950000WP,NC,195,WP,2038,29,1735,235,2,13,0,0,24,1547,18,1333,177,2,9,0,0,8,NA,74540,94048,05020,72,11,12,6,278.3893010298307,301.1485585500986
371950000WQ,NC,195,WQ,1487,180,11,1289,0,0,0,0,7,1093,124,11,954,0,0,0,0,4,NA,74540,94048,05020,70,6,11,4,196.69004914389458,212.77011926002442
3719700BNVL,NC,197,BNVL,3883,165,3470,207,6,5,2,6,22,2943,91,2675,149,3,5,1,3,16,NA,07140,90340,05040,41,27,6,8,362.9770984081042,830.1943198263386
3719700DCRK,NC,197,DCRK,2838,264,2523,9,12,4,0,1,25,2093,159,1901,7,7,3,0,0,16,NA,NA,90892,05040,41,27,6,8,258.14171490593344,590.4168234442836
3719700EBND,NC,197,EBND,3383,192,3083,55,10,16,0,2,25,2508,112,2314,44,8,11,0,2,17,NA,19320,90952,05040,41,27,6,8,309.3260492040521,707.4846599131693
3719700FBSH,NC,197,FBSH,3695,122,3427,123,9,2,1,0,11,2801,74,2621,93,7,2,1,0,3,NA,38040,91128,05040,41,27,6,8,345.46342257597684,790.1373733719248
3719700NBCK,NC,197,NBCK,2330,293,2024,6,1,4,0,0,2,1741,181,1549,5,1,4,0,0,1,NA,NA,92302,05040,41,27,6,8,214.7275325615051,491.1207308248915
3719700NFAL,NC,197,NFAL,1433,19,1399,9,2,2,0,0,2,1087,16,1059,8,2,1,0,0,1,NA,NA,92314,05040,41,27,6,8,134.06595513748192,306.63310419681625
3719700NKNB,NC,197,NKNB,4461,193,3820,401,1,6,0,3,37,3451,121,3020,279,1,5,0,1,24,NA,34840,92321,05040,41,27,6,8,425.6316570188133,973.4966353111432
3719700NLIB,NC,197,NLIB,5770,704,4747,281,2,10,2,0,24,4446,403,3798,222,2,9,1,0,11,NA,75960,92322,05040,41,27,6,8,548.3507235890014,1254.1773516642547
3719700SBCK,NC,197,SBCK,1293,116,1163,3,3,3,0,0,5,937,78,848,3,3,2,0,0,3,NA,NA,93030,05040,41,27,6,8,115.56559334298119,264.31942836468886
3719700SFAL,NC,197,SFAL,2442,71,2314,31,2,5,0,0,19,1864,47,1775,27,2,2,0,0,11,NA,NA,93034,05040,41,27,6,8,229.89782923299563,525.8179450072358
3719700SKNB,NC,197,SKNB,1729,77,1641,8,1,0,0,0,2,1370,44,1315,8,1,0,0,0,2,NA,NA,93041,05040,41,27,6,8,168.96997105643993,386.4649059334298
3719700SLIB,NC,197,SLIB,3091,141,2835,86,6,4,0,1,18,2399,84,2229,66,6,4,0,1,9,NA,NA,93042,05040,41,27,6,8,295.88245296671494,676.7367221418235
37199000001,NC,199,1,4408,252,4020,74,9,14,0,1,38,3501,165,3234,59,5,11,0,1,26,NA,09140,90456,05070,49,28,7,1,949,904
37199000002,NC,199,2,1539,11,1517,0,2,0,0,0,9,1182,6,1166,0,2,0,0,0,8,NA,NA,90492,05070,49,28,7,1,257,290
37199000003,NC,199,3,677,0,674,0,2,1,0,0,0,559,0,557,0,1,1,0,0,0,NA,NA,90980,05070,49,28,7,1,165,164
37199000004,NC,199,4,555,16,536,1,0,0,0,0,2,466,14,449,1,0,0,0,0,2,NA,NA,92616,05070,49,28,7,1,125,156
37199000005,NC,199,5,637,5,623,0,5,2,0,2,0,485,5,475,0,3,2,0,0,0,NA,NA,91312,05070,49,28,7,1,251,157
37199000006,NC,199,6,1688,23,1627,20,4,0,0,0,14,1293,16,1253,14,1,0,0,0,9,NA,NA,91612,05070,49,28,7,1,403,214
37199000007,NC,199,7,531,0,526,1,0,0,0,3,1,411,0,406,1,0,0,0,3,1,NA,NA,90400,05070,49,28,7,1,116,83
37199000008,NC,199,8,3148,22,3107,4,2,0,0,1,12,2479,16,2448,3,1,0,0,1,10,NA,NA,90804,05070,49,28,7,1,636,751
37199000009,NC,199,9,2419,58,2338,1,10,3,0,0,9,1893,29,1850,0,7,3,0,0,4,NA,NA,93056,05070,49,28,7,1,438,475
37199000010,NC,199,10,707,3,700,0,1,0,0,0,3,566,3,561,0,1,0,0,0,1,NA,NA,92476,05070,49,28,7,1,69,176
37199000011,NC,199,11,1465,88,1365,0,3,2,0,0,7,1163,50,1103,0,3,2,0,0,5,NA,NA,92572,05070,49,28,7,1,235,356
