GEOID,state,county,vtd,pop,pop_hisp,pop_white,pop_black,pop_aian,pop_asian,pop_nhpi,pop_other,pop_two,vap,vap_hisp,vap_white,vap_black,vap_aian,vap_asian,vap_nhpi,vap_other,vap_two,ai_an_nh,place,mcd,school,shd,ssd,cd_1990,cd_2000,ndv,nrv
35001000001,NM,001,1,1452,459,862,40,39,17,2,2,31,1049,300,665,23,32,10,1,0,18,NA,02000,90060,00060,029,023,3,2,NA,NA
35001000002,NM,001,2,4196,1495,2222,140,167,65,1,10,96,2952,970,1661,94,122,50,1,7,47,NA,02000,90060,00060,029,023,3,3,NA,NA
35001000003,NM,001,3,2371,564,1638,42,57,26,3,5,36,1940,409,1392,36,45,26,3,5,24,3370,02000,90060,00060,029,010,1,3,NA,NA
35001000004,NM,001,4,730,147,562,4,2,3,0,0,12,564,90,457,4,2,3,0,0,8,NA,43930,90060,00060,015,010,1,3,NA,NA
35001000005,NM,001,5,1356,502,816,2,4,7,2,5,18,1041,362,655,1,4,4,2,1,12,NA,43930,90060,00060,015,010,1,3,NA,NA
35001000006,NM,001,6,1775,760,958,12,17,3,1,0,24,1363,540,785,10,11,3,1,0,13,3370,52750,90060,00060,015,010,1,3,NA,NA
35001000007,NM,001,7,1980,1126,739,16,60,5,0,0,34,1467,804,583,12,38,3,0,0,27,NA,52750,90060,00060,015,010,1,3,NA,NA
35001000008,NM,001,8,713,444,227,2,19,8,0,0,13,523,320,182,2,10,5,0,0,4,NA,52750,90060,00060,015,010,1,3,NA,NA
35001000009,NM,001,9,1216,730,441,10,27,0,0,0,8,928,528,370,7,19,0,0,0,4,NA,52750,90060,00060,015,010,1,3,NA,NA
35001000010,NM,001,10,2322,934,1141,47,140,14,2,4,40,1707,622,925,32,93,9,2,3,21,3370,02000,90060,00060,015,010,1,3,NA,NA
35001000011,NM,001,11,1280,638,609,6,10,6,0,0,11,978,473,482,4,9,5,0,0,5,NA,02000,90060,00060,015,013,1,3,NA,NA
35001000012,NM,001,12,1136,532,560,3,24,6,0,0,11,870,386,451,3,16,6,0,0,8,NA,02000,90060,00060,015,010,1,3,NA,NA
35001000013,NM,001,13,1024,257,722,6,3,12,0,2,22,748,183,540,5,3,9,0,0,8,NA,02000,90060,00060,015,010,1,3,NA,NA
35001000014,NM,001,14,1759,1068,613,11,43,5,1,1,17,1255,704,506,8,23,2,1,1,10,NA,52750,90060,00060,017,013,1,3,NA,NA
35001000015,NM,001,15,1770,901,795,15,29,3,1,3,23,1354,609,700,7,18,3,1,3,13,NA,02000,90060,00060,017,013,1,3,NA,NA
35001000016,NM,001,16,976,502,431,9,12,8,1,0,13,744,351,361,6,7,8,1,0,10,NA,52750,90060,00060,015,013,1,3,NA,NA
35001000017,NM,001,17,1498,664,777,8,20,15,0,0,14,1180,487,646,6,19,13,0,0,9,NA,43930,90060,00060,015,010,1,3,NA,NA
35001000018,NM,001,18,1886,1199,605,15,39,5,1,4,18,1458,889,510,9,33,3,1,3,10,NA,02000,90060,00060,015,010,1,3,NA,NA
35001000020,NM,001,20,1258,548,589,33,51,10,6,0,21,827,330,428,20,30,7,2,0,10,NA,02000,90060,00060,029,023,1,3,NA,NA
35001000021,NM,001,21,2580,958,1450,65,36,38,3,1,29,1957,673,1149,53,28,28,3,1,22,NA,02000,90060,00060,029,026,1,3,NA,NA
35001000022,NM,001,22,1588,712,758,34,37,13,0,7,27,1147,502,568,28,26,10,0,4,9,NA,02000,90060,00060,029,026,1,3,NA,NA
35001000023,NM,001,23,2090,1053,854,61,45,24,3,0,50,1465,657,674,46,32,22,3,0,31,NA,02000,90060,00060,016,026,1,3,NA,NA
35001000024,NM,001,24,2684,1145,1362,50,81,18,0,0,28,1872,727,1016,37,58,17,0,0,17,NA,02000,90060,00060,016,026,1,3,NA,NA
35001000025,NM,001,25,1125,458,573,31,26,6,1,2,28,766,292,416,22,16,6,1,0,13,NA,02000,90060,00060,016,026,1,3,NA,NA
35001000026,NM,001,26,1628,908,596,43,39,21,5,1,15,1169,593,491,35,22,17,3,1,7,NA,02000,90060,00060,016,026,1,3,NA,NA
35001000027,NM,001,27,1742,878,600,84,108,28,1,2,41,1362,641,534,49,80,22,1,1,34,NA,02000,90060,00060,016,026,1,3,NA,NA
35001000028,NM,001,28,1791,1058,476,80,119,20,0,1,37,1241,699,381,48,73,17,0,1,22,NA,02000,90060,00060,016,026,1,3,NA,NA
35001000029,NM,001,29,5424,2869,1937,244,183,85,3,4,99,3981,2041,1481,191,137,72,2,1,56,1840,02000,90060,00060,016,026,1,3,NA,NA
35001000030,NM,001,30,917,397,405,24,62,4,0,0,25,684,251,358,18,39,4,0,0,14,NA,02000,90060,00060,016,013,1,3,NA,NA
35001000031,NM,001,31,1545,84,16,1,1437,0,0,0,7,903,39,12,0,848,0,0,0,4,2430,NA,90330,00060,065,022,2,1,NA,NA
35001000032,NM,001,32,2225,1767,290,77,55,15,2,0,19,1426,1109,224,43,34,9,2,0,5,NA,02000,90060,00060,013,026,1,3,NA,NA
35001000033,NM,001,33,2350,1915,280,68,46,5,1,12,23,1667,1337,221,54,28,4,1,7,15,NA,02000,90060,00060,013,026,1,3,NA,NA
35001000034,NM,001,34,1672,1358,189,67,37,3,0,1,17,1095,876,145,42,23,2,0,1,6,NA,02000,90060,00060,016,026,1,3,NA,NA
35001000035,NM,001,35,1152,866,199,24,40,1,0,7,15,798,568,172,16,27,1,0,4,10,NA,02000,90060,00060,016,026,1,3,NA,NA
35001000036,NM,001,36,1388,1170,156,30,17,6,0,0,9,986,810,132,20,14,4,0,0,6,NA,02000,90060,00060,016,026,1,3,NA,NA
35001000037,NM,001,37,1581,1180,344,13,23,8,1,0,12,1211,876,296,10,13,5,1,0,10,NA,02000,90060,00060,016,026,1,3,NA,NA
35001000038,NM,001,38,1805,1496,216,50,25,6,0,4,8,1281,1042,181,31,14,5,0,2,6,NA,02000,90060,00060,016,026,1,3,NA,NA
35001000039,NM,001,39,1817,1087,615,50,38,7,0,1,19,1290,701,508,35,28,6,0,1,11,NA,02000,90060,00060,016,026,1,3,NA,NA
35001000040,NM,001,40,1657,1406,173,33,24,5,1,1,14,1213,1010,147,27,18,3,1,1,6,NA,02000,90060,00060,016,026,1,3,NA,NA
35001000041,NM,001,41,4952,3541,953,185,167,35,0,4,67,3228,2173,731,132,121,31,0,2,38,NA,02000,90060,00060,013,011,1,3,NA,NA
35001000042,NM,001,42,1410,1120,199,51,25,4,0,0,11,944,726,154,34,17,4,0,0,9,NA,02000,90060,00060,013,011,1,3,NA,NA
35001000043,NM,001,43,2814,2425,302,33,22,6,0,2,24,1948,1639,246,23,21,4,0,1,14,NA,74520,90060,00060,013,011,1,3,NA,NA
35001000044,NM,001,44,3337,2811,440,18,40,3,0,2,23,2224,1801,353,18,31,2,0,2,17,NA,74520,90060,00060,013,011,1,3,NA,NA
35001000045,NM,001,45,1461,1326,116,2,11,4,0,0,2,1051,933,102,1,9,4,0,0,2,NA,74520,90060,00060,013,012,1,3,NA,NA
35001000046,NM,001,46,2158,1837,253,5,19,11,0,3,30,1534,1290,198,3,9,11,0,3,20,NA,74520,90060,00060,014,026,1,3,NA,NA
35001000047,NM,001,47,607,475,105,6,20,0,0,0,1,439,334,89,4,12,0,0,0,0,NA,02000,90060,00060,014,026,1,3,NA,NA
35001000048,NM,001,48,2189,1869,239,26,27,20,0,0,8,1500,1232,202,21,24,15,0,0,6,NA,02000,90060,00060,013,026,1,3,NA,NA
35001000049,NM,001,49,4687,3694,627,126,173,4,2,11,50,2899,2228,452,78,104,4,2,6,25,NA,02000,90060,00060,013,011,1,3,NA,NA
35001000050,NM,001,50,2802,2138,433,86,103,5,0,1,36,1805,1318,337,58,71,4,0,1,16,NA,02000,90060,00060,013,011,1,3,NA,NA
35001000051,NM,001,51,1856,1539,102,83,112,6,0,0,14,1164,974,74,47,57,5,0,0,7,NA,02000,90060,00060,013,026,1,3,NA,NA
35001000052,NM,001,52,1849,1452,254,62,36,6,0,2,37,1189,911,191,43,24,6,0,0,14,NA,02000,90060,00060,013,011,1,3,NA,NA
35001000053,NM,001,53,1201,989,136,30,30,5,1,0,10,756,606,97,22,23,3,0,0,5,NA,02000,90060,00060,013,011,1,3,NA,NA
35001000054,NM,001,54,4229,3514,555,32,80,9,0,4,35,2609,2090,422,24,42,9,0,4,18,NA,02000,90060,00060,012,011,1,3,NA,NA
35001000055,NM,001,55,3877,2678,736,166,206,35,2,2,52,2643,1742,599,112,128,32,2,2,26,NA,02000,90060,00060,016,026,1,3,NA,NA
35001000061,NM,001,61,1453,1214,205,3,13,0,0,4,14,1037,836,178,3,9,0,0,4,7,NA,74520,90060,00060,014,012,1,3,NA,NA
35001000062,NM,001,62,1207,1053,124,4,11,0,1,1,13,845,713,108,3,10,0,1,1,9,NA,02000,90060,00060,014,012,1,3,NA,NA
35001000063,NM,001,63,1217,991,166,32,6,3,1,0,18,864,681,141,24,6,3,0,0,9,NA,74520,90060,00060,014,014,1,3,NA,NA
35001000064,NM,001,64,694,551,126,2,8,2,1,1,3,532,407,112,1,5,2,1,1,3,NA,74520,90060,00060,014,012,1,3,NA,NA
35001000065,NM,001,65,1453,1211,197,15,19,4,1,0,6,1010,815,163,13,13,2,1,0,3,NA,74520,90060,00060,014,012,1,3,NA,NA
35001000066,NM,001,66,1489,1155,279,6,22,14,0,0,13,1095,812,240,5,18,11,0,0,9,NA,74520,90060,00060,012,011,1,3,NA,NA
35001000067,NM,001,67,2409,2098,213,39,36,2,4,0,17,1629,1382,188,24,22,2,2,0,9,NA,74520,90060,00060,014,011,1,3,NA,NA
35001000071,NM,001,71,2412,1988,352,30,30,2,3,2,5,1681,1364,268,17,22,2,1,2,5,NA,74520,90060,00060,012,011,1,3,NA,NA
35001000072,NM,001,72,1395,1223,130,14,19,0,0,0,9,931,802,104,9,8,0,0,0,8,NA,74520,90060,00060,012,011,1,3,NA,NA
35001000073,NM,001,73,2188,1570,543,14,27,5,1,0,28,1518,1025,448,10,17,4,0,0,14,NA,74520,90060,00060,012,011,1,3,NA,NA
35001000074,NM,001,74,1583,1136,389,8,19,1,0,11,19,1098,745,313,6,12,1,0,9,12,NA,74520,90060,00060,012,011,1,3,NA,NA
35001000075,NM,001,75,744,586,134,8,9,2,0,0,5,528,395,114,8,6,2,0,0,3,NA,74520,90060,00060,012,011,1,3,NA,NA
35001000076,NM,001,76,1047,712,297,26,3,0,1,0,8,749,464,257,21,3,0,0,0,4,NA,74520,90060,00060,012,011,1,3,NA,NA
35001000077,NM,001,77,1732,1372,311,10,17,9,0,1,12,1223,929,257,9,13,6,0,1,8,NA,74520,90060,00060,010,011,1,3,NA,NA
35001000080,NM,001,80,3283,1100,1901,82,70,44,1,3,82,2263,694,1398,56,41,32,1,2,39,NA,02000,90060,00060,029,023,3,2,NA,NA
35001000081,NM,001,81,1564,604,879,15,41,6,4,2,13,1020,371,599,11,27,6,2,0,4,NA,02000,90330,00060,029,023,1,3,NA,NA
35001000082,NM,001,82,1820,603,1103,33,17,24,6,5,29,1238,365,800,24,11,18,3,3,14,NA,02000,90060,00060,029,023,1,3,NA,NA
35001000083,NM,001,83,3737,1217,1744,70,580,62,1,5,58,2938,873,1387,53,538,48,1,4,34,NA,02000,90060,00060,029,023,1,3,NA,NA
35001000084,NM,001,84,1857,588,1101,50,52,30,1,5,30,1252,351,791,28,31,24,1,5,21,NA,02000,90060,00060,029,023,3,2,NA,NA
35001000085,NM,001,85,3122,877,1927,86,99,75,2,6,50,2316,584,1509,65,69,60,0,3,26,NA,02000,90060,00060,029,023,3,2,NA,NA
35001000086,NM,001,86,1618,1016,489,13,61,11,2,0,26,1170,702,389,7,48,7,2,0,15,3370,52750,90060,00060,015,010,1,3,NA,NA
35001000087,NM,001,87,5558,1839,3184,179,151,81,3,6,115,3978,1180,2452,119,105,62,2,5,53,NA,02000,90060,00060,029,023,3,3,NA,NA
35001000088,NM,001,88,3398,2343,828,71,108,5,1,0,42,2210,1430,649,46,61,5,1,0,18,1625,74520,90060,00060,012,011,1,3,NA,NA
35001000089,NM,001,89,3726,1101,2233,133,90,86,7,2,74,2800,759,1764,94,68,71,4,1,39,NA,02000,90060,00060,029,023,3,3,NA,NA
35001000090,NM,001,90,2180,1707,386,46,25,5,0,0,11,1472,1113,301,35,14,3,0,0,6,NA,02000,90060,00060,012,014,1,3,NA,NA
35001000091,NM,001,91,1909,1298,537,21,25,6,2,5,15,1321,848,421,12,19,5,1,4,11,NA,74520,90060,00060,012,014,1,3,NA,NA
35001000092,NM,001,92,1545,856,613,12,46,1,0,3,14,1137,564,513,9,39,1,0,1,10,NA,74520,90060,00060,010,014,1,3,NA,NA
35001000093,NM,001,93,2207,225,38,1,1876,4,0,0,63,1509,119,32,1,1322,2,0,0,33,1625,34760,91590,00060,010,014,2,1,NA,NA
35001000094,NM,001,94,484,420,54,6,3,1,0,0,0,338,288,44,3,3,0,0,0,0,NA,02000,90060,00060,010,014,1,3,NA,NA
35001000095,NM,001,95,1207,1095,65,23,13,1,0,0,10,781,704,48,16,10,1,0,0,2,NA,02000,90060,00060,010,014,1,3,NA,NA
35001000096,NM,001,96,1379,852,488,10,15,2,0,0,12,1010,579,406,9,8,1,0,0,7,1625,74520,90060,00060,010,014,1,3,NA,NA
35001000097,NM,001,97,1855,1112,660,27,20,2,0,4,30,1335,738,533,19,18,2,0,3,22,NA,74520,90060,00060,012,011,1,3,NA,NA
35001000098,NM,001,98,2743,2182,450,43,42,11,0,6,9,1804,1373,360,28,27,7,0,4,5,NA,74520,90060,00060,010,014,1,3,NA,NA
35001000099,NM,001,99,1744,1249,438,6,23,4,0,11,13,1245,853,354,3,15,4,0,7,9,1625,74520,90060,00060,010,014,1,3,NA,NA
35001000101,NM,001,101,1606,413,680,52,152,242,0,10,57,1326,313,611,41,109,206,0,8,38,NA,02000,90060,00060,018,012,1,3,NA,NA
35001000102,NM,001,102,807,367,297,50,61,5,0,2,25,620,263,260,35,39,5,0,2,16,NA,02000,90060,00060,018,014,1,3,NA,NA
35001000103,NM,001,103,1554,1086,234,120,62,31,2,1,18,1095,723,208,89,42,18,2,1,12,NA,02000,90060,00060,014,014,1,3,NA,NA
35001000104,NM,001,104,732,673,12,38,3,0,0,0,6,486,439,7,33,3,0,0,0,4,NA,02000,90060,00060,014,014,1,3,NA,NA
35001000105,NM,001,105,1061,991,16,45,8,0,0,0,1,694,636,15,36,6,0,0,0,1,NA,02000,90060,00060,010,014,1,3,NA,NA
35001000106,NM,001,106,1929,1298,105,458,32,6,1,4,25,1276,810,84,341,21,5,1,4,10,NA,02000,90060,00060,010,014,1,3,NA,NA
35001000107,NM,001,107,912,314,481,52,32,15,1,7,10,743,243,403,44,25,12,1,6,9,NA,02000,90060,00060,010,014,1,3,NA,NA
35001000111,NM,001,111,2363,1140,1037,35,78,38,0,0,35,1648,730,788,24,60,26,0,0,20,NA,02000,90060,00060,029,023,1,3,NA,NA
35001000112,NM,001,112,2481,912,1389,45,42,30,0,6,57,1655,584,957,27,31,25,0,3,28,NA,02000,90060,00060,029,023,1,3,NA,NA
35001000113,NM,001,113,1249,461,706,28,13,12,1,2,26,826,286,487,19,10,12,1,2,9,NA,02000,90060,00060,029,023,1,3,NA,NA
35001000114,NM,001,114,2804,928,1634,83,22,56,10,0,71,1787,563,1074,55,19,40,3,0,33,NA,02000,90060,00060,029,023,1,3,NA,NA
35001000120,NM,001,120,4309,2271,1609,176,110,69,4,7,63,3057,1498,1280,115,76,52,4,5,27,NA,02000,90060,00060,016,026,1,3,NA,NA
35001000121,NM,001,121,1118,337,706,8,33,17,1,1,15,934,261,616,8,23,13,1,1,11,NA,02000,90060,00060,014,012,1,3,NA,NA
35001000122,NM,001,122,440,159,247,3,14,1,2,2,12,383,126,230,1,11,1,1,1,12,NA,02000,90060,00060,014,012,1,3,NA,NA
35001000123,NM,001,123,1302,669,536,35,39,8,0,1,14,1048,460,505,29,32,8,0,1,13,NA,02000,90060,00060,014,012,1,3,NA,NA
35001000124,NM,001,124,650,333,169,9,124,2,0,4,9,540,245,156,9,119,1,0,3,7,NA,02000,90060,00060,014,012,1,3,NA,NA
35001000125,NM,001,125,790,284,440,15,27,13,0,1,10,722,246,420,15,24,9,0,1,7,NA,02000,90060,00060,011,012,1,3,NA,NA
35001000131,NM,001,131,1403,821,387,107,65,5,5,2,11,1315,757,371,107,60,5,4,2,9,NA,02000,90060,00060,011,012,1,3,NA,NA
35001000132,NM,001,132,582,312,196,26,27,7,2,0,12,484,245,182,23,18,6,2,0,8,NA,02000,90060,00060,011,012,1,3,NA,NA
35001000133,NM,001,133,1038,825,133,30,26,1,0,2,21,774,577,123,29,25,1,0,2,17,NA,02000,90060,00060,014,014,1,3,NA,NA
35001000135,NM,001,135,1610,1411,138,25,28,0,0,0,8,1127,967,119,18,17,0,0,0,6,NA,02000,90060,00060,014,014,1,3,NA,NA
35001000150,NM,001,150,1261,369,869,4,9,5,0,1,4,996,267,707,4,9,5,0,1,3,NA,02000,90060,00060,011,013,1,3,NA,NA
35001000151,NM,001,151,1147,825,274,4,30,0,0,0,14,889,614,243,1,22,0,0,0,9,NA,02000,90060,00060,011,013,1,3,NA,NA
35001000152,NM,001,152,761,445,293,4,11,0,0,1,7,621,349,257,1,8,0,0,1,5,NA,02000,90060,00060,011,013,1,3,NA,NA
35001000153,NM,001,153,1088,867,178,19,12,0,0,0,12,807,618,155,16,9,0,0,0,9,NA,02000,90060,00060,011,013,1,3,NA,NA
35001000154,NM,001,154,2218,1646,485,18,39,11,2,1,16,1607,1138,413,12,22,10,2,1,9,NA,02000,90060,00060,011,013,1,3,NA,NA
35001000161,NM,001,161,1624,1267,161,35,114,5,3,5,34,1024,769,119,24,89,4,1,1,17,NA,02000,90060,00060,011,012,1,3,NA,NA
35001000162,NM,001,162,835,523,266,4,22,6,0,0,14,704,419,247,4,15,6,0,0,13,NA,02000,90060,00060,011,013,1,3,NA,NA
35001000163,NM,001,163,714,539,136,10,14,2,0,4,9,556,398,125,8,13,2,0,2,8,NA,02000,90060,00060,011,012,1,3,NA,NA
35001000164,NM,001,164,957,725,178,8,28,1,1,1,15,736,531,163,5,24,1,0,1,11,NA,02000,90060,00060,011,012,1,3,NA,NA
35001000165,NM,001,165,644,279,314,12,18,2,0,2,17,557,226,288,11,17,2,0,2,11,NA,02000,90060,00060,011,012,1,3,NA,NA
35001000166,NM,001,166,551,235,272,10,26,4,0,1,3,477,188,253,10,18,4,0,1,3,NA,02000,90060,00060,011,012,1,3,NA,NA
35001000180,NM,001,180,328,78,246,0,0,3,0,0,1,242,51,188,0,0,2,0,0,1,NA,02000,90060,00060,015,013,1,3,NA,NA
35001000181,NM,001,181,1333,830,475,8,4,11,0,0,5,1038,611,405,5,3,11,0,0,3,NA,02000,90060,00060,017,013,1,3,NA,NA
35001000182,NM,001,182,866,572,248,17,15,0,0,0,14,672,423,213,9,14,0,0,0,13,NA,02000,90060,00060,017,013,1,3,NA,NA
35001000183,NM,001,183,1476,812,598,12,22,5,1,0,26,1136,584,506,7,16,5,1,0,17,NA,02000,90060,00060,017,013,1,3,NA,NA
35001000184,NM,001,184,649,280,355,2,2,4,0,0,6,519,202,309,0,1,3,0,0,4,NA,02000,90060,00060,017,013,1,3,NA,NA
35001000185,NM,001,185,1589,712,823,9,25,6,0,0,14,1227,524,660,6,19,4,0,0,14,NA,02000,90060,00060,017,013,1,3,NA,NA
35001000186,NM,001,186,1572,1105,329,12,95,5,0,1,25,1146,779,274,11,62,5,0,1,14,NA,02000,90060,00060,017,013,1,3,NA,NA
35001000187,NM,001,187,1377,874,427,6,36,11,0,0,23,1028,607,371,5,26,5,0,0,14,NA,02000,90060,00060,017,013,1,3,NA,NA
35001000191,NM,001,191,831,533,235,28,11,6,3,0,15,625,378,203,15,10,5,2,0,12,NA,02000,90060,00060,015,013,1,3,NA,NA
35001000192,NM,001,192,896,602,244,5,29,2,0,0,14,666,429,203,2,20,2,0,0,10,NA,02000,90060,00060,017,013,1,3,NA,NA
35001000193,NM,001,193,1172,774,321,19,35,4,0,0,19,829,508,274,5,26,3,0,0,13,NA,02000,90060,00060,017,013,1,3,NA,NA
35001000194,NM,001,194,1168,879,257,7,13,2,0,1,9,865,622,220,4,10,1,0,1,7,NA,02000,90060,00060,017,013,1,3,NA,NA
35001000195,NM,001,195,1018,768,216,12,19,0,0,0,3,726,512,188,11,12,0,0,0,3,NA,02000,90060,00060,017,013,1,3,NA,NA
35001000196,NM,001,196,1318,981,233,35,52,4,0,6,7,831,601,172,17,32,2,0,3,4,NA,02000,90060,00060,017,013,1,3,NA,NA
35001000197,NM,001,197,954,694,222,1,31,3,0,1,2,684,473,183,1,22,3,0,1,1,NA,02000,90060,00060,011,013,1,3,NA,NA
35001000211,NM,001,211,761,506,164,30,45,4,1,1,10,614,375,153,29,42,4,1,1,9,NA,02000,90060,00060,011,012,1,3,NA,NA
35001000212,NM,001,212,1192,1025,90,22,27,1,0,3,24,852,720,82,14,24,1,0,3,8,NA,02000,90060,00060,011,012,1,3,NA,NA
35001000214,NM,001,214,756,211,439,18,38,23,0,1,26,685,189,404,16,36,19,0,0,21,NA,02000,90060,00060,011,012,1,3,NA,NA
35001000215,NM,001,215,618,147,396,15,23,12,0,1,24,584,136,384,14,20,11,0,1,18,NA,02000,90060,00060,018,012,1,3,NA,NA
35001000216,NM,001,216,1135,211,821,22,39,12,5,1,24,1055,199,766,20,31,12,5,1,21,NA,02000,90060,00060,011,012,1,3,NA,NA
35001000217,NM,001,217,247,77,161,5,2,0,0,0,2,246,77,160,5,2,0,0,0,2,NA,02000,90060,00060,011,012,1,3,NA,NA
35001000221,NM,001,221,1204,640,435,38,44,11,1,5,30,995,485,400,34,42,11,1,2,20,NA,02000,90060,00060,011,012,1,3,NA,NA
35001000223,NM,001,223,826,221,496,25,48,11,0,1,24,695,172,434,21,35,9,0,1,23,NA,02000,90060,00060,018,012,1,3,NA,NA
35001000224,NM,001,224,743,464,187,46,36,2,2,1,5,527,310,156,38,16,2,2,1,2,NA,02000,90060,00060,014,014,1,3,NA,NA
35001000225,NM,001,225,521,452,28,30,3,7,0,1,0,342,286,26,21,3,5,0,1,0,NA,02000,90060,00060,014,014,1,3,NA,NA
35001000226,NM,001,226,1011,831,63,86,17,4,0,1,9,670,533,51,66,12,3,0,1,4,NA,02000,90060,00060,014,014,1,3,NA,NA
35001000241,NM,001,241,699,152,427,13,54,29,0,5,19,632,130,395,13,48,29,0,3,14,NA,02000,90060,00060,018,016,1,3,NA,NA
35001000242,NM,001,242,890,215,540,28,40,37,2,1,27,828,197,504,27,37,34,2,1,26,NA,02000,90060,00060,018,016,1,3,NA,NA
35001000243,NM,001,243,1132,284,657,46,41,57,0,7,40,1034,238,629,37,36,54,0,7,33,NA,02000,90060,00060,018,016,1,3,NA,NA
35001000244,NM,001,244,923,119,744,7,15,16,1,7,14,797,97,653,7,14,12,1,5,8,NA,02000,90060,00060,018,016,1,3,NA,NA
35001000245,NM,001,245,741,154,522,20,10,9,0,7,19,642,125,460,18,10,8,0,5,16,NA,02000,90060,00060,018,016,1,3,NA,NA
35001000246,NM,001,246,1591,780,219,80,54,383,1,2,72,1077,499,179,56,34,264,1,1,43,NA,02000,90060,00060,018,014,1,3,NA,NA
35001000251,NM,001,251,553,104,419,3,3,11,1,3,9,468,80,364,2,3,10,1,2,6,NA,02000,90060,00060,018,016,1,3,NA,NA
35001000252,NM,001,252,580,83,449,6,12,10,6,1,13,493,64,395,4,11,8,2,1,8,NA,02000,90060,00060,018,016,1,3,NA,NA
35001000253,NM,001,253,1178,336,724,22,52,15,0,0,29,1027,282,644,17,44,14,0,0,26,NA,02000,90060,00060,019,016,1,3,NA,NA
35001000254,NM,001,254,997,222,676,32,40,11,2,3,11,816,162,588,23,22,8,2,2,9,NA,02000,90060,00060,019,016,1,3,NA,NA
35001000255,NM,001,255,1869,856,672,68,128,70,2,3,70,1336,534,576,50,82,51,2,2,39,NA,02000,90060,00060,018,016,1,3,NA,NA
35001000256,NM,001,256,786,164,556,11,11,25,0,7,12,651,134,462,8,10,22,0,7,8,NA,02000,90060,00060,018,014,1,3,NA,NA
35001000257,NM,001,257,543,121,311,57,6,7,1,7,33,292,57,179,32,5,5,1,2,11,NA,02000,90060,00060,019,016,1,3,NA,NA
35001000258,NM,001,258,3996,723,2538,373,48,112,19,16,167,2629,418,1745,257,31,93,11,2,72,NA,02000,90060,00060,010,014,1,3,NA,NA
35001000271,NM,001,271,1000,237,649,13,61,9,0,0,31,849,183,577,11,48,7,0,0,23,NA,02000,90060,00060,019,016,1,3,NA,NA
35001000272,NM,001,272,665,135,489,7,14,8,0,4,8,545,98,412,7,13,8,0,2,5,NA,02000,90060,00060,019,016,1,3,NA,NA
35001000273,NM,001,273,1354,341,859,60,15,21,1,2,55,1016,243,673,42,14,14,1,1,28,NA,02000,90060,00060,019,016,1,3,NA,NA
35001000274,NM,001,274,614,150,394,6,20,21,0,0,23,519,123,352,4,15,15,0,0,10,NA,02000,90060,00060,019,016,1,3,NA,NA
35001000275,NM,001,275,2955,1229,1054,275,261,72,1,5,58,2347,898,975,194,182,61,1,4,32,NA,02000,90060,00060,019,016,1,3,NA,NA
35001000278,NM,001,278,874,243,466,71,45,22,3,9,15,731,184,410,63,35,18,3,6,12,NA,02000,90060,00060,019,014,1,3,NA,NA
35001000281,NM,001,281,1198,527,442,46,128,22,1,0,32,911,361,382,34,96,19,1,0,18,NA,02000,90060,00060,019,016,1,3,NA,NA
35001000282,NM,001,282,1487,504,840,36,62,32,0,0,13,1279,374,800,26,50,22,0,0,7,NA,02000,90060,00060,019,017,1,3,NA,NA
35001000283,NM,001,283,873,441,308,32,57,24,2,0,9,661,305,272,19,41,16,2,0,6,NA,02000,90060,00060,019,017,1,3,NA,NA
35001000284,NM,001,284,892,269,503,34,43,28,4,0,11,706,205,424,28,21,20,3,0,5,NA,02000,90060,00060,019,017,1,3,NA,NA
35001000285,NM,001,285,1238,517,450,49,111,67,0,0,44,888,336,387,33,65,44,0,0,23,NA,02000,90060,00060,019,017,1,3,NA,NA
35001000286,NM,001,286,6142,3746,1363,219,446,254,2,10,102,4390,2427,1190,164,331,209,2,8,59,NA,02000,90060,00060,026,017,1,3,NA,NA
35001000287,NM,001,287,1295,655,403,78,80,48,1,0,30,925,422,347,56,48,32,1,0,19,NA,02000,90060,00060,026,017,1,3,NA,NA
35001000289,NM,001,289,1023,140,837,7,6,19,0,0,14,820,111,672,5,6,18,0,0,8,NA,02000,90060,00060,020,019,1,3,NA,NA
35001000290,NM,001,290,496,26,445,2,3,16,0,2,2,448,24,400,2,2,16,0,2,2,NA,02000,90060,00060,020,019,1,3,NA,NA
35001000291,NM,001,291,1192,414,653,30,24,43,0,6,22,881,294,508,18,16,31,0,0,14,NA,02000,90060,00060,021,019,1,3,NA,NA
35001000292,NM,001,292,1663,523,1015,27,15,47,5,1,30,1375,375,899,22,13,40,5,1,20,NA,02000,90060,00060,021,017,1,3,NA,NA
35001000293,NM,001,293,2494,788,1251,139,222,40,2,0,52,1939,556,1064,96,157,33,2,0,31,NA,02000,90060,00060,020,017,1,3,NA,NA
35001000294,NM,001,294,863,79,745,12,8,16,0,2,1,736,59,646,10,5,13,0,2,1,NA,02000,90060,00060,020,019,1,3,NA,NA
35001000295,NM,001,295,1006,222,682,15,27,37,0,1,22,759,142,545,11,20,29,0,1,11,NA,02000,90060,00060,020,019,1,3,NA,NA
35001000296,NM,001,296,984,230,685,11,28,16,1,0,13,833,168,619,10,18,8,1,0,9,NA,02000,90060,00060,020,019,1,3,NA,NA
35001000297,NM,001,297,2109,696,1082,114,88,81,2,0,46,1538,482,836,77,64,55,2,0,22,NA,02000,90060,00060,020,019,1,3,NA,NA
35001000298,NM,001,298,2345,836,1034,160,87,129,8,11,80,1598,522,782,84,55,101,2,8,44,NA,02000,90060,00060,020,019,1,3,NA,NA
35001000299,NM,001,299,1633,409,1105,21,30,35,0,0,33,1251,262,901,19,23,29,0,0,17,NA,02000,90060,00060,020,019,1,3,NA,NA
35001000300,NM,001,300,954,276,530,58,35,27,0,0,28,715,196,421,36,24,22,0,0,16,NA,02000,90060,00060,020,019,1,3,NA,NA
35001000301,NM,001,301,1150,227,760,32,29,70,3,2,27,846,156,576,24,17,53,1,2,17,NA,02000,90060,00060,022,019,1,3,NA,NA
35001000302,NM,001,302,2381,358,1822,19,13,129,0,6,34,1839,262,1434,14,11,99,0,4,15,NA,02000,90060,00060,022,019,1,3,NA,NA
35001000303,NM,001,303,882,448,411,3,14,0,0,0,6,699,329,353,2,12,0,0,0,3,NA,12430,90300,00060,022,019,1,3,NA,NA
35001000304,NM,001,304,753,128,519,17,5,75,0,1,8,563,73,415,11,2,58,0,1,3,NA,02000,90060,00060,022,019,1,3,NA,NA
35001000305,NM,001,305,1729,405,1056,54,111,39,5,3,56,1330,282,873,39,67,34,2,3,30,NA,02000,90060,00060,022,019,1,3,NA,NA
35001000306,NM,001,306,1064,393,511,27,50,32,5,2,44,774,250,417,23,33,24,4,2,21,NA,02000,90060,00060,022,019,1,3,NA,NA
35001000307,NM,001,307,800,157,571,17,0,41,0,0,14,583,107,429,12,0,24,0,0,11,NA,02000,90060,00060,031,020,1,3,NA,NA
35001000308,NM,001,308,732,114,576,2,14,15,1,0,10,576,79,462,2,9,13,1,0,10,NA,02000,90060,00060,028,020,1,3,NA,NA
35001000311,NM,001,311,828,251,443,27,58,31,2,1,15,677,187,399,19,38,23,1,1,9,NA,02000,90060,00060,019,016,1,3,NA,NA
35001000312,NM,001,312,957,298,550,32,31,30,2,1,13,807,244,487,24,18,22,2,0,10,NA,02000,90060,00060,019,017,1,3,NA,NA
35001000313,NM,001,313,532,207,253,20,37,3,0,1,11,430,168,223,11,21,3,0,1,3,NA,02000,90060,00060,030,016,1,3,NA,NA
35001000314,NM,001,314,825,158,563,15,13,58,0,0,18,668,111,478,9,10,45,0,0,15,NA,02000,90060,00060,030,015,1,3,NA,NA
35001000315,NM,001,315,827,218,554,5,19,10,2,1,18,670,162,463,4,17,10,1,0,13,NA,02000,90060,00060,030,015,1,3,NA,NA
35001000316,NM,001,316,1333,388,756,74,76,14,0,1,24,1092,277,681,54,53,10,0,1,16,NA,02000,90060,00060,026,018,1,3,NA,NA
35001000317,NM,001,317,654,154,450,1,23,16,0,0,10,544,110,392,1,22,12,0,0,7,NA,02000,90060,00060,026,018,1,3,NA,NA
35001000318,NM,001,318,3723,2602,608,111,293,53,2,0,54,2372,1565,494,70,168,44,1,0,30,NA,02000,90060,00060,026,017,1,3,NA,NA
35001000321,NM,001,321,726,321,330,15,13,24,0,1,22,572,229,283,12,9,21,0,1,17,NA,02000,90060,00060,026,017,1,3,NA,NA
35001000322,NM,001,322,698,314,292,28,51,5,0,1,7,528,220,249,20,30,5,0,1,3,NA,02000,90060,00060,026,017,1,3,NA,NA
35001000323,NM,001,323,2080,1302,447,69,165,54,0,4,39,1486,878,395,48,106,34,0,3,22,NA,02000,90060,00060,026,017,1,3,NA,NA
35001000326,NM,001,326,1832,1235,349,74,76,73,1,2,22,1242,770,297,53,59,50,1,2,10,NA,02000,90060,00060,026,017,1,3,NA,NA
35001000327,NM,001,327,2701,1196,1138,91,191,37,0,0,48,2060,785,1027,64,125,32,0,0,27,NA,02000,90060,00060,021,017,1,3,NA,NA
35001000328,NM,001,328,3209,1082,1713,93,91,168,0,3,59,2425,727,1407,66,66,129,0,3,27,NA,02000,90060,00060,020,017,1,3,NA,NA
35001000329,NM,001,329,1538,750,503,60,79,114,1,1,30,1064,476,388,40,53,91,1,1,14,NA,02000,90060,00060,020,017,1,3,NA,NA
35001000330,NM,001,330,1780,700,703,139,162,15,1,4,56,1253,446,565,88,109,12,1,3,29,NA,02000,90060,00060,020,017,1,3,NA,NA
35001000331,NM,001,331,1507,569,551,143,142,21,8,3,70,1013,335,442,81,95,18,5,3,34,NA,02000,90060,00060,020,019,1,3,NA,NA
35001000332,NM,001,332,1183,354,677,45,34,41,1,2,29,894,227,558,35,19,34,1,2,18,NA,02000,90060,00060,020,019,1,3,NA,NA
35001000333,NM,001,333,960,122,789,6,8,21,0,0,14,843,92,711,6,8,17,0,0,9,NA,02000,90060,00060,020,019,1,3,NA,NA
35001000341,NM,001,341,749,183,490,6,24,30,2,1,13,552,123,377,4,15,21,2,1,9,NA,02000,90060,00060,025,016,1,3,NA,NA
35001000342,NM,001,342,428,85,311,5,8,6,1,8,4,370,69,276,4,6,6,1,5,3,NA,02000,90060,00060,025,016,1,3,NA,NA
35001000343,NM,001,343,769,162,580,5,9,4,0,1,8,627,127,477,5,9,4,0,1,4,NA,02000,90060,00060,025,016,1,3,NA,NA
35001000344,NM,001,344,1091,233,762,20,24,33,0,0,19,909,182,651,12,19,32,0,0,13,NA,02000,90060,00060,025,015,1,3,NA,NA
35001000345,NM,001,345,1879,512,1091,40,121,65,2,7,41,1699,452,1007,33,103,61,2,5,36,NA,02000,90060,00060,025,012,1,3,NA,NA
35001000346,NM,001,346,2078,1169,582,60,212,9,0,12,34,1510,762,520,41,148,7,0,8,24,NA,02000,90060,00060,025,012,1,3,NA,NA
35001000347,NM,001,347,1662,696,658,104,108,38,8,4,46,1242,487,534,73,86,29,4,2,27,NA,02000,90060,00060,025,013,1,3,NA,NA
35001000351,NM,001,351,440,64,353,7,3,7,0,2,4,366,48,299,6,3,6,0,0,4,NA,02000,90060,00060,018,016,1,3,NA,NA
35001000352,NM,001,352,655,89,515,11,8,15,0,0,17,530,73,419,8,7,13,0,0,10,NA,02000,90060,00060,018,016,1,3,NA,NA
35001000353,NM,001,353,426,87,315,2,8,8,0,1,5,361,67,275,2,8,5,0,1,3,NA,02000,90060,00060,018,016,1,3,NA,NA
35001000354,NM,001,354,668,114,521,2,9,10,0,1,11,527,80,424,2,8,9,0,1,3,NA,02000,90060,00060,018,016,1,3,NA,NA
35001000355,NM,001,355,703,96,564,11,11,4,0,0,17,566,80,458,7,7,4,0,0,10,NA,02000,90060,00060,018,016,1,3,NA,NA
35001000356,NM,001,356,617,82,484,3,18,7,0,9,14,498,58,407,3,9,7,0,6,8,NA,02000,90060,00060,018,016,1,3,NA,NA
35001000357,NM,001,357,543,93,379,3,41,11,0,4,12,452,72,334,3,24,10,0,2,7,NA,02000,90060,00060,018,016,1,3,NA,NA
35001000358,NM,001,358,1539,286,1054,41,81,38,3,3,33,1529,284,1047,41,81,37,3,3,33,NA,02000,90060,00060,018,016,1,3,NA,NA
35001000371,NM,001,371,940,167,737,5,6,14,0,0,11,737,117,590,5,6,13,0,0,6,NA,02000,90060,00060,025,016,1,3,NA,NA
35001000372,NM,001,372,666,298,313,9,10,23,0,0,13,512,211,265,5,4,16,0,0,11,NA,02000,90060,00060,025,015,1,3,NA,NA
35001000373,NM,001,373,847,268,455,39,51,18,1,0,15,660,172,395,33,34,17,1,0,8,NA,02000,90060,00060,030,015,1,3,NA,NA
35001000374,NM,001,374,618,113,483,8,4,3,0,0,7,497,91,393,6,3,2,0,0,2,NA,02000,90060,00060,025,015,1,3,NA,NA
35001000375,NM,001,375,1342,351,893,13,32,24,0,3,26,1110,261,770,11,27,21,0,2,18,NA,02000,90060,00060,025,015,1,3,NA,NA
35001000381,NM,001,381,605,119,454,6,5,7,0,0,14,516,96,392,6,4,6,0,0,12,NA,02000,90060,00060,018,016,1,3,NA,NA
35001000382,NM,001,382,598,141,405,11,11,20,0,2,8,493,99,355,9,8,16,0,2,4,NA,02000,90060,00060,018,016,1,3,NA,NA
35001000383,NM,001,383,909,243,510,25,84,22,2,3,20,774,191,458,21,60,21,2,3,18,NA,02000,90060,00060,019,016,1,3,NA,NA
35001000384,NM,001,384,1183,277,750,26,84,25,0,2,19,1030,214,703,15,59,22,0,1,16,NA,02000,90060,00060,019,016,1,3,NA,NA
35001000385,NM,001,385,751,179,510,14,21,18,0,0,9,617,132,438,9,15,16,0,0,7,NA,02000,90060,00060,030,016,1,3,NA,NA
35001000386,NM,001,386,531,113,383,7,9,6,2,3,8,439,88,324,5,8,4,2,3,5,NA,02000,90060,00060,030,016,1,3,NA,NA
35001000387,NM,001,387,580,73,459,11,11,12,0,3,11,464,50,378,7,8,10,0,2,9,NA,02000,90060,00060,025,016,1,3,NA,NA
35001000400,NM,001,400,649,190,395,12,22,18,0,0,12,538,140,347,8,16,16,0,0,11,NA,02000,90060,00060,030,015,1,3,NA,NA
35001000401,NM,001,401,962,384,501,23,20,12,0,8,14,730,282,401,10,13,9,0,7,8,NA,02000,90060,00060,030,015,1,3,NA,NA
35001000402,NM,001,402,828,238,539,33,6,6,0,0,6,641,151,449,26,6,3,0,0,6,NA,02000,90060,00060,030,015,1,3,NA,NA
35001000403,NM,001,403,852,297,501,14,18,10,0,0,12,637,200,403,10,12,7,0,0,5,NA,02000,90060,00060,030,015,1,3,NA,NA
35001000404,NM,001,404,911,188,693,6,1,3,1,0,19,723,135,571,3,1,3,1,0,9,NA,02000,90060,00060,030,015,1,3,NA,NA
35001000405,NM,001,405,1092,300,678,52,41,10,0,0,11,855,197,574,38,29,10,0,0,7,NA,02000,90060,00060,030,015,1,3,NA,NA
35001000406,NM,001,406,529,113,366,13,18,6,0,0,13,475,92,340,11,14,6,0,0,12,NA,02000,90060,00060,030,015,1,3,NA,NA
35001000407,NM,001,407,1262,314,826,50,24,28,2,0,18,1010,226,696,37,15,25,2,0,9,NA,02000,90060,00060,027,021,1,3,NA,NA
35001000408,NM,001,408,1007,207,725,16,15,21,0,0,23,857,162,636,13,14,14,0,0,18,NA,02000,90060,00060,030,015,1,3,NA,NA
35001000409,NM,001,409,2149,706,1186,67,70,62,2,7,49,1829,575,1060,50,61,48,2,4,29,NA,02000,90060,00060,027,015,1,3,NA,NA
35001000410,NM,001,410,1181,342,742,24,52,1,1,0,19,976,229,685,17,37,1,1,0,6,NA,02000,90060,00060,027,010,1,3,NA,NA
35001000411,NM,001,411,1299,348,796,44,64,15,1,0,31,1168,303,733,40,52,15,1,0,24,NA,02000,90060,00060,030,015,1,3,NA,NA
35001000412,NM,001,412,324,76,231,8,1,3,0,0,5,263,54,195,7,1,1,0,0,5,NA,02000,90060,00060,030,015,1,3,NA,NA
35001000413,NM,001,413,1701,565,946,49,85,27,0,1,28,1472,452,868,40,72,20,0,1,19,NA,02000,90060,00060,026,015,1,3,NA,NA
35001000414,NM,001,414,545,121,349,3,12,47,0,0,13,435,79,295,3,8,39,0,0,11,NA,02000,90060,00060,024,018,1,3,NA,NA
35001000415,NM,001,415,498,93,332,11,2,54,0,1,5,398,71,277,4,2,40,0,1,3,NA,02000,90060,00060,024,018,1,3,NA,NA
35001000416,NM,001,416,754,207,469,37,26,3,0,0,12,580,151,371,29,20,3,0,0,6,NA,02000,90060,00060,026,018,1,3,NA,NA
35001000417,NM,001,417,970,318,561,21,19,18,2,5,26,748,229,462,15,15,13,2,4,8,NA,02000,90060,00060,026,018,1,3,NA,NA
35001000418,NM,001,418,1275,499,632,10,83,8,3,3,37,917,325,505,8,50,5,2,1,21,NA,02000,90060,00060,027,010,1,3,NA,NA
35001000419,NM,001,419,1525,430,945,49,22,55,0,3,21,1191,326,761,37,14,42,0,3,8,NA,02000,90060,00060,027,010,1,3,NA,NA
35001000420,NM,001,420,2259,780,1148,79,162,30,14,7,39,1825,593,985,62,126,25,11,4,19,NA,02000,90060,00060,027,021,1,3,NA,NA
35001000421,NM,001,421,1418,425,789,56,67,48,5,2,26,1087,292,648,35,51,39,3,1,18,NA,02000,90060,00060,027,021,1,3,NA,NA
35001000422,NM,001,422,2825,1048,1480,31,79,125,1,2,59,2073,709,1156,22,54,90,1,2,39,3370,02000,90060,00060,015,010,1,3,NA,NA
35001000423,NM,001,423,2174,500,1466,47,22,81,1,2,55,1724,366,1207,29,17,63,1,2,39,NA,02000,90060,00060,023,010,1,3,NA,NA
35001000424,NM,001,424,2857,540,2015,40,18,198,1,0,45,1919,344,1375,27,14,134,1,0,24,NA,02000,90060,00060,023,010,1,3,NA,NA
35001000425,NM,001,425,2575,483,1911,25,22,94,3,9,28,1749,309,1324,16,17,61,2,7,13,NA,02000,90060,00060,023,010,1,3,NA,NA
35001000426,NM,001,426,1473,201,1148,16,0,82,0,8,18,998,134,789,10,0,56,0,1,8,NA,02000,90060,00060,023,021,1,3,NA,NA
35001000427,NM,001,427,2031,306,1560,28,7,89,0,13,28,1474,217,1155,18,4,60,0,8,12,NA,02000,90060,00060,023,021,1,3,NA,NA
35001000428,NM,001,428,1033,131,835,14,12,30,0,4,7,878,110,717,12,8,24,0,2,5,NA,02000,90060,00060,031,021,1,3,NA,NA
35001000429,NM,001,429,1634,187,1296,32,22,50,7,8,32,1199,128,976,26,18,34,2,3,12,NA,02000,90060,00060,031,021,1,3,NA,NA
35001000430,NM,001,430,1112,180,864,4,13,26,0,2,23,768,115,611,4,7,20,0,1,10,NA,02000,90060,00060,031,021,1,3,NA,NA
35001000431,NM,001,431,1124,452,528,28,65,22,1,4,24,893,334,446,25,52,18,1,2,15,NA,02000,90060,00060,025,012,1,3,NA,NA
35001000432,NM,001,432,1420,620,629,43,84,16,3,0,25,1139,462,551,30,61,15,3,0,17,NA,02000,90060,00060,025,015,1,3,NA,NA
35001000433,NM,001,433,955,519,360,22,32,7,0,1,14,718,368,294,15,23,7,0,1,10,NA,02000,90060,00060,025,012,1,3,NA,NA
35001000434,NM,001,434,663,299,319,9,15,5,0,1,15,504,207,265,7,13,3,0,1,8,NA,02000,90060,00060,030,015,1,3,NA,NA
35001000435,NM,001,435,1379,556,631,48,75,26,0,2,41,1006,365,516,31,47,19,0,2,26,NA,02000,90060,00060,030,015,1,3,NA,NA
35001000436,NM,001,436,894,398,414,16,28,23,0,0,15,703,298,343,13,23,18,0,0,8,NA,02000,90060,00060,025,015,1,3,NA,NA
35001000437,NM,001,437,830,339,367,9,80,17,0,0,18,630,243,295,8,61,14,0,0,9,NA,02000,90060,00060,025,015,1,3,NA,NA
35001000438,NM,001,438,2957,1331,977,157,316,87,7,7,75,2107,907,768,105,209,66,4,5,43,NA,02000,90060,00060,017,013,1,3,NA,NA
35001000439,NM,001,439,2083,724,950,90,240,34,1,1,43,1690,547,836,72,178,30,1,1,25,NA,02000,90060,00060,030,015,1,3,NA,NA
35001000440,NM,001,440,555,161,348,11,11,12,0,2,10,445,122,289,7,9,11,0,0,7,NA,02000,90060,00060,027,015,1,3,NA,NA
35001000441,NM,001,441,942,406,459,14,29,10,0,0,24,722,301,366,10,17,10,0,0,18,NA,02000,90060,00060,030,015,1,3,NA,NA
35001000442,NM,001,442,960,479,386,7,33,39,1,0,15,733,342,324,6,24,26,1,0,10,NA,02000,90060,00060,025,012,1,3,NA,NA
35001000443,NM,001,443,876,445,340,22,15,34,0,0,20,670,307,290,20,12,27,0,0,14,NA,02000,90060,00060,025,012,1,3,NA,NA
35001000444,NM,001,444,792,465,281,10,17,16,0,0,3,618,334,243,10,14,14,0,0,3,NA,02000,90060,00060,025,012,1,3,NA,NA
35001000445,NM,001,445,711,290,374,15,16,11,0,0,5,568,223,313,10,9,9,0,0,4,NA,02000,90060,00060,030,015,1,3,NA,NA
35001000446,NM,001,446,843,305,471,24,21,14,0,0,8,655,213,395,22,10,9,0,0,6,NA,02000,90060,00060,030,015,1,3,NA,NA
35001000447,NM,001,447,1922,330,1454,30,7,68,1,1,31,1197,187,926,19,4,48,0,0,13,NA,02000,90060,00060,023,021,1,3,NA,NA
35001000449,NM,001,449,1894,377,1320,52,45,46,1,1,52,1636,305,1190,39,34,37,1,1,29,NA,02000,90060,00060,031,021,1,3,NA,NA
35001000450,NM,001,450,743,91,606,5,1,16,1,1,22,569,75,468,4,1,11,1,0,9,NA,02000,90060,00060,023,021,1,3,NA,NA
35001000451,NM,001,451,1028,249,670,24,37,32,0,0,16,839,189,570,18,26,24,0,0,12,NA,02000,90060,00060,031,021,1,3,NA,NA
35001000452,NM,001,452,745,144,554,15,6,18,1,0,7,577,103,436,14,5,15,1,0,3,NA,02000,90060,00060,031,021,1,3,NA,NA
35001000453,NM,001,453,2221,537,1379,90,90,68,0,6,51,1849,406,1225,59,70,50,0,6,33,NA,02000,90060,00060,024,021,1,3,NA,NA
35001000454,NM,001,454,1280,245,954,30,11,18,0,0,22,1012,188,760,30,8,12,0,0,14,NA,02000,90060,00060,031,020,1,3,NA,NA
35001000461,NM,001,461,812,187,521,10,2,81,0,4,7,607,120,418,6,2,53,0,4,4,NA,02000,90060,00060,024,018,1,3,NA,NA
35001000462,NM,001,462,720,209,418,19,7,49,1,8,9,531,138,322,17,6,37,1,5,5,NA,02000,90060,00060,024,018,1,3,NA,NA
35001000463,NM,001,463,772,178,527,29,8,24,1,0,5,616,124,445,17,8,19,1,0,2,NA,02000,90060,00060,021,018,1,3,NA,NA
35001000464,NM,001,464,628,133,464,7,6,9,0,0,9,510,97,394,7,4,7,0,0,1,NA,02000,90060,00060,021,018,1,3,NA,NA
35001000465,NM,001,465,1374,279,986,41,24,9,1,6,28,1212,218,909,33,22,6,1,4,19,NA,02000,90060,00060,021,018,1,3,NA,NA
35001000466,NM,001,466,921,180,632,35,8,57,1,4,4,742,138,514,28,6,47,1,4,4,NA,02000,90060,00060,024,018,1,3,NA,NA
35001000471,NM,001,471,715,168,496,4,5,33,0,0,9,561,112,410,3,4,24,0,0,8,NA,02000,90060,00060,026,018,1,3,NA,NA
35001000472,NM,001,472,567,150,388,11,3,8,0,0,7,440,98,321,8,3,7,0,0,3,NA,02000,90060,00060,026,018,1,3,NA,NA
35001000473,NM,001,473,722,277,392,9,18,11,0,0,15,561,197,328,8,13,8,0,0,7,NA,02000,90060,00060,021,018,1,3,NA,NA
35001000474,NM,001,474,622,181,411,9,8,0,0,0,13,475,123,335,3,7,0,0,0,7,NA,02000,90060,00060,021,018,1,3,NA,NA
35001000475,NM,001,475,1296,521,648,46,37,18,2,0,24,932,347,507,30,20,12,1,0,15,NA,02000,90060,00060,021,018,1,3,NA,NA
35001000476,NM,001,476,1113,330,679,40,16,20,0,3,25,844,231,546,26,11,14,0,3,13,NA,02000,90060,00060,021,018,1,3,NA,NA
35001000477,NM,001,477,2348,1154,798,122,138,78,2,2,54,1664,744,661,78,81,65,2,2,31,NA,02000,90060,00060,021,017,1,3,NA,NA
35001000478,NM,001,478,1730,913,550,85,43,93,1,1,44,1238,590,455,63,31,67,1,1,30,NA,02000,90060,00060,021,017,1,3,NA,NA
35001000480,NM,001,480,1256,222,910,14,44,33,8,2,23,1013,168,754,13,32,25,7,2,12,NA,02000,90060,00060,031,020,1,3,NA,NA
35001000481,NM,001,481,1049,312,575,27,81,34,1,0,19,881,252,502,26,59,27,1,0,14,NA,02000,90060,00060,027,015,1,3,NA,NA
35001000482,NM,001,482,907,127,734,14,9,19,0,0,4,690,78,578,11,6,16,0,0,1,NA,02000,90060,00060,023,021,1,3,NA,NA
35001000483,NM,001,483,1535,285,1146,30,14,33,3,0,24,1189,211,894,26,13,28,3,0,14,NA,02000,90060,00060,031,021,1,3,NA,NA
35001000484,NM,001,484,1098,273,716,20,45,15,0,3,26,909,200,630,17,32,13,0,1,16,NA,02000,90060,00060,024,021,1,3,NA,NA
35001000485,NM,001,485,1310,300,931,16,14,16,1,4,28,939,195,688,13,12,13,0,4,14,NA,02000,90060,00060,023,010,1,3,NA,NA
35001000486,NM,001,486,1384,237,1037,11,17,45,0,3,34,1041,164,806,10,15,27,0,0,19,NA,02000,90060,00060,023,010,1,3,NA,NA
35001000487,NM,001,487,952,116,772,6,5,27,0,2,24,665,72,553,4,4,18,0,2,12,NA,02000,90060,00060,023,021,1,3,NA,NA
35001000488,NM,001,488,902,122,748,5,3,15,0,1,8,781,92,663,5,3,11,0,1,6,NA,02000,90060,00060,027,021,1,3,NA,NA
35001000489,NM,001,489,1420,360,940,24,35,43,0,0,18,1126,284,756,18,28,29,0,0,11,NA,02000,90060,00060,027,010,1,3,NA,NA
35001000490,NM,001,490,1190,187,869,21,35,48,1,5,24,929,130,705,17,29,33,1,3,11,NA,02000,90060,00060,027,021,1,3,NA,NA
35001000491,NM,001,491,682,109,509,20,14,24,0,0,6,592,86,456,13,13,20,0,0,4,NA,02000,90060,00060,030,015,1,3,NA,NA
35001000492,NM,001,492,601,138,414,13,12,5,0,3,16,507,112,353,11,11,5,0,3,12,NA,02000,90060,00060,030,015,1,3,NA,NA
35001000493,NM,001,493,768,120,601,14,4,19,0,0,10,629,85,508,10,3,17,0,0,6,NA,02000,90060,00060,030,015,1,3,NA,NA
35001000494,NM,001,494,697,160,476,23,7,20,0,0,11,539,106,395,14,6,14,0,0,4,NA,02000,90060,00060,024,018,1,3,NA,NA
35001000495,NM,001,495,1438,469,815,24,64,29,1,1,35,1083,316,655,17,48,23,1,1,22,NA,02000,90060,00060,024,018,1,3,NA,NA
35001000496,NM,001,496,629,86,520,2,4,6,0,0,11,509,63,432,2,3,5,0,0,4,NA,02000,90060,00060,024,018,1,3,NA,NA
35001000497,NM,001,497,747,140,592,7,4,4,0,0,0,574,95,474,1,1,3,0,0,0,NA,02000,90060,00060,027,015,1,3,NA,NA
35001000498,NM,001,498,1603,449,929,73,87,42,0,1,22,1216,315,749,49,57,28,0,0,18,NA,02000,90060,00060,027,015,1,3,NA,NA
35001000499,NM,001,499,1075,385,591,20,38,17,1,1,22,802,271,464,14,25,14,1,1,12,NA,02000,90060,00060,027,015,1,3,NA,NA
35001000500,NM,001,500,1087,158,875,2,7,20,0,2,23,880,109,726,2,7,19,0,1,16,NA,02000,90060,00060,027,015,1,3,NA,NA
35001000502,NM,001,502,1468,488,816,41,59,32,1,3,28,1111,352,645,32,36,25,1,2,18,NA,02000,90060,00060,021,018,1,3,NA,NA
35001000503,NM,001,503,840,262,528,15,10,8,0,2,15,622,186,403,8,10,6,0,2,7,NA,02000,90060,00060,028,018,1,3,NA,NA
35001000504,NM,001,504,838,261,530,12,12,15,0,1,7,617,167,414,11,9,11,0,0,5,NA,02000,90060,00060,028,018,1,3,NA,NA
35001000505,NM,001,505,954,349,526,14,41,6,0,3,15,694,238,406,8,26,6,0,1,9,NA,02000,90060,00060,028,018,1,3,NA,NA
35001000506,NM,001,506,808,170,607,8,2,3,1,1,16,649,125,504,6,1,3,1,1,8,NA,02000,90060,00060,024,018,1,3,NA,NA
35001000507,NM,001,507,778,158,585,11,0,13,1,0,10,597,100,475,9,0,7,0,0,6,NA,02000,90060,00060,024,018,1,3,NA,NA
35001000508,NM,001,508,706,154,506,7,10,12,0,0,17,528,102,402,5,8,7,0,0,4,NA,02000,90060,00060,024,018,1,3,NA,NA
35001000509,NM,001,509,622,210,367,10,14,14,0,0,7,447,145,268,8,8,13,0,0,5,NA,02000,90060,00060,024,018,1,3,NA,NA
35001000510,NM,001,510,1541,475,918,23,50,38,1,3,33,1173,333,734,20,37,30,1,2,16,NA,02000,90060,00060,023,010,1,3,NA,NA
35001000511,NM,001,511,1050,208,748,17,31,20,0,1,25,806,153,584,8,26,16,0,1,18,NA,02000,90060,00060,024,021,1,3,NA,NA
35001000512,NM,001,512,1250,225,945,13,13,36,1,1,16,996,162,776,11,11,25,1,0,10,NA,02000,90060,00060,024,021,1,3,NA,NA
35001000513,NM,001,513,1345,318,916,10,24,55,0,0,22,1040,229,745,9,15,33,0,0,9,NA,02000,90060,00060,024,018,1,3,NA,NA
35001000514,NM,001,514,1376,304,921,41,39,44,0,1,26,1024,205,719,23,29,34,0,1,13,NA,02000,90060,00060,024,018,1,3,NA,NA
35001000515,NM,001,515,773,127,615,10,1,12,1,1,6,583,81,485,6,1,7,0,0,3,NA,02000,90060,00060,024,018,1,3,NA,NA
35001000516,NM,001,516,1918,445,1268,56,64,48,2,3,32,1570,340,1059,46,55,39,2,3,26,NA,02000,90060,00060,024,020,1,3,NA,NA
35001000517,NM,001,517,936,187,663,18,4,42,3,4,15,712,129,517,13,4,35,2,2,10,NA,02000,90060,00060,028,020,1,3,NA,NA
35001000518,NM,001,518,948,195,686,21,11,25,0,0,10,717,131,539,17,8,17,0,0,5,NA,02000,90060,00060,028,020,1,3,NA,NA
35001000519,NM,001,519,690,185,446,15,6,16,0,0,22,519,126,350,12,6,14,0,0,11,NA,02000,90060,00060,028,020,1,3,NA,NA
35001000520,NM,001,520,1382,196,1076,17,20,44,3,4,22,1023,141,805,14,18,29,2,3,11,NA,02000,90060,00060,031,021,1,3,NA,NA
35001000521,NM,001,521,1413,342,913,41,33,48,0,3,33,1073,230,724,31,26,37,0,2,23,NA,02000,90060,00060,031,020,1,3,NA,NA
35001000522,NM,001,522,1606,279,1180,46,11,48,6,0,36,1238,193,937,36,11,38,4,0,19,NA,02000,90060,00060,031,020,1,3,NA,NA
35001000523,NM,001,523,918,165,670,14,23,18,0,0,28,712,115,537,12,12,17,0,0,19,NA,02000,90060,00060,024,018,1,3,NA,NA
35001000524,NM,001,524,497,68,389,8,6,16,0,1,9,378,45,304,7,6,10,0,1,5,NA,02000,90060,00060,028,020,1,3,NA,NA
35001000525,NM,001,525,1428,486,798,46,46,21,3,6,22,1036,319,625,25,28,19,3,3,14,NA,02000,90060,00060,028,020,1,3,NA,NA
35001000526,NM,001,526,1073,124,906,8,3,21,0,0,11,850,75,741,5,3,17,0,0,9,NA,02000,90060,00060,028,020,1,3,NA,NA
35001000527,NM,001,527,363,43,304,6,2,3,0,0,5,265,29,224,4,2,3,0,0,3,NA,02000,90060,00060,031,020,1,3,NA,NA
35001000528,NM,001,528,448,72,352,8,2,5,0,5,4,356,54,283,7,2,4,0,2,4,NA,02000,90060,00060,024,018,1,3,NA,NA
35001000529,NM,001,529,2154,464,1423,57,75,89,1,11,34,1764,343,1213,45,57,68,1,11,26,NA,02000,90060,00060,023,021,1,3,NA,NA
35001000530,NM,001,530,1237,213,936,16,18,28,1,0,25,1005,163,776,15,16,24,1,0,10,NA,02000,90060,00060,028,020,1,3,NA,NA
35001000531,NM,001,531,1171,353,714,39,32,23,0,1,9,925,252,595,24,26,20,0,1,7,NA,02000,90060,00060,021,018,1,3,NA,NA
35001000532,NM,001,532,1071,303,685,24,33,15,0,0,11,836,207,573,15,24,10,0,0,7,NA,02000,90060,00060,028,018,1,3,NA,NA
35001000533,NM,001,533,815,206,509,37,37,4,4,0,18,633,149,409,29,31,3,2,0,10,NA,02000,90060,00060,021,018,1,3,NA,NA
35001000534,NM,001,534,1232,280,854,41,9,34,1,0,13,966,216,679,29,8,26,1,0,7,NA,02000,90060,00060,021,020,1,3,NA,NA
35001000535,NM,001,535,1014,368,554,28,22,21,0,2,19,746,249,436,17,18,16,0,2,8,NA,02000,90060,00060,028,020,1,3,NA,NA
35001000536,NM,001,536,661,249,364,8,7,30,0,0,3,491,169,289,5,5,22,0,0,1,NA,02000,90060,00060,028,020,1,3,NA,NA
35001000537,NM,001,537,2921,268,2497,27,17,73,2,4,33,2391,191,2084,22,14,57,2,4,17,NA,02000,90060,00060,031,021,1,3,NA,NA
35001000538,NM,001,538,1289,185,994,36,33,30,1,3,7,1088,147,861,27,21,25,1,2,4,NA,02000,90060,00060,023,021,1,3,NA,NA
35001000539,NM,001,539,1327,88,1195,10,5,15,0,0,14,1137,72,1030,8,3,11,0,0,13,3370,NA,90060,00060,023,021,1,3,NA,NA
35001000540,NM,001,540,1481,351,1019,36,44,18,0,2,11,1137,226,844,22,22,14,0,2,7,NA,02000,90060,00060,028,020,1,3,NA,NA
35001000541,NM,001,541,1669,227,1387,15,4,14,0,3,19,1149,143,976,8,3,7,0,2,10,NA,NA,90060,00060,023,021,1,3,NA,NA
35001000542,NM,001,542,1240,473,647,51,33,17,0,0,19,897,311,496,40,22,16,0,0,12,NA,02000,90060,00060,028,020,1,3,NA,NA
35001000543,NM,001,543,933,347,519,21,16,6,1,0,23,669,226,395,15,15,6,1,0,11,NA,02000,90060,00060,028,020,1,3,NA,NA
35001000544,NM,001,544,1521,424,951,22,52,44,0,0,28,1213,278,830,21,40,30,0,0,14,NA,02000,90060,00060,022,019,1,3,NA,NA
35001000545,NM,001,545,1317,446,681,59,41,46,0,1,43,962,296,535,39,26,36,0,1,29,NA,02000,90060,00060,022,020,1,3,NA,NA
35001000546,NM,001,546,1066,203,788,21,9,38,0,2,5,815,143,628,11,4,27,0,1,1,NA,02000,90060,00060,022,020,1,3,NA,NA
35001000547,NM,001,547,1399,437,796,66,32,37,0,0,31,1021,290,624,39,23,25,0,0,20,NA,02000,90060,00060,028,020,1,3,NA,NA
35001000548,NM,001,548,1413,197,1110,23,15,29,6,3,30,1086,141,869,19,14,20,3,1,19,NA,02000,90060,00060,022,020,1,3,NA,NA
35001000549,NM,001,549,1367,402,846,33,41,27,0,1,17,1077,289,694,28,29,23,0,1,13,NA,02000,90060,00060,028,020,1,3,NA,NA
35001000550,NM,001,550,1058,249,678,24,23,59,0,2,23,820,169,561,17,16,43,0,2,12,NA,02000,90060,00060,022,019,1,3,NA,NA
35001000551,NM,001,551,559,412,133,4,2,0,0,4,4,347,246,88,4,2,0,0,4,3,1625,14880,90300,00060,050,039,1,3,NA,NA
35001000552,NM,001,552,1608,268,1258,4,15,3,0,22,38,1162,169,939,3,10,3,0,11,27,1625,NA,90300,00060,050,019,1,3,NA,NA
35001000553,NM,001,553,3047,776,2168,6,26,15,6,7,43,2201,499,1628,5,22,14,3,1,29,NA,77880,90300,00060,022,019,1,3,NA,NA
35001000554,NM,001,554,741,270,443,6,12,4,1,0,5,569,193,356,5,6,4,1,0,4,NA,77880,90300,00060,050,019,1,3,NA,NA
35001000555,NM,001,555,832,132,662,9,11,5,0,0,13,691,100,559,8,10,4,0,0,10,NA,13200,90300,00060,022,009,1,3,NA,NA
35001000556,NM,001,556,744,94,613,2,8,8,0,0,19,583,63,499,2,6,6,0,0,7,NA,13200,90300,00060,022,009,1,3,NA,NA
35001000557,NM,001,557,2881,469,2304,13,32,23,0,6,34,2045,293,1676,10,27,13,0,6,20,NA,77880,90300,01890,022,009,1,3,NA,NA
35001000558,NM,001,558,2000,362,1573,6,7,22,1,1,28,1509,251,1211,4,5,17,1,1,19,NA,77880,90300,00060,022,009,1,3,NA,NA
35001000559,NM,001,559,1644,252,1334,4,20,4,0,8,22,1238,160,1037,3,15,3,0,6,14,NA,NA,90300,00060,022,009,1,3,NA,NA
35001000560,NM,001,560,1348,159,1112,10,9,28,0,0,30,969,104,817,9,5,22,0,0,12,NA,02000,90060,00060,031,021,1,3,NA,NA
35001000561,NM,001,561,1722,424,1132,59,31,23,0,3,50,1309,299,902,45,23,17,0,3,20,NA,02000,90060,00060,028,020,1,3,NA,NA
35001000562,NM,001,562,1903,227,1609,19,19,18,2,0,9,1778,196,1525,15,18,16,2,0,6,NA,02000,90060,00060,031,020,1,3,NA,NA
35001000563,NM,001,563,1406,220,1110,25,6,21,0,5,19,1048,139,857,19,6,15,0,3,9,NA,02000,90060,00060,023,021,1,3,NA,NA
35001000564,NM,001,564,625,46,527,2,4,29,0,2,15,477,30,418,2,2,18,0,2,5,NA,02000,90060,00060,031,020,1,3,NA,NA
35001000565,NM,001,565,1073,144,865,24,15,14,0,0,11,880,116,711,16,15,12,0,0,10,NA,02000,90060,00060,031,020,1,3,NA,NA
35001000566,NM,001,566,1226,177,1011,2,6,12,0,1,17,935,120,792,2,4,8,0,1,8,NA,02000,90060,00060,031,020,1,3,NA,NA
35001000567,NM,001,567,161,24,133,0,0,4,0,0,0,111,12,97,0,0,2,0,0,0,3370,02000,90060,00060,023,009,1,3,NA,NA
35001000568,NM,001,568,1475,180,1212,2,3,64,0,1,13,1192,134,997,2,2,49,0,1,7,NA,02000,90060,00060,031,021,1,3,NA,NA
35001000569,NM,001,569,1629,76,1494,8,5,16,0,8,22,1342,54,1240,8,5,11,0,8,16,3370,NA,90060,00060,023,021,1,3,NA,NA
35001000571,NM,001,571,1763,331,1358,4,23,4,1,14,28,1273,225,994,2,13,3,1,13,22,NA,NA,90300,01890,050,019,1,3,NA,NA
35001000573,NM,001,573,1125,245,839,10,12,4,0,5,10,861,188,644,10,7,3,0,4,5,NA,NA,90300,00060,022,009,1,3,NA,NA
35001000601,NM,001,601,1268,239,940,15,14,41,0,0,19,997,171,756,12,13,32,0,0,13,NA,02000,90060,00060,023,010,1,3,NA,NA
35001000602,NM,001,602,2406,234,1949,20,15,136,0,13,39,1829,166,1517,16,12,96,0,5,17,NA,02000,90060,00060,031,021,1,3,NA,NA
35003000001,NM,003,1,838,283,531,2,6,2,0,0,14,656,202,435,1,6,1,0,0,11,NA,62620,92580,02220,049,028,2,1,NA,NA
35003000002,NM,003,2,743,111,565,0,45,4,0,0,18,568,86,450,0,20,1,0,0,11,4785,NA,92460,02130,049,028,2,1,NA,NA
35003000003,NM,003,3,537,56,466,5,1,2,0,1,6,440,47,381,3,1,1,0,1,6,NA,NA,92580,02220,049,028,2,1,NA,NA
35003000004,NM,003,4,380,117,249,0,6,2,0,0,6,311,92,205,0,6,2,0,0,6,NA,NA,92460,02220,049,028,2,1,NA,NA
35003000005,NM,003,5,801,92,656,2,7,13,0,7,24,630,60,529,2,5,11,0,6,17,0010,NA,92460,02130,049,028,2,1,NA,NA
35003000006,NM,003,6,244,20,220,0,1,0,0,0,3,191,15,173,0,1,0,0,0,2,NA,NA,92580,02220,049,028,2,1,NA,NA
35005000001,NM,005,1,1337,275,1027,5,14,3,1,0,12,977,184,769,5,9,3,0,0,7,NA,64930,92190,02250,057,027,2,1,NA,NA
35005000002,NM,005,2,879,209,635,10,2,12,0,1,10,648,125,497,10,2,9,0,1,4,NA,64930,92670,02250,057,027,2,1,NA,NA
35005000003,NM,005,3,952,176,751,12,1,3,0,0,9,721,113,592,8,1,2,0,0,5,NA,64930,92670,02250,057,033,2,1,NA,NA
35005000004,NM,005,4,858,232,597,8,2,7,0,2,10,630,147,465,4,2,6,0,1,5,NA,64930,92670,02250,057,033,2,1,NA,NA
35005000005,NM,005,5,1490,231,1229,11,1,4,0,0,14,1175,146,1011,8,1,3,0,0,6,NA,64930,92670,02250,057,033,2,1,NA,NA
35005000006,NM,005,6,1307,361,897,11,9,6,0,2,21,1058,243,781,8,4,6,0,2,14,NA,64930,92670,02250,057,033,2,1,NA,NA
35005000007,NM,005,7,1074,170,881,0,8,9,0,0,6,804,106,686,0,6,5,0,0,1,NA,64930,92670,02250,057,033,2,1,NA,NA
35005000009,NM,005,9,1222,218,959,0,6,30,0,0,9,900,134,740,0,4,17,0,0,5,NA,64930,92670,02250,057,033,2,1,NA,NA
35005000010,NM,005,10,965,153,800,1,5,2,0,0,4,714,98,605,1,4,2,0,0,4,NA,64930,92280,02250,057,033,2,1,NA,NA
35005000011,NM,005,11,1417,94,1308,3,3,7,0,0,2,1202,77,1111,3,3,7,0,0,1,NA,64930,92670,02250,057,033,2,1,NA,NA
35005000012,NM,005,12,581,77,492,2,1,0,0,0,9,425,42,377,2,1,0,0,0,3,NA,NA,92280,02250,057,033,2,1,NA,NA
35005000013,NM,005,13,1300,568,654,36,17,13,0,0,12,904,367,497,13,11,8,0,0,8,NA,64930,92670,02250,059,032,2,1,NA,NA
35005000014,NM,005,14,988,303,590,36,12,23,4,0,20,817,226,508,33,8,20,4,0,18,NA,64930,92670,02250,057,032,2,1,NA,NA
35005000015,NM,005,15,699,164,496,13,2,8,0,0,16,513,101,385,10,2,6,0,0,9,NA,64930,92670,02250,059,032,2,1,NA,NA
35005000016,NM,005,16,1495,895,564,17,4,12,0,0,3,1039,551,463,10,4,9,0,0,2,NA,64930,92670,02250,057,032,2,1,NA,NA
35005000021,NM,005,21,1370,187,1139,12,5,14,0,2,11,1116,130,954,9,4,11,0,2,6,NA,64930,92670,02250,059,033,2,1,NA,NA
35005000022,NM,005,22,905,209,663,4,6,8,0,2,13,669,135,516,3,3,4,0,1,7,NA,64930,92670,02250,059,033,2,1,NA,NA
35005000023,NM,005,23,1056,429,559,24,17,6,0,0,21,720,263,421,16,7,6,0,0,7,NA,64930,92670,02250,059,033,2,1,NA,NA
35005000024,NM,005,24,870,505,319,11,9,1,1,2,22,600,299,265,10,6,1,0,1,18,NA,64930,92670,02250,059,032,2,1,NA,NA
35005000025,NM,005,25,807,305,463,17,4,3,0,1,14,594,187,380,12,2,2,0,1,10,NA,64930,92670,02250,059,033,2,1,NA,NA
35005000031,NM,005,31,1759,875,803,45,13,4,0,2,17,1189,516,616,33,9,4,0,2,9,NA,64930,92670,02250,059,033,2,1,NA,NA
35005000032,NM,005,32,912,490,378,15,6,6,0,1,16,628,314,286,9,2,5,0,1,11,NA,64930,92670,02250,059,032,2,1,NA,NA
35005000033,NM,005,33,1135,497,585,21,4,3,1,0,24,779,286,464,11,3,3,1,0,11,NA,64930,92670,02250,059,033,2,1,NA,NA
35005000034,NM,005,34,917,477,390,22,7,1,0,2,18,613,285,292,15,7,1,0,1,12,NA,64930,92670,02250,058,032,2,1,NA,NA
35005000035,NM,005,35,1048,414,587,28,3,3,0,1,12,733,252,449,20,3,3,0,1,5,NA,64930,92670,02250,059,033,2,1,NA,NA
35005000036,NM,005,36,1320,492,785,13,6,1,1,4,18,959,309,625,9,4,1,1,2,8,NA,64930,93240,02250,059,033,2,1,NA,NA
35005000041,NM,005,41,2015,562,1405,11,16,6,0,0,15,1441,322,1090,4,9,5,0,0,11,NA,64930,91410,02250,057,033,2,1,NA,NA
35005000042,NM,005,42,1316,934,356,9,9,0,0,0,8,850,556,279,4,6,0,0,0,5,NA,64930,92670,02250,058,032,2,1,NA,NA
35005000043,NM,005,43,1039,724,282,8,12,1,0,0,12,724,456,246,6,11,1,0,0,4,NA,64930,92670,02250,058,032,2,1,NA,NA
35005000051,NM,005,51,995,742,208,22,0,2,0,0,21,687,478,175,21,0,2,0,0,11,NA,64930,92670,02250,058,032,2,1,NA,NA
35005000052,NM,005,52,1134,779,327,12,3,1,0,0,12,779,495,262,10,2,1,0,0,9,NA,64930,92670,02250,058,032,2,1,NA,NA
35005000061,NM,005,61,1027,879,89,30,18,5,0,0,6,712,593,77,21,13,2,0,0,6,NA,64930,92670,02250,058,032,2,1,NA,NA
35005000062,NM,005,62,1354,1104,182,52,9,4,1,0,2,950,738,159,43,4,4,0,0,2,NA,64930,92670,02250,058,032,2,1,NA,NA
35005000063,NM,005,63,2383,1789,417,144,8,11,3,0,11,1578,1128,329,100,5,9,3,0,4,NA,64930,92670,02250,058,032,2,1,NA,NA
35005000071,NM,005,71,727,272,443,9,0,0,0,0,3,587,220,358,9,0,0,0,0,0,NA,64930,93240,02250,058,032,2,1,NA,NA
35005000072,NM,005,72,2291,1342,841,66,27,2,0,2,11,1403,751,589,32,20,1,0,2,8,NA,64930,93240,02250,058,032,2,1,NA,NA
35005000073,NM,005,73,2175,1297,827,3,17,3,0,7,21,1445,803,612,3,12,3,0,3,9,NA,NA,93090,02250,058,032,2,1,NA,NA
35005000081,NM,005,81,642,285,321,12,8,2,0,1,13,481,185,271,10,5,2,0,1,7,NA,64930,92670,02250,059,033,2,1,NA,NA
35005000082,NM,005,82,856,316,518,11,6,1,0,0,4,623,208,400,7,4,1,0,0,3,NA,64930,92670,02250,059,033,2,1,NA,NA
35005000083,NM,005,83,779,193,562,11,4,4,0,0,5,640,131,490,10,4,3,0,0,2,NA,64930,92670,02250,059,033,2,1,NA,NA
35005000084,NM,005,84,1253,417,777,27,6,8,0,1,17,932,257,632,19,5,5,0,1,13,NA,64930,92670,02250,059,033,2,1,NA,NA
35005000085,NM,005,85,691,226,414,15,12,12,0,0,12,521,138,348,14,9,6,0,0,6,NA,64930,92670,02250,059,033,2,1,NA,NA
35005000090,NM,005,90,1448,705,658,60,5,1,0,2,17,999,417,521,45,4,1,0,2,9,NA,64930,93240,02250,058,032,2,1,NA,NA
35005000091,NM,005,91,1345,614,653,49,3,12,1,0,13,942,365,526,31,3,8,1,0,8,NA,64930,92670,02250,059,033,2,1,NA,NA
35005000092,NM,005,92,1911,873,873,88,46,9,0,2,20,1249,484,659,52,32,8,0,0,14,NA,64930,93240,02250,059,033,2,1,NA,NA
35005000093,NM,005,93,1626,591,936,43,14,9,0,2,31,1149,364,732,25,10,8,0,0,10,NA,64930,92670,02250,059,033,2,1,NA,NA
35005000101,NM,005,101,2814,1619,1141,3,13,4,0,8,26,1828,971,823,2,10,3,0,6,13,NA,20620,90960,00750,058,032,2,1,NA,NA
35005000102,NM,005,102,1973,1142,781,22,4,1,0,0,23,1274,682,556,22,4,0,0,0,10,NA,31330,91410,01200,058,032,2,1,NA,NA
35005000103,NM,005,103,718,457,253,4,0,3,0,0,1,450,260,187,2,0,1,0,0,0,NA,37840,91410,01470,058,032,2,1,NA,NA
35005000104,NM,005,104,207,36,155,0,3,0,0,8,5,147,20,118,0,2,0,0,6,1,2205,NA,93240,00120,056,032,2,1,NA,NA
35006000001,NM,006,1,3933,140,62,5,3678,0,0,0,48,2592,82,53,5,2430,0,0,0,22,1840,48200,91710,01170,065,030,2,1,NA,NA
35006000002,NM,006,2,1734,1080,505,39,84,7,1,3,15,1375,823,425,37,67,7,1,2,13,1840,30490,91380,01170,065,030,2,1,NA,NA
35006000003,NM,006,3,169,143,22,0,4,0,0,0,0,132,110,19,0,3,0,0,0,0,NA,NA,91380,01170,065,030,2,1,NA,NA
35006000004,NM,006,4,1301,298,794,3,139,1,0,11,55,905,196,591,3,75,0,0,7,33,2430,48620,91380,01170,069,030,2,1,NA,NA
35006000005,NM,006,5,2695,125,504,5,2017,6,0,0,38,1707,76,406,4,1196,2,0,0,23,2430,57190,93900,01170,006,004,3,1,NA,NA
35006000006,NM,006,6,181,39,107,0,32,0,0,0,3,140,26,92,0,20,0,0,0,2,NA,NA,91380,01170,069,030,2,1,NA,NA
35006000007,NM,006,7,1057,645,367,2,24,2,2,3,12,793,475,288,1,14,2,1,2,10,0010,30490,91380,01170,006,030,2,1,NA,NA
35006000008,NM,006,8,1500,862,424,11,163,18,1,1,20,1082,604,339,10,103,13,1,1,11,NA,30490,91380,01170,006,030,2,1,NA,NA
35006000009,NM,006,9,2378,1222,741,66,288,13,0,11,37,1741,838,636,63,169,9,0,7,19,NA,30490,91380,01170,069,030,2,1,NA,NA
35006000010,NM,006,10,1275,671,383,11,182,13,1,0,14,790,377,279,10,106,10,1,0,7,NA,30490,91380,01170,069,030,2,1,NA,NA
35006000011,NM,006,11,1621,880,559,40,103,17,2,6,14,1152,596,455,22,56,12,1,1,9,NA,30490,91380,01170,069,030,2,1,NA,NA
35006000012,NM,006,12,814,321,308,3,163,9,0,0,10,580,218,261,3,86,6,0,0,6,NA,30490,91380,01170,006,030,2,1,NA,NA
35006000013,NM,006,13,682,485,135,1,44,1,0,5,11,499,357,100,1,30,1,0,3,7,NA,30490,91380,01170,006,030,2,1,NA,NA
35006000014,NM,006,14,857,354,409,10,68,0,0,0,16,604,221,325,10,40,0,0,0,8,NA,48620,91380,01170,069,030,2,1,NA,NA
35006000015,NM,006,15,2025,1016,665,28,277,0,0,5,34,1388,667,515,20,164,0,0,4,18,NA,48620,91380,01170,006,030,2,1,NA,NA
35006000016,NM,006,16,563,217,295,4,31,4,0,2,10,445,159,246,4,29,4,0,2,1,NA,30490,91380,01170,069,030,2,1,NA,NA
35006000017,NM,006,17,2810,57,45,3,2696,0,0,0,9,1825,37,41,1,1740,0,0,0,6,0010,73440,91380,01170,065,030,2,1,NA,NA
35007000001,NM,007,1,2103,333,1681,5,24,10,0,1,49,1625,217,1342,4,18,7,0,1,36,4140,03400,90600,00480,068,007,3,2,NA,NA
35007000002,NM,007,2,642,319,307,0,7,1,0,0,8,471,209,248,0,5,1,0,0,8,NA,15440,90600,00480,068,007,3,2,NA,NA
35007000003,NM,007,3,522,262,253,1,3,0,0,0,3,397,178,212,1,3,0,0,0,3,NA,15440,90600,00480,068,007,3,2,NA,NA
35007000004,NM,007,4,882,461,373,19,16,4,0,0,9,580,289,270,8,4,4,0,0,5,NA,74800,93270,02490,068,007,3,2,NA,NA
35007000005,NM,007,5,1181,780,386,1,4,1,0,0,9,885,555,319,1,3,1,0,0,6,NA,74800,93270,02490,068,007,3,2,NA,NA
35007000007,NM,007,7,488,198,278,0,2,0,0,0,10,367,143,214,0,2,0,0,0,8,NA,47080,93270,01800,068,007,3,2,NA,NA
35007000010,NM,007,10,252,97,147,0,4,4,0,0,0,199,70,122,0,3,4,0,0,0,NA,62060,92520,02190,068,007,3,2,NA,NA
35007000011,NM,007,11,464,259,184,2,3,2,0,4,10,352,182,156,2,3,1,0,2,6,NA,62060,92520,02190,068,007,3,2,NA,NA
35007000012,NM,007,12,499,254,231,1,7,0,0,2,4,372,175,188,0,3,0,0,2,4,NA,62060,92520,02190,068,007,3,2,NA,NA
35007000013,NM,007,13,224,78,144,0,0,1,0,0,1,185,55,129,0,0,0,0,0,1,NA,62060,92520,02190,068,007,3,2,NA,NA
35007000014,NM,007,14,419,159,252,1,1,1,0,0,5,330,109,214,1,1,1,0,0,4,NA,62060,92520,02190,068,007,3,2,NA,NA
35007000015,NM,007,15,579,150,421,0,3,2,0,1,2,474,104,362,0,3,2,0,1,2,NA,62060,92520,02190,068,007,3,2,NA,NA
35007000016,NM,007,16,1704,827,849,4,7,3,0,5,9,1248,551,672,3,7,3,0,5,7,NA,62060,92520,02190,068,007,3,2,NA,NA
35007000017,NM,007,17,865,624,211,4,4,10,0,6,6,629,432,176,2,4,6,0,3,6,NA,62060,92520,02190,068,007,3,2,NA,NA
35007000018,NM,007,18,219,161,53,0,0,4,0,1,0,184,130,49,0,0,4,0,1,0,NA,62060,92520,02190,068,007,3,2,NA,NA
35007000019,NM,007,19,449,385,56,0,5,0,0,0,3,308,266,37,0,4,0,0,0,1,NA,62060,92520,02190,068,007,3,2,NA,NA
35007000020,NM,007,20,921,698,212,3,4,1,0,0,3,658,486,164,3,3,0,0,0,2,NA,62060,92520,02190,068,007,3,2,NA,NA
35007000021,NM,007,21,1012,505,481,0,13,0,1,5,7,777,345,413,0,8,0,1,3,7,NA,62060,92520,02190,068,007,3,2,NA,NA
35007000022,NM,007,22,764,189,562,0,2,1,0,2,8,586,128,446,0,2,1,0,2,7,NA,62060,92520,02190,068,007,3,2,NA,NA
35009000001,NM,009,1,211,16,193,0,0,0,0,0,2,167,9,156,0,0,0,0,0,2,NA,NA,90390,01140,067,007,3,2,NA,NA
35009000002,NM,009,2,237,15,218,2,1,0,0,0,1,170,9,159,1,1,0,0,0,0,NA,16420,90720,02580,064,007,3,2,NA,NA
35009000003,NM,009,3,431,90,332,6,2,0,0,0,1,291,50,237,2,1,0,0,0,1,NA,NA,90720,00570,067,027,3,2,NA,NA
35009000004,NM,009,4,1039,111,897,3,11,5,0,0,12,763,70,669,3,10,0,0,0,11,NA,47570,92010,01830,067,027,3,2,NA,NA
35009000005,NM,009,5,1017,531,421,39,5,0,0,0,21,655,298,319,19,4,0,0,0,15,NA,16420,90720,00570,063,027,3,2,NA,NA
35009000006,NM,009,6,1150,817,135,181,2,5,0,1,9,686,458,93,123,2,5,0,1,4,NA,16420,90720,00570,063,027,3,2,NA,NA
35009000007,NM,009,7,1651,924,371,296,18,10,0,0,32,956,502,247,174,12,7,0,0,14,NA,16420,90720,00570,063,027,3,2,NA,NA
35009000008,NM,009,8,1731,847,599,230,8,15,2,3,27,1167,528,457,147,5,12,2,2,14,NA,16420,90720,00570,063,027,3,2,NA,NA
35009000009,NM,009,9,2095,1034,798,166,15,33,1,0,48,1435,639,625,107,9,28,1,0,26,NA,16420,90720,00570,063,027,3,2,NA,NA
35009000010,NM,009,10,633,94,516,6,2,4,0,0,11,497,60,423,4,2,2,0,0,6,NA,16420,90720,00570,067,027,3,2,NA,NA
35009000011,NM,009,11,2079,472,1414,119,6,16,7,6,39,1533,281,1121,80,6,15,5,2,23,NA,16420,90720,00570,064,042,3,2,NA,NA
35009000012,NM,009,12,1684,502,983,124,16,29,3,5,22,1138,275,734,83,12,22,3,3,6,NA,16420,90720,00570,064,007,3,2,NA,NA
35009000013,NM,009,13,949,165,729,25,5,6,0,3,16,738,92,610,18,5,5,0,0,8,NA,16420,90720,00570,064,042,3,2,NA,NA
35009000014,NM,009,14,1119,169,900,23,2,19,0,0,6,870,114,721,16,1,14,0,0,4,NA,16420,90720,00570,064,042,3,2,NA,NA
35009000015,NM,009,15,1428,386,893,90,8,10,2,1,38,953,199,660,59,6,9,2,0,18,NA,16420,90720,00570,064,007,3,2,NA,NA
35009000016,NM,009,16,83,4,79,0,0,0,0,0,0,69,3,66,0,0,0,0,0,0,NA,NA,90720,01830,067,007,3,2,NA,NA
35009000017,NM,009,17,1549,146,1213,81,21,57,0,1,30,1191,94,958,54,17,53,0,1,14,NA,16420,90720,00570,064,007,3,2,NA,NA
35009000018,NM,009,18,2360,263,1799,112,9,126,6,8,37,1472,153,1157,59,5,82,3,2,11,NA,16420,90720,00570,064,007,3,2,NA,NA
35009000019,NM,009,19,1816,211,1447,79,8,34,2,1,34,1352,123,1128,48,8,28,2,0,15,NA,16420,90720,00570,064,042,3,2,NA,NA
35009000020,NM,009,20,1985,856,886,157,13,31,0,1,41,1432,550,722,103,12,24,0,1,20,NA,16420,90720,00570,064,027,3,2,NA,NA
35009000021,NM,009,21,1989,712,1069,129,16,18,1,5,39,1401,420,840,87,12,16,1,1,24,NA,16420,90720,00570,064,042,3,2,NA,NA
35009000022,NM,009,22,895,464,380,29,7,4,0,0,11,614,278,302,19,5,4,0,0,6,NA,16420,90720,00570,064,042,3,2,NA,NA
35009000023,NM,009,23,718,47,644,11,1,10,1,0,4,585,30,534,8,1,7,1,0,4,NA,16420,90720,00570,064,042,3,2,NA,NA
35009000024,NM,009,24,1530,283,1093,77,5,45,3,2,22,1158,185,867,56,5,32,2,1,10,NA,16420,90720,00570,064,007,3,2,NA,NA
35009000025,NM,009,25,1120,829,144,125,5,6,0,0,11,744,540,104,83,2,6,0,0,9,NA,16420,90720,00570,063,027,3,2,NA,NA
35009000026,NM,009,26,1155,575,449,100,8,4,0,3,16,775,352,345,56,8,3,0,3,8,NA,16420,90720,00570,063,042,3,2,NA,NA
35009000027,NM,009,27,507,213,276,12,2,0,0,0,4,375,132,229,8,2,0,0,0,4,NA,16420,90720,00570,063,042,3,2,NA,NA
35009000028,NM,009,28,843,565,257,13,2,0,0,0,6,546,339,196,8,2,0,0,0,1,NA,16420,90720,00570,063,027,3,2,NA,NA
35009000029,NM,009,29,3145,612,1897,342,27,138,7,4,118,2451,425,1548,270,23,115,7,3,60,NA,10750,90720,00570,063,027,3,2,NA,NA
35009000030,NM,009,30,964,365,568,20,6,3,0,0,2,646,207,416,16,3,3,0,0,1,NA,16420,90720,00570,063,027,3,2,NA,NA
35009000031,NM,009,31,2584,455,1651,230,8,108,8,8,116,1494,245,1007,130,4,66,4,3,35,NA,16420,90720,00570,064,027,3,2,NA,NA
35009000032,NM,009,32,579,90,464,12,0,11,0,0,2,477,52,404,10,0,10,0,0,1,NA,16420,90720,00570,064,042,3,2,NA,NA
35009000033,NM,009,33,1461,576,800,48,7,2,1,3,24,995,377,565,36,6,2,1,2,6,NA,77250,90720,02580,066,042,3,2,NA,NA
35009000034,NM,009,34,175,19,155,0,1,0,0,0,0,127,15,111,0,1,0,0,0,0,NA,30210,90390,01140,067,007,3,2,NA,NA
35009000035,NM,009,35,680,65,603,0,2,3,0,0,7,497,46,440,0,1,3,0,0,7,NA,16420,90720,00570,064,007,3,2,NA,NA
35009000036,NM,009,36,402,65,322,6,0,0,0,0,9,272,35,227,4,0,0,0,0,6,NA,10750,90720,00570,063,027,3,2,NA,NA
35009000037,NM,009,37,1050,97,866,42,4,28,0,0,13,791,60,670,29,3,22,0,0,7,NA,16420,90720,00570,064,007,3,2,NA,NA
35011000001,NM,011,1,178,34,140,0,0,1,0,0,3,136,22,113,0,0,1,0,0,0,NA,37875,91110,01050,067,008,2,1,NA,NA
35011000002,NM,011,2,959,226,715,1,8,0,0,0,9,701,146,539,1,7,0,0,0,8,NA,27340,91110,01050,067,008,2,1,NA,NA
35011000003,NM,011,3,701,236,447,0,4,3,0,1,10,570,183,375,0,4,1,0,1,6,NA,27340,91110,01050,067,008,2,1,NA,NA
35011000004,NM,011,4,402,294,105,0,1,1,0,0,1,293,207,84,0,1,0,0,0,1,NA,27340,91110,01050,067,008,2,1,NA,NA
35013000002,NM,013,2,1358,1044,285,1,12,1,4,2,9,870,626,226,1,9,1,1,1,5,NA,31820,91440,01230,036,036,2,1,NA,NA
35013000003,NM,013,3,1407,1131,268,0,0,0,0,3,5,885,675,203,0,0,0,0,3,4,NA,31820,91440,01230,032,035,2,1,NA,NA
35013000004,NM,013,4,1828,1536,271,3,8,6,0,0,4,1293,1065,210,3,7,4,0,0,4,NA,21110,91050,01500,036,036,2,1,NA,NA
35013000005,NM,013,5,3590,2352,1107,46,22,11,3,8,41,2351,1435,837,26,14,8,1,7,23,NA,NA,91050,01500,052,037,2,1,NA,NA
35013000006,NM,013,6,1499,277,948,151,13,50,1,0,59,959,161,637,86,9,33,1,0,32,NA,84845,93840,01500,052,037,2,1,NA,NA
35013000008,NM,013,8,3150,2950,169,5,15,2,0,0,9,1907,1765,125,5,7,1,0,0,4,NA,81590,90090,01080,034,038,2,1,NA,NA
35013000009,NM,013,9,1513,1393,82,32,1,3,0,1,1,947,857,64,22,1,1,0,1,1,NA,81590,90090,01080,034,038,2,1,NA,NA
35013000010,NM,013,10,2575,2377,169,7,6,4,0,0,12,1524,1373,132,7,3,4,0,0,5,NA,NA,90090,01080,034,038,2,1,NA,NA
35013000011,NM,013,11,3164,3081,66,1,3,3,2,0,8,1850,1799,42,1,1,3,1,0,3,NA,03820,90090,01080,052,031,2,1,NA,NA
35013000012,NM,013,12,3911,3568,301,11,6,6,0,5,14,2450,2191,241,6,3,3,0,3,3,NA,03820,90090,01080,034,031,2,1,NA,NA
35013000014,NM,013,14,2197,1061,1052,26,18,12,4,2,22,1618,663,902,18,6,10,3,2,14,NA,70700,93060,01080,034,031,2,1,NA,NA
35013000015,NM,013,15,3266,2467,761,8,8,4,2,2,14,2265,1628,609,7,7,3,2,0,9,NA,70700,93060,01080,034,031,2,1,NA,NA
35013000016,NM,013,16,1627,1317,292,3,4,1,0,0,10,1136,891,231,2,4,1,0,0,7,NA,NA,93060,01080,032,038,2,1,NA,NA
35013000017,NM,013,17,1677,1385,271,1,4,1,0,1,14,1161,930,216,0,4,1,0,1,9,NA,NA,93060,01080,033,038,2,1,NA,NA
35013000019,NM,013,19,2605,1296,1174,79,28,17,1,3,7,2124,1013,987,79,24,14,1,2,4,NA,39380,91260,01500,032,038,2,1,NA,NA
3501300001A,NM,013,1A,1563,1292,246,1,11,3,0,0,10,943,727,200,1,5,2,0,0,8,NA,65840,91440,01230,036,036,2,1,NA,NA
3501300001B,NM,013,1B,533,431,100,0,2,0,0,0,0,336,268,66,0,2,0,0,0,0,NA,62900,91440,01230,036,036,2,1,NA,NA
35013000022,NM,013,22,794,418,334,22,11,2,0,0,7,552,259,263,14,11,2,0,0,3,NA,39380,91740,01500,036,038,2,1,NA,NA
35013000023,NM,013,23,1873,1446,392,10,10,0,0,0,15,1203,871,305,8,8,0,0,0,11,NA,39380,91740,01500,036,038,2,1,NA,NA
35013000024,NM,013,24,1920,1200,656,27,8,1,1,0,27,1260,694,526,24,5,1,1,0,9,NA,39380,91740,01500,036,036,2,1,NA,NA
35013000025,NM,013,25,815,364,420,4,7,7,0,1,12,587,229,335,2,7,7,0,1,6,NA,39380,91740,01500,036,036,2,1,NA,NA
35013000026,NM,013,26,1725,661,975,21,23,17,0,3,25,1314,437,813,13,14,13,0,3,21,NA,39380,91740,01500,037,036,2,1,NA,NA
35013000027,NM,013,27,1326,888,367,30,11,7,0,0,23,894,559,285,16,10,7,0,0,17,NA,39380,91740,01500,035,036,2,1,NA,NA
35013000028,NM,013,28,2036,1599,295,91,13,10,5,3,20,1348,1019,246,62,6,6,0,3,6,NA,39380,91740,01500,035,036,2,1,NA,NA
35013000029,NM,013,29,659,577,52,16,1,4,1,0,8,474,404,48,10,1,3,1,0,7,NA,39380,91740,01500,035,036,2,1,NA,NA
35013000030,NM,013,30,1002,473,472,18,11,6,0,4,18,765,329,392,14,9,6,0,4,11,NA,39380,91740,01500,036,036,2,1,NA,NA
35013000031,NM,013,31,930,408,468,14,7,3,2,5,23,727,280,400,12,6,3,1,5,20,NA,39380,91740,01500,036,038,2,1,NA,NA
35013000032,NM,013,32,493,431,52,0,7,0,0,2,1,330,279,46,0,5,0,0,0,0,NA,39380,91740,01500,035,036,2,1,NA,NA
35013000033,NM,013,33,973,316,609,22,5,11,0,0,10,853,234,589,13,5,8,0,0,4,NA,39380,91740,01500,035,036,2,1,NA,NA
35013000034,NM,013,34,1795,1083,642,37,6,12,1,0,14,1285,706,530,24,4,11,1,0,9,NA,39380,91740,01500,035,036,2,1,NA,NA
35013000035,NM,013,35,893,720,143,9,10,2,0,6,3,591,460,109,7,9,2,0,2,2,NA,39380,91740,01500,035,036,2,1,NA,NA
35013000036,NM,013,36,706,641,51,6,6,1,0,0,1,511,453,45,6,5,1,0,0,1,NA,39380,91740,01500,035,036,2,1,NA,NA
35013000037,NM,013,37,905,389,461,11,11,2,2,6,23,727,287,399,9,9,2,1,5,15,NA,39380,91740,01500,035,038,2,1,NA,NA
35013000038,NM,013,38,3654,2742,742,82,26,19,0,0,43,2663,1905,627,65,18,14,0,0,34,NA,39380,91740,01500,033,038,2,1,NA,NA
35013000039,NM,013,39,935,479,423,5,17,2,0,1,8,744,347,372,4,13,1,0,1,6,NA,39380,91740,01500,035,038,2,1,NA,NA
35013000040,NM,013,40,2327,1108,1097,27,24,22,1,10,38,1767,766,915,20,19,17,1,8,21,NA,39380,91740,01500,033,038,2,1,NA,NA
35013000041,NM,013,41,734,567,128,10,11,3,0,3,12,537,404,101,8,11,2,0,2,9,NA,39380,91740,01500,035,036,2,1,NA,NA
35013000042,NM,013,42,794,651,90,19,16,5,0,5,8,566,464,65,10,16,3,0,3,5,NA,39380,91740,01500,035,036,2,1,NA,NA
35013000043,NM,013,43,943,697,187,15,18,5,0,7,14,671,479,155,9,12,5,0,5,6,NA,39380,91740,01500,035,036,2,1,NA,NA
35013000044,NM,013,44,1067,732,284,23,2,7,0,2,17,768,506,231,12,2,6,0,2,9,NA,39380,91740,01500,035,036,2,1,NA,NA
35013000045,NM,013,45,1255,760,414,40,10,5,0,5,21,905,507,343,23,8,5,0,5,14,NA,39380,91740,01500,037,036,2,1,NA,NA
35013000046,NM,013,46,935,573,310,24,9,1,0,0,18,668,387,247,16,8,1,0,0,9,NA,39380,91740,01500,035,038,2,1,NA,NA
35013000047,NM,013,47,1443,939,408,43,25,3,0,7,18,1026,616,347,24,17,3,0,6,13,NA,39380,91740,01500,035,038,2,1,NA,NA
35013000048,NM,013,48,1745,1154,448,63,37,7,1,3,32,1316,815,398,43,30,7,1,3,19,NA,39380,91740,01500,033,038,2,1,NA,NA
35013000049,NM,013,49,844,464,331,12,11,10,0,5,11,651,325,287,7,10,7,0,4,11,NA,39380,91740,01500,033,038,2,1,NA,NA
35013000050,NM,013,50,626,274,318,13,3,3,0,0,15,488,188,272,11,2,3,0,0,12,NA,39380,91740,01500,033,038,2,1,NA,NA
35013000051,NM,013,51,955,433,452,21,5,19,0,5,20,709,300,363,11,5,17,0,3,10,NA,39380,91740,01500,035,038,2,1,NA,NA
35013000052,NM,013,52,1975,857,930,71,27,30,1,10,49,1597,629,828,54,27,24,1,8,26,NA,39380,91740,01500,037,037,2,1,NA,NA
35013000053,NM,013,53,2574,1008,864,97,65,119,0,340,81,2337,874,799,86,61,113,0,338,66,NA,39380,91740,01500,037,031,2,1,NA,NA
35013000054,NM,013,54,1383,522,517,57,77,134,3,11,62,940,314,397,39,49,100,2,6,33,NA,81030,91740,01500,033,031,2,1,NA,NA
35013000055,NM,013,55,1226,473,586,48,35,33,0,8,43,982,340,506,34,26,32,0,8,36,NA,39380,91740,01500,033,038,2,1,NA,NA
35013000056,NM,013,56,1720,700,972,9,12,17,1,1,8,1273,460,782,5,8,13,1,1,3,NA,39380,91740,01500,033,038,2,1,NA,NA
35013000058,NM,013,58,1385,507,697,71,68,17,0,14,11,1377,504,692,71,68,17,0,14,11,NA,81030,91740,01500,037,031,2,1,NA,NA
35013000059,NM,013,59,1675,564,1010,44,7,24,1,0,25,1249,374,793,38,7,21,0,0,16,NA,39380,91050,01500,037,037,2,1,NA,NA
35013000060,NM,013,60,723,615,108,0,0,0,0,0,0,415,341,74,0,0,0,0,0,0,NA,31820,91440,01230,032,036,2,1,NA,NA
35013000061,NM,013,61,1597,554,967,31,13,10,1,1,20,1254,391,806,25,7,9,1,1,14,NA,39380,91050,01500,037,037,2,1,NA,NA
35013000062,NM,013,62,4177,2442,1619,29,32,14,0,4,37,2854,1476,1305,23,16,11,0,3,20,NA,39380,91050,01500,052,037,2,1,NA,NA
35013000063,NM,013,63,2602,1284,1266,10,15,5,0,5,17,1917,858,1019,10,10,5,0,3,12,NA,61010,91050,01500,036,036,2,1,NA,NA
35013000064,NM,013,64,881,467,381,2,10,1,0,0,20,582,256,304,2,7,1,0,0,12,NA,NA,91050,01500,052,037,2,1,NA,NA
35013000065,NM,013,65,3930,3037,752,67,20,7,1,2,44,2332,1695,545,44,14,6,1,2,25,NA,39380,91050,01500,052,037,2,1,NA,NA
35013000066,NM,013,66,2971,1728,1108,46,17,31,1,2,38,1997,1029,881,27,12,23,1,2,22,NA,39380,91740,01500,052,037,2,1,NA,NA
35013000068,NM,013,68,1022,460,496,21,18,16,0,1,10,843,358,430,15,17,13,0,1,9,NA,39380,91740,01500,037,037,2,1,NA,NA
35013000069,NM,013,69,1269,484,691,35,4,32,0,0,23,1058,368,618,23,4,26,0,0,19,NA,39380,91740,01500,037,037,2,1,NA,NA
35013000070,NM,013,70,887,327,507,19,2,17,0,0,15,748,250,460,15,1,14,0,0,8,NA,39380,91740,01500,037,037,2,1,NA,NA
35013000071,NM,013,71,909,219,651,2,7,20,0,2,8,733,154,551,2,5,14,0,2,5,NA,39380,91740,01500,037,037,2,1,NA,NA
35013000072,NM,013,72,593,186,355,21,2,10,2,1,16,487,139,311,14,2,6,2,1,12,NA,39380,91740,01500,037,037,2,1,NA,NA
35013000074,NM,013,74,1373,890,455,8,7,3,0,0,10,882,499,363,8,5,3,0,0,4,NA,14250,90090,01080,052,031,2,1,NA,NA
35013000075,NM,013,75,3349,2184,1041,40,21,12,7,0,44,2089,1256,757,28,13,11,2,0,22,NA,14250,90090,01080,052,031,2,1,NA,NA
35013000076,NM,013,76,1642,1055,516,15,8,10,1,2,35,1097,653,396,12,6,7,1,2,20,NA,14250,90090,01080,052,031,2,1,NA,NA
35013000078,NM,013,78,3086,2128,877,5,42,10,0,8,16,2151,1383,710,3,33,10,0,1,11,NA,39380,91740,01500,033,038,2,1,NA,NA
35013000079,NM,013,79,1815,1612,187,0,7,4,0,0,5,1170,1006,150,0,5,4,0,0,5,NA,48270,90090,01500,034,031,2,1,NA,NA
3501300007A,NM,013,7A,1615,923,639,18,1,13,0,1,20,1090,544,509,13,0,11,0,0,13,NA,39380,91740,01500,034,031,2,1,NA,NA
3501300007B,NM,013,7B,1639,1131,494,2,3,3,0,4,2,1089,698,379,2,2,3,0,3,2,NA,48270,90090,01500,034,031,2,1,NA,NA
35013000080,NM,013,80,2785,2758,21,1,1,3,0,0,1,1665,1642,19,1,1,1,0,0,1,NA,03820,90090,01080,052,031,2,1,NA,NA
35013000081,NM,013,81,433,269,158,0,3,1,0,0,2,298,158,136,0,1,1,0,0,2,NA,NA,93060,01080,034,031,2,1,NA,NA
35013000082,NM,013,82,1406,1236,161,3,2,3,0,0,1,1009,876,126,3,1,3,0,0,0,NA,NA,93060,01500,033,038,2,1,NA,NA
35013000083,NM,013,83,1679,827,783,31,6,8,2,11,11,1191,532,612,18,4,6,2,9,8,NA,39380,91740,01500,037,037,2,1,NA,NA
35013000084,NM,013,84,1249,719,497,3,8,1,0,2,19,888,468,398,3,6,1,0,1,11,NA,39380,91740,01500,036,036,2,1,NA,NA
35013000085,NM,013,85,1214,615,557,17,6,3,1,7,8,828,367,427,13,6,3,1,4,7,NA,39380,91050,01500,036,036,2,1,NA,NA
35013000086,NM,013,86,2645,1463,1118,14,16,6,2,1,25,1901,977,882,8,15,6,2,1,10,NA,NA,91050,01500,036,036,2,1,NA,NA
35013000087,NM,013,87,1412,468,894,2,1,4,0,7,36,1038,311,685,2,1,3,0,5,31,NA,NA,91050,01500,036,035,2,1,NA,NA
35013000088,NM,013,88,583,316,248,3,2,1,0,0,13,406,206,190,0,2,1,0,0,7,NA,39380,91740,01500,036,038,2,1,NA,NA
35013000089,NM,013,89,1046,327,669,24,5,9,0,1,11,790,206,544,21,4,8,0,1,6,NA,39380,91740,01500,037,037,2,1,NA,NA
35013000090,NM,013,90,847,341,470,14,4,4,0,0,14,637,237,378,6,4,4,0,0,8,NA,39380,91740,01500,036,038,2,1,NA,NA
35013000091,NM,013,91,1064,603,408,22,12,8,0,0,11,736,378,325,9,9,6,0,0,9,NA,39380,91740,01500,035,036,2,1,NA,NA
35013000092,NM,013,92,693,613,65,3,8,0,0,1,3,475,407,56,3,6,0,0,1,2,NA,39380,91740,01500,035,036,2,1,NA,NA
35013000093,NM,013,93,395,352,30,0,6,4,0,2,1,277,242,25,0,5,2,0,2,1,NA,39380,91740,01500,035,036,2,1,NA,NA
35013000094,NM,013,94,1355,852,421,45,8,8,0,7,14,988,549,384,27,7,8,0,4,9,NA,39380,91740,01500,037,036,2,1,NA,NA
3501300013A,NM,013,13A,7875,7718,117,7,13,5,0,9,6,4834,4730,79,4,10,4,0,3,4,NA,75640,93060,01080,034,031,2,1,NA,NA
3501300013B,NM,013,13B,4881,4724,128,8,14,0,0,1,6,3140,3018,105,6,7,0,0,1,3,NA,75640,93060,01080,034,031,2,1,NA,NA
3501300018A,NM,013,18A,1230,828,370,0,6,1,1,0,24,982,641,314,0,3,1,1,0,22,NA,48060,91740,01500,033,038,2,1,NA,NA
3501300018B,NM,013,18B,915,371,511,4,4,11,0,2,12,675,254,398,3,4,9,0,2,5,NA,48060,91740,01500,033,038,2,1,NA,NA
3501300020A,NM,013,20A,1380,748,580,12,8,11,2,2,17,935,458,440,9,7,8,1,2,10,NA,39380,91740,01500,036,036,2,1,NA,NA
3501300020B,NM,013,20B,1814,832,904,21,17,9,3,6,22,1256,493,713,13,13,7,2,3,12,NA,39380,91740,01500,036,036,2,1,NA,NA
3501300021A,NM,013,21A,1289,254,1011,1,4,6,0,1,12,1068,173,878,1,3,6,0,1,6,NA,39380,91260,01500,032,035,2,1,NA,NA
3501300021B,NM,013,21B,1460,693,746,3,1,2,1,2,12,1060,447,597,3,1,2,1,2,7,NA,39380,91260,01500,032,035,2,1,NA,NA
3501300057A,NM,013,57A,1037,465,530,11,11,1,0,0,19,786,306,454,9,5,1,0,0,11,NA,39380,91740,01500,033,031,2,1,NA,NA
3501300057B,NM,013,57B,1783,1353,394,7,17,1,0,2,9,1186,860,301,4,14,0,0,1,6,NA,NA,91740,01500,033,031,2,1,NA,NA
3501300067A,NM,013,67A,1603,496,1020,36,6,22,0,0,23,1281,356,865,28,3,17,0,0,12,NA,39380,91740,01500,037,037,2,1,NA,NA
3501300067B,NM,013,67B,1640,372,1177,22,7,48,1,3,10,1280,250,962,16,6,36,1,1,8,NA,39380,91740,01500,037,037,2,1,NA,NA
3501300073A,NM,013,73A,1462,294,1047,20,23,52,1,1,24,1290,241,956,16,17,38,1,1,20,NA,39380,91740,01500,037,037,2,1,NA,NA
3501300073B,NM,013,73B,2183,623,1396,25,4,63,3,2,67,1699,429,1149,19,4,46,3,2,47,NA,39380,91740,01500,052,037,2,1,NA,NA
3501300077A,NM,013,77A,1104,181,863,13,6,20,0,7,14,867,130,692,11,6,15,0,2,11,NA,39380,91740,01500,052,031,2,1,NA,NA
3501300077B,NM,013,77B,1637,452,1125,11,8,14,0,4,23,1253,292,923,6,7,9,0,2,14,NA,39380,91740,01500,052,031,2,1,NA,NA
35015000001,NM,015,1,1725,630,1045,9,14,4,1,0,22,1229,396,800,9,12,4,1,0,7,NA,05220,90150,00120,057,033,2,1,NA,NA
35015000002,NM,015,2,2097,1668,347,53,9,1,3,2,14,1362,1065,245,38,6,1,1,2,4,NA,05220,90150,00120,054,032,2,1,NA,NA
35015000003,NM,015,3,1171,595,518,19,15,1,6,0,17,802,367,400,12,8,1,4,0,10,NA,05220,90150,00120,054,032,2,1,NA,NA
35015000004,NM,015,4,2053,646,1370,8,14,0,0,1,14,1434,383,1026,6,10,0,0,1,8,NA,05220,90150,00120,057,033,2,1,NA,NA
35015000005,NM,015,5,1588,345,1210,4,12,1,0,2,14,1137,212,906,2,9,0,0,1,7,NA,05220,90150,00120,057,033,2,1,NA,NA
35015000006,NM,015,6,2089,889,1140,20,16,2,2,0,20,1410,492,878,9,12,2,1,0,16,NA,05220,90150,00120,054,033,2,1,NA,NA
35015000007,NM,015,7,2035,697,1273,28,16,7,0,3,11,1457,437,975,20,10,6,0,1,8,NA,05220,90150,00120,054,032,2,1,NA,NA
35015000008,NM,015,8,717,150,550,0,9,0,0,0,8,513,91,413,0,5,0,0,0,4,NA,05220,90150,00120,057,033,2,1,NA,NA
35015000009,NM,015,9,1643,915,685,26,5,1,0,0,11,1106,576,503,18,3,1,0,0,5,NA,12150,90480,00300,054,041,2,1,NA,NA
35015000010,NM,015,10,1390,881,308,163,20,4,0,5,9,1009,603,243,142,9,2,0,2,8,NA,12150,90480,00300,054,041,2,1,NA,NA
35015000011,NM,015,11,1074,797,224,21,4,20,0,0,8,754,536,173,19,4,18,0,0,4,NA,12150,90480,00300,054,041,2,1,NA,NA
35015000012,NM,015,12,376,216,141,13,4,0,0,0,2,274,152,108,10,3,0,0,0,1,NA,12150,90480,00300,054,041,2,1,NA,NA
35015000013,NM,015,13,1369,776,525,55,3,4,0,0,6,973,526,397,39,3,3,0,0,5,NA,12150,90480,00300,054,041,2,1,NA,NA
35015000014,NM,015,14,960,532,396,14,8,2,0,0,8,684,346,318,9,4,1,0,0,6,NA,12150,90480,00300,054,041,2,1,NA,NA
35015000015,NM,015,15,1354,712,594,24,15,2,0,0,7,890,431,432,14,7,2,0,0,4,NA,12150,90480,00300,054,041,2,1,NA,NA
35015000016,NM,015,16,2003,828,1068,49,15,9,0,2,32,1387,526,792,30,5,9,0,1,24,NA,12150,90480,00300,054,041,2,1,NA,NA
35015000017,NM,015,17,1488,320,1108,22,18,4,0,0,16,1134,207,885,16,10,4,0,0,12,NA,12150,90480,00300,055,034,2,1,NA,NA
35015000018,NM,015,18,1361,338,967,4,23,13,0,0,16,969,195,739,3,14,9,0,0,9,NA,12150,90480,00300,054,034,2,1,NA,NA
35015000019,NM,015,19,822,177,604,8,5,18,0,2,8,647,104,508,7,5,14,0,2,7,NA,12150,90480,00300,055,034,2,1,NA,NA
35015000020,NM,015,20,1356,403,914,9,5,11,2,0,12,1059,282,750,8,4,8,2,0,5,NA,12150,90480,00300,055,034,2,1,NA,NA
35015000021,NM,015,21,1101,412,634,18,16,1,0,0,20,805,267,502,14,11,1,0,0,10,NA,12150,90480,00300,055,034,2,1,NA,NA
35015000023,NM,015,23,1240,530,678,7,6,1,1,1,16,914,338,556,5,4,1,1,1,8,NA,12150,90480,00300,055,034,2,1,NA,NA
35015000025,NM,015,25,719,124,555,10,6,7,0,0,17,559,87,445,8,5,5,0,0,9,NA,12150,90480,00300,055,034,2,1,NA,NA
35015000026,NM,015,26,1147,224,897,4,9,2,0,0,11,864,143,707,3,5,1,0,0,5,NA,12150,90480,00300,055,034,2,1,NA,NA
35015000027,NM,015,27,1483,152,1280,8,6,22,2,1,12,1185,99,1047,6,5,19,2,0,7,NA,12150,90480,00300,055,034,2,1,NA,NA
35015000028,NM,015,28,1199,108,1055,4,5,15,0,0,12,878,70,783,4,5,11,0,0,5,NA,12150,90480,00300,055,034,2,1,NA,NA
35015000029,NM,015,29,67,0,66,0,1,0,0,0,0,57,0,56,0,1,0,0,0,0,NA,NA,90480,00300,054,034,2,1,NA,NA
35015000030,NM,015,30,216,60,144,3,3,0,0,4,2,147,32,107,1,2,0,0,3,2,NA,NA,90480,00300,054,034,2,1,NA,NA
35015000031,NM,015,31,253,147,104,0,0,0,0,0,2,176,93,81,0,0,0,0,0,2,NA,NA,91920,00300,055,041,2,1,NA,NA
35015000032,NM,015,32,1817,1239,542,3,15,0,0,0,18,1212,780,404,2,11,0,0,0,15,NA,44420,91920,01710,055,041,2,1,NA,NA
35015000033,NM,015,33,1968,839,1088,4,7,0,1,9,20,1365,539,798,3,7,0,1,5,12,NA,12150,90480,00300,055,041,2,1,NA,NA
35015000034,NM,015,34,2787,1018,1689,13,27,8,2,2,28,1904,598,1256,8,19,6,1,2,14,NA,12150,90480,00300,055,034,2,1,NA,NA
35015000035,NM,015,35,1351,378,925,12,18,2,0,0,16,948,231,691,8,9,2,0,0,7,NA,12150,90480,00300,054,034,2,1,NA,NA
35015000036,NM,015,36,1117,143,950,5,3,10,0,0,6,819,86,713,5,3,7,0,0,5,NA,12150,90480,00300,055,034,2,1,NA,NA
35015000037,NM,015,37,619,74,525,0,7,7,0,0,6,444,46,385,0,5,5,0,0,3,NA,12150,91800,00300,055,034,2,1,NA,NA
35015000038,NM,015,38,283,41,234,0,2,0,0,0,6,220,23,190,0,2,0,0,0,5,NA,NA,90480,00120,054,034,2,1,NA,NA
35015000039,NM,015,39,711,300,404,1,3,0,0,0,3,492,196,292,0,1,0,0,0,3,NA,NA,90150,00120,055,034,2,1,NA,NA
35015000040,NM,015,40,229,35,171,1,0,1,0,0,21,169,19,131,1,0,1,0,0,17,NA,33290,90150,00120,054,034,2,1,NA,NA
35015000041,NM,015,41,1073,491,559,0,7,0,0,0,16,682,300,368,0,5,0,0,0,9,NA,NA,90150,00120,058,032,2,1,NA,NA
35015000042,NM,015,42,179,28,142,0,0,0,0,0,9,127,15,103,0,0,0,0,0,9,NA,NA,91800,00120,057,033,2,1,NA,NA
35015000043,NM,015,43,505,419,81,1,2,0,0,1,1,340,271,64,1,2,0,0,1,1,NA,05220,90150,00120,054,032,2,1,NA,NA
35015000044,NM,015,44,1930,684,1188,19,8,7,0,1,23,1336,421,879,13,8,6,0,1,8,NA,12150,90480,00300,055,034,2,1,NA,NA
35015000045,NM,015,45,993,62,899,7,1,17,0,0,7,878,47,802,7,1,17,0,0,4,NA,12150,90480,00300,055,034,2,1,NA,NA
35017000001,NM,017,1,743,64,667,1,5,0,0,2,4,544,36,499,1,4,0,0,2,2,NA,NA,93600,02430,038,028,2,1,NA,NA
35017000002,NM,017,2,729,111,598,4,3,3,0,0,10,561,78,474,3,3,0,0,0,3,NA,NA,92400,02430,038,028,2,1,NA,NA
35017000003,NM,017,3,43,2,38,0,0,0,0,3,0,38,2,35,0,0,0,0,1,0,NA,NA,92400,02430,038,028,2,1,NA,NA
35017000004,NM,017,4,135,2,129,1,0,0,0,0,3,117,1,112,1,0,0,0,0,3,NA,NA,92400,00600,038,028,2,1,NA,NA
35017000005,NM,017,5,1414,497,870,3,9,4,2,4,25,1067,322,707,2,9,4,2,1,20,NA,NA,90210,00600,038,028,2,1,NA,NA
35017000006,NM,017,6,132,11,118,0,0,0,0,0,3,115,9,103,0,0,0,0,0,3,NA,NA,93600,02430,039,028,2,1,NA,NA
35017000007,NM,017,7,433,61,355,1,2,9,0,0,5,353,45,297,1,1,6,0,0,3,NA,NA,92400,02430,038,028,2,1,NA,NA
35017000008,NM,017,8,1689,601,1043,2,11,1,0,0,31,1218,386,804,2,10,0,0,0,16,NA,73260,93000,02430,039,028,2,1,NA,NA
35017000009,NM,017,9,674,485,185,0,3,0,0,0,1,476,337,136,0,2,0,0,0,1,NA,70270,92782,00600,039,028,2,1,NA,NA
35017000010,NM,017,10,407,174,229,0,0,0,0,2,2,321,134,183,0,0,0,0,2,2,NA,NA,90210,00600,038,028,2,1,NA,NA
35017000011,NM,017,11,1846,571,1242,7,9,4,0,0,13,1349,347,981,4,6,2,0,0,9,NA,73260,93600,02430,039,028,2,1,NA,NA
35017000012,NM,017,12,2095,761,1288,2,10,3,1,6,24,1583,493,1048,2,10,3,1,6,20,NA,73260,93000,02430,038,028,2,1,NA,NA
35017000013,NM,017,13,1570,482,1037,7,7,9,0,4,24,1207,318,853,4,6,6,0,4,16,NA,73260,93000,02430,038,028,2,1,NA,NA
35017000014,NM,017,14,1183,468,659,5,14,3,0,0,34,882,297,552,2,11,3,0,0,17,NA,73260,93000,02430,038,028,2,1,NA,NA
35017000015,NM,017,15,1545,893,622,15,2,1,0,4,8,1108,594,493,9,2,1,0,4,5,NA,73260,93000,02430,038,028,2,1,NA,NA
35017000016,NM,017,16,1337,696,591,12,6,12,2,1,17,966,473,462,6,2,8,1,1,13,NA,73260,93000,02430,039,028,2,1,NA,NA
35017000017,NM,017,17,516,209,300,1,2,0,2,0,2,373,133,235,1,1,0,2,0,1,NA,73260,93000,02430,039,028,2,1,NA,NA
35017000018,NM,017,18,806,263,506,11,15,5,1,0,5,692,210,446,11,14,5,1,0,5,NA,73260,93000,02430,038,028,2,1,NA,NA
35017000019,NM,017,19,975,717,233,4,9,1,1,5,5,713,501,199,4,3,0,0,3,3,NA,73260,93000,02430,039,028,2,1,NA,NA
35017000020,NM,017,20,1345,623,669,7,11,7,0,1,27,1035,447,555,6,5,7,0,1,14,NA,73260,93000,02430,039,028,2,1,NA,NA
35017000021,NM,017,21,200,66,127,0,1,1,0,0,5,172,51,114,0,1,1,0,0,5,NA,73260,93000,02430,038,028,2,1,NA,NA
35017000022,NM,017,22,1889,1223,615,9,16,4,0,4,18,1302,818,447,8,12,4,0,3,10,NA,73260,93000,02430,039,028,2,1,NA,NA
35017000023,NM,017,23,681,333,325,0,12,0,0,7,4,459,191,253,0,8,0,0,4,3,NA,70270,92782,02430,039,028,2,1,NA,NA
35017000024,NM,017,24,842,677,148,1,12,1,0,0,3,568,439,121,0,5,1,0,0,2,NA,70270,92782,00600,039,028,2,1,NA,NA
35017000025,NM,017,25,698,599,94,0,3,0,0,0,2,513,428,80,0,3,0,0,0,2,NA,06270,90210,00600,039,028,2,1,NA,NA
35017000026,NM,017,26,990,776,204,0,2,1,0,4,3,699,532,159,0,2,1,0,2,3,NA,06270,90210,00600,039,028,2,1,NA,NA
35017000027,NM,017,27,923,791,107,4,17,0,0,0,4,638,530,92,1,11,0,0,0,4,NA,06270,90210,00600,039,028,2,1,NA,NA
35017000028,NM,017,28,1304,955,316,2,17,0,0,2,12,977,678,273,2,14,0,0,2,8,NA,33850,91560,00600,039,028,2,1,NA,NA
35017000029,NM,017,29,706,288,393,1,11,1,0,0,12,534,208,311,0,6,1,0,0,8,NA,33850,91560,00600,038,028,2,1,NA,NA
35017000030,NM,017,30,591,69,509,1,3,1,0,3,5,480,49,424,1,3,1,0,1,1,NA,NA,91560,02430,038,028,2,1,NA,NA
35017000031,NM,017,31,113,11,96,0,2,0,0,2,2,99,8,85,0,2,0,0,2,2,NA,NA,91560,02430,039,028,2,1,NA,NA
35017000032,NM,017,32,496,360,112,10,3,4,0,0,7,339,239,82,8,3,2,0,0,5,NA,73260,93000,02430,039,028,2,1,NA,NA
35017000033,NM,017,33,882,402,460,1,5,4,0,3,7,628,260,354,0,4,4,0,3,3,NA,73260,93000,02430,039,028,2,1,NA,NA
35017000034,NM,017,34,1070,885,163,1,7,0,0,5,9,738,598,123,1,5,0,0,3,8,NA,70270,92782,00600,039,028,2,1,NA,NA
35019000001,NM,019,1,1019,805,189,4,3,13,1,0,4,748,580,153,4,2,7,1,0,1,NA,70670,92910,02400,068,008,2,1,NA,NA
35019000002,NM,019,2,1514,1149,264,53,27,5,0,2,14,1206,875,236,51,27,3,0,2,12,NA,70670,92910,02400,068,008,2,1,NA,NA
35019000003,NM,019,3,1066,908,142,0,2,6,0,0,8,761,629,121,0,2,4,0,0,5,NA,70670,92910,02400,068,008,2,1,NA,NA
35019000004,NM,019,4,595,504,84,0,1,0,0,0,6,447,368,74,0,1,0,0,0,4,NA,82570,93660,00001,068,008,2,1,NA,NA
35019000005,NM,019,5,486,435,45,2,0,0,0,3,1,378,333,39,2,0,0,0,3,1,NA,NA,90990,02400,068,008,2,1,NA,NA
35021000001,NM,021,1,314,137,168,3,4,0,0,0,2,248,111,132,1,3,0,0,0,1,NA,50300,93150,01920,067,007,3,2,NA,NA
35021000002,NM,021,2,496,227,260,0,0,0,0,0,9,398,178,215,0,0,0,0,0,5,NA,65070,92220,02280,067,007,3,2,NA,NA
35023000001,NM,023,1,1585,966,598,2,2,6,0,0,11,1078,583,484,2,2,4,0,0,3,NA,42180,92250,01620,039,035,2,1,NA,NA
35023000002,NM,023,2,976,765,203,0,2,4,0,0,2,673,508,157,0,2,4,0,0,2,NA,42180,92250,01620,039,035,2,1,NA,NA
35023000003,NM,023,3,1519,1056,433,9,3,2,0,0,16,1057,700,332,6,2,2,0,0,15,NA,42180,92250,01620,039,035,2,1,NA,NA
35023000004,NM,023,4,464,68,392,2,0,1,0,0,1,315,43,271,0,0,0,0,0,1,NA,83200,92250,01620,039,035,2,1,NA,NA
35023000005,NM,023,5,263,66,195,0,1,0,0,0,1,191,42,147,0,1,0,0,0,1,NA,NA,93180,00090,039,035,2,1,NA,NA
35023000006,NM,023,6,1125,403,711,2,5,0,0,0,4,736,238,491,0,3,0,0,0,4,NA,NA,93180,00090,039,035,2,1,NA,NA
35025000002,NM,025,2,61,21,37,0,1,0,0,0,2,43,11,29,0,1,0,0,0,2,NA,NA,93360,02550,057,042,2,1,NA,NA
35025000003,NM,025,3,1283,433,821,9,6,0,1,5,8,917,250,647,7,5,0,1,3,4,NA,76620,93360,02550,066,042,2,1,NA,NA
35025000010,NM,025,10,1747,687,944,90,11,2,0,0,13,1267,432,745,71,9,2,0,0,8,NA,44490,91950,01740,066,042,2,1,NA,NA
35025000011,NM,025,11,1164,736,378,33,5,0,0,0,12,799,473,295,19,4,0,0,0,8,NA,44490,91950,01740,066,034,2,1,NA,NA
35025000012,NM,025,12,977,660,276,20,8,0,0,0,13,657,410,223,12,6,0,0,0,6,NA,44490,91950,01740,066,034,2,1,NA,NA
35025000013,NM,025,13,1962,751,1151,26,6,3,2,0,23,1317,422,859,13,5,2,0,0,16,NA,44490,91950,01740,066,034,2,1,NA,NA
35025000014,NM,025,14,1749,946,752,34,7,8,0,0,2,1177,565,577,21,6,7,0,0,1,NA,44490,91950,01740,066,034,2,1,NA,NA
35025000015,NM,025,15,1946,443,1435,35,7,6,0,0,20,1392,244,1110,15,7,6,0,0,10,NA,44490,91950,01740,066,034,2,1,NA,NA
35025000016,NM,025,16,927,590,310,14,1,3,0,1,8,648,380,249,8,1,2,0,1,7,NA,44490,91950,01740,062,034,2,1,NA,NA
35025000017,NM,025,17,1170,720,400,28,1,3,0,0,18,741,412,298,19,1,3,0,0,8,NA,44490,91950,01740,062,034,2,1,NA,NA
35025000018,NM,025,18,620,236,361,11,0,9,0,0,3,435,141,274,10,0,9,0,0,1,NA,44490,91950,01740,062,034,2,1,NA,NA
35025000020,NM,025,20,3272,968,2013,175,69,15,1,1,30,2681,821,1588,172,66,12,1,1,20,NA,32520,91470,01260,062,034,2,1,NA,NA
35025000021,NM,025,21,451,91,353,0,2,0,0,2,3,315,50,260,0,2,0,0,2,1,NA,NA,91950,01740,066,042,2,1,NA,NA
35025000022,NM,025,22,1342,184,1095,21,3,26,0,0,13,949,103,808,15,3,14,0,0,6,NA,32520,91470,01260,062,034,2,1,NA,NA
35025000023,NM,025,23,1269,162,1048,34,2,15,0,0,8,922,107,771,26,2,10,0,0,6,NA,32520,91470,01260,062,042,2,1,NA,NA
35025000024,NM,025,24,832,103,696,11,0,7,0,1,14,628,58,547,7,0,5,0,1,10,NA,32520,91470,01260,062,042,2,1,NA,NA
35025000025,NM,025,25,726,38,669,0,1,14,0,0,4,561,21,529,0,1,9,0,0,1,NA,32520,91470,01260,062,042,2,1,NA,NA
35025000026,NM,025,26,1838,404,1383,7,13,0,0,3,28,1279,239,1009,3,11,0,0,1,16,NA,NA,91470,01260,062,042,2,1,NA,NA
35025000027,NM,025,27,1161,238,876,17,8,4,0,4,14,837,137,668,10,7,4,0,2,9,NA,32520,91470,01260,062,042,2,1,NA,NA
35025000028,NM,025,28,815,147,627,20,8,0,0,2,11,601,95,482,12,5,0,0,2,5,NA,32520,91470,01260,062,042,2,1,NA,NA
35025000029,NM,025,29,1424,329,998,54,12,5,0,0,26,1043,206,773,37,12,5,0,0,10,NA,32520,91470,01260,062,042,2,1,NA,NA
35025000030,NM,025,30,811,155,615,15,17,1,0,0,8,570,81,462,10,11,1,0,0,5,NA,32520,91470,01260,062,042,2,1,NA,NA
35025000031,NM,025,31,2000,1079,709,164,11,9,2,2,24,1305,612,553,107,9,8,2,2,12,NA,32520,91470,01260,061,042,2,1,NA,NA
35025000032,NM,025,32,902,145,704,32,8,5,0,0,8,692,84,578,18,4,3,0,0,5,NA,32520,91470,01260,062,041,2,1,NA,NA
35025000033,NM,025,33,934,245,657,19,2,0,0,0,11,656,144,493,11,2,0,0,0,6,NA,32520,91470,01260,062,042,2,1,NA,NA
35025000034,NM,025,34,849,395,397,36,7,3,0,4,7,628,237,349,27,7,2,0,0,6,NA,32520,91470,01260,061,041,2,1,NA,NA
35025000035,NM,025,35,1121,792,263,36,12,7,0,0,11,743,487,211,27,9,4,0,0,5,NA,32520,91470,01260,061,041,2,1,NA,NA
35025000036,NM,025,36,1582,842,647,61,8,5,0,1,18,1045,488,505,36,6,4,0,0,6,NA,32520,91470,01260,061,041,2,1,NA,NA
35025000041,NM,025,41,1774,373,1221,120,6,15,3,0,36,1247,204,929,72,6,14,3,0,19,NA,32520,91470,01260,062,042,2,1,NA,NA
35025000042,NM,025,42,1152,330,749,49,4,1,1,0,18,805,179,585,25,4,1,1,0,10,NA,32520,91470,01260,062,042,2,1,NA,NA
35025000043,NM,025,43,1436,559,793,59,11,0,0,0,14,950,299,609,24,10,0,0,0,8,NA,32520,91470,01260,062,042,2,1,NA,NA
35025000044,NM,025,44,1205,419,715,52,7,2,0,0,10,812,209,562,32,4,2,0,0,3,NA,32520,91470,01260,062,042,2,1,NA,NA
35025000051,NM,025,51,1314,780,454,54,7,11,0,0,8,890,464,362,44,5,8,0,0,7,NA,32520,91470,01260,061,041,2,1,NA,NA
35025000052,NM,025,52,2334,1367,530,379,17,10,0,0,31,1517,795,427,268,15,6,0,0,6,NA,32520,91470,01260,061,041,2,1,NA,NA
35025000053,NM,025,53,1945,1119,421,373,17,0,1,0,14,1264,643,327,280,7,0,1,0,6,NA,32520,91470,01260,061,041,2,1,NA,NA
35025000054,NM,025,54,1236,848,325,52,2,0,0,0,9,807,516,253,35,2,0,0,0,1,NA,32520,91470,01260,061,041,2,1,NA,NA
35025000055,NM,025,55,967,669,243,39,6,0,0,3,7,635,399,205,25,5,0,0,0,1,NA,32520,91470,01260,061,041,2,1,NA,NA
35025000061,NM,025,61,1692,1010,522,124,11,1,0,4,20,1113,606,411,75,7,1,0,2,11,NA,32520,91470,01260,061,041,2,1,NA,NA
35025000062,NM,025,62,505,67,425,0,1,4,0,0,8,369,37,322,0,1,2,0,0,7,NA,32520,91470,01260,061,034,2,1,NA,NA
35025000071,NM,025,71,1380,578,760,19,7,2,0,0,14,953,340,585,12,6,1,0,0,9,NA,25450,91230,00960,061,041,2,1,NA,NA
35025000072,NM,025,72,1536,494,1006,10,8,1,0,1,16,1110,302,779,10,7,1,0,1,10,NA,25450,91230,00960,061,041,2,1,NA,NA
35025000073,NM,025,73,1288,485,777,6,8,0,0,0,12,935,293,623,5,6,0,0,0,8,NA,35040,91620,01350,061,041,2,1,NA,NA
35025000074,NM,025,74,812,372,421,2,8,1,0,0,8,569,212,341,2,7,1,0,0,6,NA,35040,91620,01350,061,041,2,1,NA,NA
35027000001,NM,027,1,389,139,224,0,3,0,0,9,14,294,91,182,0,3,0,0,7,11,NA,17680,90780,00630,056,008,2,1,NA,NA
35027000002,NM,027,2,1030,229,777,1,9,1,0,3,10,837,167,646,1,9,1,0,3,10,2205,12500,90510,00330,056,008,2,1,NA,NA
35027000003,NM,027,3,2234,422,1745,7,25,7,2,2,24,1661,275,1350,5,11,5,1,1,13,NA,11800,90450,00270,056,008,2,1,NA,NA
35027000004,NM,027,4,871,96,755,0,5,0,0,0,15,717,64,634,0,5,0,0,0,14,2205,NA,92700,00270,056,008,2,1,NA,NA
35027000005,NM,027,5,890,99,779,0,2,2,1,0,7,751,58,684,0,2,2,1,0,4,NA,65210,92700,02310,056,008,2,1,NA,NA
35027000006,NM,027,6,2185,254,1872,9,22,6,0,0,22,1801,171,1588,7,18,5,0,0,12,NA,65210,92700,02310,056,008,2,1,NA,NA
35027000007,NM,027,7,1982,372,1541,10,25,5,0,1,28,1570,254,1270,7,15,4,0,1,19,2205,65210,92700,02310,056,008,2,1,NA,NA
35027000008,NM,027,8,2132,327,1734,3,29,19,2,3,15,1723,216,1457,3,20,14,2,0,11,NA,65210,92700,02310,056,008,2,1,NA,NA
35027000009,NM,027,9,2128,528,1504,3,51,3,0,2,37,1622,347,1217,2,34,2,0,0,20,2205,65210,92700,02310,056,008,2,1,NA,NA
35027000010,NM,027,10,837,286,484,0,60,2,0,0,5,577,174,367,0,33,2,0,0,1,NA,65280,92700,02310,056,008,2,1,NA,NA
35027000011,NM,027,11,2288,974,1197,12,69,3,0,4,29,1616,612,932,9,39,3,0,4,17,2205,65280,92700,02310,056,008,2,1,NA,NA
35027000012,NM,027,12,1519,774,733,1,5,0,1,0,5,1118,525,584,1,5,0,0,0,3,2205,NA,91500,01290,056,008,2,1,NA,NA
35027000013,NM,027,13,926,475,418,1,12,0,1,5,14,710,349,335,1,8,0,1,4,12,NA,12500,90510,00330,056,008,2,1,NA,NA
35028000001,NM,028,1,911,49,839,2,3,8,0,0,10,756,31,710,2,3,7,0,0,3,NA,84740,91860,01650,043,022,3,2,NA,NA
35028000002,NM,028,2,630,70,529,4,2,19,0,1,5,445,42,384,3,2,9,0,1,4,NA,84740,93810,01650,043,039,3,2,NA,NA
35028000003,NM,028,3,967,97,797,1,5,51,0,0,16,692,62,588,1,5,30,0,0,6,NA,84740,93810,01650,043,039,3,2,NA,NA
35028000004,NM,028,4,927,98,793,2,2,17,0,1,14,678,74,578,2,1,15,0,1,7,NA,84740,93810,01650,043,039,3,2,NA,NA
35028000005,NM,028,5,850,139,674,1,6,16,1,2,11,581,89,467,1,6,11,1,0,6,3415,84740,93810,01650,043,039,3,2,NA,NA
35028000006,NM,028,6,1780,190,1506,5,8,49,0,0,22,1245,113,1074,5,8,33,0,0,12,3415,84740,93810,01650,043,039,3,2,NA,NA
35028000007,NM,028,7,1164,149,864,3,8,115,0,0,25,945,111,723,3,5,87,0,0,16,3415,42320,91860,01650,043,039,3,2,NA,NA
35028000008,NM,028,8,1035,141,788,7,18,66,0,1,14,878,111,683,7,14,53,0,1,9,NA,42320,91860,01650,043,022,3,2,NA,NA
35028000009,NM,028,9,769,119,599,8,4,28,3,1,7,645,95,511,6,3,23,2,1,4,NA,42320,91860,01650,043,022,3,2,NA,NA
35028000010,NM,028,10,556,154,372,5,3,13,0,0,9,431,123,286,5,3,11,0,0,3,NA,42320,91860,01650,043,022,3,2,NA,NA
35028000011,NM,028,11,1174,112,1014,4,3,18,2,3,18,913,74,807,4,2,11,2,3,10,NA,42320,91860,01650,043,022,3,2,NA,NA
35028000012,NM,028,12,1159,146,949,4,7,31,0,0,22,804,83,674,3,6,20,0,0,18,NA,42320,91860,01650,043,022,3,2,NA,NA
35028000013,NM,028,13,1123,150,927,6,2,21,0,6,11,820,101,691,3,2,14,0,2,7,NA,42320,91860,01650,043,022,3,2,NA,NA
35028000014,NM,028,14,1155,125,985,3,4,19,0,1,18,774,82,667,2,4,13,0,1,5,NA,42320,91860,01650,043,022,3,2,NA,NA
35028000015,NM,028,15,2613,348,2044,8,10,160,0,7,36,1807,214,1460,5,7,102,0,4,15,NA,42320,91860,01650,043,005,3,2,NA,NA
35028000016,NM,028,16,1530,68,1371,0,5,59,0,2,25,1196,47,1088,0,5,47,0,0,9,3495,42320,91860,01650,043,005,3,2,NA,NA
35028000017,NM,028,17,0,0,0,0,0,0,0,0,0,0,0,0,0,0,0,0,0,0,NA,42320,91860,01650,043,022,3,2,NA,NA
35029000001,NM,029,1,802,481,254,37,13,7,0,2,8,529,278,201,30,8,4,0,2,6,NA,20270,90900,00690,038,035,2,1,NA,NA
35029000002,NM,029,2,1957,1022,886,15,17,0,0,1,16,1414,612,770,10,11,0,0,0,11,NA,20270,90900,00690,032,035,2,1,NA,NA
35029000004,NM,029,4,2040,1581,426,0,9,3,0,3,18,1291,884,379,0,9,3,0,2,14,NA,17050,90930,00690,032,035,2,1,NA,NA
35029000005,NM,029,5,2574,1383,1120,12,28,13,0,5,13,1841,854,944,9,16,7,0,3,8,NA,20270,90900,00690,038,035,2,1,NA,NA
35029000006,NM,029,6,1812,851,901,23,14,7,0,3,13,1389,533,811,15,14,5,0,0,11,NA,20270,90900,00690,032,035,2,1,NA,NA
35029000007,NM,029,7,817,698,100,6,8,0,0,0,5,608,517,85,4,0,0,0,0,2,NA,20270,90900,00690,032,035,2,1,NA,NA
35029000008,NM,029,8,2477,1929,475,19,16,9,1,0,28,1637,1199,391,12,11,9,0,0,15,NA,20270,90900,00690,032,035,2,1,NA,NA
35029000009,NM,029,9,933,823,80,17,4,1,0,0,8,537,463,55,10,2,1,0,0,6,NA,20270,90900,00690,032,035,2,1,NA,NA
35029000010,NM,029,10,2171,1152,975,9,8,16,0,0,11,1548,693,821,8,5,13,0,0,8,NA,20270,90900,00690,032,035,2,1,NA,NA
35029000011,NM,029,11,896,544,341,0,2,6,0,0,3,617,341,268,0,2,4,0,0,2,NA,20270,90900,00690,032,035,2,1,NA,NA
35029000012,NM,029,12,1997,1455,492,24,2,1,0,4,19,1230,832,364,15,2,1,0,2,14,NA,20270,90900,00690,032,035,2,1,NA,NA
35029000013,NM,029,13,2359,826,1483,2,11,6,0,7,24,1760,501,1222,2,8,6,0,5,16,NA,20270,90930,00690,038,035,2,1,NA,NA
35029000014,NM,029,14,4181,1690,2388,19,24,9,0,4,47,3110,971,2057,17,23,9,0,2,31,NA,20270,90930,00690,032,035,2,1,NA,NA
35031000001,NM,031,1,2685,16,64,0,2599,0,0,0,6,1371,9,46,0,1313,0,0,0,3,2430,51420,92550,01110,009,004,3,2,NA,NA
35031000003,NM,031,3,1536,36,105,5,1368,1,0,0,21,905,20,88,3,785,1,0,0,8,2430,79885,92550,01110,009,004,3,2,NA,NA
35031000004,NM,031,4,978,7,2,0,966,0,1,0,2,611,4,2,0,603,0,1,0,1,2430,50860,92550,01110,009,003,3,2,NA,NA
35031000005,NM,031,5,1834,48,66,1,1690,1,3,0,25,1154,21,61,1,1058,1,3,0,9,2430,78440,92550,01110,009,003,3,2,NA,NA
35031000006,NM,031,6,2954,70,34,0,2829,0,0,0,21,1799,40,25,0,1723,0,0,0,11,2430,80540,92550,01110,009,003,3,2,NA,NA
35031000007,NM,031,7,1538,17,8,0,1508,0,0,0,5,885,7,7,0,870,0,0,0,1,2430,09035,92550,01110,009,003,3,2,NA,NA
35031000008,NM,031,8,972,9,1,0,958,0,0,0,4,561,3,1,0,554,0,0,0,3,2430,NA,92550,01110,009,003,3,2,NA,NA
35031000009,NM,031,9,2021,18,124,5,1852,8,0,0,14,1201,11,102,5,1067,5,0,0,11,2430,18940,90840,01110,069,022,3,2,NA,NA
35031000010,NM,031,10,1335,20,92,7,1198,2,1,0,15,816,13,81,5,709,2,1,0,5,2430,18940,90840,01110,069,022,3,2,NA,NA
35031000011,NM,031,11,591,2,9,0,578,1,0,0,1,359,1,6,0,351,1,0,0,0,2430,NA,90840,01110,069,022,3,2,NA,NA
35031000012,NM,031,12,1399,19,41,1,1322,0,0,0,16,827,8,33,0,780,0,0,0,6,2430,60000,90840,01110,069,022,3,2,NA,NA
35031000013,NM,031,13,918,0,3,3,911,0,0,0,1,506,0,3,2,500,0,0,0,1,2430,18940,90840,01110,069,022,3,2,NA,NA
35031000014,NM,031,14,2070,58,166,0,1841,0,1,0,4,1207,42,138,0,1024,0,1,0,2,2430,NA,92535,01110,069,022,3,2,NA,NA
35031000015,NM,031,15,2601,13,33,0,2538,0,2,0,15,1490,6,28,0,1447,0,2,0,7,2430,77530,92535,01110,069,022,3,2,NA,NA
35031000016,NM,031,16,1034,30,69,0,929,0,0,0,6,591,17,45,0,526,0,0,0,3,2430,77530,92535,01110,069,022,3,2,NA,NA
35031000017,NM,031,17,1758,222,506,9,989,5,1,0,26,1103,129,414,6,533,3,1,0,17,2430,77530,92535,01110,069,022,3,2,NA,NA
35031000018,NM,031,18,2389,117,349,2,1878,6,0,1,36,1461,54,273,2,1108,6,0,1,17,2430,15370,92535,01110,069,004,3,2,NA,NA
35031000019,NM,031,19,3378,66,63,2,3226,1,0,2,18,1972,37,40,1,1882,1,0,1,10,2430,15370,92535,01110,006,003,3,2,NA,NA
35031000020,NM,031,20,1711,86,57,0,1553,2,0,0,13,1000,41,48,0,907,2,0,0,2,2430,85860,92535,01110,005,003,3,2,NA,NA
35031000021,NM,031,21,1875,862,209,5,745,1,0,1,52,1155,504,144,4,478,1,0,1,23,2430,28460,92535,01110,005,003,3,2,NA,NA
35031000022,NM,031,22,2371,295,207,12,1818,13,0,5,21,1403,166,156,4,1055,10,0,3,9,2430,28460,92535,01110,009,004,3,2,NA,NA
35031000023,NM,031,23,1582,68,171,2,1317,0,0,0,24,976,45,138,2,780,0,0,0,11,2430,28460,92535,01110,009,004,3,2,NA,NA
35031000024,NM,031,24,3611,107,183,10,3270,5,0,0,36,2177,54,144,6,1958,3,0,0,12,2430,28460,92535,01110,006,004,3,2,NA,NA
35031000025,NM,031,25,2387,73,181,0,2108,0,0,0,25,1432,35,133,0,1253,0,0,0,11,2430,NA,92535,01110,006,004,3,2,NA,NA
35031000026,NM,031,26,566,32,331,0,170,0,4,0,29,372,14,245,0,98,0,2,0,13,2430,61220,92535,01110,006,004,3,1,NA,NA
35031000027,NM,031,27,2437,50,52,1,2315,2,0,0,17,1553,29,46,0,1466,1,0,0,11,4785,86595,93870,02800,006,004,3,1,NA,NA
35031000028,NM,031,28,1485,43,115,2,1309,2,0,0,14,864,21,90,2,746,2,0,0,3,4785,07670,93870,02800,006,004,3,2,NA,NA
35031000029,NM,031,29,1565,22,6,0,1525,0,0,0,12,1023,10,5,0,1003,0,0,0,5,4785,86595,93870,02800,006,004,3,1,NA,NA
35031000030,NM,031,30,2353,57,63,1,2226,0,0,0,6,1578,26,55,1,1493,0,0,0,3,4785,86595,93870,02800,006,004,3,1,NA,NA
35031000031,NM,031,31,946,286,309,24,279,9,0,3,36,605,163,242,15,162,5,0,1,17,2430,28460,91350,01110,005,003,3,2,NA,NA
35031000032,NM,031,32,465,96,53,3,293,2,0,0,18,302,65,49,3,174,2,0,0,9,NA,28460,91350,01110,005,004,3,2,NA,NA
35031000033,NM,031,33,1844,875,200,33,629,19,0,4,84,1079,524,144,19,335,18,0,1,38,NA,28460,91350,01110,005,004,3,2,NA,NA
35031000034,NM,031,34,1404,814,99,25,441,4,0,0,21,922,559,80,20,251,4,0,0,8,NA,28460,91350,01110,005,003,3,2,NA,NA
35031000035,NM,031,35,1410,639,123,18,574,11,1,3,41,881,417,100,15,318,9,1,2,19,NA,28460,91350,01110,005,003,3,2,NA,NA
35031000036,NM,031,36,126,4,20,0,96,2,0,2,2,71,4,13,0,48,2,0,2,2,2430,28460,92535,01110,006,003,3,2,NA,NA
35031000037,NM,031,37,455,267,42,0,131,5,0,1,9,319,191,36,0,88,2,0,0,2,NA,28460,91350,01110,005,003,3,2,NA,NA
35031000038,NM,031,38,210,42,61,0,98,1,0,0,8,149,25,50,0,69,1,0,0,4,NA,28460,91350,01110,005,003,3,2,NA,NA
35031000039,NM,031,39,653,146,273,10,192,9,1,2,20,500,109,222,7,145,5,1,1,10,NA,28460,91350,01110,005,004,3,2,NA,NA
35031000040,NM,031,40,663,179,204,15,212,27,1,0,25,487,132,166,10,144,23,1,0,11,NA,28460,91350,01110,005,004,3,2,NA,NA
35031000041,NM,031,41,1256,543,166,6,504,4,0,0,33,825,380,134,6,287,4,0,0,14,NA,28460,91350,01110,005,004,3,2,NA,NA
35031000042,NM,031,42,824,215,403,9,140,30,0,0,27,583,127,316,7,93,23,0,0,17,NA,28460,91350,01110,005,004,3,2,NA,NA
35031000043,NM,031,43,1375,368,704,8,234,16,0,3,42,1015,252,561,7,160,12,0,0,23,NA,28460,91350,01110,005,004,3,2,NA,NA
35031000044,NM,031,44,543,108,334,4,30,16,4,5,42,396,69,263,1,22,13,3,3,22,NA,28460,91350,01110,005,004,3,2,NA,NA
35031000045,NM,031,45,871,148,371,4,287,22,0,1,38,682,103,307,4,228,16,0,0,24,2430,28460,91350,01110,005,004,3,2,NA,NA
35031000046,NM,031,46,1972,440,1037,14,330,68,4,8,71,1484,285,845,9,238,58,2,7,40,2430,28460,91350,01110,005,004,3,2,NA,NA
35031000047,NM,031,47,1208,322,96,4,748,5,0,0,33,822,196,82,4,519,3,0,0,18,2430,28460,91350,01110,005,004,3,2,NA,NA
35031000048,NM,031,48,2585,772,306,17,1404,8,0,0,78,1511,416,234,10,813,6,0,0,32,2430,28460,91350,01110,005,004,3,2,NA,NA
35031000049,NM,031,49,1485,445,628,16,307,19,1,2,67,1034,268,469,12,234,14,1,2,34,2430,28460,91350,01110,005,003,3,2,NA,NA
35031000050,NM,031,50,569,104,163,9,277,0,0,3,13,368,67,124,7,166,0,0,2,2,2430,28460,91350,01110,005,004,3,2,NA,NA
35033000001,NM,033,1,897,802,88,2,1,1,0,0,3,643,560,76,2,1,1,0,0,3,NA,NA,92100,01860,068,006,3,2,NA,NA
35033000002,NM,033,2,858,768,78,0,8,1,0,0,3,627,546,70,0,8,1,0,0,2,NA,NA,92100,01860,068,006,3,2,NA,NA
35033000003,NM,033,3,417,310,104,0,0,0,0,0,3,323,228,93,0,0,0,0,0,2,NA,NA,92100,01860,068,006,3,2,NA,NA
35033000004,NM,033,4,496,446,45,1,4,0,0,0,0,357,314,42,0,1,0,0,0,0,NA,NA,92100,01860,068,006,3,2,NA,NA
35033000005,NM,033,5,467,371,92,1,1,0,0,0,2,344,267,73,1,1,0,0,0,2,NA,NA,92100,01860,040,006,3,2,NA,NA
35033000006,NM,033,6,316,258,49,0,3,0,0,4,2,229,192,33,0,2,0,0,0,2,NA,NA,92100,01860,068,006,3,2,NA,NA
35033000007,NM,033,7,254,220,33,0,1,0,0,0,0,191,164,26,0,1,0,0,0,0,NA,NA,92100,01860,068,006,3,2,NA,NA
35033000008,NM,033,8,353,274,70,0,6,0,0,0,3,261,194,62,0,3,0,0,0,2,NA,NA,93720,01860,068,006,3,2,NA,NA
35033000009,NM,033,9,324,214,97,1,8,0,0,0,4,203,130,71,0,2,0,0,0,0,NA,NA,93720,02730,068,006,3,2,NA,NA
35033000010,NM,033,10,331,210,112,0,9,0,0,0,0,257,166,84,0,7,0,0,0,0,NA,NA,93720,02730,068,006,3,2,NA,NA
35033000011,NM,033,11,467,356,109,0,2,0,0,0,0,362,272,89,0,1,0,0,0,0,NA,83340,93720,02730,068,006,3,2,NA,NA
35035000001,NM,035,1,4054,3455,559,20,5,0,1,3,11,2269,1826,411,15,3,0,1,3,10,NA,14250,93120,00030,053,040,2,1,NA,NA
35035000002,NM,035,2,131,18,103,6,1,0,1,1,1,107,13,85,6,0,0,1,1,1,NA,NA,90030,00030,053,034,2,1,NA,NA
35035000003,NM,035,3,131,12,117,0,1,0,0,0,1,110,8,100,0,1,0,0,0,1,NA,NA,93120,00030,053,034,2,1,NA,NA
35035000004,NM,035,4,127,13,103,0,6,0,0,0,5,92,6,77,0,4,0,0,0,5,NA,NA,93120,00540,053,034,2,1,NA,NA
35035000005,NM,035,5,314,39,264,0,1,6,0,0,4,261,24,229,0,1,3,0,0,4,NA,77950,93120,00540,053,034,2,1,NA,NA
35035000006,NM,035,6,264,2,262,0,0,0,0,0,0,204,2,202,0,0,0,0,0,0,NA,NA,93120,00540,053,034,2,1,NA,NA
35035000007,NM,035,7,364,25,333,1,1,0,0,0,4,290,17,270,0,1,0,0,0,2,2205,NA,93120,00540,053,034,2,1,NA,NA
35035000008,NM,035,8,1968,245,1682,2,12,6,0,0,21,1542,160,1350,2,9,5,0,0,16,2205,16280,93120,00540,053,040,2,1,NA,NA
35035000009,NM,035,9,1070,93,953,2,1,7,2,0,12,829,58,750,2,1,7,2,0,9,2205,01780,93120,00030,053,040,2,1,NA,NA
35035000010,NM,035,10,2436,596,1760,7,25,12,0,3,33,1798,381,1367,3,15,10,0,3,19,2205,38330,90030,00030,056,040,2,1,NA,NA
35035000011,NM,035,11,3156,355,103,5,2633,1,1,6,52,1845,189,81,5,1539,1,1,2,27,2205,47920,92040,02670,056,032,2,1,NA,NA
35035000012,NM,035,12,1849,722,1024,7,53,7,0,0,36,1340,450,826,5,32,6,0,0,21,2205,79980,93570,02670,056,040,2,1,NA,NA
35035000013,NM,035,13,1496,816,599,6,49,6,1,0,19,1093,568,482,3,24,6,1,0,9,2205,79980,93570,02670,056,040,2,1,NA,NA
35035000014,NM,035,14,2090,762,1234,13,40,5,0,4,32,1482,462,953,11,22,5,0,4,25,NA,79980,93570,02670,056,040,2,1,NA,NA
35035000015,NM,035,15,2744,842,1681,73,42,46,1,11,48,1885,522,1224,48,29,36,1,6,19,NA,01780,90030,00030,051,037,2,1,NA,NA
35035000016,NM,035,16,2106,258,1446,266,9,60,12,4,51,1577,183,1086,208,8,50,11,2,29,NA,32940,90030,00030,051,037,2,1,NA,NA
35035000017,NM,035,17,3478,1498,1678,118,34,57,9,1,83,2433,901,1313,93,26,40,6,1,53,NA,01780,90030,00030,051,040,2,1,NA,NA
35035000018,NM,035,18,4945,2302,2306,158,16,70,10,0,83,3276,1315,1734,109,11,51,7,0,49,NA,01780,90030,00030,053,040,2,1,NA,NA
35035000019,NM,035,19,1933,821,814,180,11,49,7,4,47,1265,561,515,126,7,35,5,2,14,NA,01780,90030,00030,051,040,2,1,NA,NA
35035000020,NM,035,20,867,463,286,94,7,3,0,4,10,598,307,207,68,5,3,0,2,6,NA,01780,90030,00030,051,040,2,1,NA,NA
35035000021,NM,035,21,2603,490,1761,154,24,53,0,3,118,1996,309,1439,109,17,38,0,2,82,NA,01780,90030,00030,053,040,2,1,NA,NA
35035000022,NM,035,22,761,229,479,27,5,8,0,0,13,574,152,383,20,5,7,0,0,7,NA,01780,90030,00030,051,040,2,1,NA,NA
35035000023,NM,035,23,947,384,478,31,9,15,1,1,28,673,250,370,23,2,14,1,1,12,NA,01780,90030,00030,051,040,2,1,NA,NA
35035000024,NM,035,24,1953,396,1346,124,9,34,2,3,39,1450,266,1035,87,8,29,2,1,22,NA,01780,90030,00030,053,040,2,1,NA,NA
35035000025,NM,035,25,1177,196,838,89,4,16,0,1,33,842,119,635,56,1,16,0,1,14,NA,01780,90030,00030,053,040,2,1,NA,NA
35035000026,NM,035,26,1047,291,668,56,4,10,1,3,14,816,205,547,40,3,10,1,2,8,NA,01780,90030,00030,053,040,2,1,NA,NA
35035000027,NM,035,27,1270,235,901,64,18,14,0,4,34,954,152,719,43,9,12,0,1,18,NA,01780,90030,00030,053,040,2,1,NA,NA
35035000028,NM,035,28,2407,557,1671,65,19,27,3,7,58,1790,340,1325,43,16,26,1,3,36,NA,01780,90030,00030,053,040,2,1,NA,NA
35035000029,NM,035,29,1939,352,1406,82,24,20,1,5,49,1427,224,1086,54,16,13,1,3,30,NA,01780,90030,00030,051,037,2,1,NA,NA
35035000030,NM,035,30,942,231,622,47,14,8,1,1,18,714,153,501,29,11,8,1,1,10,NA,01780,90030,00030,051,037,2,1,NA,NA
35035000031,NM,035,31,884,306,504,35,8,6,0,13,12,666,209,410,23,7,6,0,5,6,NA,01780,90030,00030,051,037,2,1,NA,NA
35035000032,NM,035,32,1062,347,618,49,10,20,0,2,16,791,226,494,34,7,16,0,2,12,NA,01780,90030,00030,051,040,2,1,NA,NA
35035000033,NM,035,33,1217,437,667,56,10,16,1,3,27,884,277,535,35,7,16,1,0,13,NA,01780,90030,00030,051,040,2,1,NA,NA
35035000034,NM,035,34,1121,487,564,42,3,10,0,0,15,775,285,441,31,3,8,0,0,7,NA,01780,90030,00030,051,040,2,1,NA,NA
35035000035,NM,035,35,1061,136,878,8,2,9,0,2,26,806,91,675,6,2,9,0,2,21,NA,08440,90030,00030,053,040,2,1,NA,NA
35035000036,NM,035,36,1417,616,679,68,5,4,0,2,43,995,379,534,49,5,4,0,1,23,NA,01780,90030,00030,051,040,2,1,NA,NA
35035000037,NM,035,37,2248,475,1405,189,8,40,12,8,111,1497,282,1000,113,7,30,8,4,53,NA,01780,90030,00030,053,040,2,1,NA,NA
35035000038,NM,035,38,288,124,151,0,11,0,0,0,2,214,79,126,0,7,0,0,0,2,2205,47920,93570,02670,056,040,2,1,NA,NA
35035000039,NM,035,39,1506,296,1046,95,11,26,1,4,27,1085,187,792,68,7,20,1,1,9,NA,01780,90030,00030,053,040,2,1,NA,NA
35035000040,NM,035,40,925,111,739,46,7,14,0,2,6,701,77,570,33,4,14,0,0,3,NA,01780,90030,00030,053,040,2,1,NA,NA
35037000001,NM,037,1,223,14,201,0,1,0,0,0,7,170,10,154,0,1,0,0,0,5,NA,33710,91530,01320,067,007,3,2,NA,NA
35037000002,NM,037,2,170,7,156,0,1,6,0,0,0,121,3,113,0,1,4,0,0,0,NA,NA,91530,01830,067,007,3,2,NA,NA
35037000003,NM,037,3,561,123,419,0,3,0,0,0,16,403,67,322,0,3,0,0,0,11,NA,68150,92730,02340,067,007,3,2,NA,NA
35037000004,NM,037,4,162,19,131,0,7,0,0,0,5,124,13,105,0,4,0,0,0,2,NA,NA,91830,01590,067,007,3,2,NA,NA
35037000005,NM,037,5,1180,239,922,3,3,0,2,1,10,928,157,756,3,2,0,0,1,9,NA,42040,91830,01590,067,007,3,2,NA,NA
35037000006,NM,037,6,1830,356,1450,8,8,2,0,0,6,1411,254,1139,6,5,1,0,0,6,NA,79910,93540,02640,067,007,3,2,NA,NA
35037000007,NM,037,7,787,481,290,3,6,0,0,1,6,594,351,233,3,4,0,0,1,2,NA,79910,93540,02640,067,007,3,2,NA,NA
35037000008,NM,037,8,880,593,241,14,21,9,0,0,2,614,396,184,9,17,7,0,0,1,NA,79910,93540,02640,067,007,3,2,NA,NA
35037000009,NM,037,9,1383,542,761,15,17,25,3,2,18,1070,370,641,11,10,19,2,2,15,NA,79910,93540,02640,067,007,3,2,NA,NA
35037000010,NM,037,10,899,333,539,2,5,9,0,0,11,663,214,430,2,4,7,0,0,6,NA,79910,93540,02640,067,007,3,2,NA,NA
35037000011,NM,037,11,362,299,39,20,0,0,0,0,4,265,215,29,19,0,0,0,0,2,NA,79910,93540,02640,067,007,3,2,NA,NA
35037000012,NM,037,12,569,369,179,7,3,7,0,0,4,414,252,147,4,3,5,0,0,3,NA,79910,93540,02640,067,007,3,2,NA,NA
35037000013,NM,037,13,1149,482,625,6,3,23,1,0,9,837,313,497,2,3,13,1,0,8,NA,79910,93540,02640,067,007,3,2,NA,NA
35039000001,NM,039,1,840,552,253,2,18,0,0,3,12,694,446,221,1,15,0,0,2,9,NA,NA,91020,00900,041,005,3,2,NA,NA
35039000002,NM,039,2,2438,2151,218,12,36,1,1,0,19,1694,1452,192,12,25,1,1,0,11,3430,02070,93210,00900,040,005,3,2,NA,NA
35039000003,NM,039,3,1261,1094,108,9,35,7,0,0,8,908,772,93,5,26,6,0,0,6,3430,25170,92760,00900,040,005,3,2,NA,NA
35039000004,NM,039,4,1576,1289,213,4,51,3,0,0,16,1136,904,179,4,35,2,0,0,12,3430,25170,93210,00900,040,005,3,2,NA,NA
35039000005,NM,039,5,1271,1093,65,0,102,1,0,0,10,879,745,53,0,73,1,0,0,7,3430,NA,92760,00900,040,005,3,2,NA,NA
35039000006,NM,039,6,442,332,106,0,0,0,0,0,4,341,246,94,0,0,0,0,0,1,NA,NA,91020,00900,041,005,3,2,NA,NA
35039000007,NM,039,7,1404,314,22,0,1046,1,1,0,20,968,214,18,0,725,1,1,0,9,3495,70390,92790,00900,041,005,3,2,NA,NA
35039000008,NM,039,8,550,479,51,5,11,0,1,0,3,401,341,43,3,10,0,1,0,3,3495,25170,92790,00900,041,005,3,2,NA,NA
35039000009,NM,039,9,845,755,54,6,22,0,0,1,7,647,570,48,6,17,0,0,1,5,3495,25170,92790,00900,041,005,3,2,NA,NA
35039000010,NM,039,10,1259,1003,203,6,37,1,1,0,8,857,667,161,5,17,0,1,0,6,3495,25170,92790,00900,040,005,3,2,NA,NA
35039000011,NM,039,11,2492,1848,581,7,31,2,14,0,9,1835,1306,489,5,17,2,10,0,6,3495,25170,92790,00900,041,005,3,2,NA,NA
35039000012,NM,039,12,1045,923,84,2,26,1,0,1,8,751,650,69,2,22,1,0,1,6,3495,25170,92790,00900,041,005,3,2,NA,NA
35039000013,NM,039,13,1763,1671,80,0,5,0,0,1,6,1271,1193,68,0,5,0,0,1,4,NA,14950,90570,00900,040,005,3,2,NA,NA
35039000014,NM,039,14,816,723,84,0,2,0,0,0,7,630,548,75,0,2,0,0,0,5,NA,14950,90570,00900,040,005,3,2,NA,NA
35039000015,NM,039,15,519,468,45,0,0,6,0,0,0,380,341,33,0,0,6,0,0,0,NA,63110,90570,00900,040,005,3,2,NA,NA
35039000016,NM,039,16,686,606,75,0,1,0,0,0,4,531,461,66,0,1,0,0,0,3,NA,NA,90570,00900,040,005,3,2,NA,NA
35039000017,NM,039,17,289,190,87,1,1,0,0,6,4,218,133,76,0,1,0,0,4,4,NA,NA,90570,02040,040,005,3,2,NA,NA
35039000018,NM,039,18,753,541,195,3,6,2,0,0,6,604,428,163,3,3,2,0,0,5,NA,NA,93390,00420,041,005,3,2,NA,NA
35039000019,NM,039,19,548,329,200,0,6,1,1,0,11,427,235,176,0,6,1,1,0,8,1700,NA,93390,00420,041,005,3,2,NA,NA
35039000020,NM,039,20,1680,1083,544,5,38,2,1,0,7,1250,741,472,3,26,2,1,0,5,1700,13970,93390,00420,041,005,3,2,NA,NA
35039000022,NM,039,22,96,67,28,0,0,0,0,0,1,81,55,25,0,0,0,0,0,1,NA,NA,93390,00420,041,005,3,2,NA,NA
35039000023,NM,039,23,377,305,63,0,0,8,0,0,1,269,208,52,0,0,8,0,0,1,NA,NA,93390,00420,041,005,3,2,NA,NA
35039000024,NM,039,24,2828,331,126,1,2332,0,0,2,36,1720,185,114,1,1403,0,0,2,15,1700,21390,91680,00810,003,022,3,2,NA,NA
35039000025,NM,039,25,395,119,264,0,8,0,0,0,4,328,108,210,0,7,0,0,0,3,1700,62340,90810,01380,041,022,3,2,NA,NA
35039000026,NM,039,26,549,461,79,3,5,0,0,0,1,395,324,66,2,2,0,0,0,1,NA,NA,90810,01380,041,005,3,2,NA,NA
35039000027,NM,039,27,151,130,17,0,1,0,0,0,3,102,84,15,0,1,0,0,0,2,3495,NA,90810,01380,041,005,3,2,NA,NA
35039000029,NM,039,29,186,13,34,0,139,0,0,0,0,133,11,29,0,93,0,0,0,0,1700,NA,93780,01380,003,022,3,2,NA,NA
35039000030,NM,039,30,481,417,61,1,0,1,0,0,1,354,301,51,1,0,1,0,0,0,1700,37490,90810,01380,041,005,3,2,NA,NA
35039000031,NM,039,31,1114,943,144,1,10,0,0,4,12,806,658,127,1,9,0,0,4,7,NA,NA,92610,01980,041,005,3,2,NA,NA
35039000032,NM,039,32,497,365,110,1,4,0,0,6,11,368,265,88,1,3,0,0,4,7,NA,NA,93210,00900,041,005,3,2,NA,NA
35039000033,NM,039,33,596,456,121,1,12,0,0,3,3,470,351,104,1,8,0,0,3,3,NA,NA,93630,01980,041,005,3,2,NA,NA
35039000034,NM,039,34,19,11,8,0,0,0,0,0,0,17,11,6,0,0,0,0,0,0,NA,NA,93630,01980,041,005,3,2,NA,NA
35039000035,NM,039,35,907,611,264,2,4,0,0,12,14,653,409,220,1,4,0,0,8,11,NA,NA,92610,00420,041,005,3,2,NA,NA
35039000036,NM,039,36,2934,2703,184,3,29,0,5,1,9,2019,1839,145,3,22,0,2,0,8,3430,25170,93210,00900,041,005,3,2,NA,NA
35039000037,NM,039,37,366,334,27,0,4,0,0,0,1,272,242,26,0,3,0,0,0,1,3430,NA,92760,00900,040,005,3,2,NA,NA
35039000038,NM,039,38,1934,1648,247,1,21,0,0,1,16,1389,1160,206,1,14,0,0,1,7,NA,NA,93210,00900,041,005,3,2,NA,NA
35039000039,NM,039,39,1932,1620,262,2,16,7,0,2,23,1267,1015,219,2,8,4,0,2,17,NA,NA,92610,00900,041,005,3,2,NA,NA
35039000040,NM,039,40,2017,1680,281,4,37,2,0,0,13,1451,1155,248,4,32,1,0,0,11,3495,25170,92790,00900,040,005,3,2,NA,NA
35039000041,NM,039,41,1334,367,31,3,906,1,0,0,26,900,219,31,2,635,1,0,0,12,3430,68705,92760,00900,040,005,3,2,NA,NA
35041000001,NM,041,1,1102,491,551,23,13,4,0,1,19,772,324,407,16,12,2,0,1,10,NA,59260,92430,02100,063,027,3,2,NA,NA
35041000002,NM,041,2,1568,307,1229,3,5,5,0,0,19,1138,183,929,3,5,5,0,0,13,NA,59260,92430,02100,066,042,3,2,NA,NA
35041000003,NM,041,3,188,49,138,1,0,0,0,0,0,131,29,101,1,0,0,0,0,0,NA,12850,91080,00790,066,042,3,2,NA,NA
35041000004,NM,041,4,554,94,456,0,3,0,0,0,1,380,49,329,0,1,0,0,0,1,NA,21180,91080,00790,066,042,3,2,NA,NA
35041000005,NM,041,5,422,80,340,2,0,0,0,0,0,317,47,270,0,0,0,0,0,0,NA,23000,91140,00840,057,027,3,2,NA,NA
35041000006,NM,041,6,452,70,381,0,0,0,0,0,1,335,45,289,0,0,0,0,0,1,NA,26570,91140,01020,067,027,3,2,NA,NA
35041000007,NM,041,7,598,432,160,2,2,0,0,1,1,424,284,134,2,2,0,0,1,1,NA,59260,92430,02100,063,027,3,2,NA,NA
35041000008,NM,041,8,1607,1280,278,13,17,2,2,6,9,1061,810,218,8,11,1,2,3,8,NA,59260,92430,02100,063,027,3,2,NA,NA
35041000009,NM,041,9,1937,384,1428,42,16,42,1,1,23,1346,241,1026,22,11,31,1,1,13,NA,59260,92430,02100,066,027,3,2,NA,NA
35041000010,NM,041,10,1769,517,1185,29,17,3,0,4,14,1321,333,946,17,12,3,0,3,7,NA,59260,92430,02100,066,027,3,2,NA,NA
35041000011,NM,041,11,1490,385,1015,38,21,10,0,0,21,1061,229,771,20,14,8,0,0,19,NA,59260,92430,02100,066,027,3,2,NA,NA
35041000012,NM,041,12,1016,357,601,34,8,6,0,0,10,753,227,492,19,6,5,0,0,4,NA,59260,92430,02100,063,027,3,2,NA,NA
35041000013,NM,041,13,671,233,401,12,7,7,1,2,8,497,149,324,8,5,5,1,0,5,NA,59260,92430,02100,066,027,3,2,NA,NA
35041000014,NM,041,14,702,185,444,40,14,9,1,0,9,656,161,424,38,14,9,1,0,9,NA,59260,92430,02100,066,027,3,2,NA,NA
35041000015,NM,041,15,1098,270,761,28,6,8,0,0,25,847,180,627,15,6,7,0,0,12,NA,59260,92430,02100,066,027,3,2,NA,NA
35041000016,NM,041,16,836,315,512,1,3,1,0,0,4,574,184,386,0,3,0,0,0,1,NA,59260,92430,02100,066,027,3,2,NA,NA
35041000017,NM,041,17,1106,366,719,5,12,0,0,2,2,727,202,513,1,7,0,0,2,2,NA,59260,92430,02100,063,027,3,2,NA,NA
35041000018,NM,041,18,902,183,700,3,7,0,2,0,7,618,103,501,3,5,0,2,0,4,NA,59260,92430,02100,066,042,3,2,NA,NA
35043000001,NM,043,1,2794,2055,610,10,79,5,0,6,29,1963,1415,475,6,42,3,0,5,17,3370,06970,90270,00210,044,009,1,3,NA,NA
35043000002,NM,043,2,2367,1944,310,9,82,7,0,1,14,1542,1242,237,5,40,7,0,1,10,3370,06970,90270,00210,044,009,1,3,NA,NA
35043000003,NM,043,3,999,710,246,3,33,0,0,1,6,737,515,192,2,25,0,0,1,2,3370,06970,90270,00210,044,009,1,3,NA,NA
35043000004,NM,043,4,887,617,206,3,26,3,0,3,29,616,412,158,3,15,2,0,3,23,3480,06970,90270,00210,065,009,1,3,NA,NA
35043000005,NM,043,5,1549,481,988,5,23,10,0,11,31,1201,331,818,5,12,3,0,9,23,NA,58070,90270,00210,065,009,1,3,NA,NA
35043000006,NM,043,6,692,500,169,4,10,1,0,6,2,474,335,125,3,8,0,0,3,0,3400,02210,90270,00210,065,022,3,2,NA,NA
35043000007,NM,043,7,1233,568,108,5,530,0,0,7,15,795,396,92,4,286,0,0,7,10,3585,55830,92940,00210,043,009,3,2,NA,NA
35043000008,NM,043,8,711,65,19,0,620,0,0,0,7,479,47,14,0,413,0,0,0,5,0680,16560,92940,00210,065,022,3,2,NA,NA
35043000009,NM,043,9,2493,45,3,0,2436,0,0,0,9,1554,19,1,0,1530,0,0,0,4,3400,67450,92940,00210,065,022,3,2,NA,NA
35043000010,NM,043,10,394,40,300,2,25,1,3,1,22,349,29,283,1,17,1,3,1,14,0680,NA,92940,00210,043,009,3,2,NA,NA
35043000011,NM,043,11,1643,430,1161,2,12,8,0,3,27,1228,300,893,2,10,8,0,2,13,3370,17960,90270,00060,044,009,3,2,NA,NA
35043000012,NM,043,12,1622,435,1118,11,19,12,0,8,19,1239,289,897,6,15,9,0,7,16,NA,17960,90270,00060,044,009,3,2,NA,NA
35043000013,NM,043,13,2094,547,1449,14,34,14,0,9,27,1586,374,1146,11,24,9,0,9,13,NA,17960,90270,00060,044,009,3,2,NA,NA
35043000014,NM,043,14,660,16,1,0,642,0,0,0,1,429,10,1,0,418,0,0,0,0,4770,86420,91650,01410,065,022,3,2,NA,NA
35043000015,NM,043,15,1958,38,4,0,1916,0,0,0,0,1272,20,4,0,1248,0,0,0,0,1685,35250,91650,01410,065,022,3,2,NA,NA
35043000016,NM,043,16,338,215,95,1,14,1,1,0,11,246,148,81,1,8,1,1,0,6,1685,58980,92940,01410,043,022,3,2,NA,NA
35043000017,NM,043,17,431,213,190,1,17,0,0,4,6,312,139,150,1,12,0,0,4,6,1685,58980,91650,01410,043,022,3,2,NA,NA
35043000018,NM,043,18,1176,194,929,2,20,13,0,2,16,931,130,764,2,14,11,0,2,8,3495,35320,91650,01410,043,005,3,2,NA,NA
35043000019,NM,043,19,487,14,1,0,469,0,0,0,3,315,9,1,0,304,0,0,0,1,3480,70250,92940,00210,065,022,3,2,NA,NA
35043000020,NM,043,20,2653,49,6,0,2592,0,1,0,5,1663,32,6,0,1623,0,0,0,2,3585,70810,92940,00210,065,022,3,2,NA,NA
35043000021,NM,043,21,687,480,120,1,76,2,0,2,6,493,342,103,0,43,2,0,0,3,NA,19150,90870,00660,041,022,3,2,NA,NA
35043000022,NM,043,22,777,471,121,0,169,4,0,1,11,516,330,98,0,84,1,0,0,3,NA,19150,90870,00660,041,022,3,2,NA,NA
35043000023,NM,043,23,425,235,156,2,23,0,0,0,9,341,181,131,2,18,0,0,0,9,1700,62340,90870,00660,041,022,3,2,NA,NA
35043000024,NM,043,24,830,25,28,0,772,1,0,0,4,517,16,22,0,477,1,0,0,1,2430,NA,90870,00660,069,022,3,2,NA,NA
35043000025,NM,043,25,1618,30,31,0,1548,0,0,0,9,875,11,19,0,841,0,0,0,4,2430,79070,90870,00660,069,022,3,2,NA,NA
35043000026,NM,043,26,525,8,3,0,512,0,0,0,2,328,7,3,0,316,0,0,0,2,2430,NA,90870,00660,069,022,3,2,NA,NA
35043000027,NM,043,27,385,269,82,2,27,3,0,0,2,289,198,72,1,16,2,0,0,0,1685,71020,90870,00660,065,022,3,2,NA,NA
35043000028,NM,043,28,669,167,479,1,3,5,0,7,7,523,113,395,1,3,5,0,3,3,3400,58070,90270,00210,043,009,1,3,NA,NA
35043000029,NM,043,29,410,17,38,1,347,0,0,0,7,285,8,35,1,236,0,0,0,5,3370,59950,90270,00210,065,009,1,3,NA,NA
35043000030,NM,043,30,1758,606,1025,25,40,33,0,3,26,1222,368,763,19,25,24,0,3,20,1840,63460,90870,00010,060,023,3,2,NA,NA
35043000031,NM,043,31,2005,541,1307,28,28,43,8,7,43,1416,340,978,20,21,31,3,4,19,NA,63460,90270,00010,060,023,3,2,NA,NA
35043000032,NM,043,32,715,142,535,10,7,5,0,4,12,549,85,438,6,5,5,0,2,8,NA,63460,90270,00010,060,009,3,2,NA,NA
35043000033,NM,043,33,2003,378,1484,33,63,17,3,3,22,1783,264,1401,32,52,17,3,0,14,NA,63460,90270,00010,044,009,3,2,NA,NA
35043000034,NM,043,34,3080,506,2389,54,25,56,7,2,41,2511,352,2021,43,18,47,4,1,25,NA,63460,90270,00010,044,009,3,2,NA,NA
35043000035,NM,043,35,1651,378,1148,36,30,22,0,0,37,1289,274,920,35,22,19,0,0,19,NA,63460,90270,00010,044,009,3,2,NA,NA
35043000036,NM,043,36,1472,285,1081,50,21,11,0,1,23,1151,176,894,45,16,10,0,1,9,NA,63460,90270,00010,044,009,3,2,NA,NA
35043000037,NM,043,37,3108,1094,1781,81,54,28,7,9,54,2103,671,1281,56,39,21,2,3,30,NA,63460,90270,00010,060,009,3,2,NA,NA
35043000038,NM,043,38,2448,652,1543,98,55,42,2,3,53,1697,397,1133,69,38,32,2,3,23,NA,63460,90270,00010,044,009,1,3,NA,NA
35043000039,NM,043,39,2472,755,1544,56,44,16,1,18,38,1644,461,1068,39,26,12,1,12,25,NA,63460,90270,00010,060,009,3,2,NA,NA
35043000040,NM,043,40,1919,589,1160,55,44,24,3,2,42,1318,369,838,36,31,17,1,1,25,NA,63460,90270,00010,060,023,3,2,NA,NA
35043000041,NM,043,41,2083,471,1434,58,48,22,2,6,42,1463,302,1043,44,27,18,2,4,23,NA,63460,90270,00010,060,023,3,2,NA,NA
35043000042,NM,043,42,1369,414,834,46,28,11,4,0,32,929,231,617,34,18,9,4,0,16,NA,63460,90270,00010,060,023,3,2,NA,NA
35043000043,NM,043,43,1700,546,993,48,58,23,0,4,28,1165,340,733,30,33,17,0,3,9,NA,63460,90270,00010,060,023,3,2,NA,NA
35043000044,NM,043,44,2033,495,1378,59,41,12,6,2,40,1404,298,1005,43,27,8,1,2,20,NA,63460,90270,00010,060,023,3,2,NA,NA
35043000045,NM,043,45,2009,568,1281,61,41,18,1,0,39,1406,343,956,40,27,17,1,0,22,NA,63460,90270,00010,060,023,3,2,NA,NA
35043000046,NM,043,46,3022,1119,1673,58,70,29,2,0,71,1984,644,1202,35,51,21,2,0,29,NA,63460,90270,00010,060,023,3,2,NA,NA
35043000047,NM,043,47,1026,385,548,22,44,7,14,0,6,633,220,368,14,20,4,4,0,3,NA,63460,90270,00010,060,023,3,2,NA,NA
35043000048,NM,043,48,2601,566,1788,70,38,73,3,7,56,1904,371,1375,47,23,54,2,4,28,NA,63460,90270,00010,044,009,3,2,NA,NA
35043000049,NM,043,49,1323,354,864,17,23,36,1,5,23,912,220,618,13,21,22,1,3,14,NA,63460,90270,00010,044,023,3,2,NA,NA
35043000050,NM,043,50,5201,1660,3071,109,114,101,12,22,112,3525,1033,2194,72,80,73,9,13,51,3480,63460,90270,00010,065,022,3,2,NA,NA
35043000051,NM,043,51,0,0,0,0,0,0,0,0,0,0,0,0,0,0,0,0,0,0,3415,NA,91650,00210,043,039,3,2,NA,NA
35043000053,NM,043,53,1299,375,857,9,18,15,0,0,25,939,235,663,8,13,9,0,0,11,NA,17960,90270,00060,044,009,3,2,NA,NA
35043000055,NM,043,55,1592,160,1348,19,14,6,0,22,23,1368,108,1199,12,9,4,0,16,20,3480,58070,90270,00210,065,009,1,3,NA,NA
35043000056,NM,043,56,313,48,243,0,6,0,1,2,13,236,28,190,0,5,0,1,2,10,3400,58070,90270,00210,043,009,1,3,NA,NA
35043000060,NM,043,60,1415,462,757,58,46,30,0,2,60,885,259,520,35,23,23,0,2,23,NA,63460,90270,00010,044,009,3,2,NA,NA
35043000064,NM,043,64,2888,698,1895,94,85,56,1,7,52,2090,477,1393,70,73,41,1,6,29,3370,63460,90270,00010,044,009,1,3,NA,NA
35043000067,NM,043,67,3697,1287,2128,85,76,30,3,2,86,2537,776,1574,66,56,22,2,0,41,NA,63460,90270,00010,060,023,3,2,NA,NA
35043000070,NM,043,70,199,25,167,0,2,1,0,1,3,157,13,137,0,2,1,0,1,3,1685,NA,92940,01410,043,022,3,2,NA,NA
35045000001,NM,045,1,2020,17,6,0,1992,0,0,1,4,1292,6,5,0,1278,0,0,1,2,2430,69620,92970,00390,009,003,3,2,NA,NA
35045000002,NM,045,2,3617,39,90,6,3454,6,0,0,22,2225,16,75,6,2112,5,0,0,11,2430,72770,92970,00390,004,003,3,2,NA,NA
35045000003,NM,045,3,1662,27,33,5,1591,0,0,0,6,1006,15,27,2,961,0,0,0,1,2430,72770,92970,00390,004,003,3,2,NA,NA
35045000004,NM,045,4,2022,36,31,1,1933,1,1,0,19,1281,18,24,1,1225,1,0,0,12,2430,72770,92970,00390,004,003,3,2,NA,NA
35045000005,NM,045,5,924,10,50,1,852,0,0,0,11,599,6,44,1,543,0,0,0,5,2430,51770,92970,00390,009,003,3,2,NA,NA
35045000006,NM,045,6,1579,4,13,0,1558,0,0,0,4,980,1,11,0,964,0,0,0,4,2430,51280,92160,00390,009,003,3,2,NA,NA
35045000007,NM,045,7,580,7,11,1,560,0,0,0,1,383,4,11,1,366,0,0,0,1,2430,19080,92160,00390,009,003,3,2,NA,NA
35045000008,NM,045,8,2112,17,18,1,2065,2,0,0,9,1299,12,17,1,1263,2,0,0,4,2430,72770,92970,00390,004,003,3,2,NA,NA
35045000009,NM,045,9,574,7,2,0,560,0,0,0,5,378,2,2,0,372,0,0,0,2,2430,06425,92970,00390,004,003,3,2,NA,NA
35045000010,NM,045,10,581,1,2,0,577,0,0,0,1,351,1,1,0,349,0,0,0,0,2430,72770,92970,00390,004,003,3,2,NA,NA
35045000011,NM,045,11,1558,168,702,1,652,3,1,0,31,987,80,512,0,384,1,1,0,9,NA,36230,91290,00390,004,002,3,2,NA,NA
35045000012,NM,045,12,938,72,615,0,227,1,0,0,23,628,38,428,0,151,1,0,0,10,2430,36230,91290,00390,004,002,3,2,NA,NA
35045000013,NM,045,13,1458,141,720,1,566,5,1,5,19,999,89,530,1,364,4,1,2,8,2430,36230,91290,00390,004,002,3,2,NA,NA
35045000014,NM,045,14,1324,3,8,0,1306,0,1,0,6,824,2,8,0,811,0,1,0,2,2430,72770,92970,00390,004,003,3,2,NA,NA
35045000015,NM,045,15,988,12,19,0,953,0,0,0,4,642,8,18,0,616,0,0,0,0,2430,NA,92970,00390,009,003,3,2,NA,NA
35045000016,NM,045,16,814,14,5,0,782,0,0,0,13,479,6,5,0,464,0,0,0,4,2430,72600,92970,00390,009,003,3,2,NA,NA
35045000018,NM,045,18,2887,244,697,9,1860,10,0,1,66,1780,142,511,5,1084,8,0,1,29,NA,36230,91290,00390,004,002,3,2,NA,NA
35045000019,NM,045,19,983,114,630,4,218,1,1,0,15,671,60,473,2,126,1,1,0,8,2430,36230,91290,00390,004,002,3,2,NA,NA
35045000020,NM,045,20,1320,101,1137,3,47,15,0,0,17,984,62,853,1,45,13,0,0,10,NA,25800,91290,00990,001,001,3,2,NA,NA
35045000021,NM,045,21,1005,140,799,1,48,4,0,1,12,732,89,603,1,29,4,0,1,5,NA,25800,91290,00990,002,001,3,2,NA,NA
35045000022,NM,045,22,992,129,752,1,84,10,0,0,16,761,89,601,1,55,4,0,0,11,NA,25800,91290,00990,001,001,3,2,NA,NA
35045000023,NM,045,23,2235,288,1626,19,243,15,0,0,44,1645,185,1262,16,156,12,0,0,14,NA,25800,91290,00990,001,001,3,2,NA,NA
35045000024,NM,045,24,1395,182,1133,9,55,7,0,0,9,1042,121,860,9,42,7,0,0,3,NA,25800,91290,00990,001,001,3,2,NA,NA
35045000025,NM,045,25,1230,79,1097,0,26,6,2,0,20,898,54,804,0,24,4,1,0,11,NA,25800,91290,00990,001,001,3,2,NA,NA
35045000026,NM,045,26,1069,221,720,11,104,0,1,0,12,745,126,535,7,71,0,1,0,5,NA,25800,91290,00990,001,001,3,2,NA,NA
35045000027,NM,045,27,1235,122,1026,8,52,3,0,2,22,919,80,793,5,34,3,0,0,4,NA,25800,91290,00990,001,001,3,2,NA,NA
35045000028,NM,045,28,1028,122,800,9,77,7,0,1,12,792,87,624,7,62,4,0,0,8,NA,25800,91290,00990,001,001,3,2,NA,NA
35045000029,NM,045,29,1053,209,602,6,214,1,1,7,13,756,133,461,5,145,1,1,4,6,NA,25800,91290,00990,001,001,3,2,NA,NA
35045000030,NM,045,30,1895,205,1432,8,204,1,3,1,41,1321,132,1029,5,132,1,1,0,21,3925,36230,91290,00990,001,002,3,2,NA,NA
35045000031,NM,045,31,3440,559,999,26,1773,17,3,2,61,2127,313,706,19,1048,10,1,1,29,NA,25800,91290,00990,001,002,3,2,NA,NA
35045000040,NM,045,40,1482,290,947,14,193,2,1,0,35,1023,180,691,12,124,2,1,0,13,NA,25800,91290,00990,002,001,3,2,NA,NA
35045000041,NM,045,41,2020,218,1681,0,82,12,0,0,27,1466,120,1263,0,53,12,0,0,18,NA,25800,91290,00990,002,001,3,2,NA,NA
35045000042,NM,045,42,1205,140,999,5,37,5,0,5,14,836,75,716,4,26,4,0,4,7,NA,25800,91290,00990,001,001,3,2,NA,NA
35045000043,NM,045,43,1672,296,1064,20,238,10,1,10,33,1169,180,789,12,160,8,1,8,11,NA,25800,91290,00990,001,001,3,2,NA,NA
35045000044,NM,045,44,2158,443,1323,14,311,9,1,2,55,1485,272,981,9,191,7,1,2,22,NA,25800,91290,00990,002,001,3,2,NA,NA
35045000045,NM,045,45,2089,465,1076,23,482,8,0,7,28,1398,281,791,16,282,8,0,2,18,NA,25800,91290,00990,002,001,3,2,NA,NA
35045000046,NM,045,46,1098,192,867,0,30,2,0,0,7,821,123,675,0,17,2,0,0,4,NA,26360,90180,00990,002,001,3,2,NA,NA
35045000047,NM,045,47,1948,333,1455,2,116,3,0,4,35,1361,198,1060,2,71,3,0,4,23,NA,26360,90180,00150,002,001,3,2,NA,NA
35045000049,NM,045,49,1507,187,1169,4,113,10,1,0,23,1059,116,855,2,72,6,1,0,7,NA,25800,91290,00990,001,001,3,2,NA,NA
35045000051,NM,045,51,1419,221,917,28,224,6,1,0,22,1060,163,711,16,150,6,0,0,14,NA,25800,91290,00990,001,001,3,2,NA,NA
35045000052,NM,045,52,1031,209,599,16,183,4,0,0,20,763,138,476,15,119,4,0,0,11,NA,25800,91290,00990,001,001,3,2,NA,NA
35045000053,NM,045,53,1075,189,763,9,86,3,0,0,25,752,115,561,5,56,3,0,0,12,NA,25800,91290,00990,002,002,3,2,NA,NA
35045000054,NM,045,54,1348,269,759,16,260,15,0,1,28,963,183,594,8,156,11,0,1,10,NA,25800,91290,00990,002,001,3,2,NA,NA
35045000055,NM,045,55,2029,765,797,20,399,9,1,2,36,1381,476,611,15,252,6,1,2,18,NA,25800,91290,00990,002,002,3,2,NA,NA
35045000056,NM,045,56,2713,690,1218,21,706,2,0,5,71,1691,387,858,18,387,0,0,1,40,NA,25800,90180,00990,002,002,3,2,NA,NA
35045000057,NM,045,57,2321,648,508,15,1090,3,0,3,54,1440,420,397,11,584,3,0,2,23,2430,25800,93030,00990,004,001,3,2,NA,NA
35045000058,NM,045,58,1902,372,859,14,622,1,0,0,34,1393,241,689,11,435,0,0,0,17,2430,25800,91290,00990,001,001,3,2,NA,NA
35045000059,NM,045,59,1149,166,794,4,171,3,0,3,8,783,93,578,4,99,2,0,2,5,NA,25800,90180,00990,003,002,3,2,NA,NA
35045000060,NM,045,60,705,124,553,0,15,0,0,0,13,496,74,404,0,9,0,0,0,9,3925,05780,90180,00150,003,002,3,2,NA,NA
35045000061,NM,045,61,1433,197,1189,1,29,2,0,0,15,1041,123,888,1,18,2,0,0,9,NA,05780,90180,00150,003,002,3,2,NA,NA
35045000062,NM,045,62,1298,270,967,5,42,1,0,0,13,972,165,766,3,29,1,0,0,8,NA,05780,90180,00150,003,002,3,2,NA,NA
35045000063,NM,045,63,1518,277,1056,4,137,3,0,1,40,1029,156,770,3,74,3,0,1,22,NA,05780,90180,00150,003,002,3,2,NA,NA
35045000064,NM,045,64,950,214,681,0,39,1,2,1,12,677,130,512,0,25,1,1,1,7,NA,05780,90180,00150,003,002,3,2,NA,NA
35045000065,NM,045,65,987,79,861,0,28,3,1,2,13,732,54,652,0,14,0,1,2,9,3925,NA,90360,00150,003,002,3,2,NA,NA
35045000066,NM,045,66,1133,226,818,0,66,4,1,0,18,822,157,609,0,39,3,1,0,13,NA,05780,90180,00150,003,002,3,2,NA,NA
35045000067,NM,045,67,2605,471,1759,16,307,4,5,4,39,1955,324,1315,10,273,3,2,2,26,NA,05780,90180,00150,002,001,3,2,NA,NA
35045000068,NM,045,68,1385,276,847,8,232,1,2,0,19,801,144,520,4,125,1,0,0,7,NA,NA,90180,00990,003,002,3,2,NA,NA
35045000069,NM,045,69,1711,284,1278,4,96,4,0,0,45,1196,177,935,4,56,3,0,0,21,NA,05780,90180,00150,003,002,3,2,NA,NA
35045000070,NM,045,70,3923,1183,2045,15,595,7,1,2,75,2584,697,1492,11,349,7,1,1,26,NA,07880,90360,00990,003,002,3,2,NA,NA
35045000071,NM,045,71,1747,290,1107,0,325,0,0,0,25,1138,176,751,0,193,0,0,0,18,2430,07880,90360,00240,003,002,3,2,NA,NA
35045000072,NM,045,72,1442,637,734,2,43,2,0,1,23,1062,435,581,2,29,1,0,1,13,3925,NA,90360,00240,003,002,3,2,NA,NA
35045000073,NM,045,73,2145,752,1096,5,250,9,2,1,30,1461,470,829,2,139,5,2,1,13,NA,07880,90360,00240,003,002,3,2,NA,NA
35045000074,NM,045,74,2213,636,1089,1,434,7,0,5,41,1447,360,791,1,268,3,0,4,20,NA,07880,90360,00240,003,002,3,2,NA,NA
35045000075,NM,045,75,1303,400,703,7,153,5,0,0,35,877,232,522,4,99,3,0,0,17,NA,07880,90360,00240,003,002,3,2,NA,NA
35045000076,NM,045,76,2299,786,1216,1,247,1,0,9,39,1583,501,918,1,143,1,0,7,12,NA,07880,90360,00240,003,002,3,2,NA,NA
35045000079,NM,045,79,1801,418,1224,2,119,1,0,0,37,1239,266,864,1,87,0,0,0,21,2430,51035,93030,00240,002,002,3,2,NA,NA
35045000081,NM,045,81,2701,41,38,1,2592,0,1,0,28,1582,14,28,1,1528,0,1,0,10,2430,81177,90420,00390,004,003,3,2,NA,NA
35045000082,NM,045,82,2004,30,11,0,1940,1,0,0,22,1196,11,9,0,1169,0,0,0,7,2430,51715,90420,00390,004,003,3,2,NA,NA
35045000083,NM,045,83,264,2,0,0,261,0,0,0,1,178,1,0,0,177,0,0,0,0,2430,NA,90420,00390,009,003,3,2,NA,NA
35045000084,NM,045,84,1917,51,43,0,1814,1,0,0,8,1210,26,38,0,1142,0,0,0,4,2430,33762,93030,00240,009,002,3,2,NA,NA
35045000085,NM,045,85,936,9,10,0,911,0,0,0,6,595,8,7,0,575,0,0,0,5,2430,50790,93030,00240,009,002,3,2,NA,NA
35045000086,NM,045,86,697,21,27,1,639,0,0,0,9,425,10,23,1,387,0,0,0,4,2430,NA,93030,00990,009,003,3,2,NA,NA
35047000001,NM,047,1,733,474,204,11,14,12,1,0,17,597,368,179,10,14,12,1,0,13,NA,39940,92310,01530,070,008,3,2,NA,NA
35047000002,NM,047,2,1522,933,408,32,85,32,6,4,22,1286,774,363,31,69,27,6,2,14,NA,39940,92310,01530,070,008,3,2,NA,NA
35047000003,NM,047,3,1145,1021,99,4,2,0,0,0,19,869,763,91,3,2,0,0,0,10,NA,39940,92310,01560,070,008,3,2,NA,NA
35047000004,NM,047,4,2012,1643,325,17,11,7,0,0,9,1425,1123,275,11,6,7,0,0,3,NA,39940,92310,01530,070,008,3,2,NA,NA
35047000005,NM,047,5,2155,1837,255,20,19,5,0,2,17,1491,1232,216,12,16,5,0,2,8,NA,39940,92310,01530,070,008,3,2,NA,NA
35047000006,NM,047,6,731,626,82,2,5,13,0,0,3,518,428,73,2,3,11,0,0,1,NA,39940,92310,01530,070,008,3,2,NA,NA
35047000007,NM,047,7,1057,904,133,1,4,2,0,1,12,736,614,110,1,2,2,0,1,6,NA,39940,92310,01530,070,008,3,2,NA,NA
35047000008,NM,047,8,2282,2074,171,12,14,2,0,1,8,1673,1497,148,11,8,2,0,0,7,NA,39940,92310,01560,070,008,3,2,NA,NA
35047000009,NM,047,9,328,193,124,1,4,3,0,0,3,258,139,110,1,3,2,0,0,3,NA,NA,91770,01530,040,039,3,2,NA,NA
35047000010,NM,047,10,777,527,233,0,1,0,0,3,13,566,358,199,0,0,0,0,2,7,NA,NA,91770,01530,040,039,3,2,NA,NA
35047000011,NM,047,11,721,583,124,5,3,0,0,0,6,553,447,95,5,3,0,0,0,3,NA,39940,92310,01530,070,008,3,2,NA,NA
35047000012,NM,047,12,1556,894,573,24,14,32,2,3,14,1035,617,359,19,6,21,2,2,9,NA,NA,91770,01530,040,008,3,2,NA,NA
35047000013,NM,047,13,222,198,22,0,1,0,0,0,1,146,124,20,0,1,0,0,0,1,NA,NA,91770,01560,070,039,3,2,NA,NA
35047000014,NM,047,14,270,179,87,0,2,0,0,0,2,220,139,77,0,2,0,0,0,2,NA,NA,93420,01560,068,008,3,2,NA,NA
35047000015,NM,047,15,419,91,323,0,0,0,0,2,3,341,58,278,0,0,0,0,2,3,NA,50300,90750,01560,068,007,3,2,NA,NA
35047000016,NM,047,16,1491,1020,425,2,20,4,1,1,18,1077,698,345,2,14,3,1,1,13,NA,39940,92310,01560,070,039,3,2,NA,NA
35047000017,NM,047,17,222,198,22,0,2,0,0,0,0,137,123,12,0,2,0,0,0,0,NA,NA,91770,02400,070,039,3,2,NA,NA
35047000018,NM,047,18,1299,1139,143,1,5,1,0,0,10,932,792,126,1,5,1,0,0,7,NA,NA,93690,01560,070,039,3,2,NA,NA
35047000019,NM,047,19,287,259,28,0,0,0,0,0,0,199,175,24,0,0,0,0,0,0,NA,NA,93690,01560,070,039,3,2,NA,NA
35047000020,NM,047,20,163,113,41,0,0,0,0,0,9,119,73,37,0,0,0,0,0,9,NA,NA,93690,01560,070,039,3,2,NA,NA
35047000021,NM,047,21,815,595,171,12,13,1,0,2,21,569,398,140,6,10,1,0,2,12,NA,NA,93690,01560,070,039,3,2,NA,NA
35047000022,NM,047,22,446,333,98,6,6,0,0,0,3,315,217,89,3,3,0,0,0,3,NA,29860,93690,01560,070,039,3,2,NA,NA
35047000023,NM,047,23,2574,1936,572,5,23,7,1,9,21,1807,1295,470,4,16,4,1,5,12,NA,55620,92310,02010,040,039,3,2,NA,NA
35047000024,NM,047,24,1234,959,252,4,9,1,0,0,9,918,685,214,3,9,1,0,0,6,NA,55620,92310,02010,040,039,3,2,NA,NA
35047000025,NM,047,25,692,501,176,1,9,1,0,0,4,545,379,153,1,7,1,0,0,4,NA,39940,92310,01530,070,008,3,2,NA,NA
35047000026,NM,047,26,2264,1992,206,16,20,2,0,4,24,1681,1444,185,12,16,2,0,3,19,NA,39940,92310,01560,070,008,3,2,NA,NA
35047000027,NM,047,27,1490,1221,239,4,1,3,0,6,16,1029,809,200,3,1,3,0,5,8,NA,39940,92310,01530,070,008,3,2,NA,NA
35047000028,NM,047,28,1219,1044,154,5,7,2,0,6,1,815,674,125,3,5,2,0,5,1,NA,39940,92310,01530,070,008,3,2,NA,NA
35049000001,NM,049,1,2332,1694,577,10,22,4,0,1,24,1703,1191,465,9,18,4,0,0,16,3495,39170,92850,00900,046,006,3,2,NA,NA
35049000002,NM,049,2,572,444,107,0,10,5,0,2,4,377,270,89,0,7,5,0,2,4,NA,39170,92850,00900,046,006,3,2,NA,NA
35049000003,NM,049,3,732,620,100,4,1,2,0,1,4,555,461,87,2,1,1,0,0,3,NA,14950,92850,00900,046,006,3,2,NA,NA
35049000004,NM,049,4,140,109,27,0,0,2,0,0,2,102,77,23,0,0,2,0,0,0,2400,19500,92850,00900,046,006,3,2,NA,NA
35049000005,NM,049,5,1404,960,361,2,48,1,1,2,29,1027,667,303,2,34,1,1,2,17,3415,23840,92850,02070,046,039,3,2,NA,NA
35049000006,NM,049,6,318,14,2,0,297,0,0,0,5,213,8,2,0,203,0,0,0,0,4170,77040,92850,02070,046,039,3,2,NA,NA
35049000007,NM,049,7,1020,607,347,7,40,4,0,0,15,733,394,297,6,22,4,0,0,10,4170,15300,92850,02370,046,039,3,2,NA,NA
35049000008,NM,049,8,1301,381,859,6,23,8,0,1,23,1121,313,758,2,18,8,0,1,21,4170,77040,92850,02370,046,025,3,2,NA,NA
35049000009,NM,049,9,1118,364,723,5,4,11,0,1,10,928,277,623,5,4,9,0,1,9,NA,70500,92820,02370,046,039,3,2,NA,NA
35049000010,NM,049,10,1863,268,1551,6,10,11,0,2,15,1631,226,1370,4,9,11,0,2,9,NA,70500,92820,02370,046,025,3,2,NA,NA
35049000011,NM,049,11,2055,960,1015,12,31,8,2,2,25,1616,682,872,9,30,5,1,2,15,NA,70500,92820,02370,046,039,3,2,NA,NA
35049000012,NM,049,12,1494,1040,413,4,15,5,0,6,11,1067,687,351,2,14,5,0,3,5,0680,36720,92880,02370,050,039,3,2,NA,NA
35049000013,NM,049,13,2177,731,1357,4,23,16,0,8,38,1705,524,1122,3,14,12,0,6,24,NA,10470,92880,02370,047,025,3,2,NA,NA
35049000014,NM,049,14,4506,2858,1392,85,97,23,4,4,43,3368,2013,1140,79,86,16,2,4,28,NA,22625,92880,02370,047,024,3,2,NA,NA
35049000015,NM,049,15,872,144,699,2,7,4,1,1,14,625,93,510,0,7,3,1,1,10,NA,13270,92880,01890,050,019,1,3,NA,NA
35049000016,NM,049,16,435,76,335,3,5,1,6,0,9,313,42,251,2,5,1,4,0,8,NA,13270,92880,01890,050,039,3,2,NA,NA
35049000017,NM,049,17,460,117,329,0,4,2,0,1,7,366,82,276,0,3,1,0,1,3,NA,27970,92880,02370,050,039,3,2,NA,NA
35049000018,NM,049,18,1010,194,778,7,6,3,2,2,18,695,107,563,4,6,3,2,2,8,NA,22380,92880,01890,050,019,3,2,NA,NA
35049000019,NM,049,19,328,148,175,1,1,0,0,0,3,243,100,140,1,1,0,0,0,1,NA,NA,92880,01890,050,039,3,2,NA,NA
35049000020,NM,049,20,1276,569,661,5,11,8,0,4,18,1047,455,552,5,11,8,0,4,12,NA,70500,92820,02370,048,025,3,2,NA,NA
35049000021,NM,049,21,1945,626,1200,21,11,51,4,4,28,1698,518,1081,18,8,45,3,4,21,NA,70500,92820,02370,046,025,3,2,NA,NA
35049000022,NM,049,22,1314,518,743,5,22,7,1,0,18,1141,432,672,4,12,6,0,0,15,NA,70500,92820,02370,048,025,3,2,NA,NA
35049000023,NM,049,23,1218,610,281,1,277,14,0,0,35,889,449,230,1,167,12,0,0,30,2400,58630,92850,02070,046,006,3,2,NA,NA
35049000024,NM,049,24,1181,746,391,5,14,3,0,2,20,917,552,335,5,11,3,0,1,10,NA,70500,92820,02370,048,024,3,2,NA,NA
35049000025,NM,049,25,983,558,349,5,26,12,3,1,29,766,411,298,5,17,8,3,0,24,NA,70500,92820,02370,048,024,3,2,NA,NA
35049000026,NM,049,26,849,486,318,5,19,1,0,1,19,663,336,291,5,16,1,0,1,13,NA,70500,92820,02370,048,025,3,2,NA,NA
35049000027,NM,049,27,1466,595,765,12,36,17,0,2,39,1300,500,714,12,32,16,0,2,24,NA,70500,92820,02370,048,024,3,2,NA,NA
35049000028,NM,049,28,619,57,546,3,3,3,0,1,6,578,45,518,3,3,3,0,1,5,NA,70500,92820,02370,046,025,3,2,NA,NA
35049000030,NM,049,30,1393,352,990,1,14,5,0,6,25,1257,295,914,1,13,4,0,6,24,NA,70500,92820,02370,046,025,3,2,NA,NA
35049000031,NM,049,31,1065,873,173,2,4,0,2,1,10,735,579,142,2,3,0,2,1,6,NA,70500,92820,02370,045,024,3,2,NA,NA
35049000032,NM,049,32,1806,1079,627,5,41,17,3,3,31,1485,843,564,5,29,14,2,1,27,NA,70500,92820,02370,048,024,3,2,NA,NA
35049000033,NM,049,33,1383,822,477,11,36,9,1,1,26,1149,670,411,9,31,4,1,1,22,NA,70500,92820,02370,048,024,3,2,NA,NA
35049000034,NM,049,34,1862,1059,707,7,25,17,1,5,41,1413,737,607,7,19,15,1,1,26,NA,70500,92820,02370,045,024,3,2,NA,NA
35049000035,NM,049,35,722,177,446,9,71,4,0,2,13,667,147,423,8,71,4,0,2,12,NA,70500,92820,02370,045,024,3,2,NA,NA
35049000036,NM,049,36,628,128,470,2,8,13,0,1,6,581,115,441,2,8,10,0,1,4,NA,70500,92820,02370,048,025,3,2,NA,NA
35049000037,NM,049,37,992,320,633,5,10,12,1,3,8,801,243,533,5,7,8,1,2,2,NA,70500,92820,02370,047,025,3,2,NA,NA
35049000038,NM,049,38,1664,967,627,7,26,12,0,3,22,1334,723,562,5,21,10,0,1,12,NA,70500,92820,02370,045,024,3,2,NA,NA
35049000039,NM,049,39,1030,705,295,5,10,8,0,0,7,822,554,242,5,9,7,0,0,5,NA,70500,92820,02370,045,024,3,2,NA,NA
35049000040,NM,049,40,587,45,54,0,482,0,0,2,4,389,32,45,0,310,0,0,1,1,3415,68010,92850,02070,046,039,3,2,NA,NA
35049000041,NM,049,41,1913,1671,177,7,31,7,0,4,16,1256,1063,143,7,22,7,0,2,12,NA,70500,92820,02370,048,024,3,2,NA,NA
35049000042,NM,049,42,873,382,390,3,39,10,4,17,28,722,318,329,2,28,7,3,14,21,NA,70500,92820,02370,048,025,3,2,NA,NA
35049000043,NM,049,43,657,249,378,5,7,3,0,0,15,553,196,332,4,6,3,0,0,12,NA,70500,92820,02370,047,025,3,2,NA,NA
35049000044,NM,049,44,1258,348,840,4,12,27,0,8,19,1096,298,740,3,9,24,0,8,14,NA,70500,92820,02370,047,025,3,2,NA,NA
35049000045,NM,049,45,630,87,517,1,7,13,0,0,5,535,73,440,1,5,11,0,0,5,NA,70500,92820,02370,047,025,3,2,NA,NA
35049000046,NM,049,46,553,120,415,1,12,0,0,0,5,477,96,370,1,6,0,0,0,4,NA,70500,92820,02370,047,025,3,2,NA,NA
35049000047,NM,049,47,1112,238,842,2,6,8,0,3,13,967,189,752,1,6,8,0,3,8,NA,70500,92820,02370,048,025,3,2,NA,NA
35049000048,NM,049,48,2238,530,1623,2,10,19,1,5,48,1875,421,1389,2,6,17,1,4,35,NA,70500,92820,02370,047,025,3,2,NA,NA
35049000049,NM,049,49,1206,704,448,5,21,11,0,2,15,930,529,357,5,16,9,0,1,13,NA,70500,92820,02370,045,024,3,2,NA,NA
35049000050,NM,049,50,1795,878,807,12,40,20,0,3,35,1451,674,702,7,26,15,0,3,24,NA,70500,92820,02370,045,024,3,2,NA,NA
35049000051,NM,049,51,1799,688,1004,8,34,41,0,1,23,1458,495,874,8,29,33,0,1,18,NA,70500,92820,02370,048,024,3,2,NA,NA
35049000052,NM,049,52,2229,1294,745,17,31,91,0,3,48,1779,989,647,13,20,74,0,2,34,NA,70500,92820,02370,048,025,3,2,NA,NA
35049000053,NM,049,53,1709,666,993,5,18,4,0,1,22,1464,584,839,4,18,2,0,1,16,NA,70500,92820,02370,048,025,3,2,NA,NA
35049000054,NM,049,54,1818,647,1042,17,27,55,0,1,29,1453,454,895,13,21,46,0,1,23,NA,70500,92820,02370,047,025,3,2,NA,NA
35049000055,NM,049,55,1522,190,1289,4,7,17,0,0,15,1280,148,1102,3,5,13,0,0,9,NA,70500,92820,02370,047,025,3,2,NA,NA
35049000056,NM,049,56,1454,672,712,10,25,15,0,2,18,1092,469,576,10,18,9,0,1,9,NA,70500,92820,02370,047,024,3,2,NA,NA
35049000057,NM,049,57,1068,543,482,2,16,7,0,2,16,806,380,397,2,10,3,0,2,12,NA,29860,92880,02370,047,039,3,2,NA,NA
35049000058,NM,049,58,1602,1312,229,4,28,3,0,1,25,1178,940,196,1,19,3,0,1,18,3495,25170,92850,00900,040,006,3,2,NA,NA
35049000059,NM,049,59,1318,902,359,5,9,4,1,5,33,966,625,300,3,6,3,1,4,24,2880,24347,92850,02070,046,039,3,2,NA,NA
35049000060,NM,049,60,597,452,120,6,7,2,0,0,10,435,315,102,4,5,2,0,0,7,2880,19640,92850,02070,046,025,3,2,NA,NA
35049000061,NM,049,61,2137,1396,349,5,355,1,0,4,27,1540,994,294,4,222,1,0,4,21,2400,58630,92850,02070,046,039,3,2,NA,NA
35049000062,NM,049,62,2485,1837,574,13,23,4,2,3,29,1634,1134,450,10,15,4,2,2,17,NA,36720,92880,02370,045,024,3,2,NA,NA
35049000063,NM,049,63,801,164,590,2,19,10,0,1,15,610,110,476,2,10,3,0,1,8,NA,38890,92880,02370,047,025,3,2,NA,NA
35049000064,NM,049,64,3024,2282,646,18,30,6,2,1,39,2016,1468,493,10,19,4,1,0,21,NA,70500,92820,02370,045,024,3,2,NA,NA
35049000065,NM,049,65,2046,305,1676,11,12,16,0,2,24,1561,183,1328,9,11,16,0,2,12,NA,22625,92880,02370,047,025,3,2,NA,NA
35049000066,NM,049,66,3143,2433,578,18,69,11,1,5,28,2257,1653,502,16,49,11,0,5,21,NA,01220,92820,02370,045,024,3,2,NA,NA
35049000067,NM,049,67,4551,3684,720,19,68,18,6,1,35,2993,2309,594,12,40,12,2,1,23,NA,70500,92820,02370,045,024,3,2,NA,NA
35049000068,NM,049,68,1132,115,974,6,4,7,0,5,21,918,86,801,6,3,5,0,2,15,NA,22625,92880,02370,047,025,3,2,NA,NA
35049000069,NM,049,69,2370,290,1971,8,29,24,2,2,44,1806,195,1539,7,20,16,2,1,26,NA,22625,92880,02370,047,025,3,2,NA,NA
35049000070,NM,049,70,698,327,343,0,10,0,0,2,16,535,237,275,0,9,0,0,2,12,NA,22625,92880,02370,047,025,3,2,NA,NA
35049000071,NM,049,71,1389,188,1148,9,9,8,0,2,25,1067,112,918,8,8,3,0,2,16,NA,22625,92880,02370,047,025,3,2,NA,NA
35049000072,NM,049,72,1432,270,1092,4,19,11,1,7,28,1168,189,914,1,18,11,1,7,27,3585,42600,92880,02370,050,039,3,2,NA,NA
35049000073,NM,049,73,1716,271,1387,6,9,9,1,1,32,1144,167,942,3,7,8,1,1,15,NA,22380,92880,01890,050,019,1,3,NA,NA
35049000074,NM,049,74,1604,1101,423,17,27,21,2,0,13,1237,815,359,15,23,19,0,0,6,NA,70500,92820,02370,045,024,3,2,NA,NA
35049000075,NM,049,75,7275,5116,1725,56,127,158,4,3,86,4849,3192,1376,34,85,102,2,3,55,NA,70500,92820,02370,045,024,3,2,NA,NA
35049000076,NM,049,76,812,399,354,5,16,10,1,4,23,645,309,301,4,9,7,1,2,12,NA,70500,92820,02370,045,024,3,2,NA,NA
35049000077,NM,049,77,1207,564,562,8,40,10,0,4,19,925,407,462,6,27,8,0,2,13,NA,70500,92820,02370,047,025,3,2,NA,NA
35049000078,NM,049,78,3029,1095,1796,15,41,37,2,1,42,2436,781,1554,13,26,27,2,1,32,NA,70500,92820,02370,047,025,3,2,NA,NA
35049000079,NM,049,79,1411,1231,136,13,16,2,3,2,8,980,829,115,10,14,2,3,0,7,3495,25170,92850,00900,046,006,3,2,NA,NA
35049000080,NM,049,80,3621,2947,571,6,34,7,2,0,54,2273,1780,436,4,20,3,1,0,29,NA,36720,92880,02370,050,039,3,2,NA,NA
35049000081,NM,049,81,874,414,441,4,4,2,0,0,9,676,295,368,2,3,2,0,0,6,NA,NA,92880,02370,047,025,3,2,NA,NA
35049000082,NM,049,82,1522,242,1235,0,15,18,0,1,11,1304,170,1097,0,11,16,0,1,9,4170,84740,92880,02370,046,039,3,2,NA,NA
35049000083,NM,049,83,826,59,727,4,14,5,1,9,7,732,50,647,4,10,4,1,9,7,4170,70500,92820,02370,046,025,3,2,NA,NA
35049000084,NM,049,84,2056,365,1609,10,18,4,2,8,40,1409,209,1160,2,13,2,2,4,17,NA,22380,92880,01890,050,019,1,3,NA,NA
35049000085,NM,049,85,2660,716,1851,16,33,3,1,6,34,1683,397,1227,10,21,3,1,2,22,NA,22380,92880,01890,050,019,3,2,NA,NA
35051000001,NM,051,1,1823,811,983,2,2,4,4,0,17,1364,495,844,2,2,4,2,0,15,NA,NA,93510,02610,032,035,2,1,NA,NA
35051000002,NM,051,2,2343,308,1956,1,47,5,0,0,26,1993,208,1731,1,29,5,0,0,19,NA,22720,93480,02610,049,037,2,1,NA,NA
35051000003,NM,051,3,415,105,296,0,1,1,3,3,6,319,78,229,0,1,1,2,3,5,NA,NA,93510,02610,038,035,2,1,NA,NA
35051000004,NM,051,4,482,113,363,0,4,0,0,0,2,389,80,303,0,4,0,0,0,2,NA,NA,93510,02610,038,035,2,1,NA,NA
35051000005,NM,051,5,2540,608,1828,27,32,3,1,6,35,2022,405,1540,13,27,3,1,5,28,NA,79840,93480,02610,038,035,2,1,NA,NA
35051000006,NM,051,6,681,110,537,6,8,2,0,2,16,589,82,474,5,8,2,0,2,16,NA,79840,93480,02610,038,035,2,1,NA,NA
35051000007,NM,051,7,1561,418,1074,3,30,2,0,3,31,1282,285,945,2,20,2,0,3,25,NA,79840,93480,02610,038,035,2,1,NA,NA
35051000008,NM,051,8,1539,581,934,2,14,0,0,0,8,1184,380,781,2,14,0,0,0,7,NA,79840,93480,02610,049,035,2,1,NA,NA
35051000009,NM,051,9,1886,434,1385,14,24,6,0,0,23,1462,266,1150,6,16,6,0,0,18,NA,79840,93480,02610,038,035,2,1,NA,NA
35053000001,NM,053,1,980,633,308,6,13,9,1,0,10,744,453,261,5,9,9,1,0,6,NA,73540,91980,02460,049,028,2,1,NA,NA
35053000002,NM,053,2,1284,394,757,2,29,72,3,2,25,1027,293,643,2,20,53,1,2,13,NA,73540,91980,02460,049,030,2,1,NA,NA
35053000003,NM,053,3,1456,508,834,11,15,50,0,5,33,1196,367,730,9,15,46,0,5,24,NA,73540,91980,02460,049,030,2,1,NA,NA
35053000004,NM,053,4,557,372,133,2,23,13,0,2,12,374,234,105,2,16,9,0,2,6,NA,73540,91980,02460,049,028,2,1,NA,NA
35053000005,NM,053,5,674,508,129,1,23,6,0,0,7,484,350,103,1,17,6,0,0,7,NA,73540,91980,02460,049,028,2,1,NA,NA
35053000006,NM,053,6,785,539,227,2,6,1,0,0,10,578,389,176,1,5,0,0,0,7,NA,73540,91980,02460,049,028,2,1,NA,NA
35053000007,NM,053,7,252,185,51,0,10,3,0,0,3,196,136,49,0,5,3,0,0,3,NA,73540,91980,02460,049,028,2,1,NA,NA
35053000008,NM,053,8,1429,806,526,16,25,32,0,3,21,1071,539,462,8,17,28,0,3,14,NA,73540,91980,02460,049,030,2,1,NA,NA
35053000009,NM,053,9,2100,1113,925,11,22,2,0,6,21,1514,723,744,7,19,2,0,6,13,NA,73540,92640,02460,049,030,2,1,NA,NA
35053000010,NM,053,10,363,246,97,2,4,4,0,1,9,251,155,83,2,4,2,0,1,4,NA,73540,91980,02460,049,030,2,1,NA,NA
35053000011,NM,053,11,1084,565,476,8,12,0,0,3,20,785,379,383,3,8,0,0,2,10,NA,NA,92640,02460,049,028,2,1,NA,NA
35053000012,NM,053,12,114,25,81,0,0,0,0,7,1,81,12,62,0,0,0,0,6,1,NA,NA,90630,00630,049,030,2,1,NA,NA
35053000013,NM,053,13,1164,525,519,4,80,0,0,10,26,852,357,427,2,46,0,0,6,14,NA,46310,91980,01770,049,028,2,1,NA,NA
35053000014,NM,053,14,115,12,94,0,4,0,0,5,0,89,10,72,0,4,0,0,3,0,NA,46310,91980,01770,049,028,2,1,NA,NA
35053000015,NM,053,15,1664,76,71,2,1510,1,0,0,4,976,39,52,1,880,1,0,0,3,2430,01710,91980,01770,049,030,2,1,NA,NA
35053000016,NM,053,16,2558,1447,1035,15,33,1,4,2,21,1731,910,773,9,20,1,2,2,14,NA,NA,92640,00180,049,030,2,1,NA,NA
35053000017,NM,053,17,1499,856,533,9,46,4,1,17,33,998,513,414,9,27,4,1,10,20,NA,73540,91980,02460,049,028,2,1,NA,NA
35055000001,NM,055,1,625,102,486,4,10,8,0,2,13,522,69,424,4,7,5,0,2,11,4140,NA,93450,01980,042,006,3,2,NA,NA
35055000002,NM,055,2,327,242,67,0,1,0,0,0,17,250,178,56,0,0,0,0,0,16,NA,NA,92490,02160,042,006,3,2,NA,NA
35055000003,NM,055,3,122,114,7,0,1,0,0,0,0,89,81,7,0,1,0,0,0,0,NA,NA,92490,02160,042,006,3,2,NA,NA
35055000004,NM,055,4,811,467,319,0,2,3,3,0,17,611,333,257,0,2,3,3,0,13,NA,NA,92490,02160,042,006,3,2,NA,NA
35055000005,NM,055,5,807,667,131,0,0,0,0,2,7,583,476,98,0,0,0,0,2,7,NA,60870,92490,02160,042,006,3,2,NA,NA
35055000006,NM,055,6,1278,1019,235,2,2,1,0,5,14,925,733,176,2,2,1,0,3,8,NA,60870,92490,02160,042,006,3,2,NA,NA
35055000007,NM,055,7,660,77,567,0,5,0,0,2,9,547,58,478,0,2,0,0,2,7,NA,62200,92490,02160,042,006,3,2,NA,NA
35055000008,NM,055,8,436,194,227,6,1,1,0,0,7,338,140,187,5,1,1,0,0,4,NA,60870,90120,02160,042,006,3,2,NA,NA
35055000009,NM,055,9,2236,1067,1068,5,22,12,0,15,47,1705,726,906,3,18,8,0,10,34,4140,76410,90120,02520,042,006,3,2,NA,NA
35055000010,NM,055,10,504,242,255,0,2,2,0,0,3,401,182,212,0,2,2,0,0,3,NA,NA,90120,02520,042,006,3,2,NA,NA
35055000011,NM,055,11,1180,542,610,5,9,2,0,1,11,930,405,502,4,5,2,0,1,11,4140,76410,90120,02520,042,006,3,2,NA,NA
35055000012,NM,055,12,1968,1102,773,0,48,10,0,2,33,1531,786,678,0,34,9,0,1,23,4140,76200,93330,02520,042,006,3,2,NA,NA
35055000013,NM,055,13,1260,54,27,0,1165,0,5,0,9,931,28,20,0,873,0,3,0,7,4140,76410,93330,02520,042,006,3,2,NA,NA
35055000014,NM,055,14,763,510,217,0,13,1,0,7,15,602,385,191,0,9,1,0,5,11,4140,76200,93300,02520,042,006,3,2,NA,NA
35055000015,NM,055,15,1860,1070,632,2,85,9,0,30,32,1436,771,563,2,52,6,0,24,18,4140,76200,93300,02520,042,006,3,2,NA,NA
35055000016,NM,055,16,766,349,374,4,22,3,0,0,14,625,262,335,4,16,1,0,0,7,4140,76200,93300,02520,042,006,3,2,NA,NA
35055000017,NM,055,17,2197,1332,780,9,42,6,0,3,25,1541,868,624,5,20,5,0,3,16,4140,76200,93300,02520,042,006,3,2,NA,NA
35055000018,NM,055,18,1625,747,760,12,41,16,0,12,37,1271,542,653,11,24,15,0,5,21,4140,76200,93300,02520,042,006,3,2,NA,NA
35055000019,NM,055,19,1819,1312,453,5,20,4,0,7,18,1379,966,378,4,13,4,0,4,10,NA,61710,93300,02520,042,006,3,2,NA,NA
35055000020,NM,055,20,965,642,295,6,7,4,0,3,8,709,456,233,4,7,2,0,3,4,4140,61710,93300,02520,042,006,3,2,NA,NA
35055000021,NM,055,21,1316,867,407,3,17,8,0,0,14,980,609,343,3,9,6,0,0,10,NA,61710,93300,02520,042,006,3,2,NA,NA
35055000022,NM,055,22,321,123,180,0,7,0,0,4,7,247,80,153,0,6,0,0,4,4,4140,NA,93450,01980,041,006,3,2,NA,NA
35055000023,NM,055,23,130,57,67,0,1,0,0,1,4,98,38,56,0,1,0,0,1,2,2785,NA,92340,02520,042,006,3,2,NA,NA
35055000024,NM,055,24,514,368,14,0,127,0,0,0,5,372,267,13,0,87,0,0,0,5,2785,56810,92370,02040,040,006,3,2,NA,NA
35055000025,NM,055,25,259,247,6,0,6,0,0,0,0,182,171,6,0,5,0,0,0,0,2785,81520,92370,02040,042,006,3,2,NA,NA
35055000026,NM,055,26,224,140,82,0,0,0,0,0,2,180,105,73,0,0,0,0,0,2,2785,55900,92340,02040,042,006,3,2,NA,NA
35055000027,NM,055,27,591,514,48,0,18,0,1,0,10,453,391,41,0,14,0,1,0,6,2785,14110,92370,02040,040,006,3,2,NA,NA
35055000028,NM,055,28,631,574,37,3,8,0,1,0,8,450,399,35,3,6,0,0,0,7,2785,55900,92370,02040,042,006,3,2,NA,NA
35055000029,NM,055,29,296,253,40,0,0,0,0,2,1,223,190,30,0,0,0,0,2,1,2785,55900,92340,02040,042,006,3,2,NA,NA
35055000030,NM,055,30,102,91,11,0,0,0,0,0,0,74,66,8,0,0,0,0,0,0,NA,NA,92340,02040,040,006,3,2,NA,NA
35055000031,NM,055,31,80,66,14,0,0,0,0,0,0,67,57,10,0,0,0,0,0,0,NA,NA,92340,02040,040,006,3,2,NA,NA
35055000032,NM,055,32,459,394,57,0,5,1,0,0,2,328,281,41,0,3,1,0,0,2,2785,55900,92340,02040,040,006,3,2,NA,NA
35055000033,NM,055,33,184,44,131,0,1,1,0,1,6,149,31,109,0,1,1,0,1,6,4140,76480,90120,02520,042,006,3,2,NA,NA
35055000034,NM,055,34,1279,976,257,5,32,1,0,0,8,890,639,218,5,21,1,0,0,6,NA,61710,93300,02520,042,006,3,2,NA,NA
35055000035,NM,055,35,1384,805,488,10,48,5,0,5,23,1019,572,394,6,30,5,0,3,9,NA,76200,93300,02520,042,006,3,2,NA,NA
35057000001,NM,057,1,1223,578,595,3,23,1,2,0,21,853,360,465,3,11,1,2,0,11,NA,25380,91200,00930,050,039,1,3,NA,NA
35057000002,NM,057,2,451,104,335,0,5,1,0,0,6,303,57,238,0,4,1,0,0,3,NA,25380,91200,00930,050,039,1,3,NA,NA
35057000003,NM,057,3,985,560,401,2,5,2,2,1,12,713,377,318,2,5,2,1,1,7,1625,79140,91200,00930,050,039,1,3,NA,NA
35057000004,NM,057,4,241,137,88,0,11,0,0,0,5,174,93,68,0,8,0,0,0,5,1625,46730,91200,00930,050,039,1,3,NA,NA
35057000005,NM,057,5,3411,828,2373,21,45,20,1,31,92,2310,504,1695,15,24,13,0,26,33,NA,22380,91200,01890,050,019,1,3,NA,NA
35057000006,NM,057,6,2934,1136,1660,18,60,5,3,13,39,2007,699,1209,10,44,4,3,13,25,NA,50160,91200,01890,050,039,1,3,NA,NA
35057000007,NM,057,7,2533,840,1413,179,44,10,5,6,36,1880,619,1016,171,32,6,3,6,27,NA,25380,91200,00930,050,039,1,3,NA,NA
35057000008,NM,057,8,359,233,119,2,3,0,0,0,2,268,164,98,1,3,0,0,0,2,NA,85160,92135,00930,050,039,1,3,NA,NA
35057000009,NM,057,9,973,530,403,16,4,1,0,2,17,684,339,323,8,2,0,0,2,10,NA,50370,92135,01950,050,039,1,3,NA,NA
35057000010,NM,057,10,561,185,354,1,6,2,2,0,11,407,111,281,0,4,2,2,0,7,NA,50370,92135,01950,050,039,1,3,NA,NA
35057000011,NM,057,11,185,113,71,0,0,0,0,0,1,147,91,55,0,0,0,0,0,1,NA,24610,92135,00001,050,039,1,3,NA,NA
35057000012,NM,057,12,96,30,62,0,0,1,0,0,3,79,27,51,0,0,1,0,0,0,NA,17680,92135,00630,050,039,1,3,NA,NA
35057000013,NM,057,13,2959,1009,1803,13,60,8,2,19,45,1951,596,1269,7,40,5,2,9,23,NA,50160,91200,01890,050,039,1,3,NA,NA
35059000001,NM,059,1,524,148,360,0,4,0,0,3,9,386,106,267,0,4,0,0,3,6,NA,20480,90660,00720,067,007,3,2,NA,NA
35059000002,NM,059,2,109,11,96,0,0,2,0,0,0,87,7,78,0,0,2,0,0,0,NA,NA,90660,00510,067,007,3,2,NA,NA
35059000003,NM,059,3,71,12,56,0,0,0,0,3,0,52,9,42,0,0,0,0,1,0,NA,30770,90660,00720,067,007,3,2,NA,NA
35059000004,NM,059,4,885,290,569,0,0,5,0,1,20,655,188,455,0,0,2,0,0,10,NA,15720,90690,00510,067,007,3,2,NA,NA
35059000005,NM,059,5,97,37,60,0,0,0,0,0,0,75,28,47,0,0,0,0,0,0,NA,NA,90690,00510,067,007,3,2,NA,NA
35059000006,NM,059,6,1126,463,646,0,3,3,0,2,9,809,302,495,0,3,3,0,2,4,NA,15720,90690,00510,067,007,3,2,NA,NA
35059000007,NM,059,7,880,468,397,0,2,0,5,0,8,641,314,315,0,2,0,4,0,6,NA,15720,90690,00510,067,007,3,2,NA,NA
35059000008,NM,059,8,326,26,293,0,1,0,0,2,4,219,15,200,0,1,0,0,2,1,NA,NA,90690,00510,067,007,3,2,NA,NA
35059000009,NM,059,9,156,10,141,0,1,4,0,0,0,109,6,99,0,1,3,0,0,0,NA,NA,90690,00510,067,007,3,2,NA,NA
35061000001,NM,061,1,3248,1727,1292,33,132,15,3,2,44,2264,1113,1005,21,85,10,1,2,27,1840,43370,90240,01680,008,029,2,1,NA,NA
35061000002,NM,061,2,3264,2080,1049,18,75,5,0,4,33,2163,1290,783,13,54,4,0,2,17,NA,43370,91890,01680,008,029,2,1,NA,NA
35061000003,NM,061,3,1016,571,379,2,41,6,2,0,15,727,396,287,2,28,5,2,0,7,1625,43370,91890,01680,008,029,2,1,NA,NA
35061000004,NM,061,4,1446,443,945,4,16,2,0,3,33,1068,306,724,2,8,2,0,1,25,1625,08580,91890,01680,007,029,2,1,NA,NA
35061000005,NM,061,5,2060,1094,872,11,27,20,0,5,31,1458,736,653,7,23,15,0,3,21,1625,56180,91890,01680,007,029,2,1,NA,NA
35061000006,NM,061,6,2018,957,957,17,33,7,0,4,43,1450,616,767,13,18,5,0,3,28,NA,81800,91890,01680,007,029,1,3,NA,NA
35061000007,NM,061,7,2956,1724,1145,9,15,6,0,3,54,2049,1112,874,7,12,4,0,1,39,NA,42740,91890,00180,008,029,2,1,NA,NA
35061000008,NM,061,8,2710,1547,1068,4,35,8,0,6,42,1891,1023,808,4,22,6,0,5,23,NA,78685,91890,01680,007,029,1,3,NA,NA
35061000009,NM,061,9,979,350,572,5,36,0,0,2,14,726,237,447,4,27,0,0,2,9,1625,08580,91890,01680,007,029,2,1,NA,NA
35061000010,NM,061,10,1249,620,574,4,19,2,0,9,21,869,390,438,3,13,2,0,4,19,NA,56180,91890,01680,007,029,2,1,NA,NA
35061000011,NM,061,11,911,267,619,6,5,5,0,0,9,679,177,483,4,4,5,0,0,6,1625,08580,91890,01680,007,029,2,1,NA,NA
35061000012,NM,061,12,1680,912,659,38,41,2,1,0,27,1202,622,493,37,33,1,1,0,15,NA,43370,91890,01680,008,029,2,1,NA,NA
35061000013,NM,061,13,777,109,31,0,603,0,0,0,34,511,69,27,0,405,0,0,0,10,1625,08580,91890,01680,010,014,2,1,NA,NA
35061000014,NM,061,14,1331,748,487,11,46,2,0,0,37,947,509,377,6,24,2,0,0,29,1625,56180,91890,01680,007,029,2,1,NA,NA
35061000015,NM,061,15,1270,677,560,0,13,2,0,0,18,891,441,430,0,10,2,0,0,8,1625,81800,91890,01680,007,029,1,3,NA,NA
35061000016,NM,061,16,5967,4198,1564,41,70,18,3,9,64,3547,2281,1123,30,49,17,3,6,38,NA,22584,91890,01680,007,030,1,3,NA,NA
35061000017,NM,061,17,2858,1564,1158,39,45,14,1,3,34,2003,1000,917,34,27,11,1,3,10,NA,43370,91890,01680,008,029,2,1,NA,NA
35061000018,NM,061,18,1030,258,736,4,13,1,0,0,18,752,164,562,3,9,1,0,0,13,NA,08580,91890,01680,007,029,2,1,NA,NA
35061000019,NM,061,19,1778,933,668,91,68,0,0,1,17,1512,770,574,91,66,0,0,0,11,NA,42740,91890,01680,008,029,2,1,NA,NA
35061000020,NM,061,20,410,261,139,0,5,0,0,0,5,317,203,105,0,4,0,0,0,5,NA,35110,90240,00180,049,029,2,1,NA,NA
35061000021,NM,061,21,1312,805,454,4,22,3,0,3,21,948,549,363,2,15,2,0,1,16,NA,44145,90240,00180,008,029,2,1,NA,NA
35061000022,NM,061,22,1238,804,410,7,10,1,0,3,3,914,559,338,4,8,1,0,1,3,NA,06480,90240,00180,008,029,2,1,NA,NA
35061000023,NM,061,23,2319,1561,676,20,34,5,0,2,21,1655,1041,559,15,22,5,0,2,11,NA,06480,90240,00180,008,029,2,1,NA,NA
35061000024,NM,061,24,425,324,89,6,3,0,0,0,3,299,221,70,3,3,0,0,0,2,NA,06480,90240,00180,008,029,2,1,NA,NA
35061000025,NM,061,25,824,605,191,12,1,0,0,3,12,575,412,145,8,1,0,0,2,7,NA,06480,90240,00180,008,029,2,1,NA,NA
35061000026,NM,061,26,911,600,265,19,13,2,0,5,7,653,426,203,8,7,0,0,4,5,NA,06480,90240,00180,008,029,2,1,NA,NA
35061000027,NM,061,27,2074,1297,661,22,37,3,7,5,42,1441,838,528,16,22,3,6,4,24,1840,06480,90240,00180,008,029,2,1,NA,NA
35061000028,NM,061,28,4210,2409,1525,45,113,12,3,13,90,2592,1333,1091,28,70,10,3,10,47,1625,47220,91890,01680,007,030,1,3,NA,NA
35061000029,NM,061,29,1855,567,1190,41,17,12,2,0,26,1524,387,1068,28,15,8,1,0,17,NA,63145,90240,00180,007,030,1,3,NA,NA
35061000030,NM,061,30,3382,1439,1749,96,41,16,0,2,39,2378,868,1361,82,28,12,0,2,25,NA,63145,90240,00180,007,030,1,3,NA,NA
35061000031,NM,061,31,2268,1435,763,22,14,6,0,3,25,1619,983,582,15,12,4,0,2,21,NA,35110,90240,00180,049,029,2,1,NA,NA
35061000032,NM,061,32,1849,1089,697,12,13,4,1,3,30,1335,756,536,10,11,1,1,2,18,NA,78685,91890,00180,007,029,1,3,NA,NA
35061000033,NM,061,33,954,563,335,20,10,1,0,1,24,629,344,251,11,6,1,0,1,15,NA,12786,90240,00180,049,030,1,3,NA,NA
35061000034,NM,061,34,500,183,289,17,4,1,0,0,6,383,121,241,12,4,1,0,0,4,NA,63145,90240,00180,007,030,1,3,NA,NA
35061000035,NM,061,35,1055,676,351,9,8,1,0,0,10,783,478,279,8,7,1,0,0,10,NA,44145,90240,00180,008,029,2,1,NA,NA
35061000036,NM,061,36,906,445,433,5,11,4,0,0,8,693,314,357,2,10,4,0,0,6,NA,81800,91890,01680,007,029,2,1,NA,NA
35061000037,NM,061,37,1110,528,534,5,21,2,0,0,20,767,332,400,2,15,2,0,0,16,NA,42740,91890,00180,008,029,2,1,NA,NA
35061000038,NM,061,38,2,1,1,0,0,0,0,0,0,2,1,1,0,0,0,0,0,0,NA,43370,91890,01680,007,029,1,3,NA,NA
