GEOID,state,county,vtd,pop,pop_hisp,pop_white,pop_black,pop_aian,pop_asian,pop_nhpi,pop_other,pop_two,vap,vap_hisp,vap_white,vap_black,vap_aian,vap_asian,vap_nhpi,vap_other,vap_two,ai_an_nh,place,COUNTYFP,COUSUBFP,school,shd,ssd,cd_1990,cd_2000,ndv,nrv
4900100BE01,UT,001,BE01,37,0,36,0,0,1,0,0,0,28,0,27,0,0,1,0,0,0,NA,NA,NA,NA,NA,NA,NA,1,2,6.4356534802203305,8.251377065598398
4900100BE02,UT,001,BE02,69,0,66,0,0,0,0,0,3,40,0,37,0,0,0,0,0,3,NA,NA,NA,NA,NA,NA,NA,1,2,9.193790686029045,11.787681522283426
4900100BE03,UT,001,BE03,301,9,284,2,1,0,0,0,5,232,7,221,2,1,0,0,0,1,NA,NA,NA,NA,NA,NA,NA,1,2,53.32398597896845,68.36855282924387
4900100BE04,UT,001,BE04,190,16,163,0,8,2,0,0,1,139,12,120,0,4,2,0,0,1,NA,NA,NA,NA,NA,NA,NA,1,2,31.94842263395093,40.9621932899349
4900100BE05,UT,001,BE05,327,2,324,0,0,0,0,0,1,187,1,186,0,0,0,0,0,0,NA,NA,NA,NA,NA,NA,NA,1,2,42.98097145718578,55.10741111667501
4900100BE06,UT,001,BE06,1,0,1,0,0,0,0,0,0,1,0,1,0,0,0,0,0,0,NA,NA,NA,NA,NA,NA,NA,1,2,0.22984476715072608,0.2946920380570856
4900100BE07,UT,001,BE07,71,10,53,0,0,0,0,0,8,45,6,37,0,0,0,0,0,2,NA,NA,NA,NA,NA,NA,NA,1,2,10.343014521782674,13.261141712568854
4900100BE08,UT,001,BE08,1139,30,1097,0,3,3,0,0,6,785,16,760,0,2,3,0,0,4,NA,NA,NA,NA,NA,NA,NA,1,2,180.42814221331997,231.3332498748122
4900100BE09,UT,001,BE09,937,83,828,0,10,1,0,0,15,642,51,574,0,8,1,0,0,8,NA,NA,NA,NA,NA,NA,NA,1,2,147.56034051076614,189.19228843264895
4900100BE10,UT,001,BE10,7,0,7,0,0,0,0,0,0,5,0,5,0,0,0,0,0,0,NA,NA,NA,NA,NA,NA,NA,1,2,1.1492238357536306,1.4734601902854283
4900100BE11,UT,001,BE11,30,0,30,0,0,0,0,0,0,15,0,15,0,0,0,0,0,0,NA,NA,NA,NA,NA,NA,NA,1,2,3.4476715072608912,4.420380570856285
4900100BE14,UT,001,BE14,0,0,0,0,0,0,0,0,0,0,0,0,0,0,0,0,0,0,NA,NA,NA,NA,NA,NA,NA,1,2,0,0
4900100BE31,UT,001,BE31,9,0,4,0,5,0,0,0,0,6,0,4,0,2,0,0,0,0,NA,NA,NA,NA,NA,NA,NA,1,2,1.3790686029043566,1.7681522283425137
4900100GR12,UT,001,GR12,290,36,228,13,4,5,4,0,0,244,31,188,13,3,5,4,0,0,NA,NA,NA,NA,NA,NA,NA,1,2,56.08212318477717,71.9048572859289
4900100GR13,UT,001,GR13,59,0,59,0,0,0,0,0,0,36,0,36,0,0,0,0,0,0,NA,NA,NA,NA,NA,NA,NA,1,2,8.27441161742614,10.608913370055083
4900100MI19,UT,001,MI19,20,0,19,0,0,1,0,0,0,11,0,10,0,0,1,0,0,0,NA,NA,NA,NA,NA,NA,NA,1,2,2.5282924386579873,3.241612418627942
4900100MI20,UT,001,MI20,6,1,5,0,0,0,0,0,0,4,1,3,0,0,0,0,0,0,NA,NA,NA,NA,NA,NA,NA,1,2,0.9193790686029043,1.1787681522283424
4900100MI21,UT,001,MI21,42,0,41,1,0,0,0,0,0,30,0,30,0,0,0,0,0,0,NA,NA,NA,NA,NA,NA,NA,1,2,6.8953430145217824,8.84076114171257
4900100MI22,UT,001,MI22,84,2,77,0,1,2,0,0,2,56,2,50,0,1,2,0,0,1,NA,NA,NA,NA,NA,NA,NA,1,2,12.871306960440661,16.502754131196795
4900100MI23,UT,001,MI23,39,0,38,0,1,0,0,0,0,26,0,25,0,1,0,0,0,0,NA,NA,NA,NA,NA,NA,NA,1,2,5.9759639459188785,7.661992989484227
4900100MI24,UT,001,MI24,194,1,182,0,1,2,0,0,8,131,1,122,0,1,2,0,0,5,NA,NA,NA,NA,NA,NA,NA,1,2,30.109664496745115,38.604656985478215
4900100MI25,UT,001,MI25,1257,88,1114,0,19,17,0,0,19,780,51,703,0,9,8,0,0,9,NA,NA,NA,NA,NA,NA,NA,1,2,179.27891837756633,229.8597896845268
4900100MI26,UT,001,MI26,20,0,20,0,0,0,0,0,0,11,0,11,0,0,0,0,0,0,NA,NA,NA,NA,NA,NA,NA,1,2,2.5282924386579873,3.241612418627942
4900100MI27,UT,001,MI27,5,0,5,0,0,0,0,0,0,5,0,5,0,0,0,0,0,0,NA,NA,NA,NA,NA,NA,NA,1,2,1.1492238357536306,1.4734601902854283
4900100MI29,UT,001,MI29,0,0,0,0,0,0,0,0,0,0,0,0,0,0,0,0,0,0,NA,NA,NA,NA,NA,NA,NA,1,2,0,0
4900100MI30,UT,001,MI30,0,0,0,0,0,0,0,0,0,0,0,0,0,0,0,0,0,0,NA,NA,NA,NA,NA,NA,NA,1,2,0,0
4900100MI32,UT,001,MI32,0,0,0,0,0,0,0,0,0,0,0,0,0,0,0,0,0,0,NA,NA,NA,NA,NA,NA,NA,1,2,0,0
4900100MI33,UT,001,MI33,0,0,0,0,0,0,0,0,0,0,0,0,0,0,0,0,0,0,NA,NA,NA,NA,NA,NA,NA,1,2,0,0
4900100MV15,UT,001,MV15,0,0,0,0,0,0,0,0,0,0,0,0,0,0,0,0,0,0,NA,NA,NA,NA,NA,NA,NA,1,2,0,0
4900100MV16,UT,001,MV16,310,13,295,0,0,1,1,0,0,186,8,177,0,0,1,0,0,0,NA,NA,NA,NA,NA,NA,NA,1,2,42.75112669003505,54.812719078617924
4900100MV17,UT,001,MV17,531,36,491,0,0,0,0,0,4,330,17,311,0,0,0,0,0,2,NA,NA,NA,NA,NA,NA,NA,1,2,75.84877315973961,97.24837255883826
4900100MV18,UT,001,MV18,8,5,3,0,0,0,0,0,0,4,2,2,0,0,0,0,0,0,NA,NA,NA,NA,NA,NA,NA,1,2,0.9193790686029043,1.1787681522283424
4900100MV28,UT,001,MV28,22,1,21,0,0,0,0,0,0,15,1,14,0,0,0,0,0,0,NA,NA,NA,NA,NA,NA,NA,1,2,3.4476715072608912,4.420380570856285
490030000CC,UT,003,CC,23,0,23,0,0,0,0,0,0,15,0,15,0,0,0,0,0,0,NA,NA,NA,NA,NA,NA,NA,1,3,2.0068450528935906,5.931037007211099
490030000GC,UT,003,GC,126,13,111,0,0,2,0,0,0,83,7,74,0,0,2,0,0,0,NA,NA,NA,NA,NA,NA,NA,1,3,11.1045426260112,32.81840477323475
4900300BC01,UT,003,BC01,1360,90,1202,0,25,18,0,1,24,882,50,789,0,19,15,0,1,8,NA,NA,NA,NA,NA,NA,NA,1,3,118.00248911014312,348.7449760240126
4900300BC02,UT,003,BC02,1124,56,1033,0,15,9,4,0,7,711,38,651,0,10,8,2,0,2,NA,NA,NA,NA,NA,NA,NA,1,3,95.1244555071562,281.13115414180606
4900300BC03,UT,003,BC03,1412,114,1252,0,20,14,1,0,11,943,65,845,0,14,13,0,0,6,NA,NA,NA,NA,NA,NA,NA,1,3,126.1636589919104,372.8645265200044
4900300BC04,UT,003,BC04,1174,126,976,6,34,6,0,0,26,788,75,673,1,19,6,0,0,14,NA,NA,NA,NA,NA,NA,NA,1,3,105.42626011200996,311.57714411215636
4900300BC05,UT,003,BC05,1131,122,978,3,6,2,1,0,19,803,76,708,1,6,2,1,0,9,NA,NA,NA,NA,NA,NA,NA,1,3,107.43310516490354,317.50818111936746
4900300BC06,UT,003,BC06,994,89,873,0,13,9,0,4,6,592,38,535,0,9,8,0,1,1,NA,NA,NA,NA,NA,NA,NA,1,3,79.20348475420037,234.07826055126466
4900300BC07,UT,003,BC07,1438,114,1271,1,27,9,0,1,15,927,65,826,0,19,7,0,1,9,NA,NA,NA,NA,NA,NA,NA,1,3,124.0230242688239,366.5380870456459
4900300BC08,UT,003,BC08,1636,182,1382,6,26,20,2,0,18,1102,105,953,3,15,14,2,0,10,NA,NA,NA,NA,NA,NA,NA,1,3,147.43621655258244,435.733518796442
4900300BC09,UT,003,BC09,1482,46,1397,9,15,4,0,0,11,962,27,920,1,7,3,0,0,4,NA,NA,NA,NA,NA,NA,NA,1,3,128.7056627255756,380.3771733958051
4900300BC10,UT,003,BC10,800,47,744,0,2,6,0,0,1,519,22,493,0,1,3,0,0,0,NA,NA,NA,NA,NA,NA,NA,1,3,69.43683883011823,205.21388044950402
4900300BC11,UT,003,BC11,1042,22,989,2,3,11,9,0,6,694,14,663,0,2,8,4,0,3,NA,NA,NA,NA,NA,NA,NA,1,3,92.8500311138768,274.4093122003002
4900300BC12,UT,003,BC12,1075,44,1018,2,6,2,1,0,2,728,35,683,2,5,2,1,0,0,NA,NA,NA,NA,NA,NA,NA,1,3,97.39887990043559,287.85299608331195
4900300BC13,UT,003,BC13,1810,167,1580,0,26,15,0,0,22,1172,98,1038,0,18,10,0,0,8,NA,NA,NA,NA,NA,NA,NA,1,3,156.80149346608587,463.4116914967605
4900300BC14,UT,003,BC14,933,116,757,7,33,3,0,0,17,628,61,534,5,19,2,0,0,7,NA,NA,NA,NA,NA,NA,NA,1,3,84.01991288114499,248.31274936857133
4900300BCNW,UT,003,BCNW,723,46,663,1,3,3,0,0,7,456,28,420,1,3,3,0,0,1,NA,NA,NA,NA,NA,NA,NA,1,3,61.00808960796515,180.30352501921737
4900300BD/C,UT,003,BD/C,468,10,457,0,0,0,0,0,1,299,3,295,0,0,0,0,0,1,NA,NA,NA,NA,NA,NA,NA,1,3,40.003111387678906,118.22533767707456
4900300BEAR,UT,003,BEAR,924,31,884,0,2,2,0,0,5,583,16,562,0,2,2,0,0,1,NA,NA,NA,NA,NA,NA,NA,1,3,77.99937772246422,230.51963834693805
4900300COR1,UT,003,COR1,934,69,833,0,4,18,2,2,6,595,47,527,0,4,14,1,0,2,NA,NA,NA,NA,NA,NA,NA,1,3,79.6048537647791,235.26446795270692
4900300COR2,UT,003,COR2,297,25,259,3,0,6,0,0,4,209,18,180,1,0,6,0,0,4,NA,NA,NA,NA,NA,NA,NA,1,3,27.962041070317362,82.63911563380798
4900300DEWY,UT,003,DEWY,291,6,279,0,0,2,0,0,4,204,4,197,0,0,2,0,0,1,NA,NA,NA,NA,NA,NA,NA,1,3,27.29309271935283,80.66210329807095
4900300ELWD,UT,003,ELWD,1000,39,941,1,3,10,0,0,6,631,25,594,0,1,9,0,0,2,NA,NA,NA,NA,NA,NA,NA,1,3,84.42128189172371,249.49895677001354
4900300FLDG,UT,003,FLDG,1126,23,1073,1,3,14,0,0,12,705,12,679,0,2,9,0,0,3,NA,NA,NA,NA,NA,NA,NA,1,3,94.32171748599876,278.75873933892166
4900300GAR1,UT,003,GAR1,1309,94,1156,0,4,39,1,3,12,769,52,686,0,0,26,1,0,4,NA,NA,NA,NA,NA,NA,NA,1,3,102.88425637834473,304.06449723635563
4900300GAR2,UT,003,GAR2,1008,79,893,0,1,25,0,0,10,622,33,567,0,1,16,0,0,5,NA,NA,NA,NA,NA,NA,NA,1,3,83.21717485998755,245.94033456568687
4900300HONY,UT,003,HONY,1374,65,1252,0,1,36,0,0,20,859,32,785,0,0,33,0,0,9,NA,NA,NA,NA,NA,NA,NA,1,3,114.92532669570629,339.65071927962225
4900300HOWL,UT,003,HOWL,239,0,235,3,1,0,0,0,0,157,0,153,3,1,0,0,0,0,NA,NA,NA,NA,NA,NA,NA,1,3,21.004978220286247,62.07818734214283
4900300MANT,UT,003,MANT,805,7,774,5,4,2,0,0,13,497,5,485,0,4,1,0,0,2,NA,NA,NA,NA,NA,NA,NA,1,3,66.49346608587429,196.51502617226106
4900300PARK,UT,003,PARK,200,26,172,0,0,0,0,0,2,122,16,104,0,0,0,0,0,2,NA,NA,NA,NA,NA,NA,NA,1,3,16.322339763534536,48.239100991983605
4900300PER1,UT,003,PER1,1725,45,1658,2,3,6,0,0,11,1135,32,1093,2,1,6,0,0,1,NA,NA,NA,NA,NA,NA,NA,1,3,151.85127566894835,448.78180021230645
4900300PER2,UT,003,PER2,658,44,600,0,4,4,0,1,5,409,21,379,0,3,4,0,1,1,NA,NA,NA,NA,NA,NA,NA,1,3,54.71997510889857,161.71960906328928
4900300PLYM,UT,003,PLYM,420,12,401,1,1,2,0,0,3,259,4,249,1,1,2,0,0,2,NA,NA,NA,NA,NA,NA,NA,1,3,34.65152457996266,102.4092389911783
4900300PORT,UT,003,PORT,338,15,322,0,0,0,0,0,1,191,6,185,0,0,0,0,0,0,NA,NA,NA,NA,NA,NA,NA,1,3,25.553827006845054,75.52187122515465
4900300PROM,UT,003,PROM,65,7,57,0,1,0,0,0,0,41,3,37,0,1,0,0,0,0,NA,NA,NA,NA,NA,NA,NA,1,3,5.485376477909147,16.21150115304367
4900300R/EG,UT,003,R/EG,920,31,878,0,1,3,1,0,6,557,12,540,0,1,3,1,0,0,NA,NA,NA,NA,NA,NA,NA,1,3,74.52084629744866,220.23917420110547
4900300SNOW,UT,003,SNOW,359,68,289,0,1,1,0,0,0,225,39,184,0,1,1,0,0,0,NA,NA,NA,NA,NA,NA,NA,1,3,30.102675793403858,88.96555510816648
4900300SWIL,UT,003,SWIL,609,30,568,0,5,1,0,0,5,429,16,406,0,4,1,0,0,2,NA,NA,NA,NA,NA,NA,NA,1,3,57.39576851275669,169.62765840623743
4900300TRE1,UT,003,TRE1,1195,58,1129,0,0,5,1,0,2,793,36,751,0,0,5,1,0,0,NA,NA,NA,NA,NA,NA,NA,1,3,106.0952084629745,313.55415644789343
4900300TRE2,UT,003,TRE2,2824,336,2396,1,7,48,0,1,35,1646,160,1441,0,4,25,0,1,15,NA,NA,NA,NA,NA,NA,NA,1,3,220.21779713752332,650.8324609246312
4900300TRE3,UT,003,TRE3,687,27,644,2,0,9,1,0,4,425,18,401,0,0,6,0,0,0,NA,NA,NA,NA,NA,NA,NA,1,3,56.860609831985066,168.0460485376478
4900300TRE4,UT,003,TRE4,1582,149,1386,8,17,9,1,0,12,972,77,876,0,7,6,1,0,5,NA,NA,NA,NA,NA,NA,NA,1,3,130.04355942750468,384.33119806727916
4900300TREW,UT,003,TREW,1418,17,1367,0,7,12,8,0,7,844,7,810,0,3,11,8,0,5,NA,NA,NA,NA,NA,NA,NA,1,3,112.9184816428127,333.71968227241115
4900300WLRD,UT,003,WLRD,1630,67,1526,2,5,12,0,0,18,1098,38,1040,0,3,7,0,0,10,NA,NA,NA,NA,NA,NA,NA,1,3,146.90105787181082,434.15190892785245
4900300YOST,UT,003,YOST,57,17,39,0,0,1,0,0,0,38,8,29,0,0,1,0,0,0,NA,NA,NA,NA,NA,NA,NA,1,3,5.08400746733043,15.02529375160145
490050000L1,UT,005,L1,822,105,691,2,6,4,0,1,13,588,54,519,2,4,4,0,1,4,NA,NA,NA,NA,NA,NA,NA,1,3,71.38622249116213,172.53855218319055
490050000L2,UT,005,L2,805,124,615,7,12,38,2,1,6,565,77,447,3,8,23,1,1,5,NA,NA,NA,NA,NA,NA,NA,1,3,68.59390426446701,165.78959521003853
490050000L3,UT,005,L3,3543,494,2814,9,31,119,18,1,57,2215,274,1802,5,25,82,8,1,18,NA,NA,NA,NA,NA,NA,NA,1,3,268.9123857447689,649.9538998057263
490050000L4,UT,005,L4,1570,167,1322,10,22,23,0,1,25,1050,97,907,3,12,17,0,1,13,NA,NA,NA,NA,NA,NA,NA,1,3,127.47539730564667,308.1045574699831
490050000L5,UT,005,L5,486,29,438,3,4,8,0,0,4,379,19,346,3,2,6,0,0,3,NA,NA,NA,NA,NA,NA,NA,1,3,46.012548170323896,111.2110736010701
490050000L6,UT,005,L6,1302,159,1080,6,30,13,1,0,13,1110,112,951,5,23,10,1,0,8,NA,NA,NA,NA,NA,NA,NA,1,3,134.7597057231122,325.7105321825536
490050000L7,UT,005,L7,811,109,658,9,9,17,0,1,8,686,74,580,9,6,16,0,0,1,NA,NA,NA,NA,NA,NA,NA,1,3,83.28392623968917,201.29497754705562
490050000L8,UT,005,L8,846,65,715,3,13,34,13,1,2,709,43,613,3,8,33,7,1,1,NA,NA,NA,NA,NA,NA,NA,1,3,86.07624446638428,208.04393452020764
490050000L9,UT,005,L9,1217,129,1032,5,2,25,14,0,10,968,84,845,5,2,21,10,0,1,NA,NA,NA,NA,NA,NA,NA,1,3,117.52017580177713,284.0430586961368
49005000L10,UT,005,L10,1241,204,987,5,16,12,7,0,10,1020,121,857,4,11,12,7,0,8,NA,NA,NA,NA,NA,NA,NA,1,3,123.83324309691392,299.3015701136979
49005000L11,UT,005,L11,951,53,851,7,10,21,4,0,5,783,33,714,4,6,17,4,0,5,NA,NA,NA,NA,NA,NA,NA,1,3,95.06022484792508,229.75796999904455
49005000L12,UT,005,L12,1606,45,1433,5,17,94,2,2,8,1473,42,1313,5,11,91,2,2,7,NA,NA,NA,NA,NA,NA,NA,1,3,178.8297716487786,432.22667919360487
49005000L13,UT,005,L13,866,10,830,1,0,17,0,0,8,667,5,649,0,0,12,0,0,1,NA,NA,NA,NA,NA,NA,NA,1,3,80.97722857415842,195.71975222140833
49005000L14,UT,005,L14,1260,79,1132,12,4,15,1,2,15,956,58,865,11,4,12,1,0,5,NA,NA,NA,NA,NA,NA,NA,1,3,116.06331411828403,280.5218637536227
49005000L15,UT,005,L15,1269,43,1140,6,2,64,1,0,13,1140,36,1021,6,2,64,1,0,10,NA,NA,NA,NA,NA,NA,NA,1,3,138.40185993184497,334.5135195388388
49005000L16,UT,005,L16,1451,112,1232,6,11,66,0,2,22,1100,61,965,2,7,52,0,0,13,NA,NA,NA,NA,NA,NA,NA,1,3,133.5456543202013,322.77620306379185
49005000L17,UT,005,L17,2076,228,1692,10,25,76,12,1,32,1555,151,1306,5,11,57,7,1,17,NA,NA,NA,NA,NA,NA,NA,1,3,188.78499315264816,456.2881779674512
49005000L18,UT,005,L18,3066,63,2866,19,3,87,8,0,20,2826,45,2666,19,3,73,6,0,14,NA,NA,NA,NA,NA,NA,NA,1,3,343.0909264626262,829.2414089620688
49005000L19,UT,005,L19,2664,102,2105,67,19,320,15,2,34,2337,80,1868,59,12,279,11,2,26,NA,NA,NA,NA,NA,NA,NA,1,3,283.7238128602822,685.7527150546196
49005000L20,UT,005,L20,1431,22,1368,2,4,26,0,3,6,953,12,914,1,3,22,0,0,1,NA,NA,NA,NA,NA,NA,NA,1,3,115.69909869741075,279.6415650179942
49005000L21,UT,005,L21,722,14,673,3,0,26,1,0,5,520,11,487,2,0,18,1,0,1,NA,NA,NA,NA,NA,NA,NA,1,3,63.13067295136788,152.58511417561067
49005000L22,UT,005,L22,2555,32,2438,5,1,66,1,2,10,1616,22,1541,3,1,43,1,1,4,NA,NA,NA,NA,NA,NA,NA,1,3,196.19070671040478,474.1875855918978
49005000L23,UT,005,L23,1598,26,1425,11,2,118,3,1,12,1544,26,1380,11,2,110,3,1,11,NA,NA,NA,NA,NA,NA,NA,1,3,187.44953660944617,453.0604159368133
49005000L24,UT,005,L24,761,85,657,3,2,2,0,1,11,540,42,485,3,2,2,0,1,5,NA,NA,NA,NA,NA,NA,NA,1,3,65.55877575718972,158.45377241313417
49005000L25,UT,005,L25,3514,297,2920,30,34,178,5,2,48,2483,179,2120,19,15,123,4,0,23,NA,NA,NA,NA,NA,NA,NA,1,3,301.4489633427816,728.593920188541
49005000L26,UT,005,L26,1228,77,1095,1,10,12,14,0,19,929,40,863,1,4,11,4,0,6,NA,NA,NA,NA,NA,NA,NA,1,3,112.78537533042453,272.599175132966
49005000L27,UT,005,L27,2999,636,2239,6,38,47,1,2,30,1948,341,1531,4,24,33,1,1,13,NA,NA,NA,NA,NA,NA,NA,1,3,236.49721328704734,571.6073123347877
4900500AM28,UT,005,AM28,490,44,443,0,0,2,1,0,0,297,30,265,0,0,1,1,0,0,NA,NA,NA,NA,NA,NA,NA,1,3,36.057326666454344,87.14957482722379
4900500BE29,UT,005,BE29,563,38,518,0,0,1,0,0,6,331,19,310,0,0,0,0,0,2,NA,NA,NA,NA,NA,NA,NA,1,3,40.18510143635148,97.12629383101374
4900500CL30,UT,005,CL30,730,15,698,0,3,0,0,0,14,465,7,450,0,3,0,0,0,5,NA,NA,NA,NA,NA,NA,NA,1,3,56.453390235357816,136.4463040224211
4900500CO32,UT,005,CO32,299,6,288,0,0,2,0,0,3,188,2,184,0,0,0,0,0,2,NA,NA,NA,NA,NA,NA,NA,1,3,22.82416637472531,55.165387432720784
4900500CV33,UT,005,CV33,501,15,467,0,1,2,0,0,16,278,8,263,0,1,2,0,0,4,NA,NA,NA,NA,NA,NA,NA,1,3,33.750629000923595,81.57434950157649
4900500CY31,UT,005,CY31,1210,40,1153,1,8,1,2,0,5,792,26,756,1,5,1,2,0,1,NA,NA,NA,NA,NA,NA,NA,1,3,96.15287111054492,232.39886620593012
4900500HP34,UT,005,HP34,1127,13,1105,1,2,2,0,0,4,696,8,683,1,0,2,0,0,2,NA,NA,NA,NA,NA,NA,NA,1,3,84.49797764260009,204.2293066658174
4900500HP35,UT,005,HP35,1930,34,1862,2,0,9,3,1,19,1136,18,1106,0,0,4,1,1,6,NA,NA,NA,NA,NA,NA,NA,1,3,137.91623937068059,333.3397878913341
4900500HY36,UT,005,HY36,1904,470,1380,3,22,1,8,3,17,1169,261,884,1,10,0,5,1,7,NA,NA,NA,NA,NA,NA,NA,1,3,141.92260900028666,343.0230739832479
4900500HY37,UT,005,HY37,804,52,740,3,0,2,0,0,7,495,26,460,3,0,2,0,0,4,NA,NA,NA,NA,NA,NA,NA,1,3,60.09554444409058,145.24929137870632
4900500HY38,UT,005,HY38,1385,85,1268,1,8,5,1,0,17,875,50,808,0,7,3,1,0,6,NA,NA,NA,NA,NA,NA,NA,1,3,106.22949775470556,256.7537978916526
4900500HY63,UT,005,HY63,2662,273,2326,5,13,9,3,4,29,1480,130,1322,3,8,5,3,2,7,NA,NA,NA,NA,NA,NA,NA,1,3,179.67960763081626,434.2807095767381
4900500LE39,UT,005,LE39,1209,66,1127,1,1,0,0,0,14,728,45,678,1,1,0,0,0,3,NA,NA,NA,NA,NA,NA,NA,1,3,88.38294213191503,213.61915984585494
4900500LE40,UT,005,LE40,668,52,607,0,0,2,0,6,1,410,25,381,0,0,2,0,2,0,NA,NA,NA,NA,NA,NA,NA,1,3,49.77610751934775,120.3074938692315
4900500ME41,UT,005,ME41,1528,30,1469,0,11,0,0,3,15,948,15,919,0,4,0,0,2,8,NA,NA,NA,NA,NA,NA,NA,1,3,115.09207299595529,278.1744004586133
4900500MI42,UT,005,MI42,1539,32,1480,0,6,7,0,0,14,935,16,912,0,3,3,0,0,1,NA,NA,NA,NA,NA,NA,NA,1,3,113.51380617217109,274.35977260422305
4900500NE43,UT,005,NE43,902,21,865,0,0,16,0,0,0,565,7,550,0,0,8,0,0,0,NA,NA,NA,NA,NA,NA,NA,1,3,68.59390426446701,165.78959521003853
4900500NI44,UT,005,NI44,2202,88,2086,0,3,9,3,0,13,1357,52,1289,0,2,9,3,0,2,NA,NA,NA,NA,NA,NA,NA,1,3,164.74677537501194,398.1884614159687
4900500NL45,UT,005,NL45,1917,95,1721,13,7,57,1,2,21,1320,50,1203,7,6,41,1,2,10,NA,NA,NA,NA,NA,NA,NA,1,3,160.25478518424154,387.3314436765502
4900500NL46,UT,005,NL46,1579,96,1426,15,2,26,3,0,11,892,52,809,6,2,16,3,0,4,NA,NA,NA,NA,NA,NA,NA,1,3,108.29338513965413,261.7421573935476
4900500NL61,UT,005,NL61,1041,12,998,0,5,13,2,1,10,602,5,580,0,2,9,2,1,3,NA,NA,NA,NA,NA,NA,NA,1,3,73.08589445523744,176.646612949457
4900500NL62,UT,005,NL62,1627,19,1562,2,2,28,2,0,12,1045,3,1013,2,2,18,2,0,5,NA,NA,NA,NA,NA,NA,NA,1,3,126.86837160419121,306.6373929106022
4900500PA47,UT,005,PA47,1376,21,1335,0,1,2,15,0,2,851,7,832,0,1,1,9,0,1,NA,NA,NA,NA,NA,NA,NA,1,3,103.31577438771934,249.7114080066244
4900500PR48,UT,005,PR48,2488,57,2400,2,5,9,4,3,8,1583,30,1538,1,4,4,3,1,2,NA,NA,NA,NA,NA,NA,NA,1,3,192.18433708079874,464.5042994999841
4900500PR49,UT,005,PR49,1889,33,1817,4,6,12,0,1,16,1194,17,1155,3,4,8,0,1,6,NA,NA,NA,NA,NA,NA,NA,1,3,144.95773750756393,350.35889678015224
4900500RH52,UT,005,RH52,1551,35,1484,0,4,12,0,2,14,1036,19,1001,0,3,8,0,0,5,NA,NA,NA,NA,NA,NA,NA,1,3,125.77572534157139,303.9964967037167
4900500RI50,UT,005,RI50,1000,45,949,0,0,1,0,0,5,639,20,616,0,0,1,0,0,2,NA,NA,NA,NA,NA,NA,NA,1,3,77.57788464600785,187.50363068887546
4900500RI51,UT,005,RI51,1173,8,1154,4,2,3,0,0,2,734,5,724,0,1,3,0,0,1,NA,NA,NA,NA,NA,NA,NA,1,3,89.11137297366157,215.379757317112
4900500SM53,UT,005,SM53,1811,97,1683,2,3,11,2,0,13,1143,53,1076,0,2,6,2,0,4,NA,NA,NA,NA,NA,NA,NA,1,3,138.76607535271825,335.3938182744673
4900500SM54,UT,005,SM54,1697,88,1580,3,7,15,0,0,4,1097,43,1036,2,5,9,0,0,2,NA,NA,NA,NA,NA,NA,NA,1,3,133.181438899328,321.8959043281633
4900500SM55,UT,005,SM55,1113,31,1074,0,2,0,0,1,5,709,16,690,0,1,0,0,0,2,NA,NA,NA,NA,NA,NA,NA,1,3,86.07624446638428,208.04393452020764
4900500SM56,UT,005,SM56,1852,135,1696,1,4,2,1,0,13,1161,72,1079,0,2,2,1,0,5,NA,NA,NA,NA,NA,NA,NA,1,3,140.9513678779579,340.67561068823846
4900500SM64,UT,005,SM64,1267,28,1216,2,0,8,0,0,13,707,14,683,1,0,6,0,0,3,NA,NA,NA,NA,NA,NA,NA,1,3,85.8334341858021,207.4570686964553
4900500TR57,UT,005,TR57,466,24,437,1,1,2,0,0,1,295,11,282,0,1,1,0,0,0,NA,NA,NA,NA,NA,NA,NA,1,3,35.81451638587216,86.56270900347145
4900500WE58,UT,005,WE58,1235,29,1198,0,2,3,0,0,3,761,15,743,0,0,2,0,0,1,NA,NA,NA,NA,NA,NA,NA,1,3,92.38931176152107,223.3024459377687
4900500WE59,UT,005,WE59,1953,50,1886,0,8,1,4,0,4,1192,24,1158,0,4,1,3,0,2,NA,NA,NA,NA,NA,NA,NA,1,3,144.71492722698176,349.77203095639993
49005BRR999,UT,005,BRR999,43,0,43,0,0,0,0,0,0,32,0,32,0,0,0,0,0,0,NA,NA,NA,NA,NA,NA,NA,1,3,3.8849644893149464,9.38985318003758
49007000031,UT,007,31,1008,94,866,1,6,8,0,6,27,784,65,682,1,6,7,0,5,18,NA,NA,NA,NA,NA,NA,NA,3,1,298.3381908166071,150.6241407753643
490070018WP,UT,007,18WP,1774,307,1402,1,24,1,1,2,36,1249,199,1001,1,14,1,1,2,30,NA,NA,NA,NA,NA,NA,NA,3,1,475.28622491064067,239.96116304646688
490070030CN,UT,007,30CN,1227,74,1115,3,5,3,0,3,24,857,45,785,2,2,2,0,2,19,NA,NA,NA,NA,NA,NA,NA,3,1,326.1171295023371,164.64909265878472
4900700CH34,UT,007,CH34,1222,80,1094,4,23,6,0,0,15,772,46,703,2,7,5,0,0,9,NA,NA,NA,NA,NA,NA,NA,3,1,293.7717899367611,148.31866923288425
4900700CP32,UT,007,CP32,1120,85,976,9,8,27,0,1,14,968,56,858,9,7,27,0,1,10,NA,NA,NA,NA,NA,NA,NA,3,1,368.35633764091284,185.97470442672534
4900700CV38,UT,007,CV38,1376,187,1129,6,22,0,0,0,32,978,107,837,4,13,0,0,0,17,NA,NA,NA,NA,NA,NA,NA,3,1,372.16167170745115,187.89593071212536
4900700EA22,UT,007,EA22,721,20,688,0,3,0,0,0,10,480,13,459,0,2,0,0,0,6,NA,NA,NA,NA,NA,NA,NA,3,1,182.6560351938411,92.21886169920263
4900700EC25,UT,007,EC25,1393,290,1064,2,7,2,0,3,25,1028,199,799,0,7,0,0,3,20,NA,NA,NA,NA,NA,NA,NA,3,1,391.188342040143,197.50206213912568
4900700EH07,UT,007,EH07,1070,144,894,3,15,3,0,3,8,799,93,686,3,8,3,0,2,4,NA,NA,NA,NA,NA,NA,NA,3,1,304.04619191641467,153.5059802034644
4900700EP17,UT,007,EP17,1322,190,1084,2,25,1,2,0,18,932,117,784,2,12,1,1,0,15,NA,NA,NA,NA,NA,NA,NA,3,1,354.65713500137474,179.05828979928512
4900700KE10,UT,007,KE10,195,28,160,0,2,1,0,0,4,151,21,124,0,1,1,0,0,4,NA,NA,NA,NA,NA,NA,NA,3,1,57.46054440472917,29.01051690954083
4900700MC40,UT,007,MC40,313,23,282,0,4,0,0,0,4,217,15,194,0,4,0,0,0,4,NA,NA,NA,NA,NA,NA,NA,3,1,82.57574924388231,41.690610393181196
4900700NP33,UT,007,NP33,729,17,695,2,5,1,0,4,5,522,12,496,2,4,1,0,2,5,NA,NA,NA,NA,NA,NA,NA,3,1,198.63843827330214,100.28801209788286
4900700SC02,UT,007,SC02,79,1,75,0,0,2,0,0,1,73,1,69,0,0,2,0,0,1,NA,NA,NA,NA,NA,NA,NA,3,1,27.778938685729997,14.024951883420401
4900700SC36,UT,007,SC36,1773,166,1578,5,4,4,0,0,16,1226,102,1106,3,4,1,0,0,10,NA,NA,NA,NA,NA,NA,NA,3,1,466.53395655760244,235.54234259004676
4900700SG37,UT,007,SG37,1226,100,1087,1,2,1,0,1,34,869,50,790,1,1,1,0,1,25,NA,NA,NA,NA,NA,NA,NA,3,1,330.6835303821831,166.9545642012648
4900700SU20,UT,007,SU20,404,82,319,2,0,0,0,0,1,296,61,232,2,0,0,0,0,1,NA,NA,NA,NA,NA,NA,NA,3,1,112.63788836953533,56.868298047841634
4900700WE19,UT,007,WE19,1666,82,1538,2,18,3,1,0,22,1112,51,1031,1,12,3,1,0,13,NA,NA,NA,NA,NA,NA,NA,3,1,423.1531481990652,213.64036293648613
4900700WH21,UT,007,WH21,955,85,831,6,15,2,2,1,13,709,65,620,4,5,2,2,1,10,NA,NA,NA,NA,NA,NA,NA,3,1,269.79818531756945,136.21494363486391
4900700WW39,UT,007,WW39,849,42,794,3,2,5,0,0,3,526,29,488,1,1,4,0,0,3,NA,NA,NA,NA,NA,NA,NA,3,1,200.1605718999175,101.05650261204289
4900900BP03,UT,009,BP03,11,0,11,0,0,0,0,0,0,11,0,11,0,0,0,0,0,0,NA,NA,NA,NA,NA,NA,NA,3,1,2.7694483734087694,3.7963224893917964
4900900DJ01,UT,009,DJ01,220,8,210,0,0,0,0,0,2,164,4,159,0,0,0,0,0,1,NA,NA,NA,NA,NA,NA,NA,3,1,41.28995756718529,56.5997171145686
4900900MA02,UT,009,MA02,690,39,632,4,7,1,0,0,7,532,34,487,2,4,1,0,0,4,NA,NA,NA,NA,NA,NA,NA,3,1,133.94059405940595,183.6039603960396
4901100BO01,UT,011,BO01,1472,51,1369,3,3,26,9,2,9,983,34,928,1,2,13,2,2,1,NA,NA,NA,NA,NA,NA,NA,1,3,119.49621688565513,262.0471002573679
4901100BO02,UT,011,BO02,658,19,633,0,0,2,0,0,4,492,8,481,0,0,1,0,0,2,NA,NA,NA,NA,NA,NA,NA,1,3,59.80888983493624,131.15683959982198
4901100BO03,UT,011,BO03,1259,33,1189,2,2,17,0,0,16,841,19,802,0,2,10,0,0,8,NA,NA,NA,NA,NA,NA,NA,1,3,102.23430152679141,224.1928904541672
4901100BO04,UT,011,BO04,793,10,759,2,3,15,0,0,4,563,6,541,2,2,9,0,0,3,NA,NA,NA,NA,NA,NA,NA,1,3,68.4398475143681,150.08394450142228
4901100BO05,UT,011,BO05,967,36,912,1,2,0,2,0,14,619,17,592,1,2,0,1,0,6,NA,NA,NA,NA,NA,NA,NA,1,3,75.24736343053969,165.0123652688817
4901100BO06,UT,011,BO06,1311,43,1217,4,9,19,8,0,11,880,24,822,2,7,16,4,0,5,NA,NA,NA,NA,NA,NA,NA,1,3,106.97525011126807,234.58946920293363
4901100BO07,UT,011,BO07,755,23,704,0,0,18,5,4,1,569,16,537,0,0,12,4,0,0,NA,NA,NA,NA,NA,NA,NA,1,3,69.16922421967219,151.68341815507864
4901100BO08,UT,011,BO08,1429,60,1324,5,2,7,5,6,20,1029,36,969,3,2,5,3,5,6,NA,NA,NA,NA,NA,NA,NA,1,3,125.08810495965324,274.3097316020667
4901100BO09,UT,011,BO09,1559,107,1396,9,6,14,1,2,24,1120,65,1020,5,4,12,1,2,11,NA,NA,NA,NA,NA,NA,NA,1,3,136.1503183234321,298.56841534918823
4901100BO10,UT,011,BO10,807,27,749,7,5,8,2,5,4,594,19,554,5,2,8,2,2,2,NA,NA,NA,NA,NA,NA,NA,1,3,72.20829382510594,158.34789171198017
4901100BO11,UT,011,BO11,1442,63,1338,7,4,6,3,0,21,1006,37,946,5,4,5,3,0,6,NA,NA,NA,NA,NA,NA,NA,1,3,122.29216092265418,268.1784159297173
4901100BO12,UT,011,BO12,1055,19,992,12,7,13,1,0,11,759,14,722,4,4,12,1,0,2,NA,NA,NA,NA,NA,NA,NA,1,3,92.2661532209687,202.33341718753024
4901100BO13,UT,011,BO13,1351,24,1299,4,11,3,6,1,3,1001,18,967,3,4,3,5,1,0,NA,NA,NA,NA,NA,NA,NA,1,3,121.68434700156742,266.84552121833696
4901100BO14,UT,011,BO14,638,14,591,2,3,1,20,1,6,401,6,377,1,3,1,11,1,1,NA,NA,NA,NA,NA,NA,NA,1,3,48.746676471157386,106.89815585270043
4901100BO15,UT,011,BO15,1197,14,1157,1,0,23,0,0,2,811,6,787,0,0,18,0,0,0,NA,NA,NA,NA,NA,NA,NA,1,3,98.58741800027092,216.1955221858854
4901100BO16,UT,011,BO16,788,23,739,1,4,13,4,0,4,557,14,527,1,3,9,1,0,2,NA,NA,NA,NA,NA,NA,NA,1,3,67.71047080906399,148.48447084776595
4901100BO17,UT,011,BO17,1468,41,1395,0,6,7,7,4,8,1129,30,1078,0,4,7,4,3,3,NA,NA,NA,NA,NA,NA,NA,1,3,137.24438338138825,300.9676258296728
4901100BO18,UT,011,BO18,1035,26,990,1,1,6,2,2,7,774,16,744,0,1,6,0,1,6,NA,NA,NA,NA,NA,NA,NA,1,3,94.08959498422897,206.33210132167116
4901100BO19,UT,011,BO19,927,31,851,7,1,24,1,0,12,677,18,632,5,1,19,1,0,1,NA,NA,NA,NA,NA,NA,NA,1,3,82.29800491514601,180.47394392089325
4901100BO20,UT,011,BO20,671,7,648,0,0,3,4,0,9,480,3,467,0,0,1,3,0,6,NA,NA,NA,NA,NA,NA,NA,1,3,58.35013642432804,127.95789229250924
4901100BO21,UT,011,BO21,711,4,678,5,1,10,1,0,12,525,3,504,3,1,7,1,0,6,NA,NA,NA,NA,NA,NA,NA,1,3,63.820461714108795,139.95394469493198
4901100BO22,UT,011,BO22,558,8,536,0,1,9,0,0,4,337,4,325,0,0,7,0,0,1,NA,NA,NA,NA,NA,NA,NA,1,3,40.96665828124698,89.83710354703253
4901100BO23,UT,011,BO23,576,7,558,1,0,9,0,0,1,400,5,389,0,0,5,0,0,1,NA,NA,NA,NA,NA,NA,NA,1,3,48.62511368694003,106.63157691042437
4901100BO24,UT,011,BO24,1070,35,1015,2,1,6,1,2,8,787,26,750,2,1,6,1,0,1,NA,NA,NA,NA,NA,NA,NA,1,3,95.66991117905451,209.79762757125994
4901100BO25,UT,011,BO25,657,12,629,0,0,3,4,0,9,459,7,443,0,0,3,3,0,3,NA,NA,NA,NA,NA,NA,NA,1,3,55.79731795576369,122.35973450471197
4901100BO26,UT,011,BO26,785,28,712,3,8,7,4,0,23,536,19,495,3,4,6,4,0,5,NA,NA,NA,NA,NA,NA,NA,1,3,65.15765234049964,142.88631305996864
4901100BO27,UT,011,BO27,1400,54,1294,3,2,16,4,2,25,1095,29,1032,2,2,15,2,1,12,NA,NA,NA,NA,NA,NA,NA,1,3,133.11124871799834,291.90394179228673
4901100BO28,UT,011,BO28,873,40,800,1,2,20,1,0,9,633,31,580,1,2,15,1,0,3,NA,NA,NA,NA,NA,NA,NA,1,3,76.94924240958261,168.74447046074658
4901100BO29,UT,011,BO29,893,9,848,0,0,24,0,0,12,601,6,574,0,0,15,0,0,6,NA,NA,NA,NA,NA,NA,NA,1,3,73.05923331462739,160.2139443079126
4901100BO30,UT,011,BO30,1109,33,1046,0,1,18,1,0,10,782,25,731,0,1,16,1,0,8,NA,NA,NA,NA,NA,NA,NA,1,3,95.06209725796775,208.46473285987963
4901100BO31,UT,011,BO31,866,8,827,1,0,11,3,1,15,636,7,613,1,0,11,1,0,3,NA,NA,NA,NA,NA,NA,NA,1,3,77.31393076223465,169.54420728757472
4901100BO32,UT,011,BO32,1076,19,1006,1,1,33,1,0,15,723,12,679,0,1,25,1,0,5,NA,NA,NA,NA,NA,NA,NA,1,3,87.8898929891441,192.73657526559202
4901100BO33,UT,011,BO33,1277,30,1209,1,4,7,11,0,15,886,14,849,1,2,6,7,0,7,NA,NA,NA,NA,NA,NA,NA,1,3,107.70462681657216,236.18894285658996
4901100BO34,UT,011,BO34,905,26,863,5,1,3,3,0,4,638,15,613,2,1,3,3,0,1,NA,NA,NA,NA,NA,NA,NA,1,3,77.55705633066934,170.07736517212686
4901100BO35,UT,011,BO35,1072,32,1014,0,2,7,3,0,14,784,24,744,0,1,3,2,0,10,NA,NA,NA,NA,NA,NA,NA,1,3,95.30522282640246,208.99789074443174
4901100BO36,UT,011,BO36,1415,31,1350,3,1,22,0,0,8,898,13,865,0,1,18,0,0,1,NA,NA,NA,NA,NA,NA,NA,1,3,109.16338022718037,239.3878901639027
4901100BO37,UT,011,BO37,941,14,901,0,1,14,0,0,11,642,8,623,0,0,9,0,0,2,NA,NA,NA,NA,NA,NA,NA,1,3,78.04330746753875,171.1436809412311
4901100BO38,UT,011,BO38,783,9,754,0,2,6,0,1,11,500,5,483,0,2,6,0,1,3,NA,NA,NA,NA,NA,NA,NA,1,3,60.78139210867504,133.28947113803045
4901100BO39,UT,011,BO39,973,39,918,1,0,5,1,6,3,655,20,625,0,0,4,1,4,1,NA,NA,NA,NA,NA,NA,NA,1,3,79.6236236623643,174.6092071908199
4901100BO40,UT,011,BO40,1783,88,1640,1,2,13,14,0,25,1255,47,1174,1,2,10,8,0,13,NA,NA,NA,NA,NA,NA,NA,1,3,152.56129419277434,334.55657255645644
4901100CE01,UT,011,CE01,751,29,699,4,1,8,1,0,9,537,17,506,2,1,5,1,0,5,NA,NA,NA,NA,NA,NA,NA,1,3,65.279215124717,143.15289200224473
4901100CE02,UT,011,CE02,1107,12,1075,2,1,5,6,0,6,742,7,726,0,1,4,2,0,2,NA,NA,NA,NA,NA,NA,NA,1,3,90.19958588927375,197.8015751688372
4901100CE03,UT,011,CE03,774,16,748,2,1,3,0,0,4,432,11,417,1,1,2,0,0,0,NA,NA,NA,NA,NA,NA,NA,1,3,52.515122781895236,115.16210306325833
4901100CE04,UT,011,CE04,1195,36,1136,2,0,6,4,2,9,845,28,804,1,0,6,1,2,3,NA,NA,NA,NA,NA,NA,NA,1,3,102.72055266366083,225.2592062232715
4901100CE05,UT,011,CE05,926,22,871,0,0,18,1,0,14,609,17,570,0,0,13,1,0,8,NA,NA,NA,NA,NA,NA,NA,1,3,74.0317355883662,162.3465758461211
4901100CE06,UT,011,CE06,894,10,868,2,0,11,0,0,3,589,4,577,0,0,8,0,0,0,NA,NA,NA,NA,NA,NA,NA,1,3,71.6004799040192,157.01499700059986
4901100CE07,UT,011,CE07,1697,22,1636,1,6,21,0,0,11,1144,15,1105,0,3,17,0,0,4,NA,NA,NA,NA,NA,NA,NA,1,3,139.06782514464848,304.96630996381367
4901100CE08,UT,011,CE08,1038,10,1009,2,0,7,0,0,10,580,7,561,1,0,6,0,0,5,NA,NA,NA,NA,NA,NA,NA,1,3,70.50641484606305,154.61578652011534
4901100CE09,UT,011,CE09,1114,15,1085,2,0,4,0,0,8,645,12,630,1,0,1,0,0,1,NA,NA,NA,NA,NA,NA,NA,1,3,78.40799582019079,171.94341776805928
4901100CE10,UT,011,CE10,1769,29,1715,5,0,12,0,0,8,1010,21,973,5,0,8,0,0,3,NA,NA,NA,NA,NA,NA,NA,1,3,122.77841205952359,269.2447316988215
4901100CE11,UT,011,CE11,1227,14,1200,1,0,3,5,1,3,715,8,699,0,0,3,2,0,3,NA,NA,NA,NA,NA,NA,NA,1,3,86.9173907154053,190.60394372738355
4901100CE12,UT,011,CE12,1249,22,1195,5,3,3,3,3,15,864,14,831,4,2,2,1,2,8,NA,NA,NA,NA,NA,NA,NA,1,3,105.03024556379047,230.32420612651666
4901100CE13,UT,011,CE13,841,45,751,5,5,7,14,0,14,628,22,577,4,5,7,6,0,7,NA,NA,NA,NA,NA,NA,NA,1,3,76.34142848849585,167.41157574936628
4901100CE14,UT,011,CE14,17,3,8,0,0,6,0,0,0,11,2,5,0,0,4,0,0,0,NA,NA,NA,NA,NA,NA,NA,1,3,1.3371906263908508,2.9323683650366696
4901100CF01,UT,011,CF01,1306,130,1080,34,19,30,0,0,13,983,82,840,18,12,24,0,0,7,NA,NA,NA,NA,NA,NA,NA,1,3,119.49621688565513,262.0471002573679
4901100CF02,UT,011,CF02,1565,206,1184,25,33,49,8,0,60,957,99,764,11,20,34,5,0,24,NA,NA,NA,NA,NA,NA,NA,1,3,116.33558449600402,255.1160477581903
4901100CF03,UT,011,CF03,958,72,827,6,11,15,7,4,16,557,38,489,4,8,11,3,0,4,NA,NA,NA,NA,NA,NA,NA,1,3,67.71047080906399,148.48447084776595
4901100CF04,UT,011,CF04,1291,163,1042,10,25,22,8,2,19,837,96,688,6,12,19,5,1,10,NA,NA,NA,NA,NA,NA,NA,1,3,101.74805038992201,223.126574685063
4901100CF05,UT,011,CF05,486,56,406,1,3,18,1,0,1,355,39,299,0,3,12,1,0,1,NA,NA,NA,NA,NA,NA,NA,1,3,43.15478839715928,94.63552450800162
4901100CF06,UT,011,CF06,863,81,736,12,5,10,1,0,18,628,60,530,8,5,10,1,0,14,NA,NA,NA,NA,NA,NA,NA,1,3,76.34142848849585,167.41157574936628
4901100CF07,UT,011,CF07,724,78,607,7,3,11,0,0,18,534,51,454,5,3,8,0,0,13,NA,NA,NA,NA,NA,NA,NA,1,3,64.91452677206495,142.35315517541653
4901100CF08,UT,011,CF08,1184,101,977,26,7,27,0,0,46,814,52,705,15,4,22,0,0,16,NA,NA,NA,NA,NA,NA,NA,1,3,98.95210635292297,216.9952590127136
4901100CF09,UT,011,CF09,774,98,623,7,10,23,0,0,13,545,63,450,5,7,16,0,0,4,NA,NA,NA,NA,NA,NA,NA,1,3,66.2517173984558,145.2855235404532
4901100CF10,UT,011,CF10,828,115,654,8,10,18,0,0,23,570,68,468,7,7,15,0,0,5,NA,NA,NA,NA,NA,NA,NA,1,3,69.29078700388955,151.94999709735472
4901100CF11,UT,011,CF11,1662,152,1411,27,9,32,2,0,29,1002,91,848,18,7,26,1,0,11,NA,NA,NA,NA,NA,NA,NA,1,3,121.80590978578478,267.112100160613
4901100CF12,UT,011,CF12,1159,81,1011,2,10,20,1,1,33,748,47,662,2,9,11,1,1,15,NA,NA,NA,NA,NA,NA,NA,1,3,90.92896259457787,199.40104882249358
4901100CF13,UT,011,CF13,1574,122,1340,58,9,22,0,5,18,986,64,856,36,5,18,0,2,5,NA,NA,NA,NA,NA,NA,NA,1,3,119.86090523830718,262.84683708419607
4901100CF14,UT,011,CF14,1515,90,1281,13,23,97,0,1,10,852,43,722,6,13,64,0,1,3,NA,NA,NA,NA,NA,NA,NA,1,3,103.57149215318228,227.1252588192039
4901100CF15,UT,011,CF15,1869,212,1444,67,22,67,8,2,47,1463,134,1171,52,17,55,6,2,26,NA,NA,NA,NA,NA,NA,NA,1,3,177.8463533099832,390.00499254987716
4901100CF16,UT,011,CF16,1878,299,1358,87,19,51,8,1,55,930,127,712,35,6,32,2,0,16,NA,NA,NA,NA,NA,NA,NA,1,3,113.05338932213559,247.91841631673668
4901100CF17,UT,011,CF17,1587,154,1342,25,7,31,0,1,27,989,97,833,20,5,21,0,0,13,NA,NA,NA,NA,NA,NA,NA,1,3,120.22559359095924,263.6465739110243
4901100CL01,UT,011,CL01,1251,147,1020,14,8,28,1,0,33,767,78,637,11,6,24,1,0,10,NA,NA,NA,NA,NA,NA,NA,1,3,93.23865549470752,204.46604872573874
4901100CL02,UT,011,CL02,1894,98,1736,15,5,10,13,2,15,1162,53,1076,8,2,9,8,0,6,NA,NA,NA,NA,NA,NA,NA,1,3,141.2559552605608,309.7647309247828
4901100CL03,UT,011,CL03,1040,89,892,12,8,23,1,5,10,718,57,616,9,4,22,1,3,6,NA,NA,NA,NA,NA,NA,NA,1,3,87.28207906805734,191.40368055421172
4901100CL04,UT,011,CL04,2559,185,2261,10,8,49,10,0,36,1556,97,1394,4,2,32,7,0,20,NA,NA,NA,NA,NA,NA,NA,1,3,189.15169224219673,414.79683418155076
4901100CL05,UT,011,CL05,1391,93,1230,14,5,27,0,5,17,854,54,760,9,3,19,0,2,7,NA,NA,NA,NA,NA,NA,NA,1,3,103.81461772161697,227.65841670375602
4901100CL06,UT,011,CL06,821,83,678,11,6,25,2,1,15,524,51,433,6,4,19,2,1,8,NA,NA,NA,NA,NA,NA,NA,1,3,63.69889892989144,139.68736575265592
4901100CL07,UT,011,CL07,1494,124,1299,12,3,41,1,0,14,892,63,786,9,3,20,1,0,10,NA,NA,NA,NA,NA,NA,NA,1,3,108.43400352187628,237.78841651024635
4901100CL08,UT,011,CL08,1237,124,1060,16,7,11,2,1,16,761,70,658,11,4,11,2,0,5,NA,NA,NA,NA,NA,NA,NA,1,3,92.50927878940341,202.86657507208236
4901100CL09,UT,011,CL09,898,68,784,12,2,6,5,0,21,600,42,531,6,2,6,3,0,10,NA,NA,NA,NA,NA,NA,NA,1,3,72.93767053041005,159.94736536563656
4901100FA01,UT,011,FA01,1096,152,883,20,25,9,1,0,6,858,139,665,17,21,9,1,0,6,NA,NA,NA,NA,NA,NA,NA,1,3,104.30086885848637,228.72473247286027
4901100FA02,UT,011,FA02,1198,27,1141,11,8,1,1,3,6,794,18,756,7,8,1,1,2,1,NA,NA,NA,NA,NA,NA,NA,1,3,96.52085066857596,211.66368016719235
4901100FA03,UT,011,FA03,1204,44,1116,3,1,19,0,1,20,738,26,686,2,1,14,0,1,8,NA,NA,NA,NA,NA,NA,NA,1,3,89.71333475240436,196.73525939973297
4901100FA04,UT,011,FA04,1006,12,980,0,4,2,3,3,2,571,9,555,0,2,2,2,1,0,NA,NA,NA,NA,NA,NA,NA,1,3,69.4123497881069,152.21657603963078
4901100FA05,UT,011,FA05,1648,19,1601,1,1,10,0,0,16,1025,12,1001,1,1,6,0,0,4,NA,NA,NA,NA,NA,NA,NA,1,3,124.60185382278382,273.24341583296246
4901100FA06,UT,011,FA06,1339,26,1295,0,7,8,1,0,2,717,11,697,0,3,4,0,0,2,NA,NA,NA,NA,NA,NA,NA,1,3,87.16051628384001,191.1371016119357
4901100FA07,UT,011,FA07,1159,22,1093,0,0,23,1,0,20,703,12,674,0,0,13,1,0,3,NA,NA,NA,NA,NA,NA,NA,1,3,85.45863730479711,187.40499642007083
4901100FA08,UT,011,FA08,706,2,694,0,1,5,0,0,4,459,2,450,0,1,2,0,0,4,NA,NA,NA,NA,NA,NA,NA,1,3,55.79731795576369,122.35973450471197
4901100FA09,UT,011,FA09,1323,20,1255,7,6,17,6,0,12,799,8,765,5,3,12,2,0,4,NA,NA,NA,NA,NA,NA,NA,1,3,97.1286645896627,212.99657487857266
4901100FA10,UT,011,FA10,1533,44,1453,2,12,8,7,0,7,1023,25,973,1,8,7,4,0,5,NA,NA,NA,NA,NA,NA,NA,1,3,124.35872825434913,272.7102579484103
4901100FH01,UT,011,FH01,1138,28,1091,0,2,15,0,0,2,747,15,718,0,2,11,0,0,1,NA,NA,NA,NA,NA,NA,NA,1,3,90.80739981036051,199.1344698802175
4901100FH02,UT,011,FH02,934,17,903,0,1,10,0,1,2,644,9,626,0,1,7,0,0,1,NA,NA,NA,NA,NA,NA,NA,1,3,78.28643303597346,171.67683882578322
4901100FH03,UT,011,FH03,1285,23,1245,3,3,4,0,0,7,817,18,791,0,2,4,0,0,2,NA,NA,NA,NA,NA,NA,NA,1,3,99.31679470557502,217.7949958395418
4901100FH04,UT,011,FH04,1348,28,1308,0,0,8,0,1,3,844,17,819,0,0,4,0,1,3,NA,NA,NA,NA,NA,NA,NA,1,3,102.59898987944347,224.9926272809954
4901100HA01,UT,011,HA01,4785,446,3530,403,47,150,19,21,169,2936,253,2179,269,29,121,12,8,65,NA,NA,NA,NA,NA,NA,NA,1,3,356.90833446213986,782.6757745225149
4901100JC01,UT,011,JC01,1265,227,584,223,98,60,11,1,61,910,150,418,169,78,47,9,0,39,NA,NA,NA,NA,NA,NA,NA,1,3,110.62213363778856,242.58683747121543
4901100KA01,UT,011,KA01,1311,14,1255,11,1,15,1,0,14,708,10,680,6,1,10,1,0,0,NA,NA,NA,NA,NA,NA,NA,1,3,86.06645122588387,188.73789113145114
4901100KA02,UT,011,KA02,1172,31,1118,0,1,10,1,0,11,766,14,735,0,1,9,1,0,6,NA,NA,NA,NA,NA,NA,NA,1,3,93.11709271049016,204.19946978346266
4901100KA03,UT,011,KA03,1186,39,1120,3,6,8,0,0,10,803,22,769,2,3,5,0,0,2,NA,NA,NA,NA,NA,NA,NA,1,3,97.6149157265321,214.0628906476769
4901100KA04,UT,011,KA04,642,21,619,1,0,0,0,0,1,405,14,390,0,0,0,0,0,1,NA,NA,NA,NA,NA,NA,NA,1,3,49.23292760802678,107.96447162180466
4901100KA05,UT,011,KA05,600,27,557,4,6,4,2,0,0,432,14,409,2,3,3,1,0,0,NA,NA,NA,NA,NA,NA,NA,1,3,52.515122781895236,115.16210306325833
4901100KA06,UT,011,KA06,2309,202,2009,20,20,16,15,0,27,1405,121,1226,10,12,11,7,0,18,NA,NA,NA,NA,NA,NA,NA,1,3,170.79571182537686,374.5434138978656
4901100KA07,UT,011,KA07,970,20,929,3,0,5,6,1,6,685,12,658,3,0,4,4,1,3,NA,NA,NA,NA,NA,NA,NA,1,3,83.27050718888479,182.60657545910172
4901100KA08,UT,011,KA08,854,13,829,0,4,1,0,4,3,553,7,540,0,1,1,0,3,1,NA,NA,NA,NA,NA,NA,NA,1,3,67.2242196721946,147.4181550786617
4901100KA09,UT,011,KA09,1223,22,1175,0,2,6,0,1,17,833,16,798,0,2,5,0,1,11,NA,NA,NA,NA,NA,NA,NA,1,3,101.26179925305262,222.06025891595874
4901100KA10,UT,011,KA10,1095,40,1024,1,6,10,1,0,13,702,21,666,1,2,4,1,0,7,NA,NA,NA,NA,NA,NA,NA,1,3,85.33707452057975,187.13841747779475
4901100KA11,UT,011,KA11,818,29,778,0,6,2,1,0,2,555,13,535,0,3,2,0,0,2,NA,NA,NA,NA,NA,NA,NA,1,3,67.46734524062929,147.9513129632138
4901100KA12,UT,011,KA12,1359,25,1312,2,0,5,0,2,13,704,9,689,0,0,5,0,0,1,NA,NA,NA,NA,NA,NA,NA,1,3,85.58020008901445,187.67157536234686
4901100KA13,UT,011,KA13,2403,21,2332,3,0,19,1,0,27,1198,10,1169,0,0,13,1,0,5,NA,NA,NA,NA,NA,NA,NA,1,3,145.6322154923854,319.361572846721
4901100KA14,UT,011,KA14,1236,16,1196,0,0,13,6,0,5,623,9,607,0,0,6,1,0,0,NA,NA,NA,NA,NA,NA,NA,1,3,75.7336145674091,166.07868103798597
4901100KA15,UT,011,KA15,1079,20,1033,1,1,15,0,3,6,554,11,529,1,1,7,0,2,3,NA,NA,NA,NA,NA,NA,NA,1,3,67.34578245641194,147.68473402093775
4901100KA16,UT,011,KA16,639,20,610,4,0,2,1,0,2,448,11,435,1,0,0,0,0,1,NA,NA,NA,NA,NA,NA,NA,1,3,54.46012732937284,119.42736613967529
4901100KA17,UT,011,KA17,665,16,646,2,0,0,0,1,0,348,12,336,0,0,0,0,0,0,NA,NA,NA,NA,NA,NA,NA,1,3,42.30384890763783,92.7694719120692
4901100KA18,UT,011,KA18,1167,36,1113,4,0,1,1,0,12,612,15,592,1,0,1,0,0,3,NA,NA,NA,NA,NA,NA,NA,1,3,74.39642394101824,163.14631267294928
4901100LA01,UT,011,LA01,2395,153,2057,53,9,74,6,4,39,1929,119,1660,49,8,65,5,3,20,NA,NA,NA,NA,NA,NA,NA,1,3,234.4946107552683,514.2307796505215
4901100LA02,UT,011,LA02,1283,120,1103,13,16,14,0,0,17,898,73,789,11,7,13,0,0,5,NA,NA,NA,NA,NA,NA,NA,1,3,109.16338022718037,239.3878901639027
4901100LA03,UT,011,LA03,1569,76,1395,29,11,22,10,0,26,966,49,855,18,6,16,6,0,16,NA,NA,NA,NA,NA,NA,NA,1,3,117.42964955396018,257.51525823867485
4901100LA04,UT,011,LA04,2009,58,1833,43,2,41,2,1,29,1211,32,1107,32,2,24,2,1,11,NA,NA,NA,NA,NA,NA,NA,1,3,147.21253168721094,322.8270990963098
4901100LA05,UT,011,LA05,333,6,317,3,0,7,0,0,0,235,6,221,3,0,5,0,0,0,NA,NA,NA,NA,NA,NA,NA,1,3,28.567254291077266,62.64605143487431
4901100LA06,UT,011,LA06,1785,38,1652,27,8,34,2,2,22,1150,28,1062,19,7,24,2,0,8,NA,NA,NA,NA,NA,NA,NA,1,3,139.7972018499526,306.56578361747006
4901100LA07,UT,011,LA07,1108,46,1001,15,2,22,0,2,20,683,26,616,8,2,21,0,1,9,NA,NA,NA,NA,NA,NA,NA,1,3,83.0273816204501,182.07341757454958
4901100LA08,UT,011,LA08,1897,90,1664,34,2,60,1,3,43,1152,56,1011,24,2,45,1,0,13,NA,NA,NA,NA,NA,NA,NA,1,3,140.04032741838728,307.09894150202217
4901100LA09,UT,011,LA09,517,42,459,9,1,3,0,0,3,353,25,318,6,1,2,0,0,1,NA,NA,NA,NA,NA,NA,NA,1,3,42.91166282872458,94.10236662344951
4901100LA10,UT,011,LA10,1285,162,908,82,10,62,4,0,57,932,114,674,60,8,49,3,0,24,NA,NA,NA,NA,NA,NA,NA,1,3,113.29651489057028,248.4515742012888
4901100LA11,UT,011,LA11,1163,73,1001,13,6,44,4,2,20,751,42,656,7,6,30,3,2,5,NA,NA,NA,NA,NA,NA,NA,1,3,91.2936509472299,200.20078564932174
4901100LA12,UT,011,LA12,1127,153,869,41,7,31,3,0,23,825,95,651,35,5,25,2,0,12,NA,NA,NA,NA,NA,NA,NA,1,3,100.28929697931382,219.92762737775024
4901100LA13,UT,011,LA13,2245,326,1664,105,14,69,17,0,50,1614,196,1252,67,10,58,11,0,20,NA,NA,NA,NA,NA,NA,NA,1,3,196.20233372680303,430.2584128335623
4901100LA14,UT,011,LA14,1253,236,880,21,10,48,18,1,39,951,170,690,20,6,38,6,0,21,NA,NA,NA,NA,NA,NA,NA,1,3,115.60620779069993,253.51657410453393
4901100LA15,UT,011,LA15,1533,115,1274,38,5,47,3,10,41,1018,76,848,29,5,39,3,3,15,NA,NA,NA,NA,NA,NA,NA,1,3,123.75091433326237,271.37736323703
4901100LA16,UT,011,LA16,1083,25,1014,6,1,10,7,3,17,604,11,574,5,1,6,2,1,4,NA,NA,NA,NA,NA,NA,NA,1,3,73.42392166727944,161.0136811347408
4901100LA17,UT,011,LA17,1019,54,927,13,2,18,0,0,5,696,36,634,9,2,13,0,0,2,NA,NA,NA,NA,NA,NA,NA,1,3,84.60769781527566,185.5389438241384
4901100LA18,UT,011,LA18,361,23,315,1,0,4,9,0,9,254,15,226,0,0,4,7,0,2,NA,NA,NA,NA,NA,NA,NA,1,3,30.87694719120692,67.71105133811947
4901100LA19,UT,011,LA19,885,37,810,3,0,17,0,0,18,623,22,584,2,0,10,0,0,5,NA,NA,NA,NA,NA,NA,NA,1,3,75.7336145674091,166.07868103798597
4901100LA20,UT,011,LA20,1539,45,1436,15,7,20,1,2,13,909,24,853,12,5,13,1,1,0,NA,NA,NA,NA,NA,NA,NA,1,3,110.50057085357122,242.32025852893935
4901100LA21,UT,011,LA21,2500,249,2035,42,11,98,6,6,53,1517,154,1225,34,5,72,4,0,23,NA,NA,NA,NA,NA,NA,NA,1,3,184.41074365772005,404.4002554327844
4901100LA22,UT,011,LA22,1245,199,970,17,5,26,4,0,24,824,122,646,11,5,21,3,0,16,NA,NA,NA,NA,NA,NA,NA,1,3,100.16773419509647,219.6610484354742
4901100LA23,UT,011,LA23,2536,107,2312,11,7,58,6,0,35,1497,61,1364,9,7,40,2,0,14,NA,NA,NA,NA,NA,NA,NA,1,3,181.97948797337307,399.0686765872632
4901100LA24,UT,011,LA24,1780,199,1455,27,13,36,13,1,36,1120,116,930,18,7,30,5,1,13,NA,NA,NA,NA,NA,NA,NA,1,3,136.1503183234321,298.56841534918823
4901100LA25,UT,011,LA25,1268,153,1057,13,13,12,1,1,18,844,91,718,9,7,12,0,1,6,NA,NA,NA,NA,NA,NA,NA,1,3,102.59898987944347,224.9926272809954
4901100LA26,UT,011,LA26,1298,156,1051,34,13,14,2,2,26,903,97,738,31,10,14,2,2,9,NA,NA,NA,NA,NA,NA,NA,1,3,109.77119414826711,240.72078487528302
4901100LA27,UT,011,LA27,1236,141,982,17,12,43,3,1,37,877,97,702,12,7,36,3,1,19,NA,NA,NA,NA,NA,NA,NA,1,3,106.61056175861602,233.78973237610543
4901100LA28,UT,011,LA28,897,44,796,20,2,11,6,0,18,543,28,483,12,0,11,3,0,6,NA,NA,NA,NA,NA,NA,NA,1,3,66.00859183002109,144.75236565590106
4901100LA29,UT,011,LA29,1157,66,1034,19,6,18,0,0,14,694,34,619,15,3,18,0,0,5,NA,NA,NA,NA,NA,NA,NA,1,3,84.36457224684096,185.00578593958627
4901100LA30,UT,011,LA30,814,33,764,2,0,8,0,0,7,533,17,503,2,0,7,0,0,4,NA,NA,NA,NA,NA,NA,NA,1,3,64.7929639878476,142.08657623314048
4901100LA31,UT,011,LA31,1004,15,928,16,0,30,1,3,11,662,11,606,13,0,23,1,3,5,NA,NA,NA,NA,NA,NA,NA,1,3,80.47456315188575,176.47525978675233
4901100LA32,UT,011,LA32,995,31,939,5,1,6,0,0,13,660,21,623,5,0,5,0,0,6,NA,NA,NA,NA,NA,NA,NA,1,3,80.23143758345105,175.9421019022002
4901100LA33,UT,011,LA33,1206,67,1103,6,1,11,3,2,13,789,50,719,4,1,11,0,1,3,NA,NA,NA,NA,NA,NA,NA,1,3,95.9130367474892,210.33078545581205
4901100LA34,UT,011,LA34,765,43,679,13,0,6,0,0,24,517,24,469,11,0,6,0,0,7,NA,NA,NA,NA,NA,NA,NA,1,3,62.84795944036998,137.82131315672348
4901100LA35,UT,011,LA35,183,0,181,0,0,0,0,0,2,128,0,127,0,0,0,0,0,1,NA,NA,NA,NA,NA,NA,NA,1,3,15.560036379820811,34.1221046113358
4901100LA36,UT,011,LA36,2714,106,2555,16,7,9,2,0,19,1590,65,1497,5,3,9,2,0,9,NA,NA,NA,NA,NA,NA,NA,1,3,193.28482690558664,423.8605182189369
4901100LA37,UT,011,LA37,1763,124,1563,9,4,31,2,4,26,1081,74,962,5,3,22,1,4,10,NA,NA,NA,NA,NA,NA,NA,1,3,131.40936973895543,288.17183660042184
4901100LA38,UT,011,LA38,1781,140,1539,14,19,39,3,6,21,1134,81,993,9,9,29,1,3,9,NA,NA,NA,NA,NA,NA,NA,1,3,137.852197302475,302.30052054105306
4901100LA39,UT,011,LA39,744,48,671,6,5,1,1,1,11,565,31,515,5,3,1,1,0,9,NA,NA,NA,NA,NA,NA,NA,1,3,68.6829730828028,150.61710238597442
4901100LA40,UT,011,LA40,1433,148,1180,27,9,8,0,0,61,869,67,755,13,6,8,0,0,20,NA,NA,NA,NA,NA,NA,NA,1,3,105.63805948487722,231.65710083789693
4901100LA41,UT,011,LA41,758,32,705,7,0,3,0,0,11,512,18,487,4,0,1,0,0,2,NA,NA,NA,NA,NA,NA,NA,1,3,62.240145519283246,136.4884184453432
4901100LA42,UT,011,LA42,1530,29,1463,5,3,21,1,0,8,999,16,957,4,2,16,1,0,3,NA,NA,NA,NA,NA,NA,NA,1,3,121.44122143313272,266.31236333378484
4901100LA43,UT,011,LA43,1259,59,1127,10,8,17,2,4,32,797,37,717,6,6,14,1,2,14,NA,NA,NA,NA,NA,NA,NA,1,3,96.88553902122801,212.46341699402055
4901100LA44,UT,011,LA44,1882,33,1777,7,3,28,0,0,34,996,24,940,3,1,18,0,0,10,NA,NA,NA,NA,NA,NA,NA,1,3,121.07653308048069,265.5126265069567
4901100NS01,UT,011,NS01,679,54,590,2,5,4,1,0,23,485,29,434,2,5,4,1,0,10,NA,NA,NA,NA,NA,NA,NA,1,3,58.957950345414794,129.29078700388956
4901100NS02,UT,011,NS02,986,69,875,3,28,7,0,0,4,664,43,592,1,20,6,0,0,2,NA,NA,NA,NA,NA,NA,NA,1,3,80.71768872032044,177.00841767130444
4901100NS03,UT,011,NS03,1218,75,1117,4,9,9,0,0,4,961,41,897,4,8,9,0,0,2,NA,NA,NA,NA,NA,NA,NA,1,3,116.82183563287342,256.1823635272945
4901100NS04,UT,011,NS04,1590,36,1471,2,0,34,22,2,23,950,23,885,2,0,20,11,0,9,NA,NA,NA,NA,NA,NA,NA,1,3,115.48464500648257,253.24999516225787
4901100NS05,UT,011,NS05,1195,44,1095,0,13,32,3,0,8,791,26,729,0,7,24,2,0,3,NA,NA,NA,NA,NA,NA,NA,1,3,96.15616231592392,210.86394334036422
4901100NS06,UT,011,NS06,1329,188,1051,11,18,27,7,0,27,936,119,762,6,12,14,7,0,16,NA,NA,NA,NA,NA,NA,NA,1,3,113.78276602743968,249.51788997039301
4901100NS07,UT,011,NS07,1765,143,1514,2,25,16,27,0,38,1161,87,1013,1,12,16,14,0,18,NA,NA,NA,NA,NA,NA,NA,1,3,141.13439247634344,309.4981519825067
4901100NS08,UT,011,NS08,1137,20,1095,5,1,13,0,0,3,739,9,715,2,1,11,0,0,1,NA,NA,NA,NA,NA,NA,NA,1,3,89.83489753662171,197.00183834200902
4901100SU01,UT,011,SU01,929,108,746,14,13,23,0,0,25,642,59,534,8,6,20,0,0,15,NA,NA,NA,NA,NA,NA,NA,1,3,78.04330746753875,171.1436809412311
4901100SU02,UT,011,SU02,889,107,694,22,3,34,2,3,24,621,65,502,17,2,23,1,0,11,NA,NA,NA,NA,NA,NA,NA,1,3,75.4904889989744,165.54552315343383
4901100SU03,UT,011,SU03,615,67,513,10,1,9,0,0,15,437,41,377,5,1,5,0,0,8,NA,NA,NA,NA,NA,NA,NA,1,3,53.12293670298198,116.49499777463862
4901100SU04,UT,011,SU04,1527,145,1290,16,13,45,4,0,14,1088,81,947,8,9,33,3,0,7,NA,NA,NA,NA,NA,NA,NA,1,3,132.2603092284769,290.0378891963543
4901100SU05,UT,011,SU05,1235,120,1035,16,14,24,2,1,23,826,69,714,11,5,17,1,1,8,NA,NA,NA,NA,NA,NA,NA,1,3,100.41085976353116,220.19420632002632
4901100SW01,UT,011,SW01,1031,37,966,4,0,8,1,0,15,707,22,668,2,0,6,1,0,8,NA,NA,NA,NA,NA,NA,NA,1,3,85.9448884416665,188.47131218917505
4901100SW02,UT,011,SW02,1051,51,983,1,2,2,0,1,11,583,29,543,0,2,2,0,1,6,NA,NA,NA,NA,NA,NA,NA,1,3,70.87110319871509,155.4155233469435
4901100SW03,UT,011,SW03,574,10,559,1,0,1,0,0,3,342,6,332,1,0,1,0,0,2,NA,NA,NA,NA,NA,NA,NA,1,3,41.57447220233373,91.16999825841283
4901100SW04,UT,011,SW04,1617,71,1473,15,26,12,0,2,18,943,37,864,8,14,10,0,1,9,NA,NA,NA,NA,NA,NA,NA,1,3,114.63370551696113,251.38394256632543
4901100SY01,UT,011,SY01,1097,33,1041,7,1,6,1,0,8,671,20,636,4,1,6,1,0,3,NA,NA,NA,NA,NA,NA,NA,1,3,81.56862820984189,178.87447026723686
4901100SY02,UT,011,SY02,1385,37,1311,5,3,12,0,0,17,837,22,791,5,2,11,0,0,6,NA,NA,NA,NA,NA,NA,NA,1,3,101.74805038992201,223.126574685063
4901100SY03,UT,011,SY03,2320,83,2137,4,3,51,6,0,36,1358,49,1263,2,3,29,2,0,10,NA,NA,NA,NA,NA,NA,NA,1,3,165.0822609671614,362.0142036108907
4901100SY04,UT,011,SY04,831,37,765,6,6,9,0,1,7,519,20,481,3,6,7,0,0,2,NA,NA,NA,NA,NA,NA,NA,1,3,63.09108500880469,138.35447104127562
4901100SY05,UT,011,SY05,1164,69,1058,7,7,9,5,0,9,731,32,681,4,2,7,2,0,3,NA,NA,NA,NA,NA,NA,NA,1,3,88.86239526288291,194.86920680380052
4901100SY06,UT,011,SY06,1044,25,980,5,0,20,0,0,14,588,12,550,2,0,17,0,0,7,NA,NA,NA,NA,NA,NA,NA,1,3,71.47891711980185,156.7484180583238
4901100SY07,UT,011,SY07,1690,59,1580,6,4,19,6,0,16,1040,32,976,5,3,17,3,0,4,NA,NA,NA,NA,NA,NA,NA,1,3,126.42529558604409,277.24209996710334
4901100WB01,UT,011,WB01,1084,30,1029,0,1,5,2,0,17,682,20,645,0,0,3,2,0,12,NA,NA,NA,NA,NA,NA,NA,1,3,82.90581883623275,181.80683863227355
4901100WB02,UT,011,WB02,550,6,538,0,0,5,0,0,1,393,5,385,0,0,2,0,0,1,NA,NA,NA,NA,NA,NA,NA,1,3,47.77417419741858,104.76552431449194
4901100WB03,UT,011,WB03,1435,20,1381,1,0,5,11,0,17,883,13,855,0,0,5,4,0,6,NA,NA,NA,NA,NA,NA,NA,1,3,107.33993846392012,235.3892060297618
4901100WB04,UT,011,WB04,1496,36,1398,0,14,10,16,0,22,986,21,929,0,9,7,12,0,8,NA,NA,NA,NA,NA,NA,NA,1,3,119.86090523830718,262.84683708419607
4901100WP01,UT,011,WP01,1559,36,1473,0,11,16,0,2,21,957,21,913,0,2,13,0,2,6,NA,NA,NA,NA,NA,NA,NA,1,3,116.33558449600402,255.1160477581903
4901100WP02,UT,011,WP02,1949,54,1839,9,13,13,0,4,17,1236,39,1165,6,7,12,0,3,4,NA,NA,NA,NA,NA,NA,NA,1,3,150.2516012926447,329.4915726532113
4901100WP03,UT,011,WP03,1443,90,1317,3,4,14,0,0,15,885,46,815,1,4,12,0,0,7,NA,NA,NA,NA,NA,NA,NA,1,3,107.58306403235483,235.92236391431393
4901100WP04,UT,011,WP04,1578,76,1433,13,4,23,2,0,27,945,48,858,9,3,16,2,0,9,NA,NA,NA,NA,NA,NA,NA,1,3,114.87683108539582,251.91710045087757
4901100WX01,UT,011,WX01,1379,63,1293,2,1,11,3,0,6,833,27,793,2,1,6,1,0,3,NA,NA,NA,NA,NA,NA,NA,1,3,101.26179925305262,222.06025891595874
4901100WX02,UT,011,WX02,984,14,957,3,2,0,2,0,6,661,6,646,2,1,0,2,0,4,NA,NA,NA,NA,NA,NA,NA,1,3,80.3530003676684,176.20868084447628
4901100WX03,UT,011,WX03,906,30,851,6,0,3,0,1,15,597,19,566,1,0,2,0,0,9,NA,NA,NA,NA,NA,NA,NA,1,3,72.57298217775799,159.14762853880836
4901100WX04,UT,011,WX04,1329,201,1040,14,10,11,9,1,43,929,124,750,12,9,10,5,0,19,NA,NA,NA,NA,NA,NA,NA,1,3,112.93182653791823,247.6518373744606
4901100WX05,UT,011,WX05,1860,59,1747,3,2,19,3,6,21,1108,33,1045,1,2,13,3,3,8,NA,NA,NA,NA,NA,NA,NA,1,3,134.69156491282388,295.3694680418755
49011ZZZZZZ,UT,011,ZZZZZZ,0,0,0,0,0,0,0,0,0,0,0,0,0,0,0,0,0,0,NA,NA,NA,NA,NA,NA,NA,1,3,0,0
490130AL-01,UT,013,AL-01,1386,19,1336,0,23,2,0,0,6,873,8,845,0,15,2,0,0,3,NA,NA,NA,NA,NA,NA,NA,3,1,132.01650891481398,284.7867048206031
490130FR-04,UT,013,FR-04,364,12,345,0,0,0,1,0,6,276,10,259,0,0,0,1,0,6,NA,NA,NA,NA,NA,NA,NA,3,1,41.73717807616112,90.03565925599824
490130MH-05,UT,013,MH-05,605,8,579,1,7,0,0,0,10,400,5,388,0,3,0,0,0,4,NA,NA,NA,NA,NA,NA,NA,3,1,60.488663878494386,130.48646268985252
490130MY-06,UT,013,MY-06,1425,119,1118,1,141,5,0,4,37,903,58,731,1,87,5,0,4,17,NA,NA,NA,NA,NA,NA,NA,3,1,136.55315870570107,294.57318952234203
490130NE-07,UT,013,NE-07,1117,23,934,0,109,1,2,0,48,713,11,608,0,71,1,1,0,21,NA,NA,NA,NA,NA,NA,NA,3,1,107.82104336341625,232.59211974466214
490130TA-14,UT,013,TA-14,533,12,518,0,1,0,1,0,1,347,9,335,0,1,0,1,0,1,NA,NA,NA,NA,NA,NA,NA,3,1,52.47391591459388,113.19700638344706
49013DU1-02,UT,013,DU1-02,1003,53,903,5,22,2,1,0,17,687,42,611,4,20,1,1,0,8,NA,NA,NA,NA,NA,NA,NA,3,1,103.8892802113141,224.1104996698217
49013DU2-03,UT,013,DU2-03,1375,31,1319,2,9,4,2,0,8,903,17,872,2,6,3,1,0,2,NA,NA,NA,NA,NA,NA,NA,3,1,136.55315870570107,294.57318952234203
49013RO1-08,UT,013,RO1-08,830,31,743,0,26,1,1,1,27,507,14,464,0,16,0,1,1,11,NA,NA,NA,NA,NA,NA,NA,3,1,76.66938146599163,165.39159145938805
49013RO2-09,UT,013,RO2-09,1413,40,1214,2,117,3,0,3,34,840,20,744,1,55,3,0,2,15,NA,NA,NA,NA,NA,NA,NA,3,1,127.02619414483821,274.02157164869027
49013RO3-10,UT,013,RO3-10,789,36,636,1,83,4,0,0,29,487,17,409,0,42,4,0,0,15,NA,NA,NA,NA,NA,NA,NA,3,1,73.64494827206691,158.86726832489543
49013RO4-11,UT,013,RO4-11,1204,50,1039,1,85,1,0,1,27,749,27,654,0,51,1,0,0,16,NA,NA,NA,NA,NA,NA,NA,3,1,113.26502311248073,244.33590138674884
49013RO5-12,UT,013,RO5-12,1369,60,1175,4,78,3,0,0,49,844,31,751,1,41,3,0,0,17,NA,NA,NA,NA,NA,NA,NA,3,1,127.63108078362316,275.32643627558883
49013RO6-13,UT,013,RO6-13,958,14,905,1,22,1,0,0,15,557,9,525,0,13,1,0,0,9,NA,NA,NA,NA,NA,NA,NA,3,1,84.23046445080342,181.7023992956196
4901500CE07,UT,015,CE07,829,13,783,0,6,6,3,0,18,529,9,503,0,4,3,2,0,8,NA,NA,NA,NA,NA,NA,NA,3,1,142.63474419267493,165.85435371241272
4901500CL04,UT,015,CL04,207,0,197,0,5,2,0,0,3,140,0,134,0,2,2,0,0,2,NA,NA,NA,NA,NA,NA,NA,3,1,37.74832549522588,43.89340173863474
4901500CL10,UT,015,CL10,904,8,881,0,2,1,0,0,12,580,3,569,0,2,1,0,0,5,NA,NA,NA,NA,NA,NA,NA,3,1,156.38591990879291,181.84409291720107
4901500CW06,UT,015,CW06,886,23,834,1,10,3,0,0,15,553,16,524,0,4,2,0,0,7,NA,NA,NA,NA,NA,NA,NA,3,1,149.10588570614223,173.37893686760725
4901500EL11,UT,015,EL11,679,24,640,1,3,2,2,1,6,465,8,448,0,1,1,2,1,4,NA,NA,NA,NA,NA,NA,NA,3,1,125.3783668234288,145.78879863189397
4901500EM01,UT,015,EM01,358,4,347,0,3,0,0,0,4,254,1,248,0,3,0,0,0,2,NA,NA,NA,NA,NA,NA,NA,3,1,68.48624768419553,79.63517172580875
4901500FN03,UT,015,FN03,949,22,908,1,6,4,0,0,8,644,9,625,1,4,1,0,0,4,NA,NA,NA,NA,NA,NA,NA,3,1,173.64229727803905,201.90964799771984
4901500FS02,UT,015,FS02,859,5,838,5,2,1,0,1,7,531,4,521,1,0,1,0,0,4,NA,NA,NA,NA,NA,NA,NA,3,1,143.17400598546388,166.48140230867892
4901500GR12,UT,015,GR12,988,175,783,6,8,9,3,0,4,654,102,538,1,6,6,0,0,1,NA,NA,NA,NA,NA,NA,NA,3,1,176.33860624198377,205.04489097905088
4901500HE08,UT,015,HE08,1370,160,1176,4,7,2,0,6,15,884,80,782,3,6,1,0,2,10,NA,NA,NA,NA,NA,NA,NA,3,1,238.35371241271199,277.1554795496651
4901500HW09,UT,015,HW09,1332,116,1198,0,4,2,1,1,10,848,67,773,0,2,1,1,1,3,NA,NA,NA,NA,NA,NA,NA,3,1,228.64700014251105,265.8686048168733
4901500OR05,UT,015,OR05,1499,18,1465,1,7,2,1,0,5,935,7,917,0,5,2,1,0,3,NA,NA,NA,NA,NA,NA,NA,3,1,252.10488812883,293.1452187544535
4901700AN03,UT,017,AN03,154,1,145,0,3,0,0,0,5,97,1,92,0,2,0,0,0,2,NA,NA,NA,NA,NA,NA,NA,3,1,14.899686520376177,40.229153605015675
4901700BO09,UT,017,BO09,255,5,244,0,0,2,0,0,4,173,2,168,0,0,0,0,0,3,NA,NA,NA,NA,NA,NA,NA,3,1,26.573667711598745,71.74890282131662
4901700CA06,UT,017,CA06,164,6,156,0,0,0,1,1,0,107,4,102,0,0,0,0,1,0,NA,NA,NA,NA,NA,NA,NA,3,1,16.435736677115987,44.376489028213165
4901700ES08,UT,017,ES08,952,33,886,0,11,7,0,0,15,652,17,611,0,5,6,0,0,13,NA,NA,NA,NA,NA,NA,NA,3,1,100.15047021943573,270.40626959247646
4901700HA04,UT,017,HA04,209,3,198,0,1,5,0,0,2,151,3,142,0,1,3,0,0,2,NA,NA,NA,NA,NA,NA,NA,3,1,23.19435736677116,62.62476489028213
4901700HE07,UT,017,HE07,209,3,204,0,1,0,0,0,1,138,2,135,0,1,0,0,0,0,NA,NA,NA,NA,NA,NA,NA,3,1,21.197492163009404,57.23322884012539
4901700PA01,UT,017,PA01,1094,35,1026,8,21,2,0,0,2,751,27,697,8,15,2,0,0,2,NA,NA,NA,NA,NA,NA,NA,3,1,115.35736677115987,311.46489028213165
4901700PA02,UT,017,PA02,893,23,833,0,26,1,0,4,6,585,13,553,0,15,1,0,0,3,NA,NA,NA,NA,NA,NA,NA,3,1,89.85893416927901,242.6191222570533
4901700TI10,UT,017,TI10,126,11,104,0,6,0,0,0,5,99,5,85,0,6,0,0,0,3,NA,NA,NA,NA,NA,NA,NA,3,1,15.206896551724137,41.05862068965517
4901700TR05,UT,017,TR05,679,16,644,0,5,1,1,0,12,437,7,421,0,3,1,1,0,4,NA,NA,NA,NA,NA,NA,NA,3,1,67.12539184952978,181.2385579937304
4901900CV08,UT,019,CV08,459,21,429,0,0,1,0,0,8,353,17,333,0,0,0,0,0,3,NA,NA,NA,NA,NA,NA,NA,3,1,81.34260140925538,119.7954675299943
4901900EL07,UT,019,EL07,170,25,137,1,1,2,0,0,4,117,12,102,1,0,0,0,0,2,NA,NA,NA,NA,NA,NA,NA,3,1,2.7037815126050417,8.234243697478991
4901900MO01,UT,019,MO01,867,63,731,1,51,2,0,0,19,679,48,590,1,26,2,0,0,12,NA,NA,NA,NA,NA,NA,NA,3,1,156.46353075604648,230.4281089316321
4901900MO02,UT,019,MO02,1304,32,1258,1,9,0,0,0,4,1014,25,981,1,5,0,0,0,2,NA,NA,NA,NA,NA,NA,NA,3,1,233.65835079032567,344.1150257093887
4901900MO03,UT,019,MO03,609,51,510,2,42,0,0,0,4,408,35,353,1,15,0,0,0,4,NA,NA,NA,NA,NA,NA,NA,3,1,94.01637783279375,138.46048371738718
4901900MO04,UT,019,MO04,1033,46,975,0,4,6,0,0,2,759,29,720,0,4,4,0,0,2,NA,NA,NA,NA,NA,NA,NA,3,1,17.539915966386555,53.41701680672269
4901900MO05,UT,019,MO05,1016,40,932,2,23,3,0,4,12,736,23,687,0,14,3,0,2,7,NA,NA,NA,NA,NA,NA,NA,3,1,169.5981717768044,249.77185298038466
4901900MO09,UT,019,MO09,843,33,766,0,33,2,0,0,9,587,21,536,0,22,2,0,0,6,NA,NA,NA,NA,NA,NA,NA,3,1,135.26375928394592,199.20662730908398
4901900MO10,UT,019,MO10,1222,113,944,10,128,1,2,4,20,847,66,699,8,60,1,0,3,10,NA,NA,NA,NA,NA,NA,NA,3,1,195.17615692249097,287.44124928585035
4901900MO11,UT,019,MO11,866,36,803,1,20,0,0,0,6,627,26,587,1,8,0,0,0,5,NA,NA,NA,NA,NA,NA,NA,3,1,144.48105122833746,212.78118453627883
4901900TH06,UT,019,TH06,96,11,83,0,0,0,0,0,2,76,11,63,0,0,0,0,0,2,NA,NA,NA,NA,NA,NA,NA,3,1,1.7563025210084033,5.348739495798319
4902100BE02,UT,021,BE02,692,117,549,4,12,0,1,0,9,447,72,356,4,11,0,1,0,3,NA,NA,NA,NA,NA,NA,NA,1,1,43.17613636363636,105.34284607438016
4902100BH01,UT,021,BH01,121,1,119,1,0,0,0,0,0,95,1,93,1,0,0,0,0,0,NA,NA,NA,NA,NA,NA,NA,1,1,9.176136363636363,22.38830061983471
4902100CC01,UT,021,CC01,2069,82,1871,14,61,17,6,0,18,1335,47,1223,8,33,8,5,0,11,NA,NA,NA,NA,NA,NA,NA,1,1,128.94886363636363,314.6145402892562
4902100CC02,UT,021,CC02,800,40,657,5,81,2,1,7,7,568,19,478,5,56,1,1,2,6,NA,NA,NA,NA,NA,NA,NA,1,1,54.86363636363637,133.85847107438016
4902100CC03,UT,021,CC03,1397,11,1316,15,31,7,1,5,11,1018,8,980,5,13,4,1,2,5,NA,NA,NA,NA,NA,NA,NA,1,1,98.32954545454545,239.9083161157025
4902100CC04,UT,021,CC04,578,23,540,2,6,0,0,0,7,406,11,389,2,2,0,0,0,2,NA,NA,NA,NA,NA,NA,NA,1,1,39.21590909090909,95.68052685950413
4902100CC05,UT,021,CC05,1081,63,957,5,32,7,2,0,15,743,34,676,4,12,7,2,0,8,NA,NA,NA,NA,NA,NA,NA,1,1,71.76704545454545,175.10007747933884
4902100CC06,UT,021,CC06,1965,119,1712,1,71,9,8,0,45,1153,64,1012,1,42,6,4,0,24,NA,NA,NA,NA,NA,NA,NA,1,1,111.36931818181819,271.72326962809916
4902100CC07,UT,021,CC07,1470,123,1214,5,82,11,6,0,29,951,64,809,1,43,11,5,0,18,NA,NA,NA,NA,NA,NA,NA,1,1,91.85795454545455,224.11867252066116
4902100CC08,UT,021,CC08,864,53,763,3,23,4,0,1,17,636,27,579,2,14,2,0,1,11,NA,NA,NA,NA,NA,NA,NA,1,1,61.43181818181818,149.88378099173553
4902100CC09,UT,021,CC09,1284,74,1126,0,25,34,3,5,17,1077,49,966,0,15,32,2,2,11,NA,NA,NA,NA,NA,NA,NA,1,1,104.0284090909091,253.81262913223142
4902100CC10,UT,021,CC10,431,13,388,1,0,7,2,0,20,325,8,296,1,0,7,2,0,11,NA,NA,NA,NA,NA,NA,NA,1,1,31.392045454545457,76.59155475206612
4902100CC11,UT,021,CC11,831,30,731,6,10,35,11,0,8,751,25,659,6,7,35,11,0,8,NA,NA,NA,NA,NA,NA,NA,1,1,72.53977272727273,176.98540805785126
4902100CC12,UT,021,CC12,695,28,598,13,7,31,4,0,14,559,19,494,5,5,27,4,0,5,NA,NA,NA,NA,NA,NA,NA,1,1,53.99431818181818,131.73747417355372
4902100CC13,UT,021,CC13,907,20,859,1,9,1,4,0,13,734,12,703,1,4,1,3,0,10,NA,NA,NA,NA,NA,NA,NA,1,1,70.89772727272727,172.97908057851237
4902100CC14,UT,021,CC14,910,24,859,2,10,4,1,0,10,652,11,630,1,4,4,1,0,1,NA,NA,NA,NA,NA,NA,NA,1,1,62.97727272727273,153.65444214876032
4902100CC15,UT,021,CC15,869,17,809,2,9,10,8,3,11,599,10,561,2,6,10,5,3,2,NA,NA,NA,NA,NA,NA,NA,1,1,57.85795454545454,141.1641270661157
4902100CC16,UT,021,CC16,868,60,774,2,8,3,1,8,12,581,35,532,0,4,3,1,2,4,NA,NA,NA,NA,NA,NA,NA,1,1,56.11931818181819,136.92213326446281
4902100CC17,UT,021,CC17,1394,40,1281,8,12,37,5,0,11,1333,32,1237,8,7,37,5,0,7,NA,NA,NA,NA,NA,NA,NA,1,1,128.7556818181818,314.1432076446281
4902100CC18,UT,021,CC18,1350,40,1276,5,6,8,1,1,13,851,19,817,1,3,6,1,1,3,NA,NA,NA,NA,NA,NA,NA,1,1,82.19886363636363,200.55204028925618
4902100CC19,UT,021,CC19,1349,20,1307,1,8,0,0,0,13,851,14,825,1,4,0,0,0,7,NA,NA,NA,NA,NA,NA,NA,1,1,82.19886363636363,200.55204028925618
4902100CC20,UT,021,CC20,1344,40,1255,1,27,7,4,0,10,853,18,809,1,11,6,2,0,6,NA,NA,NA,NA,NA,NA,NA,1,1,82.39204545454545,201.0233729338843
4902100EN01,UT,021,EN01,1925,51,1786,5,61,8,0,4,10,1093,35,1016,2,34,5,0,0,1,NA,NA,NA,NA,NA,NA,NA,1,1,105.57386363636364,257.5832902892562
4902100EN02,UT,021,EN02,1840,43,1753,1,19,0,14,0,10,1161,26,1105,0,14,0,12,0,4,NA,NA,NA,NA,NA,NA,NA,1,1,112.14204545454545,273.6086002066115
4902100KA02,UT,021,KA02,371,16,340,0,11,0,0,0,4,284,11,267,0,4,0,0,0,2,NA,NA,NA,NA,NA,NA,NA,1,1,27.431818181818183,66.92923553719008
4902100MI02,UT,021,MI02,2396,103,2219,2,45,2,0,4,21,1487,56,1389,1,26,2,0,3,10,NA,NA,NA,NA,NA,NA,NA,1,1,143.6306818181818,350.4358212809917
4902100MO02,UT,021,MO02,98,0,93,1,2,0,0,0,2,62,0,59,1,2,0,0,0,0,NA,NA,NA,NA,NA,NA,NA,1,1,5.988636363636364,14.611311983471074
4902100NC02,UT,021,NC02,357,8,336,0,6,0,0,0,7,209,6,193,0,6,0,0,0,4,NA,NA,NA,NA,NA,NA,NA,1,1,20.1875,49.25426136363637
4902100PA01,UT,021,PA01,1895,77,1782,0,10,3,4,0,19,1266,47,1199,0,8,3,1,0,8,NA,NA,NA,NA,NA,NA,NA,1,1,122.2840909090909,298.3535640495868
4902100PA02,UT,021,PA02,879,18,848,0,2,2,0,0,9,649,15,630,0,1,1,0,0,2,NA,NA,NA,NA,NA,NA,NA,1,1,62.6875,152.9474431818182
4902100PG01,UT,021,PG01,555,14,537,2,1,0,1,0,0,364,6,356,1,1,0,0,0,0,NA,NA,NA,NA,NA,NA,NA,1,1,35.15909090909091,85.78254132231405
4902100SU02,UT,021,SU02,194,15,174,0,5,0,0,0,0,139,9,127,0,3,0,0,0,0,NA,NA,NA,NA,NA,NA,NA,1,1,13.426136363636363,32.75761880165289
4902300CA11,UT,023,CA11,120,11,68,1,38,2,0,0,0,76,9,42,0,23,2,0,0,0,NA,NA,NA,NA,NA,NA,NA,1,3,29.507163323782237,12.08595988538682
4902300CA12,UT,023,CA12,148,26,113,3,1,2,0,0,3,84,14,63,1,1,2,0,0,3,NA,NA,NA,NA,NA,NA,NA,1,3,32.61318051575931,13.358166189111747
4902300EU07,UT,023,EU07,215,4,210,0,0,0,0,0,1,142,1,140,0,0,0,0,0,1,NA,NA,NA,NA,NA,NA,NA,1,3,55.13180515759313,22.58166189111748
4902300EU08,UT,023,EU08,251,11,236,0,3,0,1,0,0,165,7,155,0,2,0,1,0,0,NA,NA,NA,NA,NA,NA,NA,1,3,64.06160458452722,26.23925501432665
4902300EU09,UT,023,EU09,309,3,298,0,5,0,0,0,3,214,3,207,0,1,0,0,0,3,NA,NA,NA,NA,NA,NA,NA,1,3,83.08595988538681,34.03151862464183
4902300LE06,UT,023,LE06,812,25,772,1,1,0,2,0,11,520,17,496,0,0,0,2,0,5,NA,NA,NA,NA,NA,NA,NA,1,2,99.3994957597983,156.25028650011458
4902300MA10,UT,023,MA10,19,0,18,0,0,0,0,1,0,17,0,16,0,0,0,0,1,0,NA,NA,NA,NA,NA,NA,NA,1,3,6.600286532951289,2.7034383954154726
4902300MO05,UT,023,MO05,1036,12,1012,0,2,1,0,0,9,617,5,603,0,2,1,0,0,6,NA,NA,NA,NA,NA,NA,NA,1,2,117.94132477652992,185.39697455878985
4902300NE01,UT,023,NE01,1200,21,1155,1,8,5,0,4,6,733,11,711,0,4,2,0,1,4,NA,NA,NA,NA,NA,NA,NA,1,2,140.1150584460234,220.2528077011231
4902300NE02,UT,023,NE02,1211,48,1138,0,7,10,0,0,8,776,25,740,0,4,2,0,0,5,NA,NA,NA,NA,NA,NA,NA,1,2,148.33463213385284,233.17350446940176
4902300NE03,UT,023,NE03,908,23,875,0,5,1,0,0,4,626,13,608,0,1,1,0,0,3,NA,NA,NA,NA,NA,NA,NA,1,2,119.66170066468025,188.10130644052256
4902300NE04,UT,023,NE04,1605,28,1553,3,10,6,0,0,5,927,10,903,0,6,5,0,0,3,NA,NA,NA,NA,NA,NA,NA,1,2,177.1987164794866,278.54618381847354
4902300RR13,UT,023,RR13,404,5,396,0,0,0,0,1,2,164,2,160,0,0,0,0,1,1,NA,NA,NA,NA,NA,NA,NA,1,2,31.349071739628698,49.27893651157461
4902500AL05,UT,025,AL05,147,0,143,0,3,0,0,0,1,85,0,82,0,3,0,0,0,0,NA,NA,NA,NA,NA,NA,NA,3,1,5.139056831922612,39.776299879081016
4902500BU08,UT,025,BU08,197,2,163,0,22,1,0,2,7,160,2,138,0,11,1,0,2,6,NA,NA,NA,NA,NA,NA,NA,3,1,17.98954096455549,55.316676350958744
4902500BW09,UT,025,BW09,417,22,376,0,12,1,1,0,5,298,14,271,0,6,1,1,0,5,NA,NA,NA,NA,NA,NA,NA,3,1,33.5055200464846,103.02730970366066
4902500CM11,UT,025,CM11,117,5,110,0,0,0,0,2,0,86,3,81,0,0,0,0,2,0,NA,NA,NA,NA,NA,NA,NA,3,1,5.199516324062878,40.24425634824667
4902500CW12,UT,025,CW12,173,8,154,0,7,0,0,0,4,128,6,114,0,5,0,0,0,3,NA,NA,NA,NA,NA,NA,NA,3,1,14.391632771644392,44.253341080766994
4902500GL06,UT,025,GL06,358,15,340,0,2,0,0,0,1,236,6,229,0,0,0,0,0,1,NA,NA,NA,NA,NA,NA,NA,3,1,14.268440145102781,110.43772672309552
4902500KA01,UT,025,KA01,319,3,301,0,7,0,0,0,8,238,3,226,0,3,0,0,0,6,NA,NA,NA,NA,NA,NA,NA,3,1,26.759442184776294,82.28355607205114
4902500KA02,UT,025,KA02,824,15,792,1,8,0,0,0,8,568,8,547,1,6,0,0,0,6,NA,NA,NA,NA,NA,NA,NA,3,1,63.862870424171994,196.37420104590356
4902500KA03,UT,025,KA03,433,5,417,0,4,6,0,0,1,355,4,341,0,3,6,0,0,1,NA,NA,NA,NA,NA,NA,NA,3,1,39.914294015107494,122.73387565368971
4902500KA05,UT,025,KA05,437,11,422,0,1,0,0,0,3,315,7,306,0,1,0,0,0,1,NA,NA,NA,NA,NA,NA,NA,3,1,35.41690877396862,108.90470656595004
4902500KA06,UT,025,KA06,265,4,259,0,2,0,0,0,0,192,4,186,0,2,0,0,0,0,NA,NA,NA,NA,NA,NA,NA,3,1,21.58744915746659,66.3800116211505
4902500KA07,UT,025,KA07,522,5,504,0,6,1,0,0,6,379,3,366,0,5,1,0,0,4,NA,NA,NA,NA,NA,NA,NA,3,1,42.61272515979082,131.03137710633354
4902500KA08,UT,025,KA08,533,10,500,0,3,3,1,0,16,360,5,346,0,3,1,1,0,4,NA,NA,NA,NA,NA,NA,NA,3,1,40.476467170249855,124.46252178965717
4902500KA09,UT,025,KA09,184,0,183,0,0,0,0,0,1,140,0,139,0,0,0,0,0,1,NA,NA,NA,NA,NA,NA,NA,3,1,15.740848343986055,48.40209180708891
4902500KA10,UT,025,KA10,450,19,416,1,9,1,0,0,4,297,6,281,1,5,1,0,0,3,NA,NA,NA,NA,NA,NA,NA,3,1,33.39308541545613,102.68158047646716
4902500KA11,UT,025,KA11,21,5,16,0,0,0,0,0,0,12,3,9,0,0,0,0,0,0,NA,NA,NA,NA,NA,NA,NA,3,1,1.349215572341662,4.148750726321906
4902500MT10,UT,025,MT10,141,4,133,0,0,0,0,0,4,94,2,90,0,0,0,0,0,2,NA,NA,NA,NA,NA,NA,NA,3,1,5.683192261185006,43.987908101571946
4902500OR07,UT,025,OR07,508,7,495,0,4,0,0,0,2,326,2,319,0,3,0,0,0,2,NA,NA,NA,NA,NA,NA,NA,3,1,19.709794437726725,152.55380894800484
4902700AB14,UT,027,AB14,186,16,162,0,0,4,0,0,4,108,11,92,0,0,4,0,0,1,NA,NA,NA,NA,NA,NA,NA,1,2,21.102969533359044,44.219051291939834
4902700DE17,UT,027,DE17,1578,82,1477,0,11,0,2,0,6,966,44,913,0,2,0,2,0,5,NA,NA,NA,NA,NA,NA,NA,1,2,188.75433860393366,395.5148476667952
4902700DE18,UT,027,DE18,2222,278,1877,4,35,4,8,0,16,1350,159,1162,1,14,2,2,0,10,NA,NA,NA,NA,NA,NA,NA,1,2,263.7871191669881,552.738141149248
4902700DO05,UT,027,DO05,732,30,683,1,5,2,2,1,8,462,18,434,0,4,1,2,1,2,NA,NA,NA,NA,NA,NA,NA,1,2,90.27381411492479,189.15927497107597
4902700FI01,UT,027,FI01,889,32,822,4,14,12,0,0,5,601,27,553,2,9,8,0,0,2,NA,NA,NA,NA,NA,NA,NA,1,2,117.4341174958221,246.070831726443
4902700FI02,UT,027,FI02,1521,236,1215,0,19,34,0,5,12,957,127,793,0,13,20,0,2,2,NA,NA,NA,NA,NA,NA,NA,1,2,186.9957578094871,391.82992672580025
4902700FL25,UT,027,FL25,294,18,262,0,4,1,0,0,9,185,7,172,0,3,1,0,0,2,NA,NA,NA,NA,NA,NA,NA,1,2,36.14860521917984,75.7455971204525
4902700GA16,UT,027,GA16,191,26,164,0,1,0,0,0,0,110,13,96,0,1,0,0,0,0,NA,NA,NA,NA,NA,NA,NA,1,2,21.493765265458286,45.03792261216095
4902700HI11,UT,027,HI11,925,37,869,3,2,1,0,0,13,581,22,549,0,2,1,0,0,7,NA,NA,NA,NA,NA,NA,NA,1,2,113.52616017482966,237.88211852423188
4902700HO08,UT,027,HO08,504,22,480,0,0,0,0,0,2,327,11,315,0,0,0,0,0,1,NA,NA,NA,NA,NA,NA,NA,1,2,63.89510219822599,133.88546085615116
4902700KA04,UT,027,KA04,634,40,545,0,45,0,0,1,3,445,23,387,0,32,0,0,1,2,NA,NA,NA,NA,NA,NA,NA,1,2,86.95205039208125,182.19886874919655
4902700LE07,UT,027,LE07,295,3,290,1,0,0,0,0,1,166,3,163,0,0,0,0,0,0,NA,NA,NA,NA,NA,NA,NA,1,2,32.43604576423705,67.96631957835199
4902700LY19,UT,027,LY19,146,18,125,0,3,0,0,0,0,99,7,91,0,1,0,0,0,0,NA,NA,NA,NA,NA,NA,NA,1,2,19.344388738912457,40.53413035094485
4902700ME03,UT,027,ME03,309,5,301,0,2,0,0,0,1,215,3,210,0,1,0,0,0,1,NA,NA,NA,NA,NA,NA,NA,1,2,42.01054120066846,88.02866692376912
4902700OC06,UT,027,OC06,787,11,764,0,3,0,0,0,9,430,6,421,0,1,0,0,0,2,NA,NA,NA,NA,NA,NA,NA,1,2,84.02108240133693,176.05733384753825
4902700SC09,UT,027,SC09,308,11,280,0,0,0,13,0,4,223,7,211,0,0,0,3,0,2,NA,NA,NA,NA,NA,NA,NA,1,2,43.57372412906543,91.30415220465356
4902700SU20,UT,027,SU20,884,26,852,0,0,1,0,0,5,554,15,534,0,0,1,0,0,4,NA,NA,NA,NA,NA,NA,NA,1,2,108.25041779148992,226.82735570124697
4902900CC09,UT,029,CC09,858,5,843,0,1,1,0,0,8,543,4,536,0,0,1,0,0,2,NA,NA,NA,NA,NA,NA,NA,3,3,90.6613909942042,187.49598751671869
4902900CR08,UT,029,CR08,232,8,220,0,1,1,0,0,2,148,3,143,0,1,0,0,0,1,NA,NA,NA,NA,NA,NA,NA,3,3,24.710655372269283,51.10387873383861
4902900MG01,UT,029,MG01,1070,28,1024,0,6,0,0,2,10,665,14,644,0,5,0,0,0,2,NA,NA,NA,NA,NA,NA,NA,3,3,111.0309852875613,229.62215782434237
4902900MG02,UT,029,MG02,643,13,613,1,2,2,0,0,12,361,5,351,1,0,2,0,0,2,NA,NA,NA,NA,NA,NA,NA,3,3,60.27396344181899,124.65202853321445
4902900MO05,UT,029,MO05,777,8,764,0,1,1,0,0,3,520,4,512,0,1,1,0,0,2,NA,NA,NA,NA,NA,NA,NA,3,3,86.82122157824342,179.55416852429784
4902900MO06,UT,029,MO06,801,16,784,0,0,0,0,0,1,491,7,483,0,0,0,0,0,1,NA,NA,NA,NA,NA,NA,NA,3,3,81.97926883637986,169.5405706642889
4902900MO07,UT,029,MO07,1057,1,1046,1,0,1,0,1,7,643,1,635,0,0,1,0,1,5,NA,NA,NA,NA,NA,NA,NA,3,3,107.35777975925102,222.0256353098529
4902900PE03,UT,029,PE03,509,5,498,0,0,1,0,0,5,341,3,334,0,0,1,0,0,3,NA,NA,NA,NA,NA,NA,NA,3,3,56.93468568880962,117.7460989745876
4902900PE04,UT,029,PE04,1182,19,1145,0,2,3,0,0,13,774,9,753,0,2,3,0,0,7,NA,NA,NA,NA,NA,NA,NA,3,3,129.2300490414623,267.25947391885865
4903100CI03,UT,031,CI03,514,26,479,1,2,1,1,1,3,334,11,318,0,2,1,0,0,2,NA,NA,NA,NA,NA,NA,NA,3,1,80.97987927565391,153.22334004024145
4903100GR05,UT,031,GR05,97,4,81,1,8,1,0,0,2,64,2,55,0,5,1,0,0,1,NA,NA,NA,NA,NA,NA,NA,3,1,15.517102615694167,29.360160965794773
4903100JU02,UT,031,JU02,177,13,163,0,0,0,0,0,1,124,5,119,0,0,0,0,0,0,NA,NA,NA,NA,NA,NA,NA,3,1,30.064386317907445,56.885311871227366
4903100KI04,UT,031,KI04,180,6,173,0,0,0,0,0,1,128,5,122,0,0,0,0,0,1,NA,NA,NA,NA,NA,NA,NA,3,1,31.034205231388334,58.720321931589545
4903100MA01,UT,031,MA01,467,15,443,0,3,1,0,0,5,344,7,330,0,2,0,0,0,5,NA,NA,NA,NA,NA,NA,NA,3,1,83.40442655935614,157.8108651911469
4903300GC01,UT,033,GC01,499,5,490,0,1,0,0,0,3,376,4,371,0,1,0,0,0,0,NA,NA,NA,NA,NA,NA,NA,1,3,74.49609984399376,175.97503900156005
4903300LA02,UT,033,LA02,313,2,302,0,0,7,0,0,2,219,2,214,0,0,2,0,0,1,NA,NA,NA,NA,NA,NA,NA,1,3,43.390015600624025,102.49609984399376
4903300RA03,UT,033,RA03,367,17,349,0,0,0,0,0,1,218,5,213,0,0,0,0,0,0,NA,NA,NA,NA,NA,NA,NA,1,3,43.19188767550702,102.02808112324493
4903300RA04,UT,033,RA04,354,12,339,0,0,1,0,0,2,221,7,212,0,0,1,0,0,1,NA,NA,NA,NA,NA,NA,NA,1,3,43.78627145085804,103.43213728549142
4903300WO05,UT,033,WO05,428,0,428,0,0,0,0,0,0,248,0,248,0,0,0,0,0,0,NA,NA,NA,NA,NA,NA,NA,1,3,49.135725429017164,116.06864274570984
49035001030,UT,035,1030,45,0,45,0,0,0,0,0,0,32,0,32,0,0,0,0,0,0,NA,NA,NA,NA,NA,NA,NA,1,3,5.617275177495663,7.337315382103828
49035001104,UT,035,1104,2223,453,1633,23,20,21,42,1,30,1437,261,1087,17,13,17,21,1,20,NA,NA,NA,NA,NA,NA,NA,3,2,252.25076343941458,329.4913188776
49035001108,UT,035,1108,2059,426,1549,6,12,9,18,1,38,1421,247,1116,4,9,9,10,1,25,NA,NA,NA,NA,NA,NA,NA,3,2,249.44212585066677,325.8226611865481
49035001110,UT,035,1110,1867,301,1476,7,23,4,29,0,27,1143,178,932,4,9,2,9,0,9,NA,NA,NA,NA,NA,NA,NA,3,2,200.6420477461732,262.0797338045211
49035001114,UT,035,1114,2194,237,1879,5,4,11,35,3,20,1541,151,1345,5,4,9,19,1,7,NA,NA,NA,NA,NA,NA,NA,3,2,270.5069077662755,353.33759386943746
49035001120,UT,035,1120,2000,245,1695,9,12,5,9,0,25,1367,145,1184,3,9,5,5,0,16,NA,NA,NA,NA,NA,NA,NA,3,2,239.96297398864286,313.4409414792479
49035001124,UT,035,1124,2355,361,1879,12,35,13,31,0,24,1445,199,1184,9,18,11,14,0,10,NA,NA,NA,NA,NA,NA,NA,3,2,253.65508223378853,331.325647723126
49035001126,UT,035,1126,1869,212,1595,7,9,10,12,0,24,1161,125,1000,4,7,7,5,0,13,NA,NA,NA,NA,NA,NA,NA,3,3,203.8017650335145,266.2069737069545
49035001130,UT,035,1130,1795,208,1522,5,3,3,16,4,34,1143,121,988,3,3,3,7,1,17,NA,NA,NA,NA,NA,NA,NA,3,2,200.6420477461732,262.0797338045211
49035001134,UT,035,1134,2544,413,2005,12,10,30,30,0,44,1499,226,1211,6,2,21,15,0,18,NA,NA,NA,NA,NA,NA,NA,3,2,263.1342340958125,343.7073674304262
49035001135,UT,035,1135,2647,383,2160,7,10,36,16,0,35,1551,224,1272,4,8,22,8,0,13,NA,NA,NA,NA,NA,NA,NA,3,2,272.2623062592429,355.6305049263449
49035001136,UT,035,1136,1536,204,1230,13,3,2,63,0,21,1029,114,863,9,2,2,31,0,8,NA,NA,NA,NA,NA,NA,NA,3,2,180.63050492634488,235.9405477557762
49035001202,UT,035,1202,1652,166,1391,14,5,13,38,0,25,1102,93,958,13,5,10,20,0,3,NA,NA,NA,NA,NA,NA,NA,3,2,193.4449139250069,252.67879847120057
49035001203,UT,035,1203,2015,351,1545,15,24,16,19,1,44,1247,208,980,7,13,11,12,1,15,NA,NA,NA,NA,NA,NA,NA,3,2,218.89819207303412,285.9260087963586
49035001204,UT,035,1204,2753,429,2142,16,22,50,29,2,63,1682,243,1339,11,13,35,19,1,21,NA,NA,NA,NA,NA,NA,NA,3,2,295.25802651711575,385.6676397718324
49035001205,UT,035,1205,1521,347,1100,7,2,4,41,4,16,926,195,694,2,2,3,24,3,3,NA,NA,NA,NA,NA,NA,NA,3,2,162.54990044878073,212.3235638696295
49035001206,UT,035,1206,1537,202,1224,15,15,19,30,1,31,1048,109,877,7,10,12,16,1,16,NA,NA,NA,NA,NA,NA,NA,3,2,183.96576206298295,240.29707876390034
49035001207,UT,035,1207,1346,137,1152,4,2,15,20,2,14,845,83,728,2,1,12,9,0,10,NA,NA,NA,NA,NA,NA,NA,3,2,148.33117265574487,193.75098430867922
49035001210,UT,035,1210,1764,356,1127,10,6,176,44,0,45,1144,208,748,5,4,124,30,0,25,NA,NA,NA,NA,NA,NA,NA,3,2,200.81758759546994,262.30902491021186
49035001211,UT,035,1211,1425,194,926,5,0,237,30,1,32,894,111,593,4,0,154,19,0,13,NA,NA,NA,NA,NA,NA,NA,3,2,156.93262527128508,204.98624848752567
49035001212,UT,035,1212,1289,126,1104,9,3,33,10,0,4,899,76,781,5,2,27,6,0,2,NA,NA,NA,NA,NA,NA,NA,3,2,157.81032451776878,206.1327040159794
49035001214,UT,035,1214,1564,207,1060,40,9,97,118,1,32,1024,121,734,18,7,65,59,1,19,NA,NA,NA,NA,NA,NA,NA,3,2,179.7528056798612,234.7940922273225
49035001216,UT,035,1216,2314,508,1186,33,4,321,186,1,75,1444,316,753,21,3,225,93,1,32,NA,NA,NA,NA,NA,NA,NA,3,2,253.4795423844918,331.0963566174352
49035001218,UT,035,1218,2161,575,1264,15,48,130,64,0,65,1420,335,905,11,27,71,39,0,32,NA,NA,NA,NA,NA,NA,NA,3,2,249.26658600137003,325.59337008085737
49035001220,UT,035,1220,1306,206,958,9,7,87,6,1,32,917,120,702,9,6,65,5,0,10,NA,NA,NA,NA,NA,NA,NA,3,2,160.97004180511007,210.2599439184128
49035001222,UT,035,1222,1788,307,1359,11,7,25,30,1,48,1082,181,843,8,1,18,14,1,16,NA,NA,NA,NA,NA,NA,NA,3,2,189.93411693907208,248.09297635738568
49035001224,UT,035,1224,1217,76,1068,1,0,32,19,0,21,804,43,731,1,0,17,6,0,6,NA,NA,NA,NA,NA,NA,NA,3,2,141.13403883457852,184.35004897535867
49035001226,UT,035,1226,1552,188,1249,5,7,29,38,0,36,1077,106,912,4,2,18,20,0,15,NA,NA,NA,NA,NA,NA,NA,3,2,189.05641769258838,246.94652082893194
49035001228,UT,035,1228,964,207,680,8,14,6,24,0,25,659,125,493,5,8,3,12,0,13,NA,NA,NA,NA,NA,NA,NA,3,2,115.6807606865513,151.1028386502007
49035001230,UT,035,1230,1934,268,1375,13,6,153,52,0,67,1249,172,922,12,4,88,25,0,26,NA,NA,NA,NA,NA,NA,NA,3,2,219.24927177162758,286.38459100774
49035001232,UT,035,1232,1571,183,1263,11,16,19,52,1,26,976,107,807,7,9,13,24,1,8,NA,NA,NA,NA,NA,NA,NA,3,2,171.3268929136177,223.78811915416676
49035001234,UT,035,1234,2156,361,1684,19,13,9,19,1,50,1353,198,1089,13,9,8,11,1,24,NA,NA,NA,NA,NA,NA,NA,3,2,237.50541609848847,310.2308659995774
49035001236,UT,035,1236,1392,190,1116,13,10,22,27,0,14,956,102,805,4,6,18,13,0,8,NA,NA,NA,NA,NA,NA,NA,3,2,167.8160959276829,219.20229704035185
49035001242,UT,035,1242,2295,364,1627,11,5,155,87,2,44,1423,205,1036,6,1,104,40,1,30,NA,NA,NA,NA,NA,NA,NA,3,2,249.79320554926025,326.2812433979296
49035001302,UT,035,1302,1882,512,1031,7,27,159,82,2,62,1156,292,661,7,15,105,39,2,35,NA,NA,NA,NA,NA,NA,NA,3,2,202.92406578703083,265.0605181785008
49035001303,UT,035,1303,1546,225,1178,1,10,85,32,4,11,1049,129,827,1,7,57,20,4,4,NA,NA,NA,NA,NA,NA,NA,3,2,184.1413019122797,240.5263698695911
49035001306,UT,035,1306,2364,436,1626,40,52,82,74,6,48,1614,277,1163,24,34,58,38,2,18,NA,NA,NA,NA,NA,NA,NA,3,2,283.3213167649375,370.07584458486184
49035001308,UT,035,1308,1785,692,853,17,18,103,36,0,66,1228,435,657,14,12,63,20,0,27,NA,NA,NA,NA,NA,NA,NA,3,2,215.56293493639606,281.5694777882344
49035001312,UT,035,1312,3104,799,1949,44,73,80,57,12,90,2171,495,1454,29,53,55,34,9,42,NA,NA,NA,NA,NA,NA,NA,3,2,381.09701282322135,497.7909904546065
49035001316,UT,035,1316,1727,144,1231,18,3,239,54,0,38,1177,92,857,9,2,167,28,0,22,NA,NA,NA,NA,NA,NA,NA,3,2,206.61040262226234,269.8756313980064
49035001320,UT,035,1320,2292,604,1430,23,28,53,69,0,85,1541,377,1007,16,18,43,37,0,43,NA,NA,NA,NA,NA,NA,NA,3,2,270.5069077662755,353.33759386943746
49035001321,UT,035,1321,946,217,617,11,21,23,32,0,25,652,123,469,6,15,16,12,0,11,NA,NA,NA,NA,NA,NA,NA,3,2,114.45198174147414,149.4978009103655
49035001322,UT,035,1322,1853,487,1059,22,6,153,61,0,65,1221,287,751,15,3,106,31,0,28,NA,NA,NA,NA,NA,NA,NA,3,2,214.33415599131885,279.9644400483992
49035001326,UT,035,1326,1212,269,851,20,13,31,12,0,16,813,159,601,11,5,20,7,0,10,NA,NA,NA,NA,NA,NA,NA,3,2,142.71389747824918,186.41366892657535
49035001327,UT,035,1327,1241,315,678,23,23,37,127,0,38,725,165,441,8,16,26,55,0,14,NA,NA,NA,NA,NA,NA,NA,3,2,127.2663907401361,166.23605162578986
49035001328,UT,035,1328,1642,362,1068,7,13,73,97,0,22,1102,224,756,3,8,51,50,0,10,NA,NA,NA,NA,NA,NA,NA,3,2,193.4449139250069,252.67879847120057
49035001330,UT,035,1330,1010,151,781,10,8,30,20,0,10,720,82,586,8,5,19,14,0,6,NA,NA,NA,NA,NA,NA,NA,3,2,126.3886914936524,165.0895960973361
49035001332,UT,035,1332,1919,434,1114,13,48,109,139,1,61,1296,253,818,9,29,70,80,1,36,NA,NA,NA,NA,NA,NA,NA,3,2,227.4996446885743,297.161272975205
49035001334,UT,035,1334,1931,392,1385,27,23,42,30,0,32,1378,254,1023,15,16,36,20,0,14,NA,NA,NA,NA,NA,NA,NA,3,2,241.893912330907,315.9631436418461
49035001340,UT,035,1340,1194,201,908,17,7,26,23,0,12,812,114,640,13,5,19,15,0,6,NA,NA,NA,NA,NA,NA,NA,3,2,142.53835762895244,186.18437782088463
49035001344,UT,035,1344,1389,201,1116,7,7,34,16,0,8,1007,138,824,5,2,25,9,0,4,NA,NA,NA,NA,NA,NA,NA,3,2,176.76862824181663,230.89614343057983
49035001345,UT,035,1345,1083,188,808,3,7,22,22,0,33,766,115,608,3,7,14,12,0,7,NA,NA,NA,NA,NA,NA,NA,3,2,134.46352456130242,175.63698695911037
49035001346,UT,035,1346,1560,428,907,27,32,92,31,3,40,1071,282,633,15,21,70,19,3,28,NA,NA,NA,NA,NA,NA,NA,3,2,188.00317859680797,245.5707741947875
49035001348,UT,035,1348,2490,430,1591,54,19,336,9,2,49,1753,267,1171,35,15,234,4,1,26,NA,NA,NA,NA,NA,NA,NA,3,2,307.7213558171843,401.94730827587534
49035001349,UT,035,1349,1675,167,1397,17,40,20,7,0,27,1212,115,1036,11,21,12,6,0,11,NA,NA,NA,NA,NA,NA,NA,3,2,212.75429734764822,277.9008200971825
49035001350,UT,035,1350,3178,1047,1637,75,59,192,79,7,82,2313,706,1264,55,44,136,49,7,52,NA,NA,NA,NA,NA,NA,NA,3,2,406.02367142335834,530.3503274626922
49035001351,UT,035,1351,1497,298,952,34,40,87,34,4,48,1237,232,810,27,36,77,29,4,22,NA,NA,NA,NA,NA,NA,NA,3,2,217.14279358006672,283.6330977394511
49035001402,UT,035,1402,1199,154,960,2,10,29,29,1,14,741,81,612,1,6,24,12,1,4,NA,NA,NA,NA,NA,NA,NA,3,2,130.07502832888395,169.90470931684177
49035001403,UT,035,1403,3017,459,2329,9,22,49,86,0,63,1749,247,1385,8,9,31,50,0,19,NA,NA,NA,NA,NA,NA,NA,3,2,307.0191964199973,401.0301438531123
49035001404,UT,035,1404,2621,361,2018,28,9,117,49,0,39,1476,197,1142,12,8,77,27,0,13,NA,NA,NA,NA,NA,NA,NA,3,2,259.09681756198745,338.43367199953906
49035001406,UT,035,1406,1457,226,1120,15,8,17,49,0,22,979,142,773,12,6,13,22,0,11,NA,NA,NA,NA,NA,NA,NA,3,2,171.85351246150793,224.47599247123898
49035001408,UT,035,1408,741,129,547,5,5,15,32,0,8,452,77,342,2,3,8,15,0,5,NA,NA,NA,NA,NA,NA,NA,3,2,79.34401188212624,103.63957977221656
49035001409,UT,035,1409,1461,206,1086,9,4,90,44,0,22,899,130,689,2,4,50,19,0,5,NA,NA,NA,NA,NA,NA,NA,3,2,157.81032451776878,206.1327040159794
49035001410,UT,035,1410,1482,382,948,20,12,48,44,0,28,898,219,595,9,6,38,20,0,11,NA,NA,NA,NA,NA,NA,NA,3,2,157.63478466847204,205.90341291028867
49035001411,UT,035,1411,1289,251,878,14,6,44,61,1,34,825,147,580,12,6,32,29,1,18,NA,NA,NA,NA,NA,NA,NA,3,2,144.82037566981006,189.1651621948643
49035001412,UT,035,1412,1282,138,1106,2,1,11,16,0,8,943,97,827,0,1,10,6,0,2,NA,NA,NA,NA,NA,NA,NA,3,2,165.53407788682532,216.22151266637218
49035001414,UT,035,1414,1519,179,1266,10,7,32,18,0,7,1053,113,900,5,3,20,7,0,5,NA,NA,NA,NA,NA,NA,NA,3,2,184.84346130946665,241.44353429235406
49035001418,UT,035,1418,1721,451,994,18,18,40,146,0,54,1081,274,665,12,7,22,72,0,29,NA,NA,NA,NA,NA,NA,NA,3,2,189.75857708977534,247.86368525169493
49035001420,UT,035,1420,1996,440,1418,24,16,27,42,0,29,1364,268,1011,12,13,23,23,0,14,NA,NA,NA,NA,NA,NA,NA,3,2,239.4363544407526,312.7530681621756
49035001430,UT,035,1430,2784,763,1651,42,47,65,146,5,65,1735,435,1098,27,31,38,81,4,21,NA,NA,NA,NA,NA,NA,NA,3,2,304.561638529843,397.8200683734419
49035001431,UT,035,1431,1148,172,843,14,12,32,48,0,27,780,103,607,10,4,20,23,0,13,NA,NA,NA,NA,NA,NA,NA,3,2,136.92108245145675,178.8470624387808
49035001432,UT,035,1432,1029,112,807,6,3,55,39,0,7,702,72,570,3,3,35,18,0,1,NA,NA,NA,NA,NA,NA,NA,3,2,123.22897420631111,160.96235619490272
49035001436,UT,035,1436,1059,81,903,3,1,37,20,0,14,804,54,702,3,1,28,13,0,3,NA,NA,NA,NA,NA,NA,NA,3,2,141.13403883457852,184.35004897535867
49035001438,UT,035,1438,1495,181,1187,7,1,43,63,3,10,1073,120,870,3,1,37,37,3,2,NA,NA,NA,NA,NA,NA,NA,3,2,188.35425829540142,246.02935640616897
49035001441,UT,035,1441,884,69,719,8,13,28,28,1,18,618,40,520,5,7,17,16,1,12,NA,NA,NA,NA,NA,NA,NA,3,2,108.48362686538499,141.7019033168802
49035001442,UT,035,1442,1007,148,760,10,4,28,17,2,38,678,79,531,10,3,22,10,2,21,NA,NA,NA,NA,NA,NA,NA,3,2,119.01601782318936,155.45936965832485
49035001446,UT,035,1446,1697,277,1264,43,14,51,15,2,31,1232,184,955,26,8,35,7,2,15,NA,NA,NA,NA,NA,NA,NA,3,2,216.265094333583,282.48664221099733
49035002001,UT,035,2001,247,33,195,5,2,4,0,0,8,214,27,170,5,2,4,0,0,6,NA,NA,NA,NA,NA,NA,NA,1,3,37.565527749502245,49.06829661781935
49035002002,UT,035,2002,3510,1217,1676,93,66,242,129,9,78,2188,726,1091,53,32,172,69,7,38,NA,NA,NA,NA,NA,NA,NA,3,3,384.08119026126593,501.68893925134927
49035002003,UT,035,2003,2740,1094,945,202,51,203,132,4,109,1619,633,621,87,26,139,66,2,45,NA,NA,NA,NA,NA,NA,NA,3,3,284.1990160114212,371.22230011331555
49035002004,UT,035,2004,1196,300,802,29,1,21,18,0,25,848,168,625,19,1,18,7,0,10,NA,NA,NA,NA,NA,NA,NA,3,3,148.85779220363506,194.43885762575144
49035002006,UT,035,2006,2651,1093,1080,71,31,236,67,4,69,1723,658,755,50,19,173,40,2,26,NA,NA,NA,NA,NA,NA,NA,3,3,302.4551603382821,395.06857510515295
49035002008,UT,035,2008,1040,262,708,13,4,10,15,0,28,761,155,566,7,4,10,9,0,10,NA,NA,NA,NA,NA,NA,NA,3,3,133.58582531481872,174.49053143065663
49035002010,UT,035,2010,241,108,117,6,1,3,0,0,6,164,72,82,4,1,3,0,0,2,NA,NA,NA,NA,NA,NA,NA,3,3,28.788535284665272,37.60374133328212
49035002014,UT,035,2014,1162,325,722,25,1,48,25,0,16,848,207,571,14,1,36,7,0,12,NA,NA,NA,NA,NA,NA,NA,3,3,148.85779220363506,194.43885762575144
49035002016,UT,035,2016,1667,601,869,40,35,48,11,7,56,1144,383,629,28,20,38,8,4,34,NA,NA,NA,NA,NA,NA,NA,2,3,200.81758759546994,262.30902491021186
49035002018,UT,035,2018,1161,140,925,23,20,22,5,1,25,972,102,793,21,16,20,5,1,14,NA,NA,NA,NA,NA,NA,NA,2,3,170.62473351643075,222.87095473140377
49035002020,UT,035,2020,1110,31,1009,19,2,33,0,1,15,862,28,782,12,2,27,0,0,11,NA,NA,NA,NA,NA,NA,NA,2,1,151.31535009378942,197.64893310542186
49035002030,UT,035,2030,1441,498,825,22,8,28,30,0,30,1006,296,638,16,4,26,13,0,13,NA,NA,NA,NA,NA,NA,NA,3,3,176.5930883925199,230.66685232488908
49035002034,UT,035,2034,1236,316,827,26,8,36,9,0,14,909,190,658,13,8,29,7,0,4,NA,NA,NA,NA,NA,NA,NA,3,3,159.56572301073618,208.42561507288687
49035002036,UT,035,2036,1160,388,705,20,2,8,24,0,13,832,236,556,12,2,7,14,0,5,NA,NA,NA,NA,NA,NA,NA,3,3,146.04915461488721,190.77019993469952
49035002044,UT,035,2044,1046,407,557,22,6,22,9,0,23,730,245,440,16,4,16,5,0,4,NA,NA,NA,NA,NA,NA,NA,3,3,128.1440899866198,167.38250715424357
49035002049,UT,035,2049,2783,1146,1059,64,37,214,210,0,53,1841,712,786,35,19,149,107,0,33,NA,NA,NA,NA,NA,NA,NA,3,3,323.1688625552974,422.12492557666087
49035002050,UT,035,2050,1851,664,808,49,35,76,179,1,39,1323,436,654,32,23,55,100,1,22,NA,NA,NA,NA,NA,NA,NA,1,3,232.23922061958632,303.35213282885513
49035002052,UT,035,2052,1596,611,805,26,15,25,77,4,33,1061,365,600,22,7,17,41,1,8,NA,NA,NA,NA,NA,NA,NA,3,3,186.24778010384057,243.27786313788005
49035002056,UT,035,2056,2126,886,951,84,16,55,76,1,57,1416,526,715,48,14,39,43,1,30,NA,NA,NA,NA,NA,NA,NA,3,3,248.5644266041831,324.6762056580944
49035002064,UT,035,2064,919,56,815,3,2,23,5,0,15,861,48,773,3,2,21,5,0,9,NA,NA,NA,NA,NA,NA,NA,2,3,151.13981024449268,197.4196419997311
49035002068,UT,035,2068,1132,55,983,8,8,49,0,1,28,963,42,839,8,8,43,0,0,23,NA,NA,NA,NA,NA,NA,NA,2,3,169.04487487276012,220.8073347801871
49035002074,UT,035,2074,1316,549,714,14,8,20,2,0,9,1046,346,655,9,7,18,2,0,9,NA,NA,NA,NA,NA,NA,NA,2,3,183.61468236438947,239.83849655251888
49035002088,UT,035,2088,2707,1622,761,86,51,76,27,5,79,1931,1127,595,54,32,60,18,2,43,NA,NA,NA,NA,NA,NA,NA,3,3,338.9674489920039,442.76112508882784
49035002102,UT,035,2102,956,12,885,2,1,29,1,2,24,689,8,647,2,1,21,1,2,7,NA,NA,NA,NA,NA,NA,NA,2,1,120.9469561654535,157.98157182092305
49035002103,UT,035,2103,1241,22,1157,4,4,37,0,2,15,926,15,863,4,3,34,0,1,6,NA,NA,NA,NA,NA,NA,NA,2,1,162.54990044878073,212.3235638696295
49035002122,UT,035,2122,971,48,858,6,4,24,14,4,13,756,32,679,6,3,21,9,1,5,NA,NA,NA,NA,NA,NA,NA,2,1,132.70812606833502,173.34407590220292
49035002123,UT,035,2123,788,23,701,5,8,20,5,1,25,649,20,579,3,7,19,5,1,15,NA,NA,NA,NA,NA,NA,NA,2,1,113.92536219358391,148.80992759329325
49035002126,UT,035,2126,806,14,771,3,0,9,0,1,8,624,10,597,3,0,8,0,1,5,NA,NA,NA,NA,NA,NA,NA,2,1,109.5368659611654,143.07764995102463
49035002128,UT,035,2128,906,27,850,8,1,16,0,0,4,720,18,680,5,1,14,0,0,2,NA,NA,NA,NA,NA,NA,NA,2,1,126.3886914936524,165.0895960973361
49035002136,UT,035,2136,282,1,265,0,0,9,0,0,7,203,0,189,0,0,8,0,0,6,NA,NA,NA,NA,NA,NA,NA,2,1,35.63458940723811,46.54609445522116
49035002142,UT,035,2142,998,65,870,10,6,31,1,0,15,915,55,806,6,6,31,1,0,10,NA,NA,NA,NA,NA,NA,NA,2,3,160.61896210651662,209.80136170703133
49035002144,UT,035,2144,1071,83,907,4,6,33,5,1,32,912,58,792,4,6,27,3,0,22,NA,NA,NA,NA,NA,NA,NA,2,3,160.09234255862637,209.1134883899591
49035002152,UT,035,2152,626,57,534,5,2,7,11,1,9,557,49,481,5,2,7,5,1,7,NA,NA,NA,NA,NA,NA,NA,2,3,97.77569605828387,127.71514586974475
49035002154,UT,035,2154,996,90,822,16,7,29,3,3,26,929,80,781,13,6,26,3,2,18,NA,NA,NA,NA,NA,NA,NA,2,3,163.07651999667095,213.01143718670176
49035002158,UT,035,2158,974,38,890,9,0,14,1,0,22,834,31,769,4,0,13,1,0,16,NA,NA,NA,NA,NA,NA,NA,2,1,146.40023431348072,191.22878214608102
49035002164,UT,035,2164,945,44,833,11,3,20,3,0,31,763,29,693,4,2,18,3,0,14,NA,NA,NA,NA,NA,NA,NA,2,1,133.9369050134122,174.94911364203816
49035002166,UT,035,2166,846,2,808,3,1,27,0,0,5,633,2,609,1,0,20,0,0,1,NA,NA,NA,NA,NA,NA,NA,2,1,111.11672460483608,145.14126990224136
49035002174,UT,035,2174,1320,93,1113,18,4,47,1,6,38,1199,70,1028,18,4,41,1,5,32,NA,NA,NA,NA,NA,NA,NA,2,3,210.4722793067906,274.9200357232028
49035002178,UT,035,2178,965,46,858,6,12,23,4,0,16,849,39,760,6,9,21,4,0,10,NA,NA,NA,NA,NA,NA,NA,2,3,149.0333320529318,194.6681487314422
49035002179,UT,035,2179,1201,45,1083,14,8,29,0,3,19,1061,39,958,14,8,25,0,1,16,NA,NA,NA,NA,NA,NA,NA,2,1,186.24778010384057,243.27786313788005
49035002182,UT,035,2182,1093,60,882,16,14,82,1,3,35,952,53,790,11,10,64,1,3,20,NA,NA,NA,NA,NA,NA,NA,2,1,167.11393653049598,218.28513261758889
49035002184,UT,035,2184,936,34,863,1,2,20,8,1,7,763,22,714,1,2,16,4,0,4,NA,NA,NA,NA,NA,NA,NA,2,1,133.9369050134122,174.94911364203816
49035002204,UT,035,2204,2677,1422,1007,52,76,16,70,4,30,1926,906,856,40,51,13,33,4,23,NA,NA,NA,NA,NA,NA,NA,3,3,338.08974974552024,441.6146695603742
49035002206,UT,035,2206,1241,594,443,37,30,49,58,0,30,863,389,336,32,24,34,28,0,20,NA,NA,NA,NA,NA,NA,NA,3,3,151.49088994308616,197.8782242111126
49035002214,UT,035,2214,2549,1272,764,69,44,130,186,3,81,1636,755,588,32,25,101,95,2,38,NA,NA,NA,NA,NA,NA,NA,3,3,287.18319344946576,375.1202489100582
49035002216,UT,035,2216,2033,1026,678,42,16,106,110,2,53,1372,604,557,38,13,74,59,1,26,NA,NA,NA,NA,NA,NA,NA,3,3,240.84067323512653,314.5873970077016
49035002220,UT,035,2220,1178,134,898,37,6,60,7,2,34,1116,118,862,33,5,59,6,1,32,NA,NA,NA,NA,NA,NA,NA,2,3,195.90247181516122,255.888873950871
49035002221,UT,035,2221,1707,584,923,40,15,29,65,0,51,1360,414,799,36,11,23,47,0,30,NA,NA,NA,NA,NA,NA,NA,3,3,238.73419504356568,311.8359037394127
49035002222,UT,035,2222,1086,492,425,7,15,25,85,18,19,664,296,271,6,11,20,48,6,6,NA,NA,NA,NA,NA,NA,NA,3,3,116.558459933035,152.24929417865442
49035002224,UT,035,2224,1544,674,640,35,46,58,65,3,23,1014,416,476,18,26,37,30,3,8,NA,NA,NA,NA,NA,NA,NA,3,3,177.9974071868938,232.50118117041507
49035002226,UT,035,2226,1854,746,698,15,41,159,167,0,28,1226,430,558,12,25,99,94,0,8,NA,NA,NA,NA,NA,NA,NA,3,3,215.21185523780258,281.1108955768529
49035002230,UT,035,2230,1569,536,794,105,59,18,13,4,40,1273,385,678,98,50,18,9,4,31,NA,NA,NA,NA,NA,NA,NA,2,3,223.46222815474934,291.88757754431794
49035002242,UT,035,2242,2088,907,863,44,7,53,146,1,67,1381,545,661,30,3,34,80,1,27,NA,NA,NA,NA,NA,NA,NA,3,3,242.42053187879716,316.6510169589183
49035002246,UT,035,2246,2103,921,754,40,18,167,155,10,38,1327,496,570,22,12,120,88,5,14,NA,NA,NA,NA,NA,NA,NA,3,3,232.94138001677325,304.2692972516181
49035002252,UT,035,2252,1921,438,819,172,64,73,175,20,160,1264,255,615,88,41,62,98,12,93,NA,NA,NA,NA,NA,NA,NA,3,3,221.88236951107868,289.8239575931012
49035002254,UT,035,2254,1355,432,521,10,10,101,230,5,46,903,273,407,5,6,69,124,3,16,NA,NA,NA,NA,NA,NA,NA,3,3,158.51248391495574,207.04986843874238
49035002256,UT,035,2256,2470,749,1225,38,60,150,151,30,67,1613,447,890,23,28,102,73,16,34,NA,NA,NA,NA,NA,NA,NA,3,3,283.14577691564074,369.84655347917106
49035002260,UT,035,2260,671,214,376,4,18,19,14,0,26,468,130,294,1,9,11,9,0,14,NA,NA,NA,NA,NA,NA,NA,2,3,82.15264947087407,107.30823746326848
49035002264,UT,035,2264,1653,403,1052,35,40,68,25,0,30,1265,261,857,29,27,57,11,0,23,NA,NA,NA,NA,NA,NA,NA,2,3,222.05790936037542,290.05324869879195
49035002306,UT,035,2306,1797,223,1291,91,47,39,6,0,100,1560,162,1179,72,32,34,3,0,78,NA,NA,NA,NA,NA,NA,NA,2,3,273.8421649029135,357.6941248775616
49035002308,UT,035,2308,929,91,745,25,8,26,10,0,24,841,72,689,23,4,25,9,0,19,NA,NA,NA,NA,NA,NA,NA,2,3,147.62901325855788,192.8338198859162
49035002312,UT,035,2312,752,50,595,13,5,66,4,0,19,672,48,530,13,5,58,4,0,14,NA,NA,NA,NA,NA,NA,NA,2,1,117.9627787274089,154.08362302418038
49035002314,UT,035,2314,886,33,724,8,12,92,1,1,15,800,30,658,8,9,81,1,1,12,NA,NA,NA,NA,NA,NA,NA,2,1,140.43187943739156,183.43288455259568
49035002318,UT,035,2318,1270,85,1016,15,21,79,9,3,42,1145,65,938,12,15,74,8,3,30,NA,NA,NA,NA,NA,NA,NA,2,1,200.99312744476669,262.5383160159026
49035002320,UT,035,2320,1003,40,873,5,6,52,2,4,21,912,36,793,3,4,52,2,2,20,NA,NA,NA,NA,NA,NA,NA,2,1,160.09234255862637,209.1134883899591
49035002330,UT,035,2330,1011,159,738,24,23,43,4,1,19,908,123,682,22,23,39,4,1,14,NA,NA,NA,NA,NA,NA,NA,2,3,159.3901831614394,208.1963239671961
49035002334,UT,035,2334,828,64,668,12,17,52,0,2,13,740,50,614,9,15,41,0,2,9,NA,NA,NA,NA,NA,NA,NA,2,1,129.8994884795872,169.67541821115103
49035002348,UT,035,2348,1214,172,908,25,22,55,0,5,27,1097,125,854,21,19,54,0,4,20,NA,NA,NA,NA,NA,NA,NA,2,1,192.5672146785232,251.53234294274685
49035002350,UT,035,2350,960,252,575,36,29,17,0,2,49,756,168,500,24,18,17,0,0,29,NA,NA,NA,NA,NA,NA,NA,2,3,132.70812606833502,173.34407590220292
49035002352,UT,035,2352,628,51,521,10,6,21,1,3,15,582,42,490,10,3,21,1,3,12,NA,NA,NA,NA,NA,NA,NA,2,1,102.16419229070236,133.44742351201336
49035002354,UT,035,2354,928,37,798,11,3,58,3,0,18,826,31,710,11,3,56,3,0,12,NA,NA,NA,NA,NA,NA,NA,2,1,144.9959155191068,189.39445330055506
49035002358,UT,035,2358,1088,41,860,19,10,124,8,1,25,1066,40,845,18,10,120,8,1,24,NA,NA,NA,NA,NA,NA,NA,2,1,187.12547935032427,244.42431866633376
49035002360,UT,035,2360,562,24,355,2,1,165,0,0,15,399,10,216,2,1,161,0,0,9,NA,NA,NA,NA,NA,NA,NA,2,1,70.04039986939905,91.4871511706071
49035002362,UT,035,2362,1260,267,835,51,32,13,19,2,41,1048,187,751,47,22,13,10,0,18,NA,NA,NA,NA,NA,NA,NA,2,3,183.96576206298295,240.29707876390034
49035002364,UT,035,2364,1021,59,818,6,9,91,2,2,34,913,51,731,6,9,87,2,2,25,NA,NA,NA,NA,NA,NA,NA,2,1,160.2678824079231,209.34277949564984
49035002366,UT,035,2366,883,34,742,2,9,78,0,0,18,802,23,676,2,9,75,0,0,17,NA,NA,NA,NA,NA,NA,NA,2,1,140.78295913598504,183.8914667639772
49035002370,UT,035,2370,1427,357,879,35,30,50,23,1,52,1154,244,772,23,24,44,11,1,35,NA,NA,NA,NA,NA,NA,NA,2,3,202.57298608843735,264.6019359671193
49035002374,UT,035,2374,1402,616,574,75,18,43,8,0,68,1004,407,450,55,11,34,6,0,41,NA,NA,NA,NA,NA,NA,NA,2,3,176.2420086939264,230.2082701135076
49035002378,UT,035,2378,1607,601,827,61,30,26,7,9,46,1199,386,691,45,22,20,2,6,27,NA,NA,NA,NA,NA,NA,NA,2,3,210.4722793067906,274.9200357232028
49035002379,UT,035,2379,1159,268,760,17,24,19,36,1,34,940,187,667,11,16,16,21,1,21,NA,NA,NA,NA,NA,NA,NA,2,3,165.0074583389351,215.53363934929993
49035002380,UT,035,2380,1298,262,926,19,17,45,4,4,21,1075,181,803,15,16,41,4,3,12,NA,NA,NA,NA,NA,NA,NA,2,1,188.70533799399493,246.48793861755047
49035002384,UT,035,2384,1014,56,860,19,6,40,12,3,18,858,48,740,12,6,30,7,3,12,NA,NA,NA,NA,NA,NA,NA,2,1,150.61319069660246,196.7317686826589
49035002388,UT,035,2388,850,52,729,16,4,37,2,0,10,690,40,598,11,2,34,2,0,3,NA,NA,NA,NA,NA,NA,NA,2,1,121.12249601475021,158.21086292661377
49035002392,UT,035,2392,1557,62,1184,14,5,246,10,4,32,1196,40,910,10,3,207,9,4,13,NA,NA,NA,NA,NA,NA,NA,2,1,209.9456597589004,274.23216240613056
49035002394,UT,035,2394,892,28,750,9,14,60,6,0,25,569,14,485,4,7,48,4,0,7,NA,NA,NA,NA,NA,NA,NA,2,1,99.88217424984475,130.46663913803368
49035002404,UT,035,2404,1258,265,854,30,5,37,25,1,41,989,175,717,20,5,30,16,1,25,NA,NA,NA,NA,NA,NA,NA,2,3,173.60891095447533,226.76890352814644
49035002406,UT,035,2406,1012,61,877,15,10,17,11,2,19,814,37,731,10,7,13,3,2,11,NA,NA,NA,NA,NA,NA,NA,2,1,142.88943732754592,186.6429600322661
49035002422,UT,035,2422,1698,711,810,32,39,23,38,0,45,1228,480,639,22,23,18,21,0,25,NA,NA,NA,NA,NA,NA,NA,2,3,215.56293493639606,281.5694777882344
49035002436,UT,035,2436,1134,192,830,5,11,53,22,1,20,896,126,688,5,9,44,12,1,11,NA,NA,NA,NA,NA,NA,NA,2,3,157.28370496987856,205.4448306989072
49035002437,UT,035,2437,819,69,684,9,10,6,15,0,26,648,42,569,4,8,5,8,0,12,NA,NA,NA,NA,NA,NA,NA,2,1,113.74982234428715,148.5806364876025
49035002438,UT,035,2438,861,53,769,8,3,13,0,1,14,690,40,623,7,3,8,0,1,8,NA,NA,NA,NA,NA,NA,NA,2,1,121.12249601475021,158.21086292661377
49035002442,UT,035,2442,1876,581,1019,51,83,65,27,5,45,1429,395,858,38,46,57,14,1,20,NA,NA,NA,NA,NA,NA,NA,2,3,250.84644464504066,327.656990032074
49035002444,UT,035,2444,1398,261,1000,25,28,32,23,0,29,1045,168,800,11,17,25,9,0,15,NA,NA,NA,NA,NA,NA,NA,2,3,183.43914251509273,239.60920544682813
49035002450,UT,035,2450,1061,97,894,7,6,21,17,0,19,863,68,744,5,6,17,15,0,8,NA,NA,NA,NA,NA,NA,NA,2,1,151.49088994308616,197.8782242111126
49035002462,UT,035,2462,715,138,524,7,5,22,3,0,16,616,90,478,6,5,22,3,0,12,NA,NA,NA,NA,NA,NA,NA,2,3,108.1325471667915,141.24332110549867
49035002466,UT,035,2466,905,134,694,21,18,19,4,0,15,694,77,560,13,15,18,4,0,7,NA,NA,NA,NA,NA,NA,NA,2,3,121.82465541193719,159.12802734937677
49035002472,UT,035,2472,1435,279,1042,16,22,22,20,1,33,1160,174,913,14,15,18,11,0,15,NA,NA,NA,NA,NA,NA,NA,2,3,203.6262251842178,265.9776826012638
49035002474,UT,035,2474,1330,146,1055,23,33,30,13,5,25,1033,98,851,16,24,22,9,2,11,NA,NA,NA,NA,NA,NA,NA,2,3,181.33266432353187,236.8577121785392
49035002476,UT,035,2476,1237,110,1023,12,25,17,34,1,15,960,75,814,8,18,14,18,1,12,NA,NA,NA,NA,NA,NA,NA,2,1,168.51825532486987,220.11946146311482
49035002480,UT,035,2480,873,169,645,16,15,5,0,3,20,651,106,504,13,10,5,0,1,12,NA,NA,NA,NA,NA,NA,NA,2,1,114.27644189217739,149.26850980467475
49035002482,UT,035,2482,1090,110,896,14,2,26,16,0,26,849,82,709,9,2,21,8,0,18,NA,NA,NA,NA,NA,NA,NA,2,1,149.0333320529318,194.6681487314422
49035002493,UT,035,2493,876,170,656,12,20,8,1,0,9,667,101,527,9,16,8,1,0,5,NA,NA,NA,NA,NA,NA,NA,2,1,117.08507948092522,152.93716749572664
49035002494,UT,035,2494,1242,191,952,21,14,26,12,0,26,946,123,761,12,10,21,5,0,14,NA,NA,NA,NA,NA,NA,NA,2,1,166.06069743471554,216.9093859834444
49035002502,UT,035,2502,1139,70,985,5,10,34,9,1,25,932,51,819,4,7,29,7,1,14,NA,NA,NA,NA,NA,NA,NA,2,1,163.60313954456117,213.69931050377397
49035002506,UT,035,2506,1125,46,1048,9,0,10,2,0,10,829,36,771,4,0,10,2,0,6,NA,NA,NA,NA,NA,NA,NA,2,1,145.52253506699702,190.0823266176273
49035002510,UT,035,2510,1111,10,1064,5,1,23,0,0,8,828,8,791,5,1,22,0,0,1,NA,NA,NA,NA,NA,NA,NA,2,1,145.34699521770025,189.85303551193653
49035002514,UT,035,2514,932,61,829,11,5,7,1,3,15,734,45,662,3,5,7,1,2,9,NA,NA,NA,NA,NA,NA,NA,2,1,128.84624938380676,168.29967157700654
49035002516,UT,035,2516,916,23,876,0,1,8,0,0,8,668,15,643,0,1,6,0,0,3,NA,NA,NA,NA,NA,NA,NA,2,1,117.26061933022196,153.1664586014174
49035002524,UT,035,2524,1069,22,1020,6,0,11,0,0,10,772,17,737,6,0,10,0,0,2,NA,NA,NA,NA,NA,NA,NA,2,1,135.51676365708286,177.01273359325484
49035002532,UT,035,2532,1118,83,967,8,7,18,6,2,27,931,62,816,8,6,18,5,2,14,NA,NA,NA,NA,NA,NA,NA,2,1,163.42759969526443,213.47001939808322
49035002534,UT,035,2534,380,13,354,1,2,7,0,0,3,300,11,281,1,2,5,0,0,0,NA,NA,NA,NA,NA,NA,NA,2,1,52.661954789021834,68.78733170722339
49035002536,UT,035,2536,797,24,762,0,0,6,0,0,5,599,18,572,0,0,5,0,0,4,NA,NA,NA,NA,NA,NA,NA,2,1,105.14836972874694,137.34537230875603
49035002540,UT,035,2540,922,47,844,10,1,11,2,2,5,753,33,693,9,1,11,2,1,3,NA,NA,NA,NA,NA,NA,NA,2,1,132.1815065204448,172.6562025851307
49035002544,UT,035,2544,1063,21,985,2,1,35,0,0,19,841,10,786,2,1,29,0,0,13,NA,NA,NA,NA,NA,NA,NA,2,1,147.62901325855788,192.8338198859162
49035002546,UT,035,2546,753,18,714,3,1,9,1,0,7,544,13,514,3,1,8,1,0,4,NA,NA,NA,NA,NA,NA,NA,2,1,95.49367801742626,124.73436149576507
49035002548,UT,035,2548,882,34,827,4,0,13,0,0,4,661,22,620,4,0,13,0,0,2,NA,NA,NA,NA,NA,NA,NA,2,1,116.03184038514479,151.5614208615822
49035002550,UT,035,2550,1340,69,1166,10,9,35,7,1,43,1106,50,978,7,9,26,5,1,30,NA,NA,NA,NA,NA,NA,NA,2,1,194.14707332219385,253.59596289396353
49035002552,UT,035,2552,1697,152,1418,22,11,64,2,8,20,1550,136,1305,16,11,60,2,8,12,NA,NA,NA,NA,NA,NA,NA,2,1,272.08676640994616,355.4012138206541
49035002556,UT,035,2556,560,13,521,0,6,10,0,0,10,446,10,420,0,3,8,0,0,5,NA,NA,NA,NA,NA,NA,NA,2,1,78.2907727863458,102.2638331380721
49035002560,UT,035,2560,1145,37,1075,3,7,7,0,2,14,905,23,868,1,2,6,0,1,4,NA,NA,NA,NA,NA,NA,NA,2,1,158.86356361354922,207.50845065012388
49035002566,UT,035,2566,1036,38,949,7,3,21,1,0,17,780,22,725,7,1,17,1,0,7,NA,NA,NA,NA,NA,NA,NA,2,1,136.92108245145675,178.8470624387808
49035002570,UT,035,2570,1177,51,1066,8,8,21,1,1,21,921,33,848,5,3,18,1,1,12,NA,NA,NA,NA,NA,NA,NA,2,1,161.67220120229703,211.17710834117577
49035002572,UT,035,2572,1289,49,1180,11,2,26,4,0,17,958,31,893,5,2,18,3,0,6,NA,NA,NA,NA,NA,NA,NA,2,1,168.16717562627642,219.66087925173335
49035002580,UT,035,2580,838,62,729,5,3,15,12,1,11,686,45,608,4,3,14,4,1,7,NA,NA,NA,NA,NA,NA,NA,2,1,120.42033661756327,157.2936985038508
49035002582,UT,035,2582,1117,54,998,15,2,25,2,2,19,932,34,846,12,2,23,2,0,13,NA,NA,NA,NA,NA,NA,NA,2,1,163.60313954456117,213.69931050377397
49035002584,UT,035,2584,1272,51,1179,6,3,16,2,8,7,892,34,830,6,2,13,2,3,2,NA,NA,NA,NA,NA,NA,NA,2,1,156.5815455726916,204.5276662761442
49035002586,UT,035,2586,1162,60,1030,10,5,34,6,0,17,889,40,804,8,5,25,2,0,5,NA,NA,NA,NA,NA,NA,NA,2,1,156.05492602480138,203.83979295907196
49035002588,UT,035,2588,481,5,462,0,3,3,0,1,7,474,4,458,0,1,3,0,1,7,NA,NA,NA,NA,NA,NA,NA,2,1,83.20588856665451,108.68398409741296
49035002590,UT,035,2590,947,50,860,7,1,17,2,0,10,709,30,651,7,1,12,1,0,7,NA,NA,NA,NA,NA,NA,NA,2,1,124.45775315138826,162.5673939347379
49035002594,UT,035,2594,810,52,697,17,10,15,1,1,17,670,29,607,7,7,11,1,1,7,NA,NA,NA,NA,NA,NA,NA,2,1,117.61169902881544,153.62504081279891
49035002596,UT,035,2596,795,43,719,5,5,14,6,0,3,608,25,560,5,2,9,4,0,3,NA,NA,NA,NA,NA,NA,NA,2,1,106.72822837241759,139.40899225997273
49035002602,UT,035,2602,1126,53,1042,0,0,21,2,1,7,767,34,710,0,0,17,2,0,4,NA,NA,NA,NA,NA,NA,NA,2,1,134.63906441059916,175.86627806480112
49035002604,UT,035,2604,940,11,905,1,0,13,0,1,9,634,6,616,0,0,9,0,1,2,NA,NA,NA,NA,NA,NA,NA,2,1,111.2922644541328,145.37056100793208
49035002606,UT,035,2606,855,14,796,8,0,24,0,5,8,682,9,643,5,0,19,0,3,3,NA,NA,NA,NA,NA,NA,NA,2,1,119.7181772203763,156.3765340810878
49035002608,UT,035,2608,761,10,720,1,2,15,2,1,10,682,9,650,0,2,13,2,0,6,NA,NA,NA,NA,NA,NA,NA,2,1,119.7181772203763,156.3765340810878
49035002614,UT,035,2614,947,9,896,0,0,27,1,2,12,732,7,695,0,0,24,1,2,3,NA,NA,NA,NA,NA,NA,NA,2,1,128.49516968521328,167.84108936562507
49035002626,UT,035,2626,689,14,664,0,0,9,0,0,2,519,6,507,0,0,5,0,0,1,NA,NA,NA,NA,NA,NA,NA,2,1,91.10518178500779,119.00208385349646
49035002628,UT,035,2628,849,14,814,2,2,14,0,0,3,636,9,610,2,2,11,0,0,2,NA,NA,NA,NA,NA,NA,NA,2,1,111.6433441527263,145.82914321931358
49035002630,UT,035,2630,749,13,683,7,0,29,0,2,15,538,9,500,2,0,23,0,1,3,NA,NA,NA,NA,NA,NA,NA,2,1,94.44043892164584,123.35861486162061
49035002632,UT,035,2632,900,23,850,6,0,8,0,1,12,707,18,671,3,0,6,0,1,8,NA,NA,NA,NA,NA,NA,NA,2,1,124.1066734527948,162.10881172335644
49035002634,UT,035,2634,1105,33,973,7,13,55,2,1,21,864,26,767,6,11,42,2,1,9,NA,NA,NA,NA,NA,NA,NA,2,1,151.6664297923829,198.10751531680336
49035002640,UT,035,2640,908,23,842,2,3,30,0,1,7,647,18,604,1,1,21,0,0,2,NA,NA,NA,NA,NA,NA,NA,2,1,113.57428249499044,148.35134538191178
49035002646,UT,035,2646,963,37,842,4,5,56,0,2,17,795,24,701,4,3,46,0,2,15,NA,NA,NA,NA,NA,NA,NA,2,1,139.55418019090786,182.28642902414197
49035002652,UT,035,2652,933,42,823,17,2,30,0,1,18,696,31,616,11,2,28,0,1,7,NA,NA,NA,NA,NA,NA,NA,2,1,122.17573511053065,159.58660956075823
49035002654,UT,035,2654,1270,39,1139,14,7,53,0,2,16,967,23,880,7,7,41,0,0,9,NA,NA,NA,NA,NA,NA,NA,2,1,169.74703426994705,221.72449920295006
49035002660,UT,035,2660,813,33,755,3,1,14,0,0,7,615,20,577,1,1,12,0,0,4,NA,NA,NA,NA,NA,NA,NA,2,1,107.95700731749476,141.01402999980792
49035002664,UT,035,2664,899,9,875,0,1,12,0,0,2,601,7,585,0,1,8,0,0,0,NA,NA,NA,NA,NA,NA,NA,2,1,105.49944942734042,137.80395452013752
49035002668,UT,035,2668,1342,10,1292,4,0,23,6,2,5,951,8,918,3,0,15,5,0,2,NA,NA,NA,NA,NA,NA,NA,2,1,166.93839668119924,218.05584151189814
49035002670,UT,035,2670,431,7,409,1,1,9,0,0,4,348,6,329,0,1,9,0,0,3,NA,NA,NA,NA,NA,NA,NA,2,1,61.087867555265326,79.79330478037912
49035002671,UT,035,2671,993,36,850,8,3,79,7,0,10,897,34,776,6,3,61,7,0,10,NA,NA,NA,NA,NA,NA,NA,2,1,157.4592448191753,205.67412180459795
49035002674,UT,035,2674,921,19,823,0,0,65,0,3,11,697,10,630,0,0,50,0,2,5,NA,NA,NA,NA,NA,NA,NA,2,1,122.3512749598274,159.815900666449
49035002684,UT,035,2684,1165,35,1086,14,1,8,9,0,12,921,23,869,10,1,7,5,0,6,NA,NA,NA,NA,NA,NA,NA,2,1,161.67220120229703,211.17710834117577
49035002686,UT,035,2686,584,3,568,0,2,2,1,0,8,413,3,404,0,1,2,0,0,3,NA,NA,NA,NA,NA,NA,NA,2,1,72.4979577595534,94.69722665027753
49035002694,UT,035,2694,1035,38,955,2,1,19,8,0,12,760,25,709,1,1,10,7,0,7,NA,NA,NA,NA,NA,NA,NA,2,1,133.410285465522,174.2612403249659
49035002702,UT,035,2702,1755,581,980,55,50,36,20,1,32,1362,398,809,39,43,32,16,1,24,NA,NA,NA,NA,NA,NA,NA,2,1,239.08527474215913,312.2944859507941
49035002706,UT,035,2706,1088,203,739,20,42,43,9,0,32,861,151,591,16,34,37,7,0,25,NA,NA,NA,NA,NA,NA,NA,2,1,151.13981024449268,197.4196419997311
49035002708,UT,035,2708,971,179,663,37,13,22,18,5,34,693,113,498,22,9,18,11,4,18,NA,NA,NA,NA,NA,NA,NA,2,1,121.64911556264045,158.89873624368602
49035002720,UT,035,2720,717,138,530,5,15,15,1,0,13,581,92,451,5,14,11,1,0,7,NA,NA,NA,NA,NA,NA,NA,2,1,101.98865244140562,133.2181324063226
49035002722,UT,035,2722,730,114,542,18,2,20,17,0,17,590,82,456,17,2,15,11,0,7,NA,NA,NA,NA,NA,NA,NA,2,1,103.56851108507628,135.28175235753932
49035002732,UT,035,2732,1504,427,959,23,24,18,14,0,39,1152,289,780,16,19,15,8,0,25,NA,NA,NA,NA,NA,NA,NA,2,1,202.22190638984384,264.1433537557378
49035002738,UT,035,2738,1395,220,1002,30,33,32,8,13,57,1033,153,771,19,17,26,5,7,35,NA,NA,NA,NA,NA,NA,NA,2,1,181.33266432353187,236.8577121785392
49035002742,UT,035,2742,811,181,524,12,32,21,18,0,23,598,109,420,6,17,17,10,0,19,NA,NA,NA,NA,NA,NA,NA,2,1,104.9728298794502,137.11608120306528
49035002746,UT,035,2746,1693,393,1103,38,41,46,22,4,46,1221,258,838,28,25,34,11,4,23,NA,NA,NA,NA,NA,NA,NA,2,1,214.33415599131885,279.9644400483992
49035002748,UT,035,2748,1131,152,910,17,13,15,1,0,23,844,85,713,10,10,15,1,0,10,NA,NA,NA,NA,NA,NA,NA,2,1,148.1556328064481,193.52169320298847
49035002750,UT,035,2750,1654,273,1161,42,45,62,10,1,60,1226,183,900,25,34,49,8,1,26,NA,NA,NA,NA,NA,NA,NA,2,1,215.21185523780258,281.1108955768529
49035002752,UT,035,2752,1788,582,891,83,67,44,40,1,80,1192,357,663,44,32,34,24,1,37,NA,NA,NA,NA,NA,NA,NA,2,1,209.24350036171344,273.31499798336756
49035002754,UT,035,2754,951,115,747,14,4,39,2,6,24,695,65,571,6,3,32,2,5,11,NA,NA,NA,NA,NA,NA,NA,2,1,122.00019526123391,159.35731845506749
49035002756,UT,035,2756,1683,415,1049,58,38,65,25,1,32,1206,273,803,36,25,41,11,0,17,NA,NA,NA,NA,NA,NA,NA,2,1,211.70105825186778,276.525073463038
49035002758,UT,035,2758,1427,308,945,44,32,49,25,0,24,1020,184,735,25,18,30,14,0,14,NA,NA,NA,NA,NA,NA,NA,2,1,179.05064628267425,233.8769278045595
49035002760,UT,035,2760,2728,651,1719,107,103,47,33,6,62,2466,574,1571,103,93,42,28,6,49,NA,NA,NA,NA,NA,NA,NA,2,1,432.88126836575947,565.4318666333762
49035002814,UT,035,2814,1032,106,870,11,15,20,1,1,8,784,74,674,6,9,14,1,1,5,NA,NA,NA,NA,NA,NA,NA,2,1,137.62324184864374,179.7642268615438
49035002816,UT,035,2816,1169,83,995,8,14,28,6,1,34,908,55,792,8,8,25,5,0,15,NA,NA,NA,NA,NA,NA,NA,2,1,159.3901831614394,208.1963239671961
49035002818,UT,035,2818,312,58,233,7,6,3,0,1,4,250,40,195,4,6,3,0,1,1,NA,NA,NA,NA,NA,NA,NA,2,1,43.88496232418487,57.322776422686154
49035002822,UT,035,2822,1159,21,1084,12,4,16,18,0,4,897,15,849,6,4,11,10,0,2,NA,NA,NA,NA,NA,NA,NA,2,1,157.4592448191753,205.67412180459795
49035002828,UT,035,2828,1005,19,961,1,2,7,3,1,11,750,10,726,1,1,4,0,0,8,NA,NA,NA,NA,NA,NA,NA,2,1,131.6548869725546,171.96832926805848
49035002829,UT,035,2829,932,11,860,24,5,14,0,0,18,730,8,676,22,4,11,0,0,9,NA,NA,NA,NA,NA,NA,NA,2,1,128.1440899866198,167.38250715424357
49035002832,UT,035,2832,1669,372,1106,42,39,23,28,0,59,1152,201,839,28,22,17,16,0,29,NA,NA,NA,NA,NA,NA,NA,2,1,202.22190638984384,264.1433537557378
49035002850,UT,035,2850,735,81,598,5,12,18,8,1,12,565,60,466,5,9,14,5,1,5,NA,NA,NA,NA,NA,NA,NA,2,1,99.18001485265779,129.54947471527072
49035002854,UT,035,2854,891,19,861,0,0,3,0,2,6,666,14,643,0,0,3,0,2,4,NA,NA,NA,NA,NA,NA,NA,2,1,116.90953963162849,152.70787639003592
49035002867,UT,035,2867,1116,104,873,35,15,24,19,4,42,834,58,689,19,14,22,11,3,18,NA,NA,NA,NA,NA,NA,NA,2,1,146.40023431348072,191.22878214608102
49035002868,UT,035,2868,1090,93,891,7,11,49,14,0,25,831,51,706,6,8,41,6,0,13,NA,NA,NA,NA,NA,NA,NA,2,1,145.8736147655905,190.5409088290088
49035002869,UT,035,2869,1153,129,905,6,15,60,1,0,37,865,85,701,4,9,45,1,0,20,NA,NA,NA,NA,NA,NA,NA,2,1,151.8419696416796,198.33680642249408
49035002870,UT,035,2870,935,48,832,3,6,21,6,0,19,706,30,639,2,5,19,4,0,7,NA,NA,NA,NA,NA,NA,NA,2,1,123.93113360349805,161.8795206176657
49035002874,UT,035,2874,1770,98,1491,81,4,38,0,5,53,1279,49,1130,50,1,27,0,1,21,NA,NA,NA,NA,NA,NA,NA,2,1,224.51546725052975,293.26332417846237
49035002876,UT,035,2876,894,17,856,1,0,5,0,2,13,658,16,629,1,0,5,0,2,5,NA,NA,NA,NA,NA,NA,NA,2,1,115.50522083725456,150.87354754450996
49035002878,UT,035,2878,757,24,694,5,0,11,3,2,18,548,14,516,2,0,10,2,0,4,NA,NA,NA,NA,NA,NA,NA,2,1,96.19583741461322,125.65152591852805
49035002886,UT,035,2886,739,27,657,10,12,16,7,0,10,613,17,556,5,7,16,6,0,6,NA,NA,NA,NA,NA,NA,NA,2,1,107.60592761890129,140.55544778842645
49035002902,UT,035,2902,1220,25,1151,0,0,20,1,0,23,895,13,858,0,0,15,1,0,8,NA,NA,NA,NA,NA,NA,NA,2,1,157.10816512058182,205.21553959321645
49035002912,UT,035,2912,1089,33,1020,5,3,18,0,0,10,828,17,785,4,3,13,0,0,6,NA,NA,NA,NA,NA,NA,NA,2,1,145.34699521770025,189.85303551193653
49035002914,UT,035,2914,1099,30,1017,11,3,13,6,2,17,808,16,758,8,3,10,2,1,10,NA,NA,NA,NA,NA,NA,NA,2,1,141.83619823176548,185.26721339812164
49035002918,UT,035,2918,1104,38,1041,3,2,9,1,4,6,845,18,809,1,2,7,1,3,4,NA,NA,NA,NA,NA,NA,NA,2,1,148.33117265574487,193.75098430867922
49035002920,UT,035,2920,797,24,755,6,0,8,0,0,4,582,16,559,0,0,7,0,0,0,NA,NA,NA,NA,NA,NA,NA,2,1,102.16419229070236,133.44742351201336
49035002924,UT,035,2924,917,18,851,10,4,18,0,0,16,683,13,636,6,4,13,0,0,11,NA,NA,NA,NA,NA,NA,NA,2,1,119.89371706967304,156.6058251867786
49035002926,UT,035,2926,872,70,766,7,6,10,5,0,8,697,48,623,7,3,8,4,0,4,NA,NA,NA,NA,NA,NA,NA,2,1,122.3512749598274,159.815900666449
49035002928,UT,035,2928,874,27,811,3,3,20,5,1,4,655,17,612,1,3,14,3,1,4,NA,NA,NA,NA,NA,NA,NA,2,1,114.97860128936435,150.18567422743772
49035002932,UT,035,2932,1029,9,990,0,0,27,0,0,3,741,4,715,0,0,21,0,0,1,NA,NA,NA,NA,NA,NA,NA,2,1,130.07502832888395,169.90470931684177
49035002934,UT,035,2934,884,23,827,1,0,19,0,0,14,660,18,617,1,0,17,0,0,7,NA,NA,NA,NA,NA,NA,NA,2,1,115.85630053584805,151.33212975589146
49035002940,UT,035,2940,983,17,904,4,1,32,2,0,23,745,10,697,4,1,27,2,0,4,NA,NA,NA,NA,NA,NA,NA,2,1,130.7771877260709,170.82187373960474
49035002944,UT,035,2944,1165,31,1092,1,3,13,3,1,21,875,21,829,1,3,11,3,1,6,NA,NA,NA,NA,NA,NA,NA,2,1,153.597368134647,200.62971747940153
49035002948,UT,035,2948,682,17,639,4,4,11,0,0,7,495,13,469,0,3,8,0,0,2,NA,NA,NA,NA,NA,NA,NA,2,1,86.89222540188604,113.4990973169186
49035002950,UT,035,2950,859,25,812,0,1,11,0,0,10,623,14,592,0,1,7,0,0,9,NA,NA,NA,NA,NA,NA,NA,2,1,109.36132611186869,142.8483588453339
49035002962,UT,035,2962,1082,32,1003,6,3,8,11,0,19,755,21,709,6,1,2,6,0,10,NA,NA,NA,NA,NA,NA,NA,2,1,132.5325862190383,173.1147847965122
49035002966,UT,035,2966,706,7,687,2,0,2,0,0,8,535,4,525,0,0,2,0,0,4,NA,NA,NA,NA,NA,NA,NA,2,1,93.91381937375562,122.67074154454838
49035002967,UT,035,2967,545,11,529,0,0,1,0,0,4,413,8,402,0,0,1,0,0,2,NA,NA,NA,NA,NA,NA,NA,2,1,72.4979577595534,94.69722665027753
49035002968,UT,035,2968,1112,17,1055,1,1,18,7,0,13,745,11,711,1,1,12,5,0,4,NA,NA,NA,NA,NA,NA,NA,2,1,130.7771877260709,170.82187373960474
49035002970,UT,035,2970,981,13,940,0,0,11,1,1,15,667,9,644,0,0,7,1,1,5,NA,NA,NA,NA,NA,NA,NA,2,1,117.08507948092522,152.93716749572664
49035002974,UT,035,2974,1099,21,1014,1,7,42,0,0,14,836,11,779,1,6,33,0,0,6,NA,NA,NA,NA,NA,NA,NA,2,1,146.75131401207418,191.68736435746249
49035003122,UT,035,3122,1691,297,1222,6,12,11,101,2,40,1091,166,834,5,9,7,48,1,21,NA,NA,NA,NA,NA,NA,NA,2,2,191.51397558274275,250.15659630860236
49035003124,UT,035,3124,1849,392,1398,7,18,7,8,1,18,1261,227,1004,4,10,4,6,0,6,NA,NA,NA,NA,NA,NA,NA,2,2,221.35574996318846,289.13608427602895
49035003126,UT,035,3126,1355,408,863,8,4,3,45,4,20,919,241,633,5,3,3,23,1,10,NA,NA,NA,NA,NA,NA,NA,2,2,161.32112150370355,210.7185261297943
49035003128,UT,035,3128,1081,228,805,6,13,0,13,0,16,755,146,580,2,11,0,11,0,5,NA,NA,NA,NA,NA,NA,NA,2,2,132.5325862190383,173.1147847965122
49035003130,UT,035,3130,1850,367,1312,7,14,81,43,1,25,1275,206,974,7,11,43,21,1,12,NA,NA,NA,NA,NA,NA,NA,2,2,223.81330785334282,292.34615975569943
49035003132,UT,035,3132,1528,357,1094,4,12,7,26,0,28,1052,211,797,1,9,7,12,0,15,NA,NA,NA,NA,NA,NA,NA,2,2,184.6679214601699,241.21424318666334
49035003136,UT,035,3136,1294,256,938,3,11,26,41,1,18,906,154,684,2,6,21,23,1,15,NA,NA,NA,NA,NA,NA,NA,2,2,159.03910346284596,207.73774175581462
49035003140,UT,035,3140,1822,299,1378,3,13,55,40,2,32,1074,169,819,3,8,42,20,1,12,NA,NA,NA,NA,NA,NA,NA,2,2,188.5297981446982,246.25864751185972
49035003141,UT,035,3141,1048,219,710,11,8,33,42,5,20,627,131,439,4,5,20,20,1,7,NA,NA,NA,NA,NA,NA,NA,2,2,110.06348550905564,143.76552326809687
49035003142,UT,035,3142,1411,238,1086,6,12,9,34,0,26,1007,142,816,6,11,7,12,0,13,NA,NA,NA,NA,NA,NA,NA,2,2,176.76862824181663,230.89614343057983
49035003146,UT,035,3146,1272,189,1009,8,11,17,8,7,23,714,97,577,4,4,12,4,4,12,NA,NA,NA,NA,NA,NA,NA,2,2,125.33545239787196,163.71384946319165
49035003148,UT,035,3148,1435,220,1069,1,8,26,78,0,33,811,123,609,1,8,20,37,0,13,NA,NA,NA,NA,NA,NA,NA,2,2,142.3628177796557,185.9550867151939
49035003149,UT,035,3149,1763,317,1346,26,7,18,23,3,23,1035,167,818,11,5,11,12,2,9,NA,NA,NA,NA,NA,NA,NA,2,2,181.68374402212532,237.31629438992067
49035003150,UT,035,3150,1484,188,1215,11,4,33,11,5,17,829,90,701,6,2,21,3,2,4,NA,NA,NA,NA,NA,NA,NA,2,2,145.52253506699702,190.0823266176273
49035003151,UT,035,3151,1725,413,1197,8,14,2,53,6,32,1125,237,819,5,10,1,29,4,20,NA,NA,NA,NA,NA,NA,NA,2,2,197.48233045883188,257.95249390208767
49035003152,UT,035,3152,1612,230,1246,10,8,67,14,14,23,937,130,731,4,4,46,8,6,8,NA,NA,NA,NA,NA,NA,NA,2,2,164.48083879104487,214.84576603222771
49035003153,UT,035,3153,2857,506,2139,27,21,56,64,0,44,1734,293,1319,15,16,37,34,0,20,NA,NA,NA,NA,NA,NA,NA,2,2,304.38609868054624,397.59077726775115
49035003154,UT,035,3154,2080,461,1486,15,15,37,43,0,23,1320,260,987,3,10,25,26,0,9,NA,NA,NA,NA,NA,NA,NA,2,2,231.7126010716961,302.6642595117829
49035003155,UT,035,3155,834,124,671,0,9,6,17,0,7,469,72,385,0,3,4,4,0,1,NA,NA,NA,NA,NA,NA,NA,2,2,82.32818932017081,107.53752856895923
49035003156,UT,035,3156,1094,232,816,11,1,5,14,2,13,672,131,512,8,1,4,10,0,6,NA,NA,NA,NA,NA,NA,NA,2,2,117.9627787274089,154.08362302418038
49035003157,UT,035,3157,2050,172,1784,5,4,29,15,1,40,1142,104,987,4,4,20,11,0,12,NA,NA,NA,NA,NA,NA,NA,2,2,200.46650789687644,261.85044269883036
49035003158,UT,035,3158,1412,203,1127,11,14,13,25,0,19,837,115,675,8,11,9,14,0,5,NA,NA,NA,NA,NA,NA,NA,2,2,146.92685386137092,191.91665546315323
49035003159,UT,035,3159,1873,216,1516,11,6,40,47,0,37,1061,117,868,7,6,28,26,0,9,NA,NA,NA,NA,NA,NA,NA,2,2,186.24778010384057,243.27786313788005
49035003160,UT,035,3160,1462,165,1231,4,0,28,19,5,10,819,85,696,3,0,20,8,2,5,NA,NA,NA,NA,NA,NA,NA,2,2,143.76713657402962,187.78941556071985
49035003162,UT,035,3162,2017,474,1399,13,34,44,21,2,30,1175,275,814,7,18,34,13,2,12,NA,NA,NA,NA,NA,NA,NA,2,2,206.25932292366886,269.4170491866249
49035003163,UT,035,3163,1549,208,1262,6,6,8,36,0,23,847,114,691,3,2,6,23,0,8,NA,NA,NA,NA,NA,NA,NA,2,2,148.68225235433832,194.2095665200607
49035003164,UT,035,3164,2274,506,1610,14,8,35,56,2,43,1373,293,986,5,7,25,37,2,18,NA,NA,NA,NA,NA,NA,NA,2,2,241.01621308442327,314.81668811339233
49035003210,UT,035,3210,1597,176,1301,18,7,62,17,0,16,1163,115,976,16,1,38,8,0,9,NA,NA,NA,NA,NA,NA,NA,3,2,204.15284473210798,266.665555918336
49035003212,UT,035,3212,1111,176,806,28,13,29,33,5,21,799,112,608,19,8,23,19,5,5,NA,NA,NA,NA,NA,NA,NA,3,2,140.25633958809482,183.20359344690493
49035003214,UT,035,3214,1134,103,964,1,15,47,0,0,4,821,62,719,0,6,31,0,0,3,NA,NA,NA,NA,NA,NA,NA,3,2,144.1182162726231,188.24799777210134
49035003217,UT,035,3217,1527,131,1228,5,12,78,41,0,32,1121,88,923,3,9,60,20,0,18,NA,NA,NA,NA,NA,NA,NA,2,2,196.78017106164492,257.03532947932473
49035003218,UT,035,3218,1591,254,1090,40,33,79,41,8,46,1311,190,932,36,24,68,25,6,30,NA,NA,NA,NA,NA,NA,NA,2,2,230.13274242802544,300.6006395605662
49035003219,UT,035,3219,1433,210,1118,13,17,36,7,1,31,1191,163,948,10,14,33,6,1,16,NA,NA,NA,NA,NA,NA,NA,2,2,209.0679605124167,273.08570687767684
49035003220,UT,035,3220,1516,364,1040,5,40,28,15,0,24,1086,253,756,5,24,20,12,0,16,NA,NA,NA,NA,NA,NA,NA,3,2,190.63627633625904,249.01014078014865
49035003221,UT,035,3221,1858,345,1335,47,27,17,58,0,29,1117,180,855,20,12,14,27,0,9,NA,NA,NA,NA,NA,NA,NA,2,2,196.078011664458,256.11816505656174
49035003222,UT,035,3222,1686,315,1253,3,17,47,18,1,32,1104,183,849,1,13,31,11,0,16,NA,NA,NA,NA,NA,NA,NA,2,2,193.79599362360037,253.13738068258206
49035003223,UT,035,3223,1041,77,887,2,2,28,20,6,19,692,47,593,1,2,22,15,3,9,NA,NA,NA,NA,NA,NA,NA,2,2,121.4735757133437,158.66944513799527
49035003224,UT,035,3224,1710,149,1300,20,2,183,5,6,45,1167,103,895,13,2,134,2,1,17,NA,NA,NA,NA,NA,NA,NA,2,2,204.85500412929494,267.582720341099
49035003225,UT,035,3225,193,10,169,0,0,11,0,0,3,137,9,121,0,0,5,0,0,2,NA,NA,NA,NA,NA,NA,NA,2,2,24.048959353653306,31.412881479632013
49035003226,UT,035,3226,1209,58,1016,0,8,73,26,2,26,882,37,762,0,3,46,17,1,16,NA,NA,NA,NA,NA,NA,NA,2,2,154.82614707972422,202.23475521923677
49035003227,UT,035,3227,1342,169,1048,10,14,62,19,0,20,919,98,737,6,10,47,11,0,10,NA,NA,NA,NA,NA,NA,NA,2,2,161.32112150370355,210.7185261297943
49035003228,UT,035,3228,1011,91,848,1,4,34,21,3,9,740,56,632,1,3,30,11,3,4,NA,NA,NA,NA,NA,NA,NA,2,2,129.8994884795872,169.67541821115103
49035003229,UT,035,3229,1451,289,1002,10,33,35,36,2,44,1127,183,843,8,21,23,26,2,21,NA,NA,NA,NA,NA,NA,NA,2,2,197.83341015742536,258.4110761134692
49035003230,UT,035,3230,1252,95,1128,2,0,18,3,0,6,931,64,848,1,0,15,1,0,2,NA,NA,NA,NA,NA,NA,NA,2,2,163.42759969526443,213.47001939808322
49035003231,UT,035,3231,111,1,89,2,0,11,8,0,0,83,1,71,2,0,4,5,0,0,NA,NA,NA,NA,NA,NA,NA,2,2,14.569807491629374,19.031161772331803
49035003232,UT,035,3232,975,55,864,1,0,21,17,0,17,616,29,556,1,0,16,6,0,8,NA,NA,NA,NA,NA,NA,NA,2,2,108.1325471667915,141.24332110549867
49035003233,UT,035,3233,1135,50,1045,3,7,13,0,0,17,735,28,686,1,5,7,0,0,8,NA,NA,NA,NA,NA,NA,NA,2,2,129.0217892331035,168.52896268269728
49035003234,UT,035,3234,1245,154,972,21,51,17,21,0,9,990,99,814,12,32,13,12,0,8,NA,NA,NA,NA,NA,NA,NA,2,2,173.78445080377207,226.9981946338372
49035003235,UT,035,3235,1779,251,1376,36,36,23,9,0,48,1312,152,1063,24,23,19,7,0,24,NA,NA,NA,NA,NA,NA,NA,2,2,230.30828227732218,300.829930666257
49035003236,UT,035,3236,1167,106,993,4,28,23,1,0,12,870,77,746,4,18,18,1,0,6,NA,NA,NA,NA,NA,NA,NA,2,2,152.7196688881633,199.48326195094782
49035003239,UT,035,3239,1589,270,1223,8,6,32,30,2,18,938,159,720,4,3,27,18,1,6,NA,NA,NA,NA,NA,NA,NA,2,2,164.65637864034161,215.07505713791846
49035003240,UT,035,3240,2208,400,1615,14,17,80,52,0,30,1349,234,1003,11,11,56,24,0,10,NA,NA,NA,NA,NA,NA,NA,2,2,236.80325670130154,309.3137015768145
49035003241,UT,035,3241,2789,507,2038,21,28,64,61,3,67,1679,287,1245,12,14,52,34,2,33,NA,NA,NA,NA,NA,NA,NA,2,2,294.7314069692256,384.97976645476024
49035003242,UT,035,3242,1263,79,1142,7,0,12,14,0,9,868,50,786,7,0,12,9,0,4,NA,NA,NA,NA,NA,NA,NA,2,2,152.36858918956986,199.02467973956635
49035003243,UT,035,3243,1348,136,1124,14,7,26,14,4,23,856,89,724,6,5,16,9,0,7,NA,NA,NA,NA,NA,NA,NA,2,2,150.26211099800898,196.2731864712774
49035003244,UT,035,3244,1007,64,896,10,2,10,18,0,7,722,41,649,9,2,6,15,0,0,NA,NA,NA,NA,NA,NA,NA,2,2,126.7397711922459,165.5481783087176
49035003248,UT,035,3248,1111,189,827,23,12,37,6,0,17,894,136,686,17,9,30,5,0,11,NA,NA,NA,NA,NA,NA,NA,2,2,156.93262527128508,204.98624848752567
49035003249,UT,035,3249,1066,61,951,15,1,22,11,0,5,682,34,620,10,0,12,6,0,0,NA,NA,NA,NA,NA,NA,NA,2,2,119.7181772203763,156.3765340810878
49035003250,UT,035,3250,1508,170,1226,3,7,58,19,0,25,997,91,836,3,4,41,7,0,15,NA,NA,NA,NA,NA,NA,NA,2,2,175.01322974884923,228.60323237367237
49035003254,UT,035,3254,1712,215,1382,3,9,39,47,2,15,1190,130,983,3,8,28,26,2,10,NA,NA,NA,NA,NA,NA,NA,2,2,208.89242066311994,272.85641577198606
49035003260,UT,035,3260,1299,124,1082,6,8,48,17,0,14,887,76,758,2,5,30,8,0,8,NA,NA,NA,NA,NA,NA,NA,2,2,155.7038463262079,203.3812107476905
49035003261,UT,035,3261,1232,74,1063,3,0,54,25,1,12,898,47,799,3,0,37,7,0,5,NA,NA,NA,NA,NA,NA,NA,2,2,157.63478466847204,205.90341291028867
49035003262,UT,035,3262,491,92,353,5,10,11,14,0,6,335,53,250,4,5,9,11,0,3,NA,NA,NA,NA,NA,NA,NA,2,2,58.80584951440772,76.81252040639946
49035003264,UT,035,3264,1462,74,1318,16,5,7,24,0,18,939,44,852,10,5,7,16,0,5,NA,NA,NA,NA,NA,NA,NA,2,2,164.83191848963835,215.3043482436092
49035003265,UT,035,3265,1339,164,1074,5,6,42,25,1,22,816,97,663,1,3,25,16,1,10,NA,NA,NA,NA,NA,NA,NA,2,2,143.2405170261394,187.10154224364763
49035003266,UT,035,3266,1325,75,1198,2,4,21,13,0,12,987,55,899,1,3,15,8,0,6,NA,NA,NA,NA,NA,NA,NA,2,2,173.25783125588183,226.3103213167649
49035003268,UT,035,3268,1498,115,1307,2,5,25,24,0,20,1013,68,908,2,3,17,11,0,4,NA,NA,NA,NA,NA,NA,NA,2,2,177.82186733759707,232.2718900647243
49035003270,UT,035,3270,760,65,665,0,8,20,0,0,2,538,36,482,0,4,15,0,0,1,NA,NA,NA,NA,NA,NA,NA,2,2,94.44043892164584,123.35861486162061
49035003272,UT,035,3272,2388,459,1678,32,15,100,41,8,55,1650,293,1201,25,14,68,24,5,20,NA,NA,NA,NA,NA,NA,NA,2,2,289.6407513396201,378.3303243897286
49035003274,UT,035,3274,970,60,868,2,0,37,0,0,3,680,42,611,0,0,26,0,0,1,NA,NA,NA,NA,NA,NA,NA,2,2,119.36709752178284,155.91795186970634
49035003300,UT,035,3300,1325,88,1173,13,5,9,6,2,29,787,51,702,7,2,7,5,2,11,NA,NA,NA,NA,NA,NA,NA,2,2,138.14986139653396,180.452100178616
49035003310,UT,035,3310,726,62,642,0,1,3,2,0,16,514,41,464,0,0,3,1,0,5,NA,NA,NA,NA,NA,NA,NA,3,2,90.22748253852409,117.85562832504274
49035003320,UT,035,3320,2066,73,1947,2,20,3,5,0,16,1271,37,1209,1,12,3,2,0,7,NA,NA,NA,NA,NA,NA,NA,3,2,223.11114845615586,291.4289953329364
49035003330,UT,035,3330,98,0,97,0,0,1,0,0,0,62,0,61,0,0,1,0,0,0,NA,NA,NA,NA,NA,NA,NA,3,2,10.883470656397845,14.216048552826166
49035003400,UT,035,3400,2159,403,1616,13,10,30,42,1,44,1281,221,991,5,4,19,19,1,21,NA,NA,NA,NA,NA,NA,NA,2,2,224.86654694912323,293.72190638984387
49035003401,UT,035,3401,856,53,771,3,3,9,0,0,17,554,31,503,3,2,8,0,0,7,NA,NA,NA,NA,NA,NA,NA,2,2,97.24907651039366,127.02727255267253
49035003402,UT,035,3402,996,69,897,0,1,11,0,0,18,681,42,621,0,1,11,0,0,6,NA,NA,NA,NA,NA,NA,NA,2,2,119.54263737107956,156.14724297539706
49035003403,UT,035,3403,910,60,819,1,12,4,9,0,5,632,30,585,1,7,4,4,0,1,NA,NA,NA,NA,NA,NA,NA,2,2,110.94118475553934,144.9119787965506
49035003404,UT,035,3404,481,39,423,1,0,5,6,0,7,334,22,302,1,0,2,4,0,3,NA,NA,NA,NA,NA,NA,NA,2,2,58.63030966511098,76.5832293007087
49035003405,UT,035,3405,2242,430,1674,24,16,28,33,2,35,1652,291,1258,17,14,21,28,2,21,NA,NA,NA,NA,NA,NA,NA,2,2,289.9918310382136,378.7889066011101
49035003406,UT,035,3406,1264,131,1059,9,4,19,30,3,9,777,68,670,4,3,11,15,2,4,NA,NA,NA,NA,NA,NA,NA,2,2,136.39446290356656,178.15918912170858
49035003407,UT,035,3407,1417,109,1252,1,11,28,7,0,9,911,63,809,0,5,23,6,0,5,NA,NA,NA,NA,NA,NA,NA,2,2,159.91680270932966,208.88419728426837
49035003408,UT,035,3408,838,73,715,5,1,28,5,3,8,536,42,466,1,1,17,3,3,3,NA,NA,NA,NA,NA,NA,NA,2,2,94.08935922305234,122.90003265023911
49035003409,UT,035,3409,934,172,690,12,14,14,30,0,2,573,88,442,4,6,11,21,0,1,NA,NA,NA,NA,NA,NA,NA,2,2,100.58433364703171,131.38380356079668
49035003410,UT,035,3410,3369,271,2911,26,6,77,12,2,64,2092,151,1834,19,4,50,9,1,24,NA,NA,NA,NA,NA,NA,NA,2,2,367.22936472877893,479.67699310503775
49035003411,UT,035,3411,1065,118,866,5,3,23,45,0,5,635,72,520,4,3,14,20,0,2,NA,NA,NA,NA,NA,NA,NA,2,2,111.46780430342955,145.59985211362283
49035003412,UT,035,3412,1623,127,1432,4,2,20,16,2,20,980,73,879,2,2,13,7,0,4,NA,NA,NA,NA,NA,NA,NA,2,2,172.02905231080467,224.70528357692973
49035003413,UT,035,3413,942,98,814,0,0,3,8,7,12,621,70,537,0,0,3,4,4,3,NA,NA,NA,NA,NA,NA,NA,2,2,109.0102464132752,142.3897766339524
49035003414,UT,035,3414,1965,183,1707,1,7,28,21,1,17,1192,111,1042,0,3,16,11,0,9,NA,NA,NA,NA,NA,NA,NA,2,2,209.24350036171344,273.31499798336756
49035003416,UT,035,3416,2277,295,1804,11,8,90,20,3,46,1451,152,1191,6,8,60,16,0,18,NA,NA,NA,NA,NA,NA,NA,2,2,254.70832132956895,332.70139435727043
49035003417,UT,035,3417,1394,126,1179,5,1,30,27,1,25,839,72,716,3,1,22,18,0,7,NA,NA,NA,NA,NA,NA,NA,2,2,147.2779335599644,192.37523767453473
49035003418,UT,035,3418,1556,156,1338,9,5,30,7,1,10,1051,100,910,4,5,20,5,1,6,NA,NA,NA,NA,NA,NA,NA,2,2,184.49238161087317,240.9849520809726
49035003419,UT,035,3419,1685,215,1357,14,9,42,27,0,21,1010,123,822,8,6,32,16,0,3,NA,NA,NA,NA,NA,NA,NA,2,2,177.29524778970688,231.58401674765207
49035003420,UT,035,3420,2146,368,1608,42,14,34,36,2,42,1317,218,994,23,8,27,23,2,22,NA,NA,NA,NA,NA,NA,NA,2,2,231.18598152380585,301.97638619471064
49035003421,UT,035,3421,1415,134,1186,9,1,39,19,0,27,880,78,751,7,1,26,10,0,7,NA,NA,NA,NA,NA,NA,NA,2,2,154.4750673811307,201.77617300785525
49035003422,UT,035,3422,1663,156,1421,21,3,34,10,1,17,1035,79,903,9,3,28,5,1,7,NA,NA,NA,NA,NA,NA,NA,2,2,181.68374402212532,237.31629438992067
49035003423,UT,035,3423,2349,250,1938,14,19,83,10,0,35,1464,157,1216,6,8,57,7,0,13,NA,NA,NA,NA,NA,NA,NA,2,2,256.99033937042657,335.68217873125013
49035003424,UT,035,3424,820,41,726,6,1,40,0,1,5,575,25,514,2,1,28,0,1,4,NA,NA,NA,NA,NA,NA,NA,2,2,100.9354133456252,131.84238577217815
49035003425,UT,035,3425,1998,148,1728,22,16,36,10,1,37,1262,81,1118,10,6,29,7,1,10,NA,NA,NA,NA,NA,NA,NA,2,2,221.5312898124852,289.36537538171973
49035003426,UT,035,3426,1757,103,1568,10,5,49,4,2,16,1061,57,953,7,4,32,0,2,6,NA,NA,NA,NA,NA,NA,NA,2,2,186.24778010384057,243.27786313788005
49035003427,UT,035,3427,770,29,709,7,5,4,0,0,16,439,17,404,3,1,3,0,0,11,NA,NA,NA,NA,NA,NA,NA,2,2,77.06199384126863,100.65879539823689
49035003428,UT,035,3428,1744,139,1526,7,15,28,9,1,19,939,82,820,1,9,17,5,1,4,NA,NA,NA,NA,NA,NA,NA,2,2,164.83191848963835,215.3043482436092
49035003429,UT,035,3429,1335,91,1174,12,4,28,0,1,25,899,53,800,7,3,23,0,1,12,NA,NA,NA,NA,NA,NA,NA,2,2,157.81032451776878,206.1327040159794
49035003430,UT,035,3430,2117,154,1843,9,9,40,27,3,32,1470,99,1300,2,6,28,18,1,16,NA,NA,NA,NA,NA,NA,NA,2,2,258.043578466207,337.05792536539457
49035003431,UT,035,3431,1061,66,932,8,5,29,4,1,16,653,46,569,6,3,20,3,0,6,NA,NA,NA,NA,NA,NA,NA,2,2,114.62752159077085,149.72709201605622
49035003432,UT,035,3432,2227,268,1842,8,25,40,6,0,38,1495,169,1257,6,16,25,5,0,17,NA,NA,NA,NA,NA,NA,NA,2,2,262.43207469862546,342.7902030076632
49035003433,UT,035,3433,1739,122,1504,9,0,49,22,0,33,1050,66,914,7,0,38,10,0,15,NA,NA,NA,NA,NA,NA,NA,2,2,184.31684176157643,240.75566097528184
49035003434,UT,035,3434,3634,303,3117,20,21,46,77,1,49,2080,168,1798,15,10,36,39,1,13,NA,NA,NA,NA,NA,NA,NA,2,2,365.12288653721805,476.92549983674877
49035003435,UT,035,3435,1987,95,1800,11,10,42,2,0,27,1084,48,991,4,5,29,2,0,5,NA,NA,NA,NA,NA,NA,NA,2,2,190.28519663766556,248.55155856876718
49035003436,UT,035,3436,1037,66,951,4,1,4,5,1,5,630,38,581,2,1,2,2,0,4,NA,NA,NA,NA,NA,NA,NA,2,2,110.59010505694586,144.45339658516912
49035003437,UT,035,3437,1301,90,1170,0,4,14,7,2,14,808,46,737,0,2,10,4,0,9,NA,NA,NA,NA,NA,NA,NA,2,2,141.83619823176548,185.26721339812164
49035003438,UT,035,3438,1654,234,1320,7,20,35,6,0,32,1034,134,838,3,15,30,5,0,9,NA,NA,NA,NA,NA,NA,NA,2,2,181.50820417282858,237.08700328422992
49035003440,UT,035,3440,2618,117,2368,11,6,76,7,0,33,1407,54,1281,5,3,49,6,0,9,NA,NA,NA,NA,NA,NA,NA,2,2,246.98456796051244,322.6125857068777
49035003441,UT,035,3441,1580,483,1006,1,21,19,12,6,32,1090,326,709,1,18,14,8,0,14,NA,NA,NA,NA,NA,NA,NA,2,2,191.33843573344603,249.92730520291164
49035003442,UT,035,3442,1222,129,980,7,3,69,11,0,23,787,78,644,6,2,40,7,0,10,NA,NA,NA,NA,NA,NA,NA,2,2,138.14986139653396,180.452100178616
49035003443,UT,035,3443,2190,168,1948,7,2,24,3,6,32,1241,95,1106,6,2,16,3,5,8,NA,NA,NA,NA,NA,NA,NA,2,2,217.84495297725366,284.55026216221404
49035003502,UT,035,3502,3162,140,2894,8,0,31,29,6,54,1846,73,1714,6,0,15,19,5,14,NA,NA,NA,NA,NA,NA,NA,2,2,324.046561801781,423.2713811051146
49035003504,UT,035,3504,2054,71,1944,9,5,11,3,1,10,1171,42,1110,2,5,5,1,0,6,NA,NA,NA,NA,NA,NA,NA,2,2,205.5571635264819,268.4998847638619
49035003507,UT,035,3507,1249,61,1129,3,0,30,6,6,14,761,34,692,2,0,21,3,4,5,NA,NA,NA,NA,NA,NA,NA,2,2,133.58582531481872,174.49053143065663
49035003508,UT,035,3508,1427,79,1310,3,0,26,2,0,7,791,40,724,2,0,18,2,0,5,NA,NA,NA,NA,NA,NA,NA,2,2,138.8520207937209,181.369264601379
49035003509,UT,035,3509,1744,35,1638,3,0,32,9,0,27,1008,21,942,1,0,22,5,0,17,NA,NA,NA,NA,NA,NA,NA,2,2,176.94416809111337,231.12543453627057
49035003510,UT,035,3510,1835,72,1719,0,4,14,7,2,17,1025,41,958,0,2,10,4,2,8,NA,NA,NA,NA,NA,NA,NA,2,2,179.92834552915792,235.02338333301321
49035003512,UT,035,3512,1751,34,1648,11,0,29,16,0,13,1056,20,1003,3,0,16,7,0,7,NA,NA,NA,NA,NA,NA,NA,2,2,185.37008085735687,242.13140760942633
49035003513,UT,035,3513,1107,32,1041,6,1,11,0,2,14,713,20,668,4,1,10,0,2,8,NA,NA,NA,NA,NA,NA,NA,2,2,125.15991254857525,163.48455835750093
49035003514,UT,035,3514,1263,28,1216,5,1,7,0,0,6,706,13,684,2,1,4,0,0,2,NA,NA,NA,NA,NA,NA,NA,2,2,123.93113360349805,161.8795206176657
49035003516,UT,035,3516,823,24,779,1,0,4,1,0,14,487,13,463,0,0,2,1,0,8,NA,NA,NA,NA,NA,NA,NA,2,2,85.48790660751212,111.66476847139262
49035003518,UT,035,3518,1885,67,1772,5,0,22,9,3,7,1166,41,1097,3,0,14,5,1,5,NA,NA,NA,NA,NA,NA,NA,2,2,204.6794642799982,267.3534292354082
49035003519,UT,035,3519,661,2,642,0,0,5,11,0,1,581,2,568,0,0,5,5,0,1,NA,NA,NA,NA,NA,NA,NA,2,2,101.98865244140562,133.2181324063226
49035003520,UT,035,3520,1183,30,1121,2,1,12,1,0,16,721,14,692,1,0,8,1,0,5,NA,NA,NA,NA,NA,NA,NA,2,2,126.56423134294916,165.31888720302686
49035003530,UT,035,3530,2392,86,2277,0,4,5,7,0,13,1488,44,1432,0,1,1,5,0,5,NA,NA,NA,NA,NA,NA,NA,2,2,261.20329575354833,341.185165267828
49035003534,UT,035,3534,1766,52,1668,1,2,12,6,2,23,1109,28,1055,0,2,11,3,2,8,NA,NA,NA,NA,NA,NA,NA,2,2,194.67369287008404,254.28383621103578
49035003535,UT,035,3535,1067,11,1017,9,3,11,0,6,10,678,4,653,4,3,5,0,4,5,NA,NA,NA,NA,NA,NA,NA,2,2,119.01601782318936,155.45936965832485
49035003536,UT,035,3536,741,29,699,0,1,2,0,1,9,456,19,429,0,1,0,0,0,7,NA,NA,NA,NA,NA,NA,NA,2,2,80.04617127931319,104.55674419497954
49035003540,UT,035,3540,2190,57,2041,0,3,29,20,2,38,1322,24,1251,0,2,19,12,1,13,NA,NA,NA,NA,NA,NA,NA,2,2,232.06368077028958,303.1228417231644
49035003550,UT,035,3550,1139,52,1053,14,0,4,1,2,13,805,32,752,9,0,4,1,0,7,NA,NA,NA,NA,NA,NA,NA,2,2,141.30957868387526,184.57934008104942
49035003602,UT,035,3602,1578,40,1510,1,1,4,7,1,14,847,23,815,1,0,4,2,0,2,NA,NA,NA,NA,NA,NA,NA,2,2,148.68225235433832,194.2095665200607
49035003603,UT,035,3603,1436,58,1337,2,0,19,3,0,17,791,33,741,2,0,8,3,0,4,NA,NA,NA,NA,NA,NA,NA,2,2,138.8520207937209,181.369264601379
49035003604,UT,035,3604,1450,32,1400,2,0,10,1,0,5,943,20,911,0,0,8,1,0,3,NA,NA,NA,NA,NA,NA,NA,2,2,165.53407788682532,216.22151266637218
49035003606,UT,035,3606,939,16,901,0,6,5,1,0,10,578,10,557,0,2,5,1,0,3,NA,NA,NA,NA,NA,NA,NA,2,2,101.46203289351541,132.5302590892504
49035003607,UT,035,3607,1334,20,1282,2,5,10,5,0,10,717,16,685,0,5,7,2,0,2,NA,NA,NA,NA,NA,NA,NA,2,2,125.8620719457622,164.4017227802639
49035003608,UT,035,3608,1536,82,1399,2,8,22,9,0,14,839,36,781,1,3,10,6,0,2,NA,NA,NA,NA,NA,NA,NA,2,2,147.2779335599644,192.37523767453473
49035003610,UT,035,3610,1436,20,1390,2,0,5,0,0,19,831,7,818,0,0,4,0,0,2,NA,NA,NA,NA,NA,NA,NA,2,2,145.8736147655905,190.5409088290088
49035003612,UT,035,3612,1437,46,1371,5,0,11,2,0,2,820,24,787,1,0,8,0,0,0,NA,NA,NA,NA,NA,NA,NA,2,2,143.94267642332636,188.0187066664106
49035003618,UT,035,3618,2590,96,2453,14,4,7,4,2,10,1495,49,1431,3,2,6,3,0,1,NA,NA,NA,NA,NA,NA,NA,3,2,262.43207469862546,342.7902030076632
49035003620,UT,035,3620,1920,46,1816,1,0,16,10,0,31,1057,23,1010,1,0,8,8,0,7,NA,NA,NA,NA,NA,NA,NA,2,2,185.5456207066536,242.36069871511708
49035003621,UT,035,3621,1008,52,923,7,1,3,12,0,10,531,25,493,3,1,3,3,0,3,NA,NA,NA,NA,NA,NA,NA,2,2,93.21165997656864,121.75357712178538
49035003622,UT,035,3622,1940,84,1806,5,12,12,1,4,16,1103,38,1047,1,6,8,1,1,1,NA,NA,NA,NA,NA,NA,NA,2,2,193.62045377430363,252.9080895768913
49035003624,UT,035,3624,1915,83,1799,2,2,8,2,0,19,1162,48,1097,2,2,4,1,0,8,NA,NA,NA,NA,NA,NA,NA,2,2,203.97730488281124,266.4362648126452
49035003626,UT,035,3626,1255,23,1217,2,0,5,0,0,8,664,9,646,0,0,5,0,0,4,NA,NA,NA,NA,NA,NA,NA,2,2,116.558459933035,152.24929417865442
49035003628,UT,035,3628,1395,30,1355,2,2,4,0,0,2,768,17,745,0,2,2,0,0,2,NA,NA,NA,NA,NA,NA,NA,2,2,134.8146042598959,176.09556917049187
49035003636,UT,035,3636,1842,65,1736,5,12,16,2,1,5,1217,37,1150,3,6,15,2,0,4,NA,NA,NA,NA,NA,NA,NA,2,2,213.63199659413192,279.0472756256362
49035003700,UT,035,3700,1523,42,1433,0,18,4,5,7,14,965,28,913,0,8,4,4,3,5,NA,NA,NA,NA,NA,NA,NA,3,2,169.39595457135357,221.26591699156856
49035003802,UT,035,3802,1516,31,1465,2,4,2,11,0,1,964,26,926,0,2,2,7,0,1,NA,NA,NA,NA,NA,NA,NA,2,2,169.22041472205683,221.0366258858778
49035003803,UT,035,3803,2015,75,1913,5,6,5,1,0,10,1111,42,1057,0,4,4,0,0,4,NA,NA,NA,NA,NA,NA,NA,2,2,195.02477256867755,254.74241842241727
49035003804,UT,035,3804,1169,51,1105,4,2,4,0,0,3,682,20,658,0,1,1,0,0,2,NA,NA,NA,NA,NA,NA,NA,2,2,119.7181772203763,156.3765340810878
49035004100,UT,035,4100,1862,232,1391,28,45,82,10,4,70,1432,158,1116,20,24,67,6,4,37,NA,NA,NA,NA,NA,NA,NA,2,1,251.3730641929309,328.3448633491463
49035004103,UT,035,4103,1770,342,1252,24,30,55,29,2,36,1321,216,988,13,17,43,18,2,24,NA,NA,NA,NA,NA,NA,NA,2,1,231.88814092099284,302.89355061747364
49035004104,UT,035,4104,656,39,569,8,5,21,1,0,13,509,29,449,5,2,18,1,0,5,NA,NA,NA,NA,NA,NA,NA,2,1,89.34978329204039,116.70917279658902
49035004106,UT,035,4106,999,86,843,8,8,45,0,0,9,882,68,759,6,8,35,0,0,6,NA,NA,NA,NA,NA,NA,NA,2,1,154.82614707972422,202.23475521923677
49035004107,UT,035,4107,995,88,857,8,2,31,0,1,8,834,66,724,8,2,28,0,1,5,NA,NA,NA,NA,NA,NA,NA,2,1,146.40023431348072,191.22878214608102
49035004108,UT,035,4108,1162,89,954,15,9,50,3,2,40,917,53,781,9,5,36,2,0,31,NA,NA,NA,NA,NA,NA,NA,2,1,160.97004180511007,210.2599439184128
49035004120,UT,035,4120,1596,144,1346,22,13,26,3,3,39,1207,89,1046,15,9,21,3,1,23,NA,NA,NA,NA,NA,NA,NA,2,1,211.87659810116455,276.75436456872876
49035004122,UT,035,4122,975,35,902,3,0,22,2,0,11,803,22,760,3,0,11,2,0,5,NA,NA,NA,NA,NA,NA,NA,2,1,140.95849898528178,184.12075786966793
49035004124,UT,035,4124,706,45,615,11,1,13,4,0,17,557,29,492,10,1,11,4,0,10,NA,NA,NA,NA,NA,NA,NA,2,1,97.77569605828387,127.71514586974475
49035004126,UT,035,4126,1179,51,1055,10,3,31,1,0,28,900,39,820,5,2,21,1,0,12,NA,NA,NA,NA,NA,NA,NA,2,1,157.98586436706552,206.36199512167016
49035004128,UT,035,4128,1404,92,1165,15,21,59,10,3,39,1067,57,902,10,13,51,10,3,21,NA,NA,NA,NA,NA,NA,NA,2,1,187.30101919962098,244.65360977202448
49035004130,UT,035,4130,752,50,689,2,0,6,0,0,5,565,26,526,2,0,6,0,0,5,NA,NA,NA,NA,NA,NA,NA,2,1,99.18001485265779,129.54947471527072
49035004136,UT,035,4136,1216,35,1116,18,4,22,2,4,15,911,25,838,10,4,20,1,2,11,NA,NA,NA,NA,NA,NA,NA,2,1,159.91680270932966,208.88419728426837
49035004138,UT,035,4138,792,33,725,0,1,15,1,5,12,566,20,523,0,1,11,1,2,8,NA,NA,NA,NA,NA,NA,NA,2,1,99.35555470195453,129.77876582096147
49035004140,UT,035,4140,978,46,883,3,0,26,0,0,20,725,26,670,2,0,18,0,0,9,NA,NA,NA,NA,NA,NA,NA,2,1,127.2663907401361,166.23605162578986
49035004144,UT,035,4144,1016,25,938,1,0,24,0,0,28,744,18,694,1,0,16,0,0,15,NA,NA,NA,NA,NA,NA,NA,2,1,130.60164787677417,170.592582633914
49035004150,UT,035,4150,796,76,644,15,17,20,5,0,19,574,47,477,8,13,19,5,0,5,NA,NA,NA,NA,NA,NA,NA,2,1,100.75987349632845,131.6130946664874
49035004151,UT,035,4151,750,83,558,14,1,55,27,1,11,519,53,388,6,1,47,16,1,7,NA,NA,NA,NA,NA,NA,NA,2,1,91.10518178500779,119.00208385349646
49035004152,UT,035,4152,1025,61,869,10,11,56,4,1,13,903,46,783,10,7,41,4,1,11,NA,NA,NA,NA,NA,NA,NA,2,1,158.51248391495574,207.04986843874238
49035004153,UT,035,4153,1068,51,972,12,2,15,0,0,16,916,41,838,8,2,15,0,0,12,NA,NA,NA,NA,NA,NA,NA,2,1,160.79450195581333,210.03065281272205
49035004154,UT,035,4154,769,20,726,6,2,8,1,0,6,609,17,576,3,1,8,1,0,3,NA,NA,NA,NA,NA,NA,NA,2,1,106.90376822171433,139.63828336566345
49035004156,UT,035,4156,977,49,887,5,1,19,2,0,14,747,25,690,4,1,15,1,0,11,NA,NA,NA,NA,NA,NA,NA,2,1,131.12826742466436,171.2804559509862
49035004158,UT,035,4158,995,13,958,3,4,7,4,0,6,792,9,764,2,4,6,3,0,4,NA,NA,NA,NA,NA,NA,NA,2,1,139.02756064301767,181.59855570706975
49035004160,UT,035,4160,905,18,849,4,5,21,1,0,7,818,16,772,4,3,17,1,0,5,NA,NA,NA,NA,NA,NA,NA,2,1,143.59159672473288,187.5601244550291
49035004164,UT,035,4164,1086,78,910,17,3,57,1,0,20,789,42,683,12,3,36,1,0,12,NA,NA,NA,NA,NA,NA,NA,2,1,138.50094109512742,180.91068238999748
49035004166,UT,035,4166,889,25,832,1,1,18,0,0,12,691,19,649,1,0,16,0,0,6,NA,NA,NA,NA,NA,NA,NA,2,1,121.29803586404695,158.44015403230452
49035004167,UT,035,4167,1192,48,1079,10,1,26,0,6,22,924,29,847,8,1,24,0,5,10,NA,NA,NA,NA,NA,NA,NA,2,1,162.19882075018725,211.86498165824804
49035004168,UT,035,4168,1172,154,939,26,16,20,2,0,15,909,108,751,19,8,13,1,0,9,NA,NA,NA,NA,NA,NA,NA,2,1,159.56572301073618,208.42561507288687
49035004172,UT,035,4172,1007,38,923,12,6,8,2,0,18,790,30,723,8,5,8,2,0,14,NA,NA,NA,NA,NA,NA,NA,2,1,138.67648094442416,181.13997349568825
49035004180,UT,035,4180,796,25,736,3,4,8,1,0,19,618,19,574,2,2,7,1,0,13,NA,NA,NA,NA,NA,NA,NA,2,1,108.48362686538499,141.7019033168802
49035004182,UT,035,4182,828,19,781,3,0,22,1,0,2,675,13,639,3,0,17,1,0,2,NA,NA,NA,NA,NA,NA,NA,2,1,118.48939827529914,154.77149634125263
49035004184,UT,035,4184,1344,103,1131,17,7,65,0,1,20,1129,68,978,11,4,55,0,1,12,NA,NA,NA,NA,NA,NA,NA,2,1,198.18448985601884,258.86965832485066
49035004192,UT,035,4192,1102,37,982,5,6,54,2,0,16,821,29,739,3,5,38,2,0,5,NA,NA,NA,NA,NA,NA,NA,2,1,144.1182162726231,188.24799777210134
49035004194,UT,035,4194,1384,59,1230,16,13,40,2,2,22,1101,47,975,15,9,38,2,2,13,NA,NA,NA,NA,NA,NA,NA,2,1,193.26937407571015,252.44950736550982
49035004202,UT,035,4202,752,14,705,1,0,24,5,1,2,561,10,529,1,0,16,3,0,2,NA,NA,NA,NA,NA,NA,NA,2,1,98.47785545547084,128.63231029250773
49035004204,UT,035,4204,1038,22,978,1,1,13,0,0,23,757,13,719,0,1,9,0,0,15,NA,NA,NA,NA,NA,NA,NA,2,1,132.88366591763176,173.57336700789367
49035004208,UT,035,4208,983,32,919,4,2,16,2,0,8,683,18,648,1,2,12,0,0,2,NA,NA,NA,NA,NA,NA,NA,2,1,119.89371706967304,156.6058251867786
49035004210,UT,035,4210,890,16,861,4,1,2,0,0,6,724,10,704,3,1,2,0,0,4,NA,NA,NA,NA,NA,NA,NA,2,1,127.09085089083936,166.0067605200991
49035004212,UT,035,4212,711,8,695,0,0,5,0,0,3,531,5,520,0,0,4,0,0,2,NA,NA,NA,NA,NA,NA,NA,2,1,93.21165997656864,121.75357712178538
49035004216,UT,035,4216,829,12,797,3,0,14,0,0,3,629,10,603,3,0,12,0,0,1,NA,NA,NA,NA,NA,NA,NA,2,1,110.4145652076491,144.22410547947834
49035004220,UT,035,4220,933,7,889,7,0,11,7,0,12,712,3,689,2,0,9,3,0,6,NA,NA,NA,NA,NA,NA,NA,2,1,124.9843726992785,163.25526725181018
49035004222,UT,035,4222,635,14,599,0,0,12,6,0,4,443,9,418,0,0,11,2,0,3,NA,NA,NA,NA,NA,NA,NA,2,1,77.76415323845558,101.57595982099987
49035004224,UT,035,4224,662,13,632,1,0,9,0,2,5,476,8,456,0,0,7,0,2,3,NA,NA,NA,NA,NA,NA,NA,2,1,83.55696826524799,109.14256630879444
49035004226,UT,035,4226,618,9,582,1,1,15,0,1,9,463,5,444,1,1,8,0,1,3,NA,NA,NA,NA,NA,NA,NA,2,1,81.27495022439037,106.16178193481475
49035004234,UT,035,4234,833,16,792,1,0,17,0,0,7,594,8,572,0,0,14,0,0,0,NA,NA,NA,NA,NA,NA,NA,2,1,104.27067048226324,136.1989167803023
49035004238,UT,035,4238,821,10,749,1,0,46,0,1,14,639,8,588,1,0,36,0,0,6,NA,NA,NA,NA,NA,NA,NA,2,1,112.1699637006165,146.5170165363858
49035004242,UT,035,4242,1254,34,1157,9,2,22,1,0,29,893,18,836,4,1,16,1,0,17,NA,NA,NA,NA,NA,NA,NA,2,1,156.75708542198834,204.75695738183492
49035004246,UT,035,4246,700,7,672,0,0,16,1,0,4,512,5,494,0,0,10,1,0,2,NA,NA,NA,NA,NA,NA,NA,2,1,89.8764028399306,117.39704611366125
49035004248,UT,035,4248,914,17,878,0,1,3,7,2,6,648,10,627,0,1,3,3,1,3,NA,NA,NA,NA,NA,NA,NA,2,1,113.74982234428715,148.5806364876025
49035004254,UT,035,4254,788,4,764,0,0,13,0,1,6,581,3,565,0,0,7,0,1,5,NA,NA,NA,NA,NA,NA,NA,2,1,101.98865244140562,133.2181324063226
49035004256,UT,035,4256,951,6,913,4,0,18,1,0,9,723,4,695,4,0,14,0,0,6,NA,NA,NA,NA,NA,NA,NA,2,1,126.91531104154262,165.77746941440833
49035004258,UT,035,4258,992,30,863,1,1,68,0,7,22,745,18,673,0,1,45,0,0,8,NA,NA,NA,NA,NA,NA,NA,2,1,130.7771877260709,170.82187373960474
49035004262,UT,035,4262,867,10,830,0,2,2,7,2,14,632,7,607,0,1,2,4,2,9,NA,NA,NA,NA,NA,NA,NA,2,1,110.94118475553934,144.9119787965506
49035004263,UT,035,4263,734,12,704,0,4,4,1,1,8,541,6,523,0,2,4,1,1,4,NA,NA,NA,NA,NA,NA,NA,2,1,94.96705846953604,124.04648817869284
49035004264,UT,035,4264,1269,14,1214,5,4,15,1,0,16,882,12,849,5,3,8,1,0,4,NA,NA,NA,NA,NA,NA,NA,2,1,154.82614707972422,202.23475521923677
49035004266,UT,035,4266,761,9,686,3,0,51,0,0,12,538,7,484,2,0,40,0,0,5,NA,NA,NA,NA,NA,NA,NA,2,1,94.44043892164584,123.35861486162061
49035004270,UT,035,4270,741,17,705,0,0,18,0,0,1,562,15,530,0,0,16,0,0,1,NA,NA,NA,NA,NA,NA,NA,2,1,98.65339530476757,128.86160139819847
49035004272,UT,035,4272,894,46,805,3,5,11,7,0,17,658,24,610,2,1,8,6,0,7,NA,NA,NA,NA,NA,NA,NA,2,1,115.50522083725456,150.87354754450996
49035004276,UT,035,4276,1220,20,1159,5,4,21,0,0,11,937,13,898,5,2,14,0,0,5,NA,NA,NA,NA,NA,NA,NA,2,1,164.48083879104487,214.84576603222771
49035004280,UT,035,4280,833,13,784,4,3,20,1,0,8,618,8,592,1,1,12,1,0,3,NA,NA,NA,NA,NA,NA,NA,2,1,108.48362686538499,141.7019033168802
49035004282,UT,035,4282,907,36,858,1,0,3,3,0,6,783,23,748,1,0,3,3,0,5,NA,NA,NA,NA,NA,NA,NA,2,1,137.447701999347,179.53493575585304
49035004285,UT,035,4285,538,9,511,6,0,7,0,0,5,420,9,402,3,0,6,0,0,0,NA,NA,NA,NA,NA,NA,NA,2,1,73.72673670463058,96.30226439011274
49035004286,UT,035,4286,939,29,858,4,1,29,2,2,14,740,16,685,4,1,25,2,1,6,NA,NA,NA,NA,NA,NA,NA,2,1,129.8994884795872,169.67541821115103
49035004290,UT,035,4290,1166,40,1080,8,0,16,4,0,18,881,25,824,6,0,13,3,0,10,NA,NA,NA,NA,NA,NA,NA,2,1,154.65060723042745,202.005464113546
49035004292,UT,035,4292,1238,29,1164,9,6,18,0,0,12,907,25,853,6,5,14,0,0,4,NA,NA,NA,NA,NA,NA,NA,2,1,159.21464331214267,207.96703286150534
49035004294,UT,035,4294,1108,22,1056,2,2,13,0,0,13,916,17,880,1,1,11,0,0,6,NA,NA,NA,NA,NA,NA,NA,2,1,160.79450195581333,210.03065281272205
49035004296,UT,035,4296,977,17,939,1,0,9,1,3,7,690,13,663,1,0,6,1,1,5,NA,NA,NA,NA,NA,NA,NA,2,1,121.12249601475021,158.21086292661377
49035004298,UT,035,4298,1545,73,1300,30,5,61,27,3,46,1162,49,1003,14,4,50,14,3,25,NA,NA,NA,NA,NA,NA,NA,2,1,203.97730488281124,266.4362648126452
49035004304,UT,035,4304,907,46,798,13,0,25,11,3,11,712,29,641,7,0,21,5,1,8,NA,NA,NA,NA,NA,NA,NA,2,1,124.9843726992785,163.25526725181018
49035004305,UT,035,4305,487,33,424,5,3,9,1,0,12,367,29,322,1,2,8,1,0,4,NA,NA,NA,NA,NA,NA,NA,2,1,64.42312469190338,84.14983578850327
49035004306,UT,035,4306,610,11,586,5,0,4,3,0,1,444,8,425,4,0,4,3,0,0,NA,NA,NA,NA,NA,NA,NA,2,1,77.93969308775232,101.8052509266906
49035004308,UT,035,4308,452,6,417,0,0,14,5,2,8,299,4,281,0,0,10,2,0,2,NA,NA,NA,NA,NA,NA,NA,2,1,52.4864149397251,68.55804060153264
49035004309,UT,035,4309,1276,18,1160,5,0,61,1,1,30,775,13,703,3,0,45,0,0,11,NA,NA,NA,NA,NA,NA,NA,2,1,136.04338320497308,177.70060691032705
49035004310,UT,035,4310,1554,26,1432,5,2,40,1,9,39,1063,23,983,4,1,31,1,5,15,NA,NA,NA,NA,NA,NA,NA,2,1,186.59885980243405,243.73644534926152
49035004311,UT,035,4311,1121,31,1021,0,2,48,0,2,17,747,20,680,0,2,35,0,0,10,NA,NA,NA,NA,NA,NA,NA,2,1,131.12826742466436,171.2804559509862
49035004312,UT,035,4312,1223,63,1118,9,0,13,0,2,18,857,33,805,7,0,8,0,1,3,NA,NA,NA,NA,NA,NA,NA,2,1,150.43765084730572,196.50247757696815
49035004314,UT,035,4314,1406,50,1319,10,0,21,0,0,6,1020,27,967,8,0,15,0,0,3,NA,NA,NA,NA,NA,NA,NA,2,1,179.05064628267425,233.8769278045595
49035004316,UT,035,4316,1399,29,1318,7,0,27,4,2,12,1008,15,963,3,0,20,2,1,4,NA,NA,NA,NA,NA,NA,NA,2,1,176.94416809111337,231.12543453627057
49035004334,UT,035,4334,936,48,797,13,4,30,6,1,37,827,32,721,11,4,25,4,1,29,NA,NA,NA,NA,NA,NA,NA,2,1,145.1714553684035,189.62374440624578
49035004336,UT,035,4336,1094,52,990,3,1,26,0,0,22,836,35,767,2,1,20,0,0,11,NA,NA,NA,NA,NA,NA,NA,2,1,146.75131401207418,191.68736435746249
49035004338,UT,035,4338,909,17,836,1,1,28,0,2,24,664,12,613,1,1,19,0,2,16,NA,NA,NA,NA,NA,NA,NA,2,1,116.558459933035,152.24929417865442
49035004339,UT,035,4339,1208,27,1163,3,0,8,0,1,6,840,14,812,1,0,8,0,1,4,NA,NA,NA,NA,NA,NA,NA,2,1,147.45347340926116,192.60452878022548
49035004340,UT,035,4340,1208,41,1110,8,7,27,0,0,15,892,24,831,4,5,19,0,0,9,NA,NA,NA,NA,NA,NA,NA,2,1,156.5815455726916,204.5276662761442
49035004342,UT,035,4342,944,8,885,2,1,34,0,0,14,727,6,685,2,1,25,0,0,8,NA,NA,NA,NA,NA,NA,NA,2,1,127.6174704387296,166.69463383717135
49035004344,UT,035,4344,970,30,905,9,1,20,1,0,4,739,18,697,4,1,17,1,0,1,NA,NA,NA,NA,NA,NA,NA,2,1,129.72394863029047,169.44612710546028
49035004346,UT,035,4346,973,19,897,1,2,34,9,0,11,693,12,646,1,2,25,2,0,5,NA,NA,NA,NA,NA,NA,NA,2,1,121.64911556264045,158.89873624368602
49035004353,UT,035,4353,1371,107,1100,32,24,54,5,4,45,1058,72,870,25,18,41,5,2,25,NA,NA,NA,NA,NA,NA,NA,2,1,185.72116055595035,242.5899898208078
49035004354,UT,035,4354,664,36,603,2,1,9,2,0,11,509,19,475,1,1,6,2,0,5,NA,NA,NA,NA,NA,NA,NA,2,1,89.34978329204039,116.70917279658902
49035004355,UT,035,4355,763,9,739,0,1,5,2,0,7,516,5,502,0,1,2,1,0,5,NA,NA,NA,NA,NA,NA,NA,2,1,90.57856223711757,118.31421053642423
49035004356,UT,035,4356,837,14,809,4,4,3,0,0,3,612,12,592,1,3,3,0,0,1,NA,NA,NA,NA,NA,NA,NA,2,1,107.43038776960455,140.3261566827357
49035004357,UT,035,4357,2162,68,2012,6,12,20,14,2,28,1539,34,1454,4,8,19,7,0,13,NA,NA,NA,NA,NA,NA,NA,2,1,270.155828067682,352.879011658056
49035004359,UT,035,4359,1193,49,1087,5,4,33,1,0,14,886,36,810,2,4,24,1,0,9,NA,NA,NA,NA,NA,NA,NA,2,1,155.52830647691115,203.15191964199974
49035004360,UT,035,4360,1162,13,1121,2,1,15,0,3,7,847,9,819,1,1,10,0,2,5,NA,NA,NA,NA,NA,NA,NA,2,1,148.68225235433832,194.2095665200607
49035004361,UT,035,4361,1775,24,1637,13,10,48,2,3,38,1269,19,1177,9,5,37,1,3,18,NA,NA,NA,NA,NA,NA,NA,2,1,222.76006875756235,290.9704131215549
49035004364,UT,035,4364,1311,24,1246,7,2,8,12,0,12,901,16,857,4,2,8,8,0,6,NA,NA,NA,NA,NA,NA,NA,2,1,158.16140421636226,206.5912862273609
49035004366,UT,035,4366,1071,13,1033,0,0,13,0,1,11,732,11,706,0,0,12,0,1,2,NA,NA,NA,NA,NA,NA,NA,2,1,128.49516968521328,167.84108936562507
49035004380,UT,035,4380,979,23,926,1,0,20,2,0,7,759,16,723,1,0,12,2,0,5,NA,NA,NA,NA,NA,NA,NA,2,1,133.23474561622524,174.03194921927516
49035004384,UT,035,4384,761,21,718,0,0,17,1,0,4,521,11,497,0,0,11,1,0,1,NA,NA,NA,NA,NA,NA,NA,2,1,91.45626148360127,119.46066606487796
49035004386,UT,035,4386,1334,18,1258,5,0,30,0,2,21,927,12,882,3,0,25,0,0,5,NA,NA,NA,NA,NA,NA,NA,2,1,162.72544029807747,212.55285497532026
49035004396,UT,035,4396,1349,24,1267,9,3,18,3,0,25,980,17,936,1,1,13,2,0,10,NA,NA,NA,NA,NA,NA,NA,2,1,172.02905231080467,224.70528357692973
49035004397,UT,035,4397,1022,31,929,1,5,35,4,0,17,791,23,720,1,4,30,3,0,10,NA,NA,NA,NA,NA,NA,NA,2,1,138.8520207937209,181.369264601379
49035004398,UT,035,4398,1113,39,1035,4,2,20,0,0,13,840,26,791,4,1,11,0,0,7,NA,NA,NA,NA,NA,NA,NA,2,1,147.45347340926116,192.60452878022548
49035004399,UT,035,4399,89,0,86,0,0,0,0,0,3,71,0,68,0,0,0,0,0,3,NA,NA,NA,NA,NA,NA,NA,2,1,12.463329300068501,16.279668504042867
49035004404,UT,035,4404,825,160,619,6,14,5,0,6,15,589,113,451,2,7,5,0,5,6,NA,NA,NA,NA,NA,NA,NA,2,1,103.39297123577954,135.05246125184857
49035004406,UT,035,4406,824,189,559,24,10,29,3,0,10,659,127,477,18,6,21,1,0,9,NA,NA,NA,NA,NA,NA,NA,2,1,115.6807606865513,151.1028386502007
49035004408,UT,035,4408,1324,139,1091,14,4,49,3,1,23,980,92,831,9,3,33,3,1,8,NA,NA,NA,NA,NA,NA,NA,2,1,172.02905231080467,224.70528357692973
49035004410,UT,035,4410,809,58,694,8,9,18,4,2,16,639,37,561,7,5,13,4,2,10,NA,NA,NA,NA,NA,NA,NA,2,1,112.1699637006165,146.5170165363858
49035004412,UT,035,4412,1145,139,942,16,4,23,3,0,18,911,103,757,15,4,20,3,0,9,NA,NA,NA,NA,NA,NA,NA,2,1,159.91680270932966,208.88419728426837
49035004418,UT,035,4418,1067,65,960,9,6,23,0,0,4,739,31,682,6,2,16,0,0,2,NA,NA,NA,NA,NA,NA,NA,2,1,129.72394863029047,169.44612710546028
49035004419,UT,035,4419,323,35,258,11,2,5,6,0,6,237,27,189,8,1,5,3,0,4,NA,NA,NA,NA,NA,NA,NA,2,1,41.602944283327254,54.34199204870648
49035004420,UT,035,4420,2199,204,1883,35,10,24,14,0,29,1543,129,1340,25,8,20,9,0,12,NA,NA,NA,NA,NA,NA,NA,2,1,270.857987464869,353.79617608081895
49035004426,UT,035,4426,1770,85,1596,11,22,29,7,6,14,1318,51,1218,5,13,21,4,1,5,NA,NA,NA,NA,NA,NA,NA,2,1,231.3615213731026,302.2056773004014
49035004430,UT,035,4430,1040,92,908,3,11,18,1,0,7,913,69,815,3,6,15,1,0,4,NA,NA,NA,NA,NA,NA,NA,2,1,160.2678824079231,209.34277949564984
49035004432,UT,035,4432,843,85,702,16,6,14,2,0,18,707,62,602,14,5,13,2,0,9,NA,NA,NA,NA,NA,NA,NA,2,1,124.1066734527948,162.10881172335644
49035004441,UT,035,4441,812,60,708,20,5,15,0,0,4,541,36,479,8,4,11,0,0,3,NA,NA,NA,NA,NA,NA,NA,2,1,94.96705846953604,124.04648817869284
49035004442,UT,035,4442,782,35,721,6,2,3,1,0,14,552,21,522,3,1,2,1,0,2,NA,NA,NA,NA,NA,NA,NA,2,1,96.89799681180018,126.56869034129103
49035004444,UT,035,4444,464,34,411,0,1,10,2,0,6,352,21,315,0,1,9,2,0,4,NA,NA,NA,NA,NA,NA,NA,2,1,61.790026952452294,80.71046920314211
49035004446,UT,035,4446,1492,116,1306,11,23,21,0,0,15,1068,69,964,6,11,11,0,0,7,NA,NA,NA,NA,NA,NA,NA,2,1,187.47655904891775,244.88290087771526
49035004450,UT,035,4450,1295,82,1163,6,6,21,3,2,12,1039,52,948,5,4,18,3,1,8,NA,NA,NA,NA,NA,NA,NA,2,1,182.38590341931229,238.23345881268364
49035004462,UT,035,4462,1106,65,997,0,3,5,16,0,20,787,38,727,0,3,5,6,0,8,NA,NA,NA,NA,NA,NA,NA,2,1,138.14986139653396,180.452100178616
49035004464,UT,035,4464,1030,17,963,4,1,30,0,0,15,691,12,650,2,1,23,0,0,3,NA,NA,NA,NA,NA,NA,NA,2,1,121.29803586404695,158.44015403230452
49035004465,UT,035,4465,705,43,622,4,5,23,1,0,7,522,24,474,2,3,18,1,0,0,NA,NA,NA,NA,NA,NA,NA,2,1,91.631801332898,119.68995717056869
49035004466,UT,035,4466,1006,92,846,18,6,20,8,0,16,714,59,605,12,5,17,6,0,10,NA,NA,NA,NA,NA,NA,NA,2,1,125.33545239787196,163.71384946319165
49035004470,UT,035,4470,1824,179,1570,10,2,38,2,0,23,1284,116,1125,7,2,24,2,0,8,NA,NA,NA,NA,NA,NA,NA,2,1,225.39316649701348,294.4097797069161
49035004472,UT,035,4472,1254,89,1109,13,10,11,3,0,19,945,51,860,9,6,10,2,0,7,NA,NA,NA,NA,NA,NA,NA,2,1,165.88515758541877,216.68009487775365
49035004474,UT,035,4474,1016,40,938,8,2,14,4,0,10,757,29,707,6,2,8,0,0,5,NA,NA,NA,NA,NA,NA,NA,2,1,132.88366591763176,173.57336700789367
49035004476,UT,035,4476,788,13,753,4,5,10,0,1,2,578,10,553,4,3,7,0,1,0,NA,NA,NA,NA,NA,NA,NA,2,1,101.46203289351541,132.5302590892504
49035004477,UT,035,4477,1390,65,1248,4,6,20,15,0,32,952,39,870,4,6,12,4,0,17,NA,NA,NA,NA,NA,NA,NA,2,1,167.11393653049598,218.28513261758889
49035004478,UT,035,4478,1541,75,1385,9,1,42,2,0,27,919,40,841,2,1,28,0,0,7,NA,NA,NA,NA,NA,NA,NA,2,1,161.32112150370355,210.7185261297943
49035004480,UT,035,4480,1057,114,919,2,1,9,0,1,11,842,84,742,2,1,7,0,0,6,NA,NA,NA,NA,NA,NA,NA,2,1,147.80455310785462,193.06311099160695
49035004484,UT,035,4484,705,29,669,3,0,2,0,0,2,496,15,476,2,0,1,0,0,2,NA,NA,NA,NA,NA,NA,NA,2,1,87.06776525118276,113.72838842260933
49035004485,UT,035,4485,563,42,483,8,1,16,1,1,11,474,27,421,5,0,11,1,1,8,NA,NA,NA,NA,NA,NA,NA,2,1,83.20588856665451,108.68398409741296
49035004486,UT,035,4486,737,5,700,1,7,10,1,0,13,555,4,531,0,7,4,1,0,8,NA,NA,NA,NA,NA,NA,NA,2,1,97.42461635969039,127.25656365836326
49035004488,UT,035,4488,2288,103,2082,19,1,58,6,0,19,1457,61,1337,10,1,40,4,0,4,NA,NA,NA,NA,NA,NA,NA,2,1,255.7615604253494,334.07714099141486
49035004504,UT,035,4504,2534,988,1412,19,30,24,12,1,48,1987,702,1185,15,22,23,9,1,30,NA,NA,NA,NA,NA,NA,NA,2,1,348.7976805526213,455.6014270075095
49035004506,UT,035,4506,877,153,692,2,7,7,7,0,9,640,93,531,2,4,4,4,0,2,NA,NA,NA,NA,NA,NA,NA,2,1,112.34550354991325,146.74630764207654
49035004508,UT,035,4508,707,78,604,2,11,8,0,0,4,506,54,439,1,7,4,0,0,1,NA,NA,NA,NA,NA,NA,NA,2,1,88.82316374415016,116.02129947951677
49035004510,UT,035,4510,1721,601,953,37,54,35,15,2,24,1354,438,795,25,41,27,8,2,18,NA,NA,NA,NA,NA,NA,NA,2,1,237.6809559477852,310.4601571052682
49035004512,UT,035,4512,563,57,489,5,2,3,0,4,3,408,32,368,1,1,3,0,2,1,NA,NA,NA,NA,NA,NA,NA,2,1,71.6202585130697,93.55077112182381
49035004514,UT,035,4514,1054,75,898,11,10,37,9,0,14,791,50,690,7,2,28,8,0,6,NA,NA,NA,NA,NA,NA,NA,2,1,138.8520207937209,181.369264601379
49035004516,UT,035,4516,1520,270,1138,7,5,47,15,0,38,1253,209,959,7,5,42,10,0,21,NA,NA,NA,NA,NA,NA,NA,2,1,219.95143116881454,287.301755430503
49035004518,UT,035,4518,1418,173,1143,1,9,46,11,0,35,1011,102,851,1,9,32,4,0,12,NA,NA,NA,NA,NA,NA,NA,2,1,177.4707876390036,231.8133078533428
49035004520,UT,035,4520,776,26,725,6,2,7,2,0,8,664,18,627,5,2,7,1,0,4,NA,NA,NA,NA,NA,NA,NA,2,1,116.558459933035,152.24929417865442
49035004521,UT,035,4521,885,42,804,3,1,17,1,3,14,734,29,676,3,1,13,1,2,9,NA,NA,NA,NA,NA,NA,NA,2,1,128.84624938380676,168.29967157700654
49035004522,UT,035,4522,616,137,462,4,0,6,0,0,7,442,85,346,2,0,5,0,0,4,NA,NA,NA,NA,NA,NA,NA,2,1,77.58861338915884,101.34666871530912
49035004524,UT,035,4524,364,28,332,0,0,4,0,0,0,274,24,247,0,0,3,0,0,0,NA,NA,NA,NA,NA,NA,NA,2,1,48.09791870730661,62.825762959264026
49035004528,UT,035,4528,440,43,378,5,1,7,3,0,3,323,31,279,1,1,7,1,0,3,NA,NA,NA,NA,NA,NA,NA,2,1,56.699371322846844,74.06102713811052
49035004530,UT,035,4530,3368,1790,1359,31,101,27,26,2,32,2208,1129,955,20,44,26,17,0,17,NA,NA,NA,NA,NA,NA,NA,2,1,387.59198724720073,506.2747613651641
49035004532,UT,035,4532,806,124,669,0,2,3,2,1,5,636,86,538,0,2,3,2,0,5,NA,NA,NA,NA,NA,NA,NA,2,1,111.6433441527263,145.82914321931358
49035004534,UT,035,4534,1698,310,1231,11,26,52,26,7,35,1146,196,862,8,11,35,13,3,18,NA,NA,NA,NA,NA,NA,NA,2,1,201.16866729406343,262.76760712159336
49035004536,UT,035,4536,1009,124,807,10,12,35,8,0,13,813,82,673,8,8,28,4,0,10,NA,NA,NA,NA,NA,NA,NA,2,1,142.71389747824918,186.41366892657535
49035004538,UT,035,4538,1294,95,1124,8,4,20,10,0,33,925,62,812,4,3,18,7,0,19,NA,NA,NA,NA,NA,NA,NA,2,1,162.37436059948402,212.0942727639388
49035004540,UT,035,4540,569,64,483,1,1,19,0,0,1,407,30,360,1,1,14,0,0,1,NA,NA,NA,NA,NA,NA,NA,2,1,71.44471866377296,93.32148001613305
49035004542,UT,035,4542,1502,148,1276,17,7,33,2,2,17,1005,90,872,7,5,22,2,2,5,NA,NA,NA,NA,NA,NA,NA,2,1,176.41754854322318,230.43756121919836
49035004544,UT,035,4544,1182,169,935,20,16,15,3,6,18,986,130,798,20,11,12,2,3,10,NA,NA,NA,NA,NA,NA,NA,2,1,173.0822914065851,226.0810302110742
49035004546,UT,035,4546,1330,115,1153,7,1,27,1,1,25,885,66,784,3,1,20,1,1,9,NA,NA,NA,NA,NA,NA,NA,2,1,155.35276662761441,202.922628536309
49035004548,UT,035,4548,972,38,902,9,1,7,6,2,7,775,28,720,8,1,7,5,1,5,NA,NA,NA,NA,NA,NA,NA,2,1,136.04338320497308,177.70060691032705
49035004601,UT,035,4601,774,21,732,3,1,11,1,0,5,521,13,497,1,1,7,1,0,1,NA,NA,NA,NA,NA,NA,NA,2,1,91.45626148360127,119.46066606487796
49035004602,UT,035,4602,1669,122,1398,11,16,73,5,4,40,1201,75,1032,6,13,55,2,2,16,NA,NA,NA,NA,NA,NA,NA,2,1,210.82335900538408,275.37861793458427
49035004604,UT,035,4604,1385,77,1258,3,4,24,0,0,19,935,47,860,0,4,16,0,0,8,NA,NA,NA,NA,NA,NA,NA,2,1,164.1297590924514,214.3871838208462
49035004608,UT,035,4608,1270,68,1085,11,3,72,0,1,30,870,42,762,4,2,47,0,0,13,NA,NA,NA,NA,NA,NA,NA,2,1,152.7196688881633,199.48326195094782
49035004612,UT,035,4612,896,74,800,0,2,12,0,0,8,640,46,582,0,2,9,0,0,1,NA,NA,NA,NA,NA,NA,NA,2,1,112.34550354991325,146.74630764207654
49035004614,UT,035,4614,741,30,697,0,1,5,2,0,6,493,20,464,0,1,5,1,0,2,NA,NA,NA,NA,NA,NA,NA,2,1,86.54114570329256,113.0405151055371
49035004616,UT,035,4616,1721,88,1570,4,0,41,0,0,18,1125,56,1031,4,0,29,0,0,5,NA,NA,NA,NA,NA,NA,NA,2,1,197.48233045883188,257.95249390208767
49035004617,UT,035,4617,1285,39,1189,3,5,28,0,2,19,993,32,920,3,4,25,0,0,9,NA,NA,NA,NA,NA,NA,NA,2,1,174.31107035166227,227.6860679509094
49035004618,UT,035,4618,964,38,877,8,0,31,1,0,9,663,22,615,2,0,19,1,0,4,NA,NA,NA,NA,NA,NA,NA,2,1,116.38292008373826,152.02000307296368
49035004622,UT,035,4622,2061,312,1624,13,36,46,3,0,27,1474,196,1201,8,21,29,3,0,16,NA,NA,NA,NA,NA,NA,NA,2,1,258.7457378633939,337.97508978815756
49035004624,UT,035,4624,1220,112,1061,0,1,18,6,0,22,882,70,779,0,1,13,5,0,14,NA,NA,NA,NA,NA,NA,NA,2,1,154.82614707972422,202.23475521923677
49035004625,UT,035,4625,1079,19,1027,1,1,21,1,0,9,699,12,667,1,1,11,1,0,6,NA,NA,NA,NA,NA,NA,NA,2,1,122.70235465842089,160.2744828778305
49035004626,UT,035,4626,1056,69,892,21,1,45,5,2,21,753,40,653,11,1,37,2,1,8,NA,NA,NA,NA,NA,NA,NA,2,1,132.1815065204448,172.6562025851307
49035004627,UT,035,4627,710,31,653,4,0,16,0,2,4,463,17,431,2,0,11,0,1,1,NA,NA,NA,NA,NA,NA,NA,2,1,81.27495022439037,106.16178193481475
49035004628,UT,035,4628,1382,31,1300,9,8,10,12,2,10,918,18,865,5,5,6,8,2,9,NA,NA,NA,NA,NA,NA,NA,2,1,161.1455816544068,210.48923502410355
49035004629,UT,035,4629,1047,45,952,2,2,26,1,1,18,708,32,648,1,1,17,1,1,7,NA,NA,NA,NA,NA,NA,NA,2,1,124.28221330209155,162.3381028290472
49035004630,UT,035,4630,714,37,649,2,1,14,0,0,11,494,26,445,2,1,11,0,0,9,NA,NA,NA,NA,NA,NA,NA,2,1,86.71668555258928,113.26980621122784
49035004631,UT,035,4631,755,25,694,5,2,15,0,4,10,525,18,485,4,1,9,0,4,4,NA,NA,NA,NA,NA,NA,NA,2,1,92.15842088078821,120.37783048764092
49035004632,UT,035,4632,1333,125,1166,2,6,12,7,0,15,924,78,818,2,5,10,2,0,9,NA,NA,NA,NA,NA,NA,NA,2,1,162.19882075018725,211.86498165824804
49035004634,UT,035,4634,898,41,815,1,0,21,15,0,5,669,30,615,1,0,17,6,0,0,NA,NA,NA,NA,NA,NA,NA,2,1,117.4361591795187,153.39574970710814
49035004635,UT,035,4635,1391,28,1282,2,5,51,2,0,21,821,16,762,1,2,32,2,0,6,NA,NA,NA,NA,NA,NA,NA,2,1,144.1182162726231,188.24799777210134
49035004636,UT,035,4636,1791,36,1682,9,1,51,5,0,7,1240,27,1160,7,1,40,2,0,3,NA,NA,NA,NA,NA,NA,NA,2,1,217.66941312795691,284.3209710565233
49035004637,UT,035,4637,1262,45,1192,2,0,10,1,0,12,806,24,771,0,0,7,0,0,4,NA,NA,NA,NA,NA,NA,NA,2,1,141.485118533172,184.80863118674017
49035004638,UT,035,4638,1283,14,1214,6,1,31,1,0,16,865,7,827,1,1,19,1,0,9,NA,NA,NA,NA,NA,NA,NA,2,1,151.8419696416796,198.33680642249408
49035004639,UT,035,4639,1485,36,1381,2,1,55,0,1,9,960,27,888,2,1,39,0,0,3,NA,NA,NA,NA,NA,NA,NA,2,1,168.51825532486987,220.11946146311482
49035004640,UT,035,4640,870,45,779,3,8,1,16,0,18,675,28,615,2,6,1,11,0,12,NA,NA,NA,NA,NA,NA,NA,2,1,118.48939827529914,154.77149634125263
49035004642,UT,035,4642,973,63,885,7,0,7,1,0,10,719,42,662,2,0,7,1,0,5,NA,NA,NA,NA,NA,NA,NA,2,1,126.21315164435566,164.86030499164536
49035004644,UT,035,4644,2545,225,2102,35,30,72,34,3,44,1904,146,1624,20,18,53,21,1,21,NA,NA,NA,NA,NA,NA,NA,2,1,334.22787306099195,436.57026523517777
49035004648,UT,035,4648,805,34,715,16,0,28,3,1,8,538,16,492,8,0,18,2,1,1,NA,NA,NA,NA,NA,NA,NA,2,1,94.44043892164584,123.35861486162061
49035004650,UT,035,4650,1424,80,1256,6,7,47,2,0,26,947,52,833,3,3,39,1,0,16,NA,NA,NA,NA,NA,NA,NA,2,1,166.23623728401228,217.13867708913514
49035004652,UT,035,4652,1363,62,1246,13,7,15,2,0,18,943,44,865,8,4,10,1,0,11,NA,NA,NA,NA,NA,NA,NA,2,1,165.53407788682532,216.22151266637218
49035004654,UT,035,4654,1402,61,1269,16,5,24,2,1,24,875,34,798,7,4,19,2,1,10,NA,NA,NA,NA,NA,NA,NA,2,1,153.597368134647,200.62971747940153
49035004656,UT,035,4656,1139,63,1034,1,1,35,0,0,5,779,40,709,1,1,24,0,0,4,NA,NA,NA,NA,NA,NA,NA,2,1,136.74554260216004,178.61777133309008
49035004657,UT,035,4657,1296,79,1144,4,5,39,1,2,22,846,43,762,3,2,28,0,1,7,NA,NA,NA,NA,NA,NA,NA,2,1,148.50671250504158,193.98027541436994
49035004658,UT,035,4658,1561,45,1443,6,2,20,13,0,32,956,30,886,4,2,14,10,0,10,NA,NA,NA,NA,NA,NA,NA,2,1,167.8160959276829,219.20229704035185
49035004659,UT,035,4659,1147,23,1051,2,2,44,3,0,22,656,16,594,2,2,32,3,0,7,NA,NA,NA,NA,NA,NA,NA,2,1,115.15414113866109,150.4149653331285
49035004660,UT,035,4660,494,14,474,0,0,6,0,0,0,302,5,293,0,0,4,0,0,0,NA,NA,NA,NA,NA,NA,NA,2,1,53.013034487615315,69.24591391860487
49035004661,UT,035,4661,1588,169,1321,15,3,48,0,5,27,1077,103,905,8,3,44,0,4,10,NA,NA,NA,NA,NA,NA,NA,2,1,189.05641769258838,246.94652082893194
49035004662,UT,035,4662,802,43,715,0,14,5,12,0,13,554,21,509,0,10,4,5,0,5,NA,NA,NA,NA,NA,NA,NA,2,1,97.24907651039366,127.02727255267253
49035004663,UT,035,4663,1195,27,1136,5,3,19,0,0,5,765,17,735,0,3,9,0,0,1,NA,NA,NA,NA,NA,NA,NA,2,1,134.2879847120057,175.40769585341965
49035004664,UT,035,4664,1616,58,1459,4,3,70,2,0,20,1075,31,988,1,3,40,2,0,10,NA,NA,NA,NA,NA,NA,NA,2,1,188.70533799399493,246.48793861755047
49035004665,UT,035,4665,1464,75,1331,4,4,9,5,0,36,852,44,782,4,1,7,1,0,13,NA,NA,NA,NA,NA,NA,NA,2,1,149.55995160082202,195.3560220485144
49035004666,UT,035,4666,1436,73,1295,9,2,29,11,2,15,889,38,813,4,2,22,3,1,6,NA,NA,NA,NA,NA,NA,NA,2,1,156.05492602480138,203.83979295907196
49035004668,UT,035,4668,1627,66,1481,7,14,22,13,0,24,1008,33,933,6,10,15,5,0,6,NA,NA,NA,NA,NA,NA,NA,2,1,176.94416809111337,231.12543453627057
49035004669,UT,035,4669,1701,101,1537,4,6,20,7,5,21,1104,53,1015,2,4,17,6,1,6,NA,NA,NA,NA,NA,NA,NA,2,1,193.79599362360037,253.13738068258206
49035004670,UT,035,4670,1290,56,1206,2,0,6,8,1,11,792,34,743,1,0,3,3,1,7,NA,NA,NA,NA,NA,NA,NA,2,1,139.02756064301767,181.59855570706975
49035004672,UT,035,4672,246,20,212,0,2,7,0,5,0,156,12,137,0,2,3,0,2,0,NA,NA,NA,NA,NA,NA,NA,2,1,27.38421649029135,35.769412487756156
49035004673,UT,035,4673,757,17,703,3,1,14,14,1,4,494,13,457,2,1,10,9,1,1,NA,NA,NA,NA,NA,NA,NA,2,1,86.71668555258928,113.26980621122784
49035004674,UT,035,4674,857,26,785,1,0,20,10,0,15,589,15,546,0,0,16,7,0,5,NA,NA,NA,NA,NA,NA,NA,2,1,103.39297123577954,135.05246125184857
49035004676,UT,035,4676,1311,34,1209,1,0,50,3,3,11,896,23,822,0,0,37,2,3,9,NA,NA,NA,NA,NA,NA,NA,2,1,157.28370496987856,205.4448306989072
49035004678,UT,035,4678,1841,71,1681,6,10,46,1,0,26,1222,40,1130,1,5,32,1,0,13,NA,NA,NA,NA,NA,NA,NA,2,1,214.5096958406156,280.1937311540899
49035004679,UT,035,4679,733,7,691,14,0,19,0,0,2,505,5,470,12,0,17,0,0,1,NA,NA,NA,NA,NA,NA,NA,2,1,88.64762389485344,115.79200837382604
49035004680,UT,035,4680,1426,65,1309,7,2,23,0,3,17,906,39,835,5,2,18,0,2,5,NA,NA,NA,NA,NA,NA,NA,2,1,159.03910346284596,207.73774175581462
49035004681,UT,035,4681,1359,50,1270,4,1,6,2,2,24,858,30,805,4,1,6,2,0,10,NA,NA,NA,NA,NA,NA,NA,2,1,150.61319069660246,196.7317686826589
49035004682,UT,035,4682,1369,27,1273,4,5,26,9,3,22,896,18,846,4,2,17,3,0,6,NA,NA,NA,NA,NA,NA,NA,2,1,157.28370496987856,205.4448306989072
49035004683,UT,035,4683,1020,18,973,4,5,17,0,0,3,606,12,577,3,1,13,0,0,0,NA,NA,NA,NA,NA,NA,NA,2,1,106.37714867382411,138.95041004859124
49035004684,UT,035,4684,1010,6,987,3,1,6,0,1,6,705,5,690,3,1,4,0,0,2,NA,NA,NA,NA,NA,NA,NA,2,1,123.75559375420131,161.65022951197494
49035004685,UT,035,4685,1017,18,956,5,1,27,0,0,10,565,10,536,2,1,16,0,0,0,NA,NA,NA,NA,NA,NA,NA,2,1,99.18001485265779,129.54947471527072
49035004686,UT,035,4686,313,3,299,0,2,7,0,0,2,213,2,204,0,1,5,0,0,1,NA,NA,NA,NA,NA,NA,NA,2,1,37.389987900205504,48.8390055121286
49035004687,UT,035,4687,1309,27,1249,5,4,10,0,0,14,875,13,844,1,4,6,0,0,7,NA,NA,NA,NA,NA,NA,NA,2,1,153.597368134647,200.62971747940153
49035004688,UT,035,4688,970,16,935,2,2,4,0,0,11,623,11,603,0,2,4,0,0,3,NA,NA,NA,NA,NA,NA,NA,2,1,109.36132611186869,142.8483588453339
49035004689,UT,035,4689,1366,24,1290,14,2,20,0,1,15,807,13,766,3,1,15,0,0,9,NA,NA,NA,NA,NA,NA,NA,2,1,141.66065838246874,185.03792229243092
49035004690,UT,035,4690,1051,20,1011,7,0,7,0,0,6,692,13,669,3,0,6,0,0,1,NA,NA,NA,NA,NA,NA,NA,2,1,121.4735757133437,158.66944513799527
49035004691,UT,035,4691,1090,39,950,2,3,70,3,3,20,621,27,534,1,1,46,2,1,9,NA,NA,NA,NA,NA,NA,NA,2,1,109.0102464132752,142.3897766339524
49035004692,UT,035,4692,1766,60,1628,10,2,36,0,0,30,1011,32,935,6,1,22,0,0,15,NA,NA,NA,NA,NA,NA,NA,2,1,177.4707876390036,231.8133078533428
49035004693,UT,035,4693,867,61,756,1,1,18,1,0,29,523,30,469,1,1,13,1,0,8,NA,NA,NA,NA,NA,NA,NA,2,1,91.80734118219473,119.91924827625944
49035004694,UT,035,4694,1269,38,1186,3,0,28,4,1,9,740,18,693,0,0,22,4,0,3,NA,NA,NA,NA,NA,NA,NA,2,1,129.8994884795872,169.67541821115103
49035004695,UT,035,4695,1619,39,1497,10,4,47,0,1,21,940,17,872,6,3,36,0,0,6,NA,NA,NA,NA,NA,NA,NA,2,1,165.0074583389351,215.53363934929993
49035004696,UT,035,4696,2152,83,2001,10,4,23,7,3,21,1301,44,1217,7,2,15,5,3,8,NA,NA,NA,NA,NA,NA,NA,2,1,228.37734393505804,298.3077285036588
49035004697,UT,035,4697,1303,22,1240,1,0,28,0,0,12,783,12,747,1,0,17,0,0,6,NA,NA,NA,NA,NA,NA,NA,2,1,137.447701999347,179.53493575585304
49035004698,UT,035,4698,1431,42,1339,1,3,20,3,0,23,895,32,835,1,3,13,3,0,8,NA,NA,NA,NA,NA,NA,NA,2,1,157.10816512058182,205.21553959321645
49035004699,UT,035,4699,1058,16,1027,3,0,10,0,1,1,644,11,623,2,0,7,0,1,0,NA,NA,NA,NA,NA,NA,NA,2,1,113.0476629471002,147.66347206483954
49035004704,UT,035,4704,613,45,532,1,9,8,2,0,16,456,23,405,0,7,8,2,0,11,NA,NA,NA,NA,NA,NA,NA,2,1,80.04617127931319,104.55674419497954
49035004722,UT,035,4722,1465,98,1307,6,13,20,11,0,10,1038,55,949,3,8,14,8,0,1,NA,NA,NA,NA,NA,NA,NA,2,1,182.21036357001557,238.00416770699292
49035004726,UT,035,4726,849,12,803,1,5,20,3,0,5,568,9,540,1,2,10,2,0,4,NA,NA,NA,NA,NA,NA,NA,2,1,99.70663440054801,130.23734803234294
49035004736,UT,035,4736,1113,21,1046,16,0,11,2,0,17,808,11,769,5,0,8,1,0,14,NA,NA,NA,NA,NA,NA,NA,2,1,141.83619823176548,185.26721339812164
49035004738,UT,035,4738,1727,44,1617,7,5,27,2,0,25,1261,30,1193,5,4,16,2,0,11,NA,NA,NA,NA,NA,NA,NA,2,1,221.35574996318846,289.13608427602895
49035004740,UT,035,4740,1602,132,1404,6,9,9,13,2,27,1098,81,977,2,6,9,5,2,16,NA,NA,NA,NA,NA,NA,NA,2,1,192.74275452781993,251.7616340484376
49035004744,UT,035,4744,424,2,411,1,0,2,0,0,8,282,2,274,1,0,1,0,0,4,NA,NA,NA,NA,NA,NA,NA,2,1,49.502237501680526,64.66009180478999
49035004748,UT,035,4748,306,6,285,0,1,6,6,0,2,228,5,213,0,1,6,2,0,1,NA,NA,NA,NA,NA,NA,NA,2,1,40.02308563965659,52.27837209748977
49035004749,UT,035,4749,555,17,515,5,4,5,0,0,9,392,14,365,3,1,3,0,0,6,NA,NA,NA,NA,NA,NA,NA,2,1,68.81162092432187,89.8821134307719
49035004750,UT,035,4750,1484,120,1295,4,5,8,20,0,32,1027,70,912,4,3,7,10,0,21,NA,NA,NA,NA,NA,NA,NA,2,1,180.27942522775143,235.4819655443947
49035004754,UT,035,4754,1448,90,1307,8,10,12,5,0,16,984,51,905,5,4,10,2,0,7,NA,NA,NA,NA,NA,NA,NA,2,1,172.73121170799163,225.6224479996927
49035004790,UT,035,4790,433,17,399,5,3,2,0,0,7,407,10,380,5,3,2,0,0,7,NA,NA,NA,NA,NA,NA,NA,2,1,71.44471866377296,93.32148001613305
49035004800,UT,035,4800,2466,83,2257,5,3,65,5,0,48,1415,46,1297,0,3,48,5,0,16,NA,NA,NA,NA,NA,NA,NA,2,1,248.38888675488636,324.44691455240365
49035004802,UT,035,4802,2101,75,1945,10,1,44,0,7,19,1419,51,1315,4,1,33,0,5,10,NA,NA,NA,NA,NA,NA,NA,2,1,249.09104615207326,325.3640789751666
49035004804,UT,035,4804,1004,6,976,3,0,8,2,0,9,581,5,560,1,0,6,2,0,7,NA,NA,NA,NA,NA,NA,NA,2,1,101.98865244140562,133.2181324063226
49035004808,UT,035,4808,1670,20,1635,1,0,6,2,1,5,1110,12,1087,0,0,6,1,1,3,NA,NA,NA,NA,NA,NA,NA,2,1,194.84923271938078,254.51312731672652
49035004810,UT,035,4810,1178,68,1063,5,1,25,6,2,8,759,38,692,1,1,18,6,0,3,NA,NA,NA,NA,NA,NA,NA,2,1,133.23474561622524,174.03194921927516
49035004812,UT,035,4812,1727,51,1643,1,2,6,1,0,23,967,27,924,1,2,6,1,0,6,NA,NA,NA,NA,NA,NA,NA,2,1,169.74703426994705,221.72449920295006
49035004820,UT,035,4820,6209,854,4665,292,133,56,56,5,148,5358,798,3926,285,121,53,50,5,120,NA,NA,NA,NA,NA,NA,NA,2,1,940.54251253193,1228.5417442910095
49035004825,UT,035,4825,1860,90,1721,7,1,25,4,0,12,1186,54,1098,3,1,18,4,0,8,NA,NA,NA,NA,NA,NA,NA,2,1,208.190261265933,271.9392513492231
49035004827,UT,035,4827,1139,19,1108,2,1,4,1,0,4,645,13,626,0,0,3,1,0,2,NA,NA,NA,NA,NA,NA,NA,2,1,113.22320279639695,147.8927631705303
49035004828,UT,035,4828,2709,129,2461,15,3,43,5,8,45,1724,78,1573,12,1,37,3,6,14,NA,NA,NA,NA,NA,NA,NA,2,1,302.63070018757884,395.2978662108437
49035004829,UT,035,4829,1793,26,1689,18,0,30,0,0,30,1133,15,1081,10,0,18,0,0,9,NA,NA,NA,NA,NA,NA,NA,2,1,198.8866492532058,259.78682274761366
49035004830,UT,035,4830,1364,48,1266,4,3,14,9,0,20,858,29,799,3,2,11,7,0,7,NA,NA,NA,NA,NA,NA,NA,2,1,150.61319069660246,196.7317686826589
4903700ATH3,UT,037,ATH3,1313,6,4,1,1298,0,0,0,4,732,2,4,1,724,0,0,0,1,NA,NA,NA,NA,NA,NA,NA,3,1,119.85181797393095,183.87880173793735
4903700BL10,UT,037,BL10,1130,46,687,2,380,3,0,0,12,708,19,455,0,226,3,0,0,5,NA,NA,NA,NA,NA,NA,NA,3,1,115.92225017150697,177.8499885662017
4903700BL11,UT,037,BL11,717,17,531,0,147,0,1,0,21,418,10,325,0,79,0,1,0,3,NA,NA,NA,NA,NA,NA,NA,3,1,68.43997255888405,105.00182940772925
4903700BL17,UT,037,BL17,1148,42,704,4,356,1,0,4,37,661,16,449,1,184,1,0,2,8,NA,NA,NA,NA,NA,NA,NA,3,1,108.22684655842671,166.0435627715527
4903700BL18,UT,037,BL18,924,39,742,4,116,0,0,4,19,564,20,465,0,71,0,0,2,6,NA,NA,NA,NA,NA,NA,NA,3,1,92.34484335696318,141.6771095357878
4903700BLF1,UT,037,BLF1,982,19,210,0,745,0,0,0,8,596,14,176,0,403,0,0,0,3,NA,NA,NA,NA,NA,NA,NA,3,1,97.58426709352848,149.715527098102
4903700CPT4,UT,037,CPT4,88,4,83,0,1,0,0,0,0,57,1,56,0,0,0,0,0,0,NA,NA,NA,NA,NA,NA,NA,3,1,9.332723530756917,14.31843128287217
4903700HC15,UT,037,HC15,126,4,86,0,34,2,0,0,0,102,4,78,0,18,2,0,0,0,NA,NA,NA,NA,NA,NA,NA,3,1,16.70066316030185,25.622455979876513
4903700LSL6,UT,037,LSL6,477,45,341,0,72,2,0,1,16,355,30,245,0,67,2,0,1,10,NA,NA,NA,NA,NA,NA,NA,3,1,58.124857077521156,89.17619483192317
4903700MCK2,UT,037,MCK2,1325,13,45,0,1262,0,0,0,5,755,2,32,0,719,0,0,0,2,NA,NA,NA,NA,NA,NA,NA,3,1,123.61765378458723,189.65641436085068
4903700MH12,UT,037,MH12,985,6,49,1,929,0,0,0,0,597,4,40,1,552,0,0,0,0,NA,NA,NA,NA,NA,NA,NA,3,1,97.74799908529613,149.9667276469243
4903700NM14,UT,037,NM14,484,1,13,0,469,0,0,0,1,276,1,13,0,262,0,0,0,0,NA,NA,NA,NA,NA,NA,NA,3,1,45.190029727875604,69.33135147495999
4903700OJ13,UT,037,OJ13,1441,8,54,1,1376,0,1,0,1,823,6,36,0,779,0,1,0,1,NA,NA,NA,NA,NA,NA,NA,3,1,134.7514292247885,206.73805168076836
4903700RM16,UT,037,RM16,388,0,0,0,388,0,0,0,0,226,0,0,0,226,0,0,0,0,NA,NA,NA,NA,NA,NA,NA,3,1,37.00343013949234,56.771324033844046
4903700SPV7,UT,037,SPV7,193,2,186,0,4,0,0,0,1,147,1,143,0,2,0,0,0,1,NA,NA,NA,NA,NA,NA,NA,3,1,24.068602789846786,36.92648067688086
4903700UCL5,UT,037,UCL5,259,13,241,3,0,0,0,1,1,190,11,176,2,0,0,0,0,1,NA,NA,NA,NA,NA,NA,NA,3,1,31.10907843585639,47.728104276240565
4903700WM20,UT,037,WM20,277,0,3,0,272,0,0,0,2,157,0,3,0,154,0,0,0,0,NA,NA,NA,NA,NA,NA,NA,3,1,25.705922707523438,39.438486165104045
490370MON19,UT,037,MON19,591,51,519,0,10,3,2,0,6,359,26,323,0,6,2,1,0,1,NA,NA,NA,NA,NA,NA,NA,3,1,58.77978504459181,90.18099702721243
490370NMON8,UT,037,NMON8,644,106,485,0,31,13,0,1,8,408,56,329,0,13,6,0,1,3,NA,NA,NA,NA,NA,NA,NA,3,1,66.8026526412074,102.48982391950605
490370SMON9,UT,037,SMON9,921,118,727,2,58,1,1,0,14,615,76,491,1,37,1,1,0,8,NA,NA,NA,NA,NA,NA,NA,3,1,100.6951749371141,154.48833752572605
4903900AX12,UT,039,AX12,221,0,220,0,0,0,0,0,1,152,0,151,0,0,0,0,0,1,NA,NA,NA,NA,NA,NA,NA,3,2,20.038135314616348,42.69472023144191
4903900CE11,UT,039,CE11,1208,110,1077,1,9,1,1,0,9,736,56,672,1,3,0,1,0,3,NA,NA,NA,NA,NA,NA,NA,3,2,97.02676047077388,206.7323295417187
4903900CH22,UT,039,CH22,300,75,219,0,2,0,0,0,4,193,37,152,0,2,0,0,0,2,NA,NA,NA,NA,NA,NA,NA,3,2,25.443158656058912,54.211059241238736
4903900EP01,UT,039,EP01,1254,353,870,3,7,2,5,0,14,787,199,571,0,5,2,0,0,10,NA,NA,NA,NA,NA,NA,NA,3,2,103.75008218817804,221.05753172463673
4903900EP02,UT,039,EP02,863,20,807,0,2,20,4,0,10,748,12,701,0,2,20,4,0,9,NA,NA,NA,NA,NA,NA,NA,3,2,98.6087185219278,210.1029653494641
4903900EP03,UT,039,EP03,1407,20,1326,7,5,22,11,0,16,1220,16,1148,7,5,21,11,0,12,NA,NA,NA,NA,NA,NA,NA,3,2,160.8324018673154,342.68130712078374
4903900EP04,UT,039,EP04,1216,64,1122,3,4,15,1,2,5,777,33,723,1,2,14,1,0,3,NA,NA,NA,NA,NA,NA,NA,3,2,102.43178381221645,218.24866855151555
4903900FA13,UT,039,FA13,228,21,198,0,5,0,0,0,4,148,12,134,0,2,0,0,0,0,NA,NA,NA,NA,NA,NA,NA,3,2,19.510815964231707,41.57117496219344
4903900FA16,UT,039,FA16,942,18,905,1,2,1,0,0,15,588,14,566,0,2,1,0,0,5,NA,NA,NA,NA,NA,NA,NA,3,2,77.51594450654218,165.1611545795253
4903900FA17,UT,039,FA17,694,16,658,0,8,4,6,0,2,449,13,420,0,7,3,4,0,2,NA,NA,NA,NA,NA,NA,NA,3,2,59.19159708067591,126.1179564731409
4903900FG24,UT,039,FG24,1008,59,940,1,5,0,0,0,3,613,31,578,0,3,0,0,0,1,NA,NA,NA,NA,NA,NA,NA,3,2,80.81169044644619,172.18331251232823
4903900GU09,UT,039,GU09,1679,148,1401,42,39,11,14,1,23,1351,140,1086,42,36,11,13,1,22,NA,NA,NA,NA,NA,NA,NA,3,2,178.10211059241237,379.47741468867116
4903900GU10,UT,039,GU10,784,32,724,0,17,8,0,0,3,479,16,449,0,9,4,0,0,1,NA,NA,NA,NA,NA,NA,NA,3,2,63.146492208560716,134.54454599250442
4903900IN14,UT,039,IN14,317,7,294,0,1,2,6,0,7,205,4,191,0,1,2,2,0,5,NA,NA,NA,NA,NA,NA,NA,3,2,27.025116707212835,57.58169504898415
4903900MA04,UT,039,MA04,1198,25,1136,1,14,2,10,0,10,698,11,676,0,5,2,1,0,3,NA,NA,NA,NA,NA,NA,NA,3,2,92.0172266421198,196.05864948385823
4903900MA05,UT,039,MA05,791,35,737,0,11,0,1,0,7,500,18,474,0,5,0,0,0,3,NA,NA,NA,NA,NA,NA,NA,3,2,65.91491879808008,140.4431586560589
4903900MA06,UT,039,MA06,1199,31,1136,1,22,1,2,0,6,766,19,727,1,12,1,2,0,4,NA,NA,NA,NA,NA,NA,NA,3,2,100.98165559865869,215.15891906108226
4903900MI15,UT,039,MI15,138,1,136,0,0,0,0,0,1,91,1,89,0,0,0,0,0,1,NA,NA,NA,NA,NA,NA,NA,3,2,11.996515221250576,25.560654875402722
4903900MO25,UT,039,MO25,925,216,681,0,4,1,8,0,15,576,112,451,0,1,1,3,0,8,NA,NA,NA,NA,NA,NA,NA,3,2,75.93398645538825,161.79051877177986
4903900MO26,UT,039,MO26,543,63,469,0,0,0,0,0,11,367,29,335,0,0,0,0,0,3,NA,NA,NA,NA,NA,NA,NA,3,2,48.38155039779078,103.08527845354723
4903900MP18,UT,039,MP18,973,28,934,0,4,0,0,1,6,643,16,619,0,2,0,0,1,5,NA,NA,NA,NA,NA,NA,NA,3,2,84.76658557433099,180.60990203169175
4903900MP19,UT,039,MP19,940,20,883,0,3,13,0,0,21,544,10,521,0,2,2,0,0,9,NA,NA,NA,NA,NA,NA,NA,3,2,71.71543165231114,152.8021566177921
4903900MP20,UT,039,MP20,1434,72,1341,0,6,2,4,0,9,911,38,859,0,6,1,2,0,5,NA,NA,NA,NA,NA,NA,NA,3,2,120.09698205010191,255.88743507133935
4903900MY08,UT,039,MY08,563,15,541,0,6,0,0,0,1,403,11,387,0,4,0,0,0,1,NA,NA,NA,NA,NA,NA,NA,3,2,53.127424551252545,113.19718587678348
4903900SC21,UT,039,SC21,1192,37,1133,1,2,3,4,0,12,788,18,757,0,2,2,2,0,7,NA,NA,NA,NA,NA,NA,NA,3,2,103.88191202577421,221.33841804194884
4903900ST07,UT,039,ST07,427,8,414,0,3,1,0,0,1,270,4,263,0,2,0,0,0,1,NA,NA,NA,NA,NA,NA,NA,3,2,35.59405615096325,75.83930567427181
4903900WA23,UT,039,WA23,319,16,288,0,4,0,1,0,10,206,8,193,0,2,0,1,0,2,NA,NA,NA,NA,NA,NA,NA,3,2,27.156946544808996,57.862581366296276
4904100AN01,UT,041,AN01,699,9,678,0,3,0,0,0,9,459,4,449,0,3,0,0,0,3,NA,NA,NA,NA,NA,NA,NA,3,2,59.099908897661706,114.29699362283631
4904100AU02,UT,041,AU02,714,13,694,0,4,0,2,0,1,486,6,477,0,2,0,1,0,0,NA,NA,NA,NA,NA,NA,NA,3,2,66.81224444690021,170.951265333186
4904100AU03,UT,041,AU03,396,1,389,0,0,6,0,0,0,263,1,258,0,0,4,0,0,0,NA,NA,NA,NA,NA,NA,NA,3,2,36.15559730356946,92.51066416178583
4904100CE04,UT,041,CE04,452,2,443,3,1,0,0,0,3,311,1,306,2,1,0,0,0,1,NA,NA,NA,NA,NA,NA,NA,3,2,42.75433749585589,109.39473975024865
4904100EL05,UT,041,EL05,1142,55,1058,2,14,4,0,1,8,754,23,713,1,11,4,0,1,1,NA,NA,NA,NA,NA,NA,NA,3,2,97.08351047676891,187.75584573337383
4904100GL06,UT,041,GL06,542,3,533,0,1,3,0,0,2,375,3,369,0,1,1,0,0,1,NA,NA,NA,NA,NA,NA,NA,3,2,51.55265775223782,131.90684053486575
4904100JO07,UT,041,JO07,660,44,544,9,51,2,1,1,8,422,19,369,3,21,2,1,1,6,NA,NA,NA,NA,NA,NA,NA,3,2,54.33586395384148,105.08351047676891
4904100KO17,UT,041,KO17,363,13,345,0,0,3,1,0,1,233,7,224,0,0,1,1,0,0,NA,NA,NA,NA,NA,NA,NA,3,2,32.03138468339043,81.95811691899657
4904100MO08,UT,041,MO08,1302,44,1224,1,25,1,1,1,5,840,28,796,1,11,1,1,0,2,NA,NA,NA,NA,NA,NA,NA,3,2,108.15669602186456,209.17096872153053
4904100MO09,UT,041,MO09,1165,21,1112,5,2,5,1,0,19,818,12,790,2,2,4,0,0,8,NA,NA,NA,NA,NA,NA,NA,3,2,105.32402064986336,203.69268144549045
4904100RE10,UT,041,RE10,912,17,888,3,0,1,0,0,3,558,12,542,0,0,1,0,0,3,NA,NA,NA,NA,NA,NA,NA,3,2,76.71035473532987,196.27737871588022
4904100RF11,UT,041,RF11,898,23,846,2,20,2,0,0,5,612,11,584,1,12,2,0,0,2,NA,NA,NA,NA,NA,NA,NA,3,2,84.13393745165213,215.2719637529009
4904100RF12,UT,041,RF12,632,17,607,2,3,0,0,0,3,417,7,404,2,2,0,0,0,2,NA,NA,NA,NA,NA,NA,NA,3,2,57.32655542048845,146.6804066747707
4904100RF13,UT,041,RF13,1099,31,983,2,74,0,0,0,9,704,15,659,2,23,0,0,0,5,NA,NA,NA,NA,NA,NA,NA,3,2,96.78152282020113,247.63310863078794
4904100RF19,UT,041,RF19,577,11,555,3,1,0,2,0,5,356,8,343,0,1,0,1,0,3,NA,NA,NA,NA,NA,NA,NA,3,2,48.940656426124434,125.22356061443253
4904100RF20,UT,041,RF20,509,11,479,1,8,6,0,0,4,338,7,320,0,7,3,0,0,1,NA,NA,NA,NA,NA,NA,NA,3,2,46.46612885401702,118.89203226875898
4904100RF21,UT,041,RF21,538,5,510,0,20,0,3,0,0,381,3,364,0,12,0,2,0,0,NA,NA,NA,NA,NA,NA,NA,3,2,52.37750027627362,134.01734998342357
4904100RF22,UT,041,RF22,648,9,628,1,6,0,0,0,4,404,6,392,0,2,0,0,0,4,NA,NA,NA,NA,NA,NA,NA,3,2,55.53939661841087,142.10763620289535
4904100RF23,UT,041,RF23,1049,47,924,15,45,9,0,0,9,684,30,607,12,27,5,0,0,3,NA,NA,NA,NA,NA,NA,NA,3,2,94.03204774008178,240.5980771355951
4904100RF24,UT,041,RF24,1200,17,1130,0,33,1,0,0,19,740,13,699,0,18,1,0,0,9,NA,NA,NA,NA,NA,NA,NA,3,2,101.73057796441596,260.29616532213504
4904100SA14,UT,041,SA14,695,21,660,0,9,0,0,1,4,452,10,435,0,5,0,0,0,2,NA,NA,NA,NA,NA,NA,NA,3,2,62.13813681069731,158.99171179135814
4904100SA15,UT,041,SA15,1254,35,1185,0,11,3,4,0,16,783,14,753,0,6,2,3,0,5,NA,NA,NA,NA,NA,NA,NA,3,2,107.64194938667255,275.42148303679966
4904100SA25,UT,041,SA25,606,11,583,0,6,0,0,0,6,415,7,400,0,3,0,0,0,5,NA,NA,NA,NA,NA,NA,NA,3,2,57.05160791247651,145.9769035252514
4904100SI16,UT,041,SI16,475,11,453,0,6,2,0,0,3,303,7,291,0,3,1,0,0,1,NA,NA,NA,NA,NA,NA,NA,3,2,41.65454746380816,106.58072715217152
4904100VE18,UT,041,VE18,315,10,301,0,3,0,1,0,0,234,5,226,0,2,0,1,0,0,NA,NA,NA,NA,NA,NA,NA,3,2,32.168858437396395,82.30986849375621
4904300CO19,UT,043,CO19,910,59,835,1,5,4,1,1,4,591,33,549,1,4,1,1,1,1,NA,NA,NA,NA,NA,NA,NA,3,3,71.4364490011019,90.2086906529967
4904300CO20,UT,043,CO20,478,36,439,0,0,0,0,1,2,328,23,304,0,0,0,0,1,0,NA,NA,NA,NA,NA,NA,NA,3,3,39.646624826330665,50.065060125521
4904300DV01,UT,043,DV01,566,24,521,7,4,4,0,0,6,501,22,463,2,4,4,0,0,6,NA,NA,NA,NA,NA,NA,NA,3,3,60.557801945096536,76.47132659416471
4904300EC24,UT,043,EC24,104,1,103,0,0,0,0,0,0,65,1,64,0,0,0,0,0,0,NA,NA,NA,NA,NA,NA,NA,3,3,7.856800651559431,9.921429598045322
4904300FR28,UT,043,FR28,772,16,750,3,2,0,0,0,1,516,9,505,0,1,0,0,0,1,NA,NA,NA,NA,NA,NA,NA,3,3,62.37090978776409,78.7608872706367
4904300HE25,UT,043,HE25,929,25,896,0,1,3,0,1,3,596,12,582,0,0,1,0,0,1,NA,NA,NA,NA,NA,NA,NA,3,3,72.0408182819911,90.97187754515403
4904300HE38,UT,043,HE38,1195,73,1083,1,6,9,2,4,17,823,46,749,1,6,7,1,4,9,NA,NA,NA,NA,NA,NA,NA,3,3,99.47918363436017,125.62056244909691
4904300HO18,UT,043,HO18,772,32,732,0,0,0,2,0,6,510,13,495,0,0,0,1,0,1,NA,NA,NA,NA,NA,NA,NA,3,3,61.64566665069707,77.84506300004792
4904300JE37,UT,043,JE37,1642,99,1491,1,6,19,1,5,20,1136,70,1034,0,4,17,1,1,9,NA,NA,NA,NA,NA,NA,NA,3,3,137.31270061802329,173.39606189814592
4904300JW27,UT,043,JW27,1638,39,1542,1,3,22,0,4,27,1048,21,997,0,3,15,0,2,10,NA,NA,NA,NA,NA,NA,NA,3,3,126.6758012743736,159.9639725961769
4904300KA12,UT,043,KA12,793,47,737,3,2,2,0,0,2,517,26,487,1,1,2,0,0,0,NA,NA,NA,NA,NA,NA,NA,3,3,62.49178364394193,78.91352464906817
4904300KA29,UT,043,KA29,697,36,650,2,0,2,1,0,6,484,25,451,1,0,2,1,0,4,NA,NA,NA,NA,NA,NA,NA,3,3,58.5029463900733,73.87649116082979
4904300MA13,UT,043,MA13,393,4,388,0,1,0,0,0,0,248,4,243,0,1,0,0,0,0,NA,NA,NA,NA,NA,NA,NA,3,3,29.976716332103674,37.854069851003686
4904300OA14,UT,043,OA14,1259,42,1205,1,4,2,0,1,4,812,19,784,1,2,2,0,1,3,NA,NA,NA,NA,NA,NA,NA,3,3,98.14957121640397,123.94155128635079
4904300OTS2,UT,043,OTS2,458,91,360,1,0,1,0,0,5,387,59,321,1,0,1,0,0,5,NA,NA,NA,NA,NA,NA,NA,3,3,46.77818234082307,59.07066545297753
4904300PB59,UT,043,PB59,1742,155,1521,9,6,18,2,2,29,1246,98,1106,6,5,14,1,2,14,NA,NA,NA,NA,NA,NA,NA,3,3,150.6088247975854,190.18617352560724
4904300PE15,UT,043,PE15,562,28,528,0,0,4,1,0,1,378,16,360,0,0,2,0,0,0,NA,NA,NA,NA,NA,NA,NA,3,3,45.69031763522254,57.696929047094336
4904300PMS5,UT,043,PMS5,854,191,636,2,4,12,0,0,9,603,119,469,1,2,7,0,0,5,NA,NA,NA,NA,NA,NA,NA,3,3,72.88693527523596,92.0403391941743
4904300PR03,UT,043,PR03,1565,495,1002,1,1,50,0,1,15,1219,337,820,1,1,47,0,1,12,NA,NA,NA,NA,NA,NA,NA,3,3,147.3452306807838,186.06496430795767
4904300PW07,UT,043,PW07,1110,73,1002,4,3,11,0,4,13,867,46,794,4,3,8,0,4,8,NA,NA,NA,NA,NA,NA,NA,3,3,104.79763330618502,132.33660710008144
4904300QM06,UT,043,QM06,1053,16,1019,0,1,12,0,0,5,754,11,731,0,1,8,0,0,3,NA,NA,NA,NA,NA,NA,NA,3,3,91.13888755808941,115.08858333732574
4904300SC08,UT,043,SC08,943,28,896,0,3,9,0,2,5,623,21,588,0,3,6,0,2,3,NA,NA,NA,NA,NA,NA,NA,3,3,75.3044123987927,95.09308676280362
4904300SH21,UT,043,SH21,315,0,314,1,0,0,0,0,0,214,0,213,1,0,0,0,0,0,NA,NA,NA,NA,NA,NA,NA,3,3,25.8670052220572,32.66439898433383
4904300SS16,UT,043,SS16,996,27,948,1,1,4,0,1,14,642,15,618,0,1,2,0,0,6,NA,NA,NA,NA,NA,NA,NA,3,3,77.60101566617162,97.99319695300149
4904300SW33,UT,043,SW33,1298,585,653,0,8,44,0,0,8,947,420,478,0,4,41,0,0,4,NA,NA,NA,NA,NA,NA,NA,3,3,114.46754180041201,144.54759737459875
4904300TC04,UT,043,TC04,50,8,39,1,0,0,0,0,2,41,6,33,1,0,0,0,0,1,NA,NA,NA,NA,NA,NA,NA,3,3,4.955828103291333,6.258132515690125
4904300UP22,UT,043,UP22,143,0,143,0,0,0,0,0,0,92,0,92,0,0,0,0,0,0,NA,NA,NA,NA,NA,NA,NA,3,3,11.12039476836104,14.042638815694916
4904300WA17,UT,043,WA17,459,36,416,0,1,4,0,0,2,314,22,287,0,1,3,0,0,1,NA,NA,NA,NA,NA,NA,NA,3,3,37.95439083984094,47.92813682748048
4904300WO11,UT,043,WO11,538,15,517,0,0,0,0,0,6,362,8,352,0,0,0,0,0,2,NA,NA,NA,NA,NA,NA,NA,3,3,43.75633593637714,55.25473099219087
490430OTN32,UT,043,OTN32,925,29,870,3,0,9,0,1,13,773,26,723,3,0,9,0,1,11,NA,NA,NA,NA,NA,NA,NA,3,3,93.4354908254683,117.9886935275236
490430PBN39,UT,043,PBN39,1026,10,993,1,6,8,1,0,7,682,7,663,1,2,4,1,0,4,NA,NA,NA,NA,NA,NA,NA,3,3,82.4359699132851,104.09869209026016
490430PMN35,UT,043,PMN35,656,17,630,0,0,4,1,0,4,471,12,453,0,0,2,1,0,3,NA,NA,NA,NA,NA,NA,NA,3,3,56.93158625976142,71.89220524122072
490430RRS36,UT,043,RRS36,253,7,243,0,0,1,0,0,2,187,5,180,0,0,1,0,0,1,NA,NA,NA,NA,NA,NA,NA,3,3,22.603411105255592,28.543189766684232
490430SPE30,UT,043,SPE30,1052,22,1010,6,2,2,0,0,10,779,13,753,3,2,1,0,0,7,NA,NA,NA,NA,NA,NA,NA,3,3,94.16073396253535,118.90451779811241
490430SPW10,UT,043,SPW10,355,6,343,0,0,2,0,0,4,263,4,255,0,0,2,0,0,2,NA,NA,NA,NA,NA,NA,NA,3,3,31.789824174771237,40.143630527475686
49043RPSM26,UT,043,RPSM26,1235,34,1153,4,6,21,1,0,16,854,23,805,0,3,14,1,0,8,NA,NA,NA,NA,NA,NA,NA,3,3,103.22627317587313,130.3523211804724
4904500DU25,UT,045,DU25,2018,116,1214,297,170,57,5,4,155,1324,73,801,204,121,35,3,2,85,NA,NA,NA,NA,NA,NA,NA,1,3,223.3831281625255,241.5817536439846
4904500ER18,UT,045,ER18,1529,50,1453,4,6,2,4,0,10,947,24,904,2,5,2,4,0,6,NA,NA,NA,NA,NA,NA,NA,1,3,159.77630088361906,172.79299146590137
4904500IB26,UT,045,IB26,130,10,76,0,42,0,0,0,2,84,9,47,0,26,0,0,0,2,NA,NA,NA,NA,NA,NA,NA,1,3,14.172343478589232,15.326939052941622
4904500LI19,UT,045,LI19,571,44,520,0,3,0,0,0,4,376,30,340,0,2,0,0,0,4,NA,NA,NA,NA,NA,NA,NA,1,3,63.43810890416132,68.60629861792916
4904500LP16,UT,045,LP16,922,52,851,1,2,7,3,0,6,611,24,574,0,1,7,2,0,3,NA,NA,NA,NA,NA,NA,NA,1,3,103.08692696926214,111.48523525413488
4904500OP21,UT,045,OP21,37,0,36,0,0,1,0,0,0,32,0,31,0,0,1,0,0,0,NA,NA,NA,NA,NA,NA,NA,1,3,5.398987991843516,5.838833924930141
4904500RV22,UT,045,RV22,517,15,496,0,1,0,1,0,4,375,7,366,0,1,0,1,0,0,NA,NA,NA,NA,NA,NA,NA,1,3,63.269390529416206,68.4238350577751
4904500ST20,UT,045,ST20,625,45,560,7,6,2,0,0,5,446,32,397,7,6,1,0,0,3,NA,NA,NA,NA,NA,NA,NA,1,3,75.248395136319,81.37874782871384
4904500TE24,UT,045,TE24,224,20,166,0,32,0,3,0,3,153,10,115,0,25,0,2,0,1,NA,NA,NA,NA,NA,NA,NA,1,3,25.813911336001812,27.91692470357224
4904500TO01,UT,045,TO01,1363,110,1224,2,7,6,0,0,14,1029,80,935,2,6,3,0,0,3,NA,NA,NA,NA,NA,NA,NA,1,3,173.61120761271806,187.75500339853485
4904500TO02,UT,045,TO02,1456,164,1251,2,6,13,0,0,20,1044,113,901,1,6,11,0,0,12,NA,NA,NA,NA,NA,NA,NA,1,3,176.1419832338947,190.49195680084586
4904500TO03,UT,045,TO03,1710,175,1491,3,1,14,0,0,26,1205,100,1086,1,1,9,0,0,8,NA,NA,NA,NA,NA,NA,NA,1,3,203.3056415678574,219.86858998565063
4904500TO04,UT,045,TO04,1850,248,1514,9,26,5,10,0,38,1272,154,1067,5,20,5,4,0,17,NA,NA,NA,NA,NA,NA,NA,1,3,214.60977267577977,232.09364851597311
4904500TO05,UT,045,TO05,1383,188,1152,3,14,12,0,0,14,978,113,838,1,13,7,0,0,6,NA,NA,NA,NA,NA,NA,NA,1,3,165.00657050071746,178.44936183067745
4904500TO06,UT,045,TO06,4926,481,4265,30,32,34,4,8,72,2946,274,2578,14,17,26,3,2,32,NA,NA,NA,NA,NA,NA,NA,1,3,497.04433199909374,537.5376482138811
4904500TO07,UT,045,TO07,2749,222,2396,15,47,5,8,0,56,1759,134,1558,11,29,5,4,0,18,NA,NA,NA,NA,NA,NA,NA,1,3,296.7756211766483,320.95340231100374
4904500TO08,UT,045,TO08,1715,224,1443,13,19,3,2,0,11,1095,130,936,9,10,2,1,0,7,NA,NA,NA,NA,NA,NA,NA,1,3,184.7466203458953,199.79759836870326
4904500TO09,UT,045,TO09,1289,91,1147,10,13,13,0,0,15,919,51,842,3,6,11,0,0,6,NA,NA,NA,NA,NA,NA,NA,1,3,155.052186390756,167.68401178158751
4904500TO10,UT,045,TO10,2473,206,2185,6,22,9,1,0,44,1602,119,1432,6,15,7,1,0,22,NA,NA,NA,NA,NA,NA,NA,1,3,270.28683634166606,292.3066233668152
4904500TO11,UT,045,TO11,1599,162,1283,55,42,7,5,5,40,976,94,787,38,28,5,2,2,20,NA,NA,NA,NA,NA,NA,NA,1,3,164.66913375122726,178.08443471036932
4904500VE23,UT,045,VE23,306,39,259,1,0,1,0,0,6,205,28,174,1,0,1,0,0,1,NA,NA,NA,NA,NA,NA,NA,1,3,34.58726682274752,37.40502983158372
4904500WE27,UT,045,WE27,1610,1065,489,6,23,8,2,3,14,968,583,349,3,19,6,1,1,6,NA,NA,NA,NA,NA,NA,NA,1,3,163.31938675326637,176.62472622913677
4904501GR12,UT,045,1GR12,1533,83,1405,0,33,2,0,0,10,1001,43,932,0,20,1,0,0,5,NA,NA,NA,NA,NA,NA,NA,1,3,168.887093119855,182.646023714221
4904502GR13,UT,045,2GR13,1997,61,1895,2,22,2,3,0,12,1202,31,1146,0,15,2,3,0,5,NA,NA,NA,NA,NA,NA,NA,1,3,202.79948644362207,219.3211993051884
4904502SP28,UT,045,2SP28,1050,41,989,3,7,1,0,0,9,714,26,675,3,3,1,0,0,6,NA,NA,NA,NA,NA,NA,NA,1,3,120.46491956800845,130.27898195000378
4904503GR14,UT,045,3GR14,1376,69,1274,1,7,9,3,0,13,897,30,850,0,4,7,1,0,5,NA,NA,NA,NA,NA,NA,NA,1,3,151.34038214636357,163.669813458198
4904504GR15,UT,045,4GR15,1598,97,1484,0,8,2,0,0,7,1023,52,961,0,7,1,0,0,2,NA,NA,NA,NA,NA,NA,NA,1,3,172.59889736424742,186.66022203761045
490451SP117,UT,045,1SP117,2179,136,1979,10,9,19,10,1,15,1299,79,1187,5,5,10,8,1,4,NA,NA,NA,NA,NA,NA,NA,1,3,219.16516879389775,237.02016464013292
4904700AS15,UT,047,AS15,1541,44,1448,0,26,4,0,1,18,1018,22,967,0,18,2,0,1,8,NA,NA,NA,NA,NA,NA,NA,3,1,128.94748969197187,310.67147707979626
4904700AW16,UT,047,AW16,526,45,224,2,250,0,0,0,5,365,29,174,1,157,0,0,0,4,NA,NA,NA,NA,NA,NA,NA,3,1,46.23362842590347,111.39006791171478
4904700BL19,UT,047,BL19,1274,27,976,1,250,0,11,2,7,840,17,660,1,150,0,7,2,3,NA,NA,NA,NA,NA,NA,NA,3,1,106.40067911714772,256.34974533106964
4904700DE02,UT,047,DE02,1230,34,1182,1,3,0,1,0,9,788,21,761,0,3,0,1,0,2,NA,NA,NA,NA,NA,NA,NA,3,1,99.8139704098957,240.4804753820034
4904700DW03,UT,047,DW03,797,39,725,0,23,0,0,0,10,528,19,499,0,8,0,0,0,2,NA,NA,NA,NA,NA,NA,NA,3,1,66.8804268736357,161.13412563667234
4904700FD18,UT,047,FD18,1513,57,506,1,892,2,0,0,55,965,26,350,0,565,2,0,0,22,NA,NA,NA,NA,NA,NA,NA,3,1,122.23411350958041,294.49702886247877
4904700GL17,UT,047,GL17,1849,71,1733,3,28,5,0,1,8,1179,40,1113,0,16,4,0,1,5,NA,NA,NA,NA,NA,NA,NA,3,1,149.3409531894252,359.80517826825127
4904700JN01,UT,047,JN01,802,9,771,1,10,1,0,1,9,541,8,522,1,4,1,0,0,5,NA,NA,NA,NA,NA,NA,NA,3,1,68.5271040504487,165.10144312393888
4904700LP21,UT,047,LP21,645,16,552,0,65,2,0,0,10,421,10,365,0,38,2,0,0,6,NA,NA,NA,NA,NA,NA,NA,3,1,53.327007033713315,128.48005093378606
4904700MD07,UT,047,MD07,1477,26,1419,3,11,5,0,0,13,950,12,919,1,8,4,0,0,6,NA,NA,NA,NA,NA,NA,NA,3,1,120.33410138248848,289.9193548387097
4904700MS06,UT,047,MS06,1389,38,1329,0,18,0,0,1,3,882,21,844,0,14,0,0,0,3,NA,NA,NA,NA,NA,NA,NA,3,1,111.72071307300509,269.16723259762307
4904700NP04,UT,047,NP04,1778,57,1692,0,4,2,0,0,23,1106,26,1065,0,3,2,0,0,10,NA,NA,NA,NA,NA,NA,NA,3,1,140.09422750424446,337.5271646859083
4904700SO05,UT,047,SO05,1712,62,1581,2,30,9,4,0,24,1087,33,1020,2,15,5,2,0,10,NA,NA,NA,NA,NA,NA,NA,3,1,137.68754547659472,331.7287775891341
4904700TW20,UT,047,TW20,977,26,441,0,493,0,0,0,17,596,13,277,0,298,0,0,0,8,NA,NA,NA,NA,NA,NA,NA,3,1,75.4938151831191,181.88624787775893
4904700VC08,UT,047,VC08,1175,58,1082,0,19,2,0,0,14,806,25,754,0,15,2,0,0,10,NA,NA,NA,NA,NA,NA,NA,3,1,102.09398496240601,245.9736842105263
4904700VC09,UT,047,VC09,854,23,800,0,14,5,1,0,11,602,12,573,0,7,3,1,0,6,NA,NA,NA,NA,NA,NA,NA,3,1,76.25382003395585,183.71731748726654
4904700VC10,UT,047,VC10,1397,78,1246,3,48,9,1,0,12,901,41,823,2,22,6,1,0,6,NA,NA,NA,NA,NA,NA,NA,3,1,114.12739510065487,274.9656196943973
4904700VC11,UT,047,VC11,1010,17,968,0,13,2,0,0,10,667,10,642,0,8,2,0,0,5,NA,NA,NA,NA,NA,NA,NA,3,1,84.48720591802086,203.55390492359933
4904700VC12,UT,047,VC12,1460,66,1355,3,19,2,0,0,15,947,36,893,1,12,2,0,0,3,NA,NA,NA,NA,NA,NA,NA,3,1,119.9540989570701,289.0038200339559
4904700VC13,UT,047,VC13,960,52,867,3,26,2,0,0,10,645,29,595,0,14,2,0,0,5,NA,NA,NA,NA,NA,NA,NA,3,1,81.70052146495271,196.83998302207132
4904700VC14,UT,047,VC14,858,49,765,3,22,4,1,1,13,658,35,587,3,18,4,1,1,9,NA,NA,NA,NA,NA,NA,NA,3,1,83.34719864176571,200.80730050933786
4904900AF01,UT,049,AF01,1336,158,1157,1,0,9,3,0,8,889,92,783,1,0,7,1,0,5,NA,NA,NA,NA,NA,NA,NA,3,1,83.16875198005341,216.19559430402924
4904900AF02,UT,049,AF02,1122,36,1062,0,1,7,13,0,3,651,20,617,0,1,6,4,0,3,NA,NA,NA,NA,NA,NA,NA,3,1,60.903101843661155,158.31645882106076
4904900AF03,UT,049,AF03,1512,31,1448,6,2,2,4,0,19,891,17,860,2,2,2,3,0,5,NA,NA,NA,NA,NA,NA,NA,3,1,83.35585828372056,216.68197359380207
4904900AF04,UT,049,AF04,1581,151,1395,1,6,13,0,1,14,1037,90,928,1,5,9,0,0,4,NA,NA,NA,NA,NA,NA,NA,3,1,97.01461845142337,252.18766174721972
4904900AF05,UT,049,AF05,1461,107,1313,4,17,1,1,0,18,952,58,873,2,7,0,1,0,11,NA,NA,NA,NA,NA,NA,NA,3,1,89.06260054556901,231.51654193187383
4904900AF06,UT,049,AF06,1927,34,1837,3,1,33,5,0,14,1002,19,960,0,0,18,2,0,3,NA,NA,NA,NA,NA,NA,NA,3,1,93.74025813724805,243.67602417619491
4904900AF07,UT,049,AF07,1612,29,1540,1,18,3,7,1,13,1033,17,993,1,12,3,4,1,2,NA,NA,NA,NA,NA,NA,NA,3,1,96.64040584408906,251.214903167674
4904900AF08,UT,049,AF08,1514,50,1429,3,4,8,3,1,16,948,31,902,2,3,4,0,1,5,NA,NA,NA,NA,NA,NA,NA,3,1,88.68838793823467,230.54378335232812
4904900AF09,UT,049,AF09,1855,134,1678,2,7,7,13,1,13,1188,86,1081,1,6,4,6,1,3,NA,NA,NA,NA,NA,NA,NA,3,1,111.14114437829409,288.9092981250694
4904900AF10,UT,049,AF10,1246,53,1171,0,6,3,0,0,13,790,34,746,0,2,3,0,0,5,NA,NA,NA,NA,NA,NA,NA,3,1,73.90698994852889,192.11981946027345
4904900AF11,UT,049,AF11,2004,86,1883,1,8,9,2,0,15,1272,51,1201,1,3,7,2,0,7,NA,NA,NA,NA,NA,NA,NA,3,1,118.99960913231487,309.33722829552886
4904900AF12,UT,049,AF12,1974,44,1881,6,8,7,4,1,23,1292,32,1234,3,5,4,3,0,11,NA,NA,NA,NA,NA,NA,NA,3,1,120.87067216898649,314.2010211932573
4904900AF13,UT,049,AF13,1686,68,1568,3,1,14,9,0,23,998,39,937,1,1,9,5,0,6,NA,NA,NA,NA,NA,NA,NA,3,1,93.36604552991372,242.70326559664923
4904900AF14,UT,049,AF14,1857,42,1755,2,2,33,2,1,20,1042,23,985,0,1,23,2,1,7,NA,NA,NA,NA,NA,NA,NA,3,1,97.48238421059128,253.4036099716518
4904900AL01,UT,049,AL01,2578,32,2480,7,7,8,12,0,32,1472,16,1427,1,4,6,10,0,8,NA,NA,NA,NA,NA,NA,NA,3,1,137.71023949903105,357.9751572728133
4904900AL02,UT,049,AL02,2110,34,2028,1,1,12,2,0,32,1127,20,1089,0,0,7,1,0,10,NA,NA,NA,NA,NA,NA,NA,3,1,105.43440211644565,274.0747297869977
4904900AL03,UT,049,AL03,2672,51,2589,4,5,4,0,3,16,1486,22,1449,0,2,3,0,1,9,NA,NA,NA,NA,NA,NA,NA,3,1,139.01998362470118,361.37981230122324
4904900CH01,UT,049,CH01,2011,38,1937,0,2,13,6,0,15,1023,19,987,0,0,9,2,0,6,NA,NA,NA,NA,NA,NA,NA,3,2,95.70487432575324,248.78300671880976
4904900CH02,UT,049,CH02,1178,38,1107,3,7,3,0,0,20,621,23,586,1,3,3,0,0,5,NA,NA,NA,NA,NA,NA,NA,3,2,58.096507288653726,151.02076947446812
4904900EM01,UT,049,EM01,2157,67,2040,7,8,6,1,3,25,1135,36,1072,2,4,6,1,2,12,NA,NA,NA,NA,NA,NA,NA,3,2,106.1828273311143,276.02024694608906
4904900ER01,UT,049,ER01,1841,60,1737,0,4,4,14,1,21,994,37,935,0,3,3,7,1,8,NA,NA,NA,NA,NA,NA,NA,3,2,92.99183292257939,241.73050701710355
4904900GE01,UT,049,GE01,965,78,871,0,7,4,0,0,5,537,44,485,0,3,2,0,0,3,NA,NA,NA,NA,NA,NA,NA,3,2,50.23804253463293,130.59283930400866
4904900HI01,UT,049,HI01,1910,28,1850,2,8,9,0,0,13,1079,13,1051,0,5,3,0,0,7,NA,NA,NA,NA,NA,NA,NA,3,1,100.94385082843377,262.40162683244944
4904900HI02,UT,049,HI02,1529,38,1476,2,1,1,3,0,8,857,21,830,1,1,1,2,0,1,NA,NA,NA,NA,NA,NA,NA,3,1,80.17505112137881,208.41352566766372
4904900HI03,UT,049,HI03,2309,44,2217,5,1,5,4,2,31,1233,24,1191,1,1,4,3,1,8,NA,NA,NA,NA,NA,NA,NA,3,1,115.35103621080523,299.8528321449584
4904900HI04,UT,049,HI04,1328,43,1267,4,0,5,0,0,9,729,18,702,2,0,2,0,0,5,NA,NA,NA,NA,NA,NA,NA,3,1,68.20024768668047,177.28525112220169
4904900HI05,UT,049,HI05,1117,26,1064,1,1,3,1,1,20,630,11,610,0,0,3,0,0,6,NA,NA,NA,NA,NA,NA,NA,3,1,58.93848565515595,153.2094762784459
4904900LE01,UT,049,LE01,1510,59,1428,4,8,3,1,0,7,1007,36,964,2,3,1,1,0,0,NA,NA,NA,NA,NA,NA,NA,3,1,94.20802389641594,244.89197240062703
4904900LE02,UT,049,LE02,1611,30,1535,5,19,4,4,0,14,1086,23,1039,2,10,2,4,0,6,NA,NA,NA,NA,NA,NA,NA,3,1,101.59872289126884,264.1039543466544
4904900LE03,UT,049,LE03,1165,31,1093,0,4,5,13,3,16,690,22,646,0,3,4,4,2,9,NA,NA,NA,NA,NA,NA,NA,3,1,64.5516747651708,167.80085497163122
4904900LE04,UT,049,LE04,1696,25,1625,8,15,1,7,0,15,1081,12,1050,1,12,1,2,0,3,NA,NA,NA,NA,NA,NA,NA,3,1,101.13095713210095,262.8880061222223
4904900LE05,UT,049,LE05,3697,158,3420,14,26,14,20,6,39,2144,79,2009,5,13,7,11,3,17,NA,NA,NA,NA,NA,NA,NA,3,1,200.57795753119743,521.3985986364889
4904900LE06,UT,049,LE06,1783,35,1722,3,0,19,0,0,4,1143,21,1110,0,0,12,0,0,0,NA,NA,NA,NA,NA,NA,NA,3,1,106.93125254578294,277.9657641051804
4904900LE07,UT,049,LE07,2463,81,2279,3,15,14,27,1,43,1232,37,1153,0,11,7,14,1,9,NA,NA,NA,NA,NA,NA,NA,3,1,115.25748305897164,299.60964250007197
4904900LE08,UT,049,LE08,2342,95,2197,4,2,14,10,1,19,1369,55,1294,3,1,9,3,1,3,NA,NA,NA,NA,NA,NA,NA,3,2,128.07426486017224,332.9266238495118
4904900LE09,UT,049,LE09,2145,42,2064,4,2,8,2,2,21,1125,18,1090,1,2,5,1,2,6,NA,NA,NA,NA,NA,NA,NA,3,1,105.2472958127785,273.58835049722484
4904900LE10,UT,049,LE10,1466,36,1398,4,10,4,2,0,12,899,19,866,0,4,4,2,0,4,NA,NA,NA,NA,NA,NA,NA,3,1,84.10428349838922,218.62749075289346
4904900LI01,UT,049,LI01,2282,113,2123,2,11,7,10,1,15,1342,70,1246,2,6,5,7,1,5,NA,NA,NA,NA,NA,NA,NA,3,2,125.54832976066555,326.3605034375784
4904900LI02,UT,049,LI02,2167,55,2061,2,4,15,0,0,30,1371,39,1307,0,3,14,0,0,8,NA,NA,NA,NA,NA,NA,NA,3,2,128.26137116383939,333.4130031392847
4904900LI03,UT,049,LI03,1897,48,1808,11,1,6,1,1,21,1044,28,998,1,1,6,0,1,9,NA,NA,NA,NA,NA,NA,NA,3,2,97.66949051425846,253.8899892614247
4904900LI04,UT,049,LI04,2056,63,1942,2,0,31,2,0,16,1042,29,988,0,0,20,0,0,5,NA,NA,NA,NA,NA,NA,NA,3,2,97.48238421059128,253.4036099716518
4904900LV01,UT,049,LV01,162,17,126,0,12,1,0,1,5,125,15,99,0,6,1,0,0,4,NA,NA,NA,NA,NA,NA,NA,3,2,11.694143979197612,30.398705610802764
4904900MA01,UT,049,MA01,1483,27,1426,4,12,6,5,0,3,876,18,845,1,5,4,1,0,2,NA,NA,NA,NA,NA,NA,NA,3,2,81.95256100621685,213.03412892050574
4904900MA02,UT,049,MA02,1257,42,1211,1,0,0,1,0,2,787,18,768,0,0,0,1,0,0,NA,NA,NA,NA,NA,NA,NA,3,2,73.62633049302816,191.3902505256142
4904900MA03,UT,049,MA03,1572,11,1550,2,1,1,1,0,6,947,7,934,2,1,1,1,0,1,NA,NA,NA,NA,NA,NA,NA,3,2,88.5948347864011,230.30059370744172
4904900MA04,UT,049,MA04,1497,39,1424,1,1,13,4,0,15,870,26,830,1,0,6,3,0,4,NA,NA,NA,NA,NA,NA,NA,3,2,81.39124209521536,211.5749910511872
4904900OR01,UT,049,OR01,1882,55,1744,4,4,40,10,0,25,954,26,893,0,3,18,6,0,8,NA,NA,NA,NA,NA,NA,NA,3,2,89.24970684923616,232.00292122164666
4904900OR02,UT,049,OR02,2692,562,1963,12,27,53,21,5,49,1839,369,1370,7,17,35,15,2,24,NA,NA,NA,NA,NA,NA,NA,3,2,172.04424622195523,447.2257569461302
4904900OR03,UT,049,OR03,1294,39,1241,0,3,6,1,0,4,773,21,741,0,3,6,0,0,2,NA,NA,NA,NA,NA,NA,NA,3,2,72.31658636735803,187.98559549720426
4904900OR04,UT,049,OR04,1250,173,1011,6,12,11,11,1,25,828,96,694,3,9,10,8,1,7,NA,NA,NA,NA,NA,NA,NA,3,2,77.46200971820497,201.36102596595748
4904900OR05,UT,049,OR05,1412,25,1343,1,6,15,3,5,14,873,14,833,0,5,10,3,3,5,NA,NA,NA,NA,NA,NA,NA,3,2,81.67190155071611,212.30455998584648
4904900OR06,UT,049,OR06,1066,50,974,0,2,13,12,0,15,760,26,707,0,2,12,7,0,6,NA,NA,NA,NA,NA,NA,NA,3,2,71.10039539352147,184.82413011368078
4904900OR07,UT,049,OR07,1083,33,1031,2,1,4,7,0,5,770,18,736,1,1,4,6,0,4,NA,NA,NA,NA,NA,NA,NA,3,2,72.03592691185727,187.256026562545
4904900OR08,UT,049,OR08,1491,102,1353,1,2,14,10,3,6,992,64,911,1,2,7,5,2,0,NA,NA,NA,NA,NA,NA,NA,3,2,92.80472661891224,241.24412772733072
4904900OR09,UT,049,OR09,1657,257,1273,6,27,33,24,1,36,1167,162,930,3,15,27,15,1,14,NA,NA,NA,NA,NA,NA,NA,3,2,109.17652818978888,283.8023155824546
4904900OR10,UT,049,OR10,1117,141,967,0,1,1,0,0,7,751,74,669,0,1,1,0,0,6,NA,NA,NA,NA,NA,NA,NA,3,2,70.25841702701925,182.635423309703
4904900OR11,UT,049,OR11,1149,73,1038,4,5,17,2,0,10,776,43,712,4,2,9,2,0,4,NA,NA,NA,NA,NA,NA,NA,3,2,72.59724582285877,188.7151644318635
4904900OR12,UT,049,OR12,1928,316,1482,7,16,11,47,4,45,1347,202,1073,5,13,10,24,4,16,NA,NA,NA,NA,NA,NA,NA,3,2,126.01609551983344,327.5764516620105
4904900OR13,UT,049,OR13,1692,89,1497,13,19,42,5,1,26,1303,66,1166,6,12,30,5,1,17,NA,NA,NA,NA,NA,NA,NA,3,2,121.89975683915588,316.876107287008
4904900OR14,UT,049,OR14,1982,195,1653,4,31,35,33,0,31,1351,121,1144,3,16,27,23,0,17,NA,NA,NA,NA,NA,NA,NA,3,2,126.39030812716777,328.54921024155624
4904900OR15,UT,049,OR15,1431,273,1041,9,28,29,33,1,17,915,157,688,6,13,20,24,1,6,NA,NA,NA,NA,NA,NA,NA,3,2,85.60113392772651,222.5185250710762
4904900OR16,UT,049,OR16,1891,153,1618,8,30,40,17,4,21,1304,101,1117,7,23,32,7,4,13,NA,NA,NA,NA,NA,NA,NA,3,2,121.99330999098946,317.1192969318944
4904900OR17,UT,049,OR17,1878,257,1535,7,21,11,26,4,17,1206,152,1005,5,12,8,15,1,8,NA,NA,NA,NA,NA,NA,NA,3,2,112.82510111129855,293.286711733025
4904900OR18,UT,049,OR18,2159,198,1843,15,22,26,14,0,41,1451,134,1245,10,12,21,11,0,18,NA,NA,NA,NA,NA,NA,NA,3,2,135.74562331052587,352.8681747301984
4904900OR19,UT,049,OR19,1698,314,1239,12,30,19,34,1,49,1065,185,814,5,14,14,18,0,15,NA,NA,NA,NA,NA,NA,NA,3,2,99.63410670276365,258.9969718040395
4904900OR20,UT,049,OR20,1713,98,1557,4,4,19,8,0,23,963,56,883,2,2,11,3,0,6,NA,NA,NA,NA,NA,NA,NA,3,2,90.09168521573838,234.19162802562445
4904900OR21,UT,049,OR21,1930,142,1699,9,8,24,23,0,25,1175,95,1033,5,5,17,12,0,8,NA,NA,NA,NA,NA,NA,NA,3,2,109.92495340445754,285.74783274154595
4904900OR22,UT,049,OR22,1586,52,1449,1,4,28,28,1,23,941,24,872,1,1,21,14,1,7,NA,NA,NA,NA,NA,NA,NA,3,2,88.03351587539962,228.84145583812318
4904900OR23,UT,049,OR23,1247,182,1031,5,7,4,10,1,7,877,99,759,1,6,4,6,0,2,NA,NA,NA,NA,NA,NA,NA,3,2,82.04611415805044,213.27731856539216
4904900OR24,UT,049,OR24,1859,124,1679,1,1,6,8,5,35,1091,75,994,0,1,3,4,1,13,NA,NA,NA,NA,NA,NA,NA,3,2,102.06648865043674,265.31990257108646
4904900OR25,UT,049,OR25,1174,53,1075,6,1,9,8,0,22,776,26,724,4,1,6,6,0,9,NA,NA,NA,NA,NA,NA,NA,3,2,72.59724582285877,188.7151644318635
4904900OR26,UT,049,OR26,1602,52,1451,16,6,58,4,0,15,1264,40,1140,10,6,53,4,0,11,NA,NA,NA,NA,NA,NA,NA,3,2,118.25118391764623,307.3917111364375
4904900OR27,UT,049,OR27,1794,149,1563,1,16,20,19,7,19,1177,91,1034,1,10,13,15,3,10,NA,NA,NA,NA,NA,NA,NA,3,2,110.1120597081247,286.2342120313188
4904900OR28,UT,049,OR28,2201,199,1945,2,16,16,3,1,19,1374,110,1234,0,9,14,2,1,4,NA,NA,NA,NA,NA,NA,NA,3,2,128.54203061934012,334.14257207394394
4904900OR29,UT,049,OR29,2150,70,1989,1,4,42,3,9,32,1186,36,1100,1,3,29,3,3,11,NA,NA,NA,NA,NA,NA,NA,3,2,110.95403807462692,288.42291883529657
4904900OR30,UT,049,OR30,1151,14,1106,4,1,10,10,0,6,713,12,682,2,1,8,5,0,3,NA,NA,NA,NA,NA,NA,NA,3,2,66.70339725734317,173.39421680401895
4904900OR31,UT,049,OR31,1575,50,1484,0,3,15,1,1,21,1118,33,1060,0,2,11,1,0,11,NA,NA,NA,NA,NA,NA,NA,3,2,104.59242374994342,271.88602298301987
4904900OR32,UT,049,OR32,1809,90,1650,3,22,10,8,6,20,1134,49,1049,0,10,8,6,4,8,NA,NA,NA,NA,NA,NA,NA,3,2,106.08927417928072,275.77705730120266
4904900OR33,UT,049,OR33,2282,333,1808,4,29,28,19,9,52,1542,178,1286,3,18,23,13,4,17,NA,NA,NA,NA,NA,NA,NA,3,2,144.25896012738173,374.99843241486286
4904900OR34,UT,049,OR34,2663,245,2303,10,5,45,23,0,32,1844,146,1620,6,3,42,13,0,14,NA,NA,NA,NA,NA,NA,NA,3,2,172.51201198112315,448.44170517056233
4904900OR35,UT,049,OR35,1627,215,1312,11,12,24,15,0,38,1004,123,825,4,6,18,9,0,19,NA,NA,NA,NA,NA,NA,NA,3,2,93.92736444091521,244.1624034659678
4904900OR36,UT,049,OR36,2076,52,1920,3,7,53,19,1,21,1112,28,1018,1,4,42,8,0,11,NA,NA,NA,NA,NA,NA,NA,3,2,104.03110483894196,270.42688511370136
4904900OR37,UT,049,OR37,1391,59,1292,1,2,25,4,3,5,804,39,737,1,2,17,2,3,3,NA,NA,NA,NA,NA,NA,NA,3,2,75.21673407419902,195.52447448868335
4904900OR38,UT,049,OR38,1788,152,1549,4,1,38,6,0,38,972,81,855,1,1,19,4,0,11,NA,NA,NA,NA,NA,NA,NA,3,2,90.93366358224063,236.38033482960228
4904900OR39,UT,049,OR39,1398,94,1257,0,4,19,9,1,14,849,54,762,0,1,17,3,1,11,NA,NA,NA,NA,NA,NA,NA,3,2,79.42662590671017,206.46800850857235
4904900OR40,UT,049,OR40,2112,188,1833,8,10,29,29,1,14,1440,126,1260,4,6,22,18,0,4,NA,NA,NA,NA,NA,NA,NA,3,2,134.71653864035648,350.1930886364478
4904900OR41,UT,049,OR41,1713,185,1421,9,10,16,35,0,37,1093,113,928,2,4,15,17,0,14,NA,NA,NA,NA,NA,NA,NA,3,2,102.2535949541039,265.80628186085937
4904900OR42,UT,049,OR42,1776,225,1456,10,12,19,14,3,37,1261,141,1079,3,6,11,6,1,14,NA,NA,NA,NA,NA,NA,NA,3,2,117.9705244621455,306.66214220177824
4904900OR43,UT,049,OR43,1611,161,1349,4,6,31,24,1,35,1173,104,1009,3,4,23,9,1,20,NA,NA,NA,NA,NA,NA,NA,3,2,109.73784710079038,285.2614534517731
4904900OR44,UT,049,OR44,1363,62,1220,4,4,12,24,2,35,862,36,779,2,2,6,11,0,26,NA,NA,NA,NA,NA,NA,NA,3,2,80.64281688054672,209.62947389209583
4904900OR45,UT,049,OR45,1254,25,1139,7,9,43,14,1,16,781,16,715,4,4,26,9,0,7,NA,NA,NA,NA,NA,NA,NA,3,2,73.06501158202667,189.93111265629565
4904900OR46,UT,049,OR46,1538,90,1373,7,3,38,1,1,25,988,50,892,2,3,27,1,0,13,NA,NA,NA,NA,NA,NA,NA,3,2,92.43051401157793,240.27136914778504
4904900OR47,UT,049,OR47,1916,93,1725,3,11,30,11,1,42,1222,52,1113,2,9,21,9,1,15,NA,NA,NA,NA,NA,NA,NA,3,2,114.32195154063584,297.1777460512078
4904900OR48,UT,049,OR48,1925,330,1506,9,11,19,10,5,35,1371,214,1099,5,8,18,5,5,17,NA,NA,NA,NA,NA,NA,NA,3,2,128.26137116383939,333.4130031392847
4904900OR49,UT,049,OR49,1665,75,1535,1,3,25,4,6,16,1020,44,942,0,3,20,3,2,6,NA,NA,NA,NA,NA,NA,NA,3,2,95.42421487025251,248.05343778415053
4904900OR50,UT,049,OR50,1683,53,1554,8,2,27,6,7,26,940,23,883,1,1,24,3,0,5,NA,NA,NA,NA,NA,NA,NA,3,2,87.93996272356603,228.59826619323675
4904900PA01,UT,049,PA01,1670,49,1607,2,2,1,1,0,8,1022,31,984,1,2,1,1,0,2,NA,NA,NA,NA,NA,NA,NA,3,2,95.61132117391966,248.53981707392336
4904900PA02,UT,049,PA02,2168,169,1957,4,7,10,7,0,14,1239,88,1134,1,4,5,3,0,4,NA,NA,NA,NA,NA,NA,NA,3,2,115.91235512180671,301.31197001427694
4904900PA03,UT,049,PA03,1845,191,1623,1,6,3,2,1,18,1166,105,1048,0,5,1,2,1,4,NA,NA,NA,NA,NA,NA,NA,3,2,109.08297503795531,283.5591259375681
4904900PA04,UT,049,PA04,1677,82,1554,1,6,14,1,3,16,1049,38,986,0,4,10,1,3,7,NA,NA,NA,NA,NA,NA,NA,3,2,98.13725627342635,255.10593748585677
4904900PA05,UT,049,PA05,1746,106,1622,1,4,11,0,0,2,1107,66,1032,0,2,5,0,0,2,NA,NA,NA,NA,NA,NA,NA,3,2,103.56333907977404,269.21093688926925
4904900PA06,UT,049,PA06,1793,72,1679,2,5,2,11,0,22,1062,36,1009,0,4,2,2,0,9,NA,NA,NA,NA,NA,NA,NA,3,2,99.35344724726289,258.26740286938025
4904900PA07,UT,049,PA07,1777,105,1634,2,6,0,8,0,22,1087,56,1017,0,3,0,6,0,5,NA,NA,NA,NA,NA,NA,NA,3,2,101.69227604310241,264.3471439915408
4904900PA08,UT,049,PA08,1695,128,1530,4,5,11,2,4,11,1086,71,993,2,3,8,0,2,7,NA,NA,NA,NA,NA,NA,NA,3,2,101.59872289126884,264.1039543466544
4904900PC01,UT,049,PC01,319,8,308,0,2,1,0,0,0,245,3,240,0,2,0,0,0,0,NA,NA,NA,NA,NA,NA,NA,3,2,22.920522199227317,59.58146299717342
4904900PG01,UT,049,PG01,1527,18,1478,1,7,1,5,0,17,908,14,878,0,5,1,2,0,8,NA,NA,NA,NA,NA,NA,NA,3,2,84.94626186489144,220.81619755687123
4904900PG02,UT,049,PG02,3445,228,3062,14,23,29,13,0,76,1884,110,1718,5,14,20,5,0,12,NA,NA,NA,NA,NA,NA,NA,3,2,176.25413805446638,458.16929096601916
4904900PG03,UT,049,PG03,1258,42,1186,1,0,4,3,4,18,853,22,813,1,0,4,3,0,10,NA,NA,NA,NA,NA,NA,NA,3,2,79.8008385140445,207.44076708811804
4904900PG04,UT,049,PG04,1612,21,1553,2,12,7,4,2,11,927,14,897,2,6,3,3,1,1,NA,NA,NA,NA,NA,NA,NA,3,2,86.72377174972948,225.43680080971328
4904900PG05,UT,049,PG05,2062,240,1778,0,5,6,2,0,31,1441,146,1268,0,4,6,2,0,15,NA,NA,NA,NA,NA,NA,NA,3,2,134.81009179219006,350.43627828133424
4904900PG06,UT,049,PG06,1693,81,1579,1,12,6,8,0,6,1000,47,938,0,5,3,2,0,5,NA,NA,NA,NA,NA,NA,NA,3,2,93.5531518335809,243.18964488642212
4904900PG07,UT,049,PG07,1890,55,1776,5,0,8,17,0,29,1070,28,1011,3,0,3,9,0,16,NA,NA,NA,NA,NA,NA,NA,3,2,100.10187246193155,260.2129200284716
4904900PG08,UT,049,PG08,1331,15,1292,4,1,1,2,1,15,769,13,743,2,1,1,2,1,6,NA,NA,NA,NA,NA,NA,NA,3,2,71.9423737600237,187.01283691765857
4904900PG09,UT,049,PG09,1815,24,1716,2,8,28,10,0,27,931,13,883,0,4,15,4,0,12,NA,NA,NA,NA,NA,NA,NA,3,2,87.09798435706381,226.40955938925896
4904900PG10,UT,049,PG10,1737,104,1592,16,2,5,6,1,11,1066,63,990,4,2,3,3,0,1,NA,NA,NA,NA,NA,NA,NA,3,2,99.72765985459722,259.24016144892596
4904900PG11,UT,049,PG11,1988,78,1874,3,10,9,1,0,13,1027,40,974,0,5,5,1,0,2,NA,NA,NA,NA,NA,NA,NA,3,2,96.07908693308757,249.75576529835547
4904900PG12,UT,049,PG12,1885,120,1722,6,0,11,8,2,16,1223,71,1134,3,0,4,1,2,8,NA,NA,NA,NA,NA,NA,NA,3,2,114.41550469246941,297.4209356960942
4904900PG13,UT,049,PG13,1151,42,1065,9,0,8,13,0,14,699,21,667,1,0,4,3,0,3,NA,NA,NA,NA,NA,NA,NA,3,2,65.39365313167303,169.98956177560905
4904900PR01,UT,049,PR01,1584,367,1125,9,30,14,11,4,24,1177,230,892,4,19,12,3,2,15,NA,NA,NA,NA,NA,NA,NA,3,2,110.1120597081247,286.2342120313188
4904900PR02,UT,049,PR02,1359,320,947,5,19,37,7,0,24,937,208,668,4,9,29,5,0,14,NA,NA,NA,NA,NA,NA,NA,3,2,87.65930326806529,227.8686972585775
4904900PR03,UT,049,PR03,1788,152,1509,2,13,57,14,5,36,1120,101,946,1,8,39,6,3,16,NA,NA,NA,NA,NA,NA,NA,3,2,104.7795300536106,272.3724022727927
4904900PR04,UT,049,PR04,1437,221,1135,5,14,29,6,3,24,1153,165,929,4,5,27,6,3,14,NA,NA,NA,NA,NA,NA,NA,3,2,107.86678406411876,280.39766055404465
4904900PR05,UT,049,PR05,1170,187,904,14,23,10,9,5,18,833,115,674,10,9,10,4,2,9,NA,NA,NA,NA,NA,NA,NA,3,2,77.92977547737287,202.5769741903896
4904900PR06,UT,049,PR06,1354,298,987,6,2,10,9,1,41,986,193,749,4,2,9,6,1,22,NA,NA,NA,NA,NA,NA,NA,3,2,92.24340770791075,239.78498985801215
4904900PR07,UT,049,PR07,1399,201,1118,1,7,45,5,0,22,1234,143,1020,1,7,41,5,0,17,NA,NA,NA,NA,NA,NA,NA,3,2,115.44458936263881,300.0960217898448
4904900PR08,UT,049,PR08,1627,85,1472,6,1,38,13,0,12,1580,74,1440,6,1,34,13,0,12,NA,NA,NA,NA,NA,NA,NA,3,2,147.81397989705778,384.2396389205469
4904900PR09,UT,049,PR09,3047,182,2746,11,9,47,19,5,28,2827,128,2595,9,8,46,18,5,18,NA,NA,NA,NA,NA,NA,NA,3,2,264.4747602335331,687.4971260939152
4904900PR10,UT,049,PR10,548,42,484,2,2,12,1,0,5,460,37,404,2,1,12,1,0,3,NA,NA,NA,NA,NA,NA,NA,3,2,43.034449843447206,111.86723664775415
4904900PR11,UT,049,PR11,1900,91,1728,5,7,27,11,1,30,1590,59,1471,5,5,25,6,1,18,NA,NA,NA,NA,NA,NA,NA,3,2,148.7495114153936,386.6715353694111
4904900PR12,UT,049,PR12,2471,104,2280,6,8,27,7,2,37,2329,85,2165,6,8,26,7,2,30,NA,NA,NA,NA,NA,NA,NA,3,2,217.88529062040988,566.388682940477
4904900PR13,UT,049,PR13,1424,41,1299,3,0,25,18,0,38,1017,28,937,2,0,22,11,0,17,NA,NA,NA,NA,NA,NA,NA,3,2,95.14355541475176,247.32386884949128
4904900PR14,UT,049,PR14,1295,374,857,6,17,8,15,0,18,948,244,649,3,16,8,14,0,14,NA,NA,NA,NA,NA,NA,NA,3,2,88.68838793823467,230.54378335232812
4904900PR15,UT,049,PR15,1536,365,1061,4,29,10,27,0,40,1030,207,754,2,16,9,21,0,21,NA,NA,NA,NA,NA,NA,NA,3,2,96.3597463885883,250.48533423301473
4904900PR16,UT,049,PR16,1685,598,958,9,35,11,22,1,51,1209,408,726,7,23,9,16,0,20,NA,NA,NA,NA,NA,NA,NA,3,2,113.10576056679929,294.0162806676843
4904900PR17,UT,049,PR17,1266,290,897,3,12,10,33,3,18,767,183,547,2,7,7,16,1,4,NA,NA,NA,NA,NA,NA,NA,3,2,71.75526745635653,186.52645762788575
4904900PR18,UT,049,PR18,1644,140,1434,1,8,9,14,0,38,1026,93,885,1,4,8,11,0,24,NA,NA,NA,NA,NA,NA,NA,3,2,95.98553378125399,249.51257565346904
4904900PR19,UT,049,PR19,1923,224,1633,0,8,15,13,1,29,1230,137,1055,0,5,12,10,1,10,NA,NA,NA,NA,NA,NA,NA,3,2,115.07037675530448,299.12326321029917
4904900PR20,UT,049,PR20,2499,344,2001,22,18,33,25,3,53,1353,192,1092,9,7,25,12,0,16,NA,NA,NA,NA,NA,NA,NA,3,2,126.57741443083493,329.0355895313291
4904900PR21,UT,049,PR21,1479,343,1049,7,18,23,13,3,23,1042,220,770,2,10,19,13,0,8,NA,NA,NA,NA,NA,NA,NA,3,2,97.48238421059128,253.4036099716518
4904900PR22,UT,049,PR22,1159,181,927,1,27,4,4,0,15,780,110,632,0,20,3,4,0,11,NA,NA,NA,NA,NA,NA,NA,3,2,72.97145843019308,189.68792301140923
4904900PR23,UT,049,PR23,1810,254,1452,4,9,25,28,6,32,1281,159,1057,2,6,22,19,5,11,NA,NA,NA,NA,NA,NA,NA,3,2,119.84158749881712,311.5259350995067
4904900PR24,UT,049,PR24,1468,243,1124,9,32,10,30,1,19,1044,142,843,6,24,10,15,1,3,NA,NA,NA,NA,NA,NA,NA,3,2,97.66949051425846,253.8899892614247
4904900PR25,UT,049,PR25,1984,437,1409,15,28,51,13,1,30,1614,296,1210,14,23,39,12,1,19,NA,NA,NA,NA,NA,NA,NA,3,2,150.99478705939956,392.5080868466853
4904900PR26,UT,049,PR26,1208,57,1075,4,18,15,6,0,33,990,42,900,4,8,10,6,0,20,NA,NA,NA,NA,NA,NA,NA,3,2,92.61762031524508,240.75774843755786
4904900PR27,UT,049,PR27,1106,29,1043,2,4,7,6,0,15,788,18,747,2,4,5,4,0,8,NA,NA,NA,NA,NA,NA,NA,3,2,73.71988364486174,191.6334401705006
4904900PR28,UT,049,PR28,1890,271,1479,8,14,54,24,11,29,1368,174,1092,7,12,42,17,6,18,NA,NA,NA,NA,NA,NA,NA,3,2,127.98071170833865,332.68343420462537
4904900PR29,UT,049,PR29,1551,87,1360,24,4,34,8,0,34,1394,66,1242,19,4,34,8,0,21,NA,NA,NA,NA,NA,NA,NA,3,2,130.41309365601174,339.0063649716724
4904900PR30,UT,049,PR30,912,12,878,0,1,1,3,0,17,678,9,658,0,1,1,2,0,7,NA,NA,NA,NA,NA,NA,NA,3,2,63.42903694316784,164.88257923299415
4904900PR31,UT,049,PR31,1340,68,1243,2,1,7,8,1,10,935,48,875,0,1,4,2,1,4,NA,NA,NA,NA,NA,NA,NA,3,2,87.47219696439812,227.38231796880464
4904900PR32,UT,049,PR32,4460,134,4114,10,13,91,14,2,82,4409,130,4070,10,13,90,13,2,81,NA,NA,NA,NA,NA,NA,NA,3,2,412.4758464342581,1072.223144304235
4904900PR33,UT,049,PR33,2606,121,2161,23,9,200,11,14,67,1923,78,1627,10,5,148,9,10,36,NA,NA,NA,NA,NA,NA,NA,3,2,179.90271097597602,467.6536871165896
4904900PR34,UT,049,PR34,842,161,620,7,8,26,13,0,7,696,98,547,6,6,24,9,0,6,NA,NA,NA,NA,NA,NA,NA,3,2,65.1129936761723,169.25999284094976
4904900PR35,UT,049,PR35,2719,93,2524,12,6,36,6,2,40,2697,89,2507,12,6,35,6,2,40,NA,NA,NA,NA,NA,NA,NA,3,2,252.31285049516765,655.8824722586803
4904900PR36,UT,049,PR36,1823,78,1646,8,3,36,5,8,39,1413,54,1293,2,3,27,5,4,25,NA,NA,NA,NA,NA,NA,NA,3,2,132.1906035408498,343.6269682245144
4904900PR37,UT,049,PR37,1042,33,980,0,1,23,0,0,5,731,23,689,0,1,14,0,0,4,NA,NA,NA,NA,NA,NA,NA,3,2,68.38735399034762,177.77163041197454
4904900PR38,UT,049,PR38,926,20,871,0,2,5,10,0,18,661,18,621,0,2,4,8,0,8,NA,NA,NA,NA,NA,NA,NA,3,2,61.83863336199696,160.74835526992499
4904900PR39,UT,049,PR39,1096,19,1053,3,2,5,0,0,14,795,13,771,3,2,3,0,0,3,NA,NA,NA,NA,NA,NA,NA,3,2,74.3747557076968,193.33576768470556
4904900PR40,UT,049,PR40,1213,17,1152,5,0,19,5,0,15,868,16,830,0,0,14,3,0,5,NA,NA,NA,NA,NA,NA,NA,3,2,81.20413579154821,211.08861176141437
4904900PR41,UT,049,PR41,1034,40,944,3,4,15,12,0,16,684,25,636,0,3,9,5,0,6,NA,NA,NA,NA,NA,NA,NA,3,2,63.99035585416932,166.34171710231269
4904900PR42,UT,049,PR42,988,27,918,1,9,12,6,0,15,678,15,641,1,4,8,3,0,6,NA,NA,NA,NA,NA,NA,NA,3,2,63.42903694316784,164.88257923299415
4904900PR43,UT,049,PR43,1734,401,1199,13,22,30,21,1,47,1192,252,871,10,9,18,12,1,19,NA,NA,NA,NA,NA,NA,NA,3,2,111.5153569856284,289.8820567046151
4904900PR44,UT,049,PR44,2008,316,1559,5,30,16,27,1,54,1348,182,1095,3,16,16,17,0,19,NA,NA,NA,NA,NA,NA,NA,3,2,126.10964867166702,327.8196413068969
4904900PR45,UT,049,PR45,1365,225,998,4,12,32,54,4,36,866,137,641,3,6,24,38,1,16,NA,NA,NA,NA,NA,NA,NA,3,2,81.01702948788105,210.60223247164151
4904900PR46,UT,049,PR46,1219,177,1002,4,10,15,1,0,10,821,103,694,2,7,10,1,0,4,NA,NA,NA,NA,NA,NA,NA,3,2,76.80713765536991,199.65869845175254
4904900PR47,UT,049,PR47,2265,250,1891,12,14,63,4,3,28,2131,191,1822,12,14,60,4,2,26,NA,NA,NA,NA,NA,NA,NA,3,2,199.36176655736085,518.2371332529655
4904900PR48,UT,049,PR48,2031,78,1832,5,3,57,17,0,39,1978,65,1797,4,3,55,16,0,38,NA,NA,NA,NA,NA,NA,NA,3,2,185.048134326823,481.0291175853429
4904900PR49,UT,049,PR49,695,22,645,0,1,2,14,0,11,481,17,448,0,0,2,8,0,6,NA,NA,NA,NA,NA,NA,NA,3,2,44.9990660319524,116.97421919036901
4904900PR50,UT,049,PR50,1492,195,1236,3,7,22,13,0,16,832,113,688,1,3,14,9,0,4,NA,NA,NA,NA,NA,NA,NA,3,2,77.8362223255393,202.33378454550316
4904900PR51,UT,049,PR51,1741,368,1234,16,35,27,18,11,32,1337,245,991,10,18,27,15,7,24,NA,NA,NA,NA,NA,NA,NA,3,2,125.08056400149765,325.14455521314636
4904900PR52,UT,049,PR52,1208,34,1133,3,6,15,6,2,9,759,21,711,2,5,12,2,2,4,NA,NA,NA,NA,NA,NA,NA,3,2,71.00684224168789,184.58094046879435
4904900PR53,UT,049,PR53,2481,121,2217,8,11,36,46,3,39,2383,107,2152,8,11,32,46,3,24,NA,NA,NA,NA,NA,NA,NA,3,2,222.93716081942324,579.5209237643438
4904900PR54,UT,049,PR54,2037,215,1659,14,20,75,17,9,28,1854,154,1553,12,15,71,17,7,25,NA,NA,NA,NA,NA,NA,NA,3,2,173.44754349945896,450.87360161942655
4904900PR55,UT,049,PR55,998,30,936,4,0,9,3,0,16,776,17,741,3,0,7,2,0,6,NA,NA,NA,NA,NA,NA,NA,3,2,72.59724582285877,188.7151644318635
4904900PR56,UT,049,PR56,2045,85,1806,7,5,55,27,5,55,1681,51,1520,5,5,43,14,3,40,NA,NA,NA,NA,NA,NA,NA,3,2,157.26284823224947,408.8017930540755
4904900PR57,UT,049,PR57,1973,81,1797,5,5,53,6,1,25,1913,68,1751,4,5,53,6,1,25,NA,NA,NA,NA,NA,NA,NA,3,2,178.9671794576402,465.22179066772543
4904900PR58,UT,049,PR58,1739,433,1212,8,10,29,15,9,23,1274,263,944,5,9,23,13,6,11,NA,NA,NA,NA,NA,NA,NA,3,2,119.18671543598205,309.8236075853017
4904900PR59,UT,049,PR59,1400,57,1267,24,7,7,4,0,34,768,25,728,0,2,4,0,0,9,NA,NA,NA,NA,NA,NA,NA,3,2,71.84882060819011,186.76964727277215
4904900PR60,UT,049,PR60,1070,14,1032,0,0,5,5,0,14,771,12,744,0,0,4,1,0,10,NA,NA,NA,NA,NA,NA,NA,3,2,72.12948006369086,187.49921620743143
4904900PR61,UT,049,PR61,1030,37,969,1,1,9,3,2,8,715,24,678,1,1,6,3,0,2,NA,NA,NA,NA,NA,NA,NA,3,2,66.89050356101033,173.88059609379178
4904900PR62,UT,049,PR62,1377,104,1204,6,2,11,16,4,30,913,61,813,3,2,10,11,0,13,NA,NA,NA,NA,NA,NA,NA,3,2,85.41402762405934,222.03214578130337
4904900PR63,UT,049,PR63,1402,204,1107,2,12,14,33,1,29,839,98,700,2,6,12,12,0,9,NA,NA,NA,NA,NA,NA,NA,3,2,78.49109438837436,204.03611205970813
4904900PR64,UT,049,PR64,829,10,790,4,0,10,5,0,10,527,7,507,0,0,6,5,0,2,NA,NA,NA,NA,NA,NA,NA,3,2,49.302511016297125,128.16094285514444
4904900PR65,UT,049,PR65,3522,207,3090,16,15,139,14,2,39,3404,176,3016,16,14,133,13,2,34,NA,NA,NA,NA,NA,NA,NA,3,2,318.45492884150934,827.8175511933808
4904900SA01,UT,049,SA01,1658,61,1566,1,1,4,9,0,16,1027,28,987,0,1,4,4,0,3,NA,NA,NA,NA,NA,NA,NA,3,2,96.07908693308757,249.75576529835547
4904900SA02,UT,049,SA02,1534,47,1468,1,0,0,6,0,12,934,22,899,0,0,0,4,0,9,NA,NA,NA,NA,NA,NA,NA,3,2,87.37864381256455,227.13912832391821
4904900SA03,UT,049,SA03,1858,31,1813,1,2,2,0,0,9,1065,18,1039,1,2,1,0,0,4,NA,NA,NA,NA,NA,NA,NA,3,2,99.63410670276365,258.9969718040395
4904900SF01,UT,049,SF01,1825,60,1743,1,4,2,5,1,9,1242,37,1193,1,3,2,3,0,3,NA,NA,NA,NA,NA,NA,NA,3,2,116.19301457730745,302.04153894893625
4904900SF02,UT,049,SF02,1958,50,1854,3,19,6,9,4,13,1216,23,1174,1,8,2,3,1,4,NA,NA,NA,NA,NA,NA,NA,3,2,113.76063262963434,295.71860818188924
4904900SF03,UT,049,SF03,2328,147,2137,3,15,6,5,1,14,1481,85,1371,0,8,5,4,1,7,NA,NA,NA,NA,NA,NA,NA,3,2,138.5522178655333,360.16386407679113
4904900SF04,UT,049,SF04,2102,172,1840,10,19,20,4,1,36,1306,99,1166,4,11,16,2,0,8,NA,NA,NA,NA,NA,NA,NA,3,2,122.18041629465664,317.60567622166724
4904900SF05,UT,049,SF05,2141,62,2050,7,0,2,1,0,19,1435,35,1390,2,0,1,1,0,6,NA,NA,NA,NA,NA,NA,NA,3,2,134.24877288118856,348.9771404120157
4904900SF06,UT,049,SF06,2374,48,2278,3,5,14,2,2,22,1285,27,1240,0,3,7,2,1,5,NA,NA,NA,NA,NA,NA,NA,3,2,120.21580010615143,312.4986936790524
4904900SF07,UT,049,SF07,923,75,801,4,15,11,4,0,13,738,68,631,4,15,6,4,0,10,NA,NA,NA,NA,NA,NA,NA,3,2,69.04222605318269,179.47395792617948
4904900SF08,UT,049,SF08,1478,70,1393,2,0,4,1,0,8,938,30,899,0,0,4,1,0,4,NA,NA,NA,NA,NA,NA,NA,3,2,87.75285641989886,228.1118869034639
4904900SF09,UT,049,SF09,2206,67,2092,1,14,6,5,0,21,1162,29,1116,1,4,5,1,0,6,NA,NA,NA,NA,NA,NA,NA,3,2,108.708762430621,282.58636735802247
4904900SF10,UT,049,SF10,1612,50,1530,4,2,3,6,0,17,923,22,888,2,1,2,3,0,5,NA,NA,NA,NA,NA,NA,NA,3,2,86.34955914239515,224.4640422301676
4904900SF11,UT,049,SF11,2372,119,2193,2,3,3,15,0,37,1181,64,1097,0,2,2,7,0,9,NA,NA,NA,NA,NA,NA,NA,3,2,110.48627231545903,287.2069706108645
4904900SL01,UT,049,SL01,469,65,385,0,1,2,1,10,5,310,40,263,0,0,2,0,4,1,NA,NA,NA,NA,NA,NA,NA,3,2,29.001477068410072,75.38878991479083
4904900SP01,UT,049,SP01,1117,26,1055,3,12,7,1,0,13,785,20,745,2,6,2,1,0,9,NA,NA,NA,NA,NA,NA,NA,3,2,73.439224189361,190.90387123584134
4904900SP02,UT,049,SP02,1364,144,1181,2,6,3,5,3,20,812,72,717,0,6,1,5,1,10,NA,NA,NA,NA,NA,NA,NA,3,2,75.96515928886767,197.46999164777472
4904900SP03,UT,049,SP03,1471,109,1305,1,16,3,17,2,18,906,58,819,1,10,3,6,2,7,NA,NA,NA,NA,NA,NA,NA,3,2,84.75915556122428,220.3298182670984
4904900SP04,UT,049,SP04,1472,71,1355,1,14,13,2,1,15,828,42,764,1,7,10,1,0,3,NA,NA,NA,NA,NA,NA,NA,3,2,77.46200971820497,201.36102596595748
4904900SP05,UT,049,SP05,1207,22,1165,0,2,2,3,0,13,845,14,820,0,2,1,2,0,6,NA,NA,NA,NA,NA,NA,NA,3,2,79.05241329937584,205.49524992902667
4904900SP06,UT,049,SP06,1426,48,1343,0,7,0,2,4,22,793,23,756,0,2,0,2,3,7,NA,NA,NA,NA,NA,NA,NA,3,2,74.18764940402964,192.8493883949327
4904900SP07,UT,049,SP07,1389,39,1307,1,0,11,16,1,14,823,15,787,0,0,9,7,1,4,NA,NA,NA,NA,NA,NA,NA,3,2,76.99424395903706,200.14507774152537
4904900SP08,UT,049,SP08,1659,87,1524,2,8,12,1,0,25,1094,45,1030,0,4,7,1,0,7,NA,NA,NA,NA,NA,NA,NA,3,2,102.34714810593749,266.04947150574577
4904900SP09,UT,049,SP09,1876,93,1743,7,3,2,3,0,25,1165,47,1101,5,1,2,3,0,6,NA,NA,NA,NA,NA,NA,NA,3,2,108.98942188612173,283.3159362926817
4904900SP10,UT,049,SP10,1086,32,1049,0,1,0,1,3,0,726,20,703,0,1,0,1,1,0,NA,NA,NA,NA,NA,NA,NA,3,2,67.91958823117972,176.55568218754243
4904900SP11,UT,049,SP11,1437,56,1343,2,6,9,1,0,20,944,33,891,2,3,8,1,0,6,NA,NA,NA,NA,NA,NA,NA,3,2,88.31417533090035,229.57102477278244
4904900SP12,UT,049,SP12,986,68,897,0,2,6,0,0,13,580,41,528,0,2,5,0,0,4,NA,NA,NA,NA,NA,NA,NA,3,2,54.26082806347691,141.0499940341248
4904900SP13,UT,049,SP13,1498,68,1406,2,14,1,4,0,3,1008,39,953,1,10,1,2,0,2,NA,NA,NA,NA,NA,NA,NA,3,2,94.30157704824954,245.13516204551348
4904900SP14,UT,049,SP14,1550,102,1386,0,10,5,10,0,37,1016,65,920,0,6,3,7,0,15,NA,NA,NA,NA,NA,NA,NA,3,2,95.05000226291818,247.08067920460485
4904900SP15,UT,049,SP15,1355,20,1312,0,6,0,1,0,16,757,8,740,0,2,0,0,0,7,NA,NA,NA,NA,NA,NA,NA,3,2,70.81973593802073,184.09456117902153
4904900SQ01,UT,049,SQ01,2622,223,2335,1,30,3,3,0,27,1539,105,1414,1,9,3,3,0,4,NA,NA,NA,NA,NA,NA,NA,3,2,143.978300671881,374.26886348020355
4904900SQ02,UT,049,SQ02,2723,260,2431,2,6,2,0,1,21,1549,147,1393,0,3,1,0,1,4,NA,NA,NA,NA,NA,NA,NA,3,2,144.9138321902168,376.70075992906783
4904900SR01,UT,049,SR01,1191,42,1102,6,1,10,14,0,16,753,22,706,6,0,6,7,0,6,NA,NA,NA,NA,NA,NA,NA,3,2,70.44552333068641,183.12180259947584
4904900VI01,UT,049,VI01,150,11,139,0,0,0,0,0,0,106,9,97,0,0,0,0,0,0,NA,NA,NA,NA,NA,NA,NA,3,2,9.916634094359573,25.77810235796074
4904900WH01,UT,049,WH01,1004,23,966,2,2,2,0,0,9,563,8,547,0,1,2,0,0,5,NA,NA,NA,NA,NA,NA,NA,3,2,52.67042448230604,136.91577007105562
49049BELS01,UT,049,BELS01,1799,60,1716,0,5,4,3,0,11,1174,31,1130,0,1,4,2,0,6,NA,NA,NA,NA,NA,NA,NA,3,2,109.83140025262395,285.50464309665955
49049CBBE01,UT,049,CBBE01,422,9,412,1,0,0,0,0,0,265,7,257,1,0,0,0,0,0,NA,NA,NA,NA,NA,NA,NA,3,2,24.791585235898935,64.44525589490186
49049CFFF01,UT,049,CFFF01,1184,22,1138,3,2,1,3,0,15,654,11,637,0,1,1,3,0,1,NA,NA,NA,NA,NA,NA,NA,3,2,61.183761299161894,159.04602775572002
49049ELGO01,UT,049,ELGO01,1386,215,1157,0,5,0,0,0,9,842,125,712,0,2,0,0,0,3,NA,NA,NA,NA,NA,NA,NA,3,2,78.7717538438751,204.7656809943674
49049ZZZZZZ,UT,049,ZZZZZZ,0,0,0,0,0,0,0,0,0,0,0,0,0,0,0,0,0,0,NA,NA,NA,NA,NA,NA,NA,3,2,0,0
4905100CH12,UT,051,CH12,688,29,651,1,0,0,0,0,7,450,12,435,1,0,0,0,0,2,NA,NA,NA,NA,NA,NA,NA,3,1,64.64535464535464,101.37362637362637
4905100CR18,UT,051,CR18,559,42,509,1,2,0,0,0,5,359,27,329,0,1,0,0,0,2,NA,NA,NA,NA,NA,NA,NA,3,1,51.57262737262737,80.87362637362638
4905100DA04,UT,051,DA04,922,34,872,6,4,4,0,0,2,647,17,622,2,3,1,0,0,2,NA,NA,NA,NA,NA,NA,NA,3,1,92.94565434565435,145.75274725274727
4905100HE01,UT,051,HE01,1249,105,1133,0,4,1,1,0,5,861,62,793,0,2,1,1,0,2,NA,NA,NA,NA,NA,NA,NA,3,1,123.68811188811188,193.96153846153845
4905100HE02,UT,051,HE02,491,28,446,1,4,3,0,0,9,343,16,318,1,4,2,0,0,2,NA,NA,NA,NA,NA,NA,NA,3,1,49.27412587412588,77.26923076923077
4905100HE03,UT,051,HE03,689,53,627,0,2,5,0,1,1,527,35,484,0,2,5,0,1,0,NA,NA,NA,NA,NA,NA,NA,3,1,75.7068931068931,118.71978021978022
4905100HE05,UT,051,HE05,555,25,523,0,2,0,0,0,5,386,12,369,0,1,0,0,0,4,NA,NA,NA,NA,NA,NA,NA,3,1,55.451348651348646,86.95604395604396
4905100HE06,UT,051,HE06,447,24,417,0,2,1,0,0,3,312,12,297,0,2,1,0,0,0,NA,NA,NA,NA,NA,NA,NA,3,1,44.82077922077922,70.28571428571429
4905100HE10,UT,051,HE10,1631,166,1444,1,8,7,0,0,5,1041,106,924,1,5,5,0,0,0,NA,NA,NA,NA,NA,NA,NA,3,1,149.54625374625374,234.510989010989
4905100HE14,UT,051,HE14,669,26,632,0,3,3,0,0,5,400,14,381,0,2,2,0,0,1,NA,NA,NA,NA,NA,NA,NA,3,1,57.46253746253746,90.10989010989012
4905100HE15,UT,051,HE15,1316,38,1237,13,10,4,2,0,12,860,22,811,6,10,4,2,0,5,NA,NA,NA,NA,NA,NA,NA,3,1,123.54445554445554,193.73626373626374
4905100HE16,UT,051,HE16,1555,89,1453,2,3,1,4,0,3,854,49,799,0,1,1,2,0,2,NA,NA,NA,NA,NA,NA,NA,3,1,122.6825174825175,192.3846153846154
4905100MI07,UT,051,MI07,1075,48,995,1,5,3,4,0,19,722,32,669,0,4,2,3,0,12,NA,NA,NA,NA,NA,NA,NA,3,1,103.71988011988012,162.64835164835165
4905100MI08,UT,051,MI08,1046,11,1026,0,3,1,0,0,5,688,8,672,0,2,1,0,0,5,NA,NA,NA,NA,NA,NA,NA,3,1,98.83556443556445,154.989010989011
4905100MI13,UT,051,MI13,814,38,758,4,0,10,0,0,4,580,18,554,0,0,6,0,0,2,NA,NA,NA,NA,NA,NA,NA,3,1,83.32067932067932,130.65934065934067
4905100PC17,UT,051,PC17,2,0,2,0,0,0,0,0,0,2,0,2,0,0,0,0,0,0,NA,NA,NA,NA,NA,NA,NA,3,1,0.28731268731268733,0.45054945054945056
4905100WA09,UT,051,WA09,742,9,729,0,1,0,3,0,0,481,4,474,0,1,0,2,0,0,NA,NA,NA,NA,NA,NA,NA,3,1,69.0987012987013,108.35714285714286
4905100WO11,UT,051,WO11,765,10,734,2,6,1,1,1,10,497,6,480,1,3,1,1,1,4,NA,NA,NA,NA,NA,NA,NA,3,1,71.3972027972028,111.96153846153847
4905300SG01,UT,053,SG01,1961,364,1333,29,115,24,56,0,40,1631,257,1199,22,74,17,38,0,24,NA,NA,NA,NA,NA,NA,NA,1,1,87.99906698410656,289.89316968020074
4905300SG02,UT,053,SG02,1109,156,934,1,8,6,0,0,4,811,102,696,0,5,6,0,0,2,NA,NA,NA,NA,NA,NA,NA,1,1,43.756740235506086,144.14675696544626
4905300SG03,UT,053,SG03,1309,107,1142,4,15,5,11,0,25,1002,75,890,4,7,5,10,0,11,NA,NA,NA,NA,NA,NA,NA,1,1,54.06196512450936,178.095006756322
4905300SG04,UT,053,SG04,1188,58,1074,1,28,6,6,0,15,861,29,795,1,17,5,4,0,10,NA,NA,NA,NA,NA,NA,NA,1,1,46.454443086030494,153.03373335049224
4905300SG05,UT,053,SG05,1249,111,1106,1,5,7,8,4,7,1029,74,932,1,3,7,6,3,3,NA,NA,NA,NA,NA,NA,NA,1,1,55.51872466379255,182.89397400424681
4905300SG06,UT,053,SG06,1078,61,982,1,6,5,9,0,14,918,39,858,1,3,3,5,0,9,NA,NA,NA,NA,NA,NA,NA,1,1,49.529824335628334,163.1648864294447
4905300SG07,UT,053,SG07,1272,115,1123,1,3,7,8,0,15,931,65,844,0,3,5,7,0,7,NA,NA,NA,NA,NA,NA,NA,1,1,50.23122707676468,165.47550028955666
4905300SG08,UT,053,SG08,1198,191,936,0,43,5,2,1,20,913,132,742,0,22,5,2,1,9,NA,NA,NA,NA,NA,NA,NA,1,1,49.260054050575896,162.2761887909401
4905300SG09,UT,053,SG09,961,100,784,10,33,4,5,2,23,728,68,613,10,19,4,3,1,10,NA,NA,NA,NA,NA,NA,NA,1,1,39.27855350363554,129.39437616626986
4905300SG10,UT,053,SG10,709,9,681,1,9,2,4,0,3,570,6,549,1,5,2,4,0,3,NA,NA,NA,NA,NA,NA,NA,1,1,30.75381249597838,101.31153078952448
4905300SG11,UT,053,SG11,1271,76,1147,0,26,3,2,0,17,928,50,847,0,16,3,2,0,10,NA,NA,NA,NA,NA,NA,NA,1,1,50.06936490573322,164.94228170645388
4905300SG12,UT,053,SG12,1737,88,1563,5,27,5,21,1,27,1145,49,1052,0,16,4,15,1,8,NA,NA,NA,NA,NA,NA,NA,1,1,61.7773952770092,203.51175921755356
4905300SG13,UT,053,SG13,1753,174,1468,1,49,17,9,0,35,1119,99,969,1,25,12,6,0,7,NA,NA,NA,NA,NA,NA,NA,1,1,60.37458979473651,198.89053149732965
4905300SG14,UT,053,SG14,994,152,806,0,22,2,4,0,8,673,83,574,0,11,1,3,0,1,NA,NA,NA,NA,NA,NA,NA,1,1,36.31108036805868,119.61870214271926
4905300SG15,UT,053,SG15,432,4,397,0,6,6,11,0,8,263,1,241,0,6,4,9,0,2,NA,NA,NA,NA,NA,NA,NA,1,1,14.189916993758446,46.745495785342
4905300SG16,UT,053,SG16,2126,168,1847,5,60,8,17,0,21,1580,97,1419,2,34,6,9,0,13,NA,NA,NA,NA,NA,NA,NA,1,1,85.24741007657164,280.8284537674538
4905300SG17,UT,053,SG17,1721,242,1377,10,40,6,6,3,37,1226,133,1042,7,18,4,4,2,16,NA,NA,NA,NA,NA,NA,NA,1,1,66.14767389485877,217.9086609613281
4905300SG18,UT,053,SG18,1545,79,1421,4,20,2,10,0,9,990,38,934,0,8,1,7,0,2,NA,NA,NA,NA,NA,NA,NA,1,1,53.414516440383494,175.96213242391093
4905300SG19,UT,053,SG19,2270,221,1913,10,66,7,9,0,44,1449,114,1263,8,36,6,8,0,14,NA,NA,NA,NA,NA,NA,NA,1,1,78.17942860819767,257.5445756386333
4905300SG20,UT,053,SG20,934,40,863,0,11,3,1,2,14,699,20,662,0,7,3,1,1,5,NA,NA,NA,NA,NA,NA,NA,1,1,37.71388585033138,124.23992986294319
4905300SG21,UT,053,SG21,1103,15,1069,2,2,0,1,4,10,790,11,768,1,1,0,1,4,4,NA,NA,NA,NA,NA,NA,NA,1,1,42.62370503828582,140.4142268837269
4905300SG22,UT,053,SG22,534,3,507,0,14,5,3,0,2,471,3,455,0,8,2,3,0,0,NA,NA,NA,NA,NA,NA,NA,1,1,25.41236085194003,83.7153175471334
4905300SG23,UT,053,SG23,1563,37,1486,1,6,8,3,1,21,1273,24,1229,1,3,5,2,1,8,NA,NA,NA,NA,NA,NA,NA,1,1,68.68351457435172,226.26241876327137
4905300SG24,UT,053,SG24,526,11,514,0,0,0,0,0,1,353,7,345,0,0,0,0,0,1,NA,NA,NA,NA,NA,NA,NA,1,1,19.0457821247024,62.74205327842481
4905300SG25,UT,053,SG25,780,17,731,0,0,8,4,7,13,535,14,502,0,0,6,2,4,7,NA,NA,NA,NA,NA,NA,NA,1,1,28.865420500611286,95.09064731999227
4905300SG26,UT,053,SG26,1362,27,1308,0,2,4,3,1,17,1016,14,987,0,2,3,3,1,6,NA,NA,NA,NA,NA,NA,NA,1,1,54.8173219226562,180.58336014413487
4905300SG27,UT,053,SG27,1216,37,1137,2,5,8,9,0,18,829,21,789,1,3,5,6,0,4,NA,NA,NA,NA,NA,NA,NA,1,1,44.72791326169487,147.3460684640628
4905300SG28,UT,053,SG28,949,19,916,0,8,3,0,0,3,588,14,567,0,4,1,0,0,2,NA,NA,NA,NA,NA,NA,NA,1,1,31.72498552216717,104.51084228814105
4905300SG29,UT,053,SG29,1858,36,1794,0,9,11,2,0,6,1148,21,1116,0,2,4,1,0,4,NA,NA,NA,NA,NA,NA,NA,1,1,61.93925744804067,204.04497780065634
4905300SG30,UT,053,SG30,1168,18,1098,2,5,13,8,10,14,827,12,788,0,3,11,7,2,4,NA,NA,NA,NA,NA,NA,NA,1,1,44.62000514767389,146.99058940866095
4905300SG31,UT,053,SG31,1298,18,1249,1,2,12,6,0,10,808,7,782,1,2,8,5,0,3,NA,NA,NA,NA,NA,NA,NA,1,1,43.59487806447462,143.61353838234348
4905300SG32,UT,053,SG32,1614,117,1447,2,3,10,15,4,16,1211,81,1098,2,3,9,10,2,6,NA,NA,NA,NA,NA,NA,NA,1,1,65.33836303970143,215.2425680458143
4905300SG33,UT,053,SG33,842,25,802,1,6,2,4,0,2,733,13,710,1,3,2,4,0,0,NA,NA,NA,NA,NA,NA,NA,1,1,39.54832378868799,130.28307380477446
4905300SG34,UT,053,SG34,1760,115,1552,6,35,5,8,3,36,1397,71,1281,6,14,5,5,0,15,NA,NA,NA,NA,NA,NA,NA,1,1,75.37381764365227,248.30212019818543
4905300SG35,UT,053,SG35,2043,104,1863,0,30,15,4,0,27,1395,55,1306,0,16,7,4,0,7,NA,NA,NA,NA,NA,NA,NA,1,1,75.2659095296313,247.94664114278362
4905300SG36,UT,053,SG36,1266,45,1170,5,20,11,7,0,8,854,22,801,2,12,7,6,0,4,NA,NA,NA,NA,NA,NA,NA,1,1,46.07676468695708,151.7895566565858
4905300SG37,UT,053,SG37,1548,86,1420,1,2,11,9,1,18,919,49,846,1,2,6,8,1,6,NA,NA,NA,NA,NA,NA,NA,1,1,49.58377839263883,163.34262595714563
4905300SG38,UT,053,SG38,1416,91,1255,3,17,14,7,0,29,959,59,861,1,12,10,4,0,12,NA,NA,NA,NA,NA,NA,NA,1,1,51.741940673058366,170.45220706518242
4905300SG39,UT,053,SG39,0,0,0,0,0,0,0,0,0,0,0,0,0,0,0,0,0,0,NA,NA,NA,NA,NA,NA,NA,1,1,0,0
49053AP0151,UT,053,AP0151,431,14,379,0,15,4,0,3,16,281,9,258,0,5,3,0,0,6,NA,NA,NA,NA,NA,NA,NA,1,1,15.161090019947235,49.94480728395856
49053DV0199,UT,053,DV0199,874,18,845,0,9,1,0,0,1,464,6,453,0,3,1,0,0,1,NA,NA,NA,NA,NA,NA,NA,1,1,25.03468245286661,82.47114085322694
49053EN0182,UT,053,EN0182,629,9,601,0,18,0,0,0,1,381,4,361,0,15,0,0,0,1,NA,NA,NA,NA,NA,NA,NA,1,1,20.556495720996075,67.71876005405058
49053EN0283,UT,053,EN0283,843,20,796,0,14,3,0,0,10,489,8,466,0,7,2,0,0,6,NA,NA,NA,NA,NA,NA,NA,1,1,26.383533878128823,86.91462904574996
49053GU0181,UT,053,GU0181,180,2,169,0,0,1,0,7,1,112,1,107,0,0,1,0,2,1,NA,NA,NA,NA,NA,NA,NA,1,1,6.042854385174699,19.90682710250306
49053HI0197,UT,053,HI0197,1938,22,1858,4,9,12,12,6,15,717,13,682,1,2,11,3,2,3,NA,NA,NA,NA,NA,NA,NA,1,1,38.68505887652017,127.43924136155975
49053HU0252,UT,053,HU0252,1550,52,1457,0,7,8,1,6,19,969,23,922,0,5,7,1,2,9,NA,NA,NA,NA,NA,NA,NA,1,1,52.28148124316325,172.22960234219164
49053HU0353,UT,053,HU0353,1381,43,1309,4,11,0,2,0,12,883,24,839,1,10,0,2,0,7,NA,NA,NA,NA,NA,NA,NA,1,1,47.64143234026125,156.9440029599125
49053HU0454,UT,053,HU0454,1456,26,1405,0,11,2,2,0,10,964,17,930,0,9,1,2,0,5,NA,NA,NA,NA,NA,NA,NA,1,1,52.011710958110804,171.34090470368702
49053HU0555,UT,053,HU0555,2213,81,2050,3,41,7,8,6,17,1623,50,1527,2,22,5,3,4,10,NA,NA,NA,NA,NA,NA,NA,1,1,87.56743452802266,288.4712534585934
49053HU0656,UT,053,HU0656,1822,24,1735,6,10,4,8,2,33,1219,15,1175,2,6,4,4,2,11,NA,NA,NA,NA,NA,NA,NA,1,1,65.76999549578535,216.66448426742167
49053IV0176,UT,053,IV0176,2194,75,2058,0,27,7,2,2,23,1471,50,1388,0,16,6,2,2,7,NA,NA,NA,NA,NA,NA,NA,1,1,79.36641786242842,261.4548452480535
49053IV0277,UT,053,IV0277,2114,100,1921,1,21,7,13,3,48,1388,60,1286,1,9,5,9,1,17,NA,NA,NA,NA,NA,NA,NA,1,1,74.88823113055788,246.70246444887718
49053IV0378,UT,053,IV0378,346,16,266,1,61,0,0,0,2,288,5,243,1,37,0,0,0,2,NA,NA,NA,NA,NA,NA,NA,1,1,15.538768419020656,51.18898397786501
49053LA0185,UT,053,LA0185,1187,55,1097,1,5,2,1,0,26,787,27,741,1,5,2,1,0,10,NA,NA,NA,NA,NA,NA,NA,1,1,42.461842867254354,139.88100830062416
49053LA0286,UT,053,LA0286,1110,64,1001,3,17,2,3,0,20,740,38,676,2,10,2,3,0,9,NA,NA,NA,NA,NA,NA,NA,1,1,39.926002187761405,131.5272504986809
49053LA0387,UT,053,LA0387,1103,38,1028,0,18,2,0,0,17,658,19,625,0,4,2,0,0,8,NA,NA,NA,NA,NA,NA,NA,1,1,35.501769512901355,116.95260922720546
49053LE0190,UT,053,LE0190,883,25,832,0,4,2,6,2,12,669,12,640,0,2,2,2,2,9,NA,NA,NA,NA,NA,NA,NA,1,1,36.09526414001673,118.90774403191557
49053NH0193,UT,053,NH0193,754,34,708,0,2,0,0,0,10,542,17,521,0,1,0,0,0,3,NA,NA,NA,NA,NA,NA,NA,1,1,29.243098899684703,96.33482401389871
49053RO0197,UT,053,RO0197,247,17,227,0,0,1,0,0,2,193,7,183,0,0,1,0,0,2,NA,NA,NA,NA,NA,NA,NA,1,1,10.413133003024258,34.303728846277586
49053SC0171,UT,053,SC0171,1079,22,1034,0,0,4,1,3,15,687,13,663,0,0,1,0,1,9,NA,NA,NA,NA,NA,NA,NA,1,1,37.066437166205525,122.10705553053215
49053SC0272,UT,053,SC0272,1173,25,1128,3,4,5,4,0,4,734,16,711,0,3,3,0,0,1,NA,NA,NA,NA,NA,NA,NA,1,1,39.60227784569848,130.4608133324754
49053SC0373,UT,053,SC0373,1074,32,1017,0,4,2,2,0,17,633,16,603,0,2,2,1,0,9,NA,NA,NA,NA,NA,NA,NA,1,1,34.15291808763915,112.50912103468247
49053SC0474,UT,053,SC0474,1401,17,1348,4,6,6,8,0,12,785,11,760,0,2,3,4,0,5,NA,NA,NA,NA,NA,NA,NA,1,1,42.35393475323338,139.52552924522232
49053SP0195,UT,053,SP0195,572,63,494,2,10,3,0,0,0,473,37,424,2,7,3,0,0,0,NA,NA,NA,NA,NA,NA,NA,1,1,25.52026896596101,84.07079660253524
49053TO0196,UT,053,TO0196,917,31,876,0,3,1,1,0,5,616,19,589,0,3,0,1,0,4,NA,NA,NA,NA,NA,NA,NA,1,1,33.23569911846084,109.4875490637668
49053VE0180,UT,053,VE0180,573,15,543,1,3,4,0,1,6,447,8,429,1,1,4,0,1,3,NA,NA,NA,NA,NA,NA,NA,1,1,24.117463483688308,79.4495688823113
49053VE0280,UT,053,VE0280,1054,18,1010,0,6,5,1,1,13,715,11,683,0,6,5,1,1,8,NA,NA,NA,NA,NA,NA,NA,1,1,38.577150762499194,127.08376230615791
49053VI0189,UT,053,VI0189,431,14,406,0,0,0,5,0,6,318,9,303,0,0,0,3,0,3,NA,NA,NA,NA,NA,NA,NA,1,1,17.157390129335305,56.5211698088926
49053WA0161,UT,053,WA0161,1778,81,1616,7,34,15,2,0,23,1312,43,1217,5,16,15,2,0,14,NA,NA,NA,NA,NA,NA,NA,1,1,70.78772279776076,233.19426034360723
49053WA0262,UT,053,WA0262,1438,46,1327,2,48,0,1,1,13,957,28,892,1,25,0,1,1,9,NA,NA,NA,NA,NA,NA,NA,1,1,51.63403255903739,170.09672800978058
49053WA0363,UT,053,WA0363,1720,60,1629,1,19,2,0,0,9,1084,32,1035,0,11,2,0,0,4,NA,NA,NA,NA,NA,NA,NA,1,1,58.48619779936941,192.66964802779742
49053WA0464,UT,053,WA0464,1390,91,1250,16,23,4,2,0,4,1254,70,1135,16,23,4,2,0,4,NA,NA,NA,NA,NA,NA,NA,1,1,67.65838749115244,222.88536773695387
49053WA0565,UT,053,WA0565,1879,109,1742,4,7,3,2,0,12,1130,47,1067,2,5,3,2,0,4,NA,NA,NA,NA,NA,NA,NA,1,1,60.96808442185187,200.84566630203975
49053WH0198,UT,053,WH0198,957,31,916,1,4,0,0,0,5,609,17,588,1,1,0,0,0,2,NA,NA,NA,NA,NA,NA,NA,1,1,32.858020719387426,108.24337236986037
4905500BI04,UT,055,BI04,430,11,417,0,1,0,0,0,1,297,7,290,0,0,0,0,0,0,NA,NA,NA,NA,NA,NA,NA,3,1,57.579846788450205,138.0866234531526
4905500FR01,UT,055,FR01,208,2,205,0,0,0,0,0,1,131,0,130,0,0,0,0,0,1,NA,NA,NA,NA,NA,NA,NA,3,1,25.397171479080733,60.906894519740725
4905500HA07,UT,055,HA07,333,0,309,0,3,0,1,13,7,212,0,199,0,3,0,1,7,2,NA,NA,NA,NA,NA,NA,NA,3,1,41.10076605774897,98.56688273423688
4905500LO02,UT,055,LO02,622,12,598,3,2,0,3,2,2,392,9,378,2,2,0,0,0,1,NA,NA,NA,NA,NA,NA,NA,3,1,75.99764289923394,182.25574543311726
4905500LY03,UT,055,LY03,339,10,325,1,1,1,0,0,1,213,5,206,0,1,1,0,0,0,NA,NA,NA,NA,NA,NA,NA,3,1,41.29463759575722,99.03182086034178
4905500TE05,UT,055,TE05,214,8,200,0,2,1,0,0,3,161,2,157,0,1,1,0,0,0,NA,NA,NA,NA,NA,NA,NA,3,1,31.213317619328222,74.85503830288744
4905500TO06,UT,055,TO06,363,7,355,0,0,0,0,0,1,291,6,284,0,0,0,0,0,1,NA,NA,NA,NA,NA,NA,NA,3,1,56.4166175604007,135.29699469652326
49057CYN001,UT,057,CYN001,188,6,170,2,2,2,0,0,6,167,5,151,1,2,2,0,0,6,NA,NA,NA,NA,NA,NA,NA,1,3,29.15699042084848,41.476914908522424
49057EDN001,UT,057,EDN001,1587,31,1506,4,8,16,3,0,19,1079,19,1034,1,4,9,2,0,10,NA,NA,NA,NA,NA,NA,NA,1,3,188.3855848149432,267.9855759658425
49057FRW001,UT,057,FRW001,1696,47,1634,5,0,4,0,0,6,1227,31,1185,2,0,4,0,0,5,NA,NA,NA,NA,NA,NA,NA,1,3,214.22531285258137,304.74356043567076
49057FRW002,UT,057,FRW002,1398,39,1318,2,12,9,0,0,18,887,26,838,0,6,8,0,0,9,NA,NA,NA,NA,NA,NA,NA,1,3,154.86377546881798,220.29954205903826
49057HPR001,UT,057,HPR001,1127,23,1085,3,1,11,0,0,4,734,14,709,1,0,8,0,0,2,NA,NA,NA,NA,NA,NA,NA,1,3,128.15108364612445,182.29973378955364
49057HPR002,UT,057,HPR002,981,34,930,0,3,3,4,0,7,655,20,628,0,3,2,2,0,0,NA,NA,NA,NA,NA,NA,NA,1,3,114.35825584225003,162.67891775498316
49057HPR003,UT,057,HPR003,1969,33,1913,3,3,6,0,0,11,1332,21,1300,0,2,5,0,0,4,NA,NA,NA,NA,NA,NA,NA,1,3,232.5575523387436,330.8218602284543
49057HSV001,UT,057,HSV001,1440,89,1292,8,7,23,0,3,18,937,53,858,3,4,13,0,0,6,NA,NA,NA,NA,NA,NA,NA,1,3,163.59341331937142,232.71778005560185
49057HSV002,UT,057,HSV002,1984,79,1853,2,6,14,9,0,21,1131,43,1065,0,1,10,4,0,8,NA,NA,NA,NA,NA,NA,NA,1,3,197.46440817951876,280.90054348226863
49057HSV003,UT,057,HSV003,221,2,209,2,1,1,4,0,2,146,2,138,1,1,1,2,0,1,NA,NA,NA,NA,NA,NA,NA,1,3,25.490542523616035,36.26125494996571
49057HTV001,UT,057,HTV001,649,20,625,1,2,0,0,0,1,430,7,421,0,1,0,0,0,1,NA,NA,NA,NA,NA,NA,NA,1,3,75.07488551475957,106.79684677044696
49057HTV002,UT,057,HTV002,1568,54,1501,1,1,1,4,0,6,1058,28,1027,0,1,1,1,0,0,NA,NA,NA,NA,NA,NA,NA,1,3,184.71913691771076,262.76991600728576
49057LIB001,UT,057,LIB001,1885,21,1816,2,6,15,2,4,19,1233,11,1198,1,3,7,2,4,7,NA,NA,NA,NA,NA,NA,NA,1,3,215.27286939464778,306.2337489952584
49057MSC001,UT,057,MSC001,1425,48,1357,0,2,7,1,0,10,1006,30,965,0,2,6,0,0,3,NA,NA,NA,NA,NA,NA,NA,1,3,175.64031355313517,249.8549484908596
49057NOG001,UT,057,NOG001,1517,124,1356,7,7,11,0,0,12,986,75,886,7,5,11,0,0,2,NA,NA,NA,NA,NA,NA,NA,1,3,172.14845841291378,244.88765329223418
49057NOG002,UT,057,NOG002,1366,32,1294,4,11,14,0,0,11,898,19,856,1,7,12,0,0,3,NA,NA,NA,NA,NA,NA,NA,1,3,156.78429579593973,223.03155441828224
49057NOG003,UT,057,NOG003,1104,41,1033,6,2,13,3,0,6,812,25,769,2,2,9,0,0,5,NA,NA,NA,NA,NA,NA,NA,1,3,141.7693186929878,201.67218506419286
49057NOG004,UT,057,NOG004,1925,72,1799,5,12,16,4,1,16,1175,37,1107,2,5,12,4,1,7,NA,NA,NA,NA,NA,NA,NA,1,3,205.14648948800578,291.82859291924456
49057NOG005,UT,057,NOG005,1454,59,1379,8,1,1,1,0,5,974,31,936,3,1,1,0,0,2,NA,NA,NA,NA,NA,NA,NA,1,3,170.05334532878095,241.9072761730589
49057NOG006,UT,057,NOG006,1548,76,1453,1,1,6,0,0,11,1011,36,962,1,1,5,0,0,6,NA,NA,NA,NA,NA,NA,NA,1,3,176.5132773381905,251.09677229051596
49057NOG007,UT,057,NOG007,1442,23,1393,7,2,14,0,0,3,978,14,947,5,1,10,0,0,1,NA,NA,NA,NA,NA,NA,NA,1,3,170.75171635682523,242.90073521278399
49057NOG008,UT,057,NOG008,1935,37,1869,7,4,5,3,3,7,1199,25,1159,5,2,4,0,1,3,NA,NA,NA,NA,NA,NA,NA,1,3,209.33671565627142,297.7893471575951
49057NOG009,UT,057,NOG009,1432,60,1326,6,1,18,0,0,21,867,34,805,5,0,14,0,0,9,NA,NA,NA,NA,NA,NA,NA,1,3,151.37192032859662,215.3322468604128
49057NOG010,UT,057,NOG010,1541,65,1436,3,1,19,2,0,15,989,38,928,3,1,15,0,0,4,NA,NA,NA,NA,NA,NA,NA,1,3,172.67223668394698,245.632747572028
49057OGD001,UT,057,OGD001,2680,348,2158,70,13,40,1,0,50,1791,215,1478,49,12,27,0,0,10,NA,NA,NA,NA,NA,NA,NA,1,3,312.6956278068241,444.8212850369081
49057OGD002,UT,057,OGD002,2379,412,1822,92,11,12,1,0,29,1557,223,1248,54,9,9,1,0,13,NA,NA,NA,NA,NA,NA,NA,1,3,271.84092266623406,386.7039312129905
49057OGD003,UT,057,OGD003,1434,179,1179,30,15,7,1,0,23,1037,100,886,23,10,4,1,0,13,NA,NA,NA,NA,NA,NA,NA,1,3,181.0526890204783,257.55425604872903
49057OGD004,UT,057,OGD004,859,49,780,13,1,9,0,1,6,598,28,552,7,1,8,0,0,2,NA,NA,NA,NA,NA,NA,NA,1,3,104.40646869261911,148.52212643890067
49057OGD005,UT,057,OGD005,2411,321,1968,38,18,16,5,1,44,1617,181,1363,24,14,11,5,1,18,NA,NA,NA,NA,NA,NA,NA,1,3,282.3164880868982,401.6058168088668
49057OGD006,UT,057,OGD006,967,111,814,7,2,7,0,2,24,721,61,635,6,1,6,0,1,11,NA,NA,NA,NA,NA,NA,NA,1,3,125.88137780498057,179.0709919104471
49057OGD007,UT,057,OGD007,946,80,835,10,7,4,1,1,8,672,45,605,8,5,3,1,1,4,NA,NA,NA,NA,NA,NA,NA,1,3,117.3263327114382,166.90111867381475
49057OGD008,UT,057,OGD008,879,107,744,13,1,1,0,0,13,633,61,560,6,1,1,0,0,4,NA,NA,NA,NA,NA,NA,NA,1,3,110.51721518800652,157.21489303649517
49057OGD010,UT,057,OGD010,815,36,756,11,2,0,1,0,9,627,20,594,10,0,0,1,0,2,NA,NA,NA,NA,NA,NA,NA,1,3,109.4696586459401,155.72470447690753
49057OGD011,UT,057,OGD011,1322,101,1190,6,4,10,2,0,9,997,58,912,5,4,10,2,0,6,NA,NA,NA,NA,NA,NA,NA,1,3,174.06897874003553,247.61966565147816
49057OGD012,UT,057,OGD012,638,62,525,14,4,21,0,0,12,476,36,403,8,4,17,0,0,8,NA,NA,NA,NA,NA,NA,NA,1,3,83.10615233726872,118.22162572728547
49057OGD013,UT,057,OGD013,801,78,691,12,1,7,0,0,12,624,50,554,8,1,6,0,0,5,NA,NA,NA,NA,NA,NA,NA,1,3,108.9458803749069,154.97961019711371
49057OGD014,UT,057,OGD014,1343,221,1056,3,28,4,2,0,29,962,131,794,3,15,4,2,0,13,NA,NA,NA,NA,NA,NA,NA,1,3,167.95823224464814,238.92689905388366
49057OGD015,UT,057,OGD015,1813,257,1476,21,9,13,0,1,36,1321,163,1105,16,9,9,0,1,18,NA,NA,NA,NA,NA,NA,NA,1,3,230.6370320116218,328.0898478692103
49057OGD016,UT,057,OGD016,2774,544,2073,37,13,38,5,2,62,1951,300,1548,28,7,33,2,2,31,NA,NA,NA,NA,NA,NA,NA,1,3,340.6304689285951,484.5596466259117
49057OGD017,UT,057,OGD017,724,64,621,2,6,17,1,0,13,459,37,399,2,3,10,0,0,8,NA,NA,NA,NA,NA,NA,NA,1,3,80.13807546808056,113.99942480845384
49057OGD019,UT,057,OGD019,1702,640,951,49,20,13,0,4,25,1140,365,716,27,12,10,0,0,10,NA,NA,NA,NA,NA,NA,NA,1,3,199.03574299261837,283.1358263216501
49057OGD020,UT,057,OGD020,1854,352,1396,16,13,45,5,0,27,1255,199,989,12,9,25,4,0,17,NA,NA,NA,NA,NA,NA,NA,1,3,219.11391004889128,311.69777371374636
49057OGD021,UT,057,OGD021,679,182,486,2,1,1,0,0,7,483,110,368,0,1,1,0,0,3,NA,NA,NA,NA,NA,NA,NA,1,3,84.3283016363462,119.96017904680437
49057OGD022,UT,057,OGD022,1574,318,1184,6,15,19,2,2,28,1127,196,878,5,12,19,2,2,13,NA,NA,NA,NA,NA,NA,NA,1,3,196.76603715147448,279.9070844425435
49057OGD023,UT,057,OGD023,488,25,447,9,4,2,0,0,1,397,11,377,5,2,1,0,0,1,NA,NA,NA,NA,NA,NA,NA,1,3,69.3133245333943,98.60080969271499
49057OGD024,UT,057,OGD024,1799,220,1488,26,5,27,1,3,29,1409,143,1206,19,4,19,1,2,15,NA,NA,NA,NA,NA,NA,NA,1,3,246.00119462859587,349.9459467431622
49057OGD025,UT,057,OGD025,3051,1407,1411,93,66,24,8,1,41,2114,818,1130,70,45,19,7,1,24,NA,NA,NA,NA,NA,NA,NA,1,3,369.08908832139934,525.043102494709
49057OGD026,UT,057,OGD026,1175,551,567,14,7,6,4,1,25,789,328,424,7,5,6,3,1,15,NA,NA,NA,NA,NA,NA,NA,1,3,137.75368528173325,195.9597955857736
49057OGD027,UT,057,OGD027,1490,478,938,28,4,8,3,13,18,992,277,677,19,2,2,0,6,9,NA,NA,NA,NA,NA,NA,NA,1,3,173.1960149549802,246.3778418518218
49057OGD028,UT,057,OGD028,1104,167,873,28,3,11,1,2,19,784,94,648,17,1,10,1,2,11,NA,NA,NA,NA,NA,NA,NA,1,3,136.88072149667792,194.71797178611726
49057OGD029,UT,057,OGD029,1509,137,1296,14,18,25,1,2,16,1117,83,980,10,10,19,1,2,12,NA,NA,NA,NA,NA,NA,NA,1,3,195.0201095813638,277.42343684323083
49057OGD030,UT,057,OGD030,1365,84,1186,18,18,23,2,1,33,1012,56,894,11,11,21,2,1,16,NA,NA,NA,NA,NA,NA,NA,1,3,176.68787009520156,251.34513705044725
49057OGD032,UT,057,OGD032,912,94,784,8,2,6,0,2,16,598,48,527,6,1,6,0,0,10,NA,NA,NA,NA,NA,NA,NA,1,3,104.40646869261911,148.52212643890067
49057OGD033,UT,057,OGD033,1483,504,890,30,18,11,4,0,26,1054,274,715,24,12,11,4,0,14,NA,NA,NA,NA,NA,NA,NA,1,3,184.02076588966645,261.77645696756065
49057OGD034,UT,057,OGD034,1599,543,928,45,24,25,0,1,33,1075,311,681,28,17,24,0,0,14,NA,NA,NA,NA,NA,NA,NA,1,3,187.68721378689892,266.99211692611743
49057OGD035,UT,057,OGD035,3227,1472,1476,116,54,23,3,4,79,2311,960,1173,72,37,15,2,4,48,NA,NA,NA,NA,NA,NA,NA,1,3,403.4838614525799,573.9709602011695
49057OGD038,UT,057,OGD038,1972,868,903,98,38,36,1,1,27,1516,569,784,84,33,25,1,1,19,NA,NA,NA,NA,NA,NA,NA,1,3,264.68261962878023,376.5209760558083
49057OGD039,UT,057,OGD039,1267,594,559,59,34,2,2,1,16,887,372,437,42,21,1,2,0,12,NA,NA,NA,NA,NA,NA,NA,1,3,154.86377546881798,220.29954205903826
49057OGD040,UT,057,OGD040,2581,1737,548,204,16,33,2,3,38,1685,1039,419,161,14,32,0,2,18,NA,NA,NA,NA,NA,NA,NA,1,3,294.18879556365084,418.49462048419326
49057OGD043,UT,057,OGD043,1294,720,446,49,19,37,8,0,15,853,438,333,27,11,24,7,0,13,NA,NA,NA,NA,NA,NA,NA,1,3,148.92762173044164,211.855140221375
49057OGD044,UT,057,OGD044,1479,523,867,12,19,29,1,0,28,1019,286,672,9,11,26,1,0,14,NA,NA,NA,NA,NA,NA,NA,1,3,177.91001939427906,253.08369036996615
49057OGD045,UT,057,OGD045,2231,1021,1043,48,22,37,9,4,47,1469,606,768,28,16,23,6,3,19,NA,NA,NA,NA,NA,NA,NA,1,3,256.47676004926,364.8478323390386
49057OGD046,UT,057,OGD046,1395,758,509,30,31,20,0,3,44,902,449,372,19,18,16,0,3,25,NA,NA,NA,NA,NA,NA,NA,1,3,157.482666823984,224.02501345800732
49057OGD047,UT,057,OGD047,897,436,399,23,5,24,0,2,8,578,238,306,15,3,14,0,0,2,NA,NA,NA,NA,NA,NA,NA,1,3,100.91461355239774,143.5548312402752
49057OGD048,UT,057,OGD048,1086,347,680,25,13,4,1,1,15,751,196,521,14,5,4,1,0,10,NA,NA,NA,NA,NA,NA,NA,1,3,131.11916051531264,186.52193470838526
49057OGD049,UT,057,OGD049,780,22,744,2,0,7,0,0,5,560,14,536,2,0,6,0,0,2,NA,NA,NA,NA,NA,NA,NA,1,3,97.7719439261985,139.0842655615123
49057OGD050,UT,057,OGD050,601,33,551,4,1,3,0,0,9,414,20,385,3,1,3,0,0,2,NA,NA,NA,NA,NA,NA,NA,1,3,72.28140140258246,102.82301061154661
49057OGD051,UT,057,OGD051,859,32,806,1,4,4,0,0,12,637,15,613,1,1,3,0,0,4,NA,NA,NA,NA,NA,NA,NA,1,3,111.2155862160508,158.20835207622025
49057OGD052,UT,057,OGD052,1048,46,973,7,2,4,2,0,14,814,24,771,6,1,3,2,0,7,NA,NA,NA,NA,NA,NA,NA,1,3,142.11850420700995,202.1689145840554
49057OGD053,UT,057,OGD053,924,28,857,3,3,17,8,0,8,709,18,667,3,1,10,4,0,6,NA,NA,NA,NA,NA,NA,NA,1,3,123.78626472084775,176.09061479127183
49057OGD054,UT,057,OGD054,718,102,534,22,9,28,0,4,19,563,76,432,16,6,21,0,1,11,NA,NA,NA,NA,NA,NA,NA,1,3,98.2957221972317,139.82935984130611
49057OGD055,UT,057,OGD055,1076,251,732,31,9,16,4,0,33,783,151,570,20,7,16,3,0,16,NA,NA,NA,NA,NA,NA,NA,1,3,136.70612873966684,194.46960702618597
49057OGD056,UT,057,OGD056,1156,220,873,27,10,14,1,0,11,854,142,667,20,6,14,0,0,5,NA,NA,NA,NA,NA,NA,NA,1,3,149.1022144874527,212.1035049813063
49057OGD057,UT,057,OGD057,936,77,825,3,2,17,0,0,12,745,49,671,3,2,15,0,0,5,NA,NA,NA,NA,NA,NA,NA,1,3,130.07160397324623,185.03174614879762
49057OGD058,UT,057,OGD058,948,59,817,12,6,31,3,1,19,775,37,679,12,1,30,2,1,13,NA,NA,NA,NA,NA,NA,NA,1,3,135.30938668357828,192.4826889467358
49057OGD060,UT,057,OGD060,1220,60,1025,31,11,73,4,1,15,1063,45,891,30,10,70,3,1,13,NA,NA,NA,NA,NA,NA,NA,1,3,185.5921007027661,264.0117398069421
49057OGD061,UT,057,OGD061,684,25,645,3,1,8,0,2,0,554,14,529,3,1,7,0,0,0,NA,NA,NA,NA,NA,NA,NA,1,3,96.7243873841321,137.5940770019247
49057OGD062,UT,057,OGD062,1961,78,1742,35,17,63,4,1,21,1503,50,1335,26,13,58,4,1,16,NA,NA,NA,NA,NA,NA,NA,1,3,262.41291378763634,373.2922341767018
49057OGD063,UT,057,OGD063,965,27,894,7,1,31,0,0,5,673,22,621,6,1,21,0,0,2,NA,NA,NA,NA,NA,NA,NA,1,3,117.50092546844925,167.14948343374604
49057OGD064,UT,057,OGD064,1426,50,1322,14,1,10,5,1,23,1070,35,994,11,0,10,3,1,16,NA,NA,NA,NA,NA,NA,NA,1,3,186.81425000184356,265.75029312646103
49057PLC001,UT,057,PLC001,2068,54,1990,1,2,6,1,0,14,1271,30,1224,1,2,6,0,0,8,NA,NA,NA,NA,NA,NA,NA,1,3,221.9073941610684,315.67160987264674
49057PLC002,UT,057,PLC002,1421,17,1378,0,4,11,0,0,11,949,11,926,0,1,8,0,0,3,NA,NA,NA,NA,NA,NA,NA,1,3,165.68852640350426,235.69815717477712
49057PLC003,UT,057,PLC003,445,2,439,0,0,1,1,0,2,278,1,276,0,0,1,0,0,0,NA,NA,NA,NA,NA,NA,NA,1,3,48.53678644907711,69.04540326089362
49057PLV001,UT,057,PLV001,1302,37,1256,2,0,0,0,5,2,853,13,836,2,0,0,0,2,0,NA,NA,NA,NA,NA,NA,NA,1,3,148.92762173044164,211.855140221375
49057PLV002,UT,057,PLV002,1291,51,1202,8,1,12,1,0,16,861,31,807,4,1,10,1,0,7,NA,NA,NA,NA,NA,NA,NA,1,3,150.3243637865302,213.8420583008252
49057PLV003,UT,057,PLV003,1371,95,1218,11,17,3,2,1,24,934,58,845,5,13,2,2,0,9,NA,NA,NA,NA,NA,NA,NA,1,3,163.0696350483382,231.97268577580803
49057PLV004,UT,057,PLV004,836,12,811,6,5,2,0,0,0,571,9,555,0,5,2,0,0,0,NA,NA,NA,NA,NA,NA,NA,1,3,99.69246425332025,141.8162779207563
49057PLV005,UT,057,PLV005,853,29,814,0,0,0,4,0,6,584,20,560,0,0,0,1,0,3,NA,NA,NA,NA,NA,NA,NA,1,3,101.96217009446414,145.04501979986284
49057RIV001,UT,057,RIV001,1705,95,1539,23,11,13,15,0,9,1235,68,1114,15,7,13,10,0,8,NA,NA,NA,NA,NA,NA,NA,1,3,215.62205490866992,306.7304785151209
49057RIV002,UT,057,RIV002,913,57,810,19,3,9,1,0,14,612,21,562,16,1,7,1,0,4,NA,NA,NA,NA,NA,NA,NA,1,3,106.85076729077407,151.99923307793847
49057RIV003,UT,057,RIV003,900,43,803,15,8,15,0,0,16,632,21,575,7,8,14,0,0,7,NA,NA,NA,NA,NA,NA,NA,1,3,110.34262243099546,156.9665282765639
49057RIV004,UT,057,RIV004,368,30,316,4,2,7,0,1,8,275,24,236,3,2,5,0,0,5,NA,NA,NA,NA,NA,NA,NA,1,3,48.013008178043904,68.30030898109979
49057RIV005,UT,057,RIV005,460,27,427,0,0,1,0,3,2,392,22,367,0,0,1,0,2,0,NA,NA,NA,NA,NA,NA,NA,1,3,68.44036074833896,97.35898589305863
49057RIV008,UT,057,RIV008,1547,91,1391,19,4,24,4,0,14,1105,51,1013,11,4,19,1,0,6,NA,NA,NA,NA,NA,NA,NA,1,3,192.92499649723098,274.44305972405556
49057RIV009,UT,057,RIV009,1763,145,1506,29,10,35,2,6,30,1249,87,1088,20,7,27,2,2,16,NA,NA,NA,NA,NA,NA,NA,1,3,218.0663535068249,310.2075851541587
49057ROY001,UT,057,ROY001,984,79,855,9,2,29,0,1,9,714,48,629,3,2,24,0,1,7,NA,NA,NA,NA,NA,NA,NA,1,3,124.65922850590309,177.33243859092818
49057ROY002,UT,057,ROY002,1455,120,1281,11,23,5,3,2,10,976,65,882,8,8,5,3,0,5,NA,NA,NA,NA,NA,NA,NA,1,3,170.4025308428031,242.40400569292146
49057ROY003,UT,057,ROY003,1214,77,1073,20,4,33,0,0,7,940,56,841,12,3,24,0,0,4,NA,NA,NA,NA,NA,NA,NA,1,3,164.11719159040462,233.46287433539567
49057ROY004,UT,057,ROY004,1375,110,1194,8,10,34,1,0,18,866,62,754,5,7,28,1,0,9,NA,NA,NA,NA,NA,NA,NA,1,3,151.19732757158553,215.08388210048153
49057ROY005,UT,057,ROY005,1353,139,1159,22,7,5,2,0,19,919,73,817,11,3,5,2,0,8,NA,NA,NA,NA,NA,NA,NA,1,3,160.45074369317217,228.24721437683897
49057ROY006,UT,057,ROY006,940,51,858,8,3,10,0,0,10,642,29,596,5,3,7,0,0,2,NA,NA,NA,NA,NA,NA,NA,1,3,112.08855000110614,159.45017587587662
49057ROY007,UT,057,ROY007,985,59,870,11,2,28,0,5,10,710,40,626,6,2,26,0,3,7,NA,NA,NA,NA,NA,NA,NA,1,3,123.96085747785881,176.33897955120312
49057ROY008,UT,057,ROY008,643,90,488,22,10,17,1,0,15,447,52,358,16,5,12,1,0,3,NA,NA,NA,NA,NA,NA,NA,1,3,78.04296238394774,111.01904768927858
49057ROY009,UT,057,ROY009,1162,104,984,21,3,30,0,0,20,840,65,728,13,1,25,0,0,8,NA,NA,NA,NA,NA,NA,NA,1,3,146.65791588929775,208.6263983422685
49057ROY010,UT,057,ROY010,1025,69,929,2,6,11,0,2,6,731,47,663,2,3,10,0,2,4,NA,NA,NA,NA,NA,NA,NA,1,3,127.62730537509127,181.55463950975982
49057ROY011,UT,057,ROY011,1815,186,1539,22,6,33,1,0,28,1127,109,967,14,4,21,1,0,11,NA,NA,NA,NA,NA,NA,NA,1,3,196.76603715147448,279.9070844425435
49057ROY012,UT,057,ROY012,1330,113,1151,24,9,14,2,1,16,958,70,847,11,8,11,2,1,8,NA,NA,NA,NA,NA,NA,NA,1,3,167.25986121660387,237.93344001415858
49057ROY013,UT,057,ROY013,994,84,882,6,6,8,1,0,7,699,50,631,5,3,6,1,0,3,NA,NA,NA,NA,NA,NA,NA,1,3,122.04033715073706,173.60696719195911
49057ROY014,UT,057,ROY014,940,66,818,11,11,15,1,0,18,651,31,591,6,5,10,1,0,7,NA,NA,NA,NA,NA,NA,NA,1,3,113.65988481420575,161.68545871525805
49057ROY015,UT,057,ROY015,643,56,556,7,1,12,1,3,7,477,33,427,3,1,8,1,2,2,NA,NA,NA,NA,NA,NA,NA,1,3,83.2807450942798,118.46999048721673
49057ROY017,UT,057,ROY017,456,7,443,1,0,4,0,0,1,453,7,440,1,0,4,0,0,1,NA,NA,NA,NA,NA,NA,NA,1,3,79.09051892601414,112.50923624886622
49057ROY018,UT,057,ROY018,1736,150,1500,23,14,26,1,1,21,1020,86,881,16,7,19,1,1,9,NA,NA,NA,NA,NA,NA,NA,1,3,178.08461215129012,253.3320551298974
49057ROY019,UT,057,ROY019,2489,185,2187,54,13,22,3,1,24,1546,107,1363,34,10,16,3,1,12,NA,NA,NA,NA,NA,NA,NA,1,3,269.9204023391123,383.9719188537465
49057ROY020,UT,057,ROY020,1835,94,1640,13,8,56,1,0,23,1042,43,937,8,6,39,1,0,8,NA,NA,NA,NA,NA,NA,NA,1,3,181.92565280553364,258.7960798483854
49057ROY021,UT,057,ROY021,1622,88,1388,29,10,59,2,2,44,1201,66,1039,23,8,48,2,0,15,NA,NA,NA,NA,NA,NA,NA,1,3,209.68590117029356,298.28607667745763
49057ROY022,UT,057,ROY022,1262,91,1130,15,4,9,6,0,7,772,62,677,10,4,7,5,0,7,NA,NA,NA,NA,NA,NA,NA,1,3,134.7856084125451,191.737594666942
49057ROY023,UT,057,ROY023,2238,135,2001,20,3,42,6,1,30,1357,72,1223,10,3,29,6,1,13,NA,NA,NA,NA,NA,NA,NA,1,3,236.92237126402028,337.03097922673606
49057ROY024,UT,057,ROY024,1148,106,965,11,0,39,3,3,21,718,63,609,8,0,30,1,2,5,NA,NA,NA,NA,NA,NA,NA,1,3,125.35759953394736,178.3258976306533
49057ROY025,UT,057,ROY025,650,81,550,0,1,11,0,0,7,368,39,315,0,1,9,0,0,4,NA,NA,NA,NA,NA,NA,NA,1,3,64.2501345800733,91.39823165470808
49057ROY026,UT,057,ROY026,1359,90,1228,4,0,16,1,0,20,819,54,745,4,0,12,1,0,3,NA,NA,NA,NA,NA,NA,NA,1,3,142.9914679920653,203.41073838371176
49057ROY027,UT,057,ROY027,1229,91,1104,1,1,11,0,0,21,895,57,819,1,1,9,0,0,8,NA,NA,NA,NA,NA,NA,NA,1,3,156.26051752490653,222.28646013848842
49057SOG001,UT,057,SOG001,1111,171,882,11,17,12,0,6,12,752,95,624,8,10,9,0,1,5,NA,NA,NA,NA,NA,NA,NA,1,3,131.2937532723237,186.77029946831655
49057SOG002,UT,057,SOG002,1038,153,823,12,11,22,1,0,16,716,96,582,8,7,18,0,0,5,NA,NA,NA,NA,NA,NA,NA,1,3,125.00841401992521,177.82916811079073
49057SOG003,UT,057,SOG003,1039,76,929,3,8,6,2,0,15,752,44,692,0,3,5,2,0,6,NA,NA,NA,NA,NA,NA,NA,1,3,131.2937532723237,186.77029946831655
49057SOG004,UT,057,SOG004,1025,17,976,2,0,16,4,0,10,874,13,840,1,0,13,2,0,5,NA,NA,NA,NA,NA,NA,NA,1,3,152.5940696276741,217.07080017993172
49057SOG005,UT,057,SOG005,1478,78,1344,2,6,18,1,0,29,1059,48,981,2,3,16,1,0,8,NA,NA,NA,NA,NA,NA,NA,1,3,184.8937296747218,263.01828076721705
49057SOG006,UT,057,SOG006,1774,147,1528,30,15,20,7,0,27,1287,79,1143,19,9,17,4,0,16,NA,NA,NA,NA,NA,NA,NA,1,3,224.70087827324548,319.645446031547
49057SOG007,UT,057,SOG007,959,76,845,4,8,9,0,1,16,708,34,651,3,4,8,0,1,7,NA,NA,NA,NA,NA,NA,NA,1,3,123.61167196383668,175.84225003134057
49057SOG008,UT,057,SOG008,582,26,522,7,0,15,2,0,10,428,18,388,4,0,14,2,0,2,NA,NA,NA,NA,NA,NA,NA,1,3,74.72570000073742,106.3001172505844
49057SOG010,UT,057,SOG010,584,38,529,0,0,6,2,0,9,412,21,381,0,0,6,0,0,4,NA,NA,NA,NA,NA,NA,NA,1,3,71.93221588856032,102.32628109168405
49057SOG011,UT,057,SOG011,1429,151,1201,16,10,29,11,2,9,1063,92,915,14,8,26,4,1,3,NA,NA,NA,NA,NA,NA,NA,1,3,185.5921007027661,264.0117398069421
49057SOG012,UT,057,SOG012,1502,61,1384,5,1,17,5,2,27,1103,39,1031,4,1,12,5,0,11,NA,NA,NA,NA,NA,NA,NA,1,3,192.57581098320884,273.94633020419303
49057SOG013,UT,057,SOG013,1307,44,1232,6,1,16,0,1,7,926,30,878,5,1,11,0,0,1,NA,NA,NA,NA,NA,NA,NA,1,3,161.67289299224967,229.98576769635787
49057SOG014,UT,057,SOG014,541,15,501,0,1,17,0,0,7,369,9,344,0,1,12,0,0,3,NA,NA,NA,NA,NA,NA,NA,1,3,64.42472733708436,91.64659641463936
49057TAY001,UT,057,TAY001,1722,73,1638,0,2,6,1,0,2,1169,40,1122,0,1,5,0,0,1,NA,NA,NA,NA,NA,NA,NA,1,3,204.09893294593937,290.338404359657
49057UIN001,UT,057,UIN001,1121,14,1091,7,1,3,1,0,4,761,13,736,5,1,3,0,0,3,NA,NA,NA,NA,NA,NA,NA,1,3,132.86508808542334,189.005582307698
49057UIN002,UT,057,UIN002,1468,38,1392,12,1,9,0,0,16,906,23,861,5,1,8,0,0,8,NA,NA,NA,NA,NA,NA,NA,1,3,158.18103785202828,225.01847249773243
49057UIN003,UT,057,UIN003,1114,16,1051,2,3,23,0,2,17,803,11,762,2,3,19,0,1,5,NA,NA,NA,NA,NA,NA,NA,1,3,140.1979838798882,199.4369022248114
49057WAR001,UT,057,WAR001,820,12,800,1,1,5,0,0,1,525,6,512,1,1,4,0,0,1,NA,NA,NA,NA,NA,NA,NA,1,3,91.6611974308111,130.3914989639178
49057WAT001,UT,057,WAT001,757,64,672,12,0,0,1,0,8,550,40,499,6,0,0,1,0,4,NA,NA,NA,NA,NA,NA,NA,1,3,96.02601635608781,136.60061796219958
49057WAT002,UT,057,WAT002,1246,104,1031,70,10,8,1,0,22,904,62,772,47,4,8,1,0,10,NA,NA,NA,NA,NA,NA,NA,1,3,157.83185233800617,224.52174297786988
49057WAT003,UT,057,WAT003,1307,94,1160,17,10,10,0,0,16,934,62,842,11,7,9,0,0,3,NA,NA,NA,NA,NA,NA,NA,1,3,163.0696350483382,231.97268577580803
49057WAT005,UT,057,WAT005,1628,150,1366,45,9,16,12,0,30,1218,89,1053,33,8,14,8,0,13,NA,NA,NA,NA,NA,NA,NA,1,3,212.65397803948176,302.5082775962893
49057WAT006,UT,057,WAT006,2715,205,2353,27,11,47,15,4,53,1872,113,1662,22,8,33,8,2,24,NA,NA,NA,NA,NA,NA,NA,1,3,326.8376411247207,464.9388305913411
49057WAT007,UT,057,WAT007,898,57,805,13,2,17,0,0,4,688,28,626,12,1,17,0,0,4,NA,NA,NA,NA,NA,NA,NA,1,3,120.11981682361531,170.87495483271513
49057WCT001,UT,057,WCT001,160,12,137,2,0,8,0,0,1,99,7,85,2,0,4,0,0,1,NA,NA,NA,NA,NA,NA,NA,1,3,17.284682944095806,24.588111233195924
49057WCT002,UT,057,WCT002,795,48,703,2,4,20,2,1,15,499,26,448,2,3,12,2,1,5,NA,NA,NA,NA,NA,NA,NA,1,3,87.12178574852331,123.93401520570472
49057WHV001,UT,057,WHV001,1775,82,1635,9,10,22,3,0,14,1001,49,921,6,6,12,0,0,7,NA,NA,NA,NA,NA,NA,NA,1,3,174.7673497680798,248.61312469120324
49057WHV002,UT,057,WHV002,997,47,934,5,1,4,0,3,3,702,32,661,2,1,4,0,0,2,NA,NA,NA,NA,NA,NA,NA,1,3,122.56411542177025,174.35206147175293
49057WHV003,UT,057,WHV003,1243,75,1134,5,7,6,0,5,11,828,37,770,1,5,5,0,3,7,NA,NA,NA,NA,NA,NA,NA,1,3,144.56280280516492,205.64602122309321
49057WWB001,UT,057,WWB001,1591,35,1533,0,5,3,0,0,15,1022,21,986,0,4,3,0,0,8,NA,NA,NA,NA,NA,NA,NA,1,3,178.43379766531226,253.82878464975997
