GEOID,pop,pop_white,pop_black,pop_hisp,pop_aian,pop_asian,pop_other,vap,vap_white,vap_black,vap_hisp,vap_aian,vap_asian,vap_other,ndv,nrv,place,mcd,school_elm,DISTRICT,school,cd_1980,cd_1990
17001000001,4370,15,4299,15,36,11,9,3427,9,3380,9,18,6,5,348,733,62367,62380,NA,NA,33000,18,8
17001000003,595,0,572,0,21,1,1,594,0,572,0,20,1,1,148.45,280.8,62367,62380,NA,NA,33000,18,8
17001000004,4115,17,3610,17,440,15,4,2989,10,2684,10,270,12,3,746.99,1412.97,62367,62380,NA,NA,33000,18,8
17001000005,2708,11,2135,11,542,4,3,1972,6,1607,6,346,4,3,492.83,932.21,62367,62380,NA,NA,33000,18,8
17001000006,4054,15,3954,15,58,7,17,3034,6,2976,6,27,6,13,758.23,1434.24,62367,62380,NA,NA,33000,18,8
17001000007,1718,8,1580,8,106,6,17,1428,4,1332,4,74,5,9,356.87,675.05,62367,62380,NA,NA,33000,18,8
17001000008,3008,26,2842,26,106,7,20,2213,16,2116,16,48,7,10,553.05,1046.14,62367,62380,NA,NA,33000,18,8
17001000009,2918,17,2836,17,29,1,33,2155,9,2099,9,18,1,19,538.56,1018.72,62367,62380,NA,NA,33000,18,8
17001000011,5785,17,5657,17,44,3,60,4329,11,4240,11,29,2,36,253.95,669.73,62367,62380,NA,NA,33000,18,8
17001000101,4429,5,4420,5,0,3,0,3201,0,3200,0,0,1,0,174,368,48307,77057,NA,NA,25590,18,8
17001000102,3768,11,3752,11,0,2,3,2861,7,2843,7,0,2,2,36,89,10877,10890,NA,NA,08220,18,8
17001000103,5627,12,5594,12,9,8,4,3935,7,3910,7,3,6,2,163,291,58265,58278,NA,NA,22770,18,11
17001000104,3312,8,3279,8,17,3,2,2284,3,2267,3,9,2,0,116,267,15846,23412,NA,NA,33000,18,8
17001000105,2168,26,2119,26,13,2,8,1648,21,1589,21,9,2,6,138.89,358.12,62367,64408,NA,NA,33000,18,8
17001000106,5292,25,5230,25,17,6,14,3713,19,3656,19,8,4,7,217.82,574.43,62367,48203,NA,NA,30990,18,11
17001000201,1903,11,1823,11,63,2,2,1449,7,1380,7,51,2,2,122.11,314.88,62367,62380,NA,NA,33000,18,8
17001000202,3448,14,3244,14,156,5,26,2716,11,2550,11,120,5,19,678.76,1283.92,62367,62380,NA,NA,33000,18,8
17001001001,3599,21,3545,21,15,6,12,2678,11,2634,11,8,6,8,669.26,1265.95,62367,62380,NA,NA,33000,18,8
17001001002,3273,6,3238,6,12,5,12,2578,5,2550,5,8,1,9,151.23,398.84,62367,62380,NA,NA,33000,18,11
17003009576,2779,12,2551,12,208,5,3,2073,8,1929,8,120,5,3,92,150,74457,93402,NA,NA,13590,13,18
17003009577,2408,19,1988,19,397,2,2,1741,6,1480,6,245,2,2,27,53,74873,93420,NA,NA,13590,13,18
17003009578,2832,7,1612,7,1185,3,23,2021,7,1305,7,682,3,17,127,68,10383,90612,NA,NA,08070,13,18
17003009579,2607,16,874,16,1690,7,20,1756,9,731,9,990,4,13,956,867,10383,90612,NA,NA,08070,13,18
17005009512,3064,4,2868,4,187,3,2,2304,2,2171,2,125,3,1,236,272,51284,51297,NA,NA,27450,1,11
17005009513,4776,55,4493,55,203,10,9,3760,37,3542,37,130,7,7,701,1692,31589,12112,NA,NA,17730,1,11
17005009514,3185,13,3140,13,9,15,2,2396,6,2366,6,8,8,2,316,336,70525,69641,NA,NA,17730,1,11
17005009515,3966,8,3931,8,20,6,1,2901,8,2862,8,16,6,1,73,146,60872,9694,07010,04770,17730,1,11
17007000101,6382,699,5598,699,46,12,26,4942,395,4102,395,31,6,13,637.52,1503.95,5092,5105,NA,NA,05790,15,4
17007000102,5025,585,4385,585,15,4,33,4137,354,3392,354,7,4,26,533.67,1258.97,5092,5105,NA,NA,05790,15,4
17007000103,4809,482,4266,482,37,10,13,3766,284,3161,284,19,8,10,485.81,1146.07,5092,5105,NA,NA,05790,15,4
17007000104,3487,113,3353,113,7,6,7,2656,69,2502,69,5,6,5,83,223,5092,26441,NA,NA,05790,15,4
17007000105,4760,59,4636,59,12,3,50,3362,27,3278,27,6,1,23,162,491,NA,5105,NA,NA,05790,15,4
17007000106,6343,127,6183,127,4,10,18,4529,68,4372,68,2,7,12,187,386,11124,10435,NA,NA,28700,15,4
17009009704,2772,2,2758,2,1,8,3,2011,1,1998,1,1,7,3,53,122,77720,77733,NA,NA,27300,8,11
17009009705,3064,102,2416,102,539,4,2,2646,102,1899,102,538,4,1,436,769,51154,51167,NA,NA,27300,8,11
17011009647,3234,26,3201,26,1,6,0,2354,10,2330,10,1,3,0,142,341,12970,41807,29700,29730,21680,4,8
17011009648,3885,8,3870,8,0,6,1,2781,5,2768,5,0,2,1,98,215,78526,78539,40560,40590,24300,4,8
17011009649,2957,24,2917,24,0,8,6,2141,12,2107,12,0,6,4,53,186,61899,61912,32670,32700,NA,4,8
17011009650,4071,649,3304,649,12,13,93,3361,443,2409,443,8,10,48,466,384,19499,68562,22380,18030,12090,4,8
17011009651,3964,117,3828,117,0,1,18,3003,61,2869,61,0,1,11,914.75,865.09,40598,32265,21510,18030,NA,4,8
17011009652,3580,89,3455,89,18,3,15,2742,52,2617,52,9,3,9,835.25,789.91,72156,32265,37050,18030,12090,4,8
17011009653,3407,29,3351,29,9,7,11,2506,13,2465,13,2,4,9,416.3,1291.88,61899,61912,32670,32700,NA,4,8
17011009654,3353,29,3303,29,3,5,12,2683,19,2634,19,2,2,7,445.7,1383.12,61899,61912,32670,32700,NA,4,8
17011009655,3901,15,3851,15,5,12,18,2876,6,2839,6,3,10,12,77,212,75549,83635,43410,43440,39060,4,8
17011009656,3336,17,3309,17,2,0,8,2445,8,2421,8,2,0,6,80,225,69147,16028,43410,43440,07710,4,8
17013009512,2995,10,2962,10,1,8,14,2316,9,2283,9,1,8,6,93,123,38856,90360,NA,NA,18180,18,11
17013009513,2327,2,2324,2,0,0,1,1726,2,1721,2,0,0,1,196,238,4117,92988,NA,NA,18180,18,11
17015009601,3291,23,3252,23,5,2,9,2498,13,2464,13,2,1,5,100,418,41859,12996,NA,NA,00007,15,8
17015009602,2453,29,2382,29,31,5,4,1838,14,1781,14,20,5,4,45,109,67821,79020,NA,NA,35510,15,8
17015009603,3971,188,3678,188,64,12,29,3167,116,2867,116,45,6,17,606,816,67821,67834,NA,NA,35510,15,8
17015009604,2368,22,2331,22,7,2,3,1807,10,1776,10,7,2,2,38,143,50881,50894,NA,NA,27080,15,8
17015009605,2960,20,2927,20,1,4,6,2168,13,2138,13,1,1,2,152,466,49191,83700,NA,NA,09400,15,8
17015009606,1762,14,1733,14,2,3,10,1275,7,1253,7,2,0,6,223,429,75172,83908,NA,NA,38880,15,8
17017009601,2598,3,2592,3,2,1,0,1893,3,1885,3,1,1,0,57,84,2505,2518,NA,NA,00105,8,9
17017009602,2965,7,2954,7,0,1,3,2220,5,2207,5,0,1,2,310,485,78201,78214,NA,NA,40410,8,9
17017009603,3186,16,3151,16,13,1,5,2378,9,2346,9,10,1,3,104,185,4351,4364,NA,NA,05310,8,9
17017009604,2362,17,2329,17,0,2,14,1766,8,1740,8,0,2,8,517.63,596.92,4351,4364,NA,NA,05310,8,9
17017009605,2326,13,2308,13,1,3,1,1731,8,1714,8,0,1,0,507.37,585.08,4351,4364,NA,NA,05310,8,9
17019000001,481,6,380,6,67,3,24,466,5,369,5,63,3,21,61.54,114.83,12385,12411,NA,NA,09420,5,3
17019000002,2130,4,78,4,2031,1,14,1303,2,60,2,1228,1,10,172.08,321.09,12385,12411,NA,NA,09420,5,3
17019000003,5710,182,4448,182,380,7,682,5802,177,4407,177,365,7,669,766.24,1429.75,12385,12411,NA,NA,09420,5,3
17019000004,8042,271,6872,271,194,6,696,8269,268,6848,268,192,6,687,1092.04,2037.68,12385,12411,NA,NA,09420,5,3
17019000005,3718,56,3370,56,211,4,72,3154,51,2826,51,157,4,65,416.53,777.22,12385,12411,NA,NA,09420,5,3
17019000006,3348,56,2781,56,456,9,42,2878,44,2437,44,311,7,35,380.08,709.21,12385,12411,NA,NA,09420,5,3
17019000007,3684,43,2043,43,1544,13,36,2678,24,1620,24,973,9,28,353.67,659.92,12385,12411,NA,NA,09420,5,3
17019000008,1700,17,1166,17,487,4,26,1242,11,928,11,277,0,15,22.46,45.54,12385,12411,NA,NA,09420,16,3
17019000009,6838,90,4938,90,1651,9,131,5313,64,4075,64,1012,7,91,256.32,745.06,12385,12411,NA,NA,09420,5,3
17019000010,4780,39,4270,39,405,9,50,3675,22,3353,22,226,9,43,485.34,905.61,12385,12411,NA,NA,09420,5,3
17019000011,3864,45,3700,45,57,2,57,3066,30,2922,30,40,2,42,404.91,755.54,12385,12411,NA,NA,09420,5,3
17019000013,8603,87,7888,87,311,9,306,6653,60,6096,60,211,7,219,878.63,1639.46,12385,12411,NA,NA,09420,5,3
17019000014,4678,283,3444,283,507,9,434,4553,267,3176,267,460,9,374,219.65,638.48,12385,12411,NA,NA,09420,5,3
17019000051,207,4,145,4,51,0,7,197,4,133,4,51,0,5,43.18,67.47,77005,18121,NA,NA,39960,5,3
17019000052,2214,87,1709,87,118,1,296,2171,79,1626,79,99,1,287,475.89,743.59,77005,18121,NA,NA,39960,5,3
17019000053,2938,43,1142,43,1646,6,98,2220,29,959,29,1124,5,74,486.63,760.37,77005,18121,NA,NA,39960,5,3
17019000054,7338,79,6417,79,726,26,83,5680,56,5089,56,396,19,64,176.8,403.56,77005,77018,37380,37410,39960,5,3
17019000055,5436,55,4927,55,369,2,79,4259,37,3928,37,196,1,60,132.57,302.6,77005,18121,NA,NA,39960,5,3
17019000056,5191,78,4396,78,517,8,180,3956,54,3409,54,308,4,127,123.13,281.07,77005,18121,NA,NA,39960,5,3
17019000057,6657,93,5759,93,263,9,522,5272,63,4566,63,201,9,370,164.1,374.57,77005,18121,NA,NA,39960,5,3
17019000058,4128,86,3787,86,56,6,185,3548,71,3183,71,49,6,168,777.73,1215.22,77005,18121,NA,NA,39960,5,3
17019000059,8582,404,5890,404,723,8,1547,8830,393,5830,393,706,8,1500,1935.56,3024.35,77005,18121,NA,NA,39960,5,3
17019000060,2354,161,701,161,138,0,1349,1748,108,513,108,84,0,935,54.41,124.19,77005,77018,NA,NA,39960,5,3
17019000101,5097,86,4218,86,667,7,115,3643,56,3067,56,383,7,74,256,800,62783,45187,33210,33240,NA,16,3
17019000103,7185,667,5590,667,696,47,175,5560,555,3918,555,378,39,115,385.09,1151.7,62783,62796,33210,33240,NA,16,3
17019000104,5443,38,5277,38,74,7,45,3975,24,3842,24,47,6,32,40,128,75107,62796,23700,33240,30960,16,3
17019000105,3690,18,3656,18,3,7,6,2690,11,2660,11,1,3,4,43,185,26194,8914,33210,33240,15180,16,3
17019000107,5565,21,5518,21,4,10,10,3998,8,3970,8,1,7,4,49,140,66950,66963,37380,37410,NA,16,3
17019000108,4400,27,4357,27,8,2,6,3221,14,3182,14,7,1,3,59,145,35814,70863,29640,37410,00106,5,3
17019000109,7382,29,7319,29,9,5,20,5432,18,5376,18,5,4,11,337,780,75614,75627,NA,NA,39120,5,3
17019001201,6770,102,5603,102,862,22,176,4982,64,4180,64,545,14,115,657.95,1227.68,12385,12411,NA,NA,09420,5,3
17019001202,8737,59,7957,59,432,12,263,6136,42,5609,42,273,9,161,296.02,860.47,12385,12411,NA,NA,09420,5,3
17019010201,990,21,932,21,23,1,13,778,13,727,13,16,0,9,53.89,161.16,62783,62796,33210,33240,NA,16,3
17019010202,318,5,245,5,58,0,10,233,5,186,5,29,0,8,16.14,48.26,62783,62796,33210,33240,NA,16,3
17019010203,3716,84,2963,84,555,13,97,2756,53,2215,53,355,9,71,190.88,570.88,62783,62796,33210,33240,NA,16,3
17019010601,4512,24,4458,24,0,10,20,3004,16,2959,16,0,4,9,598,1893,46136,46149,NA,NA,24060,16,3
17019010602,6599,35,6416,35,116,5,24,4676,21,4540,21,74,5,15,84.54,171.46,41346,46149,38790,33240,24060,16,3
17021009581,3084,12,3059,12,1,9,3,2288,9,2260,9,0,9,1,181,237,22645,9239,NA,NA,13410,18,11
17021009582,3496,7,3478,7,3,6,2,2627,4,2609,4,2,6,2,566,455,39909,70798,NA,NA,36640,18,11
17021009583,4664,10,4594,10,25,1,33,3591,7,3531,7,22,1,23,826.43,1064.17,74574,74587,NA,NA,38700,18,11
17021009584,3872,3,3841,3,14,3,11,2964,3,2936,3,12,3,7,682.13,878.36,74574,74587,NA,NA,38700,18,11
17021009585,2583,15,2531,15,20,12,5,1979,10,1931,10,17,8,3,455.44,586.46,74574,74587,NA,NA,38700,18,11
17021009586,2529,16,2505,16,4,0,4,1814,5,1798,5,3,0,3,190,377,72949,72962,NA,NA,38010,18,10
17021009587,3625,14,3601,14,3,0,7,2661,6,2644,6,0,0,5,95,155,2609,2622,NA,NA,30630,18,10
17021009588,2897,6,2884,6,0,0,7,2199,2,2189,2,0,0,6,517.01,583.46,57472,57485,NA,NA,30630,18,10
17021009589,3141,9,3112,9,1,6,13,2335,5,2310,5,1,5,9,548.99,619.54,57472,57485,NA,NA,30630,18,10
17021009590,4527,11,4490,11,10,14,2,3306,6,3279,6,4,9,2,134,124,50543,63797,NA,NA,26760,18,11
17023000601,4364,11,4332,11,6,8,7,3277,7,3248,7,1,8,6,67,102,47163,78279,NA,NA,24870,5,10
17023000602,4143,9,4117,9,2,6,9,3141,5,3118,5,1,6,6,281,381,47163,47176,NA,NA,24870,5,10
17023000603,5437,19,5391,19,1,8,18,4155,9,4122,9,1,5,9,487,1053,11618,11631,NA,NA,00002,5,10
17023000604,1977,3,1968,3,1,3,2,1456,3,1446,3,0,2,2,211,516,80281,80294,NA,NA,00002,5,10
17025009719,2607,10,2587,10,1,7,2,1878,6,1859,6,1,5,1,76,143,37621,42158,NA,NA,28810,5,10
17025009720,4069,10,4051,10,1,3,3,3032,8,3011,8,1,2,2,291.36,477.92,44927,44940,NA,NA,28810,5,10
17025009721,2465,5,2452,5,2,1,5,1907,5,1892,5,1,1,3,183.25,300.59,26454,33266,NA,NA,15400,5,10
17025009722,2656,18,2621,18,0,4,13,2044,9,2014,9,0,4,8,196.42,322.18,26454,33266,NA,NA,15400,5,10
17025009723,2663,14,2642,14,0,2,5,1956,8,1935,8,0,2,3,187.96,308.31,83739,83752,NA,NA,15400,5,10
17027009001,4767,21,4708,21,7,6,25,3475,11,3428,11,3,6,16,615,1168,75991,73365,04740,04770,39420,1,11
17027009002,1794,3,1791,3,0,0,0,1206,3,1200,3,0,0,0,161,317,NA,67171,07010,04770,08460,1,11
17027009003,6177,72,6073,72,8,8,16,4483,51,4360,51,6,4,11,683,1038,7913,7926,07010,04770,08460,1,11
17027009004,6837,20,6610,20,174,9,24,5034,13,4876,13,113,8,11,73,138,11228,11241,42510,09300,08460,13,11
17027009005,6814,118,5944,118,729,12,6,5512,112,4560,112,712,11,5,118,272,12164,8732,42510,09300,08460,13,11
17027009006,7555,102,7321,102,95,8,27,5322,64,5102,64,67,6,19,521,1018,52142,44667,16530,04770,39420,1,11
17029000001,3115,13,3094,13,1,4,3,2326,11,2297,11,0,4,3,44,86,54781,22138,NA,NA,29340,5,10
17029000002,5273,33,5193,33,22,7,18,3804,17,3740,17,13,6,11,519.48,999.74,47553,57615,NA,NA,25050,5,10
17029000003,4632,34,4553,34,35,3,6,3460,18,3396,18,21,2,5,472.5,909.33,47553,47566,NA,NA,25050,5,10
17029000004,2799,13,2652,13,111,4,19,2185,12,2073,12,75,4,9,215.55,591.32,47553,40637,NA,NA,25050,5,10
17029000005,6335,29,6152,29,112,4,32,4906,27,4751,27,75,3,23,424.77,1057.82,12567,12580,NA,NA,09600,5,10
17029000006,3344,9,3315,9,4,2,14,2425,3,2409,3,3,2,5,96,234,2557,2570,NA,NA,09600,5,10
17029000007,4846,43,4647,43,101,3,50,4188,36,3978,36,94,3,41,362.61,903.01,12567,12580,NA,NA,09600,5,10
17029000008,6579,96,6071,96,347,9,54,6586,96,5998,96,337,9,50,570.23,1420.06,12567,12580,NA,NA,09600,5,10
17029000009,3717,27,3545,27,52,10,83,2811,21,2673,21,33,5,58,243.38,606.1,12567,12580,NA,NA,09600,5,10
17029000010,3445,34,3318,34,37,12,36,2711,17,2637,17,18,6,16,267.45,733.68,47553,40637,NA,NA,25050,5,10
17029000011,3979,43,3871,43,46,8,11,3130,24,3045,24,24,5,8,427.44,822.6,47553,47566,NA,NA,25050,5,10
17029000012,3580,31,3490,31,42,9,8,2699,14,2633,14,26,7,5,368.58,709.33,47553,47566,NA,NA,25050,5,10
17031000000,0,0,0,0,0,0,0,0,0,0,0,0,0,0,0,0,NA,NA,NA,NA,99998,22,16
17031000101,6412,1707,1481,1707,3051,11,149,5526,1101,1348,1101,1861,5,110,941.82,725.49,14000,14000,NA,NA,09930,20,16
17031000102,9181,1677,3687,1677,3178,33,594,8057,1122,3204,1122,2121,27,461,1373.19,1057.78,14000,14000,NA,NA,09930,20,16
17031000103,6835,771,4017,771,1618,22,404,6340,551,3730,551,1173,19,316,1080.56,832.36,14000,14000,NA,NA,09930,20,16
17031000104,5670,282,4089,282,734,17,536,5432,256,3879,256,590,15,436,925.8,713.15,14000,14000,NA,NA,09930,20,16
17031000105,10033,1229,5420,1229,2264,36,1059,9422,921,4985,921,1679,26,890,1605.84,1236.99,14000,14000,NA,NA,09930,20,16
17031000106,7182,1535,3119,1535,1572,33,904,6631,1058,2788,1058,1024,26,677,1130.15,870.57,14000,14000,NA,NA,09930,20,16
17031000107,9450,2740,3529,2740,2222,56,866,8778,1799,3013,1799,1477,37,653,1496.08,1152.44,14000,14000,NA,NA,09930,20,16
17031000108,4428,1823,1211,1823,937,13,433,4181,1137,1018,1137,577,11,301,712.59,548.91,14000,14000,NA,NA,09930,20,16
17031000109,1187,241,477,241,309,5,155,993,139,413,139,178,1,123,169.24,130.37,14000,14000,NA,NA,09930,20,16
17031000201,3225,354,2262,354,317,7,279,2944,250,1998,250,243,6,197,501.76,386.51,14000,14000,NA,NA,09930,9,16
17031000202,5805,343,4606,343,52,3,795,4705,248,3617,248,37,2,553,801.9,617.71,14000,14000,NA,NA,09930,9,16
17031000203,8681,341,7814,341,46,7,467,7530,238,6652,238,35,5,362,1283.37,988.59,14000,14000,NA,NA,09930,9,16
17031000204,3653,286,2905,286,143,10,303,3289,225,2487,225,103,6,243,560.56,431.8,14000,14000,NA,NA,09930,9,16
17031000205,6040,700,3178,700,437,70,1643,5250,485,2727,485,309,53,1191,894.78,689.26,14000,14000,NA,NA,09930,9,16
17031000206,9166,558,7296,558,78,8,1210,7374,399,5640,399,58,8,870,1256.79,968.11,14000,14000,NA,NA,09930,9,16
17031000207,7931,485,6026,485,28,3,1381,6490,340,4795,340,22,3,990,1106.12,852.06,14000,14000,NA,NA,09930,9,16
17031000208,11524,1196,8062,1196,89,50,2112,9722,825,6404,825,64,39,1565,1656.97,1276.38,14000,14000,NA,NA,09930,9,2
17031000209,9349,1135,4949,1135,855,33,2333,7825,795,4029,795,503,22,1681,1333.65,1027.32,14000,14000,NA,NA,09930,9,16
17031000301,12101,1094,6072,1094,3632,27,1262,11540,852,5793,852,2977,24,1042,1966.82,1515.06,14000,14000,NA,NA,09930,20,16
17031000302,6128,786,4041,786,485,17,789,5558,563,3480,563,323,16,613,947.28,729.7,14000,14000,NA,NA,09930,20,16
17031000303,3429,680,1892,680,190,8,652,3055,438,1564,438,132,6,477,520.68,401.08,14000,14000,NA,NA,09930,20,16
17031000304,3045,1026,1285,1026,195,10,522,3115,721,1121,721,123,7,422,530.9,408.96,14000,14000,NA,NA,09930,20,16
17031000305,8372,3114,2960,3114,1070,40,1156,8178,2001,2507,2001,740,30,899,1393.81,1073.67,14000,14000,NA,NA,09930,20,16
17031000306,9524,1083,4756,1083,2995,56,613,9318,846,4535,846,2501,46,544,1588.11,1223.34,14000,14000,NA,NA,09930,20,16
17031000307,9619,1093,5008,1093,2662,47,781,9319,834,4780,834,2139,45,687,1588.28,1223.47,14000,14000,NA,NA,09930,20,16
17031000308,5049,802,3213,802,277,26,726,4786,604,2775,604,198,14,591,815.7,628.34,14000,14000,NA,NA,09930,20,16
17031000309,3436,889,1843,889,137,14,540,3264,604,1538,604,87,9,422,556.3,428.52,14000,14000,NA,NA,09930,9,16
17031000310,5195,2225,2072,2225,337,50,460,5300,1472,1768,1472,210,33,345,903.3,695.82,14000,14000,NA,NA,09930,9,16
17031000311,5878,1582,1928,1582,585,49,1724,5459,1024,1705,1024,420,40,1246,930.4,716.7,14000,14000,NA,NA,09930,20,16
17031000312,6463,1147,1593,1147,2173,83,1441,5425,784,1460,784,1316,63,1018,924.61,712.23,14000,14000,NA,NA,09930,20,16
17031000313,7246,374,3742,374,1945,25,1151,6713,299,3512,299,1561,21,1021,1144.13,881.33,14000,14000,NA,NA,09930,20,16
17031000314,5526,305,4141,305,781,7,288,5324,258,3926,258,622,6,254,907.39,698.97,14000,14000,NA,NA,09930,20,16
17031000315,9571,1634,2090,1634,3997,69,1765,7917,1015,1884,1015,2670,49,1284,1349.33,1039.4,14000,14000,NA,NA,09930,20,16
17031000316,2902,496,773,496,1169,40,423,2563,378,715,378,756,35,301,436.82,336.49,14000,14000,NA,NA,09930,20,16
17031000317,7605,2168,2819,2168,1648,134,823,7164,1462,2420,1462,1140,86,594,1220.99,940.54,14000,14000,NA,NA,09930,20,16
17031000318,2153,1057,757,1057,123,17,188,2369,727,672,727,81,12,150,403.76,311.02,14000,14000,NA,NA,09930,9,16
17031000319,2817,1087,1182,1087,276,20,239,2932,765,1031,765,179,11,181,499.71,384.93,14000,14000,NA,NA,09930,9,2
17031000320,778,421,208,421,122,7,18,851,287,181,287,78,5,13,145.04,111.73,14000,14000,NA,NA,09930,20,16
17031000321,7705,1902,3438,1902,1978,38,339,7730,1342,3234,1342,1505,25,282,1317.46,1014.85,14000,14000,NA,NA,09930,20,16
17031000401,4256,899,2812,899,49,37,452,4028,642,2335,642,37,27,345,686.51,528.83,14000,14000,NA,NA,09930,9,16
17031000402,14270,2226,8866,2226,296,36,2807,12756,1547,7413,1547,206,25,2018,2174.06,1674.7,14000,14000,NA,NA,09930,9,2
17031000403,3225,293,2160,293,36,1,731,2688,205,1749,205,4,0,525,458.13,352.9,14000,14000,NA,NA,09930,9,2
17031000404,9202,2867,5075,2867,330,116,765,8997,1927,4260,1927,221,76,586,1533.4,1181.19,14000,14000,NA,NA,09930,9,2
17031000405,1263,521,564,521,59,1,117,1333,357,492,357,43,1,83,227.19,175.01,14000,14000,NA,NA,09930,9,2
17031000406,2905,676,1987,676,33,4,197,2821,485,1665,485,23,4,159,480.8,370.36,14000,14000,NA,NA,09930,9,2
17031000407,3871,1285,2052,1285,93,34,397,3734,811,1702,811,56,23,331,636.4,490.23,14000,14000,NA,NA,09930,9,2
17031000408,1792,420,1175,420,23,12,161,1714,281,1004,281,16,9,123,292.12,225.03,14000,14000,NA,NA,09930,9,2
17031000409,2242,469,1563,469,29,12,160,2204,339,1375,339,20,7,124,375.64,289.36,14000,14000,NA,NA,09930,10,2
17031000410,1865,697,814,697,139,20,193,2025,499,752,499,102,16,157,345.13,265.86,14000,14000,NA,NA,09930,9,2
17031000501,2493,553,1732,553,59,10,132,2378,369,1473,369,42,10,115,405.29,312.2,14000,14000,NA,NA,09930,10,2
17031000502,4915,1161,3270,1161,39,20,421,4671,798,2716,798,29,13,317,796.1,613.24,14000,14000,NA,NA,09930,10,2
17031000503,2558,601,1773,601,12,6,165,2372,379,1476,379,10,4,124,404.27,311.41,14000,14000,NA,NA,09930,10,2
17031000504,701,110,496,110,14,6,75,664,82,423,82,12,4,61,113.17,87.17,14000,14000,NA,NA,09930,10,2
17031000505,4963,587,4043,587,36,12,284,4481,420,3392,420,27,11,211,763.72,588.3,14000,14000,NA,NA,09930,10,2
17031000506,1804,363,1355,363,23,1,58,1767,250,1197,250,19,1,50,301.16,231.98,14000,14000,NA,NA,09930,10,2
17031000507,1296,348,882,348,34,1,30,1266,223,773,223,20,1,26,215.77,166.21,14000,14000,NA,NA,09930,10,2
17031000508,1404,356,950,356,14,4,79,1317,226,789,226,11,4,61,224.46,172.91,14000,14000,NA,NA,09930,10,2
17031000509,1540,464,936,464,18,1,120,1539,310,807,310,16,1,95,262.3,202.05,14000,14000,NA,NA,09930,10,2
17031000510,1460,566,816,566,25,4,48,1479,376,667,376,20,3,37,252.07,194.17,14000,14000,NA,NA,09930,10,12
17031000511,1601,574,896,574,63,7,58,1531,353,731,353,41,7,46,260.94,201,14000,14000,NA,NA,09930,10,12
17031000512,1747,601,1059,601,49,19,19,1661,365,868,365,34,14,15,283.09,218.07,14000,14000,NA,NA,09930,10,2
17031000513,2224,882,1123,882,45,23,139,2225,562,945,562,32,17,107,379.22,292.11,14000,14000,NA,NA,09930,10,12
17031000514,2889,1234,1061,1234,498,40,49,2739,774,876,774,248,28,39,466.82,359.6,14000,14000,NA,NA,09930,10,12
17031000515,1415,648,678,648,63,10,15,1443,415,548,415,46,6,13,245.94,189.45,14000,14000,NA,NA,09930,10,12
17031000601,2596,794,1525,794,134,18,123,2653,553,1346,553,95,10,96,452.16,348.31,14000,14000,NA,NA,09930,20,2
17031000602,2529,1000,1335,1000,68,10,106,2686,682,1179,682,50,6,87,457.79,352.64,14000,14000,NA,NA,09930,10,2
17031000603,2902,719,1945,719,61,14,161,2828,490,1672,490,43,11,122,481.99,371.28,14000,14000,NA,NA,09930,10,2
17031000604,2845,683,1963,683,98,6,93,2882,469,1794,469,71,6,73,491.19,378.37,14000,14000,NA,NA,09930,10,2
17031000605,1300,235,917,235,74,1,72,1345,178,860,178,62,1,66,229.23,176.58,14000,14000,NA,NA,09930,20,16
17031000606,931,112,697,112,84,7,31,899,78,648,78,62,7,26,153.22,118.03,14000,14000,NA,NA,09930,20,16
17031000607,2762,1021,977,1021,513,25,213,2828,689,938,689,327,19,166,481.99,371.28,14000,14000,NA,NA,09930,20,16
17031000608,5354,441,3771,441,749,16,372,5292,346,3611,346,645,14,330,901.94,694.77,14000,14000,NA,NA,09930,20,16
17031000609,6678,414,5147,414,822,13,270,6644,354,4981,354,701,13,241,1132.37,872.27,14000,14000,NA,NA,09930,20,16
17031000610,1565,258,1156,258,80,6,64,1669,209,1128,209,61,6,56,284.46,219.12,14000,14000,NA,NA,09930,20,16
17031000611,1151,138,917,138,49,5,38,1150,98,873,98,40,4,37,196,150.98,14000,14000,NA,NA,09930,20,16
17031000612,1867,260,1472,260,43,0,88,1874,192,1372,192,38,0,80,319.39,246.03,14000,14000,NA,NA,09930,20,2
17031000613,1283,380,813,380,46,9,32,1305,260,718,260,32,6,29,222.42,171.33,14000,14000,NA,NA,09930,20,2
17031000614,1285,171,1054,171,31,7,22,1254,121,964,121,21,6,21,213.73,164.63,14000,14000,NA,NA,09930,20,2
17031000615,1727,222,1400,222,31,0,70,1730,170,1301,170,27,0,62,294.85,227.13,14000,14000,NA,NA,09930,20,2
17031000616,450,31,352,31,41,1,25,440,20,338,20,39,1,22,74.99,57.77,14000,14000,NA,NA,09930,20,2
17031000617,1135,237,751,237,83,0,63,1222,179,734,179,68,0,62,208.27,160.43,14000,14000,NA,NA,09930,20,16
17031000618,1168,57,933,57,122,1,55,1135,56,858,56,112,1,52,193.44,149.01,14000,14000,NA,NA,09930,20,16
17031000619,8277,470,6903,470,506,15,371,8052,396,6464,396,454,15,327,1372.34,1057.13,14000,14000,NA,NA,09930,20,16
17031000620,2678,237,2201,237,132,10,97,2762,207,2133,207,114,9,92,470.74,362.62,14000,14000,NA,NA,09930,20,16
17031000621,2990,419,2157,419,165,16,229,3100,321,2093,321,140,14,211,528.35,406.99,14000,14000,NA,NA,09930,20,16
17031000622,2421,351,1815,351,143,7,94,2341,240,1668,240,107,7,79,398.99,307.34,14000,14000,NA,NA,09930,20,2
17031000623,1212,307,838,307,40,5,18,1237,214,765,214,28,2,14,210.83,162.4,14000,14000,NA,NA,09930,20,2
17031000624,1212,279,872,279,30,4,27,1188,186,771,186,19,3,23,202.48,155.97,14000,14000,NA,NA,09930,20,2
17031000625,1184,295,803,295,52,7,22,1231,217,726,217,45,7,19,209.81,161.61,14000,14000,NA,NA,09930,20,2
17031000626,1249,410,737,410,47,11,36,1255,275,628,275,38,9,30,213.9,164.77,14000,14000,NA,NA,09930,20,2
17031000627,2189,578,1469,578,59,11,66,2218,403,1311,403,47,10,44,378.02,291.2,14000,14000,NA,NA,09930,20,2
17031000628,2786,657,1946,657,82,10,85,2796,444,1766,444,64,9,69,476.54,367.08,14000,14000,NA,NA,09930,20,2
17031000629,3371,419,2718,419,119,0,109,3325,309,2517,309,93,0,97,566.7,436.53,14000,14000,NA,NA,09930,20,2
17031000630,2976,267,2299,267,150,7,249,2894,202,2169,202,127,3,191,493.24,379.95,14000,14000,NA,NA,09930,20,2
17031000631,2018,187,1587,187,170,9,65,2066,160,1518,160,160,9,59,352.12,271.24,14000,14000,NA,NA,09930,20,16
17031000632,6878,503,5914,503,258,5,197,6860,412,5598,412,247,4,187,1169.18,900.63,14000,14000,NA,NA,09930,20,16
17031000633,8036,273,7064,273,398,11,288,7920,249,6783,249,369,9,261,1349.84,1039.8,14000,14000,NA,NA,09930,20,16
17031000634,2026,107,1756,107,95,2,66,2036,96,1693,96,88,2,61,347,267.3,14000,14000,NA,NA,09930,20,16
17031000701,8445,271,7623,271,234,7,309,8323,247,7308,247,223,7,291,1418.53,1092.71,14000,14000,NA,NA,09930,20,2
17031000702,3825,114,3473,114,117,9,111,3671,102,3253,102,109,6,99,625.67,481.96,14000,14000,NA,NA,09930,20,2
17031000703,3262,292,2727,292,97,9,136,3264,233,2580,233,89,7,122,556.3,428.52,14000,14000,NA,NA,09930,20,2
17031000704,2708,124,2448,124,65,3,66,2551,96,2239,96,57,3,60,434.78,334.91,14000,14000,NA,NA,09930,20,2
17031000705,2195,154,1945,154,34,2,60,2086,103,1800,103,25,1,54,355.53,273.87,14000,14000,NA,NA,09930,10,2
17031000706,2137,560,1500,560,45,1,30,2162,375,1349,375,34,1,28,368.48,283.84,14000,14000,NA,NA,09930,10,2
17031000707,2626,989,1034,989,566,8,23,2465,618,890,618,313,6,20,420.12,323.62,14000,14000,NA,NA,09930,10,2
17031000708,1259,241,840,241,147,1,26,1219,175,748,175,101,1,19,207.76,160.04,14000,14000,NA,NA,09930,10,2
17031000709,1714,105,1535,105,39,4,26,1581,82,1365,82,31,3,18,269.46,207.57,14000,14000,NA,NA,09930,20,2
17031000710,3377,178,2973,178,124,7,93,3239,149,2739,149,113,6,83,552.04,425.24,14000,14000,NA,NA,09930,20,2
17031000711,3156,130,2838,130,119,8,59,2956,111,2568,111,111,6,49,503.8,388.09,14000,14000,NA,NA,09930,20,2
17031000712,2049,61,1803,61,132,1,49,1884,49,1625,49,119,1,41,321.1,247.35,14000,14000,NA,NA,09930,20,2
17031000713,3396,79,3166,79,66,6,76,3118,66,2864,66,53,6,63,531.42,409.35,14000,14000,NA,NA,09930,20,2
17031000714,4906,168,4390,168,242,11,94,4755,161,4136,161,198,11,88,810.42,624.27,14000,14000,NA,NA,09930,20,2
17031000715,6619,143,5938,143,396,8,133,6363,125,5668,125,313,8,124,1084.48,835.38,14000,14000,NA,NA,09930,20,2
17031000716,1816,70,1590,70,129,2,20,1611,58,1361,58,113,2,19,274.57,211.5,14000,14000,NA,NA,09930,20,2
17031000717,1625,111,1261,111,227,2,23,1452,72,1125,72,163,2,18,247.47,190.63,14000,14000,NA,NA,09930,20,6
17031000718,2821,71,2208,71,510,5,25,2351,59,1869,59,335,5,24,400.69,308.66,14000,14000,NA,NA,09930,20,2
17031000719,2411,83,2085,83,201,2,39,2256,72,1915,72,156,2,39,384.5,296.18,14000,14000,NA,NA,09930,20,2
17031000720,745,37,591,37,100,1,15,672,23,538,23,75,1,12,114.53,88.23,14000,14000,NA,NA,09930,20,2
17031000801,6737,131,6402,131,116,2,85,6445,121,6015,121,105,2,81,1098.45,846.15,14000,14000,NA,NA,09930,22,2
17031000802,7135,177,6530,177,257,6,161,6846,151,6155,151,238,6,145,1166.8,898.79,14000,14000,NA,NA,09930,20,2
17031000803,2910,103,2187,103,561,11,47,2823,91,2114,91,470,11,46,481.14,370.62,14000,14000,NA,NA,09930,20,6
17031000804,2334,27,149,27,2151,0,6,1625,22,126,22,1452,0,3,276.96,213.34,14000,14000,NA,NA,09930,22,6
17031000805,2156,24,15,24,2112,4,0,1136,15,14,15,1088,4,0,193.61,149.14,14000,14000,NA,NA,09930,22,6
17031000806,29,0,19,0,10,0,0,25,0,18,0,7,0,0,4.26,3.28,14000,14000,NA,NA,09930,22,6
17031000807,80,6,2,6,72,0,0,50,4,2,4,40,0,0,8.52,6.56,14000,14000,NA,NA,09930,22,6
17031000808,3731,22,8,22,3699,2,0,1678,9,4,9,1654,2,0,285.99,220.3,14000,14000,NA,NA,09930,22,6
17031000809,678,34,324,34,303,4,13,662,31,315,31,271,2,12,112.83,86.91,14000,14000,NA,NA,09930,22,6
17031000810,5541,244,3858,244,1285,8,144,5629,230,3790,230,1229,8,142,959.38,739.02,14000,14000,NA,NA,09930,22,6
17031000811,3622,172,2835,172,520,3,90,3627,158,2745,158,487,3,76,618.17,476.18,14000,14000,NA,NA,09930,22,6
17031000812,6693,180,6201,180,164,6,139,6507,157,5907,157,151,6,129,1109.02,854.29,14000,14000,NA,NA,09930,22,2
17031000813,6027,124,5373,124,145,16,364,5925,116,5194,116,142,16,341,1009.83,777.88,14000,14000,NA,NA,09930,22,6
17031000814,7164,175,5984,175,536,5,462,6987,163,5798,163,432,5,426,1190.83,917.31,14000,14000,NA,NA,09930,22,6
17031000815,2380,159,1924,159,218,0,78,2480,149,1905,149,200,0,77,422.68,325.59,14000,14000,NA,NA,09930,22,6
17031000816,1220,48,1016,48,89,8,59,1241,46,999,46,84,8,58,211.51,162.93,14000,14000,NA,NA,09930,22,6
17031000817,1747,179,1211,179,298,5,54,1793,150,1184,150,261,2,46,305.59,235.4,14000,14000,NA,NA,09930,22,6
17031000818,1147,43,580,43,510,1,11,937,35,569,35,289,1,8,159.7,123.02,14000,14000,NA,NA,09930,22,6
17031000819,1511,8,4,8,1492,1,5,829,3,4,3,817,0,2,141.29,108.84,14000,14000,NA,NA,09930,22,6
17031000901,3531,55,3427,55,3,0,46,2982,33,2883,33,0,0,33,508.24,391.5,14000,14000,NA,NA,09930,9,16
17031000902,6548,126,6329,126,0,5,88,5517,102,5243,102,0,5,65,940.29,724.31,14000,14000,NA,NA,09930,9,16
17031000903,1424,36,1374,36,0,0,14,1145,26,1082,26,0,0,11,195.15,150.32,14000,14000,30840,24090,09930,9,16
17031001001,5337,102,5148,102,3,4,80,4504,75,4293,75,3,4,54,767.64,591.32,14000,14000,NA,NA,09930,9,16
17031001002,6670,180,6377,180,2,1,103,5709,129,5372,129,2,1,76,973.01,749.52,14000,14000,NA,NA,09930,9,16
17031001003,6579,181,6296,181,4,9,87,5572,127,5244,127,1,5,68,949.66,731.53,14000,14000,NA,NA,09930,9,16
17031001004,3167,92,3019,92,0,3,52,2661,59,2505,59,0,3,35,453.53,349.36,14000,14000,NA,NA,09930,9,16
17031001005,6075,140,5795,140,4,1,130,5156,109,4835,109,2,1,100,878.76,676.92,14000,14000,31200,24090,09930,9,2
17031001006,4750,167,4457,167,3,8,113,4110,112,3787,112,2,6,91,700.49,539.59,14000,14000,NA,NA,09930,9,16
17031001007,4979,143,4692,143,3,1,139,4392,112,4064,112,3,1,100,748.55,576.61,14000,14000,NA,NA,09930,9,16
17031001101,4951,136,4692,136,0,9,112,4181,104,3883,104,0,4,86,712.59,548.91,14000,14000,NA,NA,09930,9,16
17031001102,2389,83,2271,83,0,5,30,2054,62,1900,62,0,5,25,350.07,269.66,14000,14000,NA,NA,09930,9,16
17031001103,4922,193,4524,193,1,4,200,4239,133,3828,133,1,4,140,722.47,556.53,14000,14000,NA,NA,09930,9,16
17031001104,3932,160,3659,160,2,6,104,3468,130,3124,130,2,4,78,591.07,455.31,14000,14000,NA,NA,09930,9,2
17031001105,7455,469,6616,469,13,24,332,6457,329,5530,329,8,17,244,1100.5,847.72,14000,14000,NA,NA,09930,9,2
17031001201,4041,67,3885,67,1,1,87,3287,47,3131,47,1,1,60,560.22,431.54,14000,14000,NA,NA,09930,9,16
17031001202,4478,118,4102,118,5,4,248,3714,86,3357,86,5,1,179,632.99,487.6,14000,14000,NA,NA,09930,9,16
17031001203,5933,258,5168,258,3,4,500,5065,195,4294,195,2,3,376,863.25,664.97,14000,14000,NA,NA,09930,9,16
17031001204,3203,140,2837,140,0,7,219,2694,106,2325,106,0,3,154,459.15,353.69,14000,14000,NA,NA,09930,9,2
17031001301,4367,209,3369,209,23,2,756,3593,164,2706,164,23,0,536,612.37,471.72,14000,14000,NA,NA,09930,9,16
17031001302,695,37,620,37,2,0,36,585,25,513,25,2,0,20,99.7,76.8,14000,14000,NA,NA,09930,9,2
17031001303,4803,427,3202,427,30,4,1132,4006,301,2552,301,24,3,825,682.76,525.94,14000,14000,NA,NA,09930,9,2
17031001304,225,52,116,52,11,1,45,224,38,109,38,8,1,30,38.18,29.41,14000,14000,NA,NA,09930,9,2
17031001305,6146,756,3960,756,63,23,1339,5322,533,3228,533,50,16,962,907.05,698.71,14000,14000,NA,NA,09930,9,2
17031001401,3987,1393,917,1393,268,13,1392,3529,894,709,894,166,5,861,601.46,463.31,14000,14000,NA,NA,09930,9,12
17031001402,5873,1632,1838,1632,300,16,2073,5170,1054,1419,1054,174,14,1455,881.15,678.76,14000,14000,NA,NA,09930,9,2
17031001403,6944,1798,2627,1798,134,46,2328,6194,1177,2011,1177,75,30,1724,1055.67,813.19,14000,14000,NA,NA,09930,9,2
17031001404,5479,497,4284,497,6,3,680,4689,348,3499,348,5,3,486,799.17,615.61,14000,14000,NA,NA,09930,9,2
17031001405,3044,537,2176,537,21,10,297,2739,378,1752,378,11,7,213,466.82,359.6,14000,14000,NA,NA,09930,9,2
17031001406,8011,2764,3114,2764,256,59,1794,7499,1823,2379,1823,149,36,1289,1278.09,984.52,14000,14000,NA,NA,09930,9,2
17031001407,8782,4136,2617,4136,301,31,1658,8768,2680,2019,2680,170,16,1203,1494.37,1151.13,14000,14000,NA,NA,09930,9,12
17031001408,7381,2981,2885,2981,205,34,1248,7200,1930,2309,1930,112,20,899,1227.13,945.27,14000,14000,NA,NA,09930,9,2
17031001501,299,54,225,54,0,1,19,270,35,185,35,0,1,14,46.02,35.45,14000,14000,NA,NA,09930,9,2
17031001502,7054,648,6130,648,32,20,214,6109,452,5003,452,25,15,162,1041.19,802.04,14000,14000,NA,NA,09930,9,2
17031001503,6752,315,6265,315,8,5,158,5812,224,5247,224,4,3,110,990.57,763.04,14000,14000,NA,NA,09930,9,2
17031001504,7761,370,7210,370,8,4,169,6704,276,6022,276,3,4,123,1142.59,880.15,14000,14000,NA,NA,09930,9,2
17031001505,7209,358,6551,358,65,12,220,6038,231,5403,231,15,8,150,1029.08,792.71,14000,14000,NA,NA,09930,9,2
17031001506,3779,293,3367,293,11,5,103,3183,195,2706,195,9,4,74,542.49,417.89,14000,14000,NA,NA,09930,9,2
17031001507,4084,343,3630,343,2,3,106,3512,235,2958,235,2,3,79,598.57,461.08,14000,14000,NA,NA,09930,9,2
17031001508,4503,536,3851,536,3,9,100,3928,360,3130,360,3,6,69,669.47,515.7,14000,14000,NA,NA,09930,9,2
17031001509,1505,177,1241,177,4,4,78,1308,127,991,127,3,3,57,222.93,171.72,14000,14000,NA,NA,09930,9,2
17031001510,6263,865,5188,865,9,9,185,5639,585,4327,585,5,8,129,961.08,740.33,14000,14000,NA,NA,09930,10,2
17031001511,4207,233,3871,233,1,1,99,3641,156,3260,156,1,0,68,620.55,478.02,14000,14000,NA,NA,09930,9,2
17031001512,3097,227,2715,227,3,4,143,2712,158,2279,158,3,4,110,462.22,356.05,14000,14000,NA,NA,09930,9,2
17031001601,2158,183,1855,183,6,5,109,1883,120,1550,120,5,5,83,320.93,247.21,14000,14000,NA,NA,09930,9,2
17031001602,3224,425,2549,425,30,10,209,2716,284,1985,284,7,8,148,462.9,356.58,14000,14000,NA,NA,09930,9,2
17031001603,3391,477,2588,477,38,3,274,3344,380,2330,380,26,3,225,569.93,439.03,14000,14000,NA,NA,09930,10,2
17031001604,4450,911,3140,911,13,13,365,4082,638,2526,638,9,10,261,695.71,535.92,14000,14000,NA,NA,09930,10,2
17031001605,7129,2725,3373,2725,92,30,884,6978,1774,2671,1774,59,23,677,1189.29,916.12,14000,14000,NA,NA,09930,10,2
17031001606,7193,2613,3637,2613,101,39,790,6910,1661,2916,1661,63,27,582,1177.7,907.2,14000,14000,NA,NA,09930,10,2
17031001607,5563,1496,3450,1496,63,7,532,5257,1007,2838,1007,15,3,387,895.97,690.18,14000,14000,NA,NA,09930,10,2
17031001608,4559,1277,2852,1277,25,12,383,4351,847,2351,847,18,9,279,741.56,571.23,14000,14000,NA,NA,09930,10,2
17031001609,2591,497,1942,497,16,10,126,2417,337,1635,337,11,5,92,411.94,317.32,14000,14000,NA,NA,09930,10,2
17031001610,1908,236,1601,236,6,7,56,1700,171,1304,171,5,4,45,289.74,223.19,14000,14000,NA,NA,09930,10,2
17031001611,1919,220,1633,220,10,0,54,1632,150,1285,150,8,0,39,278.15,214.26,14000,14000,NA,NA,09930,10,2
17031001612,2305,517,1621,517,2,4,161,2097,346,1283,346,1,3,118,357.4,275.31,14000,14000,NA,NA,09930,10,2
17031001613,3769,645,2952,645,7,8,150,3459,403,2532,403,6,6,109,589.53,454.12,14000,14000,NA,NA,09930,10,2
17031001701,624,47,418,47,148,2,9,624,42,412,42,118,1,9,106.35,81.92,14000,14000,NA,NA,09930,9,2
17031001702,3450,221,3142,221,1,2,84,2911,148,2550,148,1,2,62,496.14,382.18,14000,14000,NA,NA,09930,9,2
17031001703,4397,216,4070,216,0,4,107,3715,155,3329,155,0,2,74,633.16,487.73,14000,14000,NA,NA,09930,9,2
17031001704,3687,164,3452,164,0,3,67,3121,115,2835,115,0,2,54,531.93,409.75,14000,14000,NA,NA,09930,9,2
17031001705,5059,229,4737,229,4,1,88,4183,145,3822,145,2,1,68,712.93,549.18,14000,14000,NA,NA,09930,9,2
17031001706,2433,96,2300,96,0,1,36,2064,66,1906,66,0,1,25,351.78,270.98,14000,14000,NA,NA,09930,9,2
17031001707,2969,108,2824,108,0,0,37,2514,78,2327,78,0,0,31,428.47,330.06,14000,14000,NA,NA,09930,9,2
17031001708,3369,157,3129,157,1,2,80,2853,108,2578,108,1,2,56,486.25,374.56,14000,14000,NA,NA,09930,9,2
17031001709,1414,82,1302,82,1,5,24,1222,58,1086,58,1,2,17,208.27,160.43,14000,14000,NA,NA,09930,10,2
17031001710,6028,281,5564,281,3,15,164,5193,189,4678,189,3,10,124,885.07,681.78,14000,14000,NA,NA,09930,9,2
17031001711,3527,281,3100,281,0,2,143,3048,197,2540,197,0,1,113,519.48,400.16,14000,14000,NA,NA,09930,9,2
17031001801,5003,422,4457,422,11,4,108,4455,294,3773,294,10,4,80,759.29,584.89,14000,14000,NA,NA,09930,10,2
17031001802,4616,549,3921,549,22,14,110,4027,347,3227,347,15,9,82,686.34,528.69,14000,14000,NA,NA,09930,10,2
17031001803,954,228,708,228,3,1,13,890,159,562,159,0,1,9,151.69,116.85,14000,14000,NA,NA,09930,10,2
17031001901,1839,703,1071,703,6,5,51,1839,453,890,453,3,3,37,313.43,241.44,14000,14000,NA,NA,09930,10,12
17031001902,4332,1053,3105,1053,8,1,164,4034,680,2548,680,5,1,120,687.53,529.61,14000,14000,NA,NA,09930,10,2
17031001903,4340,602,3647,602,7,5,78,3988,398,3121,398,4,4,63,679.69,523.57,14000,14000,NA,NA,09930,10,2
17031001904,7196,937,5986,937,14,3,251,6495,627,5045,627,10,2,184,1106.97,852.71,14000,14000,NA,NA,09930,10,2
17031001905,1762,148,1548,148,8,1,57,1541,99,1297,99,4,1,41,262.64,202.31,14000,14000,NA,NA,09930,10,2
17031001906,6843,1448,5111,1448,51,6,223,6342,985,4172,985,48,5,147,1080.9,832.63,14000,14000,NA,NA,09930,10,2
17031001907,5347,915,4346,915,8,4,71,4846,608,3574,608,3,3,50,825.93,636.22,14000,14000,NA,NA,09930,10,2
17031001908,4774,1533,3093,1533,19,6,118,4676,982,2605,982,16,5,86,796.95,613.9,14000,14000,NA,NA,09930,10,2
17031001909,1477,682,714,682,4,2,70,1585,467,588,467,4,2,57,270.14,208.09,14000,14000,NA,NA,09930,10,12
17031001910,2080,1308,701,1308,29,8,33,2211,806,548,806,19,2,30,376.83,290.28,14000,14000,NA,NA,09930,10,12
17031001911,6002,3243,2377,3243,234,8,116,6137,2013,1904,2013,120,6,81,1045.96,805.71,14000,14000,NA,NA,09930,10,12
17031001912,2515,975,1465,975,19,6,47,2496,625,1196,625,13,6,31,425.4,327.69,14000,14000,NA,NA,09930,10,12
17031001913,7510,3245,3664,3245,153,5,441,7572,2075,3005,2075,97,4,316,1290.53,994.11,14000,14000,NA,NA,09930,10,12
17031001914,770,274,437,274,4,0,48,733,178,342,178,3,0,32,124.93,96.23,14000,14000,NA,NA,09930,10,12
17031002001,3445,1197,2041,1197,26,8,168,3460,804,1712,804,16,5,119,589.7,454.25,14000,14000,NA,NA,09930,10,12
17031002002,4948,3107,1686,3107,32,4,110,5416,1960,1391,1960,20,3,82,923.07,711.05,14000,14000,NA,NA,09930,10,12
17031002003,1951,1386,501,1386,7,7,30,2212,887,406,887,5,4,23,377,290.41,14000,14000,NA,NA,09930,10,12
17031002004,8203,6604,1392,6604,91,2,97,9292,4011,1143,4011,52,2,73,1583.68,1219.92,14000,14000,NA,NA,09930,10,12
17031002005,3810,2975,637,2975,135,5,50,4235,1792,528,1792,80,3,40,721.79,556,14000,14000,NA,NA,09930,10,12
17031002006,774,654,97,654,19,0,4,920,412,88,412,6,0,2,156.8,120.78,14000,14000,NA,NA,09930,10,12
17031002101,3458,1442,1815,1442,46,16,138,3425,916,1438,916,27,13,115,583.74,449.66,14000,14000,NA,NA,09930,10,12
17031002102,1040,329,618,329,5,20,67,993,211,505,211,4,11,51,169.24,130.37,14000,14000,NA,NA,09930,10,12
17031002103,5299,893,4125,893,16,3,258,4950,593,3551,593,9,2,202,843.65,649.87,14000,14000,NA,NA,09930,10,2
17031002104,2217,634,1523,634,3,3,49,2166,412,1295,412,2,3,42,369.16,284.37,14000,14000,NA,NA,09930,10,2
17031002105,7314,1135,6082,1135,14,3,72,6968,742,5419,742,8,3,54,1187.59,914.81,14000,14000,NA,NA,09930,10,2
17031002106,7096,3157,3495,3157,98,15,327,7363,2018,3028,2018,56,9,234,1254.91,966.67,14000,14000,NA,NA,09930,10,12
17031002107,4898,3215,1431,3215,89,8,148,5310,1985,1170,1985,53,8,109,905.01,697.14,14000,14000,NA,NA,09930,10,12
17031002108,1342,830,469,830,23,4,16,1493,539,383,539,13,4,15,254.46,196.01,14000,14000,NA,NA,09930,10,12
17031002109,2915,1724,1095,1724,38,25,27,3102,1091,868,1091,17,13,22,528.69,407.25,14000,14000,NA,NA,09930,10,12
17031002201,677,434,189,434,28,5,20,786,297,156,297,17,2,17,133.96,103.19,14000,14000,NA,NA,09930,10,12
17031002202,1994,1252,658,1252,44,2,31,2181,779,570,779,28,2,23,371.72,286.34,14000,14000,NA,NA,09930,10,12
17031002203,2543,1328,1041,1328,89,16,60,2653,822,890,822,67,12,40,452.16,348.31,14000,14000,NA,NA,09930,10,12
17031002204,3012,1602,1244,1602,76,9,68,3352,1073,1092,1073,51,7,56,571.3,440.08,14000,14000,NA,NA,09930,10,12
17031002205,3184,1956,1042,1956,124,16,45,3656,1303,923,1303,79,15,33,623.11,479.99,14000,14000,NA,NA,09930,10,12
17031002206,8232,5087,2551,5087,410,7,148,9538,3475,2196,3475,277,7,108,1625.61,1252.22,14000,14000,NA,NA,09930,10,12
17031002207,7522,4470,2901,4470,50,8,90,8136,2779,2470,2779,32,7,69,1386.66,1068.16,14000,14000,NA,NA,09930,10,12
17031002208,36,8,28,8,0,0,0,33,3,27,3,0,0,0,5.62,4.33,14000,14000,NA,NA,09930,10,12
17031002209,7197,5473,1244,5473,336,15,121,7941,3308,1043,3308,178,12,92,1353.42,1042.55,14000,14000,NA,NA,09930,10,12
17031002210,3787,3036,466,3036,237,19,24,4097,1789,370,1789,122,9,18,698.27,537.88,14000,14000,NA,NA,09930,10,12
17031002211,5794,4278,942,4278,512,5,42,6473,2662,806,2662,312,5,26,1103.22,849.82,14000,14000,NA,NA,09930,10,12
17031002212,3723,2565,608,2565,512,7,19,3841,1506,511,1506,296,6,16,654.64,504.28,14000,14000,NA,NA,09930,10,12
17031002213,4064,3169,608,3169,250,0,30,4696,2017,520,2017,123,0,19,800.36,616.53,14000,14000,NA,NA,09930,10,12
17031002214,3324,2624,558,2624,103,0,29,3725,1592,468,1592,49,0,24,634.87,489.05,14000,14000,NA,NA,09930,10,12
17031002215,3860,2617,997,2617,170,10,62,4339,1669,829,1669,115,6,51,739.52,569.66,14000,14000,NA,NA,09930,10,12
17031002216,3590,1927,1534,1927,66,9,38,3881,1235,1323,1235,49,9,30,661.46,509.53,14000,14000,NA,NA,09930,10,12
17031002217,2623,1351,1197,1351,46,5,15,2871,878,1062,878,34,5,14,489.32,376.93,14000,14000,NA,NA,09930,10,12
17031002218,1310,816,437,816,41,0,14,1495,532,386,532,32,0,13,254.8,196.27,14000,14000,NA,NA,09930,10,12
17031002219,539,110,411,110,8,2,6,505,74,341,74,8,2,6,86.07,66.3,14000,14000,NA,NA,09930,10,12
17031002220,1510,623,842,623,23,7,11,1544,398,714,398,18,5,11,263.15,202.71,14000,14000,NA,NA,09930,10,12
17031002221,871,553,295,553,15,0,7,979,350,259,350,14,0,6,166.86,128.53,14000,14000,NA,NA,09930,10,12
17031002222,1831,1051,665,1051,93,2,16,2026,674,596,674,69,1,12,345.3,265.99,14000,14000,NA,NA,09930,10,12
17031002223,1249,930,272,930,29,6,7,1356,555,218,555,15,6,7,231.11,178.03,14000,14000,NA,NA,09930,10,12
17031002224,1934,1546,310,1546,68,1,2,2141,922,253,922,41,1,2,364.9,281.09,14000,14000,NA,NA,09930,10,12
17031002225,1814,1366,225,1366,208,1,10,1830,779,180,779,87,1,4,311.9,240.26,14000,14000,NA,NA,09930,10,12
17031002226,1685,1126,240,1126,305,2,8,1762,696,188,696,173,2,7,300.31,231.33,14000,14000,NA,NA,09930,10,12
17031002227,2466,1811,292,1811,345,3,8,2519,1052,231,1052,177,1,6,429.32,330.71,14000,14000,NA,NA,09930,10,12
17031002228,970,568,116,568,279,1,4,846,315,89,315,122,1,4,144.19,111.07,14000,14000,NA,NA,09930,10,12
17031002229,1264,1063,168,1063,30,1,0,1447,641,145,641,19,1,0,246.62,189.97,14000,14000,NA,NA,09930,10,12
17031002301,2225,1591,223,1591,399,0,7,2401,995,192,995,215,0,4,409.21,315.22,14000,14000,NA,NA,09930,10,12
17031002302,2273,1896,144,1896,204,14,14,2508,1143,119,1143,84,7,12,427.45,329.27,14000,14000,NA,NA,09930,10,12
17031002303,1020,878,102,878,40,0,0,1122,510,84,510,18,0,0,191.23,147.3,14000,14000,NA,NA,09930,10,12
17031002304,2772,2373,309,2373,60,1,26,3168,1424,264,1424,32,1,23,539.94,415.92,14000,14000,NA,NA,09930,10,12
17031002305,3718,3032,338,3032,293,5,19,4261,1888,277,1888,191,5,12,726.22,559.42,14000,14000,NA,NA,09930,10,12
17031002306,8242,4447,716,4447,2983,11,76,7742,2683,605,2683,1706,11,54,1319.51,1016.43,14000,14000,NA,NA,09930,10,6
17031002307,6867,5037,540,5037,1230,6,32,7172,2991,456,2991,705,6,23,1222.36,941.59,14000,14000,NA,NA,09930,10,12
17031002308,1542,1169,144,1169,183,3,39,1757,741,122,741,122,1,30,299.45,230.67,14000,14000,NA,NA,09930,10,12
17031002309,6568,4576,311,4576,1634,6,33,6596,2705,274,2705,880,5,27,1124.19,865.97,14000,14000,NA,NA,09930,10,12
17031002310,3252,1144,169,1144,1896,8,27,2685,704,135,704,1119,3,20,457.62,352.51,14000,14000,NA,NA,09930,10,6
17031002311,1471,116,11,116,1340,0,3,1019,74,10,74,858,0,3,173.67,133.78,14000,14000,NA,NA,09930,10,6
17031002312,7749,1113,205,1113,6413,4,8,5388,669,174,669,3866,2,8,918.3,707.38,14000,14000,NA,NA,09930,10,6
17031002313,7798,1931,680,1931,4962,14,196,5946,1099,598,1099,2989,4,157,1013.4,780.64,14000,14000,NA,NA,09930,10,6
17031002314,0,0,0,0,0,0,0,0,0,0,0,0,0,0,0,0,14000,14000,NA,NA,09930,22,6
17031002315,8593,50,143,50,8375,18,6,5521,36,97,36,5336,10,6,940.97,724.84,14000,14000,NA,NA,09930,22,6
17031002316,1986,13,10,13,1962,0,1,1254,12,9,12,1220,0,1,213.73,164.63,14000,14000,NA,NA,09930,22,6
17031002317,1060,9,6,9,1045,0,0,684,7,5,7,665,0,0,116.58,89.8,14000,14000,NA,NA,09930,22,6
17031002318,437,360,17,360,58,0,1,462,208,14,208,31,0,1,78.74,60.65,14000,14000,NA,NA,09930,10,6
17031002401,221,165,45,165,11,0,0,213,84,40,84,5,0,0,36.3,27.96,14000,14000,NA,NA,09930,10,2
17031002402,1470,914,483,914,50,6,11,1593,551,433,551,46,3,9,271.5,209.14,14000,14000,NA,NA,09930,10,12
17031002403,1277,467,746,467,34,7,13,1310,300,674,300,19,6,11,223.27,171.99,14000,14000,NA,NA,09930,10,12
17031002404,299,102,165,102,26,0,4,318,75,146,75,20,0,2,54.2,41.75,14000,14000,NA,NA,09930,10,12
17031002405,1033,509,383,509,130,0,10,1083,314,342,314,103,0,10,184.58,142.18,14000,14000,NA,NA,09930,10,12
17031002406,1582,1130,223,1130,204,11,11,1590,650,175,650,103,7,5,270.99,208.75,14000,14000,NA,NA,09930,10,12
17031002407,1806,1430,222,1430,69,2,76,1969,848,175,848,40,2,56,335.59,258.51,14000,14000,NA,NA,09930,10,12
17031002408,1990,1670,204,1670,105,1,9,2243,1003,172,1003,56,1,8,382.28,294.48,14000,14000,NA,NA,09930,10,12
17031002409,1330,871,173,871,275,0,10,1351,523,153,523,145,0,7,230.26,177.37,14000,14000,NA,NA,09930,10,12
17031002410,2484,1735,164,1735,583,0,0,2606,1082,137,1082,305,0,0,444.15,342.14,14000,14000,NA,NA,09930,10,12
17031002411,4338,3272,347,3272,692,3,17,4568,1927,298,1927,400,3,13,778.55,599.72,14000,14000,NA,NA,09930,10,12
17031002412,1803,1041,344,1041,365,1,46,1875,640,306,640,249,1,39,319.56,246.16,14000,14000,NA,NA,09930,10,12
17031002413,1408,558,521,558,320,3,5,1373,339,465,339,222,3,5,234.01,180.26,14000,14000,NA,NA,09930,10,12
17031002414,3984,1963,1305,1963,672,11,26,4207,1272,1188,1272,441,11,23,717.02,552.33,14000,14000,NA,NA,09930,10,12
17031002415,3199,2213,795,2213,71,6,14,3478,1379,661,1379,42,4,13,592.77,456.62,14000,14000,NA,NA,09930,10,12
17031002416,4610,3650,870,3650,57,15,5,5001,2129,689,2129,36,13,5,852.34,656.57,14000,14000,NA,NA,09930,10,12
17031002417,240,79,135,79,13,4,0,221,51,107,51,8,4,0,37.67,29.01,14000,14000,NA,NA,09930,10,2
17031002418,209,35,138,35,33,0,3,195,18,128,18,28,0,3,33.23,25.6,14000,14000,NA,NA,09930,10,6
17031002419,949,311,150,311,483,4,1,812,176,130,176,327,3,0,138.39,106.61,14000,14000,NA,NA,09930,10,6
17031002420,4710,2967,744,2967,979,12,6,5090,1835,667,1835,737,10,6,867.51,668.25,14000,14000,NA,NA,09930,10,12
17031002421,4269,2686,1494,2686,66,5,9,4612,1618,1324,1618,45,3,4,786.04,605.5,14000,14000,NA,NA,09930,10,12
17031002422,3996,2283,1496,2283,103,2,57,4209,1385,1321,1385,68,2,48,717.36,552.59,14000,14000,NA,NA,09930,10,12
17031002423,3515,1518,1771,1518,71,2,138,3658,981,1539,981,48,2,107,623.45,480.25,14000,14000,NA,NA,09930,10,6
17031002424,3305,659,2477,659,48,5,97,3209,450,2178,450,41,3,87,546.92,421.3,14000,14000,NA,NA,09930,10,6
17031002425,4146,2844,1099,2844,132,0,57,4497,1705,962,1705,84,0,41,766.44,590.4,14000,14000,NA,NA,09930,10,12
17031002426,7566,5693,952,5693,829,25,44,8049,3380,828,3380,424,9,28,1371.83,1056.73,14000,14000,NA,NA,09930,10,12
17031002427,2404,1630,162,1630,601,4,2,2323,940,123,940,315,3,2,395.92,304.98,14000,14000,NA,NA,09930,10,12
17031002428,1437,316,1075,316,24,0,22,1334,209,890,209,13,0,13,227.36,175.14,14000,14000,NA,NA,09930,10,6
17031002429,1862,874,947,874,28,5,6,1908,550,783,550,17,2,6,325.19,250.5,14000,14000,NA,NA,09930,10,6
17031002430,2586,1664,908,1664,3,0,3,2854,1047,754,1047,3,0,3,486.42,374.69,14000,14000,NA,NA,09930,10,12
17031002431,2867,2116,681,2116,44,8,12,3203,1305,551,1305,26,5,11,545.9,420.51,14000,14000,NA,NA,09930,10,12
17031002432,2873,2147,578,2147,118,12,14,3040,1241,474,1241,69,6,9,518.12,399.11,14000,14000,NA,NA,09930,10,12
17031002433,2649,1567,1048,1567,20,9,1,2879,990,877,990,14,7,1,490.68,377.98,14000,14000,NA,NA,09930,10,12
17031002434,3330,2622,604,2622,82,0,7,3718,1574,525,1574,40,0,5,633.68,488.13,14000,14000,NA,NA,09930,10,12
17031002435,1664,624,566,624,466,0,7,1742,445,532,445,315,0,5,296.9,228.7,14000,14000,NA,NA,09930,10,12
17031002436,292,36,102,36,152,0,2,311,32,100,32,145,0,2,53.01,40.83,14000,14000,NA,NA,09930,10,6
17031002501,517,281,74,281,162,0,0,476,163,57,163,93,0,0,81.13,62.49,14000,14000,NA,NA,09930,10,12
17031002502,2936,475,293,475,2066,6,89,2233,302,241,302,1326,3,59,380.58,293.16,14000,14000,NA,NA,09930,10,6
17031002503,4868,509,289,509,3998,13,59,3461,299,250,299,2563,7,43,589.87,454.39,14000,14000,NA,NA,09930,10,6
17031002504,6693,507,545,507,5585,10,42,4809,335,463,335,3633,10,33,819.62,631.36,14000,14000,NA,NA,09930,10,6
17031002505,7096,616,5878,616,325,8,261,6129,419,4862,419,227,5,197,1044.59,804.66,14000,14000,NA,NA,09930,10,6
17031002506,5154,175,270,175,4607,2,100,3560,113,230,113,3018,1,85,606.75,467.38,14000,14000,NA,NA,09930,22,6
17031002507,6945,222,185,222,6507,7,23,4777,143,172,143,4296,6,17,814.17,627.16,14000,14000,NA,NA,09930,22,6
17031002508,3347,212,99,212,2899,1,135,2329,144,86,144,1842,0,113,396.94,305.77,14000,14000,NA,NA,09930,22,6
17031002509,852,129,109,129,589,1,22,662,94,90,94,366,1,17,112.83,86.91,14000,14000,NA,NA,09930,22,6
17031002510,1502,68,55,68,1377,0,2,1030,44,42,44,898,0,2,175.55,135.23,14000,14000,NA,NA,09930,22,6
17031002511,5251,76,52,76,5111,2,10,3495,54,50,54,3327,2,8,595.67,458.85,14000,14000,NA,NA,09930,22,6
17031002512,5325,73,115,73,5110,24,2,3627,49,94,49,3420,13,2,618.17,476.18,14000,14000,NA,NA,09930,22,6
17031002513,6217,96,148,96,5953,4,11,4086,58,116,58,3843,3,8,696.4,536.44,14000,14000,NA,NA,09930,22,6
17031002514,4930,54,239,54,4620,1,13,3450,40,179,40,3179,1,11,588,452.94,14000,14000,NA,NA,09930,22,6
17031002515,5035,31,72,31,4931,0,0,3452,23,60,23,3346,0,0,588.34,453.2,14000,14000,NA,NA,09930,22,6
17031002516,4946,35,64,35,4841,0,6,3281,25,49,25,3178,0,4,559.2,430.75,14000,14000,NA,NA,09930,22,6
17031002517,2127,74,36,74,2014,3,0,1430,49,30,49,1300,2,0,243.72,187.74,14000,14000,NA,NA,09930,22,6
17031002518,5878,40,29,40,5802,2,5,3910,30,27,30,3818,1,4,666.4,513.33,14000,14000,NA,NA,09930,22,6
17031002519,6376,31,113,31,6223,4,4,4276,25,108,25,4112,4,2,728.78,561.39,14000,14000,NA,NA,09930,22,6
17031002520,6083,25,83,25,5963,3,5,4108,17,76,17,3993,2,3,700.15,539.33,14000,14000,NA,NA,09930,22,6
17031002521,9428,27,64,27,9334,0,2,6477,22,53,22,6378,0,2,1103.91,850.35,14000,14000,NA,NA,09930,22,6
17031002522,9338,43,188,43,9103,1,3,6498,29,184,29,6254,1,1,1107.48,853.11,14000,14000,NA,NA,09930,22,6
17031002523,956,17,10,17,929,0,0,658,12,9,12,625,0,0,112.15,86.39,14000,14000,NA,NA,09930,22,6
17031002524,2279,338,1381,338,455,2,102,2030,225,1136,225,365,2,77,345.98,266.51,14000,14000,NA,NA,09930,22,12
17031002601,1182,0,7,0,1172,2,1,874,0,6,0,865,2,1,148.96,114.75,14000,14000,NA,NA,09930,22,6
17031002602,1760,23,17,23,1716,2,0,1177,13,12,13,1137,2,0,200.6,154.53,14000,14000,NA,NA,09930,22,6
17031002603,2227,33,7,33,2185,1,0,1418,23,6,23,1365,1,0,241.68,186.17,14000,14000,NA,NA,09930,22,6
17031002604,2047,5,3,5,2034,5,0,1288,3,3,3,1274,5,0,219.52,169.1,14000,14000,NA,NA,09930,22,6
17031002605,2841,1,7,1,2830,2,1,1864,0,7,0,1855,1,1,317.69,244.72,14000,14000,NA,NA,09930,22,6
17031002606,3719,28,24,28,3667,0,0,2411,20,22,20,2349,0,0,410.92,316.53,14000,14000,NA,NA,09930,22,6
17031002607,2812,8,3,8,2788,2,9,1875,6,2,6,1855,2,4,319.56,246.16,14000,14000,NA,NA,09930,22,6
17031002608,2789,24,7,24,2757,0,1,1892,13,6,13,1859,0,1,322.46,248.4,14000,14000,NA,NA,09930,22,6
17031002609,1672,9,8,9,1654,1,0,1127,6,6,6,1108,1,0,192.08,147.96,14000,14000,NA,NA,09930,22,6
17031002610,3046,2,4,2,3031,4,5,2123,1,4,1,2110,4,3,361.83,278.72,14000,14000,NA,NA,09930,22,6
17031002701,403,6,1,6,396,0,0,256,3,1,3,249,0,0,43.63,33.61,14000,14000,NA,NA,09930,22,6
17031002702,1531,1,5,1,1525,0,0,1088,1,4,1,1082,0,0,185.43,142.84,14000,14000,NA,NA,09930,22,6
17031002703,2131,4,7,4,2119,1,0,1393,3,5,3,1381,1,0,237.42,182.88,14000,14000,NA,NA,09930,22,6
17031002704,1353,5,2,5,1345,1,0,898,1,2,1,894,0,0,153.05,117.9,14000,14000,NA,NA,09930,22,6
17031002705,1605,5,5,5,1594,0,1,1069,4,2,4,1058,0,1,182.19,140.35,14000,14000,NA,NA,09930,22,6
17031002706,911,7,2,7,897,5,0,610,7,2,7,589,5,0,103.97,80.09,14000,14000,NA,NA,09930,22,6
17031002707,797,0,4,0,793,0,0,462,0,4,0,458,0,0,78.74,60.65,14000,14000,NA,NA,09930,22,6
17031002708,756,1,1,1,752,2,0,538,0,1,0,535,2,0,91.69,70.63,14000,14000,NA,NA,09930,22,6
17031002709,299,4,0,4,295,0,0,218,1,0,1,216,0,0,37.15,28.62,14000,14000,NA,NA,09930,22,6
17031002710,1147,13,5,13,1126,1,2,831,10,5,10,804,0,2,141.63,109.1,14000,14000,NA,NA,09930,22,6
17031002711,1999,11,24,11,1961,1,2,1362,6,14,6,1333,1,2,232.13,178.81,14000,14000,NA,NA,09930,22,6
17031002712,1600,32,13,32,1552,0,1,1028,19,13,19,976,0,1,175.21,134.96,14000,14000,NA,NA,09930,22,6
17031002713,1561,0,3,0,1554,2,0,1004,0,3,0,1000,1,0,171.12,131.81,14000,14000,NA,NA,09930,22,6
17031002714,2015,8,7,8,1994,1,4,1377,8,6,8,1350,1,4,234.69,180.78,14000,14000,NA,NA,09930,22,6
17031002715,1257,6,2,6,1249,0,0,798,3,2,3,790,0,0,136.01,104.77,14000,14000,NA,NA,09930,22,6
17031002716,1348,13,36,13,1298,0,0,919,13,34,13,859,0,0,156.63,120.65,14000,14000,NA,NA,09930,22,6
17031002717,1200,0,4,0,1191,1,0,843,0,4,0,838,1,0,143.68,110.68,14000,14000,NA,NA,09930,22,6
17031002718,1305,1,3,1,1300,1,0,825,1,1,1,821,1,0,140.61,108.31,14000,14000,NA,NA,09930,22,6
17031002719,812,34,39,34,733,2,4,621,33,38,33,512,2,3,105.84,81.53,14000,14000,NA,NA,09930,22,6
17031002801,148,16,124,16,5,3,0,162,16,122,16,5,3,0,27.61,21.27,14000,14000,NA,NA,09930,22,6
17031002802,224,15,104,15,104,1,0,238,15,103,15,104,1,0,40.56,31.25,14000,14000,NA,NA,09930,22,6
17031002803,187,3,87,3,96,0,1,169,2,83,2,81,0,1,28.8,22.19,14000,14000,NA,NA,09930,22,6
17031002804,2540,21,4,21,2515,0,0,1300,6,3,6,1285,0,0,221.57,170.67,14000,14000,NA,NA,09930,22,6
17031002805,1179,6,7,6,1161,0,5,643,4,6,4,624,0,5,109.59,84.42,14000,14000,NA,NA,09930,22,6
17031002806,76,0,1,0,75,0,0,44,0,0,0,44,0,0,7.5,5.78,14000,14000,NA,NA,09930,22,6
17031002807,246,0,2,0,244,0,0,144,0,1,0,143,0,0,24.54,18.91,14000,14000,NA,NA,09930,22,6
17031002808,4829,37,27,37,4763,2,0,2201,16,20,16,2148,1,0,375.13,288.96,14000,14000,NA,NA,09930,22,6
17031002809,888,0,5,0,883,0,0,490,0,4,0,486,0,0,83.51,64.33,14000,14000,NA,NA,09930,22,6
17031002810,85,0,0,0,85,0,0,64,0,0,0,64,0,0,10.91,8.4,14000,14000,NA,NA,09930,22,6
17031002811,281,4,1,4,275,0,1,191,2,0,2,186,0,1,32.55,25.08,14000,14000,NA,NA,09930,22,6
17031002812,580,1,0,1,578,0,0,365,0,0,0,365,0,0,62.21,47.92,14000,14000,NA,NA,09930,22,6
17031002813,1438,19,13,19,1402,1,2,1077,14,13,14,1034,0,2,183.56,141.4,14000,14000,NA,NA,09930,22,6
17031002814,334,4,5,4,325,0,0,256,4,5,4,243,0,0,43.63,33.61,14000,14000,NA,NA,09930,22,6
17031002815,758,1,2,1,754,1,0,492,1,2,1,487,1,0,83.85,64.59,14000,14000,NA,NA,09930,22,6
17031002816,854,11,27,11,814,2,0,790,11,27,11,739,2,0,134.64,103.72,14000,14000,NA,NA,09930,22,6
17031002817,1141,88,334,88,701,2,16,1020,77,314,77,534,2,16,173.84,133.91,14000,14000,NA,NA,09930,22,6
17031002818,640,27,188,27,416,6,1,595,24,156,24,386,5,0,101.41,78.12,14000,14000,NA,NA,09930,22,6
17031002819,1932,89,1518,89,237,4,82,1969,86,1494,86,220,4,79,335.59,258.51,14000,14000,NA,NA,09930,22,6
17031002820,0,0,0,0,0,0,0,0,0,0,0,0,0,0,0,0,14000,14000,NA,NA,09930,22,6
17031002821,1154,77,740,77,151,5,178,1216,77,732,77,151,5,174,207.25,159.65,14000,14000,NA,NA,09930,22,6
17031002822,1702,236,1010,236,101,0,354,1657,187,903,187,88,0,292,282.41,217.54,14000,14000,NA,NA,09930,22,6
17031002823,753,89,572,89,37,1,51,732,70,509,70,33,1,49,124.76,96.1,14000,14000,NA,NA,09930,22,6
17031002824,1649,228,1048,228,201,0,171,1664,194,956,194,170,0,150,283.6,218.46,14000,14000,NA,NA,09930,22,6
17031002825,693,14,62,14,163,23,431,560,14,56,14,117,19,340,95.44,73.52,14000,14000,NA,NA,09930,22,6
17031002826,124,74,6,74,41,0,1,134,51,5,51,26,0,1,22.84,17.59,14000,14000,NA,NA,09930,22,6
17031002827,1694,1012,147,1012,528,5,0,1656,610,122,610,313,1,0,282.24,217.41,14000,14000,NA,NA,09930,22,12
17031002828,1641,1052,299,1052,168,0,119,1857,686,262,686,122,0,101,316.5,243.8,14000,14000,NA,NA,09930,22,12
17031002829,1895,407,788,407,285,5,408,2069,321,758,321,273,5,391,352.63,271.63,14000,14000,NA,NA,09930,22,6
17031002830,617,187,174,187,221,3,23,568,124,137,124,162,2,19,96.81,74.57,14000,14000,NA,NA,09930,22,6
17031002831,2670,311,885,311,1088,10,369,2374,250,830,250,728,9,307,404.61,311.68,14000,14000,NA,NA,09930,22,6
17031002832,2574,95,206,95,2248,2,19,1577,62,172,62,1264,2,15,268.78,207.04,14000,14000,NA,NA,09930,22,6
17031002833,445,168,210,168,13,0,51,459,104,195,104,9,0,47,78.23,60.26,14000,14000,NA,NA,09930,22,6
17031002834,0,0,0,0,0,0,0,0,0,0,0,0,0,0,0,0,14000,14000,NA,NA,09930,22,6
17031002835,3,0,0,0,3,0,0,3,0,0,0,3,0,0,0.51,0.39,14000,14000,NA,NA,09930,22,6
17031002836,65,36,9,36,19,0,0,77,26,8,26,17,0,0,13.12,10.11,14000,14000,NA,NA,09930,22,6
17031002837,69,48,2,48,19,0,0,82,32,2,32,16,0,0,13.98,10.77,14000,14000,NA,NA,09930,22,6
17031002838,2622,6,5,6,2610,1,0,1375,2,5,2,1366,0,0,234.35,180.52,14000,14000,NA,NA,09930,22,6
17031002839,5170,16,19,16,5133,2,0,2603,8,8,8,2577,2,0,443.64,341.74,14000,14000,NA,NA,09930,22,6
17031002840,953,4,34,4,915,0,0,633,3,29,3,598,0,0,107.89,83.1,14000,14000,NA,NA,09930,22,6
17031002841,604,8,4,8,592,0,0,432,6,4,6,416,0,0,73.63,56.72,14000,14000,NA,NA,09930,22,6
17031002842,685,6,3,6,676,0,0,466,6,3,6,451,0,0,79.42,61.18,14000,14000,NA,NA,09930,22,6
17031002843,55,0,0,0,55,0,0,32,0,0,0,32,0,0,5.45,4.2,14000,14000,NA,NA,09930,22,12
17031002901,13,0,0,0,13,0,0,10,0,0,0,10,0,0,1.7,1.31,14000,14000,NA,NA,09930,22,6
17031002902,1207,1,7,1,1194,0,5,730,1,6,1,721,0,1,124.42,95.84,14000,14000,NA,NA,09930,22,6
17031002903,733,10,7,10,715,0,1,494,7,7,7,472,0,1,84.19,64.86,14000,14000,NA,NA,09930,22,6
17031002904,40,0,0,0,40,0,0,23,0,0,0,23,0,0,3.92,3.02,14000,14000,NA,NA,09930,22,6
17031002905,793,0,1,0,792,0,0,453,0,1,0,452,0,0,77.21,59.47,14000,14000,NA,NA,09930,22,6
17031002906,519,0,0,0,518,0,1,355,0,0,0,354,0,1,60.5,46.61,14000,14000,NA,NA,09930,22,6
17031002907,1002,3,8,3,991,0,0,680,3,4,3,670,0,0,115.9,89.28,14000,14000,NA,NA,09930,22,6
17031002908,821,6,0,6,814,0,0,507,2,0,2,503,0,0,86.41,66.56,14000,14000,NA,NA,09930,22,6
17031002909,5375,13,15,13,5345,1,1,3508,8,14,8,3476,1,1,597.88,460.56,14000,14000,NA,NA,09930,22,6
17031002910,1268,8,1,8,1259,0,0,783,4,1,4,774,0,0,133.45,102.8,14000,14000,NA,NA,09930,22,6
17031002911,4399,8,8,8,4383,0,0,2650,4,5,4,2637,0,0,451.65,347.91,14000,14000,NA,NA,09930,22,6
17031002912,3069,10,4,10,3047,5,2,1869,6,3,6,1849,3,2,318.54,245.38,14000,14000,NA,NA,09930,22,6
17031002913,3537,14,7,14,3509,6,0,2090,11,3,11,2060,5,0,356.21,274.39,14000,14000,NA,NA,09930,22,6
17031002914,1864,16,67,16,1780,0,0,1154,11,65,11,1067,0,0,196.68,151.51,14000,14000,NA,NA,09930,22,6
17031002915,2542,397,54,397,2076,1,9,1634,227,44,227,1127,1,8,278.49,214.52,14000,14000,NA,NA,09930,22,6
17031002916,1181,905,68,905,183,0,7,1279,553,51,553,115,0,7,217.99,167.92,14000,14000,NA,NA,09930,22,12
17031002917,924,2,2,2,920,0,0,625,1,1,1,622,0,0,106.52,82.05,14000,14000,NA,NA,09930,22,6
17031002918,549,0,0,0,547,2,0,331,0,0,0,329,2,0,56.41,43.46,14000,14000,NA,NA,09930,22,6
17031002919,504,0,5,0,498,1,0,326,0,5,0,320,1,0,55.56,42.8,14000,14000,NA,NA,09930,22,6
17031002920,988,0,5,0,982,1,0,671,0,5,0,665,1,0,114.36,88.09,14000,14000,NA,NA,09930,22,6
17031002921,849,0,6,0,843,0,0,596,0,4,0,592,0,0,101.58,78.25,14000,14000,NA,NA,09930,22,6
17031002922,3678,31,9,31,3635,3,0,2508,19,6,19,2463,1,0,427.45,329.27,14000,14000,NA,NA,09930,22,6
17031002923,1142,6,15,6,1116,2,1,702,3,13,3,681,1,1,119.65,92.16,14000,14000,NA,NA,09930,22,6
17031002924,2820,8,25,8,2786,1,0,1887,5,19,5,1857,1,0,321.61,247.74,14000,14000,NA,NA,09930,22,6
17031002925,5697,9,28,9,5644,8,5,3817,4,23,4,3775,6,5,650.55,501.12,14000,14000,NA,NA,09930,22,6
17031002926,1782,24,16,24,1741,0,1,1268,10,14,10,1233,0,1,216.11,166.47,14000,14000,NA,NA,09930,22,6
17031002927,0,0,0,0,0,0,0,0,0,0,0,0,0,0,0,0,14000,14000,NA,NA,09930,22,6
17031003001,2269,2130,120,2130,17,0,2,2603,1244,103,1244,11,0,1,443.64,341.74,14000,14000,NA,NA,09930,2,12
17031003002,1166,1092,46,1092,23,0,2,1271,612,32,612,14,0,1,216.62,166.87,14000,14000,NA,NA,09930,2,12
17031003003,1516,750,57,750,699,3,4,1565,465,56,465,572,3,4,266.73,205.46,14000,14000,NA,NA,09930,22,12
17031003004,514,158,1,158,354,0,0,463,103,1,103,256,0,0,78.91,60.79,14000,14000,NA,NA,09930,22,6
17031003005,3524,2967,125,2967,408,4,5,3929,1789,105,1789,239,3,4,669.64,515.83,14000,14000,NA,NA,09930,2,12
17031003006,3360,2548,184,2548,609,5,4,3864,1640,155,1640,421,5,3,658.56,507.29,14000,14000,NA,NA,09930,2,12
17031003007,5990,5573,184,5573,215,1,6,6769,3240,161,3240,122,1,5,1153.67,888.69,14000,14000,NA,NA,09930,2,12
17031003008,5482,5243,167,5243,54,2,1,6445,3136,143,3136,27,2,1,1098.45,846.15,14000,14000,NA,NA,09930,2,12
17031003009,5802,5571,198,5571,12,7,1,6785,3293,188,3293,6,4,1,1156.4,890.79,14000,14000,NA,NA,09930,2,12
17031003010,1433,1379,41,1379,3,0,9,1716,835,38,835,1,0,7,292.47,225.29,14000,14000,NA,NA,09930,2,12
17031003011,2855,2647,142,2647,56,0,0,3343,1598,130,1598,17,0,0,569.76,438.89,14000,14000,NA,NA,09930,2,12
17031003012,4908,4107,404,4107,362,2,19,5379,2440,345,2440,141,2,11,916.77,706.2,14000,14000,NA,NA,09930,2,12
17031003013,5615,1129,773,1129,3668,30,8,6365,1011,758,1011,3547,30,8,1084.82,835.64,14000,14000,NA,NA,09930,2,12
17031003014,1025,958,56,958,8,1,1,1198,572,48,572,4,1,1,204.18,157.28,14000,14000,NA,NA,09930,2,12
17031003015,3874,3647,219,3647,1,0,0,4524,2165,193,2165,1,0,0,771.05,593.94,14000,14000,NA,NA,09930,2,12
17031003016,5305,5047,243,5047,1,1,0,6234,3004,224,3004,1,1,0,1062.49,818.45,14000,14000,NA,NA,09930,2,12
17031003017,8519,7872,593,7872,16,2,7,10404,4929,527,4929,11,2,6,1773.2,1365.92,14000,14000,NA,NA,09930,2,12
17031003018,13660,12444,1030,12444,144,1,16,15863,7433,891,7433,91,1,14,2703.6,2082.61,14000,14000,NA,NA,09930,2,12
17031003019,1647,1463,176,1463,2,0,2,2013,924,161,924,2,0,2,343.08,264.28,14000,14000,NA,NA,09930,2,12
17031003020,2691,2406,278,2406,0,0,1,3113,1437,238,1437,0,0,1,530.56,408.7,14000,14000,NA,NA,09930,2,12
17031003101,336,254,78,254,2,1,1,388,160,64,160,2,1,1,66.13,50.94,14000,14000,NA,NA,09930,22,12
17031003102,1747,1334,387,1334,16,0,7,2061,844,356,844,10,0,7,351.27,270.58,14000,14000,NA,NA,09930,22,12
17031003103,1911,1648,231,1648,20,2,6,2267,1017,210,1017,17,2,4,386.38,297.63,14000,14000,NA,NA,09930,2,12
17031003104,1785,1652,77,1652,48,2,0,2098,1000,72,1000,25,1,0,357.57,275.44,14000,14000,NA,NA,09930,2,12
17031003105,2441,2370,65,2370,5,0,0,2874,1406,59,1406,3,0,0,489.83,377.32,14000,14000,NA,NA,09930,2,12
17031003106,7875,7390,242,7390,210,10,3,9117,4355,212,4355,185,7,3,1553.85,1196.95,14000,14000,NA,NA,09930,2,12
17031003107,2610,2468,105,2468,29,0,3,3138,1505,97,1505,28,0,3,534.82,411.98,14000,14000,NA,NA,09930,2,12
17031003108,5887,5431,425,5431,9,6,2,7032,3321,383,3321,1,4,2,1198.5,923.21,14000,14000,NA,NA,09930,2,12
17031003109,6477,5816,634,5816,5,2,6,7541,3496,539,3496,2,2,6,1285.25,990.04,14000,14000,NA,NA,09930,2,12
17031003110,6447,5704,677,5704,37,11,2,7538,3451,595,3451,35,6,0,1284.74,989.65,14000,14000,NA,NA,09930,2,12
17031003111,23,13,10,13,0,0,0,26,8,10,8,0,0,0,4.43,3.41,14000,14000,NA,NA,09930,2,12
17031003112,228,161,67,161,0,0,0,243,94,55,94,0,0,0,41.42,31.9,14000,14000,NA,NA,09930,2,12
17031003113,4805,3500,1252,3500,10,1,30,5371,2113,1113,2113,7,1,24,915.4,705.15,14000,14000,NA,NA,09930,2,12
17031003114,3078,2486,552,2486,13,13,8,3398,1448,482,1448,8,8,4,579.14,446.11,14000,14000,NA,NA,09930,2,12
17031003115,4,0,4,0,0,0,0,2,0,2,0,0,0,0,0.34,0.26,14000,14000,NA,NA,09930,2,12
17031003201,4279,101,3653,101,358,3,163,4154,94,3485,94,333,3,145,707.99,545.37,14000,14000,NA,NA,09930,22,6
17031003202,372,21,285,21,47,0,19,389,21,283,21,46,0,18,66.3,51.07,14000,14000,NA,NA,09930,22,6
17031003203,0,0,0,0,0,0,0,0,0,0,0,0,0,0,0,0,14000,14000,NA,NA,09930,22,6
17031003204,223,9,191,9,17,1,5,231,9,190,9,17,1,5,39.37,30.33,14000,14000,NA,NA,09930,22,6
17031003205,5245,443,3527,443,1028,14,229,5359,434,3331,434,952,14,194,913.36,703.57,14000,14000,NA,NA,09930,22,6
17031003206,1835,105,894,105,805,5,23,1844,102,873,102,739,5,23,314.28,242.09,14000,14000,NA,NA,09930,22,6
17031003301,2507,26,275,26,2181,2,21,2136,26,256,26,1807,2,19,364.05,280.43,14000,14000,NA,NA,09930,22,6
17031003302,1596,56,50,56,1479,6,5,972,50,46,50,823,2,1,165.66,127.61,14000,14000,NA,NA,09930,22,6
17031003303,2646,17,2,17,2619,0,8,1163,3,2,3,1153,0,2,198.22,152.69,14000,14000,NA,NA,09930,19,6
17031003304,18,0,1,0,17,0,0,14,0,1,0,13,0,0,2.39,1.84,14000,14000,NA,NA,09930,19,6
17031003305,61,9,26,9,9,0,17,59,8,23,8,7,0,13,10.06,7.75,14000,14000,NA,NA,09930,19,6
17031003401,48,0,0,0,0,0,48,34,0,0,0,0,0,34,5.79,4.46,14000,14000,NA,NA,09930,2,6
17031003402,4655,148,436,148,446,3,3617,3896,116,395,116,324,2,2943,664.01,511.5,14000,14000,NA,NA,09930,2,6
17031003403,1429,56,484,56,88,1,794,1214,44,423,44,87,1,615,206.91,159.38,14000,14000,NA,NA,09930,2,6
17031003404,1713,150,457,150,11,1,1094,1446,115,386,115,8,0,822,246.45,189.84,14000,14000,NA,NA,09930,2,6
17031003405,1489,112,948,112,381,4,43,1393,82,811,82,373,4,41,237.42,182.88,14000,14000,NA,NA,09930,2,6
17031003406,1467,5,1,5,1458,3,0,870,1,1,1,864,3,0,148.28,114.22,14000,14000,NA,NA,09930,19,13
17031003501,2088,35,314,35,1532,4,199,1928,30,299,30,1389,3,177,328.6,253.12,14000,14000,NA,NA,09930,19,13
17031003502,2587,20,33,20,2524,3,6,1775,19,28,19,1704,3,2,302.52,233.04,14000,14000,NA,NA,09930,19,13
17031003503,1176,8,48,8,1109,3,6,1014,8,41,8,948,3,6,172.82,133.13,14000,14000,NA,NA,09930,19,13
17031003504,2903,9,2,9,2888,3,0,1348,3,2,3,1337,3,0,229.75,176.98,14000,14000,NA,NA,09930,19,13
17031003505,0,0,0,0,0,0,0,0,0,0,0,0,0,0,0,0,14000,14000,NA,NA,09930,19,13
17031003506,2642,103,1027,103,944,8,557,2599,103,970,103,901,8,514,442.96,341.22,14000,14000,NA,NA,09930,19,13
17031003507,1204,7,14,7,1175,0,4,1040,7,14,7,1010,0,2,177.25,136.54,14000,14000,NA,NA,09930,19,13
17031003508,286,1,2,1,283,0,0,207,1,2,1,203,0,0,35.28,27.18,14000,14000,NA,NA,09930,19,13
17031003509,133,0,2,0,130,0,1,113,0,2,0,110,0,1,19.26,14.84,14000,14000,NA,NA,09930,19,13
17031003510,3662,32,116,32,3496,7,10,3167,25,113,25,2990,5,9,539.77,415.79,14000,14000,NA,NA,09930,19,13
17031003511,5304,15,12,15,5272,4,1,3129,8,7,8,3102,3,1,533.29,410.8,14000,14000,NA,NA,09930,19,13
17031003512,1148,6,4,6,1138,0,0,895,4,4,4,883,0,0,152.54,117.5,14000,14000,NA,NA,09930,19,13
17031003513,1147,9,6,9,1127,4,0,906,7,6,7,882,4,0,154.41,118.95,14000,14000,NA,NA,09930,19,13
17031003514,1206,0,9,0,1190,3,4,854,0,8,0,842,3,1,145.55,112.12,14000,14000,NA,NA,09930,19,13
17031003515,5166,8,8,8,5149,1,0,2139,5,6,5,2123,0,0,364.56,280.82,14000,14000,NA,NA,09930,19,13
17031003601,1019,9,19,9,989,1,1,584,1,6,1,575,1,0,99.53,76.67,14000,14000,NA,NA,09930,19,13
17031003602,2909,7,8,7,2888,0,6,1607,4,7,4,1590,0,2,273.89,210.98,14000,14000,NA,NA,09930,19,13
17031003603,1834,11,0,11,1823,0,0,827,4,0,4,819,0,0,140.95,108.57,14000,14000,NA,NA,09930,19,13
17031003604,1402,5,8,5,1389,0,0,986,3,7,3,973,0,0,168.05,129.45,14000,14000,NA,NA,09930,19,13
17031003605,1033,2,2,2,1028,1,0,649,1,2,1,644,1,0,110.61,85.21,14000,14000,NA,NA,09930,19,13
17031003701,1206,5,4,5,1193,1,2,931,5,2,5,917,1,1,158.67,122.23,14000,14000,NA,NA,09930,19,6
17031003702,1370,26,12,26,1325,5,0,987,25,11,25,924,2,0,168.22,129.58,14000,14000,NA,NA,09930,19,6
17031003703,823,4,3,4,816,0,0,572,4,3,4,561,0,0,97.49,75.1,14000,14000,NA,NA,09930,19,6
17031003704,965,6,1,6,958,0,0,683,4,1,4,674,0,0,116.41,89.67,14000,14000,NA,NA,09930,19,6
17031003801,2035,12,7,12,2012,3,1,1475,4,7,4,1457,3,0,251.39,193.65,14000,14000,NA,NA,09930,19,13
17031003802,1757,10,1,10,1740,0,6,1456,8,1,8,1437,0,2,248.15,191.15,14000,14000,NA,NA,09930,19,13
17031003803,2133,5,4,5,2116,5,2,1452,3,4,3,1435,5,2,247.47,190.63,14000,14000,NA,NA,09930,19,13
17031003804,1109,0,12,0,1095,0,2,776,0,9,0,766,0,1,132.26,101.88,14000,14000,NA,NA,09930,19,13
17031003805,2140,0,1,0,2133,0,0,892,0,1,0,891,0,0,152.03,117.11,14000,14000,NA,NA,09930,19,13
17031003806,1856,12,1,12,1836,7,0,757,5,1,5,745,1,0,129.02,99.38,14000,14000,NA,NA,09930,19,6
17031003807,2720,27,10,27,2676,2,5,1684,16,10,16,1635,2,5,287.01,221.09,14000,14000,NA,NA,09930,19,6
17031003808,1596,2,3,2,1590,1,0,1144,1,2,1,1139,1,0,194.98,150.19,14000,14000,NA,NA,09930,19,6
17031003809,1645,14,21,14,1610,0,0,1185,11,21,11,1142,0,0,201.97,155.58,14000,14000,NA,NA,09930,19,6
17031003810,1880,6,2,6,1868,4,0,996,6,2,6,979,3,0,169.75,130.76,14000,14000,NA,NA,09930,19,13
17031003811,445,1,0,1,443,0,0,301,1,0,1,299,0,0,51.3,39.52,14000,14000,NA,NA,09930,19,13
17031003812,2222,8,3,8,2210,0,0,1644,7,1,7,1629,0,0,280.19,215.84,14000,14000,NA,NA,09930,19,6
17031003813,291,1,1,1,283,0,6,214,1,1,1,205,0,6,36.47,28.1,14000,14000,NA,NA,09930,19,6
17031003814,1846,8,4,8,1829,1,4,1401,8,4,8,1376,1,4,238.78,183.93,14000,14000,NA,NA,09930,19,6
17031003815,1346,4,6,4,1332,2,0,897,4,4,4,884,1,0,152.88,117.76,14000,14000,NA,NA,09930,19,6
17031003816,676,0,0,0,675,1,0,265,0,0,0,264,1,0,45.17,34.79,14000,14000,NA,NA,09930,19,6
17031003817,4115,10,4,10,4098,0,0,1701,6,1,6,1688,0,0,289.91,223.32,14000,14000,NA,NA,09930,19,6
17031003818,1971,12,7,12,1950,2,0,1533,10,7,10,1504,2,0,261.28,201.26,14000,14000,NA,NA,09930,19,6
17031003819,1403,11,2,11,1386,3,0,995,8,2,8,974,3,0,169.58,130.63,14000,14000,NA,NA,09930,19,6
17031003820,2711,3,7,3,2692,3,3,1966,1,7,1,1952,3,2,335.07,258.11,14000,14000,NA,NA,09930,19,13
17031003901,1120,6,4,6,1105,1,0,778,3,4,3,768,0,0,132.6,102.14,14000,14000,NA,NA,09930,19,13
17031003902,1625,7,11,7,1596,1,8,1134,7,9,7,1102,1,8,193.27,148.88,14000,14000,NA,NA,09930,19,13
17031003903,2905,18,57,18,2823,6,1,2099,11,53,11,2018,5,1,357.74,275.57,14000,14000,NA,NA,09930,19,13
17031003904,2487,20,65,20,2394,3,3,1874,16,60,16,1776,3,3,319.39,246.03,14000,14000,NA,NA,09930,19,13
17031003905,1903,38,274,38,1555,2,26,1470,27,212,27,1181,1,22,250.54,192.99,14000,14000,NA,NA,09930,19,13
17031003906,2291,47,944,47,1204,4,86,1856,39,726,39,980,4,68,316.33,243.67,14000,14000,NA,NA,09930,19,13
17031003907,5847,105,2209,105,3178,8,329,5262,87,2091,87,2698,8,291,896.83,690.83,14000,14000,NA,NA,09930,19,13
17031004001,2196,9,6,9,2176,2,2,1530,7,6,7,1507,2,1,260.77,200.87,14000,14000,NA,NA,09930,19,6
17031004002,4009,2,8,2,3986,5,8,1674,1,2,1,1667,1,2,285.31,219.78,14000,14000,NA,NA,09930,19,6
17031004003,1868,10,3,10,1852,3,0,1346,6,3,6,1329,2,0,229.41,176.71,14000,14000,NA,NA,09930,19,13
17031004004,2347,2,15,2,2325,2,3,1673,2,12,2,1653,2,2,285.14,219.64,14000,14000,NA,NA,09930,19,13
17031004005,2495,14,8,14,2470,3,0,1818,9,7,9,1790,3,0,309.85,238.68,14000,14000,NA,NA,09930,19,6
17031004006,835,4,3,4,828,0,0,634,4,3,4,623,0,0,108.06,83.24,14000,14000,NA,NA,09930,19,13
17031004007,1375,2,17,2,1351,5,0,890,1,13,1,871,4,0,151.69,116.85,14000,14000,NA,NA,09930,19,13
17031004008,4300,5,9,5,4280,6,0,2680,4,7,4,2663,2,0,456.76,351.85,14000,14000,NA,NA,09930,19,13
17031004101,1784,59,738,59,875,3,107,1608,48,670,48,751,3,88,274.06,211.11,14000,14000,NA,NA,09930,19,13
17031004102,1445,52,572,52,695,4,117,1238,39,494,39,568,4,94,211,162.53,14000,14000,NA,NA,09930,19,13
17031004103,875,15,194,15,645,3,17,745,13,163,13,537,2,17,126.97,97.81,14000,14000,NA,NA,09930,19,13
17031004104,696,7,22,7,660,4,2,566,5,19,5,533,2,2,96.47,74.31,14000,14000,NA,NA,09930,19,13
17031004105,2589,37,313,37,2186,2,50,2054,34,306,34,1630,2,48,350.07,269.66,14000,14000,NA,NA,09930,19,13
17031004106,2103,93,1086,93,763,5,153,1800,74,928,74,599,5,120,306.78,236.32,14000,14000,NA,NA,09930,19,13
17031004107,2346,112,1280,112,699,7,229,2101,97,1166,97,532,6,203,358.08,275.84,14000,14000,NA,NA,09930,19,13
17031004108,2960,76,1259,76,1361,17,235,2638,63,1137,63,1149,13,213,449.61,346.34,14000,14000,NA,NA,09930,19,13
17031004109,3946,119,2131,119,1401,7,277,3590,101,1927,101,1203,7,251,611.86,471.32,14000,14000,NA,NA,09930,19,13
17031004110,3361,99,2169,99,818,6,262,3195,91,2028,91,735,6,244,544.54,419.46,14000,14000,NA,NA,09930,19,13
17031004111,2495,86,1939,86,155,1,303,2216,66,1678,66,131,1,274,377.68,290.93,14000,14000,NA,NA,09930,19,13
17031004112,2196,68,1703,68,168,4,246,1933,58,1472,58,129,4,212,329.45,253.78,14000,14000,NA,NA,09930,19,13
17031004113,691,25,500,25,21,1,143,676,23,473,23,18,1,138,115.21,88.75,14000,14000,NA,NA,09930,19,13
17031004114,1143,47,534,47,267,2,292,1014,41,456,41,217,2,257,172.82,133.13,14000,14000,NA,NA,09930,19,13
17031004201,1494,19,19,19,1450,3,3,1091,11,15,11,1049,2,3,185.94,143.23,14000,14000,NA,NA,09930,19,13
17031004202,1649,11,212,11,1397,0,24,1260,11,193,11,1023,0,22,214.75,165.42,14000,14000,NA,NA,09930,19,13
17031004203,1814,19,282,19,1460,3,47,1375,14,275,14,1028,3,41,234.35,180.52,14000,14000,NA,NA,09930,19,13
17031004204,1596,21,244,21,1257,4,70,1018,11,197,11,739,2,58,173.5,133.65,14000,14000,NA,NA,09930,19,13
17031004205,2966,13,7,13,2943,0,3,2172,10,7,10,2144,0,1,370.18,285.16,14000,14000,NA,NA,09930,19,13
17031004206,2785,34,14,34,2726,5,1,2080,18,11,18,2027,5,1,354.5,273.08,14000,14000,NA,NA,09930,19,13
17031004207,4655,15,7,15,4625,3,2,3330,8,5,8,3305,2,2,567.55,437.19,14000,14000,NA,NA,09930,19,13
17031004208,2766,14,4,14,2747,0,0,1932,10,3,10,1909,0,0,329.28,253.65,14000,14000,NA,NA,09930,19,13
17031004209,2834,15,16,15,2789,6,6,2035,11,16,11,1988,5,4,346.83,267.17,14000,14000,NA,NA,09930,19,13
17031004210,1523,9,26,9,1483,3,2,1155,8,26,8,1109,2,2,196.85,151.64,14000,14000,NA,NA,09930,19,13
17031004211,1662,2,9,2,1649,2,0,1147,1,9,1,1134,2,0,195.49,150.59,14000,14000,NA,NA,09930,19,13
17031004212,1729,6,7,6,1708,2,6,1245,3,6,3,1228,2,3,212.19,163.45,14000,14000,NA,NA,09930,19,13
17031004301,10332,81,152,81,10052,10,18,7945,65,146,65,7648,10,11,1354.1,1043.08,14000,14000,NA,NA,09930,19,13
17031004302,5563,40,166,40,5334,17,6,4136,28,135,28,3931,10,4,704.92,543.01,14000,14000,NA,NA,09930,19,13
17031004303,2685,11,10,11,2658,2,3,1776,3,8,3,1757,2,3,302.69,233.17,14000,14000,NA,NA,09930,19,13
17031004304,3278,14,18,14,3234,2,10,2297,10,12,10,2253,2,10,391.49,301.57,14000,14000,NA,NA,09930,19,13
17031004305,4491,39,27,39,4411,7,1,3210,29,17,29,3127,7,1,547.1,421.43,14000,14000,NA,NA,09930,19,13
17031004306,2105,30,52,30,2011,4,5,1531,24,50,24,1427,3,3,260.94,201,14000,14000,NA,NA,09930,19,13
17031004307,2449,36,156,36,2242,7,6,1955,30,150,30,1733,7,5,333.2,256.67,14000,14000,NA,NA,09930,19,14
17031004308,2053,20,52,20,1973,3,3,1542,11,49,11,1467,2,2,262.81,202.45,14000,14000,NA,NA,09930,19,13
17031004309,1892,15,16,15,1859,0,2,1418,13,16,13,1374,0,2,241.68,186.17,14000,14000,NA,NA,09930,19,13
17031004310,1152,0,5,0,1146,1,0,782,0,5,0,776,1,0,133.28,102.67,14000,14000,NA,NA,09930,19,13
17031004311,4704,27,32,27,4628,3,14,3761,23,29,23,3670,2,14,641,493.77,14000,14000,NA,NA,09930,19,13
17031004312,3830,26,46,26,3738,10,9,2936,18,42,18,2843,6,9,500.4,385.46,14000,14000,NA,NA,09930,19,13
17031004313,9904,67,81,67,9732,15,5,6686,51,78,51,6491,10,5,1139.53,877.79,14000,14000,NA,NA,09930,21,14
17031004314,7079,91,328,91,6644,4,12,5528,69,304,69,5073,4,9,942.16,725.76,14000,14000,NA,NA,09930,21,14
17031004401,8820,35,27,35,8741,7,9,6741,28,24,28,6646,6,9,1148.9,885.01,14000,14000,NA,NA,09930,19,13
17031004402,9525,86,54,86,9368,3,9,7969,65,39,65,7790,3,7,1358.19,1046.23,14000,14000,NA,NA,09930,19,13
17031004403,4979,20,37,20,4905,3,7,4239,19,37,19,4155,3,6,722.47,556.53,14000,14000,NA,NA,09930,19,13
17031004404,4175,12,27,12,4120,4,11,3272,9,23,9,3219,4,8,557.66,429.57,14000,14000,NA,NA,09930,19,13
17031004405,2,0,0,0,2,0,0,2,0,0,0,2,0,0,0.34,0.26,14000,14000,NA,NA,09930,19,13
17031004406,1937,11,18,11,1907,1,0,1548,9,17,9,1512,1,0,263.83,203.23,14000,14000,NA,NA,09930,19,13
17031004407,1717,8,9,8,1699,0,1,1401,5,9,5,1381,0,1,238.78,183.93,14000,14000,NA,NA,09930,19,13
17031004408,2005,14,11,14,1977,1,2,1486,13,10,13,1447,1,2,253.27,195.09,14000,14000,NA,NA,09930,19,13
17031004409,3619,12,25,12,3576,4,2,2678,5,25,5,2637,4,2,456.42,351.59,14000,14000,NA,NA,09930,19,13
17031004501,495,1,1,1,490,1,2,380,1,1,1,374,1,2,64.77,49.89,14000,14000,NA,NA,09930,19,13
17031004502,6986,50,92,50,6813,7,15,5395,42,90,42,5206,5,10,919.49,708.3,14000,14000,NA,NA,09930,19,13
17031004503,4230,30,55,30,4126,6,13,3319,24,54,24,3201,5,11,565.67,435.74,14000,14000,NA,NA,09930,19,13
17031004601,4551,1418,612,1418,2494,8,7,4021,891,547,891,1678,7,7,685.32,527.91,14000,14000,NA,NA,09930,21,14
17031004602,3647,2664,352,2664,612,7,0,3877,1616,308,1616,331,6,0,660.78,509,14000,14000,NA,NA,09930,21,14
17031004603,9488,2682,558,2682,6230,7,5,7845,1659,540,1659,3979,3,5,1337.06,1029.95,14000,14000,NA,NA,09930,21,14
17031004604,4488,135,152,135,4183,4,5,3407,99,145,99,3060,2,2,580.67,447.3,14000,14000,NA,NA,09930,21,14
17031004605,7334,53,132,53,7120,10,13,5680,44,120,44,5455,9,8,968.07,745.71,14000,14000,NA,NA,09930,19,13
17031004606,1504,630,117,630,750,0,4,1385,395,113,395,479,0,3,236.05,181.83,14000,14000,NA,NA,09930,21,14
17031004607,4561,3046,182,3046,1312,0,3,4507,1836,155,1836,677,0,3,768.15,591.71,14000,14000,NA,NA,09930,21,14
17031004608,984,362,9,362,609,1,3,840,210,9,210,408,1,2,143.17,110.28,14000,14000,NA,NA,09930,21,14
17031004609,2468,1798,111,1798,543,0,1,2736,1176,98,1176,285,0,1,466.31,359.2,14000,14000,NA,NA,09930,21,14
17031004610,1751,856,65,856,819,1,1,1836,570,64,570,630,1,1,312.92,241.04,14000,14000,NA,NA,09930,21,14
17031004701,3314,16,105,16,3191,0,2,2327,12,100,12,2202,0,1,396.6,305.51,14000,14000,NA,NA,09930,19,13
17031004801,2597,28,39,28,2525,0,4,2088,23,36,23,2003,0,3,355.87,274.13,14000,14000,NA,NA,09930,19,13
17031004802,1502,21,11,21,1468,0,2,1266,15,11,15,1223,0,2,215.77,166.21,14000,14000,NA,NA,09930,19,13
17031004803,1848,22,26,22,1799,1,0,1410,14,26,14,1356,0,0,240.31,185.12,14000,14000,NA,NA,09930,19,13
17031004804,7507,149,166,149,7122,4,51,6076,108,157,108,5664,1,38,1035.56,797.7,14000,14000,NA,NA,09930,19,13
17031004805,3999,700,188,700,3069,2,32,3379,491,175,491,2192,1,29,575.9,443.62,14000,14000,NA,NA,09930,21,14
17031004901,639,2,2,2,633,0,2,464,2,1,2,457,0,2,79.08,60.92,14000,14000,NA,NA,09930,19,13
17031004902,3577,7,3,7,3562,5,0,2677,7,3,7,2655,5,0,456.25,351.46,14000,14000,NA,NA,09930,19,13
17031004903,2349,5,10,5,2331,2,1,1958,5,8,5,1937,2,1,333.71,257.06,14000,14000,NA,NA,09930,19,13
17031004904,1231,3,3,3,1222,3,0,941,2,3,2,934,0,0,160.38,123.54,14000,14000,NA,NA,09930,19,13
17031004905,2141,11,19,11,2105,1,5,1770,10,18,10,1727,1,4,301.67,232.38,14000,14000,NA,NA,09930,19,13
17031004906,1850,13,4,13,1830,0,3,1475,10,3,10,1449,0,3,251.39,193.65,14000,14000,NA,NA,09930,19,13
17031004907,3795,16,15,16,3761,0,3,2807,10,11,10,2773,0,3,478.41,368.52,14000,14000,NA,NA,09930,19,13
17031004908,4640,7,68,7,4547,6,8,3563,5,64,5,3478,4,7,607.26,467.78,14000,14000,NA,NA,09930,19,13
17031004909,11244,55,86,55,11074,14,13,8287,38,74,38,8116,11,10,1412.39,1087.98,14000,14000,NA,NA,09930,21,14
17031004910,7608,26,55,26,7518,2,7,5143,19,52,19,5046,1,6,876.55,675.21,14000,14000,NA,NA,09930,21,14
17031004911,5886,26,42,26,5803,6,5,4447,18,42,18,4362,4,3,757.92,583.84,14000,14000,NA,NA,09930,21,14
17031004912,2925,16,22,16,2881,3,2,2096,12,20,12,2048,3,1,357.23,275.18,14000,14000,NA,NA,09930,21,14
17031004913,4317,18,26,18,4266,5,0,2883,15,25,15,2824,4,0,491.36,378.5,14000,14000,NA,NA,09930,21,14
17031004914,4291,78,75,78,4128,2,7,2869,49,72,49,2693,2,4,488.98,376.66,14000,14000,NA,NA,09930,21,14
17031005001,4835,39,60,39,4722,1,7,3745,30,58,30,3619,1,7,638.28,491.67,14000,14000,NA,NA,09930,19,13
17031005002,2628,81,32,81,2507,3,5,1735,52,29,52,1595,3,4,295.7,227.78,14000,14000,NA,NA,09930,21,14
17031005003,1881,660,1114,660,87,0,5,1830,396,977,396,58,0,3,311.9,240.26,14000,14000,NA,NA,09930,21,14
17031005101,3478,2152,1273,2152,51,0,0,3933,1404,1087,1404,38,0,0,670.32,516.35,14000,14000,NA,NA,09930,21,1
17031005102,3715,445,403,445,2836,9,16,2889,276,333,276,1985,7,12,492.39,379.29,14000,14000,NA,NA,09930,21,14
17031005103,6370,58,79,58,6222,5,3,4630,42,75,42,4463,5,3,789.11,607.86,14000,14000,NA,NA,09930,19,13
17031005104,50,20,30,20,0,0,0,55,14,27,14,0,0,0,9.37,7.22,14000,14000,NA,NA,09930,21,14
17031005105,4142,2363,445,2363,1308,4,1,4106,1475,369,1475,782,4,1,699.8,539.07,14000,14000,NA,NA,09930,21,14
17031005201,1924,1240,677,1240,0,4,2,1974,696,578,696,0,2,2,336.44,259.16,14000,14000,NA,NA,09930,21,1
17031005202,3646,2306,1310,2306,4,6,8,3766,1341,1074,1341,4,2,4,641.86,494.43,14000,14000,NA,NA,09930,21,1
17031005203,5187,2195,2973,2195,1,6,8,5144,1325,2480,1325,1,5,8,876.72,675.34,14000,14000,NA,NA,09930,21,1
17031005204,3586,1232,2345,1232,0,4,4,3521,772,1969,772,0,4,4,600.1,462.26,14000,14000,NA,NA,09930,21,1
17031005205,3884,612,3260,612,0,3,7,3434,378,2670,378,0,3,5,585.27,450.84,14000,14000,NA,NA,09930,21,1
17031005206,2223,592,1614,592,5,6,6,2167,379,1397,379,3,5,4,369.33,284.5,14000,14000,NA,NA,09930,21,1
17031005301,3496,1398,174,1398,1912,3,0,2855,770,154,770,1159,2,0,486.59,374.83,14000,14000,NA,NA,09930,21,14
17031005302,7879,83,107,83,7672,5,9,5199,60,91,60,4977,5,6,886.09,682.56,14000,14000,NA,NA,09930,21,14
17031005303,5391,6,31,6,5340,1,6,4063,3,27,3,4025,1,4,692.48,533.42,14000,14000,NA,NA,09930,21,14
17031005304,2529,111,98,111,2316,0,4,1751,84,93,84,1487,0,3,298.43,229.88,14000,14000,NA,NA,09930,21,14
17031005305,16279,86,229,86,15930,8,17,11081,54,216,54,10741,6,10,1888.59,1454.8,14000,14000,NA,NA,09930,21,14
17031005306,4272,87,64,87,4115,1,2,2845,51,56,51,2687,0,0,484.89,373.51,14000,14000,NA,NA,09930,21,14
17031005401,10821,150,120,150,10527,16,2,5956,85,103,85,5672,9,2,1015.11,781.95,14000,14000,NA,NA,09930,21,14
17031005501,7084,845,6163,845,28,9,37,6059,522,4963,522,15,8,29,1032.66,795.47,14000,14000,NA,NA,09930,21,1
17031005502,3052,445,2556,445,38,1,12,2751,306,2104,306,24,1,10,468.87,361.17,14000,14000,12420,38970,09930,21,1
17031005601,1059,439,429,439,38,0,151,1072,292,343,292,20,0,125,182.71,140.74,14000,14000,NA,NA,09930,2,15
17031005602,4273,31,17,31,4225,0,0,2740,25,12,25,2678,0,0,466.99,359.73,14000,14000,NA,NA,09930,2,15
17031005603,2819,448,2243,448,56,5,67,2475,296,1793,296,33,5,52,421.83,324.94,14000,14000,NA,NA,09930,2,15
17031005604,1231,250,904,250,0,0,74,1132,169,746,169,0,0,48,192.93,148.62,14000,14000,NA,NA,09930,2,15
17031005605,583,74,501,74,1,1,6,479,46,381,46,0,1,5,81.64,62.89,14000,14000,NA,NA,09930,2,15
17031005606,1053,105,928,105,2,1,15,925,69,773,69,1,1,12,157.65,121.44,14000,14000,NA,NA,09930,2,15
17031005607,2819,209,2590,209,0,4,16,2456,153,2135,153,0,4,11,418.59,322.44,14000,14000,NA,NA,09930,2,15
17031005608,4964,278,4671,278,2,3,9,4270,193,3873,193,2,3,6,727.76,560.6,14000,14000,NA,NA,09930,2,15
17031005609,5126,197,4901,197,12,7,9,4348,131,4069,131,6,4,7,741.05,570.84,14000,14000,NA,NA,09930,2,15
17031005610,4900,212,4676,212,0,1,11,4207,144,3912,144,0,1,6,717.02,552.33,14000,14000,NA,NA,09930,2,15
17031005611,5116,262,4820,262,1,7,24,4356,167,4000,167,1,4,17,742.41,571.89,14000,14000,NA,NA,09930,2,15
17031005612,0,0,0,0,0,0,0,0,0,0,0,0,0,0,0,0,14000,14000,NA,NA,09930,2,15
17031005613,5,4,1,4,0,0,0,3,1,1,1,0,0,0,0.51,0.39,14000,14000,NA,NA,09930,12,15
17031005701,936,62,869,62,0,0,5,810,42,721,42,0,0,5,138.05,106.34,14000,14000,NA,NA,09930,2,15
17031005702,1485,101,1372,101,1,0,9,1273,66,1135,66,1,0,5,216.96,167.13,14000,14000,NA,NA,09930,2,15
17031005703,4013,383,3610,383,0,3,17,3537,266,2989,266,0,3,13,602.83,464.36,14000,14000,NA,NA,09930,2,15
17031005704,1194,98,1086,98,0,2,8,1049,66,911,66,0,2,4,178.79,137.72,14000,14000,NA,NA,09930,2,15
17031005705,1599,135,1451,135,1,0,10,1390,101,1178,101,1,0,9,236.9,182.49,14000,14000,NA,NA,09930,2,15
17031005801,2356,1156,1111,1156,0,4,83,2341,718,838,718,0,2,65,398.99,307.34,14000,14000,NA,NA,09930,2,12
17031005802,2912,1485,1241,1485,0,1,179,2862,890,949,890,0,1,132,487.78,375.74,14000,14000,NA,NA,09930,2,12
17031005803,2141,1682,396,1682,1,3,53,2361,993,328,993,1,3,43,402.4,309.97,14000,14000,NA,NA,09930,2,12
17031005804,3159,609,2525,609,0,2,22,2983,401,2159,401,0,2,20,508.41,391.63,14000,14000,NA,NA,09930,2,15
17031005805,7417,2244,5077,2244,1,17,67,7034,1362,4244,1362,1,11,54,1198.84,923.48,14000,14000,NA,NA,09930,2,13
17031005806,3912,1537,2259,1537,3,3,107,3786,927,1849,927,3,2,78,645.27,497.05,14000,14000,NA,NA,09930,2,12
17031005807,4121,1596,2434,1596,1,4,68,3958,953,1995,953,1,4,52,674.58,519.64,14000,14000,NA,NA,09930,2,12
17031005808,1341,485,837,485,2,10,3,1276,297,675,297,0,4,3,217.47,167.52,14000,14000,NA,NA,09930,2,13
17031005809,4164,1024,3094,1024,9,4,29,3697,578,2519,578,3,2,17,630.1,485.37,14000,14000,NA,NA,09930,2,13
17031005810,0,0,0,0,0,0,0,0,0,0,0,0,0,0,0,0,14000,14000,NA,NA,09930,2,15
17031005811,684,226,457,226,0,1,0,625,126,372,126,0,1,0,106.52,82.05,14000,14000,NA,NA,09930,2,13
17031005901,154,101,42,101,0,0,11,173,66,35,66,0,0,6,29.49,22.71,14000,14000,NA,NA,09930,2,12
17031005902,2576,979,1446,979,2,6,134,2416,590,1138,590,0,3,95,411.77,317.19,14000,14000,NA,NA,09930,2,12
17031005903,2462,922,1439,922,1,3,88,2351,586,1114,586,1,2,62,400.69,308.66,14000,14000,NA,NA,09930,2,12
17031005904,967,426,535,426,1,1,3,898,256,381,256,1,1,3,153.05,117.9,14000,14000,NA,NA,09930,2,12
17031005905,1393,589,787,589,1,1,15,1426,385,645,385,1,1,9,243.04,187.22,14000,14000,NA,NA,09930,2,12
17031005906,3279,1270,1952,1270,4,3,49,3108,777,1515,777,2,3,34,529.71,408.04,14000,14000,NA,NA,09930,2,12
17031005907,2466,968,1464,968,1,7,19,2355,575,1181,575,1,6,17,401.37,309.18,14000,14000,NA,NA,09930,2,12
17031006001,290,33,84,33,0,0,173,244,19,71,19,0,0,135,41.59,32.03,14000,14000,NA,NA,09930,2,6
17031006002,1059,186,299,186,4,0,570,964,146,256,146,4,0,412,164.3,126.56,14000,14000,NA,NA,09930,2,6
17031006003,1725,275,909,275,2,4,535,1504,181,741,181,2,1,398,256.33,197.46,14000,14000,NA,NA,09930,2,6
17031006004,3811,746,1932,746,4,5,1119,3329,452,1553,452,2,3,867,567.38,437.06,14000,14000,NA,NA,09930,2,6
17031006005,1311,311,711,311,0,2,287,1215,202,600,202,0,2,209,207.08,159.51,14000,14000,NA,NA,09930,2,12
17031006006,2537,697,1542,697,1,4,288,2361,440,1260,440,1,1,219,402.4,309.97,14000,14000,NA,NA,09930,2,12
17031006007,2068,555,1339,555,4,2,166,1950,374,1069,374,4,2,127,332.35,256.01,14000,14000,NA,NA,09930,2,12
17031006008,3958,1382,2212,1382,2,1,340,3770,841,1827,841,1,1,259,642.54,494.95,14000,14000,NA,NA,09930,2,12
17031006009,4109,1670,2027,1670,3,17,383,3791,975,1544,975,1,13,283,646.12,497.71,14000,14000,NA,NA,09930,2,12
17031006010,1838,370,1165,370,1,2,294,1673,248,948,248,1,2,226,285.14,219.64,14000,14000,NA,NA,09930,2,6
17031006011,1672,300,980,300,0,0,389,1399,184,746,184,0,0,285,238.44,183.67,14000,14000,NA,NA,09930,2,6
17031006012,801,156,524,156,0,0,121,690,96,412,96,0,0,86,117.6,90.59,14000,14000,NA,NA,09930,2,6
17031006013,253,85,147,85,0,0,20,231,48,116,48,0,0,19,39.37,30.33,14000,14000,NA,NA,09930,2,12
17031006014,775,275,416,275,1,8,73,733,177,323,177,1,7,48,124.93,96.23,14000,14000,NA,NA,09930,2,12
17031006015,3183,637,2380,637,8,6,144,2794,413,1847,413,4,3,114,476.19,366.82,14000,14000,NA,NA,09930,2,12
17031006016,487,118,333,118,8,1,23,412,77,234,77,5,1,18,70.22,54.09,14000,14000,NA,NA,09930,2,6
17031006101,1056,239,708,239,101,0,0,848,142,514,142,50,0,0,144.53,111.33,14000,14000,NA,NA,09930,2,12
17031006102,693,618,67,618,1,2,1,870,404,58,404,1,2,1,148.28,114.22,14000,14000,NA,NA,09930,2,12
17031006103,4896,3896,952,3896,17,15,3,5244,2226,775,2226,8,8,1,893.76,688.47,14000,14000,NA,NA,09930,2,12
17031006104,2136,1877,249,1877,2,0,1,2488,1139,209,1139,0,0,1,424.04,326.64,14000,14000,NA,NA,09930,2,12
17031006105,116,82,33,82,0,0,0,144,56,32,56,0,0,0,24.54,18.91,14000,14000,NA,NA,09930,2,12
17031006106,231,79,114,79,6,0,31,201,50,78,50,4,0,19,34.26,26.39,14000,14000,NA,NA,09930,2,12
17031006107,2280,446,1819,446,7,5,0,1892,268,1346,268,5,5,0,322.46,248.4,14000,14000,NA,NA,09930,2,12
17031006108,1748,174,1560,174,2,3,9,1340,116,1100,116,0,2,6,228.38,175.93,14000,14000,NA,NA,09930,2,12
17031006109,1214,176,796,176,242,0,0,897,110,542,110,135,0,0,152.88,117.76,14000,14000,NA,NA,09930,19,6
17031006110,1498,229,57,229,1209,1,1,1043,150,46,150,695,1,1,177.76,136.93,14000,14000,NA,NA,09930,19,6
17031006111,3770,2188,445,2188,1081,5,29,3498,1269,379,1269,559,2,20,596.18,459.24,14000,14000,NA,NA,09930,2,12
17031006112,3300,2006,566,2006,703,3,11,3097,1126,473,1126,365,2,5,527.84,406.6,14000,14000,NA,NA,09930,2,12
17031006113,3485,2368,739,2368,359,11,3,3702,1417,661,1417,201,4,2,630.95,486.03,14000,14000,NA,NA,09930,2,12
17031006114,3897,2761,892,2761,233,6,2,4037,1591,737,1591,112,5,1,688.04,530.01,14000,14000,NA,NA,09930,2,12
17031006115,2755,1810,751,1810,169,5,7,2825,1046,625,1046,99,3,6,481.48,370.89,14000,14000,NA,NA,09930,2,12
17031006116,2182,362,179,362,1627,2,9,1533,226,153,226,920,2,6,261.28,201.26,14000,14000,NA,NA,09930,2,13
17031006117,3639,428,207,428,2995,3,1,2224,251,142,251,1577,2,1,379.05,291.98,14000,14000,NA,NA,09930,2,13
17031006118,3714,514,156,514,3040,1,0,2431,314,131,314,1671,1,0,414.33,319.16,14000,14000,NA,NA,09930,2,13
17031006119,4040,509,111,509,3395,3,10,2565,292,100,292,1875,2,4,437.16,336.75,14000,14000,NA,NA,09930,2,13
17031006120,2754,28,22,28,2704,0,0,1688,19,18,19,1632,0,0,287.69,221.61,14000,14000,NA,NA,09930,19,6
17031006121,2004,82,8,82,1910,3,0,1278,52,7,52,1165,2,0,217.82,167.79,14000,14000,NA,NA,09930,19,6
17031006122,1818,34,18,34,1765,0,1,1220,21,14,21,1163,0,1,207.93,160.17,14000,14000,NA,NA,09930,19,6
17031006201,2854,359,2478,359,0,3,14,2515,221,2058,221,0,3,12,428.64,330.19,14000,14000,NA,NA,09930,2,15
17031006202,1687,73,1590,73,4,3,17,1485,58,1351,58,4,2,12,253.1,194.96,14000,14000,NA,NA,09930,2,15
17031006203,4662,307,4341,307,0,0,13,4008,200,3597,200,0,0,11,683.1,526.2,14000,14000,NA,NA,09930,12,15
17031006204,3063,396,2646,396,0,2,18,2700,262,2159,262,0,2,15,460.17,354.48,14000,14000,NA,NA,09930,12,15
17031006301,1039,462,305,462,251,12,9,991,287,232,287,170,9,6,168.9,130.11,14000,14000,NA,NA,09930,2,12
17031006302,1493,632,847,632,1,2,10,1465,383,686,383,1,2,10,249.69,192.34,14000,14000,NA,NA,09930,2,13
17031006303,3325,1057,2230,1057,1,5,31,3135,663,1785,663,1,2,21,534.31,411.59,14000,14000,NA,NA,09930,2,15
17031006304,4250,1287,2932,1287,4,4,20,3974,800,2357,800,3,2,12,677.31,521.74,14000,14000,NA,NA,09930,2,13
17031006305,4268,2039,2158,2039,25,3,27,4116,1209,1658,1209,17,1,22,701.51,540.38,14000,14000,NA,NA,09930,2,12
17031006306,371,48,34,48,288,0,0,282,31,29,31,191,0,0,48.06,37.02,14000,14000,NA,NA,09930,12,13
17031006307,4348,2300,1271,2300,712,1,56,4318,1398,1056,1398,420,1,45,735.94,566.9,14000,14000,NA,NA,09930,12,12
17031006308,4513,1877,2594,1877,8,5,27,4496,1154,2157,1154,4,4,23,766.27,590.27,14000,14000,NA,NA,09930,12,12
17031006309,3350,872,2448,872,2,1,25,3091,543,1979,543,2,1,23,526.81,405.81,14000,14000,NA,NA,09930,12,15
17031006401,1086,76,995,76,1,2,12,878,52,761,52,1,2,10,149.64,115.27,14000,14000,NA,NA,09930,12,15
17031006402,0,0,0,0,0,0,0,0,0,0,0,0,0,0,0,0,14000,14000,NA,NA,09930,12,15
17031006403,5687,386,5269,386,0,6,26,4829,246,4320,246,0,5,12,823.03,633.99,14000,14000,NA,NA,09930,12,15
17031006404,3188,164,3005,164,0,9,10,2650,120,2396,120,0,6,8,451.65,347.91,14000,14000,NA,NA,09930,12,15
17031006405,3390,212,3154,212,0,5,18,2926,153,2601,153,0,4,15,498.69,384.15,14000,14000,NA,NA,09930,12,15
17031006406,3672,236,3384,236,3,3,43,3212,181,2819,181,2,2,27,547.44,421.7,14000,14000,NA,NA,09930,12,15
17031006407,3060,387,2664,387,1,2,3,2503,227,2043,227,1,2,3,426.6,328.61,14000,14000,NA,NA,09930,12,15
17031006408,1407,154,1241,154,4,0,7,1192,100,982,100,4,0,6,203.16,156.49,14000,14000,NA,NA,09930,12,15
17031006501,3349,548,2775,548,2,1,23,2976,334,2289,334,2,1,16,507.21,390.71,14000,14000,NA,NA,09930,12,15
17031006502,5217,413,4764,413,0,12,28,4418,264,3861,264,0,8,21,752.98,580.03,14000,14000,NA,NA,09930,12,15
17031006503,7319,790,6462,790,3,6,57,6238,515,5161,515,2,5,40,1063.17,818.97,14000,14000,NA,NA,09930,12,15
17031006504,4551,515,3983,515,3,9,40,4011,345,3279,345,3,9,30,683.61,526.59,14000,14000,NA,NA,09930,12,15
17031006505,2966,253,2633,253,50,4,25,2511,155,2139,155,40,4,18,427.96,329.66,14000,14000,NA,NA,09930,12,15
17031006601,157,7,12,7,138,0,0,119,7,10,7,95,0,0,20.28,15.62,14000,14000,NA,NA,09930,12,13
17031006602,6292,2680,1419,2680,2047,16,96,5551,1585,1081,1585,1223,11,66,946.08,728.78,14000,14000,NA,NA,09930,12,12
17031006603,6381,3070,2989,3070,182,9,112,6178,1871,2228,1871,105,7,96,1052.95,811.09,14000,14000,NA,NA,09930,12,12
17031006604,4052,1086,2854,1086,23,28,58,3665,685,2223,685,15,15,42,624.64,481.17,14000,14000,NA,NA,09930,12,15
17031006605,3937,1097,2809,1097,0,1,25,3429,658,2095,658,0,1,17,584.42,450.18,14000,14000,NA,NA,09930,12,15
17031006606,6529,2255,2695,2255,1429,21,101,5658,1358,2019,1358,836,16,71,964.32,742.82,14000,14000,NA,NA,09930,12,13
17031006607,2583,19,61,19,2493,0,10,1748,13,60,13,1655,0,7,297.92,229.49,14000,14000,NA,NA,09930,21,13
17031006608,5711,1800,2589,1800,1196,18,100,4998,1067,2041,1067,733,9,81,851.83,656.17,14000,14000,NA,NA,09930,12,13
17031006609,4564,842,1853,842,1764,11,92,3747,463,1616,463,1130,6,69,638.62,491.93,14000,14000,NA,NA,09930,12,13
17031006610,5834,476,1185,476,4015,4,150,4381,294,993,294,2693,4,103,746.67,575.17,14000,14000,NA,NA,09930,12,13
17031006611,5203,1217,3750,1217,117,2,107,4696,776,3002,776,66,1,75,800.36,616.53,14000,14000,NA,NA,09930,12,13
17031006701,2507,10,9,10,2484,2,1,1611,6,9,6,1587,2,1,274.57,211.5,14000,14000,NA,NA,09930,21,13
17031006702,2512,11,8,11,2493,0,0,1589,7,7,7,1568,0,0,270.82,208.62,14000,14000,NA,NA,09930,21,13
17031006703,2436,30,39,30,2365,1,1,1554,24,32,24,1472,1,1,264.86,204.02,14000,14000,NA,NA,09930,21,13
17031006704,2753,36,19,36,2692,3,3,1801,26,16,26,1730,1,2,306.95,236.45,14000,14000,NA,NA,09930,21,13
17031006705,1863,39,10,39,1813,1,0,1150,25,9,25,1090,1,0,196,150.98,14000,14000,NA,NA,09930,21,13
17031006706,2395,6,9,6,2376,1,3,1557,5,6,5,1539,1,1,265.37,204.41,14000,14000,NA,NA,09930,21,13
17031006707,2396,15,4,15,2363,7,5,1498,6,3,6,1477,4,2,255.31,196.67,14000,14000,NA,NA,09930,21,13
17031006708,2484,24,8,24,2441,5,1,1746,16,8,16,1702,3,1,297.58,229.23,14000,14000,NA,NA,09930,21,13
17031006709,2020,15,3,15,1997,2,3,1451,9,3,9,1425,2,3,247.3,190.5,14000,14000,NA,NA,09930,21,13
17031006710,621,5,2,5,614,0,0,456,4,2,4,446,0,0,77.72,59.87,14000,14000,NA,NA,09930,21,14
17031006711,1954,17,9,17,1926,0,1,1286,13,7,13,1252,0,1,219.18,168.84,14000,14000,NA,NA,09930,21,14
17031006712,1995,2,9,2,1983,1,0,1294,2,8,2,1281,1,0,220.54,169.89,14000,14000,NA,NA,09930,21,14
17031006713,4240,32,23,32,4183,2,0,2672,21,20,21,2608,2,0,455.4,350.8,14000,14000,NA,NA,09930,21,14
17031006714,2658,10,13,10,2627,1,7,1693,4,12,4,1669,1,3,288.55,222.27,14000,14000,NA,NA,09930,21,14
17031006715,4814,8,37,8,4756,4,6,3117,4,32,4,3070,2,5,531.24,409.22,14000,14000,NA,NA,09930,21,14
17031006716,3326,24,8,24,3286,1,0,2253,10,7,10,2225,1,0,383.99,295.79,14000,14000,NA,NA,09930,21,14
17031006717,2590,8,6,8,2572,4,0,1769,7,5,7,1748,2,0,301.5,232.25,14000,14000,NA,NA,09930,21,14
17031006718,2564,17,327,17,2208,0,12,1906,10,315,10,1560,0,11,324.85,250.23,14000,14000,NA,NA,09930,21,14
17031006719,1600,4,6,4,1583,6,1,1176,1,6,1,1163,4,1,200.43,154.39,14000,14000,NA,NA,09930,21,14
17031006720,5044,18,29,18,4988,4,4,3440,14,27,14,3380,2,3,586.3,451.63,14000,14000,NA,NA,09930,21,14
17031006801,674,0,1,0,672,0,1,481,0,1,0,479,0,1,81.98,63.15,14000,14000,NA,NA,09930,19,13
17031006802,5732,8,38,8,5677,6,2,3817,6,32,6,3767,5,1,650.55,501.12,14000,14000,NA,NA,09930,19,13
17031006803,1586,6,14,6,1560,6,0,991,4,12,4,968,3,0,168.9,130.11,14000,14000,NA,NA,09930,19,13
17031006804,2177,32,10,32,2131,1,3,1416,26,9,26,1353,0,2,241.34,185.9,14000,14000,NA,NA,09930,21,13
17031006805,2478,9,4,9,2459,2,3,1623,7,3,7,1602,1,3,276.62,213.08,14000,14000,NA,NA,09930,21,13
17031006806,2381,7,7,7,2365,2,0,1636,6,4,6,1618,2,0,278.83,214.79,14000,14000,NA,NA,09930,21,13
17031006807,1961,3,11,3,1944,3,0,1372,3,10,3,1353,3,0,233.84,180.13,14000,14000,NA,NA,09930,21,13
17031006808,1772,11,10,11,1747,2,2,1170,10,9,10,1137,2,2,199.41,153.61,14000,14000,NA,NA,09930,19,13
17031006809,5470,38,18,38,5371,5,36,3473,28,17,28,3360,4,36,591.92,455.96,14000,14000,NA,NA,09930,19,13
17031006810,5294,18,12,18,5256,8,0,3530,15,9,15,3484,7,0,601.63,463.44,14000,14000,NA,NA,09930,21,14
17031006811,5798,39,31,39,5715,7,3,3839,31,27,31,3740,7,3,654.3,504.01,14000,14000,NA,NA,09930,21,14
17031006812,4464,20,10,20,4424,2,5,2761,9,10,9,2727,2,4,470.57,362.48,14000,14000,NA,NA,09930,19,13
17031006813,4240,19,11,19,4192,10,8,2713,7,11,7,2681,5,2,462.39,356.18,14000,14000,NA,NA,09930,19,13
17031006814,4407,21,13,21,4357,4,3,3061,11,12,11,3021,4,2,521.7,401.87,14000,14000,NA,NA,09930,21,14
17031006901,2260,15,9,15,2236,0,0,1526,9,9,9,1499,0,0,260.08,200.34,14000,14000,NA,NA,09930,19,13
17031006902,287,8,0,8,279,0,0,201,2,0,2,197,0,0,34.26,26.39,14000,14000,NA,NA,09930,19,13
17031006903,2733,25,6,25,2700,1,1,1940,20,5,20,1893,1,1,330.64,254.7,14000,14000,NA,NA,09930,19,13
17031006904,4160,6,18,6,4130,3,3,3197,3,16,3,3171,2,2,544.88,419.73,14000,14000,NA,NA,09930,19,13
17031006905,1146,4,1,4,1141,0,0,881,3,1,3,874,0,0,150.15,115.66,14000,14000,NA,NA,09930,19,13
17031006906,647,0,0,0,645,1,0,443,0,0,0,443,0,0,75.5,58.16,14000,14000,NA,NA,09930,19,13
17031006907,394,0,2,0,390,2,0,277,0,2,0,274,1,0,47.21,36.37,14000,14000,NA,NA,09930,19,13
17031006908,2557,30,9,30,2516,1,1,1814,16,9,16,1772,0,1,309.17,238.16,14000,14000,NA,NA,09930,19,13
17031006909,5069,46,13,46,5006,2,0,3956,32,10,32,3881,1,0,674.24,519.37,14000,14000,NA,NA,09930,19,13
17031006910,2815,6,18,6,2775,5,5,2311,4,16,4,2278,5,4,393.87,303.41,14000,14000,NA,NA,09930,19,13
17031006911,4593,14,25,14,4547,2,4,3146,10,18,10,3105,0,3,536.19,413.03,14000,14000,NA,NA,09930,19,13
17031006912,3107,3,15,3,3082,3,0,2103,3,12,3,2083,2,0,358.42,276.1,14000,14000,NA,NA,09930,19,13
17031006913,2639,7,9,7,2619,0,3,2183,6,8,6,2160,0,3,372.06,286.6,14000,14000,NA,NA,09930,19,13
17031006914,4035,17,24,17,3989,3,1,3270,14,17,14,3221,3,1,557.32,429.31,14000,14000,NA,NA,09930,19,13
17031006915,2202,8,21,8,2162,4,3,1594,7,20,7,1553,4,3,271.67,209.27,14000,14000,NA,NA,09930,19,13
17031007001,3129,451,2454,451,170,2,52,2611,280,1910,280,105,2,34,445,342.79,14000,14000,NA,NA,09930,12,13
17031007002,5464,514,4859,514,11,7,68,4533,333,3809,333,7,4,47,772.58,595.13,14000,14000,NA,NA,09930,12,15
17031007003,9703,330,9261,330,11,10,91,7948,218,7436,218,6,7,63,1354.61,1043.47,14000,14000,NA,NA,09930,12,15
17031007004,8415,612,7681,612,31,7,84,6773,357,5960,357,23,5,71,1154.35,889.21,14000,14000,NA,NA,09930,12,15
17031007005,10381,424,6401,424,3474,7,63,8217,272,5097,272,2521,4,51,1400.46,1078.79,14000,14000,NA,NA,09930,12,13
17031007101,1650,2,16,2,1619,12,1,1087,0,14,0,1061,11,1,185.26,142.71,14000,14000,NA,NA,09930,19,13
17031007102,5882,43,18,43,5819,1,1,4169,38,18,38,4073,1,1,710.54,547.34,14000,14000,NA,NA,09930,21,14
17031007103,1717,12,6,12,1698,1,0,1273,10,6,10,1246,1,0,216.96,167.13,14000,14000,NA,NA,09930,21,14
17031007104,7412,17,41,17,7344,4,4,5274,14,35,14,5205,3,3,898.87,692.41,14000,14000,NA,NA,09930,21,14
17031007105,5379,35,41,35,5297,4,2,3886,29,38,29,3784,4,2,662.31,510.18,14000,14000,NA,NA,09930,21,14
17031007106,2333,1,3,1,2328,1,0,1656,1,3,1,1650,1,0,282.24,217.41,14000,14000,NA,NA,09930,21,14
17031007107,4318,8,20,8,4283,5,2,3198,6,20,6,3159,5,2,545.05,419.86,14000,14000,NA,NA,09930,21,14
17031007108,6429,21,27,21,6380,1,0,4706,8,24,8,4665,1,0,802.07,617.84,14000,14000,NA,NA,09930,21,14
17031007109,2681,4,10,4,2659,8,0,1813,4,9,4,1788,8,0,309,238.02,14000,14000,NA,NA,09930,19,13
17031007110,4247,18,24,18,4196,5,3,3133,11,22,11,3083,3,3,533.97,411.32,14000,14000,NA,NA,09930,21,14
17031007111,3441,2,14,2,3423,1,0,2622,2,11,2,2606,1,0,446.88,344.24,14000,14000,NA,NA,09930,21,14
17031007112,6358,28,85,28,6231,3,10,4766,17,70,17,4654,3,5,812.29,625.72,14000,14000,NA,NA,09930,21,14
17031007113,1701,1,20,1,1680,0,0,1285,1,19,1,1264,0,0,219.01,168.7,14000,14000,NA,NA,09930,21,14
17031007114,3213,1,12,1,3195,1,4,2369,1,11,1,2353,1,2,403.76,311.02,14000,14000,NA,NA,09930,21,14
17031007115,3047,11,13,11,3020,2,1,2355,5,12,5,2331,2,0,401.37,309.18,14000,14000,NA,NA,09930,19,13
17031007201,3940,54,2958,54,895,1,23,2790,35,2093,35,616,1,10,475.51,366.29,14000,14000,NA,NA,09930,12,13
17031007202,4712,76,2366,76,2219,10,27,3440,51,1772,51,1537,9,20,586.3,451.63,14000,14000,NA,NA,09930,12,13
17031007203,4121,86,3346,86,662,2,22,2995,51,2430,51,446,1,16,510.45,393.21,14000,14000,NA,NA,09930,12,13
17031007204,1977,53,1894,53,19,0,11,1500,33,1415,33,13,0,6,255.65,196.93,14000,14000,NA,NA,09930,12,13
17031007205,2297,35,2248,35,3,6,5,1685,21,1633,21,2,4,4,287.18,221.22,14000,14000,NA,NA,09930,12,13
17031007206,1876,31,1693,31,140,8,4,1337,15,1207,15,92,6,2,227.87,175.53,14000,14000,NA,NA,09930,12,13
17031007207,3462,58,1946,58,1431,2,22,2675,39,1580,39,999,2,16,455.91,351.19,14000,14000,NA,NA,09930,12,13
17031007301,2835,13,5,13,2812,4,1,2236,9,5,9,2208,4,1,381.09,293.56,14000,14000,NA,NA,09930,19,13
17031007302,10956,43,58,43,10844,6,1,8293,26,52,26,8183,5,1,1413.41,1088.77,14000,14000,NA,NA,09930,21,14
17031007303,1427,2,26,2,1394,3,1,1063,1,23,1,1034,3,1,181.17,139.56,14000,14000,NA,NA,09930,21,14
17031007304,4312,15,119,15,4161,1,14,3350,10,110,10,3205,1,14,570.96,439.81,14000,14000,NA,NA,09930,21,14
17031007305,5501,42,36,42,5407,6,0,4242,29,34,29,4145,5,0,722.98,556.92,14000,14000,NA,NA,09930,19,13
17031007306,4226,10,23,10,4190,1,2,3222,5,23,5,3186,1,2,549.14,423.01,14000,14000,NA,NA,09930,21,14
17031007307,2857,15,26,15,2813,2,1,2178,13,26,13,2124,2,0,371.21,285.94,14000,14000,NA,NA,09930,21,14
17031007401,3296,78,3209,78,0,3,6,2583,44,2487,44,0,2,6,440.23,339.12,14000,14000,NA,NA,09930,12,13
17031007402,6174,130,5942,130,63,5,34,4745,73,4516,73,58,2,23,808.71,622.96,14000,14000,NA,NA,09930,12,13
17031007403,4844,90,4716,90,9,10,19,3730,51,3600,51,6,8,14,635.72,489.7,14000,14000,NA,NA,09930,12,13
17031007404,4865,64,4606,64,175,9,11,3813,40,3566,40,152,5,10,649.87,500.6,14000,14000,03480,06540,09930,12,13
17031007501,5401,41,26,41,5307,15,3,3973,27,23,27,3884,9,3,677.14,521.61,14000,14000,NA,NA,09930,21,14
17031007502,3871,64,1744,64,2035,2,22,2866,44,1339,44,1422,1,16,488.47,376.27,14000,14000,NA,NA,09930,12,13
17031007503,2644,48,2506,48,71,5,14,1910,35,1783,35,45,3,9,325.53,250.76,14000,14000,NA,NA,09930,12,13
17031007504,3199,67,3002,67,102,3,24,2393,41,2230,41,62,1,18,407.85,314.17,14000,14000,NA,NA,09930,12,13
17031007505,6777,94,1743,94,4918,4,12,5028,64,1456,64,3429,4,11,856.95,660.11,14000,14000,NA,NA,09930,21,14
17031007506,4848,26,22,26,4792,1,7,3657,21,19,21,3591,1,4,623.28,480.12,14000,14000,NA,NA,09930,21,14
17031007608,10928,496,9951,496,158,10,307,10055,404,8836,404,142,8,261,1713.72,1320.1,14000,14000,NA,NA,09930,9,2
17031007609,308,29,124,29,154,1,0,327,28,116,28,154,1,0,55.73,42.93,14000,14000,13770,04170,09930,9,5
17031007702,9688,301,8826,301,110,2,447,7907,207,7105,207,77,2,309,589.74,1990.51,23256,23243,13770,04170,NA,14,5
17031007703,8041,274,7376,274,40,11,339,6317,176,5711,176,26,5,223,471.15,1590.24,23256,23243,13770,04170,NA,14,5
17031007704,4261,293,3694,293,51,14,208,3390,192,2819,192,35,12,140,252.84,853.4,23256,23243,13770,04170,NA,14,5
17031007705,3228,614,2549,614,4,12,49,2779,376,1977,376,3,12,35,207.27,699.59,23256,23243,13770,04170,09930,14,5
17031007706,7529,984,6221,984,20,3,300,6707,665,5136,665,12,3,226,724.05,2013.94,19642,46162,12120,24090,09930,14,5
17031007707,2750,154,2548,154,13,6,28,2324,103,2080,103,10,4,24,260.95,605.76,65819,43120,34770,22740,09930,9,5
17031007708,5161,534,4379,534,71,17,156,4371,361,3487,361,47,10,105,490.79,1139.33,68081,43120,35640,22740,09930,9,5
17031007709,7812,177,7433,177,2,9,190,6783,130,6378,130,2,8,135,831.65,1911.09,53377,54430,31200,24090,09930,9,2
17031008001,2412,35,2299,35,34,0,44,1811,28,1700,28,28,0,27,302.76,790.91,29652,52909,16860,28200,NA,7,17
17031008002,6087,94,5599,94,236,3,152,4588,64,4160,64,193,1,106,767.03,2003.69,29652,52909,16860,28200,NA,7,17
17031008003,3535,26,3384,26,23,2,100,2552,19,2433,19,16,2,63,426.65,1114.52,82530,52909,42840,28200,NA,7,17
17031008004,3813,28,3686,28,7,0,92,2749,21,2643,21,5,0,59,459.58,1200.56,82530,52909,42840,28200,NA,7,17
17031008005,4787,53,4571,53,9,2,152,3506,37,3335,37,7,2,88,586.14,1531.16,82530,52909,42840,28200,NA,7,17
17031008006,2402,25,2322,25,5,2,48,1702,16,1627,16,5,2,36,284.54,743.3,39519,52909,20970,28200,99998,7,17
17031008007,4815,62,4403,62,17,2,330,3656,41,3356,41,16,2,200,611.21,1596.66,82075,52909,42600,28200,NA,7,17
17031008008,2117,22,1949,22,9,3,134,1696,14,1571,14,7,2,88,283.54,740.68,53663,52909,04800,28200,NA,7,17
17031008009,4712,113,3804,113,23,0,772,3677,73,3029,73,15,0,487,614.72,1605.84,82075,52909,42600,28200,NA,20,17
17031008010,4874,87,4321,87,12,3,451,3878,71,3441,71,9,1,285,648.33,1693.62,82075,52909,42600,28200,NA,20,17
17031008011,4469,81,4231,81,18,4,131,3265,53,3058,53,12,2,87,545.85,1425.91,82075,52909,42600,28200,NA,7,17
17031008012,3777,61,3653,61,7,0,56,2888,47,2754,47,6,0,34,463.36,534.69,82075,52909,42600,28200,99998,20,16
17031008013,4155,46,3978,46,45,0,86,3163,34,2999,34,34,0,62,528.79,1381.36,82075,52909,42600,28200,NA,7,17
17031008014,2750,40,2434,40,4,5,267,2101,31,1863,31,3,4,169,351.25,917.56,29938,52909,42600,28200,NA,20,17
17031008015,6333,80,5896,80,26,2,329,5193,57,4851,57,21,2,205,621.4,1878.67,53481,53676,28980,29010,NA,7,17
17031008018,5441,81,5070,81,10,0,280,4196,63,3886,63,7,0,177,502.1,1517.99,53663,53676,38400,28200,NA,7,17
17031008021,3225,39,3101,39,2,5,78,2441,26,2332,26,2,5,50,292.09,883.08,29938,53676,16920,29010,NA,7,17
17031008022,3996,77,3848,77,2,2,67,3209,55,3049,55,1,2,47,383.99,1160.92,29938,53676,16920,29010,NA,7,17
17031008023,1945,94,1564,94,186,28,73,1350,56,1055,56,127,14,42,161.54,488.39,29938,53676,16920,29010,NA,7,17
17031008029,6291,103,6047,103,13,6,122,4762,76,4515,76,10,5,80,412.26,1358.95,2154,81100,04140,04170,NA,7,17
17031008031,3584,66,3433,66,12,4,69,2696,40,2565,40,6,3,42,233.4,769.37,2154,81100,04140,04170,NA,7,17
17031008032,4947,132,4689,132,12,4,106,3925,86,3673,86,7,2,71,339.8,1120.09,2154,81100,04140,04170,NA,7,7
17031008033,5141,167,4741,167,20,4,209,4381,125,3942,125,16,4,169,379.27,1250.22,2154,81100,04140,04170,NA,7,17
17031008034,6172,122,5895,122,10,3,137,4821,80,4550,80,7,3,101,417.37,1375.78,2154,81100,04140,04170,NA,7,7
17031008035,6256,104,5966,104,15,1,170,5004,67,4739,67,11,1,119,433.21,1428.01,2154,81100,04140,04170,NA,7,7
17031008037,7110,566,6341,566,27,6,166,5826,391,4899,391,18,6,121,378.85,1533.15,57225,57238,30420,30450,NA,6,7
17031008038,4559,189,4286,189,8,7,68,3558,130,3235,130,5,7,51,231.37,936.31,57225,57238,30420,30450,NA,6,7
17031008040,4463,154,4245,154,12,6,46,3426,98,3186,98,8,4,32,222.78,901.57,65338,57238,30420,04170,NA,6,7
17031008056,4541,41,4444,41,2,0,52,3402,27,3309,27,2,0,37,367.26,1021.53,57875,46162,30840,24090,NA,14,5
17031008062,5726,428,5198,428,11,5,83,5190,284,4537,284,9,5,71,560.28,1558.43,19642,46162,12120,24090,NA,14,5
17031008063,4840,232,4511,232,7,8,78,3874,139,3528,139,6,7,55,418.21,1163.26,19642,46162,12120,24090,NA,14,5
17031008064,2577,180,2332,180,10,3,48,2068,117,1794,117,7,3,30,223.25,620.97,19642,46162,12120,24090,NA,14,5
17031008066,3250,177,2983,177,8,5,75,2663,103,2403,103,3,3,48,287.48,799.63,19642,46162,12120,24090,NA,14,5
17031008067,4334,86,3583,86,231,3,428,3344,60,2789,60,154,1,280,584.18,919.47,70122,53013,14460,14490,NA,20,16
17031008069,3804,128,3055,128,15,0,603,3325,104,2679,104,7,0,431,580.86,914.24,70122,53013,36450,28530,NA,20,16
17031008070,4919,176,3927,176,59,1,755,4094,128,3272,128,38,0,528,715.2,1125.69,70122,53013,36450,28530,NA,20,16
17031008071,4041,134,3203,134,366,0,335,3056,99,2361,99,263,0,234,533.87,840.28,70122,53013,14460,14490,NA,20,16
17031008072,5634,290,4174,290,280,13,875,4525,208,3320,208,175,8,606,790.5,1244.19,70122,53013,10380,28530,NA,20,16
17031008073,6718,337,5340,337,58,5,975,5840,252,4593,252,36,5,702,1020.22,1605.77,70122,53013,36480,28530,NA,20,16
17031008074,5716,245,4555,245,26,7,873,4790,182,3773,182,17,7,629,836.79,1317.06,70122,53013,36480,28530,NA,9,16
17031008075,3104,122,2262,122,36,7,675,2535,100,1841,100,27,5,462,442.85,697.02,70122,53013,10380,28530,NA,9,16
17031008076,6015,352,4210,352,75,3,1374,4984,233,3533,233,42,0,943,870.68,1370.4,70122,53013,13260,28530,NA,9,16
17031008077,5038,245,4067,245,35,6,684,4266,171,3428,171,26,2,468,745.25,1172.98,70122,53013,14820,28530,NA,9,16
17031008078,2600,118,2124,118,6,5,347,2170,84,1762,84,3,3,234,379.09,596.66,70122,53013,14820,28530,NA,9,16
17031008079,3798,111,3257,111,4,2,420,3091,84,2629,84,2,2,290,539.98,849.9,43744,53013,23100,28530,NA,9,16
17031008081,2822,95,2665,95,22,0,40,2658,87,2433,87,21,0,30,464.34,730.84,53000,53013,28500,28530,NA,9,16
17031008082,4962,163,4313,163,4,7,465,4225,112,3670,112,2,5,324,738.09,1161.71,53000,53013,28500,28530,NA,9,16
17031008084,4318,119,3575,119,19,2,603,3532,84,2952,84,15,2,395,617.02,971.16,50647,53013,26820,28530,NA,20,16
17031008085,3983,94,3350,94,13,1,523,3289,65,2800,65,6,0,353,574.57,904.34,50647,53013,26850,28530,NA,20,16
17031008086,1974,45,1853,45,7,0,69,1559,33,1447,33,4,0,42,272.35,428.66,29938,53013,16920,28530,NA,20,16
17031008088,2302,43,2072,43,59,5,122,1870,36,1663,36,51,3,81,300.03,346.21,24582,24595,14460,14490,NA,20,16
17031008089,3691,48,3480,48,50,2,107,2875,32,2706,32,31,1,73,461.27,532.28,24582,24595,14460,14490,NA,20,16
17031008090,3910,36,3713,36,72,3,80,2999,21,2849,21,47,2,59,481.16,555.24,24582,24595,14460,14490,NA,20,16
17031008091,3383,51,3153,51,93,5,81,2639,40,2438,40,60,5,56,423.41,488.59,24582,24595,14460,14490,NA,20,16
17031008092,4765,160,163,160,4393,22,24,3517,101,127,101,3156,18,14,564.27,651.14,24582,24595,14460,14490,NA,20,16
17031008093,4493,85,3468,85,577,7,350,3970,63,3024,63,513,6,301,636.95,735.01,24582,24595,14460,14490,NA,20,16
17031008094,3365,53,3011,53,114,1,184,3208,48,2834,48,112,1,165,514.7,593.93,24582,24595,14460,14490,99998,20,16
17031008095,3416,91,2821,91,374,4,116,3141,73,2576,73,310,4,105,503.95,581.53,24582,24595,14460,14490,NA,20,16
17031008096,3366,238,821,238,2260,0,38,2622,155,610,155,1675,0,27,420.68,485.44,24582,24595,14460,14490,NA,20,16
17031008097,3877,455,1510,455,1819,4,68,3139,278,1190,278,1343,2,48,503.63,581.16,24582,24595,14460,14490,NA,20,16
17031008098,2718,45,2154,45,440,6,63,2324,36,1848,36,348,5,51,372.87,430.27,24582,24595,14460,14490,NA,20,16
17031008099,2571,66,2350,66,77,1,72,2186,51,1964,51,58,1,61,350.73,404.72,24582,24595,14460,14490,NA,20,16
17031008100,4766,78,4315,78,212,5,155,4246,64,3819,64,160,5,134,681.24,786.11,24582,24595,14460,14490,99998,20,16
17031008101,4601,344,2849,344,1219,7,158,3851,244,2373,244,855,7,128,617.86,712.98,24582,24595,14460,14490,NA,20,16
17031008102,5838,343,3037,343,2168,13,246,4694,232,2621,232,1408,10,191,753.11,869.05,24582,24595,14460,14490,NA,20,16
17031008104,5253,126,4996,126,8,1,122,4198,84,3938,84,1,1,90,514.71,1182.77,57875,54430,30840,24090,09930,14,5
17031008106,4389,194,4085,194,3,3,104,3834,137,3465,137,3,3,89,470.08,1080.22,33435,54430,39780,33720,09930,9,2
17031008108,4946,117,4788,117,1,3,37,4082,81,3886,81,0,3,31,458.34,1064,23724,43120,NA,NA,14100,10,2
17031008109,5994,319,5588,319,10,2,73,5115,213,4624,213,9,2,54,574.33,1333.26,23724,43120,NA,NA,14100,10,12
17031008110,4599,145,4398,145,8,2,45,3824,107,3569,107,8,2,31,429.37,996.75,23724,43120,33390,22740,14100,10,6
17031008111,6218,218,5923,218,3,6,67,5335,162,4950,162,1,4,56,599.03,1390.6,64343,43120,33840,22740,14100,10,2
17031008112,5262,298,4881,298,1,4,77,4289,189,3853,189,0,2,56,481.58,1117.95,64343,43120,33390,22740,NA,10,2
17031008115,5852,733,5054,733,1,3,61,4955,449,4013,449,1,3,40,556.36,1291.55,27702,43120,15780,22740,NA,9,2
17031008116,6028,848,4834,848,45,19,272,5214,583,3817,583,33,11,187,585.44,1359.06,68081,43120,35640,22740,09930,9,2
17031008118,5352,502,4687,502,1,5,145,4397,319,3654,319,1,4,100,493.71,1146.11,53871,43120,06000,22740,NA,9,2
17031008119,6082,183,5613,183,103,4,177,5040,160,4488,160,91,4,137,610.6,1964.91,64304,64317,33810,29280,NA,22,6
17031008120,5587,96,5237,96,113,4,128,4312,71,4010,71,75,1,84,522.4,1681.09,64304,64317,33810,29280,NA,22,6
17031008121,4914,169,3171,169,1393,3,154,3585,106,2350,106,912,3,108,603.09,899.88,54885,54898,29250,29280,NA,22,6
17031008122,3979,108,3491,108,250,3,127,3019,66,2641,66,158,3,85,507.88,757.8,54885,54898,29250,29280,NA,22,6
17031008123,5965,199,5057,199,509,3,192,5210,150,4357,150,390,3,160,876.46,1307.77,54885,54898,29250,29280,NA,22,6
17031008124,3513,79,3192,79,150,2,85,2626,50,2372,50,98,1,55,441.76,659.16,54885,54898,29250,29280,NA,22,6
17031008125,3671,107,2464,107,1025,4,61,2908,79,1958,79,749,4,39,489.2,729.94,54885,54898,29250,29280,NA,22,6
17031008126,3936,142,2171,142,1511,1,104,3144,91,1787,91,1092,0,83,528.9,789.18,54885,54898,29250,29280,NA,22,6
17031008127,3417,100,2583,100,642,8,73,2853,72,2162,72,480,6,61,479.95,716.14,54885,54898,29250,29280,NA,22,6
17031008128,5576,268,4081,268,998,10,208,5016,222,3644,222,750,10,168,843.83,1259.07,54885,54898,29250,29280,NA,22,6
17031008129,4887,146,4134,146,431,7,158,3763,112,3108,112,295,4,132,633.04,944.56,54885,54898,29250,29280,NA,22,6
17031008130,4379,207,2895,207,1113,8,136,3217,127,2102,127,759,6,96,541.19,807.5,54885,54898,29250,29280,NA,22,6
17031008131,4972,239,3177,239,1254,5,275,3814,157,2435,157,861,4,200,641.62,957.36,54885,54898,29250,29280,NA,22,15
17031008132,4439,151,3724,151,375,6,175,3365,105,2748,105,268,3,136,566.08,844.65,54885,54898,29250,29280,NA,22,15
17031008133,7321,4642,2557,4642,5,34,53,7395,2708,1920,2708,4,15,40,533.71,1469.47,14351,14364,10200,26880,NA,2,12
17031008134,5771,1827,3834,1827,0,7,92,5114,1061,2923,1061,0,5,64,369.09,1016.21,14351,14364,10200,26880,NA,2,15
17031008135,5265,993,4069,993,3,12,188,4621,611,3256,611,1,7,135,333.51,918.25,14351,14364,10200,26880,NA,2,15
17031008136,3656,1084,2501,1084,1,6,55,3330,639,2001,639,1,3,47,240.33,661.71,14351,14364,10200,26880,NA,2,15
17031008137,6900,4458,2366,4458,10,13,49,7137,2594,1895,2594,4,10,40,515.09,1418.2,14351,14364,10200,26880,NA,2,12
17031008138,7192,3714,3337,3714,18,27,84,7102,2199,2614,2199,11,21,58,512.57,1411.25,14351,14364,10200,26880,NA,2,12
17031008139,5001,1434,3393,1434,25,14,131,4598,866,2741,866,25,11,89,331.85,913.68,14351,14364,10200,26880,NA,2,15
17031008140,3534,913,2570,913,0,2,46,3263,566,2095,566,0,1,35,235.5,648.4,14351,14364,10200,26880,NA,2,15
17031008141,3349,1237,2001,1237,5,5,89,3141,756,1563,756,2,2,62,226.69,624.15,14351,14364,10200,26880,NA,2,15
17031008142,6558,2678,3816,2678,17,17,25,6188,1625,2899,1625,13,10,16,446.6,1229.63,14351,14364,10200,26880,NA,2,15
17031008143,3297,934,2308,934,1,11,42,2948,540,1830,540,1,9,28,212.76,585.8,14351,14364,10200,26880,NA,2,15
17031008144,5999,730,5134,730,15,19,95,5087,464,4082,464,6,11,60,367.14,1010.85,14351,14364,10200,26880,NA,2,15
17031008145,3593,287,3273,287,0,5,28,3092,172,2724,172,0,2,22,223.16,614.42,14351,14364,10200,26880,NA,2,15
17031008146,4769,483,4130,483,9,5,141,3959,309,3226,309,3,3,109,516.67,1032.22,5573,5586,06060,26880,NA,2,15
17031008147,4663,438,3968,438,34,11,212,3868,279,3128,279,26,7,149,504.79,1008.5,5573,5586,06060,26880,NA,2,15
17031008148,4844,367,4392,367,0,7,78,4388,265,3795,265,0,4,59,572.66,1144.08,5573,5586,06090,26880,NA,2,15
17031008149,4604,260,4286,260,0,5,50,4197,209,3736,209,0,3,40,547.73,1094.28,5573,5586,06060,26880,NA,2,15
17031008150,2974,363,2562,363,4,1,37,2642,234,2141,234,4,1,28,344.79,688.84,5573,5586,06060,26880,NA,2,15
17031008151,3284,408,2840,408,0,1,35,2910,261,2362,261,0,1,25,379.77,758.72,5573,5586,06090,26880,NA,2,15
17031008152,5461,471,4911,471,0,3,73,4564,293,3916,293,0,2,60,595.62,1189.96,5573,5586,06090,26880,NA,2,15
17031008153,3230,123,3070,123,2,8,27,2683,81,2492,81,2,5,22,350.14,699.53,5573,5586,06090,26880,NA,2,15
17031008154,5307,273,4947,273,2,15,69,4521,183,4092,183,2,10,51,590.01,1178.75,5573,5586,06090,26880,NA,2,15
17031008155,6290,387,5870,387,0,1,29,5347,247,4830,247,0,1,22,697.81,1394.11,5573,5586,06090,26880,NA,2,15
17031008156,4628,138,4443,138,2,0,45,4108,93,3881,93,2,0,39,549.11,1588.8,54144,64434,33990,34020,NA,11,15
17031008158,1660,19,1620,19,3,5,13,1341,12,1305,12,2,1,9,179.25,518.64,8576,64434,33990,34020,NA,11,15
17031008159,4840,198,3089,198,1246,1,301,4420,154,2798,154,1063,1,250,595.75,954.9,26935,62133,15450,32910,NA,22,6
17031008160,3349,181,2768,181,154,7,238,2904,128,2365,128,110,2,171,391.42,627.38,26935,62133,15450,32910,NA,11,6
17031008161,6729,355,5126,355,526,11,699,5607,234,4246,234,408,6,479,755.74,1211.34,26935,62133,15450,32910,NA,11,15
17031008162,3765,509,3077,509,54,0,122,3390,356,2557,356,44,0,77,456.92,732.38,48242,62133,25110,32910,NA,22,2
17031008163,3868,418,3366,418,2,1,81,3335,280,2717,280,1,1,56,449.51,720.5,48242,62133,25110,32910,NA,22,2
17031008165,3237,748,2421,748,15,4,41,3031,490,2011,490,6,4,30,408.53,654.82,48242,62133,05760,32910,NA,9,12
17031008166,4319,2519,1626,2519,19,2,148,4552,1581,1275,1581,11,2,102,613.54,983.42,72923,62133,05760,32910,NA,9,2
17031008167,3625,1210,2122,1210,51,5,236,3484,776,1725,776,34,3,170,469.59,752.69,53871,62133,06000,32910,NA,11,2
17031008168,5189,304,4442,304,230,6,207,4256,186,3585,186,160,6,133,573.65,919.47,5404,62133,06000,32910,NA,11,6
17031008169,5740,584,2024,584,2909,10,200,4340,364,1659,364,1815,9,129,584.97,937.62,4975,62133,06000,32910,NA,11,6
17031008170,5831,410,1148,410,4230,3,34,4297,249,1027,249,2740,3,29,579.17,928.33,4975,62133,05760,32910,NA,22,6
17031008172,5357,26,77,26,5240,2,5,3747,16,64,16,3644,2,5,505.04,809.51,47774,62133,25110,32910,NA,22,6
17031008173,3147,24,41,24,3072,4,5,2106,11,34,11,2045,1,4,283.86,454.98,47774,62133,25110,32910,NA,22,6
17031008174,3903,1275,1264,1275,1305,1,54,3480,818,976,818,827,1,40,469.05,751.82,47774,62133,25110,32910,NA,22,6
17031008175,4351,249,457,249,3625,7,7,3269,159,429,159,2509,6,7,440.61,706.24,47774,62133,25110,32910,NA,22,6
17031008176,4413,144,407,144,3802,6,45,3141,100,363,100,2535,4,39,423.36,678.59,47774,62133,25110,32910,NA,22,6
17031008177,5968,77,385,77,5498,4,4,4332,59,360,59,3848,3,3,583.89,935.89,47774,62133,25110,32910,NA,22,6
17031008178,462,13,312,13,130,0,6,444,10,302,10,116,0,6,59.84,95.92,NA,62133,25110,32910,NA,22,6
17031008179,6101,140,2368,140,3465,19,103,4710,103,2002,103,2417,16,69,634.84,1017.55,8446,62133,13440,32910,NA,22,6
17031008180,3991,82,2647,82,1173,2,79,3247,56,2273,56,809,2,51,437.65,701.49,8446,62133,21420,32910,NA,11,6
17031008181,2464,36,2312,36,8,2,106,2011,23,1888,23,7,1,69,271.05,434.46,80047,62133,41790,32910,NA,11,6
17031008182,4710,148,4280,148,111,2,169,3888,103,3487,103,81,2,112,524.05,839.97,80047,62133,41790,32910,NA,11,6
17031008183,5366,328,4416,328,326,13,280,4398,203,3592,203,200,7,193,592.79,950.15,35086,62133,06000,32910,NA,11,6
17031008185,5849,81,5660,81,15,0,91,5083,64,4873,64,11,0,71,685.11,1098.14,80047,62133,41790,32910,NA,11,5
17031008186,4743,98,4502,98,28,7,108,4027,79,3764,79,20,6,79,542.78,870,40793,62133,07320,34020,NA,11,5
17031008187,3384,97,3260,97,1,5,21,2738,65,2581,65,1,5,21,369.04,591.52,8576,62133,07320,34020,NA,11,5
17031008188,5716,175,5490,175,7,4,38,4556,121,4276,121,6,3,29,614.08,984.28,8576,62133,07320,34020,NA,11,5
17031008189,4185,87,4006,87,17,4,71,3538,54,3370,54,10,3,47,476.87,764.35,40793,62133,21600,23880,NA,11,5
17031008190,4409,64,4312,64,8,1,24,3304,34,3218,34,6,1,11,445.33,713.8,40793,62133,21600,23880,NA,11,5
17031008191,4165,286,3803,286,5,14,55,3459,183,3046,183,4,8,35,408.75,983.16,45434,45447,23850,26880,NA,2,15
17031008192,5603,271,5284,271,1,8,39,4582,176,4191,176,1,5,33,541.45,1302.36,45434,45447,23850,26880,NA,2,15
17031008193,2793,113,2654,113,4,2,20,2243,72,2081,72,3,2,13,265.05,637.54,8576,45447,23850,23880,NA,2,15
17031008194,5306,175,5028,175,14,5,83,4252,109,3952,109,11,4,67,502.46,1208.56,8576,45447,21600,23880,NA,2,15
17031008195,3395,68,2380,68,896,6,41,2756,39,1988,39,653,5,32,325.68,783.35,40767,45447,21600,23880,NA,11,15
17031008196,3924,67,3812,67,16,4,23,2877,43,2762,43,10,2,17,339.97,817.74,40767,45447,21630,23880,NA,11,15
17031008197,5729,49,5625,49,13,0,42,4165,33,4067,33,9,0,23,492.18,1183.83,40767,45447,21600,23880,NA,11,15
17031008199,2832,40,2766,40,11,2,13,2204,23,2144,23,5,2,7,260.45,626.45,80242,45447,41820,23880,NA,11,15
17031008200,2073,60,1774,60,15,13,207,1556,40,1319,40,9,10,138,183.87,442.27,35307,45447,19290,19320,NA,11,15
17031008203,4850,1059,3552,1059,60,6,168,4217,671,2721,671,34,5,115,498.32,1198.61,73638,45447,04050,04020,NA,2,15
17031008204,5111,2056,1745,2056,1271,13,20,4877,1258,1395,1258,941,10,15,576.31,1386.21,73638,45447,04050,04020,NA,2,15
17031008207,5678,392,5225,392,12,9,40,4857,269,4279,269,10,3,27,698.32,1195.89,72676,72689,23850,26880,NA,2,15
17031008208,2687,210,2439,210,2,2,34,2259,132,1967,132,2,2,24,324.79,556.21,26987,72689,37860,33270,NA,2,15
17031008212,5947,1556,2636,1556,1726,11,17,5295,997,2102,997,1179,8,12,700.52,709.2,6704,10474,06510,06540,NA,12,14
17031008213,5144,1419,2996,1419,712,5,10,4678,870,2444,870,484,5,5,618.89,626.56,6704,10474,06510,06540,NA,21,14
17031008215,2693,118,588,118,1979,4,0,1701,69,494,69,1065,4,0,225.04,227.83,64278,10474,30900,38970,NA,21,14
17031008216,4606,132,4343,132,16,3,111,3606,83,3346,83,13,3,78,422.69,1059.92,24634,83531,14550,14580,NA,12,13
17031008217,4976,59,4842,59,57,4,13,3922,41,3768,41,57,2,13,459.73,1152.8,24634,83531,14550,14580,NA,12,13
17031008218,5691,110,5521,110,5,2,53,4298,73,4116,73,4,1,31,503.8,1263.32,24634,83531,14550,14580,NA,12,13
17031008219,5601,131,5430,131,7,6,25,4412,84,4213,84,4,6,21,517.16,1296.83,24634,83531,14550,14580,NA,12,13
17031008220,4769,85,4652,85,1,10,20,3697,54,3569,54,0,5,15,433.35,1086.66,35866,83531,29190,29220,NA,12,15
17031008222,4004,113,3854,113,4,6,27,3121,71,2958,71,1,2,18,365.83,917.36,54820,83531,29190,29220,NA,12,15
17031008224,6048,157,5819,157,7,7,55,4672,111,4396,111,3,6,45,547.64,1373.25,54820,83531,33690,29220,NA,12,15
17031008225,4564,107,4416,107,9,3,28,3627,69,3461,69,7,3,18,425.15,1066.09,54820,83531,29190,29220,NA,12,15
17031008229,2054,58,1984,58,0,0,12,1589,41,1500,41,0,0,7,186.26,467.06,8225,83531,33690,29220,NA,12,15
17031008232,3979,89,3776,89,31,11,72,2895,52,2721,52,17,6,47,339.34,850.93,1010,83531,03480,06540,NA,11,15
17031008234,4101,720,3278,720,70,2,29,3505,438,2557,438,50,2,20,410.85,1030.23,6704,83531,06510,06540,NA,12,13
17031008235,4383,619,3685,619,57,11,10,3612,398,2755,398,43,9,9,423.39,1061.68,6704,83531,06510,06540,NA,12,13
17031008242,1110,46,599,46,464,0,1,1156,46,599,46,464,0,1,86.42,276.96,75484,56614,21270,08400,NA,11,19
17031008243,5870,47,300,47,5511,10,2,4170,38,266,38,3820,6,2,522.05,916.93,64616,7939,32370,06540,NA,12,14
17031008244,2230,67,1072,67,1076,1,12,1664,53,833,53,715,1,9,208.32,365.89,17497,7939,25920,06540,NA,12,14
17031008248,5814,726,4010,726,1035,10,25,4519,414,3001,414,664,7,19,565.74,993.67,61314,7939,32370,07050,NA,12,14
17031008249,2859,77,1023,77,1735,13,6,2012,49,762,49,1141,8,3,251.88,442.41,47007,7939,24720,07050,NA,12,14
17031008250,5041,165,4717,165,49,14,91,3868,113,3527,113,43,8,64,484.24,850.52,54638,7939,03930,07050,NA,12,15
17031008251,903,44,333,44,519,0,6,945,44,333,44,518,0,6,118.31,207.79,47007,7939,24720,07050,NA,12,14
17031008252,1908,68,1788,68,7,7,35,1379,48,1248,48,5,4,26,172.64,303.22,54638,7939,24720,07050,NA,12,14
17031008254,4898,100,4743,100,23,2,30,3679,70,3501,70,19,2,17,460.58,808.97,75484,7939,39030,07050,NA,12,15
17031008256,6022,98,1866,98,4002,3,50,4129,69,1387,69,2568,3,33,516.91,907.91,47007,7939,24720,07050,NA,12,14
17031008257,3916,557,2691,557,633,3,30,3320,364,2148,364,421,3,20,454.45,746.24,9798,75198,07860,38940,NA,21,1
17031008259,3255,303,2763,303,180,6,2,2734,197,2224,197,109,5,2,374.23,614.53,10487,75198,41520,38940,NA,21,1
17031008260,3667,357,3126,357,153,3,27,2920,215,2379,215,90,3,18,399.69,656.33,10487,75198,41520,38940,NA,21,1
17031008261,6312,362,5685,362,222,14,28,5072,237,4442,237,129,10,17,694.26,1140.04,10487,75198,08100,38940,NA,17,1
17031008265,6172,282,4424,282,1409,8,49,4779,178,3505,178,879,5,34,654.16,1074.18,20292,75198,12450,38970,NA,21,14
17031008266,5168,204,3871,204,1072,6,15,3984,131,3015,131,696,3,8,545.34,895.49,64278,75198,12450,38970,NA,21,14
17031008267,5695,129,3119,129,2420,11,14,4328,79,2584,79,1567,6,13,592.42,972.81,64278,75198,12450,38970,NA,21,14
17031008268,5181,544,2188,544,2428,5,3,4169,351,1851,351,1610,3,3,570.66,937.07,20149,75198,18480,38970,NA,21,14
17031008270,4136,65,675,65,3385,3,8,2769,35,581,35,2110,2,6,379.03,622.39,33383,75198,18450,38970,NA,21,14
17031008271,3266,120,406,120,2712,13,7,2135,67,347,67,1639,9,6,292.24,479.89,33383,75198,18450,38970,NA,21,14
17031008272,4138,216,1313,216,2598,8,3,3112,138,1059,138,1769,6,2,425.98,699.49,59572,75198,36750,38970,NA,21,14
17031008273,4159,408,284,408,3420,7,36,2826,255,255,255,2038,6,17,386.83,635.21,33383,75198,18450,38970,NA,21,14
17031008274,5463,70,197,70,5184,4,4,3684,35,180,35,3429,3,2,504.27,828.06,33383,75198,18480,38970,NA,21,14
17031008275,5746,676,1429,676,3612,19,6,4224,402,1226,402,2178,12,4,578.19,949.44,33383,75198,18450,38970,NA,21,14
17031008276,3978,18,13,18,3932,6,4,2927,12,12,12,2884,3,4,400.65,657.91,47007,75198,18450,38970,NA,21,14
17031008277,3033,165,2024,165,817,6,21,2246,102,1554,102,468,5,15,307.44,504.84,33695,75198,18600,38970,NA,12,14
17031008280,5229,145,4940,145,133,0,11,4123,94,3834,94,95,0,6,564.36,926.73,42028,75198,22020,38940,NA,17,1
17031008281,4804,120,4667,120,3,4,10,3753,85,3573,85,1,4,5,513.72,843.57,42028,75198,22020,38940,NA,17,1
17031008283,3672,96,3511,96,43,3,19,2991,57,2826,57,33,3,15,409.41,672.29,75185,75198,38910,38970,NA,12,1
17031008289,3456,857,1939,857,651,4,3,2947,498,1552,498,392,4,3,382.38,715.29,14026,6561,09960,06420,NA,17,14
17031008290,3388,78,41,78,3258,10,0,2079,46,36,46,1943,8,0,269.75,504.61,14026,6561,09960,06420,NA,17,14
17031008291,4871,2279,1566,2279,994,4,4,4664,1321,1329,1321,685,4,4,605.16,1132.04,14026,6561,09960,06420,NA,17,14
17031008292,5498,936,3818,936,724,6,9,4703,568,3084,568,472,5,6,610.22,1141.51,14026,6561,09960,06420,NA,17,14
17031008295,3575,496,3007,496,59,2,6,3159,318,2480,318,37,1,5,409.88,766.75,70629,6561,37680,06420,NA,17,1
17031008296,3008,279,2697,279,19,5,6,2354,185,1960,185,14,4,6,305.43,571.36,72520,6561,37680,06420,NA,17,1
17031008297,5226,95,878,95,4233,17,2,3197,62,660,62,2394,17,2,414.81,775.97,26710,6561,10950,06420,NA,17,1
17031008298,6787,71,5683,71,680,6,341,5074,49,4321,49,442,6,207,670.25,1395.23,26571,63498,15420,19560,NA,17,14
17031008301,3397,72,2440,72,788,9,78,2552,50,1851,50,534,5,62,337.11,701.74,57732,63498,25020,33420,NA,17,14
17031008303,5570,211,3465,211,1818,8,60,4196,132,2699,132,1185,7,41,554.27,1153.8,57732,63498,30810,33420,NA,17,1
17031008304,3586,101,3035,101,420,0,22,2669,64,2277,64,251,0,13,352.56,733.91,57732,63498,30810,33420,NA,17,1
17031008305,1422,25,1230,25,153,0,13,1122,20,982,20,92,0,8,148.21,308.52,57732,63498,30810,33420,NA,17,1
17031801601,3848,139,3527,139,6,0,175,2894,96,2598,96,5,0,99,346.3,1046.96,53481,53676,17850,29010,NA,7,17
17031801603,2604,209,2029,209,58,1,307,2224,159,1659,159,43,1,203,266.13,804.58,29938,53676,41700,29010,NA,7,17
17031801605,6274,67,5762,67,11,2,429,4744,46,4383,46,9,2,258,567.67,1716.24,53481,53676,17850,29010,NA,7,17
17031801606,6229,89,5642,89,9,1,484,4949,65,4496,65,6,1,316,592.2,1790.4,53481,53676,41700,29010,NA,7,17
17031801607,5060,117,4285,117,27,2,628,3811,89,3209,89,21,2,401,456.03,1378.7,29938,53676,41700,29010,NA,20,17
17031801608,5749,113,4908,113,23,2,701,4427,76,3816,76,18,1,440,529.74,1601.55,53481,53676,24420,29010,NA,20,17
17031801701,3824,68,3564,68,6,1,185,2848,43,2643,43,5,1,113,340.79,1030.32,53481,53676,24420,29010,NA,7,17
17031801702,3945,40,3740,40,3,6,155,2924,32,2765,32,2,1,92,349.89,1057.81,53481,53676,28980,29010,NA,7,17
17031801901,4079,289,3538,289,15,3,234,3653,179,3133,179,11,3,148,437.12,1321.54,29938,53676,16920,29010,NA,7,17
17031801902,3115,32,2958,32,3,0,122,2404,18,2283,18,3,0,82,287.67,869.69,29938,53676,16920,29010,NA,7,17
17031802001,8075,473,6772,473,79,7,733,6681,356,5427,356,59,4,479,799.46,2416.98,29938,53676,16920,29010,NA,20,17
17031802002,4444,84,4058,84,11,1,290,3417,63,3104,63,7,1,179,408.88,1236.17,29938,53676,16920,29010,NA,20,17
17031802401,8878,473,7814,473,143,13,432,7471,293,6478,293,104,9,294,646.78,2132.02,81087,81100,42210,04170,NA,7,17
17031802402,3427,548,2726,548,34,1,118,3187,393,2288,393,20,1,92,275.91,909.48,81087,81100,42210,04170,NA,7,17
17031802502,5558,984,4153,984,206,13,192,4979,659,3367,659,143,13,138,431.04,1420.87,81087,81100,42210,04170,NA,7,17
17031802503,6390,241,5820,241,86,6,237,4980,166,4411,166,60,4,173,431.13,1421.16,81087,81100,42210,04170,NA,7,17
17031802504,4850,400,4144,400,31,7,264,3606,240,2936,240,19,5,166,312.18,1029.05,81087,81100,42210,04170,NA,7,17
17031802601,7920,290,7333,290,42,12,241,6481,198,5881,198,28,9,167,561.08,1849.5,62016,81100,32850,04170,NA,7,17
17031802605,5980,82,5591,82,42,5,259,4859,63,4532,63,29,2,170,420.66,1386.63,51089,81100,33870,04170,NA,7,17
17031802606,9485,2099,6594,2099,228,3,550,8743,1405,5416,1405,145,2,370,756.9,2495.02,51089,81100,42210,04170,NA,7,17
17031802701,7269,1004,5612,1004,62,2,582,5948,665,4187,665,44,2,385,514.93,1697.4,51089,81100,33870,04170,NA,7,17
17031802702,3806,120,3476,120,121,2,87,2944,72,2711,72,32,1,56,254.87,840.14,51089,81100,33870,04170,NA,7,17
17031802801,4886,151,4609,151,10,3,113,3824,94,3558,94,8,3,67,331.05,1091.27,2154,81100,04140,04170,NA,7,17
17031802802,6563,204,5979,204,14,10,347,5216,131,4710,131,8,5,231,451.56,1488.51,51089,81100,27210,04170,NA,7,7
17031803004,104,10,92,10,0,0,2,90,7,74,7,0,0,2,7.79,25.68,81087,81100,42210,04170,NA,7,17
17031803005,2815,63,2629,63,11,0,112,2184,46,2010,46,7,0,75,189.07,623.25,2154,81100,42210,04170,NA,7,17
17031803006,6146,167,5742,167,23,1,213,4851,115,4439,115,22,1,159,419.96,1384.34,2154,81100,04140,04170,NA,7,17
17031803007,5331,105,4987,105,37,2,200,3956,75,3639,75,31,2,134,342.48,1128.94,2154,81100,42210,04170,NA,7,17
17031803008,8324,128,7794,128,82,4,314,6448,99,5981,99,53,3,213,558.22,1840.08,2154,81100,04140,04170,NA,7,17
17031803009,4921,230,4470,230,41,4,176,4008,160,3531,160,25,4,128,346.98,1143.77,62016,81100,32850,04170,NA,7,17
17031803010,6042,98,5678,98,25,9,232,4287,52,4006,52,20,9,148,371.14,1223.39,9447,81100,42210,04170,NA,7,17
17031803011,7555,244,6844,244,109,2,354,6052,173,5389,173,81,2,234,523.94,1727.08,9447,81100,42210,04170,NA,7,17
17031803603,6397,77,5854,77,42,6,418,4591,51,4184,51,27,5,273,298.54,1208.15,37608,57238,30420,30450,05050,6,7
17031803604,4769,149,4388,149,42,5,183,3806,107,3431,107,33,5,123,247.49,1001.57,57225,57238,30420,30450,NA,6,7
17031803605,3032,27,2951,27,14,0,40,2284,16,2216,16,8,0,28,148.52,601.05,57225,57238,30420,30450,NA,6,7
17031803606,8279,767,6752,767,329,25,397,7043,517,5489,517,226,15,279,457.99,1853.41,57225,57238,30420,30450,NA,6,7
17031803607,5795,108,5441,108,48,6,192,4165,70,3864,70,29,5,127,270.84,1096.05,57225,57238,30420,30450,NA,6,7
17031803608,4381,166,4023,166,68,5,119,3447,120,3085,120,40,5,77,224.15,907.1,3844,57238,30420,30450,05050,6,7
17031803609,12885,2405,9247,2405,557,23,644,11533,1590,7546,1590,326,13,468,749.96,3034.99,57225,57238,30420,30450,NA,6,7
17031803610,5200,175,4795,175,78,9,141,4407,114,4018,114,56,6,99,286.57,1159.73,57225,57238,30420,30450,NA,6,7
17031803901,3150,103,2969,103,12,2,64,2723,74,2519,74,6,2,48,177.07,716.58,65338,57238,30420,30450,NA,6,7
17031803902,3907,139,3722,139,4,2,40,3064,91,2848,91,3,2,29,199.24,806.31,65338,57238,30420,04170,NA,6,7
17031804102,6978,101,6512,101,41,2,318,5158,70,4775,70,30,2,211,335.41,1357.36,57225,57238,30420,30450,NA,6,7
17031804104,4920,170,4221,170,39,4,486,3389,106,2843,106,26,3,305,220.38,891.84,35411,57238,30420,30450,NA,6,7
17031804105,4741,77,4282,77,39,1,338,3150,44,2826,44,26,1,209,204.84,828.94,35411,57238,30420,30450,NA,6,7
17031804106,6216,252,5507,252,48,8,399,4692,175,4049,175,34,5,254,305.11,1234.73,65338,57238,30420,30450,NA,6,7
17031804107,6491,198,5822,198,246,13,208,5750,154,5088,154,180,9,165,373.91,1513.15,65338,57238,30420,30450,NA,6,7
17031804201,6708,77,6255,77,40,2,332,4933,51,4606,51,26,1,198,332.53,1815.7,3883,3831,NA,NA,05050,6,7
17031804202,6326,141,5719,141,23,9,429,4576,106,4081,106,16,5,262,308.47,1684.3,3844,3831,NA,NA,05050,6,7
17031804301,59,2,57,2,0,0,0,47,1,45,1,0,0,0,2.84,7.87,35411,32694,NA,NA,05050,6,7
17031804302,14,0,14,0,0,0,0,10,0,10,0,0,0,0,0.6,1.67,35411,32694,NA,NA,05050,6,7
17031804304,5113,218,4681,218,50,5,158,3860,138,3440,138,34,3,107,233.25,646.26,73157,32694,NA,NA,13710,6,7
17031804305,8480,715,7301,715,149,16,294,6378,432,5211,432,93,14,196,385.4,1067.83,73157,32694,NA,NA,13710,6,7
17031804306,4578,443,4003,443,41,12,74,3454,256,2855,256,24,10,53,208.72,578.28,73157,32694,NA,NA,13710,6,7
17031804307,5671,321,4964,321,82,4,295,4303,208,3630,208,56,4,197,260.02,720.43,73157,32694,NA,NA,13710,6,7
17031804497,6861,2181,3629,2181,545,5,496,5983,1319,2736,1319,284,4,321,361.54,1001.7,23074,32694,NA,NA,13710,3,7
17031804498,8899,432,7839,432,309,16,300,6760,270,5813,270,204,12,191,408.49,1131.79,23074,32694,NA,NA,13710,6,7
17031804501,5646,133,5277,133,63,15,152,4299,97,3958,97,28,9,110,259.78,719.76,4013,32694,NA,NA,13710,6,7
17031804503,6676,696,5235,696,321,17,405,4820,422,3547,422,162,11,256,291.26,806.98,73157,32694,NA,NA,13710,6,7
17031804504,6848,1827,4423,1827,188,18,390,6053,1227,3235,1227,104,8,252,365.77,1013.42,32746,32694,NA,NA,13710,6,7
17031804505,3463,137,3194,137,86,3,43,2667,83,2422,83,48,2,29,161.16,446.52,4013,32694,NA,NA,13710,6,7
17031804603,4792,330,3822,330,230,12,398,4246,242,3268,242,184,9,301,296.11,974.41,68003,68016,34740,30450,NA,6,7
17031804604,5304,208,4531,208,95,4,465,4420,138,3743,138,73,2,326,308.25,1014.35,68003,68016,34740,30450,NA,6,7
17031804605,9540,183,8706,183,98,8,545,7166,139,6468,139,70,5,345,499.75,1644.53,68003,68016,34740,30450,NA,14,7
17031804606,10307,266,9140,266,69,4,827,7813,161,6870,161,50,4,567,544.87,1793.01,23256,68016,34740,30450,NA,14,7
17031804607,7617,222,6611,222,99,8,675,5422,158,4589,158,62,6,449,378.13,1244.29,23256,68016,34740,30450,NA,14,7
17031804701,5802,313,4899,313,318,13,257,4643,202,3849,202,201,9,180,323.8,1065.52,35411,68016,34740,30450,NA,6,7
17031804705,3894,187,3324,187,172,6,205,3092,122,2591,122,106,6,145,215.63,709.58,35411,68016,34740,30450,NA,6,7
17031804706,2821,52,2547,52,35,3,184,2038,36,1833,36,25,3,105,142.13,467.7,35411,68016,34740,30450,NA,6,7
17031804707,7929,246,6936,246,163,23,560,6477,181,5555,181,135,16,409,451.7,1486.41,35411,68016,34740,30450,NA,6,7
17031804708,5096,186,4192,186,157,11,550,3652,128,2927,128,102,7,360,254.69,838.1,35411,68016,34740,30450,NA,6,7
17031804709,10484,1173,7965,1173,437,23,877,8690,827,6130,827,276,15,615,606.04,1994.27,35411,68016,34740,30450,NA,6,7
17031804710,3560,96,3192,96,46,6,220,2526,60,2240,60,28,1,137,176.16,579.69,68003,68016,34740,30450,NA,14,7
17031804711,6492,268,5447,268,281,8,484,5020,179,4140,179,195,4,323,350.09,1152.04,68003,68016,34740,30450,NA,6,7
17031804712,6247,164,5490,164,163,2,428,4184,109,3590,109,113,2,261,291.79,960.19,68003,68016,34740,30450,NA,6,7
17031804803,1886,139,1561,139,60,6,120,1466,78,1188,78,37,5,80,102.24,336.43,68003,68016,34740,30450,NA,14,7
17031804804,5281,275,4656,275,139,6,202,4159,182,3558,182,87,4,146,290.05,954.45,32746,68016,34740,30450,NA,14,7
17031804805,7321,248,6558,248,79,6,429,5289,144,4655,144,52,3,291,368.85,1213.77,68003,68016,34740,30450,NA,14,7
17031804806,3971,275,3103,275,240,5,347,2796,177,2108,177,105,4,225,194.99,641.65,32746,68016,34740,30450,NA,14,7
17031804807,5475,112,5064,112,41,10,247,4120,76,3772,76,30,8,158,287.33,945.5,68003,68016,34740,30450,NA,14,7
17031804808,2992,67,2787,67,11,1,126,2183,45,1998,45,7,1,87,152.24,500.98,68003,68016,34740,30450,NA,14,7
17031804809,4995,103,4693,103,21,3,171,3646,61,3400,61,15,1,108,254.27,836.72,68003,68016,34740,30450,NA,14,7
17031804810,5819,202,4937,202,107,3,567,4429,129,3712,129,69,3,387,308.88,1016.41,68003,68016,34740,30450,NA,14,7
17031804901,5902,98,5647,98,14,9,133,4638,70,4383,70,9,8,98,345.92,1167.57,51089,23243,27210,04170,NA,14,5
17031804902,5829,134,5377,134,27,1,289,4680,91,4273,91,19,1,205,349.05,1178.14,19642,23243,13770,04170,NA,14,5
17031805001,4886,70,4668,70,2,0,146,3919,51,3719,51,2,0,96,292.3,986.57,51089,23243,27210,04170,NA,6,7
17031805002,6644,647,5213,647,169,13,594,5785,451,4336,451,123,10,414,431.47,1456.32,51089,23243,13770,04170,NA,6,7
17031805105,6301,1804,4048,1804,163,6,274,6423,1353,3395,1353,122,5,195,479.05,1616.93,65338,23243,30420,04170,NA,6,7
17031805106,2752,32,2557,32,17,3,143,2262,24,2096,24,13,3,102,168.71,569.44,2154,23243,13770,04170,NA,6,7
17031805107,5247,699,3640,699,138,23,734,4927,483,3287,483,117,15,542,367.48,1240.32,2154,23243,13770,04170,NA,6,7
17031805108,5769,664,4401,664,146,8,548,5199,492,3701,492,120,8,386,387.76,1308.8,51089,23243,13770,04170,NA,6,7
17031805109,4852,87,4489,87,41,0,232,3739,52,3462,52,23,0,150,278.87,941.26,2154,23243,13770,04170,NA,6,7
17031805110,4245,64,3962,64,10,2,207,3572,53,3324,53,10,1,131,266.41,899.22,2154,23243,04140,04170,NA,6,7
17031805111,6598,558,5473,558,136,9,420,5924,417,4653,417,109,7,321,441.84,1491.31,19642,23243,13770,04170,NA,14,5
17031805112,3571,439,2739,439,20,5,366,2965,303,2113,303,16,3,227,221.14,746.41,19642,23243,13770,04170,NA,14,5
17031805201,3799,93,3336,93,4,0,366,3091,71,2710,71,4,0,235,333.69,928.15,29938,46162,13140,24090,NA,20,16
17031805202,3731,75,3309,75,13,6,328,2951,52,2607,52,9,5,226,318.57,886.11,29938,46162,16920,29010,NA,20,16
17031805301,3616,96,2968,96,8,5,537,2984,68,2470,68,7,5,366,322.14,896.02,50647,46162,13140,24090,NA,20,16
17031805302,4007,94,3113,94,6,0,794,3206,70,2534,70,4,0,528,346.1,962.68,50647,46162,13140,24090,NA,20,16
17031805401,4035,64,3851,64,1,0,118,3488,43,3306,43,1,0,95,376.54,1047.36,53000,46162,13140,24090,NA,9,5
17031805402,5327,90,5052,90,3,0,178,4566,59,4318,59,2,0,128,492.92,1371.05,53000,46162,13140,24090,NA,9,16
17031805501,3246,43,3138,43,0,1,64,2711,31,2608,31,0,1,40,292.66,814.04,57875,46162,30840,24090,NA,14,5
17031805502,3948,58,3846,58,4,2,37,3042,39,2931,39,2,2,29,328.4,913.44,57875,46162,30840,24090,NA,14,5
17031805701,4997,33,4886,33,2,3,73,4006,22,3908,22,1,3,50,432.46,1202.9,57875,46162,30840,24090,NA,14,5
17031805702,2057,42,1964,42,0,1,50,1720,31,1618,31,0,1,39,193.13,448.33,57875,43120,30840,24090,NA,14,5
17031805801,2630,22,2540,22,1,5,61,2209,17,2127,17,1,3,44,238.47,663.31,57875,46162,30840,24090,NA,14,5
17031805802,4660,52,4480,52,2,3,122,3797,36,3642,36,1,3,79,409.9,1140.14,57875,46162,30840,24090,NA,14,5
17031805901,3508,103,3255,103,19,2,128,3057,68,2808,68,13,2,98,330.02,917.94,57875,46162,30840,24090,NA,14,5
17031805902,6924,143,6468,143,14,2,297,5737,96,5338,96,10,2,195,619.33,1722.68,57875,46162,30840,24090,NA,14,5
17031806001,8447,865,6183,865,311,44,1039,7642,638,5377,638,215,32,742,824.99,2294.7,19642,46162,13140,24090,NA,20,5
17031806002,7172,476,5232,476,238,12,1199,6096,343,4426,343,172,8,804,658.09,1830.47,19642,46162,12120,24090,NA,7,5
17031806003,7083,532,5056,532,286,6,1200,5951,376,4163,376,204,3,829,642.43,1786.93,57875,46162,13140,24090,NA,20,5
17031806004,7041,524,5589,524,70,13,839,6175,388,4752,388,51,7,589,666.62,1854.2,53000,46162,13140,24090,NA,20,16
17031806101,5203,227,4756,227,22,2,195,4322,145,3881,145,12,2,137,466.58,1297.79,19642,46162,12120,24090,NA,7,5
17031806102,4005,181,3547,181,21,10,246,3205,107,2794,107,13,6,178,345.99,962.38,19642,46162,12120,24090,NA,14,5
17031806501,2574,599,1474,599,25,1,474,2280,397,1154,397,12,1,319,246.14,684.63,19642,46162,12120,24090,NA,14,5
17031806502,4046,296,3653,296,6,1,89,3348,185,2914,185,5,1,58,361.43,1005.32,19642,46162,12120,24090,NA,14,5
17031806801,4245,92,3461,92,37,1,653,3637,70,3035,70,30,1,431,635.37,1000.03,70122,53013,36450,28530,NA,20,16
17031806802,3264,132,2606,132,23,3,498,2553,89,2023,89,20,2,330,446,701.97,70122,53013,36450,28530,NA,20,16
17031808001,3425,111,2727,111,1,0,586,2884,85,2316,85,1,0,397,503.82,792.98,43744,53013,23100,28530,NA,9,16
17031808002,4142,146,3239,146,8,2,747,3304,114,2582,114,6,2,486,577.19,908.47,43744,53013,23100,28530,NA,9,16
17031808301,4356,171,3717,171,5,8,449,3670,115,3120,115,3,6,311,641.13,1009.1,50647,53013,26850,28530,NA,9,16
17031808302,3200,77,2550,77,6,0,564,2677,55,2197,55,6,0,364,467.66,736.07,50647,53013,36480,28530,NA,20,16
17031808701,879,13,839,13,11,0,16,688,10,644,10,10,0,14,110.38,127.38,24582,24595,14460,14490,NA,20,16
17031808702,8154,167,6267,167,489,18,1201,7990,157,6073,157,478,11,1114,1281.93,1479.27,24582,24595,14460,14490,NA,20,16
17031810301,3758,202,2209,202,1052,9,264,3101,144,1863,144,732,9,209,497.53,574.12,24582,24595,14460,14490,NA,20,16
17031810302,3380,171,2208,171,855,3,134,2630,108,1743,108,572,2,97,421.96,486.92,24582,24595,14460,14490,NA,20,16
17031810501,5146,82,5004,82,5,6,49,4402,58,4239,58,5,5,37,539.72,1240.25,53377,54430,28650,33720,NA,9,2
17031810502,4879,132,4646,132,5,5,90,4297,107,4017,107,5,4,57,526.85,1210.67,53377,54430,28650,33720,NA,9,2
17031810701,4222,174,4002,174,1,9,36,3552,117,3282,117,1,5,30,398.83,925.85,23724,43120,NA,NA,14100,10,2
17031810702,3445,246,3158,246,1,2,38,3090,180,2695,180,1,2,32,346.96,805.43,23724,43120,NA,NA,14100,10,2
17031811301,4372,497,3612,497,162,4,94,3643,348,2749,348,123,4,71,409.05,949.57,53871,43120,24330,22740,NA,9,2
17031811302,3497,949,2329,949,38,10,161,3191,614,1810,614,29,9,115,358.3,831.75,48242,43120,15780,22740,NA,10,2
17031811401,4456,450,3967,450,1,6,30,3792,301,3164,301,1,5,20,425.78,988.41,27702,43120,15780,22740,NA,9,2
17031811402,4195,299,3765,299,17,11,103,3555,201,3066,201,12,5,70,399.17,926.63,27702,43120,15780,22740,NA,9,2
17031811701,4489,2529,1733,2529,45,15,162,4517,1520,1310,1520,30,12,125,507.18,1177.38,27702,43120,24330,22740,NA,9,2
17031811702,4827,479,4102,479,131,14,97,4014,316,3190,316,112,13,67,450.71,1046.27,53871,43120,24330,22740,NA,9,2
17031815701,3889,89,3766,89,0,1,32,3157,69,2992,69,0,1,26,421.99,1221,64421,64434,33990,34020,NA,11,15
17031815702,5063,180,4818,180,2,2,57,4172,109,3913,109,2,2,37,557.66,1613.56,64421,64434,33990,34020,NA,11,15
17031816401,3986,2139,1757,2139,39,3,46,4253,1370,1446,1370,34,3,30,573.24,918.82,48242,62133,25110,32910,NA,22,12
17031816402,3749,1698,1989,1698,10,6,41,3815,1065,1647,1065,8,5,25,514.21,824.2,48242,62133,25110,32910,NA,22,12
17031817101,4906,111,885,111,3862,6,42,3444,71,793,71,2473,5,31,464.2,744.05,4975,62133,05760,32910,NA,22,6
17031817102,3764,92,400,92,3239,1,28,2736,61,375,61,2214,1,24,368.77,591.09,4975,62133,05760,32910,NA,22,6
17031818401,3789,130,3442,130,81,7,129,3110,93,2774,93,59,6,85,419.18,671.89,35086,62133,19230,32910,NA,11,5
17031818402,3238,41,3049,41,75,0,71,2807,31,2633,31,55,0,57,378.34,606.43,80047,62133,41790,32910,NA,11,12
17031819801,4942,47,4866,47,4,1,24,3660,30,3580,30,2,1,17,432.5,1040.29,80242,45447,41820,23880,NA,11,15
17031819802,2798,22,2736,22,1,4,35,2168,13,2114,13,1,2,25,256.19,616.22,80242,45447,19110,23880,NA,11,15
17031820101,6967,119,6559,119,46,7,233,5679,85,5323,85,30,6,150,671.09,1614.16,37257,45447,19110,23880,NA,11,15
17031820103,3932,138,3693,138,38,2,61,3174,93,2912,93,30,2,44,375.07,902.16,40767,45447,21630,23880,NA,2,15
17031820104,4257,126,4047,126,37,5,38,3565,94,3306,94,32,5,34,421.27,1013.29,16873,45447,19110,23880,NA,2,15
17031820201,6213,108,5943,108,41,2,118,4730,77,4471,77,26,1,78,558.94,1344.42,16873,45447,32040,23880,NA,2,15
17031820202,2699,614,2054,614,5,6,13,2536,391,1737,391,2,5,10,299.68,720.82,35385,45447,21630,23880,NA,2,15
17031820501,6160,339,5736,339,1,10,71,4729,209,4255,209,1,7,48,558.82,1344.14,8225,45447,07170,04020,NA,2,15
17031820502,5174,277,4815,277,17,11,54,4234,186,3800,186,17,6,39,500.33,1203.44,8225,45447,07170,04020,NA,2,15
17031820601,4474,229,4184,229,4,5,52,3592,131,3287,131,3,3,37,424.47,1020.97,38830,45447,07170,04020,NA,2,15
17031820602,11607,449,9361,449,1610,11,163,9056,298,7197,298,1136,8,119,1070.14,2574.02,38830,45447,07170,04020,NA,2,15
17031820901,5625,540,4976,540,0,28,76,4516,356,3721,356,0,21,62,649.3,1111.93,9642,72689,36810,33270,NA,12,15
17031820902,4703,250,4363,250,2,7,81,3679,167,3294,167,2,6,43,528.95,905.84,9642,72689,36810,33270,NA,12,15
17031821001,4992,263,4648,263,0,1,69,3788,159,3430,159,0,1,39,544.63,932.68,9642,72689,36810,33270,NA,12,15
17031821002,5638,212,5399,212,1,5,21,4442,143,4135,143,1,4,16,638.66,1093.71,9642,72689,36810,33270,NA,12,15
17031821101,4102,207,3841,207,8,10,36,3219,133,2916,133,8,2,27,462.82,792.58,9642,72689,36810,33270,NA,12,15
17031821102,3872,137,3678,137,0,4,49,3071,93,2843,93,0,3,39,441.54,756.14,9642,72689,36810,33270,NA,12,15
17031821401,3692,247,759,247,2673,6,1,2809,161,680,161,1802,4,1,371.63,376.23,10513,10474,08130,06540,NA,21,14
17031821402,3524,163,633,163,2719,1,7,2592,116,585,116,1769,0,6,342.92,347.17,10513,10474,08130,06540,NA,21,14
17031822101,4424,82,4318,82,0,7,17,3463,51,3345,51,0,3,13,405.92,1017.88,54820,83531,29190,29220,NA,12,15
17031822102,4301,122,4012,122,14,2,146,3764,83,3480,83,10,2,106,441.21,1106.36,54820,83531,29190,29220,NA,12,15
17031822301,3911,121,3748,121,0,7,35,3005,72,2832,72,0,3,26,352.24,883.26,54820,83531,33690,29220,NA,12,15
17031822302,4357,156,4142,156,8,4,47,3512,125,3224,125,8,3,27,411.67,1032.29,54820,83531,33690,29220,NA,12,15
17031822601,4774,72,4681,72,7,0,14,3739,44,3635,44,5,0,11,438.27,1099.01,54820,83531,29190,06540,NA,12,15
17031822602,5829,144,5625,144,4,5,51,4875,105,4622,105,2,5,36,571.43,1432.92,54820,83531,29190,06540,NA,12,15
17031822701,4334,111,4160,111,5,2,56,3815,73,3626,73,5,2,36,447.18,1121.35,54820,83531,29190,06540,NA,12,15
17031822702,3742,70,3621,70,7,2,42,3234,46,3104,46,3,2,33,379.08,950.57,54820,83531,29190,06540,NA,12,13
17031822801,3436,49,3332,49,1,1,53,2947,38,2833,38,1,1,36,345.44,866.22,54820,83531,03480,06540,NA,12,13
17031822802,3821,91,3680,91,0,1,47,3099,59,2950,59,0,1,30,363.26,910.89,54820,83531,29190,06540,NA,12,13
17031823001,6028,222,5702,222,40,6,58,4855,145,4493,145,27,6,39,569.09,1427.04,14065,83531,09990,06540,NA,12,15
17031823002,6138,201,5905,201,1,4,27,4702,125,4430,125,0,2,20,551.16,1382.07,14065,83531,09990,06540,NA,12,15
17031823101,4561,130,4389,130,4,2,36,3544,89,3339,89,2,2,23,415.42,1041.69,83518,83531,43380,06540,NA,11,15
17031823102,3909,123,3761,123,10,2,13,3035,81,2856,81,2,2,13,355.75,892.08,83518,83531,43380,06540,NA,11,15
17031823302,5313,311,4328,311,557,4,111,4040,195,3181,195,390,4,75,473.56,1187.48,1010,83531,03480,06540,NA,12,13
17031823303,4894,178,4662,178,16,8,30,3678,103,3431,103,12,6,23,431.12,1081.08,1010,83531,03480,06540,NA,12,13
17031823304,5944,177,5407,177,300,8,50,4673,115,4172,115,229,8,34,547.76,1373.54,1010,83531,04560,06540,NA,12,13
17031823602,5778,108,5606,108,8,5,50,4760,80,4555,80,7,2,36,557.95,1399.11,17497,83531,30570,06540,NA,11,15
17031823603,3186,1035,251,1035,1893,0,2,2643,654,219,654,1115,0,1,309.8,776.86,64616,83531,06510,06540,NA,12,14
17031823604,3030,40,2956,40,0,0,34,2372,21,2307,21,0,0,23,278.04,697.21,57381,83531,30570,06540,NA,11,15
17031823605,4658,65,4477,65,39,2,75,3698,39,3531,39,33,2,54,433.47,1086.96,57381,83531,30570,06540,NA,11,15
17031823702,6624,276,5816,276,346,17,165,5197,186,4455,186,247,11,112,528.62,1549.93,57394,57355,28890,08400,NA,2,19
17031823703,5274,213,4949,213,6,8,97,4302,150,3933,150,3,6,60,437.58,1283.01,34514,57355,28890,08400,NA,2,15
17031823704,3953,124,3769,124,6,2,52,3068,86,2861,86,3,2,30,312.06,914.98,34514,57355,28890,08400,NA,2,19
17031823705,4593,173,4332,173,21,6,57,3671,115,3378,115,13,5,45,373.4,1094.82,34514,57355,28890,08400,NA,2,19
17031823801,4849,93,4576,93,34,1,145,3488,63,3246,63,19,1,96,354.78,1040.24,57407,57355,30600,08400,NA,11,19
17031823803,6985,221,6603,221,20,6,134,5585,151,5171,151,13,3,96,568.08,1665.64,57394,57355,28890,08400,NA,11,19
17031823804,6618,139,6423,139,4,5,47,5677,99,5441,99,4,5,29,577.44,1693.08,83518,57355,43380,08400,NA,11,15
17031823901,2878,50,2760,50,6,4,56,2263,38,2145,38,4,2,36,230.18,674.91,57407,57355,30600,08400,NA,11,19
17031823903,4598,59,4393,59,15,2,128,3520,38,3343,38,9,2,90,358.04,1049.79,57407,57355,30600,08400,NA,11,15
17031823904,4544,47,4336,47,1,1,159,3734,36,3563,36,0,1,98,379.81,1113.61,57381,57355,30600,08400,NA,11,15
17031824001,6831,175,6565,175,15,11,64,5139,113,4842,113,11,10,50,532.18,1216.66,42795,42808,22470,22500,NA,11,19
17031824002,4706,73,4600,73,7,3,23,3465,49,3339,49,5,3,20,358.82,820.34,42795,42808,22470,22500,NA,11,19
17031824104,1662,52,1576,52,12,0,21,1163,29,1087,29,7,0,11,86.94,278.63,56640,56614,30220,08400,NA,11,19
17031824105,8306,164,7796,164,28,1,317,5805,97,5396,97,15,1,199,433.95,1390.78,56640,56614,30220,08400,NA,11,19
17031824106,11176,304,10381,304,68,8,414,8350,199,7631,199,41,6,274,624.2,2000.51,56640,56614,30220,08400,NA,11,19
17031824107,8575,134,8006,134,16,2,417,6725,78,6291,78,11,2,265,502.73,1611.19,56640,56614,30220,08400,NA,11,19
17031824108,9983,364,9223,364,235,14,146,6549,205,5911,205,120,9,99,489.57,1569.03,56627,56614,21270,08400,NA,11,19
17031824109,12725,334,12114,334,45,10,219,8882,201,8313,201,33,7,127,663.97,2127.97,75484,56614,21270,08400,NA,11,19
17031824110,5886,194,5552,194,19,2,119,4125,103,3828,103,12,2,77,308.36,988.28,75484,56614,21270,08400,NA,11,19
17031824111,6628,145,6362,145,2,3,116,4655,95,4383,95,2,3,77,347.98,1115.26,56640,56614,30220,08400,NA,11,19
17031824112,3491,106,3349,106,1,1,33,2794,77,2612,77,1,1,26,208.87,669.39,56640,56614,30220,08400,NA,11,19
17031824503,5164,132,4971,132,10,4,45,3983,88,3766,88,7,3,31,498.63,875.81,17497,7939,06510,06540,NA,12,15
17031824505,8025,187,7564,187,94,8,172,5713,119,5300,119,63,4,108,715.21,1256.22,54638,7939,15480,07050,NA,12,15
17031824597,4988,93,4824,93,10,6,53,3671,63,3493,63,7,5,40,459.57,807.21,54638,7939,39030,08400,NA,12,15
17031824598,4048,82,3923,82,13,1,28,3121,47,2998,47,10,1,18,390.72,686.27,75484,7939,39030,07050,NA,12,15
17031824601,4188,106,4045,106,1,2,34,3084,60,2941,60,0,2,21,386.09,678.13,48892,7939,15480,07050,NA,12,15
17031824602,5657,154,5478,154,6,3,16,4190,95,3979,95,5,3,13,524.55,921.33,54638,7939,15480,07050,NA,12,15
17031824701,4001,165,3798,165,5,7,26,3024,104,2788,104,2,7,19,378.58,664.94,48892,7939,25920,07050,NA,12,15
17031824702,5743,237,5100,237,335,7,60,4274,149,3723,149,200,6,47,535.06,939.8,48892,7939,25920,07050,NA,12,14
17031825301,3731,84,3629,84,1,2,14,2860,60,2729,60,0,1,10,358.05,628.88,75484,7939,39030,07050,NA,12,15
17031825302,4974,79,4838,79,26,6,25,3785,48,3647,48,22,2,18,473.85,832.27,75484,7939,03930,07050,NA,12,15
17031825501,5933,165,2396,165,3271,6,90,4094,97,1873,97,1963,6,58,512.53,900.22,33695,7939,24720,07050,NA,12,14
17031825503,6522,146,3637,146,2641,9,87,4857,88,2824,88,1788,6,63,608.05,1067.99,33695,7939,24720,07050,NA,12,14
17031825504,4313,114,770,114,3314,8,93,2773,64,578,64,1993,3,71,347.15,609.75,16691,7939,24720,07050,NA,12,14
17031825505,4969,102,2022,102,2674,1,165,3533,68,1581,68,1710,1,105,442.3,776.86,16691,7939,11010,07050,NA,12,14
17031825801,4197,170,1735,170,2265,3,23,3343,108,1540,108,1568,3,16,457.6,751.41,10487,75198,12420,38970,NA,21,14
17031825802,5723,634,3226,634,1812,4,46,4565,397,2516,397,1219,2,34,624.87,1026.08,10487,75198,12420,38970,NA,21,14
17031825803,5565,215,3390,215,1926,0,28,4541,155,2858,155,1355,0,18,621.58,1020.69,10487,75198,12420,38970,NA,17,14
17031826201,3913,131,1568,131,2182,13,16,3331,104,1361,104,1739,11,12,455.95,748.72,10487,75198,12420,38970,NA,17,14
17031826202,6068,303,5292,303,429,8,32,4844,205,4136,205,271,8,19,663.06,1088.8,10487,75198,19680,38940,NA,17,1
17031826301,3830,94,3124,94,593,4,15,3087,70,2546,70,387,2,12,422.55,693.87,70850,75198,36750,38970,NA,17,14
17031826303,3971,156,2707,156,1059,2,46,3168,94,2236,94,712,2,30,433.64,712.08,20292,75198,12420,38970,NA,17,14
17031826304,3511,99,1303,99,2072,2,30,2599,64,1103,64,1347,2,19,355.76,584.18,20292,75198,12420,38970,NA,17,14
17031826401,4021,216,1939,216,1790,2,72,3027,125,1610,125,1118,2,47,414.34,680.38,20292,75198,12450,38970,NA,21,14
17031826402,5529,282,2794,282,2378,4,65,4193,171,2281,171,1521,4,45,573.95,942.47,20292,75198,12420,38970,NA,21,14
17031826901,2764,34,64,34,2658,5,1,1934,20,48,20,1842,3,1,264.73,434.71,33383,75198,18480,38970,NA,21,14
17031826902,2245,18,40,18,2185,2,0,1498,9,40,9,1438,2,0,205.05,336.71,33383,75198,18480,38970,NA,21,14
17031827801,5081,89,4611,89,283,2,96,3999,48,3647,48,195,2,59,547.39,898.86,70850,75198,36750,38970,NA,12,1
17031827802,3415,79,2783,79,482,7,60,2761,59,2268,59,327,3,45,377.93,620.6,70850,75198,36750,38970,NA,12,1
17031827804,3340,76,3007,76,197,2,58,2728,48,2448,48,140,2,42,373.41,613.18,70850,75198,36720,38970,NA,12,1
17031827805,3286,50,2960,50,227,9,40,2647,41,2381,41,157,6,21,362.33,594.97,70850,75198,36720,38970,NA,12,1
17031827901,2302,51,1497,51,636,0,115,1761,35,1164,35,449,0,78,241.05,395.82,70850,75198,36720,38970,NA,17,1
17031827902,4607,166,3822,166,588,7,19,3677,118,2993,118,430,4,14,503.31,826.49,42028,75198,22020,38940,NA,17,1
17031828201,3925,109,3773,109,27,1,15,3152,73,2968,73,24,1,13,431.45,708.48,42028,75198,22020,38940,NA,17,1
17031828202,4481,120,4276,120,59,6,19,3568,82,3341,82,42,6,15,488.39,801.99,42028,75198,22020,38970,NA,17,1
17031828401,3603,70,3375,70,122,1,33,2842,56,2633,56,77,1,19,389.02,638.8,35879,75198,19530,19560,NA,12,14
17031828402,3529,116,2975,116,408,2,28,2866,86,2399,86,271,2,22,392.3,644.2,35879,75198,18600,38970,NA,12,14
17031828503,5277,469,3829,469,926,12,34,3806,268,2710,268,525,9,26,493.83,923.79,67769,6561,35460,06420,NA,17,1
17031828504,5979,559,4494,559,864,18,43,4229,316,3100,316,456,10,31,548.72,1026.46,67769,6561,35460,06420,NA,17,1
17031828505,6271,154,6048,154,21,2,46,4830,95,4593,95,15,2,30,626.7,1172.33,42028,6561,38370,38940,NA,17,1
17031828506,7224,304,5840,304,1006,10,59,5316,190,4256,190,629,7,44,689.76,1290.29,45421,6561,38370,38940,NA,17,1
17031828601,4197,50,4072,50,42,2,31,3267,32,3157,32,24,2,20,423.9,792.96,35879,6561,19530,19560,NA,17,14
17031828602,5012,63,4181,63,663,2,97,3705,39,3102,39,466,0,59,480.73,899.27,35879,6561,19530,19560,NA,17,14
17031828701,3917,119,3313,119,423,6,53,3013,83,2574,83,229,5,39,390.94,731.31,30029,6561,16950,06420,NA,17,14
17031828702,5518,214,3029,214,2241,7,22,4146,134,2262,134,1594,5,17,537.95,1006.31,30029,6561,16950,06420,NA,17,14
17031828801,5093,134,4173,134,639,4,141,3874,81,3193,81,417,4,98,502.66,940.29,14026,6561,15420,19560,NA,17,14
17031828802,3300,163,2848,163,286,1,2,2567,111,2174,111,168,1,2,333.07,623.06,14026,6561,16950,06420,NA,17,14
17031829301,3811,112,3075,112,588,4,31,2887,76,2371,76,338,3,23,374.59,700.73,14026,6561,09960,06420,NA,17,14
17031829302,4083,319,1497,319,2234,2,24,2978,202,1250,202,1304,2,18,386.4,722.82,14026,6561,09960,06420,NA,17,14
17031829401,2090,94,87,94,1903,0,1,1271,53,78,53,1087,0,0,164.91,308.5,14026,6561,30810,33420,NA,17,14
17031829402,4235,156,2681,156,1341,10,34,3046,97,2036,97,784,4,28,395.22,739.32,57732,6561,30810,33420,NA,17,1
17031829901,5187,80,2294,80,2744,7,57,3602,50,1714,50,1743,5,40,475.81,990.47,16691,63498,11010,33420,NA,17,14
17031829902,4144,110,3121,110,788,9,115,3257,67,2473,67,568,5,77,430.23,895.6,26571,63498,15420,19560,NA,17,14
17031830001,1626,12,1601,12,4,0,9,1443,9,1416,9,2,0,7,190.61,396.79,27624,63498,36300,33420,NA,17,1
17031830002,7358,293,5644,293,1232,20,166,5257,193,3964,193,787,13,107,694.42,1445.55,63706,63498,36300,33420,NA,17,1
17031830003,4628,165,1316,165,3032,5,101,3099,99,934,99,1890,5,72,409.36,852.15,47540,63498,36300,33420,NA,17,14
17031830004,4922,133,2686,133,1939,8,148,3625,92,2051,92,1291,3,96,478.84,996.79,47540,63498,25020,33420,NA,17,14
17031830005,3247,38,2399,38,588,4,212,2499,26,1910,26,396,4,137,330.11,687.17,55938,63498,25020,33420,NA,17,14
17031830006,1999,47,1801,47,87,0,64,1596,34,1427,34,59,0,42,210.82,438.86,47540,63498,25020,33420,NA,17,14
17031830201,4188,91,2913,91,1150,10,22,3393,65,2391,65,845,8,19,448.2,933,63706,63498,25020,33420,NA,17,1
17031830202,3399,121,2646,121,592,4,34,2598,76,1990,76,428,2,26,343.18,714.39,57732,63498,30810,33420,NA,17,1
17031830898,0,0,0,0,0,0,0,0,0,0,0,0,0,0,0,0,53871,43120,NA,NA,13970,14,5
17033009801,3158,22,3117,22,9,2,8,2280,8,2255,8,3,2,4,78,191,36841,36854,NA,NA,19920,5,10
17033009802,3931,19,3893,19,8,4,5,2995,9,2964,9,6,4,3,328,740,55106,55119,NA,NA,29420,5,10
17033009803,3296,17,3250,17,10,11,7,2642,11,2603,11,6,4,7,517.97,1243.02,64707,64720,NA,NA,34230,5,10
17033009804,3175,12,3118,12,26,4,13,2423,7,2386,7,10,4,9,475.03,1139.98,64707,64720,NA,NA,34230,5,10
17033009805,2854,2,2830,2,4,6,11,2112,1,2101,1,1,3,5,352,537,57277,41833,NA,NA,30480,5,10
17033009806,3050,8,3027,8,5,7,3,2228,6,2208,6,1,5,2,222,350,26350,35970,NA,NA,34230,5,10
17035009724,3297,12,3279,12,2,1,3,2533,8,2514,8,1,0,2,61,147,31524,31537,NA,NA,39090,5,10
17035009725,3183,12,3166,12,0,3,2,2299,5,2286,5,0,2,1,261,512,75601,73729,NA,NA,39090,5,10
17035009726,4190,15,4152,15,3,2,18,2866,5,2841,5,2,2,11,138,248,51986,51993,NA,NA,27840,5,10
17037000001,4500,136,4342,136,3,13,6,3345,82,3166,82,3,8,4,337,866,28898,28911,NA,NA,16410,3,20
17037000002,3544,150,3385,150,3,2,4,2617,102,2406,102,3,2,2,202,401,40156,27650,NA,NA,21300,3,20
17037000003,2481,32,2430,32,12,2,5,1817,19,1767,19,5,2,5,122,372,46279,46292,14410,34290,24190,3,20
17037000004,3448,17,3397,17,23,4,7,2460,10,2419,10,13,3,5,330.78,869.64,74223,74236,NA,NA,38460,3,20
17037000005,2467,57,2302,57,78,5,21,1850,32,1729,32,41,3,13,63,208,74223,19174,NA,NA,38460,3,20
17037000006,4994,109,4650,109,192,6,35,3735,58,3471,58,130,5,13,502.22,1320.36,74223,74236,NA,NA,38460,3,20
17037000007,2745,38,2628,38,39,6,28,2000,23,1909,23,25,4,16,256.66,674.84,74223,16483,NA,NA,38460,3,20
17037000008,4538,146,4240,146,94,11,45,3558,84,3297,84,48,11,34,393.91,752.02,19161,19174,NA,NA,12000,3,20
17037000009,4500,75,4128,75,96,4,196,3647,57,3317,57,69,4,143,403.76,770.83,19161,19174,NA,NA,12000,3,20
17037000010,7138,307,5781,307,454,6,579,6759,250,5426,250,336,6,491,748.29,1428.58,19161,19174,NA,NA,12000,3,20
17037000011,5577,252,4550,252,486,6,280,5799,251,4535,251,479,6,277,642.01,1225.67,19161,19174,NA,NA,12000,3,20
17037000012,3901,125,3274,125,299,2,199,3716,112,3056,112,257,2,177,411.4,785.41,19161,19174,NA,NA,12000,3,20
17037000013,5567,303,5011,303,117,6,124,4804,210,4190,210,85,6,103,531.85,1015.37,19161,19174,NA,NA,12000,3,20
17037000014,2908,86,2625,86,81,7,107,2229,50,1989,50,51,6,83,246.77,471.12,19161,19174,NA,NA,12000,3,20
17037000015,3350,188,3083,188,33,7,32,2585,113,2307,113,22,7,23,74,183,19161,19174,NA,NA,12000,3,20
17037000016,1795,37,1746,37,0,0,12,1343,27,1281,27,0,0,8,172.34,453.16,16470,16483,NA,NA,12000,3,20
17037000017,3145,40,3094,40,8,1,1,2322,32,2254,32,2,1,1,174,529,35268,72182,NA,NA,19260,3,20
17037000018,3720,21,3684,21,6,6,3,2645,12,2612,12,4,3,2,103,341,79163,68835,NA,NA,35970,3,20
17037000019,1859,6,1844,6,1,2,6,1300,3,1289,3,0,2,3,115,407,70460,70473,NA,NA,36570,3,20
17037000020,3624,69,3517,69,10,10,16,2688,39,2589,39,6,5,10,265.76,757.03,67548,67561,NA,NA,35370,3,20
17037000021,2131,135,1982,135,1,4,9,1651,79,1483,79,1,2,7,163.24,464.97,67548,67561,NA,NA,35370,3,20
17039009714,2770,8,2756,8,0,3,3,2091,6,2075,6,0,1,3,201,546,25414,67639,NA,NA,00003,16,3
17039009715,2806,3,2796,3,0,6,1,2057,1,2048,1,0,6,1,25,58,78773,78786,NA,NA,10440,16,3
17039009716,3589,11,3545,11,12,10,11,2594,6,2562,6,8,4,8,64,105,79449,76342,05340,23050,10440,16,3
17039009717,3316,9,3280,9,6,6,15,2549,5,2526,5,2,3,8,358.65,753.48,15001,15014,NA,NA,10440,16,3
17039009718,4035,49,3955,49,7,11,13,3016,26,2938,26,7,8,11,424.35,891.52,15001,15014,NA,NA,10440,16,3
17041009520,2897,10,2885,10,0,0,2,2141,8,2124,8,0,0,1,52,101,52623,52636,NA,NA,28290,5,3
17041009521,4007,11,3975,11,2,10,9,2870,5,2846,5,1,10,3,453,804,77941,10604,NA,NA,40320,5,3
17041009522,4495,21,4466,21,2,1,5,3409,15,3371,15,2,1,5,636,1362,76407,76420,NA,NA,39600,5,3
17041009523,4835,6,4820,6,4,1,4,3208,1,3200,1,4,1,1,187,341,2414,7458,NA,NA,04260,5,3
17041009524,3230,244,2956,244,7,6,17,2523,146,2213,146,3,6,9,317,634,1881,1894,NA,NA,03960,5,3
17043008400,2679,558,2029,558,5,4,77,2387,364,1594,364,3,4,58,0,0,5248,250,05910,15030,09930,14,5
17043008402,9766,251,9054,251,40,6,403,7251,167,6610,167,28,4,275,621.27,1837.3,37907,250,20220,21840,NA,14,5
17043008404,941,80,838,80,5,1,17,745,54,619,54,4,1,13,63.83,188.77,243,250,03150,13940,NA,14,5
17043008405,6406,570,5530,570,18,8,279,5157,354,4234,354,12,7,196,441.86,1306.71,243,250,03150,13940,13970,14,5
17043008406,4789,110,4601,110,13,5,60,3716,70,3522,70,6,4,44,318.39,941.58,23620,250,03150,13940,13970,14,5
17043008408,9064,2065,6136,2065,49,22,779,8083,1360,4821,1360,35,19,488,692.56,2048.12,5248,250,05910,15030,09930,14,5
17043008415,10643,2807,7588,2807,92,17,127,9054,1733,5436,1733,59,12,81,721.1,2285.43,80060,82413,41550,40440,NA,3,20
17043008418,9619,164,9198,164,77,8,169,6818,109,6448,109,45,7,100,601.04,2492.62,81048,49451,NA,NA,42180,14,5
17043008419,6379,76,5965,76,115,12,211,5211,63,4816,63,86,8,175,459.37,1905.11,81048,49451,16800,16830,42180,14,5
17043008420,4512,35,4420,35,14,2,40,3212,18,3138,18,10,2,26,283.15,1174.29,29756,49451,16800,16830,NA,14,5
17043008421,4882,110,4611,110,73,3,83,3672,77,3418,77,46,1,53,323.7,1342.46,29756,49451,16800,16830,NA,14,5
17043008422,4484,73,4348,73,19,0,44,3424,45,3284,45,13,0,37,301.84,1251.79,29756,49451,16800,16830,NA,14,5
17043008423,3737,49,3571,49,47,4,66,2645,31,2510,31,35,2,36,233.17,966.99,29756,49451,16800,16830,NA,14,5
17043008424,4978,114,4197,114,323,4,319,3753,88,3141,88,225,4,207,330.84,1372.07,81048,49451,16800,16830,42180,14,5
17043008425,2733,83,2572,83,32,5,39,2029,54,1875,54,18,4,24,178.87,741.79,81048,49451,NA,NA,42180,14,5
17043008428,4443,107,4170,107,14,1,151,3437,66,3191,66,9,1,104,352.9,1181.78,23620,83947,NA,NA,13970,14,5
17043008429,4516,83,4345,83,44,3,41,3697,62,3494,62,40,3,36,379.6,1271.18,23620,83947,NA,NA,13970,14,5
17043008430,3906,209,3564,209,40,5,84,3093,130,2743,130,28,5,57,317.58,1063.5,23620,83947,40350,13940,13970,14,5
17043008431,3929,115,3627,115,28,7,150,3138,91,2839,91,16,2,99,322.2,1078.97,77993,83947,40350,13940,NA,14,5
17043008432,5346,276,4875,276,51,8,136,4238,187,3738,187,27,7,92,435.15,1457.2,77993,83947,40350,13940,NA,14,5
17043008433,7535,398,6678,398,67,6,382,5567,243,4797,243,34,5,245,571.61,1914.16,44407,83947,40350,13940,NA,14,5
17043008434,3654,79,3496,79,4,2,68,2768,53,2611,53,4,1,46,284.21,951.75,44407,83947,23460,16830,NA,14,5
17043008435,4897,92,4729,92,13,11,51,3861,60,3680,60,12,9,40,396.44,1327.57,44407,83947,23460,16830,NA,14,5
17043008436,6885,127,6657,127,20,11,69,5187,94,4943,94,9,6,41,532.59,1783.5,44407,83947,40350,13940,NA,14,5
17043008437,4664,82,4520,82,9,2,51,3618,54,3464,54,5,2,39,371.49,1244.02,77993,83947,40350,13940,NA,14,5
17043008438,3249,81,3101,81,12,7,48,2459,59,2297,59,6,4,34,252.48,845.5,77993,83947,40350,13940,NA,14,5
17043008439,3993,69,3860,69,14,7,43,3053,47,2915,47,10,6,28,313.47,1049.75,23620,83947,40350,13940,13970,14,5
17043008440,7574,103,7326,103,15,2,127,5745,72,5504,72,12,2,83,589.88,1975.36,23620,83947,NA,NA,13970,14,5
17043008441,3965,45,3833,45,1,1,83,3078,39,2948,39,1,1,50,316.04,1058.34,23620,83947,NA,13940,13970,14,5
17043008444,9607,271,7780,271,305,3,1246,7553,210,6132,210,205,3,793,775.52,2597.03,20591,83947,12540,12570,41980,11,5
17043008445,6686,160,5901,160,35,1,582,5385,115,4768,115,26,1,360,552.92,1851.58,54534,83947,35220,13940,41980,11,19
17043008446,8617,175,7774,175,48,4,615,7118,123,6453,123,34,3,382,730.86,2447.46,54534,83947,35220,13940,13970,11,19
17043008447,9510,209,8558,209,55,4,683,7205,158,6352,158,35,4,498,701.09,2423.67,35307,20604,19290,19320,41980,11,19
17043008448,7585,127,7336,127,23,4,92,5872,88,5602,88,22,3,69,571.38,1975.26,20591,20604,12540,12570,NA,11,19
17043008449,6790,95,6543,95,57,10,84,5316,71,5074,71,33,7,60,517.28,1788.23,20591,20604,12540,12570,NA,11,19
17043008450,5509,111,5268,111,35,6,86,4268,80,4025,80,18,4,61,415.3,1435.7,80645,20604,19290,19320,41980,11,19
17043008451,5496,103,5261,103,13,2,117,4214,82,3962,82,9,2,77,410.05,1417.53,14572,20604,19290,19320,NA,11,19
17043008452,4235,61,4021,61,16,4,133,3099,42,2911,42,11,4,89,301.55,1042.46,35307,20604,19290,19320,NA,11,19
17043008453,3497,36,3367,36,26,2,64,2498,29,2367,29,24,2,47,243.07,840.29,35307,20604,19290,19320,NA,11,19
17043008454,6614,118,5726,118,71,3,690,4929,78,4289,78,38,3,443,479.62,1658.05,81919,20604,19290,19320,NA,11,19
17043008456,9182,221,8489,221,170,9,292,7030,153,6405,153,108,7,204,684.06,2364.8,20591,20604,12540,12570,NA,11,19
17043008459,5483,106,4859,106,35,2,481,3992,71,3535,71,21,2,292,388.44,1342.86,9980,20604,17160,19320,NA,11,19
17043840101,5553,751,4610,751,6,8,176,4605,491,3490,491,2,7,124,394.56,1166.84,82985,250,43020,15030,NA,14,5
17043840102,10846,1875,8489,1875,30,15,432,9395,1141,6791,1141,20,12,290,804.97,2380.56,82985,250,03150,13940,NA,14,5
17043840103,5143,244,4763,244,6,7,116,4198,170,3763,170,6,7,82,359.69,1063.71,82985,250,03150,15030,13970,14,5
17043840301,7358,799,6240,799,43,1,275,6133,498,4916,498,19,1,201,525.48,1554.01,243,250,03150,13940,NA,14,5
17043840302,6820,798,5623,798,55,17,323,5647,515,4362,515,33,12,210,483.84,1430.87,243,250,03150,13940,NA,14,5
17043840701,6113,553,5229,553,102,19,209,5510,394,4464,394,83,14,161,472.1,1396.15,5248,250,05910,15030,13970,14,5
17043840798,7249,426,6223,426,21,8,569,5724,311,4719,311,19,6,358,490.44,1450.38,23620,250,NA,NA,13970,14,5
17043840901,3465,222,3033,222,89,7,112,2845,158,2382,158,59,5,83,212.75,681.79,37907,6600,25500,21840,NA,14,5
17043840902,9159,704,6816,704,577,7,1045,7234,448,5256,448,325,7,750,540.96,1733.59,29730,6600,24780,16830,NA,14,5
17043840903,11138,784,9233,784,202,21,885,8353,494,6634,494,124,10,597,624.64,2001.76,29730,6600,24780,16830,NA,14,5
17043841001,6708,189,6305,189,46,3,165,5312,122,4912,122,36,3,117,397.24,1273,65806,6600,25500,21840,NA,14,5
17043841002,3225,67,3074,67,38,0,46,2520,45,2378,45,24,0,28,188.45,603.91,48112,6600,06450,21840,NA,14,5
17043841103,8148,243,7089,243,124,15,675,5616,156,4776,156,81,11,436,419.97,1345.85,65806,6600,20880,21840,NA,14,5
17043841104,4512,101,4197,101,16,3,195,3167,64,2887,64,13,3,136,236.83,758.96,65806,6600,34710,21840,NA,14,5
17043841105,8442,495,7081,495,311,6,548,6281,302,5111,302,186,6,374,469.7,1505.21,6587,6600,20880,21840,NA,14,5
17043841106,5398,141,4828,141,93,6,329,4040,90,3578,90,63,3,216,302.11,968.17,6587,6600,10470,16830,NA,14,5
17043841107,7928,204,7151,204,127,7,438,5947,115,5360,115,74,3,280,444.72,1425.17,6587,6600,24780,16830,NA,14,5
17043841202,7289,423,5821,423,157,3,884,5474,274,4232,274,90,3,601,409.35,1311.82,29730,6600,32970,16830,NA,14,5
17043841203,5442,251,4742,251,191,9,245,4189,159,3557,159,135,7,172,313.26,1003.87,11332,6600,10470,16830,NA,14,5
17043841204,6155,358,4441,358,135,1,1217,4289,230,2962,230,82,1,784,320.73,1027.84,29730,6600,32970,16830,NA,14,5
17043841205,9041,424,8104,424,133,8,368,6222,248,5417,248,77,6,226,465.29,1491.07,11332,6600,10470,16830,NA,14,5
17043841301,4447,581,3716,581,80,3,65,3702,396,2804,396,52,3,51,226.62,806.18,80060,79410,41550,40440,13710,3,20
17043841302,6221,235,5539,235,92,10,335,4276,148,3705,148,56,5,214,261.76,931.18,4013,79410,10470,16830,13710,3,20
17043841303,7410,446,6321,446,177,9,446,5090,266,4140,266,109,8,301,311.59,1108.44,4013,79410,NA,NA,13710,3,20
17043841304,17117,710,14784,710,352,37,1232,11682,432,9748,432,229,28,813,715.13,2543.97,11332,79410,05880,40440,13710,3,20
17043841305,5184,157,4910,157,24,0,92,3592,105,3298,105,19,0,65,219.89,782.23,4013,79410,05880,40440,13710,3,20
17043841401,4857,827,3915,827,63,2,48,4103,570,2886,570,41,2,34,326.78,1035.69,80060,82413,41550,40440,NA,3,20
17043841402,6992,139,6667,139,69,7,105,5056,87,4777,87,39,2,64,402.68,1276.24,82400,82413,42720,40440,42180,3,20
17043841601,5764,288,5059,288,119,7,287,4016,179,3372,179,76,7,203,319.85,1013.73,78929,82413,41550,40440,42180,3,20
17043841602,9713,808,8485,808,200,18,198,7503,545,6134,545,125,11,143,597.58,1893.92,78929,82413,41550,40440,42180,3,20
17043841701,7007,689,5398,689,494,18,404,5881,469,4310,469,338,11,284,518.44,2150.05,11332,49451,16800,16830,42180,14,5
17043841702,6903,450,5674,450,342,22,413,5522,313,4390,313,222,17,267,486.79,2018.81,29756,49451,16800,16830,NA,14,5
17043842602,8006,110,7607,110,45,2,242,5347,66,5043,66,25,2,145,471.36,1954.83,81048,49451,NA,NA,42180,3,20
17043842603,9035,237,8423,237,223,7,145,7099,175,6465,175,180,4,100,625.81,2595.35,81048,49451,NA,NA,42180,3,5
17043842604,4263,212,3815,212,119,6,107,3448,115,3089,115,62,5,62,303.96,1260.57,81048,49451,NA,NA,42180,3,5
17043842703,4362,37,4067,37,80,1,173,2978,20,2776,20,50,1,111,262.52,1088.74,81048,49451,NA,NA,42180,11,5
17043842704,9036,188,8126,188,277,7,435,6999,128,6250,128,194,5,294,616.99,2558.79,81048,49451,40500,16830,42180,11,19
17043842705,7075,155,6163,155,214,8,526,5364,110,4626,110,149,7,362,472.86,1961.04,81048,49451,40500,16830,42180,11,19
17043842706,4929,75,4651,75,66,1,135,3630,49,3394,49,45,1,92,320,1327.1,29609,49451,40500,16830,NA,11,19
17043842707,6208,152,5403,152,136,4,512,4586,105,3946,105,98,3,329,404.28,1676.61,44407,49451,40500,16830,NA,11,19
17043844201,5121,130,4743,130,61,4,181,4012,73,3690,73,42,4,130,411.94,1379.49,44407,83947,23460,16830,NA,14,5
17043844202,3799,67,3588,67,18,2,124,2884,43,2697,43,11,2,88,296.12,991.64,44407,83947,23460,16830,NA,14,5
17043844301,11144,481,9462,481,388,17,796,9555,336,8010,336,316,8,549,981.08,3285.4,44407,83947,23460,16830,NA,14,5
17043844302,7016,444,5862,444,256,19,426,5979,346,4808,346,171,13,295,613.91,2055.82,83960,83947,40350,13940,NA,14,5
17043845501,10253,366,8904,366,303,4,676,8612,289,7344,289,208,4,478,838,2896.96,80645,20604,24000,19320,NA,11,19
17043845503,7349,154,6116,154,135,3,937,5807,121,4862,121,87,1,615,565.05,1953.4,18628,20604,21450,12570,NA,11,19
17043845504,7489,134,7016,134,34,9,292,6130,93,5707,93,25,8,204,596.48,2062.05,18628,20604,21450,19320,NA,11,19
17043845701,9325,464,7680,464,273,14,884,6857,316,5423,316,196,13,593,667.23,2306.6,20591,20604,12540,12570,NA,11,19
17043845702,9928,186,9032,186,197,11,499,7414,118,6699,118,123,4,352,721.42,2493.97,20591,20604,12540,12570,NA,11,19
17043845801,13010,184,11545,184,180,8,1090,9651,117,8611,117,128,7,671,939.1,3246.47,18628,20604,08970,12570,NA,11,19
17043845803,4678,167,3855,167,383,3,267,3578,103,2947,103,241,2,182,348.16,1203.59,83245,20604,30510,22500,NA,11,19
17043845804,8263,274,7106,274,157,9,717,6522,183,5568,183,117,5,466,634.63,2193.91,18628,20604,21450,19320,NA,11,19
17043845805,3666,89,3353,89,16,2,206,2786,61,2515,61,11,2,136,271.09,937.17,18628,20604,08790,19320,NA,11,19
17043846001,7038,167,6437,167,151,16,263,5427,113,4920,113,98,12,171,456.28,1650.49,43939,43952,17040,12570,23200,11,19
17043846002,4106,115,3856,115,67,10,57,3380,75,3148,75,38,2,42,284.18,1027.94,20591,43952,32940,12570,23200,11,19
17043846101,6196,117,5497,117,75,4,503,4407,73,3893,73,61,2,305,370.53,1340.28,51622,43952,NA,NA,27710,11,19
17043846102,4336,241,3554,241,204,2,335,3586,180,2845,180,132,1,248,301.5,1090.59,43939,43952,NA,NA,27710,11,19
17043846103,9205,201,8301,201,180,12,501,6715,130,5998,130,128,8,321,564.57,2042.2,51622,43952,NA,NA,27710,11,19
17043846203,8872,178,7916,178,216,7,553,6015,116,5322,116,126,6,329,505.72,1829.31,51622,43952,NA,NA,27710,11,19
17043846204,6887,77,6526,77,83,9,191,5082,48,4802,48,60,4,120,427.28,1545.56,51622,43952,NA,NA,27710,11,19
17043846205,9249,148,8322,148,201,6,571,6724,114,5961,114,163,6,366,565.33,2044.94,43939,43952,NA,NA,27710,11,19
17043846206,4287,38,4138,38,45,4,61,3128,25,3006,25,27,3,42,262.99,951.3,51622,43952,NA,NA,27710,11,19
17043846207,5830,85,5337,85,74,4,329,3688,51,3347,51,44,2,193,310.07,1121.61,51622,43952,NA,NA,27710,11,19
17043846301,6579,119,5970,119,154,7,329,5450,100,4883,100,126,7,234,458.22,1657.48,43939,43952,17040,12570,27710,11,19
17043846302,7891,154,7392,154,113,6,220,5955,114,5495,114,79,6,147,500.68,1811.07,83245,43952,17040,12570,23200,11,19
17043846304,3608,68,3175,68,67,0,293,2370,40,2071,40,44,0,175,199.26,720.78,51622,43952,17040,12570,27710,11,19
17043846305,11238,585,9374,585,513,10,751,8513,430,6778,430,350,7,518,715.74,2589.02,83245,43952,17040,12570,NA,11,19
17043846306,13130,496,10847,496,1173,21,574,9606,316,7853,316,726,17,378,807.64,2921.43,83245,43952,17040,12570,NA,11,19
17043846401,6415,193,5628,193,399,8,184,5099,142,4433,142,234,7,141,322.59,1307.89,51622,51635,NA,NA,41690,3,19
17043846403,5217,101,4841,101,89,5,180,3863,73,3516,73,71,5,125,244.39,990.86,51622,51635,NA,NA,41690,3,19
17043846404,8116,174,7431,174,157,12,332,6588,118,5999,118,112,8,233,416.79,1689.82,51622,51635,NA,NA,27710,3,19
17043846501,13045,482,11395,482,681,18,466,9370,287,8019,287,441,14,322,592.79,2403.4,3012,51635,NA,NA,41690,3,19
17043846503,10625,204,9801,204,166,5,440,7343,124,6691,124,118,4,282,464.56,1883.48,51622,51635,NA,NA,27710,3,19
17043846504,6115,132,5696,132,93,5,189,4661,101,4271,101,59,4,125,294.88,1195.55,51622,51635,NA,NA,27710,3,19
17045000701,2780,2,2761,2,0,9,8,2086,1,2075,1,0,2,7,32,92,14273,65923,NA,NA,13370,5,3
17045000702,2416,2,2402,2,3,8,1,1774,1,1764,1,1,6,1,28,85,8524,84064,NA,NA,19800,5,3
17045000703,4071,11,4029,11,25,2,4,3065,6,3034,6,15,2,2,543.73,1047.28,57628,57641,NA,NA,30750,5,3
17045000704,6246,15,6178,15,39,5,9,4714,5,4665,5,29,4,6,836.27,1610.72,57628,57641,NA,NA,30750,5,3
17045000705,4082,22,4057,22,1,0,2,2973,11,2948,11,1,0,2,165,311,38986,38999,NA,NA,30780,5,3
17047009569,2618,14,2597,14,3,1,3,1938,5,1923,5,3,1,1,104,303,80853,90486,NA,NA,13500,5,10
17047009570,2478,3,2457,3,2,7,9,1864,1,1854,1,1,5,2,22,100,31173,91296,NA,NA,13500,5,10
17047009571,2344,13,2327,13,1,0,2,1821,7,1805,7,0,0,2,155,364,568,90039,NA,NA,13500,5,10
17049009501,3120,19,3084,19,3,8,6,2418,13,2381,13,1,5,5,394.78,847.87,22736,20474,NA,NA,13560,5,10
17049009502,4255,17,4220,17,2,4,12,2958,10,2928,10,1,2,7,241,615,4598,73651,NA,NA,05460,5,10
17049009503,3884,14,3858,14,2,2,8,2751,6,2734,6,0,2,3,313,820,1049,50725,NA,NA,03510,5,10
17049009504,4109,22,4076,22,1,7,3,2814,8,2791,8,0,5,2,130,209,22567,47462,NA,NA,13560,5,10
17049009505,3588,6,3577,6,0,3,2,2335,2,2328,2,0,1,2,182,226,19915,6145,NA,NA,12240,5,10
17049009597,4702,15,4675,15,0,9,3,3010,7,2991,7,0,3,2,166,246,74743,74756,NA,NA,38760,5,10
17049009598,4099,8,4041,8,2,2,46,2934,3,2900,3,0,2,26,479.03,1028.8,22736,20474,NA,NA,13560,5,10
17049009599,3947,20,3906,20,2,8,10,2984,10,2948,10,2,7,7,487.19,1046.33,22736,20474,NA,NA,13560,5,10
17051009505,2818,8,2799,8,0,1,10,2044,4,2030,4,0,1,5,102,181,66794,3155,11050,11080,37230,13,11
17051009506,3431,102,2748,102,568,9,3,2850,101,2073,101,564,9,2,88,169,8992,68549,11050,11080,07440,13,11
17051009507,4071,10,4043,10,1,7,10,2903,2,2886,2,1,6,6,84,64,62627,62640,11050,11080,33090,18,11
17051009508,2892,4,2882,4,1,1,4,2310,4,2298,4,1,1,2,587.16,998,77317,77330,NA,NA,40140,13,11
17051009509,2414,17,2384,17,6,7,0,1817,13,1780,13,6,5,0,461.84,785,77317,77330,NA,NA,40140,13,11
17051009510,2365,6,2341,6,5,11,2,1724,4,1703,4,5,6,2,78,148,77317,77330,NA,NA,40140,13,11
17051009511,2902,7,2892,7,0,1,2,2164,5,2151,5,0,1,2,107,312,25375,40533,NA,NA,00114,13,11
17053009616,2143,13,2114,13,4,4,6,1601,10,1572,10,3,4,2,23,77,60079,7978,NA,NA,15440,16,3
17053009617,3193,13,3174,13,0,0,6,2324,6,2310,6,0,0,2,16,73,58239,58122,33150,33180,30960,16,3
17053009618,3491,15,3466,15,1,2,7,2602,10,2574,10,1,1,6,441,1331,58239,58122,NA,NA,30960,16,3
17053009619,1945,13,1918,13,7,0,5,1406,7,1383,7,4,0,5,114.63,309.67,48268,73521,NA,NA,25560,16,3
17053009620,3503,27,3424,27,30,6,16,2703,19,2634,19,19,4,8,220.37,595.33,29119,20799,NA,NA,16620,16,3
17055000401,3146,11,3129,11,2,3,1,2379,7,2359,7,2,3,1,615,567,68705,30406,14640,05970,35940,13,10
17055000402,3240,4,3206,4,1,24,5,2427,3,2403,3,1,15,2,489.38,438.45,77148,76576,10110,10140,35940,13,10
17055000403,3317,11,3293,11,2,8,2,2577,9,2549,9,2,7,1,519.62,465.55,14286,76576,10110,10140,NA,13,10
17055000404,3948,12,3904,12,3,24,5,2987,6,2955,6,2,16,2,791,579,84155,70070,10110,10140,43800,13,10
17055000405,2703,4,2684,4,2,3,10,2160,2,2144,2,1,3,8,187,290,5300,5313,14640,05970,NA,13,10
17055000406,2901,10,2874,10,1,3,13,2220,4,2201,4,1,3,7,450,395,5300,5313,05950,05970,NA,13,10
17055000407,4819,14,4783,14,1,15,4,3647,12,3608,12,0,12,3,1534,1787,5300,5313,05950,05970,41580,13,10
17055000408,3254,12,3216,12,22,1,2,2460,8,2430,8,13,1,0,403.97,501.38,27858,19421,38820,38850,41580,13,10
17055000409,2856,7,2835,7,0,9,5,2230,4,2215,4,0,5,2,995,941,80333,19421,NA,NA,41580,13,10
17055000410,2970,8,2947,8,0,8,4,2301,6,2280,6,0,6,3,377.86,468.98,80333,27611,NA,NA,41580,13,10
17055000411,3695,9,3655,9,2,4,25,2790,5,2758,5,2,4,16,458.16,568.64,80333,27611,NA,NA,41580,13,10
17055000412,3470,8,3453,8,0,4,5,2521,2,2509,2,0,4,4,128,119,75159,11813,38820,05970,10790,13,10
17057009528,2801,18,2770,18,0,8,5,2115,8,2093,8,0,4,2,187.88,238.61,25531,25544,NA,NA,00044,4,8
17057009529,4092,20,4029,20,15,9,14,3097,13,3045,13,12,6,8,275.12,349.39,25063,11020,NA,NA,08280,4,8
17057009530,2906,5,2899,5,0,1,0,2102,4,2093,4,0,1,0,34,49,3207,76667,NA,NA,36960,4,8
17057009531,2749,11,2735,11,0,0,3,2038,10,2017,10,0,0,1,46,62,74301,60430,00008,22680,38490,8,8
17057009532,2983,4,2949,4,1,15,14,2181,4,2149,4,1,11,12,274,443,17991,62276,00008,22680,11400,4,8
17057009533,3259,32,3179,32,20,3,25,2549,23,2480,23,6,3,14,689.14,883.57,11007,11020,NA,NA,08280,4,8
17057009534,2078,4,2043,4,18,3,10,1627,2,1599,2,14,3,7,439.87,563.97,11007,11020,NA,NA,08280,4,8
17057009535,3909,94,3207,94,581,14,12,3122,90,2350,90,571,10,11,276,221,11007,11020,NA,NA,08280,4,8
17057009536,4180,19,4126,19,23,5,7,3192,15,3139,15,16,2,5,862.98,1106.46,11007,11020,NA,NA,08280,4,8
17057009537,2839,6,2825,6,0,5,3,2141,5,2123,5,0,5,3,112,141,66768,9265,00008,22680,08280,8,8
17057009538,2951,11,2931,11,4,3,2,2279,5,2260,5,4,3,2,511,657,43055,43068,00008,22680,NA,8,8
17057009539,3333,20,3295,20,1,13,4,2527,17,2479,17,0,12,2,60,99,77642,2648,00008,22680,04440,8,8
17059009727,2941,5,2924,5,6,1,5,2289,2,2279,2,3,1,2,278,338,64018,64031,NA,NA,00045,13,10
17059009728,3968,11,3906,11,36,9,6,2993,9,2936,9,29,4,6,521,379,69082,30302,NA,NA,00045,13,10
17061009736,3855,15,3804,15,1,29,6,2814,13,2769,13,0,16,3,45,116,31368,64824,NA,NA,17670,18,11
17061009737,2154,3,2134,3,6,7,4,1571,3,1556,3,1,6,2,339,444,65481,65494,NA,NA,42240,18,11
17061009738,2793,5,2783,5,1,4,0,2023,5,2009,5,0,4,0,119,159,35203,58096,NA,NA,42240,18,11
17061009739,2858,9,2841,9,1,5,2,2158,5,2145,5,0,2,1,405,574,81256,81269,NA,NA,42240,18,11
17061009740,3657,12,3639,12,5,0,1,2724,6,2708,6,4,0,0,496,795,11462,11475,NA,NA,08610,18,11
17063000001,3916,40,3855,40,0,10,11,2751,29,2682,29,0,4,7,285,635,49607,3090,26310,26340,NA,16,1
17063000002,3293,61,3218,61,4,2,8,2404,39,2317,39,2,2,5,30,127,50491,67678,35400,26640,NA,16,1
17063000003,3510,227,3262,227,4,4,12,2732,129,2459,129,2,2,11,276,783,50491,50504,26610,26640,NA,16,1
17063000004,4859,121,4685,121,2,3,48,3718,86,3512,86,2,1,31,61,327,50491,50504,26610,26640,NA,16,1
17063000005,2773,29,2738,29,0,0,6,1903,14,1872,14,0,0,3,237,654,50491,79345,26610,26640,25190,16,1
17063000006,2636,98,2533,98,2,1,2,1934,66,1799,66,1,1,1,36,118,47787,47800,17010,12870,25190,16,1
17063000007,5241,105,5118,105,2,5,11,3888,69,3735,69,1,5,9,149,351,15170,25778,26610,26640,10530,16,1
17063000008,2707,34,2667,34,0,4,2,2031,17,1991,17,0,4,2,514,768,15170,7653,06840,16260,10530,16,1
17063000009,3402,33,3357,33,1,6,5,2503,15,2463,15,1,5,4,198,210,28638,28677,16230,16260,18840,16,1
17065009730,2825,12,2805,12,0,5,3,2105,9,2079,9,0,5,3,50,85,18303,18316,NA,NA,10790,5,10
17065009731,3145,9,3118,9,1,5,12,2505,5,2480,5,1,5,9,847,1096,45824,45837,NA,NA,10790,5,10
17065009732,2529,8,2517,8,2,1,1,1867,7,1852,7,0,1,0,109,122,8875,47657,38820,38850,10790,5,10
17067009537,2692,5,2681,5,2,1,2,1994,2,1986,2,1,1,2,170,397,40832,40845,NA,NA,21690,8,8
17067009538,2781,12,2760,12,2,3,3,2153,7,2132,7,1,3,3,395,808,11527,11540,NA,NA,08680,8,8
17067009539,2255,3,2244,3,3,5,0,1688,3,1680,3,1,1,0,66,114,18420,18433,NA,NA,11670,8,8
17067009540,2861,9,2841,9,1,6,3,2137,6,2117,6,1,4,3,76,156,51791,51804,NA,NA,27780,8,8
17067009541,3692,17,3641,17,13,1,20,2715,11,2669,11,9,1,14,436,815,32434,50140,NA,NA,18060,8,8
17067009542,2924,6,2906,6,4,2,6,2130,6,2113,6,1,2,2,38,118,78942,78955,NA,NA,40890,8,8
17067009543,2023,5,2015,5,0,1,2,1517,4,1507,4,0,1,1,49,126,60833,67054,NA,NA,08680,8,8
17067009544,2145,1,2142,1,1,1,0,1592,1,1589,1,0,1,0,96,203,2986,2999,NA,NA,36610,8,8
17069009708,2517,18,2410,18,84,5,0,1974,15,1857,15,83,4,0,219,255,11826,90666,NA,NA,18200,13,10
17069009709,2672,12,2634,12,0,11,13,2004,5,1980,5,0,7,7,104,173,65897,93276,NA,NA,18200,13,10
17071009733,2452,12,2430,12,2,4,4,1852,9,1828,9,1,2,3,57,96,56237,56250,NA,NA,30030,4,8
17071009734,2426,17,2393,17,5,6,5,1842,14,1805,14,1,3,5,239,196,5898,29444,NA,NA,30030,4,8
17071009735,3218,27,3175,27,1,14,1,2368,13,2333,13,0,8,1,28,103,73261,73274,NA,NA,36850,4,8
17073000301,6041,199,5784,199,18,8,24,4310,127,4026,127,9,8,13,972,776,15664,15677,10690,39870,16350,4,8
17073000303,6583,34,6528,34,5,3,13,4966,14,4921,14,5,3,9,766,1820,28846,28859,NA,NA,16350,4,8
17073000304,2873,22,2844,22,2,5,0,2082,10,2056,10,1,5,0,40,94,2726,2739,NA,NA,16350,4,8
17073000305,2883,22,2853,22,4,2,2,2156,13,2124,13,3,2,1,39,97,1569,1582,NA,NA,03810,4,8
17073000306,1937,40,1835,40,61,1,0,1483,21,1406,21,34,1,0,315.99,312.65,39727,39740,NA,NA,21000,4,8
17073000307,1240,67,1080,67,91,1,1,957,38,816,38,63,1,1,203.92,201.76,39727,39740,NA,NA,21000,4,8
17073000308,3393,99,3130,99,143,6,8,2549,52,2366,52,70,6,3,543.14,537.39,39727,39740,NA,NA,21000,4,8
17073000309,4030,71,3802,71,141,1,15,2994,40,2812,40,90,0,12,637.95,631.2,39727,39740,NA,NA,21000,4,8
17073000310,3667,44,3474,44,127,3,19,2889,28,2736,28,81,2,14,545,1022,39727,80983,NA,NA,42060,4,8
17073000311,2964,65,2898,65,0,0,0,2265,31,2203,31,0,0,0,362,785,28430,28443,NA,NA,16140,4,8
17073000312,3248,42,3185,42,8,6,4,2403,22,2346,22,5,6,2,143,219,83063,57108,NA,NA,03660,4,8
17073030201,4428,43,4361,43,11,4,9,3187,26,3119,26,6,3,7,397,695,56601,80190,NA,NA,30200,4,8
17073030202,4185,14,4146,14,6,8,10,3005,6,2980,6,6,4,3,57,153,10643,10656,NA,NA,08160,4,8
17073030203,3687,35,3607,35,28,6,11,2605,20,2536,20,18,6,5,282,460,14923,32642,NA,NA,16350,4,8
17075009501,3204,23,3052,23,116,4,9,2352,12,2246,12,73,2,7,37,205,20331,4520,37120,37140,12510,16,3
17075009502,3944,20,3906,20,5,2,11,2878,9,2846,9,3,2,9,283,801,14936,12814,37120,37140,10410,16,3
17075009503,3454,22,3430,22,2,0,0,2551,10,2529,10,2,0,0,90,296,17406,2492,11130,11160,20180,16,3
17075009504,3935,66,3844,66,4,6,15,2989,36,2901,36,4,3,9,372,1047,79228,48814,NA,NA,20170,16,3
17075009505,4114,24,4075,24,4,3,8,3089,12,3053,12,4,2,6,151,390,69212,69225,25950,25980,36120,16,3
17075009506,3557,423,3108,423,7,4,15,2875,246,2366,246,4,3,10,214,593,29275,20487,11130,11160,20180,16,3
17075009507,2813,19,2767,19,22,2,3,2160,10,2118,10,18,2,2,79,359,44264,2401,NA,NA,07650,16,3
17075009508,2689,8,2676,8,0,4,1,1986,7,1969,7,0,2,1,45,295,14468,59767,07590,25980,10290,16,3
17075009509,3077,55,3008,55,3,5,6,2304,26,2241,26,2,4,5,41,110,49048,49061,25950,25980,19660,16,3
17077000101,2959,9,2937,9,1,9,3,2166,6,2146,6,1,4,3,55,84,3103,7731,NA,NA,08250,13,18
17077000102,4095,27,4019,27,32,6,11,2999,13,2939,13,23,6,5,249,339,19616,23217,12150,08370,13860,13,18
17077000103,3386,29,3348,29,1,4,4,2463,16,2425,16,1,4,1,113,151,30770,30783,39930,08370,17130,13,18
17077000104,4326,27,4218,27,69,7,5,3237,16,3145,16,49,7,4,451,839,51453,70408,12150,08370,27610,13,18
17077000106,6244,88,5774,88,334,17,30,4733,41,4434,41,186,15,16,569.42,860.16,51453,51466,NA,NA,27610,13,18
17077000107,3727,56,2893,56,745,7,20,2867,37,2293,37,478,5,17,344.93,521.04,51453,51466,NA,NA,27610,13,18
17077000108,4108,80,3352,80,563,13,91,3447,53,2898,53,348,13,82,400.53,553.73,11163,11170,08340,08370,27610,13,18
17077000109,2012,42,634,42,1317,1,16,1454,17,520,17,891,1,8,168.95,233.57,11163,11170,08340,08370,NA,13,18
17077000110,5618,95,4896,95,350,6,269,4577,64,4008,64,236,6,199,550.65,831.81,11163,11170,08340,08370,27610,13,18
17077000111,3479,90,2524,90,268,3,587,3426,90,2423,90,243,3,577,398.09,550.35,11163,11170,08340,08370,NA,13,18
17077000112,5580,155,3836,155,1419,8,156,4946,128,3531,128,1002,8,149,574.71,794.53,11163,11170,08340,08370,NA,13,18
17077000113,6729,196,5013,196,776,7,727,6407,170,4776,170,714,6,571,744.48,1029.22,11163,11170,08340,08370,NA,13,18
17077000114,3204,79,2738,79,250,3,128,3081,75,2578,75,225,3,125,358,494.93,11163,11170,08340,08370,NA,13,18
17077000115,2336,33,2117,33,105,6,74,1990,28,1796,28,68,6,64,231.23,319.67,11163,11170,39930,08370,NA,13,18
17077000116,3264,76,3110,76,29,4,43,2442,46,2303,46,15,1,31,495,872,46214,46227,39930,08370,10570,13,18
17079009773,3280,11,3257,11,0,5,7,2333,8,2308,8,0,4,5,119,266,34553,17653,NA,NA,20380,5,10
17079009774,2823,14,2806,14,0,1,2,2130,9,2109,9,0,1,2,747,1304,52844,78357,NA,NA,20380,5,10
17079009775,4506,7,4485,7,1,5,7,3172,7,3152,7,0,3,3,84,124,67002,67015,NA,NA,20380,5,10
17081000501,3638,15,3554,15,45,15,8,2643,9,2581,9,27,11,6,197,343,20123,65377,34590,27360,NA,13,11
17081000502,2842,8,2831,8,0,2,0,1999,2,1993,2,0,2,0,307,400,6964,79514,06630,41370,NA,13,11
17081000503,4023,10,4008,10,2,0,3,2982,8,2962,8,2,0,2,63,68,78708,23334,43170,43200,40650,13,11
17081000504,3445,15,3413,15,7,8,2,2441,9,2406,9,7,8,2,38,74,4806,58564,05570,27360,10790,13,11
17081000505,3306,4,3166,4,96,6,33,2519,3,2424,3,63,4,22,351.8,715.69,51180,69511,43170,27360,40650,13,11
17081000506,3241,16,3123,16,68,4,29,2486,5,2418,5,38,4,16,347.2,706.31,51180,69511,27340,27360,NA,13,11
17081000507,4210,15,4117,15,55,6,17,3121,9,3061,9,26,6,10,639.31,859.15,51180,51193,27340,27360,NA,13,11
17081000508,3580,13,3564,13,0,1,2,2652,9,2633,9,0,1,0,543.24,730.04,51180,51193,38190,27360,NA,13,11
17081000509,3086,20,2867,20,187,3,7,2324,14,2190,14,97,3,6,476.05,639.75,51180,51193,27340,27360,NA,13,11
17081000510,2151,11,1181,11,929,6,18,1486,10,941,10,507,4,14,304.4,409.06,51180,51193,27340,27360,NA,13,11
17081000511,3498,30,2932,30,528,1,7,2518,21,2184,21,286,1,5,347,468,51180,51193,27340,27360,NA,13,11
17083000101,4603,8,4567,8,3,15,10,3347,7,3315,7,2,11,5,90,152,38414,38401,NA,NA,20430,18,11
17083000102,2731,14,2697,14,14,0,6,1931,10,1900,10,8,0,3,334,411,8264,59598,NA,NA,31500,18,11
17083000103,4002,29,3919,29,32,10,10,3065,22,2973,22,28,10,10,290,448,23776,23789,NA,NA,20430,18,11
17083000104,7412,32,7362,32,9,3,5,5488,14,5451,14,2,3,4,71,98,38414,38401,NA,NA,20430,18,11
17083000105,1791,20,1722,20,36,12,1,1261,9,1232,9,2,8,1,100,78,30653,62354,NA,NA,20430,18,11
17085000201,4444,20,4419,20,1,3,1,3249,9,3226,9,1,3,1,54,175,78851,78864,NA,NA,40740,15,4
17085000202,5020,13,4983,13,6,7,11,3553,7,3521,7,2,7,9,112,140,21683,21202,NA,NA,13050,15,4
17085000203,4720,30,4673,30,5,6,6,3606,14,3567,14,1,5,5,146,265,28300,80359,NA,NA,16050,15,4
17085000204,4227,22,4197,22,1,2,5,3202,16,3164,16,1,2,3,97,322,23165,32720,NA,NA,00001,15,4
17085000205,3410,9,3398,9,0,1,2,2546,5,2534,5,0,1,1,217,699,72780,72793,NA,NA,37980,15,4
17087009776,5688,146,4505,146,1021,12,3,4973,146,3647,146,1021,10,3,75,180,52285,90450,28160,40290,00014,13,10
17087009777,2286,15,2260,15,1,7,3,1720,12,1689,12,0,6,1,98,181,30575,91188,07740,40290,00014,13,10
17087009778,3373,28,3311,28,20,7,7,2572,9,2535,9,10,6,3,52,131,77863,93546,40260,40290,39630,13,10
17089008501,5150,307,4744,307,22,7,64,3635,175,3237,175,11,2,35,272.13,794.78,685,21046,NA,NA,08550,3,20
17089008504,2414,50,2342,50,8,0,12,1850,28,1777,28,5,0,12,138.5,404.5,21696,21046,NA,NA,08550,3,20
17089008505,3608,69,3525,69,5,1,7,2755,46,2651,46,4,1,7,206.25,602.37,80125,21046,NA,NA,08550,3,20
17089008506,5294,94,5075,94,35,7,83,3833,63,3619,63,26,4,58,286.95,838.07,70161,21046,NA,NA,08550,3,20
17089008508,5931,756,4870,756,203,10,83,4836,467,3723,467,118,9,52,355.72,974.39,23074,23087,NA,NA,13710,3,20
17089008509,1015,415,340,415,218,0,39,839,215,261,215,129,0,19,61.71,169.05,23074,23087,NA,NA,13710,3,20
17089008510,6413,446,5278,446,565,10,101,5453,291,4358,291,438,9,66,401.1,1098.71,23074,23087,NA,NA,13710,3,20
17089008511,7373,941,6122,941,207,7,79,6008,583,4652,583,129,4,57,441.92,1210.54,23074,23087,NA,NA,13710,3,20
17089008512,367,175,116,175,34,0,42,389,119,100,119,22,0,29,28.61,78.38,23074,23087,NA,NA,13710,3,20
17089008513,10105,4724,3496,4724,1170,26,667,9529,2865,2670,2865,716,17,396,700.92,1919.97,23074,23087,NA,NA,13710,3,20
17089008514,6601,2350,3471,2350,585,10,179,5879,1438,2552,1438,334,6,111,432.44,1184.55,23074,23087,NA,NA,13710,3,20
17089008515,1011,365,403,365,227,3,9,905,218,308,218,153,3,5,66.57,182.35,23074,23087,NA,NA,13710,3,20
17089008516,5850,567,4919,567,273,16,75,4625,353,3700,353,165,11,43,340.2,931.88,23074,23087,NA,NA,13710,3,20
17089008517,978,57,581,57,323,3,14,1034,57,581,57,322,3,14,76.06,208.34,23074,23087,NA,NA,13710,3,20
17089008521,6145,56,6024,56,14,1,50,4321,45,4190,45,12,1,28,396,1405.14,66703,66716,NA,NA,37170,3,20
17089008523,2004,92,1880,92,7,3,22,1671,79,1495,79,4,2,12,153.14,543.39,66703,66716,NA,NA,37170,3,20
17089008525,5836,196,5418,196,144,11,67,4476,141,4005,141,132,8,49,443.05,1654.59,28872,28885,NA,NA,16380,3,20
17089008526,10189,96,9973,96,24,7,88,7435,57,7250,57,16,6,49,735.95,2748.41,28872,28885,NA,NA,16380,3,20
17089008527,5878,207,5341,207,251,4,59,4393,130,3913,130,182,3,35,449.71,1302.96,4078,4091,NA,NA,05220,3,20
17089008531,2563,288,2157,288,99,8,10,1997,171,1586,171,57,6,6,179.42,304.85,3012,3025,NA,NA,04710,3,20
17089008532,5591,1116,3406,1116,1004,16,42,4368,623,2467,623,613,9,33,392.44,666.79,3012,3025,NA,NA,04710,17,20
17089008533,2854,908,1861,908,71,4,7,2606,549,1461,549,39,4,4,234.14,397.82,3012,3025,NA,NA,04680,17,20
17089008534,7474,5382,1302,5382,722,9,38,7562,3082,945,3082,426,5,22,679.41,1154.37,3012,3025,NA,NA,04680,17,20
17089008535,4154,2107,980,2107,1037,5,13,3783,1186,745,1186,655,5,6,339.88,577.49,3012,3025,NA,NA,04680,17,20
17089008536,6917,3788,1790,3788,1288,8,27,6511,2179,1339,2179,793,4,17,584.98,993.93,3012,3025,NA,NA,04680,17,20
17089008537,614,196,332,196,81,1,4,688,151,312,151,69,1,4,61.81,105.03,3012,3025,NA,NA,04680,17,20
17089008538,1654,836,693,836,108,1,10,1570,471,539,471,83,1,5,141.06,239.67,3012,3025,NA,NA,04710,17,20
17089008539,5928,275,5411,275,205,7,30,4644,178,4106,178,153,5,24,417.24,708.92,3012,3025,NA,NA,04710,3,20
17089008541,3702,1313,2139,1313,227,4,17,3347,789,1604,789,150,4,11,300.71,510.93,3012,3025,NA,NA,04680,17,20
17089008542,3957,817,2962,817,145,14,16,3184,485,2122,485,76,7,9,286.07,486.05,3012,3025,NA,NA,04680,17,20
17089008543,7082,1043,5600,1043,385,17,37,5687,616,4187,616,231,12,25,510.95,868.14,3012,3025,NA,NA,04680,17,20
17089008544,5582,886,3830,886,826,6,18,4416,520,2905,520,456,4,11,396.75,674.12,3012,3025,NA,NA,04680,17,20
17089850201,5644,901,4556,901,101,25,50,4271,548,3083,548,42,18,32,319.74,933.84,11358,21046,NA,NA,33270,3,20
17089850202,6094,1073,4728,1073,168,9,103,4593,641,3162,641,73,5,71,343.84,1004.25,11358,21046,NA,NA,08550,3,20
17089850301,6932,1162,5070,1162,594,16,82,4995,582,3530,582,231,13,57,373.94,1092.14,11358,21046,NA,NA,08550,3,20
17089850302,3934,551,3242,551,102,3,34,3188,376,2351,376,55,3,27,238.66,697.05,11358,21046,NA,NA,08550,3,20
17089850701,5504,82,5393,82,8,8,12,3812,55,3684,55,7,4,7,123,513,29171,66430,NA,NA,08550,3,20
17089850702,5467,139,5297,139,7,11,13,4039,118,3785,118,5,6,7,211,782,32525,32538,NA,NA,08550,3,20
17089851801,5303,391,4709,391,67,7,129,4128,246,3507,246,40,5,84,303.64,831.74,70720,23087,NA,NA,13710,3,20
17089851802,4550,337,3654,337,458,5,84,3299,179,2659,179,228,5,49,242.66,664.71,70720,23087,NA,NA,13710,3,20
17089851902,4299,231,3818,231,136,5,108,3159,149,2701,149,71,5,84,232.36,636.5,23074,23087,NA,NA,13710,3,20
17089851903,7099,329,6337,329,178,15,238,5205,197,4549,197,95,12,155,382.86,1048.74,23074,23087,NA,NA,13710,3,20
17089851904,5443,428,4679,428,167,7,155,4398,277,3628,277,106,5,105,323.5,886.14,23074,23087,NA,NA,13710,3,20
17089852001,8757,255,8192,255,161,22,122,6241,134,5850,134,32,15,76,571.96,2029.5,66703,66716,NA,NA,37170,3,20
17089852002,6794,221,6422,221,42,9,97,4511,144,4131,144,23,7,62,413.41,1466.93,66703,66716,NA,NA,37170,3,20
17089852201,4792,61,4685,61,16,4,25,3599,41,3491,41,9,2,15,329.83,1170.35,66703,66716,NA,NA,37170,3,20
17089852202,4614,176,4189,176,196,8,42,3477,103,3188,103,49,4,30,318.65,1130.68,66703,66716,NA,NA,37170,3,20
17089852401,6126,79,5995,79,7,5,40,4087,38,3982,38,3,4,22,339.86,1428.34,NA,10903,NA,NA,37170,3,20
17089852402,3020,47,2945,47,14,4,10,2022,22,1968,22,5,1,4,168.14,706.66,22931,10903,NA,NA,37170,3,20
17089852403,5551,44,5486,44,15,0,6,3858,25,3797,25,10,0,1,117,342,46604,78188,NA,NA,24480,3,20
17089852801,5324,82,5128,82,47,6,59,3747,50,3570,50,31,5,41,383.58,1111.36,4078,4091,NA,NA,05220,3,20
17089852802,9104,356,8274,356,233,10,226,6415,213,5694,213,154,9,132,656.71,1902.68,4078,4091,NA,NA,05220,3,20
17089852902,7709,1182,5632,1182,759,7,121,6391,741,4366,741,451,7,85,574.2,975.61,3012,3025,NA,NA,04680,17,20
17089852903,3228,590,2163,590,435,5,33,2843,383,1752,383,294,3,28,255.43,433.99,3012,3025,NA,NA,04680,17,20
17089852904,2031,933,717,933,354,3,22,1787,547,510,547,168,3,12,160.55,272.79,3012,3025,NA,NA,04680,17,20
17089852905,4187,587,2558,587,977,10,47,3368,349,1999,349,633,7,31,302.6,514.14,3012,3025,NA,NA,04710,17,20
17089853001,1024,78,766,78,133,1,46,740,37,558,37,83,1,24,66.49,112.96,3012,3025,NA,NA,04710,3,20
17089853002,6427,1037,4074,1037,1217,21,74,4841,584,2904,584,701,17,51,434.94,739,3012,3025,NA,NA,04710,3,20
17089853003,7622,459,6374,459,684,13,84,5864,280,4793,280,448,6,57,526.85,895.16,3012,3025,NA,NA,04710,3,20
17089853004,2896,48,2789,48,30,7,22,2240,35,2130,35,22,6,12,201.25,341.94,53442,3025,NA,NA,04710,3,20
17089854001,3413,110,3224,110,34,4,39,2729,74,2523,74,25,2,31,245.19,416.59,3012,3025,NA,NA,04710,3,20
17089854002,5160,515,4150,515,442,7,35,3981,285,3163,285,220,5,23,357.67,607.71,50218,3025,NA,NA,04710,3,20
17089854501,3844,34,3792,34,3,9,6,2811,24,2751,24,1,7,4,262,956,22931,6262,NA,NA,24480,3,20
17089854502,5328,98,5116,98,55,5,54,3878,62,3678,62,39,5,32,393,1433,73391,73404,NA,NA,24480,3,20
17089854696,0,0,0,0,0,0,0,0,0,0,0,0,0,0,0,0,NA,23087,NA,NA,13710,3,7
17089854697,0,0,0,0,0,0,0,0,0,0,0,0,0,0,0,0,NA,23087,NA,NA,13710,3,20
17089854698,12,1,11,1,0,0,0,10,1,8,1,0,0,0,0.74,2.01,NA,23087,NA,NA,13710,6,20
17089854798,5,0,5,0,0,0,0,3,0,3,0,0,0,0,0.18,0.5,NA,23087,NA,NA,13710,3,20
17091000101,3047,91,2949,91,1,5,1,2240,50,2134,50,1,5,0,151,559,30991,83856,NA,NA,17370,16,1
17091000102,5639,52,5537,52,25,10,15,4213,33,4110,33,20,10,7,528,991,46500,46513,06750,06960,24390,16,1
17091000103,3312,20,3287,20,0,3,2,2318,10,2296,10,0,1,1,149,234,24452,24465,36840,16260,18840,16,1
17091000104,3979,35,3917,35,4,16,7,2811,19,2758,19,1,10,4,423,1071,38934,43497,NA,NA,18840,16,1
17091000105,3032,36,2833,36,22,2,138,2146,22,1998,22,19,1,84,283.93,551.81,7471,7484,06750,06960,24390,16,1
17091000106,7100,98,6832,98,91,5,71,5080,63,4840,63,61,5,48,672.11,1306.24,7471,7484,06750,06960,24390,16,1
17091000107,5587,88,5403,88,41,17,38,4005,45,3850,45,29,13,23,529.88,1029.82,7744,7484,06930,06960,20760,16,1
17091000108,3868,141,3210,141,489,6,22,2832,69,2373,69,310,5,6,314,533,49893,28456,37120,37140,26430,16,1
17091000109,3232,125,2990,125,101,5,11,2480,77,2240,77,74,5,7,291,625,49893,49906,NA,NA,26430,16,1
17091000110,3330,54,238,54,3023,6,4,2167,31,164,31,1933,5,3,619,127,36190,58538,31140,37140,26430,16,1
17091000111,2127,162,1934,162,20,5,6,1575,86,1385,86,10,4,4,152,470,66638,66651,37120,37140,20760,16,1
17091000112,1879,56,1795,56,26,0,2,1440,37,1345,37,19,0,2,240.22,571.33,2258,2245,37120,37140,20760,16,3
17091000113,2469,42,2343,42,75,0,9,1887,26,1782,26,45,0,8,314.78,748.67,2258,2245,NA,NA,20760,16,1
17091000114,1913,55,1124,55,713,3,12,1281,21,866,21,363,3,7,186.12,279.8,38934,38947,NA,NA,20760,16,3
17091000115,2831,72,410,72,2343,2,3,1752,35,337,35,1342,2,1,254.55,382.68,38934,38947,NA,NA,20760,16,3
17091000116,2673,30,94,30,2544,0,1,1622,20,69,20,1512,0,1,235.67,354.28,38934,38947,06930,06960,20760,16,3
17091000117,3353,50,2875,50,409,5,13,2602,28,2304,28,230,3,9,378.05,568.33,38934,38947,06930,06960,20760,16,3
17091000118,2720,27,2660,27,5,5,21,2168,19,2110,19,3,3,14,286.84,557.47,7744,7484,06930,06960,NA,16,1
17091000119,1526,42,1471,42,4,2,4,1162,26,1102,26,4,2,2,153.74,298.79,7744,7484,06930,06960,NA,16,1
17091000120,8776,155,8222,155,251,13,128,6708,93,6252,93,162,12,96,887.5,1724.86,7471,7484,06750,06960,NA,16,1
17091000121,3405,16,3358,16,12,3,14,2693,8,2657,8,8,2,10,391.28,588.21,38934,38947,NA,NA,20760,16,3
17091000122,3419,42,2900,42,456,6,12,2645,29,2284,29,292,4,7,384.3,577.73,38934,38947,NA,NA,20760,16,3
17091000123,5025,254,2653,254,2055,8,48,3598,157,2097,157,1161,4,22,522.77,785.88,38934,38947,NA,NA,20760,16,3
17091000124,4481,70,3338,70,1045,12,14,3269,39,2564,39,607,9,11,474.96,714.02,38934,38947,NA,NA,20760,16,3
17091000125,2892,99,2377,99,401,1,12,2349,52,1941,52,298,1,5,341.29,513.07,38934,38947,NA,NA,20760,16,3
17091000126,4640,34,4458,34,137,0,10,3217,15,3102,15,80,0,5,257,525,34384,59819,NA,NA,18840,16,3
17093008901,3970,65,3880,65,3,9,12,2969,33,2890,33,3,7,3,301.15,896.32,56887,56900,NA,NA,30270,17,20
17093008903,7408,328,6880,328,115,14,69,5337,193,4822,193,75,11,43,541.33,1611.21,7419,56900,NA,NA,30270,3,20
17093008904,5598,130,5448,130,10,3,6,4108,93,3909,93,5,3,5,459,1383,84038,8368,NA,NA,43960,3,20
17093008905,7081,853,6179,853,12,5,29,5497,517,4435,517,5,5,18,481,1354,60352,44043,NA,NA,31770,3,20
17093008906,4563,42,4491,42,9,4,15,3201,25,3139,25,2,3,7,242,926,84038,39454,28270,28260,43960,3,20
17093008907,4166,133,4013,133,6,5,9,2943,74,2785,74,1,4,5,57,246,52103,5872,23160,28260,30270,3,20
17093890201,3574,153,3325,153,32,3,60,2455,86,2220,86,21,1,41,249.01,741.15,7419,56900,NA,NA,30270,3,20
17093890202,3053,101,2918,101,18,3,10,2174,48,2056,48,11,3,8,220.51,656.32,7419,56900,NA,NA,30270,3,20
17095000001,3490,4,3478,4,4,3,1,2543,3,2532,3,4,1,0,71,244,56159,78565,NA,NA,29940,4,8
17095000002,2950,18,2920,18,9,2,1,2208,10,2178,10,7,2,1,178,263,79124,71435,NA,NA,29940,4,8
17095000003,4881,98,4661,98,98,5,19,3755,63,3561,63,51,5,12,193,403,28326,28352,NA,NA,16080,4,8
17095000004,4501,99,4226,99,84,3,87,3605,62,3372,62,55,2,52,1093.7,1555.86,28326,28352,NA,NA,16080,4,8
17095000005,5538,224,4314,224,955,5,30,4667,184,3392,184,886,4,17,30.8,77.26,28326,28352,NA,NA,16080,4,8
17095000006,4309,120,3972,120,173,13,30,3231,66,2955,66,116,4,24,980.23,1394.45,28326,28352,NA,NA,16080,4,8
17095000007,2506,44,2347,44,99,3,10,1856,28,1723,28,66,3,8,563.08,801.02,28326,28352,NA,NA,16080,4,8
17095000008,2688,78,2297,78,216,10,84,2503,59,2113,59,182,8,82,759.37,1080.26,28326,28352,NA,NA,16080,4,8
17095000009,2737,387,1628,387,699,6,11,2207,247,1248,247,454,5,6,14.56,36.54,28326,28352,NA,NA,16080,4,8
17095000010,4417,189,3953,189,260,3,11,3407,104,3012,104,174,3,10,1033.63,1470.41,28326,28352,NA,NA,16080,4,8
17095000011,2355,58,2109,58,167,9,11,1764,31,1599,31,92,5,6,11.64,29.2,28326,28352,NA,NA,16080,4,8
17095000012,1691,13,1669,13,6,2,1,1313,7,1293,7,3,2,1,188.75,335.16,21826,40403,NA,NA,21390,4,8
17095000013,4145,18,4104,18,11,5,6,3153,14,3109,14,8,4,4,453.25,804.84,40416,40403,NA,NA,21390,4,8
17095000014,1727,8,1714,8,2,1,2,1331,5,1317,5,2,0,2,84,148,28326,11891,NA,NA,16080,4,8
17095000015,4767,38,4688,38,21,11,9,3515,23,3444,23,11,8,6,204,238,113,11891,NA,NA,03090,4,8
17095000016,3691,20,3664,20,0,1,6,2755,12,2728,12,0,1,2,39,81,83817,67223,NA,NA,00044,4,8
17097000000,0,0,0,0,0,0,0,0,0,0,0,0,0,0,0,0,NA,NA,NA,NA,99998,7,17
17097008602,3891,157,3503,157,166,9,50,3024,103,2647,103,125,6,40,241.11,506.75,84220,84233,43860,43890,NA,7,17
17097008603,6932,462,4236,462,2063,35,123,4591,262,2841,262,1123,26,77,366.05,769.34,84220,84233,43860,43890,NA,7,17
17097008604,2330,291,1716,291,208,3,106,1778,160,1243,160,138,3,74,162.12,462.45,4303,5326,00010,43890,41250,7,17
17097008605,6396,511,3955,511,1796,35,90,4595,273,2864,273,1091,26,68,366.37,770.01,84220,84233,43860,43890,NA,7,17
17097008606,5913,232,5385,232,210,10,70,4367,134,3923,134,119,8,49,398.2,1135.83,4303,5326,00010,43890,NA,7,17
17097008607,3582,88,3422,88,28,14,30,2648,51,2501,51,16,7,22,257,831,78370,52753,00010,40800,NA,6,7
17097008612,8229,1000,7025,1000,77,25,94,5938,562,4695,562,39,23,57,412.99,1048.47,66040,3220,17520,17550,34990,6,7
17097008617,5438,464,4560,464,303,3,105,4467,298,3614,298,176,3,78,429.88,609.31,79293,79306,NA,NA,41250,7,17
17097008620,4873,1031,2540,1031,1178,5,110,4226,646,2059,646,782,4,89,406.68,576.44,79293,79306,NA,NA,41250,7,17
17097008621,4635,763,3189,763,606,3,66,3820,482,2448,482,362,3,43,367.61,521.06,79293,79306,NA,NA,41250,7,17
17097008622,3755,978,2163,978,542,18,44,3475,654,1741,654,370,16,40,334.41,474,79293,79306,NA,NA,41250,7,17
17097008623,3380,938,370,938,2036,11,13,2722,557,329,557,1260,6,13,261.95,371.29,79293,79306,NA,NA,41250,7,17
17097008624,6786,3281,2318,3281,1093,21,59,6658,2010,1875,2010,699,19,45,640.73,908.17,79293,79306,NA,NA,41250,7,17
17097008625,5686,2204,2291,2204,1105,14,67,5466,1343,2005,1343,718,14,43,526.01,745.57,79293,79306,NA,NA,41250,7,17
17097008627,3839,1892,444,1892,1482,2,13,3701,1164,374,1164,988,2,9,356.16,504.82,79293,79306,NA,NA,41250,7,17
17097008628,1790,96,173,96,1506,0,4,1052,50,125,50,823,0,4,101.24,143.5,53559,79306,NA,NA,00110,7,17
17097008629,6219,1480,1622,1480,3062,8,32,5385,923,1416,923,2091,7,25,518.22,734.53,53559,79306,NA,NA,00110,7,17
17097008630,22163,1332,15766,1332,3796,155,1085,19180,1114,12791,1114,3274,128,759,1044.07,2935.69,53559,69485,21720,21780,00110,7,17
17097008631,2373,173,450,173,1687,14,42,1759,103,393,103,1119,10,31,95.75,269.23,53559,69485,NA,NA,00110,7,17
17097008633,2780,22,2719,22,27,2,7,1958,14,1914,14,10,1,5,106.58,299.69,40910,69485,21720,21780,99998,7,17
17097008634,4408,109,4133,109,103,3,55,3652,94,3317,94,98,3,46,198.8,558.98,41105,69485,21750,21780,99998,7,17
17097008635,3914,87,3730,87,29,1,66,3240,61,3041,61,27,1,49,176.37,495.91,41105,69485,21750,21780,NA,7,17
17097008637,6485,182,6018,182,77,7,194,4923,143,4453,143,51,6,127,386.47,1412.92,43250,43263,22800,22830,NA,7,17
17097008638,5584,134,5310,134,14,9,110,4356,104,4061,104,11,9,67,341.96,1250.19,43250,43263,34620,22830,NA,7,17
17097008646,7353,91,6939,91,63,11,249,5171,64,4835,64,43,5,160,658.12,1930.83,41105,80112,21750,21780,NA,7,17
17097008647,3977,78,3707,78,45,1,143,2885,55,2656,55,33,0,86,367.18,1077.25,34722,80112,19050,19080,NA,7,17
17097008650,1418,13,1319,13,25,0,61,1075,8,1002,8,21,0,36,191.22,311.31,41105,19005,21750,21780,99998,7,17
17097008651,2416,202,1623,202,485,9,94,1679,128,1049,128,303,8,63,298.66,486.22,41105,19005,19140,19080,99998,7,17
17097008652,3164,664,2475,664,11,1,12,3106,477,2131,477,10,1,10,552.49,899.46,34865,19005,19140,19080,NA,7,17
17097008653,2522,51,2374,51,35,1,61,1886,37,1747,37,22,1,42,335.48,546.16,34722,19005,19140,19080,NA,7,17
17097008654,3874,693,2972,693,80,0,128,3600,499,2455,499,56,0,91,640.37,1042.51,34722,19005,19020,19080,NA,7,17
17097008655,5026,768,4013,768,136,6,99,4424,542,3168,542,95,5,72,786.94,1281.13,34722,19005,19020,19080,99998,7,17
17097008656,3685,48,3555,48,34,0,44,2833,36,2697,36,31,0,33,473.62,1237.24,34722,19005,19050,19080,99998,7,17
17097008657,5923,146,5622,146,77,5,72,4590,104,4275,104,51,4,52,816.47,1329.2,34722,19005,19050,19080,NA,7,17
17097008658,6580,66,6294,66,61,2,156,4983,55,4724,55,45,2,102,886.37,1443.01,34722,19005,19050,19080,NA,7,17
17097860101,3324,107,3010,107,148,7,49,2464,72,2168,72,107,6,39,196.46,412.91,84220,5326,00010,43890,NA,7,17
17097860102,6783,151,6422,151,68,22,120,4778,88,4473,88,36,15,78,435.68,1242.73,82686,5326,42900,43890,99998,7,17
17097860802,6659,88,6520,88,10,16,23,5288,54,5139,54,9,13,19,417.4,1419.17,27442,1608,23580,03870,NA,6,7
17097860803,4503,66,4403,66,2,9,23,3389,52,3264,52,1,4,16,267.51,909.52,12489,1608,03840,03870,NA,6,7
17097860804,6884,108,6719,108,10,8,38,4942,66,4782,66,4,4,20,390.09,1326.31,1595,1608,03840,03870,NA,6,7
17097860902,5174,174,4955,174,11,16,15,3893,107,3649,107,6,11,13,336.19,982.15,44550,30952,16290,17340,NA,6,7
17097860903,5531,174,5302,174,21,10,21,4267,104,4022,104,12,6,19,368.49,1076.5,27442,30952,15630,17340,NA,6,7
17097860904,3718,85,3606,85,7,7,13,2887,49,2770,49,4,6,9,249.32,728.35,27442,30952,06270,17340,41190,6,7
17097861003,3695,91,3473,91,98,19,14,2759,56,2547,56,76,12,12,230.36,698.06,41586,41599,21870,03870,NA,6,7
17097861004,4655,82,4534,82,5,4,28,3290,40,3185,40,3,3,19,274.69,832.42,27455,41599,21870,17340,34990,6,7
17097861005,8804,161,8464,161,57,16,101,5992,89,5702,89,35,9,68,500.29,1516.06,43770,41599,21870,03870,NA,6,7
17097861006,3610,66,3513,66,6,10,14,2559,44,2451,44,4,7,9,213.66,647.46,77460,41599,21870,17550,NA,6,7
17097861101,2517,67,2400,67,18,5,25,1844,45,1725,45,8,5,16,128.25,325.59,31121,3220,17520,17550,NA,6,7
17097861102,6052,169,5783,169,41,10,45,4632,106,4359,106,23,7,31,322.16,817.87,31121,3220,17520,17550,NA,6,7
17097861301,3769,392,3253,392,66,9,48,2709,208,2220,208,35,9,29,188.41,478.33,44550,3220,21870,17340,34990,6,7
17097861302,7269,1216,5924,1216,32,20,69,5364,726,3840,726,14,15,43,373.07,947.12,66040,3220,NA,NA,34990,6,7
17097861401,5899,703,5143,703,8,18,22,4419,411,3557,411,4,17,19,307.35,780.26,66066,3220,17520,17550,34990,6,7
17097861402,2277,279,1974,279,10,3,6,1837,163,1496,163,7,3,5,127.77,324.36,66027,3220,17520,17550,34990,6,7
17097861501,10364,381,9152,381,423,16,378,7638,239,6610,239,292,12,246,603.31,1813.43,32018,78877,17800,40800,NA,6,7
17097861503,5692,214,4927,214,324,15,206,4246,139,3609,139,218,10,131,335.38,1008.09,32018,78877,17800,40800,NA,6,7
17097861504,3581,459,2757,459,148,17,198,2866,271,2058,271,109,15,142,226.38,680.45,57654,78877,43110,40800,NA,6,7
17097861601,4270,96,4036,96,49,8,79,3072,70,2837,70,32,7,56,242.65,729.36,30900,78877,43110,40800,NA,6,7
17097861602,8395,173,8071,173,25,14,108,6102,112,5778,112,11,13,76,481.98,1448.75,28248,78877,43110,40800,NA,6,7
17097861603,2498,33,2428,33,16,2,19,2232,27,2148,27,13,2,15,176.3,529.93,32018,78877,43110,40800,NA,6,7
17097861801,5271,789,3810,789,519,22,126,4278,469,2915,469,323,16,86,411.69,583.53,79293,79306,NA,NA,41250,7,17
17097861802,6342,1178,2988,1178,1914,30,212,5274,737,2373,737,1258,17,152,507.54,719.39,79293,79306,NA,NA,41250,7,17
17097861901,3445,441,2628,441,199,16,161,2732,262,1950,262,142,12,104,262.91,372.65,79293,79306,NA,NA,41250,7,17
17097861902,4291,413,3087,413,605,20,160,3692,276,2568,276,423,16,133,355.3,503.6,79293,79306,NA,NA,41250,7,17
17097862601,6343,993,4303,993,698,15,333,5531,640,3533,640,483,11,224,532.27,754.44,79293,79306,NA,NA,41250,7,17
17097862602,6058,1422,3617,1422,623,11,372,5709,906,3159,906,466,8,264,549.4,778.72,79293,79306,17800,40800,41250,7,17
17097863201,2639,157,547,157,1897,3,32,1961,89,438,89,1321,3,21,106.75,300.15,53559,69485,NA,NA,00110,7,17
17097863202,5171,90,4900,90,61,2,117,4164,71,3885,71,44,2,91,226.67,637.34,40910,69485,21720,21780,00110,7,17
17097863601,1849,20,1805,20,3,0,21,1430,16,1382,16,1,0,15,112.26,410.41,79293,43263,29130,22830,NA,7,17
17097863602,6263,89,5766,89,41,2,364,4407,62,4039,62,32,2,210,345.96,1264.82,43250,43263,22800,22830,NA,7,17
17097863901,6799,164,6356,164,28,7,244,4999,116,4592,116,21,1,153,392.43,1434.73,43250,43263,22800,22830,NA,7,17
17097863902,4521,135,4054,135,77,5,249,3604,89,3202,89,54,5,165,282.92,1034.36,77694,43263,18570,22830,NA,7,17
17097864001,5551,279,4948,279,74,10,235,4213,181,3642,181,44,10,155,330.73,1209.14,51349,43263,27540,27570,NA,7,17
17097864002,5346,1512,3698,1512,37,10,78,4653,962,2643,962,20,9,57,365.27,1335.43,51349,43263,12210,27570,NA,7,17
17097864101,1765,67,1651,67,27,4,16,1376,56,1239,56,13,4,8,116.52,376.92,66066,27923,15930,27570,21900,6,7
17097864103,4723,173,4484,173,10,6,47,3528,112,3263,112,6,6,29,298.76,966.41,51349,27923,27540,27570,NA,6,7
17097864104,7792,458,7018,458,47,10,253,5712,285,4942,285,27,8,165,483.71,1564.67,51349,27923,27540,27570,NA,6,7
17097864201,5879,307,5520,307,16,9,20,4361,172,3989,172,7,8,13,388.78,1156.19,37894,79280,NA,NA,41190,6,7
17097864202,6980,222,6709,222,2,13,33,5510,139,5197,139,1,10,24,491.22,1460.81,79267,79280,NA,NA,41190,6,7
17097864302,5167,62,5008,62,17,4,75,3861,41,3715,41,11,3,50,257.16,1497.35,3844,18004,NA,NA,05050,6,7
17097864303,3415,53,3313,53,10,7,31,2524,33,2428,33,5,5,20,168.11,978.84,75874,18004,08730,11370,05050,6,7
17097864304,5536,74,5354,74,40,3,64,4530,57,4348,57,26,1,41,301.72,1756.8,53455,18004,NA,NA,05050,6,7
17097864401,7410,340,6902,340,38,6,120,5481,214,4943,214,20,4,86,328.6,1597.78,41742,22853,15930,32580,21900,6,7
17097864402,4966,84,4751,84,47,1,83,3506,55,3319,55,29,1,47,210.19,1022.04,33630,22853,15930,32580,21900,6,7
17097864403,3561,81,3392,81,8,1,79,2733,53,2570,53,7,1,49,163.85,796.7,44524,22853,21030,32580,21900,6,7
17097864405,7449,238,6955,238,49,10,193,5177,156,4712,156,33,6,114,310.37,1509.16,41742,22853,21030,32580,21900,6,7
17097864406,9047,138,8609,138,88,1,209,6138,86,5767,86,57,0,142,367.99,1789.31,19083,22853,NA,NA,21900,6,7
17097864502,2376,57,2215,57,19,3,82,1709,38,1568,38,14,3,48,134.93,422.5,43666,77668,23090,32580,NA,7,17
17097864503,5202,101,4960,101,18,0,123,3993,61,3789,61,11,0,71,315.27,987.15,43666,77668,23090,32580,NA,7,17
17097864505,5444,105,5164,105,61,5,109,4339,72,4059,72,47,5,84,342.58,1072.69,64538,77668,03900,32580,NA,7,17
17097864506,9277,1223,7451,1223,179,22,397,7369,830,5315,830,120,11,263,581.82,1821.77,77694,77668,18570,32580,NA,7,17
17097864507,5897,152,5241,152,64,5,433,3861,107,3324,107,35,4,284,304.84,954.52,77694,77668,18570,22830,NA,7,17
17097864508,7108,150,6657,150,44,7,248,4939,111,4513,111,31,5,168,389.96,1221.02,9447,77668,21030,32580,NA,7,17
17097864509,15837,272,14551,272,156,5,852,10672,169,9691,169,100,3,540,842.6,2638.34,9447,77668,03900,32580,NA,7,17
17097864801,5282,77,4832,77,101,5,264,3964,53,3614,53,68,4,172,504.5,1480.14,18992,80112,11980,19080,NA,7,17
17097864802,2472,33,2367,33,6,0,65,1796,25,1693,25,3,0,50,228.58,670.62,18992,80112,11980,19080,NA,7,17
17097864901,4322,44,4194,44,18,1,65,3209,30,3097,30,10,1,41,408.41,1198.23,18992,80112,11980,19080,NA,7,17
17097864902,6380,115,6061,115,46,4,154,4716,80,4422,80,28,2,104,600.21,1760.94,18992,80112,11980,19080,NA,7,17
17099009617,6037,73,5932,73,3,3,24,4296,36,4208,36,2,3,11,111,350,42756,54248,NA,NA,22870,3,20
17099009618,3812,37,3758,37,0,12,5,2720,20,2669,20,0,7,4,24,78,21540,21527,25620,25650,12930,3,20
17099009619,3938,246,3666,246,2,2,18,3082,143,2781,143,2,2,11,616,1702,48333,48346,25620,25650,NA,3,20
17099009620,3874,398,3441,398,7,11,16,2943,206,2509,206,6,6,10,113,254,48333,48346,25620,25650,NA,4,1
17099009621,4831,188,4609,188,11,4,19,3650,109,3415,109,3,3,11,86,176,42184,42197,12270,22110,NA,3,1
17099009622,4272,56,4171,56,0,12,33,3173,34,3079,34,0,7,19,88,118,54222,77096,40530,30330,15880,3,1
17099009623,5968,175,5122,175,602,44,10,4634,150,3728,150,578,22,6,35,151,69277,49646,35100,30330,15880,3,1
17099009624,3128,16,3068,16,10,12,21,2235,11,2190,11,5,7,11,621,1046,68640,46448,26250,35850,24810,3,1
17099009625,2119,26,2085,26,2,5,1,1582,9,1559,9,1,3,1,417,619,47150,66456,35100,30330,24810,3,1
17099009626,4619,219,4307,219,43,6,44,3554,149,3195,149,24,6,31,812.79,965.44,56926,56939,30300,30330,NA,3,1
17099009627,2675,180,2445,180,18,5,27,2137,114,1879,114,12,4,14,488.72,580.51,56926,56939,30300,30330,NA,3,1
17099009628,3707,131,3532,131,19,3,17,2993,85,2797,85,11,3,12,684.49,813.05,56926,56939,30300,30330,NA,3,1
17099009629,3271,119,3114,119,14,6,18,2643,64,2488,64,9,6,12,784.79,836.26,42184,42197,22080,22110,NA,3,1
17099009630,4111,71,3972,71,17,0,49,3309,42,3185,42,10,0,30,670.86,875.16,59234,59247,31380,22110,NA,3,1
17099009631,3480,42,3416,42,6,4,12,2729,28,2660,28,2,2,9,553.27,721.76,59234,59247,31380,22110,NA,3,1
17099009632,3363,70,3261,70,13,1,17,2579,46,2471,46,7,1,8,522.86,682.09,59234,59247,31380,22110,32960,3,1
17099009633,2621,166,2427,166,11,5,12,2190,106,1955,106,7,5,11,650.28,692.93,42184,42197,22080,22110,NA,3,1
17099009634,4120,83,4006,83,13,9,9,3280,49,3158,49,9,8,7,973.93,1037.81,55353,42197,29670,22110,NA,3,1
17099009635,4135,69,3998,69,25,5,38,3174,44,3041,44,17,4,24,540.54,1104.35,56926,71110,30300,30330,NA,3,1
17099009636,3497,101,3339,101,35,3,16,2692,58,2543,58,23,3,7,458.46,936.65,56926,71110,30300,30330,NA,3,1
17099009637,5499,37,5432,37,11,9,10,4003,24,3932,24,8,7,8,69,150,47150,46448,35820,35850,24810,16,1
17099009638,4777,204,4482,204,58,7,25,3655,101,3409,101,28,4,12,353,653,73170,9057,00112,38100,NA,3,1
17099009639,5686,169,5360,169,113,6,34,4300,83,4056,83,54,4,20,216,374,73170,9057,00112,38100,NA,3,1
17099009640,2584,22,2544,22,5,7,6,1873,15,1829,15,4,5,5,120,322,30757,25583,17220,30330,24810,3,1
17099009641,4150,50,4088,50,4,6,2,3090,19,3049,19,0,1,2,61,103,75718,36100,23520,23550,26280,3,1
17099009642,3023,86,2897,86,20,3,14,2301,41,2197,41,11,3,8,778.21,1156.18,73170,9057,00112,38100,NA,3,1
17099009643,3616,215,3318,215,73,6,2,2764,102,2512,102,40,6,2,934.79,1388.82,73170,9057,00112,38100,NA,3,1
17101009807,3441,9,3361,9,57,4,6,2557,5,2495,5,45,4,3,136,193,6080,7198,NA,NA,22150,5,10
17101009808,3915,8,3884,8,18,5,0,2954,7,2925,7,10,5,0,60,79,66833,19395,NA,NA,22130,5,10
17101009809,2961,11,2925,11,12,6,7,2236,9,2202,9,7,4,5,329,493,8186,8199,NA,NA,22130,5,10
17101009810,2121,13,2079,13,23,4,2,1692,7,1659,7,14,3,2,392.15,614.34,42405,42379,NA,NA,22150,5,10
17101009811,3534,15,3460,15,41,12,5,2778,13,2709,13,29,10,4,643.85,1008.66,42405,42379,NA,NA,22150,5,10
17103000001,3030,62,2956,62,3,2,7,2149,30,2080,30,2,2,5,20,89,2583,1101,37800,34290,04380,15,20
17103000002,3266,27,3216,27,12,5,5,2249,13,2214,13,2,4,3,45,132,27689,14156,NA,NA,12330,15,20
17103000003,4139,108,3918,108,62,12,34,3210,59,3021,59,41,8,22,405.81,1116.39,20162,20175,NA,NA,12330,15,20
17103000004,6497,183,5341,183,916,18,28,5429,162,4195,162,874,13,23,686.33,1888.12,20162,20175,NA,NA,12330,15,20
17103000005,4414,93,4264,93,17,3,37,3287,51,3146,51,12,3,24,166,606,20162,57316,NA,NA,12330,15,20
17103000006,3817,136,3431,136,194,6,47,2894,79,2567,79,137,4,28,365.86,1006.49,20162,20175,NA,NA,12330,15,20
17103000007,2259,59,2198,59,1,0,1,1613,30,1552,30,1,0,0,68,79,32967,51960,40560,34380,03690,15,20
17103000008,3652,13,3618,13,3,16,1,2639,7,2611,7,1,12,1,43,68,1270,1283,29700,29730,03690,15,20
17103000009,3318,46,3249,46,4,9,10,2446,21,2393,21,2,8,1,90,187,73287,73300,25620,25650,22350,15,20
17105009601,4555,61,4430,61,42,7,15,3392,42,3254,42,38,5,11,34,101,21358,21371,12840,12870,39480,16,3
17105009602,4118,84,3583,84,425,10,15,3269,68,2692,68,421,10,10,202,283,55171,55184,29520,32220,NA,16,3
17105009603,3593,25,3558,25,4,4,2,2703,15,2667,15,1,3,2,86,181,73170,63017,10860,10890,38070,16,3
17105009604,3720,35,3659,35,4,6,15,2693,18,2645,18,0,4,8,87,506,16405,1348,10860,10890,15240,16,3
17105009605,2875,108,2725,108,34,5,2,2197,67,2032,67,24,5,2,189,558.61,61015,61028,32160,32220,NA,16,3
17105009606,4166,98,4006,98,35,8,19,3123,53,2978,53,23,4,12,268.66,794.06,61015,61028,32160,32220,NA,16,3
17105009607,5550,244,3720,244,1528,8,28,4886,216,2914,216,1515,7,18,420.33,1242.33,61015,61028,32160,32220,NA,16,3
17105009608,3984,112,3838,112,15,7,8,2959,84,2775,84,9,4,3,28,116,24764,24309,32160,32220,00005,16,3
17105009609,3236,15,3211,15,2,2,6,2351,12,2321,12,2,1,3,19,86,27026,27039,00065,32220,00005,16,3
17105009610,3504,44,3441,44,2,0,17,2486,19,2436,19,1,0,11,133,369,24764,37244,NA,NA,00005,16,3
17107009529,3803,21,3755,21,10,1,15,2795,9,2756,9,9,1,11,421.29,1165.93,2752,2765,09850,23050,29890,16,9
17107009530,2762,4,2755,4,0,0,3,1988,2,1982,2,0,0,2,130,339,23971,56705,00103,23050,18390,8,9
17107009531,3512,31,3311,31,125,5,38,2730,23,2548,23,101,4,31,386.68,1038.58,43536,80593,22980,23050,NA,16,9
17107009532,4145,30,4016,30,79,5,14,3083,16,2981,16,56,2,12,464.71,1286.07,43536,21982,22980,23050,NA,16,9
17107009533,4383,15,4232,15,101,4,24,3440,9,3316,9,87,2,17,76,181,43536,21982,22980,23050,NA,8,9
17107009534,3937,33,3822,33,50,3,27,3024,21,2932,21,34,2,14,428.32,1150.42,43536,80593,22980,23050,NA,16,9
17107009535,4573,198,3460,198,899,15,1,3892,192,2601,192,895,12,0,79,211,48853,8485,07260,23050,27290,8,9
17107009536,3683,16,3633,16,17,3,14,2793,8,2755,8,12,3,7,95,156,51128,51141,05340,23050,27290,8,9
17109000101,4162,39,4114,39,3,3,3,3111,20,3068,20,0,2,1,317,734,10110,10123,NA,NA,07950,4,8
17109000102,2270,8,2255,8,4,3,0,1755,4,1740,4,4,3,0,83,192,6470,6483,NA,NA,35700,4,8
17109000103,2239,9,2162,9,19,1,47,1675,6,1617,6,14,1,31,181,489,45889,24101,NA,NA,23920,4,8
17109000104,4531,57,4086,57,158,14,214,4068,53,3638,53,133,12,179,443.29,1007.17,45889,45915,NA,NA,23920,4,8
17109000105,6169,162,4815,162,781,6,403,6193,154,4747,154,762,6,370,674.86,1533.28,45889,45915,NA,NA,23920,4,8
17109000106,2171,12,1993,12,130,3,33,1632,8,1515,8,75,2,24,70,152,45889,45915,NA,NA,23920,4,8
17109000107,4346,32,4224,32,69,1,19,3476,16,3382,16,46,1,15,53,202,45889,45915,NA,NA,23920,4,8
17109000108,515,7,488,7,9,0,11,484,7,451,7,8,0,11,52.74,119.83,45889,45915,NA,NA,23920,4,8
17109000109,2524,12,2392,12,52,16,52,1974,9,1888,9,29,8,31,215.11,488.73,45889,45915,NA,NA,23920,4,8
17109000110,3085,9,3067,9,1,1,7,2259,8,2237,8,1,1,4,60,118,3675,37452,NA,NA,23920,4,8
17109000111,3232,11,3214,11,0,5,2,2417,7,2397,7,0,5,1,34,94,15378,15391,NA,NA,10590,8,8
17111008701,7247,113,7098,113,17,8,9,5253,67,5097,67,11,5,6,206,689,63641,63654,33480,33510,03300,6,4
17111008702,5349,426,4894,426,8,3,18,4122,296,3512,296,5,2,11,136,460,33331,21111,NA,NA,18420,6,4
17111008703,6660,650,5962,650,11,16,19,5131,403,4301,403,4,10,10,432,1447,33331,12892,NA,NA,18420,6,4
17111008704,8317,394,7763,394,13,19,118,6038,246,5443,246,7,14,82,550,1629,82842,31680,18360,25320,43330,6,4
17111008705,6107,123,5942,123,3,11,27,4377,78,4191,78,3,11,16,399.17,1201.25,82842,45707,18360,25320,43330,6,4
17111008711,9937,290,9554,290,17,5,70,7027,197,6572,197,10,5,46,555,1967,17887,30666,11350,11370,19830,6,4
17111870601,8891,214,8614,214,4,15,43,6390,131,6088,131,3,12,25,582.75,1753.71,45694,45707,25290,25320,20490,6,4
17111870602,8137,142,7925,142,7,17,44,6328,94,6094,94,3,11,32,577.09,1736.69,45694,45707,25290,25320,NA,6,4
17111870701,8013,95,7885,95,5,15,13,5493,43,5383,43,3,10,11,500.94,1507.53,60144,45707,25290,25320,20490,6,4
17111870702,5886,117,5739,117,7,8,14,4288,70,4126,70,4,6,12,391.05,1176.82,41326,45707,25290,25320,20490,6,4
17111870803,5133,90,4968,90,4,1,69,3334,52,3182,52,3,1,44,267.27,919.49,9531,54495,11350,25320,NA,6,4
17111870804,6182,247,5832,247,13,13,67,4594,146,4245,146,7,10,40,368.27,1266.99,17887,54495,11350,11370,NA,6,4
17111870805,6894,168,6691,168,11,3,21,4861,99,4642,99,3,2,16,389.68,1340.62,45694,54495,32520,11370,41190,6,4
17111870806,6550,223,6260,223,10,13,41,4775,139,4455,139,4,10,28,382.78,1316.9,35515,54495,25290,25320,41190,6,4
17111870901,10254,659,9469,659,40,19,64,8017,418,7104,418,22,13,42,748.11,2166.26,83349,20396,NA,NA,43330,6,4
17111870902,3986,309,3577,309,26,7,64,3278,251,2714,251,15,6,41,305.89,885.74,83349,20396,11350,11370,43330,6,4
17111871001,7356,427,6890,427,8,10,20,5752,272,5178,272,4,9,17,103,363,46786,46799,00077,24570,05790,6,4
17111871002,4596,88,4466,88,0,23,19,3369,66,3211,66,0,12,14,147,575,76706,68653,00077,24570,43330,6,4
17111871201,5350,47,5231,47,2,6,61,3831,28,3736,28,2,2,35,318.38,1169.12,17887,698,11350,11370,NA,6,4
17111871202,5756,134,5504,134,16,4,92,4170,100,3897,100,9,4,60,346.55,1272.57,17887,698,11350,11370,NA,6,4
17111871203,7843,189,7580,189,5,10,56,5535,109,5270,109,5,8,34,459.99,1689.13,41183,698,11350,11370,08550,6,4
17111871301,4051,60,3954,60,2,6,29,3066,47,2947,47,2,4,19,254.8,935.66,17887,698,11350,11370,NA,6,4
17111871302,10258,313,9884,313,15,10,35,7363,201,6917,201,12,8,24,611.91,2246.99,11592,698,08730,11370,41190,6,4
17111871303,12730,313,12292,313,20,19,81,8971,216,8478,216,8,14,39,745.54,2737.7,685,698,11350,11370,08550,6,4
17111871401,6101,108,5878,108,12,13,90,4303,65,4103,65,10,6,54,357.61,1313.16,685,698,NA,NA,08550,6,4
17111871402,5657,127,5447,127,11,7,62,4190,83,3967,83,8,6,43,348.21,1278.67,27533,698,15660,11370,05050,6,4
17113000002,8288,136,7319,136,654,10,165,8395,136,7306,136,642,10,165,607.47,1725.05,53234,53247,NA,NA,28620,16,3
17113000004,3306,110,3076,110,93,1,23,3047,103,2740,103,82,1,18,220.48,626.11,53234,53247,NA,NA,28620,16,3
17113000012,2478,10,2368,10,63,2,35,2045,7,1964,7,42,2,23,262.97,640.43,6613,6639,NA,NA,06480,16,3
17113000014,6699,122,5815,122,737,9,13,4695,58,4165,58,399,6,9,603.74,1470.33,6613,6639,NA,NA,28620,16,3
17113000015,2622,128,2038,128,435,6,11,1937,67,1513,67,278,3,9,249.08,606.61,6613,6639,NA,NA,06480,16,3
17113000016,2381,74,1963,74,307,8,28,1988,55,1654,55,197,7,20,255.64,622.58,6613,6639,NA,NA,06480,16,3
17113000017,2522,67,2283,67,146,3,20,2053,42,1850,42,102,1,16,264,642.94,6613,6639,NA,NA,06480,16,3
17113000018,3685,21,3565,21,45,4,50,2858,14,2762,14,31,1,36,367.52,895.04,6613,6639,NA,NA,06480,16,3
17113000019,3945,29,3743,29,117,5,51,3346,19,3172,19,93,5,38,430.27,1047.86,6613,6639,NA,NA,06480,16,3
17113000020,4673,99,4187,99,370,6,9,3674,60,3334,60,207,5,8,472.45,1150.58,6613,6639,NA,NA,06480,16,3
17113000021,5947,76,5590,76,210,10,54,4488,44,4225,44,128,8,39,116.6,364.79,6613,6626,NA,NA,28620,16,3
17113000051,5797,21,5741,21,6,12,17,4143,15,4091,15,4,9,9,69,241,31732,36451,NA,NA,28620,16,3
17113000052,3989,19,3926,19,14,12,18,2784,10,2742,10,9,7,6,137,454,18537,18550,NA,NA,29890,16,9
17113000053,3620,8,3602,8,3,2,5,2624,5,2606,5,2,2,4,83,265,45811,50972,NA,NA,29890,16,9
17113000054,5664,22,5634,22,1,5,2,4006,15,3971,15,1,2,2,88,203,34449,62692,NA,NA,18870,16,3
17113000055,4345,19,4306,19,13,3,4,3120,11,3087,11,8,2,1,20,79,42971,24140,NA,NA,22620,16,3
17113000056,4274,12,4248,12,4,6,4,3122,7,3101,7,2,3,2,93,298,67912,12905,NA,NA,00109,16,3
17113000057,5351,58,5264,58,7,12,9,3944,33,3860,33,4,8,6,20,66,12931,43107,NA,NA,09690,16,3
17113000101,83,2,73,2,4,0,4,85,2,73,2,4,0,4,6.15,17.47,53234,53247,NA,NA,28620,16,3
17113000102,7007,81,6581,81,259,6,78,5863,58,5501,58,180,6,60,424.25,1204.76,53234,53247,NA,NA,28620,16,3
17113000103,4215,84,3621,84,280,7,210,3295,55,2843,55,161,4,177,238.43,677.07,53234,53247,NA,NA,28620,16,3
17113000301,3434,50,3208,50,113,11,49,2789,30,2599,30,79,8,43,201.81,573.1,53234,53247,NA,NA,28620,16,3
17113000302,4607,36,4362,36,143,3,62,3287,23,3104,23,98,1,38,237.85,675.43,53234,53247,NA,NA,28620,16,3
17113000501,2301,17,2157,17,90,1,36,2053,12,1913,12,85,1,30,148.56,421.86,53234,53247,NA,NA,28620,16,3
17113000502,2966,28,2839,28,48,1,50,2272,18,2172,18,29,1,34,164.4,466.86,53234,53247,NA,NA,28620,16,3
17113000503,6061,65,5466,65,300,8,207,4099,39,3717,39,180,4,120,296.61,842.28,53234,53247,NA,NA,28620,16,3
17113001101,5214,105,4591,105,411,1,105,3691,64,3218,64,274,1,70,474.64,1155.91,6613,6639,NA,NA,06480,16,3
17113001102,7044,75,6385,75,355,7,212,5096,51,4599,51,251,6,138,132.4,414.21,6613,6639,NA,NA,06480,16,3
17113001301,2164,40,2023,40,91,4,4,1694,19,1583,19,65,4,4,217.84,530.51,6613,6639,NA,NA,06480,16,3
17113001302,2779,26,2600,26,73,5,71,2609,22,2431,22,59,4,71,335.5,817.06,6613,6639,NA,NA,06480,16,3
17113001303,1719,31,1582,31,93,10,3,1348,23,1239,23,54,6,3,173.34,422.15,6613,6639,NA,NA,06480,16,3
17115000001,508,9,263,9,232,2,0,408,5,230,5,166,2,0,73.52,94.05,18823,18836,NA,NA,11850,18,10
17115000002,3281,25,2320,25,913,8,13,2285,14,1752,14,493,4,8,411.76,526.71,18823,18836,NA,NA,11850,18,10
17115000003,4383,25,2429,25,1919,1,6,3165,17,1891,17,1236,1,3,570.33,729.56,18823,18836,NA,NA,11850,18,10
17115000006,2746,10,1460,10,1266,5,3,1838,5,1073,5,748,4,3,331.21,423.67,18823,18836,NA,NA,11850,18,10
17115000007,459,3,233,3,220,1,2,319,3,196,3,114,1,2,57.48,73.53,18823,18836,NA,NA,11850,18,10
17115000008,1911,1,465,1,1435,10,0,1081,0,326,0,751,4,0,194.8,249.18,18823,18836,NA,NA,11850,18,10
17115000009,2547,20,1240,20,1278,1,1,1690,7,950,7,724,1,1,304.54,389.56,18823,18836,NA,NA,11850,18,10
17115000010,1688,9,1498,9,177,1,2,1196,4,1107,4,78,1,2,215.52,275.69,18823,18836,NA,NA,11850,18,10
17115000011,4036,16,3811,16,194,3,12,3158,10,3003,10,123,3,9,569.07,727.94,18823,18836,NA,NA,11850,18,10
17115000012,2946,12,2749,12,176,1,8,2310,9,2184,9,102,0,6,416.26,532.47,18823,18836,NA,NA,11850,18,10
17115000013,2611,6,2527,6,36,3,39,1965,6,1906,6,23,2,22,354.09,452.95,18823,18836,NA,NA,11850,18,10
17115000014,2451,19,2265,19,152,4,11,1840,13,1704,13,100,2,8,331.57,424.13,18823,18836,NA,NA,11850,18,10
17115000015,4504,18,4294,18,164,4,17,3465,9,3326,9,101,4,16,624.39,798.71,18823,18836,NA,NA,11850,18,10
17115000016,3413,34,2873,34,481,5,13,2796,26,2394,26,336,4,10,503.84,644.5,18823,18836,NA,NA,11850,18,10
17115000017,2445,9,2223,9,201,6,6,1830,7,1681,7,127,4,4,329.77,421.83,18823,18836,NA,NA,11850,18,10
17115000019,2730,4,2281,4,422,9,4,2083,2,1817,2,251,8,3,375.36,480.15,18823,18836,NA,NA,11850,18,10
17115000020,5434,20,4615,20,769,12,17,4356,16,3835,16,466,8,15,784.95,1004.09,18823,18836,NA,NA,11850,18,10
17115000021,2519,21,2332,21,141,7,15,1980,11,1857,11,84,5,12,356.8,456.4,18823,18836,NA,NA,11850,18,10
17115000022,5801,28,5447,28,290,5,29,4172,17,3938,17,180,5,15,140,207,18823,81464,NA,NA,03990,18,10
17115000023,2668,7,2642,7,10,7,2,1932,4,1912,4,4,7,1,352.77,635.08,44498,44511,NA,NA,27390,18,10
17115000025,6026,9,5963,9,27,6,21,4232,7,4187,7,16,6,9,690,1352,51206,51219,NA,NA,27390,18,10
17115000027,2402,6,2390,6,1,2,3,1748,3,1738,3,1,2,1,103,255,6756,60677,NA,NA,06570,18,10
17115000028,4586,4,4544,4,16,8,14,3238,1,3213,1,12,4,7,162,350,33227,33240,NA,NA,28470,8,9
17115000030,3327,9,3309,9,2,3,4,2390,4,2373,4,2,3,4,198,286,47072,27988,NA,NA,03990,8,10
17115000497,870,4,546,4,314,1,5,630,1,410,1,214,0,4,113.53,145.22,18823,18836,NA,NA,11850,18,10
17115000498,793,7,129,7,654,0,0,556,4,91,4,457,0,0,100.19,128.16,18823,18836,NA,NA,11850,18,10
17115000598,3726,17,2352,17,1329,7,6,2850,11,2019,11,797,6,6,513.57,656.95,18823,18836,NA,NA,11850,18,10
17115001801,2573,24,2389,24,141,0,17,1955,12,1823,12,97,0,11,352.29,450.64,18823,18836,NA,NA,11850,18,10
17115001802,2713,12,2532,12,165,2,2,2043,7,1934,7,92,1,2,368.15,470.93,18823,18836,NA,NA,11850,18,10
17115002401,3006,13,2916,13,34,1,37,2236,6,2178,6,23,1,22,408.28,735.01,18823,44511,NA,NA,11850,18,10
17115002402,5082,14,4966,14,65,7,29,3921,11,3831,11,43,4,21,715.95,1288.9,18823,44511,NA,NA,11850,18,10
17115002601,4247,3,4185,3,39,1,19,3200,3,3158,3,25,0,11,636,1136,18823,71357,NA,NA,11850,18,10
17115002602,2218,1,2205,1,10,0,2,1621,0,1612,0,7,0,2,228,400,45941,70967,NA,NA,23940,18,10
17115002901,2099,11,2045,11,14,1,28,1516,8,1468,8,10,1,21,230.13,489.06,27091,34527,NA,NA,24750,8,9
17115002902,4451,27,4198,27,181,1,41,3201,20,3029,20,105,1,26,485.91,1032.63,18823,34527,NA,NA,11850,8,9
17115002903,4608,46,4057,46,458,5,38,3676,31,3266,31,319,5,24,558.02,1185.86,18823,34527,NA,NA,11850,8,10
17115002904,5398,37,5145,37,169,10,36,4242,24,4058,24,111,8,17,643.94,1368.45,18823,34527,NA,NA,11850,8,10
17117009560,3489,11,3465,11,2,6,3,2599,7,2576,7,2,5,2,577,803,78149,78162,NA,NA,40380,18,11
17117009561,3490,10,3462,10,1,13,4,2544,5,2522,5,1,9,2,370,459,29392,29405,NA,NA,16740,18,11
17117009562,2804,17,2782,17,0,5,0,2071,11,2045,11,0,4,0,145,249,57329,54053,NA,NA,30540,18,11
17117009563,3456,22,3354,22,40,4,36,2655,14,2561,14,34,4,28,69,123,72234,53052,NA,NA,08430,18,11
17117009564,5275,18,5184,18,42,14,14,3974,13,3901,13,23,11,13,971,1542,11202,11209,NA,NA,08430,18,11
17117009565,2600,15,2572,15,4,5,4,1861,6,1842,6,1,3,3,62,112,48138,13178,NA,NA,08430,18,11
17117009566,4613,23,4573,23,5,6,6,3352,9,3322,9,5,6,1,218,276,8264,8277,NA,NA,31500,18,11
17117009567,4069,23,3763,23,273,10,0,2960,19,2745,19,172,5,0,418,607,9577,9590,NA,NA,07770,18,11
17117009568,2678,3,2663,3,0,10,2,2030,1,2017,1,0,9,2,260,278,82218,20383,NA,NA,16680,18,11
17117009569,3793,12,3778,12,1,2,0,2796,10,2774,10,0,2,0,349.5,273.58,29236,29249,NA,NA,16680,18,11
17117009570,4020,13,3997,13,4,4,1,3060,7,3039,7,2,4,1,382.5,299.42,5209,10357,NA,NA,16680,18,11
17117009571,2660,10,2641,10,3,0,6,2001,9,1981,9,1,0,1,740,618,51024,51037,NA,NA,27180,18,11
17117009572,4732,7,4699,7,3,11,12,3562,6,3533,6,1,8,8,932,901,72403,72416,NA,NA,37590,18,11
17119004002,5775,120,5145,120,462,23,23,4333,84,3812,84,316,20,17,714.97,722.22,30926,30939,NA,NA,17280,1,18
17119004003,1510,39,1446,39,11,8,6,1109,23,1049,23,6,6,2,182.99,184.85,30926,30939,NA,NA,17280,1,18
17119004004,1339,25,1285,25,11,8,9,958,9,918,9,8,7,7,158.07,159.68,30926,30939,NA,NA,17280,1,18
17119004005,1113,12,1076,12,9,4,11,820,7,796,7,4,2,4,135.3,136.68,30926,30939,NA,NA,17280,1,18
17119004006,3751,87,3091,87,556,9,8,2820,51,2401,51,305,6,6,928.4,389.42,45993,77486,NA,NA,23970,1,18
17119004007,3571,31,334,31,3201,2,3,2321,15,286,15,2003,1,1,764.12,320.51,77473,77486,NA,NA,40200,1,18
17119004010,2949,18,2902,18,6,16,7,2237,11,2196,11,3,10,6,402.68,443.84,66131,83284,43050,12990,35010,1,18
17119004011,6286,29,6217,29,12,19,9,4853,18,4786,18,10,14,7,873.59,962.88,83271,83284,43050,12990,35010,1,18
17119004012,3161,25,3111,25,1,8,16,2456,18,2399,18,0,8,13,442.1,487.3,83271,83284,43050,12990,03600,1,18
17119004013,6032,25,5987,25,8,3,8,4478,16,4432,16,6,3,5,806.08,888.48,21553,83284,12960,12990,03600,1,18
17119004014,3634,41,3532,41,45,11,5,2926,35,2811,35,33,8,4,498.78,515.33,1114,1127,NA,NA,03600,1,18
17119004015,3081,79,2934,79,28,22,13,2412,55,2254,55,19,19,10,411.16,424.8,1114,1127,NA,NA,03600,1,18
17119004016,0,0,0,0,0,0,0,0,0,0,0,0,0,0,0,0,1114,83284,NA,NA,06120,1,18
17119004018,7423,75,7306,75,9,15,18,5709,54,5570,54,8,11,12,1027.68,1132.72,65884,83284,12960,12990,35010,1,18
17119004020,5138,53,3834,53,1197,23,30,4015,35,3079,35,824,19,23,684.41,707.12,1114,1127,NA,NA,03600,1,18
17119004021,4404,26,2115,26,2220,24,11,3023,17,1675,17,1293,15,6,515.31,532.41,1114,1127,NA,NA,03600,1,18
17119004022,4016,20,2497,20,1427,61,2,2872,12,1935,12,875,36,2,489.57,505.81,1114,1127,NA,NA,03600,1,18
17119004023,2310,21,1945,21,318,3,21,1702,11,1477,11,193,2,8,290.13,299.76,1114,1127,NA,NA,03600,1,18
17119004024,2224,35,1650,35,512,9,16,1703,20,1319,20,325,7,12,290.3,299.93,1114,1127,NA,NA,03600,1,18
17119004025,2853,18,1749,18,1055,11,14,1994,10,1297,10,663,5,9,339.9,351.18,1114,1127,NA,NA,03600,1,18
17119004026,3408,50,2762,50,579,7,7,2525,40,2114,40,318,7,6,430.42,444.7,1114,1127,NA,NA,03600,1,18
17119004029,4957,31,4378,31,495,7,43,3906,22,3460,22,360,6,36,546.96,906.92,22697,22710,NA,NA,13530,1,11
17119004032,4769,56,4598,56,78,8,28,3671,37,3530,37,45,6,16,528.78,842.97,15599,15612,NA,NA,10650,1,11
17119004033,3359,59,3088,59,171,14,15,2558,40,2341,40,120,9,8,368.46,587.39,15599,15612,NA,NA,10650,1,11
17119004034,9397,173,8841,173,298,13,70,7465,121,6978,121,193,10,42,1075.28,1714.19,15599,15612,NA,NA,10650,1,11
17119004036,8698,66,8590,66,5,5,31,6390,41,6285,41,2,3,18,336,680,34670,33981,NA,NA,18990,1,11
17119004037,7576,56,7440,56,47,7,26,5501,39,5363,39,43,4,13,223,433,46864,46877,37470,04770,37350,1,11
17119400101,2962,62,2855,62,0,9,36,2379,44,2261,44,0,7,23,392.55,396.53,30926,30939,NA,NA,17280,1,18
17119400102,6852,150,6641,150,6,31,19,4914,81,4722,81,2,20,8,810.83,819.06,30926,30939,NA,NA,17280,1,18
17119400801,1932,23,1884,23,2,5,17,1608,15,1561,15,2,3,12,265.33,268.02,30926,30939,NA,NA,17280,1,18
17119400802,7119,130,6942,130,1,18,26,5530,82,5330,82,0,14,22,912.48,921.73,30926,30939,NA,NA,17280,1,18
17119400901,54,0,54,0,0,0,0,44,0,44,0,0,0,0,14.49,6.08,45993,77486,NA,NA,17280,1,18
17119400903,5313,75,4639,75,572,10,17,3943,49,3419,49,408,7,11,849.58,922.46,61067,51583,NA,NA,17280,1,18
17119400904,4156,57,4075,57,5,2,16,3144,35,3058,35,2,2,12,677.42,735.54,30926,30939,NA,NA,17280,1,18
17119400905,8513,102,8256,102,81,19,53,6433,63,6204,63,44,18,41,1061.48,1072.24,61067,51583,NA,NA,17280,1,18
17119401701,2941,41,2732,41,147,17,2,2112,23,1940,23,116,8,2,360.02,371.96,1114,83284,12960,12990,06120,1,18
17119401702,8191,33,8092,33,11,17,38,5963,20,5880,20,6,11,26,1073.4,1183.12,5599,83284,NA,NA,06120,1,18
17119401901,1427,5,1404,5,4,11,3,1097,5,1079,5,1,5,2,197.47,217.66,5599,83284,NA,NA,35010,1,18
17119401902,7843,76,7719,76,11,24,13,5789,40,5669,40,9,22,9,1016,955,71240,14260,43050,12990,17280,1,18
17119402701,6924,69,6404,69,401,12,37,5272,37,4913,37,251,10,24,752.05,1506.65,30094,30107,NA,NA,03600,1,11
17119402702,9267,58,8929,58,182,11,76,7101,43,6832,43,132,10,41,1012.95,2029.35,30094,30107,NA,NA,03600,1,11
17119402801,2798,11,2737,11,34,3,13,2136,8,2084,8,27,3,6,409,830,1114,27182,NA,NA,03600,1,11
17119402802,6065,29,5973,29,37,15,11,4438,19,4368,19,14,10,8,328,629,5599,50465,NA,NA,13530,1,11
17119402803,2685,10,2600,10,51,5,19,1976,8,1918,8,33,2,7,562,873,5599,27130,NA,NA,13530,1,11
17119403001,4591,44,4127,44,341,6,72,3620,34,3244,34,246,4,58,506.91,840.51,22697,22710,NA,NA,13530,1,11
17119403002,5006,34,4658,34,264,8,39,3891,22,3626,22,186,6,29,544.86,903.44,22697,22710,NA,NA,13530,1,11
17119403101,3887,42,3272,42,389,8,170,3169,36,2589,36,348,7,153,443.76,735.8,22697,22710,NA,NA,13530,1,11
17119403102,8224,86,7452,86,499,23,156,5988,55,5440,55,322,13,103,838.51,1390.33,29639,22710,NA,NA,13530,1,11
17119403501,7960,125,7686,125,97,15,32,5969,86,5691,86,67,12,27,859.79,1370.66,47397,15612,NA,NA,10650,1,11
17119403502,5334,107,5060,107,149,4,13,3962,73,3735,73,67,4,10,570.7,909.79,15599,15612,NA,NA,10650,1,11
17119403503,8383,68,8241,68,20,23,28,5992,48,5844,48,16,18,18,960,1644,76199,38245,NA,NA,37350,1,11
17119403801,3680,1,3658,1,6,10,2,2713,1,2700,1,3,6,2,181,437,83505,56068,NA,NA,13530,1,11
17119403802,4397,5,4372,5,3,10,6,3284,4,3267,4,1,5,3,170,308,44160,55834,NA,NA,18990,1,11
17121009516,3946,15,3915,15,3,13,0,2888,11,2856,11,2,8,0,135,177,40117,40130,35160,35190,00114,13,11
17121009517,2730,10,2714,10,0,4,2,2029,8,2008,8,0,4,1,57,96,58057,58070,35770,35190,30870,13,11
17121009518,2771,7,2739,7,8,4,9,1934,4,1910,4,6,4,6,403,366,67444,67457,09180,09300,35310,13,11
17121009519,3136,16,3089,16,24,2,5,2292,5,2259,5,17,2,4,370.48,610.32,55210,55223,29580,29610,NA,13,11
17121009520,4383,20,4277,20,11,13,62,3219,12,3132,12,11,10,42,520.32,857.17,67236,67249,35160,35190,NA,13,11
17121009521,2593,16,2543,16,6,5,23,1981,10,1938,10,6,5,12,320.21,527.51,67236,67249,35160,35190,NA,13,11
17121009522,4384,8,4338,8,3,17,17,3182,6,3154,6,0,10,6,136,183,37933,37946,20250,35190,NA,13,11
17121009523,3623,10,3548,10,40,8,13,2669,7,2621,7,20,8,6,472.45,688.17,12164,12177,33030,09300,NA,13,11
17121009524,3681,10,3524,10,52,14,78,2778,9,2676,9,37,10,37,491.75,716.27,12164,12177,09270,09300,NA,13,11
17121009525,3422,51,3235,51,124,5,7,2518,19,2408,19,62,5,5,445.72,649.24,12164,12177,09270,09300,NA,13,11
17121009526,2524,35,2157,35,321,4,7,1902,15,1658,15,205,3,6,336.68,490.41,12164,12177,09270,09300,NA,13,11
17121009527,4368,34,3398,34,915,17,4,3211,15,2563,15,601,13,4,568.39,827.92,12164,12177,09270,09300,NA,13,11
17123009611,2443,21,2407,21,4,2,9,1869,11,1836,11,2,2,7,119,233,79813,24569,23520,23550,41490,3,9
17123009612,2689,16,2660,16,2,8,1,1966,10,1939,10,1,5,1,339,706,34163,34176,NA,NA,00115,4,9
17123009613,2490,14,2461,14,5,6,4,1793,8,1763,8,5,6,3,38,82,71422,72585,40020,43500,36870,4,9
17123009614,2914,6,2885,6,3,10,10,2213,5,2188,5,3,6,6,57,113,40559,40572,NA,NA,21480,4,9
17123009615,2310,22,2280,22,3,3,2,1815,11,1785,11,3,3,2,65,105,75653,5235,NA,NA,39150,3,9
17125009563,3231,12,3210,12,0,3,6,2280,4,2269,4,0,2,1,79,100,46383,46396,NA,NA,15510,8,9
17125009564,2481,11,2450,11,0,7,13,1790,5,1763,5,0,7,10,136,128,75757,62419,NA,NA,18510,8,9
17125009565,3756,17,3715,17,4,5,14,2869,13,2827,13,2,4,10,665,1148,33513,33526,NA,NA,18510,8,9
17125009566,2172,6,2160,6,1,4,1,1661,5,1649,5,1,1,0,176,156,4156,4169,NA,NA,05250,8,9
17125009567,2145,1,2139,1,2,3,0,1560,1,1553,1,2,3,0,38,76,67613,828,00103,23050,00113,8,9
17125009568,2484,11,2463,11,1,4,4,1907,6,1891,6,0,2,2,365,726,47475,47482,NA,NA,00113,8,9
17127009701,4421,7,4250,7,145,7,12,3253,5,3135,5,95,3,10,52,176,38674,91494,NA,NA,00015,13,10
17127009702,4450,13,4032,13,369,19,11,3485,9,3182,9,269,10,6,181,287,48645,92070,NA,NA,25000,13,10
17127009703,3322,13,3082,13,217,3,5,2482,11,2305,11,148,3,4,157,164,8706,91026,NA,NA,25000,13,10
17127009704,2559,11,2399,11,138,8,3,2059,5,1945,5,93,8,3,217,338,48645,92124,NA,NA,25000,13,10
17129000101,4861,20,4816,20,1,18,6,3431,10,3394,10,1,13,3,50,74,2674,91566,00103,23050,17700,8,9
17129000102,3834,9,3801,9,8,9,7,2939,6,2913,6,2,7,5,102,309,59312,92441,NA,NA,31410,8,9
17129000103,2469,8,2458,8,0,2,1,1747,4,1737,4,0,1,1,136,516,74379,93366,NA,NA,31410,8,9
17131000401,4518,30,4461,30,10,8,9,3232,19,3180,19,3,6,5,307,322,69368,63628,NA,NA,36180,4,8
17131000402,4225,25,4185,25,0,11,3,3125,16,3084,16,0,7,2,219,177,39298,52233,NA,NA,41910,4,8
17131000403,4031,14,3974,14,11,11,21,3075,8,3043,8,5,3,8,578,1197,646,48398,NA,NA,03330,4,8
17131000404,4516,40,4462,40,9,3,2,3313,16,3274,16,4,3,0,317,324,82309,64551,NA,NA,36180,4,8
17133006001,7393,63,7295,63,4,12,15,5634,45,5524,45,4,9,7,177,404,15833,92700,NA,NA,10740,13,18
17133006002,8619,63,8508,63,4,24,20,6404,43,6290,43,4,14,10,101,180,79150,92718,NA,NA,41070,13,18
17133006003,6410,40,6329,40,1,15,22,4507,26,4433,26,1,11,10,89,145,33877,92754,NA,NA,41070,13,18
17135009573,3985,27,3946,27,5,5,1,2964,13,2932,13,2,4,0,90,166,53169,53182,NA,NA,28560,18,11
17135009574,2626,5,2612,5,2,1,6,1922,3,1909,3,2,1,4,138,183,82725,82738,NA,NA,42930,18,11
17135009575,3395,16,3369,16,1,2,7,2442,16,2406,16,1,1,2,96,179,62965,7107,NA,NA,30660,18,11
17135009576,3260,7,3242,7,1,1,7,2365,4,2354,4,0,1,2,262.47,223.4,10149,53949,NA,NA,23250,1,11
17135009577,3281,17,3228,17,13,12,11,2460,8,2426,8,7,4,7,679,1276,43965,53949,NA,NA,23250,18,11
17135009578,3757,17,3716,17,14,4,6,2780,10,2740,10,11,4,5,308.53,262.6,43965,70928,NA,NA,23250,1,11
17135009579,5398,50,5288,50,40,5,15,4000,30,3898,30,28,4,10,208.85,222.6,35047,35060,NA,NA,19200,1,11
17135009580,5026,96,4425,96,477,13,10,4140,89,3465,89,477,13,7,216.15,230.4,15352,21761,NA,NA,19200,1,11
17137009514,3138,9,3118,9,7,4,0,2272,6,2251,6,5,4,0,64,149,48424,92025,NA,NA,25680,8,9
17137009515,4362,61,3887,61,388,8,10,3399,53,2897,53,380,8,8,413.42,956.63,38115,91710,NA,NA,20280,8,9
17137009516,3899,26,3431,26,408,7,4,2903,18,2628,18,231,4,4,353.09,817.04,38115,91710,NA,NA,20280,8,9
17137009517,3483,47,3161,47,253,2,7,2671,38,2421,38,168,1,5,324.87,751.74,38115,91710,NA,NA,20280,8,9
17137009518,4557,46,4355,46,126,5,21,3588,34,3435,34,66,4,15,436.4,1009.83,38115,91710,NA,NA,20280,8,9
17137009519,4297,31,4170,31,44,1,45,3339,22,3241,22,28,1,25,406.12,939.75,38115,91710,NA,NA,20280,8,9
17137009520,2835,24,2579,24,219,1,9,2324,15,2114,15,171,1,8,282.67,654.08,38115,91710,NA,NA,20280,8,9
17137009521,3519,22,3411,22,50,10,24,2725,16,2642,16,30,6,15,331.44,766.94,70889,91710,NA,NA,20280,8,9
17137009522,2947,11,2925,11,4,5,1,2047,2,2038,2,2,3,0,118,245,51479,92232,NA,NA,20280,8,9
17137009523,3360,9,3345,9,0,3,3,2460,5,2447,5,0,3,0,142,281,79358,93636,NA,NA,41280,8,9
17139009769,4501,8,4483,8,1,5,4,3321,6,3300,6,1,4,4,39,88,2414,45083,NA,NA,38130,18,10
17139009770,2691,11,2663,11,7,8,2,1939,8,1913,8,5,3,2,243,327,45044,45057,NA,NA,23670,18,10
17139009771,3318,16,3296,16,0,2,4,2480,13,2450,13,0,2,2,384.11,653.98,5612,73508,NA,NA,06150,18,10
17139009772,3420,3,3407,3,0,7,3,2556,1,2546,1,0,6,2,395.89,674.02,73495,73508,NA,NA,38130,18,10
17141009607,5563,31,5503,31,3,11,13,3994,15,3950,15,2,8,4,111,270,10240,10253,NA,NA,08010,15,4
17141009608,3820,36,3774,36,0,5,1,2803,22,2755,22,0,3,1,41,141,27065,27078,NA,NA,15490,15,4
17141009609,3999,33,3943,33,5,10,6,3036,18,2985,18,3,7,5,275,942,50998,51011,NA,NA,27150,15,8
17141009610,4898,47,4830,47,4,8,8,3468,22,3413,22,0,7,4,113,231,72702,68302,14410,34290,25690,15,4
17141009611,4661,300,4302,300,15,13,25,3640,179,3245,179,12,6,19,81,164,64746,26298,34260,34290,NA,15,4
17141009612,4996,298,4659,298,12,4,21,3669,171,3299,171,7,4,17,542.44,1391.13,64746,26298,34260,34290,NA,15,4
17141009613,5562,37,5503,37,5,8,9,4074,18,4024,18,5,7,2,67,187,56484,59975,21130,34290,30160,15,4
17141009614,4490,40,4412,40,3,10,25,3398,17,3338,17,3,6,17,328,1145,56484,56497,NA,NA,30160,15,4
17141009615,4811,37,4745,37,4,15,8,3618,17,3567,17,2,11,4,252,742,60937,9421,NA,NA,32100,15,8
17141009616,3157,520,2604,520,15,2,8,2405,277,1836,277,8,2,5,355.56,911.87,64746,26298,34260,34290,NA,15,4
17143000001,1935,26,693,26,1207,7,0,1077,12,545,12,503,5,0,153.05,273.99,59000,59013,NA,NA,31230,8,9
17143000002,2742,50,1364,50,1317,7,2,1719,27,1079,27,578,6,2,244.29,437.31,59000,59013,NA,NA,31230,8,9
17143000003,2795,51,2035,51,687,12,4,1881,24,1478,24,344,9,2,267.31,478.53,59000,59013,NA,NA,31230,8,9
17143000005,2419,134,1357,134,914,5,6,1716,77,1027,77,525,5,5,243.86,436.55,59000,59013,NA,NA,31230,8,9
17143000006,3452,76,1761,76,1597,1,9,2452,43,1431,43,927,1,7,348.45,623.79,59000,59013,NA,NA,31230,8,9
17143000007,2075,17,409,17,1636,4,7,1377,9,324,9,1026,4,5,195.68,350.31,59000,59013,NA,NA,31230,8,9
17143000008,1365,6,180,6,1177,1,1,962,4,138,4,814,1,1,136.71,244.73,59000,59013,NA,NA,31230,8,9
17143000009,2528,29,623,29,1867,6,1,1683,20,565,20,1071,6,1,239.17,428.16,59000,59013,NA,NA,31230,8,9
17143000011,295,4,194,4,91,2,4,263,4,174,4,75,2,4,37.37,66.91,59000,59013,NA,NA,31230,8,9
17143000012,1753,89,506,89,1131,0,19,1103,54,439,54,539,0,17,156.75,280.6,59000,59013,NA,NA,31230,8,9
17143000013,1289,72,617,72,591,1,6,894,43,486,43,319,1,2,127.05,227.43,59000,59013,NA,NA,31230,8,9
17143000014,1367,63,889,63,410,5,0,943,28,660,28,224,3,0,134.01,239.9,59000,59013,NA,NA,31230,8,9
17143000015,2271,78,1881,78,286,1,17,1582,40,1353,40,138,1,10,224.82,402.46,59000,59013,NA,NA,31230,8,9
17143000016,3683,73,2591,73,979,12,27,2619,45,1978,45,521,8,22,372.18,666.27,59000,59013,NA,NA,31230,8,9
17143000017,685,27,526,27,110,1,21,661,26,497,26,90,1,21,93.93,168.16,59000,59013,NA,NA,31230,8,9
17143000018,4031,81,2472,81,1287,16,147,3052,47,2061,47,765,10,122,433.72,776.43,59000,59013,NA,NA,31230,8,9
17143000019,1999,27,1699,27,184,4,84,1727,21,1480,21,125,3,77,245.42,439.35,59000,59013,NA,NA,31230,8,9
17143000020,3899,83,3391,83,295,4,122,3505,72,2999,72,243,4,115,498.09,891.67,59000,59013,NA,NA,31230,8,9
17143000021,5300,73,3477,73,1637,14,84,3860,36,2758,36,969,7,54,548.54,981.98,59000,59013,NA,NA,31230,8,9
17143000022,4420,45,3833,45,473,8,55,3304,35,2892,35,301,7,34,469.53,840.54,59000,59013,NA,NA,31230,8,9
17143000023,5295,28,4989,28,227,16,34,4269,21,4043,21,153,8,23,606.67,1086.03,59000,59013,NA,NA,31230,8,9
17143000024,4967,105,4397,105,428,3,31,3833,61,3419,61,266,1,25,544.71,975.12,59000,59013,NA,NA,31230,8,9
17143000025,3613,63,2790,63,721,15,18,2565,32,2077,32,406,7,11,364.51,652.54,59000,59013,NA,NA,31230,8,9
17143000026,2070,26,1939,26,92,7,6,1650,17,1553,17,55,4,4,234.48,419.76,59000,59013,NA,NA,31230,8,9
17143000027,7285,90,6052,90,1018,7,111,5798,53,4932,53,681,5,74,823.95,1475.01,59000,59013,NA,NA,31230,8,9
17143000028,3605,30,3218,30,267,4,85,2903,20,2625,20,180,3,55,412.54,738.52,59000,59013,31950,22950,31230,8,9
17143000029,4168,27,3924,27,138,2,74,3400,23,3212,23,96,2,44,483.17,864.96,59000,59013,NA,NA,31230,8,9
17143000030,5673,49,5143,49,361,9,110,4339,33,3960,33,230,7,76,616.61,1103.84,59000,59013,NA,NA,31230,8,9
17143000032,4136,60,3630,60,242,1,202,3373,42,2970,42,177,1,141,479.34,858.09,59000,59013,NA,NA,31230,8,9
17143000033,3325,21,3116,21,33,6,147,2564,15,2416,15,25,3,90,364.37,652.28,59000,59013,NA,NA,31230,8,9
17143000035,1078,8,1051,8,8,10,1,824,5,803,5,6,4,1,121.21,359.79,59000,48099,NA,NA,12700,8,9
17143000037,2912,11,2892,11,1,1,7,2151,9,2129,9,1,1,2,129,349,NA,32304,NA,NA,19970,4,9
17143000038,2997,44,2937,44,1,9,6,2222,28,2159,28,0,5,2,127,326,61925,61938,NA,NA,32770,4,9
17143000039,4429,19,4386,19,5,1,14,3110,13,3073,13,4,1,6,112,288,8303,8316,NA,NA,07200,4,9
17143000040,4281,22,4233,22,9,7,10,3106,15,3060,15,5,6,5,251,516,23698,23711,NA,NA,14050,4,9
17143000042,4089,29,3917,29,95,7,39,3397,21,3236,21,82,5,32,476.75,741.95,59026,63771,NA,NA,31270,8,9
17143000043,2823,54,2566,54,175,4,24,2175,30,1990,30,107,3,15,305.25,475.05,59026,63771,NA,NA,31270,8,9
17143000044,5899,75,5040,75,700,12,60,4393,45,3919,45,354,7,23,665,1060,80736,80749,NA,NA,31230,8,9
17143000045,5066,45,4781,45,206,6,28,3912,29,3657,29,172,6,19,592.28,781.97,4871,43523,29040,22950,31230,4,9
17143000046,5493,39,5360,39,74,8,11,4124,25,4027,25,34,8,5,624.37,824.35,4039,43523,29100,22950,31230,4,9
17143003101,4495,50,3584,50,682,4,155,3023,24,2508,24,367,4,96,429.6,769.05,59000,59013,31950,22950,31230,8,9
17143003102,5835,88,5310,88,271,5,150,4681,61,4242,61,206,5,106,665.21,1190.85,59000,59013,NA,NA,31230,8,9
17143003401,3119,16,3021,16,37,4,41,2244,12,2169,12,25,2,24,318.89,570.87,59000,48099,NA,NA,19970,8,9
17143003402,3820,34,3718,34,25,2,41,2609,16,2532,16,15,1,29,383.79,1139.21,59000,48099,NA,NA,19970,8,9
17143003601,2758,31,2707,31,4,2,14,2069,16,2025,16,3,1,8,277.27,471.61,65403,14130,NA,NA,19970,4,9
17143003602,5623,231,5366,231,14,5,7,4244,140,3951,140,6,2,5,568.73,967.39,14117,14130,NA,NA,19970,4,9
17143004101,3007,21,2869,21,65,1,47,2242,14,2140,14,43,1,30,147.54,237.43,59000,39818,31950,22950,14050,4,9
17143004102,4058,36,3319,36,631,5,62,3046,24,2577,24,377,5,39,200.46,322.57,59000,39818,31950,22950,31230,4,9
17143004801,4040,38,3949,38,27,7,14,2940,16,2879,16,16,5,8,445.11,587.68,4871,43523,22920,22950,19960,4,9
17143004802,4902,64,4659,64,158,3,17,3707,35,3538,35,86,3,10,561.24,741,4039,43523,31860,22950,31230,4,9
17143004901,3595,10,3566,10,2,13,4,2610,4,2587,4,1,12,2,287,403,29483,75289,19420,22950,19960,4,9
17143004902,4068,28,3874,28,153,6,7,2966,19,2769,19,148,6,5,315,560,32668,44342,22920,22950,00044,4,9
17143005097,0,0,0,0,0,0,0,0,0,0,0,0,0,0,0,0,NA,14130,NA,NA,19970,8,9
17143005098,0,0,0,0,0,0,0,0,0,0,0,0,0,0,0,0,NA,14130,NA,NA,19970,8,9
17145000301,3361,10,3334,10,6,1,10,2355,8,2336,8,1,0,2,0,0,74444,93348,00009,31620,10980,13,18
17145000302,5829,37,5757,37,10,7,17,4415,20,4358,20,7,5,5,0,0,59884,90864,00009,31620,12760,13,18
17145000303,2351,24,2320,24,4,2,1,1683,15,1647,15,4,2,0,0,0,81867,93762,00009,31620,08250,13,18
17145000304,2926,29,2557,29,328,4,6,2133,13,1895,13,205,3,4,0,0,21267,92466,31560,31620,12760,13,18
17145000305,2495,8,2472,8,0,3,12,1812,5,1793,5,0,3,6,0,0,21267,93762,38550,31620,12760,13,18
17145000306,4450,12,4372,12,39,6,17,3435,8,3372,8,34,3,10,0,0,21267,93330,NA,NA,12760,13,18
17147009545,3890,11,3866,11,1,5,7,2825,9,2799,9,0,4,4,187,402,46487,6808,NA,NA,00003,16,3
17147009546,5064,16,5038,16,1,6,3,3893,10,3864,10,1,5,3,578,1499,50244,50257,NA,NA,26550,16,3
17147009547,3675,7,3661,7,4,2,1,2737,4,2724,4,3,2,0,274,395,5144,5157,NA,NA,05820,16,3
17147009548,2919,1,2913,1,2,3,0,2128,1,2125,1,0,1,0,107,214,12268,12275,NA,NA,09330,16,3
17149009524,3700,3,3683,3,5,1,8,2712,1,2701,1,3,1,5,232,352,31771,31784,31320,31350,17790,18,11
17149009525,3119,20,3095,20,2,1,1,2354,9,2332,9,2,1,1,174,235,3948,3974,NA,NA,21090,18,11
17149009526,3654,9,3635,9,0,10,0,2706,5,2690,5,0,6,0,113,144,60534,2791,NA,NA,31890,18,11
17149009527,4373,31,4319,31,0,3,20,3405,19,3350,19,0,3,14,671,1241,60222,60235,NA,NA,31710,18,11
17149009528,2731,6,2712,6,1,9,3,2072,3,2059,3,1,5,1,36,81,51882,71617,NA,NA,31710,18,11
17151009712,2283,30,1999,30,243,7,4,1804,25,1547,25,199,5,3,105,242,22398,91404,NA,NA,32280,13,10
17151009713,2090,27,2037,27,17,7,2,1601,15,1547,15,15,7,2,85,87,30133,91746,NA,NA,32280,13,10
17153009710,3448,8,2727,8,707,4,2,2540,4,2067,4,459,4,2,143,188,50751,91476,NA,NA,39630,13,10
17153009711,4075,21,2293,21,1752,4,4,2825,10,1723,10,1074,4,4,114,137,50777,92196,NA,NA,26970,13,10
17155009545,2859,94,2755,94,5,1,4,2177,56,2063,56,1,1,0,591,738,31017,31030,NA,NA,32960,4,9
17155009546,2871,44,2814,44,4,5,3,2132,22,2079,22,2,4,3,226,323,34098,34124,NA,NA,32960,4,9
17157009505,2582,5,2454,5,115,4,4,1884,5,1797,5,70,4,3,340.38,414.97,16613,90864,NA,NA,10980,13,18
17157009506,4843,22,4084,22,696,9,19,3496,14,3034,14,414,7,13,631.62,770.03,71448,93222,NA,NA,36900,13,18
17157009507,3282,32,3225,32,14,3,8,2322,15,2279,15,6,3,4,153,231,71448,90306,NA,NA,36900,13,18
17157009508,4090,18,4045,18,1,6,20,3023,11,2985,11,1,5,10,542,1164,63043,92970,NA,NA,33300,13,18
17157009509,3915,12,3887,12,2,7,6,2827,9,2798,9,2,4,5,79,61,24608,91206,32490,09780,36900,13,18
17157009510,2993,7,2967,7,9,4,6,2143,2,2126,2,5,4,4,91,120,23503,91170,NA,NA,09810,13,18
17157009511,3658,20,3634,20,0,2,2,2752,15,2720,15,0,2,0,497,739,72468,93240,NA,NA,37650,13,18
17157009512,6198,213,3982,213,1978,14,10,5723,211,3308,211,1970,13,10,714.75,1053.24,13139,90738,NA,NA,09810,13,18
17157009513,3022,16,2965,16,29,4,8,2308,9,2262,9,21,2,5,288.25,424.76,13139,90738,NA,NA,09810,13,18
17159009779,4788,19,4741,19,1,8,19,3446,11,3408,11,1,4,11,162,309,53143,53156,NA,NA,13290,5,10
17159009780,2384,11,2357,11,4,5,6,1779,2,1763,2,3,5,4,340.05,751.67,55912,55925,NA,NA,13290,5,10
17159009781,3047,18,3018,18,5,3,3,2325,6,2304,6,5,3,1,444.41,982.37,55912,55925,NA,NA,13290,5,10
17159009782,2725,9,2702,9,7,3,4,2085,5,2066,5,2,3,4,398.54,880.96,55912,55925,NA,NA,13290,5,10
17159009783,3601,17,3574,17,0,4,6,2642,10,2615,10,0,4,3,116,238,57693,46006,NA,NA,13290,5,10
17161000201,6730,67,6615,67,15,6,26,4895,38,4795,38,5,6,13,173,262,16366,16379,36360,39870,33930,4,8
17161000202,3370,159,3131,159,52,11,16,2475,80,2267,80,31,8,9,672.31,457.86,11150,32577,08310,39870,NA,4,8
17161000203,6326,874,5253,874,146,15,35,5150,558,3921,558,83,7,23,1398.96,952.71,69979,32577,36360,39870,NA,4,8
17161000204,5823,530,4250,530,999,10,28,4689,344,3169,344,811,7,14,1273.73,867.43,22073,32577,18090,39870,33930,4,8
17161000206,2438,503,1356,503,552,14,12,2019,300,1021,300,380,9,9,323.47,449.18,22073,32577,13170,39870,NA,4,8
17161000207,1737,212,1398,212,86,6,35,1460,139,1099,139,58,4,21,233.91,324.81,22073,70993,13170,39870,NA,4,8
17161000208,5193,339,4748,339,71,4,29,4149,210,3655,210,53,4,17,664.72,923.05,22073,70993,13170,39870,NA,4,8
17161000209,5790,325,5190,325,175,11,88,4559,193,4000,193,116,8,49,730.4,1014.27,22073,70993,13170,39870,NA,4,8
17161000210,3178,164,2833,164,142,5,27,2553,90,2260,90,89,3,21,409.02,567.98,22073,70993,13170,39870,NA,4,8
17161000211,3494,92,3268,92,62,6,66,2565,60,2356,60,38,4,47,410.94,570.65,49867,70993,NA,NA,26400,4,8
17161000212,4489,112,4240,112,80,7,45,3720,67,3493,67,59,5,29,595.98,827.61,49867,70993,13170,39870,26400,4,8
17161000213,4598,189,4248,189,112,6,42,3532,107,3237,107,51,4,26,565.87,785.78,49867,70993,13170,39870,26400,4,8
17161000214,1243,117,1081,117,35,5,4,999,68,833,68,21,5,4,203.71,241.52,49867,49880,NA,NA,26400,4,8
17161000215,4439,164,4165,164,71,9,27,3584,113,3291,113,43,4,20,574.2,797.35,49867,70993,NA,NA,26400,4,8
17161000216,2941,128,2749,128,42,5,14,2150,70,1965,70,32,3,10,438.41,519.78,49867,49880,NA,NA,26400,4,8
17161000217,4131,342,3627,342,120,15,19,3182,206,2683,206,66,9,12,648.85,769.27,49867,49880,NA,NA,26400,4,8
17161000218,5157,178,4869,178,64,10,36,4116,105,3828,105,49,7,22,659.43,915.71,49867,70993,NA,NA,26400,4,8
17161000219,1887,64,1756,64,56,5,4,1486,37,1369,37,36,3,4,238.07,330.6,49867,70993,NA,NA,26400,4,8
17161000220,3923,159,3654,159,68,10,29,3002,98,2722,98,58,6,20,612.15,725.76,49867,49880,NA,NA,26400,4,8
17161000221,2646,106,2478,106,27,4,31,2113,66,1938,66,24,1,18,430.87,510.83,49867,49880,NA,NA,26400,4,8
17161000222,3999,532,3376,532,68,4,18,3204,301,2545,301,39,4,14,653.34,774.59,49867,49880,NA,NA,26400,4,8
17161000223,188,29,147,29,8,2,2,171,20,121,20,6,2,2,34.87,41.34,49867,49880,NA,NA,26400,4,8
17161000224,1678,782,834,782,38,6,15,1588,469,604,469,27,6,13,323.81,383.91,49867,49880,NA,NA,26400,4,8
17161000225,212,21,88,21,92,0,11,130,10,55,10,50,0,5,24.36,15.36,49867,49880,NA,NA,26400,4,8
17161000226,361,37,286,37,32,0,6,366,26,276,26,32,0,6,68.58,43.24,65078,65091,NA,NA,34410,4,8
17161000227,2188,266,1660,266,215,8,33,1776,137,1339,137,138,3,22,332.78,209.83,65078,65091,NA,NA,34410,4,8
17161000228,5671,171,5273,171,169,13,42,4763,115,4362,115,122,10,39,892.46,562.74,65078,65091,NA,NA,34410,4,8
17161000229,2966,102,2784,102,68,1,7,2411,64,2238,64,40,1,4,465.82,683.6,65078,71201,NA,NA,34410,4,8
17161000230,4185,60,4048,60,45,0,32,3404,36,3287,36,27,0,18,657.68,965.15,65078,71201,NA,NA,34410,4,8
17161000231,2755,50,2631,50,42,2,30,2163,29,2060,29,29,1,15,417.91,613.29,65078,71201,NA,NA,34410,4,8
17161000232,5303,93,4959,93,219,7,25,4468,61,4179,61,148,5,14,863.25,1266.84,65078,71201,NA,NA,34410,4,8
17161000233,3815,250,2899,250,644,6,11,2759,133,2160,133,319,5,9,516.97,325.97,65078,65091,NA,NA,34410,4,8
17161000234,1539,87,388,87,1045,9,7,1156,60,316,60,705,9,6,216.6,136.58,65078,65091,NA,NA,34410,4,8
17161000235,2393,135,1129,135,1107,12,10,1635,73,858,73,618,6,7,306.36,193.17,65078,65091,NA,NA,34410,4,8
17161000236,2117,53,409,53,1639,10,1,1355,33,338,33,949,2,0,253.89,160.09,65078,65091,NA,NA,34410,4,8
17161000237,2625,111,1521,111,982,6,4,1857,56,1184,56,556,3,2,358.79,526.52,65078,71201,NA,NA,34410,4,8
17161000240,4180,83,4050,83,6,7,34,3030,41,2916,41,5,5,22,657,696,15235,15248,NA,NA,26400,4,8
17161000242,4316,86,4041,86,162,12,15,3190,42,2984,42,103,9,10,513.8,537.4,65078,6301,NA,NA,34410,4,8
17161000243,3627,68,3534,68,12,5,5,2822,38,2729,38,9,5,3,454.53,475.41,49009,6301,NA,NA,34410,4,8
17161000244,2096,80,1534,80,458,4,20,1628,50,1253,50,256,4,15,314.54,461.6,65078,71201,NA,NA,34410,4,8
17161024101,3773,49,3669,49,40,4,11,2811,26,2733,26,21,0,5,143,237,49009,66300,NA,NA,36180,4,8
17161024102,5328,76,4997,76,219,13,23,3717,42,3483,42,124,10,16,598.68,626.19,1426,1439,NA,NA,34440,4,8
17161024103,3875,39,3820,39,5,6,5,2818,22,2762,22,5,4,3,113,207,63420,9512,NA,NA,34440,4,8
17163005004,3640,22,44,22,3570,4,0,2336,13,44,13,2262,4,0,774.39,139.4,22255,22268,NA,NA,13320,1,18
17163005005,3343,8,72,8,3246,14,3,2038,7,57,7,1959,7,1,675.6,121.62,22255,22268,NA,NA,13320,1,18
17163005006,1958,2,22,2,1928,2,4,1282,0,22,0,1256,2,2,424.98,76.5,22255,22268,NA,NA,13320,1,18
17163005008,0,0,0,0,0,0,0,0,0,0,0,0,0,0,0,0,22255,22268,NA,NA,13320,1,18
17163005009,6741,13,40,13,6682,6,0,4235,10,34,10,4180,1,0,1403.91,252.72,22255,22268,NA,NA,13320,1,18
17163005010,3684,21,15,21,3645,3,0,2550,10,9,10,2519,2,0,845.33,152.17,22255,22268,NA,NA,13320,1,18
17163005011,2816,3,18,3,2789,1,0,1982,3,15,3,1960,1,0,657.03,118.27,22255,22268,NA,NA,13320,1,18
17163005012,5698,22,54,22,5612,0,10,4006,15,52,15,3917,0,7,1327.99,239.05,22255,22268,NA,NA,13320,1,18
17163005013,6033,27,124,27,5864,8,2,4034,17,107,17,3884,7,2,1337.27,240.72,22255,22268,NA,NA,13320,1,18
17163005014,3651,28,130,28,3489,2,0,2411,14,127,14,2254,2,0,799.25,143.87,22255,22268,36330,05640,13320,1,18
17163005017,4210,81,3459,81,633,12,24,3293,60,2699,60,447,7,20,622.39,1103.57,4845,4858,05610,05640,NA,1,18
17163005018,7058,95,6657,95,233,18,52,5416,69,5084,69,143,12,39,1023.65,1815.05,4845,4858,05610,05640,NA,1,18
17163005019,4159,77,3950,77,105,9,18,3114,40,2953,40,63,6,12,588.56,1043.58,4845,4858,05610,05640,NA,1,18
17163005021,2097,595,1471,595,22,1,7,2060,420,1202,420,12,1,5,382.95,202.84,24933,10968,NA,NA,13320,1,18
17163005022,4695,94,882,94,3703,1,9,2846,58,742,58,1981,1,6,529.07,280.24,79085,10968,NA,NA,13320,1,18
17163005023,197,4,182,4,4,1,5,150,1,139,1,3,1,5,33.59,20.2,67756,12210,NA,NA,08040,13,18
17163005025,2925,12,91,12,2816,5,0,1770,6,72,6,1684,2,0,396.41,238.41,958,12210,NA,NA,13320,13,18
17163005027,1645,4,7,4,1629,5,0,1084,4,7,4,1067,2,0,242.77,146.01,12203,12210,NA,NA,13320,13,18
17163005028,2436,5,165,5,2262,1,3,1515,1,142,1,1369,1,1,339.3,204.06,12203,12210,14220,05640,08040,13,18
17163005029,2304,6,62,6,2234,0,1,1566,2,58,2,1503,0,1,350.72,210.93,12203,12210,36330,05640,13320,13,18
17163005030,985,14,115,14,848,0,0,627,7,102,7,511,0,0,140.42,84.45,12203,12210,NA,NA,13320,13,18
17163005038,7245,326,5410,326,1168,23,308,4396,173,3185,173,668,16,181,320,893,68328,69550,36210,29790,24940,1,18
17163005039,11328,155,10895,155,140,28,104,8407,100,8016,100,98,18,75,440,844,27806,27819,15820,15840,24940,1,18
17163005041,1212,1,67,1,1144,0,0,790,0,47,0,743,0,0,261.89,47.14,22255,72741,NA,NA,13320,1,18
17163005044,1226,4,10,4,1205,5,2,687,1,9,1,673,1,2,227.74,41,22255,22268,NA,NA,13320,1,18
17163501501,2110,17,1216,17,860,10,5,1575,10,941,10,604,6,4,297.68,527.82,22255,22268,36330,05640,13320,1,18
17163501502,2992,37,2851,37,86,3,15,2452,27,2317,27,66,3,12,291.29,737.08,4845,4858,14220,05640,13320,1,18
17163501601,7925,76,7420,76,390,9,27,6586,59,6136,59,303,9,20,1244.78,2207.15,4845,4858,05610,05640,NA,1,18
17163501602,5920,69,5432,69,368,15,36,4735,48,4343,48,254,10,32,894.94,1586.83,4845,4858,05610,05640,NA,1,18
17163501603,7204,79,6604,79,445,26,41,5449,51,5021,51,281,13,32,431.76,958.7,4845,4858,05610,05640,NA,1,18
17163502401,2735,21,155,21,2553,1,1,1577,9,144,9,1414,1,0,293.17,155.28,79085,10968,NA,NA,13320,1,18
17163502403,10,0,10,0,0,0,0,5,0,5,0,0,0,0,0.93,0.49,45993,10968,NA,NA,13320,1,18
17163502404,5662,128,4366,128,1123,20,13,4023,73,3198,73,654,15,10,747.88,396.14,11644,10968,17310,05640,13320,1,18
17163502601,7700,166,7057,166,370,23,82,5692,92,5226,92,198,15,69,1274.79,766.69,10370,12210,NA,NA,08040,13,18
17163502602,6437,98,5996,98,284,21,35,4676,59,4349,59,172,15,22,1047.25,629.84,10370,12210,NA,NA,08040,13,18
17163502603,5759,67,4233,67,1418,13,23,3765,43,2973,43,677,12,17,843.22,507.13,10370,12210,NA,NA,08040,13,18
17163502604,1489,36,1358,36,85,2,6,1123,20,1024,20,54,2,3,251.51,151.26,4845,12210,36330,05640,13320,13,18
17163503101,6081,36,5885,36,130,23,7,4409,22,4264,22,83,15,3,661.43,674.15,21254,73456,NA,NA,12720,13,18
17163503102,1494,7,1464,7,17,3,3,1137,5,1113,5,10,2,2,170.57,173.85,21254,73456,26190,05640,12720,13,18
17163503201,3363,17,3034,17,273,2,37,2564,13,2345,13,168,1,24,304.59,770.75,4845,72988,14220,05640,08040,1,18
17163503202,5646,51,5426,51,131,13,22,4252,30,4086,30,81,9,16,505.12,1278.17,4845,72988,14220,05640,08040,1,18
17163503203,4979,33,4894,33,27,14,10,3708,18,3629,18,24,12,7,462,992,49386,49399,26190,05640,41070,1,18
17163503301,4320,31,4110,31,137,11,30,3480,25,3297,25,103,10,20,275.75,612.27,74119,66729,18960,05640,NA,1,18
17163503302,10283,178,9116,178,827,15,144,7629,113,6786,113,515,12,90,604.5,1342.25,74119,66729,42960,05640,NA,1,18
17163503303,10271,184,8804,184,1107,23,149,7696,129,6601,129,718,17,102,609.81,1354.04,4845,66729,05580,05640,NA,1,18
17163503304,5123,46,4845,46,180,4,41,3801,33,3592,33,113,2,28,301.18,668.75,4845,66729,05610,05640,NA,1,18
17163503401,8312,121,8017,121,112,25,35,6360,83,6077,83,74,17,26,1026.65,1489.95,11644,11657,17310,05640,10650,1,18
17163503402,7625,126,6928,126,469,16,85,5990,80,5461,80,290,14,65,966.92,1403.27,25141,11657,17310,05640,NA,1,18
17163503404,1831,35,1784,35,2,0,10,1371,23,1317,23,2,0,6,221.31,321.18,15599,11657,29760,29790,10650,1,18
17163503405,7412,103,6700,103,470,16,118,5731,70,5178,70,320,12,81,925.12,1342.6,25141,11657,32190,29790,NA,1,18
17163504001,3613,13,3574,13,12,6,8,2602,6,2574,6,5,5,6,219,417,52116,52129,15820,15840,27960,1,18
17163504002,6103,36,6035,36,9,8,12,4372,18,4319,18,4,5,8,182,279,46955,46968,15820,15840,24650,1,18
17163504201,1780,4,35,4,1740,1,0,1115,4,34,4,1072,1,0,369.62,66.54,22255,22268,NA,NA,13320,1,18
17163504302,6701,96,5687,96,823,23,65,4972,57,4249,57,539,16,54,355,670,42496,42509,29760,29790,22300,1,18
17163504303,6022,65,5576,65,319,13,49,4329,33,4037,33,181,13,32,522,1198,47423,47436,NA,NA,24940,1,18
17163504304,6118,130,5249,130,604,13,122,4598,85,3920,85,408,12,88,533.24,1255.57,55249,55262,29760,29790,NA,1,18
17163504305,8546,136,7607,136,629,21,146,6077,80,5415,80,389,16,97,704.76,1659.43,55249,55262,29760,29790,NA,1,18
17165009551,2712,9,2690,9,5,7,1,2126,8,2104,8,2,4,0,382.85,425.62,23009,21709,NA,NA,13660,13,10
17165009555,2691,6,2674,6,2,7,1,2122,6,2101,6,2,7,0,382.13,424.82,23009,21709,NA,NA,13660,13,10
17165009556,2528,12,2505,12,7,3,1,1866,5,1849,5,4,2,1,336.03,373.57,62588,62601,NA,NA,13660,13,10
17165009557,2729,9,2706,9,0,11,3,2061,6,2041,6,0,7,1,132,162,28261,28274,NA,NA,16020,13,10
17165009558,3761,34,3353,34,354,11,3,2801,14,2587,14,176,7,3,638.42,923.77,33136,33149,NA,NA,18270,13,10
17165009559,2801,20,2602,20,151,7,15,2214,15,2069,15,100,6,9,504.63,730.18,33136,33149,NA,NA,18270,13,10
17165009560,3090,14,3040,14,32,2,2,2347,12,2299,12,21,1,2,534.95,774.04,33136,33149,NA,NA,18270,13,10
17165009561,2795,11,2475,11,289,4,5,2098,6,1898,6,182,1,5,433,555,11410,11423,NA,NA,08580,13,10
17165009562,3444,20,3310,20,85,14,8,2584,12,2476,12,67,11,6,138,280,72884,33149,NA,NA,18270,13,10
17167000001,4251,20,4026,20,161,14,28,3212,18,3031,18,122,10,13,578.25,1098.88,72000,72013,NA,NA,37080,18,9
17167000002,6707,77,6322,77,242,16,37,5234,55,4924,55,166,10,24,942.26,1790.64,72000,11046,NA,NA,37080,18,9
17167000003,4017,33,3678,33,256,7,36,3243,23,2982,23,179,6,30,583.83,1109.48,72000,11046,NA,NA,37080,18,11
17167000004,3583,9,3404,9,128,1,40,2753,6,2644,6,68,1,28,495.61,941.85,72000,11046,NA,NA,37080,18,11
17167000006,5943,23,5622,23,248,12,26,4539,15,4341,15,143,8,17,817.14,1552.86,72000,72013,NA,NA,37080,18,11
17167000007,2422,13,2346,13,50,3,8,1851,8,1794,8,31,3,7,1249,1847,30835,72013,NA,NA,37080,18,11
17167000008,2741,24,1332,24,1376,5,0,1663,15,969,15,660,4,0,299.38,568.94,72000,11046,NA,NA,37080,18,11
17167000009,3089,44,2504,44,509,8,12,2367,34,1960,34,322,7,10,426.12,809.79,72000,11046,NA,NA,37080,18,11
17167000010,8821,55,8165,55,395,13,189,7214,39,6723,39,274,8,131,1298.71,2468.02,72000,11046,NA,NA,37080,18,9
17167000011,2710,22,2647,22,25,4,12,2187,13,2135,13,14,3,9,393.72,748.21,72000,11046,NA,NA,37080,18,9
17167000012,3905,35,3690,35,147,3,27,3030,26,2855,26,98,3,22,545.48,1036.61,72000,11046,NA,NA,37080,18,11
17167000013,2246,40,1930,40,256,7,13,1929,28,1657,28,197,7,12,347.27,659.94,72000,11046,NA,NA,37080,18,11
17167000014,911,10,770,10,123,2,6,861,9,728,9,107,2,6,155,294.56,72000,11046,NA,NA,37080,18,11
17167000015,1169,3,351,3,805,7,0,901,2,328,2,566,3,0,162.2,308.25,72000,11046,NA,NA,37080,18,11
17167000016,4203,21,1444,21,2709,7,17,2642,10,1108,10,1497,5,12,475.63,903.87,72000,11046,NA,NA,37080,18,11
17167000017,2003,2,442,2,1549,9,1,1353,2,334,2,1008,6,1,243.58,462.88,72000,11046,NA,NA,37080,18,11
17167000018,2773,25,2458,25,257,4,20,2264,18,2041,18,170,4,13,407.58,774.55,72000,11046,NA,NA,37080,18,11
17167000019,3939,47,3499,47,321,5,62,3197,42,2835,42,226,5,47,575.54,1093.74,72000,11046,NA,NA,37080,18,11
17167000020,5103,39,4817,39,67,0,178,3705,21,3497,21,49,0,117,667,1267.54,72000,11046,NA,NA,37080,18,9
17167000021,3882,26,3772,26,55,5,24,3048,20,2942,20,41,5,20,450.81,1089.85,72000,11046,NA,NA,37080,18,11
17167000022,3742,22,3663,22,44,1,10,2910,13,2846,13,28,1,9,523.88,995.56,72000,11046,NA,NA,37080,18,11
17167000023,3061,48,2234,48,758,9,6,2169,24,1665,24,445,6,5,390.48,742.05,72000,11046,NA,NA,37080,18,11
17167000024,4238,31,1950,31,2231,8,13,2921,18,1450,18,1421,7,7,525.86,999.32,72000,11046,NA,NA,37080,18,11
17167000025,4628,20,4274,20,290,3,36,3652,13,3390,13,204,3,29,657.46,1249.41,72000,83310,NA,NA,37080,18,11
17167000026,3102,11,2946,11,127,7,11,2403,9,2296,9,75,4,10,432.6,822.1,72000,11046,NA,NA,37080,18,11
17167000027,4173,44,4060,44,48,8,11,3378,33,3270,33,27,8,7,499.62,1207.84,72000,83310,NA,NA,37080,18,11
17167000028,5987,54,5529,54,305,11,86,4839,34,4497,34,208,7,59,715.71,1730.24,72000,83310,NA,NA,37080,18,11
17167000029,4812,35,4523,35,155,2,95,3701,23,3469,23,116,2,68,666.28,1266.17,72000,11046,NA,NA,37080,18,9
17167000030,3281,45,2990,45,165,1,80,2548,30,2303,30,121,1,63,376.86,911.07,72000,11046,NA,NA,04920,18,11
17167000031,4588,38,4451,38,55,2,42,3413,18,3321,18,30,2,24,614.43,1167.64,72000,11046,NA,NA,04920,18,9
17167000032,7647,66,7523,66,14,4,39,5211,37,5100,37,11,3,23,508,1490,12684,12697,NA,NA,04920,8,9
17167000033,4634,17,4590,17,4,7,16,3338,8,3302,8,3,7,10,364,711,58174,58187,NA,NA,30930,18,11
17167000034,5171,32,5118,32,3,9,8,3622,18,3572,18,1,8,5,615,1215,2921,2928,NA,NA,04620,8,9
17167000035,4400,20,4363,20,5,7,5,3196,8,3167,8,5,5,3,170,286,52168,52181,NA,NA,27990,8,9
17167000036,6621,34,6460,34,52,6,62,4789,24,4656,24,42,2,41,439,1181,72000,18160,NA,NA,31920,8,9
17167000037,5688,40,5593,40,23,12,20,4086,24,4001,24,17,8,12,377,1042,69342,81776,NA,NA,42480,8,9
17167000038,7515,32,7436,32,21,10,16,5408,14,5339,14,15,10,16,934,1991,64486,14858,NA,NA,34100,8,9
17167000039,6391,24,6305,24,20,17,25,4457,13,4390,13,16,10,15,489,1435,64759,64772,NA,NA,34320,18,9
17167000040,4395,14,4348,14,21,9,3,3135,7,3095,7,15,8,3,24,67,37127,48034,NA,NA,39450,8,9
17167000501,2050,23,1981,23,38,1,7,1524,17,1462,17,22,0,6,274.36,521.38,72000,11046,NA,NA,37080,18,11
17167000502,7844,56,7504,56,239,15,29,5740,32,5510,32,135,12,19,1033.35,1963.75,72000,11046,NA,NA,37080,18,11
17169009701,2082,2,2078,2,0,2,0,1522,2,1516,2,0,2,0,75,89,44056,6132,NA,NA,35670,8,11
17169009702,2700,2,2688,2,2,4,4,2125,2,2115,2,1,4,1,386,780,66339,66352,NA,NA,35670,8,11
17169009703,2716,3,2708,3,0,3,2,1999,3,1988,3,0,3,2,72,170,66339,3350,NA,NA,35670,8,11
17171009706,1985,10,1968,10,1,5,1,1434,6,1416,6,1,5,0,120,191,6899,92250,NA,NA,06600,8,11
17171009707,3659,5,3651,5,0,1,2,2741,4,2732,4,0,1,0,90,174,82270,92016,NA,NA,42660,8,11
17173009591,3787,9,3763,9,4,4,7,2842,5,2823,5,3,4,2,25,50,51232,51245,NA,NA,27030,18,10
17173009592,3031,4,3011,4,0,7,9,2213,2,2199,2,0,4,6,72,112,75848,75861,39330,39360,36090,18,10
17173009593,5195,13,5165,13,7,4,6,4028,8,4000,8,5,4,3,749,1213,69186,69199,NA,NA,36090,18,10
17173009594,3334,7,3316,7,1,9,0,2492,7,2473,7,1,4,0,97,239,82322,82335,NA,NA,42690,18,10
17173009595,3559,2,3556,2,0,0,0,2567,2,2563,2,0,0,0,151,298,72650,61522,11050,11080,37830,18,10
17173009596,3355,10,3341,10,2,2,0,2397,5,2385,5,0,2,0,62,71,17055,20851,11050,11080,30630,18,10
17175009514,3539,22,3502,22,3,5,7,2698,12,2662,12,3,5,4,48,113,75783,75796,35280,43500,39250,4,9
17175009515,2995,8,2968,8,2,3,14,2172,4,2152,4,2,1,9,85,155,83687,24478,35280,43500,39250,4,9
17177000001,3981,6,3960,6,3,6,5,2832,3,2818,3,1,4,3,169,425,18706,65143,NA,NA,11610,15,4
17177000002,3474,17,3441,17,4,3,9,2530,12,2498,12,2,1,5,138,380,56341,9226,NA,NA,30060,15,4
17177000003,3928,20,3899,20,2,0,7,2847,14,2816,14,1,0,2,222,772,42834,80788,NA,NA,22530,15,4
17177000004,2971,9,2956,9,2,2,0,2148,6,2133,6,1,2,0,55,160,58369,44758,NA,NA,31020,15,4
17177000005,3253,14,3206,14,13,1,19,2391,7,2357,7,9,1,10,63.56,190.23,12008,32902,NA,NA,15900,15,4
17177000006,3683,9,3633,9,13,5,23,2705,6,2673,6,8,2,10,26.53,68.15,29093,64057,NA,NA,15900,15,4
17177000007,2186,10,1027,10,1127,3,12,1560,5,791,5,753,2,4,376.16,746.75,27884,27897,NA,NA,15900,15,4
17177000008,4312,42,3308,42,915,10,30,3232,32,2602,32,537,9,20,779.33,1547.11,27884,27897,NA,NA,15900,15,4
17177000009,5068,48,4718,48,231,0,70,3828,24,3613,24,127,0,40,923.04,1832.4,27884,27897,NA,NA,15900,15,4
17177000010,3642,16,3430,16,116,1,78,2913,13,2748,13,89,1,49,77.44,231.77,27884,27897,NA,NA,15900,15,4
17177000011,3251,22,3167,22,44,3,15,2569,12,2514,12,22,2,7,619.46,1229.74,27884,27897,NA,NA,15900,15,4
17177000012,4177,42,3888,42,225,6,12,3236,21,3030,21,146,6,12,31.74,81.52,27884,27897,NA,NA,15900,15,4
17177000013,4126,28,3687,28,374,12,23,3030,11,2768,11,217,9,14,29.72,76.33,27884,27897,NA,NA,15900,15,4
17179000201,2015,4,1990,4,8,1,11,1557,3,1534,3,6,1,10,273.62,469.17,22164,26636,13240,13230,NA,8,9
17179000202,1052,20,1024,20,0,5,3,745,9,719,9,0,5,3,130.92,224.49,22164,26636,13240,13230,NA,8,9
17179000204,5955,87,5813,87,15,15,24,4413,42,4296,42,9,9,15,565.32,886.16,17549,31940,11290,13230,NA,8,9
17179000205,4876,42,4811,42,8,4,11,3302,24,3239,24,5,4,6,550.73,681.17,47111,58460,28920,31110,NA,8,9
17179000206,2078,2,2065,2,2,1,8,1680,2,1669,2,1,1,5,280.2,346.57,58447,58460,31080,31110,NA,8,9
17179000207,3950,14,3906,14,3,13,14,2975,11,2931,11,2,10,10,496.19,613.71,58447,58460,31080,31110,NA,8,9
17179000208,3770,53,3687,53,9,14,7,2714,24,2645,24,4,13,4,452.66,559.87,58447,58460,31080,31110,NA,8,9
17179000209,2469,21,2430,21,3,4,10,1765,14,1726,14,2,4,5,294.38,364.1,58447,58460,31080,31110,NA,8,9
17179000210,6067,19,6019,19,2,22,5,4560,13,4512,13,1,16,5,760.54,940.68,58447,58460,31080,31110,NA,8,9
17179000215,6172,44,6085,44,3,12,28,4690,26,4614,26,2,8,14,600.8,941.78,50621,31940,31080,31110,26800,8,9
17179000217,0,0,0,0,0,0,0,0,0,0,0,0,0,0,212,647,50621,75978,NA,NA,39390,8,9
17179000219,4700,14,4674,14,2,5,5,3365,6,3345,6,1,3,4,96,217,19226,19239,17610,17640,12060,8,9
17179000220,4084,17,4060,17,1,3,3,2999,11,2974,11,0,1,2,150,334,49555,36139,NA,NA,29890,8,9
17179000221,3408,15,3371,15,4,1,16,2528,7,2500,7,3,1,10,337.21,757.53,79033,79046,41040,40980,14430,8,9
17179000222,3952,15,3904,15,12,7,14,2966,11,2921,11,9,6,8,395.63,888.78,79033,79046,09150,40980,NA,8,9
17179000223,3355,6,3328,6,10,0,11,2496,4,2478,4,4,0,6,332.94,747.94,79033,79046,41040,40980,NA,8,9
17179000224,5201,37,5130,37,7,5,19,3786,22,3721,22,3,3,15,505.01,1134.5,22164,79046,41010,40980,26800,8,9
17179020199,6,2,4,2,0,0,0,8,2,4,2,0,0,0,1.41,2.41,22164,26636,13240,13230,NA,8,9
17179020301,4835,46,4764,46,11,6,8,3670,25,3605,25,5,6,4,470.14,736.96,22164,31940,13240,13230,26800,8,9
17179020302,5370,67,5260,67,23,8,12,4104,39,4001,39,11,6,8,525.74,824.11,22164,31940,13240,13230,NA,8,9
17179021101,7343,45,7231,45,5,15,47,5356,25,5263,25,3,11,29,893.31,1104.89,58447,58460,31080,31110,NA,8,9
17179021102,5506,35,5433,35,2,10,26,4280,21,4213,21,1,7,17,496.83,814.9,58447,58460,31080,31110,NA,8,9
17179021201,2205,29,2151,29,5,4,16,1576,14,1528,14,5,4,11,210.22,472.26,22164,26636,13240,13230,NA,8,9
17179021202,3144,13,3103,13,12,4,12,2438,10,2399,10,10,4,5,428.44,734.64,22164,26636,13240,13230,NA,8,9
17179021203,4019,44,3923,44,10,14,24,2991,28,2904,28,9,10,12,525.62,901.28,22164,26636,41010,13230,NA,8,9
17179021603,4256,27,4215,27,3,0,11,2960,14,2927,14,1,0,4,315.17,1311.13,50621,50634,13240,13230,26800,8,9
17179021604,2106,10,2083,10,2,1,10,1638,9,1611,9,2,1,6,174.41,725.55,50621,50634,NA,NA,26800,8,9
17179021605,2806,19,2766,19,3,3,15,2111,12,2076,12,2,1,8,224.77,935.06,50621,50634,NA,NA,26800,8,9
17179021606,4470,12,4433,12,7,4,14,3387,7,3355,7,7,4,7,360.64,1500.26,50621,50634,NA,NA,26800,8,9
17179021701,4097,10,4069,10,5,1,12,2901,6,2877,6,3,1,8,281,530,45785,45792,NA,NA,11880,8,9
17179021702,4987,15,4941,15,6,15,10,3573,12,3535,12,1,7,6,259,637,75965,75978,31080,31110,39390,8,9
17179021801,3417,23,3364,23,0,13,17,2448,12,2402,12,0,9,13,284.17,466.1,71175,14403,36780,31110,NA,8,9
17179021802,2021,18,2000,18,0,3,0,1481,7,1465,7,0,2,0,249,279,58447,72130,37020,31110,15510,8,9
17181009501,2930,36,2862,36,25,3,4,2215,26,2138,26,19,3,3,52,91,15300,90756,22860,03780,10570,13,18
17181009502,2647,87,2555,87,0,0,5,2056,61,1932,61,0,0,2,113,166,1205,93510,20640,03780,42990,13,18
17181009503,3905,15,3868,15,1,7,14,3085,6,3054,6,1,7,11,230,314,38635,91764,20640,03780,NA,13,18
17181009504,4658,26,4518,26,83,9,22,3692,13,3569,13,75,6,16,103,172,1543,90144,03750,03780,10570,13,18
17181009505,3479,18,3440,18,13,3,5,2601,11,2561,11,12,3,3,56,66,20305,90972,20640,03780,12480,13,18
17183000001,2302,76,1693,76,517,10,3,1866,48,1376,48,383,8,3,404.06,399.59,18563,18576,NA,NA,11790,5,3
17183000002,2525,53,973,53,1494,4,0,1782,25,760,25,969,3,0,385.87,381.6,18563,18576,NA,NA,11790,5,3
17183000003,2347,57,1740,57,539,1,8,1759,27,1360,27,339,1,5,380.89,376.67,18563,18576,NA,NA,11790,5,3
17183000004,3521,170,2092,170,1199,14,43,2329,77,1562,77,589,7,17,403.71,1098.74,18563,18576,NA,NA,11790,5,3
17183000005,3837,44,3233,44,523,0,29,2930,24,2537,24,327,0,18,507.89,1382.28,18563,52454,NA,NA,11790,5,3
17183000006,3341,81,2031,81,1190,4,29,2381,36,1546,36,745,3,15,515.58,509.87,18563,18576,NA,NA,11790,5,3
17183000007,3826,33,3644,33,60,4,83,2953,21,2821,21,41,3,46,162.62,470.31,18563,52454,NA,NA,11790,5,3
17183000008,3095,33,2866,33,159,13,24,2296,15,2145,15,99,7,15,497.17,491.67,18563,18576,NA,NA,11790,5,3
17183000009,3243,29,3074,29,118,9,2,2498,11,2405,11,63,6,2,540.91,534.92,18563,18576,NA,NA,11790,5,3
17183000010,5918,231,4054,231,1571,16,22,4836,191,3127,191,1298,13,16,1047.18,1035.59,18563,18576,NA,NA,11790,5,3
17183000011,800,1,720,1,72,1,6,773,1,695,1,69,1,6,167.38,165.53,NA,18576,NA,NA,11790,5,3
17183000012,2841,18,2748,18,49,3,23,2269,11,2195,11,33,3,16,393.31,1070.44,18563,52454,NA,NA,11790,5,3
17183000013,3546,31,3346,31,22,1,144,2767,21,2617,21,16,1,91,152.38,440.69,18563,52454,NA,NA,11790,5,3
17183000101,3846,52,3781,52,2,1,9,2822,26,2764,26,1,1,4,227.55,547.67,65962,10162,33150,33180,34870,5,3
17183000102,5873,286,5537,286,18,11,18,4433,157,4100,157,4,5,10,357.45,860.33,36061,30965,NA,NA,19660,5,3
17183000103,4761,32,4704,32,12,5,5,3411,12,3369,12,10,5,3,131,254,61366,71227,04200,04230,34870,5,3
17183000104,2240,7,2213,7,15,0,5,1610,4,1596,4,5,0,1,279.08,759.54,NA,52454,NA,NA,06390,5,3
17183000105,4793,56,4710,56,18,1,8,3505,29,3428,29,10,1,8,758.96,750.56,18563,18576,NA,NA,11790,5,3
17183000106,4353,11,4301,11,31,5,3,3359,5,3318,5,25,3,3,736.37,622.3,80931,28976,NA,NA,10820,5,3
17183000108,3577,27,3539,27,0,9,2,2635,10,2609,10,0,5,1,421,750,55002,55015,32560,37410,10800,5,3
17183000109,3399,4,3388,4,2,3,2,2529,3,2516,3,2,3,2,23,87,24985,77304,29640,37410,20350,5,3
17183000110,4534,30,4298,30,183,13,6,3237,9,3088,9,119,10,2,709.63,599.7,28963,28976,NA,NA,00092,5,3
17183000111,2885,11,2863,11,0,11,0,2059,7,2041,7,0,4,0,38,66,63862,23932,NA,NA,00092,5,3
17183010701,3758,23,3716,23,4,9,6,2895,14,2854,14,4,6,3,233.23,432.5,75276,18576,NA,NA,11790,5,3
17183010702,3096,9,3081,9,1,1,4,2219,6,2203,6,1,1,2,178.77,331.5,11774,11787,NA,NA,10760,5,3
17185009572,4140,20,4109,20,3,4,4,2985,15,2948,15,2,2,3,318.75,642.7,815,93582,NA,NA,40470,5,10
17185009573,3147,22,3067,22,25,1,32,2464,18,2385,18,24,1,18,263.12,530.53,50868,92214,NA,NA,40470,5,10
17185009574,2501,8,2460,8,3,2,28,1866,6,1830,6,3,2,19,199.26,401.77,50868,92214,NA,NA,40470,5,10
17185009575,3323,23,3275,23,4,4,16,2443,18,2385,18,4,4,14,260.87,526,50868,92214,NA,NA,40470,5,10
17187008701,2653,18,2627,18,3,0,5,1908,12,1880,12,0,0,4,37,128,40182,75692,NA,NA,23280,4,8
17187008702,3229,3,3222,3,2,1,1,2438,3,2431,3,0,1,0,143,439,65845,65858,NA,NA,34800,4,8
17187008703,3176,14,3151,14,2,9,0,2310,6,2294,6,0,4,0,50,131,672,72065,NA,NA,40770,4,8
17187008704,4856,33,4674,33,90,2,56,3878,21,3703,21,78,2,53,566.86,1128.15,50010,50023,NA,NA,26460,4,8
17187008705,5267,139,4844,139,258,8,7,3791,77,3460,77,168,5,4,554.14,1102.85,50010,50023,NA,NA,26460,4,8
17189009501,3875,12,3816,12,37,6,4,2772,10,2727,10,19,3,3,135,389,37777,37790,27720,27740,41750,13,11
17189009502,3819,10,3789,10,2,11,7,2783,5,2755,5,1,10,7,48,161,55470,55483,27720,27740,41750,13,11
17189009503,3235,11,3201,11,7,5,11,2510,8,2477,8,7,3,7,421,1169,51700,51713,27720,27740,NA,13,11
17189009504,4036,15,4010,15,0,9,1,2999,7,2977,7,0,7,1,63,111,2531,2544,04340,27740,41750,13,11
17191009549,3524,25,3487,25,0,9,3,2549,12,2516,12,0,7,2,30,53,50933,42626,25710,26180,10240,5,10
17191009550,4167,20,4137,20,1,5,3,3116,14,3083,14,1,4,0,73,176,14455,4559,16320,26180,10240,5,10
17191009551,2975,7,2948,7,3,4,13,2339,2,2318,2,2,4,11,235,513,24816,31953,14710,26180,NA,5,10
17191009552,3307,10,3263,10,4,7,23,2582,9,2542,9,3,5,14,579,1195,24816,31953,14710,26180,NA,5,10
17191009553,3268,10,3252,10,0,4,2,2474,9,2452,9,0,3,1,184,412,79436,56510,28110,26180,41360,5,10
17193009580,3098,11,3066,11,13,3,5,2332,6,2308,6,7,3,2,625.03,847.15,11293,11306,NA,NA,08500,5,10
17193009581,3247,20,3186,20,7,13,18,2634,10,2589,10,7,9,9,705.97,956.85,11293,11306,NA,NA,08500,5,10
17193009582,3449,1,3433,1,1,10,4,2633,0,2621,0,1,9,2,287,299,31173,31069,28110,26180,08500,5,10
17193009583,3199,7,3178,7,6,2,6,2368,2,2355,2,3,2,4,163,292,24179,49360,26010,26180,00004,5,10
17193009584,3529,19,3489,19,14,5,2,2671,9,2636,9,11,5,1,141,133,53403,37231,NA,NA,00004,5,10
17195000001,3933,147,3762,147,7,4,12,2931,89,2742,89,3,1,7,92,180,15469,36178,NA,NA,42310,15,8
17195000002,3131,47,3069,47,9,0,5,2374,34,2297,34,7,0,2,47,128,50530,51076,NA,NA,26710,15,8
17195000003,3658,50,3589,50,10,3,3,2777,33,2697,33,9,3,2,477,1642,50530,51076,NA,NA,26710,15,8
17195000004,3172,28,3139,28,1,1,3,2277,14,2246,14,0,1,2,90,257,516,28157,NA,NA,33950,15,8
17195000005,3710,24,3670,24,1,0,12,2749,13,2715,13,1,0,7,352,965,28144,28157,NA,NA,33950,15,8
17195000006,4248,61,4170,61,2,5,10,3069,38,2981,38,1,3,8,66,136,45278,45291,NA,NA,14350,15,8
17195000007,2802,47,2734,47,8,5,7,2170,27,2101,27,8,3,4,51,84,61977,61990,NA,NA,32830,15,8
17195000008,2442,18,2419,18,0,3,2,1716,8,1696,8,0,3,1,127,237,74470,74483,26590,34380,38650,15,8
17195000009,3139,220,2860,220,14,4,33,2488,129,2201,129,6,4,19,372.51,547.16,72546,72553,NA,NA,42310,15,8
17195000010,3267,1106,2049,1106,102,6,0,3019,714,1518,714,71,2,0,452.01,663.94,72546,72553,NA,NA,42310,15,8
17195000011,5486,948,4438,948,74,6,11,4536,576,3332,576,41,4,7,679.14,997.56,72546,72553,NA,NA,42310,15,8
17195000012,4299,417,3817,417,40,4,16,3352,234,2850,234,24,2,8,501.87,737.17,72546,72553,NA,NA,42310,15,8
17195000013,2409,131,2234,131,23,1,16,2047,86,1848,86,17,1,9,306.48,450.18,72546,72553,NA,NA,42310,15,8
17195000014,2208,95,2085,95,15,6,2,1769,57,1638,57,10,5,2,280.5,305.15,64928,15651,13020,34380,NA,15,8
17195000015,3785,283,3464,283,19,1,17,2909,149,2589,149,9,1,12,461.26,501.8,64928,15651,34350,34380,NA,15,8
17195000016,3017,302,2668,302,26,11,9,2428,182,2044,182,8,5,7,384.99,418.83,64928,15651,34350,34380,NA,15,8
17195000017,3556,451,3054,451,28,14,9,2726,261,2180,261,9,7,8,432.25,470.23,64928,15651,33900,34380,42310,15,8
17195000018,1924,87,1837,87,0,0,0,1366,53,1260,53,0,0,0,333,336,NA,50270,26590,34380,38650,15,8
17197008806,6220,203,5981,203,10,1,25,4915,137,4615,137,9,1,16,615.83,883.29,44225,44238,09210,23350,NA,17,19
17197008807,5454,299,3400,299,1696,15,36,4075,188,2521,188,1147,8,23,510.58,732.33,24920,44238,14760,23350,NA,17,1
17197008808,2351,276,498,276,1556,13,7,2567,273,454,273,1547,13,7,321.63,461.32,17458,44238,09510,23350,40070,17,19
17197008809,7295,308,6774,308,159,10,36,5744,201,5195,201,108,8,31,719.7,1032.27,17458,44238,09510,23350,40070,17,19
17197008812,4128,159,602,159,3348,2,8,2701,108,467,108,2012,1,5,394.84,459.52,38570,38583,20580,20610,NA,17,1
17197008813,6490,3550,1184,3550,1727,11,6,6726,2183,1050,2183,1296,8,6,983.22,1144.29,38570,38583,20580,20610,NA,17,1
17197008814,5216,244,4909,244,28,10,23,4302,133,3993,133,20,7,16,628.87,731.9,38570,38583,20580,20610,NA,17,1
17197008815,3170,84,3069,84,6,0,11,2622,60,2493,60,4,0,5,383.29,446.08,38570,38583,20580,20610,NA,17,1
17197008816,5316,258,4177,258,770,4,105,4282,179,3324,179,534,3,63,625.95,728.49,38570,38583,20580,20610,NA,17,1
17197008817,3929,120,3768,120,16,6,17,3143,71,2973,71,13,4,11,459.45,534.72,38570,38583,20580,20610,NA,17,1
17197008818,3571,266,3205,266,56,8,32,2884,171,2477,171,40,4,21,421.59,490.65,38570,38583,20580,20610,NA,17,1
17197008819,3362,385,1854,385,1029,8,84,2513,224,1477,224,536,7,45,367.35,427.53,38570,38583,20580,20610,NA,17,1
17197008820,2973,718,508,718,1730,7,2,2390,436,456,436,1054,6,2,349.37,406.61,38570,38583,20580,20610,NA,17,1
17197008821,2724,1426,610,1426,671,13,2,2523,836,475,836,368,6,2,368.82,429.24,38570,38583,20580,20610,NA,17,1
17197008822,5073,798,3837,798,387,13,24,4084,498,2837,498,225,11,15,597,694.81,38570,38583,20580,20610,NA,17,1
17197008823,4204,314,3676,314,181,11,20,3304,199,2771,199,113,8,14,482.98,562.11,37465,38583,20580,20610,NA,17,1
17197008824,3703,709,701,709,2278,2,2,2643,402,515,402,1321,1,2,386.36,449.65,38570,38583,20580,20610,NA,17,1
17197008825,2647,163,126,163,2341,8,5,1716,85,97,85,1438,6,5,250.85,291.94,38570,38583,20580,20610,NA,17,1
17197008826,5629,316,5005,316,263,6,37,4368,193,3798,193,160,4,20,638.52,743.12,38570,38583,20580,20610,NA,17,1
17197008827,5519,300,4983,300,165,5,63,4306,182,3809,182,94,4,35,629.46,732.58,38570,38583,20580,20610,NA,17,1
17197008828,5549,244,4712,244,499,19,71,4704,158,3998,158,330,14,46,687.64,800.29,38570,38583,20580,20610,NA,17,1
17197008829,2109,261,1830,261,10,8,0,1788,171,1434,171,6,6,0,261.37,304.19,64902,38583,34470,20610,NA,17,1
17197008830,4178,183,2336,183,1643,6,7,3354,122,1974,122,1127,5,4,490.29,570.61,38570,38583,20580,20610,NA,17,1
17197008831,4753,161,2229,161,2323,12,22,3419,91,1707,91,1505,9,16,499.79,581.67,61860,38583,20580,20610,NA,17,1
17197008834,5736,58,5651,58,9,7,11,4257,30,4176,30,6,6,9,565,996,82101,82114,NA,NA,42630,16,1
17197008837,3187,230,2937,230,7,5,3,2557,149,2249,149,4,5,1,214.14,627.28,72520,17536,37680,06420,11250,16,1
17197880103,7154,122,6504,122,151,2,375,4477,70,4014,70,87,2,234,376.64,973.01,51622,21241,NA,NA,27710,11,19
17197880104,2316,92,1851,92,245,5,122,1530,59,1175,59,153,3,81,128.72,332.52,7133,21241,NA,NA,40070,17,19
17197880105,4021,157,3251,157,451,10,142,2631,94,2084,94,263,5,91,221.34,571.81,7133,21241,NA,NA,40070,17,19
17197880106,4807,248,3696,248,598,12,241,3230,140,2406,140,365,7,172,271.73,701.99,7133,21241,NA,NA,40070,11,19
17197880107,4873,262,3467,262,796,18,307,3310,156,2260,156,511,16,211,278.46,719.38,7133,21241,NA,NA,40070,11,19
17197880108,4002,286,2667,286,889,5,150,2910,178,1869,178,559,5,121,244.81,632.45,7133,21241,NA,NA,40070,17,19
17197880109,5035,213,3808,213,796,4,213,3486,133,2594,133,479,4,143,293.27,757.63,7133,21241,NA,NA,40070,11,19
17197880110,6204,335,4233,335,1223,13,391,4400,219,2924,219,767,10,261,370.16,956.28,7133,21241,NA,NA,40070,11,19
17197880111,3319,223,2646,223,337,10,102,2345,148,1790,148,194,4,61,197.28,509.65,7133,21241,NA,NA,40070,11,19
17197880112,1628,129,1259,129,130,20,88,1195,80,884,80,82,14,55,100.53,259.72,7133,21241,NA,NA,40070,11,19
17197880113,3291,388,2090,388,674,9,116,2326,236,1411,236,369,8,66,195.68,505.52,7133,21241,NA,NA,40070,11,19
17197880201,5358,338,4933,338,19,19,44,3966,214,3482,214,12,16,28,333.65,861.95,65442,21241,NA,NA,40070,17,19
17197880202,3436,258,3020,258,107,13,32,2600,167,2171,167,61,9,25,218.73,565.07,65442,21241,23730,23350,40070,17,19
17197880301,6626,91,6119,91,159,10,247,4133,49,3770,49,97,8,160,257.63,1113.19,51622,81035,NA,NA,41690,17,19
17197880302,4120,62,3990,62,29,1,38,2717,34,2609,34,19,1,20,169.37,731.81,60287,81035,NA,NA,31740,17,19
17197880404,3464,65,3375,65,4,2,18,2483,39,2391,39,3,2,9,296.07,778.65,60287,60300,NA,NA,31740,17,19
17197880405,2719,12,2690,12,1,0,16,2047,5,2028,5,0,0,9,244.08,641.93,60287,60300,NA,NA,31740,17,19
17197880406,5188,183,4980,183,8,2,15,3834,117,3581,117,7,2,10,457.16,1202.32,17939,60300,NA,NA,31740,17,19
17197880407,4021,78,3923,78,1,3,16,2832,53,2715,53,0,2,9,337.68,888.1,38570,60300,39510,20610,31740,17,19
17197880501,7022,882,5750,882,315,7,61,5626,591,4124,591,271,5,44,704.91,1011.06,65442,44238,09210,23350,40070,17,19
17197880502,3994,124,3846,124,5,3,12,2892,83,2712,83,2,3,9,362.35,519.73,44225,44238,23730,23350,40070,17,19
17197881001,4074,156,3884,156,0,13,21,3054,100,2837,100,0,6,11,247.1,792.48,44225,35827,23730,23350,NA,11,19
17197881002,3756,89,3648,89,1,1,17,2471,51,2355,51,1,1,12,199.93,641.2,30471,35827,19500,23350,NA,11,19
17197881003,10059,222,9616,222,16,8,197,6569,123,6191,123,12,3,117,531.5,1704.59,30471,35827,19500,23350,NA,11,19
17197881004,3575,80,3430,80,17,1,47,2527,56,2374,56,12,1,28,204.46,655.73,30471,35827,19500,23350,NA,11,19
17197881103,4008,51,3926,51,10,2,19,2944,27,2869,27,8,2,11,307.82,940.16,52584,52597,28140,23070,NA,17,1
17197881104,7400,183,7186,183,22,4,5,5312,105,5081,105,14,4,3,555.41,1696.37,52584,52597,28140,23070,NA,17,1
17197881105,3634,65,3546,65,7,2,14,2519,39,2427,39,5,1,8,263.38,804.43,49854,52597,28140,23070,NA,17,1
17197881106,5674,121,5512,121,12,24,5,3858,73,3689,73,7,15,1,403.39,1232.04,52584,52597,28140,23070,NA,17,1
17197883203,3769,63,3565,63,86,3,50,2660,42,2491,42,51,3,31,314.44,771.44,69758,76212,39510,20610,31740,17,19
17197883204,4709,81,4503,81,39,12,67,3173,40,3014,40,25,10,44,375.09,920.22,69758,76212,39510,26340,NA,17,1
17197883205,4403,155,3720,155,433,9,85,3074,96,2567,96,259,6,50,363.38,891.51,38570,76212,39510,20610,NA,17,1
17197883206,3522,100,3235,100,97,0,89,2720,60,2481,60,59,0,60,321.54,788.84,38570,76212,20580,20610,NA,17,1
17197883207,5239,203,4476,203,453,4,103,3786,116,3248,116,239,3,64,447.55,1098,38570,76212,39510,20610,NA,17,1
17197883301,5332,119,5178,119,16,5,14,3596,68,3439,68,8,4,9,452,827,12476,12483,09540,26340,42630,16,1
17197883302,4149,89,4013,89,31,6,10,2885,46,2768,46,15,4,6,65,122,23945,38076,14160,20610,42630,16,1
17197883501,7818,135,7645,135,4,13,20,5407,74,5236,74,4,9,10,470.66,1579.54,49854,27631,26370,23070,NA,17,1
17197883502,6096,154,5803,154,48,13,75,4021,88,3765,88,34,8,38,350.02,1174.65,27644,27631,38220,23070,NA,17,1
17197883503,3915,23,3845,23,6,5,35,2734,18,2671,18,3,5,19,237.99,798.68,27624,27631,15700,23070,NA,17,1
17197883504,2737,49,2661,49,4,6,17,2058,27,1992,27,4,4,4,179.14,601.2,27624,27631,15700,23070,NA,17,1
17197883505,5189,123,4909,123,40,10,107,3529,72,3293,72,24,4,64,307.19,1030.92,27624,27631,38220,23070,NA,17,1
17197883506,5685,87,5576,87,0,12,10,4008,62,3871,62,0,6,7,106,387,46357,46370,24270,23070,31290,16,1
17197883601,2609,76,2178,76,334,2,19,1946,43,1634,43,213,2,11,287.34,386.19,57732,49958,NA,NA,11250,16,1
17197883602,8156,237,3109,237,4730,15,41,5673,161,2388,161,2920,9,34,837.66,1125.81,49945,49958,NA,NA,11250,16,1
17197883802,110,9,90,9,10,0,1,77,5,59,5,8,0,0,6.45,18.89,81938,17536,NA,NA,11250,16,1
17197883803,4274,143,3261,143,808,12,49,3312,94,2516,94,563,9,36,277.37,812.5,72520,17536,37680,06420,11250,16,1
17197883804,3821,70,3617,70,124,5,5,2975,49,2794,49,78,2,3,249.14,729.83,17523,17536,37680,06420,11250,16,1
17197883805,6121,238,5517,238,313,6,44,4597,129,4085,129,219,5,30,384.98,1127.74,17523,17536,37680,06420,11250,16,1
17197883806,3999,96,3721,96,170,2,10,3044,65,2792,65,114,2,6,254.92,746.76,81938,17536,NA,NA,11250,16,1
17197883901,4936,51,4862,51,4,1,17,3588,33,3511,33,3,1,7,226,965,59052,59065,NA,NA,31290,16,1
17197883902,3724,30,3681,30,4,5,4,2827,23,2772,23,2,5,2,198,930,4585,79059,NA,NA,05430,16,1
17197884001,4062,63,3960,63,24,9,5,2781,27,2699,27,17,7,4,374,574,7770,63108,NA,NA,33380,16,1
17197884002,3674,31,3570,31,43,29,1,2560,12,2509,12,6,21,0,205,469,41716,79865,NA,NA,42630,16,1
17199000201,3546,15,3278,15,239,11,2,2646,11,2451,11,164,7,2,903,806,10630,90432,NA,NA,18810,13,10
17199000202,6742,107,6509,107,57,17,49,5066,52,4863,52,46,14,39,869,1475,11514,90648,NA,NA,08640,13,18
17199000203,3463,28,3400,28,16,11,8,2694,17,2633,17,14,8,5,479.96,494.05,24166,91620,NA,NA,18810,13,10
17199000204,3929,10,3872,10,29,2,14,3052,5,3017,5,14,2,9,543.74,559.7,34358,91620,NA,NA,18810,13,10
17199000205,3058,12,3008,12,8,0,29,2372,8,2330,8,4,0,22,422.59,435,34358,91620,NA,NA,18810,13,10
17199000206,3348,6,3312,6,20,5,5,2583,4,2557,4,13,1,4,460.18,473.69,34358,91620,NA,NA,18810,13,10
17199000207,5043,34,4987,34,4,13,5,3831,17,3781,17,2,10,4,682.53,702.56,38544,91836,NA,NA,20550,13,10
17199000208,5956,17,5923,17,11,1,3,4375,11,4345,11,6,1,1,149,268,60209,90882,NA,NA,24600,13,10
17199000209,2936,13,2901,13,4,5,13,2182,6,2156,6,2,4,8,291.98,586.88,46916,91062,NA,NA,24600,13,10
17199000210,4255,40,4095,40,87,8,25,3382,27,3243,27,57,6,22,614.42,1272.68,46916,93690,NA,NA,24600,13,10
17199000211,3588,21,3276,21,270,10,8,2655,16,2440,16,169,7,7,355.28,714.1,46916,91062,NA,NA,24600,13,10
17199000212,4463,38,4302,38,87,8,26,3482,22,3369,22,45,6,18,632.58,1310.32,46916,93690,NA,NA,24600,13,10
17199000213,3548,28,3451,28,44,1,24,2651,12,2588,12,27,1,11,354.74,713.02,46916,91062,NA,NA,24600,13,10
17199000214,3858,79,3488,79,254,13,24,3204,74,2785,74,245,12,14,66,132,11514,91548,16590,08370,24600,13,18
17201000002,3530,57,3439,57,12,6,16,2861,41,2751,41,8,6,14,417.49,761.54,45031,65013,NA,NA,18240,15,4
17201000003,4254,58,4143,58,37,7,8,3411,41,3295,41,22,6,6,497.75,907.94,45031,65013,NA,NA,18240,15,4
17201000006,4315,51,4188,51,42,1,30,3407,36,3293,36,23,1,18,497.17,906.88,65000,65013,NA,NA,34510,15,4
17201000007,3205,45,3117,45,20,2,17,2488,29,2409,29,11,2,8,363.06,662.26,65000,65013,NA,NA,34510,15,4
17201000008,3406,129,3040,129,203,4,26,2749,88,2413,88,136,4,20,401.15,731.73,65000,65013,NA,NA,34510,15,4
17201000010,3334,224,2082,224,889,9,118,2418,128,1543,128,536,9,74,352.85,643.62,65000,65013,NA,NA,34510,15,4
17201000011,1467,82,1166,82,86,8,117,1276,53,1017,53,65,8,80,186.2,339.65,65000,65013,NA,NA,34510,15,4
17201000012,2794,199,2190,199,155,28,220,2121,118,1633,118,96,17,139,309.51,564.57,65000,65013,NA,NA,34510,15,4
17201000013,2976,161,2620,161,49,14,132,2308,101,1980,101,31,8,87,336.8,614.34,65000,65013,NA,NA,34510,15,4
17201000014,4089,103,3912,103,50,6,14,3217,65,3044,65,31,4,8,469.44,856.3,65000,65013,NA,NA,34510,15,4
17201000015,5176,87,5022,87,33,3,31,4231,53,4085,53,20,1,19,617.41,1126.21,65000,65013,NA,NA,34510,15,4
17201000016,5394,194,4922,194,188,8,82,4256,130,3823,130,114,6,53,621.06,1132.86,65000,65013,NA,NA,34510,15,4
17201000017,2852,71,2689,71,48,7,37,2269,40,2133,40,27,6,23,331.1,603.96,65000,65013,NA,NA,34510,15,4
17201000018,4990,200,4436,200,243,13,89,3844,118,3392,118,155,8,53,560.94,1023.2,65000,65013,NA,NA,34510,15,4
17201000019,3310,88,3033,88,109,15,64,2549,41,2362,41,54,12,39,371.96,678.49,65000,65013,NA,NA,34510,15,4
17201000020,2737,142,2520,142,50,6,17,2154,82,1951,82,26,2,11,314.32,573.35,65000,65013,NA,NA,34510,15,4
17201000021,2297,110,1311,110,780,12,78,1562,58,943,58,457,5,41,227.94,415.77,65000,65013,NA,NA,34510,15,4
17201000022,4225,228,2021,228,1939,15,18,3188,139,1624,139,1263,10,13,465.21,848.58,65000,65013,NA,NA,34510,15,4
17201000024,3102,98,675,98,2317,12,0,1946,55,494,55,1333,9,0,283.97,517.99,65000,65013,NA,NA,34510,15,4
17201000025,4326,222,874,222,3214,6,3,2782,135,606,135,1898,6,2,405.96,740.51,65000,65013,NA,NA,34510,15,4
17201000026,3403,310,1056,310,2007,12,5,2128,167,735,167,1044,10,5,310.53,566.43,65000,65013,NA,NA,34510,15,4
17201000027,3427,841,702,841,1871,9,0,2822,500,582,500,1234,6,0,411.8,751.16,65000,65013,NA,NA,34510,15,4
17201000028,1825,576,297,576,947,4,1,1568,330,233,330,670,4,1,228.81,417.37,65000,65013,NA,NA,34510,15,4
17201000029,1620,64,1132,64,412,4,8,1572,60,1075,60,365,4,8,229.39,418.44,65000,65013,NA,NA,34510,15,4
17201000030,2493,36,2385,36,51,11,8,1883,18,1803,18,30,8,6,274.78,501.22,65000,65013,NA,NA,34510,15,4
17201000031,4207,245,2909,245,993,28,23,3143,132,2231,132,616,14,18,458.64,836.61,65000,65013,NA,NA,34510,15,4
17201000032,3912,297,1666,297,1930,4,7,2696,170,1282,170,1068,3,3,393.41,717.62,65000,65013,NA,NA,34510,15,4
17201000033,3570,145,3032,145,367,10,16,2677,75,2294,75,215,9,9,390.64,712.57,65000,65013,NA,NA,34510,15,4
17201000034,4713,113,4423,113,141,6,27,3641,66,3398,66,86,6,19,531.31,969.16,65000,65013,NA,NA,34510,15,4
17201000035,2599,30,2520,30,39,7,2,1991,20,1924,20,20,5,2,290.54,529.97,65000,65013,NA,NA,34510,15,4
17201000041,4530,32,4470,32,12,4,9,3241,21,3189,21,2,4,4,58,156,21280,21293,36240,19620,12810,15,4
17201000042,4169,44,4102,44,1,3,17,2961,22,2903,22,0,3,11,324,850,82491,82504,NA,NA,42790,15,4
17201000043,3593,5,3580,5,2,4,2,2578,2,2569,2,0,4,1,82,267,58408,58421,NA,NA,31050,15,4
17201000101,2997,37,2928,37,11,4,17,2164,18,2102,18,8,3,15,256.21,429.23,45726,32928,NA,NA,18240,15,4
17201000102,3281,72,3126,72,17,17,44,2435,43,2296,43,12,12,29,288.3,482.98,45726,32928,NA,NA,18240,15,4
17201000103,2357,32,2311,32,4,4,6,1783,22,1731,22,1,4,3,211.1,353.66,45726,32928,NA,NA,18240,15,4
17201000104,2918,68,2814,68,12,7,17,2068,35,1973,35,8,5,12,244.84,410.19,45726,32928,NA,NA,18240,15,4
17201000105,3849,104,3628,104,55,15,45,2819,52,2636,52,32,14,33,333.76,559.15,45726,32928,NA,NA,18240,15,4
17201000401,2566,18,2521,18,10,6,11,2041,6,2012,6,8,3,6,297.83,543.27,65000,65013,NA,NA,34510,15,4
17201000402,3093,24,3012,24,25,1,24,2473,19,2396,19,20,0,19,360.87,658.26,65000,65013,NA,NA,34510,15,4
17201000403,4383,49,4059,49,163,0,105,3402,27,3188,27,91,0,69,496.44,905.55,65000,65013,NA,NA,34510,15,4
17201000501,4813,62,4555,62,110,3,80,3767,42,3558,42,71,3,51,549.7,1002.7,65000,65013,NA,NA,34510,15,4
17201000502,3539,58,3232,58,142,10,97,2833,39,2578,39,109,6,62,413.41,754.09,65000,65013,NA,NA,34510,15,4
17201000504,6769,78,6332,78,133,5,219,4962,51,4638,51,87,5,130,724.08,1320.79,65000,65013,NA,NA,34510,15,4
17201000506,4696,50,4457,50,56,6,123,3460,28,3294,28,35,2,73,504.9,920.98,65000,65013,NA,NA,34510,15,4
17201000507,3867,110,3523,110,93,4,132,3276,85,2932,85,67,3,104,478.05,872.01,65000,65013,NA,NA,34510,15,4
17201000508,4459,28,4258,28,55,7,111,3246,19,3089,19,44,6,69,473.67,864.02,65000,65013,NA,NA,34510,15,4
17201000509,4436,67,4275,67,37,7,49,3438,35,3315,35,24,4,25,501.69,915.13,13074,65013,NA,NA,34510,15,4
17201002301,3041,126,2053,126,840,18,4,2167,66,1512,66,506,14,3,316.22,576.81,65000,65013,NA,NA,34510,15,4
17201002302,1551,46,1376,46,122,5,1,1202,31,1048,31,86,5,1,175.4,319.95,65000,65013,NA,NA,34510,15,4
17201003601,2022,32,1939,32,39,7,4,1588,22,1521,22,18,3,2,231.73,422.69,65000,65013,NA,NA,34510,15,4
17201003602,3558,69,3134,69,326,6,20,2750,52,2464,52,163,5,14,401.29,732,65000,65013,NA,NA,34510,15,4
17201003603,4710,88,4303,88,306,3,9,3901,50,3578,50,214,3,6,569.25,1038.37,65000,65013,NA,NA,34510,15,4
17201003604,3086,102,2876,102,85,8,13,2483,50,2305,50,60,8,10,362.33,660.93,65000,65013,NA,NA,34510,15,4
17201003701,4763,66,4578,66,62,40,15,3577,42,3408,42,46,28,11,521.97,952.13,65000,65013,NA,NA,34510,15,4
17201003703,6728,207,6029,207,342,6,139,5024,126,4464,126,221,3,84,488.38,1106.37,65000,13087,NA,NA,34510,15,4
17201003705,4387,63,4262,63,10,11,41,3093,36,2992,36,4,7,18,300.67,681.13,13074,13087,NA,NA,34510,15,4
17201003706,4712,61,4533,61,81,3,33,3460,31,3323,31,53,3,19,336.34,761.95,65000,13087,NA,NA,34510,15,4
17201003707,3061,56,2834,56,118,9,39,2609,37,2404,37,92,8,31,253.62,574.55,65000,13087,NA,NA,34510,15,4
17201003801,2995,27,2938,27,19,5,4,2317,22,2252,22,15,5,1,298,889,65000,57069,34540,19620,34510,15,4
17201003803,5497,50,5343,50,43,15,44,3811,34,3680,34,24,10,29,451.21,755.91,45726,32928,21180,19620,18240,15,4
17201003804,9239,233,8777,233,116,12,99,6745,132,6326,132,81,11,63,798.58,1337.87,45031,32928,NA,NA,18240,15,4
17201003901,1194,18,1155,18,11,7,2,902,14,861,14,6,7,0,118.7,268.43,65156,65169,34540,19620,NA,15,4
17201003902,7338,65,7156,65,35,23,55,5062,34,4926,34,23,15,30,405.57,1196.03,65611,65624,21180,19620,28700,15,4
17201004001,4463,210,4041,210,165,15,29,3500,134,3085,134,118,8,21,280.43,826.97,70590,65169,21180,19620,36600,15,4
17201004002,4635,61,4503,61,35,10,26,3287,30,3183,30,17,9,18,432.54,978.2,65156,65169,34540,19620,36600,15,4
17201004003,2070,47,1868,47,138,17,0,1594,27,1416,27,112,12,0,209.76,474.37,70590,65169,34540,19620,36600,15,4
17203000302,3035,10,3017,10,0,2,6,2270,4,2258,4,0,2,2,234,638,49568,49581,NA,NA,26280,16,9
17203000303,2833,20,2805,20,3,4,1,2021,12,1992,12,0,4,1,27,126,64590,64603,NA,NA,34140,16,9
17203000304,4296,22,4263,22,1,3,7,3038,12,3006,12,0,3,5,324,745,48606,48619,25740,25770,14430,8,9
17203000307,4095,27,4031,27,9,11,17,2946,13,2898,13,6,6,10,226,679,23737,23750,NA,NA,13620,16,9
17203030198,2679,13,2653,13,3,6,4,1860,4,1846,4,1,2,3,189,368,79007,11878,25740,25770,40920,8,9
17203030501,5017,47,4924,47,16,0,30,3455,32,3364,32,10,0,17,482,1295,29080,83544,16560,25770,NA,8,9
17203030502,2552,22,2512,22,4,6,7,1901,13,1861,13,4,6,4,352,479,71604,71611,34110,25770,NA,8,9
17203030601,5583,55,5482,55,21,10,14,4114,36,4010,36,18,7,7,300,1168,24543,55821,NA,NA,14430,8,9
17203030602,2563,5,2540,5,4,5,9,1741,3,1723,3,2,4,6,130,575,30445,50231,NA,NA,14430,16,9
