GEOID,state,county,tract,pop,pop_white,pop_black,pop_hisp,pop_aian,pop_asian,pop_other,vap,vap_white,vap_black,vap_hisp,vap_aian,vap_asian,vap_other,ndv,nrv,ai_an_nh,place,mcd,school_elm,school,cd_1980,cd_1990
40001009766,40,001,009766,2155,40,1494,40,1,613,7,1501,9,1100,9,0,377,6,300.81,311.99,13757,79100,93588,14820,31860,6,2
40001009767,40,001,009767,4207,66,3090,66,1,1047,0,3052,34,2329,34,0,655,0,611.63,634.37,13757,80450,93796,07680,32400,6,2
40001009768,40,001,009768,4057,35,1810,35,0,2211,1,2834,18,1407,18,0,1390,1,567.94,589.06,13757,70350,93263,19200,06930,6,2
40001009769,40,001,009769,3796,65,2019,65,2,1705,4,2666,34,1567,34,0,1029,2,534.28,554.14,13757,70350,93250,19200,28710,6,2
40001009770,40,001,009770,4206,39,1758,39,0,2409,0,2831,20,1339,20,0,1452,0,567.34,588.44,13757,NA,93250,03870,28710,6,2
40003009556,40,003,009556,1322,20,1282,20,0,20,0,1034,10,1002,10,0,12,0,263.8,381.51,NA,38000,92015,NA,05910,5,6
40003009557,40,003,009557,2171,40,2050,40,0,76,1,1698,24,1599,24,0,50,1,433.2,626.49,NA,13750,90546,NA,07410,5,6
40003009558,40,003,009558,1831,37,1529,37,202,54,5,1559,36,1238,36,199,46,4,274.47,362.27,NA,33450,91313,NA,14190,5,6
40003009559,40,003,009559,1092,5,1080,5,0,7,0,838,2,831,2,0,3,0,147.53,194.73,NA,12000,90429,NA,09330,5,6
40005009876,40,005,009876,1658,19,1238,19,178,216,7,1350,16,1000,16,156,155,7,352,206,14205,70850,92028,11450,29010,4,3
40005009877,40,005,009877,4112,20,3170,20,393,524,5,3003,15,2423,15,230,316,4,772.18,502.94,14205,3300,90481,13830,03360,4,3
40005009878,40,005,009878,3111,28,2739,28,3,341,0,2206,13,1989,13,3,188,0,567.24,369.46,14205,11550,93666,NA,06420,4,3
40005009879,40,005,009879,3897,51,3178,51,177,486,4,2989,43,2405,43,173,321,4,768.58,500.6,14205,NA,90481,17040,03360,4,3
40007009516,40,007,009516,2602,174,2393,174,0,33,1,1919,97,1708,97,0,17,0,276,619,NA,26900,92041,12480,11880,5,6
40007009517,40,007,009517,1705,20,1679,20,0,4,0,1264,12,1236,12,0,4,0,223.17,552.57,NA,NA,92860,12450,03510,5,6
40007009518,40,007,009518,1716,106,1581,106,1,24,2,1330,54,1207,54,1,12,2,234.83,581.43,NA,4750,92860,NA,03750,5,6
40009009661,40,009,009661,6767,293,5996,293,274,187,14,4873,159,4288,159,162,99,6,1214.15,941.53,13905,23500,91014,NA,10740,5,6
40009009662,40,009,009662,5578,219,5183,219,77,76,23,4057,112,3751,112,28,43,11,1010.84,783.86,13905,23500,91014,NA,19800,5,6
40009009663,40,009,009663,664,48,611,48,1,4,0,496,26,442,26,0,2,0,123.58,95.83,13905,12300,90455,NA,06750,5,6
40009009664,40,009,009664,3937,145,3743,145,12,35,1,3068,83,2873,83,8,20,1,764.42,592.78,13905,65700,92756,NA,27060,5,6
40009009665,40,009,009665,1866,83,1737,83,11,30,4,1450,42,1340,42,9,15,2,404,277,13905,24200,91066,NA,11040,5,6
40011009586,40,011,009586,1842,44,1755,44,6,36,0,1431,24,1359,24,5,19,0,334.72,408.71,13905,54150,92392,14640,22650,5,6
40011009587,40,011,009587,1961,26,1689,26,2,242,2,1412,14,1265,14,2,115,2,330.28,403.29,13905,11600,90416,18330,06480,5,6
40011009588,40,011,009588,1567,31,1457,31,8,71,0,1129,16,1053,16,5,39,0,260.15,314.11,13905,31250,93575,14640,31770,5,6
40011009589,40,011,009589,3976,119,3068,119,401,370,13,2871,65,2287,65,260,184,10,661.55,798.78,13905,78950,93575,NA,31770,5,6
40011009590,40,011,009590,2124,67,1728,67,66,260,3,1607,33,1332,33,47,161,1,370.29,447.11,13905,28900,91170,NA,12570,5,6
40013009956,40,013,009956,1241,14,817,14,6,402,2,913,4,649,4,5,250,1,222.65,134.65,14205,5400,90819,NA,03930,4,3
40013009957,40,013,009957,3045,35,2518,35,14,472,6,2302,17,1937,17,13,314,4,561.39,339.51,14205,10800,92054,NA,06150,4,3
40013009958,40,013,009958,996,12,790,12,2,192,0,745,4,614,4,2,121,0,181.68,109.88,14205,NA,92938,NA,33450,4,3
40013009959,40,013,009959,1547,14,1163,14,52,318,0,1143,8,913,8,37,177,0,278.74,168.57,13925,100,92873,NA,02370,4,3
40013009960,40,013,009960,6198,58,5366,58,5,752,17,4670,30,4117,30,5,477,11,1138.87,688.75,14205,10950,90793,NA,27640,4,3
40013009961,40,013,009961,4824,90,4196,90,9,509,18,3620,51,3162,51,6,338,12,882.81,533.89,14205,22050,90793,NA,10350,4,3
40013009962,40,013,009962,4071,75,3358,75,103,451,82,3324,49,2742,49,97,315,72,810.62,490.24,14205,22050,90793,NA,10350,4,3
40013009963,40,013,009963,1488,44,1224,44,4,210,5,1152,27,956,27,2,137,3,280.94,169.9,14205,22050,90793,NA,10350,4,3
40013009964,40,013,009964,1972,27,1605,27,45,290,5,1475,17,1227,17,21,188,5,359.71,217.54,14205,22050,90793,NA,10350,4,3
40013009965,40,013,009965,2653,33,2046,33,2,571,0,1911,19,1533,19,0,340,0,466.04,281.84,14205,22050,90793,NA,10350,4,3
40013009966,40,013,009966,4054,63,3457,63,180,349,5,3012,31,2601,31,134,213,2,734.54,444.22,13925,16050,90624,NA,08220,4,3
40015009616,40,015,009616,4477,222,3814,222,64,360,13,3429,127,2917,127,46,205,7,801.46,572.73,10825,34750,90247,NA,14610,5,6
40015009617,40,015,009617,2009,143,1815,143,9,41,1,1510,82,1321,82,4,21,0,333,375,10825,36700,91456,02700,15290,5,6
40015009618,40,015,009618,3907,265,2689,265,32,918,1,3001,150,2132,150,22,546,1,701.42,501.25,40025,12050,90442,02700,06630,5,6
40015009619,40,015,009619,1847,56,1346,56,33,408,4,1378,36,1038,36,22,242,4,322.08,230.16,40025,27100,91131,02700,11940,5,6
40015009620,40,015,009620,4094,155,2968,155,14,951,5,2893,81,2135,81,9,582,5,676.18,483.21,40025,30600,90117,24150,03000,5,6
40015009621,40,015,009621,7173,442,3772,442,552,2376,28,5312,255,2948,255,383,1452,19,1241.57,887.24,40025,2050,90117,NA,03000,5,6
40015009622,40,015,009622,2969,82,1975,82,4,900,8,2117,46,1496,46,3,522,4,494.8,353.59,40025,2300,90143,05010,03090,5,6
40015009623,40,015,009623,3074,65,2652,65,30,320,7,2274,33,2011,33,23,170,4,531.5,379.82,40025,13000,90728,24150,09300,5,6
40017003001,40,017,003001,2064,43,1822,43,9,185,5,1499,25,1342,25,7,98,2,222.52,374.5,13905,11050,93679,18900,06240,5,6
40017003002,40,017,003002,6337,173,5668,173,76,401,17,4437,80,3999,80,40,225,13,658.67,1108.5,13905,23700,91040,09420,23970,5,6
40017003003,40,017,003003,3093,126,2628,126,126,206,6,2223,62,1922,62,57,115,5,330,555.37,13905,23700,91040,NA,10650,5,6
40017003004,40,017,003004,1159,40,418,40,559,139,1,793,23,311,23,363,72,1,117.72,198.12,13905,23700,91040,NA,10650,5,6
40017003005,40,017,003005,3062,157,2504,157,86,299,16,2332,86,1936,86,48,167,9,346.18,582.6,13905,23700,91040,NA,10650,5,6
40017003006,40,017,003006,2865,47,2673,47,31,106,8,2266,33,2096,33,20,77,7,336.38,566.12,13905,23700,91040,26010,10650,5,6
40017003007,40,017,003007,4782,264,3832,264,484,171,23,4073,252,2947,252,478,127,17,604.63,1017.56,13905,75950,91040,03540,30630,5,6
40017003009,40,017,003009,9671,242,8795,242,90,298,243,6588,141,5913,141,54,184,155,977.98,1645.88,13905,82950,90832,NA,33480,3,5
40017003011,40,017,003011,5437,125,5011,125,46,167,85,3697,69,3378,69,28,106,47,548.81,923.62,13905,82950,90832,NA,33480,3,5
40017003012,40,017,003012,7573,105,7181,105,33,229,25,5601,73,5271,73,22,148,14,831.46,1399.3,13905,82950,90832,NA,33480,3,5
40017300801,40,017,300801,2634,35,2496,35,36,52,14,1854,17,1757,17,21,33,9,275.22,463.19,13905,55000,90832,NA,23970,3,5
40017300802,40,017,300802,2029,23,1929,23,9,60,6,1484,16,1412,16,6,28,6,220.3,370.75,13905,55000,90832,NA,33480,3,5
40017301001,40,017,301001,70,0,68,0,0,1,1,58,0,56,0,0,1,1,8.61,14.49,NA,55000,90832,NA,33480,3,5
40017301003,40,017,301003,3214,88,2945,88,30,71,77,2216,48,2007,48,21,41,51,328.96,553.62,13905,55000,90832,NA,21000,3,5
40017301004,40,017,301004,4247,108,3442,108,56,123,518,2733,69,2176,69,40,75,304,405.71,682.79,13905,55000,90832,NA,21000,3,5
40017301005,40,017,301005,2930,50,2680,50,15,84,97,2059,26,1891,26,10,54,52,305.66,514.4,13905,55000,90832,NA,21000,3,5
40017301397,40,017,301397,17,0,17,0,0,0,0,10,0,10,0,0,0,0,1.48,2.5,13905,82950,90832,26010,33480,3,5
40017301398,40,017,301398,1573,21,1519,21,0,32,1,1171,11,1125,11,0,23,1,173.83,292.55,13905,55000,90832,03540,33480,5,5
40017301403,40,017,301403,7196,188,6654,188,58,266,28,4944,106,4523,106,31,166,12,733.93,1235.16,13905,50100,90832,NA,21000,5,6
40017301404,40,017,301404,4456,86,4187,86,22,143,17,3078,43,2885,43,14,80,13,456.93,768.98,13905,50100,90832,NA,21000,5,6
40019009921,40,019,009921,2429,27,1575,27,659,167,1,1819,18,1200,18,467,115,1,422.56,384.48,13925,69500,90169,04050,28350,4,3
40019009922,40,019,009922,1700,28,1519,28,3,142,7,1252,16,1133,16,3,82,2,290.84,264.64,13925,61900,91287,NA,12060,4,3
40019009923,40,019,009923,3114,28,2901,28,7,172,6,2344,18,2206,18,6,93,3,544.51,495.45,13925,33350,91274,33540,14130,4,3
40019009924,40,019,009924,3095,23,2832,23,7,229,4,2289,12,2118,12,6,138,3,531.74,483.83,13925,81500,93861,33540,32940,4,3
40019009925,40,019,009925,6159,47,5560,47,126,416,9,4248,28,3870,28,78,239,5,986.82,897.9,13925,43750,90156,NA,18090,4,3
40019009926,40,019,009926,5383,122,4665,122,188,382,25,4098,72,3626,72,99,214,15,951.97,866.19,13925,2600,90156,NA,03180,4,3
40019009927,40,019,009927,3963,45,3494,45,51,365,7,2821,19,2526,19,29,223,5,655.32,596.27,13925,20700,90156,NA,09910,4,3
40019009928,40,019,009928,5507,159,2886,159,1744,671,46,3910,70,2242,70,1091,415,22,908.3,826.46,13925,2600,90156,NA,03180,4,3
40019009929,40,019,009929,2397,104,1933,104,158,193,9,1881,77,1497,77,95,128,7,436.96,397.59,13925,2600,90156,NA,03180,4,3
40019009930,40,019,009930,6233,122,5244,122,283,540,41,4750,67,4079,67,167,341,29,1103.43,1004.01,13925,2600,90156,NA,03180,4,3
40019009931,40,019,009931,2939,76,2256,76,318,280,8,2215,38,1750,38,190,194,5,514.55,468.18,13925,2600,90156,NA,03180,4,3
40021009776,40,021,009776,3896,23,2498,23,9,1366,0,2705,12,1870,12,8,803,0,618.06,512,13757,53550,92080,23730,22410,6,2
40021009777,40,021,009777,4597,48,2998,48,57,1490,4,3290,30,2279,30,40,911,0,751.73,622.72,13757,36400,91443,21900,15240,6,2
40021009778,40,021,009778,3703,65,2147,65,25,1456,10,2564,38,1587,38,13,879,9,585.85,485.31,13757,72100,93289,33090,29380,6,2
40021009779,40,021,009779,4741,70,3117,70,70,1471,13,3569,35,2501,35,48,940,10,815.48,675.53,13757,72100,93289,13230,29380,6,2
40021009780,40,021,009780,3607,79,2494,79,100,917,15,2804,41,2036,41,68,609,9,640.68,530.73,13757,72100,93289,05430,29380,6,2
40021009781,40,021,009781,5041,79,3382,79,94,1466,19,3857,41,2736,41,65,962,12,881.28,730.04,13757,72100,93289,05430,29380,6,2
40021009782,40,021,009782,4461,36,2737,36,0,1683,4,3330,18,2218,18,0,1073,3,760.87,630.29,13757,NA,90845,16440,29380,6,2
40021009783,40,021,009783,4003,70,2527,70,22,1383,1,2950,36,2002,36,16,859,1,674.04,558.37,13757,NA,92899,16440,05280,6,2
40023009969,40,023,009969,2661,32,2202,32,106,314,4,1991,20,1676,20,83,190,2,576.88,320.27,14205,27400,91144,29340,12300,4,3
40023009970,40,023,009970,2717,19,1910,19,411,377,0,1962,13,1432,13,276,228,0,568.47,315.6,14205,NA,91430,12840,15210,4,3
40023009971,40,023,009971,3893,68,2939,68,334,536,15,2914,35,2258,35,241,336,9,844.31,468.74,14205,36300,91430,NA,15210,4,3
40023009972,40,023,009972,2934,41,1574,41,926,390,2,2000,23,1194,23,522,236,2,579.48,321.71,14205,36300,91430,12840,15210,4,3
40023009973,40,023,009973,3097,35,2212,35,177,669,3,2236,23,1658,23,120,409,3,647.86,359.68,14205,7750,93692,NA,05040,4,3
40025009501,40,025,009501,917,101,804,101,0,11,0,719,60,591,60,0,8,0,136.76,244.31,NA,39600,91560,24270,16410,5,6
40025009502,40,025,009502,795,68,722,68,0,5,0,598,41,511,41,0,5,0,113.74,203.19,NA,NA,90286,24270,04860,5,6
40025009503,40,025,009503,1589,243,1325,243,0,7,12,1317,142,1020,142,0,6,7,250.5,447.5,NA,7300,90286,NA,04860,5,6
40027002001,40,027,002001,406,14,330,14,23,34,5,369,14,293,14,17,26,5,55.77,75.9,NA,52500,91989,NA,21720,1,4
40027002002,40,027,002002,1905,61,1659,61,45,95,45,1474,38,1275,38,31,65,27,222.77,303.18,NA,52500,91989,NA,21720,1,4
40027002003,40,027,002003,3117,92,2732,92,107,173,9,2369,58,2096,58,56,96,5,358.04,487.26,NA,52500,91989,NA,21720,1,4
40027002004,40,027,002004,1854,38,1646,38,48,107,15,1494,25,1336,25,26,72,10,225.8,307.29,NA,52500,91989,NA,21720,1,4
40027002005,40,027,002005,3860,82,3411,82,79,138,147,3414,74,2952,74,64,112,138,515.98,702.2,NA,52500,91989,NA,21720,1,4
40027002007,40,027,002007,592,8,480,8,49,50,5,507,6,415,6,40,36,4,76.63,104.28,NA,52500,91989,NA,21720,1,4
40027002008,40,027,002008,4535,106,4028,106,146,201,52,3276,67,2890,67,88,124,40,495.12,673.82,NA,52500,91989,NA,21720,1,4
40027002009,40,027,002009,4071,110,3667,110,67,178,48,3252,69,2899,69,41,138,36,491.5,668.88,NA,52500,91989,NA,21720,1,4
40027002010,40,027,002010,5617,197,4951,197,128,232,109,4599,122,3999,122,97,166,93,695.08,945.93,NA,52500,91989,NA,21720,1,4
40027002017,40,027,002017,667,2,623,2,0,41,1,471,0,443,0,0,28,0,71.19,96.88,NA,55000,92093,NA,20250,1,4
40027002018,40,027,002018,3660,94,3266,94,56,131,113,2641,58,2340,58,40,73,72,399.15,543.21,NA,55000,92093,NA,20250,1,4
40027002022,40,027,002022,3172,103,2794,103,56,168,51,2310,58,2013,58,32,111,38,349.12,475.13,NA,49200,92093,NA,20250,1,4
40027002025,40,027,002025,4967,103,4585,103,3,262,14,3506,54,3225,54,2,160,11,529.88,721.12,NA,52150,91976,NA,21630,1,4
40027002026,40,027,002026,2266,37,2065,37,8,154,2,1703,20,1550,20,6,106,1,257.39,350.28,50,42700,91677,NA,17580,1,4
40027200601,40,027,200601,5063,179,4087,179,404,319,71,3841,115,3107,115,246,204,54,580.51,790.03,NA,52500,91989,NA,21720,1,4
40027200602,40,027,200602,3259,94,2769,94,149,206,41,2643,69,2210,69,113,145,37,399.45,543.62,NA,52500,91989,NA,21720,1,4
40027201101,40,027,201101,5683,142,4926,142,183,215,215,4577,97,3883,97,139,156,205,691.75,941.41,NA,52500,91989,NA,21720,1,4
40027201102,40,027,201102,2610,62,2231,62,116,88,106,2142,49,1791,49,94,69,90,323.73,440.57,NA,52500,91989,NA,21720,1,4
40027201201,40,027,201201,2032,47,1312,47,183,82,405,1765,40,1132,40,152,60,341,266.76,363.03,NA,52500,91989,NA,21720,1,4
40027201202,40,027,201202,3931,97,3391,97,198,124,116,3986,96,3361,96,197,124,112,602.43,819.85,NA,52500,91989,NA,21720,1,4
40027201203,40,027,201203,2192,33,1378,33,129,66,583,1896,28,1171,28,96,49,524,286.55,389.97,NA,52500,91989,NA,21720,1,4
40027201301,40,027,201301,4909,119,4064,119,361,247,109,3798,88,3121,88,230,172,99,574.02,781.18,NA,52500,91989,NA,21720,1,4
40027201401,40,027,201401,4904,89,4418,89,140,210,42,3468,51,3118,51,84,133,31,524.14,713.31,NA,52500,91989,26100,21720,1,4
40027201503,40,027,201503,6489,150,5767,150,129,245,192,5105,112,4479,112,89,187,126,771.55,1050.01,NA,52500,91989,NA,21720,1,4
40027201504,40,027,201504,6677,137,6026,137,110,228,176,4899,85,4382,85,78,153,116,740.42,1007.64,NA,52500,91989,NA,21720,1,4
40027201602,40,027,201602,3157,110,2827,110,40,162,17,2133,56,1879,56,29,103,10,322.37,438.72,NA,49200,92093,NA,20250,1,4
40027201603,40,027,201603,3893,145,3441,145,43,235,29,2719,69,2398,69,27,137,19,410.94,559.25,NA,49200,92093,NA,20250,1,4
40027201604,40,027,201604,3580,124,3168,124,37,219,30,2396,68,2089,68,23,123,25,362.12,492.82,NA,49200,92093,NA,20250,1,4
40027201605,40,027,201605,4855,121,4326,121,124,208,74,3300,76,2886,76,80,130,52,498.75,678.75,NA,55000,92093,NA,20250,1,4
40027201606,40,027,201606,3355,90,3013,90,82,120,49,2445,63,2152,63,60,75,32,369.53,502.89,NA,55000,92093,NA,20250,1,4
40027201901,40,027,201901,5473,157,4606,157,194,230,286,3900,99,3278,99,117,140,167,589.43,802.16,NA,55000,92093,NA,20250,1,4
40027201902,40,027,201902,4108,154,3478,154,135,186,155,2974,97,2493,97,78,114,95,449.48,611.7,NA,55000,92093,NA,20250,1,4
40027202001,40,027,202001,6567,269,5645,269,243,275,135,5371,181,4523,181,181,203,102,811.75,1104.72,NA,55000,92093,NA,20250,1,4
40027202003,40,027,202003,4127,97,3613,97,108,226,82,2949,60,2565,60,65,147,52,445.7,606.56,NA,55000,92093,NA,20250,1,4
40027202004,40,027,202004,3226,63,2961,63,39,151,12,2447,34,2239,34,24,107,9,369.83,503.31,NA,49200,92093,NA,20250,1,4
40027202005,40,027,202005,5846,206,5121,206,118,324,75,4041,105,3539,105,60,185,47,610.74,831.16,NA,49200,92093,NA,20250,1,4
40027202101,40,027,202101,4846,220,4225,220,95,204,99,3338,129,2829,129,57,124,70,504.49,686.57,NA,49200,92093,NA,20250,1,4
40027202102,40,027,202102,2351,53,2120,53,13,156,9,1750,22,1595,22,11,94,6,264.49,359.94,NA,49200,92093,NA,20250,1,4
40027202103,40,027,202103,5848,201,5177,201,134,227,106,3907,109,3421,109,75,127,66,590.49,803.6,NA,49200,92093,NA,20250,1,4
40027202301,40,027,202301,3574,83,3250,83,40,196,5,2601,37,2365,37,36,121,5,393.11,534.98,50,55000,92093,26100,20250,1,4
40027202302,40,027,202302,4089,81,3650,81,59,273,25,2765,48,2462,48,37,150,20,417.89,568.71,50,55000,92093,27120,17880,1,4
40027202401,40,027,202401,9581,113,8531,113,77,806,51,6781,62,6058,62,49,516,34,1024.86,1394.73,50,52500,90858,26100,21720,1,4
40027202498,40,027,202498,7339,172,5903,172,705,538,18,5851,129,4478,129,695,408,12,884.3,1203.45,50,67950,90858,NA,17580,1,4
40027202795,40,027,202795,0,0,0,0,0,0,0,0,0,0,0,0,0,0,0,0,50,NA,91976,NA,25230,1,4
40027202796,40,027,202796,0,0,0,0,0,0,0,0,0,0,0,0,0,0,0,0,13925,NA,91976,NA,25230,1,4
40027202797,40,027,202797,0,0,0,0,0,0,0,0,0,0,0,0,0,0,0,0,13925,NA,91976,NA,25230,1,4
40027202798,40,027,202798,0,0,0,0,0,0,0,0,0,0,0,0,0,0,0,0,50,NA,91976,NA,25230,1,4
40029009881,40,029,009881,3908,32,3213,32,32,630,1,2921,19,2499,19,25,358,1,931,529.85,14205,15800,90871,08730,08130,4,3
40029009882,40,029,009882,1872,7,1533,7,16,315,1,1346,5,1123,5,12,201,0,429,244.15,14205,75050,93705,NA,30270,4,3
40031000001,40,031,000001,4297,328,2905,328,775,178,106,3264,223,2151,223,465,117,85,440.76,461.93,40025,41850,91651,NA,17250,1,4
40031000002,40,031,000002,3160,231,1963,231,756,82,119,2239,142,1382,142,443,45,85,302.35,316.87,40025,41850,91651,NA,17250,1,4
40031000003,40,031,000003,6216,442,4085,442,1349,100,222,4645,279,3034,279,819,64,170,627.24,657.38,40025,41850,91651,NA,17250,1,4
40031000006,40,031,000006,2497,131,2016,131,235,63,52,1995,78,1628,78,132,44,35,269.4,282.34,40025,41850,91651,NA,17250,1,4
40031000007,40,031,000007,2949,159,2146,159,429,128,85,2314,104,1719,104,255,69,63,312.47,327.49,40025,41850,91651,NA,17250,1,4
40031000008,40,031,000008,2978,195,2003,195,560,132,83,2351,146,1555,146,343,89,72,317.47,332.72,40025,41850,91651,NA,17250,1,4
40031000009,40,031,000009,2079,111,1753,111,106,60,49,1631,71,1343,71,63,45,38,220.24,230.83,40025,41850,91651,NA,17250,1,4
40031000010,40,031,000010,2086,111,1628,111,191,109,45,1652,65,1313,65,114,64,31,223.08,233.8,40025,41850,91651,NA,17250,1,4
40031000011,40,031,000011,2174,139,1496,139,347,96,96,1692,87,1187,87,212,63,56,228.48,239.46,40025,41850,91651,NA,17250,1,4
40031000012,40,031,000012,538,50,377,50,75,20,16,498,33,338,33,64,19,11,67.25,70.48,40025,41850,91651,11760,17250,1,4
40031000013,40,031,000013,2080,169,1386,169,385,118,22,1666,110,1086,110,265,78,17,224.97,235.78,40025,41850,91651,NA,17250,1,4
40031000014,40,031,000014,1647,98,1270,98,191,74,14,1411,73,1055,73,139,61,10,190.54,199.69,40025,41850,91651,NA,17250,1,4
40031000015,40,031,000015,2878,306,2071,306,306,141,49,2202,202,1509,202,171,86,32,297.35,311.64,40025,41850,91651,NA,17250,1,4
40031000016,40,031,000016,2520,90,467,90,1765,156,41,1613,52,316,52,1090,79,24,217.81,228.28,40025,41850,91651,04470,17250,1,4
40031000017,40,031,000017,1758,153,1306,153,151,116,31,1395,93,1023,93,90,72,24,188.38,197.43,40025,41850,91651,NA,17250,1,4
40031000018,40,031,000018,1023,118,765,118,43,66,30,778,65,557,65,32,39,20,105.06,110.11,40025,41850,91651,NA,17250,1,4
40031000021,40,031,000021,4669,76,4286,76,8,277,21,3395,40,3129,40,6,165,15,458.45,480.47,40025,26350,92119,NA,28590,1,4
40031000022,40,031,000022,4512,165,3567,165,57,693,28,3426,96,2723,96,34,458,19,462.63,484.86,40025,47350,92249,28860,10710,1,4
40031000023,40,031,000023,7114,307,5579,307,31,1158,32,5135,154,4055,154,18,728,26,693.41,726.72,40025,10700,93133,11520,06120,1,4
40031000024,40,031,000024,12228,1222,6429,1222,4109,130,304,10576,908,5195,908,3261,88,216,1428.15,1496.76,40025,27300,92834,NA,17250,1,4
40031000401,40,031,000401,7284,512,4769,512,1535,155,302,5353,313,3430,313,990,102,205,722.85,757.58,40025,41850,91651,NA,17250,1,4
40031000402,40,031,000402,3948,160,2803,160,701,57,221,2855,98,1989,98,473,31,166,385.53,404.05,40025,41850,91651,NA,17250,1,4
40031000403,40,031,000403,3370,126,2708,126,372,39,121,2547,81,2015,81,256,26,88,343.94,360.46,40025,41850,91651,NA,17250,1,4
40031000501,40,031,000501,7590,376,5669,376,1116,169,255,5645,237,4166,237,713,107,185,762.28,798.9,40025,41850,91651,NA,17250,1,4
40031000502,40,031,000502,4925,378,3182,378,1071,111,175,3349,214,2088,214,638,68,127,452.24,473.96,40025,41850,91651,04470,17250,1,4
40031001901,40,031,001901,1791,175,1122,175,401,53,39,1376,107,823,107,265,41,33,185.81,194.74,40025,41850,91651,NA,17250,1,4
40031001902,40,031,001902,1881,61,571,61,1163,48,34,1347,43,420,43,782,35,24,181.89,190.63,40025,41850,91651,04470,17250,1,4
40031002001,40,031,002001,3023,128,2472,128,248,67,107,2068,68,1658,68,158,45,71,279.26,292.67,40025,41850,92951,NA,17250,1,4
40031002002,40,031,002002,6850,378,5068,378,1070,155,174,4851,207,3581,207,635,107,114,655.06,686.53,40025,41850,92951,11760,17250,1,4
40031002003,40,031,002003,1421,28,1325,28,1,61,6,1049,17,973,17,1,35,6,141.65,148.46,40025,NA,92951,NA,07170,1,4
40033009711,40,033,009711,3861,92,3353,92,5,408,3,2933,53,2546,53,5,275,1,846.49,553.94,40025,78150,93536,11520,31470,1,4
40033009712,40,033,009712,1588,98,1276,98,135,72,3,1269,63,1003,63,84,53,3,366.24,239.67,40025,72750,93315,NA,29640,1,4
40033009713,40,033,009713,1202,41,1142,41,0,19,0,881,18,828,18,0,17,0,254.26,166.39,40025,61850,93146,NA,04350,1,4
40035009731,40,035,009731,2751,11,2195,11,1,543,1,2036,7,1677,7,1,343,1,498.05,408.92,13757,79750,92106,NA,32190,6,2
40035009732,40,035,009732,2375,11,1743,11,41,572,8,1748,6,1343,6,31,355,7,427.6,351.08,13757,5900,93484,NA,32610,6,2
40035009733,40,035,009733,4412,43,3325,43,261,773,10,3541,34,2704,34,226,536,7,866.2,711.2,13757,77550,93471,NA,31290,6,2
40035009734,40,035,009734,2834,27,2183,27,156,454,11,2242,16,1776,16,105,320,9,548.44,450.3,13757,77550,93471,NA,31290,6,2
40035009735,40,035,009735,1732,9,1373,9,11,338,1,1307,8,1056,8,8,226,1,319.72,262.51,13757,39550,93471,08010,16380,6,2
40037000201,40,037,000201,5451,117,4802,117,33,476,23,3910,73,3438,73,19,292,15,742.78,773.74,18170,65400,92743,02790,26910,2,2
40037000206,40,037,000206,7831,95,6938,95,158,620,17,5727,59,5063,59,119,414,13,1087.96,1133.3,18170,65400,92743,18240,26910,2,2
40037000208,40,037,000208,3375,14,3142,14,19,192,8,2589,8,2431,8,12,124,6,491.83,512.33,18170,21750,90767,NA,10200,6,2
40037000209,40,037,000209,2748,33,2408,33,106,198,3,2040,21,1806,21,70,120,2,387.54,403.69,18170,8900,90338,NA,05460,6,2
40037000210,40,037,000210,3575,25,2783,25,395,370,2,2604,14,2100,14,246,228,2,494.68,515.3,18170,8900,90338,13600,05460,6,2
40037000212,40,037,000212,5717,58,4704,58,603,347,5,4099,31,3413,31,422,199,3,778.69,811.14,18170,65400,92743,02790,26910,6,2
40037000213,40,037,000213,2582,32,2198,32,79,258,15,1931,18,1647,18,63,177,8,366.83,382.12,18170,65400,92743,NA,26910,2,2
40037000214,40,037,000214,5737,96,5135,96,113,373,20,4215,58,3763,58,61,261,14,800.72,834.09,18170,65400,92743,NA,26910,2,2
40037000215,40,037,000215,3748,22,3365,22,9,348,3,2617,9,2391,9,6,201,1,497.15,517.87,18170,49550,92743,18240,20550,2,2
40037000216,40,037,000216,2256,24,2006,24,25,189,12,1762,18,1583,18,17,119,7,334.73,348.68,18170,65400,92743,18240,26910,2,2
40037020701,40,037,020701,5324,39,4814,39,7,451,13,3787,25,3453,25,7,271,6,719.42,749.4,18170,46200,91573,16470,18840,6,2
40037020702,40,037,020702,2666,15,2279,15,33,335,4,1935,6,1694,6,28,198,3,367.59,382.91,18170,66600,92808,20010,10200,6,2
40037020703,40,037,020703,4035,26,3719,26,20,266,1,2926,11,2731,11,17,156,0,555.85,579.02,18170,54000,91573,NA,22560,6,2
40037021101,40,037,021101,2808,30,2251,30,226,297,2,1937,16,1582,16,154,167,2,367.97,383.31,18170,20300,90351,20010,05460,6,2
40037021102,40,037,021102,3062,34,2590,34,85,348,5,2128,20,1811,20,59,215,3,404.26,421.1,18170,39000,91534,NA,16170,6,2
40039009505,40,039,009505,197,2,176,2,3,14,2,154,1,137,1,3,11,1,29.81,36.97,13905,15400,90611,NA,08070,5,6
40039009601,40,039,009601,1774,11,1646,11,1,116,0,1327,6,1247,6,0,68,0,256.89,318.58,13905,73450,93328,NA,29880,5,6
40039009602,40,039,009602,758,13,723,13,0,22,0,553,4,529,4,0,16,0,107.05,132.76,13905,18950,90715,NA,09270,5,6
40039009603,40,039,009603,1110,48,999,48,0,63,0,830,27,740,27,0,36,0,160.68,199.26,13905,10450,90390,NA,05970,5,6
40039009604,40,039,009604,7082,471,5934,471,136,496,37,5374,248,4474,248,79,301,24,1040.33,1290.14,13905,15400,90611,NA,08070,5,6
40039009605,40,039,009605,4013,734,2399,734,535,325,18,3193,413,1839,413,337,178,13,618.12,766.55,13905,15400,90611,NA,08070,5,6
40039009606,40,039,009606,5280,203,4543,203,161,306,65,4362,122,3738,122,137,183,60,844.42,1047.19,13905,79450,93614,NA,32070,5,6
40039009607,40,039,009607,6683,143,6165,143,92,239,41,4880,81,4473,81,62,159,24,944.7,1171.55,13905,79450,93614,NA,32070,5,6
40041009756,40,041,009756,3940,21,3225,21,0,681,13,3159,14,2678,14,0,443,10,640.04,607.85,13757,31600,91209,30290,13530,6,2
40041009757,40,041,009757,4468,63,3775,63,3,614,13,3610,38,3102,38,1,425,6,731.41,694.63,13757,31600,91209,NA,13530,6,2
40041009758,40,041,009758,4081,33,3595,33,2,447,4,3441,23,3087,23,1,304,3,697.17,662.11,13757,5550,91209,08010,13530,6,2
40041009759,40,041,009759,3156,22,2248,22,5,881,0,2398,14,1809,14,4,557,0,485.85,461.42,13757,NA,91495,16320,15690,6,2
40041009760,40,041,009760,4244,40,2794,40,6,1399,3,3080,23,2140,23,5,887,2,624.03,592.65,13757,37650,91495,NA,15690,6,2
40041009761,40,041,009761,3974,33,1836,33,2,2096,7,2682,16,1378,16,1,1268,3,543.39,516.07,13757,38600,91508,16320,15990,6,2
40041009762,40,041,009762,4207,15,3270,15,2,920,0,3026,4,2464,4,2,552,0,613.09,582.26,13757,16100,90637,20430,08250,6,2
40043009591,40,043,009591,2315,31,2034,31,1,243,5,1690,16,1518,16,1,135,4,430.17,505.89,13905,66250,92769,18330,27240,5,6
40043009592,40,043,009592,1566,10,1519,10,0,37,0,1157,9,1118,9,0,21,0,294.5,346.34,13905,77300,93458,06300,31170,5,6
40043009593,40,043,009593,1670,32,1607,32,4,26,1,1282,17,1228,17,2,17,1,326.32,383.76,13905,72350,90754,06300,29430,5,6
40045009526,40,045,009526,1259,26,1209,26,2,21,0,909,16,867,16,0,10,0,214.53,313.89,NA,28250,92132,NA,12330,5,6
40045009527,40,045,009527,1860,69,1767,69,0,19,5,1433,39,1340,39,0,13,2,338.19,494.84,NA,66750,92262,NA,27540,5,6
40045009528,40,045,009528,1378,43,1305,43,0,23,6,1052,22,988,22,0,17,3,248.28,363.27,13905,2800,93003,06300,03240,5,6
40047000001,40,047,000001,4386,123,3989,123,138,109,27,3327,72,3017,72,76,69,21,614.29,879.09,NA,23950,91053,NA,10920,5,6
40047000002,40,047,000002,2774,37,2596,37,58,77,6,2107,16,1979,16,44,49,3,389.03,556.73,NA,23950,91053,NA,21780,5,6
40047000003,40,047,000003,11859,156,11246,156,184,159,113,8979,104,8483,104,117,102,69,1657.86,2372.5,NA,23950,91053,NA,10920,5,6
40047000004,40,047,000004,3408,76,3126,76,85,84,37,2510,46,2299,46,56,42,21,463.44,663.21,NA,23950,91053,NA,10920,5,6
40047000005,40,047,000005,7258,171,6611,171,264,129,82,5753,109,5225,109,176,83,51,1062.22,1520.1,NA,23950,91053,NA,10920,5,6
40047000006,40,047,000006,3835,107,3059,107,524,83,62,2868,65,2291,65,352,59,36,529.54,757.81,NA,23950,91053,NA,10920,5,6
40047000007,40,047,000007,5640,150,4839,150,393,186,63,4162,94,3579,94,249,108,38,768.46,1099.72,NA,23950,91053,NA,10920,5,6
40047000008,40,047,000008,5010,141,4285,141,284,162,135,3775,80,3215,80,189,91,120,697.01,997.46,NA,23950,91053,NA,10920,5,6
40047000009,40,047,000009,1356,7,1330,7,0,19,0,996,6,971,6,0,13,0,183.9,263.17,NA,23950,91053,NA,12420,5,6
40047000010,40,047,000010,3626,31,3490,31,51,35,17,2631,21,2519,21,33,24,13,485.78,695.18,NA,23950,91053,NA,16830,5,6
40047000011,40,047,000011,3377,23,3297,23,1,52,4,2406,14,2344,14,1,30,3,444.24,635.73,NA,28500,92184,NA,12420,5,6
40047000012,40,047,000012,4206,64,4038,64,20,76,8,2991,31,2861,31,11,49,8,552.25,790.31,NA,79200,93016,NA,08790,5,6
40049009911,40,049,009911,2773,44,2390,44,17,319,2,2118,28,1851,28,13,196,2,535.42,446.29,13925,70800,93276,31440,28980,1,4
40049009912,40,049,009912,3030,48,2685,48,20,270,7,2130,27,1896,27,10,164,6,538.45,448.82,13925,57100,92483,31440,23430,1,4
40049009913,40,049,009913,3208,81,2717,81,202,204,3,2528,52,2147,52,142,134,1,639.07,532.68,13925,57550,92483,32670,23550,1,4
40049009914,40,049,009914,4347,58,3811,58,129,331,18,3336,40,2967,40,78,198,13,843.33,702.94,13925,57550,92483,32670,23550,1,4
40049009915,40,049,009915,2831,41,2428,41,248,110,4,2075,16,1811,16,158,71,3,524.55,437.23,13925,82400,92483,NA,33300,1,4
40049009916,40,049,009916,2225,11,2047,11,0,166,1,1686,4,1568,4,0,109,1,426.21,355.26,13925,47150,91807,32670,19380,1,4
40049009917,40,049,009917,2058,4,1929,4,0,125,0,1466,1,1386,1,0,78,0,370.6,308.91,13925,24300,91027,NA,17850,1,4
40049009918,40,049,009918,3072,23,2868,23,0,166,14,2369,12,2228,12,0,107,10,598.87,499.18,13925,43150,91690,NA,17850,1,4
40049009919,40,049,009919,3061,21,2754,21,105,173,8,2324,13,2096,13,84,114,4,587.5,489.7,13925,23600,91027,NA,10860,1,4
40051000001,40,051,000001,1475,25,1315,25,44,91,0,1064,15,950,15,26,58,0,221.64,221.71,13925,13950,90572,NA,07560,1,4
40051000002,40,051,000002,1227,16,165,16,1011,35,0,825,6,125,6,664,24,0,171.85,171.91,13925,13950,90572,NA,07560,1,4
40051000003,40,051,000003,2789,75,2389,75,163,150,11,2129,47,1835,47,97,97,6,443.48,443.62,13925,13950,90572,NA,07560,1,4
40051000004,40,051,000004,3348,135,3009,135,92,97,14,2533,63,2282,63,53,64,8,527.64,527.8,13925,13950,90572,NA,07560,1,4
40051000005,40,051,000005,5882,117,5330,117,143,255,37,4554,65,4132,65,105,161,26,948.62,948.92,13925,13950,90572,24150,07560,1,4
40051000006,40,051,000006,4704,56,4334,56,34,269,11,3355,32,3107,32,22,156,6,698.86,699.08,40025,77000,90572,24150,21600,1,4
40051000007,40,051,000007,7224,111,6657,111,13,435,8,5287,61,4876,61,6,277,6,1101.31,1101.65,13925,64300,92704,05250,26550,1,4
40051000008,40,051,000008,4226,47,3966,47,18,183,12,2941,25,2764,25,13,108,6,612.62,612.82,13925,1900,90104,12210,02910,1,4
40051000009,40,051,000009,10872,146,10121,146,6,571,24,7633,82,7105,82,5,343,16,1589.99,1590.49,13925,75450,93393,NA,30420,1,4
40053009561,40,053,009561,2027,38,1977,38,0,12,0,1581,22,1528,22,0,9,0,426.22,530.93,NA,47300,91820,NA,19620,5,6
40053009562,40,053,009562,890,3,873,3,0,13,1,672,2,663,2,0,5,0,181.16,225.67,NA,77950,93510,NA,31420,5,6
40053009563,40,053,009563,952,8,930,8,0,14,0,713,2,701,2,0,8,0,192.22,239.44,NA,41350,91625,NA,17020,5,6
40053009564,40,053,009564,1820,9,1762,9,3,33,13,1322,5,1280,5,1,21,10,356.4,443.96,NA,59950,93159,NA,24720,5,6
40055009671,40,055,009671,2502,89,2121,89,192,91,8,2177,58,1788,58,189,76,8,536.75,395.56,40025,30950,91196,NA,13290,5,6
40055009672,40,055,009672,4057,247,3490,247,258,50,8,3266,142,2784,142,159,34,5,805.25,593.44,40025,46050,91768,19170,18780,5,6
40057009676,40,057,009676,3240,605,2334,605,270,27,4,2673,326,1848,326,155,15,3,763.1,440.48,40025,35500,91391,NA,14850,5,6
40057009677,40,057,009677,553,51,484,51,10,6,2,434,29,367,29,4,4,1,123.9,71.52,40025,30400,91183,NA,13020,5,6
40059009521,40,059,009521,1957,53,1882,53,3,13,6,1482,25,1419,25,2,8,3,300.46,527.01,NA,9850,90377,NA,05760,5,6
40059009522,40,059,009522,2106,19,2070,19,0,17,0,1586,12,1552,12,0,10,0,321.54,563.99,NA,41700,91638,NA,17220,5,6
40061009791,40,061,009791,1878,21,1569,21,0,288,0,1324,8,1135,8,0,173,0,432.87,228.64,14205,39500,91547,NA,16350,6,2
40061009792,40,061,009792,4932,39,4225,39,6,658,4,3709,19,3236,19,4,428,3,1212.63,640.5,14205,70250,93224,NA,28650,6,2
40061009793,40,061,009793,3024,7,2447,7,92,477,1,2280,5,1917,5,62,290,1,745.43,393.73,14205,39950,93718,32700,16620,6,2
40061009794,40,061,009794,1106,7,936,7,0,160,3,823,4,707,4,0,107,1,269.07,142.12,14205,44950,91755,NA,19410,6,2
40063009846,40,063,009846,3069,60,2077,60,187,741,0,2318,38,1652,38,134,456,0,704.86,379.7,18170,80500,93822,NA,32430,4,3
40063009847,40,063,009847,2445,19,2010,19,21,394,1,1813,12,1509,12,12,268,0,551.3,296.98,18170,41250,91378,NA,14790,4,3
40063009848,40,063,009848,2641,13,1856,13,124,645,2,1963,8,1465,8,94,386,2,596.91,321.55,18170,35400,91378,NA,14790,4,3
40063009849,40,063,009849,2615,25,2319,25,49,214,8,2056,12,1855,12,27,144,6,625.19,336.78,18170,35400,91378,NA,14790,4,3
40063009850,40,063,009850,2253,19,2021,19,0,211,2,1752,10,1593,10,0,138,1,532.75,286.99,14205,11100,93029,NA,06270,4,3
40065009681,40,065,009681,2472,147,2261,147,7,49,7,1832,74,1648,74,6,26,4,312,281,40025,23550,90884,NA,10830,1,4
40065009682,40,065,009682,1768,160,1543,160,0,49,10,1328,98,1093,98,0,31,8,194.44,185.88,40025,6650,90065,19170,04650,1,4
40065009683,40,065,009683,2188,388,1742,388,9,45,3,1828,214,1362,214,5,30,3,594,397,40025,23350,93731,19170,10680,1,4
40065009684,40,065,009684,4387,174,3971,174,134,53,55,3382,95,3038,95,79,36,39,495.19,473.38,40025,1700,90065,19170,02850,1,4
40065009685,40,065,009685,6354,379,5009,379,703,55,196,4476,228,3408,228,448,37,127,655.37,626.5,40025,1700,90065,NA,02850,1,4
40065009686,40,065,009686,4930,989,3195,989,619,93,28,4035,558,2488,558,346,62,23,590.8,564.78,40025,1700,90065,NA,02850,1,4
40065009687,40,065,009687,2267,523,986,523,728,23,2,1893,298,814,298,465,17,1,277.17,264.96,40025,1700,90065,NA,02850,1,4
40065009688,40,065,009688,4398,565,3218,565,441,82,66,3340,292,2397,292,260,53,46,489.04,467.5,40025,1700,90065,NA,02850,1,4
40067009716,40,067,009716,2215,23,2005,23,0,182,5,1667,12,1525,12,0,113,5,484.27,264.59,13925,63350,92665,NA,25860,1,4
40067009717,40,067,009717,1929,176,1670,176,5,72,6,1557,96,1309,96,4,48,4,452.32,247.13,13925,64600,93042,29760,26610,1,4
40067009718,40,067,009718,2866,111,2631,111,35,84,5,2232,70,2007,70,25,57,3,648.41,354.27,40025,79250,93601,13260,31980,1,4
40069009902,40,069,009902,4968,71,3868,71,186,836,7,3659,40,2934,40,131,509,5,925.48,610.74,13925,73900,93354,25530,30060,4,3
40069009903,40,069,009903,2398,18,2013,18,1,364,2,1774,6,1537,6,0,224,1,448.7,296.11,13925,62000,93744,18870,20040,4,3
40069990198,40,069,990198,2666,31,2245,31,26,358,5,1984,18,1695,18,20,230,3,501.82,331.16,13925,78300,90897,11610,31590,4,3
40069990497,40,069,990497,0,0,0,0,0,0,0,0,0,0,0,0,0,0,0,0,13925,NA,90897,NA,30060,4,3
40069990498,40,069,990498,0,0,0,0,0,0,0,0,0,0,0,0,0,0,0,0,13925,NA,90897,NA,30060,4,3
40071000001,40,071,000001,6166,118,5523,118,136,355,34,4484,65,4040,65,73,220,21,898.78,1264.61,NA,59850,92561,NA,24690,3,5
40071000002,40,071,000002,8239,138,7523,138,99,405,73,6167,82,5644,82,64,250,45,1236.12,1739.26,38870,59850,92561,NA,24690,3,5
40071000003,40,071,000003,4571,37,4381,37,36,72,45,3486,26,3343,26,15,49,27,698.74,983.14,38870,59850,92561,16530,24690,3,5
40071000004,40,071,000004,3348,113,2631,113,382,214,7,2573,62,2025,62,265,154,5,515.74,725.65,38870,59850,92561,NA,24690,3,5
40071000005,40,071,000005,4179,103,3569,103,119,366,21,3064,63,2656,63,64,206,12,614.15,864.13,NA,59850,92561,NA,24690,3,5
40071000006,40,071,000006,3630,48,2839,48,17,719,7,2606,26,2118,26,11,422,3,522.35,734.96,38870,59850,92561,16530,24690,3,5
40071000007,40,071,000007,881,5,818,5,2,56,0,656,2,612,2,2,38,0,131.49,185.01,38870,38800,91521,16050,21540,3,5
40071000008,40,071,000008,3552,38,3090,38,30,385,9,2642,25,2341,25,24,223,4,529.57,745.11,38870,51300,91950,16530,21540,3,5
40071000009,40,071,000009,746,7,716,7,0,23,0,566,3,546,3,0,14,0,113.45,159.63,74155,8450,90325,23700,05310,3,5
40071000010,40,071,000010,8742,192,7981,192,6,530,28,6509,102,5979,102,1,308,17,1304.67,1835.71,74155,6600,90260,23700,04630,3,5
40071000011,40,071,000011,4002,52,3481,52,27,430,12,3038,35,2697,35,26,240,5,608.94,856.8,74155,74150,93367,30720,30120,3,5
40073009581,40,073,009581,4006,207,3594,207,136,63,4,2944,103,2602,103,101,32,3,565.94,1033.49,13905,33700,91326,NA,14340,5,6
40073009582,40,073,009582,2141,47,2019,47,29,45,1,1550,28,1448,28,16,29,1,297.97,544.12,13905,21350,91586,NA,16560,5,6
40073009583,40,073,009583,4954,106,4493,106,138,212,4,3641,59,3294,59,96,130,3,699.93,1278.17,13905,39850,91586,NA,16560,5,6
40073009584,40,073,009584,2111,47,2026,47,1,32,4,1499,20,1438,20,1,19,1,288.16,526.22,13905,12650,92379,NA,06810,5,6
40075009636,40,075,009636,2236,39,1745,39,15,437,0,1668,23,1342,23,9,271,0,445.41,350.51,40025,30350,91898,NA,20600,5,6
40075009637,40,075,009637,4844,340,3851,340,397,219,34,3740,201,2987,201,202,128,21,998.7,785.91,40025,35000,91365,NA,14700,5,6
40075009638,40,075,009638,1135,38,1029,38,48,19,0,841,20,766,20,23,12,0,224.57,176.73,40025,43850,91716,NA,18270,5,6
40075009639,40,075,009639,654,32,600,32,17,4,0,518,13,479,13,11,2,0,138.32,108.85,40025,63900,92691,NA,26400,5,6
40075009640,40,075,009640,2478,155,2140,155,132,49,1,1897,90,1603,90,87,27,0,561,287,40025,68400,92847,NA,27930,5,6
40077009871,40,077,009871,2167,8,1794,8,1,363,1,1569,5,1332,5,1,225,1,436.58,269.79,14205,62550,92652,11400,25590,4,3
40077009872,40,077,009872,5904,76,4974,76,127,716,11,4306,38,3686,38,104,436,4,1198.16,740.42,14205,81000,93848,NA,32790,4,3
40077009873,40,077,009873,2262,31,1720,31,22,482,6,1726,21,1370,21,5,305,4,480.26,296.79,14205,NA,93055,02580,05820,4,3
40079000404,40,079,000404,7600,94,6784,94,121,589,11,5648,56,5062,56,77,390,7,1243.78,882.85,14205,60350,92587,NA,24870,4,3
40079000405,40,079,000405,3878,21,3261,21,3,584,8,2889,15,2498,15,3,351,7,636.21,451.58,14205,81750,93874,11400,32970,4,3
40079000406,40,079,000406,6970,78,5640,78,158,1082,11,5241,44,4339,44,155,655,4,1154.16,819.23,14205,33400,91300,14730,14160,4,3
40079000407,40,079,000407,3416,29,2344,29,10,1033,0,2427,15,1786,15,5,606,0,534.47,379.37,14205,72250,93302,14730,32730,4,3
40079040102,40,079,040102,3940,55,3478,55,185,202,15,2764,28,2475,28,114,110,9,608.68,432.04,14205,59750,92548,NA,24630,4,3
40079040198,40,079,040198,2399,9,2249,9,3,121,17,1735,2,1644,2,2,77,8,382.08,271.2,14205,2650,90182,NA,03210,4,3
40079040298,40,079,040298,7358,61,6092,61,532,659,13,5344,34,4498,34,357,416,5,1176.84,835.33,14205,17850,93211,NA,28200,4,3
40079040301,40,079,040301,4909,40,4255,40,10,588,15,3544,24,3103,24,7,374,12,780.45,553.97,14205,56900,92470,11400,23370,4,3
40079040302,40,079,040302,2800,32,2571,32,3,192,2,1986,20,1835,20,3,106,2,437.35,310.43,14205,11300,90403,20190,06330,4,3
40079040896,40,079,040896,0,0,0,0,0,0,0,0,0,0,0,0,0,0,0,0,14205,NA,93211,NA,28200,4,3
40079040897,40,079,040897,0,0,0,0,0,0,0,0,0,0,0,0,0,0,0,0,14205,NA,93211,NA,28200,4,3
40079040898,40,079,040898,0,0,0,0,0,0,0,0,0,0,0,0,0,0,0,0,14205,NA,93211,NA,28200,4,3
40081009811,40,081,009811,4624,71,4109,71,143,284,17,3459,35,3091,35,94,190,14,660.93,817.86,64675,71000,92145,22160,29070,4,3
40081009812,40,081,009812,3361,42,3054,42,13,249,3,2424,24,2220,24,7,148,1,538,493,37210,12100,92288,NA,23800,4,3
40081009813,40,081,009813,3437,19,3183,19,111,118,6,2433,13,2257,13,78,69,3,464.89,575.27,37210,79900,93653,32640,32280,4,3
40081009814,40,081,009814,6180,88,5543,88,58,478,13,4404,50,3983,50,37,276,8,841.5,1041.3,64675,47450,91833,32640,19680,4,3
40081009815,40,081,009815,4506,17,4043,17,70,368,7,3316,6,3023,6,48,228,5,633.61,784.05,64675,60500,92600,28050,24930,4,3
40081009816,40,081,009816,2817,21,2555,21,97,142,2,1955,10,1776,10,65,92,2,373.55,462.25,64675,19350,90507,28050,09450,4,3
40081009817,40,081,009817,4291,49,3771,49,288,175,7,3169,27,2797,27,209,103,6,605.52,749.29,64675,13500,90507,NA,07290,4,3
40083006001,40,083,006001,5012,129,3516,129,1178,146,36,3715,61,2674,61,799,98,22,746.12,905.68,NA,31700,91222,NA,13560,3,5
40083006002,40,083,006002,2881,122,2048,122,623,73,14,2186,75,1519,75,459,47,11,439.04,532.93,NA,31700,91222,NA,13560,3,5
40083006003,40,083,006003,1694,45,1428,45,185,35,1,1296,22,1092,22,134,25,1,260.29,315.95,NA,31700,91222,NA,13560,3,5
40083006004,40,083,006004,4811,63,4486,63,69,179,10,3331,30,3098,30,51,114,8,669,812.07,NA,31700,91222,NA,13560,3,5
40083006005,40,083,006005,3948,82,3608,82,109,141,8,2848,53,2567,53,69,98,8,571.99,694.32,NA,31700,91222,NA,13560,3,5
40083006006,40,083,006006,3115,30,1383,30,1648,45,8,2555,19,1035,19,1440,36,6,513.15,622.89,37210,41550,90910,17130,08940,3,5
40083006007,40,083,006007,4054,45,3715,45,116,173,4,3041,25,2808,25,90,91,2,610.76,741.37,NA,18250,90689,NA,09000,3,5
40083006008,40,083,006008,3496,40,3260,40,46,129,15,2448,24,2273,24,32,85,10,491.66,596.8,NA,31700,91222,NA,13560,3,5
40085009941,40,085,009941,2616,218,2031,218,185,176,5,2075,121,1602,121,116,111,4,524.27,354.67,13925,46500,90923,13380,18990,4,3
40085009942,40,085,009942,3882,59,3410,59,161,251,1,2923,36,2536,36,151,163,1,738.52,499.61,13925,73200,90923,13380,18990,4,3
40085009943,40,085,009943,1659,58,1470,58,14,111,6,1303,34,1146,34,14,72,3,329.21,222.72,13925,42450,93757,17490,30300,4,3
40087004001,40,087,004001,9093,184,8353,184,10,533,12,6521,92,5991,92,10,330,6,1333.85,1426.6,13925,6700,90273,NA,04680,1,4
40087400298,40,087,400298,7732,192,7017,192,30,477,13,5675,112,5115,112,20,307,9,1160.8,1241.52,13925,29850,92626,05250,32010,1,4
40087400398,40,087,400398,4837,171,4132,171,176,348,9,3729,96,3174,96,125,233,5,762.76,815.8,13925,61150,92626,NA,25230,1,4
40087400498,40,087,400498,1133,31,986,31,13,102,1,878,16,761,16,12,72,1,179.59,192.08,13925,10550,90929,06030,32010,1,4
40089009982,40,089,009982,2706,18,1929,18,0,759,0,1887,12,1416,12,0,447,0,379.68,267.7,14205,68250,92203,31830,03660,4,3
40089009983,40,089,009983,1976,19,1364,19,79,514,0,1398,15,1015,15,45,308,0,281.29,198.33,14205,82200,93900,NA,33210,4,3
40089009984,40,089,009984,4119,27,3516,27,174,393,8,2978,12,2587,12,126,234,7,599.2,422.48,14205,76650,93419,11850,30870,4,3
40089009985,40,089,009985,5898,62,4837,62,174,804,21,4185,35,3504,35,119,482,10,842.06,593.71,14205,36750,90364,14890,05520,4,3
40089009986,40,089,009986,5775,129,4075,129,410,1149,11,4125,75,3073,75,237,656,9,829.99,585.2,14205,9100,90364,18570,05520,4,3
40089009987,40,089,009987,4691,112,2453,112,1595,527,3,3189,65,1795,65,966,297,1,641.66,452.41,14205,36750,91469,11850,15370,4,3
40089009988,40,089,009988,5289,51,4276,51,437,492,31,3890,33,3223,33,282,304,15,782.71,551.86,14205,36750,91469,09720,15370,4,3
40089009989,40,089,009989,2979,41,2209,41,559,160,10,2159,26,1645,26,360,94,8,434.41,306.29,14205,33150,92956,30090,14080,4,3
40091009796,40,091,009796,3224,32,2589,32,122,473,7,2499,18,2080,18,96,282,5,702.7,423.81,18170,62950,90520,NA,07350,6,2
40091009797,40,091,009797,3500,46,2692,46,256,498,5,2677,21,2140,21,166,324,5,752.75,454,18170,13650,90520,NA,07350,6,2
40091009798,40,091,009798,1674,6,1278,6,102,284,4,1300,2,1029,2,81,183,3,365.55,220.47,18170,34900,91352,NA,07350,6,2
40091009799,40,091,009799,1159,9,631,9,54,459,0,820,6,475,6,36,297,0,252.24,152.22,18170,32350,91248,26580,13680,6,2
40091009801,40,091,009801,1955,12,1378,12,33,530,2,1505,9,1132,9,25,328,2,462.95,279.37,18170,70200,91079,28620,11160,6,2
40091009802,40,091,009802,2879,25,2026,25,306,516,6,2184,13,1667,13,205,282,4,671.81,405.41,18170,24650,91079,NA,11160,6,2
40091009803,40,091,009803,2388,20,2080,20,7,278,2,1956,13,1741,13,4,183,2,550.01,331.72,18170,NA,90520,NA,11160,6,2
40093009551,40,093,009551,3049,80,2907,80,1,58,2,2242,48,2110,48,1,33,2,405.17,777.58,NA,15300,90936,NA,25920,5,6
40093009552,40,093,009552,1853,30,1801,30,0,22,0,1398,15,1359,15,0,9,0,252.64,484.86,NA,NA,91105,25140,11280,5,6
40093009553,40,093,009553,3153,22,3073,22,2,48,8,2314,10,2264,10,1,23,6,418.18,802.55,NA,25100,91105,25140,11280,5,6
40095009947,40,095,009947,3849,209,3090,209,175,369,4,2985,120,2394,120,119,230,2,858.41,563.41,13925,45750,92210,NA,18700,4,3
40095009948,40,095,009948,4531,38,4073,38,1,409,8,3629,29,3304,29,1,260,6,1043.6,684.96,13925,39900,93081,NA,16590,4,3
40095994698,40,095,994698,2449,28,2132,28,8,280,1,1916,13,1686,13,4,199,1,550.99,361.64,13925,53400,92210,NA,18700,4,3
40095994997,40,095,994997,0,0,0,0,0,0,0,0,0,0,0,0,0,0,0,0,13925,NA,92210,NA,18700,4,3
40095994998,40,095,994998,0,0,0,0,0,0,0,0,0,0,0,0,0,0,0,0,13925,NA,92210,NA,18700,4,3
40097000401,40,097,000401,4211,53,3494,53,8,645,11,3167,32,2701,32,2,393,7,736.04,677.21,13757,61000,92613,NA,25200,6,2
40097000402,40,097,000402,4208,50,3702,50,2,440,14,3120,27,2783,27,1,274,8,725.12,667.16,13757,61000,92613,NA,25200,6,2
40097000403,40,097,000403,2555,17,2218,17,1,314,5,1839,11,1614,11,1,199,3,427.4,393.24,13757,61000,92613,23190,25200,6,2
40097000404,40,097,000404,4458,52,3876,52,29,483,18,3167,28,2783,28,23,291,14,736.04,677.21,13757,14300,92613,NA,07670,6,2
40097000405,40,097,000405,6435,65,4668,65,5,1694,3,4696,41,3588,41,3,1021,2,1091.4,1004.17,13757,43500,91703,NA,18000,6,2
40097000406,40,097,000406,3432,19,2252,19,4,1154,0,2479,12,1743,12,4,708,0,555.24,473.91,13757,64950,90949,28110,26730,6,2
40097000407,40,097,000407,3129,17,2483,17,16,610,3,2459,12,2022,12,16,394,3,550.76,470.09,13757,41500,90949,28110,16380,6,2
40097000408,40,097,000408,4938,35,4259,35,3,626,15,3547,25,3108,25,2,380,7,911,788,13757,250,90026,23190,02460,6,2
40099009906,40,099,009906,1560,31,1333,31,0,194,1,1110,18,965,18,0,108,1,307.15,219.55,13925,34150,90962,09990,29160,4,3
40099009907,40,099,009907,4829,60,4189,60,144,433,3,3652,31,3238,31,88,262,2,1010.55,722.34,13925,19450,93770,09990,09510,4,3
40099009908,40,099,009908,5653,78,4815,78,59,684,12,4298,41,3752,41,40,416,8,1189.3,850.11,13925,71350,90962,09990,29160,4,3
40101000001,40,101,000001,5349,55,3730,55,1061,475,24,4186,35,3087,35,686,327,16,913.64,728.02,18170,50050,91924,NA,20970,6,2
40101000002,40,101,000002,2032,29,670,29,1170,128,35,1410,19,487,19,787,79,19,307.75,245.22,18170,50050,91924,NA,20970,6,2
40101000003,40,101,000003,3933,68,1774,68,1800,267,19,2795,38,1359,38,1178,170,12,610.04,486.1,18170,50050,91924,NA,20970,6,2
40101000004,40,101,000004,1367,2,210,2,1130,25,0,910,1,172,1,715,21,0,198.62,158.27,18170,50050,91924,NA,20970,6,2
40101000005,40,101,000005,600,57,321,57,135,86,0,561,51,292,51,106,61,0,122.44,97.57,18170,50050,91924,NA,20970,6,2
40101000006,40,101,000006,1881,29,911,29,712,227,2,1424,16,711,16,534,146,1,310.8,247.66,18170,50050,91924,NA,20970,6,2
40101000007,40,101,000007,5682,122,4433,122,292,816,19,4263,58,3456,58,176,501,14,930.44,741.41,18170,50050,91924,NA,20970,6,2
40101000008,40,101,000008,6922,74,5822,74,240,750,36,5279,46,4490,46,160,512,25,1152.19,918.11,18170,50050,91924,NA,20970,6,2
40101000009,40,101,000009,5163,60,4157,60,117,814,13,3942,37,3245,37,65,551,7,860.38,685.58,18170,50050,91924,NA,20970,6,2
40101000010,40,101,000010,3924,64,3109,64,315,401,32,2674,29,2190,29,149,257,20,583.63,465.06,18170,50050,91924,NA,14520,6,2
40101000011,40,101,000011,3346,19,2488,19,325,506,7,2299,11,1784,11,209,278,6,501.78,399.84,18170,50050,91937,10230,22830,6,2
40101000012,40,101,000012,4579,42,2878,42,1152,473,31,3679,38,2307,38,950,327,19,802.98,639.84,18170,50050,91924,31380,20970,6,2
40101000013,40,101,000013,5468,27,4466,27,83,872,20,3875,20,3276,20,50,496,13,845.76,673.93,13757,50050,91924,10230,20970,6,2
40101000014,40,101,000014,6704,120,5194,120,142,1236,12,4567,65,3627,65,87,720,3,996.79,794.28,13757,27200,91924,NA,11970,6,2
40101000015,40,101,000015,6599,48,4988,48,95,1467,1,4794,29,3763,29,76,897,0,1046.34,833.76,13757,78400,92574,NA,24840,6,2
40101000016,40,101,000016,4526,57,3349,57,726,393,1,3311,32,2505,32,487,254,1,277,101,18170,32900,91261,31380,13950,6,2
40101001793,40,101,001793,3,0,3,0,0,0,0,2,0,2,0,0,0,0,0.44,0.35,18170,NA,91924,NA,24810,6,2
40101001794,40,101,001794,0,0,0,0,0,0,0,0,0,0,0,0,0,0,0,0,18170,NA,91924,NA,24810,6,2
40101001795,40,101,001795,0,0,0,0,0,0,0,0,0,0,0,0,0,0,172.33,120.67,18170,NA,91261,NA,24810,6,2
40101001796,40,101,001796,0,0,0,0,0,0,0,0,0,0,0,0,0,0,0,0,18170,NA,91261,NA,24810,6,2
40101001797,40,101,001797,0,0,0,0,0,0,0,0,0,0,0,0,0,0,172.33,120.67,18170,NA,91261,NA,13950,6,2
40101001798,40,101,001798,0,0,0,0,0,0,0,0,0,0,0,0,0,0,172.33,120.67,18170,NA,91261,NA,13950,6,2
40103009566,40,103,009566,2839,38,2127,38,0,665,9,1956,21,1509,21,0,400,5,412.66,589.28,56410,62650,90975,29250,00020,3,5
40103009567,40,103,009567,855,9,820,9,2,24,0,655,3,633,3,2,14,0,138.19,197.33,NA,6100,90234,NA,04360,3,5
40103009568,40,103,009568,1762,11,1714,11,0,33,4,1300,6,1267,6,0,19,2,274.26,391.65,56410,58250,92522,29250,23850,3,5
40103009569,40,103,009569,3678,42,3413,42,106,110,6,2777,24,2578,24,78,68,5,585.87,836.62,56410,58250,92522,NA,23850,3,5
40103009570,40,103,009570,1911,26,1709,26,91,80,5,1441,16,1306,16,49,52,2,304.01,434.13,56410,58250,92522,NA,23850,3,5
40105009721,40,105,009721,2102,14,1783,14,24,277,4,1513,8,1302,8,17,178,0,390.53,343.02,13757,68600,92912,26640,00021,6,2
40105009722,40,105,009722,1558,7,1243,7,62,244,2,1152,5,946,5,44,150,2,297.35,261.18,13757,19850,91664,26640,00021,6,2
40105009723,40,105,009723,1065,5,928,5,0,132,0,817,3,724,3,0,87,0,210.88,185.23,13757,NA,92353,NA,21930,6,2
40105009724,40,105,009724,4622,39,3473,39,267,842,0,3554,26,2793,26,179,530,0,917.34,805.75,13757,52900,92353,NA,21930,6,2
40105009725,40,105,009725,645,8,507,8,6,124,0,480,2,396,2,6,74,0,123.9,108.82,13757,51050,90052,NA,02820,6,2
40107009806,40,107,009806,2814,36,1970,36,162,644,1,2063,26,1519,26,114,378,0,494.98,385.49,18170,4700,92405,03690,19260,6,2
40107009807,40,107,009807,1510,15,1272,15,27,193,3,1098,6,939,6,22,122,3,238.44,135.09,18170,56800,92457,NA,23340,6,2
40107009808,40,107,009808,1435,26,457,26,870,80,1,1186,19,401,19,678,68,1,257.56,145.91,18170,7500,90299,NA,05000,6,2
40107009809,40,107,009809,3432,38,2612,38,61,709,11,2550,27,2056,27,38,395,7,611.82,476.49,18170,54200,92405,03690,06850,6,2
40107009810,40,107,009810,2360,25,1449,25,205,680,1,1718,13,1120,13,165,406,1,412.2,321.02,18170,79800,93640,03690,32220,6,2
40109001001,40,109,001001,3099,93,2313,93,475,127,90,2511,62,1947,62,282,88,70,384.53,559.5,NA,55000,92418,NA,22770,3,5
40109001002,40,109,001002,5507,256,4417,256,447,193,191,4543,170,3654,170,258,160,131,695.7,1012.27,NA,55000,92418,NA,22770,3,5
40109001003,40,109,001003,2560,61,2275,61,140,50,33,2062,35,1842,35,94,37,19,315.77,459.45,NA,55000,92418,NA,22770,3,5
40109001004,40,109,001004,3266,35,230,35,2943,49,8,2237,19,181,19,1981,30,7,342.57,498.45,NA,55000,92418,NA,22770,5,6
40109001005,40,109,001005,2038,11,86,11,1922,14,5,1462,8,77,8,1351,14,4,223.89,325.76,NA,55000,92418,NA,22770,5,6
40109001006,40,109,001006,679,10,581,10,66,11,11,570,8,492,8,44,8,10,87.29,127.01,NA,55000,92418,NA,22770,5,6
40109001007,40,109,001007,1562,90,785,90,489,73,125,1109,60,640,60,238,38,73,169.83,247.11,NA,55000,92418,NA,22770,3,6
40109001008,40,109,001008,2579,115,1551,115,546,85,280,1965,75,1234,75,295,57,229,300.91,437.84,NA,55000,92418,NA,22770,3,6
40109001009,40,109,001009,1449,45,1292,45,38,56,16,1153,29,1024,29,22,38,11,176.57,256.91,NA,55000,92418,NA,22770,3,5
40109001010,40,109,001010,2630,170,1236,170,541,108,573,2113,114,1063,114,330,76,416,323.58,470.82,NA,55000,92418,NA,22770,3,6
40109001011,40,109,001011,758,31,283,31,338,44,62,562,19,245,19,202,32,45,86.06,125.22,NA,55000,92418,NA,22770,3,6
40109001012,40,109,001012,1121,45,536,45,384,45,110,873,32,464,32,248,32,65,133.69,194.52,NA,55000,92418,NA,22770,5,6
40109001013,40,109,001013,3770,58,87,58,3594,28,2,2884,37,71,37,2713,25,1,441.64,642.61,NA,55000,92418,NA,22770,5,6
40109001014,40,109,001014,1632,29,71,29,1501,27,4,1137,18,47,18,1038,14,2,174.12,253.35,NA,55000,92418,NA,22770,5,6
40109001015,40,109,001015,2234,31,616,31,1509,39,38,1723,23,543,23,1070,34,30,263.85,383.92,NA,55000,92418,NA,22770,5,6
40109001016,40,109,001016,481,10,297,10,147,20,7,439,7,286,7,116,16,7,67.23,97.82,NA,55000,92418,NA,22770,5,6
40109001017,40,109,001017,1203,30,1067,30,58,38,10,936,21,815,21,39,30,10,143.34,208.56,NA,55000,92418,NA,22770,3,6
40109001018,40,109,001018,1351,44,1009,44,195,40,63,1104,30,831,30,134,30,49,169.06,245.99,NA,55000,92418,NA,22770,3,5
40109001019,40,109,001019,2591,177,1792,177,317,96,204,2065,119,1414,119,174,72,167,316.23,460.12,NA,55000,92418,NA,22770,3,5
40109001020,40,109,001020,2560,168,1959,168,204,109,120,2200,117,1678,117,114,84,90,336.9,490.2,NA,55000,92418,NA,22770,3,5
40109001021,40,109,001021,1931,106,1613,106,99,89,24,1570,61,1311,61,54,68,15,240.42,349.83,NA,55000,92418,NA,22770,3,5
40109001022,40,109,001022,2293,124,1810,124,174,132,51,1809,75,1444,75,94,88,33,277.02,403.08,NA,55000,92418,NA,22770,3,5
40109001023,40,109,001023,2666,282,1792,282,321,189,81,2149,161,1458,161,192,118,59,329.09,478.84,NA,55000,92418,NA,22770,3,5
40109001024,40,109,001024,3148,580,1556,580,603,283,123,2379,321,1170,321,319,179,69,364.31,530.09,NA,55000,92418,NA,22770,3,5
40109001025,40,109,001025,647,47,449,47,96,48,7,642,40,431,40,85,43,3,98.31,143.05,NA,55000,92418,NA,22770,3,6
40109001026,40,109,001026,420,1,31,1,376,11,0,236,1,26,1,199,9,0,36.14,52.59,NA,55000,92418,NA,22770,5,6
40109001027,40,109,001027,142,7,81,7,45,5,4,65,2,36,2,24,1,0,9.95,14.48,NA,55000,92418,NA,22770,5,6
40109001028,40,109,001028,3306,16,127,16,3121,41,1,2431,8,119,8,2263,32,1,372.27,541.67,NA,55000,92418,NA,22770,5,6
40109001029,40,109,001029,698,13,174,13,503,3,5,456,7,118,7,319,1,4,69.83,101.61,NA,55000,92418,NA,22770,5,6
40109001030,40,109,001030,983,5,16,5,956,5,1,588,1,10,1,570,5,1,90.04,131.02,NA,55000,92418,NA,22770,5,6
40109001032,40,109,001032,1613,101,953,101,385,135,38,1501,81,863,81,344,105,27,229.86,334.45,NA,55000,92418,NA,22770,5,6
40109001033,40,109,001033,1662,344,812,344,298,181,27,1388,193,669,193,192,124,17,212.55,309.27,NA,55000,92418,NA,22770,3,6
40109001034,40,109,001034,456,97,265,97,28,61,3,355,56,191,56,18,33,1,54.36,79.1,NA,55000,92418,NA,22770,3,6
40109001035,40,109,001035,410,73,225,73,38,62,11,366,45,188,45,36,47,5,56.05,81.55,NA,55000,92418,NA,22770,3,6
40109001037,40,109,001037,452,177,186,177,36,48,0,444,113,153,113,33,32,0,67.99,98.93,NA,55000,92418,NA,22770,5,6
40109001038,40,109,001038,443,23,60,23,346,13,1,346,12,39,12,269,13,1,52.99,77.1,NA,55000,92418,NA,22770,5,6
40109001039,40,109,001039,4055,1018,2266,1018,468,279,10,3104,536,1629,536,213,184,6,475.33,691.63,NA,55000,92418,NA,22770,5,6
40109001040,40,109,001040,489,253,121,253,82,32,0,474,158,86,158,54,18,0,72.59,105.62,NA,55000,92418,NA,22770,3,6
40109001041,40,109,001041,2594,327,1666,327,390,199,9,1995,172,1282,172,230,133,6,305.51,444.52,NA,55000,92418,NA,22770,3,5
40109001042,40,109,001042,1647,332,1145,332,55,98,16,1429,207,913,207,26,66,10,218.83,318.41,NA,55000,92418,NA,22770,3,5
40109001043,40,109,001043,2700,689,1744,689,54,194,16,2252,373,1341,373,28,124,13,344.86,501.79,NA,55000,92418,NA,22770,3,5
40109001044,40,109,001044,2745,548,1867,548,76,222,30,2266,307,1451,307,33,148,20,347.01,504.91,NA,55000,92418,NA,22770,3,5
40109001045,40,109,001045,2588,400,1933,400,64,171,19,2115,237,1491,237,26,111,13,323.88,471.26,NA,55000,92418,NA,22770,3,5
40109001046,40,109,001046,914,242,519,242,49,103,1,801,145,422,145,24,64,1,122.66,178.48,NA,55000,92418,NA,22770,5,6
40109001047,40,109,001047,1183,224,767,224,61,123,7,1051,140,637,140,42,89,3,160.95,234.18,NA,55000,92418,NA,22770,5,6
40109001048,40,109,001048,2656,430,2007,430,48,166,5,2180,231,1571,231,21,125,1,333.84,485.75,NA,55000,92418,NA,22770,5,6
40109001049,40,109,001049,2991,414,2266,414,57,229,24,2458,244,1764,244,34,153,19,376.41,547.69,NA,55000,92418,NA,22770,5,6
40109001050,40,109,001050,1742,406,1172,406,25,132,3,1557,230,996,230,11,87,3,238.43,346.93,NA,55000,92418,NA,22770,5,6
40109001051,40,109,001051,1596,43,900,43,555,64,33,1245,17,772,17,362,51,26,190.65,277.41,NA,55000,92418,NA,22770,5,6
40109001053,40,109,001053,2853,273,2066,273,243,248,21,2183,136,1589,136,139,169,14,334.3,486.41,NA,55000,92418,NA,09060,5,6
40109001054,40,109,001054,1810,136,1513,136,47,100,14,1398,82,1142,82,19,65,8,214.08,311.5,NA,55000,92418,NA,22770,5,6
40109001055,40,109,001055,2651,313,1950,313,169,178,37,1984,163,1424,163,82,125,27,303.82,442.07,NA,55000,92418,NA,22770,3,5
40109001056,40,109,001056,4661,798,2504,798,1003,321,29,3139,340,1841,340,432,171,15,480.69,699.43,NA,55000,92418,NA,22770,3,5
40109001057,40,109,001057,1069,356,475,356,139,94,5,963,206,374,206,111,63,3,147.47,214.57,NA,55000,92418,NA,22770,3,5
40109001058,40,109,001058,1052,172,741,172,5,129,4,814,97,544,97,1,73,2,124.65,181.37,NA,55000,92418,NA,22770,3,5
40109001060,40,109,001060,2179,34,740,34,1367,30,8,1679,18,629,18,987,19,8,257.12,374.11,NA,55000,92418,09150,20080,5,6
40109001061,40,109,001061,3918,79,656,79,3115,60,5,3032,67,589,67,2252,52,5,464.31,675.59,NA,55000,92418,09150,20080,5,6
40109001062,40,109,001062,1774,10,279,10,1455,28,2,1373,7,243,7,1090,24,2,210.26,305.93,NA,55000,92418,NA,22770,3,6
40109001079,40,109,001079,2285,11,20,11,2233,21,0,1648,8,18,8,1604,10,0,252.37,367.21,NA,55000,92418,09150,22770,5,6
40109001089,40,109,001089,3434,67,2447,67,799,115,6,2434,38,1720,38,566,71,1,372.73,542.34,50,38350,92418,NA,15840,3,5
40109001090,40,109,001090,7708,156,6887,156,80,561,23,5459,89,4887,89,53,330,11,835.97,1216.37,50,32750,92418,NA,13890,3,5
40109103101,40,109,103101,255,8,148,8,79,19,1,253,7,140,7,79,19,1,38.74,56.37,NA,55000,92418,NA,22770,5,6
40109103102,40,109,103102,0,0,0,0,0,0,0,0,0,0,0,0,0,0,0,0,NA,55000,92418,NA,22770,5,6
40109103601,40,109,103601,630,27,270,27,305,25,3,626,27,264,27,284,21,3,95.86,139.48,NA,55000,92418,NA,22770,5,6
40109103602,40,109,103602,229,20,110,20,46,52,1,224,10,107,10,46,50,1,34.3,49.91,NA,55000,92418,NA,22770,3,6
40109105201,40,109,105201,1747,7,33,7,1677,30,0,1284,6,31,6,1222,19,0,196.63,286.1,NA,55000,92418,NA,22770,5,6
40109105202,40,109,105202,1427,8,17,8,1398,2,2,1027,3,17,3,1000,2,2,157.27,228.84,NA,55000,92418,NA,22770,5,6
40109105903,40,109,105903,3129,148,2411,148,357,121,91,2511,100,1941,100,229,78,63,384.53,559.5,NA,55000,92418,NA,25290,3,5
40109105904,40,109,105904,3552,180,2734,180,326,189,121,2841,111,2221,111,184,132,82,435.06,633.03,NA,55000,92418,NA,22770,3,5
40109105995,40,109,105995,46,0,44,0,2,0,0,40,0,39,0,1,0,0,6.13,8.91,NA,55000,92418,NA,22770,3,5
40109105996,40,109,105996,2105,93,1830,93,87,62,33,1707,59,1477,59,47,44,21,261.4,380.35,NA,55000,92418,NA,22770,3,5
40109105997,40,109,105997,2598,78,2249,78,142,76,52,2148,48,1888,48,76,54,34,328.94,478.62,NA,55000,92418,NA,22770,3,5
40109105998,40,109,105998,3778,225,2937,225,328,178,107,3081,134,2416,134,191,123,83,471.81,686.51,NA,55000,92418,NA,22770,3,5
40109106301,40,109,106301,3606,68,852,68,2619,48,13,2267,44,655,44,1476,40,8,347.16,505.13,NA,55000,92418,NA,22770,3,6
40109106302,40,109,106302,3647,137,1557,137,1763,83,100,2544,78,1230,78,1031,55,72,389.58,566.85,NA,55000,92418,NA,22770,3,6
40109106303,40,109,106303,3023,145,2166,145,570,106,35,2314,85,1751,85,307,67,19,354.36,515.6,NA,55000,92418,NA,22770,3,5
40109106401,40,109,106401,2334,14,2241,14,12,36,31,1845,10,1762,10,10,33,20,282.54,411.1,NA,51800,92418,NA,22770,3,5
40109106402,40,109,106402,2109,34,1983,34,18,58,15,1752,22,1645,22,9,42,12,268.29,390.38,NA,55000,92418,NA,22770,3,5
40109106403,40,109,106403,5143,107,4494,107,334,156,51,4053,74,3581,74,179,108,37,620.66,903.09,NA,73250,92418,NA,22770,3,5
40109106501,40,109,106501,2890,104,2599,104,113,50,24,2636,76,2323,76,91,49,21,403.67,587.35,NA,55000,92418,NA,22770,3,5
40109106502,40,109,106502,3288,82,2779,82,226,97,104,2842,59,2411,59,153,80,80,435.21,633.25,NA,55000,92418,NA,22770,3,5
40109106503,40,109,106503,1632,53,1408,53,83,28,60,1459,39,1266,39,49,25,41,223.43,325.09,NA,55000,92418,NA,22770,3,5
40109106601,40,109,106601,2770,107,2371,107,110,88,93,2362,64,2015,64,77,72,70,361.71,526.3,NA,55000,92418,NA,22770,3,5
40109106602,40,109,106602,2393,55,2105,55,51,75,104,2089,43,1827,43,41,53,82,319.9,465.47,NA,55000,92418,NA,25290,3,5
40109106604,40,109,106604,2470,33,2156,33,131,79,71,2317,31,2016,31,111,70,58,354.82,516.27,NA,55000,92418,NA,22770,3,5
40109106606,40,109,106606,2069,41,1936,41,25,52,15,1631,23,1523,23,14,36,12,249.77,363.42,NA,55000,92418,NA,25290,3,5
40109106607,40,109,106607,3411,83,2971,83,170,95,89,2815,53,2458,53,110,72,69,431.08,627.24,NA,55000,92418,NA,25290,3,5
40109106608,40,109,106608,3341,42,3058,42,112,82,42,2836,31,2593,31,85,60,36,434.29,631.92,NA,55000,92418,NA,25290,3,5
40109106609,40,109,106609,1356,29,1224,29,44,47,12,1150,20,1050,20,25,29,6,176.11,256.24,NA,55000,92418,NA,22770,3,5
40109106610,40,109,106610,1161,31,997,31,70,29,32,994,22,857,22,51,20,22,152.22,221.48,NA,55000,92418,NA,25290,3,5
40109106702,40,109,106702,3710,151,3356,151,46,113,44,2795,80,2502,80,28,72,33,428.02,622.78,NA,78500,92418,NA,25290,3,5
40109106703,40,109,106703,6207,348,4707,348,755,200,195,4721,188,3604,188,447,144,150,722.96,1051.93,NA,55000,92418,NA,25290,3,5
40109106704,40,109,106704,2289,35,2142,35,21,63,27,1863,24,1738,24,15,41,21,285.29,415.11,NA,5700,92418,NA,25290,3,5
40109106705,40,109,106705,2284,44,2087,44,71,62,17,1762,24,1607,24,46,46,15,269.83,392.61,NA,78500,92418,NA,25290,3,5
40109106706,40,109,106706,3777,108,3391,108,139,82,57,3065,66,2725,66,95,67,46,469.36,682.94,NA,55000,92418,NA,25290,3,5
40109106801,40,109,106801,1459,57,1319,57,8,55,18,1166,41,1025,41,7,34,18,178.56,259.81,NA,5700,92418,NA,04110,3,5
40109106802,40,109,106802,2353,63,2159,63,58,63,9,1923,48,1739,48,39,41,8,294.48,428.48,NA,5700,92418,NA,04110,3,5
40109106803,40,109,106803,3113,78,2703,78,126,150,55,2354,50,2052,50,74,91,37,360.48,524.52,NA,5700,92418,NA,25290,3,5
40109106804,40,109,106804,3527,93,3127,93,83,162,62,2777,60,2446,60,52,113,46,425.26,618.77,NA,78500,92418,NA,25290,3,5
40109106902,40,109,106902,2434,53,2202,53,44,99,35,1845,28,1669,28,27,69,24,282.54,411.1,NA,5700,92418,NA,25290,3,5
40109106903,40,109,106903,6362,116,5868,116,137,144,93,4895,72,4502,72,86,98,65,749.6,1090.7,NA,5700,92418,NA,25290,3,5
40109106906,40,109,106906,2692,36,2383,36,129,109,35,2241,26,2020,26,79,63,27,343.18,499.34,NA,55000,92418,NA,25290,3,5
40109106907,40,109,106907,2090,99,1765,99,129,59,35,1711,68,1416,68,84,47,28,262.02,381.24,NA,55000,92418,NA,25290,3,5
40109106909,40,109,106909,1601,32,1349,32,83,39,97,1267,24,1067,24,51,27,74,194.02,282.31,NA,55000,92418,NA,25290,3,5
40109106910,40,109,106910,2614,75,2311,75,79,74,74,2070,42,1839,42,51,48,48,316.99,461.24,NA,5700,92418,NA,25290,3,5
40109106911,40,109,106911,1632,10,1481,10,38,39,64,1256,8,1153,8,19,31,37,192.34,279.86,NA,55000,92418,NA,25290,3,5
40109106912,40,109,106912,3022,108,2116,108,441,117,238,2160,65,1578,65,230,69,153,330.77,481.29,NA,55000,92418,NA,32370,3,5
40109106913,40,109,106913,4217,196,2674,196,927,246,173,2850,100,1940,100,465,135,110,436.44,635.03,NA,55000,92418,NA,25290,3,5
40109106914,40,109,106914,3679,127,2724,127,548,213,65,2730,83,2091,83,299,132,42,418.06,608.3,NA,5700,92418,NA,25290,3,5
40109106915,40,109,106915,4619,205,3266,205,775,273,92,3548,126,2595,126,450,185,66,543.33,790.56,NA,55000,92418,NA,25290,3,5
40109106998,40,109,106998,0,0,0,0,0,0,0,0,0,0,0,0,0,0,0,0,NA,55000,92418,NA,25290,3,5
40109107001,40,109,107001,5369,482,4247,482,226,378,34,4099,262,3196,262,103,253,23,627.71,913.34,NA,55000,92418,NA,22770,3,5
40109107002,40,109,107002,1711,254,1259,254,67,118,11,1345,123,981,123,31,78,9,205.97,299.69,NA,55000,92418,NA,22770,3,5
40109107101,40,109,107101,49,0,47,0,0,2,0,39,0,38,0,0,1,0,5.97,8.69,NA,55000,92418,NA,32370,5,6
40109107103,40,109,107103,1648,130,1326,130,64,103,24,1257,64,1020,64,27,67,15,192.49,280.08,NA,55000,92418,NA,22770,5,6
40109107104,40,109,107104,2431,156,1919,156,146,193,13,1763,87,1402,87,63,115,9,269.98,392.83,NA,55000,92418,NA,22770,5,6
40109107206,40,109,107206,3829,177,3133,177,160,189,169,2974,117,2397,117,102,126,115,455.43,662.66,NA,55000,92418,NA,22770,5,6
40109107207,40,109,107207,2000,88,1651,88,118,94,49,1625,56,1333,56,78,69,33,248.85,362.08,NA,55000,92418,NA,22770,5,6
40109107209,40,109,107209,4579,300,3816,300,160,273,27,3880,196,3166,196,111,190,21,594.17,864.54,NA,55000,92418,NA,22770,5,6
40109107210,40,109,107210,1139,51,1020,51,3,44,21,869,28,768,28,1,32,12,133.08,193.63,NA,55000,92418,NA,20250,5,6
40109107211,40,109,107211,2199,65,1962,65,42,91,39,1792,42,1587,42,26,65,30,274.42,399.29,NA,55000,92418,NA,22770,5,6
40109107212,40,109,107212,5496,221,4541,221,247,286,198,4118,140,3371,140,148,189,130,630.62,917.57,NA,55000,92418,NA,32370,5,6
40109107213,40,109,107213,4629,236,3717,236,277,298,88,3442,154,2726,154,154,188,66,527.09,766.94,NA,55000,92418,NA,32370,5,6
40109107214,40,109,107214,2566,86,2305,86,32,110,33,2102,56,1884,56,14,74,18,321.89,468.37,NA,55000,92418,NA,22770,5,6
40109107215,40,109,107215,3580,185,3074,185,106,181,31,2881,113,2453,113,58,125,19,441.19,641.94,NA,55000,92418,NA,22770,5,6
40109107216,40,109,107216,2734,180,2225,180,87,224,16,2207,117,1766,117,37,158,12,337.97,491.76,NA,55000,92418,NA,22770,5,6
40109107217,40,109,107217,1663,101,1403,101,27,119,12,1315,47,1121,47,13,81,6,201.37,293.01,NA,55000,92418,NA,22770,5,6
40109107218,40,109,107218,2251,174,1911,174,43,108,14,1949,108,1611,108,29,82,11,298.46,434.27,NA,55000,92418,NA,22770,5,5
40109107219,40,109,107219,2415,116,2067,116,34,144,53,1931,66,1648,66,20,92,39,295.71,430.26,NA,55000,92418,NA,22770,5,6
40109107220,40,109,107220,2847,131,2423,131,80,179,29,2264,89,1901,89,46,116,23,346.7,504.46,NA,55000,92418,NA,22770,5,6
40109107221,40,109,107221,1866,61,1696,61,24,72,12,1615,57,1430,57,17,47,7,247.32,359.85,NA,55000,92418,NA,22770,5,6
40109107222,40,109,107222,1842,119,1438,119,141,125,18,1475,80,1136,80,82,85,12,225.88,328.66,NA,55000,92418,NA,22770,5,6
40109107223,40,109,107223,2489,178,2081,178,62,145,21,2093,112,1719,112,46,90,14,320.51,466.36,NA,55000,92418,NA,22770,5,6
40109107302,40,109,107302,2718,192,2189,192,126,194,13,2042,112,1607,112,72,128,11,312.7,455,NA,55000,92418,NA,22770,5,6
40109107303,40,109,107303,1414,73,1167,73,47,119,7,1063,36,882,36,27,77,5,162.78,236.86,NA,55000,92418,NA,22770,5,6
40109107304,40,109,107304,5531,321,3559,321,1261,300,86,3942,197,2628,197,680,181,59,603.66,878.35,NA,55000,92418,NA,22770,5,6
40109107401,40,109,107401,6524,208,3871,208,1963,222,251,4386,134,2681,134,1100,147,190,671.66,977.29,NA,55000,92418,NA,19950,1,6
40109107402,40,109,107402,6016,227,4247,227,1059,157,322,4341,146,3040,146,677,93,239,664.76,967.26,NA,55000,92418,NA,19950,1,6
40109107485,40,109,107485,2713,66,2130,66,282,132,100,1921,41,1519,41,174,78,68,294.17,428.04,NA,55000,92418,NA,19950,1,4
40109107585,40,109,107585,3699,240,2608,240,641,36,170,2493,138,1699,138,385,20,113,381.77,555.49,NA,55000,92418,NA,19950,1,4
40109107601,40,109,107601,2130,47,1657,47,267,120,37,1670,27,1330,27,173,81,32,255.74,372.11,NA,48350,92418,NA,19950,1,4
40109107604,40,109,107604,2543,85,2117,85,139,166,33,1952,55,1619,55,94,107,22,298.92,434.94,NA,48350,92418,NA,19950,1,4
40109107605,40,109,107605,2741,125,2236,125,218,130,29,2028,72,1649,72,137,74,24,310.56,451.88,NA,48350,92418,NA,19950,1,4
40109107606,40,109,107606,583,13,523,13,15,31,1,420,5,384,5,5,20,1,64.32,93.58,NA,48350,92418,NA,19950,1,4
40109107607,40,109,107607,3312,109,2792,109,249,105,56,2386,62,1974,62,174,73,41,365.38,531.65,NA,48350,92418,NA,19950,1,4
40109107703,40,109,107703,3239,99,2764,99,179,130,64,2410,60,2065,60,101,80,44,369.06,536.99,NA,48350,92418,NA,19950,1,4
40109107704,40,109,107704,1725,47,1534,47,56,63,25,1313,32,1160,32,32,41,16,201.07,292.56,NA,48350,92418,NA,19950,1,4
40109107705,40,109,107705,2299,85,1916,85,134,118,45,1794,57,1477,57,91,78,34,274.73,399.74,NA,48350,92418,NA,19950,1,4
40109107706,40,109,107706,2899,80,2401,80,214,144,59,2251,48,1871,48,131,110,43,344.71,501.57,NA,48350,92418,NA,19950,1,4
40109107707,40,109,107707,1374,36,1211,36,46,68,13,1045,24,914,24,25,50,8,160.03,232.85,NA,48350,92418,NA,19950,1,4
40109107801,40,109,107801,3751,102,2720,102,735,113,79,2644,54,2031,54,374,78,53,404.89,589.13,NA,19900,92418,NA,19950,5,6
40109107804,40,109,107804,2833,47,2505,47,109,150,20,2156,29,1936,29,58,90,14,330.16,480.4,NA,19900,92418,NA,19950,5,6
40109107805,40,109,107805,3159,94,2132,94,719,177,35,2271,50,1626,50,406,114,25,347.77,506.02,NA,19900,92418,NA,19950,5,6
40109107806,40,109,107806,3999,93,3286,93,370,176,73,3136,56,2624,56,214,128,58,480.24,698.76,NA,19900,92418,09150,19950,5,6
40109107807,40,109,107807,3085,131,2624,131,179,85,64,2360,88,1982,88,98,51,53,361.4,525.85,NA,19900,92418,NA,19950,5,6
40109107808,40,109,107808,2435,76,1865,76,290,113,88,1819,42,1431,42,167,78,59,278.55,405.31,NA,19900,92418,NA,19950,5,6
40109107809,40,109,107809,1779,80,1512,80,89,86,10,1340,42,1137,42,47,63,9,205.2,298.58,NA,19900,92418,NA,19950,5,6
40109107810,40,109,107810,2930,85,2520,85,115,173,37,2115,44,1833,44,55,113,26,323.88,471.26,NA,19900,92418,NA,19950,5,6
40109108003,40,109,108003,4129,118,1853,118,1948,107,100,2901,79,1448,79,1145,74,76,444.25,646.4,NA,48350,92418,09150,22770,3,6
40109108005,40,109,108005,2427,32,1207,32,1093,89,6,1818,25,974,25,735,54,5,278.4,405.09,NA,69200,92418,09150,22770,3,6
40109108006,40,109,108006,3518,61,3008,61,240,116,89,2742,42,2345,42,160,91,62,419.9,610.97,NA,48350,92418,09150,19950,1,4
40109108007,40,109,108007,3314,36,2967,36,150,102,59,2750,29,2461,29,106,79,46,421.12,612.75,NA,48350,92418,NA,19950,1,4
40109108008,40,109,108008,4249,120,2866,120,1063,148,49,3088,76,2184,76,611,104,37,472.88,688.07,NA,48350,92418,NA,19950,1,4
40109108009,40,109,108009,3065,80,2019,80,811,92,57,2141,48,1472,48,476,55,42,327.86,477.06,NA,48350,92418,NA,22770,1,4
40109108010,40,109,108010,3465,96,2071,96,1130,141,27,2470,58,1569,58,661,100,24,378.25,550.36,NA,48350,92418,NA,22770,3,6
40109108011,40,109,108011,3478,79,1290,79,1976,94,38,2293,45,1007,45,1114,56,26,351.14,510.92,NA,48350,92418,NA,22770,3,6
40109108101,40,109,108101,1140,7,995,7,94,43,1,847,4,743,4,68,28,0,129.71,188.73,NA,55000,92418,22350,15840,3,5
40109108103,40,109,108103,3740,62,3078,62,422,171,4,2711,39,2236,39,292,101,4,415.15,604.06,37210,44500,92418,22350,18630,3,5
40109108104,40,109,108104,3851,50,3656,50,24,78,43,2704,30,2544,30,14,58,28,414.08,602.5,NA,23200,92418,NA,10590,3,5
40109108105,40,109,108105,11442,167,10639,167,237,238,160,8099,105,7417,105,185,174,113,1240.25,1804.61,NA,23200,92418,22350,10590,3,5
40109108201,40,109,108201,3661,95,3304,95,79,114,69,2966,69,2629,69,58,84,57,454.2,660.88,NA,23200,92418,NA,10590,3,5
40109108203,40,109,108203,3196,79,2872,79,99,119,27,2233,43,2009,43,47,74,17,341.95,497.56,NA,23200,92418,NA,10590,3,5
40109108204,40,109,108204,1546,28,1404,28,50,47,17,1132,20,1014,20,31,34,13,173.35,252.23,NA,23200,92418,NA,10590,3,5
40109108206,40,109,108206,2682,42,2516,42,69,33,22,1860,29,1722,29,42,21,17,284.83,414.44,NA,23200,92418,NA,10590,3,5
40109108207,40,109,108207,1805,60,1173,60,248,70,253,1684,51,1059,51,229,51,243,257.88,375.23,NA,23200,92418,NA,10590,3,5
40109108208,40,109,108208,3853,117,2987,117,401,109,238,2989,65,2338,65,240,71,210,457.72,666.01,NA,23200,92418,NA,10590,3,5
40109108209,40,109,108209,5494,84,5058,84,170,119,57,3614,50,3298,50,105,71,40,553.43,805.27,NA,23200,92418,NA,10590,3,5
40109108210,40,109,108210,4750,88,4356,88,144,105,54,3105,47,2845,47,78,51,37,475.49,691.85,NA,23200,92418,NA,10590,3,5
40109108211,40,109,108211,3790,52,3559,52,61,92,23,2584,28,2427,28,29,56,16,395.7,575.76,NA,23200,92418,NA,10590,3,5
40109108301,40,109,108301,1441,8,528,8,882,20,3,1044,6,427,6,586,16,3,159.87,232.62,NA,55000,92418,NA,22770,3,6
40109108302,40,109,108302,2473,29,1855,29,513,51,25,1788,18,1373,18,324,36,19,273.81,398.4,NA,55000,92418,NA,22770,3,6
40109108303,40,109,108303,4397,61,4016,61,143,84,87,3478,40,3171,40,103,56,68,532.61,774.97,NA,23200,92418,NA,10590,3,5
40109108304,40,109,108304,5095,67,4790,67,42,143,52,3757,41,3513,41,28,97,37,575.33,837.13,NA,23200,92418,NA,10590,3,5
40109108306,40,109,108306,6576,182,4700,182,1356,136,200,5860,153,4240,153,1025,121,168,897.38,1305.72,NA,55000,92418,NA,22770,3,5
40109108307,40,109,108307,4900,98,3910,98,792,70,23,3999,60,3250,60,558,55,16,612.39,891.05,NA,55000,92418,NA,22770,3,5
40109108309,40,109,108309,2101,62,790,62,1153,33,62,1412,35,610,35,668,23,41,216.23,314.62,NA,55000,92418,NA,22770,3,6
40109108310,40,109,108310,2609,83,1429,83,997,57,42,2165,54,1286,54,690,51,30,331.54,482.4,NA,55000,92418,NA,22770,3,6
40109108311,40,109,108311,1955,34,1614,34,245,27,33,1541,25,1273,25,168,23,27,235.98,343.36,NA,55000,92418,NA,10590,3,5
40109108312,40,109,108312,3713,55,3371,55,132,76,76,2608,34,2366,34,82,48,44,399.38,581.11,NA,55000,92418,NA,10590,3,5
40109108402,40,109,108402,1490,22,1402,22,31,24,11,1237,16,1165,16,16,18,6,189.43,275.63,NA,73250,92418,NA,22770,3,5
40109108403,40,109,108403,2220,34,1978,34,121,59,28,1767,24,1578,24,78,43,20,270.59,393.72,NA,73250,92418,NA,22770,3,5
40109108404,40,109,108404,3443,79,2698,79,554,70,36,2668,50,2143,50,351,51,23,408.57,594.48,NA,73250,92418,NA,22770,3,5
40109108504,40,109,108504,4295,87,3901,87,176,63,68,3415,56,3078,56,126,48,51,522.96,760.93,NA,55000,92418,NA,25290,3,5
40109108506,40,109,108506,3263,33,2970,33,179,35,46,2560,27,2336,27,111,30,29,392.03,570.42,NA,55000,92418,NA,22770,3,5
40109108507,40,109,108507,1153,8,1086,8,33,21,5,1025,6,968,6,21,20,4,156.96,228.39,NA,55000,92418,NA,22770,3,5
40109108508,40,109,108508,1819,17,1607,17,126,40,28,1426,13,1283,13,69,32,16,218.37,317.74,NA,55000,92418,NA,25290,3,5
40109108511,40,109,108511,374,2,351,2,6,6,9,257,2,240,2,4,5,4,39.36,57.26,NA,55000,92418,NA,09570,3,5
40109108512,40,109,108512,1221,20,1166,20,3,26,6,843,12,793,12,2,20,4,129.09,187.84,NA,55000,92418,NA,09570,3,5
40109108513,40,109,108513,3851,45,3412,45,172,91,131,2793,30,2476,30,108,59,90,427.71,622.33,NA,55000,92418,NA,25290,3,5
40109108514,40,109,108514,4405,98,3712,98,345,125,125,3371,67,2858,67,212,87,80,516.22,751.12,NA,55000,92418,NA,25290,3,5
40109108515,40,109,108515,4894,89,4399,89,232,97,76,3649,49,3279,49,150,70,52,558.79,813.07,NA,55000,92418,NA,25290,3,5
40109108516,40,109,108516,5115,81,4413,81,355,114,146,3423,49,2963,49,220,60,82,524.19,762.71,NA,55000,92418,NA,25290,3,5
40109108517,40,109,108517,4357,77,3892,77,169,78,139,2950,50,2620,50,104,49,77,451.75,657.32,NA,55000,92418,NA,25290,3,5
40109108518,40,109,108518,3362,80,2954,80,192,70,62,2617,58,2267,58,139,49,46,400.76,583.12,NA,55000,92418,NA,25290,3,5
40109108519,40,109,108519,3805,72,3526,72,69,57,81,3088,54,2825,54,58,45,52,472.88,688.07,NA,55000,92418,NA,22770,3,5
40109108520,40,109,108520,1898,24,1782,24,54,25,13,1613,17,1500,17,47,22,10,247.01,359.41,NA,55000,92418,NA,22770,3,5
40109108521,40,109,108521,1235,37,1015,37,104,27,52,1029,32,829,32,74,18,44,157.58,229.28,NA,55000,92418,NA,25290,3,5
40109108522,40,109,108522,6103,110,5294,110,366,156,175,4215,73,3619,73,237,90,123,645.47,939.18,NA,55000,92418,NA,25290,3,5
40109108598,40,109,108598,0,0,0,0,0,0,0,0,0,0,0,0,0,0,0,0,NA,55000,92418,NA,25290,3,5
40109108601,40,109,108601,1496,58,1332,58,35,60,10,1098,27,981,27,18,36,9,168.14,244.66,NA,55000,92418,NA,32370,3,5
40109108602,40,109,108602,948,12,875,12,9,46,6,747,6,696,6,6,30,3,114.39,166.45,NA,55000,92418,NA,32370,3,5
40109108603,40,109,108603,1299,24,1232,24,4,37,2,958,13,898,13,4,29,1,146.7,213.46,NA,55000,92418,NA,32370,5,6
40109108701,40,109,108701,2151,68,1947,68,30,69,34,1605,41,1428,41,18,47,30,245.78,357.62,50,55000,92418,27120,19950,1,4
40109108702,40,109,108702,4355,97,3676,97,376,124,80,3031,61,2561,61,218,75,55,464.16,675.37,50,48350,92418,NA,07620,1,4
40109108703,40,109,108703,3278,58,2983,58,65,156,16,2396,37,2178,37,37,98,9,366.91,533.87,50,14200,92418,NA,07620,1,6
40109108704,40,109,108704,3500,73,3262,73,8,151,6,2548,43,2362,43,3,93,4,390.19,567.74,50,55000,92418,27120,07620,1,4
40109108705,40,109,108705,5043,71,4646,71,25,266,30,3517,47,3213,47,15,176,19,538.58,783.66,50,55000,92418,NA,13890,1,5
40109108801,40,109,108801,5289,100,4223,100,716,207,31,3984,64,3231,64,466,139,20,610.09,887.71,50,51850,92418,NA,07620,3,6
40109108802,40,109,108802,3718,102,3327,102,56,211,22,2620,55,2333,55,45,118,14,401.22,583.79,50,14200,92418,NA,07620,3,6
40109108803,40,109,108803,1656,7,30,7,1601,18,0,1141,5,25,5,1096,10,0,174.73,254.24,50,55000,92418,NA,22770,3,6
40109108804,40,109,108804,2503,54,1171,54,1220,43,14,1657,26,815,26,756,28,6,253.75,369.21,50,55000,92418,NA,22770,3,5
40111000001,40,111,000001,3553,62,1249,62,1907,315,18,2661,46,1043,46,1303,206,17,681.68,496.04,18170,55150,92431,NA,22800,6,2
40111000002,40,111,000002,3682,47,2306,47,729,590,10,2712,33,1791,33,472,379,4,694.75,505.54,18170,55150,92431,NA,22800,6,2
40111000003,40,111,000003,2910,37,2199,37,303,362,9,2190,17,1695,17,208,245,8,561.02,408.24,18170,55150,92431,NA,22800,6,2
40111000004,40,111,000004,4757,53,3821,53,354,517,10,3619,35,3002,35,223,316,8,927.1,674.62,18170,55150,92431,NA,22800,6,2
40111000005,40,111,000005,3207,24,2469,24,363,350,1,2313,11,1811,11,266,213,1,592.53,431.17,18170,5000,92431,21960,25050,6,2
40111000006,40,111,000006,4624,51,3711,51,391,457,11,3243,28,2630,28,248,303,6,830.77,604.53,18170,5000,90221,30450,03810,6,2
40111000007,40,111,000007,3028,34,2408,34,142,439,5,2095,13,1733,13,93,241,2,536.69,390.53,18170,49400,91885,17610,20310,6,2
40111000008,40,111,000008,3140,30,2492,30,187,428,3,2345,21,1886,21,147,268,2,600.73,437.13,18170,20500,91339,NA,09780,6,2
40111000009,40,111,000009,7589,120,6502,120,37,921,8,5827,81,5077,81,24,558,6,1492.73,1086.21,18170,33750,91339,21960,14370,6,2
40113000101,40,113,000101,5390,126,1606,126,3428,195,27,3853,79,1298,79,2236,143,18,836.05,729.39,56300,75000,92964,27430,30240,2,2
40113000103,40,113,000103,2983,42,2458,42,4,479,0,2143,13,1831,13,2,284,0,465,405.68,56300,4250,90195,03450,03570,2,2
40113000104,40,113,000104,5865,114,4251,114,402,1089,9,4451,74,3282,74,354,661,6,965.8,842.6,56300,35850,91404,NA,14970,2,2
40113000105,40,113,000105,5789,90,4735,90,71,884,8,4305,51,3574,51,45,580,4,1019.79,852.52,56300,24850,91092,19500,11220,2,5
40113000106,40,113,000106,5310,94,3707,94,147,1359,2,3958,56,2887,56,100,857,2,858.83,749.27,56300,57600,92496,05160,23580,2,2
40113000107,40,113,000107,2676,24,2305,24,7,338,2,1986,12,1750,12,4,206,2,430.93,375.96,56300,4450,92496,05160,03570,3,5
40113000108,40,113,000108,1697,21,1493,21,1,182,0,1280,12,1140,12,1,115,0,303.21,253.48,56300,67200,92301,05850,27630,3,5
40113010201,40,113,010201,5785,54,4628,54,6,1093,4,4026,31,3328,31,3,632,1,873.59,762.14,56300,67850,92964,03010,27750,2,2
40113010202,40,113,010202,3506,35,3224,35,5,234,8,2540,22,2344,22,4,145,3,551.14,480.84,56300,60850,92964,03010,25170,2,2
40113010203,40,113,010203,2644,60,2296,60,77,201,10,1934,34,1679,34,44,135,8,419.65,366.12,56300,75000,92964,27430,28170,2,2
40115009741,40,115,009741,5484,27,4341,27,1,1096,16,4074,15,3338,15,1,692,13,995.24,706.03,NA,58550,92535,NA,23880,6,2
40115009742,40,115,009742,3295,159,2361,159,2,763,8,2473,89,1833,89,0,456,6,604.13,428.57,NA,16500,91846,NA,08490,6,2
40115009743,40,115,009743,2385,25,1967,25,1,388,4,1904,19,1619,19,1,243,3,465.13,329.97,NA,48000,91846,NA,19860,6,2
40115009744,40,115,009744,2635,28,2145,28,0,445,16,2056,14,1728,14,0,292,8,502.26,356.31,NA,48000,91846,NA,19860,6,2
40115009745,40,115,009745,2316,23,1872,23,3,410,8,1854,11,1532,11,0,295,5,452.92,321.3,NA,48000,91846,NA,19860,6,2
40115009746,40,115,009746,4745,48,3818,48,173,686,18,3820,36,3102,36,169,467,10,933.19,662.01,NA,48000,91846,NA,19860,6,2
40115009747,40,115,009747,3927,12,3163,12,5,729,18,2913,7,2438,7,1,449,11,711.62,504.83,13757,48000,91846,NA,19860,6,2
40115009748,40,115,009748,3274,15,2736,15,3,511,8,2469,7,2114,7,0,336,5,698,460,13757,600,90039,NA,11250,6,2
40115009749,40,115,009749,2500,38,1975,38,0,486,1,1881,23,1525,23,0,309,1,459.51,325.98,NA,82250,93913,30290,33240,6,2
40117009571,40,117,009571,3829,19,3584,19,10,201,15,2846,10,2688,10,5,123,10,625.53,690.72,57660,15350,90598,NA,08040,6,3
40117009572,40,117,009572,3780,46,3495,46,1,234,3,2834,29,2612,29,1,161,2,622.9,687.81,57660,80250,90598,16470,08040,6,3
40117009573,40,117,009573,2824,25,2507,25,0,286,5,2007,10,1826,10,0,158,3,441.13,487.1,57660,37850,90598,15750,08040,6,3
40117009574,40,117,009574,2661,13,2378,13,10,260,0,1933,10,1737,10,7,169,0,424.86,469.14,57660,61650,92509,NA,23610,6,3
40117009575,40,117,009575,2481,10,1742,10,96,632,1,1818,4,1343,4,68,399,0,399.58,441.23,57660,57650,92509,NA,23610,6,3
40119000101,40,119,000101,6300,123,5598,123,211,245,122,4934,100,4345,100,122,176,91,894.75,1200.86,NA,70300,93237,NA,28680,4,3
40119000102,40,119,000102,5273,95,4576,95,154,140,304,4519,78,3856,78,120,110,277,819.49,1099.85,NA,70300,93237,NA,28680,4,3
40119000103,40,119,000103,3753,51,3553,51,26,91,32,3516,44,3298,44,24,76,30,637.6,855.74,NA,70300,93237,NA,28680,4,3
40119000104,40,119,000104,4861,153,3465,153,308,165,762,4535,121,3239,121,279,139,636,822.39,1103.75,NA,70300,93237,NA,28680,4,3
40119000105,40,119,000105,3795,92,3130,92,119,136,314,3635,83,2945,83,106,115,303,659.18,884.7,NA,70300,93237,NA,28680,4,3
40119000106,40,119,000106,3707,32,3348,32,129,159,39,2798,17,2548,17,79,103,34,507.4,680.99,NA,70300,93237,NA,28680,4,3
40119000107,40,119,000107,3002,54,2489,54,292,138,26,2382,34,2020,34,183,94,17,431.96,579.74,NA,70300,93237,NA,28680,4,3
40119000108,40,119,000108,2297,19,2082,19,81,100,15,1867,18,1701,18,58,60,12,338.57,454.4,NA,70300,93237,NA,28680,4,3
40119000109,40,119,000109,4114,41,3890,41,28,78,75,3115,23,2945,23,20,57,47,564.88,758.14,NA,70300,93237,NA,28680,4,3
40119000110,40,119,000110,3414,39,3224,39,17,128,6,2511,19,2382,19,10,75,6,455.35,611.14,NA,70300,93237,NA,28680,4,3
40119000111,40,119,000111,7895,58,7351,58,78,381,19,5660,36,5291,36,44,239,14,1026.4,1377.55,37210,58150,93237,NA,23800,4,3
40119000112,40,119,000112,2296,23,2165,23,1,103,4,1703,17,1605,17,1,59,4,308.83,414.48,NA,82500,93926,NA,33360,4,3
40119000113,40,119,000113,7219,77,6467,77,114,540,16,5337,45,4852,45,61,321,13,967.83,1298.94,64675,18850,90702,22160,09240,4,3
40119000114,40,119,000114,3581,60,3101,60,201,214,5,2649,33,2322,33,139,120,2,480.38,644.72,64675,18850,90702,NA,09240,4,3
40121009856,40,121,009856,1615,12,1455,12,11,137,0,1361,6,1255,6,5,89,0,324.41,228.68,14205,43975,92639,NA,06390,4,3
40121009857,40,121,009857,2294,19,1884,19,2,388,1,1710,11,1440,11,2,245,1,407.59,287.32,14205,61550,92639,NA,25410,4,3
40121009858,40,121,009858,3353,19,2990,19,11,331,2,2476,9,2236,9,5,215,2,640.01,470.65,14205,18550,92067,29520,15450,4,3
40121009859,40,121,009859,2185,6,1892,6,3,280,4,1631,6,1448,6,3,166,2,421.59,310.03,14205,NA,92314,14100,29100,4,3
40121009860,40,121,009860,4628,56,3955,56,63,538,15,3395,31,2955,31,41,327,10,877.56,645.34,14205,40300,91729,16720,09090,4,3
40121009861,40,121,009861,4567,72,3649,72,331,505,10,3456,38,2797,38,235,340,8,893.33,656.94,14205,44800,91729,16720,19440,4,3
40121009862,40,121,009862,3491,41,2869,41,105,462,12,2657,25,2252,25,59,288,8,686.8,505.06,14205,44800,91729,NA,19440,4,3
40121009863,40,121,009863,1026,28,642,28,254,91,6,1033,28,627,28,253,91,6,267.02,196.36,14205,44800,91729,29520,19440,4,3
40121009864,40,121,009864,2497,40,1947,40,165,333,11,1926,16,1543,16,111,235,5,497.85,366.11,14205,44800,91729,12240,19440,4,3
40121009865,40,121,009865,5056,37,4303,37,408,293,15,3898,20,3383,20,264,202,9,1007.58,740.96,14205,44800,91729,12240,19440,4,3
40121009866,40,121,009866,2530,27,2245,27,9,237,12,1842,18,1653,18,5,145,3,476.13,350.14,14205,65600,91729,12240,27000,4,3
40121009867,40,121,009867,5133,75,3954,75,136,956,9,3709,43,3027,43,103,487,6,958.73,705.03,14205,32850,93406,NA,13920,4,3
40121009868,40,121,009868,2206,47,1767,47,0,389,3,1696,32,1379,32,0,252,1,438.39,322.39,14205,40000,91599,NA,16650,4,3
40123009886,40,123,009886,4757,45,3689,45,41,975,6,3357,24,2745,24,18,541,5,777.74,731.45,13925,1400,92158,NA,06060,4,3
40123009887,40,123,009887,2290,34,1809,34,61,385,1,1705,15,1396,15,43,235,1,395.01,371.5,13925,70500,92977,NA,28800,4,3
40123009888,40,123,009888,6536,66,5244,66,324,879,22,4872,31,3984,31,237,569,20,1128.74,1061.55,13925,200,90013,NA,06060,4,3
40123009889,40,123,009889,4329,75,3506,75,159,537,50,3678,54,3015,54,124,391,40,852.11,801.39,13925,200,90013,NA,02430,4,3
40123009890,40,123,009890,2590,31,2201,31,11,344,2,1920,15,1675,15,10,204,1,444.82,418.35,13925,200,90013,NA,17190,4,3
40123009891,40,123,009891,2252,38,1809,38,63,337,5,1770,23,1468,23,39,214,3,410.07,385.66,13925,200,90013,NA,02430,4,3
40123009892,40,123,009892,1752,22,1345,22,100,279,6,1377,13,1095,13,62,189,5,319.02,300.03,13925,200,90013,NA,02430,4,3
40123009893,40,123,009893,3604,39,3130,39,64,361,10,2735,21,2432,21,40,214,7,633.64,595.92,13925,200,90013,NA,02430,4,3
40123009894,40,123,009894,759,11,649,11,0,98,1,583,8,501,8,0,65,1,135.07,127.03,13925,26250,92886,NA,19530,4,3
40123009896,40,123,009896,1338,18,1206,18,0,114,0,985,9,894,9,0,73,0,228.2,214.62,13925,63750,93172,NA,26280,4,3
40123989598,40,123,989598,3912,32,3476,32,32,366,5,2834,18,2591,18,15,187,5,656.58,617.49,13925,10600,92327,23910,30960,4,3
40123989793,40,123,989793,0,0,0,0,0,0,0,0,0,0,0,0,0,0,0,0,13925,NA,92327,NA,16710,4,3
40123989794,40,123,989794,0,0,0,0,0,0,0,0,0,0,0,0,0,0,0,0,13925,NA,92327,NA,16710,4,3
40123989795,40,123,989795,0,0,0,0,0,0,0,0,0,0,0,0,0,0,0,0,13925,NA,92327,NA,03300,4,3
40123989796,40,123,989796,0,0,0,0,0,0,0,0,0,0,0,0,0,0,0,0,13925,NA,92327,NA,03300,4,3
40123989797,40,123,989797,0,0,0,0,0,0,0,0,0,0,0,0,0,0,0,0,13925,NA,92327,NA,03300,4,3
40123989798,40,123,989798,0,0,0,0,0,0,0,0,0,0,0,0,0,0,0,0,13925,NA,92327,NA,03300,4,3
40125005001,40,125,005001,1314,28,1114,28,47,119,6,1076,20,910,20,32,89,5,218.05,235.28,64675,66800,92821,NA,27570,4,3
40125005002,40,125,005002,1891,49,999,49,388,451,4,1241,23,702,23,244,246,3,251.48,271.36,64675,66800,92821,27990,27570,4,3
40125005004,40,125,005004,3527,73,3012,73,84,344,14,2698,43,2340,43,46,217,9,546.74,589.96,64675,66800,92821,NA,27570,4,3
40125005005,40,125,005005,4026,92,3348,92,83,457,44,3290,51,2810,51,60,279,39,666.71,719.41,NA,66800,92821,NA,27570,4,3
40125005006,40,125,005006,3092,50,2785,50,42,197,18,2468,34,2236,34,30,120,14,500.13,539.67,64675,66800,92821,NA,27570,4,3
40125005007,40,125,005007,2736,42,2383,42,55,216,40,2131,26,1887,26,29,140,23,431.84,465.98,64675,66800,92821,13500,27570,4,3
40125005008,40,125,005008,2384,28,2163,28,26,124,43,1770,18,1615,18,13,79,27,358.68,387.04,64675,66800,92821,13500,27570,4,3
40125400597,40,125,400597,0,0,0,0,0,0,0,0,0,0,0,0,0,0,0,0,50,NA,93549,NA,03300,4,4
40125400598,40,125,400598,0,0,0,0,0,0,0,0,0,0,0,0,0,0,0,0,50,NA,93549,06030,NA,4,3
40125500301,40,125,500301,3478,89,2646,89,71,652,20,2652,52,2079,52,42,417,10,537.42,579.9,64675,66800,92821,NA,27570,4,3
40125500302,40,125,500302,2721,51,2099,51,79,486,4,1987,31,1599,31,47,275,4,402.66,434.49,64675,66800,92821,24330,27570,4,3
40125500998,40,125,500998,5124,99,4177,99,24,784,37,3586,47,2996,47,20,454,22,726.69,784.13,64675,66800,92821,21840,24930,4,3
40125501001,40,125,501001,5609,117,4748,117,43,682,17,3923,64,3398,64,29,354,14,794.98,857.82,50,45350,92821,21840,19560,4,3
40125501002,40,125,501002,6987,93,6363,93,67,413,32,5218,63,4753,63,47,266,26,1057.41,1140.99,50,66800,92821,NA,04230,4,3
40125501101,40,125,501101,4489,59,3709,59,152,545,18,3272,40,2765,40,104,311,12,663.06,715.47,50,72650,92821,27990,10500,4,3
40125501102,40,125,501102,6816,77,5949,77,150,629,10,4812,37,4253,37,95,382,8,975.14,1052.22,50,72650,92821,NA,29610,4,3
40125501201,40,125,501201,1938,21,1694,21,1,221,1,1390,7,1239,7,1,135,1,281.68,303.94,50,46900,91794,28380,19290,4,3
40125501398,40,125,501398,2628,22,2292,22,1,310,3,1936,8,1731,8,1,185,3,392.32,423.34,50,3000,93549,NA,31500,4,3
40125501492,40,125,501492,0,0,0,0,0,0,0,0,0,0,0,0,0,0,0,0,50,NA,93549,NA,16710,4,3
40125501493,40,125,501493,0,0,0,0,0,0,0,0,0,0,0,0,0,0,0,0,50,NA,93549,NA,16710,4,3
40125501494,40,125,501494,0,0,0,0,0,0,0,0,0,0,0,0,0,0,0,0,50,NA,93549,NA,03300,4,3
40125501495,40,125,501495,0,0,0,0,0,0,0,0,0,0,0,0,0,0,0,0,50,NA,93549,NA,03300,4,3
40125501497,40,125,501497,0,0,0,0,0,0,0,0,0,0,0,0,0,0,0,0,50,NA,93549,NA,03300,4,3
40125501498,40,125,501498,0,0,0,0,0,0,0,0,0,0,0,0,0,0,0,0,50,NA,93549,06030,03300,4,3
40127009976,40,127,009976,2788,40,2266,40,52,430,0,2127,17,1783,17,45,265,0,632.57,372.9,14205,14900,92223,21120,07800,4,3
40127009977,40,127,009977,5712,58,4848,58,60,741,4,4308,34,3710,34,35,493,2,1281.19,755.27,14205,2250,90130,20640,03060,4,3
40127009978,40,127,009978,2497,38,1980,38,0,477,2,1830,22,1491,22,0,293,2,544.24,320.83,14205,61950,91118,21120,25500,4,3
40129009596,40,129,009596,1159,18,1019,18,0,119,3,820,11,726,11,0,71,1,250.11,247.13,13905,32250,90988,08970,13650,5,6
40129009597,40,129,009597,2368,45,2299,45,2,22,0,1761,26,1693,26,1,15,0,537.12,530.74,13905,13900,90559,08970,07500,5,6
40129009598,40,129,009598,620,10,591,10,0,19,0,455,5,437,5,0,8,0,138.78,137.13,13905,NA,93094,NA,29310,5,6
40131000502,40,131,000502,5933,97,4805,97,66,936,26,4531,46,3752,46,41,628,18,877.25,1114.1,13757,14700,90585,NA,07740,6,2
40131000503,40,131,000503,7626,97,6375,97,11,1128,15,5483,60,4669,60,8,677,9,1061.57,1348.18,13757,27600,90585,NA,27390,6,2
40131000505,40,131,000505,4268,26,3798,26,14,421,9,3036,18,2734,18,8,251,7,587.8,746.5,18170,37100,91482,29970,15480,6,2
40131000506,40,131,000506,7393,78,6503,78,23,769,20,5355,46,4742,46,18,490,13,1036.79,1316.71,13757,25000,90585,31110,07740,6,2
40131000507,40,131,000507,3813,12,3096,12,4,688,11,2773,8,2312,8,3,438,4,536.88,681.84,13757,13700,90533,NA,07380,6,2
40131000508,40,131,000508,4119,20,3494,20,3,598,3,2953,14,2566,14,3,355,1,571.73,726.1,13757,55700,92444,NA,23040,6,2
40131050101,40,131,050101,2641,42,1987,42,60,540,12,1820,16,1407,16,41,331,9,352.37,447.51,13757,14700,90585,NA,07740,6,2
40131050102,40,131,050102,6371,106,5093,106,205,904,58,4685,65,3802,65,154,550,49,907.07,1151.97,13757,14700,90585,NA,07740,6,2
40131050401,40,131,050401,7710,67,7132,67,39,444,28,5406,43,5002,43,26,273,19,1046.66,1329.25,13757,56650,90468,NA,23280,6,2
40131050402,40,131,050402,5296,73,4587,73,17,615,4,3806,40,3339,40,8,375,4,736.88,935.84,13757,12900,90468,NA,06870,6,2
40133009831,40,133,009831,1631,29,1242,29,136,224,0,1201,12,945,12,89,143,0,299.02,225.77,66360,18450,93835,21660,06000,4,3
40133009832,40,133,009832,2970,44,2436,44,64,422,3,2109,27,1763,27,46,243,3,525.09,396.45,66360,66350,92782,21660,29040,4,3
40133009833,40,133,009833,2318,30,1990,30,35,258,5,1796,13,1588,13,19,160,3,447.16,337.61,66360,66350,92782,NA,27300,4,3
40133009834,40,133,009834,4126,79,3309,79,127,605,6,3129,43,2583,43,90,364,6,779.05,588.19,66360,66350,92782,NA,27300,4,3
40133009835,40,133,009835,2218,31,1675,31,202,305,5,1644,16,1285,16,144,180,3,409.32,309.04,66360,66350,92782,NA,27300,4,3
40133009836,40,133,009836,4932,27,2823,27,1094,974,14,3647,16,2309,16,711,586,9,908.02,685.57,66360,80550,93835,15900,32460,4,3
40133009837,40,133,009837,2119,38,1772,38,9,298,2,1566,23,1318,23,5,196,1,389.9,294.38,66360,46900,92795,NA,05130,4,3
40133009838,40,133,009838,2800,34,2129,34,49,586,2,2072,13,1665,13,34,345,2,515.88,389.5,66360,40200,91612,30900,16710,4,3
40133009839,40,133,009839,2038,28,1305,28,179,526,0,1475,12,977,12,134,340,0,367.24,277.27,66360,65500,93835,15900,26940,4,3
40133983298,40,133,983298,260,0,204,0,18,38,0,182,0,146,0,15,21,0,45.31,34.21,18173,NA,93835,NA,06000,4,3
40133984098,40,133,984098,0,0,0,0,0,0,0,0,0,0,0,0,0,0,0,0,66360,NA,92782,NA,29040,4,3
40135000303,40,135,000303,7566,75,5843,75,76,1559,13,5597,46,4464,46,48,983,10,1262.73,984.75,13757,65000,92717,NA,26790,6,2
40135030101,40,135,030101,3833,37,2653,37,2,1140,0,2740,24,1978,24,2,712,0,618.17,482.08,13757,46450,92730,18960,26790,6,2
40135030102,40,135,030102,7056,64,5468,64,301,1201,22,4936,42,3867,42,195,776,14,1113.6,868.45,13757,63800,92678,03840,26310,6,2
40135030201,40,135,030201,2304,20,1762,20,4,515,3,1753,15,1395,15,2,324,2,395.49,308.43,13757,57150,93445,17820,31140,6,2
40135030202,40,135,030202,4893,53,3367,53,274,1192,4,3515,33,2517,33,175,753,4,793.01,618.44,13757,77250,93445,18960,31140,6,2
40135030401,40,135,030401,2703,22,2163,22,29,488,1,1964,11,1610,11,24,307,1,443.09,345.55,13757,28350,91911,NA,12390,6,2
40135030498,40,135,030498,5473,28,4464,28,96,854,31,3878,14,3212,14,62,556,20,874.91,682.3,13757,49850,91911,17700,20880,6,2
40135030499,40,135,030499,0,0,0,0,0,0,0,0,0,0,0,0,0,0,0,0,13757,NA,91911,NA,26790,6,2
40135030595,40,135,030595,0,0,0,0,0,0,0,0,0,0,0,0,0,0,0,0,13757,NA,91911,NA,20880,6,2
40135030596,40,135,030596,0,0,0,0,0,0,0,0,0,0,0,0,0,0,0,0,13757,NA,91911,NA,20880,6,2
40135030597,40,135,030597,0,0,0,0,0,0,0,0,0,0,0,0,0,0,0,0,13757,NA,91911,NA,20880,6,2
40135030598,40,135,030598,0,0,0,0,0,0,0,0,0,0,0,0,0,0,0,0,13757,NA,92678,20160,26310,6,2
40137000002,40,137,000002,3612,49,3419,49,25,107,12,2860,26,2718,26,18,67,5,717.5,667.31,13925,21900,90780,NA,10290,1,4
40137000003,40,137,000003,1920,35,1746,35,49,86,1,1499,16,1391,16,26,50,0,376.06,349.76,13925,21900,90780,NA,10290,1,4
40137000004,40,137,000004,5648,239,5043,239,173,173,14,4247,122,3799,122,86,112,6,1065.46,990.94,13925,21900,90780,NA,10290,1,4
40137000005,40,137,000005,1273,192,513,192,532,35,0,1013,107,413,107,362,24,0,254.13,236.36,13925,21900,90780,NA,10290,1,4
40137000006,40,137,000006,1313,62,1143,62,27,68,12,1022,36,889,36,13,40,8,256.39,238.46,13925,21900,90780,NA,10290,1,4
40137000007,40,137,000007,737,46,621,46,26,42,0,547,21,470,21,15,20,0,137.23,127.63,13925,21900,90780,NA,10290,1,4
40137000008,40,137,000008,4576,45,4338,45,15,175,2,3304,21,3136,21,9,115,2,828.88,770.91,13925,23900,90780,NA,10890,1,4
40137000009,40,137,000009,7524,81,7064,81,0,352,27,5619,48,5287,48,0,220,16,1409.65,1311.06,13925,46600,91781,NA,19080,1,4
40137000010,40,137,000010,2385,15,2161,15,1,203,5,1734,12,1587,12,1,120,2,435.01,404.59,13925,76900,93432,NA,31020,1,4
40137000011,40,137,000011,5336,60,5009,60,7,255,5,3962,29,3744,29,5,152,3,993.96,924.44,13925,16450,90650,13260,08460,1,4
40137000101,40,137,000101,5054,66,4784,66,63,83,58,3806,36,3604,36,32,61,37,954.82,888.04,13925,21900,90780,NA,10290,1,4
40137000102,40,137,000102,2921,53,2712,53,23,117,16,2188,29,2030,29,16,75,9,548.91,510.52,13925,21900,90780,NA,10290,1,4
40139009506,40,139,009506,3806,199,3544,199,9,36,18,2804,112,2549,112,5,19,7,368.25,850.95,NA,36000,91417,02490,15090,5,6
40139009507,40,139,009507,2908,285,2543,285,47,25,5,2346,153,1980,153,42,15,3,308.1,711.96,NA,30200,91235,28920,13740,5,6
40139009508,40,139,009508,3637,554,3030,554,8,39,0,2899,330,2202,330,4,33,0,380.72,879.78,NA,31750,91235,NA,13590,5,6
40139009509,40,139,009509,4530,482,3992,482,5,35,11,3563,297,2934,297,5,23,7,467.93,1081.29,NA,31750,91235,NA,13590,5,6
40139009510,40,139,009510,1538,114,1402,114,0,22,0,1127,57,999,57,0,14,0,148.01,342.02,NA,73100,93783,NA,33390,5,6
40141009701,40,141,009701,808,59,712,59,9,27,1,624,33,536,33,7,14,1,149.88,104.75,40025,46150,91157,18810,12150,1,4
40141009702,40,141,009702,1513,182,1163,182,125,37,5,1166,104,857,104,77,20,4,280.06,195.74,40025,73850,93341,18810,30030,1,4
40141009703,40,141,009703,3023,393,2137,393,367,108,12,2419,206,1690,206,236,73,8,581.03,406.08,40025,27800,91157,32100,12150,1,4
40141009704,40,141,009704,2492,512,1518,512,364,89,5,2064,298,1177,298,229,57,5,495.76,346.48,40025,27800,91157,32100,12150,1,4
40141009705,40,141,009705,1748,168,1382,168,141,51,0,1399,103,1088,103,74,31,0,336.03,234.85,40025,30850,91001,18810,13200,1,4
40141009706,40,141,009706,800,147,629,147,12,11,0,638,85,448,85,12,8,0,153.24,107.1,40025,19400,90741,32100,09480,1,4
40143000001,40,143,000001,2241,71,1886,71,42,230,11,1709,48,1426,48,22,158,7,169.82,298.37,13757,75000,93380,NA,30240,2,1
40143000002,40,143,000002,1483,7,63,7,1397,15,1,1144,2,54,2,1071,14,1,113.68,199.73,13757,75000,93380,NA,30240,2,1
40143000003,40,143,000003,3624,166,2138,166,1092,220,7,2502,99,1597,99,563,140,4,248.62,436.82,13757,75000,93380,NA,30240,2,1
40143000004,40,143,000004,3672,98,2797,98,447,323,4,2715,56,2123,56,276,201,3,269.79,474.01,13757,75000,93380,NA,30240,2,1
40143000005,40,143,000005,2434,20,25,20,2356,23,6,1687,14,24,14,1612,21,2,167.63,294.53,13757,75000,93380,NA,30240,2,1
40143000006,40,143,000006,1197,4,31,4,1150,10,2,895,4,18,4,860,7,2,88.93,156.26,13757,75000,93380,NA,30240,2,1
40143000007,40,143,000007,1865,4,35,4,1810,14,0,1452,3,31,3,1403,12,0,144.28,253.5,13757,75000,93380,NA,30240,2,1
40143000008,40,143,000008,1753,5,239,5,1485,16,5,1337,4,183,4,1131,12,3,132.86,233.43,13757,75000,93380,NA,30240,2,1
40143000009,40,143,000009,1921,29,368,29,1476,41,7,1429,18,308,18,1044,35,6,142,249.49,13757,75000,93380,NA,30240,2,1
40143000010,40,143,000010,1289,3,64,3,1197,23,1,905,3,62,3,822,14,1,89.93,158,13757,75000,93380,NA,30240,2,1
40143000012,40,143,000012,1666,210,1100,210,195,160,1,1343,134,836,134,135,104,0,133.45,234.47,13757,75000,93380,NA,30240,2,1
40143000013,40,143,000013,2014,123,1541,123,105,237,8,1554,69,1200,69,61,150,5,154.42,271.31,13757,75000,93380,NA,30240,2,1
40143000014,40,143,000014,4640,373,3448,373,294,505,17,3629,214,2677,214,199,311,14,360.61,633.58,13757,75000,93380,NA,30240,2,1
40143000015,40,143,000015,3677,107,3171,107,64,329,2,2894,67,2500,67,36,222,2,287.57,505.26,13757,75000,93380,NA,30240,2,1
40143000016,40,143,000016,4356,128,3716,128,88,413,9,3309,77,2828,77,52,268,7,328.81,577.72,13757,75000,93380,NA,30240,2,1
40143000017,40,143,000017,2621,70,2324,70,32,165,30,2104,38,1877,38,22,104,25,209.07,367.34,18170,75000,93380,NA,30240,2,1
40143000018,40,143,000018,1819,38,1640,38,13,113,12,1469,24,1328,24,8,77,8,145.97,256.47,18170,75000,93380,NA,30240,2,1
40143000019,40,143,000019,1667,56,1454,56,28,94,35,1357,35,1176,35,20,66,25,134.84,236.92,18170,75000,93380,NA,30240,2,1
40143000020,40,143,000020,1642,44,1357,44,97,126,18,1335,33,1115,33,54,83,17,132.66,233.08,18170,75000,93380,NA,30240,2,1
40143000021,40,143,000021,3674,199,2503,199,505,203,254,3255,131,2233,131,381,147,232,323.44,568.29,18170,75000,93380,NA,30240,2,1
40143000022,40,143,000022,1813,127,1378,127,121,169,18,1360,76,1027,76,58,111,12,135.14,237.44,18170,75000,93380,NA,30240,2,1
40143000023,40,143,000023,1209,99,789,99,158,153,7,992,68,633,68,109,108,6,98.57,173.19,18170,75000,93380,NA,30240,2,1
40143000025,40,143,000025,2613,82,1703,82,581,218,28,2500,71,1609,71,532,199,18,248.42,436.47,18170,75000,93380,NA,30240,2,1
40143000026,40,143,000026,873,38,632,38,40,162,1,672,23,511,23,20,95,0,66.78,117.32,18170,75000,93380,NA,30240,2,1
40143000027,40,143,000027,2681,98,2125,98,213,238,4,2041,55,1624,55,147,157,3,202.81,356.34,18170,75000,93380,NA,30240,2,1
40143000029,40,143,000029,2426,34,2187,34,19,183,3,1802,22,1638,22,8,110,2,179.06,314.61,18170,75000,93380,NA,26880,2,1
40143000030,40,143,000030,2392,33,2134,33,24,192,9,1821,19,1627,19,11,137,8,180.95,317.93,18170,75000,93380,NA,30240,2,1
40143000031,40,143,000031,2703,68,2354,68,134,130,16,2544,58,2185,58,123,108,12,252.79,444.15,18170,75000,93380,NA,30240,2,1
40143000032,40,143,000032,1614,37,1455,37,47,61,13,1262,31,1102,31,41,45,12,125.4,220.33,18170,75000,93380,NA,30240,2,1
40143000033,40,143,000033,2447,62,2215,62,48,102,20,1975,37,1785,37,32,71,13,196.25,344.81,18170,75000,93380,NA,30240,2,1
40143000034,40,143,000034,2274,70,1662,70,335,184,21,1910,57,1404,57,244,134,14,189.79,333.47,18170,75000,93380,NA,30240,2,1
40143000035,40,143,000035,2272,31,2104,31,31,100,6,1815,22,1676,22,20,72,3,180.35,316.88,18170,75000,93380,NA,30240,2,1
40143000036,40,143,000036,2294,33,2135,33,27,93,6,1844,22,1718,22,22,57,3,183.24,321.94,18170,75000,93380,NA,30240,2,1
40143000037,40,143,000037,2921,58,2639,58,33,166,22,2358,38,2123,38,22,116,21,234.31,411.68,18170,75000,93380,NA,30240,2,1
40143000038,40,143,000038,1949,44,1759,44,33,102,11,1589,26,1434,26,23,73,7,157.9,277.42,18170,75000,93380,NA,30240,2,1
40143000039,40,143,000039,4279,97,3909,97,96,146,30,3567,62,3252,62,67,105,19,354.45,622.76,18170,75000,93380,NA,30240,2,1
40143000040,40,143,000040,4727,96,4262,96,111,221,35,3819,68,3437,68,64,155,27,379.49,666.76,18170,75000,93380,NA,30240,2,1
40143000042,40,143,000042,1928,15,1827,15,38,35,12,1508,10,1424,10,27,30,7,149.85,263.28,18170,75000,93380,NA,30240,2,1
40143000044,40,143,000044,2951,60,2668,60,83,127,10,2581,48,2306,48,70,99,10,256.47,450.61,18170,75000,93380,NA,30240,2,1
40143000045,40,143,000045,2588,39,2480,39,6,49,14,2047,30,1935,30,6,39,7,203.41,357.38,18170,75000,93380,NA,30240,2,1
40143000046,40,143,000046,3428,141,2081,141,827,272,107,2341,74,1531,74,446,150,66,232.62,408.71,18170,75000,93380,NA,30240,2,1
40143000047,40,143,000047,2131,50,1928,50,3,146,4,1598,32,1435,32,0,96,3,158.79,278.99,18170,75000,93380,NA,30240,2,1
40143000048,40,143,000048,4594,63,4047,63,45,423,14,3539,42,3151,42,27,267,10,351.67,617.87,18170,75000,93380,NA,30240,2,1
40143000049,40,143,000049,1992,45,1669,45,102,173,2,1455,23,1242,23,49,117,1,144.58,254.03,18170,75000,93380,NA,30240,2,1
40143000051,40,143,000051,1942,26,1765,26,70,71,10,1559,16,1430,16,30,58,9,154.92,272.18,18170,75000,93380,NA,30240,2,1
40143000052,40,143,000052,3323,77,2998,77,84,141,23,2760,52,2473,52,66,101,16,274.26,481.87,18170,75000,93380,NA,30240,2,1
40143000053,40,143,000053,5034,120,4522,120,170,201,21,3978,78,3574,78,88,143,17,395.29,694.52,18170,75000,93380,NA,30240,2,1
40143000054,40,143,000054,6612,55,5791,55,14,729,20,4847,31,4332,31,5,432,16,9982.66,12710.21,13757,16350,92236,NA,08370,2,1
40143000055,40,143,000055,2666,24,2316,24,7,310,8,1920,16,1685,16,3,195,5,3954.34,5034.79,13757,67850,92236,NA,27750,2,1
40143000056,40,143,000056,2295,28,1996,28,16,250,5,1701,15,1496,15,11,159,5,169.03,296.98,13757,69300,93380,NA,28170,2,1
40143000057,40,143,000057,2613,21,621,21,1881,80,7,1785,11,527,11,1178,53,5,177.37,311.64,13757,75000,93380,NA,30240,2,1
40143000059,40,143,000059,2510,82,1953,82,265,202,7,1800,48,1436,48,146,116,6,178.86,314.26,13757,75000,93380,20130,30240,2,1
40143000060,40,143,000060,4801,102,4129,102,170,374,24,3480,63,3018,63,79,236,21,345.8,607.57,13757,75000,93380,NA,30240,2,1
40143000061,40,143,000061,578,6,374,6,158,38,2,439,3,272,3,134,25,2,43.62,76.64,13757,75000,93380,20130,30240,2,1
40143000062,40,143,000062,2782,20,137,20,2575,47,0,2052,14,104,14,1890,30,0,203.9,358.26,13757,75000,93380,NA,30240,2,1
40143000066,40,143,000066,3172,36,2768,36,0,358,8,2380,23,2105,23,0,221,8,236.5,415.52,18170,75000,93380,NA,30240,2,1
40143000070,40,143,000070,3176,101,2463,101,386,165,57,2546,59,2047,59,234,111,36,252.99,444.5,18170,75000,93380,NA,30240,2,1
40143000072,40,143,000072,3823,87,3396,87,60,260,19,2957,59,2606,59,32,188,13,293.83,516.26,18170,75000,93380,NA,30240,2,1
40143000078,40,143,000078,5720,192,5073,192,74,371,5,4185,109,3686,109,50,227,4,415.86,730.66,18170,6400,93107,17520,04500,2,1
40143000079,40,143,000079,5613,21,416,21,5068,104,2,3578,10,356,10,3126,74,2,355.54,624.68,13757,75000,93380,NA,30240,2,1
40143000081,40,143,000081,896,39,759,39,15,77,6,698,24,589,24,9,51,1,69.36,121.86,13757,75000,93380,NA,30240,2,1
40143000082,40,143,000082,1761,53,1533,53,22,135,15,1351,34,1172,34,12,87,12,134.25,235.87,13757,75000,93380,NA,30240,2,1
40143000083,40,143,000083,1506,27,1302,27,57,108,9,1146,14,1001,14,40,70,7,113.88,200.08,18170,75000,93380,NA,30240,2,1
40143000084,40,143,000084,3528,59,3267,59,59,135,8,2840,42,2621,42,29,99,7,282.21,495.83,18170,75000,93380,NA,30240,2,1
40143000086,40,143,000086,4436,180,3592,180,395,193,76,3682,118,2976,118,268,146,56,365.88,642.84,18170,75000,93380,NA,30240,2,1
40143000087,40,143,000087,3532,60,3217,60,141,92,21,2970,41,2692,41,101,79,16,295.12,518.53,18170,75000,93380,NA,30240,2,1
40143000088,40,143,000088,3195,78,2669,78,179,258,10,2238,41,1923,41,73,158,2,222.39,390.73,18170,75000,93380,NA,30240,2,1
40143000089,40,143,000089,3206,71,2666,71,242,189,36,2398,48,2030,48,117,132,23,238.29,418.66,18170,75000,93380,NA,30240,2,1
40143000092,40,143,000092,3483,58,3079,58,147,193,6,2526,34,2238,34,105,112,3,251.01,441.01,18170,65300,93380,NA,26880,2,1
40143000093,40,143,000093,4560,71,4125,71,33,316,15,3465,44,3136,44,21,211,9,344.31,604.95,18170,65300,93380,NA,26880,2,1
40143000094,40,143,000094,8980,116,8114,116,166,559,22,6148,62,5601,62,72,339,12,610.92,1073.37,18170,65300,93380,NA,26880,2,1
40143000095,40,143,000095,3609,21,3303,21,68,216,1,2595,14,2390,14,44,133,0,257.86,453.06,18170,65300,93380,16470,26880,2,1
40143004101,40,143,004101,2271,24,2197,24,2,36,12,1811,13,1750,13,2,25,8,179.96,316.18,18170,75000,93380,NA,30240,2,1
40143004102,40,143,004102,1097,13,1074,13,1,5,4,846,7,825,7,1,5,1,84.07,147.7,18170,75000,93380,NA,30240,2,1
40143004301,40,143,004301,2290,26,2200,26,14,38,11,1796,13,1722,13,13,29,6,178.47,313.56,18170,75000,93380,NA,30240,2,1
40143004302,40,143,004302,3303,25,3178,25,21,59,19,2631,17,2521,17,14,51,11,261.44,459.34,18170,75000,93380,NA,30240,2,1
40143005001,40,143,005001,2224,51,1940,51,102,112,19,1780,35,1541,35,66,89,14,176.88,310.77,18170,75000,93380,NA,30240,2,1
40143005002,40,143,005002,4150,93,3628,93,245,166,18,3363,71,2918,71,168,123,12,334.18,587.14,18170,75000,93380,NA,30240,2,1
40143005801,40,143,005801,4044,43,3610,43,19,356,16,2832,25,2550,25,11,210,11,281.41,494.44,13757,56650,93380,20130,23280,2,1
40143005802,40,143,005802,0,0,0,0,0,0,0,0,0,0,0,0,0,0,0,0,13757,56650,93380,NA,23280,2,1
40143005803,40,143,005803,5463,69,4988,69,112,253,41,3773,41,3456,41,60,149,26,374.92,658.72,13757,56650,93380,NA,23280,2,1
40143005804,40,143,005804,4714,51,4367,51,68,219,9,3419,27,3159,27,47,153,6,339.74,596.92,13757,56650,93380,20130,23280,2,1
40143006501,40,143,006501,2628,30,2215,30,215,159,9,1919,15,1614,15,168,101,6,190.69,335.04,18170,65300,93380,NA,26880,2,1
40143006701,40,143,006701,2972,65,1968,65,715,217,6,1908,35,1385,35,331,118,4,189.6,333.12,18170,75000,93380,NA,30240,2,1
40143006703,40,143,006703,4475,97,4108,97,40,199,29,3312,54,3026,54,23,137,18,329.11,578.24,18170,37800,93380,NA,15720,2,1
40143006705,40,143,006705,3916,64,3485,64,154,186,25,2724,31,2440,31,93,118,11,270.68,475.58,18170,75000,93380,NA,15720,2,1
40143006706,40,143,006706,3648,51,3350,51,19,179,42,2482,29,2272,29,11,116,25,246.63,433.33,18170,37800,93380,NA,15720,2,1
40143006801,40,143,006801,3205,121,2249,121,641,145,46,2444,75,1813,75,350,99,32,242.86,426.7,18170,75000,93380,NA,30240,2,1
40143006802,40,143,006802,5888,115,5042,115,438,218,72,5008,96,4279,96,311,170,56,497.64,874.34,18170,75000,93380,NA,30240,2,1
40143006901,40,143,006901,4431,43,4241,43,20,90,34,3773,28,3602,28,18,74,23,374.92,658.72,18170,75000,93380,NA,30240,2,1
40143006902,40,143,006902,1690,13,1627,13,8,28,14,1411,11,1356,11,3,21,9,140.21,246.35,18170,75000,93380,NA,30240,2,1
40143006903,40,143,006903,4516,81,4157,81,130,83,65,3752,60,3405,60,105,70,52,372.83,655.06,18170,75000,93380,NA,30240,2,1
40143006904,40,143,006904,4709,128,4132,128,150,186,113,3574,82,3113,82,91,125,81,355.14,623.98,18170,75000,93380,NA,30600,2,1
40143006905,40,143,006905,3602,123,2923,123,298,146,107,3034,100,2399,100,235,114,86,301.48,529.7,18170,75000,93380,NA,30240,2,1
40143007101,40,143,007101,3704,134,3021,134,294,207,45,2965,79,2447,79,179,149,32,294.63,517.66,18170,75000,93380,NA,30240,2,1
40143007102,40,143,007102,2437,89,2011,89,169,130,36,1979,61,1622,61,119,96,20,196.65,345.51,18170,75000,93380,NA,30240,2,1
40143007304,40,143,007304,3339,106,2593,106,265,142,230,2625,62,2139,62,160,98,104,260.84,458.3,18170,75000,93380,NA,30240,2,1
40143007305,40,143,007305,5962,266,5093,266,303,202,93,4720,174,3952,174,210,139,71,469.02,824.06,18170,75000,93380,NA,30240,2,1
40143007306,40,143,007306,5100,172,4001,172,403,278,239,3509,89,2780,89,218,174,159,348.68,612.63,18170,75000,93380,NA,30240,2,1
40143007308,40,143,007308,3285,63,2900,63,27,269,26,2348,31,2084,31,12,171,19,233.32,409.94,18170,75000,93380,NA,30240,2,1
40143007309,40,143,007309,1428,8,1342,8,13,57,8,1175,7,1099,7,7,50,5,116.76,205.14,18170,75000,93380,NA,30240,2,1
40143007310,40,143,007310,3751,86,3231,86,132,224,74,2730,56,2373,56,60,142,43,271.28,476.63,18170,75000,93380,NA,30240,2,1
40143007311,40,143,007311,3067,132,2402,132,240,221,68,1986,63,1593,63,104,123,40,197.35,346.73,18170,75000,93380,NA,30240,2,1
40143007312,40,143,007312,4772,111,3960,111,352,182,164,3430,67,2855,67,213,116,112,340.83,598.84,18170,75000,93380,NA,30240,2,1
40143007402,40,143,007402,3074,91,2730,91,55,173,23,2362,51,2089,51,34,123,14,234.71,412.38,18170,9050,93380,NA,05490,2,1
40143007404,40,143,007404,5900,159,5081,159,302,181,171,4217,100,3583,100,197,131,106,419.04,736.24,18170,9050,93380,NA,30600,2,1
40143007405,40,143,007405,4011,116,3603,116,130,117,44,2865,65,2539,65,86,82,28,284.69,500.2,18170,9050,93380,NA,05490,2,1
40143007406,40,143,007406,3436,102,3013,102,201,79,41,2398,63,2091,63,106,45,30,238.29,418.66,18170,9050,93380,NA,05490,2,1
40143007407,40,143,007407,1346,47,1130,47,89,61,18,947,25,791,25,53,41,12,94.1,165.34,18170,9050,93380,NA,05490,2,1
40143007408,40,143,007408,1356,19,1190,19,75,68,4,1046,15,916,15,50,47,3,103.94,182.62,18170,9050,93380,NA,05490,2,1
40143007503,40,143,007503,2994,68,2660,68,34,205,22,2191,40,1963,40,13,123,12,217.72,382.52,18170,9050,93380,NA,05490,2,1
40143007505,40,143,007505,0,0,0,0,0,0,0,0,0,0,0,0,0,0,0,0,18170,NA,93380,NA,05490,6,1
40143007506,40,143,007506,1821,53,1649,53,37,75,7,1268,24,1152,24,17,45,6,126,221.38,18170,9050,93380,NA,05490,2,1
40143007507,40,143,007507,3309,80,2965,80,100,140,22,2245,45,2009,45,54,78,14,223.08,391.95,18170,9050,93380,NA,05490,2,1
40143007508,40,143,007508,3998,76,3732,76,72,68,50,2506,39,2307,39,41,47,33,249.02,437.52,18170,9050,93380,NA,05490,2,1
40143007509,40,143,007509,3652,87,3381,87,67,80,36,2346,44,2145,44,39,53,21,233.12,409.59,18170,9050,93380,NA,30600,2,1
40143007510,40,143,007510,4544,68,4135,68,145,154,41,2967,45,2679,45,68,102,28,294.83,518.01,18170,9050,93380,NA,05490,2,1
40143007511,40,143,007511,2994,74,2662,74,133,98,27,1904,41,1676,41,63,67,16,189.2,332.42,18170,9050,93380,NA,05490,2,1
40143007512,40,143,007512,3223,57,2926,57,107,116,17,2118,28,1918,28,62,71,11,210.46,369.78,18170,9050,93380,NA,05490,2,1
40143007513,40,143,007513,3596,38,3342,38,42,148,26,2521,21,2351,21,22,88,18,250.51,440.14,18170,9050,93380,NA,04500,6,1
40143007514,40,143,007514,4196,57,3885,57,122,118,14,2769,38,2540,38,65,80,8,275.15,483.44,18170,9050,93380,NA,05490,2,1
40143007515,40,143,007515,4310,74,4038,74,40,127,22,2753,39,2555,39,27,83,10,273.56,480.64,18170,9050,93380,NA,05490,6,1
40143007516,40,143,007516,3007,31,2669,31,203,93,10,2089,16,1902,16,96,54,5,207.58,364.72,18170,9050,93380,NA,05490,6,1
40143007608,40,143,007608,2329,78,1448,78,672,104,25,1730,43,1171,43,385,65,23,171.91,302.04,18170,75000,93380,NA,30240,2,1
40143007609,40,143,007609,4314,116,3355,116,654,126,60,3524,81,2814,81,418,85,45,350.18,615.25,18170,75000,93380,NA,30240,2,1
40143007610,40,143,007610,4579,273,3251,273,745,143,167,3824,202,2628,202,555,111,126,379.99,667.63,18170,75000,93380,NA,15720,2,1
40143007611,40,143,007611,1468,29,1273,29,98,41,27,1211,20,1037,20,76,34,24,120.34,211.43,18170,75000,93380,NA,30240,6,1
40143007612,40,143,007612,4349,162,3525,162,471,62,127,4058,152,3128,152,464,54,108,403.24,708.48,18170,75000,93380,NA,15720,6,1
40143007613,40,143,007613,3053,36,2869,36,34,63,51,2576,30,2396,30,28,55,37,255.97,449.74,18170,75000,93380,NA,30240,6,1
40143007614,40,143,007614,2528,31,2359,31,21,38,79,1975,20,1833,20,18,31,53,196.25,344.81,18170,75000,93380,NA,15720,6,1
40143007615,40,143,007615,1909,79,1639,79,117,54,20,1524,39,1335,39,70,27,14,151.44,266.07,18170,75000,93380,NA,30240,6,1
40143007616,40,143,007616,3754,79,3483,79,89,60,41,2976,51,2746,51,56,48,24,295.72,519.58,18170,75000,93380,NA,30240,2,1
40143007617,40,143,007617,3678,167,3082,167,231,100,98,3185,125,2610,125,178,79,68,316.49,556.07,18170,75000,93380,NA,30600,2,1
40143007618,40,143,007618,2453,52,2218,52,58,34,90,1966,36,1762,36,45,26,61,195.36,343.24,18170,75000,93380,NA,30600,2,1
40143007619,40,143,007619,4226,37,3993,37,43,58,89,3135,24,2959,24,26,44,58,311.52,547.34,18170,75000,93380,NA,30600,2,1
40143007620,40,143,007620,4663,119,4153,119,211,88,92,3931,92,3429,92,177,70,71,390.62,686.31,18170,75000,93380,NA,30240,2,1
40143007621,40,143,007621,4597,75,4245,75,102,101,74,3289,40,3021,40,77,68,43,326.82,574.22,18170,75000,93380,NA,30600,6,1
40143007622,40,143,007622,4098,84,3710,84,111,105,84,3133,61,2808,61,82,69,52,311.32,546.99,18170,75000,93380,NA,30600,6,1
40143007623,40,143,007623,3155,40,2995,40,21,71,28,2296,23,2168,23,12,52,18,228.15,400.86,18170,6400,93380,NA,04500,6,1
40143007624,40,143,007624,2167,54,1976,54,15,111,11,1540,32,1392,32,10,69,5,153.03,268.87,18170,6400,93380,NA,04500,6,1
40143007625,40,143,007625,4175,84,3503,84,389,117,72,3178,57,2708,57,231,78,47,315.79,554.84,18170,75000,93380,NA,15720,6,1
40143007626,40,143,007626,4063,55,3869,55,30,51,57,2889,38,2727,38,17,36,33,287.08,504.39,18170,75000,93380,NA,15720,6,1
40143007627,40,143,007627,3857,55,3641,55,21,70,70,2784,40,2595,40,20,47,42,276.64,486.06,18170,75000,93380,NA,15720,6,1
40143007628,40,143,007628,3339,50,3177,50,26,50,33,2224,29,2096,29,16,37,17,221,388.29,18170,75000,93380,NA,15720,6,1
40143007701,40,143,007701,3343,65,2863,65,74,290,47,2191,40,1872,40,48,165,26,217.72,382.52,18170,29600,93107,NA,12720,2,1
40143007702,40,143,007702,4882,119,3944,119,84,715,20,3317,62,2725,62,45,410,13,329.61,579.11,18170,29600,93107,NA,12720,2,1
40143008001,40,143,008001,1986,38,711,38,1083,146,6,1177,16,535,16,525,83,2,116.96,205.49,13757,75000,93380,NA,30240,2,1
40143008002,40,143,008002,3215,18,291,18,2854,48,0,2222,13,263,13,1894,39,0,220.8,387.94,13757,75000,93380,NA,30240,2,1
40143008501,40,143,008501,2688,72,2323,72,149,119,25,2232,47,1926,47,104,87,21,221.79,389.68,18170,75000,93380,NA,30240,2,1
40143008502,40,143,008502,4682,56,4359,56,75,165,27,3826,37,3574,37,42,115,21,380.18,667.98,18170,75000,93380,NA,30240,2,1
40143009002,40,143,009002,3248,169,2640,169,187,144,107,2989,135,2341,135,157,120,101,297.01,521.85,18170,75000,93380,NA,30600,2,1
40143009003,40,143,009003,664,21,595,21,9,27,12,540,15,477,15,9,19,5,53.66,94.28,18170,75000,93380,NA,30600,2,1
40143009004,40,143,009004,4843,328,3482,328,579,274,179,3329,191,2375,191,282,175,115,330.8,581.21,18170,75000,93380,NA,30600,2,1
40143009006,40,143,009006,5691,125,4976,125,234,202,150,4051,81,3522,81,130,138,99,402.54,707.26,18170,75000,93380,NA,30600,2,1
40143009007,40,143,009007,6825,183,5848,183,290,237,265,4904,126,4127,126,192,161,172,487.3,856.18,18170,75000,93380,NA,30600,2,1
40143009101,40,143,009101,3383,63,1110,63,2049,153,5,2099,35,837,35,1093,95,4,208.57,366.46,13757,75000,93380,NA,30240,2,1
40143009102,40,143,009102,1544,45,1142,45,211,142,1,1127,19,870,19,121,98,0,111.99,196.76,13757,75150,93380,NA,30240,2,1
40143009103,40,143,009103,1039,5,921,5,22,90,1,788,5,707,5,11,59,1,78.3,137.58,13757,75150,93380,NA,30240,2,1
40145000301,40,145,000301,7723,73,5999,73,695,950,2,5623,38,4545,38,434,566,2,1051.96,1255.14,18170,77850,93497,NA,31350,6,2
40145000302,40,145,000302,4852,36,4087,36,96,628,5,3772,22,3248,22,70,407,3,705.67,841.97,13757,54100,93497,NA,31350,6,2
40145000303,40,145,000303,1238,27,976,27,62,169,4,923,18,744,18,43,97,3,172.68,206.03,18170,77850,93497,NA,31350,6,2
40145000308,40,145,000308,1898,14,1669,14,24,189,2,1362,9,1218,9,16,108,2,254.8,304.02,18170,9050,90676,NA,08850,6,2
40145030401,40,145,030401,3658,83,3242,83,15,276,42,2474,38,2194,38,9,170,25,462.84,552.23,18170,51650,90676,NA,06870,6,2
40145030402,40,145,030402,2731,41,2503,41,3,178,5,1980,26,1812,26,2,111,3,370.42,441.97,18170,25000,90676,NA,05490,6,2
40145030501,40,145,030501,3755,76,3389,76,92,180,14,2571,47,2304,47,53,111,9,480.99,573.89,18170,9050,90676,NA,05490,6,1
40145030502,40,145,030502,2113,20,1953,20,41,80,19,1412,10,1312,10,20,52,8,264.16,315.18,18170,9050,90676,NA,05490,6,1
40145030503,40,145,030503,2769,49,2558,49,30,119,12,1988,35,1814,35,18,83,3,371.92,443.75,18170,9050,90676,NA,05490,6,2
40145030504,40,145,030504,4235,64,3906,64,42,192,31,2874,36,2633,36,22,127,20,537.67,641.52,18170,9050,90676,NA,05490,6,1
40145030505,40,145,030505,1365,21,1268,21,4,61,11,987,12,917,12,2,39,5,184.65,220.31,18170,9050,90676,NA,05490,6,1
40145030601,40,145,030601,2518,51,2148,51,90,224,5,1828,27,1566,27,67,136,5,341.98,408.04,18170,6400,90676,NA,13950,6,1
40145030602,40,145,030602,6326,69,5183,69,244,804,19,4280,38,3594,38,140,460,10,800.71,955.36,18170,17800,90676,NA,08850,6,1
40145030798,40,145,030798,2702,14,1858,14,539,291,0,1938,7,1357,7,392,175,0,362.56,432.59,18170,60150,93120,NA,24810,6,2
40147000001,40,147,000001,1964,18,1588,18,110,218,30,1287,9,1081,9,57,113,18,194.44,354.38,13757,4450,90208,NA,03630,3,5
40147000002,40,147,000002,2206,81,1566,81,266,291,1,1749,51,1249,51,206,191,1,264.24,481.59,13757,4450,90208,NA,03630,3,5
40147000003,40,147,000003,2447,51,2057,51,98,229,12,1994,35,1688,35,70,157,9,301.25,549.06,13757,4450,90208,NA,03630,3,5
40147000004,40,147,000004,3841,50,3391,50,49,323,26,2956,30,2633,30,31,214,18,446.59,813.95,13757,4450,90208,NA,03630,3,5
40147000005,40,147,000005,6331,82,5784,82,67,304,91,4704,54,4295,54,50,199,52,710.68,1295.27,13757,4450,90208,NA,03630,3,5
40147000006,40,147,000006,6569,103,5977,103,95,276,115,4940,63,4496,63,63,181,74,746.33,1360.25,13757,4450,90208,NA,03630,3,5
40147000007,40,147,000007,5091,82,4748,82,51,124,86,3941,60,3650,60,31,94,46,595.4,1085.17,13757,4450,90208,NA,03630,3,5
40147000008,40,147,000008,3555,80,3189,80,67,210,8,2724,47,2465,47,30,130,5,411.54,750.07,13757,4450,90208,NA,03630,3,5
40147000009,40,147,000009,2376,69,1781,69,340,178,3,1674,43,1275,43,200,110,3,252.91,460.94,13757,4450,90208,NA,03630,3,5
40147000010,40,147,000010,2237,20,1967,20,1,245,4,1639,12,1454,12,1,158,2,247.62,451.31,13757,17100,90663,NA,08610,3,5
40147000011,40,147,000011,5230,109,4478,109,110,526,7,4005,76,3406,76,85,359,3,605.07,1102.79,13757,20550,90208,NA,09810,3,5
40147000012,40,147,000012,1829,13,1612,13,0,194,10,1330,5,1187,5,0,127,6,200.94,366.22,13757,4450,90208,NA,03630,3,5
40147000013,40,147,000013,4390,30,3732,30,14,599,15,3192,14,2777,14,7,371,9,821,818,13757,61700,92366,03450,25470,2,5
40149009648,40,149,009648,1468,42,1355,42,0,69,2,1122,24,1031,24,0,42,1,323.62,249.81,13905,17300,92171,NA,31670,5,6
40149009649,40,149,009649,3125,136,2900,136,16,60,13,2216,74,2019,74,14,27,8,639.16,493.39,13905,10250,92340,NA,06510,5,6
40149009650,40,149,009650,2566,154,2361,154,0,44,7,1967,86,1764,86,0,29,2,567.34,437.95,13905,66400,93185,NA,27330,5,6
40149009651,40,149,009651,3737,55,3619,55,4,53,5,2860,27,2770,27,3,31,2,824.91,636.78,13905,51250,90494,NA,08640,5,6
40149009652,40,149,009652,545,19,517,19,0,9,0,409,11,383,11,0,4,0,117.97,91.06,13905,NA,92990,02700,20600,5,6
40151009541,40,151,009541,706,4,691,4,0,10,1,529,4,515,4,0,6,0,125.92,169.44,NA,11750,90091,NA,02880,5,6
40151009542,40,151,009542,3316,39,3169,39,41,55,12,2728,27,2590,27,38,37,9,649.38,873.76,NA,1800,90091,NA,02880,5,6
40151009543,40,151,009543,2598,24,2524,24,7,30,13,2026,16,1964,16,4,18,8,482.27,648.91,NA,1800,90091,NA,02880,5,6
40151009544,40,151,009544,1951,51,1875,51,1,24,0,1534,35,1447,35,0,17,0,365.16,491.33,NA,79350,93198,NA,32040,5,6
40151009545,40,151,009545,532,23,500,23,0,7,2,417,12,388,12,0,4,1,99.26,133.56,NA,27850,93809,NA,12180,5,6
40153009531,40,153,009531,2047,57,1957,57,0,27,6,1497,27,1426,27,0,15,2,282.89,424.23,NA,49250,91872,NA,20280,5,6
40153009532,40,153,009532,3588,77,3283,77,106,108,13,2790,47,2508,47,103,77,8,527.24,790.66,NA,27350,93887,NA,21030,5,6
40153009533,40,153,009533,4191,146,3885,146,10,134,14,3059,85,2796,85,4,81,8,578.07,866.89,NA,82150,93887,NA,33180,5,6
40153009534,40,153,009534,3623,181,3331,181,10,83,17,2620,96,2351,96,7,57,13,495.11,742.48,NA,82150,93887,NA,33180,5,6
40153009535,40,153,009535,5527,114,5298,114,6,91,18,3983,58,3788,58,3,63,13,752.68,1128.74,NA,82150,93887,NA,33180,5,6
