GEOID,state,county,tract,pop,pop_white,pop_black,pop_hisp,pop_aian,pop_asian,pop_other,vap,vap_white,vap_black,vap_hisp,vap_aian,vap_asian,vap_other,ndv,nrv,ai_an_nh,place,mcd,school_elm,school,cd_1980,cd_1990
53001009501,53,001,009501,2527,42,2444,42,7,22,9,1876,18,1817,18,6,10,7,268.89,406.72,NA,58725,92800,NA,07380,5,5
53001009502,53,001,009502,1761,112,1627,112,1,7,11,1292,56,1170,56,0,4,6,185.19,280.11,NA,39510,91632,NA,04410,5,5
53001009503,53,001,009503,4633,2125,2478,2125,7,7,5,4009,1163,1669,1163,4,7,3,574.62,869.15,NA,52215,92496,NA,06480,5,5
53001009504,53,001,009504,1932,950,953,950,5,15,9,1797,523,730,523,5,11,5,257.57,389.59,NA,52215,92496,NA,06480,5,5
53001009505,53,001,009505,2750,1238,1431,1238,9,13,56,2419,674,1022,674,3,10,36,346.72,524.44,NA,52215,92496,NA,06480,5,5
53003009801,53,003,009801,2671,16,2621,16,1,17,13,1851,10,1811,10,1,10,9,475.98,395.6,NA,3075,90096,NA,00280,5,5
53003009802,53,003,009802,3596,49,3476,49,5,39,25,2600,23,2519,23,3,21,11,668.58,555.67,NA,12680,90592,NA,01320,5,5
53003009803,53,003,009803,3243,78,3034,78,8,96,26,2364,38,2213,38,5,54,16,607.9,505.23,NA,12630,90592,NA,01320,5,5
53003009804,53,003,009804,1755,39,1680,39,5,25,6,1283,21,1220,21,2,15,4,329.92,274.2,NA,77297,90592,NA,01320,5,5
53003009805,53,003,009805,3527,72,3391,72,10,33,21,2704,39,2589,39,6,19,12,695.33,577.9,NA,12630,90592,NA,01320,5,5
53003009806,53,003,009806,2813,24,2737,24,8,32,12,2070,12,2018,12,4,18,6,532.29,442.4,NA,77297,90592,NA,01320,5,5
53005000101,53,005,000101,4641,98,4224,98,53,9,250,3492,61,3171,61,33,5,161,599.67,1086.38,NA,58235,92768,NA,07320,4,4
53005000103,53,005,000103,4067,70,3899,70,33,21,43,3165,44,3014,44,21,18,24,543.51,984.65,NA,58235,92768,NA,07320,4,4
53005000104,53,005,000104,2575,83,2412,83,22,14,44,2012,56,1841,56,14,13,32,345.51,625.94,NA,58235,92768,NA,07320,4,4
53005000105,53,005,000105,3731,142,3466,142,29,37,47,2748,82,2512,82,14,24,34,471.9,854.92,NA,58235,92768,NA,07320,4,4
53005000106,53,005,000106,3647,144,3311,144,82,43,65,2662,71,2399,71,50,29,42,457.14,828.16,NA,58235,92768,NA,07320,4,4
53005000107,53,005,000107,5786,162,5441,162,43,42,93,4193,86,3905,86,31,29,56,720.05,1304.47,NA,77665,92768,NA,07320,4,4
53005000111,53,005,000111,5788,380,5259,380,34,34,75,4127,179,3680,179,22,22,45,708.71,1283.93,NA,35275,92768,NA,03930,4,4
53005000112,53,005,000112,5479,1315,3853,1315,87,53,151,4384,699,2819,699,40,44,83,752.85,1363.89,NA,35275,92768,NA,03930,4,4
53005000113,53,005,000113,4118,542,3478,542,15,43,39,3216,288,2569,288,7,35,29,552.27,1000.52,NA,35275,92768,NA,03930,4,4
53005000116,53,005,000116,597,112,482,112,0,3,0,441,65,309,65,0,2,0,75.73,137.2,NA,NA,93088,NA,03930,4,4
53005000117,53,005,000117,5337,1166,4085,1166,11,25,41,4294,632,2988,632,3,15,24,737.39,1335.89,NA,56450,92224,NA,06900,4,4
53005000118,53,005,000118,4391,1353,2979,1353,9,17,22,3591,727,2108,727,4,13,12,616.67,1117.18,NA,56450,92224,NA,06900,4,4
53005000119,53,005,000119,4148,451,3610,451,6,57,20,3002,255,2440,255,5,33,14,515.52,933.94,NA,5560,90192,NA,04020,4,4
53005000120,53,005,000120,0,0,0,0,0,0,0,0,0,0,0,0,0,0,0,0,NA,NA,91136,NA,07320,4,4
53005010201,53,005,010201,3797,89,3495,89,62,18,133,2954,60,2665,60,50,17,102,507.28,919.01,NA,58235,92768,NA,07320,4,4
53005010202,53,005,010202,4677,205,4007,205,102,31,322,3468,95,2965,95,68,20,225,595.55,1078.91,NA,58235,92768,NA,07320,4,4
53005010801,53,005,010801,5454,72,5236,72,42,15,84,3584,44,3415,44,25,12,44,615.47,1115,NA,35275,92768,NA,03930,4,4
53005010802,53,005,010802,8795,311,8061,311,105,59,255,6275,171,5652,171,72,45,164,1077.58,1952.19,NA,58235,92768,NA,07320,4,4
53005010901,53,005,010901,4562,321,4061,321,86,27,65,3678,219,3124,219,48,20,48,631.61,1144.25,NA,35275,92768,NA,03930,4,4
53005010902,53,005,010902,4041,268,3630,268,20,33,90,2951,145,2573,145,14,18,56,506.76,918.07,NA,35275,92768,NA,03930,4,4
53005011001,53,005,011001,4338,244,3905,244,75,43,65,3329,135,2937,135,47,29,46,571.68,1035.67,NA,35275,92768,NA,03930,4,4
53005011002,53,005,011002,3814,261,3421,261,56,23,52,2823,135,2465,135,32,23,33,484.78,878.25,NA,35275,92768,NA,03930,4,4
53005011401,53,005,011401,3352,228,3004,228,25,33,60,2371,117,2062,117,15,21,39,407.16,737.63,NA,35275,92768,NA,03930,4,4
53005011402,53,005,011402,4535,126,4285,126,16,23,77,3183,68,2982,68,13,19,33,546.61,990.25,NA,30775,92768,NA,03930,4,4
53005011501,53,005,011501,5497,231,5177,231,6,57,25,3903,131,3587,131,0,38,16,670.25,1214.25,NA,23865,92768,NA,02910,4,4
53005011502,53,005,011502,5393,250,4997,250,35,32,78,3624,136,3263,136,20,20,49,622.34,1127.45,NA,35275,92768,NA,03930,4,4
53007009601,53,007,009601,1631,163,1424,163,4,36,3,1312,122,1040,122,3,24,1,236.81,305.44,NA,22010,91040,NA,02550,4,4
53007009602,53,007,009602,4388,112,4210,112,7,45,12,3387,65,3219,65,4,28,6,611.34,788.52,NA,38845,91600,NA,00950,4,4
53007009603,53,007,009603,4949,620,4244,620,3,35,37,3950,336,3229,336,2,22,25,712.95,919.59,NA,11615,90544,NA,01200,4,4
53007009604,53,007,009604,2309,564,1718,564,2,18,5,1898,301,1281,301,0,11,4,342.58,441.87,NA,NA,91904,NA,04740,4,4
53007009605,53,007,009605,5311,574,4698,574,5,17,16,4120,344,3410,344,3,11,8,743.64,959.16,NA,10495,90448,NA,00950,4,4
53007009606,53,007,009606,3581,300,3244,300,1,20,16,2815,198,2398,198,0,13,8,508.09,655.35,NA,10495,90448,NA,00960,4,4
53007009607,53,007,009607,4488,187,4245,187,3,22,28,3464,121,3182,121,2,18,20,625.23,806.44,NA,68785,93712,NA,09660,4,4
53007009608,53,007,009608,8230,468,7569,468,22,67,104,6472,258,5822,258,19,50,65,1168.16,1506.72,NA,77105,93712,NA,09660,4,4
53007009609,53,007,009609,5507,264,5152,264,6,31,50,4130,125,3833,125,0,21,26,745.44,961.49,NA,77105,93712,NA,09660,4,4
53007009610,53,007,009610,5468,929,4350,929,15,99,61,4434,520,3290,520,12,59,33,800.31,1032.26,NA,77105,93712,NA,09660,4,4
53007009611,53,007,009611,3780,344,3368,344,6,38,23,3006,179,2602,179,4,29,13,542.57,699.82,NA,77105,93712,NA,09660,4,4
53007009612,53,007,009612,2608,261,2311,261,1,21,14,2016,186,1627,186,0,8,9,363.88,469.34,NA,66185,91840,NA,09660,4,4
53009009801,53,009,009801,1214,51,250,51,6,902,5,782,15,203,15,1,547,1,183.88,177.61,42205,48295,90576,NA,00840,2,6
53009009802,53,009,009802,1752,113,1418,113,125,81,15,1477,84,1118,84,122,58,11,347.3,335.47,57010,NA,90576,NA,00840,2,6
53009009803,53,009,009803,4431,252,3858,252,63,188,65,3227,183,2650,183,63,107,41,758.8,732.94,NA,24810,91168,NA,07020,2,6
53009009804,53,009,009804,927,3,885,3,1,34,4,615,2,593,2,1,15,2,144.61,139.68,NA,NA,91168,NA,07020,2,6
53009009805,53,009,009805,1488,29,1123,29,3,321,11,986,12,754,12,1,200,7,231.85,223.95,57010,24810,91168,NA,07020,2,6
53009009806,53,009,009806,2507,38,2279,38,6,156,28,1831,18,1690,18,3,83,19,430.54,415.87,40575,NA,90816,NA,01830,2,6
53009009807,53,009,009807,3631,37,3477,37,7,66,44,2672,19,2564,19,6,33,31,628.3,606.88,NA,55365,92592,NA,06820,2,6
53009009808,53,009,009808,3866,60,3627,60,15,122,40,2841,30,2666,30,10,74,31,668.03,645.27,NA,55365,92592,NA,06820,2,6
53009009809,53,009,009809,2564,63,2397,63,16,56,32,2031,34,1890,34,14,42,17,477.57,461.3,NA,55365,92592,NA,06820,2,6
53009009810,53,009,009810,1900,49,1745,49,8,69,29,1407,27,1290,27,4,45,14,330.84,319.57,NA,55365,92592,NA,06820,2,6
53009009811,53,009,009811,3957,58,3729,58,11,73,86,3039,36,2848,36,4,50,65,714.59,690.24,NA,55365,92592,NA,06820,2,6
53009009812,53,009,009812,2135,29,2036,29,9,48,12,1669,16,1583,16,9,36,9,392.45,379.08,NA,55365,92592,NA,06820,2,6
53009009813,53,009,009813,2696,55,2590,55,3,37,11,2147,33,2047,33,2,27,5,504.85,487.64,NA,55400,92592,NA,06820,2,6
53009009814,53,009,009814,3865,57,3724,57,7,52,25,2760,27,2655,27,3,30,18,648.99,626.87,NA,NA,92592,NA,06820,2,6
53009009815,53,009,009815,2111,36,1921,36,2,130,19,1502,20,1372,20,1,80,9,353.18,341.15,40575,55365,92592,NA,06820,2,6
53009009816,53,009,009816,2174,23,2098,23,0,37,15,1743,17,1680,17,0,21,8,409.85,395.88,NA,NA,90032,NA,07830,2,6
53009009817,53,009,009817,2189,26,2118,26,0,13,32,1815,15,1756,15,0,10,19,426.78,412.24,NA,NA,90032,NA,07830,2,6
53009009818,53,009,009818,1947,16,1889,16,3,33,6,1547,12,1499,12,2,17,5,363.76,351.37,NA,NA,90032,NA,07830,2,6
53009009819,53,009,009819,3167,38,3021,38,5,78,24,2720,29,2592,29,3,50,17,639.58,617.79,NA,63385,92960,NA,07830,2,6
53009009820,53,009,009820,2270,32,2194,32,0,27,17,2010,24,1930,24,0,19,13,472.63,456.53,NA,63385,92960,NA,07830,2,6
53009009821,53,009,009821,1614,42,1517,42,9,19,27,1339,29,1241,29,7,12,21,314.85,304.12,NA,63385,92960,NA,07830,2,6
53009009822,53,009,009822,2447,27,2368,27,0,16,36,1983,19,1910,19,0,7,28,466.28,450.39,NA,63385,92960,NA,07830,2,6
53009009823,53,009,009823,1578,14,1543,14,2,15,4,1299,7,1268,7,2,11,4,317.37,235.68,33900,63385,92960,NA,07830,2,6
53009980799,53,009,980799,34,2,31,2,1,0,0,36,2,31,2,1,0,0,8.47,8.18,NA,55365,92592,NA,06820,2,6
53011000401,53,011,000401,4630,122,4407,122,6,77,17,3017,59,2837,59,3,51,8,656.14,555.12,NA,79975,93888,NA,00380,3,3
53011000402,53,011,000402,7969,160,7664,160,13,74,51,5598,84,5337,84,7,53,33,1217.47,1030.02,NA,36710,91520,NA,04170,3,3
53011000403,53,011,000403,3647,86,3489,86,8,39,25,2604,42,2483,42,2,21,14,566.32,479.13,NA,58410,92784,NA,07350,3,3
53011000414,53,011,000414,3357,51,3234,51,8,23,38,2397,27,2305,27,3,8,27,521.3,441.04,NA,9480,90416,NA,00810,3,3
53011000415,53,011,000415,2444,42,2329,42,8,35,29,1846,24,1758,24,2,22,16,401.47,339.66,NA,9480,90416,NA,00810,3,3
53011000416,53,011,000416,2549,90,2196,90,52,28,183,1923,41,1687,41,25,19,110,418.22,353.83,NA,74060,93600,NA,09270,3,3
53011000417,53,011,000417,3605,188,3085,188,99,51,181,2700,114,2261,114,54,29,128,587.2,496.8,NA,74060,93600,NA,09270,3,3
53011000418,53,011,000418,3730,123,3331,123,53,75,145,2799,72,2492,72,25,51,87,608.73,515.01,NA,74060,93600,NA,09270,3,3
53011000419,53,011,000419,2107,49,1970,49,19,16,50,1817,37,1680,37,12,12,39,395.17,334.33,NA,74060,93600,NA,09270,3,3
53011000420,53,011,000420,1403,13,1329,13,15,10,36,1105,8,1056,8,8,3,22,240.32,203.32,NA,74060,93600,NA,09270,3,3
53011000421,53,011,000421,2576,101,2375,101,30,20,48,2010,64,1819,64,14,16,33,437.14,369.84,NA,74060,93600,NA,09270,3,3
53011000423,53,011,000423,3116,90,2798,90,112,60,54,2272,58,2010,58,65,40,41,494.12,418.04,NA,74060,93600,NA,09270,3,3
53011000424,53,011,000424,1063,39,943,39,41,24,16,1026,35,877,35,40,23,16,223.14,188.78,NA,74060,93600,NA,09270,3,3
53011000425,53,011,000425,1210,46,1104,46,17,22,18,1007,33,896,33,15,13,17,219,185.29,NA,74060,93600,NA,09270,3,3
53011000426,53,011,000426,4157,111,3796,111,83,43,121,3530,78,3202,78,52,32,88,767.71,649.51,NA,74060,93600,NA,09270,3,3
53011000427,53,011,000427,3548,151,3168,151,93,55,77,2902,99,2543,99,60,35,66,631.13,533.96,NA,74060,93600,NA,09270,3,3
53011000428,53,011,000428,3154,92,2882,92,70,16,92,2363,44,2160,44,49,10,56,513.91,434.79,NA,74060,93600,NA,09270,3,3
53011000429,53,011,000429,1536,34,1349,34,60,6,87,1115,12,1008,12,30,3,50,242.49,205.16,NA,74060,93600,NA,09270,3,3
53011000430,53,011,000430,1659,29,1517,29,35,11,67,1345,16,1233,16,28,5,47,292.51,247.48,NA,74060,93600,NA,09270,3,3
53011000431,53,011,000431,3751,62,3519,62,66,30,70,3003,44,2809,44,45,21,40,653.1,552.55,NA,74060,93600,NA,09270,3,3
53011040401,53,011,040401,6638,140,6316,140,28,45,109,4772,70,4508,70,19,37,68,1037.82,878.04,NA,61000,90128,NA,00380,3,3
53011040402,53,011,040402,8985,224,8581,224,21,79,73,6175,129,5814,129,11,59,33,1342.95,1136.19,NA,4475,90128,NA,00380,3,3
53011040501,53,011,040501,6656,123,6410,123,22,48,51,4370,86,4123,86,19,33,23,950.4,804.07,NA,NA,90128,NA,00380,3,3
53011040502,53,011,040502,4424,57,4291,57,9,38,26,3138,33,3030,33,5,26,11,682.46,577.39,NA,76405,90416,NA,09540,4,3
53011040503,53,011,040503,5059,63,4910,63,6,39,40,3720,28,3615,28,4,24,21,809.03,684.47,NA,76405,90416,NA,09540,3,3
53011040601,53,011,040601,4788,63,4622,63,14,31,58,3312,41,3166,41,8,21,35,720.3,609.4,NA,51700,90416,NA,02700,3,3
53011040602,53,011,040602,3851,28,3763,28,8,12,40,2812,18,2736,18,4,10,26,611.56,517.4,NA,9480,90416,NA,00810,3,3
53011040702,53,011,040702,4257,112,4074,112,6,19,46,2974,52,2830,52,1,16,23,646.79,547.21,NA,8465,90128,NA,00380,3,3
53011040703,53,011,040703,3588,107,3355,107,26,27,72,2443,53,2257,53,16,21,43,531.31,449.51,NA,24188,92448,NA,02700,3,3
53011040704,53,011,040704,5961,145,5562,145,70,101,81,4009,79,3718,79,40,51,42,871.89,737.65,NA,51700,92448,NA,02700,3,3
53011040801,53,011,040801,7719,223,7191,223,92,65,139,5609,131,5153,131,60,42,92,1219.86,1032.05,NA,61000,93600,NA,09270,3,3
53011040802,53,011,040802,5425,118,5149,118,57,31,68,3806,62,3587,62,33,21,41,827.74,700.3,NA,24188,93600,NA,00380,3,3
53011040902,53,011,040902,6422,80,6183,80,41,26,85,4912,57,4688,57,30,23,57,1068.27,903.8,NA,61000,93600,NA,07350,3,3
53011040903,53,011,040903,6258,127,5934,127,45,41,109,4374,75,4111,75,25,26,62,951.27,804.81,NA,37830,93600,NA,09270,3,3
53011040904,53,011,040904,4591,137,4223,137,56,32,134,3329,93,3003,93,31,23,86,724,612.53,NA,61000,93600,NA,09270,3,3
53011041002,53,011,041002,5241,127,4912,127,39,55,100,4203,85,3903,85,25,44,61,914.08,773.35,NA,46125,93600,NA,09270,3,3
53011041003,53,011,041003,3296,35,3134,35,40,23,64,2560,22,2450,22,20,14,32,556.75,471.04,NA,74060,93600,NA,09270,3,3
53011041005,53,011,041005,2126,78,1920,78,47,29,52,1536,35,1393,35,22,18,33,334.05,282.62,NA,74060,93600,NA,09270,3,3
53011041006,53,011,041006,6679,172,6165,172,88,62,188,4999,86,4618,86,54,39,116,1087.19,919.81,NA,37830,93600,NA,09270,3,3
53011041007,53,011,041007,2999,71,2825,71,27,20,52,2319,45,2167,45,14,15,33,504.34,426.69,NA,30319,93600,NA,09270,3,3
53011041103,53,011,041103,3708,74,3488,74,18,36,91,2955,52,2733,52,14,30,74,642.66,543.72,NA,74137,92448,NA,09270,3,3
53011041104,53,011,041104,2343,94,2145,94,37,20,47,1652,46,1498,46,23,12,27,359.28,303.97,NA,51800,92448,NA,02700,3,3
53011041105,53,011,041105,3273,60,3105,60,29,23,56,2370,31,2243,31,21,17,27,515.43,436.08,NA,76055,93600,NA,09270,3,3
53011041106,53,011,041106,7256,193,6606,193,178,57,214,5343,117,4826,117,117,36,130,1162.01,983.1,NA,46125,93600,NA,09270,3,3
53011041201,53,011,041201,4124,103,3813,103,32,31,144,3158,65,2889,65,27,22,90,686.81,581.07,NA,21425,93600,NA,02700,3,3
53011041203,53,011,041203,3701,132,3332,132,97,31,100,2653,72,2372,72,52,22,63,576.98,488.15,NA,74137,93600,NA,09270,3,3
53011041204,53,011,041204,7573,201,6875,201,124,72,292,5605,116,5065,116,69,49,190,1218.99,1031.31,NA,21420,93600,NA,02700,3,3
53011041304,53,011,041304,6813,208,6222,208,109,79,190,4764,114,4312,114,58,50,116,1036.09,876.57,NA,51800,92448,NA,02700,3,3
53011041305,53,011,041305,5942,139,5514,139,72,54,160,3878,75,3574,75,41,28,85,843.4,713.55,NA,51800,92448,NA,02700,3,3
53011041306,53,011,041306,5385,158,4926,158,98,66,136,3812,83,3451,83,67,45,83,829.04,701.4,NA,22675,93600,NA,02700,3,3
53011041307,53,011,041307,6536,177,5939,177,154,43,217,4367,95,3939,95,81,26,131,949.74,803.52,NA,22675,93600,NA,02700,3,3
53011041308,53,011,041308,6305,216,5481,216,169,40,397,4615,121,4004,121,94,25,250,1003.68,849.15,NA,10430,93600,NA,02700,3,3
53011041309,53,011,041309,4240,121,3821,121,66,17,214,3084,69,2733,69,49,14,150,670.72,567.45,NA,10440,93600,NA,02700,3,3
53011041310,53,011,041310,3527,80,3171,80,52,19,205,2778,49,2486,49,36,14,144,604.17,511.15,NA,10430,93600,NA,02700,3,3
53011041311,53,011,041311,1153,7,1109,7,8,3,23,912,4,879,4,6,3,16,198.34,167.81,NA,9480,93600,NA,02700,3,3
53013009601,53,013,009601,557,2,554,2,0,1,0,415,1,412,1,0,1,0,85.41,128.68,NA,67490,93264,NA,08400,5,5
53013009602,53,013,009602,3467,461,2961,461,1,25,16,2923,315,2265,315,1,15,12,601.59,906.32,NA,16970,90864,NA,02040,5,5
53015000001,53,015,000001,181,5,158,5,4,4,10,169,5,144,5,3,4,8,39.02,31.85,NA,40245,91664,NA,04470,3,3
53015000002,53,015,000002,2990,47,2840,47,35,27,38,2579,31,2439,31,29,22,27,595.49,486.04,NA,40245,91664,NA,04470,3,3
53015000003,53,015,000003,712,19,660,19,2,28,3,626,15,574,15,2,17,3,144.54,117.98,NA,40245,91664,NA,04470,3,3
53015000004,53,015,000004,3734,43,3596,43,14,28,53,3208,34,3074,34,8,19,39,740.73,604.58,NA,40245,91664,NA,04470,3,3
53015000008,53,015,000008,6096,59,5880,59,9,54,94,4488,28,4335,28,7,36,54,1036.28,845.81,NA,40245,91664,NA,04470,3,3
53015000009,53,015,000009,4840,29,4700,29,6,61,41,3531,20,3425,20,1,34,31,815.31,665.46,NA,77745,91664,NA,03910,3,3
53015000010,53,015,000010,1522,100,1354,100,12,32,23,1282,73,1093,73,9,22,12,296.01,241.61,NA,35065,91664,NA,03910,3,3
53015000011,53,015,000011,5319,169,4877,169,20,128,124,3829,82,3513,82,12,82,58,884.12,721.62,NA,35065,91664,NA,03910,3,3
53015000012,53,015,000012,3943,44,3841,44,7,35,14,2935,25,2844,25,5,27,9,677.69,553.13,NA,35065,91664,NA,03910,3,3
53015000013,53,015,000013,3442,152,3189,152,7,77,17,2483,84,2245,84,2,54,14,573.32,467.95,NA,35065,91664,NA,03910,3,3
53015000014,53,015,000014,483,6,465,6,3,4,5,376,4,360,4,2,4,2,86.82,70.86,NA,35065,91664,NA,03910,3,3
53015000015,53,015,000015,5577,181,5257,181,0,92,44,4082,104,3789,104,0,60,25,942.53,769.3,NA,79625,93856,NA,10050,3,3
53015000016,53,015,000016,3761,25,3663,25,5,45,23,2756,15,2679,15,3,32,12,636.36,519.4,NA,34645,91440,NA,03810,3,3
53015000017,53,015,000017,3695,58,3557,58,3,65,12,2594,35,2474,35,2,41,7,598.95,488.87,NA,NA,92864,NA,03910,3,3
53015000018,53,015,000018,1346,9,1320,9,0,15,2,928,4,907,4,0,11,2,214.28,174.89,NA,NA,90800,NA,09030,3,3
53015000019,53,015,000019,3547,60,3383,60,8,74,21,2589,35,2452,35,5,49,13,597.8,487.92,NA,77547,90464,NA,04470,3,3
53015000501,53,015,000501,2987,53,2839,53,6,47,38,2221,30,2106,30,2,33,20,512.83,418.57,NA,40245,91664,NA,04470,3,3
53015000502,53,015,000502,4177,167,3749,167,33,112,110,2727,75,2444,75,18,68,47,629.66,513.93,NA,40245,91664,NA,04470,3,3
53015000601,53,015,000601,3750,116,3408,116,51,72,97,2750,64,2493,64,17,46,66,634.97,518.27,NA,40245,91664,NA,04470,3,3
53015000602,53,015,000602,3351,43,3186,43,4,42,74,2575,28,2441,28,2,28,48,594.57,485.29,NA,40245,91664,NA,04470,3,3
53015000701,53,015,000701,5809,118,5444,118,25,82,135,4051,59,3790,59,13,52,78,935.38,763.45,NA,40245,91664,NA,04470,3,3
53015000702,53,015,000702,3087,67,2914,67,3,42,58,2118,31,1998,31,1,22,35,489.05,399.16,NA,40245,91664,NA,04470,3,3
53015002001,53,015,002001,3000,34,2878,34,5,49,34,2301,17,2212,17,3,35,17,531.3,433.65,NA,NA,90464,NA,00990,3,3
53015002002,53,015,002002,4770,68,4580,68,20,71,25,3430,34,3290,34,10,50,12,791.99,646.42,NA,10565,90464,NA,00990,3,3
53017009501,53,017,009501,5141,1547,3487,1547,11,79,14,4446,919,2543,919,5,52,8,805.18,1036.34,NA,7870,90320,NA,00720,4,4
53017009502,53,017,009502,1897,105,1770,105,2,17,3,1399,53,1279,53,2,9,3,253.36,326.1,NA,76510,93696,NA,09600,4,4
53017009503,53,017,009503,3724,414,3275,414,1,26,7,2913,236,2414,236,0,22,5,527.55,679,NA,59180,90944,NA,02310,4,4
53017009504,53,017,009504,2995,92,2873,92,2,18,9,2254,59,2117,59,0,15,4,408.21,525.39,NA,20190,90944,NA,02310,4,4
53017009505,53,017,009505,2851,114,2681,114,5,22,29,2187,64,2018,64,4,15,22,396.07,509.78,NA,20155,90944,NA,02310,4,4
53017009506,53,017,009506,3355,65,3237,65,6,13,32,2335,34,2236,34,2,8,21,422.88,544.28,NA,20190,90944,NA,02310,4,4
53017009507,53,017,009507,2887,108,2734,108,10,19,16,2146,57,1998,57,6,14,14,388.65,500.22,NA,20190,90944,NA,02310,4,4
53017009508,53,017,009508,3355,276,3018,276,4,19,37,2535,163,2166,163,2,11,30,459.1,590.89,NA,20190,90944,NA,02310,4,4
53019009801,53,019,009801,2212,47,2036,47,20,96,12,1562,24,1438,24,11,57,8,333,308.24,NA,NA,90832,NA,01890,5,5
53019009802,53,019,009802,2531,23,2450,23,0,49,8,1778,12,1712,12,0,37,5,379.05,350.86,NA,57850,92752,NA,07260,5,5
53019009803,53,019,009803,1552,15,558,15,0,976,3,1013,8,404,8,0,592,1,215.96,199.9,14240,33105,90704,03870,00002,5,5
53021000201,53,021,000201,3917,2438,973,2438,441,26,18,3610,1275,707,1275,323,16,14,477.82,684.85,NA,53545,92512,NA,06570,4,4
53021000202,53,021,000202,4679,2433,1997,2433,148,28,52,4431,1333,1603,1333,99,24,39,586.49,840.6,NA,53545,92512,NA,06570,4,4
53021000203,53,021,000203,4172,1425,2318,1425,179,34,202,3424,745,1721,745,89,24,100,453.2,649.56,NA,53545,92512,NA,06570,4,4
53021000204,53,021,000204,6351,1988,3836,1988,294,48,160,5544,1138,2966,1138,163,31,108,733.81,1051.74,NA,53545,92512,NA,06570,4,4
53021000206,53,021,000206,4077,753,3238,753,36,8,41,2971,396,2130,396,17,7,25,393.24,563.62,NA,53545,92528,NA,06570,4,4
53021000207,53,021,000207,1095,109,971,109,9,4,2,773,57,647,57,7,4,1,102.31,146.64,NA,34575,91424,NA,03780,4,4
53021000208,53,021,000208,5148,1565,3337,1565,7,14,215,3929,848,2102,848,2,10,119,520.04,745.36,NA,14485,90752,NA,05730,4,4
53021020501,53,021,020501,1922,37,1828,37,12,17,25,1383,19,1318,19,8,7,12,183.05,262.37,NA,77612,92512,NA,06570,4,4
53021020502,53,021,020502,6112,568,5286,568,125,38,90,4503,296,3761,296,70,27,53,596.02,854.26,NA,77612,92512,NA,06570,4,4
53023009701,53,023,009701,372,5,367,5,0,0,0,250,2,246,2,0,0,0,78.59,87.87,NA,NA,93040,NA,06780,5,5
53023009702,53,023,009702,1876,17,1840,17,0,12,7,1420,7,1399,7,0,4,3,446.41,499.13,NA,55120,92576,NA,06780,5,5
53025009801,53,025,009801,3553,43,3273,43,42,179,16,2659,22,2489,22,22,95,9,419.98,558.04,NA,27855,91296,NA,03130,4,4
53025009802,53,025,009802,1753,69,1632,69,21,18,12,1210,37,1102,37,18,10,6,191.12,253.94,NA,79135,93792,NA,05220,4,4
53025009803,53,025,009803,2902,67,2787,67,9,20,18,2267,35,2164,35,8,12,13,358.07,475.77,NA,65345,91072,NA,08070,4,4
53025009804,53,025,009804,5656,221,5328,221,13,38,50,4085,98,3836,98,3,28,22,645.22,857.31,NA,22080,91072,NA,02610,4,4
53025009805,53,025,009805,2400,246,2118,246,0,6,27,1837,153,1505,153,0,6,20,290.15,385.53,NA,57115,92720,NA,07080,4,4
53025009806,53,025,009806,3870,1488,2304,1488,8,16,51,3467,863,1688,863,4,8,41,547.6,727.61,NA,57115,92720,NA,07080,4,4
53025009807,53,025,009807,1963,175,1774,175,0,1,12,1430,98,1225,98,0,1,8,225.86,300.11,NA,26455,91200,NA,05220,4,4
53025009808,53,025,009808,3806,606,2914,606,166,67,50,2552,278,1824,278,96,36,40,403.08,535.58,NA,47280,92032,NA,05220,4,4
53025009809,53,025,009809,7142,1140,5727,1140,116,87,64,5567,627,4126,627,88,52,47,879.29,1168.33,NA,47245,92032,NA,05220,4,4
53025009810,53,025,009810,5993,926,4778,926,100,27,150,4688,559,3380,559,70,18,102,740.46,983.86,NA,47245,92032,NA,05220,4,4
53025009811,53,025,009811,4317,810,3341,810,81,23,60,3725,494,2605,494,64,19,49,588.35,781.75,NA,47245,92032,NA,05220,4,4
53025009812,53,025,009812,2624,105,2485,105,3,6,19,1784,57,1648,57,2,6,14,281.78,374.4,NA,22080,91072,NA,02610,4,4
53025009813,53,025,009813,2678,1110,1510,1110,8,10,38,2281,606,1036,606,4,7,22,360.28,478.71,NA,76160,93680,NA,09510,4,4
53025009814,53,025,009814,6101,2421,3609,2421,2,31,37,5399,1471,2402,1471,0,23,32,852.76,1133.07,NA,44165,93104,NA,09360,4,4
53027000001,53,027,000001,1321,36,503,36,2,775,4,869,19,348,19,2,478,3,250.97,137.02,57080,70175,92704,NA,08730,2,6
53027000002,53,027,000002,4391,58,4084,58,18,203,27,3580,38,3333,38,14,137,20,1033.92,564.48,NA,50570,92176,NA,05700,2,6
53027000003,53,027,000003,3548,39,3396,39,0,84,29,2511,22,2393,22,0,52,22,725.19,395.93,57080,NA,91568,NA,07050,2,6
53027000004,53,027,000004,6223,60,6036,60,7,82,35,4513,39,4353,39,3,55,24,1303.37,711.59,NA,46895,93872,NA,05160,2,6
53027000005,53,027,000005,5964,154,5625,154,14,75,95,4204,64,3983,64,8,49,36,1214.13,662.87,NA,21450,91024,NA,02490,2,3
53027000006,53,027,000006,2961,43,2852,43,4,50,11,2135,26,2036,26,3,36,8,616.6,336.64,NA,41225,91824,NA,04890,2,3
53027000007,53,027,000007,3603,55,3127,55,3,396,20,2501,29,2207,29,2,220,14,722.3,394.35,11510,50430,92288,NA,06000,3,3
53027000008,53,027,000008,3884,38,3754,38,0,56,34,2885,24,2784,24,0,35,18,833.2,454.9,NA,11195,90016,NA,00030,3,6
53027000009,53,027,000009,5580,153,5184,153,11,139,92,4241,89,3912,89,8,83,60,1224.82,668.71,NA,100,90016,NA,00030,3,6
53027000010,53,027,000010,3612,116,3226,116,23,141,101,2783,74,2487,74,12,84,52,803.74,438.81,NA,100,90016,NA,00030,3,6
53027000011,53,027,000011,4343,64,4140,64,2,63,74,3370,38,3220,38,2,37,35,973.27,531.37,NA,100,90016,NA,00030,3,6
53027000012,53,027,000012,4519,124,4191,124,12,136,55,3255,68,2992,68,5,86,36,940.06,513.24,NA,100,90016,NA,00030,3,6
53027000013,53,027,000013,3977,119,3701,119,2,126,29,2977,70,2737,70,1,78,21,859.77,469.4,NA,32300,90016,NA,03660,3,6
53027000014,53,027,000014,2223,22,2075,22,6,99,21,1629,15,1524,15,3,60,12,470.46,256.86,NA,32300,90016,NA,03660,3,6
53027000015,53,027,000015,3886,48,3684,48,5,110,39,2862,29,2716,29,3,60,25,826.56,451.27,NA,32300,90016,NA,03660,3,3
53027000016,53,027,000016,4140,44,3998,44,7,74,16,3219,28,3095,28,4,51,13,929.66,507.56,NA,77630,93120,NA,06090,3,3
53027001798,53,027,001798,0,0,0,0,0,0,0,0,0,0,0,0,0,0,0,0,NA,NA,93872,NA,04800,2,6
53029009701,53,029,009701,3573,103,3250,103,48,35,133,2649,63,2361,63,35,28,99,466.78,564.49,NA,NA,92256,NA,05940,2,2
53029009702,53,029,009702,3876,297,2952,297,397,30,194,3792,266,2707,266,362,26,165,668.19,808.06,NA,3215,92256,NA,05940,2,2
53029009703,53,029,009703,3122,82,2868,82,33,17,120,2368,54,2153,54,20,12,75,417.27,504.61,NA,NA,92256,NA,05940,2,2
53029009704,53,029,009704,3702,147,3232,147,59,32,232,2700,94,2300,94,41,22,149,475.77,575.36,NA,50360,92256,NA,05940,2,2
53029009705,53,029,009705,4068,114,3691,114,72,29,161,2944,70,2649,70,38,15,102,518.76,627.36,NA,50360,92256,NA,05940,2,2
53029009706,53,029,009706,6448,299,5286,299,219,60,578,4665,184,3724,184,145,38,390,822.02,994.1,NA,50360,92256,NA,05940,2,2
53029009707,53,029,009707,2018,110,1691,110,78,16,123,1651,76,1355,76,53,11,80,290.92,351.82,NA,50360,92256,NA,05940,2,2
53029009708,53,029,009708,2924,107,2504,107,104,33,176,2173,75,1814,75,68,22,119,382.91,463.06,NA,50360,92256,NA,05940,2,2
53029009709,53,029,009709,4861,366,3745,366,327,40,379,2799,172,2069,172,169,20,197,493.21,596.46,NA,50360,92256,NA,05940,2,2
53029009710,53,029,009710,3564,89,3325,89,42,21,87,2819,52,2626,52,20,12,57,496.74,600.72,NA,15185,90528,NA,01800,2,2
53029009711,53,029,009711,2189,34,2117,34,12,11,15,1713,22,1642,22,9,9,9,301.85,365.04,NA,15185,90528,NA,01800,2,2
53029009712,53,029,009712,830,9,807,9,0,2,12,716,5,697,5,0,2,7,126.17,152.58,NA,NA,90528,NA,01800,2,2
53029009713,53,029,009713,1622,28,1560,28,2,3,24,1330,18,1270,18,2,3,19,234.36,283.42,NA,25510,90528,NA,01800,2,2
53029009714,53,029,009714,1791,19,1741,19,0,18,13,1426,10,1386,10,0,12,8,251.28,303.88,NA,NA,90400,NA,08340,2,2
53029009715,53,029,009715,2236,15,2198,15,2,9,12,1855,14,1807,14,1,9,10,429.68,401.46,NA,NA,90400,NA,08340,2,2
53029009716,53,029,009716,1461,14,1414,14,2,11,20,1179,6,1144,6,1,9,13,207.75,251.24,NA,NA,90400,NA,08340,2,2
53029009717,53,029,009717,1841,12,1811,12,1,7,10,1518,10,1484,10,1,6,7,267.49,323.48,NA,NA,90400,NA,08340,2,2
53029009718,53,029,009718,2207,40,2134,40,4,17,12,1819,27,1737,27,4,14,10,320.53,387.62,NA,25510,93168,NA,08190,2,2
53029009719,53,029,009719,2197,33,2094,33,3,26,41,1686,18,1610,18,2,18,20,297.09,359.28,NA,25510,93168,NA,08190,2,2
53029009720,53,029,009720,2975,44,2873,44,9,14,35,2166,27,2074,27,1,12,25,381.67,461.57,NA,38355,93168,NA,08190,2,2
53029009721,53,029,009721,2690,44,2578,44,10,30,27,2050,30,1958,30,3,15,14,361.23,436.85,NA,13155,93168,NA,08190,2,2
53031009501,53,031,009501,659,14,378,14,1,264,2,435,7,271,7,0,148,2,106.28,78.92,57080,NA,93728,NA,01380,2,6
53031009502,53,031,009502,2508,22,2419,22,4,41,19,1987,15,1916,15,2,22,17,485.46,360.51,NA,NA,92688,NA,00750,2,6
53031009503,53,031,009503,3117,33,3003,33,11,48,22,2602,20,2510,20,6,33,13,635.72,472.09,NA,29167,92272,NA,01290,2,6
53031009504,53,031,009504,3095,48,2925,48,16,72,34,2325,27,2178,27,12,61,20,568.04,421.83,NA,29167,92272,NA,01290,2,6
53031009505,53,031,009505,3675,35,3549,35,11,48,32,2934,16,2842,16,4,35,21,716.83,532.33,NA,29167,90896,NA,06840,2,6
53031009506,53,031,009506,7087,89,6791,89,35,84,79,5444,57,5206,57,17,57,50,1330.07,987.73,NA,55855,90896,NA,06840,2,6
53031950699,53,031,950699,5,0,5,0,0,0,0,5,0,5,0,0,0,0,1.22,0.91,NA,55855,90896,NA,06840,2,6
53033000001,53,033,000001,4891,179,3549,179,329,55,770,4175,130,3076,130,211,43,585,857.29,588.59,NA,63000,92928,NA,07710,1,7
53033000002,53,033,000002,7097,218,5624,218,211,103,936,6026,152,4818,152,135,64,705,1237.38,849.54,NA,63000,92928,NA,07710,1,7
53033000003,53,033,000003,2466,77,1967,77,114,34,270,2033,57,1636,57,61,25,197,417.45,286.61,NA,63000,92928,NA,07710,1,7
53033000004,53,033,000004,7953,264,6811,264,183,107,581,7089,189,6058,189,133,78,442,1455.65,999.4,NA,63000,92928,NA,07710,1,1
53033000005,53,033,000005,3123,63,2926,63,22,14,98,2622,38,2437,38,15,14,80,538.4,369.65,NA,63000,92928,NA,07710,1,1
53033000006,53,033,000006,6585,217,5221,217,145,59,928,5697,158,4523,158,105,44,709,1169.82,803.16,NA,63000,92928,NA,07710,1,7
53033000007,53,033,000007,3370,102,2765,102,112,22,364,2966,87,2399,87,88,22,283,609.04,418.14,NA,63000,92928,NA,07710,1,7
53033000008,53,033,000008,2496,76,2096,76,57,23,243,2073,52,1741,52,38,19,171,425.67,292.25,NA,63000,92928,NA,07710,1,7
53033000009,53,033,000009,1855,30,1667,30,20,8,128,1559,19,1413,19,17,4,87,320.12,219.79,NA,63000,92928,NA,07710,1,7
53033000010,53,033,000010,1518,70,1214,70,65,17,147,1264,48,1014,48,38,16,100,259.55,178.2,NA,63000,92928,NA,07710,1,7
53033000011,53,033,000011,2090,57,1743,57,45,24,220,1786,41,1492,41,27,17,168,366.74,251.79,NA,63000,92928,NA,07710,1,7
53033000012,53,033,000012,5378,250,4049,250,263,58,752,4894,174,3693,174,205,49,599,1004.93,689.95,NA,63000,92928,NA,07710,1,7
53033000013,53,033,000013,3872,142,3034,142,184,54,457,3387,100,2672,100,120,44,351,695.48,477.5,NA,63000,92928,NA,07710,7,7
53033000014,53,033,000014,4404,141,3896,141,68,63,235,3721,96,3267,96,45,42,175,764.07,524.58,NA,63000,92928,NA,07710,7,7
53033000015,53,033,000015,2352,54,2193,54,14,4,84,1980,42,1829,42,7,4,56,406.57,279.14,NA,63000,92928,NA,07710,1,1
53033000016,53,033,000016,3759,46,3518,46,41,31,117,3249,32,3049,32,32,22,82,667.15,458.04,NA,63000,92928,NA,07710,1,1
53033000017,53,033,000017,6781,305,5360,305,177,155,782,5792,224,4565,224,102,97,580,1189.33,816.55,NA,63000,92928,NA,07710,7,1
53033000018,53,033,000018,3490,145,2774,145,170,71,327,3034,111,2410,111,105,49,248,623,427.73,NA,63000,92928,NA,07710,7,7
53033000019,53,033,000019,3180,131,2699,131,69,33,248,2838,94,2386,94,45,16,203,582.75,400.1,NA,63000,92928,NA,07710,7,7
53033000020,53,033,000020,2880,62,2517,62,65,21,210,2477,50,2169,50,36,16,156,508.63,349.21,NA,63000,92928,NA,07710,7,7
53033000021,53,033,000021,3433,95,2954,95,72,34,278,2895,72,2467,72,49,21,214,594.46,408.14,NA,63000,92928,NA,07710,1,7
53033000022,53,033,000022,5326,113,4628,113,89,14,478,4477,81,3890,81,63,11,351,919.3,631.16,NA,63000,92928,NA,07710,1,7
53033000024,53,033,000024,2759,89,2307,89,42,14,305,2320,65,1932,65,29,10,219,476.39,327.07,NA,63000,92928,NA,07710,1,7
53033000025,53,033,000025,1311,26,1130,26,24,8,123,1136,22,978,22,17,5,92,233.27,160.15,NA,63000,92928,NA,07710,1,7
53033000026,53,033,000026,4181,76,3786,76,87,18,213,3574,60,3219,60,58,13,164,733.88,503.86,NA,63000,92928,NA,07710,7,7
53033000027,53,033,000027,4753,111,4332,111,45,40,219,4140,88,3733,88,33,25,173,850.11,583.65,NA,63000,92928,NA,07710,7,7
53033000028,53,033,000028,3982,136,3590,136,53,49,145,3541,97,3151,97,39,37,120,727.11,499.21,NA,63000,92928,NA,07710,7,7
53033000029,53,033,000029,3924,115,3566,115,56,43,135,3329,79,3007,79,29,34,101,683.57,469.32,NA,63000,92928,NA,07710,7,7
53033000030,53,033,000030,5117,153,4668,153,42,69,181,4314,91,3912,91,32,49,139,885.83,608.18,NA,63000,92928,NA,07710,7,7
53033000031,53,033,000031,5764,99,5420,99,36,57,146,4734,61,4438,61,24,36,114,972.08,667.4,NA,63000,92928,NA,07710,7,7
53033000032,53,033,000032,7035,190,6411,190,91,98,241,6187,143,5585,143,58,75,183,1270.43,872.24,NA,63000,92928,NA,07710,1,7
53033000033,53,033,000033,5674,211,4976,211,114,107,260,4887,140,4245,140,71,77,214,1003.49,688.97,NA,63000,92928,NA,07710,7,7
53033000034,53,033,000034,3227,82,2890,82,58,71,125,2717,57,2417,57,44,49,93,557.91,383.04,NA,63000,92928,NA,07710,7,7
53033000035,53,033,000035,3640,91,3347,91,46,44,107,3163,67,2875,67,32,29,93,649.49,445.92,NA,63000,92928,NA,07710,7,7
53033000036,53,033,000036,4439,103,4026,103,62,30,216,4116,96,3665,96,47,25,187,845.18,580.27,NA,63000,92928,NA,07710,7,7
53033000037,53,033,000037,1172,30,1036,30,34,5,65,1007,22,883,22,26,4,50,206.78,141.97,NA,63000,92928,NA,07710,7,7
53033000038,53,033,000038,1847,39,1582,39,35,2,186,1592,33,1353,33,28,1,144,326.9,224.44,NA,63000,92928,NA,07710,7,7
53033000039,53,033,000039,2715,58,2377,58,35,19,223,2229,39,1949,39,23,12,167,457.7,314.24,NA,63000,92928,NA,07710,1,7
53033000041,53,033,000041,7433,184,6539,184,85,52,564,5791,122,5092,122,51,22,382,1189.12,816.41,NA,63000,92928,NA,07710,7,7
53033000042,53,033,000042,6880,165,6174,165,150,55,327,5784,124,5161,124,82,33,260,1187.68,815.42,NA,63000,92928,NA,07710,1,7
53033000043,53,033,000043,6133,195,5058,195,160,71,638,5637,157,4624,157,117,57,525,1157.5,794.7,NA,63000,92928,NA,07710,7,7
53033000044,53,033,000044,5643,214,4642,214,141,58,581,5331,185,4237,185,128,51,545,1094.66,751.56,NA,63000,92928,NA,07710,7,7
53033000045,53,033,000045,2320,93,2051,93,56,23,94,2048,63,1788,63,41,20,73,420.54,288.73,NA,63000,92928,NA,07710,7,7
53033000046,53,033,000046,2995,89,2699,89,53,20,131,2545,58,2279,58,38,18,94,522.59,358.79,NA,63000,92928,NA,07710,7,7
53033000047,53,033,000047,4392,169,3851,169,88,118,162,4009,134,3469,134,59,86,127,823.21,565.19,NA,63000,92928,NA,07710,7,7
53033000048,53,033,000048,4153,125,3704,125,95,64,156,3638,91,3235,91,54,48,119,747.02,512.88,NA,63000,92928,NA,07710,7,7
53033000049,53,033,000049,5291,165,4665,165,130,85,237,4911,131,4277,131,95,71,206,1008.42,692.35,NA,63000,92928,NA,07710,7,7
53033000050,53,033,000050,2702,95,2406,95,61,26,111,2467,72,2161,72,50,21,91,506.57,347.8,NA,63000,92928,NA,07710,7,7
53033000051,53,033,000051,3392,100,3044,100,42,24,178,2984,82,2624,82,34,21,141,612.73,420.68,NA,63000,92928,NA,07710,7,7
53033000052,53,033,000052,4576,123,3615,123,119,32,676,4415,113,3399,113,109,31,650,906.57,622.42,NA,63000,92928,NA,07710,7,7
53033000054,53,033,000054,3821,99,3391,99,73,53,200,3553,86,3114,86,47,39,181,729.57,500.9,NA,63000,92928,NA,07710,7,7
53033000055,53,033,000055,383,32,255,32,43,13,40,211,14,146,14,17,4,16,43.33,29.75,NA,63000,92928,NA,07710,1,7
53033000056,53,033,000056,6163,84,5823,84,50,14,190,5110,64,4796,64,33,10,143,1049.28,720.4,NA,63000,92928,NA,07710,1,7
53033000057,53,033,000057,5374,141,4775,141,45,41,370,4548,103,3996,103,34,33,279,933.88,641.17,NA,63000,92928,NA,07710,1,7
53033000059,53,033,000059,5997,128,5523,128,72,35,236,5405,108,4896,108,53,32,208,1109.86,761.99,NA,63000,92928,NA,07710,7,7
53033000060,53,033,000060,4510,76,4079,76,97,44,211,4036,55,3630,55,80,36,180,828.75,568.99,NA,63000,92928,NA,07710,7,7
53033000061,53,033,000061,4347,100,3951,100,80,26,184,4107,91,3663,91,70,23,169,843.33,579,NA,63000,92928,NA,07710,7,7
53033000062,53,033,000062,3884,76,3402,76,224,15,165,3145,50,2722,50,177,14,132,645.79,443.38,NA,63000,92928,NA,07710,7,7
53033000063,53,033,000063,5140,63,4864,63,110,10,91,4491,50,4213,50,94,10,74,922.18,633.14,NA,63000,92928,NA,07710,7,7
53033000064,53,033,000064,3285,108,2660,108,359,16,139,2662,72,2114,72,288,13,103,546.61,375.29,NA,63000,92928,NA,07710,7,7
53033000065,53,033,000065,4141,101,3672,101,148,43,175,3805,91,3316,91,127,36,144,781.32,536.43,NA,63000,92928,NA,07710,7,7
53033000066,53,033,000066,2707,59,2433,59,92,15,107,2625,51,2327,51,81,14,101,539.02,370.07,NA,63000,92928,NA,07710,7,7
53033000069,53,033,000069,3813,74,3505,74,53,21,157,3353,52,3060,52,39,17,133,688.5,472.7,NA,63000,92928,NA,07710,7,7
53033000070,53,033,000070,6582,170,5961,170,176,38,232,6411,145,5709,145,166,36,210,1316.43,903.82,NA,63000,92928,NA,07710,7,7
53033000071,53,033,000071,1506,68,1272,68,73,31,58,1498,60,1241,60,52,30,55,307.6,211.19,NA,63000,92928,NA,07710,7,7
53033000072,53,033,000072,1710,64,1445,64,104,28,66,1735,60,1426,60,96,27,66,356.26,244.6,NA,63000,92928,NA,07710,7,7
53033000073,53,033,000073,758,66,542,66,48,48,49,753,52,522,52,44,38,45,154.62,106.16,NA,63000,92928,NA,07710,7,7
53033000074,53,033,000074,7749,350,6207,350,594,112,478,7852,325,6088,325,557,104,453,1612.32,1106.97,NA,63000,92928,NA,07710,7,7
53033000075,53,033,000075,5368,228,4313,228,504,62,246,5242,203,4148,203,412,57,219,1076.39,739.01,NA,63000,92928,NA,07710,7,7
53033000076,53,033,000076,3137,95,2071,95,826,27,101,2743,78,1872,78,618,22,75,563.25,386.71,NA,63000,92928,NA,07710,7,7
53033000077,53,033,000077,3779,113,1077,113,2426,34,113,2991,79,962,79,1760,26,85,614.17,421.67,NA,63000,92928,NA,07710,7,7
53033000078,53,033,000078,5273,103,3400,103,1522,15,207,4266,76,2743,76,1206,10,155,875.98,601.42,NA,63000,92928,NA,07710,7,7
53033000079,53,033,000079,3872,135,2026,135,1477,48,181,3429,114,1957,114,1070,37,137,704.11,483.42,NA,63000,92928,NA,07710,7,7
53033000080,53,033,000080,3039,98,2534,98,209,75,122,3091,97,2506,97,205,72,114,634.7,435.77,NA,63000,92928,NA,07710,7,7
53033000081,53,033,000081,1844,131,1284,131,292,63,72,1903,125,1247,125,277,60,69,390.76,268.28,NA,63000,92928,NA,07710,7,7
53033000082,53,033,000082,1668,59,1282,59,113,42,171,1681,52,1267,52,108,38,164,345.18,236.99,NA,63000,92928,NA,07710,7,7
53033000083,53,033,000083,3255,122,2550,122,269,89,222,3263,111,2498,111,260,84,199,670.02,460.02,NA,63000,92928,NA,07710,7,7
53033000084,53,033,000084,2598,119,1974,119,236,45,220,2635,112,1939,112,220,39,213,541.07,371.48,NA,63000,92928,NA,07710,7,7
53033000085,53,033,000085,3950,272,1969,272,1177,141,387,3924,240,1926,240,1080,114,324,805.75,553.2,NA,63000,92928,NA,07710,7,7
53033000086,53,033,000086,3016,285,1575,285,575,70,507,2749,205,1449,205,403,57,430,564.48,387.55,NA,63000,92928,NA,07710,7,7
53033000087,53,033,000087,3300,124,803,124,1898,41,420,2516,77,712,77,1291,27,332,516.63,354.7,NA,63000,92928,NA,07710,7,7
53033000088,53,033,000088,3278,91,577,91,2419,42,141,2514,66,488,66,1767,27,100,516.22,354.42,NA,63000,92928,NA,07710,7,7
53033000089,53,033,000089,4218,192,1470,192,2242,25,282,3361,126,1328,126,1544,16,221,690.15,473.83,NA,63000,92928,NA,07710,7,7
53033000090,53,033,000090,1875,39,259,39,759,26,789,1516,26,230,26,510,17,707,311.29,213.72,NA,63000,92928,NA,07710,7,7
53033000091,53,033,000091,1598,158,449,158,293,54,642,1461,121,423,121,205,46,545,300,205.97,NA,63000,92928,NA,07710,7,7
53033000092,53,033,000092,1675,127,823,127,287,46,391,1768,126,816,126,282,42,376,363.04,249.25,NA,63000,92928,NA,07710,7,7
53033000093,53,033,000093,2049,120,866,120,333,75,649,1905,96,830,96,285,64,534,391.17,268.57,NA,63000,92928,NA,07710,7,7
53033000094,53,033,000094,4933,329,1083,329,878,126,2501,4117,210,979,210,657,86,1975,845.38,580.41,NA,63000,92928,NA,07710,7,7
53033000095,53,033,000095,5409,118,2559,118,1786,62,874,4139,78,2003,78,1296,43,641,849.9,583.51,NA,63000,92928,NA,07710,7,7
53033000096,53,033,000096,4719,95,4405,95,42,37,139,4227,81,3886,81,30,34,115,867.97,595.92,NA,63000,92928,NA,07710,7,7
53033000097,53,033,000097,10289,262,9543,262,102,79,298,8867,188,8155,188,64,55,217,1820.74,1250.06,NA,63000,92928,NA,07710,7,7
53033000098,53,033,000098,5611,157,5083,157,79,62,220,4680,103,4211,103,51,41,171,960.99,659.78,NA,63000,92928,NA,07710,7,7
53033000099,53,033,000099,3658,166,2787,166,312,83,306,2998,103,2323,103,200,66,203,615.61,422.66,NA,63000,92928,NA,07710,7,7
53033000100,53,033,000100,7557,325,1883,325,1414,157,3748,6019,226,1618,226,971,100,2878,1235.94,848.55,NA,63000,92928,NA,07710,7,7
53033000101,53,033,000101,5730,215,2034,215,2137,85,1246,4362,137,1692,137,1407,55,934,895.69,614.95,NA,63000,92928,NA,07710,7,7
53033000102,53,033,000102,4676,173,2259,173,1211,46,970,3720,125,1903,125,813,27,727,763.86,524.44,NA,63000,92928,NA,07710,7,7
53033000103,53,033,000103,5363,208,1454,208,2295,91,1296,3975,133,1243,133,1469,64,933,816.22,560.39,NA,63000,92928,NA,07710,7,7
53033000104,53,033,000104,7832,319,1972,319,1305,105,4124,6229,204,1741,204,908,60,3112,1279.06,878.16,NA,63000,92928,NA,07710,7,7
53033000105,53,033,000105,5278,168,4788,168,108,45,165,4630,113,4164,113,83,35,122,950.72,652.73,NA,63000,92928,NA,07710,7,7
53033000106,53,033,000106,6892,193,6133,193,197,80,283,5887,134,5208,134,136,64,211,1208.83,829.95,NA,63000,92928,NA,07710,7,7
53033000107,53,033,000107,5527,400,2139,400,1317,215,1441,3704,221,1681,221,683,115,783,760.58,522.19,NA,63000,92928,NA,07710,7,7
53033000108,53,033,000108,3550,238,2158,238,272,108,757,2642,131,1674,131,144,65,497,542.51,372.47,NA,63000,92928,NA,07710,7,7
53033000109,53,033,000109,1238,152,808,152,97,63,117,1107,103,708,103,67,49,77,227.31,156.06,NA,63000,92928,NA,07710,7,7
53033000110,53,033,000110,6251,294,935,294,2058,160,2792,4187,154,754,154,1187,92,1846,859.76,590.28,NA,63000,92928,NA,07710,7,7
53033000111,53,033,000111,8182,420,2170,420,2413,83,3073,5949,263,1748,263,1554,52,2069,1221.56,838.69,NA,63000,92928,NA,07710,7,7
53033000112,53,033,000112,2809,420,1725,420,229,82,351,2310,263,1380,263,130,62,212,474.33,325.66,NA,63000,92928,NA,07710,7,7
53033000113,53,033,000113,5434,344,3788,344,362,124,805,4329,228,3020,228,227,83,543,888.91,610.3,NA,63000,92928,NA,07710,7,9
53033000114,53,033,000114,6684,464,4294,464,562,158,1194,5285,283,3477,283,336,119,787,1085.22,745.08,NA,63000,92928,NA,07710,7,7
53033000115,53,033,000115,4248,207,3562,207,173,75,214,3532,137,2952,137,102,54,150,725.26,497.94,NA,63000,92928,NA,07710,7,7
53033000116,53,033,000116,6027,130,5613,130,64,46,172,5187,98,4789,98,43,33,126,1065.1,731.26,NA,63000,92928,NA,07710,7,7
53033000117,53,033,000117,4232,215,986,215,1564,40,1416,3298,146,855,146,1035,31,1085,677.21,464.95,NA,63000,92928,NA,07710,7,7
53033000118,53,033,000118,6612,275,2136,275,2474,142,1576,4828,169,1799,169,1558,112,1021,991.38,680.65,NA,63000,92928,NA,07710,7,7
53033000119,53,033,000119,6503,259,3046,259,1750,69,1367,5036,160,2578,160,1102,48,988,1034.09,709.97,NA,63000,92928,NA,07710,7,7
53033000120,53,033,000120,3494,114,3078,114,62,58,179,2765,72,2422,72,42,38,119,567.76,389.81,NA,63000,92928,NA,07710,7,7
53033000121,53,033,000121,2753,91,2525,91,17,24,96,2331,63,2113,63,12,14,66,478.65,328.62,NA,63000,92928,NA,07710,7,9
53033000201,53,033,000201,3067,31,2891,31,7,12,125,2355,19,2233,19,4,7,73,483.57,332.01,NA,58322,92928,NA,07920,1,1
53033000202,53,033,000202,5580,104,5016,104,46,19,395,4412,69,3976,69,29,14,255,905.96,622,NA,58340,92928,NA,07920,1,1
53033000203,53,033,000203,5594,134,4803,134,90,49,517,4498,94,3846,94,63,34,367,923.62,634.13,NA,58340,92928,NA,07920,1,1
53033000204,53,033,000204,8696,252,7371,252,149,91,826,6470,156,5452,156,94,62,550,1328.55,912.14,NA,37252,92928,NA,07920,1,1
53033000205,53,033,000205,5997,120,5272,120,85,56,462,4798,87,4169,87,48,48,359,985.22,676.42,NA,49642,92928,NA,07920,1,1
53033000206,53,033,000206,3518,81,2839,81,85,40,468,2738,49,2225,49,49,31,335,562.22,386,NA,58340,92928,NA,07920,1,1
53033000207,53,033,000207,3337,125,2744,125,44,50,368,2692,85,2180,85,34,37,271,552.77,379.52,NA,58340,92928,NA,07920,1,1
53033000208,53,033,000208,4588,75,4271,75,23,10,205,3536,45,3281,45,20,8,137,726.08,498.5,NA,58340,92928,NA,07920,1,1
53033000209,53,033,000209,3206,52,2778,52,36,15,324,2598,45,2238,45,30,11,229,533.47,366.26,NA,58340,92928,NA,07920,1,7
53033000210,53,033,000210,5581,146,4489,146,107,51,785,4397,95,3538,95,68,37,564,902.88,619.89,NA,58340,92928,NA,07920,1,7
53033000211,53,033,000211,3803,126,3157,126,86,45,384,3034,83,2501,83,59,37,271,623,427.73,NA,49642,92928,NA,07920,1,7
53033000212,53,033,000212,682,9,562,9,85,20,6,673,8,547,8,84,20,6,138.19,94.88,NA,49642,92928,NA,07920,1,1
53033000213,53,033,000213,3556,78,3027,78,84,19,342,2988,53,2543,53,68,16,255,613.55,421.25,NA,63770,92928,NA,07920,1,7
53033000214,53,033,000214,3816,58,3575,58,28,16,137,2913,37,2714,37,13,13,99,598.15,410.67,NA,63770,92928,NA,07920,1,7
53033000215,53,033,000215,4641,67,4253,67,31,18,266,3490,39,3207,39,20,11,174,716.63,492.02,NA,37252,92928,NA,07920,1,1
53033000216,53,033,000216,4569,104,4013,104,49,15,381,3297,56,2917,56,22,14,232,677,464.81,NA,35170,90928,NA,05910,1,1
53033000217,53,033,000217,4012,108,3717,108,42,34,108,3251,63,2995,63,30,24,76,667.56,458.32,NA,35170,90928,NA,05910,1,1
53033000221,53,033,000221,7970,116,7363,116,65,44,379,5851,74,5377,74,45,31,250,1201.44,824.87,NA,33380,90928,NA,05910,1,1
53033000224,53,033,000224,6665,130,6306,130,89,30,109,5364,76,5047,76,63,24,78,1101.44,756.21,NA,35940,90928,NA,04230,1,1
53033000225,53,033,000225,5453,115,5019,115,66,45,207,4562,94,4160,94,52,26,136,936.76,643.15,NA,35940,90928,NA,04230,1,1
53033000227,53,033,000227,7610,123,7079,123,59,35,313,6334,92,5848,92,44,25,233,1300.62,892.96,NA,35940,90928,NA,04230,1,1
53033000229,53,033,000229,8705,153,7667,153,68,33,771,6669,103,5861,103,54,22,526,1369.41,940.19,NA,57535,90928,NA,00390,8,8
53033000230,53,033,000230,5467,133,4807,133,76,17,433,4210,74,3726,74,49,13,274,864.48,593.52,NA,5210,90928,NA,00390,8,8
53033000231,53,033,000231,3749,102,3280,102,66,15,285,3040,69,2654,69,42,9,197,624.23,428.58,NA,5210,90928,NA,00390,8,8
53033000232,53,033,000232,8585,326,6668,326,339,41,1206,7148,241,5553,241,218,33,862,1467.77,1007.72,NA,5210,90928,NA,00390,8,8
53033000233,53,033,000233,6363,197,5233,197,139,41,748,4819,129,3943,129,86,32,500,989.53,679.38,NA,5210,90928,NA,00390,8,8
53033000235,53,033,000235,3224,50,2908,50,59,7,196,2648,42,2364,42,42,7,151,543.74,373.31,NA,5210,90928,NA,00390,8,8
53033000237,53,033,000237,4234,63,3738,63,109,8,316,3343,37,2974,37,76,5,214,686.45,471.29,NA,5210,90928,NA,00390,8,1
53033000239,53,033,000239,6363,88,5828,88,55,10,380,5268,75,4778,75,36,10,294,1081.73,742.68,NA,5210,90928,NA,00390,8,8
53033000240,53,033,000240,6836,128,6231,128,102,12,357,5863,88,5315,88,76,11,285,1203.9,826.56,NA,5210,90928,NA,00390,8,1
53033000241,53,033,000241,4459,40,4227,40,8,3,181,3445,34,3245,34,5,2,125,707.39,485.67,NA,13365,90928,NA,00390,1,1
53033000242,53,033,000242,2977,37,2822,37,8,3,107,2307,26,2171,26,7,3,74,473.72,325.24,NA,44725,90928,NA,00390,1,1
53033000243,53,033,000243,5802,111,5037,111,145,14,490,4831,86,4179,86,110,11,359,991.99,681.07,NA,45005,90928,NA,04980,8,8
53033000244,53,033,000244,2303,53,2005,53,37,6,202,1839,37,1608,37,26,5,126,377.62,259.26,NA,45005,90928,NA,04980,8,8
53033000245,53,033,000245,4568,54,4106,54,43,7,356,3456,32,3106,32,32,5,249,709.65,487.22,NA,45005,90928,NA,04980,8,8
53033000246,53,033,000246,8143,82,7361,82,73,7,616,5965,52,5403,52,47,7,404,1224.85,840.94,NA,45005,90928,NA,04980,8,8
53033000248,53,033,000248,5087,101,4479,101,126,29,349,4075,68,3567,68,82,23,267,836.76,574.49,NA,19420,90928,NA,00390,8,8
53033000251,53,033,000251,6502,160,5546,160,285,74,429,4970,106,4211,106,196,50,301,1020.54,700.67,NA,19857,90928,NA,07230,8,8
53033000252,53,033,000252,4767,78,4291,78,118,56,219,3717,49,3339,49,76,41,163,763.25,524.02,NA,57745,90928,NA,07230,7,8
53033000253,53,033,000253,6110,219,5388,219,220,68,211,5203,149,4552,149,141,48,164,1068.38,733.52,NA,57745,90928,NA,07230,8,9
53033000254,53,033,000254,5437,170,4597,170,282,68,307,4379,97,3758,97,169,41,217,899.18,617.35,NA,57745,90928,NA,07230,7,8
53033000255,53,033,000255,3709,118,3201,118,188,60,137,3003,85,2554,85,138,39,102,616.63,423.36,NA,57745,90928,NA,07230,7,8
53033000256,53,033,000256,6172,114,5528,114,189,68,271,4710,81,4192,81,122,54,180,967.15,664.01,NA,57745,90928,NA,07230,7,8
53033000257,53,033,000257,8176,258,6411,258,535,68,896,6223,162,4933,162,334,45,587,1277.83,877.31,NA,57745,90928,NA,07230,7,8
53033000259,53,033,000259,218,23,167,23,10,16,2,188,20,131,20,7,8,2,38.6,26.5,NA,57745,92928,NA,07230,7,9
53033000261,53,033,000261,5396,161,3184,161,1295,62,678,4197,110,2605,110,838,45,489,861.81,591.69,NA,8552,92928,NA,07230,7,7
53033000262,53,033,000262,4130,149,3298,149,312,42,325,3637,117,2833,117,261,34,275,746.82,512.74,NA,72625,92928,NA,08130,7,9
53033000263,53,033,000263,1172,33,948,33,92,32,66,984,24,804,24,52,27,53,202.05,138.72,NA,72625,92928,NA,07710,7,9
53033000264,53,033,000264,5143,255,4013,255,362,86,418,4347,177,3393,177,248,58,294,892.61,612.84,NA,58878,92928,NA,03540,7,7
53033000265,53,033,000265,2464,110,1110,110,205,63,974,1480,54,739,54,92,35,506,303.9,208.65,NA,78242,92928,NA,03540,7,9
53033000266,53,033,000266,2043,109,1494,109,56,65,315,1559,63,1158,63,32,44,199,320.12,219.79,NA,78242,92928,NA,03540,7,9
53033000267,53,033,000267,5163,195,4362,195,126,117,363,4059,126,3427,126,72,66,242,833.47,572.24,NA,78242,92928,NA,03540,7,9
53033000268,53,033,000268,8221,506,6118,506,298,202,1090,6494,318,4860,318,186,140,672,1333.47,915.52,NA,78242,92928,NA,03540,7,9
53033000269,53,033,000269,1421,70,1165,70,55,28,102,1054,38,859,38,36,18,65,216.43,148.59,NA,78242,92928,NA,03540,7,7
53033000270,53,033,000270,3010,112,2548,112,79,59,209,2264,71,1900,71,43,47,132,464.89,319.18,NA,58878,92928,NA,03540,7,7
53033000271,53,033,000271,2609,84,2257,84,69,44,149,2064,57,1777,57,55,29,89,423.82,290.98,NA,58878,92928,NA,03540,7,7
53033000272,53,033,000272,2086,95,1724,95,59,51,155,1592,56,1333,56,38,29,80,326.9,224.44,NA,72625,92928,NA,08130,7,9
53033000273,53,033,000273,4764,252,3884,252,176,128,319,3691,167,2931,167,121,88,217,757.91,520.35,NA,62288,92928,NA,03540,7,7
53033000274,53,033,000274,4391,202,3824,202,50,84,225,3425,126,2935,126,37,55,146,703.29,482.85,NA,58878,92928,NA,03540,7,7
53033000275,53,033,000275,4490,164,3943,164,37,72,274,3577,111,3100,111,24,56,175,734.5,504.28,NA,8850,92928,NA,03540,7,9
53033000276,53,033,000276,3654,133,3196,133,127,63,135,2981,78,2624,78,70,38,93,612.12,420.26,NA,8850,92928,NA,03540,8,9
53033000278,53,033,000278,3455,35,3357,35,6,8,49,2794,30,2687,30,4,5,38,573.72,393.9,NA,8850,92928,NA,03540,8,9
53033000279,53,033,000279,6141,293,5481,293,102,52,212,5151,197,4483,197,68,39,167,1057.7,726.18,NA,8850,92928,NA,03540,8,9
53033000280,53,033,000280,3801,190,3176,190,158,76,197,3214,120,2667,120,112,53,142,659.96,453.11,NA,8850,92928,NA,03540,7,9
53033000281,53,033,000281,1865,101,1513,101,97,43,107,1563,74,1232,74,74,30,79,320.95,220.35,NA,62288,92928,NA,03540,7,9
53033000282,53,033,000282,3637,132,2926,132,264,48,258,3037,99,2423,99,184,40,192,623.62,428.15,NA,72625,92928,NA,08130,7,9
53033000283,53,033,000283,2839,87,2561,87,30,26,134,2312,66,2044,66,15,20,101,474.74,325.94,NA,62288,92928,NA,03540,7,9
53033000285,53,033,000285,3643,110,3267,110,55,34,176,2949,84,2591,84,40,22,128,605.55,415.75,NA,8850,92928,NA,03540,8,9
53033000286,53,033,000286,6131,91,5707,91,58,46,226,4753,57,4426,57,37,30,146,975.98,670.07,NA,49415,92928,NA,03540,8,9
53033000287,53,033,000287,4960,116,4573,116,70,37,162,3820,74,3496,74,41,29,106,784.4,538.54,NA,49852,92928,NA,03540,8,9
53033000289,53,033,000289,9007,304,7803,304,363,85,446,7452,203,6405,203,249,54,338,1530.19,1050.58,NA,17635,92928,NA,03540,8,9
53033000291,53,033,000291,5036,164,4352,164,193,46,278,3936,116,3372,116,110,38,184,808.22,554.89,NA,35415,92928,NA,02820,7,9
53033000296,53,033,000296,6332,227,5236,227,251,72,538,4138,102,3528,102,110,40,256,849.69,583.37,NA,19515,92928,NA,03960,8,8
53033000297,53,033,000297,5647,188,5198,188,92,68,96,4502,129,4072,129,55,47,70,924.44,634.69,NA,35415,92928,NA,03960,7,8
53033000299,53,033,000299,7547,216,6588,216,144,80,512,5155,128,4450,128,85,58,306,1058.52,726.75,NA,37420,90112,NA,02820,8,9
53033000301,53,033,000301,7062,149,6343,149,137,23,406,5456,91,4879,91,80,21,294,1120.33,769.18,NA,23515,90112,NA,02820,8,9
53033000306,53,033,000306,4877,125,4544,125,40,87,81,3752,75,3454,75,24,55,69,770.43,528.95,47700,3180,90112,NA,00300,8,8
53033000307,53,033,000307,3545,124,3145,124,36,57,182,2651,71,2355,71,26,34,94,544.35,373.74,NA,3180,90112,NA,00300,8,9
53033000308,53,033,000308,8448,322,7594,322,136,172,218,6214,183,5546,183,69,108,125,1275.98,876.05,NA,3180,90112,NA,00300,8,9
53033000309,53,033,000309,5595,212,4997,212,34,96,249,3980,124,3466,124,19,69,178,817.25,561.1,NA,52495,90112,NA,00300,8,9
53033000310,53,033,000310,1085,24,1004,24,4,4,49,739,11,680,11,2,3,32,151.75,104.18,47700,3180,90112,NA,00300,8,8
53033000311,53,033,000311,5413,118,4914,118,62,228,91,4053,70,3692,70,38,120,63,832.24,571.39,47700,3180,90112,NA,00300,8,8
53033000313,53,033,000313,4647,95,4456,95,8,45,43,3450,59,3274,59,6,27,25,708.42,486.38,47700,22045,91056,NA,02590,8,8
53033000314,53,033,000314,5002,86,4820,86,7,47,38,3669,55,3500,55,5,30,24,753.39,517.25,NA,22045,91056,NA,02590,8,8
53033000315,53,033,000315,5863,95,5620,95,28,70,49,4177,60,3962,60,17,45,33,857.7,588.87,NA,22045,91056,NA,02590,8,8
53033000316,53,033,000316,9083,169,8636,169,68,93,113,6455,104,6074,104,42,61,70,1325.47,910.02,NA,15303,91056,NA,03960,8,8
53033000318,53,033,000318,3515,66,3330,66,11,15,92,2575,45,2406,45,7,14,58,528.75,363.02,NA,19515,93392,NA,03960,8,8
53033000324,53,033,000324,6958,145,6701,145,16,47,47,4759,81,4524,81,11,31,31,977.21,670.92,NA,19035,91728,NA,04560,1,8
53033000325,53,033,000325,3716,79,3483,79,8,30,116,2521,41,2357,41,5,20,57,517.66,355.41,NA,10215,91728,NA,04560,8,8
53033000326,53,033,000326,3888,58,3692,58,33,65,36,2674,25,2560,25,7,29,28,549.08,376.98,NA,23200,93568,NA,08040,8,8
53033000328,53,033,000328,1821,19,1771,19,4,23,4,1302,8,1264,8,2,17,3,267.35,183.56,NA,65205,93568,NA,08040,8,8
53033000329,53,033,000329,598,11,574,11,3,5,5,459,8,431,8,2,5,5,94.25,64.71,NA,64855,93072,NA,07980,2,8
53033000330,53,033,000330,263,8,252,8,0,2,1,206,4,195,4,0,2,1,42.3,29.04,NA,NA,93072,NA,08040,8,8
53033000331,53,033,000331,85,0,83,0,0,2,0,57,0,55,0,0,2,0,11.7,8.04,NA,NA,93072,NA,02590,8,8
53033002398,53,033,002398,179,14,121,14,35,3,6,190,14,118,14,35,3,6,39.01,26.79,NA,63000,92928,NA,07710,1,7
53033003299,53,033,003299,0,0,0,0,0,0,0,0,0,0,0,0,0,0,0,0,NA,63000,92928,NA,07710,1,7
53033004098,53,033,004098,2032,32,1840,32,31,2,127,1787,28,1604,28,25,1,101,366.94,251.93,NA,63000,92928,NA,07710,1,7
53033004799,53,033,004799,36,8,22,8,2,4,0,44,8,22,8,2,4,0,9.03,6.2,NA,63000,92928,NA,07710,7,7
53033005301,53,033,005301,5507,167,4211,167,113,48,959,5598,166,4179,166,106,47,934,1149.49,789.2,NA,63000,92928,NA,07710,7,7
53033005302,53,033,005302,4668,211,2994,211,207,54,1187,4763,204,2964,204,203,51,1137,978.03,671.48,NA,63000,92928,NA,07710,7,7
53033005499,53,033,005499,93,15,73,15,4,0,0,107,15,73,15,4,0,0,21.97,15.08,NA,63000,92928,NA,07710,7,7
53033005799,53,033,005799,5,0,5,0,0,0,0,5,0,5,0,0,0,0,1.03,0.7,NA,63000,92928,NA,07710,1,7
53033005801,53,033,005801,4142,159,3609,159,97,34,242,3839,130,3281,130,82,29,187,788.3,541.22,NA,63000,92928,NA,07710,1,7
53033005802,53,033,005802,4010,146,3461,146,125,43,231,3698,113,3161,113,92,36,183,759.35,521.34,NA,63000,92928,NA,07710,1,7
53033005899,53,033,005899,342,30,240,30,48,8,16,372,30,240,30,48,8,16,76.39,52.44,NA,63000,92928,NA,07710,1,7
53033005999,53,033,005999,27,3,24,3,0,0,0,28,3,22,3,0,0,0,5.75,3.95,NA,63000,92928,NA,07710,7,7
53033006699,53,033,006699,85,3,76,3,2,0,4,88,3,76,3,2,0,4,18.07,12.41,NA,63000,92928,NA,07710,7,7
53033006798,53,033,006798,4365,118,3958,118,110,26,149,4114,101,3658,101,97,24,133,844.77,579.99,NA,63000,92928,NA,07710,7,7
53033006898,53,033,006898,2539,49,2361,49,29,14,84,2193,34,2019,34,24,14,68,450.31,309.17,NA,63000,92928,NA,07710,7,7
53033008099,53,033,008099,10,0,10,0,0,0,0,10,0,10,0,0,0,0,2.05,1.41,NA,63000,92928,NA,07710,7,7
53033009399,53,033,009399,282,9,251,9,11,4,6,289,9,250,9,11,4,6,59.34,40.74,NA,63000,92928,NA,07710,7,7
53033009999,53,033,009999,66,3,57,3,3,1,2,69,3,57,3,3,1,2,14.17,9.73,NA,63000,92928,NA,07710,7,7
53033010999,53,033,010999,0,0,0,0,0,0,0,0,0,0,0,0,0,0,0,0,NA,63000,92928,NA,07710,7,7
53033021801,53,033,021801,7675,130,7192,130,67,54,224,5758,77,5376,77,37,39,152,1182.34,811.76,NA,7380,90928,NA,05910,1,1
53033021802,53,033,021802,2877,70,2718,70,17,15,56,2229,36,2093,36,10,14,40,457.7,314.24,NA,7380,90928,NA,05910,1,1
53033021901,53,033,021901,6367,156,5642,156,114,37,404,4665,89,4132,89,74,26,255,957.91,657.67,NA,35835,90928,NA,05910,1,1
53033021903,53,033,021903,5930,180,5294,180,107,47,293,4574,131,4016,131,65,35,196,939.22,644.84,NA,35835,90928,NA,04230,1,1
53033021904,53,033,021904,4573,155,3812,155,81,29,495,3106,82,2574,82,58,23,287,637.78,437.88,NA,35835,90928,NA,04230,1,1
53033022001,53,033,022001,2968,45,2765,45,31,21,103,2198,34,2031,34,26,13,60,451.34,309.87,NA,33380,90928,NA,05910,1,1
53033022003,53,033,022003,5363,168,4831,168,94,34,227,3856,105,3399,105,64,24,159,791.79,543.62,NA,33380,90928,NA,04230,1,1
53033022004,53,033,022004,7602,155,6770,155,147,35,491,6071,99,5403,99,101,24,345,1246.62,855.89,NA,35940,90928,NA,04230,1,1
53033022201,53,033,022201,4662,114,4253,114,35,35,217,3303,79,2973,79,18,23,131,678.24,465.65,NA,33380,90928,NA,04230,1,1
53033022202,53,033,022202,6909,160,6234,160,132,56,318,5030,96,4505,96,85,37,211,1032.86,709.13,NA,33380,90928,NA,04230,1,1
53033022298,53,033,022298,3790,75,3474,75,40,20,179,2825,55,2543,55,29,15,128,580.08,398.27,NA,33380,90928,NA,04230,1,1
53033022398,53,033,022398,2639,29,2538,29,19,12,40,2001,17,1917,17,14,10,26,410.88,282.1,NA,33380,90928,NA,04230,1,1
53033022601,53,033,022601,7259,210,6573,210,98,29,341,5483,127,4902,127,64,26,237,1125.88,772.99,NA,35940,90928,NA,04230,1,1
53033022602,53,033,022602,9458,275,8506,275,144,34,495,7518,178,6690,178,97,29,346,1543.74,1059.88,NA,57535,90928,NA,04230,8,1
53033022801,53,033,022801,6947,162,5920,162,229,36,592,5903,132,4994,132,154,31,460,1212.12,832.2,NA,5210,90928,NA,00390,8,1
53033022802,53,033,022802,4332,84,3827,84,54,15,347,3387,60,2992,60,40,10,225,695.48,477.5,NA,57535,90928,NA,04230,8,1
53033022803,53,033,022803,2873,57,2487,57,45,14,270,2229,38,1913,38,31,10,199,457.7,314.24,NA,57535,90928,NA,00390,8,1
53033023401,53,033,023401,3101,117,2564,117,69,21,326,2457,79,2033,79,49,14,203,504.52,346.39,NA,5210,90928,NA,00390,8,8
53033023402,53,033,023402,7494,143,6777,143,97,28,443,5608,102,5014,102,67,19,304,1151.54,790.61,NA,77535,90928,NA,03750,8,8
53033023601,53,033,023601,3203,105,2751,105,45,17,283,2717,73,2321,73,38,13,199,557.91,383.04,NA,5210,90928,NA,00390,8,8
53033023602,53,033,023602,9713,384,7762,384,351,52,1156,8136,270,6495,270,240,36,825,1670.64,1147.01,NA,5210,90928,NA,00390,8,8
53033023801,53,033,023801,2090,34,1883,34,28,10,134,1829,31,1633,31,24,6,104,375.57,257.85,NA,5210,90928,NA,00390,8,8
53033023802,53,033,023802,1182,22,1092,22,20,2,46,1135,20,1043,20,12,2,38,233.06,160.01,NA,5210,90928,NA,00390,8,8
53033024701,53,033,024701,3210,72,2901,72,40,7,185,2583,47,2318,47,31,4,136,530.39,364.15,NA,48855,90928,NA,00390,8,8
53033024798,53,033,024798,5092,84,4460,84,107,18,423,3961,57,3445,57,78,17,307,813.35,558.42,NA,48855,90928,NA,07230,8,8
53033024901,53,033,024901,5208,109,4271,109,73,13,738,3997,77,3281,77,55,12,495,820.74,563.49,NA,5210,90928,NA,00390,8,8
53033024902,53,033,024902,3618,55,3163,55,53,3,343,2662,36,2319,36,33,3,235,546.61,375.29,NA,5210,90928,NA,00390,8,8
53033024903,53,033,024903,5294,72,4311,72,87,16,805,3675,46,3002,46,57,11,513,754.62,518.1,NA,5210,90928,NA,00390,8,8
53033025002,53,033,025002,3766,67,3374,67,31,6,286,2808,47,2485,47,23,6,200,576.59,395.87,NA,5210,90928,NA,03750,8,8
53033025098,53,033,025098,4086,84,3525,84,89,12,375,3205,54,2770,54,59,8,260,658.11,451.84,NA,48855,90928,NA,00390,8,8
53033025801,53,033,025801,6593,185,5288,185,322,59,730,5188,127,4159,127,220,40,515,1065.3,731.4,NA,57745,90928,NA,07230,7,9
53033025802,53,033,025802,8462,266,7345,266,344,64,436,6259,160,5382,160,208,52,297,1285.22,882.39,NA,10372,90928,NA,07230,8,8
53033026001,53,033,026001,4937,142,3340,142,736,35,671,3949,83,2764,83,501,30,488,810.89,556.73,NA,8552,92928,NA,07230,7,7
53033026002,53,033,026002,5077,171,3379,171,956,29,531,4082,110,2812,110,623,21,406,838.2,575.48,NA,8552,90928,NA,07230,7,9
53033027701,53,033,027701,5068,95,4814,95,19,46,92,3832,58,3619,58,7,38,52,85.35,60.57,NA,NA,93616,NA,09300,8,7
53033027702,53,033,027702,4241,61,4082,61,23,38,35,3127,28,3005,28,16,27,23,69.65,49.43,NA,NA,93616,NA,09300,8,7
53033028401,53,033,028401,474,8,377,8,41,15,32,384,7,301,7,35,8,26,78.85,54.14,NA,62288,92928,NA,03540,7,9
53033028402,53,033,028402,3205,101,2741,101,128,42,189,2566,76,2153,76,93,28,140,526.9,361.75,NA,62288,92928,NA,03540,7,9
53033028403,53,033,028403,4390,146,3694,146,229,62,259,3757,116,3110,116,165,42,208,771.46,529.66,NA,62288,92928,NA,03540,7,9
53033028801,53,033,028801,3169,112,2873,112,57,31,91,2538,72,2268,72,42,19,65,521.15,357.81,NA,62288,92928,NA,03540,8,9
53033028802,53,033,028802,5475,206,4479,206,378,116,289,4423,148,3594,148,246,85,202,908.22,623.55,NA,62288,92928,NA,03540,8,9
53033029001,53,033,029001,4288,109,3895,109,86,32,164,3571,62,3258,62,57,23,109,733.27,503.44,NA,17635,92928,NA,03540,8,9
53033029002,53,033,029002,7663,300,6356,300,440,133,421,5798,185,4779,185,263,83,303,1190.56,817.4,NA,17635,92928,NA,03540,8,9
53033029201,53,033,029201,4462,187,3835,187,231,61,148,3731,120,3195,120,148,44,104,766.12,525.99,NA,35415,92928,NA,03960,7,9
53033029202,53,033,029202,5774,193,5139,193,165,46,231,4594,133,4013,133,111,28,176,943.33,647.66,NA,35415,92928,NA,03960,7,8
53033029301,53,033,029301,6730,139,5780,139,252,61,493,4984,93,4263,93,165,37,333,1023.41,702.64,NA,10372,92928,NA,07230,8,8
53033029302,53,033,029302,8615,226,7432,226,286,57,610,6058,126,5207,126,153,40,406,1243.95,854.05,NA,19515,92928,NA,03960,7,8
53033029402,53,033,029402,7384,224,6413,224,148,35,545,4918,113,4242,113,97,27,326,1009.86,693.34,NA,19515,92928,NA,03960,8,8
53033029403,53,033,029403,3368,81,2932,81,84,23,245,2497,52,2161,52,54,17,161,512.73,352.03,NA,19515,92928,NA,03960,8,8
53033029404,53,033,029404,7399,263,6265,263,255,90,513,5256,146,4429,146,144,60,331,1079.26,740.99,NA,19515,92928,NA,03960,8,8
53033029501,53,033,029501,9284,409,8036,409,418,132,278,7107,248,6072,248,254,94,191,1459.35,1001.94,NA,35415,92928,NA,03960,8,8
53033029502,53,033,029502,4011,111,3579,111,51,22,241,2688,63,2367,63,32,15,148,551.95,378.95,NA,19515,92928,NA,03960,8,8
53033029801,53,033,029801,6158,207,5359,207,168,45,379,4657,122,4014,122,103,33,263,956.27,656.54,NA,35415,92928,NA,02820,7,9
53033029802,53,033,029802,6179,132,5632,132,107,33,268,4441,76,4027,76,64,23,175,911.91,626.09,NA,37420,92928,NA,02820,8,9
53033030001,53,033,030001,10962,392,9211,392,557,128,654,8734,275,7225,275,375,94,490,1793.43,1231.31,NA,79800,90112,NA,02820,8,9
53033030002,53,033,030002,6821,276,5768,276,290,79,395,5222,182,4345,182,171,50,292,1072.28,736.19,NA,23515,90112,NA,02820,8,9
53033030201,53,033,030201,4652,146,4084,146,141,35,237,3445,86,2989,86,84,26,174,707.39,485.67,NA,23515,90112,NA,02820,8,9
53033030202,53,033,030202,5941,195,4994,195,209,44,498,4507,129,3734,129,133,33,349,925.46,635.39,NA,23515,90112,NA,02820,8,9
53033030302,53,033,030302,9855,365,7977,365,369,67,1063,7297,226,5831,226,248,47,719,1498.36,1028.73,NA,23515,90112,NA,02820,8,9
53033030303,53,033,030303,5825,192,4850,192,310,73,391,4836,131,4036,131,209,49,280,993.02,681.78,NA,23515,90112,NA,02820,8,9
53033030304,53,033,030304,1887,54,1724,54,40,13,55,1375,32,1244,32,23,6,38,282.34,193.85,56720,23515,90112,NA,02820,8,9
53033030305,53,033,030305,4635,132,4112,132,103,27,259,3462,85,3023,85,68,20,181,710.88,488.07,NA,23515,90112,NA,02820,8,9
53033030306,53,033,030306,5563,132,4780,132,186,35,422,3847,81,3267,81,117,22,279,789.94,542.35,NA,23515,90112,NA,02820,8,9
53033030307,53,033,030307,9163,324,7779,324,412,90,555,6367,182,5351,182,249,56,347,1307.4,897.62,NA,23515,90112,NA,02820,8,9
53033030401,53,033,030401,5142,109,4736,109,79,49,166,3791,63,3467,63,53,32,113,778.44,534.45,NA,37430,90112,NA,02820,8,9
53033030402,53,033,030402,5420,100,5085,100,54,45,136,4003,58,3722,58,40,32,93,821.97,564.34,56720,37430,90112,NA,02820,8,9
53033030501,53,033,030501,1524,69,1361,69,6,47,40,1234,46,1075,46,5,32,30,253.39,173.97,NA,3180,90112,NA,00300,8,9
53033030502,53,033,030502,8109,217,7403,217,128,89,263,6397,127,5835,127,75,57,176,1313.56,901.84,NA,3180,90112,NA,00300,8,8
53033031202,53,033,031202,5457,132,4538,132,17,708,61,3740,66,3196,66,14,353,45,767.97,527.26,47700,3180,91056,NA,00300,8,8
53033031203,53,033,031203,5354,127,4961,127,58,78,127,3601,74,3297,74,31,48,77,739.43,507.67,NA,38815,91056,NA,00300,8,8
53033031204,53,033,031204,5808,111,5518,111,35,70,69,4021,56,3789,56,25,49,46,825.67,566.88,NA,NA,91056,NA,00300,8,8
53033031701,53,033,031701,8179,160,7560,160,112,77,269,5961,95,5468,95,76,53,174,1224.03,840.38,NA,19515,93392,NA,03960,8,8
53033031702,53,033,031702,5041,95,4744,95,51,53,93,3443,51,3215,51,26,35,65,706.98,485.39,NA,15303,93392,NA,03960,8,8
53033031903,53,033,031903,5926,87,5599,87,64,44,130,4438,52,4168,52,43,34,89,911.3,625.67,NA,19857,90928,NA,03750,8,8
53033031904,53,033,031904,3467,57,3207,57,78,50,74,2543,41,2309,41,68,39,45,522.18,358.51,NA,19857,90928,NA,03750,8,8
53033031905,53,033,031905,11574,298,9625,298,408,46,1186,8292,177,6881,177,262,33,762,1702.67,1169,NA,10372,90928,NA,03960,8,8
53033031906,53,033,031906,1941,26,1870,26,3,15,26,1490,17,1420,17,2,12,22,305.96,210.06,NA,NA,90928,NA,08760,8,8
53033032002,53,033,032002,2674,42,2563,42,30,24,15,1973,22,1880,22,18,20,11,405.13,278.15,NA,43150,93392,NA,08760,8,8
53033032003,53,033,032003,4043,66,3891,66,34,18,34,2968,37,2841,37,22,14,17,609.45,418.43,NA,43150,93392,NA,08760,8,8
53033032004,53,033,032004,7064,148,6660,148,58,83,115,4818,76,4518,76,32,52,64,989.33,679.24,NA,15303,93392,NA,08760,8,8
53033032005,53,033,032005,6031,220,5434,220,157,67,148,3874,109,3432,109,82,48,94,795.48,546.15,NA,15303,93392,NA,03960,8,8
53033032006,53,033,032006,3207,65,3015,65,20,38,65,2140,40,1974,40,11,31,44,439.43,301.7,NA,15303,93392,NA,03960,8,8
53033032101,53,033,032101,8578,172,8136,172,34,49,184,6670,125,6236,125,19,36,129,1369.61,940.33,NA,33805,91392,NA,03750,8,8
53033032102,53,033,032102,4322,47,4198,47,12,19,46,3217,28,3109,28,6,14,32,660.58,453.53,NA,46215,91392,NA,03750,8,8
53033032203,53,033,032203,4150,82,3962,82,8,19,79,2914,45,2748,45,6,14,56,598.36,410.81,NA,60772,91392,NA,04230,8,8
53033032204,53,033,032204,5076,43,4873,43,19,14,127,3891,23,3744,23,13,14,74,798.98,548.55,NA,54455,91392,NA,03750,8,8
53033032205,53,033,032205,4829,81,4657,81,5,16,69,3466,49,3307,49,3,14,44,711.71,488.63,NA,54455,91392,NA,03750,8,8
53033032206,53,033,032206,5822,107,5271,107,44,14,382,3960,59,3550,59,31,9,252,813.14,558.28,NA,54455,91392,NA,03750,8,8
53033032302,53,033,032302,7276,149,6911,149,44,37,131,5051,83,4752,83,32,27,74,1037.17,712.09,NA,79590,90928,NA,05910,1,8
53033032304,53,033,032304,8620,140,8208,140,36,54,182,6120,91,5767,91,18,40,113,1256.68,862.79,NA,57535,90928,NA,04230,8,8
53033032305,53,033,032305,11974,216,11268,216,109,27,346,7900,129,7339,129,67,23,213,1622.18,1113.74,NA,60772,90928,NA,04230,8,8
53033032306,53,033,032306,7904,192,7394,192,71,49,195,5661,128,5197,128,42,34,132,1162.43,798.08,NA,79590,90928,NA,05910,1,1
53033032307,53,033,032307,6901,166,6515,166,32,36,148,4529,93,4215,93,18,20,90,929.98,638.5,NA,79590,90928,NA,05910,1,1
53033032308,53,033,032308,6478,124,6058,124,33,23,234,4128,68,3822,68,20,14,136,847.64,581.96,NA,79590,90928,NA,05910,8,1
53033032309,53,033,032309,1661,34,1520,34,40,2,60,1368,19,1280,19,13,2,35,280.9,192.86,NA,57535,90928,NA,04230,8,1
53033032310,53,033,032310,11642,362,10470,362,150,81,575,8142,226,7177,226,91,44,378,1671.87,1147.85,NA,57535,90928,NA,04230,8,1
53033032701,53,033,032701,6902,165,6556,165,30,92,53,5116,97,4815,97,13,63,31,1050.52,721.25,NA,49485,93568,NA,08040,8,8
53033032702,53,033,032702,4383,121,4155,121,23,41,38,2907,62,2724,62,7,26,26,596.92,409.83,NA,65205,93568,NA,08040,8,8
53035000802,53,035,000802,3495,152,2932,152,169,23,216,2710,89,2270,89,103,19,140,619.83,542.74,NA,7695,90288,NA,00660,6,6
53035000803,53,035,000803,4382,242,3519,242,399,72,145,3498,156,2776,156,255,47,108,800.06,700.56,NA,7695,90288,NA,00660,6,6
53035000804,53,035,000804,3525,114,3166,114,84,36,117,2922,69,2611,69,57,31,85,668.31,585.2,NA,7695,90288,NA,00660,6,6
53035000805,53,035,000805,2197,87,1818,87,136,47,104,1757,58,1447,58,92,30,72,401.86,351.88,NA,7695,90288,NA,00660,6,6
53035000806,53,035,000806,4894,169,4165,169,202,87,262,3826,110,3226,110,134,61,185,875.08,766.25,NA,7695,90288,NA,00660,6,6
53035000807,53,035,000807,3113,63,2915,63,39,31,64,2554,40,2377,40,29,23,45,584.15,511.5,NA,7695,90288,NA,00660,6,6
53035000810,53,035,000810,4533,195,3547,195,408,101,272,3289,105,2606,105,244,66,163,752.25,658.7,NA,48225,90288,NA,00660,6,6
53035000811,53,035,000811,3664,109,3147,109,196,76,130,2906,75,2494,75,128,43,91,664.65,581.99,NA,7695,90288,NA,00660,6,6
53035000812,53,035,000812,2730,131,2277,131,151,61,103,2065,68,1734,68,89,35,71,472.3,413.56,NA,7695,90288,NA,00660,6,6
53035000813,53,035,000813,641,37,480,37,93,19,12,558,27,410,27,66,18,10,127.62,111.75,NA,7695,90288,NA,00660,6,6
53035000814,53,035,000814,312,13,258,13,28,4,9,262,10,202,10,28,4,8,59.92,52.47,NA,7695,90288,NA,00660,6,6
53035000902,53,035,000902,5386,92,5134,92,16,76,64,3899,55,3693,55,10,49,37,891.77,780.87,NA,55995,92624,NA,05760,1,1
53035000903,53,035,000903,3702,231,3005,231,238,41,186,2399,130,1832,130,169,23,115,548.69,480.46,NA,4113,92624,NA,01080,1,1
53035000904,53,035,000904,3507,89,3213,89,26,24,153,2480,46,2258,46,19,13,98,567.22,496.68,NA,NA,92624,NA,05760,1,1
53035000905,53,035,000905,5611,117,5234,117,59,69,129,4302,76,3981,76,37,40,92,983.95,861.58,NA,55995,92624,NA,05760,1,1
53035000907,53,035,000907,4026,57,3831,57,6,25,107,2932,34,2776,34,3,17,68,670.6,587.2,NA,NA,93824,NA,00330,1,1
53035000908,53,035,000908,3037,57,2808,57,8,43,118,2204,32,2017,32,6,28,89,504.09,441.4,NA,NA,93824,NA,00330,1,1
53035000909,53,035,000909,4037,57,3780,57,12,29,158,3239,39,3012,39,11,22,116,740.82,648.69,NA,79345,93824,NA,00330,1,1
53035000910,53,035,000910,4746,66,4485,66,17,47,122,3459,42,3243,42,10,32,90,791.14,692.75,NA,NA,93824,NA,00330,1,1
53035000911,53,035,000911,3660,97,3364,97,61,42,95,2778,67,2508,67,46,29,61,635.38,556.36,NA,NA,92624,NA,05760,1,1
53035000913,53,035,000913,6241,151,5776,151,35,54,216,4427,87,4070,87,20,37,126,1012.54,886.61,NA,NA,90288,NA,01080,1,1
53035000914,53,035,000914,2905,68,2640,68,31,42,121,2193,43,1981,43,12,30,84,501.58,439.2,NA,22108,90288,NA,01080,6,1
53035000915,53,035,000915,3779,136,3094,136,119,27,403,2535,80,2037,80,59,16,263,579.8,507.69,NA,NA,90288,NA,01080,1,1
53035000916,53,035,000916,5323,213,4462,213,116,70,456,3623,118,2977,118,71,41,298,828.65,725.59,NA,NA,90288,NA,01080,1,6
53035000917,53,035,000917,6523,190,5477,190,180,71,603,4519,110,3765,110,110,45,379,1033.58,905.04,NA,NA,90288,NA,01080,1,6
53035000918,53,035,000918,2724,105,2432,105,64,30,93,2065,64,1812,64,41,20,64,472.3,413.56,NA,NA,90288,NA,00660,1,6
53035000919,53,035,000919,2621,76,2318,76,69,28,130,1912,41,1695,41,34,20,81,437.31,382.92,NA,72205,90288,NA,01080,1,6
53035000920,53,035,000920,3454,73,3268,73,10,47,53,2355,32,2222,32,7,29,33,538.63,471.64,NA,7695,90288,NA,01080,6,6
53035000921,53,035,000921,3513,63,3303,63,40,37,68,2632,39,2459,39,19,24,52,601.99,527.12,NA,7695,92608,NA,08160,6,6
53035000922,53,035,000922,4237,120,3854,120,89,63,111,3233,73,2912,73,61,42,72,739.45,647.48,NA,55785,92608,NA,08160,6,6
53035000923,53,035,000923,4761,215,4189,215,73,57,225,3378,122,2905,122,31,34,164,772.61,676.52,NA,19770,92608,NA,08160,6,6
53035000924,53,035,000924,6125,271,5357,271,112,54,325,4370,150,3745,150,72,34,219,999.5,875.2,NA,53440,92608,NA,08160,6,6
53035000925,53,035,000925,4087,110,3814,110,25,55,83,3129,66,2885,66,16,41,55,715.66,626.66,NA,55785,92608,NA,08160,6,6
53035000926,53,035,000926,4551,161,4199,161,49,55,86,3154,82,2872,82,25,37,56,721.38,631.66,NA,42450,92608,NA,08160,6,6
53035000927,53,035,000927,5569,137,5171,137,44,96,117,3978,87,3647,87,24,53,80,909.84,796.69,NA,NA,92608,NA,08160,6,6
53035000928,53,035,000928,7854,250,7258,250,64,81,192,5527,142,5027,142,42,54,120,1264.13,1106.91,NA,55785,92608,NA,08160,6,6
53035000929,53,035,000929,7450,164,6885,164,68,107,224,5053,87,4656,87,29,66,128,1155.71,1011.98,NA,NA,92608,NA,08160,6,6
53035080101,53,035,080101,1987,102,1669,102,80,14,121,1629,61,1368,61,51,10,78,372.58,326.25,NA,7695,90288,NA,00660,6,6
53035080102,53,035,080102,3653,128,3076,128,167,51,224,2825,77,2365,77,114,31,161,646.13,565.77,NA,7695,90288,NA,00660,6,6
53035080898,53,035,080898,3086,241,2254,241,279,26,285,1651,110,1139,110,145,12,135,377.61,330.65,NA,7695,90288,NA,01080,6,6
53035080998,53,035,080998,3533,102,3179,102,122,51,75,2733,57,2461,57,80,29,49,625.09,547.35,NA,7695,90288,NA,00660,6,6
53035081499,53,035,081499,2802,268,1957,268,499,20,56,3067,268,1957,268,498,20,56,701.48,614.24,NA,7695,90288,NA,00660,6,6
53035090101,53,035,090101,3183,69,2664,69,5,408,37,2329,33,2010,33,3,228,22,532.68,466.44,55610,NA,91488,NA,05760,1,1
53035090102,53,035,090102,3335,57,3167,57,10,37,62,2493,31,2360,31,8,25,38,570.19,499.28,NA,35870,91488,NA,05760,1,1
53035090399,53,035,090399,708,52,580,52,57,5,13,758,52,579,52,57,5,13,173.37,151.81,NA,NA,92624,NA,05760,1,1
53035090601,53,035,090601,4516,101,3945,101,19,348,103,3324,57,2933,57,12,200,65,760.26,665.71,55715,69170,92624,NA,05760,1,1
53035090602,53,035,090602,1902,32,1790,32,4,43,32,1360,15,1283,15,3,25,19,311.06,272.37,55715,33280,92624,NA,05760,1,1
53035091201,53,035,091201,2839,120,2540,120,41,21,115,2140,78,1865,78,24,19,76,489.46,428.59,NA,64365,90288,NA,01080,1,1
53035091202,53,035,091202,5272,219,4454,219,154,40,403,3982,137,3305,137,108,30,265,910.76,797.49,NA,64365,90288,NA,01080,1,1
53037009751,53,037,009751,4364,52,4259,52,19,23,11,3376,36,3267,36,12,16,9,828.52,690.4,NA,12945,90624,NA,01350,4,4
53037009752,53,037,009752,2947,32,2888,32,1,11,15,2200,19,2145,19,1,11,5,539.91,449.91,NA,NA,91888,NA,08850,4,4
53037009753,53,037,009753,2324,24,2273,24,1,14,12,1702,18,1650,18,1,10,5,417.69,348.06,NA,NA,92112,NA,02460,4,4
53037009754,53,037,009754,8771,214,8099,214,91,75,287,7509,172,6769,172,71,64,261,1842.81,1535.62,NA,21240,91008,NA,02460,4,4
53037009755,53,037,009755,2915,85,2748,85,18,29,34,2346,62,2166,62,12,19,25,575.74,479.76,NA,21240,91008,NA,02460,4,4
53037009756,53,037,009756,2710,78,2513,78,14,25,79,2379,64,2141,64,12,23,75,583.84,486.51,NA,21240,91008,NA,02460,4,4
53037009757,53,037,009757,2694,199,2442,199,3,28,22,2072,135,1775,135,0,13,14,508.5,423.73,NA,36045,91504,NA,04050,4,4
53039009501,53,039,009501,6802,243,6200,243,13,286,50,4880,117,4463,117,4,161,18,1135.36,1046.17,80045,27435,91264,NA,03090,4,4
53039009502,53,039,009502,3700,80,3397,80,5,179,38,2673,43,2463,43,2,98,24,621.89,573.03,80045,NA,93632,NA,04590,4,3
53039009503,53,039,009503,6114,605,5358,605,6,105,35,4757,407,3851,407,3,66,23,1106.75,1019.8,80045,78330,93744,NA,09810,4,3
53041009701,53,041,009701,2329,20,2280,20,0,23,6,1637,11,1600,11,0,14,1,326.83,429.32,NA,NA,90352,NA,00060,3,3
53041009702,53,041,009702,2221,32,2150,32,9,11,19,1600,20,1533,20,5,9,13,319.44,419.62,NA,11160,90512,NA,01140,3,3
53041009703,53,041,009703,4066,85,3909,85,6,19,46,3095,41,2963,41,2,15,33,617.93,811.7,NA,24565,90512,NA,01140,3,3
53041009704,53,041,009704,4140,133,3916,133,23,36,32,2991,77,2789,77,10,22,16,597.16,784.43,NA,11160,90512,NA,01140,3,3
53041009705,53,041,009705,2087,46,1988,46,9,34,10,1496,22,1422,22,3,20,7,298.68,392.35,NA,11160,90512,NA,01140,3,3
53041009706,53,041,009706,1976,80,1861,80,8,15,12,1525,43,1412,43,5,12,10,304.47,399.95,NA,11160,90512,NA,01140,3,3
53041009707,53,041,009707,3796,131,3581,131,14,27,43,2855,64,2667,64,10,22,28,570.01,748.76,NA,11160,90512,NA,01140,3,3
53041009708,53,041,009708,3755,185,3476,185,16,49,28,2836,102,2571,102,10,36,15,566.22,743.78,NA,11475,90512,NA,01170,3,3
53041009709,53,041,009709,1508,46,1436,46,2,14,10,1094,25,1025,25,2,9,8,218.42,286.92,NA,11475,90512,NA,01170,3,3
53041009710,53,041,009710,2583,52,2441,52,36,20,34,1911,18,1823,18,18,13,21,381.54,501.18,NA,11475,90512,NA,01170,3,3
53041009711,53,041,009711,2548,16,2495,16,8,15,14,1815,10,1775,10,2,12,6,362.37,476.01,NA,NA,91648,NA,01140,3,3
53041009712,53,041,009712,2379,54,2277,54,8,29,11,1718,30,1632,30,3,18,5,343,450.57,NA,NA,91088,NA,08910,3,3
53041009713,53,041,009713,3553,113,3378,113,7,35,20,2544,62,2375,62,6,28,11,507.92,667.2,NA,47980,91408,NA,05490,3,3
53041009714,53,041,009714,1796,51,1689,51,7,21,27,1270,22,1189,22,6,15,16,253.56,333.07,NA,NA,92144,NA,01170,3,3
53041009715,53,041,009715,5122,112,4950,112,2,43,13,3661,61,3503,61,1,29,6,730.93,960.14,NA,79275,90240,NA,06660,3,3
53041009716,53,041,009716,2792,50,2680,50,11,43,6,2047,26,1959,26,5,27,4,408.69,536.85,NA,71785,92336,NA,08910,3,3
53041009717,53,041,009717,3459,34,3335,34,6,76,7,2481,19,2388,19,6,46,3,495.34,650.67,NA,47315,92048,NA,05250,3,3
53041009718,53,041,009718,2946,31,2887,31,4,20,4,2104,13,2058,13,1,17,2,420.07,551.8,NA,NA,91984,NA,05190,3,3
53041009719,53,041,009719,3145,46,3045,46,3,43,8,2241,16,2176,16,2,25,6,447.42,587.73,NA,47175,92016,NA,05190,3,3
53041009720,53,041,009720,3157,49,3060,49,3,30,8,2299,22,2227,22,2,21,5,459,602.94,80045,NA,90208,NA,09750,3,3
53043009601,53,043,009601,1514,10,1478,10,0,21,5,1131,8,1101,8,0,12,2,339.27,459.03,NA,16795,90848,NA,02010,5,5
53043009602,53,043,009602,1834,14,1764,14,6,40,10,1321,8,1277,8,1,22,5,396.26,536.14,67105,57465,90848,NA,02010,5,5
53043009603,53,043,009603,2442,39,2349,39,3,41,10,1792,16,1731,16,1,24,4,537.55,727.3,NA,78680,93760,NA,09840,5,5
53043009604,53,043,009604,3074,20,3012,20,3,30,7,2310,17,2250,17,0,20,6,692.93,937.53,NA,50745,92304,NA,06120,5,5
53045009602,53,045,009602,5099,238,4467,238,239,113,36,4431,216,3652,216,228,91,28,1083.4,909.35,NA,NA,92400,NA,03600,2,6
53045009603,53,045,009603,3794,87,3594,87,9,47,54,2854,43,2690,43,8,34,36,697.82,585.71,NA,NA,93408,NA,05790,2,6
53045009604,53,045,009604,4939,64,4691,64,26,83,72,3629,31,3465,31,9,57,36,887.31,744.76,NA,1447,90160,NA,05790,2,6
53045009605,53,045,009605,2312,24,2205,24,1,62,19,1831,19,1751,19,0,31,11,447.69,375.76,NA,NA,93136,NA,03600,2,6
53045009606,53,045,009606,2533,46,2399,46,2,59,27,1790,21,1697,21,0,36,15,437.66,367.35,NA,63735,92976,NA,07900,2,6
53045009607,53,045,009607,1620,33,1517,33,1,51,18,1253,25,1160,25,1,31,11,306.36,257.15,NA,63735,92976,NA,07900,2,6
53045009608,53,045,009608,2684,67,2471,67,6,84,56,2048,37,1881,37,1,60,32,500.75,420.3,NA,63735,92976,NA,07900,2,6
53045009609,53,045,009609,3708,92,3438,92,6,96,71,2558,48,2365,48,3,50,44,625.44,524.96,NA,63735,92976,NA,07900,2,6
53045009610,53,045,009610,3327,72,3155,72,4,51,45,2414,35,2284,35,2,34,24,590.23,495.41,67350,63735,92976,NA,07900,2,6
53045009611,53,045,009611,3184,74,3041,74,5,44,19,2524,34,2416,34,4,24,12,617.13,517.98,67350,1447,93136,NA,06750,2,6
53045009612,53,045,009612,1765,33,1682,33,1,44,5,1355,16,1294,16,0,25,4,331.3,278.08,NA,NA,93136,NA,06750,2,6
53045009613,53,045,009613,2228,30,1955,30,7,227,9,1704,17,1529,17,5,127,9,416.64,349.7,67350,NA,91456,NA,07900,2,6
53045009614,53,045,009614,614,13,175,13,0,425,1,430,9,157,9,0,254,1,105.14,88.25,64785,64775,93008,NA,03600,2,6
53045960198,53,045,960198,534,10,509,10,1,9,5,430,4,411,4,1,5,5,105.14,88.25,NA,NA,92400,NA,03600,2,6
53047009701,53,047,009701,2691,105,1159,105,10,1399,14,1897,49,913,49,9,866,11,393.78,401.61,14240,15115,90720,NA,05550,4,4
53047009702,53,047,009702,2714,237,1190,237,2,1271,5,1839,123,820,123,0,768,5,381.74,389.33,14240,51340,90720,NA,06150,4,4
53047009703,53,047,009703,5726,466,5068,466,4,163,23,4401,297,3683,297,3,105,16,913.56,931.73,NA,51970,92480,NA,06420,4,4
53047009704,53,047,009704,3132,258,2794,258,7,63,6,2435,146,2089,146,4,44,6,505.46,515.51,NA,71890,93456,NA,08940,4,4
53047009705,53,047,009705,1871,51,1757,51,3,53,6,1379,30,1283,30,2,31,3,286.25,291.95,NA,14310,90736,NA,06220,4,4
53047009706,53,047,009706,5290,178,4820,178,13,229,45,3881,89,3541,89,4,133,25,805.62,821.64,NA,51340,92416,NA,06220,4,4
53047009707,53,047,009707,3782,248,3383,248,5,133,12,2901,151,2493,151,2,95,9,602.19,614.16,NA,50920,92320,NA,06150,4,4
53047009708,53,047,009708,3873,1102,2666,1102,1,77,20,3478,707,1996,707,1,53,14,721.96,736.32,NA,7835,90304,NA,00690,4,4
53047009709,53,047,009709,1203,21,1160,21,0,9,13,905,13,868,13,0,4,7,187.86,191.6,NA,79380,91968,NA,05020,4,4
53047009710,53,047,009710,3068,113,2895,113,2,41,17,2320,85,2114,85,1,27,8,481.59,491.16,NA,73080,91968,NA,05020,4,4
53049009501,53,049,009501,1465,10,1422,10,0,15,18,1010,2,987,2,0,11,8,315.52,180.93,NA,NA,93776,NA,09870,3,3
53049009502,53,049,009502,4590,94,4173,94,7,95,220,3407,53,3138,53,4,63,96,1064.32,610.32,NA,57430,92736,NA,07140,3,3
53049009503,53,049,009503,3555,48,3129,48,5,216,156,2690,32,2415,32,4,130,77,840.34,481.88,63910,65625,92736,NA,08100,3,3
53049009504,53,049,009504,2049,96,1840,96,30,63,20,1476,57,1316,57,4,30,12,461.09,264.41,NA,33000,92128,NA,05520,3,3
53049009505,53,049,009505,2114,54,1995,54,12,40,13,1667,29,1560,29,9,30,10,520.76,298.62,NA,33000,92544,NA,06060,3,3
53049009506,53,049,009506,1298,22,1251,22,1,16,8,1073,13,1031,13,0,11,5,335.2,192.21,NA,40070,92544,NA,06060,3,3
53049009507,53,049,009507,2052,57,1967,57,0,19,9,1738,34,1651,34,0,12,7,542.94,311.34,NA,50535,92544,NA,06060,3,3
53049009508,53,049,009508,1759,52,1654,52,0,25,26,1520,32,1423,32,0,17,16,474.84,272.29,NA,50535,92544,NA,06060,3,3
53049009513,53,049,009513,0,0,0,0,0,0,0,0,0,0,0,0,0,0,0,0,NA,NA,92736,NA,08100,3,3
53051009701,53,051,009701,1933,26,1873,26,4,24,6,1397,10,1357,10,0,14,6,386.22,347.27,NA,33560,91376,NA,07800,5,5
53051009702,53,051,009702,2089,21,1930,21,7,126,5,1488,6,1395,6,2,75,4,411.38,369.89,34715,16340,92160,NA,01920,5,5
53051009703,53,051,009703,1967,47,1901,47,0,15,4,1399,23,1339,23,0,10,4,386.77,347.77,NA,48820,92160,NA,05610,5,5
53051009704,53,051,009704,1555,18,1519,18,0,11,7,1097,12,1059,12,0,9,5,303.28,272.69,NA,NA,92160,04500,05610,5,5
53051009705,53,051,009705,1371,8,1341,8,1,18,3,967,5,947,5,0,9,1,267.34,240.38,NA,NA,92160,NA,05610,5,5
53053000602,53,053,000602,274,10,235,10,9,19,1,248,8,206,8,9,16,1,47.89,39.97,56720,70000,93376,NA,08700,6,9
53053000603,53,053,000603,3127,56,2866,56,110,20,74,2459,35,2254,35,74,15,46,474.88,396.31,NA,70000,93376,NA,08700,6,6
53053000604,53,053,000604,3991,86,3729,86,86,39,49,3122,46,2909,46,56,24,41,602.92,503.16,NA,70000,93376,NA,08700,6,6
53053000605,53,053,000605,4064,81,3838,81,66,30,49,3155,56,2942,56,40,21,40,609.29,508.48,NA,70000,93376,NA,08700,6,6
53053000606,53,053,000606,5527,161,4944,161,243,45,128,4552,103,4047,103,159,38,102,879.08,733.62,NA,70000,93376,NA,08700,6,9
53053000607,53,053,000607,7236,173,6578,173,190,81,206,5964,128,5357,128,127,52,172,1151.76,961.19,NA,70000,93376,NA,08700,6,6
53053000608,53,053,000608,5268,134,4919,134,82,33,99,4087,77,3792,77,56,19,66,789.28,658.68,NA,70000,93376,NA,08700,6,6
53053000610,53,053,000610,7323,255,6225,255,514,65,249,6038,147,5139,147,364,47,194,1166.05,973.12,NA,70000,93376,NA,08700,6,6
53053000611,53,053,000611,6020,185,5084,185,499,76,168,4851,122,4112,122,334,49,112,936.82,781.81,NA,70000,93376,NA,08700,6,6
53053000612,53,053,000612,5059,185,3708,185,920,111,118,3734,103,2782,103,593,71,82,721.11,601.79,NA,70000,93376,NA,08700,6,6
53053000613,53,053,000613,4708,185,2247,185,1725,214,314,3258,110,1663,110,1092,117,166,629.18,525.08,NA,70000,93376,NA,08700,6,6
53053000614,53,053,000614,3617,275,1607,275,913,134,677,2972,209,1402,209,698,98,356,573.95,478.98,NA,70000,93376,NA,08700,6,6
53053000615,53,053,000615,4359,124,3724,124,307,66,136,4040,105,3438,105,239,51,102,780.2,651.11,NA,70000,93376,NA,08700,6,6
53053000617,53,053,000617,4115,167,1490,167,1630,85,715,2784,96,1099,96,1083,56,354,537.64,448.68,NA,70000,93376,NA,08700,6,6
53053000618,53,053,000618,2955,184,2196,184,349,83,136,2109,96,1571,96,205,49,92,407.29,339.9,NA,70000,93376,NA,08700,6,6
53053000619,53,053,000619,2043,86,1547,86,233,62,111,1592,49,1221,49,154,43,76,307.45,256.58,NA,70000,93376,NA,08700,6,6
53053000620,53,053,000620,4215,264,2925,264,432,199,392,3130,174,2219,174,248,132,183,604.46,504.45,56720,70000,93376,NA,08700,6,6
53053000621,53,053,000621,2947,174,1604,174,622,314,230,1997,97,1111,97,368,186,138,385.66,321.85,56720,70000,93376,NA,08700,6,9
53053000622,53,053,000622,3010,223,520,223,534,91,1638,1477,100,308,100,226,41,702,285.24,238.04,56720,70000,93376,NA,08700,6,9
53053000623,53,053,000623,4167,264,2824,264,632,134,308,2997,147,2068,147,366,81,188,578.78,483.01,56720,70000,93376,NA,08700,6,6
53053000624,53,053,000624,5285,149,4574,149,288,103,168,3980,96,3446,96,165,71,106,768.61,641.44,NA,70000,93376,NA,08700,6,6
53053000625,53,053,000625,7290,285,5642,285,680,178,501,5304,165,4146,165,436,99,293,1024.3,854.82,NA,70000,93376,NA,08700,6,6
53053000626,53,053,000626,1682,88,1396,88,117,28,53,1232,41,1014,41,82,20,34,237.92,198.56,NA,70000,93376,NA,08700,6,6
53053000627,53,053,000627,1098,69,757,69,190,30,49,864,40,603,40,119,22,40,166.85,139.25,NA,70000,93376,NA,08700,6,6
53053000629,53,053,000629,5789,300,4607,300,503,111,259,4412,185,3487,185,312,64,179,852.04,711.06,NA,70000,93376,NA,08700,6,6
53053000630,53,053,000630,3157,125,2532,125,312,40,145,2381,81,1903,81,193,26,97,459.82,383.73,NA,70000,93376,NA,08700,6,6
53053000631,53,053,000631,4022,122,3261,122,308,62,266,3065,75,2494,75,205,43,173,591.91,493.97,NA,70000,93376,NA,08700,6,6
53053000632,53,053,000632,4712,173,3925,173,275,102,232,3556,90,2982,90,179,60,155,686.73,573.1,NA,70000,93376,NA,08700,6,6
53053000633,53,053,000633,5861,307,3376,307,1409,118,631,4061,160,2430,160,890,60,361,784.26,654.49,56720,70000,93376,NA,08700,6,9
53053000634,53,053,000634,6476,241,5150,241,498,117,464,4896,142,3934,142,296,68,314,945.51,789.07,NA,70000,93376,NA,08700,6,9
53053000635,53,053,000635,7590,315,4713,315,1240,77,1231,5451,191,3462,191,751,52,804,1052.69,878.51,NA,70000,93376,NA,08700,6,9
53053000701,53,053,000701,2121,19,2038,19,7,38,19,1479,10,1414,10,5,24,16,285.62,238.36,NA,78925,92064,NA,09780,8,8
53053000704,53,053,000704,4521,132,4289,132,4,38,58,3351,65,3141,65,2,31,47,647.14,540.06,NA,52005,92672,NA,06450,8,8
53053000705,53,053,000705,3202,70,2981,70,29,56,66,2700,45,2524,45,13,33,40,521.42,435.15,56720,50115,92672,NA,06960,6,9
53053000706,53,053,000706,681,17,609,17,3,19,33,496,11,430,11,2,13,29,95.79,79.94,NA,68435,92672,NA,08610,6,9
53053000708,53,053,000708,1997,26,1904,26,9,20,37,1605,22,1520,22,7,13,21,309.96,258.67,56720,70000,93376,NA,08700,6,9
53053000709,53,053,000709,5595,295,4757,295,160,189,187,4594,209,3795,209,111,118,152,887.19,740.39,56720,23795,93376,NA,02880,6,9
53053000710,53,053,000710,6061,107,5671,107,72,97,114,4539,65,4224,65,47,60,78,876.57,731.53,56720,75905,93376,NA,06960,6,9
53053000711,53,053,000711,2266,35,2153,35,14,30,28,1726,23,1636,23,9,17,18,333.32,278.17,NA,68365,93376,NA,02940,6,9
53053000716,53,053,000716,6036,196,5117,196,318,102,291,4577,128,3834,128,204,68,215,883.91,737.65,NA,45495,93376,NA,02940,6,9
53053000720,53,053,000720,5352,469,3345,469,1059,127,337,3877,286,2404,286,607,82,212,748.72,624.84,NA,38038,93376,NA,01410,6,9
53053000726,53,053,000726,7787,149,7422,149,20,91,100,5759,72,5486,72,11,58,60,1218.37,1256.71,NA,NA,91712,NA,06690,6,6
53053000727,53,053,000727,1167,98,739,98,262,52,11,1185,96,671,96,262,49,11,250.7,258.59,NA,NA,91712,NA,08460,6,6
53053000728,53,053,000728,623,27,491,27,49,9,46,467,17,362,17,35,7,29,90.19,75.26,NA,18965,91184,NA,08460,6,9
53053000732,53,053,000732,3856,66,3712,66,9,56,12,2805,42,2674,42,3,35,9,541.7,452.07,NA,20260,90976,NA,02370,3,8
53053000733,53,053,000733,7337,249,6812,249,23,115,134,5481,161,4972,161,18,73,96,1058.48,883.35,NA,68435,92672,NA,08610,6,8
53053000735,53,053,000735,693,19,605,19,30,11,27,540,11,471,11,20,8,19,104.28,87.03,NA,60510,93376,NA,08700,6,6
53053060101,53,053,060101,4080,76,3727,76,66,24,187,3086,50,2798,50,43,20,125,595.96,497.36,56720,70000,93376,NA,08700,6,9
53053060102,53,053,060102,4293,113,3684,113,188,43,260,2866,61,2456,61,104,29,155,553.48,461.9,56720,70000,93376,NA,08700,6,9
53053060299,53,053,060299,271,36,207,36,14,7,7,307,36,207,36,14,7,7,59.29,49.48,NA,70000,93376,NA,08700,6,9
53053060901,53,053,060901,8364,269,7035,269,635,40,375,6394,163,5378,163,409,33,248,1234.8,1030.49,NA,70000,93376,NA,08700,6,6
53053060902,53,053,060902,8857,180,7608,180,607,61,385,7166,124,6199,124,382,44,293,1383.89,1154.91,NA,70000,93376,NA,08700,6,6
53053061601,53,053,061601,1108,43,887,43,101,43,34,1092,39,854,39,93,36,31,210.89,175.99,NA,70000,93376,NA,08700,6,6
53053061602,53,053,061602,715,52,486,52,134,25,18,682,39,440,39,124,23,17,131.71,109.91,NA,70000,93376,NA,08700,6,6
53053062801,53,053,062801,5515,220,4027,220,971,64,225,4245,138,3155,138,619,43,152,819.79,684.15,NA,70000,93376,NA,08700,6,6
53053062802,53,053,062802,4134,143,3035,143,566,76,303,2989,91,2229,91,324,47,207,577.23,481.72,NA,70000,93376,NA,08700,6,6
53053070201,53,053,070201,5917,130,5680,130,10,58,37,4079,75,3864,75,4,38,23,787.73,657.39,NA,56170,90336,NA,09780,8,8
53053070202,53,053,070202,9285,99,8993,99,56,72,64,6511,59,6268,59,36,49,40,1257.4,1049.35,NA,8570,90336,NA,09780,8,8
53053070301,53,053,070301,6250,109,6010,109,14,47,68,4430,54,4245,54,9,30,38,855.52,713.96,47700,7170,92672,NA,02130,8,8
53053070303,53,053,070303,6084,138,5820,138,18,43,65,4000,76,3775,76,9,32,32,772.48,644.66,NA,7170,92672,NA,08610,8,8
53053070304,53,053,070304,5957,136,5695,136,6,56,61,4072,70,3852,70,5,40,35,786.38,656.27,NA,7170,92672,NA,08610,8,8
53053070305,53,053,070305,3758,86,3548,86,34,63,25,2517,41,2366,41,17,33,19,486.08,405.65,NA,56170,92672,NA,09780,8,8
53053070701,53,053,070701,6312,100,6014,100,13,59,122,4701,59,4455,59,9,34,85,907.85,757.64,NA,20655,92672,NA,06960,6,9
53053070702,53,053,070702,7008,154,6570,154,62,70,150,5345,104,4936,104,40,48,113,1032.22,861.43,56720,46020,93376,NA,02880,6,9
53053071202,53,053,071202,6826,121,6468,121,62,62,112,5075,70,4764,70,46,45,80,980.08,817.91,56720,68365,92672,NA,06960,6,9
53053071203,53,053,071203,7025,183,6541,183,75,44,167,5206,112,4784,112,51,36,111,1005.38,839.03,NA,65922,92672,NA,06960,6,8
53053071204,53,053,071204,7088,152,6595,152,69,40,231,4530,88,4145,88,43,23,143,874.83,730.08,NA,56695,92672,NA,06960,6,8
53053071302,53,053,071302,6324,105,5913,105,99,49,152,4769,67,4414,67,71,38,112,920.98,768.6,NA,68365,93376,NA,02940,6,9
53053071303,53,053,071303,7174,171,6655,171,124,60,162,5079,91,4661,91,79,43,114,980.85,818.56,NA,25475,92672,NA,06960,6,8
53053071304,53,053,071304,3016,75,2833,75,12,24,71,2215,41,2058,41,11,17,47,427.76,356.98,NA,65922,92672,NA,06960,6,8
53053071401,53,053,071401,5655,164,4952,164,220,57,252,3978,96,3438,96,134,39,175,768.23,641.12,NA,21205,93376,NA,00480,8,9
53053071403,53,053,071403,3579,131,3015,131,185,49,198,2748,86,2272,86,118,32,154,530.69,442.88,NA,66255,93376,NA,00480,6,9
53053071404,53,053,071404,7654,401,5826,401,590,101,731,5258,233,3913,233,336,56,487,1015.42,847.41,NA,66255,93376,NA,00480,6,9
53053071405,53,053,071405,4572,184,3825,184,242,72,240,3290,104,2701,104,148,46,187,635.36,530.23,NA,21205,93376,NA,00480,6,9
53053071501,53,053,071501,8509,312,6737,312,640,99,715,6265,184,4888,184,433,69,507,1209.89,1009.7,NA,53335,93376,NA,02940,6,9
53053071503,53,053,071503,4710,204,3841,204,287,49,324,3575,128,2855,128,190,34,240,690.4,576.17,NA,53335,93376,NA,02940,6,9
53053071504,53,053,071504,5445,111,4884,111,149,47,254,4619,79,4141,79,85,32,203,892.02,744.42,NA,53335,93376,NA,02940,6,9
53053071701,53,053,071701,7740,384,5635,384,1053,96,560,6244,266,4485,266,734,61,432,1205.83,1006.32,NA,70000,93376,NA,02940,6,9
53053071702,53,053,071702,3947,151,3291,151,216,85,201,2894,94,2371,94,130,49,156,558.89,466.41,NA,53335,93376,NA,02940,6,9
53053071802,53,053,071802,8174,673,4414,673,1751,128,1179,6064,419,3256,419,1047,81,842,1171.07,977.31,NA,38038,93376,NA,01410,6,9
53053071803,53,053,071803,3233,225,2308,225,420,41,232,2594,140,1823,140,279,29,183,500.95,418.06,NA,38038,93376,NA,01410,6,6
53053071804,53,053,071804,6135,315,3973,315,913,97,827,4684,192,3133,192,530,63,574,904.57,754.9,NA,38038,93376,NA,01410,6,6
53053071901,53,053,071901,4551,240,3411,240,386,48,460,3809,161,2832,161,272,36,347,735.59,613.88,NA,38038,93376,NA,01410,6,6
53053071902,53,053,071902,5313,174,4659,174,169,28,273,4266,103,3737,103,112,22,189,823.85,687.53,NA,38038,93376,NA,01410,6,9
53053072105,53,053,072105,5817,126,4878,126,359,41,406,4969,95,4115,95,319,40,305,959.61,800.83,NA,38038,93376,NA,01410,6,6
53053072106,53,053,072106,5569,242,4397,242,582,55,291,4484,154,3516,154,383,42,235,865.95,722.67,NA,38038,93376,NA,01410,6,6
53053072107,53,053,072107,4174,126,3505,126,264,23,249,3241,78,2709,78,182,17,177,625.9,522.34,NA,38038,93376,NA,01410,6,6
53053072108,53,053,072108,5335,321,3944,321,493,73,483,4076,187,2980,187,319,50,353,787.15,656.91,NA,38038,93376,NA,01410,6,6
53053072109,53,053,072109,3206,130,2671,130,235,27,141,2516,81,2089,81,141,22,102,485.89,405.49,NA,67770,93376,NA,08460,6,6
53053072110,53,053,072110,7013,419,4865,419,973,58,691,5578,297,3732,297,682,38,532,1077.22,898.98,NA,38038,93376,NA,08460,6,6
53053072303,53,053,072303,7950,137,7185,137,329,61,235,6195,80,5626,80,197,51,161,1196.37,998.42,NA,73465,93376,NA,09180,6,6
53053072305,53,053,072305,9760,285,8588,285,592,45,245,7921,198,6921,198,383,32,189,1529.69,1276.59,NA,23970,93376,NA,08700,6,6
53053072306,53,053,072306,5438,208,4382,208,495,48,296,4096,138,3256,138,317,31,216,791.02,660.13,NA,73465,93376,NA,08700,6,6
53053072307,53,053,072307,4424,117,3784,117,299,32,188,3335,69,2865,69,190,22,120,644.05,537.49,NA,73465,93376,NA,09180,6,6
53053072308,53,053,072308,6144,210,5192,210,348,52,341,4377,121,3628,121,230,33,244,845.28,705.42,NA,73465,93376,NA,09180,6,6
53053072402,53,053,072402,6753,121,6481,121,33,37,75,4730,77,4479,77,20,23,54,1000.68,1032.16,NA,2910,91232,NA,06690,6,6
53053072403,53,053,072403,7029,138,6668,138,60,28,131,5307,84,5003,84,34,21,81,1122.75,1158.08,NA,2910,91232,NA,06690,6,6
53053072404,53,053,072404,3853,38,3705,38,7,29,72,2887,23,2777,23,6,17,41,610.77,629.99,NA,25370,91232,NA,06690,6,6
53053072501,53,053,072501,5978,117,5662,117,84,51,64,4341,76,4027,76,75,42,45,918.38,947.28,NA,26735,91232,NA,06690,6,6
53053072502,53,053,072502,8023,140,7669,140,51,37,115,6137,91,5834,91,33,21,67,1298.34,1339.2,NA,26735,91232,NA,06690,6,6
53053072803,53,053,072803,0,0,0,0,0,0,0,0,0,0,0,0,0,0,0,0,NA,NA,93376,NA,09180,6,6
53053072901,53,053,072901,4538,246,3462,246,555,43,229,2857,139,2088,139,321,26,144,551.74,460.45,NA,41155,91184,NA,00480,6,9
53053072902,53,053,072902,22224,1962,13300,1962,5508,242,1174,17227,1299,9781,1299,3960,171,717,3326.86,2776.39,49205,24915,91184,NA,01410,6,9
53053073001,53,053,073001,3495,119,3244,119,20,54,58,2536,73,2294,73,14,39,43,489.75,408.72,NA,60160,92880,NA,00480,6,9
53053073002,53,053,073002,5216,151,4909,151,37,67,51,3622,79,3362,79,24,44,34,699.48,583.74,NA,NA,92880,NA,02370,6,9
53053073103,53,053,073103,10073,296,9195,296,183,101,287,6793,156,6126,156,108,60,187,1311.86,1094.8,NA,25475,91280,NA,00480,8,8
53053073104,53,053,073104,9980,266,9225,266,181,65,232,6669,146,6077,146,119,41,140,1287.91,1074.81,NA,65922,91280,NA,06960,8,8
53053073105,53,053,073105,10416,227,9660,227,160,124,240,7158,118,6588,118,104,76,154,1382.35,1153.62,NA,21205,91280,NA,00480,6,9
53053073106,53,053,073106,4669,85,4452,85,10,51,68,3312,46,3139,46,6,31,44,639.61,533.78,NA,NA,91280,NA,00480,8,8
53053073401,53,053,073401,5220,110,4849,110,53,75,133,3943,68,3636,68,36,43,92,761.47,635.47,NA,56695,92672,NA,06960,6,9
53053073403,53,053,073403,7132,127,6755,127,36,82,131,5534,79,5210,79,21,58,87,1068.72,891.89,56720,56695,92672,NA,06960,6,9
53053073404,53,053,073404,5914,118,5579,118,17,80,119,4598,64,4341,64,11,43,75,887.96,741.04,NA,56695,92672,NA,06960,6,9
53055009601,53,055,009601,3286,41,3182,41,9,19,34,2555,24,2469,24,6,13,19,14.78,34.06,NA,NA,92432,NA,06300,2,2
53055009602,53,055,009602,828,8,809,8,3,7,1,694,5,676,5,2,5,1,195.73,176.65,NA,25615,92912,NA,07650,2,2
53055009603,53,055,009603,2161,45,2074,45,4,22,16,1753,29,1661,29,3,17,14,494.4,446.21,NA,25615,92912,NA,07650,2,2
53055009604,53,055,009604,2014,16,1956,16,4,19,16,1627,15,1565,15,3,14,15,458.87,414.14,NA,25615,92912,NA,07650,2,2
53055009605,53,055,009605,1017,5,990,5,3,7,12,820,4,804,4,1,3,4,4.74,10.93,NA,NA,91696,NA,04530,2,2
53055009606,53,055,009606,729,6,717,6,0,3,2,601,3,590,3,0,3,2,3.48,8.01,NA,NA,91696,NA,04530,2,2
53057009501,53,057,009501,753,58,680,58,2,6,7,615,38,531,38,1,3,4,149.39,139.42,69310,1990,90064,NA,00150,2,2
53057009502,53,057,009502,3540,34,3442,34,5,32,27,2776,21,2692,21,4,26,12,674.33,629.32,69310,1990,90064,NA,00150,2,2
53057009503,53,057,009503,1535,24,1479,24,4,8,20,1282,15,1230,15,3,7,12,311.42,290.63,NA,1990,90064,NA,00150,2,2
53057009504,53,057,009504,3702,35,3536,35,4,70,53,2801,20,2676,20,3,43,39,680.4,634.98,NA,1990,90064,NA,00150,2,2
53057009505,53,057,009505,1531,29,1458,29,20,15,9,1201,11,1150,11,10,12,7,291.74,272.26,NA,1990,90064,NA,00150,2,2
53057009506,53,057,009506,1696,71,1563,71,8,40,13,1299,46,1164,46,2,32,9,315.55,294.48,NA,1990,90064,NA,00150,2,2
53057009507,53,057,009507,2296,63,2128,63,18,41,46,1738,27,1622,27,7,28,27,422.19,394,NA,1990,90064,NA,00150,2,2
53057009508,53,057,009508,4581,180,4328,180,5,31,37,3374,107,3118,107,2,20,20,819.59,764.88,73652,NA,90272,NA,00780,2,2
53057009509,53,057,009509,3207,68,2837,68,63,210,28,2355,42,2063,42,49,137,22,572.06,533.88,73652,NA,92896,NA,07740,2,2
53057009510,53,057,009510,1885,40,1821,40,1,20,3,1412,26,1345,26,0,12,3,343,320.1,NA,29255,91776,NA,07740,2,2
53057009511,53,057,009511,3360,63,3140,63,8,130,19,2417,30,2265,30,6,74,12,587.12,547.93,61402,14380,93552,NA,01660,2,2
53057009512,53,057,009512,1620,30,1576,30,0,7,7,1208,18,1163,18,0,5,4,293.44,273.85,NA,NA,90496,NA,07740,2,2
53057009513,53,057,009513,1435,32,1384,32,2,14,3,1045,18,999,18,0,7,3,253.85,236.9,NA,NA,90608,NA,07740,2,2
53057009514,53,057,009514,3443,177,3189,177,1,59,16,2610,103,2358,103,1,36,9,634.01,591.68,NA,63210,92944,NA,07740,2,2
53057009515,53,057,009515,5486,217,5150,217,11,52,47,4163,127,3842,127,3,39,25,1011.25,943.75,NA,63210,92944,NA,07740,2,2
53057009516,53,057,009516,2935,183,2694,183,1,34,23,2265,111,2003,111,0,23,17,550.2,513.47,NA,8920,90384,NA,00780,2,2
53057009517,53,057,009517,2562,412,2092,412,12,29,17,2053,229,1562,229,7,19,7,498.7,465.41,NA,8920,90384,NA,00780,2,2
53057009518,53,057,009518,2241,139,2037,139,5,28,30,1801,81,1593,81,5,17,24,437.49,408.28,NA,8920,90384,NA,00780,2,2
53057009519,53,057,009519,2724,73,2615,73,6,8,22,2145,45,2034,45,3,6,12,521.05,486.27,NA,NA,90144,NA,00780,2,2
53057009520,53,057,009520,2281,21,1667,21,2,582,7,1825,10,1455,10,2,342,6,443.32,413.72,69310,63725,93360,NA,04110,2,2
53057009521,53,057,009521,2905,204,2655,204,1,23,16,2334,125,2053,125,0,18,13,566.96,529.11,NA,36780,91536,NA,04110,2,2
53057009522,53,057,009522,3001,178,2731,178,10,16,59,2269,94,2024,94,6,11,40,551.17,514.38,NA,47560,92096,NA,05400,2,2
53057009523,53,057,009523,7071,988,5873,988,30,72,99,5488,544,4267,544,21,42,70,1333.12,1244.12,NA,47560,92096,NA,05400,2,2
53057009524,53,057,009524,5448,331,5008,331,7,45,55,4236,190,3783,190,3,34,36,1028.99,960.29,NA,47560,92096,NA,05400,2,2
53057009525,53,057,009525,2554,275,2083,275,26,60,30,2030,168,1625,168,15,35,19,493.12,460.2,NA,47560,92096,NA,05400,2,2
53057009526,53,057,009526,2993,282,2662,282,3,17,29,2356,156,2015,156,3,12,14,572.31,534.1,NA,47560,92096,NA,05400,2,2
53057009527,53,057,009527,2754,128,2580,128,7,7,32,2000,73,1819,73,4,4,27,485.83,453.4,NA,47560,90768,NA,01680,2,2
53057950199,53,057,950199,14,0,10,0,2,0,0,12,0,10,0,2,0,0,2.91,2.72,NA,NA,90064,NA,00150,2,2
53057950699,53,057,950699,2,0,2,0,0,0,0,2,0,2,0,0,0,0,0.49,0.45,NA,1990,90064,NA,00150,2,2
53059009501,53,059,009501,67,1,62,1,0,4,0,48,0,44,0,0,4,0,12.79,10.65,NA,NA,91216,NA,08520,4,3
53059009502,53,059,009502,2767,30,2655,30,1,73,8,1937,13,1854,13,1,49,7,516.03,429.86,NA,49555,90256,NA,07950,4,3
53059009503,53,059,009503,1739,50,1636,50,0,31,22,1228,20,1162,20,0,20,6,327.15,272.52,NA,67875,93312,NA,08520,4,3
53059009504,53,059,009504,1865,64,1745,64,1,47,8,1407,38,1295,38,1,31,4,374.84,312.24,NA,10325,93808,NA,08520,4,3
53059009505,53,059,009505,1851,27,1770,27,2,40,11,1292,13,1238,13,1,20,7,344.2,286.72,NA,10325,93808,NA,08520,4,3
53061000402,53,061,000402,4450,115,3815,115,68,124,325,3219,62,2804,62,41,75,175,745.62,696.65,NA,22640,91120,NA,02670,2,2
53061000403,53,061,000403,3079,99,2822,99,58,60,39,2338,50,2144,50,33,32,29,541.56,505.99,NA,22640,91120,NA,02670,2,2
53061000404,53,061,000404,3827,166,3403,166,65,125,64,2999,94,2635,94,38,82,56,694.67,649.04,NA,22640,91120,NA,02670,2,2
53061000405,53,061,000405,2403,69,2198,69,46,51,33,1736,38,1583,38,22,34,21,402.11,375.7,NA,22640,91120,NA,02670,2,2
53061000406,53,061,000406,964,22,888,22,11,21,22,754,15,683,15,9,17,15,174.65,163.18,NA,22640,91120,NA,02670,2,2
53061000407,53,061,000407,2973,93,2692,93,61,83,44,2634,72,2351,72,43,71,25,610.12,570.05,NA,22640,91120,NA,02670,2,2
53061000408,53,061,000408,1922,61,1773,61,21,37,29,1583,40,1447,40,13,24,19,366.67,342.59,NA,22640,91120,NA,02670,2,2
53061000409,53,061,000409,2389,31,2257,31,15,27,59,1918,20,1811,20,8,17,42,444.27,415.09,NA,22640,91120,NA,02670,2,2
53061000410,53,061,000410,4958,108,4616,108,35,98,96,3920,65,3646,65,26,55,63,908,848.36,NA,22640,91120,NA,02670,2,2
53061000411,53,061,000411,3565,58,3318,58,40,34,112,2892,43,2689,43,26,21,70,669.88,625.88,NA,22640,91120,NA,02670,2,2
53061000412,53,061,000412,7241,190,6635,190,93,125,192,5404,109,4928,109,58,67,133,1251.74,1169.52,NA,22640,91120,NA,02670,2,2
53061000413,53,061,000413,7932,163,7377,163,69,78,243,5957,109,5492,109,43,45,159,1379.83,1289.2,NA,47735,91120,NA,05430,1,2
53061000414,53,061,000414,4798,84,4516,84,57,51,89,3680,55,3440,55,31,39,60,852.41,796.42,NA,22640,91120,NA,02670,2,2
53061000415,53,061,000415,1287,23,1209,23,12,12,30,944,16,880,16,6,9,17,218.66,204.3,NA,22640,91120,NA,02670,2,2
53061000417,53,061,000417,7410,156,6944,156,52,66,188,5559,99,5160,99,34,49,118,1287.64,1203.07,NA,43815,91120,NA,02670,1,2
53061000501,53,061,000501,4747,138,4154,138,70,45,334,3339,77,2906,77,42,29,208,773.42,722.62,NA,37705,90992,NA,02400,1,1
53061000502,53,061,000502,4072,63,3761,63,34,37,175,3034,35,2803,35,21,20,120,702.77,656.61,NA,20750,90992,NA,02400,1,1
53061000503,53,061,000503,5495,71,5190,71,46,25,162,4256,46,4004,46,27,21,112,985.83,921.08,NA,20750,90992,NA,02400,1,1
53061000505,53,061,000505,6008,87,5751,87,32,46,92,5282,73,5014,73,19,36,67,1223.48,1143.12,NA,20750,90992,NA,02400,1,1
53061000506,53,061,000506,888,8,850,8,6,2,22,669,5,639,5,3,2,15,154.96,144.78,NA,79835,90992,NA,02400,1,1
53061000507,53,061,000507,5831,89,5361,89,59,66,251,4514,59,4149,59,38,49,160,1045.59,976.91,NA,22255,90992,NA,02400,1,1
53061000508,53,061,000508,5966,104,5434,104,68,49,306,4833,69,4373,69,58,38,226,1119.48,1045.95,NA,22255,90992,NA,02400,1,1
53061000509,53,061,000509,3242,98,2762,98,43,47,285,2617,65,2223,65,33,30,201,606.18,566.37,NA,20750,90992,NA,02400,1,1
53061000510,53,061,000510,4273,130,3763,130,77,51,248,3252,81,2848,81,45,27,170,753.27,703.79,NA,47490,90992,NA,02400,1,1
53061000511,53,061,000511,3921,148,3396,148,64,55,249,2986,95,2554,95,40,39,163,691.65,646.23,NA,47490,90992,NA,02400,1,1
53061000512,53,061,000512,4309,135,3767,135,93,45,267,3188,79,2751,79,61,33,185,738.44,689.94,NA,47490,90992,NA,02400,1,1
53061000513,53,061,000513,6775,192,5797,192,154,57,564,5102,117,4335,117,99,37,397,1181.79,1104.17,NA,47490,90992,NA,02400,1,1
53061000514,53,061,000514,6514,256,5563,256,137,69,482,5149,166,4321,166,96,47,353,1192.67,1114.34,NA,40840,90992,NA,02400,1,1
53061000515,53,061,000515,4428,113,3912,113,100,48,253,3386,75,2957,75,57,30,192,784.31,732.79,NA,40840,90992,NA,02400,1,1
53061000516,53,061,000516,8119,204,7060,204,128,54,667,5994,131,5171,131,74,43,444,1388.4,1297.21,NA,40840,90992,NA,02400,1,1
53061000517,53,061,000517,8852,228,7735,228,155,116,617,6937,154,6026,154,100,83,420,1606.83,1501.29,NA,40840,90992,NA,02400,1,1
53061000524,53,061,000524,6735,98,6448,98,35,53,95,5004,59,4768,59,21,35,62,1159.09,1082.96,NA,65170,93056,NA,08020,2,2
53061000531,53,061,000531,4765,56,4617,56,10,56,23,3407,37,3271,37,8,35,19,789.17,737.34,NA,37287,93248,NA,04260,2,2
53061000532,53,061,000532,5236,77,5050,77,14,54,41,3894,44,3735,44,7,39,25,901.98,842.73,NA,37287,93248,NA,08340,2,2
53061000533,53,061,000533,6478,122,6237,122,9,52,53,4728,75,4509,75,1,37,31,1095.16,1023.23,NA,67455,93248,NA,08340,2,2
53061000534,53,061,000534,3670,54,3458,54,2,131,25,2583,30,2440,30,1,71,11,598.31,559.01,67967,NA,93248,NA,00240,2,2
53061000536,53,061,000536,7645,154,7363,154,17,77,29,5481,94,5221,94,11,45,16,1269.58,1186.19,NA,27995,91312,NA,03210,2,2
53061000537,53,061,000537,2414,31,2340,31,0,39,4,1764,16,1701,16,0,27,4,408.6,381.76,61402,16690,90432,NA,01980,2,2
53061000538,53,061,000538,8921,90,8617,90,40,131,40,6404,50,6165,50,32,77,30,1483.37,1385.94,NA,68260,93024,NA,08550,2,2
53061040198,53,061,040198,4252,125,3923,125,54,43,106,3284,71,3009,71,35,28,70,760.68,710.72,NA,22640,91120,NA,02670,2,2
53061041601,53,061,041601,4144,54,3911,54,50,24,105,2916,30,2747,30,24,19,66,675.44,631.08,NA,64452,91120,NA,02670,2,2
53061041603,53,061,041603,6654,164,6205,164,42,41,197,4578,86,4236,86,28,29,113,1060.41,990.76,NA,64452,91120,NA,02670,1,2
53061041604,53,061,041604,5683,136,5199,136,29,24,294,3916,84,3523,84,19,18,188,907.07,847.49,NA,64452,91120,NA,02670,1,2
53061041801,53,061,041801,8603,277,7590,277,184,93,457,6330,168,5523,168,112,62,297,1466.23,1369.93,NA,22640,91120,NA,05430,2,2
53061041803,53,061,041803,8050,241,7309,241,165,76,247,6259,161,5603,161,105,49,180,1449.79,1354.56,NA,52765,91120,NA,05430,1,2
53061041804,53,061,041804,5304,229,4738,229,132,59,145,4150,137,3649,137,82,50,95,961.27,898.14,NA,52765,91120,NA,05430,1,2
53061041901,53,061,041901,2403,62,2207,62,36,25,71,1827,39,1666,39,21,16,46,423.19,395.4,NA,52765,91120,NA,05430,1,2
53061041902,53,061,041902,10293,411,8623,411,285,122,845,7681,248,6390,248,181,88,526,1779.17,1662.31,NA,52765,91120,NA,05430,1,2
53061042001,53,061,042001,5136,128,4688,128,62,12,234,3712,79,3345,79,42,11,156,859.82,803.34,NA,29585,90992,NA,05430,1,2
53061042002,53,061,042002,2856,105,2423,105,26,16,285,2054,60,1721,60,17,10,186,475.77,444.52,NA,29585,90992,NA,05430,1,1
53061042003,53,061,042003,2934,72,2664,72,22,20,153,2028,51,1799,51,14,14,99,469.75,438.9,NA,29585,90992,NA,05430,1,1
53061042004,53,061,042004,3108,75,2733,75,40,23,236,2233,47,1931,47,24,20,164,517.23,483.26,NA,37705,90992,NA,05430,1,1
53061050401,53,061,050401,6931,166,6293,166,66,80,322,5499,104,4958,104,44,56,233,1273.75,1190.08,NA,20750,90992,NA,02400,1,1
53061050402,53,061,050402,5586,145,5116,145,46,50,226,4384,93,3976,93,32,34,156,1015.48,948.78,NA,20750,90992,NA,02400,1,1
53061051801,53,061,051801,4891,115,4434,115,103,53,176,3880,77,3471,77,73,43,139,898.73,839.7,NA,37705,90992,NA,02400,1,1
53061051802,53,061,051802,2183,63,1948,63,33,25,105,1759,39,1561,39,24,16,80,407.44,380.68,NA,37705,90992,NA,02400,1,1
53061051905,53,061,051905,6504,189,5722,189,68,81,442,4799,125,4148,125,47,51,303,1111.6,1038.59,NA,1178,90992,NA,02400,1,1
53061051906,53,061,051906,7644,167,6824,167,64,38,547,5403,104,4765,104,35,25,370,1251.51,1169.31,NA,7940,90992,NA,02400,1,1
53061051907,53,061,051907,8780,161,8057,161,98,82,363,5988,96,5435,96,61,62,238,1387.01,1295.91,NA,1178,90992,NA,05910,1,1
53061051908,53,061,051908,6281,99,5852,99,41,25,261,4625,65,4302,65,25,17,151,1071.3,1000.93,NA,1178,90992,NA,05910,1,1
53061051909,53,061,051909,5375,93,5050,93,42,30,158,3923,65,3630,65,28,23,112,908.69,849.01,NA,43815,90992,NA,02400,1,1
53061051910,53,061,051910,9684,276,8905,276,91,80,320,6900,165,6249,165,54,62,205,1598.26,1493.29,NA,49670,90992,NA,05910,1,1
53061051911,53,061,051911,5584,100,5293,100,26,22,141,3904,61,3670,61,15,16,81,904.29,844.9,NA,49670,91872,NA,05910,1,1
53061051912,53,061,051912,1991,35,1893,35,2,7,53,1434,17,1364,17,2,6,28,332.16,310.34,NA,49670,91872,NA,05130,1,1
53061052001,53,061,052001,8386,142,7599,142,77,32,526,6299,99,5655,99,54,24,368,1459.05,1363.22,NA,45865,90992,NA,02670,1,1
53061052002,53,061,052002,6419,112,5812,112,59,31,392,4136,73,3673,73,41,25,251,958.03,895.11,NA,49670,90992,NA,02670,1,1
53061052003,53,061,052003,954,2,931,2,9,4,8,713,2,694,2,4,3,8,165.15,154.31,NA,64452,90992,NA,02670,1,1
53061052104,53,061,052104,1205,7,1161,7,8,17,9,872,4,849,4,3,6,6,201.98,188.72,NA,22640,93056,NA,02670,2,2
53061052105,53,061,052105,1834,44,1746,44,11,10,22,1292,22,1227,22,5,7,9,299.27,279.61,NA,22640,93056,NA,08020,2,2
53061052106,53,061,052106,6487,175,5875,175,42,56,336,4280,93,3831,93,20,28,215,991.39,926.27,NA,64452,91872,NA,08020,1,1
53061052107,53,061,052107,2950,31,2850,31,9,20,40,2014,16,1938,16,4,14,26,466.51,435.87,NA,49670,91872,NA,05910,1,1
53061052108,53,061,052108,4505,72,4326,72,9,33,63,3190,47,3039,47,4,23,30,738.91,690.37,NA,NA,91872,NA,08020,1,1
53061052109,53,061,052109,3845,47,3692,47,11,35,60,2650,24,2532,24,7,27,36,613.83,573.51,NA,NA,91872,NA,05130,1,1
53061052201,53,061,052201,8418,307,7687,307,197,147,73,6532,222,5745,222,176,119,48,1513.02,1413.64,NA,46685,92000,NA,05130,2,2
53061052202,53,061,052202,5533,92,5348,92,7,47,38,3828,51,3671,51,5,33,17,886.69,828.45,NA,46685,92000,NA,05130,2,2
53061052301,53,061,052301,3610,57,3478,57,9,37,26,2464,29,2367,29,4,21,14,570.74,533.25,NA,65170,93056,NA,08020,2,2
53061052302,53,061,052302,2983,36,2868,36,12,32,34,2045,25,1944,25,9,27,15,473.69,442.58,NA,NA,93056,NA,08020,2,2
53061052501,53,061,052501,5137,123,4872,123,25,38,75,3554,58,3349,58,12,26,51,823.22,769.15,NA,77542,93056,NA,04200,2,2
53061052502,53,061,052502,3468,45,3375,45,9,17,22,2518,28,2430,28,7,10,15,583.25,544.94,NA,65170,93056,NA,08020,2,2
53061052601,53,061,052601,7746,185,7336,185,33,85,106,5291,97,4966,97,15,58,58,1225.57,1145.07,NA,77542,91584,NA,04200,2,2
53061052602,53,061,052602,4391,60,4221,60,16,55,37,3132,37,2990,37,12,37,19,725.47,677.82,NA,77542,91584,NA,04200,2,2
53061052701,53,061,052701,1433,19,1384,19,0,11,19,985,10,942,10,0,9,14,228.16,213.17,NA,49992,91936,NA,04860,2,2
53061052702,53,061,052702,4001,57,3859,57,14,23,47,2738,36,2615,36,6,19,26,634.21,592.55,NA,43955,91936,NA,04860,2,2
53061052703,53,061,052703,2165,22,2061,22,13,37,32,1442,14,1370,14,6,18,20,334.01,312.08,NA,77542,91936,NA,04200,2,2
53061052802,53,061,052802,7170,163,6808,163,21,73,101,4925,92,4611,92,10,51,69,1140.79,1065.86,72730,49992,91936,NA,04860,2,2
53061052803,53,061,052803,3798,106,3602,106,11,48,26,2451,61,2279,61,5,29,16,567.73,530.44,NA,49992,91936,NA,04860,2,2
53061052804,53,061,052804,5388,149,5075,149,15,65,84,3626,80,3374,80,9,29,54,839.9,784.73,NA,49992,91936,NA,04860,2,2
53061052901,53,061,052901,6396,143,6029,143,18,146,59,4922,75,4635,75,12,82,43,1140.09,1065.21,NA,43955,91936,NA,04860,2,2
53061052902,53,061,052902,7019,158,6559,158,32,126,144,5135,87,4773,87,17,79,92,1189.43,1111.31,NA,43955,91936,NA,04860,2,2
53061053098,53,061,053098,7103,165,5666,165,34,1156,82,5131,93,4238,93,17,641,49,1188.51,1110.44,72730,72705,93504,NA,04860,2,2
53061053501,53,061,053501,7362,167,7054,167,9,70,60,5328,94,5058,94,6,43,33,1234.14,1153.08,NA,2585,90080,NA,00240,2,2
53061053502,53,061,053502,6580,98,6333,98,27,72,49,4595,65,4356,65,27,51,31,1064.35,994.44,NA,NA,90080,NA,00240,2,2
53063000001,53,063,000001,804,19,737,19,8,38,2,587,12,534,12,2,25,2,40.47,44.55,NA,67000,93200,NA,08250,5,5
53063000002,53,063,000002,4383,72,4057,72,49,128,74,3172,38,2960,38,31,68,37,218.7,240.74,NA,67000,93200,NA,08250,5,5
53063000003,53,063,000003,5196,130,4765,130,79,118,92,3702,64,3414,64,49,63,48,255.24,280.97,NA,67000,93200,NA,08250,5,5
53063000004,53,063,000004,3940,42,3686,42,74,57,81,3094,23,2914,23,44,38,52,213.32,234.82,NA,67000,93200,NA,08250,5,5
53063000005,53,063,000005,3216,56,3052,56,42,40,26,2543,34,2407,34,22,27,19,175.33,193,NA,67000,93200,NA,08250,5,5
53063000006,53,063,000006,2913,50,2763,50,21,34,44,2217,33,2089,33,11,20,31,152.85,168.26,NA,67000,93200,NA,08250,5,5
53063000007,53,063,000007,5198,49,4987,49,33,84,45,3874,29,3720,29,22,45,29,267.1,294.02,NA,67000,93200,NA,08250,5,5
53063000008,53,063,000008,4658,55,4451,55,34,38,76,3632,33,3479,33,18,21,48,250.41,275.65,NA,67000,93200,NA,08250,5,5
53063000009,53,063,000009,6867,90,6561,90,47,88,72,5220,50,4995,50,27,48,50,359.9,396.18,NA,67000,93200,NA,08250,5,5
53063000010,53,063,000010,4894,77,4676,77,42,55,39,3847,48,3651,48,27,41,32,265.24,291.97,NA,67000,93200,NA,08250,5,5
53063000011,53,063,000011,3247,66,3088,66,27,5,61,2620,32,2490,32,20,5,41,180.64,198.85,NA,67000,93200,NA,08250,5,5
53063000012,53,063,000012,2183,45,2054,45,28,32,24,1713,26,1604,26,16,22,19,118.1,130.01,NA,67000,93200,NA,08250,5,5
53063000013,53,063,000013,3254,67,3054,67,30,46,55,2514,39,2345,39,22,30,39,173.33,190.8,NA,67000,93200,NA,08250,5,5
53063000014,53,063,000014,5919,179,5374,179,100,137,122,4488,111,4038,111,66,77,85,309.43,340.62,NA,67000,93200,NA,08250,5,5
53063000015,53,063,000015,5312,160,4802,160,91,163,89,3856,79,3499,79,49,94,56,265.86,292.66,NA,67000,93200,NA,08250,5,5
53063000016,53,063,000016,2417,57,2102,57,43,98,116,1596,27,1396,27,24,48,74,110.04,121.13,NA,67000,93200,NA,08250,5,5
53063000017,53,063,000017,3800,68,3499,68,50,72,106,2600,43,2380,43,26,49,59,179.26,197.33,NA,67000,93200,NA,08250,5,5
53063000018,53,063,000018,3070,61,2831,61,40,84,52,2437,40,2239,40,25,55,38,168.02,184.96,NA,67000,93200,NA,08250,5,5
53063000019,53,063,000019,3910,83,3610,83,46,93,67,2807,43,2596,43,20,57,48,193.53,213.04,NA,67000,93200,NA,08250,5,5
53063000020,53,063,000020,4224,112,3812,112,87,153,56,3129,69,2811,69,44,94,42,215.73,237.48,NA,67000,93200,NA,08250,5,5
53063000021,53,063,000021,2502,61,2303,61,34,58,45,1831,38,1677,38,16,34,28,126.24,138.97,NA,67000,93200,NA,08250,5,5
53063000022,53,063,000022,354,14,316,14,7,7,7,308,12,267,12,6,4,7,21.24,23.38,NA,67000,93200,NA,08250,5,5
53063000023,53,063,000023,5017,104,4489,104,94,232,91,3691,60,3342,60,50,127,52,254.48,280.13,NA,67000,93200,NA,08250,5,5
53063000024,53,063,000024,2741,155,2274,155,93,129,88,2441,126,1967,126,78,87,57,168.3,185.26,NA,67000,93200,NA,08250,5,5
53063000025,53,063,000025,6421,185,5769,185,79,117,264,5568,141,4918,141,56,77,235,383.89,422.59,NA,67000,93200,NA,08250,5,5
53063000026,53,063,000026,4421,137,3903,137,119,173,81,3348,82,2966,82,61,105,52,230.83,254.1,NA,67000,93200,NA,08250,5,5
53063000027,53,063,000027,1235,49,959,49,131,79,15,942,28,743,28,85,50,8,64.95,71.49,NA,67000,93200,NA,08250,5,5
53063000028,53,063,000028,814,36,691,36,36,36,14,660,21,553,21,31,23,11,45.5,50.09,NA,67000,93200,NA,08250,5,5
53063000029,53,063,000029,2993,73,2701,73,96,41,78,2237,43,2015,43,56,24,56,154.23,169.78,NA,67000,93200,NA,08250,5,5
53063000030,53,063,000030,2376,83,1792,83,344,128,20,1617,44,1239,44,215,64,11,111.49,122.72,NA,67000,93200,NA,08250,5,5
53063000031,53,063,000031,4526,134,3597,134,399,105,279,3215,60,2626,60,235,64,170,221.66,244.01,NA,67000,93200,NA,08250,5,5
53063000032,53,063,000032,3360,65,3063,65,87,78,65,3156,56,2858,56,72,58,56,217.59,239.53,NA,67000,93200,NA,08250,5,5
53063000033,53,063,000033,239,18,143,18,38,23,17,212,13,127,13,29,17,13,14.62,16.09,NA,67000,93200,NA,08250,5,5
53063000034,53,063,000034,972,41,795,41,50,77,8,991,41,784,41,50,68,7,68.33,75.21,NA,67000,93200,NA,08250,5,5
53063000035,53,063,000035,1179,21,1055,21,45,37,21,1186,20,1046,20,43,37,20,81.77,90.01,NA,67000,93200,NA,08250,5,5
53063000036,53,063,000036,3298,73,2959,73,99,64,100,3040,56,2724,56,72,51,81,209.6,230.72,NA,67000,93200,NA,08250,5,5
53063000038,53,063,000038,1485,36,1358,36,27,24,37,1236,26,1116,26,23,15,30,85.22,93.81,NA,67000,93200,NA,08250,5,5
53063000039,53,063,000039,1528,27,1441,27,9,17,34,1356,20,1261,20,8,13,34,93.49,102.92,NA,67000,91920,NA,08250,5,5
53063000040,53,063,000040,4999,123,4589,123,129,64,82,4187,89,3802,89,85,53,69,288.68,317.78,NA,67000,93200,NA,08250,5,5
53063000041,53,063,000041,2170,29,2081,29,16,16,27,1726,17,1658,17,8,12,14,119,131,NA,67000,93200,NA,08250,5,5
53063000042,53,063,000042,4970,66,4795,66,14,23,69,3725,40,3575,40,11,20,39,256.82,282.71,NA,67000,93200,NA,08250,5,5
53063000043,53,063,000043,3488,29,3351,29,17,23,65,2631,18,2532,18,12,11,40,181.4,199.68,NA,67000,93200,NA,08250,5,5
53063000044,53,063,000044,4190,59,4020,59,31,15,61,3327,44,3152,44,24,14,49,229.38,252.51,NA,67000,93200,NA,08250,5,5
53063000045,53,063,000045,3508,42,3349,42,21,22,71,2617,27,2493,27,12,13,45,180.43,198.62,NA,67000,93200,NA,08250,5,5
53063000046,53,063,000046,5882,85,5531,85,118,31,104,4577,44,4313,44,78,27,71,315.57,347.38,NA,67000,93200,NA,08250,5,5
53063000047,53,063,000047,5740,94,5386,94,68,38,153,4147,52,3892,52,43,20,88,285.92,314.74,NA,67000,93200,NA,08250,5,5
53063000101,53,063,000101,3638,46,3499,46,18,33,42,2502,29,2395,29,7,19,23,49,48,NA,NA,92080,NA,02280,5,5
53063000102,53,063,000102,6165,78,5981,78,3,78,24,4182,41,4043,41,3,42,12,288.33,317.4,NA,NA,90640,NA,07440,5,5
53063000106,53,063,000106,6548,78,6275,78,44,40,110,4382,45,4167,45,32,28,65,302.12,332.58,NA,67000,93200,NA,08250,5,5
53063000107,53,063,000107,889,10,869,10,2,3,5,649,1,640,1,2,3,2,44.75,49.26,NA,67000,93200,NA,04920,5,5
53063000108,53,063,000108,4160,75,3926,75,27,32,96,3343,50,3129,50,19,19,76,230.49,253.72,NA,15150,93200,NA,04920,5,5
53063000109,53,063,000109,2253,21,2170,21,8,29,23,1774,13,1703,13,7,22,16,122.31,134.64,NA,15150,93200,NA,04920,5,5
53063000110,53,063,000110,3670,38,3518,38,35,44,35,2746,24,2627,24,19,27,25,189.33,208.41,NA,72170,93200,NA,08250,5,5
53063000111,53,063,000111,7726,182,7148,182,89,89,215,5922,115,5411,115,63,61,157,408.3,449.46,NA,67000,93200,NA,08250,5,5
53063000113,53,063,000113,3556,52,3447,52,5,23,26,2726,28,2635,28,3,17,15,187.95,206.89,NA,67000,93200,NA,09690,5,5
53063000114,53,063,000114,4845,75,4622,75,23,56,67,3392,40,3225,40,12,35,40,233.87,257.44,NA,72310,93200,NA,02280,5,5
53063000115,53,063,000115,2731,46,2589,46,9,54,33,2080,27,1965,27,2,36,23,143.41,157.86,NA,NA,93200,NA,09690,5,5
53063000116,53,063,000116,1559,24,1507,24,5,9,14,1223,12,1181,12,0,8,10,84.32,92.82,NA,45985,93200,NA,09690,5,5
53063000117,53,063,000117,5610,112,5327,112,32,68,67,4203,62,3968,62,18,44,49,289.78,318.99,NA,NA,93200,NA,02280,5,5
53063000118,53,063,000118,2967,57,2832,57,11,34,31,2285,31,2179,31,6,20,18,157.54,173.42,NA,51515,93200,NA,01110,5,5
53063000119,53,063,000119,3273,54,3109,54,33,32,45,2499,33,2359,33,18,21,35,172.3,189.66,NA,51515,93200,NA,01110,5,5
53063000120,53,063,000120,3689,37,3600,37,9,26,17,2893,25,2811,25,4,17,11,199.46,219.57,NA,17985,93200,NA,01110,5,5
53063000121,53,063,000121,2624,30,2536,30,12,31,13,1980,24,1894,24,9,18,11,136.51,150.27,NA,17985,93200,NA,09690,5,5
53063000122,53,063,000122,1139,30,1041,30,5,40,21,881,18,799,18,5,24,17,60.74,66.86,NA,67000,93200,NA,09690,5,5
53063000123,53,063,000123,4946,74,4616,74,87,71,94,3921,52,3651,52,54,47,65,270.34,297.59,NA,NA,93200,NA,08250,5,5
53063000124,53,063,000124,7604,91,7330,91,43,38,98,5209,60,4990,60,24,21,54,359.14,395.34,NA,51515,93200,NA,01110,5,5
53063000125,53,063,000125,2395,40,2294,40,3,33,25,1874,24,1777,24,3,24,22,129.21,142.23,NA,17985,93200,NA,01110,5,5
53063000126,53,063,000126,2990,47,2857,47,21,42,22,2311,29,2198,29,12,25,18,159.33,175.4,NA,51515,93200,NA,01110,5,5
53063000130,53,063,000130,2755,57,2632,57,11,25,30,2058,34,1946,34,6,15,23,141.89,156.19,NA,NA,93200,NA,01110,5,5
53063000131,53,063,000131,5046,78,4844,78,18,73,30,3573,47,3408,47,11,43,17,246.34,271.18,NA,28520,93200,NA,01110,5,5
53063000133,53,063,000133,2092,22,2049,22,1,13,7,1451,10,1419,10,1,9,2,100.04,110.13,NA,NA,93584,NA,02970,5,5
53063000135,53,063,000135,3654,45,3551,45,7,20,31,2666,18,2598,18,6,13,13,183.81,202.34,NA,67000,91920,NA,01230,5,5
53063000136,53,063,000136,2851,120,2562,120,89,16,62,1933,61,1714,61,43,12,42,133.27,146.71,NA,67000,93200,NA,01230,5,5
53063000137,53,063,000137,1940,75,1720,75,63,43,38,1543,53,1328,53,49,31,29,106.38,117.11,NA,NA,93200,NA,01230,5,5
53063000138,53,063,000138,4854,296,3868,296,409,23,253,3347,177,2552,177,264,16,161,230.76,254.02,NA,22955,91952,NA,04950,5,5
53063000139,53,063,000139,3751,163,3341,163,125,55,65,3168,145,2680,145,103,53,42,218.42,240.44,NA,44690,91952,NA,04950,5,5
53063000141,53,063,000141,3748,52,3609,52,13,42,24,2733,27,2629,27,12,20,18,188.43,207.42,NA,44690,91952,NA,01230,5,5
53063000142,53,063,000142,1871,32,1823,32,0,12,4,1382,17,1340,17,0,7,1,95.28,104.89,NA,11825,93520,NA,01230,5,5
53063000143,53,063,000143,3112,29,3054,29,0,23,6,2191,14,2143,14,0,15,5,151.06,166.29,NA,22990,92816,NA,04380,5,5
53063010301,53,063,010301,2755,31,2669,31,5,35,14,1892,18,1827,18,0,23,6,130.45,143.6,NA,17320,90880,NA,02070,5,5
53063010398,53,063,010398,8151,105,7913,105,15,79,39,5681,69,5467,69,5,49,22,391.68,431.17,NA,17320,90880,NA,07440,5,5
53063010401,53,063,010401,2123,51,1862,51,72,33,105,1509,27,1314,27,55,24,62,104.04,114.53,NA,905,90048,NA,01230,5,5
53063010402,53,063,010402,3938,81,3764,81,13,28,52,2812,49,2648,49,11,22,33,193.88,213.42,NA,905,90048,NA,07210,5,5
53063010501,53,063,010501,5807,101,5562,101,41,33,66,4056,52,3868,52,22,23,39,279.65,307.83,NA,23165,93200,NA,04920,5,5
53063010598,53,063,010598,6176,93,5962,93,19,49,51,4175,45,4021,45,7,31,26,287.85,316.87,NA,NA,90880,NA,04920,5,5
53063011201,53,063,011201,2215,40,2101,40,4,58,12,1785,21,1697,21,3,37,6,123.07,135.47,NA,67000,93200,NA,08250,5,5
53063011202,53,063,011202,3434,104,3246,104,15,51,16,2438,48,2288,48,10,32,12,168.09,185.03,NA,67000,93200,NA,04920,5,5
53063012701,53,063,012701,2934,52,2780,52,16,35,50,2227,29,2108,29,12,19,30,153.54,169.02,NA,51515,93200,NA,01110,5,5
53063012702,53,063,012702,2222,43,2117,43,17,8,35,1655,25,1573,25,6,7,19,114.11,125.61,NA,51515,93200,NA,01110,5,5
53063012801,53,063,012801,4346,61,4134,61,44,37,69,3044,39,2872,39,27,23,44,209.87,231.03,NA,51515,93200,NA,01110,5,5
53063012802,53,063,012802,3129,47,3015,47,14,12,39,2342,31,2241,31,5,12,22,161.47,177.75,NA,51515,93200,NA,01110,5,5
53063012901,53,063,012901,2782,47,2669,47,19,21,26,2012,19,1933,19,7,14,20,138.72,152.7,NA,74725,93200,NA,01110,5,5
53063012902,53,063,012902,5054,64,4845,64,16,25,103,3314,39,3154,39,13,15,54,228.49,251.52,NA,74725,93200,NA,01110,5,5
53063013201,53,063,013201,6838,82,6588,82,17,82,68,4385,46,4203,46,7,47,36,302.33,332.8,NA,52267,91616,NA,02280,5,5
53063013202,53,063,013202,2335,14,2290,14,8,7,16,1740,13,1693,13,3,4,14,119.97,132.06,NA,39335,91616,NA,01110,5,5
53063013401,53,063,013401,2508,31,2393,31,29,9,46,1745,17,1662,17,18,6,25,120.31,132.44,NA,67000,93200,NA,08250,5,5
53063013402,53,063,013402,6302,63,6081,63,47,19,89,4326,37,4154,37,30,15,53,298.26,328.33,NA,67000,93200,NA,08250,5,5
53063014001,53,063,014001,2134,66,1790,66,33,34,210,1911,51,1555,51,31,17,206,131.76,145.04,NA,11825,91952,NA,01230,5,5
53063014002,53,063,014002,5717,175,4963,175,96,91,378,4581,122,3888,122,68,58,323,315.84,347.68,NA,11825,91952,NA,01230,5,5
53065009501,53,065,009501,5631,99,5360,99,7,140,25,3894,47,3698,47,1,85,16,879.23,1101.67,NA,35485,91472,06270,03990,5,5
53065009502,53,065,009502,2771,26,2696,26,3,35,11,1857,15,1800,15,1,19,7,419.29,525.37,NA,14170,90688,06270,01630,5,5
53065009503,53,065,009503,1689,37,1556,37,0,67,27,1186,17,1100,17,0,41,11,267.79,335.54,NA,14170,90688,NA,01630,5,5
53065009504,53,065,009504,954,18,900,18,2,30,2,698,11,657,11,1,16,2,157.6,197.47,NA,14170,90688,NA,01630,5,5
53065009505,53,065,009505,2012,14,1955,14,3,23,14,1502,12,1446,12,2,22,8,339.14,424.94,NA,14170,90688,NA,01630,5,5
53065009506,53,065,009506,1919,14,1874,14,1,27,3,1311,8,1278,8,1,16,0,296.01,370.9,NA,NA,90688,NA,01630,5,5
53065009507,53,065,009507,2116,24,2055,24,2,24,11,1548,12,1499,12,1,18,6,349.52,437.95,NA,12140,90560,NA,01260,5,5
53065009508,53,065,009508,2357,44,2272,44,0,35,6,1590,18,1526,18,0,26,2,359.01,449.83,NA,12140,90560,09240,01260,5,5
53065009509,53,065,009509,1128,9,1103,9,0,12,4,806,7,779,7,0,10,3,181.99,228.03,NA,NA,90672,02730,01560,5,5
53065009510,53,065,009510,1502,49,255,49,3,1188,3,944,24,200,24,3,691,2,213.15,267.07,67105,NA,93216,NA,09630,5,5
53065009511,53,065,009511,2356,38,2233,38,3,71,10,1611,22,1527,22,1,34,5,363.75,455.77,NA,67210,93232,09240,04830,5,5
53065009512,53,065,009512,957,16,915,16,7,18,1,720,6,693,6,4,10,1,162.57,203.7,NA,NA,93232,04500,01260,5,5
53065009513,53,065,009513,1613,18,1570,18,1,10,14,1203,7,1176,7,0,6,7,271.63,340.35,NA,NA,91680,04500,02070,5,5
53065009514,53,065,009514,3915,77,3703,77,33,58,39,2538,42,2382,42,13,39,20,573.05,718.04,NA,NA,91680,NA,05640,5,5
53065951598,53,065,951598,22,0,22,0,0,0,0,19,0,19,0,0,0,0,4.29,5.38,NA,NA,91680,NA,02070,5,5
53065951698,53,065,951698,6,0,6,0,0,0,0,4,0,4,0,0,0,0,0.28,0.3,NA,NA,91680,NA,05640,5,5
53067000101,53,067,000101,2496,69,2305,69,26,30,63,2212,56,2000,56,24,27,49,534.13,446.99,NA,51300,92352,NA,06180,3,3
53067000102,53,067,000102,4108,135,3708,135,38,65,161,3131,80,2811,80,25,48,87,756.04,632.7,NA,51300,92352,NA,06180,3,3
53067000103,53,067,000103,4855,145,4418,145,59,66,163,3902,105,3500,105,38,47,107,942.21,788.5,NA,51300,92352,NA,06180,3,3
53067000104,53,067,000104,3424,61,3249,61,16,23,73,2602,35,2468,35,6,16,42,628.3,525.8,NA,51300,92352,NA,06180,3,3
53067000105,53,067,000105,5072,126,4650,126,75,62,158,4293,87,3907,87,49,45,118,1036.63,867.51,NA,51300,92352,NA,06180,3,3
53067000106,53,067,000106,5073,142,4302,142,48,66,514,3793,84,3241,84,29,39,316,915.89,766.47,NA,51300,92352,NA,06180,3,3
53067000107,53,067,000107,3068,58,2852,58,13,22,123,2265,40,2091,40,8,17,69,546.93,457.7,NA,51300,92352,NA,06180,3,3
53067000108,53,067,000108,5964,185,5528,185,43,78,117,4514,103,4136,103,25,60,87,1089.99,912.17,NA,72905,92352,NA,09100,3,3
53067000109,53,067,000109,6987,131,6612,131,43,63,133,5400,87,5074,87,27,41,84,1303.93,1091.2,NA,72905,92352,NA,09100,3,3
53067000110,53,067,000110,1118,31,1026,31,5,1,55,835,21,751,21,4,1,37,201.63,168.73,NA,51300,92352,NA,06180,3,3
53067000111,53,067,000111,2386,63,2228,63,10,9,76,1858,41,1719,41,8,7,42,448.65,375.46,NA,51300,92352,NA,06180,3,3
53067000112,53,067,000112,3573,140,3101,140,102,49,180,3015,94,2581,94,65,34,147,728.03,609.26,NA,36745,92352,NA,05850,3,3
53067000113,53,067,000113,4294,132,3705,132,111,30,311,3530,83,3088,83,63,23,190,852.39,713.32,NA,36745,92352,NA,05850,3,3
53067000114,53,067,000114,9831,333,8604,333,306,93,483,7071,193,6120,193,197,57,311,1707.43,1428.87,NA,36745,92352,NA,05850,3,3
53067000115,53,067,000115,5959,347,4591,347,359,103,552,4246,206,3231,206,210,57,336,1025.28,858.01,NA,70297,92352,NA,05850,3,9
53067000117,53,067,000117,6182,124,5806,124,29,40,176,4457,74,4160,74,21,28,100,1076.23,900.65,NA,51300,92352,NA,09100,3,3
53067000118,53,067,000118,10158,214,9671,214,40,114,115,7262,119,6841,119,19,79,85,1753.55,1467.47,NA,72905,92384,NA,09100,3,3
53067000119,53,067,000119,4845,89,4606,89,9,59,78,3739,53,3535,53,6,41,51,902.85,755.56,NA,NA,92384,NA,03330,3,3
53067000120,53,067,000120,4713,107,4410,107,33,31,124,3853,87,3537,87,24,24,94,930.38,778.59,NA,51300,92352,NA,06180,3,3
53067000121,53,067,000121,3441,52,3311,52,8,33,34,2669,32,2555,32,5,28,17,644.48,539.34,NA,51300,92352,NA,06180,3,3
53067000123,53,067,000123,10479,558,7728,558,715,544,913,7281,293,5417,293,404,313,561,1758.14,1471.31,49205,49193,92368,NA,05850,3,9
53067000124,53,067,000124,7174,189,6698,189,45,152,89,5120,111,4722,111,27,91,58,1236.32,1034.62,49205,80220,92368,NA,10140,3,9
53067000125,53,067,000125,6190,140,5848,140,58,97,43,4422,81,4139,81,29,62,30,1067.78,893.58,NA,57220,93440,NA,10140,3,9
53067000126,53,067,000126,6968,141,6664,141,26,98,35,5003,88,4729,88,9,69,20,1208.07,1010.98,NA,70630,93440,NA,08820,3,9
53067000127,53,067,000127,7846,347,7270,347,56,127,46,5703,219,5126,219,31,85,23,1377.1,1152.43,11510,27890,93440,NA,07470,3,3
53067011610,53,067,011610,5107,191,4549,191,132,36,199,3726,109,3277,109,74,24,133,899.71,752.93,NA,36745,92352,NA,05850,3,9
53067011620,53,067,011620,7292,221,6527,221,133,98,304,5284,132,4676,132,84,64,196,1275.92,1067.76,NA,36745,92352,NA,05850,3,9
53067012210,53,067,012210,6980,258,6143,258,153,75,351,5403,146,4701,146,98,62,250,1304.66,1091.81,NA,51300,92352,NA,05850,3,3
53067012220,53,067,012220,4646,105,4326,105,54,44,114,3394,62,3136,62,29,26,79,819.55,685.84,NA,36745,92352,NA,05850,3,9
53067012402,53,067,012402,1009,39,931,39,16,6,16,695,19,633,19,10,5,9,167.82,140.44,NA,NA,92368,NA,10140,3,9
53069009501,53,069,009501,3327,71,3185,71,3,52,15,2535,33,2421,33,1,36,11,843,606,NA,10635,92992,NA,09330,3,3
53071009200,53,071,009200,3812,292,3482,292,14,19,5,2757,173,2387,173,7,13,4,475.6,629.14,NA,8780,90368,NA,01590,5,5
53071009201,53,071,009201,3936,196,3689,196,7,20,23,2952,114,2691,114,2,17,14,509.24,673.64,NA,75565,93648,NA,09390,5,5
53071009202,53,071,009202,2865,715,2098,715,8,7,35,2460,415,1589,415,5,6,30,424.36,561.37,NA,26245,93664,NA,09450,5,5
53071009203,53,071,009203,6550,676,5608,676,79,34,144,5643,437,4572,437,55,23,119,973.45,1287.72,NA,13855,93664,NA,01470,5,5
53071009204,53,071,009204,1488,173,907,173,292,92,16,1645,173,899,173,292,92,16,283.77,375.39,NA,75775,93664,NA,09450,5,5
53071009205,53,071,009205,2504,767,1620,767,46,23,42,2094,419,1177,419,33,17,29,361.23,477.85,NA,75775,93664,NA,09450,5,5
53071009206,53,071,009206,5069,968,3925,968,90,42,36,4436,591,3145,591,58,29,22,765.23,1012.29,NA,75775,93664,NA,09450,5,5
53071009207,53,071,009207,8087,380,7491,380,79,37,91,6258,224,5671,224,46,26,67,1079.54,1428.06,NA,75775,93664,NA,09450,5,5
53071009208,53,071,009208,7869,324,7306,324,55,37,146,6328,183,5778,183,38,31,115,1091.61,1444.04,NA,75775,93664,NA,09450,5,5
53071009209,53,071,009209,6259,212,5938,212,27,21,61,4678,127,4362,127,14,13,35,806.98,1067.51,NA,75810,93664,NA,09450,5,5
53073000001,53,073,000001,4128,67,3983,67,8,27,41,3172,38,3039,38,5,21,31,752.62,608.97,NA,5280,90176,NA,00420,2,2
53073000002,53,073,000002,4210,130,3834,130,9,153,82,3211,71,2919,71,7,91,52,761.87,616.46,NA,43482,90176,NA,02850,2,2
53073000003,53,073,000003,4886,94,4544,94,33,101,114,3977,66,3671,66,28,75,71,943.62,763.52,NA,5280,90176,NA,00420,2,2
53073000004,53,073,000004,6560,151,6149,151,20,134,104,5125,95,4770,95,12,81,72,1216.01,983.92,NA,5280,90176,NA,00420,2,2
53073000005,53,073,000005,7442,311,6607,311,62,265,186,5936,185,5237,185,37,157,135,1408.44,1139.61,NA,5280,90176,NA,00420,2,2
53073000006,53,073,000006,568,32,480,32,3,48,4,565,29,459,29,2,42,4,134.06,108.47,NA,5280,90176,NA,00420,2,2
53073000007,53,073,000007,4521,184,4005,184,42,107,176,3418,113,2991,113,25,58,118,810.99,656.2,NA,5280,90176,NA,00420,2,2
53073000008,53,073,000008,0,0,0,0,0,0,0,0,0,0,0,0,0,0,0,0,NA,NA,90176,NA,00420,2,2
53073000009,53,073,000009,6732,104,6394,104,37,53,140,5304,65,5020,65,22,33,99,1258.48,1018.28,NA,5280,90176,NA,00420,2,2
53073000010,53,073,000010,5941,167,5236,167,101,89,341,5774,137,4995,137,100,74,331,1370,1108.51,NA,5280,90176,NA,00420,2,2
53073000011,53,073,000011,5900,75,5650,75,15,22,136,4892,61,4652,61,13,15,90,1160.73,939.18,40665,5280,90176,NA,00420,2,2
53073000012,53,073,000012,7397,120,6989,120,78,75,132,6312,88,5912,88,54,59,111,1497.65,1211.8,NA,5280,90176,NA,00420,2,2
53073000101,53,073,000101,4241,72,3925,72,9,183,52,2982,39,2767,39,2,109,26,707.54,572.49,49285,NA,90960,NA,05310,2,2
53073000102,53,073,000102,6013,228,5597,228,21,96,70,4211,140,3817,140,12,61,41,999.14,808.44,49285,68330,93328,NA,05670,2,2
53073000103,53,073,000103,10203,402,9620,402,12,65,93,7195,242,6622,242,4,36,49,1707.16,1381.32,49285,40805,91792,NA,04620,2,2
53073000105,53,073,000105,8078,384,7347,384,23,236,86,5962,214,5349,214,7,127,51,1414.6,1144.61,NA,23620,91152,NA,02850,2,2
53073000106,53,073,000106,5124,176,4795,176,16,59,78,3548,95,3269,95,11,40,38,841.83,681.16,NA,23620,91152,NA,02850,2,2
53073000107,53,073,000107,7882,454,7025,454,10,333,60,5524,245,4800,245,3,198,33,1310.68,1060.52,49285,22745,91152,NA,05310,2,2
53073000108,53,073,000108,3147,72,1488,72,10,1560,14,2226,45,1216,45,8,900,12,528.16,427.36,40665,NA,91760,NA,02850,2,2
53073000109,53,073,000109,620,2,606,2,1,5,6,487,1,481,1,1,2,1,115.55,93.5,40665,NA,91744,NA,02850,2,2
53073000110,53,073,000110,923,22,886,22,3,10,2,797,17,752,17,1,8,2,189.1,153.01,NA,NA,92560,NA,00570,2,2
53073000699,53,073,000699,35,5,26,5,2,1,1,40,5,26,5,2,1,1,9.49,7.68,NA,5280,90176,NA,00420,2,2
53073000801,53,073,000801,6774,107,6452,107,35,44,133,4952,66,4696,66,16,26,82,1174.96,950.7,NA,5280,90176,NA,00420,2,2
53073000802,53,073,000802,6745,123,6408,123,18,65,129,5094,73,4803,73,16,45,84,1208.65,977.96,NA,68200,90176,NA,00420,2,2
53073010401,53,073,010401,5167,109,4883,109,30,45,96,3838,73,3574,73,23,32,63,910.64,736.83,NA,6505,90224,NA,00570,2,2
53073010402,53,073,010402,4514,127,4256,127,25,62,43,3427,67,3217,67,15,33,28,813.12,657.93,NA,6190,90224,NA,02850,2,2
53073010599,53,073,010599,29,0,28,0,0,1,0,29,0,28,0,0,1,0,6.88,5.57,NA,NA,91152,NA,02850,2,2
53075000001,53,075,000001,6382,109,5776,109,98,36,360,6377,107,5681,107,95,32,355,1393.87,1437.2,NA,56625,92656,NA,06930,5,5
53075000002,53,075,000002,5464,115,4884,115,81,26,354,4273,74,3759,74,60,22,284,933.98,963.02,NA,56625,92656,NA,06930,5,5
53075000003,53,075,000003,3137,47,2936,47,47,6,97,2397,38,2215,38,29,6,71,523.93,540.22,NA,56625,92656,NA,06930,5,5
53075000004,53,075,000004,3166,46,2908,46,33,27,147,2475,35,2244,35,22,20,119,540.98,557.8,NA,56625,92656,NA,06930,5,5
53075000005,53,075,000005,2940,68,2465,68,73,21,312,2898,64,2383,64,61,21,305,633.44,653.13,NA,56625,92656,NA,06930,5,5
53075000006,53,075,000006,4729,175,3673,175,135,25,717,4365,134,3371,134,119,23,584,954.09,983.75,NA,56625,92656,NA,06930,5,5
53075000007,53,075,000007,3447,33,3368,33,1,42,3,2529,15,2466,15,0,30,3,552.78,569.97,NA,52950,93296,NA,06540,5,5
53075000008,53,075,000008,3502,30,3382,30,1,24,65,2655,15,2565,15,1,18,41,580.33,598.36,NA,13785,90656,NA,01440,5,5
53075000009,53,075,000009,3859,44,3763,44,8,30,14,2828,16,2773,16,2,15,6,618.14,637.35,NA,70560,92832,NA,08310,5,5
53075000010,53,075,000010,2149,16,2114,16,0,3,16,1585,10,1555,10,0,1,9,346.45,357.21,NA,36850,91552,NA,04150,5,5
53077000001,53,077,000001,2430,948,1296,948,63,109,12,2506,625,1106,625,50,90,10,374.8,456.56,NA,80010,93904,NA,10110,4,4
53077000002,53,077,000002,4217,1421,2495,1421,123,127,47,3671,771,1953,771,81,67,28,549.04,668.81,NA,80010,93904,NA,10110,4,4
53077000003,53,077,000003,2903,325,2494,325,28,33,20,2498,182,2079,182,18,20,17,373.61,455.1,NA,25755,93904,NA,10110,4,4
53077000004,53,077,000004,6354,136,6070,136,25,28,95,4976,79,4722,79,16,20,60,744.22,906.56,NA,80010,93904,NA,10110,4,4
53077000005,53,077,000005,4943,352,4461,352,36,51,36,4086,204,3588,204,25,36,29,611.11,744.42,NA,80010,93904,NA,10110,4,4
53077000006,53,077,000006,4598,1174,3113,1174,135,115,50,3650,606,2285,606,65,64,24,545.9,664.98,NA,80010,93904,NA,10110,4,4
53077000007,53,077,000007,6447,723,5428,723,93,130,54,5310,441,4241,441,56,94,37,794.18,967.41,NA,80010,93904,NA,10110,4,4
53077000008,53,077,000008,4822,164,4545,164,30,25,57,3772,95,3516,95,17,17,32,564.15,687.21,NA,80010,93904,NA,10110,4,4
53077000009,53,077,000009,7935,353,7367,353,47,65,102,5895,191,5370,191,28,40,75,881.67,1073.99,NA,77885,93904,NA,09720,4,4
53077000010,53,077,000010,5784,329,5217,329,59,90,82,4489,187,3983,187,31,54,47,671.39,817.84,NA,80010,93904,NA,10110,4,4
53077000011,53,077,000011,5874,392,5259,392,57,65,95,4459,211,3888,211,35,44,70,666.9,812.37,NA,80010,93904,NA,10110,4,4
53077000012,53,077,000012,7939,852,6716,852,116,108,103,6206,467,5055,467,69,76,72,928.18,1130.65,NA,80010,93904,NA,10110,4,4
53077000013,53,077,000013,2269,242,1952,242,6,53,14,1836,153,1485,153,3,31,11,274.6,334.5,NA,65660,93904,NA,10110,4,4
53077000014,53,077,000014,2957,445,2369,445,11,93,35,2468,254,1871,254,5,57,27,369.12,449.64,NA,73290,93904,NA,09150,4,4
53077000015,53,077,000015,8032,3694,3439,3694,593,208,48,7182,1990,2624,1990,395,142,41,1074.16,1308.47,NA,80010,93904,NA,10110,4,4
53077000016,53,077,000016,6581,351,6109,351,46,33,33,5102,232,4555,232,30,27,26,763.07,929.52,NA,70805,93904,NA,05370,4,4
53077000017,53,077,000017,5717,795,4744,795,45,105,22,4495,468,3442,468,35,70,12,672.28,818.93,NA,47665,92192,NA,05370,4,4
53077000018,53,077,000018,5759,1943,3726,1943,18,43,13,4955,1049,2802,1049,16,31,8,741.08,902.74,NA,27925,93344,NA,03150,4,4
53077000019,53,077,000019,7134,3586,3435,3586,38,22,32,6450,1903,2582,1903,23,16,23,964.68,1175.11,NA,27925,93344,NA,03150,4,4
53077000021,53,077,000021,7085,3199,3750,3199,6,102,22,6326,1769,2714,1769,3,60,11,946.13,1152.52,80045,27960,93344,NA,08670,4,4
53077000022,53,077,000022,5735,1222,4389,1222,9,75,33,4569,667,3158,667,6,47,24,683.35,832.41,NA,80500,93344,NA,10170,4,4
53077000023,53,077,000023,7615,4697,2256,4697,41,565,17,7356,2567,1814,2567,35,361,12,1100.18,1340.17,80045,71960,93472,NA,08970,4,4
53077000024,53,077,000024,4027,1111,1549,1111,9,1271,77,3281,625,1195,625,8,770,58,490.71,597.76,80045,71960,93472,NA,08970,4,4
53077000025,53,077,000025,5360,2921,1312,2921,15,968,111,4986,1650,1071,1650,10,508,97,745.72,908.39,80045,76125,93472,NA,09480,4,4
53077000026,53,077,000026,5826,1589,2678,1589,8,1325,209,4736,884,2009,884,4,784,171,708.33,862.84,80045,78365,93472,NA,05280,4,4
53077000027,53,077,000027,6585,2701,2227,2701,15,1587,35,5578,1443,1722,1443,14,927,29,834.26,1016.24,80045,78365,93184,NA,05280,4,4
53077000028,53,077,000028,7824,479,7195,479,38,68,38,5917,305,5210,305,27,49,21,884.96,1078,NA,77885,93904,NA,09720,4,4
53077000029,53,077,000029,4908,978,3876,978,6,23,14,4067,565,2904,565,5,19,9,608.27,740.96,NA,71400,93904,NA,03510,4,4
53077000030,53,077,000030,6332,322,5954,322,5,34,17,4729,177,4340,177,3,23,9,707.28,861.56,NA,47805,92240,NA,05460,4,4
53077000031,53,077,000031,7063,328,6638,328,16,57,24,5149,173,4747,173,10,36,10,770.1,938.08,NA,63280,93904,NA,07770,4,4
53077000032,53,077,000032,5264,402,4760,402,23,30,42,3875,210,3389,210,14,23,29,579.55,705.98,NA,63280,93904,NA,07770,4,4
53077002001,53,077,002001,6679,4496,2064,4496,9,51,33,6564,2424,1656,2424,6,34,20,981.73,1195.88,NA,68750,93344,NA,08670,4,4
53077002002,53,077,002002,5825,2444,3264,2444,16,36,45,5030,1252,2461,1252,12,25,28,752.3,916.4,NA,68750,93344,NA,08670,4,4
