GEOID,state,county,tract,pop,pop_white,pop_black,pop_hisp,pop_aian,pop_asian,pop_other,vap,vap_white,vap_black,vap_hisp,vap_aian,vap_asian,vap_other,ndv,nrv,ai_an_nh,place,mcd,school,cd_1980,cd_1990
22001009601,22,001,009601,5987,4445,1514,23,2,3,0,4061,3141,900,17,2,1,0,817.23,1145.4,NA,15465,95608,00030,7,6
22001009602,22,001,009602,4672,4296,313,42,11,10,0,3062,2854,168,29,4,7,0,616.2,863.63,NA,24565,95698,00030,7,6
22001009603,22,001,009603,3119,3027,70,11,9,2,0,2128,2067,49,7,3,2,0,428.24,600.2,NA,NA,95722,00030,7,6
22001009604,22,001,009604,5089,4886,176,20,3,1,3,3495,3340,133,15,3,1,3,703.33,985.76,NA,37410,95734,00030,7,6
22001009605,22,001,009605,4162,3747,375,35,4,0,1,2809,2561,219,25,4,0,0,848.51,999.43,NA,NA,95542,00030,7,6
22001009606,22,001,009606,5030,4438,523,58,4,7,0,3483,3152,288,37,2,4,0,1052.1,1239.24,NA,63645,95464,00030,7,6
22001009607,22,001,009607,4730,2343,2347,38,1,1,0,3142,1648,1465,27,1,1,0,949.09,1117.91,NA,63645,95359,00030,7,6
22001009608,22,001,009608,5073,4683,351,21,3,15,0,3663,3416,214,19,3,11,0,1106.47,1303.28,NA,18650,94381,00030,7,6
22001009609,22,001,009609,5358,2398,2899,54,1,5,1,3534,1739,1758,32,1,3,1,1067.5,1257.39,NA,18650,94000,00030,7,6
22001009610,22,001,009610,6123,4720,1355,9,9,25,5,4266,3367,868,7,5,17,2,1288.62,1517.83,NA,18650,94759,00030,7,6
22001009611,22,001,009611,3465,3249,184,31,0,1,0,2324,2200,105,18,0,1,0,702,826.87,NA,52320,95092,00030,7,6
22001009612,22,001,009612,3074,3008,33,30,0,3,0,2035,1996,15,21,0,3,0,614.71,724.05,NA,NA,94933,00030,7,6
22003009501,22,003,009501,3981,3866,85,23,6,1,0,2741,2673,48,15,5,0,0,899.46,715.62,NA,23235,94570,00060,8,6
22003009502,22,003,009502,4062,2722,745,571,7,16,1,3212,2054,576,558,7,16,1,1054.02,838.59,NA,56540,94204,00060,8,6
22003009503,22,003,009503,3573,2013,1530,13,6,11,0,2517,1511,984,9,6,7,0,825.96,657.14,NA,56540,94384,00060,8,6
22003009504,22,003,009504,4292,3240,990,42,11,5,4,3019,2323,655,29,8,2,2,990.69,788.2,NA,57450,94762,00060,7,6
22003009505,22,003,009505,5318,3983,1052,22,254,5,2,3629,2765,670,15,172,5,2,1190.86,947.46,18065,39755,94936,00060,7,6
22005000301,22,005,000301,10646,10194,253,131,16,32,20,7211,6923,165,81,8,21,13,730.39,487.9,NA,NA,94765,00090,8,2
22005000305,22,005,000305,4810,4607,134,47,11,8,3,3311,3184,78,33,7,6,3,335.37,224.02,NA,71225,95089,00090,8,2
22005000306,22,005,000306,3086,2371,674,38,0,3,0,2110,1662,423,22,0,3,0,213.72,142.76,NA,71225,94387,00090,8,2
22005000308,22,005,000308,1167,400,734,30,3,0,0,762,282,461,19,0,0,0,836.31,909.91,NA,NA,94006,00090,8,2
22005000309,22,005,000309,3494,1385,2066,41,1,1,0,2223,1021,1170,31,0,1,0,2439.79,2654.51,NA,21240,94006,00090,8,2
22005000310,22,005,000310,6604,3021,3492,84,4,1,2,4521,2304,2152,60,4,1,0,4961.9,5398.58,NA,21240,94375,00090,8,2
22005030201,22,005,030201,7744,6926,692,86,19,21,0,5155,4665,404,56,15,15,0,522.14,348.79,NA,NA,94729,00090,8,2
22005030202,22,005,030202,7574,6486,829,201,12,45,1,5124,4440,509,137,9,28,1,519,346.69,NA,29850,94729,00090,8,2
22005030398,22,005,030398,3997,2010,1913,54,2,16,2,2674,1408,1213,36,2,13,2,270.84,180.92,NA,29850,94741,00090,8,2
22005030399,22,005,030399,17,1,1,15,0,0,0,17,1,1,15,0,0,0,1.72,1.15,NA,NA,94741,00090,8,2
22005030401,22,005,030401,4027,3035,855,118,2,12,5,2847,2228,515,89,2,8,5,288.37,192.63,NA,29850,95239,00090,8,2
22005030402,22,005,030402,5048,3382,1561,78,14,13,0,3608,2570,965,52,14,7,0,365.45,244.12,NA,29850,95239,00090,8,2
22007000502,22,007,000502,4864,4799,0,50,10,2,3,3372,3321,0,39,9,1,2,1109.1,1008.41,NA,60075,95362,00120,3,2
22007000504,22,007,000504,3196,2031,1101,56,8,0,0,2244,1494,705,41,4,0,0,738.08,671.08,NA,53370,94768,00120,3,2
22007000505,22,007,000505,3237,1352,1873,9,2,1,0,2146,1005,1134,4,2,1,0,705.85,641.77,NA,74235,94573,00120,3,2
22007000506,22,007,000506,3753,3317,297,47,23,68,1,2505,2261,162,40,15,27,0,823.93,749.13,NA,40420,94390,00120,3,2
22007050198,22,007,050198,3814,1723,2035,55,1,0,0,2609,1268,1303,37,1,0,0,858.14,780.23,NA,NA,95098,00120,3,2
22007050398,22,007,050398,3889,1811,2002,75,0,1,0,2663,1325,1284,53,0,1,0,875.9,796.38,NA,58745,94939,00120,3,2
22009000301,22,009,000301,2240,2027,176,26,8,3,0,1641,1503,117,14,6,1,0,397.27,426.82,NA,NA,94942,00150,8,5
22009000302,22,009,000302,2488,2445,24,8,9,2,0,1803,1761,24,7,9,2,0,436.49,468.96,NA,NA,94012,00150,8,5
22009000303,22,009,000303,3157,2581,545,21,5,5,0,2266,1876,365,18,3,4,0,548.58,589.38,NA,NA,94210,00150,8,5
22009000304,22,009,000304,7064,4252,2473,284,35,20,0,4880,3104,1481,257,24,14,0,1181.4,1269.28,76660,48750,94393,00150,8,5
22009000305,22,009,000305,6296,4771,1453,40,15,9,8,4509,3560,909,17,10,7,6,1091.58,1172.78,NA,48400,95101,00150,8,5
22009000306,22,009,000306,6168,3665,2383,116,3,0,1,4230,2750,1415,62,2,0,1,1024.04,1100.21,NA,10950,95701,00150,8,5
22009000307,22,009,000307,6331,4036,2210,63,17,3,2,4573,2958,1554,52,7,2,0,1107.08,1189.43,NA,17880,95365,00150,8,5
22009000308,22,009,000308,2266,2114,112,31,6,1,2,1632,1524,84,18,3,1,2,395.09,424.48,NA,60985,95545,00150,8,5
22009000309,22,009,000309,3149,2002,1109,32,5,1,0,2121,1434,660,23,3,1,0,513.47,551.67,NA,70525,95248,00150,8,3
22011009601,22,011,009601,4274,4178,42,30,20,4,0,3035,2978,23,19,12,3,0,632.4,934.27,NA,NA,94774,00180,7,6
22011009602,22,011,009602,4032,3911,47,45,15,14,0,2814,2741,26,27,9,11,0,586.35,866.24,NA,NA,94744,00180,4,6
22011009603,22,011,009603,4718,2958,1601,88,9,62,0,3242,2167,968,55,7,45,0,675.53,998,NA,20610,94552,00180,4,6
22011009604,22,011,009604,3367,1746,1547,46,21,5,2,2360,1268,1048,25,13,4,2,491.75,726.49,NA,20610,94555,00180,4,6
22011009605,22,011,009605,4620,4067,412,95,10,35,1,3292,2937,268,59,7,21,0,685.95,1013.39,NA,20610,94564,00180,4,6
22011009606,22,011,009606,3321,3023,263,28,4,1,2,2362,2173,166,17,4,0,2,492.17,727.1,NA,50010,94213,00180,7,6
22011009607,22,011,009607,5751,5082,537,85,35,10,2,4189,3564,516,71,27,10,1,872.86,1289.51,NA,NA,94732,00180,7,6
22013009701,22,013,009701,3892,1849,2017,24,2,0,0,2807,1437,1352,17,1,0,0,847.17,918.23,NA,2655,94018,00210,5,4
22013009702,22,013,009702,2467,999,1458,5,3,1,1,1763,754,1001,5,2,0,1,532.08,576.71,NA,28835,94396,00210,5,4
22013009703,22,013,009703,3856,2252,1563,29,11,1,0,2775,1723,1021,20,10,1,0,968,1169,NA,64905,94579,00210,5,4
22013009704,22,013,009704,2403,2048,343,3,4,5,0,1771,1503,257,2,4,5,0,534.5,579.33,NA,37935,94945,00210,5,4
22013009705,22,013,009705,3361,1787,1548,20,1,5,0,2350,1288,1043,13,1,5,0,709.25,768.73,NA,7205,95104,00210,5,4
22015000102,22,015,000102,1269,787,430,42,5,5,0,903,640,228,26,5,4,0,116.89,308.9,NA,8920,95107,00270,4,3
22015000103,22,015,000103,1303,67,1230,4,2,0,0,887,47,835,3,2,0,0,114.82,303.42,NA,8920,95107,00270,4,3
22015000104,22,015,000104,1859,1216,560,55,5,23,0,1318,952,311,39,4,12,0,170.61,450.86,NA,8920,95107,00270,4,4
22015000105,22,015,000105,4621,3648,878,60,14,19,2,3368,2891,406,45,10,16,0,435.99,1152.12,NA,8920,94948,00270,4,4
22015000109,22,015,000109,3518,2456,751,198,14,93,6,2357,1661,498,121,13,61,3,305.11,806.28,NA,8920,95548,00270,4,4
22015000112,22,015,000112,6462,3405,2981,58,13,3,2,4544,2595,1897,37,10,3,2,588.22,1554.41,NA,60670,94582,00270,4,3
22015010601,22,015,010601,7183,5166,1598,255,33,129,2,4820,3630,898,158,25,107,2,623.95,1648.82,NA,8920,94780,00270,4,4
22015010602,22,015,010602,2985,2500,377,58,10,34,6,2348,2031,238,45,6,25,3,303.95,803.2,NA,8920,95251,00270,4,4
22015010701,22,015,010701,3858,3093,586,105,7,60,7,2985,2462,381,82,5,50,5,386.41,1021.11,NA,8920,95368,00270,4,4
22015010702,22,015,010702,3504,2125,1244,74,16,45,0,2486,1609,782,49,12,34,0,321.81,850.41,NA,8920,95470,00270,4,4
22015010801,22,015,010801,3550,2942,475,76,17,39,1,2596,2277,223,54,13,28,1,336.05,888.04,NA,8920,95368,00270,4,4
22015010804,22,015,010804,5945,5171,455,180,19,119,1,4126,3642,272,106,17,88,1,534.11,1411.42,NA,8920,95614,00270,4,4
22015010898,22,015,010898,5583,4822,464,145,30,119,3,4165,3655,313,101,21,73,2,539.16,1424.76,NA,8920,95614,00270,4,4
22015011098,22,015,011098,6862,5123,1596,82,13,45,3,4740,3598,1043,53,11,34,1,613.59,1621.46,NA,8920,94021,00270,4,4
22015011103,22,015,011103,10222,8385,1618,153,22,43,1,7208,5985,1080,92,19,31,1,933.07,2465.71,NA,6925,94399,00270,4,4
22015011104,22,015,011104,6526,6033,313,104,16,59,1,4571,4220,228,69,13,40,1,591.71,1563.64,NA,8920,94948,00270,4,4
22015011105,22,015,011105,10838,8873,1745,150,38,32,0,7482,6235,1093,98,35,21,0,968.54,2559.44,NA,33420,94219,00270,4,4
22015011398,22,015,011398,0,0,0,0,0,0,0,0,0,0,0,0,0,0,0,0,NA,NA,94582,00270,4,3
22015011498,22,015,011498,0,0,0,0,0,0,0,0,0,0,0,0,0,0,0,0,NA,70000,95614,00270,4,4
22017000201,22,017,000201,377,241,124,5,2,5,0,324,212,101,4,2,5,0,67.67,103.87,NA,70000,94402,00300,4,3
22017000202,22,017,000202,649,155,485,7,2,0,0,438,138,294,4,2,0,0,91.48,140.42,NA,70000,94402,00300,4,3
22017000204,22,017,000204,1126,5,1118,2,1,0,0,768,5,760,2,1,0,0,160.4,246.22,NA,70000,94402,00300,4,3
22017000205,22,017,000205,3289,653,2569,62,2,2,1,2028,547,1433,43,2,2,1,423.57,650.17,NA,70000,94402,00300,4,3
22017000206,22,017,000206,2117,9,2070,30,0,1,7,1418,9,1385,17,0,1,6,296.16,454.61,NA,70000,94402,00300,4,3
22017000207,22,017,000207,2355,5,2348,1,1,0,0,1642,5,1636,0,1,0,0,342.95,526.42,NA,70000,94402,00300,4,3
22017000208,22,017,000208,1543,14,1520,8,1,0,0,1128,11,1108,8,1,0,0,235.59,361.63,NA,70000,94783,00300,4,3
22017000209,22,017,000209,1237,47,1186,3,1,0,0,710,45,661,3,1,0,0,148.29,227.62,NA,70000,94402,00300,4,3
22017000210,22,017,000210,1980,1116,789,54,6,14,1,1356,923,375,38,6,13,1,283.21,434.73,NA,70000,94951,00300,4,4
22017000211,22,017,000211,2809,1870,842,60,19,16,2,2256,1630,555,45,14,12,0,471.19,723.26,NA,70000,94585,00300,4,4
22017000212,22,017,000212,4014,3239,645,39,35,53,3,3188,2725,366,31,26,38,2,665.84,1022.06,NA,70000,94585,00300,4,4
22017000213,22,017,000213,3170,372,2751,33,5,9,0,2096,306,1759,21,4,6,0,437.77,671.97,NA,70000,94585,00300,4,3
22017000214,22,017,000214,1945,1795,108,29,4,8,1,1570,1474,65,20,3,7,1,327.91,503.34,NA,70000,94585,00300,4,4
22017000215,22,017,000215,2399,1967,378,30,9,14,1,1868,1592,239,23,5,8,1,390.15,598.87,NA,70000,94585,00300,4,4
22017000216,22,017,000216,3776,3339,355,46,9,27,0,3070,2779,225,36,8,22,0,641.2,984.23,NA,70000,94585,00300,4,4
22017000217,22,017,000217,2256,1088,1112,45,2,9,0,1703,977,691,26,2,7,0,355.69,545.98,NA,70000,94951,00300,4,3
22017000218,22,017,000218,2306,431,1863,3,2,7,0,1587,404,1171,3,2,7,0,331.46,508.79,NA,70000,94783,00300,4,3
22017000219,22,017,000219,2602,10,2583,8,1,0,0,1844,10,1826,7,1,0,0,385.14,591.18,NA,70000,94783,00300,4,3
22017000220,22,017,000220,2636,7,2616,6,4,0,3,1987,6,1969,6,3,0,3,415,637.02,NA,70000,94222,00300,4,3
22017000221,22,017,000221,7342,920,6376,24,12,10,0,4940,842,4065,17,11,5,0,1031.76,1583.74,NA,70000,94783,00300,4,3
22017000222,22,017,000222,5602,2161,3367,52,12,7,3,4019,1913,2053,33,11,6,3,839.4,1288.48,NA,70000,94783,00300,4,4
22017000223,22,017,000223,3725,826,2829,60,3,7,0,2390,694,1650,40,2,4,0,499.17,766.22,NA,70000,94951,00300,4,3
22017000224,22,017,000224,3657,2164,1410,65,9,8,1,2601,1796,747,45,6,6,1,543.24,833.87,NA,70000,94951,00300,4,4
22017000225,22,017,000225,5399,1819,3443,97,11,19,10,3707,1502,2117,58,9,14,7,774.24,1188.45,NA,70000,94951,00300,4,3
22017000226,22,017,000226,3050,2950,69,21,4,6,0,2324,2262,36,17,3,6,0,485.39,745.07,NA,70000,95254,00300,4,4
22017000227,22,017,000227,2397,2372,2,16,1,6,0,1840,1823,1,11,1,4,0,384.3,589.9,NA,70000,95254,00300,4,4
22017000228,22,017,000228,4010,3923,27,45,4,11,0,3058,2995,20,33,4,6,0,638.69,980.38,NA,70000,95254,00300,4,4
22017000230,22,017,000230,3650,3544,38,34,2,31,1,2979,2898,33,24,2,21,1,622.19,955.06,NA,70000,95254,00300,4,4
22017000231,22,017,000231,1753,1276,466,7,3,1,0,1351,1033,313,3,2,0,0,282.17,433.13,NA,70000,95254,00300,4,4
22017000232,22,017,000232,2260,784,1429,35,2,10,0,1414,637,746,25,2,4,0,295.33,453.32,NA,70000,95254,00300,4,3
22017000233,22,017,000233,2708,82,2609,9,1,7,0,1795,73,1712,6,1,3,0,374.9,575.47,NA,70000,95110,00300,4,3
22017000234,22,017,000234,6113,4779,1228,56,26,23,1,4435,3641,716,36,24,17,1,926.29,1421.84,NA,70000,95110,00300,4,4
22017000235,22,017,000235,5933,28,5885,18,2,0,0,3956,24,3919,11,2,0,0,826.25,1268.28,NA,70000,95110,00300,4,3
22017000236,22,017,000236,4066,1,4046,17,1,1,0,2685,0,2672,11,1,1,0,560.79,860.8,NA,70000,95110,00300,4,3
22017000237,22,017,000237,7162,2159,4906,66,6,24,1,4670,1740,2858,51,4,16,1,975.37,1497.18,NA,70000,95473,00300,4,3
22017000238,22,017,000238,7610,2183,5339,33,5,47,3,5481,1785,3634,29,3,29,1,1144.76,1757.19,NA,70000,95371,00300,4,4
22017000240,22,017,000240,4798,4177,545,41,6,28,1,3310,2885,375,28,5,16,1,691.32,1061.17,NA,70000,95371,00300,4,4
22017000242,22,017,000242,13028,10048,2708,179,52,39,2,9225,7128,1916,116,32,32,1,1926.73,2957.5,NA,70000,95617,00300,4,4
22017000244,22,017,000244,3818,3487,263,38,3,24,3,3138,2912,176,30,3,15,2,655.4,1006.03,NA,70000,95617,00300,4,4
22017000246,22,017,000246,11079,393,10647,27,3,5,4,6853,319,6505,18,3,5,3,1431.31,2197.05,NA,70000,94222,00300,4,3
22017000247,22,017,000247,1963,1816,133,6,4,4,0,1556,1451,96,4,2,3,0,324.98,498.85,NA,70000,94402,00300,4,4
22017000248,22,017,000248,1423,622,775,26,0,0,0,1001,483,506,12,0,0,0,209.07,320.92,NA,29010,94024,00300,4,3
22017000249,22,017,000249,3889,3217,633,20,16,2,1,2764,2395,344,14,11,0,0,577.29,886.13,NA,57590,94024,00300,4,4
22017000250,22,017,000250,4263,3117,1108,20,14,4,0,3009,2384,597,11,13,4,0,628.46,964.67,NA,78890,94024,00300,4,4
22017022998,22,017,022998,5045,4497,384,93,8,61,2,4251,3820,309,64,7,49,2,887.86,1362.85,NA,70000,94585,00300,4,4
22017023901,22,017,023901,4281,3969,199,65,9,37,2,3302,3077,141,48,5,30,1,689.65,1058.61,NA,70000,95371,00300,4,4
22017023902,22,017,023902,6382,5416,758,74,6,126,2,4904,4221,525,56,6,94,2,1024.25,1572.2,NA,70000,95371,00300,4,4
22017023903,22,017,023903,3126,2552,484,65,9,15,1,2214,1928,233,35,7,10,1,462.41,709.8,NA,70000,95473,00300,4,4
22017024102,22,017,024102,3517,2855,605,30,15,12,0,2412,1967,400,27,11,7,0,503.77,773.28,NA,70000,95551,00300,4,4
22017024103,22,017,024103,0,0,0,0,0,0,0,0,0,0,0,0,0,0,0,0,NA,70000,95551,00300,4,4
22017024104,22,017,024104,6684,5581,887,121,24,71,0,4865,4207,517,72,20,49,0,1016.1,1559.7,NA,70000,95473,00300,4,4
22017024106,22,017,024106,6602,5897,466,156,26,57,0,4726,4268,296,102,16,44,0,987.07,1515.14,NA,70000,95551,00300,4,4
22017024107,22,017,024107,5374,4864,397,49,10,54,0,3976,3670,220,40,10,36,0,830.42,1274.69,NA,70000,95473,00300,4,4
22017024108,22,017,024108,6631,6178,277,116,9,51,0,4924,4588,208,84,7,37,0,1028.42,1578.62,NA,70000,95551,00300,4,4
22017024109,22,017,024109,3884,3740,54,31,13,46,0,2880,2796,29,16,8,31,0,601.51,923.32,NA,70000,95551,00300,4,4
22017024301,22,017,024301,6911,3732,3078,67,16,18,0,4757,2806,1884,40,11,16,0,993.54,1525.08,NA,70000,95617,00300,4,4
22017024302,22,017,024302,8888,6656,2086,110,15,20,1,6225,4866,1265,68,12,13,1,1300.15,1995.71,NA,70000,95617,00300,4,4
22017024501,22,017,024501,8740,6716,1931,58,16,16,3,6036,4790,1187,34,12,12,1,1260.67,1935.12,NA,51830,94024,00300,4,4
22017024502,22,017,024502,6072,5286,677,64,25,20,0,4426,3890,456,47,19,14,0,924.41,1418.96,NA,7730,94024,00300,4,4
22017025198,22,017,025198,2832,1735,1075,13,7,2,0,1974,1312,646,9,5,2,0,412.29,632.86,NA,36150,94024,00300,4,4
22017025297,22,017,025297,0,0,0,0,0,0,0,0,0,0,0,0,0,0,0,0,NA,70000,95371,00300,4,4
22017025298,22,017,025298,0,0,0,0,0,0,0,0,0,0,0,0,0,0,0,0,NA,70000,95254,00300,4,4
22017025398,22,017,025398,0,0,0,0,0,0,0,0,0,0,0,0,0,0,0,0,NA,70000,95371,00300,4,4
22019000001,22,019,000001,788,392,369,12,5,10,0,739,382,334,12,5,6,0,205.33,194.48,NA,41155,94405,00330,7,6
22019000002,22,019,000002,1336,71,1259,4,0,2,0,896,63,830,3,0,0,0,248.95,235.8,NA,41155,94405,00330,7,6
22019000003,22,019,000003,3805,28,3761,14,2,0,0,2612,24,2579,7,2,0,0,725.75,687.4,NA,41155,94225,00330,7,6
22019000004,22,019,000004,3583,326,3188,55,3,10,1,2409,274,2091,34,3,6,1,669.34,633.98,NA,41155,94588,00330,7,6
22019000005,22,019,000005,4124,3669,378,51,8,16,2,3296,3011,224,36,7,16,2,915.8,867.41,NA,41155,94786,00330,7,6
22019000006,22,019,000006,7216,2483,4638,53,23,10,9,4924,2028,2835,37,13,8,3,1368.14,1295.85,NA,41155,94588,00330,7,6
22019000007,22,019,000007,4738,3753,889,64,12,19,1,3620,3017,533,47,7,15,1,1005.82,952.68,NA,41155,94786,00330,7,6
22019000008,22,019,000008,3405,2933,415,37,6,12,2,2633,2338,255,27,1,10,2,731.58,692.93,NA,41155,94786,00330,7,6
22019000009,22,019,000009,3904,3209,616,31,9,29,10,3153,2682,409,26,9,21,6,876.06,829.78,NA,41155,94954,00330,7,6
22019000010,22,019,000010,3801,3615,77,59,14,34,2,2972,2841,54,41,6,28,2,825.77,782.14,NA,41155,95374,00330,7,6
22019000011,22,019,000011,4296,3736,419,86,6,44,5,3493,3035,349,64,6,36,3,970.53,919.25,NA,41155,95113,00330,7,6
22019000013,22,019,000013,8165,7683,304,97,16,60,5,5910,5572,209,72,12,42,3,1642.1,1555.34,NA,41155,95374,00330,7,6
22019000014,22,019,000014,6549,1085,5361,66,17,2,18,4551,865,3620,40,12,2,12,1264.5,1197.69,NA,41155,94225,00330,7,6
22019000015,22,019,000015,2248,266,1947,22,0,7,6,1637,222,1390,13,0,6,6,454.84,430.81,NA,41155,94588,00330,7,6
22019000016,22,019,000016,4746,1220,3451,46,6,16,7,3246,1011,2181,33,6,11,4,901.9,854.25,NA,41155,94588,00330,7,6
22019000017,22,019,000017,4077,3517,477,46,4,7,26,2750,2421,276,32,2,7,12,764.09,723.72,NA,41155,95476,00330,7,6
22019000018,22,019,000018,3088,3018,30,28,3,9,0,2085,2048,13,16,3,5,0,579.32,548.71,NA,62647,95257,00330,7,6
22019000020,22,019,000020,5969,5521,377,48,11,9,3,4000,3719,230,34,7,7,3,1111.4,1052.68,NA,37445,95476,00330,7,6
22019000021,22,019,000021,2591,2067,484,30,4,0,6,1733,1401,310,14,3,0,5,481.52,456.07,NA,37445,95476,00330,7,6
22019000023,22,019,000023,2134,1998,99,20,9,8,0,1463,1376,63,13,7,4,0,406.5,385.02,NA,NA,95554,00330,7,6
22019000024,22,019,000024,6137,4871,1193,53,14,6,0,4384,3546,783,37,12,6,0,1218.1,1153.74,NA,20575,95554,00330,7,6
22019000025,22,019,000025,2803,2724,36,32,5,6,0,1982,1933,21,21,2,5,0,550.7,521.6,NA,41155,95704,00330,7,6
22019000026,22,019,000026,5391,4576,740,54,17,4,0,3718,3220,445,36,13,4,0,1033.05,978.47,NA,80815,95704,00330,7,6
22019000027,22,019,000027,6529,4734,1696,69,18,5,7,4391,3262,1078,32,12,3,4,1220.04,1155.58,NA,73640,95704,00330,7,6
22019000028,22,019,000028,4922,4692,158,56,11,4,1,3408,3269,88,38,8,4,1,946.92,896.88,NA,73640,95671,00330,7,6
22019000029,22,019,000029,2212,2185,9,13,2,3,0,1635,1614,5,13,1,2,0,454.29,430.28,NA,73640,95671,00330,7,6
22019000030,22,019,000030,5308,4771,434,71,17,14,1,3816,3442,299,51,13,10,1,1060.28,1004.26,NA,73640,95728,00330,7,6
22019000032,22,019,000032,1114,1063,24,16,4,7,0,783,750,14,10,4,5,0,217.56,206.06,NA,80815,95728,00330,7,6
22019000033,22,019,000033,3436,3357,20,40,11,8,0,2388,2346,9,23,7,3,0,663.51,628.45,NA,12840,95620,00330,7,6
22019000034,22,019,000034,3409,3352,22,31,2,2,0,2361,2325,11,22,2,1,0,656.01,621.35,NA,NA,95620,00330,7,6
22019000035,22,019,000035,3281,2623,630,20,2,6,0,2340,1926,393,15,2,4,0,650.17,615.82,NA,78820,95620,00330,7,6
22019000036,22,019,000036,4255,3973,244,26,8,2,2,2990,2810,155,13,8,2,2,830.77,786.88,NA,78820,95554,00330,7,6
22019000599,22,019,000599,2,1,0,1,0,0,0,2,1,0,1,0,0,0,0.56,0.53,NA,41155,94786,00330,7,6
22019001201,22,019,001201,4915,3196,1625,65,4,19,6,3274,2361,847,47,4,10,5,909.68,861.62,NA,41155,95113,00330,7,6
22019001202,22,019,001202,2477,939,1499,26,4,9,0,1662,765,867,17,4,9,0,461.79,437.39,NA,41155,94954,00330,7,6
22019001899,22,019,001899,0,0,0,0,0,0,0,0,0,0,0,0,0,0,0,0,NA,NA,95257,00330,7,6
22019001901,22,019,001901,3310,3212,18,59,2,19,0,2403,2337,12,41,2,11,0,667.68,632.4,NA,62647,95257,00330,7,6
22019001902,22,019,001902,8463,7643,563,114,25,112,6,5966,5400,406,74,17,65,4,1657.66,1570.07,NA,62647,95374,00330,7,6
22019002201,22,019,002201,4304,4092,96,55,16,4,41,2823,2691,57,29,12,4,30,784.37,742.93,NA,NA,94027,00330,7,6
22019002202,22,019,002202,8039,7338,574,89,23,14,1,5405,5007,309,61,15,12,1,1501.79,1422.44,NA,52425,94027,00330,7,6
22019002202,22,019,002202,0,0,0,0,0,0,0,0,0,0,0,0,0,0,0,0,NA,52425,94027,00330,7,6
22019003101,22,019,003101,5212,5024,82,73,16,17,0,3787,3648,70,47,12,10,0,1052.22,996.63,NA,73640,95728,00330,7,6
22019003102,22,019,003102,2050,1965,63,14,3,3,2,1357,1303,41,9,1,1,2,377.04,357.12,NA,73640,95728,00330,7,6
22019003299,22,019,003299,2,1,0,1,0,0,0,2,1,0,1,0,0,0,0.56,0.53,NA,NA,95728,00330,7,6
22021009901,22,021,009901,2524,2161,277,85,1,0,0,1833,1592,191,49,1,0,0,348,782.16,NA,NA,94030,00360,5,5
22021009902,22,021,009902,3213,2247,914,43,5,3,1,2296,1627,637,26,3,2,1,435.91,979.72,NA,16830,94789,00360,5,5
22021009903,22,021,009903,4073,3460,569,32,3,9,0,2850,2485,336,18,3,8,0,541.09,1216.12,NA,15780,95116,00360,5,5
22023009701,22,023,009701,4774,4484,240,39,3,8,0,3350,3152,160,28,3,7,0,991.28,1034.58,NA,12000,94594,00390,7,6
22023009702,22,023,009702,4486,4097,258,104,12,12,3,3071,2824,168,58,8,10,3,908.72,948.42,NA,12000,94033,00390,7,6
22025009801,22,025,009801,4351,3337,955,54,3,2,0,3044,2420,597,22,3,2,0,690.94,1213,NA,70245,94414,00420,5,5
22025009802,22,025,009802,3144,1465,1670,4,4,1,0,2119,1082,1032,2,2,1,0,480.98,844.4,NA,38775,95260,00420,5,5
22025009803,22,025,009803,3570,3301,245,13,9,2,0,2516,2331,167,8,8,2,0,571.09,1002.6,NA,NA,95377,00420,5,5
22027009501,22,027,009501,3560,2126,1420,2,6,5,1,2675,1670,997,2,2,3,1,608.11,812.06,NA,44235,94966,00450,4,3
22027009502,22,027,009502,3782,1882,1882,13,3,2,0,3064,1472,1575,12,3,2,0,696.55,930.15,NA,35870,94237,00450,4,3
22027009503,22,027,009503,3093,1927,1158,3,1,4,0,2256,1473,778,2,1,2,0,512.86,684.86,NA,33525,94237,00450,4,3
22027009504,22,027,009504,4500,1969,2500,20,10,0,1,3133,1505,1612,10,6,0,0,712.23,951.09,NA,35870,95380,00450,4,3
22027009505,22,027,009505,2470,1396,1062,2,8,2,0,1831,1070,749,2,8,2,0,416.25,555.84,NA,3320,94798,00450,4,4
22029009901,22,029,009901,2964,1705,1233,22,3,1,0,2072,1312,744,12,3,1,0,483.99,773.58,NA,15850,94042,00480,5,5
22029009902,22,029,009902,5927,2212,3652,37,9,16,1,3993,1662,2285,26,8,11,1,932.7,1490.78,NA,25440,94042,00480,5,5
22029009903,22,029,009903,3815,3024,752,33,4,2,0,2576,2088,458,25,4,1,0,601.71,961.74,NA,64765,94603,00480,5,3
22029009904,22,029,009904,5208,3670,1504,27,2,5,0,3711,2664,1025,20,1,1,0,866.83,1385.49,NA,78470,94420,00480,5,3
22029009905,22,029,009905,2914,2471,423,11,9,0,0,2101,1804,280,9,8,0,0,490.76,784.4,NA,80727,94930,00480,5,3
22031009501,22,031,009501,5422,3649,1658,91,19,5,0,3821,2610,1124,65,19,3,0,1065.61,1150.21,NA,73395,94243,00510,4,4
22031009502,22,031,009502,4381,2930,1362,76,10,1,2,3100,2179,866,44,8,1,2,864.54,933.17,NA,45040,94165,00510,4,4
22031009503,22,031,009503,2693,1228,1419,31,14,1,0,1865,887,945,25,7,1,0,520.12,561.41,NA,30690,94801,00510,4,4
22031009504,22,031,009504,3196,2000,1108,87,1,0,0,2334,1548,737,48,1,0,0,650.91,702.59,NA,48365,94735,00510,4,4
22031009505,22,031,009505,2817,1017,1765,31,4,0,0,1985,775,1182,24,4,0,0,553.58,597.53,NA,48365,94756,00510,4,4
22031009506,22,031,009506,4020,1033,2959,25,1,1,1,2654,765,1872,15,1,1,0,740.16,798.91,NA,48365,94753,00510,4,4
22031009507,22,031,009507,2817,1941,834,36,5,1,0,2037,1448,560,24,4,1,0,568.08,613.18,NA,72800,94183,00510,4,4
22033000001,22,033,000001,1682,385,1261,17,8,11,0,1025,321,683,14,3,4,0,212.75,329.68,NA,5000,94804,00540,6,3
22033000002,22,033,000002,5807,3309,2350,75,22,50,1,4243,2663,1473,54,18,34,1,880.68,1364.73,NA,5000,94804,00540,6,3
22033000003,22,033,000003,2464,465,1961,3,3,31,1,1560,395,1143,3,3,16,0,323.79,501.76,NA,5000,94804,00540,6,3
22033000004,22,033,000004,2834,1437,1346,48,1,2,0,1914,1173,711,28,1,1,0,397.27,615.62,NA,5000,94426,00540,6,3
22033000005,22,033,000005,5036,442,4549,33,6,5,1,3075,387,2659,19,5,4,1,638.25,989.05,NA,5000,95125,00540,6,3
22033000008,22,033,000008,2281,289,1967,17,1,7,0,1463,254,1190,13,1,5,0,303.66,470.56,NA,5000,95482,00540,6,3
22033000009,22,033,000009,5091,64,5010,16,0,0,1,3522,60,3455,7,0,0,0,731.03,1132.82,NA,5000,95125,00540,6,3
22033000010,22,033,000010,5006,158,4823,21,1,0,3,3602,143,3448,10,1,0,0,747.63,1158.55,NA,5000,95125,00540,6,3
22033000012,22,033,000012,975,627,328,9,4,6,1,879,608,252,9,4,6,0,182.45,282.72,NA,5000,95482,00540,6,3
22033000013,22,033,000013,1722,251,1418,14,0,39,0,1167,238,895,11,0,23,0,242.22,375.36,NA,5000,95125,00540,6,3
22033000014,22,033,000014,622,280,315,10,3,11,3,490,259,209,7,3,11,1,101.7,157.6,NA,5000,95482,00540,6,3
22033000015,22,033,000015,2946,339,2511,12,3,76,5,2003,285,1678,6,3,26,5,415.74,644.25,NA,5000,95482,00540,6,3
22033000016,22,033,000016,3848,1722,2046,49,6,21,4,2892,1490,1332,45,3,19,3,600.27,930.19,NA,5000,95482,00540,6,3
22033000017,22,033,000017,5089,3648,1347,49,4,34,7,4198,3050,1077,36,4,26,5,871.34,1350.25,NA,5000,95557,00540,6,5
22033000018,22,033,000018,2315,1954,293,46,4,18,0,1967,1676,244,29,3,15,0,408.27,632.67,NA,5000,95557,00540,6,5
22033000019,22,033,000019,2567,2473,37,46,5,6,0,2079,2007,25,38,3,6,0,431.52,668.69,NA,5000,95557,00540,6,5
22033000020,22,033,000020,3383,3248,47,56,3,25,4,2773,2671,34,47,3,16,2,575.57,891.91,NA,5000,95557,00540,6,5
22033000021,22,033,000021,2446,131,2298,11,3,3,0,1586,116,1457,8,3,2,0,329.19,510.12,NA,5000,95482,00540,6,3
22033000022,22,033,000022,2113,187,1883,25,2,9,7,1551,167,1353,18,2,7,4,321.93,498.87,NA,5000,95482,00540,6,3
22033000023,22,033,000023,2754,2648,59,34,4,9,0,2204,2122,43,27,4,8,0,457.46,708.9,NA,5000,95557,00540,6,5
22033000024,22,033,000024,2765,458,2213,26,2,63,3,1970,409,1489,21,2,46,3,408.89,633.63,NA,5000,95482,00540,6,3
22033000025,22,033,000025,4055,805,2867,44,3,330,6,3199,726,2104,40,3,320,6,663.99,1028.93,NA,5000,95482,00540,6,3
22033000027,22,033,000027,2374,753,1609,8,0,1,3,1725,626,1088,7,0,1,3,358.04,554.83,NA,5000,95557,00540,6,3
22033000028,22,033,000028,7197,5266,777,359,11,782,2,6789,5097,686,331,11,663,1,1409.13,2183.63,NA,5000,95482,00540,6,5
22033000033,22,033,000033,4944,57,4872,9,2,0,4,3411,49,3354,5,1,0,2,707.99,1097.12,NA,5000,94804,00540,8,3
22033000034,22,033,000034,7520,826,6622,52,3,17,0,4693,686,3954,39,2,12,0,974.08,1509.46,NA,5000,94804,00540,6,3
22033000041,22,033,000041,447,212,232,1,1,1,0,302,147,152,1,1,1,0,62.68,97.14,NA,NA,94045,00540,6,3
22033000047,22,033,000047,4961,3254,1684,7,8,7,1,3334,2212,1102,7,7,5,1,692.01,1072.35,NA,83405,94045,00540,6,3
22033000048,22,033,000048,3232,2911,97,85,4,135,0,2770,2512,73,74,4,107,0,574.94,890.95,NA,5000,95623,00540,6,5
22033000049,22,033,000049,4931,4422,104,109,1,286,9,3672,3323,78,80,1,183,7,762.16,1181.07,NA,5000,95623,00540,6,5
22033000050,22,033,000050,3349,3123,93,57,1,70,5,2523,2358,72,40,0,51,2,523.68,811.5,NA,5000,95623,00540,6,5
22033000601,22,033,000601,3214,796,2378,28,0,11,1,2088,676,1381,21,0,9,1,433.39,671.59,NA,5000,95125,00540,6,3
22033000602,22,033,000602,4975,347,4577,15,19,16,1,3228,275,2919,13,12,9,0,670.01,1038.26,NA,5000,95125,00540,6,3
22033000701,22,033,000701,2089,857,1181,14,0,37,0,1499,720,737,12,0,30,0,311.13,482.14,NA,5000,94426,00540,6,3
22033000702,22,033,000702,3416,708,2635,14,5,51,3,2394,604,1733,14,5,37,1,496.9,770.01,NA,5000,94972,00540,6,3
22033001102,22,033,001102,2709,1312,1336,51,2,6,2,2213,1186,978,40,2,5,2,459.33,711.79,NA,5000,94972,00540,6,3
22033001103,22,033,001103,2625,736,1839,34,8,7,1,1874,647,1191,25,5,5,1,388.97,602.76,NA,5000,94972,00540,6,3
22033001104,22,033,001104,3489,437,2918,86,2,45,1,2263,388,1775,67,1,32,0,469.71,727.88,NA,5000,94972,00540,6,3
22033002601,22,033,002601,3689,3394,192,75,4,24,0,2984,2749,149,63,4,19,0,619.36,959.78,NA,5000,95623,00540,6,5
22033002602,22,033,002602,2833,2418,351,42,3,19,0,2305,2016,239,34,3,13,0,478.43,741.38,NA,5000,95623,00540,6,5
22033003001,22,033,003001,6004,9,5983,6,5,1,0,4732,9,4714,4,4,1,0,982.18,1522.01,NA,5000,94246,00540,8,3
22033003002,22,033,003002,679,51,627,0,0,1,0,441,47,393,0,0,1,0,91.53,141.84,NA,5000,97205,00540,8,3
22033003099,22,033,003099,2,2,0,0,0,0,0,2,2,0,0,0,0,0,0.42,0.64,NA,NA,97205,00540,8,3
22033003101,22,033,003101,5438,6,5410,16,1,3,2,3639,4,3618,11,1,3,2,755.31,1170.45,NA,5000,94246,00540,8,3
22033003102,22,033,003102,3022,290,2706,24,0,1,1,2306,256,2027,22,0,1,0,478.64,741.71,NA,5000,94246,00540,8,3
22033003201,22,033,003201,3813,2824,950,23,2,13,1,2715,2157,534,13,2,9,0,563.53,873.26,NA,10145,94426,00540,6,3
22033003202,22,033,003202,3781,2979,737,26,12,26,1,2703,2203,457,21,7,14,1,561.04,869.4,NA,10145,94426,00540,6,3
22033003501,22,033,003501,2840,1116,1610,25,4,84,1,1899,821,1003,19,3,52,1,394.16,610.8,NA,NA,94426,00540,6,3
22033003504,22,033,003504,6618,692,5861,45,4,16,0,4078,587,3444,32,3,12,0,846.43,1311.65,NA,49940,94804,00540,6,3
22033003505,22,033,003505,4333,1951,2263,71,4,43,1,3005,1580,1343,56,1,24,1,623.72,966.53,NA,49940,94426,00540,6,3
22033003506,22,033,003506,6410,5522,767,88,13,19,1,5059,4423,545,65,10,15,1,1050.05,1627.19,NA,5000,94972,00540,6,5
22033003507,22,033,003507,4710,3479,1095,81,3,49,3,3145,2374,676,57,3,34,1,652.78,1011.56,NA,51645,94426,00540,6,5
22033003601,22,033,003601,3039,2699,258,47,3,32,0,2508,2236,207,38,2,25,0,520.56,806.68,NA,5000,94972,00540,6,5
22033003603,22,033,003603,2706,2384,208,52,23,38,1,2085,1870,128,41,13,32,1,432.76,670.62,NA,5000,94972,00540,6,5
22033003604,22,033,003604,5810,3689,1663,145,17,295,1,3952,2669,994,99,9,180,1,820.28,1271.13,NA,5000,94972,00540,6,5
22033003701,22,033,003701,5546,5161,214,72,6,93,0,4521,4242,151,58,6,64,0,938.38,1454.14,NA,5000,95266,00540,6,5
22033003702,22,033,003702,3335,3157,115,30,9,24,0,2708,2566,93,23,9,17,0,562.07,871.01,NA,5000,95266,00540,6,5
22033003703,22,033,003703,5960,5594,128,123,9,94,12,4717,4475,82,85,8,58,9,979.06,1517.18,NA,5000,95266,00540,6,5
22033003801,22,033,003801,4747,3535,1105,82,1,24,0,3836,2994,762,59,1,20,0,796.2,1233.82,NA,5000,95557,00540,6,5
22033003802,22,033,003802,4966,4524,318,62,5,55,2,4097,3751,245,54,4,41,2,850.38,1317.77,NA,5000,95557,00540,6,5
22033003804,22,033,003804,4159,3824,211,92,0,31,1,3376,3114,157,83,0,21,1,700.73,1085.86,NA,80920,95557,00540,6,5
22033003805,22,033,003805,4101,3730,234,69,8,59,1,3016,2763,159,50,8,35,1,626,970.07,NA,37270,95557,00540,6,5
22033003903,22,033,003903,6177,5206,625,186,16,143,1,4994,4308,429,146,14,96,1,1036.56,1606.28,NA,5000,95383,00540,6,5
22033003904,22,033,003904,5127,4218,780,80,9,39,1,3865,3230,536,60,9,30,0,802.22,1243.15,NA,5000,94606,00540,6,5
22033003905,22,033,003905,8014,7251,371,182,13,191,6,5905,5364,264,134,11,129,3,1225.65,1899.29,NA,5000,95383,00540,6,5
22033003906,22,033,003906,6570,5925,281,162,8,193,1,4600,4174,184,109,6,126,1,954.78,1479.55,NA,5000,95383,00540,6,5
22033004003,22,033,004003,7218,5610,1232,228,8,137,3,4702,3714,739,160,5,82,2,975.95,1512.36,NA,78680,95383,00540,6,5
22033004005,22,033,004005,4828,1776,2905,82,2,62,1,3534,1380,2047,60,1,45,1,733.52,1136.68,NA,5000,95623,00540,6,3
22033004006,22,033,004006,5479,4617,570,120,9,163,0,3866,3296,369,84,6,111,0,802.43,1243.47,NA,56855,95383,00540,6,5
22033004007,22,033,004007,7803,6577,590,359,18,254,5,6962,5952,444,324,15,223,4,1445.04,2239.27,NA,5000,95623,00540,6,3
22033004008,22,033,004008,9646,5890,3135,293,20,295,13,7046,4695,1935,203,17,188,8,1462.47,2266.29,NA,28275,95623,00540,6,3
22033004201,22,033,004201,6313,2074,4179,26,14,17,3,4332,1614,2672,19,12,14,1,899.15,1393.35,NA,3985,94426,00540,6,3
22033004202,22,033,004202,9368,7295,1935,98,14,19,7,6539,5239,1200,70,11,13,6,1357.24,2103.21,NA,3985,94045,00540,6,5
22033004203,22,033,004203,3899,1758,2067,47,15,8,4,2443,1213,1197,20,7,3,3,507.07,785.77,NA,3985,94246,00540,6,3
22033004301,22,033,004301,5697,5423,202,50,14,7,1,3997,3811,137,31,11,6,1,829.62,1285.6,NA,83405,94606,00540,6,5
22033004302,22,033,004302,5266,5125,60,46,18,10,7,3477,3386,37,28,15,7,4,721.69,1118.35,NA,NA,94606,00540,6,5
22033004401,22,033,004401,4639,4498,82,39,4,15,1,3343,3262,41,26,4,9,1,693.88,1075.25,NA,NA,94606,00540,6,5
22033004402,22,033,004402,4342,4116,159,40,11,13,3,2906,2754,107,28,9,7,1,603.17,934.69,NA,NA,94606,00540,6,5
22033004403,22,033,004403,5156,4944,80,102,9,16,5,3502,3374,46,59,8,12,3,726.88,1126.39,NA,NA,94606,00540,6,5
22033004502,22,033,004502,7677,6897,525,155,22,73,5,5117,4606,348,99,14,47,3,1062.09,1645.84,NA,57705,95383,00540,6,5
22033004503,22,033,004503,6392,5718,404,168,8,89,5,4412,3972,248,124,6,59,3,915.76,1419.08,NA,5000,94606,00540,6,5
22033004504,22,033,004504,5011,4637,185,122,7,60,0,3506,3262,118,84,5,37,0,727.71,1127.68,NA,5000,94606,00540,6,5
22033004505,22,033,004505,4192,3901,167,76,10,36,2,2772,2603,89,50,8,22,0,575.36,891.59,NA,5000,94606,00540,6,5
22033004506,22,033,004506,10265,9736,269,136,23,99,2,6800,6477,165,88,12,56,2,1411.41,2187.16,NA,69225,95383,00540,6,5
22033004601,22,033,004601,8258,5882,2294,44,15,23,0,5524,3934,1537,26,9,18,0,1146.57,1776.75,NA,83405,94045,00540,6,3
22033004602,22,033,004602,4954,3038,1870,34,2,10,0,3411,2151,1225,27,1,7,0,707.99,1097.12,NA,83405,94045,00540,6,3
22035009901,22,035,009901,3899,1550,2257,70,2,20,0,2580,1209,1318,42,2,9,0,422.17,622.04,NA,41400,94609,00570,5,3
22035009902,22,035,009902,2375,1577,751,45,2,0,0,1671,1151,481,37,2,0,0,273.43,402.88,NA,41400,94249,00570,5,3
22035009903,22,035,009903,3435,169,3261,5,0,0,0,1958,129,1826,3,0,0,0,320.39,472.08,NA,41400,95128,00570,5,3
22037009513,22,037,009513,3435,1333,2074,19,1,8,0,2241,931,1293,12,1,4,0,640.86,621.41,NA,56295,95131,00600,8,3
22037009514,22,037,009514,4041,1988,2031,13,2,7,0,2746,1507,1226,7,1,5,0,785.27,761.44,NA,37830,94432,00600,8,3
22037009515,22,037,009515,7062,4331,2650,58,16,7,0,5323,3136,2112,56,13,6,0,1522.21,1476.02,NA,37830,94750,00600,8,3
22037009516,22,037,009516,4673,2305,2270,96,2,0,0,3174,1686,1401,85,2,0,0,907.66,880.12,NA,15990,94978,00600,8,3
22039009501,22,039,009501,4743,4368,322,43,2,2,6,3246,3007,210,21,2,2,4,1026.48,1108.55,NA,60495,94813,00630,8,5
22039009502,22,039,009502,1756,1627,93,25,4,0,7,1188,1109,58,16,1,0,4,375.68,405.72,NA,76685,94612,00630,8,6
22039009503,22,039,009503,4355,3612,699,30,4,5,5,2889,2419,440,22,3,3,2,913.59,986.63,NA,4580,94981,00630,8,6
22039009504,22,039,009504,5926,4526,1327,51,4,12,6,4185,3318,820,35,2,7,3,1323.43,1429.23,NA,48085,95134,00630,8,6
22039009505,22,039,009505,4762,1953,2777,27,0,2,3,3219,1556,1639,19,0,2,3,1017.95,1099.33,NA,78715,95674,00630,8,6
22039009506,22,039,009506,4001,2567,1354,58,6,9,7,2911,2048,805,41,5,6,6,920.55,994.14,NA,78715,95560,00630,8,6
22039009507,22,039,009507,3480,2884,566,14,7,0,9,2296,1949,331,10,2,0,4,726.07,784.11,NA,78715,95485,00630,8,5
22039009508,22,039,009508,4251,2698,1507,22,3,8,13,2850,1876,948,14,2,2,8,901.26,973.31,NA,14450,94051,00630,8,6
22041009501,22,041,009501,3890,3110,743,20,15,2,0,2797,2286,490,13,6,2,0,430,1254,NA,4615,94258,00660,5,4
22041009502,22,041,009502,4262,2821,1417,19,2,3,0,2898,2029,849,15,2,3,0,582.21,1039.74,NA,82495,94615,00660,5,4
22041009503,22,041,009503,6133,3300,2794,20,2,17,0,4238,2572,1637,18,2,9,0,851.42,1520.5,NA,82495,95392,00660,5,4
22041009504,22,041,009504,3330,2677,614,32,7,0,0,2310,1925,357,24,4,0,0,220,594,NA,28940,94816,00660,5,4
22041009505,22,041,009505,1896,1636,251,8,1,0,0,1301,1140,154,6,1,0,0,261.37,466.77,NA,NA,95137,00660,5,4
22041009506,22,041,009506,2876,1653,1196,21,4,2,0,1963,1227,721,12,2,1,0,346,351,NA,82565,95137,00660,5,4
22043000201,22,043,000201,1431,1425,2,4,0,0,0,1034,1029,1,4,0,0,0,215.42,393.44,38300,28660,95278,00690,5,5
22043000202,22,043,000202,3690,3166,466,45,9,3,1,2693,2331,326,28,4,3,1,561.06,1024.71,NA,51620,94261,00690,5,5
22043000203,22,043,000203,3376,1304,2040,22,3,5,2,2325,996,1303,19,1,4,2,484.39,884.68,38300,16375,94261,00690,5,5
22043000204,22,043,000204,9029,8844,13,82,66,21,3,6250,6139,8,52,34,15,2,1302.13,2378.17,38300,61580,95140,00690,5,5
22045000000,22,045,000000,0,0,0,0,0,0,0,0,0,0,0,0,0,0,0,0,NA,NA,95677,00720,3,2
22045000301,22,045,000301,7717,4317,3296,85,9,6,4,5205,3132,2005,54,6,4,4,1400.76,2045.26,NA,38075,95566,00720,3,2
22045000302,22,045,000302,5218,4052,1100,53,3,6,4,3499,2755,695,37,3,6,3,941.65,1374.9,NA,45670,95395,00720,3,2
22045000305,22,045,000305,4931,3893,765,147,20,98,8,3388,2782,438,95,11,56,6,911.78,1331.28,NA,54035,94444,00720,3,2
22045000306,22,045,000306,4300,3641,558,89,5,3,4,2879,2434,371,66,3,3,2,774.79,1131.28,NA,54035,95281,00720,3,2
22045000307,22,045,000307,4220,3853,265,82,11,9,0,3091,2858,168,54,7,4,0,831.85,1214.58,NA,54035,95143,00720,3,2
22045000308,22,045,000308,3618,451,3001,44,1,121,0,2338,340,1906,27,1,64,0,629.2,918.7,NA,54035,94060,00720,3,2
22045000309,22,045,000309,4701,2349,1956,167,8,217,4,2952,1747,1000,101,3,98,3,355,345,NA,54035,94264,00720,3,2
22045000310,22,045,000310,3625,954,2600,45,7,18,1,2529,746,1733,34,6,10,0,680.6,993.75,NA,54035,94621,00720,3,2
22045000311,22,045,000311,5413,4073,1136,130,5,66,3,3844,3046,670,79,4,43,2,1034.49,1510.47,NA,54035,94990,00720,3,2
22045000312,22,045,000312,3802,3146,574,63,2,11,6,2765,2358,336,54,2,9,6,744.11,1086.48,NA,54035,94822,00720,3,2
22045000313,22,045,000313,5025,4069,829,91,15,18,3,3468,2853,525,65,12,12,1,933.3,1362.72,NA,46755,95491,00720,3,2
22045000314,22,045,000314,3651,1101,2405,111,2,9,23,2328,736,1503,64,2,5,18,626.51,914.77,NA,38075,95629,00720,3,2
22045030398,22,045,030398,6424,5762,349,132,26,149,6,4247,3851,205,89,18,80,4,1142.95,1668.82,NA,20155,95707,00720,3,2
22045030498,22,045,030498,5652,4417,1132,81,8,6,8,3824,3031,727,51,5,4,6,901.76,1176.94,NA,54035,95677,00720,3,2
22047009525,22,047,009525,3375,1630,1633,88,21,3,0,2736,1282,1353,81,17,3,0,1076.64,758.99,NA,NA,94624,00750,8,3
22047009526,22,047,009526,2953,1084,1853,7,2,2,5,1961,787,1164,4,2,0,4,771.67,544,NA,66060,95632,00750,8,5
22047009527,22,047,009527,5677,3654,1925,82,10,4,2,3824,2580,1184,49,7,2,2,1504.77,1060.81,NA,60880,95398,00750,8,5
22047009528,22,047,009528,998,950,0,46,0,0,2,726,685,0,39,0,0,2,285.69,201.4,NA,NA,95494,00750,8,3
22047009529,22,047,009529,5104,2637,2351,111,4,1,0,3403,1808,1516,76,2,1,0,1339.11,944.02,NA,81375,94267,00750,8,3
22047009530,22,047,009530,3912,1880,1841,153,3,31,4,2753,1416,1164,140,2,29,2,1083.33,763.71,NA,13120,94267,00750,8,2
22047009531,22,047,009531,9030,4199,4704,111,9,5,2,6406,3301,3007,87,5,4,2,2520.81,1777.08,NA,60880,94825,00750,8,3
22049009701,22,049,009701,2833,1772,1052,4,2,2,1,2016,1316,692,3,2,2,1,483.55,812.07,NA,14485,94450,00780,5,4
22049009702,22,049,009702,3851,3048,781,11,2,7,2,2772,2238,518,7,2,6,1,664.88,1116.6,NA,35100,94066,00780,5,4
22049009703,22,049,009703,3012,2671,316,13,9,1,2,2179,1919,242,11,5,1,1,522.64,877.73,NA,38670,94627,00780,5,4
22049009704,22,049,009704,4109,2023,2056,16,10,4,0,2841,1474,1350,11,4,2,0,681.43,1144.39,NA,38670,95497,00780,5,4
22049009705,22,049,009705,1900,1515,375,6,0,4,0,1428,1177,245,3,0,3,0,342.51,575.22,NA,38670,95149,00780,5,4
22051000204,22,051,000204,3744,3532,4,125,9,74,0,2679,2533,4,87,8,47,0,381.76,941.51,77225,50115,94630,00840,1,1
22051000206,22,051,000206,4708,2244,2059,338,29,38,0,2876,1583,1023,226,17,27,0,409.83,1010.74,77225,39475,94453,00840,1,7
22051000207,22,051,000207,1923,895,935,68,16,3,6,1410,700,642,50,11,3,4,200.92,495.53,77225,39475,94453,00840,1,7
22051000208,22,051,000208,1955,415,1461,69,6,4,0,1335,339,944,43,5,4,0,190.24,469.17,77225,39475,94453,00840,3,7
22051000209,22,051,000209,1374,82,1282,4,0,0,6,934,68,862,2,0,0,2,133.09,328.24,77225,39475,94453,00840,1,7
22051000210,22,051,000210,2787,2021,584,170,7,5,0,2102,1606,364,125,2,5,0,299.53,738.73,77225,39475,94453,00840,1,7
22051000211,22,051,000211,2695,2269,220,165,17,23,1,1980,1708,113,127,12,20,0,282.15,695.85,77225,39475,94453,00840,1,1
22051000212,22,051,000212,2446,1784,404,204,5,49,0,1901,1466,241,152,3,39,0,270.89,668.09,77225,39475,94453,00840,1,1
22051000213,22,051,000213,3299,3011,38,185,8,57,0,2353,2149,25,135,4,40,0,335.3,826.94,77225,50115,94453,00840,1,1
22051000214,22,051,000214,2233,2035,12,150,1,32,3,1685,1547,6,110,1,19,2,240.11,592.18,77225,50115,94630,00840,1,1
22051000215,22,051,000215,2258,1716,287,213,12,28,2,1831,1428,217,156,7,22,1,260.92,643.49,77225,50115,94630,00840,1,1
22051000216,22,051,000216,6421,5361,349,575,10,125,1,4932,4172,260,408,8,84,0,702.81,1733.3,77225,50115,94630,00840,1,1
22051000217,22,051,000217,5776,4820,210,552,7,184,3,4532,3801,151,437,6,135,2,645.81,1592.72,77225,50115,94630,00840,1,1
22051000219,22,051,000219,1767,1392,44,274,0,52,5,1410,1133,35,203,0,37,2,200.92,495.53,77225,50115,94630,00840,1,1
22051000222,22,051,000222,2703,2553,1,112,0,37,0,2233,2123,1,80,0,29,0,318.2,784.76,77225,50115,94630,00840,1,1
22051000224,22,051,000224,3467,3307,1,146,3,10,0,2840,2706,1,121,3,9,0,404.7,998.09,77225,50115,94630,00840,1,1
22051000225,22,051,000225,3095,2951,7,122,7,8,0,2518,2400,4,101,5,8,0,358.81,884.92,77225,50115,94630,00840,1,1
22051000226,22,051,000226,3063,2940,8,97,2,16,0,2351,2250,7,82,2,10,0,335.02,826.23,77225,50115,94069,00840,1,1
22051000227,22,051,000227,2933,2780,3,129,9,12,0,2410,2278,2,112,7,11,0,343.42,846.97,77225,50115,94630,00840,1,1
22051000228,22,051,000228,3186,2939,12,202,3,30,0,2631,2433,11,157,2,28,0,374.92,924.64,77225,50115,94630,00840,1,1
22051000229,22,051,000229,3008,2858,29,113,2,4,2,2440,2329,23,81,2,4,1,347.7,857.51,77225,50115,94273,00840,1,1
22051000231,22,051,000231,2548,2386,12,135,3,11,1,2003,1887,8,98,2,8,0,285.43,703.93,77225,50115,94273,00840,1,1
22051000232,22,051,000232,3441,2967,269,186,5,14,0,2690,2346,173,156,5,10,0,383.32,945.37,77225,50115,94273,00840,1,1
22051000233,22,051,000233,1981,1851,17,104,1,8,0,1538,1442,10,80,1,5,0,219.16,540.51,77225,50115,94273,00840,1,1
22051000234,22,051,000234,3607,3412,16,124,6,48,1,2748,2595,12,101,2,37,1,391.59,965.76,77225,50115,94273,00840,1,1
22051000235,22,051,000235,5130,4689,108,274,9,47,3,3758,3464,67,196,7,22,2,535.51,1320.71,77225,50115,94453,00840,1,1
22051000236,22,051,000236,5712,4388,901,371,10,41,1,4157,3348,485,284,6,33,1,592.37,1460.93,77225,50115,94453,00840,1,1
22051000237,22,051,000237,2768,55,2698,14,1,0,0,1962,42,1910,10,0,0,0,279.58,689.52,77225,50115,94453,00840,1,7
22051000238,22,051,000238,4237,2674,1399,138,12,13,1,3164,2085,945,114,9,10,1,450.87,1111.95,77225,65150,94453,00840,1,1
22051000241,22,051,000241,3679,3517,12,126,12,12,0,2801,2690,7,90,5,9,0,399.14,984.38,77225,32930,94453,00840,1,1
22051000242,22,051,000242,3321,2764,389,132,3,28,5,2805,2417,241,116,2,25,4,399.71,985.79,77225,38145,94273,00840,1,1
22051000243,22,051,000243,2868,2680,79,101,5,3,0,2339,2188,56,88,4,3,0,333.31,822.02,77225,38145,94273,00840,1,1
22051000244,22,051,000244,3224,2814,221,168,13,6,2,2579,2267,161,133,10,6,2,367.51,906.36,77225,38145,94069,00840,1,1
22051000245,22,051,000245,1560,1366,111,66,5,11,1,1307,1164,78,53,5,7,0,186.25,459.33,77225,38145,94069,00840,1,1
22051000246,22,051,000246,1435,173,1242,19,1,0,0,1003,136,852,14,1,0,0,142.93,352.49,77225,38145,94069,00840,1,7
22051000247,22,051,000247,2219,1548,526,106,4,34,1,1871,1365,381,90,2,32,1,266.62,657.54,77225,38145,94069,00840,1,1
22051000248,22,051,000248,3712,3593,13,91,3,12,0,3055,2953,10,80,3,9,0,435.34,1073.65,77225,50115,94630,00840,1,1
22051000249,22,051,000249,1826,1383,304,128,4,5,2,1552,1213,228,101,3,5,2,221.16,545.43,77225,38145,94069,00840,1,1
22051000253,22,051,000253,2287,1755,343,151,4,32,2,1833,1470,211,121,3,27,1,261.2,644.19,77225,31915,94069,00840,1,7
22051000254,22,051,000254,3746,2637,711,251,15,131,1,2667,2043,373,169,9,72,1,380.05,937.29,77225,31915,94069,00840,3,7
22051000255,22,051,000255,2480,1349,896,173,16,45,1,1712,1052,516,108,9,26,1,243.96,601.66,77225,31915,94069,00840,3,7
22051000256,22,051,000256,1527,1130,353,22,5,17,0,1227,928,264,18,3,14,0,174.85,431.22,77225,31915,94069,00840,3,7
22051000259,22,051,000259,3361,1855,1384,95,19,8,0,2701,1562,1040,75,16,8,0,384.89,949.24,77225,31915,94069,00840,1,7
22051000260,22,051,000260,2132,1712,274,95,32,15,4,1661,1363,189,73,19,15,2,236.69,583.74,77225,33245,94069,00840,1,7
22051000261,22,051,000261,4653,1773,2202,357,24,288,9,3040,1415,1168,263,16,172,6,433.2,1068.38,77225,33245,94069,00840,3,7
22051000262,22,051,000262,2032,11,2019,2,0,0,0,1376,9,1366,1,0,0,0,196.08,483.58,77225,33245,94069,00840,3,7
22051000263,22,051,000263,2683,2467,73,71,10,60,2,2070,1925,41,49,9,46,0,294.97,727.48,77225,33245,94069,00840,1,1
22051000264,22,051,000264,1976,1718,37,122,21,78,0,1478,1299,24,91,16,48,0,210.61,519.43,77225,48785,94069,00840,3,1
22051000265,22,051,000265,2256,2048,115,71,16,6,0,1785,1688,27,52,12,6,0,254.36,627.32,77225,48785,94069,00840,3,1
22051000266,22,051,000266,1944,1829,13,80,11,10,1,1579,1492,7,60,10,9,1,225.01,554.92,77225,48785,94069,00840,1,1
22051000267,22,051,000267,2078,1599,397,51,16,15,0,1577,1240,278,36,13,10,0,224.72,554.22,77225,48785,94273,00840,3,1
22051000268,22,051,000268,3867,663,3062,57,5,80,0,2557,516,1954,38,4,45,0,364.37,898.63,77225,48785,94273,00840,3,7
22051000269,22,051,000269,4674,180,4472,17,4,1,0,2976,146,2815,12,2,1,0,424.08,1045.88,77225,48785,94273,00840,3,7
22051000270,22,051,000270,5545,3576,1730,150,17,70,2,4014,2733,1122,108,10,39,2,571.99,1410.68,77225,48785,94273,00840,1,1
22051000271,22,051,000271,4399,3916,185,167,67,64,0,3160,2852,113,121,44,30,0,450.3,1110.55,77225,81165,94273,00840,1,7
22051000272,22,051,000272,6049,4550,1304,133,44,16,2,4354,3479,722,107,33,13,0,620.44,1530.17,77225,81165,94273,00840,1,7
22051000273,22,051,000273,726,489,223,13,1,0,0,528,383,138,6,1,0,0,75.24,185.56,77225,81165,94069,00840,1,7
22051000274,22,051,000274,4218,2866,1156,87,31,78,0,2878,2071,679,62,18,48,0,410.11,1011.44,77225,9480,94273,00840,1,7
22051000279,22,051,000279,5586,5196,182,78,77,52,1,3944,3699,119,52,41,32,1,797.27,1082.92,77225,30830,94273,00840,3,2
22051020101,22,051,020101,2962,2818,2,96,5,38,3,2526,2405,2,80,4,34,1,359.95,887.74,77225,50115,94630,00840,1,1
22051020102,22,051,020102,3641,3475,6,101,8,50,1,2962,2834,4,79,8,36,1,422.08,1040.96,77225,50115,94630,00840,1,1
22051020201,22,051,020201,1883,1672,14,100,3,94,0,1589,1425,12,77,3,72,0,226.43,558.44,77225,50115,94630,00840,1,1
22051020202,22,051,020202,2851,1698,315,661,8,166,3,2292,1483,210,474,8,116,1,326.61,805.5,77225,50115,94630,00840,1,1
22051020203,22,051,020203,7668,6711,107,537,5,305,3,5787,5079,81,403,4,218,2,824.65,2033.78,77225,50115,94630,00840,1,1
22051020301,22,051,020301,3465,3265,1,116,6,75,2,2741,2589,1,91,5,55,0,390.59,963.3,77225,50115,94630,00840,1,1
22051020302,22,051,020302,5509,5012,20,286,15,175,1,4294,3939,12,213,9,120,1,611.89,1509.08,77225,50115,94630,00840,1,1
22051020303,22,051,020303,4170,3802,38,242,6,80,2,3122,2847,21,186,4,62,2,444.88,1097.19,77225,50115,94630,00840,1,1
22051020501,22,051,020501,8722,7728,331,479,6,177,1,6031,5351,224,336,4,115,1,859.42,2119.53,77225,39475,94453,00840,1,1
22051020502,22,051,020502,6776,5133,618,950,17,56,2,4747,3672,351,678,12,33,1,676.45,1668.28,77225,39475,94453,00840,1,1
22051020503,22,051,020503,11377,9636,573,861,11,290,6,8617,7364,435,619,9,186,4,1227.92,3028.35,77225,39475,94453,00840,3,1
22051020505,22,051,020505,2121,218,1859,42,2,0,0,1417,182,1200,33,2,0,0,201.92,497.99,77225,39475,94453,00840,1,7
22051020506,22,051,020506,5841,3935,253,1478,7,162,6,3909,2695,157,950,6,98,3,557.03,1373.78,77225,39475,94453,00840,1,1
22051020507,22,051,020507,4729,3810,186,609,8,114,2,3427,2756,130,452,7,80,2,488.35,1204.38,77225,39475,94453,00840,1,1
22051020508,22,051,020508,6707,4820,855,934,14,78,6,4512,3297,489,651,13,60,2,642.96,1585.69,77225,39475,94453,00840,1,1
22051020509,22,051,020509,7872,5570,1239,869,33,152,9,5293,3859,710,601,19,100,4,754.25,1860.17,77225,39475,94453,00840,1,7
22051021801,22,051,021801,3299,2801,68,301,10,119,0,2790,2412,52,243,6,77,0,397.57,980.52,77225,50115,94630,00840,1,1
22051021802,22,051,021802,5856,4385,542,731,14,178,6,4682,3586,396,548,9,138,5,667.18,1645.44,77225,50115,94630,00840,1,1
22051022001,22,051,022001,3899,3184,276,326,7,100,6,3268,2684,230,259,6,85,4,465.69,1148.5,77225,50115,94630,00840,1,1
22051022002,22,051,022002,3350,3201,19,114,3,13,0,2749,2629,18,86,3,13,0,391.73,966.11,77225,50115,94630,00840,1,1
22051022101,22,051,022101,1492,1417,2,41,0,32,0,1275,1217,1,30,0,27,0,181.69,448.09,77225,50115,94630,00840,1,1
22051022102,22,051,022102,2709,2464,70,124,1,48,2,2464,2255,57,114,1,36,1,351.12,865.95,77225,50115,94630,00840,1,1
22051022301,22,051,022301,3222,2929,9,192,2,90,0,2686,2452,7,160,2,65,0,382.75,943.97,77225,50115,94630,00840,1,1
22051022302,22,051,022302,1923,1813,20,77,2,10,1,1615,1524,17,61,2,10,1,230.14,567.57,77225,50115,94630,00840,1,1
22051022303,22,051,022303,2897,2263,77,419,12,124,2,2451,1983,61,296,10,100,1,349.27,861.38,77225,50115,94630,00840,1,1
22051023001,22,051,023001,2421,2261,19,99,2,39,1,1794,1669,15,80,2,27,1,255.64,630.48,77225,50115,94630,00840,1,1
22051023002,22,051,023002,5233,4946,48,176,8,53,2,3812,3611,29,129,5,36,2,543.21,1339.69,77225,50115,94630,00840,1,1
22051023003,22,051,023003,3194,3021,17,134,2,20,0,2426,2298,12,100,2,14,0,345.7,852.59,77225,50115,94273,00840,1,1
22051023901,22,051,023901,1159,1132,0,25,1,1,0,879,858,0,19,1,1,0,125.26,308.92,77225,65150,94453,00840,1,1
22051023902,22,051,023902,2453,2381,8,47,1,16,0,1886,1834,3,35,1,13,0,268.75,662.81,77225,65150,94453,00840,1,1
22051023903,22,051,023903,2653,2461,89,88,12,2,1,2005,1880,41,73,8,2,1,285.71,704.64,77225,65150,94453,00840,1,1
22051023904,22,051,023904,4229,4018,53,141,5,12,0,3293,3141,33,103,5,11,0,469.25,1157.29,77225,65150,94453,00840,1,1
22051024001,22,051,024001,3070,2997,1,61,7,4,0,2372,2309,1,52,7,3,0,338.01,833.61,77225,32930,94453,00840,1,1
22051024002,22,051,024002,3247,3134,6,78,10,19,0,2571,2481,5,62,9,14,0,366.37,903.55,77225,32930,94453,00840,1,1
22051025002,22,051,025002,2871,2172,361,277,27,32,2,2134,1670,228,197,15,22,2,304.09,749.97,77225,75180,94069,00840,1,7
22051025003,22,051,025003,4724,3905,217,456,17,123,6,3494,2905,128,354,10,91,6,497.89,1227.93,77225,75180,94069,00840,1,2
22051025098,22,051,025098,7489,4622,2026,465,24,343,9,5118,3366,1206,309,16,218,3,729.31,1798.67,77225,75180,94069,00840,1,7
22051025101,22,051,025101,8577,5635,1920,557,31,428,6,6027,4218,1153,365,20,266,5,858.85,2118.13,77225,75740,94069,00840,3,7
22051025102,22,051,025102,4608,3944,282,256,18,108,0,3489,3068,163,179,14,65,0,497.18,1226.17,77225,75740,94069,00840,3,2
22051025201,22,051,025201,2788,1468,1053,203,22,40,2,1952,1147,620,144,15,24,2,278.16,686.01,77225,75180,94069,00840,1,7
22051025202,22,051,025202,5344,3943,835,415,28,122,1,3889,3011,485,299,20,73,1,554.18,1366.75,77225,75180,94069,00840,1,2
22051025798,22,051,025798,1848,365,1463,18,1,1,0,1322,301,1003,16,1,1,0,188.38,464.6,77225,31915,94069,00840,1,7
22051025879,22,051,025879,1959,1246,647,42,6,11,7,1469,976,447,32,3,5,6,209.33,516.26,77225,31915,94069,00840,1,7
22051027501,22,051,027501,5058,4213,453,293,34,65,0,3332,2833,256,183,23,37,0,474.81,1171,77225,79100,94273,00840,1,7
22051027502,22,051,027502,4521,12,4475,19,14,1,0,3003,10,2973,14,6,0,0,427.93,1055.37,77225,79100,94273,00840,1,7
22051027601,22,051,027601,5794,3938,752,347,35,721,1,3899,2817,451,252,20,358,1,555.61,1370.26,77225,3810,94273,00840,1,7
22051027602,22,051,027602,4204,1473,2444,190,29,59,9,2515,997,1354,114,16,32,2,358.39,883.87,77225,9480,94273,00840,1,7
22051027701,22,051,027701,6139,739,5212,125,7,56,0,3574,502,2956,78,5,33,0,509.29,1256.04,77225,48785,94273,00840,1,1
22051027702,22,051,027702,8215,5810,1256,526,109,513,1,5095,3774,668,311,72,269,1,726.04,1790.58,77225,24390,94273,00840,3,7
22051027803,22,051,027803,4836,2054,2392,202,26,162,0,3118,1522,1350,134,18,94,0,444.31,1095.79,77225,33245,94069,00840,3,7
22051027804,22,051,027804,3578,2647,548,159,9,203,12,2448,1843,349,105,6,139,6,348.84,860.32,77225,33245,94069,00840,3,2
22051027805,22,051,027805,5901,4162,1205,256,20,255,3,3972,2941,687,158,13,172,1,566.01,1395.92,77225,33245,94069,00840,3,7
22051027806,22,051,027806,7254,5751,896,280,76,249,2,5010,4161,476,191,42,139,1,713.92,1760.71,77225,48785,94273,00840,1,1
22051027807,22,051,027807,5577,4379,686,218,32,257,5,3608,2929,356,147,21,150,5,514.14,1267.99,77225,24390,94069,00840,3,1
22051027808,22,051,027808,12381,7445,3228,858,64,786,0,7631,4757,1838,522,40,474,0,1087.41,2681.83,77225,NA,94069,00840,3,7
22051027809,22,051,027809,5707,4373,773,373,67,115,6,3647,2867,434,242,36,65,3,519.7,1281.7,77225,24390,94273,00840,3,1
22051027999,22,051,027999,5,3,0,2,0,0,0,5,3,0,2,0,0,0,0.71,1.76,77225,30830,94273,00840,3,2
22053009801,22,053,009801,4529,3444,1005,36,34,0,10,3085,2395,646,23,16,0,5,913.5,976.04,NA,23620,95404,00810,7,6
22053009802,22,053,009802,3526,3320,177,21,0,8,0,2480,2343,121,12,0,4,0,734.35,784.63,NA,NA,95680,00810,7,6
22053009803,22,053,009803,4965,3781,1131,29,9,8,7,3365,2648,685,22,4,4,2,996.41,1064.63,NA,80430,95635,00810,7,6
22053009804,22,053,009804,6685,5855,785,27,3,14,1,4525,4024,472,15,3,11,0,1339.9,1431.64,NA,41050,94276,00810,7,6
22053009805,22,053,009805,4246,4049,162,28,5,0,2,3111,2966,121,19,3,0,2,921.2,984.27,NA,38355,94999,00810,7,6
22053009806,22,053,009806,4092,2621,1432,28,4,7,0,2777,1834,909,24,3,7,0,822.3,878.6,NA,38355,94999,00810,7,6
22053009807,22,053,009807,2679,1521,1117,32,2,7,0,1818,1133,664,16,1,4,0,538.33,575.19,NA,38355,95152,00810,7,6
22055000001,22,055,000001,2759,1520,1100,98,13,26,2,2312,1370,814,90,11,26,1,508.31,922.46,NA,40735,95782,00870,7,3
22055000002,22,055,000002,3002,473,2500,21,2,3,3,2135,394,1721,13,1,3,3,469.4,851.84,NA,40735,95782,00870,7,3
22055000003,22,055,000003,4040,2655,914,104,5,360,2,3607,2388,776,84,4,353,2,793.03,1439.15,NA,40735,95782,00870,7,6
22055000004,22,055,000004,1691,823,611,89,4,157,7,1551,725,603,86,3,127,7,341,618.83,NA,40735,95782,00870,7,6
22055000005,22,055,000005,2605,2463,49,57,8,22,6,2241,2123,43,41,7,21,6,492.7,894.13,NA,40735,95782,00870,7,6
22055000007,22,055,000007,2273,360,1876,26,1,4,6,1415,263,1134,12,1,1,4,311.1,564.57,NA,40735,95767,00870,7,3
22055000008,22,055,000008,3456,399,3035,11,5,5,1,2391,368,2005,10,4,3,1,525.68,953.98,NA,40735,95767,00870,7,3
22055000009,22,055,000009,2252,30,2213,6,2,1,0,1405,23,1377,3,2,0,0,308.9,560.58,NA,40735,95767,00870,7,3
22055000011,22,055,000011,6261,2864,3296,59,4,38,0,4257,2275,1908,42,3,29,0,935.94,1698.49,NA,40735,95767,00870,7,3
22055000012,22,055,000012,7189,3941,3061,148,5,27,7,4944,3084,1731,103,5,19,2,1086.98,1972.59,NA,40735,95737,00870,7,3
22055000013,22,055,000013,5575,1960,3528,57,14,6,10,4059,1605,2392,40,10,3,9,892.41,1619.49,NA,40735,95782,00870,7,3
22055000015,22,055,000015,4993,4612,256,73,10,36,6,3988,3700,191,62,6,25,4,876.8,1591.16,NA,40735,95812,00870,7,6
22055000016,22,055,000016,3269,3175,5,53,8,19,9,2415,2356,2,36,7,10,4,530.96,963.55,NA,40735,95812,00870,7,6
22055000017,22,055,000017,7384,7045,117,155,8,54,5,5026,4807,74,101,5,34,5,1105.01,2005.31,NA,40735,95812,00870,7,6
22055000018,22,055,000018,6651,5836,561,152,22,76,4,4917,4371,377,101,7,58,3,1081.04,1961.82,NA,40735,95797,00870,7,6
22055000601,22,055,000601,8852,7818,640,202,18,165,9,6630,5938,419,143,14,108,8,1457.66,2645.29,NA,40735,95797,00870,7,6
22055000602,22,055,000602,4160,3660,400,67,2,22,9,3272,2939,254,56,2,15,6,719.38,1305.49,NA,40735,95797,00870,7,6
22055001001,22,055,001001,3504,2595,856,31,16,5,1,2368,1816,519,20,9,4,0,520.62,944.8,NA,40735,95737,00870,7,6
22055001002,22,055,001002,3951,2959,911,43,4,19,15,2839,2219,555,36,3,14,12,624.18,1132.72,NA,40735,95737,00870,7,6
22055001003,22,055,001003,4173,3421,641,66,22,20,3,2892,2427,393,46,10,13,3,635.83,1153.87,NA,40735,95737,00870,7,6
22055001401,22,055,001401,4948,4516,275,59,6,90,2,3240,2967,164,46,5,56,2,712.34,1292.72,NA,40735,95812,00870,7,6
22055001402,22,055,001402,4001,3771,174,41,4,7,4,2620,2468,110,30,4,4,4,0,0,NA,NA,95827,00870,7,6
22055001403,22,055,001403,2659,2517,71,42,2,27,0,1828,1733,50,30,2,13,0,0,0,NA,40735,95827,00870,7,6
22055001404,22,055,001404,2684,2457,128,72,8,18,1,1900,1744,91,47,4,13,1,0,0,NA,NA,95827,00870,7,6
22055001405,22,055,001405,5447,4746,552,79,14,53,3,3999,3481,403,59,11,42,3,0,0,NA,40735,95827,00870,7,6
22055001406,22,055,001406,2779,2462,218,49,11,35,4,1989,1765,157,30,8,25,4,0,0,NA,40735,95827,00870,7,6
22055001407,22,055,001407,3134,3005,56,61,6,6,0,2367,2272,43,40,6,6,0,520.4,944.4,NA,40735,95812,00870,7,6
22055001408,22,055,001408,1727,1570,113,22,7,14,1,1179,1100,56,10,5,7,1,0,0,NA,40735,95827,00870,7,6
22055001409,22,055,001409,6117,4923,1044,93,25,30,2,4163,3402,661,60,18,20,2,0,0,NA,10075,95827,00870,7,6
22055001410,22,055,001410,4478,3863,562,27,17,5,4,3018,2632,350,20,9,4,3,0,0,NA,83335,95827,00870,7,6
22055001901,22,055,001901,3447,2954,452,30,6,4,1,2231,1931,274,20,3,2,1,490.5,890.14,NA,22255,95752,00870,7,6
22055001902,22,055,001902,4698,4341,203,78,13,58,5,3228,2993,131,53,9,40,2,709.7,1287.93,NA,68475,95752,00870,7,6
22055001903,22,055,001903,3704,2992,584,99,6,23,0,2589,2145,358,66,5,15,0,569.21,1032.98,NA,40735,95752,00870,7,6
22055001904,22,055,001904,3596,3145,264,76,4,102,5,2399,2099,177,55,2,62,4,527.44,957.17,NA,40735,95752,00870,7,6
22055001905,22,055,001905,3127,2549,509,44,6,18,1,2155,1783,325,28,4,14,1,473.79,859.82,NA,40735,95752,00870,7,6
22055002001,22,055,002001,3580,2473,1060,38,6,2,1,2397,1748,616,28,3,1,1,527,956.37,NA,22255,95752,00870,7,6
22055002002,22,055,002002,3535,2784,687,61,2,1,0,2361,1910,412,36,2,1,0,519.09,942.01,NA,68475,95752,00870,7,6
22055002101,22,055,002101,3017,2390,604,11,9,0,3,1923,1599,307,8,6,0,3,422.79,767.25,NA,12665,95752,00870,7,6
22055002102,22,055,002102,2833,2159,627,41,0,3,3,1845,1440,377,24,0,2,2,405.64,736.13,NA,12665,95737,00870,7,6
22055002103,22,055,002103,3152,1841,1286,20,5,0,0,2116,1357,739,17,3,0,0,465.22,844.26,NA,12665,95737,00870,7,6
22055002104,22,055,002104,4059,3369,613,52,10,2,13,2656,2235,372,35,6,2,6,583.94,1059.71,NA,12665,95737,00870,7,6
22057000201,22,057,000201,3490,2838,608,24,11,6,3,2664,2253,375,17,11,6,2,557.04,992.69,77225,75425,94279,00900,3,2
22057000203,22,057,000203,609,443,137,20,2,7,0,608,442,137,20,2,7,0,127.13,226.56,77225,75425,94636,00900,3,2
22057000204,22,057,000204,2510,830,1645,20,5,9,1,1814,717,1072,16,3,6,0,379.3,675.95,77225,75425,94459,00900,3,2
22057000205,22,057,000205,5777,3207,2445,66,8,49,2,3730,2341,1314,40,5,28,2,779.94,1389.92,77225,75425,94459,00900,3,2
22057000206,22,057,000206,2199,1881,255,27,1,35,0,1578,1408,133,17,1,19,0,329.96,588.01,77225,75425,94075,00900,3,2
22057000207,22,057,000207,9883,8296,1328,119,42,95,3,6784,5856,774,80,25,46,3,1371.37,1862.72,77225,75425,94834,00900,3,2
22057000208,22,057,000208,3866,3728,63,61,4,5,5,2726,2644,35,39,1,3,4,551.05,748.49,77225,14100,95002,00900,3,2
22057000209,22,057,000209,2427,1116,1289,21,1,0,0,1627,807,807,12,1,0,0,328.89,446.73,77225,63155,95155,00900,3,2
22057000210,22,057,000210,2781,2475,247,26,30,0,3,1914,1716,160,18,18,0,2,386.91,525.54,77225,20680,95407,00900,3,2
22057000211,22,057,000211,6767,6258,50,102,247,107,3,4676,4415,29,57,122,51,2,945.24,1283.91,77225,18930,95638,00900,3,2
22057000212,22,057,000212,4547,4063,10,90,358,24,2,3277,2981,6,62,216,11,1,511.48,943.71,77225,28065,95710,00900,3,2
22057000213,22,057,000213,2485,2234,4,101,135,9,2,1813,1665,2,66,74,4,2,366.49,497.8,77225,29640,95731,00900,3,2
22057000214,22,057,000214,3806,3530,27,81,122,45,1,2745,2596,13,49,64,22,1,554.89,753.71,77225,18930,95683,00900,3,2
22057000215,22,057,000215,5516,4468,526,65,263,193,1,3680,3128,294,46,136,75,1,743.9,1010.44,77225,42135,95638,00900,3,2
22057000216,22,057,000216,9034,8233,99,172,505,23,2,6109,5668,46,116,263,16,0,1234.92,1677.38,77225,49170,95503,00900,3,2
22057000217,22,057,000217,3735,3473,182,55,19,2,4,2704,2532,121,35,12,2,2,546.61,742.45,77225,44900,95503,00900,3,2
22057000218,22,057,000218,5088,3971,1039,59,16,3,0,3521,2926,539,42,12,2,0,711.76,966.78,77225,63155,95293,00900,3,2
22057000219,22,057,000219,7046,6638,241,68,91,6,2,4797,4546,154,46,47,2,2,969.7,1317.14,77225,NA,95575,00900,3,2
22057020201,22,057,020201,1617,1402,183,25,3,4,0,1304,1135,144,19,2,4,0,272.66,485.91,77225,75425,94636,00900,3,2
22057020202,22,057,020202,2677,2318,289,47,3,20,0,1975,1732,193,36,2,12,0,412.97,735.95,77225,75425,94636,00900,3,2
22059009701,22,059,009701,4291,4152,87,13,17,22,0,3073,2987,58,7,7,14,0,446.13,1472.63,38300,57905,94078,00960,5,5
22059009702,22,059,009702,5469,4257,1126,29,44,13,0,4007,3239,723,17,24,4,0,581.73,1920.22,38300,38285,95005,00960,5,5
22059009703,22,059,009703,3902,3838,43,4,16,1,0,2832,2794,25,2,10,1,0,411.14,1357.14,38300,76615,95410,00960,5,5
22061009601,22,061,009601,3214,2591,602,9,5,7,0,2293,1882,397,6,3,5,0,383.56,627.61,NA,21800,94642,00990,5,4
22061009602,22,061,009602,3267,1937,1307,14,7,1,1,2305,1365,924,10,5,1,0,385.56,630.9,NA,70630,94465,00990,5,4
22061009603,22,061,009603,6410,243,6126,27,5,7,2,5370,197,5134,25,5,7,2,898.26,1469.81,NA,30515,94372,00990,5,3
22061009604,22,061,009604,3460,2650,699,52,0,59,0,2822,2202,535,36,0,49,0,472.04,772.41,NA,66655,94171,00990,5,4
22061009605,22,061,009605,3669,3288,279,34,4,64,0,2711,2414,227,23,4,43,0,453.48,742.02,NA,66655,94180,00990,5,4
22061009606,22,061,009606,4318,3261,996,38,1,21,1,3219,2503,669,30,1,16,0,538.45,881.07,NA,66655,94186,00990,5,4
22061009607,22,061,009607,4157,3678,439,33,5,2,0,2907,2591,292,19,3,2,0,486.26,795.67,NA,15290,94840,00990,5,4
22061009608,22,061,009608,3412,906,2467,9,2,28,0,2389,729,1627,8,2,23,0,399.62,653.89,NA,66655,94192,00990,5,3
22061009609,22,061,009609,3022,746,2211,24,2,38,1,2091,600,1432,19,2,37,1,349.77,572.32,NA,66655,94195,00990,5,3
22061009610,22,061,009610,6816,5125,1420,141,8,103,19,6044,4546,1258,124,8,92,16,1011,1654.29,NA,66655,94198,00990,5,4
22063000401,22,063,000401,6305,5677,549,58,15,6,0,4374,4024,303,32,11,4,0,843,2014,NA,835,95413,01020,6,1
22063000402,22,063,000402,6742,6531,105,91,11,3,1,4568,4429,71,56,8,3,1,377.16,733.39,NA,44655,94081,01020,6,1
22063000403,22,063,000403,9977,9664,173,96,36,7,1,6725,6522,112,52,33,5,1,555.26,1079.7,NA,NA,94285,01020,6,5
22063000404,22,063,000404,7538,6840,616,48,19,15,0,4980,4566,363,29,13,9,0,411.18,799.54,NA,79240,95161,01020,6,1
22063000405,22,063,000405,5105,4970,55,55,12,10,3,3554,3475,37,27,7,6,2,293.44,570.59,NA,20435,94468,01020,6,5
22063000406,22,063,000406,7095,5843,1147,56,15,34,0,4888,4039,774,37,14,24,0,403.58,784.77,NA,20435,94645,01020,6,5
22063000407,22,063,000407,3756,3613,93,38,4,8,0,2718,2637,49,24,3,5,0,224.41,436.37,NA,20435,94468,01020,6,5
22063000409,22,063,000409,8288,7077,1146,48,9,7,1,5886,5106,725,39,8,7,1,485.98,945,NA,39685,95299,01020,6,1
22063040801,22,063,040801,12026,11833,10,129,34,17,3,8079,7952,7,86,18,13,3,667.05,1297.08,NA,20435,94843,01020,6,5
22063040802,22,063,040802,3694,3641,20,23,5,5,0,2578,2538,12,18,5,5,0,212.86,413.9,NA,27435,95008,01020,6,1
22065009601,22,065,009601,1283,924,323,31,3,0,2,894,663,213,14,3,0,1,288.18,271.91,NA,20330,94084,01050,5,3
22065009602,22,065,009602,2343,1317,1005,14,1,1,5,1632,990,628,9,1,1,3,526.07,496.36,NA,74690,94288,01050,5,4
22065009603,22,065,009603,3672,9,3642,18,3,0,0,2178,5,2166,4,3,0,0,702.07,662.43,NA,74690,94648,01050,5,4
22065009604,22,065,009604,2358,83,2263,10,2,0,0,1295,51,1237,6,1,0,0,417.44,393.87,NA,74690,95011,01050,5,3
22065009605,22,065,009605,2807,2584,157,53,6,7,0,2132,1974,114,35,4,5,0,687.24,648.44,NA,74690,95164,01050,5,4
22067009501,22,067,009501,2643,1494,1131,15,0,3,0,1805,1067,727,8,0,3,0,374.85,623.04,NA,8535,94291,01110,5,3
22067009502,22,067,009502,5210,4553,612,32,4,9,0,3674,3263,382,19,2,8,0,762.99,1268.16,NA,4685,94087,01110,5,3
22067009503,22,067,009503,2049,1882,156,6,2,3,0,1487,1384,96,5,1,1,0,308.81,513.27,NA,4685,94651,01110,5,3
22067009504,22,067,009504,4986,1652,3315,12,0,7,0,3223,1286,1924,8,0,5,0,669.33,1112.49,NA,4685,95167,01110,5,3
22067009505,22,067,009505,4452,3517,905,15,6,9,0,3352,2751,581,7,4,9,0,696.12,1157.02,NA,4685,95305,01110,5,4
22067009506,22,067,009506,3785,2008,1765,4,3,5,0,2636,1519,1106,4,2,5,0,547.42,909.87,NA,49905,94474,01110,5,3
22067009507,22,067,009507,3326,2116,1189,19,2,0,0,2267,1532,724,9,2,0,0,470.79,782.5,NA,16655,94474,01110,5,3
22067009508,22,067,009508,5487,1306,4136,33,7,5,0,3687,1052,2606,21,5,3,0,765.69,1272.65,NA,4685,95509,01110,5,3
22069009901,22,069,009901,2552,1794,738,14,5,1,0,1794,1309,468,11,5,1,0,413.11,539.18,NA,3145,95170,01140,5,4
22069009902,22,069,009902,3134,2075,1012,33,7,5,2,2122,1500,594,20,3,3,2,488.64,637.76,NA,12280,95308,01140,5,4
22069009903,22,069,009903,4201,3356,749,61,20,15,0,2984,2426,491,46,13,8,0,687.13,896.84,NA,53545,95419,01140,5,4
22069009904,22,069,009904,4270,1036,3171,35,11,5,12,2661,799,1822,25,5,4,6,612.76,799.76,NA,53545,94294,01140,5,4
22069009905,22,069,009905,4189,3352,738,62,1,8,28,3219,2590,551,50,1,5,22,741.25,967.47,NA,53545,95017,01140,5,4
22069009906,22,069,009906,5729,3367,2111,125,27,77,22,4020,2530,1334,92,24,29,11,925.7,1208.2,NA,53545,94090,01140,5,4
22069009907,22,069,009907,4597,1353,3162,30,10,23,19,3210,1214,1933,23,8,16,16,739.18,964.76,NA,53545,94852,01140,5,4
22069009908,22,069,009908,3930,3347,511,55,12,5,0,2816,2424,345,37,8,2,0,648.45,846.34,NA,62770,95512,01140,5,4
22069009909,22,069,009909,4087,2373,1514,72,72,6,50,2887,1760,988,45,52,3,39,664.8,867.68,NA,53510,95581,01140,5,4
22071000001,22,071,000001,2429,1538,711,147,7,11,15,1795,1264,417,95,6,7,6,588.48,367.19,NA,55000,55000,01170,2,7
22071000002,22,071,000002,1517,168,1318,28,0,3,0,986,140,822,22,0,2,0,323.26,201.7,NA,55000,55000,01170,2,7
22071000003,22,071,000003,1665,148,1511,4,1,1,0,1117,128,983,4,1,1,0,366.2,228.5,NA,55000,55000,01170,2,7
22071000004,22,071,000004,2567,451,2059,52,0,3,2,1653,358,1254,37,0,3,1,541.93,338.15,NA,55000,55000,01170,2,7
22071000008,22,071,000008,2814,232,2532,44,1,1,4,1801,212,1556,32,1,0,0,590.45,368.42,NA,55000,55000,01170,2,7
22071000011,22,071,000011,3062,702,2224,118,3,14,1,2125,636,1384,90,2,13,0,696.67,434.7,NA,55000,55000,01170,2,7
22071000012,22,071,000012,2285,867,1225,159,4,30,0,1725,802,768,130,3,22,0,565.54,352.87,NA,55000,55000,01170,2,7
22071000015,22,071,000015,2065,282,1660,98,3,22,0,1339,258,997,65,1,18,0,438.99,273.91,NA,55000,55000,01170,2,7
22071000016,22,071,000016,2496,5,2483,7,1,0,0,1050,3,1043,3,1,0,0,344.24,214.79,NA,55000,55000,01170,2,7
22071000018,22,071,000018,1546,983,407,146,5,5,0,1321,933,263,115,5,5,0,433.09,270.23,NA,55000,55000,01170,2,7
22071000019,22,071,000019,2666,435,1962,234,6,28,1,1829,386,1243,175,3,21,1,599.63,374.15,NA,55000,55000,01170,2,7
22071000020,22,071,000020,2223,173,1977,66,1,6,0,1428,160,1217,45,1,5,0,468.17,292.12,NA,55000,55000,01170,2,7
22071000021,22,071,000021,1723,72,1602,40,0,2,7,1208,63,1103,33,0,2,7,396.04,247.11,NA,55000,55000,01170,2,7
22071000022,22,071,000022,2190,127,1981,71,5,3,3,1481,112,1311,47,5,3,3,485.54,302.96,NA,55000,55000,01170,2,7
22071000023,22,071,000023,4113,387,3534,167,6,8,11,2921,336,2444,124,5,5,7,957.64,597.53,NA,55000,55000,01170,2,7
22071000026,22,071,000026,1517,1054,338,102,5,18,0,1372,1013,247,90,5,17,0,449.81,280.66,NA,55000,55000,01170,2,7
22071000027,22,071,000027,2666,78,2494,89,3,2,0,1768,65,1632,67,3,1,0,579.63,361.67,NA,55000,55000,01170,2,7
22071000028,22,071,000028,2124,16,2071,30,1,2,4,1569,14,1522,28,1,2,2,514.39,320.96,NA,55000,55000,01170,2,7
22071000029,22,071,000029,2118,29,2040,38,5,6,0,1470,25,1407,28,5,5,0,481.93,300.71,NA,55000,55000,01170,2,7
22071000030,22,071,000030,2074,24,2024,22,3,1,0,1474,22,1430,18,3,1,0,483.25,301.53,NA,55000,55000,01170,2,7
22071000031,22,071,000031,1940,48,1858,27,0,0,7,1424,37,1365,17,0,0,5,466.85,291.3,NA,55000,55000,01170,2,7
22071000034,22,071,000034,2015,126,1866,17,2,4,0,1464,120,1323,16,2,3,0,479.97,299.48,NA,55000,55000,01170,2,7
22071000035,22,071,000035,1860,78,1736,36,3,0,7,1370,69,1261,32,3,0,5,449.15,280.25,NA,55000,55000,01170,2,7
22071000036,22,071,000036,2444,194,2163,81,1,1,4,1780,176,1535,65,0,1,3,583.57,364.13,NA,55000,55000,01170,2,7
22071000038,22,071,000038,1685,1555,38,72,6,12,2,1652,1526,37,70,6,11,2,541.6,337.94,NA,55000,55000,01170,2,7
22071000039,22,071,000039,1647,168,1432,30,7,4,6,1198,161,1000,26,5,4,2,392.76,245.07,NA,55000,55000,01170,2,7
22071000040,22,071,000040,2762,159,2560,36,1,0,6,1957,139,1785,28,1,0,4,641.6,400.33,NA,55000,55000,01170,2,7
22071000041,22,071,000041,1772,964,679,85,4,32,8,1398,851,445,64,4,30,4,458.33,285.98,NA,55000,55000,01170,2,7
22071000042,22,071,000042,2024,1790,124,72,7,23,8,1971,1746,120,69,7,22,7,646.19,403.2,NA,55000,55000,01170,2,7
22071000045,22,071,000045,3217,271,2826,114,0,4,2,2254,247,1919,84,0,2,2,738.97,461.09,NA,55000,55000,01170,2,7
22071000046,22,071,000046,2912,2415,238,228,8,22,1,2462,2091,166,180,8,16,1,807.16,503.64,NA,55000,55000,01170,1,1
22071000047,22,071,000047,282,233,25,24,0,0,0,275,228,24,23,0,0,0,90.16,56.26,NA,55000,55000,01170,2,7
22071000048,22,071,000048,2381,11,2363,5,2,0,0,1126,9,1114,2,1,0,0,369.16,230.34,NA,55000,55000,01170,2,7
22071000049,22,071,000049,3028,302,2552,156,3,10,5,2200,275,1802,112,3,7,1,721.26,450.04,NA,55000,55000,01170,2,7
22071000050,22,071,000050,1761,577,822,324,1,34,3,1303,509,523,244,1,26,0,427.18,266.55,NA,55000,55000,01170,2,7
22071000054,22,071,000054,1769,1246,332,166,5,19,1,1475,1097,223,136,4,15,0,483.57,301.73,NA,55000,55000,01170,1,7
22071000055,22,071,000055,2873,2681,46,118,9,19,0,2362,2218,32,91,6,15,0,774.37,483.18,NA,55000,55000,01170,1,1
22071000057,22,071,000057,446,400,37,7,1,1,0,426,381,36,7,1,1,0,139.66,87.14,NA,55000,55000,01170,2,7
22071000058,22,071,000058,310,127,136,16,2,29,0,289,115,130,15,2,27,0,94.75,59.12,NA,55000,55000,01170,2,7
22071000059,22,071,000059,617,358,212,32,1,13,1,617,358,212,32,1,13,1,202.28,126.22,NA,55000,55000,01170,2,7
22071000060,22,071,000060,880,191,607,21,0,61,0,692,184,438,16,0,54,0,226.87,141.56,NA,55000,55000,01170,2,7
22071000063,22,071,000063,2295,509,1221,502,4,58,1,1593,445,747,358,3,39,1,522.26,325.87,NA,55000,55000,01170,2,7
22071000064,22,071,000064,3144,1279,1273,538,0,44,10,2313,1097,803,374,0,35,4,758.31,473.16,NA,55000,55000,01170,2,7
22071000065,22,071,000065,3348,1677,882,723,18,42,6,2499,1406,545,505,12,29,2,819.29,511.21,NA,55000,55000,01170,2,7
22071000067,22,071,000067,567,246,265,51,2,2,1,473,234,198,37,2,2,0,155.07,96.76,NA,55000,55000,01170,2,7
22071000068,22,071,000068,2645,9,2623,11,0,2,0,1523,6,1510,6,0,1,0,499.31,311.55,NA,55000,55000,01170,2,7
22071000069,22,071,000069,4786,11,4751,21,3,0,0,2371,6,2357,7,1,0,0,777.32,485.02,NA,55000,55000,01170,2,7
22071000070,22,071,000070,1706,49,1640,17,0,0,0,1393,49,1327,17,0,0,0,456.69,284.96,NA,55000,55000,01170,2,7
22071000071,22,071,000071,4913,499,4277,104,3,15,15,4326,475,3732,88,3,13,15,1418.27,884.95,NA,55000,55000,01170,2,7
22071000072,22,071,000072,2947,97,2785,45,0,20,0,2217,93,2076,34,0,14,0,726.84,453.52,NA,55000,55000,01170,2,7
22071000077,22,071,000077,1425,663,699,51,2,9,1,1092,636,402,45,2,7,0,358.01,223.38,NA,55000,55000,01170,2,7
22071000078,22,071,000078,1092,646,323,121,0,1,1,889,583,217,88,0,1,0,291.46,181.86,NA,55000,55000,01170,2,7
22071000079,22,071,000079,954,324,573,43,4,10,0,730,306,376,34,4,10,0,239.33,149.33,NA,55000,55000,01170,2,7
22071000080,22,071,000080,1108,4,1100,4,0,0,0,772,3,766,3,0,0,0,253.1,157.92,NA,55000,55000,01170,2,7
22071000082,22,071,000082,1567,1004,320,204,7,30,2,1370,961,216,164,7,21,1,449.15,280.25,NA,55000,55000,01170,2,7
22071000083,22,071,000083,1391,809,515,59,4,4,0,1088,707,327,47,3,4,0,356.7,222.57,NA,55000,55000,01170,2,7
22071000084,22,071,000084,1627,584,1010,19,3,11,0,1252,564,657,17,3,11,0,410.46,256.12,NA,55000,55000,01170,2,7
22071000085,22,071,000085,1800,19,1764,15,2,0,0,1297,19,1265,12,1,0,0,425.22,265.32,NA,55000,55000,01170,2,7
22071000086,22,071,000086,1918,7,1885,23,1,2,0,1349,6,1327,13,1,2,0,442.27,275.96,NA,55000,55000,01170,2,7
22071000087,22,071,000087,846,120,708,15,2,1,0,560,98,444,15,2,1,0,183.59,114.56,NA,55000,55000,01170,2,1
22071000088,22,071,000088,1999,701,1185,109,2,0,2,1444,620,738,83,1,0,2,473.41,295.39,NA,55000,55000,01170,2,7
22071000089,22,071,000089,1512,404,1022,81,5,0,0,1105,367,670,64,4,0,0,362.27,226.04,NA,55000,55000,01170,2,7
22071000090,22,071,000090,2109,1824,157,111,4,12,1,1826,1567,143,99,4,12,1,598.65,373.54,NA,55000,55000,01170,2,7
22071000091,22,071,000091,2622,570,1951,78,9,14,0,1998,547,1370,60,8,13,0,655.04,408.72,NA,55000,55000,01170,2,7
22071000092,22,071,000092,2141,16,2107,13,0,1,4,1457,10,1429,13,0,1,4,477.67,298.05,NA,55000,55000,01170,2,7
22071000094,22,071,000094,2735,38,2673,23,1,0,0,1925,30,1878,16,1,0,0,631.11,393.79,NA,55000,55000,01170,2,7
22071000096,22,071,000096,1868,620,1191,51,4,1,1,1342,543,756,39,3,1,0,439.97,274.53,NA,55000,55000,01170,2,7
22071000097,22,071,000097,1620,531,1030,39,9,10,1,1154,459,648,33,5,8,1,378.34,236.07,NA,55000,55000,01170,2,7
22071000099,22,071,000099,2726,2047,523,122,4,23,7,2400,1852,409,110,4,21,4,786.83,490.96,NA,55000,55000,01170,2,7
22071000100,22,071,000100,2526,214,2273,34,2,3,0,1851,193,1624,29,2,3,0,606.84,378.65,NA,55000,55000,01170,2,7
22071000101,22,071,000101,2623,1344,1164,78,3,30,4,2103,1183,815,72,3,27,3,689.46,430.2,NA,55000,55000,01170,2,7
22071000102,22,071,000102,2974,164,2779,28,1,2,0,2100,145,1927,25,1,2,0,688.48,429.59,NA,55000,55000,01170,2,7
22071000103,22,071,000103,3696,227,3420,45,1,3,0,2699,202,2452,41,1,3,0,884.86,552.12,NA,55000,55000,01170,2,7
22071000104,22,071,000104,462,242,178,33,0,9,0,342,203,116,18,0,5,0,112.12,69.96,NA,55000,55000,01170,2,1
22071000105,22,071,000105,1515,627,834,47,1,4,2,1150,545,561,38,1,4,1,377.02,235.25,NA,55000,55000,01170,2,7
22071000106,22,071,000106,1748,667,1040,33,4,3,1,1364,607,719,30,4,3,1,447.18,279.03,NA,55000,55000,01170,2,7
22071000107,22,071,000107,1913,980,872,44,4,11,2,1588,871,664,41,4,7,1,520.62,324.85,NA,55000,55000,01170,2,7
22071000108,22,071,000108,1514,1231,225,36,9,11,2,1236,1023,169,32,5,7,0,405.22,252.84,NA,55000,55000,01170,2,7
22071000109,22,071,000109,3472,1698,1671,86,1,15,1,2764,1428,1246,77,0,12,1,906.17,565.42,NA,55000,55000,01170,2,7
22071000111,22,071,000111,2421,243,2131,22,3,22,0,1813,216,1558,17,3,19,0,594.39,370.88,NA,55000,55000,01170,2,7
22071000112,22,071,000112,1515,1049,370,79,0,14,3,1186,838,262,73,0,13,0,388.83,242.61,NA,55000,55000,01170,2,7
22071000114,22,071,000114,2067,1846,105,96,3,16,1,1748,1573,80,77,2,15,1,573.08,357.58,NA,55000,55000,01170,2,1
22071000115,22,071,000115,1656,1509,94,42,7,4,0,1432,1295,94,34,5,4,0,469.48,292.94,NA,55000,55000,01170,2,1
22071000116,22,071,000116,1517,1355,111,36,0,15,0,1263,1132,85,33,0,13,0,414.07,258.37,NA,55000,55000,01170,2,7
22071000117,22,071,000117,2951,2843,12,78,2,16,0,2407,2313,10,68,2,14,0,789.13,492.39,NA,55000,55000,01170,2,1
22071000119,22,071,000119,2017,1872,29,89,3,23,1,1696,1568,20,82,3,22,1,556.03,346.94,NA,55000,55000,01170,2,7
22071000120,22,071,000120,1609,1378,132,71,2,24,2,1370,1188,100,63,2,15,2,449.15,280.25,NA,55000,55000,01170,2,1
22071000122,22,071,000122,1972,1724,180,44,0,24,0,1601,1421,127,37,0,16,0,524.88,327.51,NA,55000,55000,01170,2,7
22071000123,22,071,000123,2170,1014,994,147,1,11,3,1692,868,698,112,1,11,2,554.72,346.12,NA,55000,55000,01170,2,7
22071000124,22,071,000124,1799,835,910,42,3,9,0,1304,648,616,32,3,5,0,427.51,266.75,NA,55000,55000,01170,2,7
22071000125,22,071,000125,1781,846,856,62,2,15,0,1469,758,638,56,2,15,0,481.61,300.51,NA,55000,55000,01170,2,7
22071000126,22,071,000126,1910,1334,466,85,4,21,0,1584,1145,345,70,3,21,0,519.31,324.03,NA,55000,55000,01170,2,7
22071000127,22,071,000127,2615,1310,1167,92,6,37,3,2019,1085,821,74,6,32,1,661.92,413.02,NA,55000,55000,01170,2,7
22071000128,22,071,000128,2637,1862,630,83,3,56,3,2183,1619,427,75,3,56,3,715.69,446.57,NA,55000,55000,01170,2,7
22071000129,22,071,000129,1625,712,841,67,0,5,0,1303,650,595,53,0,5,0,427.18,266.55,NA,55000,55000,01170,2,1
22071000130,22,071,000130,2119,513,1558,31,0,16,1,1594,459,1095,28,0,12,0,522.59,326.08,NA,55000,55000,01170,2,7
22071000131,22,071,000131,2436,14,2381,30,0,1,10,1567,13,1530,17,0,0,7,513.74,320.55,NA,55000,55000,01170,2,7
22071000132,22,071,000132,3395,975,2303,84,6,27,0,2519,858,1578,57,6,20,0,825.85,515.3,NA,55000,55000,01170,2,7
22071000601,22,071,000601,3019,4,3006,7,1,1,0,1311,1,1304,5,0,1,0,429.81,268.18,NA,55000,55000,01170,2,7
22071000602,22,071,000602,2674,769,1841,47,3,9,5,1921,682,1194,38,2,3,2,629.79,392.97,NA,55000,55000,01170,2,7
22071000603,22,071,000603,2561,63,2125,311,3,55,4,1415,46,1125,195,3,45,1,463.9,289.46,NA,55000,55000,01170,2,7
22071000604,22,071,000604,4663,1309,2825,447,10,70,2,3285,1093,1821,323,6,40,2,1076.98,672,NA,55000,55000,01170,2,7
22071000605,22,071,000605,5055,2607,2127,240,25,54,2,4081,2317,1509,186,23,45,1,1337.94,834.83,NA,55000,55000,01170,2,7
22071000606,22,071,000606,3852,3300,343,135,15,56,3,2910,2537,227,98,9,37,2,954.03,595.28,NA,55000,55000,01170,2,7
22071000607,22,071,000607,3970,3364,414,118,8,65,1,2990,2568,286,87,6,42,1,980.26,611.65,NA,55000,55000,01170,2,7
22071000608,22,071,000608,7598,5882,1127,349,12,227,1,5762,4573,771,246,11,160,1,1889.05,1178.7,NA,55000,55000,01170,2,7
22071000611,22,071,000611,4902,128,3959,29,7,779,0,3083,97,2554,23,5,404,0,1010.75,630.67,NA,55000,55000,01170,2,7
22071000612,22,071,000612,332,214,112,1,0,5,0,232,157,72,1,0,2,0,76.06,47.46,NA,55000,55000,01170,2,7
22071000613,22,071,000613,3317,1126,1946,202,9,34,0,2406,981,1232,159,9,25,0,788.8,492.18,NA,55000,55000,01170,2,7
22071000614,22,071,000614,6586,4377,1664,328,9,202,6,4765,3329,1074,218,6,134,4,1562.19,974.75,NA,55000,55000,01170,2,7
22071000699,22,071,000699,0,0,0,0,0,0,0,0,0,0,0,0,0,0,0,0,NA,55000,55000,01170,2,7
22071000701,22,071,000701,3568,40,3505,17,6,0,0,2511,36,2461,12,2,0,0,823.22,513.66,NA,55000,55000,01170,2,7
22071000702,22,071,000702,3287,984,2124,153,11,15,0,2434,887,1403,121,9,14,0,797.98,497.91,NA,55000,55000,01170,2,7
22071000799,22,071,000799,1,0,1,0,0,0,0,1,0,1,0,0,0,0,0.33,0.2,NA,55000,55000,01170,2,7
22071000901,22,071,000901,3035,26,2969,40,0,0,0,2097,25,2046,26,0,0,0,687.49,428.97,NA,55000,55000,01170,2,7
22071000902,22,071,000902,3710,7,3689,10,2,2,0,2444,4,2430,7,2,1,0,801.26,499.96,NA,55000,55000,01170,2,7
22071000903,22,071,000903,3077,3,3059,15,0,0,0,2125,2,2111,12,0,0,0,696.67,434.7,NA,55000,55000,01170,2,7
22071000904,22,071,000904,2817,41,2773,1,2,0,0,1866,37,1828,0,1,0,0,611.76,381.72,NA,55000,55000,01170,2,7
22071001199,22,071,001199,34,19,13,2,0,0,0,34,19,13,2,0,0,0,11.15,6.96,NA,55000,55000,01170,2,7
22071001301,22,071,001301,2729,473,2148,96,6,5,1,1833,433,1325,66,5,3,1,600.94,374.97,NA,55000,55000,01170,2,7
22071001302,22,071,001302,2079,152,1893,34,0,0,0,1347,142,1185,20,0,0,0,441.61,275.55,NA,55000,55000,01170,2,7
22071001303,22,071,001303,728,141,559,23,3,0,2,503,123,354,21,3,0,2,164.91,102.9,NA,55000,55000,01170,2,7
22071001304,22,071,001304,693,260,416,15,1,1,0,506,232,260,12,1,1,0,165.89,103.51,NA,55000,55000,01170,2,7
22071001401,22,071,001401,3662,27,3603,25,2,0,5,2666,27,2616,19,2,0,2,874.04,545.37,NA,55000,55000,01170,2,7
22071001402,22,071,001402,3577,76,3438,57,1,0,5,2457,73,2329,50,1,0,4,805.52,502.62,NA,55000,55000,01170,2,7
22071001701,22,071,001701,2925,16,2848,28,3,7,23,2372,13,2317,23,1,4,14,777.65,485.23,NA,55000,55000,01170,2,7
22071001702,22,071,001702,4705,1878,2656,131,6,26,8,3398,1463,1814,93,4,18,6,1114.02,695.11,NA,55000,55000,01170,2,7
22071001703,22,071,001703,4506,286,4114,85,5,15,1,3059,255,2719,70,5,10,0,1002.88,625.76,NA,55000,55000,01170,2,7
22071001706,22,071,001706,231,1,230,0,0,0,0,108,1,107,0,0,0,0,35.41,22.09,NA,55000,55000,01170,2,7
22071001720,22,071,001720,5032,1255,3611,142,6,15,3,3512,1100,2280,113,3,13,3,1151.4,718.43,NA,55000,55000,01170,2,7
22071001721,22,071,001721,9029,799,8007,145,3,68,7,6194,676,5357,107,3,48,3,2030.68,1267.07,NA,55000,55000,01170,2,7
22071001722,22,071,001722,7808,692,7014,76,10,5,11,5382,596,4715,53,7,5,6,1764.47,1100.97,NA,55000,55000,01170,2,7
22071001723,22,071,001723,5181,2927,2061,157,3,29,4,4005,2510,1345,127,3,17,3,1313.03,819.28,NA,55000,55000,01170,2,7
22071001724,22,071,001724,5695,3107,2297,204,0,76,11,4299,2525,1550,161,0,55,8,1409.41,879.42,NA,55000,55000,01170,2,7
22071001725,22,071,001725,7628,3421,3846,247,21,75,18,5625,2821,2519,203,14,58,10,1844.14,1150.68,NA,55000,55000,01170,2,7
22071001726,22,071,001726,12695,3550,8694,298,19,125,9,8259,2638,5334,186,14,80,7,2707.69,1689.5,NA,55000,55000,01170,2,7
22071001727,22,071,001727,8034,1194,6549,167,11,101,12,5518,927,4393,121,9,61,7,1809.06,1128.79,NA,55000,55000,01170,2,7
22071001728,22,071,001728,6898,1585,4989,196,7,110,11,4705,1292,3181,132,5,85,10,1542.52,962.48,NA,55000,55000,01170,2,7
22071001729,22,071,001729,10607,981,4784,624,7,4199,12,6238,819,2814,345,3,2249,8,2045.11,1276.08,NA,55000,55000,01170,2,7
22071001730,22,071,001730,1432,411,882,54,3,81,1,991,341,569,34,3,44,0,324.9,202.72,NA,55000,55000,01170,2,7
22071001732,22,071,001732,7518,3673,3325,189,16,295,20,5528,3013,2151,147,11,193,13,1812.34,1130.83,NA,55000,55000,01170,2,7
22071001733,22,071,001733,1908,522,1227,76,3,75,5,1468,457,915,58,2,33,3,481.28,300.3,NA,55000,55000,01170,2,7
22071001734,22,071,001734,1655,1619,0,26,5,5,0,1378,1349,0,22,3,4,0,451.77,281.89,NA,55000,55000,01170,2,7
22071001798,22,071,001798,4164,5,4141,16,2,0,0,1745,4,1734,7,0,0,0,572.09,356.97,NA,55000,55000,01170,2,7
22071001799,22,071,001799,24,19,1,1,0,3,0,24,19,1,1,0,3,0,7.87,4.91,NA,55000,55000,01170,2,7
22071002401,22,071,002401,1920,701,1151,56,2,8,2,1495,623,821,40,2,8,1,490.13,305.82,NA,55000,55000,01170,2,7
22071002402,22,071,002402,3221,1477,1556,166,7,10,5,2448,1291,1018,130,2,7,0,802.57,500.77,NA,55000,55000,01170,2,7
22071002501,22,071,002501,2458,1388,815,230,1,23,1,1964,1222,543,176,1,21,1,643.89,401.77,NA,55000,55000,01170,2,7
22071002502,22,071,002502,3250,614,2486,117,5,10,18,2454,554,1783,90,5,9,13,804.54,502,NA,55000,55000,01170,2,7
22071002503,22,071,002503,1996,1519,361,104,4,8,0,1585,1242,247,89,2,5,0,519.64,324.24,NA,55000,55000,01170,2,7
22071002504,22,071,002504,2512,1574,804,122,1,5,6,1964,1338,522,96,1,4,3,643.89,401.77,NA,55000,55000,01170,2,7
22071003301,22,071,003301,2752,2254,335,114,5,44,0,2332,1933,259,102,5,33,0,764.54,477.05,NA,55000,55000,01170,1,7
22071003302,22,071,003302,3835,1075,2623,106,1,24,6,2931,922,1892,92,1,21,3,960.92,599.58,NA,55000,55000,01170,2,7
22071003303,22,071,003303,2527,1595,666,152,9,92,13,2061,1394,445,123,8,84,7,675.69,421.61,NA,55000,55000,01170,2,7
22071003304,22,071,003304,2573,1207,1147,198,7,10,4,2067,1082,795,171,7,10,2,677.66,422.84,NA,55000,55000,01170,2,7
22071003305,22,071,003305,2067,92,1917,55,0,0,3,1265,82,1151,30,0,0,2,414.73,258.77,NA,55000,55000,01170,2,7
22071003306,22,071,003306,5376,14,5344,12,4,2,0,2843,10,2823,6,3,1,0,932.07,581.58,NA,55000,55000,01170,2,7
22071003307,22,071,003307,1859,93,1733,23,1,1,8,1380,82,1272,19,0,1,6,452.43,282.3,NA,55000,55000,01170,2,7
22071003308,22,071,003308,4999,738,4021,179,7,40,14,4203,696,3294,164,7,28,14,1377.94,859.79,NA,55000,55000,01170,2,7
22071003701,22,071,003701,2125,1039,988,89,6,2,1,1798,1011,710,71,3,2,1,589.47,367.81,NA,55000,55000,01170,2,7
22071003702,22,071,003702,4676,1333,3053,261,3,11,15,3528,1202,2095,210,1,9,11,1156.64,721.7,NA,55000,55000,01170,2,7
22071004401,22,071,004401,2518,53,2449,13,1,0,2,1767,48,1706,11,1,0,1,579.31,361.47,NA,55000,55000,01170,2,7
22071004402,22,071,004402,2372,3,2357,11,0,0,1,1348,2,1338,7,0,0,1,441.94,275.75,NA,55000,55000,01170,2,7
22071005601,22,071,005601,3022,2864,3,136,8,11,0,2454,2325,3,110,8,8,0,804.54,502,NA,55000,55000,01170,1,1
22071005602,22,071,005602,3152,3025,11,105,3,8,0,2555,2458,9,79,3,6,0,837.65,522.66,NA,55000,55000,01170,1,1
22071005603,22,071,005603,1809,1705,3,79,4,15,3,1484,1408,3,58,4,9,2,486.52,303.57,NA,55000,55000,01170,1,1
22071005604,22,071,005604,1900,1829,1,57,3,10,0,1509,1450,1,48,2,8,0,494.72,308.69,NA,55000,55000,01170,1,1
22071007501,22,071,007501,3072,189,2863,17,1,2,0,2318,168,2136,12,1,1,0,759.95,474.18,NA,55000,55000,01170,2,7
22071007502,22,071,007502,4382,213,4130,33,3,3,0,3251,189,3028,28,3,3,0,1065.83,665.04,NA,55000,55000,01170,2,7
22071007603,22,071,007603,4618,4296,22,229,6,60,5,3968,3716,15,191,4,40,2,565.44,1394.51,NA,55000,55000,01170,1,1
22071007604,22,071,007604,1930,1802,50,61,0,17,0,1568,1466,42,49,0,11,0,514.06,320.76,NA,55000,55000,01170,1,1
22071007605,22,071,007605,1881,60,1800,13,1,6,1,1329,53,1261,7,1,6,1,435.71,271.87,NA,55000,55000,01170,2,7
22071008101,22,071,008101,3807,81,3690,33,1,1,1,1690,65,1600,24,0,1,0,554.06,345.71,NA,55000,55000,01170,2,7
22071008102,22,071,008102,965,60,863,38,4,0,0,586,53,511,18,4,0,0,192.12,119.87,NA,55000,55000,01170,2,7
22071009301,22,071,009301,1332,2,1310,19,1,0,0,960,1,946,12,1,0,0,314.73,196.38,NA,55000,55000,01170,2,7
22071009302,22,071,009302,3800,2,3786,9,0,0,3,2019,2,2013,3,0,0,1,661.92,413.02,NA,55000,55000,01170,2,7
22071010499,22,071,010499,5,3,2,0,0,0,0,5,3,2,0,0,0,0,1.64,1.02,NA,55000,55000,01170,2,1
22071012101,22,071,012101,2115,1645,191,115,0,162,2,1651,1324,121,82,0,123,1,541.28,337.74,NA,55000,55000,01170,2,7
22071012102,22,071,012102,4289,3592,304,255,5,129,4,4103,3430,298,241,5,125,4,1345.16,839.33,NA,55000,55000,01170,2,7
22071013301,22,071,013301,3624,3477,4,102,0,41,0,2959,2841,4,85,0,29,0,970.1,605.31,NA,55000,55000,01170,1,1
22071013302,22,071,013302,2447,1979,269,99,3,97,0,2009,1609,232,85,3,80,0,658.64,410.97,NA,55000,55000,01170,2,7
22071013498,22,071,013498,0,0,0,0,0,0,0,0,0,0,0,0,0,0,0,0,NA,55000,55000,01170,2,7
22071013598,22,071,013598,0,0,0,0,0,0,0,0,0,0,0,0,0,0,0,0,NA,55000,55000,01170,1,7
22071013698,22,071,013698,0,0,0,0,0,0,0,0,0,0,0,0,0,0,0,0,NA,55000,55000,01170,1,7
22073000001,22,073,000001,4999,4592,335,49,6,16,1,4129,3844,226,40,6,12,1,786.25,1238.08,NA,51410,95770,01080,5,4
22073000002,22,073,000002,5576,5422,70,43,6,35,0,4348,4248,43,32,4,21,0,827.95,1303.75,NA,51410,95770,01080,5,4
22073000003,22,073,000003,1666,112,1549,4,0,1,0,1189,108,1079,1,0,1,0,226.41,356.52,NA,51410,95785,01080,5,3
22073000005,22,073,000005,3794,2743,942,34,7,68,0,2785,2168,536,22,7,52,0,530.32,835.08,NA,51410,95800,01200,5,4
22073000006,22,073,000006,5264,67,5180,13,1,3,0,3250,52,3190,5,0,3,0,618.87,974.51,NA,51410,95785,01080,5,3
22073000007,22,073,000007,2533,4,2516,12,1,0,0,1609,3,1598,7,1,0,0,306.39,482.46,NA,51410,95785,01080,5,3
22073000008,22,073,000008,1121,447,645,20,1,8,0,966,416,527,17,1,5,0,183.95,289.66,NA,51410,95785,01080,5,3
22073000009,22,073,000009,1914,14,1892,4,4,0,0,1169,12,1153,3,1,0,0,222.6,350.53,NA,51410,95785,01080,5,3
22073000011,22,073,000011,3940,48,3885,5,2,0,0,2438,38,2393,5,2,0,0,464.25,731.04,NA,51410,95815,01080,5,3
22073000012,22,073,000012,2328,492,1827,6,3,0,0,1424,438,980,4,2,0,0,271.16,426.99,NA,51410,95815,01080,5,3
22073000013,22,073,000013,1240,25,1203,11,1,0,0,733,16,708,8,1,0,0,139.58,219.79,NA,51410,95815,01080,5,3
22073000014,22,073,000014,2234,1050,1135,35,12,2,0,1535,895,604,23,11,2,0,292.3,460.27,NA,51410,95815,01080,5,3
22073000015,22,073,000015,2291,881,1378,23,6,3,0,1455,719,714,17,3,2,0,277.06,436.28,NA,51410,95815,01080,5,3
22073000016,22,073,000016,743,446,285,9,0,3,0,409,322,83,4,0,0,0,77.88,122.64,NA,51410,95815,01200,5,4
22073000017,22,073,000017,2678,2166,433,42,2,35,0,2057,1740,256,30,2,29,0,391.7,616.79,NA,51410,95770,01080,5,4
22073000051,22,073,000051,1864,1754,59,34,4,12,1,1495,1409,47,27,3,9,0,131.03,618.48,NA,80955,95740,01200,5,4
22073000054,22,073,000054,2232,1826,366,32,5,3,0,1724,1458,245,16,3,2,0,151.1,713.22,NA,80955,95740,01200,5,4
22073000055,22,073,000055,3738,2720,977,30,10,1,0,2906,2209,670,22,4,1,0,254.7,1202.21,NA,80955,95740,01200,5,4
22073000056,22,073,000056,2524,1864,619,33,7,1,0,1779,1407,343,22,6,1,0,155.92,735.97,NA,80955,95740,01200,5,4
22073000057,22,073,000057,1205,872,312,12,9,0,0,853,667,169,10,7,0,0,74.76,352.88,NA,80955,95755,01200,5,4
22073000058,22,073,000058,2974,2095,835,29,14,1,0,2118,1548,535,24,10,1,0,185.64,876.21,NA,10302,95755,01200,5,4
22073000059,22,073,000059,2753,2703,0,38,10,2,0,1914,1880,0,23,10,1,0,167.76,791.82,NA,10302,95755,01200,5,4
22073000104,22,073,000104,5644,4926,655,51,7,5,0,4065,3554,470,32,4,5,0,356.28,1681.68,NA,NA,95755,01200,5,4
22073000401,22,073,000401,2642,1841,693,24,5,77,2,2308,1650,555,22,5,74,2,439.49,692.06,NA,51410,95800,01080,5,4
22073000402,22,073,000402,3529,2394,896,48,9,182,0,3078,2157,715,40,9,157,0,586.12,922.94,NA,51410,95770,01080,5,4
22073001001,22,073,001001,4128,819,3259,46,3,0,1,2563,726,1805,29,2,0,1,488.05,768.52,NA,51410,95815,01080,5,3
22073001002,22,073,001002,1185,124,1051,0,0,10,0,724,112,605,0,0,7,0,137.86,217.09,NA,51410,95815,01080,5,3
22073005201,22,073,005201,2768,2730,0,31,4,2,1,1888,1862,0,20,3,2,1,165.48,781.06,NA,15605,95740,01200,5,4
22073005202,22,073,005202,6514,6403,64,17,7,23,0,4549,4475,36,14,7,17,0,398.71,1881.91,NA,80955,95740,01200,5,4
22073005301,22,073,005301,4781,4657,44,62,9,8,1,3331,3249,33,32,8,8,1,291.95,1378.03,NA,15605,95740,01200,5,4
22073005302,22,073,005302,4631,4468,112,36,7,8,0,3572,3455,79,26,7,5,0,313.07,1477.73,NA,80955,95740,01200,5,4
22073010101,22,073,010101,3713,3618,75,12,4,3,1,2489,2432,42,9,4,2,0,473.96,746.33,NA,74340,95800,01200,5,4
22073010102,22,073,010102,4653,3839,728,72,6,8,0,3176,2703,415,45,6,7,0,604.78,952.33,NA,74340,95800,01200,5,3
22073010201,22,073,010201,6259,5765,393,49,6,42,4,4751,4429,252,36,3,28,3,904.69,1424.59,NA,51410,95800,01200,5,4
22073010202,22,073,010202,2622,2517,70,23,3,9,0,1867,1797,48,14,3,5,0,355.52,559.82,NA,74340,95800,01200,5,4
22073010301,22,073,010301,3043,2840,123,28,3,49,0,2306,2150,97,18,3,38,0,439.11,691.46,NA,51410,95770,01080,5,4
22073010302,22,073,010302,3121,2628,405,59,5,23,1,2104,1799,251,33,5,15,1,400.65,630.89,NA,73255,95770,01200,5,4
22073010501,22,073,010501,6845,6512,272,40,9,12,0,4835,4627,174,20,6,8,0,423.77,2000.23,NA,10302,95755,01200,5,4
22073010502,22,073,010502,3601,3555,35,9,2,0,0,2508,2481,20,5,2,0,0,219.82,1037.56,NA,NA,95755,01200,5,4
22073010601,22,073,010601,4754,218,4532,3,1,0,0,2602,170,2431,1,0,0,0,495.48,780.21,NA,51410,95815,01200,5,3
22073010603,22,073,010603,5684,1609,3977,21,8,69,0,3695,1220,2422,15,6,32,0,703.61,1107.95,NA,51410,95785,01200,5,3
22073010604,22,073,010604,2463,2239,169,45,8,2,0,1749,1585,124,32,7,1,0,333.05,524.44,NA,NA,95785,01200,5,4
22075000501,22,075,000501,2347,857,1434,42,9,1,4,1677,688,941,34,9,1,4,337.42,574.64,77225,NA,94093,01230,3,2
22075000502,22,075,000502,5679,5222,258,151,26,21,1,4150,3814,200,106,19,11,0,191,799,77225,6120,94297,01230,3,2
22075000503,22,075,000503,2833,2435,218,130,5,39,6,1853,1625,129,76,4,18,1,372.83,634.95,77225,6120,94657,01230,3,2
22075000504,22,075,000504,2540,1187,1123,28,175,11,16,1759,879,723,23,112,8,14,250.66,618.18,77225,62070,94855,01230,3,2
22075000505,22,075,000505,2993,1812,1006,34,119,18,4,2020,1299,606,19,83,11,2,406.43,692.18,77225,62070,95020,01230,3,2
22075000506,22,075,000506,2654,1663,858,28,13,92,0,1775,1147,552,13,7,56,0,357.13,608.22,77225,23725,95173,01230,3,2
22075000507,22,075,000507,3702,3081,219,121,22,247,12,2511,2126,148,78,19,133,7,505.22,860.42,77225,11020,95311,01230,3,2
22075000508,22,075,000508,2827,1834,782,56,91,63,1,1814,1236,459,38,42,38,1,364.98,621.59,77225,8715,95422,01230,3,2
22075050599,22,075,050599,0,0,0,0,0,0,0,0,0,0,0,0,0,0,0,0,77225,62070,95020,01230,3,2
22077009519,22,077,009519,6066,1437,4605,19,3,2,0,3998,1045,2936,14,3,0,0,1622.72,1199.73,NA,55105,95176,01260,8,3
22077009520,22,077,009520,2899,1251,1613,33,1,0,1,1927,869,1036,21,1,0,0,782.13,578.26,NA,52075,94300,01260,8,3
22077009521,22,077,009521,4731,3357,1320,40,5,7,2,3347,2429,875,33,5,3,2,1358.49,1004.38,NA,52075,95023,01260,8,5
22077009522,22,077,009522,3110,2660,399,34,10,2,5,2348,2030,284,20,8,2,4,953.01,704.59,NA,55105,94660,01260,8,5
22077009523,22,077,009523,1695,1241,441,12,1,0,0,1305,992,301,12,0,0,0,529.68,391.61,NA,55105,95176,01260,8,5
22077009524,22,077,009524,4039,3128,866,28,9,3,5,2784,2196,554,23,5,2,4,1129.98,835.43,NA,44690,95584,01260,8,5
22079000101,22,079,000101,8347,8158,91,58,21,18,1,5738,5614,53,39,16,15,1,1025.81,1835.94,38300,20890,95773,01290,5,5
22079000102,22,079,000102,3572,3189,328,34,17,4,0,2702,2328,326,28,16,4,0,483.05,864.54,38300,4055,95743,01290,5,5
22079000103,22,079,000103,5229,5103,41,57,14,13,1,3684,3603,24,37,8,11,1,658.6,1178.74,38300,4055,95743,01290,5,5
22079000104,22,079,000104,2685,2584,53,34,2,12,0,1851,1791,27,24,2,7,0,330.91,592.25,38300,NA,95743,01290,5,5
22079000105,22,079,000105,7698,3895,3629,96,32,45,1,4897,2800,1972,66,24,35,0,875.46,1566.85,38300,9165,95803,01290,8,5
22079000106,22,079,000106,4139,3622,225,90,185,17,0,2963,2611,149,56,137,10,0,529.71,948.05,16005,NA,95803,01290,8,5
22079000107,22,079,000107,2993,2542,376,36,14,24,1,2099,1793,256,22,11,16,1,375.25,671.6,NA,975,95803,01290,8,5
22079000108,22,079,000108,2902,2001,677,109,7,107,1,1847,1272,430,67,6,72,0,330.2,590.97,NA,NA,95803,00001,8,5
22079000109,22,079,000109,3259,2368,812,35,4,40,0,2171,1753,369,21,1,27,0,388.12,694.64,38300,975,95803,01290,8,5
22079000110,22,079,000110,3254,1743,1435,40,13,23,0,2216,1394,769,28,8,17,0,396.16,709.04,38300,975,95848,01290,8,5
22079000111,22,079,000111,2559,642,1901,13,2,1,0,1689,536,1141,9,2,1,0,301.95,540.42,38300,975,95788,01290,8,3
22079000112,22,079,000112,467,319,132,9,2,5,0,337,222,107,3,2,3,0,60.25,107.83,38300,60530,95758,01290,5,5
22079000113,22,079,000113,2889,2531,307,25,19,7,0,2110,1866,207,17,15,5,0,377.21,675.12,38300,60530,95743,01290,5,5
22079000114,22,079,000114,1305,948,348,4,3,2,0,1204,887,309,4,2,2,0,215.24,385.23,38300,NA,95773,01290,5,5
22079000115,22,079,000115,7034,5744,1109,108,15,56,2,5136,4335,673,75,11,40,2,918.18,1643.32,38300,60530,95758,01290,8,5
22079000116,22,079,000116,3051,2766,210,45,12,18,0,2463,2242,167,31,11,12,0,440.32,788.07,38300,60530,95758,01290,8,5
22079000117,22,079,000117,2410,1726,527,35,10,112,0,1845,1425,325,22,7,66,0,329.84,590.33,38300,60530,95758,01290,8,5
22079000118,22,079,000118,257,73,174,5,4,1,0,254,72,173,4,4,1,0,45.41,81.27,38300,975,95788,01290,8,3
22079000119,22,079,000119,1392,15,1364,8,5,0,0,944,15,922,4,3,0,0,168.76,302.04,38300,975,95788,01290,8,3
22079000120,22,079,000120,3276,16,3249,8,2,0,1,2228,13,2208,5,2,0,0,398.31,712.88,NA,975,95818,01290,8,3
22079000121,22,079,000121,3132,2332,738,37,13,12,0,2306,1824,436,28,9,9,0,412.25,737.83,NA,975,95830,01290,8,5
22079000122,22,079,000122,3670,2994,596,44,8,28,0,2755,2374,326,35,5,15,0,492.52,881.49,NA,975,95848,01290,8,5
22079000123,22,079,000123,7851,7045,501,132,5,168,0,5888,5344,331,89,5,119,0,1052.62,1883.94,NA,975,95803,01290,8,5
22079000124,22,079,000124,3275,2952,216,64,4,38,1,2522,2324,129,39,4,25,1,450.87,806.94,NA,975,95830,01290,8,5
22079000125,22,079,000125,6274,4200,1910,85,11,60,8,4421,3145,1169,54,8,41,4,790.36,1414.55,NA,975,95830,01290,8,5
22079000126,22,079,000126,2688,1921,718,28,3,18,0,2107,1594,478,20,3,12,0,376.68,674.16,NA,975,95830,01290,8,3
22079000127,22,079,000127,3183,389,2784,4,3,1,2,2164,314,1843,3,3,1,0,386.87,692.4,NA,975,95818,01290,8,3
22079000128,22,079,000128,1552,109,1426,12,2,2,1,1092,98,981,9,1,2,1,195.22,349.4,NA,975,95818,01290,8,3
22079000129,22,079,000129,3343,10,3304,20,9,0,0,2205,9,2174,15,7,0,0,394.2,705.52,NA,975,95788,01290,8,3
22079000130,22,079,000130,2933,215,2706,7,4,1,0,2045,180,1857,4,3,1,0,365.59,654.32,NA,975,95818,01290,8,3
22079000131,22,079,000131,3334,1930,1347,37,15,5,0,2385,1434,910,27,9,5,0,426.38,763.11,NA,60530,95758,01290,8,5
22079000132,22,079,000132,5434,5147,209,47,16,15,0,3799,3606,132,36,12,13,0,679.16,1215.54,38300,60530,95773,01290,5,5
22079000133,22,079,000133,5749,3344,2320,57,20,5,3,3975,2442,1475,41,10,5,2,710.63,1271.85,NA,42800,95839,01290,8,3
22079000134,22,079,000134,2274,2040,184,32,11,7,0,1572,1406,133,20,8,5,0,281.03,502.98,NA,83125,95839,01290,8,5
22079000135,22,079,000135,5330,4530,717,51,17,14,1,3744,3226,464,30,13,10,1,669.33,1197.94,NA,29220,95839,01290,8,5
22079000136,22,079,000136,2816,2789,3,20,4,0,0,2000,1986,3,10,1,0,0,357.55,639.92,NA,NA,95839,01290,8,5
22081009601,22,081,009601,3930,3405,500,20,3,2,0,2814,2473,324,12,3,2,0,897.07,1105.66,NA,48925,94303,01320,4,4
22081009602,22,081,009602,1078,326,744,3,5,0,0,712,251,454,3,4,0,0,226.98,279.75,NA,18055,94663,01320,4,4
22081009603,22,081,009603,4379,1989,2339,38,9,4,0,2936,1503,1389,34,7,3,0,935.96,1153.59,NA,18055,95317,01320,4,4
22083009701,22,083,009701,3501,1865,1574,51,3,8,0,2483,1478,968,29,3,5,0,488.61,936.57,NA,20190,94102,01350,5,4
22083009702,22,083,009702,2191,1392,768,30,0,1,0,1506,1001,486,18,0,1,0,296.35,568.06,NA,NA,94102,01350,5,4
22083009703,22,083,009703,3122,2693,405,21,3,0,0,2184,1924,246,11,3,0,0,429.77,823.79,NA,63680,94489,01350,5,4
22083009704,22,083,009704,2208,1909,263,31,2,3,0,1515,1330,166,15,2,2,0,298.12,571.45,NA,NA,95320,01350,5,4
22083009705,22,083,009705,5598,2202,3364,29,2,0,1,3807,1774,2014,16,2,0,1,749.15,1435.98,NA,63680,94864,01350,5,4
22083009706,22,083,009706,4009,2849,1118,37,4,1,0,2800,2112,661,22,4,1,0,550.99,1056.15,NA,48260,95428,01350,5,4
22085009801,22,085,009801,3036,2414,465,115,41,1,0,2143,1761,276,78,27,1,0,423.39,701.19,2500,61055,95185,01380,4,5
22085009802,22,085,009802,2865,2254,23,352,230,6,0,2173,1750,15,251,151,6,0,429.31,711,2500,83685,95185,01380,4,5
22085009803,22,085,009803,2205,1069,694,315,123,1,3,1421,736,391,209,82,1,2,280.74,464.95,2500,83685,95323,01380,4,5
22085009804,22,085,009804,4525,3890,479,114,42,0,0,3197,2803,285,84,25,0,0,631.62,1046.05,2500,83685,94867,01380,4,5
22085009805,22,085,009805,3696,2030,1566,63,28,9,0,2589,1581,932,48,21,7,0,511.5,847.12,2500,48470,94492,01380,4,5
22085009806,22,085,009806,4117,3321,736,52,6,2,0,2888,2398,448,34,6,2,0,570.57,944.95,2500,25860,94105,01380,4,5
22085009807,22,085,009807,2202,2165,3,20,10,4,0,1781,1750,3,16,8,4,0,351.87,582.74,2500,NA,94309,01380,4,5
22087000000,22,087,000000,0,0,0,0,0,0,0,0,0,0,0,0,0,0,0,0,77225,NA,95863,01410,3,2
22087000303,22,087,000303,2450,2248,42,132,5,23,0,2050,1884,38,106,4,18,0,403.13,886.34,77225,2550,95746,01410,3,2
22087000304,22,087,000304,2773,2629,0,128,7,9,0,2265,2145,0,106,6,8,0,445.41,979.3,77225,2550,95746,01410,3,2
22087000305,22,087,000305,3564,3378,1,144,11,30,0,2930,2781,1,123,6,19,0,576.19,1266.81,77225,2550,95761,01410,3,2
22087000307,22,087,000307,2282,2100,37,117,10,18,0,1808,1669,37,81,8,13,0,355.54,781.71,77225,14135,95821,01410,3,2
22087000308,22,087,000308,5263,4971,1,239,12,37,3,3939,3736,1,167,9,25,1,774.61,1703.07,77225,14135,95806,01410,3,2
22087000612,22,087,000612,0,0,0,0,0,0,0,0,0,0,0,0,0,0,0,0,NA,NA,95857,01410,3,2
22087030101,22,087,030101,1631,1003,132,494,2,0,0,1226,751,89,384,2,0,0,241.09,530.07,77225,62280,95863,01410,3,2
22087030102,22,087,030102,9164,6844,1198,954,129,34,5,6180,4629,788,652,81,27,3,1215.3,2671.98,77225,62280,95857,01410,3,2
22087030199,22,087,030199,40,28,11,1,0,0,0,40,28,11,1,0,0,0,7.87,17.29,77225,78855,95857,01410,3,2
22087030203,22,087,030203,4649,4353,1,272,11,5,7,3628,3409,1,198,10,5,5,713.45,1568.6,77225,14135,95821,01410,3,2
22087030204,22,087,030204,6727,4955,1269,426,29,46,2,4383,3284,767,284,17,31,0,861.92,1895.03,77225,78855,95857,01410,3,2
22087030205,22,087,030205,8428,7585,357,332,54,98,2,5814,5228,251,236,25,72,2,1143.33,2513.74,77225,49800,95851,01410,3,2
22087030206,22,087,030206,3676,3516,0,114,15,31,0,2508,2399,0,76,7,26,0,493.2,1084.36,77225,14135,95842,01410,3,2
22087030207,22,087,030207,5957,5619,2,285,18,29,4,4231,4004,2,187,15,21,2,832.03,1829.32,77225,14135,95833,01410,3,2
22087030601,22,087,030601,3013,2844,1,97,4,66,1,2204,2075,0,76,4,49,0,433.42,952.92,77225,14135,95776,01410,3,2
22087030602,22,087,030602,4306,4076,17,163,7,42,1,3504,3323,16,128,7,29,1,689.07,1514.99,77225,14135,95776,01410,3,2
22087030603,22,087,030603,2708,2275,22,285,11,111,4,1782,1529,14,164,7,66,2,350.43,770.47,77225,14135,95791,01410,3,2
22089000601,22,089,000601,978,725,240,12,0,1,0,665,498,156,10,0,1,0,174.1,241.73,77225,NA,95035,01440,3,2
22089000621,22,089,000621,4346,3412,689,202,18,24,1,2878,2273,446,134,11,13,1,698.49,887.24,77225,67740,94870,01440,3,2
22089000622,22,089,000622,2548,948,1571,24,0,2,3,1780,680,1083,13,0,2,2,432,548.74,77225,20820,94870,01440,3,2
22089000623,22,089,000623,8870,7485,956,348,24,54,3,5988,5165,524,246,18,33,2,1453.28,1845.99,77225,20820,94495,01440,3,2
22089000624,22,089,000624,1803,891,869,34,4,2,3,1221,640,553,23,2,2,1,296.34,376.41,77225,55525,95035,01440,3,2
22089000625,22,089,000625,3170,2491,618,32,11,16,2,2316,1886,393,19,7,9,2,562.09,713.98,77225,55525,95035,01440,3,2
22089000626,22,089,000626,744,60,681,3,0,0,0,464,45,417,2,0,0,0,121.48,168.67,77225,NA,94108,01440,3,2
22089000627,22,089,000627,2624,1338,1226,40,14,1,5,1861,1026,803,25,4,1,2,487.22,676.49,77225,32510,94108,01440,3,2
22089000628,22,089,000628,3805,1783,1914,96,7,5,0,2446,1254,1127,55,6,4,0,640.37,889.14,77225,9130,94108,01440,3,2
22089000629,22,089,000629,2490,2203,221,45,8,12,1,1846,1664,131,36,6,8,1,483.29,671.04,77225,46615,94312,01440,3,2
22089000630,22,089,000630,1419,928,469,18,2,2,0,952,620,321,8,1,2,0,249.24,346.06,77225,45267,94312,01440,3,2
22089000631,22,089,000631,4957,4573,190,152,9,33,0,3354,3136,108,86,5,19,0,878.09,1219.21,77225,50850,95188,01440,3,2
22089000632,22,089,000632,4655,4057,512,63,14,5,4,3259,2881,322,38,12,4,2,853.22,1184.67,77225,20680,94672,01440,3,2
22089062199,22,089,062199,27,18,8,1,0,0,0,27,18,8,1,0,0,0,6.55,8.32,77225,67740,94870,01440,3,2
22089062499,22,089,062499,1,1,0,0,0,0,0,1,1,0,0,0,0,0,0.24,0.31,77225,55525,95035,01440,3,2
22091009511,22,091,009511,4242,2282,1947,10,3,0,0,2962,1648,1305,6,3,0,0,263,201,NA,31565,94111,01470,8,3
22091009512,22,091,009512,5632,2417,3161,36,9,2,7,3802,1784,1988,20,5,0,5,509,290,NA,51690,94498,01470,8,3
22093040100,22,093,040100,0,0,0,0,0,0,0,0,0,0,0,0,0,0,0,0,NA,NA,NA,NA,8,2
22093040200,22,093,040200,0,0,0,0,0,0,0,0,0,0,0,0,0,0,0,0,NA,NA,NA,NA,8,2
22093040300,22,093,040300,0,0,0,0,0,0,0,0,0,0,0,0,0,0,0,0,NA,NA,NA,NA,8,2
22093040400,22,093,040400,0,0,0,0,0,0,0,0,0,0,0,0,0,0,0,0,NA,NA,NA,NA,8,2
22093040499,22,093,040499,7,6,0,1,0,0,0,7,6,0,1,0,0,0,6326,4182,NA,NA,94678,01500,8,2
22093040500,22,093,040500,0,0,0,0,0,0,0,0,0,0,0,0,0,0,0,0,NA,NA,NA,NA,8,2
22093040600,22,093,040600,0,0,0,0,0,0,0,0,0,0,0,0,0,0,0,0,NA,NA,NA,NA,8,2
22093040700,22,093,040700,0,0,0,0,0,0,0,0,0,0,0,0,0,0,0,0,NA,NA,NA,NA,8,2
22093040895,22,093,040895,0,0,0,0,0,0,0,0,0,0,0,0,0,0,0,0,NA,NA,94678,01500,8,2
22093040896,22,093,040896,0,0,0,0,0,0,0,0,0,0,0,0,0,0,0,0,NA,NA,94876,01500,8,2
22093040897,22,093,040897,0,0,0,0,0,0,0,0,0,0,0,0,0,0,0,0,NA,NA,94876,01500,8,2
22093040898,22,093,040898,0,0,0,0,0,0,0,0,0,0,0,0,0,0,0,0,NA,NA,94876,01500,8,2
22095000701,22,095,000701,2081,1933,76,39,4,22,7,1418,1319,44,30,4,15,6,117.08,227.66,NA,43030,94879,01530,3,2
22095000702,22,095,000702,4396,2916,1185,229,17,48,1,2681,1849,654,142,7,28,1,851.73,859.9,NA,43030,95044,01530,8,2
22095000703,22,095,000703,5393,4673,511,166,19,21,3,3633,3201,290,115,13,13,1,1154.17,1165.24,NA,43030,95044,01530,8,2
22095000704,22,095,000704,3232,2768,306,124,10,23,1,2098,1815,177,85,7,13,1,666.51,672.91,NA,43030,95194,01530,8,2
22095000705,22,095,000705,4753,3471,999,243,10,22,8,2919,2211,529,150,10,15,4,927.34,936.23,NA,43030,94681,01530,8,2
22095000706,22,095,000706,3181,1345,1822,13,1,0,0,2024,909,1102,12,1,0,0,643,649.17,NA,28345,94321,01530,8,2
22095000707,22,095,000707,4337,2860,1429,31,7,6,4,3066,2152,879,25,7,3,0,974.04,983.38,NA,64310,94321,01530,8,2
22095000708,22,095,000708,2667,394,2247,22,1,3,0,1702,289,1397,14,1,1,0,540.71,545.9,NA,64310,94504,01530,8,2
22095000709,22,095,000709,2879,1257,1593,27,1,1,0,1880,944,913,21,1,1,0,597.26,602.99,NA,43030,94681,01530,8,2
22095000710,22,095,000710,3372,2303,983,54,26,5,1,2328,1622,655,32,15,4,0,739.58,746.68,NA,43030,94879,01530,8,2
22095000711,22,095,000711,3702,477,3217,6,1,0,1,2596,388,2203,3,1,0,1,824.72,832.64,NA,22815,94117,01530,8,2
22095070799,22,095,070799,3,2,1,0,0,0,0,3,2,1,0,0,0,0,0.95,0.96,NA,64310,94321,01530,8,2
22097009601,22,097,009601,3029,1846,1149,31,3,0,0,2110,1360,726,22,2,0,0,705.26,649.51,NA,49730,94882,01560,8,3
22097009602,22,097,009602,4165,2250,1878,31,1,4,1,2887,1654,1206,22,1,4,0,964.97,888.69,NA,79870,94684,01560,8,3
22097009603,22,097,009603,4461,2482,1913,50,4,4,8,3027,1769,1219,29,1,3,6,1011.76,931.78,NA,61825,95047,01560,8,5
22097009604,22,097,009604,2103,2068,14,19,0,2,0,1433,1408,13,10,0,2,0,478.97,441.11,NA,40280,95047,01560,8,5
22097009605,22,097,009605,4731,4158,544,17,0,4,8,3358,2981,359,11,0,2,5,1122.4,1033.67,NA,3110,95197,01560,8,6
22097009606,22,097,009606,6426,2576,3763,52,5,21,9,4164,1821,2279,42,5,8,9,1391.8,1281.78,NA,61825,94684,01560,8,3
22097009607,22,097,009607,4959,3065,1809,64,1,4,16,3315,2082,1177,39,1,4,12,1108.02,1020.44,NA,58045,95587,01560,8,6
22097009608,22,097,009608,3725,2619,1047,46,2,7,4,2345,1666,643,28,0,6,2,783.81,721.85,NA,24565,95587,01560,8,6
22097009609,22,097,009609,5089,2284,2754,42,0,0,9,3388,1661,1692,28,0,0,7,1132.42,1042.91,NA,24565,95644,01560,8,6
22097009610,22,097,009610,2065,1983,50,13,8,6,5,1498,1456,25,5,2,5,5,500.7,461.12,NA,24565,95686,01560,8,6
22097009611,22,097,009611,3908,3516,320,36,7,29,0,2678,2467,166,22,4,19,0,895.11,824.35,NA,24565,95686,01560,8,6
22097009612,22,097,009612,3647,2210,1387,34,10,6,0,2448,1531,885,26,3,3,0,818.23,753.55,NA,58045,95518,01560,8,6
22097009613,22,097,009613,5002,1753,3198,26,1,24,0,3424,1325,2069,19,0,11,0,1144.46,1053.99,NA,58045,94120,01560,8,3
22097009614,22,097,009614,5176,1719,3416,19,2,13,7,3602,1395,2184,9,2,8,4,1203.95,1108.78,NA,58045,94324,01560,8,3
22097009615,22,097,009615,4845,2825,1968,37,2,7,6,3509,2205,1270,23,2,3,6,1172.87,1080.16,NA,58045,95434,01560,8,5
22097009616,22,097,009616,4320,1283,2997,25,1,10,4,2922,1029,1871,12,1,8,1,976.67,899.46,NA,58045,95518,01560,8,3
22097009617,22,097,009617,5177,3874,1238,26,8,29,2,3531,2676,810,21,4,18,2,1180.22,1086.93,NA,58045,95434,01560,8,5
22097009618,22,097,009618,4387,3438,896,41,1,3,8,3054,2444,577,26,1,2,4,1020.79,940.1,NA,12420,95326,01560,8,6
22097009619,22,097,009619,3116,1236,1842,30,5,1,2,2111,925,1154,24,5,1,2,705.59,649.82,NA,74060,95326,01560,8,6
22099000201,22,099,000201,4354,4025,170,48,8,5,98,3006,2798,107,39,3,3,56,938.9,850.97,NA,33875,95329,01590,7,6
22099000202,22,099,000202,5533,3423,2031,62,4,1,12,3687,2428,1204,43,3,1,8,1151.61,1043.76,NA,13575,95437,01590,7,6
22099000203,22,099,000203,7752,6193,1198,73,27,251,10,5227,4271,751,51,15,131,8,1632.61,1479.72,NA,33875,95329,01590,7,6
22099000204,22,099,000204,5376,3814,1424,61,9,24,44,3683,2639,960,40,5,14,25,1150.36,1042.63,NA,67600,94687,01590,7,6
22099000205,22,099,000205,8071,4429,3550,80,9,2,1,5354,3246,2043,56,6,2,1,1672.28,1515.67,NA,9340,95050,01590,7,6
22099000206,22,099,000206,4742,1453,3211,59,7,6,6,3114,978,2087,36,4,6,3,972.63,881.55,NA,67600,94327,01590,7,6
22099000207,22,099,000207,1407,918,451,26,5,7,0,1027,695,304,20,3,5,0,320.78,290.74,NA,67600,94510,01590,7,6
22099000208,22,099,000208,3246,1804,1392,34,3,3,10,2134,1219,875,27,3,2,8,666.54,604.12,NA,67600,94123,01590,7,6
22099000209,22,099,000209,2105,1043,1016,32,0,10,4,1487,782,671,27,0,3,4,464.45,420.96,NA,67600,94510,01590,7,6
22099000210,22,099,000210,1392,1358,0,27,6,1,0,1024,999,0,21,3,1,0,319.84,289.89,NA,NA,94123,01590,3,2
22101000401,22,101,000401,3206,1529,822,105,62,684,4,1968,1065,495,71,37,296,4,464.09,605.7,77225,1815,95332,01620,3,2
22101000402,22,101,000402,5862,4855,696,218,50,42,1,4105,3542,360,144,30,28,1,968.03,1263.42,77225,52040,95203,01620,3,2
22101000403,22,101,000403,3714,2107,1439,123,36,9,0,2637,1620,906,88,17,6,0,621.85,811.61,77225,52040,95053,01620,3,2
22101000404,22,101,000404,4869,3543,1108,129,78,11,0,3475,2679,652,88,51,5,0,819.46,1069.52,77225,52040,95203,01620,3,2
22101000405,22,101,000405,4539,3948,427,79,60,21,4,3093,2736,257,51,33,12,4,729.38,951.95,77225,7100,94888,01620,3,2
22101000406,22,101,000406,4912,4471,185,135,102,19,0,3414,3160,102,86,55,11,0,805.08,1050.75,77225,5525,94888,01620,3,2
22101000407,22,101,000407,4112,2016,2007,57,24,7,1,2788,1483,1245,37,18,4,1,657.46,858.08,77225,59340,94690,01620,3,2
22101000408,22,101,000408,2813,2347,350,68,44,4,0,1843,1557,217,41,25,3,0,434.61,567.23,77225,59340,94690,01620,3,2
22101000409,22,101,000409,3060,1797,1219,26,7,2,9,2036,1250,752,19,6,2,7,317.78,586.33,77225,27155,94690,01620,3,2
22101000410,22,101,000410,4422,2370,1737,37,271,5,2,2818,1611,1023,19,160,3,2,664.53,867.31,77225,14310,94330,01620,3,2
22101000411,22,101,000411,2412,547,1733,18,8,106,0,1494,379,1047,10,6,52,0,352.31,459.82,77225,27155,94126,01620,3,2
22101000412,22,101,000412,2446,916,1453,22,18,36,1,1597,674,885,14,12,11,1,376.6,491.52,77225,4020,94126,01620,3,2
22101000413,22,101,000413,2280,1845,396,13,13,12,1,1657,1379,247,12,11,7,1,390.75,509.99,77225,27155,94513,01620,3,2
22101000414,22,101,000414,4248,2187,1983,54,16,7,1,2913,1652,1208,36,10,6,1,686.93,896.55,77225,27155,94513,01620,3,2
22101000415,22,101,000415,2265,1825,403,21,13,3,0,1630,1353,251,17,6,3,0,384.38,501.68,77225,27155,94330,01620,3,2
22101000416,22,101,000416,2926,580,2304,23,18,1,0,1920,418,1472,18,11,1,0,452.77,590.93,77225,27155,94330,01620,3,2
22101040399,22,101,040399,0,0,0,0,0,0,0,0,0,0,0,0,0,0,0,0,77225,52040,95332,01620,3,2
22101041798,22,101,041798,0,0,0,0,0,0,0,0,0,0,0,0,0,0,0,0,NA,NA,95053,01620,3,2
22103000402,22,103,000402,8040,7031,848,117,24,19,1,5630,4995,535,72,14,13,1,745.47,2069.25,NA,26140,94333,01650,1,1
22103000404,22,103,000404,3171,2912,136,71,14,29,9,2176,1993,103,42,13,19,6,288.13,799.77,NA,18125,94129,01650,1,1
22103000409,22,103,000409,3112,1629,1406,59,7,6,5,2209,1235,920,39,5,6,4,292.5,811.89,NA,70805,95713,01650,1,1
22103000413,22,103,000413,5756,5101,457,149,14,34,1,4078,3643,298,104,8,24,1,539.97,1498.83,NA,48225,94693,01650,1,1
22103040101,22,103,040101,6410,6231,77,85,11,3,3,4570,4433,59,65,9,2,2,605.12,1679.65,NA,73955,94891,01650,1,1
22103040102,22,103,040102,6275,6001,160,84,18,7,5,4426,4240,97,61,18,5,5,586.05,1626.73,NA,240,94891,01650,1,1
22103040301,22,103,040301,2964,2562,315,65,14,6,2,2108,1830,223,40,9,4,2,279.12,774.77,NA,47560,94129,01650,1,1
22103040303,22,103,040303,4237,4023,94,67,7,44,2,2784,2648,56,43,5,30,2,368.63,1023.23,NA,48225,94693,01650,1,1
22103040304,22,103,040304,5462,5236,58,123,6,39,0,3786,3652,38,74,5,17,0,501.31,1391.5,NA,48225,94693,01650,1,1
22103040501,22,103,040501,3540,1706,1763,47,15,9,0,2374,1231,1089,36,11,7,0,314.34,872.54,NA,18125,94516,01650,1,1
22103040502,22,103,040502,2646,1799,812,33,1,1,0,1766,1284,459,21,1,1,0,233.84,649.07,NA,240,94516,01650,1,1
22103040601,22,103,040601,1508,1447,24,25,6,6,0,1194,1146,24,19,3,2,0,158.1,438.84,NA,NA,94129,01650,1,1
22103040602,22,103,040602,2266,2171,17,70,3,5,0,1739,1676,12,44,3,4,0,230.26,639.15,NA,18125,94129,01650,1,1
22103040603,22,103,040603,4194,3411,649,98,19,16,1,2873,2403,371,72,13,13,1,380.42,1055.94,NA,18125,94891,01650,1,1
22103040701,22,103,040701,3266,3106,69,69,14,7,1,2300,2194,43,47,9,6,1,304.55,845.34,NA,70805,95590,01650,1,1
22103040703,22,103,040703,9342,8650,406,162,16,108,0,6249,5784,277,106,12,70,0,827.44,2296.75,NA,70805,95689,01650,1,1
22103040704,22,103,040704,4428,3371,980,49,20,3,5,2988,2326,605,35,17,2,3,395.64,1098.21,NA,59445,95521,01650,1,1
22103040705,22,103,040705,4403,3752,464,96,36,52,3,2768,2412,248,56,22,30,0,366.51,1017.35,NA,70805,95440,01650,1,1
22103040706,22,103,040706,4332,4124,32,93,64,15,4,3002,2870,16,64,42,10,0,397.5,1103.35,NA,59445,95440,01650,1,1
22103040801,22,103,040801,3092,2831,134,88,32,7,0,2279,2118,70,62,23,6,0,301.76,837.62,NA,70805,95689,01650,1,1
22103040802,22,103,040802,3243,3068,50,74,11,39,1,2672,2532,41,63,9,27,0,353.8,982.07,NA,22722,95689,01650,1,1
22103040803,22,103,040803,6079,4884,877,238,19,57,4,4070,3333,546,142,14,33,2,538.91,1495.89,NA,70805,95689,01650,1,1
22103041002,22,103,041002,2901,2748,71,63,4,15,0,2204,2107,42,41,4,10,0,291.83,810.06,NA,70805,95521,01650,1,1
22103041003,22,103,041003,5463,5000,224,159,25,52,3,3634,3342,125,116,15,34,2,481.18,1335.64,NA,70805,95335,01650,1,1
22103041004,22,103,041004,5032,4745,123,116,18,30,0,3642,3437,87,83,11,24,0,482.24,1338.58,NA,70805,95521,01650,1,1
22103041101,22,103,041101,2815,2490,237,68,8,5,7,1923,1714,149,47,6,3,4,254.63,706.78,NA,NA,95590,01650,1,1
22103041102,22,103,041102,6772,4633,1822,216,17,47,37,4655,3256,1197,135,15,26,26,616.37,1710.9,NA,70805,95590,01650,1,1
22103041103,22,103,041103,1699,1015,615,57,7,5,0,1131,723,364,36,5,3,0,149.76,415.69,NA,70805,95521,01650,1,1
22103041104,22,103,041104,3475,3209,162,86,6,11,1,2613,2431,110,58,6,7,1,345.99,960.38,NA,70805,95647,01650,1,1
22103041201,22,103,041201,8742,8061,429,209,7,36,0,5755,5327,272,127,7,22,0,762.02,2115.19,NA,48225,95206,01650,1,1
22103041202,22,103,041202,2591,1656,869,40,21,5,0,1787,1203,538,26,17,3,0,236.62,656.79,NA,40665,95206,01650,1,1
22103041203,22,103,041203,1359,1202,89,56,6,2,4,933,836,54,34,5,1,3,123.54,342.91,NA,70805,95590,01650,1,1
22103041204,22,103,041204,5893,4386,1309,138,14,11,35,4142,3130,861,105,11,10,25,548.45,1522.35,NA,40665,95206,01650,1,1
22105009532,22,105,009532,2081,1524,542,14,0,1,0,1427,1075,341,10,0,1,0,311.13,420.42,NA,NA,94132,01680,6,1
22105009533,22,105,009533,4366,1952,2405,6,2,1,0,2948,1526,1414,6,1,1,0,642.75,868.53,NA,39545,94132,01680,6,3
22105009534,22,105,009534,5648,2765,2761,112,5,5,0,3865,2014,1747,96,5,3,0,842.68,1138.7,NA,1885,94336,01680,6,3
22105009535,22,105,009535,4563,3443,1094,18,6,1,1,3080,2388,675,11,5,1,0,671.53,907.42,NA,NA,94336,01680,6,1
22105009536,22,105,009536,5309,2202,3027,72,6,2,0,3529,1649,1836,38,4,2,0,769.42,1039.71,NA,1885,94519,01680,6,1
22105009537,22,105,009537,5606,5175,370,50,10,1,0,3830,3568,217,38,7,0,0,835.05,1128.38,NA,NA,94696,01680,6,1
22105009538,22,105,009538,3928,3231,596,89,9,2,1,2852,2434,346,62,8,1,1,621.81,840.25,NA,37025,94696,01680,6,1
22105009539,22,105,009539,5384,4508,794,47,21,14,0,3662,3151,456,32,11,12,0,798.42,1078.89,NA,53475,94894,01680,6,1
22105009540,22,105,009540,6520,4648,1754,78,12,27,1,4611,3486,1047,52,7,19,0,1005.33,1358.48,NA,32755,94894,01680,6,1
22105009541,22,105,009541,9891,7756,1950,86,32,63,4,6906,5633,1139,64,23,45,2,1505.7,2034.63,NA,32755,95524,01680,6,1
22105009542,22,105,009542,4376,3773,480,85,0,37,1,3795,3343,348,73,0,30,1,827.41,1118.07,NA,32755,95059,01680,6,1
22105009543,22,105,009543,3795,1084,2639,21,10,41,0,2482,860,1580,15,5,22,0,541.14,731.24,NA,32755,95209,01680,6,3
22105009544,22,105,009544,3764,1564,2173,23,1,3,0,2460,1244,1194,18,1,3,0,536.35,724.76,NA,32755,95209,01680,6,1
22105009545,22,105,009545,7181,5168,1897,89,10,17,0,5237,3963,1189,63,7,15,0,1141.81,1542.91,NA,61615,95443,01680,6,1
22105009546,22,105,009546,5979,5355,525,65,23,9,2,4073,3681,318,52,17,3,2,888.03,1199.98,NA,NA,95338,01680,6,1
22105009547,22,105,009547,3325,2723,544,47,4,7,0,2235,1865,328,36,3,3,0,487.29,658.47,NA,61615,95524,01680,6,1
22105009548,22,105,009548,3993,3024,895,49,24,1,0,2794,2205,541,29,18,1,0,609.17,823.16,NA,61615,95524,01680,6,1
22107009801,22,107,009801,2392,1313,1066,7,2,1,3,1612,982,623,3,2,1,1,526.7,569.02,NA,53930,94522,01710,5,3
22107009802,22,107,009802,1713,1028,665,12,7,1,0,1194,753,429,8,3,1,0,390.12,421.47,NA,53930,94699,01710,5,3
22107009803,22,107,009803,2998,938,2032,24,3,0,1,1993,711,1268,11,2,0,1,651.18,703.51,NA,67495,95062,01710,5,3
22109000000,22,109,000000,0,0,0,0,0,0,0,0,0,0,0,0,0,0,0,0,77225,NA,95854,01740,3,2
22109000001,22,109,000001,8023,5370,2467,88,62,35,1,5460,3781,1569,60,34,15,1,852.21,1572.37,77225,68300,95875,01740,3,2
22109000002,22,109,000002,8021,7222,498,168,110,17,6,5428,4981,264,105,64,12,2,847.22,1563.16,77225,5210,95869,01740,3,2
22109000003,22,109,000003,4015,3109,791,65,43,6,1,2967,2351,539,44,26,6,1,463.1,854.44,77225,5210,95872,01740,3,2
22109000004,22,109,000004,7594,6825,523,152,67,24,3,5240,4784,293,100,44,18,1,817.87,1509.02,77225,5210,95872,01740,3,2
22109000005,22,109,000005,5862,4569,1079,80,123,10,1,4339,3492,708,59,71,8,1,677.24,1249.55,77225,36255,95779,01740,3,2
22109000006,22,109,000006,6252,4741,847,93,264,304,3,4035,3264,434,60,138,138,1,629.79,1162,77225,36255,95794,01740,3,2
22109000007,22,109,000007,6899,2934,3486,97,344,38,0,4464,2170,2013,63,204,14,0,696.75,1285.55,77225,36255,95749,01740,3,2
22109000008,22,109,000008,7034,5752,676,114,338,147,7,4861,4151,363,76,202,65,4,758.72,1399.87,77225,36255,95809,01740,3,2
22109000009,22,109,000009,5165,3268,1756,67,66,8,0,3748,2549,1118,34,42,5,0,585,1079.35,77225,36255,95764,01740,3,2
22109000010,22,109,000010,5106,4793,137,50,123,3,0,3342,3149,94,25,72,2,0,521.63,962.43,77225,36255,95824,01740,3,2
22109000011,22,109,000011,3814,3158,7,37,606,2,4,2555,2165,6,21,358,2,3,398.79,735.79,77225,51550,95836,01740,3,2
22109000012,22,109,000012,8057,7293,562,60,127,12,3,5453,4962,377,37,69,8,0,851.12,1570.36,77225,14520,95845,01740,3,2
22109000013,22,109,000013,5320,2859,336,101,2005,17,2,3351,1930,214,55,1139,12,1,523.03,965.02,77225,21940,95824,01740,3,2
22109000014,22,109,000014,4204,2922,828,56,393,3,2,2686,1935,495,36,218,2,0,419.24,773.52,77225,NA,95854,01740,3,2
22109000016,22,109,000016,3423,1983,1336,39,64,0,1,2268,1355,866,24,23,0,0,354,653.14,77225,NA,95878,01740,3,2
22109000017,22,109,000017,2894,2568,244,55,25,1,1,1922,1719,157,28,17,1,0,299.99,553.5,77225,36255,95860,01740,3,2
22109001222,22,109,001222,0,0,0,0,0,0,0,0,0,0,0,0,0,0,0,0,77225,NA,95836,01740,3,2
22109001598,22,109,001598,5299,4786,367,54,49,42,1,3479,3183,204,33,30,28,1,543.01,1001.88,77225,36255,95860,01740,3,2
22111009601,22,111,009601,4097,2844,1226,17,8,2,0,2898,2073,804,12,7,2,0,586.69,1183.1,NA,48645,94342,01770,5,3
22111009602,22,111,009602,3969,2277,1654,37,1,0,0,2843,1732,1092,18,1,0,0,575.55,1160.65,NA,7030,94525,01770,5,3
22111009603,22,111,009603,2516,1873,612,26,0,5,0,1837,1443,376,14,0,4,0,371.89,749.95,NA,7030,94702,01770,5,4
22111009604,22,111,009604,3436,1658,1755,15,0,8,0,2456,1321,1121,8,0,6,0,497.2,1002.66,NA,25160,94138,01770,5,4
22111009605,22,111,009605,3877,3557,292,21,3,4,0,2790,2583,185,17,1,4,0,564.82,1139.01,NA,25160,95341,01770,5,4
22111009606,22,111,009606,2795,2566,203,17,6,3,0,2064,1892,149,15,5,3,0,417.85,842.62,NA,25160,94900,01770,5,4
22113009501,22,113,009501,5186,4635,428,93,4,22,4,3558,3203,277,61,4,12,1,1078.44,1103.06,NA,49240,94345,01800,7,6
22113009502,22,113,009502,3896,3591,275,28,1,1,0,2745,2551,178,15,0,1,0,832.02,851.01,NA,32055,95716,01800,7,6
22113009503,22,113,009503,1452,1425,16,8,3,0,0,1001,985,10,5,1,0,0,303.41,310.33,NA,NA,95527,01800,7,6
22113009504,22,113,009504,5803,4978,744,47,9,22,3,4251,3709,488,29,6,16,3,1288.49,1317.91,NA,39055,95527,01800,7,6
22113009505,22,113,009505,4454,4236,169,27,14,6,2,3004,2868,104,16,8,6,2,910.52,931.31,NA,NA,95692,01800,7,6
22113009506,22,113,009506,2911,2694,120,35,5,57,0,2102,1971,75,26,3,27,0,637.12,651.67,NA,100,95593,01800,7,6
22113009507,22,113,009507,4031,2824,871,54,11,271,0,2788,2092,530,33,5,128,0,845.05,864.35,NA,100,94903,01800,7,6
22113009508,22,113,009508,6012,2598,3202,81,3,124,4,3974,2014,1835,55,2,66,2,1204.53,1232.03,NA,100,95218,01800,7,6
22113009509,22,113,009509,6255,5582,480,103,8,75,7,4322,3881,320,76,7,33,5,1310.01,1339.92,NA,100,95068,01800,7,6
22113009510,22,113,009510,7724,6908,619,95,16,86,0,5322,4796,406,66,12,42,0,1613.11,1649.95,NA,24180,95344,01800,7,6
22113009511,22,113,009511,2100,2063,6,21,3,7,0,1450,1427,5,13,3,2,0,439.5,449.53,NA,NA,95692,01800,7,6
22113951298,22,113,951298,231,231,0,0,0,0,0,161,161,0,0,0,0,0,48.8,49.91,NA,20155,94528,01800,7,6
22113951398,22,113,951398,0,0,0,0,0,0,0,0,0,0,0,0,0,0,0,0,NA,NA,95344,01800,7,6
22115009501,22,115,009501,5284,4997,100,128,30,29,0,3832,3645,73,71,23,20,0,386.71,685.84,16005,70595,95071,01830,4,5
22115009502,22,115,009502,4562,4281,108,82,51,35,5,3296,3103,83,53,27,25,5,332.62,589.91,NA,36045,94144,01830,4,5
22115009503,22,115,009503,3967,3824,31,71,9,30,2,2841,2745,21,39,9,25,2,286.71,508.47,NA,NA,94531,01830,4,5
22115009504,22,115,009504,4378,2205,1940,141,15,74,3,3139,1710,1251,99,14,64,1,316.78,561.81,NA,43010,95530,01830,4,5
22115009505,22,115,009505,6833,4416,1521,511,52,327,6,4812,3267,935,325,34,249,2,485.61,861.24,NA,43010,95596,01830,4,5
22115009506,22,115,009506,4399,3009,932,287,13,147,11,2838,2026,539,165,9,96,3,286.4,507.94,NA,43010,95347,01830,4,5
22115009507,22,115,009507,21114,11382,7086,1820,154,626,46,15041,8387,4904,1182,116,429,23,1517.89,2692,NA,26757,94708,01830,4,5
22115009508,22,115,009508,5216,4457,532,135,52,38,2,3673,3157,363,85,36,30,2,370.67,657.38,NA,NA,94906,01830,4,5
22115009509,22,115,009509,6208,5441,376,230,40,113,8,4366,3843,252,161,26,81,3,440.6,781.41,NA,66200,94708,01830,4,5
22117009501,22,117,009501,7465,4442,2944,64,9,6,0,5402,3285,2045,59,7,6,0,1398,1751.97,NA,2165,95350,01860,6,1
22117009502,22,117,009502,4543,3498,1015,28,2,0,0,3096,2427,652,15,2,0,0,801.22,1004.09,NA,27190,95533,01860,6,1
22117009503,22,117,009503,4327,1368,2950,5,1,3,0,2885,1021,1860,3,0,1,0,746.62,935.66,NA,27190,95719,01860,6,1
22117009504,22,117,009504,3041,2210,809,17,3,2,0,2096,1597,480,15,2,2,0,542.43,679.77,NA,NA,95599,01860,6,1
22117009505,22,117,009505,3833,3637,143,28,12,13,0,2775,2631,115,17,5,7,0,718.15,899.99,NA,27190,95695,01860,6,1
22117009506,22,117,009506,4051,3819,203,19,7,3,0,2983,2822,141,14,4,2,0,771.98,967.44,NA,8150,95695,01860,6,1
22117009507,22,117,009507,5566,5247,271,30,13,5,0,4161,3980,146,20,12,3,0,1076.83,1349.49,NA,8150,95074,00240,6,1
22117009508,22,117,009508,5381,1428,3915,25,6,7,0,3715,1150,2536,18,4,7,0,961.41,1204.85,NA,8150,94351,00240,6,1
22117009509,22,117,009509,1419,1035,375,6,0,3,0,1055,798,249,6,0,2,0,273.03,342.16,NA,8150,94351,00240,6,1
22117009510,22,117,009510,3559,2842,689,17,5,6,0,2598,2168,411,12,4,3,0,672.34,842.58,NA,8150,94711,01860,6,1
22119000311,22,119,000311,2000,1654,338,5,1,2,0,1521,1267,248,4,1,1,0,342.67,530.38,NA,69455,94714,01890,4,4
22119000312,22,119,000312,3531,2241,1263,22,3,2,0,2574,1726,834,10,2,2,0,579.9,897.56,NA,18790,94537,01890,4,3
22119000313,22,119,000313,5466,4249,1168,37,9,3,0,4120,3367,720,22,8,3,0,928.2,1436.65,NA,72485,94150,01890,4,3
22119000314,22,119,000314,3530,2942,560,14,10,4,0,2513,2145,348,10,7,3,0,566.16,876.29,NA,17915,94912,01890,4,4
22119000315,22,119,000315,5175,4179,950,30,9,6,1,3813,3100,677,21,9,5,1,859.04,1329.6,NA,21590,95659,01890,4,4
22119000316,22,119,000316,2208,1907,264,18,7,12,0,1537,1335,178,11,5,8,0,346.27,535.96,NA,50885,95077,01890,4,4
22119000317,22,119,000317,3669,1224,2404,25,3,13,0,2474,924,1518,18,3,11,0,557.37,862.69,NA,50885,95227,01890,4,4
22119000318,22,119,000318,2875,2636,204,19,14,2,0,2123,1947,151,10,13,2,0,478.29,740.3,NA,50885,95353,01890,4,4
22119000319,22,119,000319,3932,659,3264,5,4,0,0,2878,553,2316,5,4,0,0,648.39,1003.57,NA,50885,95458,01890,4,4
22119000320,22,119,000320,3254,2373,865,8,4,4,0,2419,1856,550,6,3,4,0,544.98,843.51,NA,50885,95353,01890,4,4
22119000321,22,119,000321,6349,4325,1963,46,12,3,0,4544,3213,1283,35,11,2,0,1023.73,1584.5,NA,70175,95602,01890,4,4
22121000201,22,121,000201,5387,2517,2804,51,8,7,0,3931,1945,1939,37,7,3,0,1316.19,1145.29,NA,61790,94717,01920,8,5
22121000202,22,121,000202,2842,1643,1147,25,15,11,1,1934,1202,697,17,9,8,1,647.55,563.47,NA,61790,95080,01920,8,5
22121000203,22,121,000203,4312,3057,1191,49,2,0,13,3059,2194,811,42,2,0,10,1024.23,891.24,NA,NA,95230,01920,8,5
22121000204,22,121,000204,6874,4953,1827,80,4,7,3,4712,3459,1186,56,4,5,2,1577.69,1372.84,NA,415,94153,01920,8,5
22121020199,22,121,020199,4,0,3,1,0,0,0,4,0,3,1,0,0,0,1.34,1.17,NA,61790,94717,01920,8,5
22123009801,22,123,009801,5082,4138,898,26,17,3,0,3634,3055,547,17,14,1,0,642.22,1418.48,NA,56820,94918,01950,5,4
22123009802,22,123,009802,4137,3781,307,43,4,2,0,2920,2685,199,30,4,2,0,516.04,1139.78,NA,56820,94543,01950,5,4
22123009803,22,123,009803,2874,2008,805,46,14,1,0,2013,1481,495,25,11,1,0,355.75,785.74,NA,60565,94156,01950,5,4
22125009517,22,125,009517,8000,2599,5199,161,33,3,5,7062,2168,4696,159,31,3,5,1500.15,1290.32,NA,NA,94921,01980,8,3
22125009518,22,125,009518,4915,2963,1891,42,9,9,1,3304,2074,1188,31,4,6,1,701.85,603.68,NA,67215,94363,01980,8,3
22127009601,22,127,009601,3909,3560,302,26,18,3,0,2881,2649,197,21,11,3,0,507.85,858.19,NA,21170,95605,02010,5,5
22127009602,22,127,009602,5593,4143,1405,13,19,13,0,4128,3074,1021,12,14,7,0,727.66,1229.65,NA,11930,95233,02010,5,5
22127009603,22,127,009603,4114,1884,2156,71,1,1,1,2891,1431,1417,41,1,0,1,509.61,861.17,NA,82460,94549,02010,5,5
22127009604,22,127,009604,2653,1683,912,29,23,5,1,1843,1264,536,19,20,3,1,324.88,548.99,NA,82460,94924,02010,5,4
