GEOID,state,county,tract,pop,pop_white,pop_black,pop_hisp,pop_aian,pop_asian,pop_other,vap,vap_white,vap_black,vap_hisp,vap_aian,vap_asian,vap_other,ndv,nrv,ai_an_nh,place,mcd,school_elm,DISTRICT,school,cd_1980,cd_1990
25001000000,25,001,000000,0,0,0,0,0,0,0,0,0,0,0,0,0,0,0,0,NA,51405,29020,NA,NA,99998,1,1
25001000101,25,001,000101,3561,3435,53,46,9,17,1,3100,2997,41,41,8,13,0,1183,540,NA,55535,55500,NA,NA,09840,1,1
25001000102,25,001,000102,4066,3991,21,32,10,4,8,3296,3245,18,21,7,3,2,798,628,NA,NA,74385,12300,04560,99998,1,1
25001000103,25,001,000103,4462,4383,19,31,11,17,1,3553,3510,11,16,4,11,1,1146,1253,NA,47590,19295,04530,04560,NA,1,1
25001000104,25,001,000104,3079,3030,3,13,2,31,0,2572,2537,2,12,1,20,0,760.39,1037.79,NA,51405,51440,09210,04560,99998,1,1
25001000105,25,001,000105,2781,2767,7,4,3,0,0,2407,2396,4,4,3,0,0,711.61,971.21,NA,51405,51440,09210,04560,NA,1,1
25001000106,25,001,000106,3284,3224,23,24,4,8,1,2847,2803,13,21,3,6,1,605.64,697.25,NA,12960,12995,NA,NA,03480,1,1
25001000107,25,001,000107,3295,3261,6,13,10,4,1,2747,2724,3,8,8,3,1,584.36,672.75,NA,75505,12995,NA,NA,03480,1,1
25001000108,25,001,000108,3967,3921,4,28,1,13,0,3193,3172,2,13,1,5,0,887.11,952.71,NA,7945,7980,02970,04560,99998,1,1
25001000109,25,001,000109,4451,4351,33,37,8,20,2,3329,3280,11,22,5,9,2,924.89,993.29,NA,7945,7980,02970,04560,99998,1,1
25001000110,25,001,000110,3269,3050,32,36,7,6,138,2573,2413,24,23,4,5,104,782.78,862.51,NA,49700,29020,NA,NA,05910,1,1
25001000111,25,001,000111,3664,3518,25,28,4,5,84,2928,2829,16,17,4,3,59,890.78,981.51,NA,19400,29020,NA,NA,05910,1,1
25001000112,25,001,000112,3342,3255,20,20,11,15,21,2825,2772,10,15,6,7,15,859.44,946.98,NA,29090,29020,NA,NA,05910,1,1
25001000113,25,001,000113,2796,2740,9,21,10,9,7,2225,2199,4,11,6,2,3,644.43,718.3,NA,16740,16775,NA,NA,04140,1,1
25001000114,25,001,000114,2881,2822,19,10,10,5,15,2333,2301,9,7,5,4,7,675.71,753.16,NA,18840,16775,NA,NA,04140,1,1
25001000115,25,001,000115,3735,3607,47,34,8,22,17,2981,2899,36,18,5,9,14,863.39,962.36,NA,63655,16775,NA,NA,04140,1,1
25001000116,25,001,000116,2510,2375,46,45,11,4,29,2085,2014,25,25,8,3,10,603.88,673.1,NA,16810,16775,NA,NA,04140,1,1
25001000117,25,001,000117,1942,1886,14,9,17,8,8,1642,1598,12,7,12,5,8,475.58,530.09,NA,75820,16775,NA,NA,04140,1,1
25001000118,25,001,000118,5375,5262,33,59,5,15,1,4377,4316,17,31,3,9,1,1186.2,1353.54,NA,82595,82525,NA,NA,04140,1,1
25001000120,25,001,000120,8106,7854,60,126,9,25,32,6862,6706,37,76,8,20,15,1859.65,2122,NA,66035,82525,NA,NA,04140,1,1
25001000121,25,001,000121,7693,7337,131,112,35,41,37,6207,5996,71,64,25,30,21,1682.14,1919.45,NA,78795,82525,NA,NA,04140,1,1
25001000122,25,001,000122,4347,4257,39,16,19,11,5,3456,3386,35,15,13,3,4,933.1,927.2,NA,3695,3635,NA,NA,02310,1,1
25001000123,25,001,000123,490,402,36,23,14,1,14,407,343,25,17,10,1,11,109.89,109.19,NA,31820,3635,NA,NA,02310,1,1
25001000124,25,001,000124,2342,1941,150,143,37,31,40,2026,1698,119,128,26,25,30,547.01,543.55,NA,31820,3635,NA,NA,02310,1,1
25001000125,25,001,000125,3284,2943,110,119,24,27,61,2707,2487,68,79,17,15,41,730.87,726.25,NA,31820,3635,NA,NA,02310,1,1
25001000126,25,001,000126,6805,5912,434,146,91,70,152,5305,4702,301,98,63,55,86,1432.32,1423.26,NA,31820,3635,NA,NA,02310,1,1
25001000127,25,001,000127,4688,4463,87,78,6,36,18,3727,3582,59,51,4,23,8,1006.27,999.9,NA,12085,3635,NA,NA,02310,1,1
25001000128,25,001,000128,3438,3328,25,41,10,28,6,2752,2680,20,24,8,18,2,743.02,738.32,NA,12085,3635,NA,NA,02310,1,1
25001000129,25,001,000129,3621,3547,26,23,8,12,5,2850,2794,23,16,5,8,4,769.48,764.62,NA,12085,3635,NA,NA,02310,1,1
25001000130,25,001,000130,2963,2843,43,29,10,6,32,2449,2360,32,17,10,2,28,661.21,657.03,NA,51510,3635,NA,NA,02310,1,1
25001000131,25,001,000131,5089,4839,82,42,29,39,58,3566,3406,55,24,17,18,46,962.8,956.71,NA,38995,3635,NA,NA,02310,1,1
25001000132,25,001,000132,3882,3738,46,41,23,18,16,2978,2885,27,26,21,9,10,804.04,798.96,NA,15515,3635,07440,NA,02310,1,1
25001000133,25,001,000133,3148,3084,9,14,6,22,13,2566,2522,6,10,5,12,11,652.51,743.31,NA,59700,59735,NA,NA,10470,1,1
25001000134,25,001,000134,3386,3334,7,27,2,14,2,2519,2493,3,16,1,6,0,640.56,729.7,NA,20380,59735,NA,NA,10470,1,1
25001000135,25,001,000135,4533,4447,16,33,17,9,11,3179,3141,8,17,7,1,5,808.39,920.88,NA,NA,59735,NA,NA,10470,1,1
25001000136,25,001,000136,4400,4260,22,57,21,35,5,2983,2916,15,27,11,12,2,758.55,864.11,NA,24190,59735,NA,NA,10470,1,1
25001000137,25,001,000137,3582,3425,22,60,24,17,34,2925,2812,11,48,18,15,21,844.55,696.62,NA,10015,7175,NA,NA,02820,1,1
25001000138,25,001,000138,3111,3040,17,13,10,8,23,2297,2255,10,6,8,7,11,663.23,547.06,NA,58965,7175,NA,NA,02820,1,1
25001000139,25,001,000139,3764,3632,39,19,14,26,34,2919,2827,26,14,12,16,24,842.82,695.19,NA,42670,7175,NA,NA,02820,1,1
25001000140,25,001,000140,3571,3464,41,30,14,13,9,2799,2714,34,23,11,8,9,786.8,659.83,NA,54450,7175,NA,NA,02820,1,1
25001000141,25,001,000141,2058,1838,99,78,16,27,0,1172,1051,56,36,10,19,0,338.4,279.13,NA,NA,7175,07440,NA,02820,1,1
25001000143,25,001,000143,3970,3875,31,23,6,20,15,3121,3053,24,18,3,8,15,877.32,735.74,NA,47730,23105,NA,NA,04860,1,1
25001000144,25,001,000144,4821,4494,79,74,22,32,120,3499,3262,50,53,14,23,97,983.57,824.84,NA,75960,23105,NA,NA,04860,1,1
25001000145,25,001,000145,4433,4068,104,61,38,38,124,3111,2909,59,28,17,23,75,874.51,733.38,NA,18980,23105,NA,NA,04860,1,1
25001000146,25,001,000146,3544,3149,116,102,40,13,124,2705,2431,77,73,24,10,90,760.38,637.67,NA,18980,23105,NA,NA,04860,1,1
25001000147,25,001,000147,3740,3476,53,57,35,23,96,2949,2780,34,45,21,17,52,828.97,695.19,NA,69205,23105,NA,NA,04860,1,1
25001000148,25,001,000148,3438,3251,55,48,21,26,37,2962,2820,40,38,16,19,29,832.62,698.25,NA,23070,23105,NA,NA,04860,1,1
25001000149,25,001,000149,3908,3783,23,45,4,41,12,3305,3207,19,35,2,34,8,929.04,779.11,NA,23070,23105,NA,NA,04860,1,1
25001000150,25,001,000150,4667,3896,256,93,338,12,72,3369,2858,184,50,231,7,39,775.33,702.32,NA,NA,39100,07440,NA,10470,1,1
25001000151,25,001,000151,2117,1976,46,21,35,15,24,1623,1546,29,11,16,10,11,373.51,338.34,NA,NA,39100,07440,NA,NA,1,1
25001000152,25,001,000152,1100,1081,6,2,8,2,1,961,946,3,2,7,2,1,221.16,200.34,NA,NA,39100,07440,NA,NA,1,1
25001014999,25,001,014999,106,101,3,1,0,1,0,106,101,3,1,0,1,0,29.8,24.99,NA,NA,23105,NA,NA,04860,1,1
25003009001,25,003,009001,3764,3365,246,75,9,62,7,3081,2807,167,46,8,52,1,628.2,632.05,NA,53960,53960,NA,NA,09630,8,2
25003009002,25,003,009002,5254,4903,178,97,8,52,16,4003,3759,126,64,6,44,4,816.19,821.2,NA,53960,53960,NA,NA,09630,8,2
25003009003,25,003,009003,3155,3025,64,50,6,8,2,2406,2327,41,28,5,5,0,490.57,493.58,NA,53960,53960,NA,NA,09630,8,2
25003009004,25,003,009004,5382,5219,92,42,1,21,7,4043,3958,48,20,1,14,2,824.35,829.4,NA,53960,53960,NA,NA,09630,8,2
25003009005,25,003,009005,2704,2630,23,30,9,12,0,2127,2078,17,18,5,9,0,433.68,436.34,NA,53960,53960,NA,NA,09630,8,2
25003009006,25,003,009006,4594,3777,664,73,24,24,32,3427,2889,452,45,20,16,5,698.75,703.03,NA,53960,53960,NA,NA,09630,8,2
25003009007,25,003,009007,2943,2871,36,18,1,13,4,2288,2242,25,10,1,9,1,466.51,469.37,NA,53960,53960,NA,NA,09630,8,2
25003009008,25,003,009008,5453,5340,25,27,3,58,0,4157,4079,19,21,3,35,0,847.59,852.79,NA,53960,53960,NA,NA,09630,8,2
25003009009,25,003,009009,5774,5548,103,74,7,32,10,4406,4272,63,42,4,22,3,898.36,903.87,NA,53960,53960,NA,NA,09630,8,2
25003009010,25,003,009010,5761,5637,35,21,11,49,8,4452,4376,21,16,5,32,2,907.74,913.31,NA,53960,53960,NA,NA,09630,8,2
25003009011,25,003,009011,3806,3739,14,28,3,20,2,3174,3125,11,23,3,12,0,647.16,651.13,NA,53960,53960,NA,NA,09630,8,2
25003009012,25,003,009012,32,32,0,0,0,0,0,24,24,0,0,0,0,0,4.89,4.92,NA,53960,53960,NA,NA,09630,8,2
25003009111,25,003,009111,3032,2973,14,25,3,16,1,2265,2229,10,15,1,9,1,647,504,NA,NA,34340,06630,08160,NA,8,2
25003009121,25,003,009121,7155,7048,32,40,2,33,0,5293,5221,24,23,2,23,0,1552,1244,NA,NA,16180,NA,NA,03390,8,2
25003009131,25,003,009131,5069,4891,67,44,12,50,5,3969,3872,28,31,4,32,2,1274,1135,NA,34935,34970,NA,NA,06750,8,2
25003009141,25,003,009141,5849,5749,18,37,7,38,0,4502,4437,12,22,7,24,0,1158,854,NA,34620,34655,NA,NA,06690,8,2
25003009201,25,003,009201,8220,7592,244,151,15,211,7,6927,6365,219,131,15,196,1,2015,1230,NA,79950,79985,13020,08160,NA,8,2
25003009211,25,003,009211,503,479,7,10,5,2,0,444,422,6,9,5,2,0,128.28,66.79,NA,46225,46225,NA,NA,08670,8,2
25003009212,25,003,009212,4496,4342,33,70,11,38,2,3417,3322,24,46,5,20,0,987.24,514.02,NA,46225,46225,NA,NA,08670,8,2
25003009213,25,003,009213,6170,5981,103,48,14,18,6,5055,4916,75,38,8,15,3,1460.49,760.42,NA,46225,46225,NA,NA,08670,8,2
25003009214,25,003,009214,2057,1984,23,30,3,14,3,1601,1555,11,19,3,11,2,462.56,240.84,NA,46225,46225,NA,NA,08670,8,2
25003009215,25,003,009215,3571,3458,47,41,9,15,1,2632,2566,26,23,8,8,1,760.44,395.93,NA,46225,46225,NA,NA,08670,8,2
25003009221,25,003,009221,3262,3215,10,22,3,10,2,2618,2596,5,13,2,2,0,922.22,516.64,NA,590,555,NA,NA,01780,8,2
25003009222,25,003,009222,4038,4017,3,10,1,6,1,3142,3131,2,6,1,2,0,1106.81,620.05,NA,590,555,NA,NA,01780,8,2
25003009223,25,003,009223,2145,2132,3,7,0,3,0,1689,1681,3,2,0,3,0,594.97,333.31,NA,590,555,NA,NA,01780,8,2
25003009231,25,003,009231,3479,3438,4,26,4,7,0,2579,2555,3,16,2,3,0,788,605,NA,NA,13345,NA,NA,01780,8,2
25003009241,25,003,009241,2408,2317,26,42,3,18,2,1935,1866,21,36,3,9,0,714,425,NA,NA,67595,NA,NA,02530,8,2
25003009251,25,003,009251,7725,7316,198,134,8,62,7,5832,5577,124,90,5,32,4,1512,1076,NA,26780,26815,NA,NA,02530,8,2
25003009261,25,003,009261,2910,2830,53,13,2,12,0,2210,2150,39,12,2,7,0,512,661,NA,NA,61065,NA,NA,11040,8,2
25003009311,25,003,009311,4670,4627,15,16,4,5,3,3436,3411,8,9,3,5,0,90,105,NA,NA,80685,04920,NA,03390,8,2
25003009321,25,003,009321,5128,5035,20,41,15,15,2,3769,3714,13,22,10,10,0,238,203,NA,NA,4545,09240,NA,03390,8,2
25003009331,25,003,009331,3081,3002,34,28,7,6,4,2344,2305,13,17,7,2,0,232,250,NA,NA,45420,10440,NA,11040,8,2
25003009341,25,003,009341,3265,3204,9,21,3,28,0,2504,2462,7,14,3,18,0,288,262,NA,NA,77990,NA,NA,11040,8,2
25003009351,25,003,009351,2497,2461,11,16,1,8,0,1912,1883,9,13,1,6,0,173,259,NA,NA,56795,10080,NA,01780,8,2
25005000000,25,005,000000,0,0,0,0,0,0,0,0,0,0,0,0,0,0,0,0,NA,NA,NA,NA,NA,99998,1,5
25005006001,25,005,006001,7664,7525,34,34,6,46,19,6128,6030,27,24,6,29,12,1139.56,1296.7,NA,NA,20100,NA,NA,04620,2,5
25005006101,25,005,006101,4793,4687,30,42,11,23,0,3697,3623,22,29,5,18,0,815.85,947.68,NA,38230,38225,NA,NA,07230,7,4
25005006102,25,005,006102,11775,11237,237,155,13,127,6,8334,8011,142,87,8,85,1,1839.15,2136.32,NA,38230,38225,NA,NA,07230,7,4
25005006111,25,005,006111,7243,6893,145,96,10,91,8,5464,5183,118,79,6,74,4,1024.76,1226.63,NA,50005,49970,NA,NA,09000,7,5
25005006112,25,005,006112,7022,6840,41,78,14,43,6,5200,5068,37,47,7,35,6,975.24,1167.37,NA,NA,49970,NA,NA,09000,7,5
25005006121,25,005,006121,3430,3355,13,29,3,27,3,2511,2459,8,23,2,16,3,724.86,737.69,NA,NA,56060,09960,03030,NA,2,5
25005006122,25,005,006122,6437,6244,66,57,8,49,13,4729,4613,36,35,6,28,11,1365.14,1389.31,NA,56095,56060,09960,03030,11520,2,5
25005006131,25,005,006131,5661,5505,22,79,3,18,34,4515,4406,19,57,2,12,19,1007.23,735.52,NA,69170,69170,NA,NA,11520,2,10
25005006132,25,005,006132,558,542,13,1,1,0,1,503,487,13,1,1,0,1,112.21,81.94,NA,69170,69170,NA,NA,11520,2,10
25005006133,25,005,006133,6700,6445,44,148,3,25,35,5126,4951,30,110,2,14,19,1143.53,835.05,NA,69170,69170,NA,NA,11520,2,10
25005006134,25,005,006134,27,26,0,0,0,1,0,21,20,0,0,0,1,0,4.68,3.42,NA,69170,69170,NA,NA,11520,2,10
25005006135,25,005,006135,386,369,12,3,0,0,2,358,345,11,1,0,0,1,79.86,58.32,NA,69170,69170,NA,NA,11520,2,10
25005006136,25,005,006136,3360,3115,21,196,4,2,22,2488,2346,12,112,3,2,13,555.03,405.31,NA,69170,69170,NA,NA,11520,2,10
25005006137,25,005,006137,4482,4214,84,119,6,25,34,3547,3364,61,85,4,15,18,791.28,577.83,NA,69170,69170,NA,NA,11520,2,10
25005006138,25,005,006138,5183,4450,145,380,14,46,148,4000,3503,103,256,10,33,95,892.34,651.62,NA,69170,69170,NA,NA,11520,2,10
25005006139,25,005,006139,8428,7490,220,602,13,43,60,6263,5748,111,329,9,23,43,1397.18,1020.28,NA,69170,69170,NA,NA,11520,2,10
25005006140,25,005,006140,4599,3948,112,466,13,4,56,3324,2925,69,274,9,4,43,741.53,541.5,NA,69170,69170,NA,NA,11520,2,10
25005006141,25,005,006141,10448,9678,192,368,16,57,137,7742,7227,129,248,8,38,92,1727.12,1261.21,NA,69170,69170,09960,03030,11520,2,10
25005006151,25,005,006151,5631,5520,13,67,12,7,12,4201,4126,7,51,8,4,5,1109,1077,NA,NA,16950,NA,NA,04200,2,5
25005006161,25,005,006161,4237,4162,11,36,2,5,21,2944,2895,8,24,2,3,12,572,673,NA,69170,5280,NA,NA,02520,7,5
25005006171,25,005,006171,8522,8274,40,65,15,33,95,6134,5961,21,44,13,23,72,1497,1393,NA,NA,25240,05040,05070,NA,7,5
25005006301,25,005,006301,10516,10232,54,121,10,97,2,8000,7825,38,65,7,63,2,1449.2,1880.74,NA,46585,46575,NA,NA,08730,7,4
25005006302,25,005,006302,14522,14156,76,81,6,201,2,10631,10384,55,55,6,129,2,1925.8,2499.26,NA,46585,46575,NA,NA,08730,7,4
25005006311,25,005,006311,6751,6546,57,49,13,77,9,5187,5053,39,30,11,48,6,1003.61,1067.94,NA,2690,2690,NA,NA,02190,7,4
25005006312,25,005,006312,5193,4996,31,69,9,83,5,3959,3845,17,34,5,55,3,766.01,815.11,NA,2690,2690,NA,NA,02190,7,4
25005006313,25,005,006313,4830,4591,48,90,2,97,2,3641,3500,31,52,2,55,1,704.48,749.64,NA,2690,2690,NA,NA,02190,7,4
25005006314,25,005,006314,2447,2055,48,243,10,81,10,1846,1584,35,170,6,44,7,357.17,380.07,NA,2690,2690,NA,NA,02190,7,4
25005006315,25,005,006315,2806,2662,10,102,4,25,3,2159,2062,7,70,2,15,3,417.74,444.51,NA,2690,2690,NA,NA,02190,7,4
25005006316,25,005,006316,4223,3404,64,368,5,381,1,2997,2479,37,248,4,228,1,579.88,617.04,NA,2690,2690,NA,NA,02190,7,4
25005006317,25,005,006317,5577,5367,35,79,5,85,6,4123,3989,21,46,4,60,3,797.74,848.87,NA,2690,2690,NA,NA,02190,7,4
25005006318,25,005,006318,6556,6234,72,130,21,83,16,4793,4585,50,86,11,52,9,927.38,986.82,NA,2690,2690,NA,NA,02190,7,4
25005006321,25,005,006321,6010,5900,14,34,7,53,2,4579,4505,12,22,3,35,2,1298.48,934.29,NA,49200,60645,NA,NA,10590,7,4
25005006322,25,005,006322,7036,6759,74,38,16,109,40,5228,5041,58,30,11,58,30,1482.52,1066.71,NA,NA,60645,NA,NA,10590,7,4
25005006331,25,005,006331,4266,4192,14,26,2,26,6,3097,3057,11,14,2,11,2,778.41,751.49,NA,NA,56375,NA,NA,04200,7,5
25005006332,25,005,006332,4390,4307,25,28,4,18,8,3229,3173,16,22,4,8,6,811.59,783.51,NA,NA,56375,NA,NA,04200,7,5
25005006401,25,005,006401,4701,4472,49,86,13,75,6,3435,3319,22,45,9,39,1,949.66,349.68,NA,23000,23000,NA,NA,04830,7,4
25005006402,25,005,006402,6289,6086,36,117,6,34,10,4813,4689,22,74,3,17,8,1330.63,489.96,NA,23000,23000,NA,NA,04830,7,4
25005006403,25,005,006403,3859,3598,56,70,2,130,3,2764,2619,28,44,2,69,2,764.15,281.38,NA,23000,23000,NA,NA,04830,7,4
25005006404,25,005,006404,2868,2816,9,31,3,6,3,2228,2186,7,25,3,4,3,615.97,226.81,NA,23000,23000,NA,NA,04830,7,4
25005006405,25,005,006405,5632,5464,16,72,2,75,3,4341,4226,14,47,2,51,1,1200.14,441.91,NA,23000,23000,NA,NA,04830,7,4
25005006406,25,005,006406,4888,4789,32,52,0,13,2,3644,3573,27,32,0,10,2,1007.44,370.96,NA,23000,23000,NA,NA,04830,7,4
25005006407,25,005,006407,3133,3062,16,37,1,16,1,2384,2342,7,24,1,9,1,659.09,242.69,NA,23000,23000,NA,NA,04830,7,4
25005006408,25,005,006408,3311,3086,67,107,1,46,4,2281,2157,37,62,1,22,2,630.62,232.21,NA,23000,23000,NA,NA,04830,7,4
25005006409,25,005,006409,7096,6733,97,160,5,82,19,5221,5002,61,98,2,49,9,1443.43,531.5,NA,23000,23000,NA,NA,04830,7,4
25005006410,25,005,006410,2878,2790,24,49,0,13,2,2247,2190,10,38,0,7,2,621.22,228.75,NA,23000,23000,NA,NA,04830,7,4
25005006411,25,005,006411,464,444,5,9,1,1,4,434,418,5,5,1,1,4,119.99,44.18,NA,23000,23000,NA,NA,04830,7,5
25005006412,25,005,006412,3435,3147,68,107,2,106,5,2455,2285,32,70,2,64,2,678.72,249.92,NA,23000,23000,NA,NA,04830,7,5
25005006413,25,005,006413,5975,5523,83,174,8,179,8,4291,4058,45,97,4,80,7,1186.31,436.82,NA,23000,23000,NA,NA,04830,7,5
25005006414,25,005,006414,3195,2953,15,57,1,167,2,2233,2106,7,49,1,68,2,617.35,227.32,NA,23000,23000,NA,NA,04830,7,4
25005006415,25,005,006415,2803,2755,4,13,0,26,5,2135,2101,1,13,0,16,4,590.25,217.34,NA,23000,23000,NA,NA,04830,7,4
25005006416,25,005,006416,2431,2399,7,8,0,6,11,1917,1890,5,8,0,6,8,529.98,195.15,NA,23000,23000,NA,NA,04830,7,5
25005006417,25,005,006417,5496,5353,29,85,9,17,3,4319,4231,20,57,2,6,3,1194.06,439.68,NA,23000,23000,NA,NA,04830,7,5
25005006418,25,005,006418,2437,2346,27,51,1,9,3,1979,1911,18,39,0,9,2,547.13,201.46,NA,23000,23000,NA,NA,04830,7,5
25005006419,25,005,006419,2483,2338,39,38,3,62,3,1908,1803,32,32,3,37,1,527.5,194.23,NA,23000,23000,NA,NA,04830,7,5
25005006420,25,005,006420,3316,3121,59,70,9,39,18,2448,2303,45,52,6,26,16,676.79,249.21,NA,23000,23000,NA,NA,04830,7,5
25005006421,25,005,006421,3725,3533,82,66,8,23,13,2891,2765,48,48,6,16,8,799.26,294.3,NA,23000,23000,NA,NA,04830,7,5
25005006422,25,005,006422,3644,3502,30,72,5,30,5,2822,2743,15,41,2,18,3,780.19,287.28,NA,23000,23000,NA,NA,04830,7,5
25005006423,25,005,006423,2457,2442,2,8,0,5,0,2022,2009,2,6,0,5,0,559.01,205.84,NA,23000,23000,NA,NA,04830,7,5
25005006424,25,005,006424,2948,2901,9,25,3,10,0,2386,2347,7,21,3,8,0,659.65,242.9,NA,23000,23000,NA,NA,04830,7,5
25005006425,25,005,006425,3239,3141,39,13,5,34,7,2559,2500,19,9,3,24,4,707.48,260.51,NA,23000,23000,NA,NA,04830,7,5
25005006441,25,005,006441,10568,10376,10,92,7,72,11,8295,8140,9,79,6,54,7,3130.27,1733.79,NA,62465,62430,NA,NA,10860,7,4
25005006442,25,005,006442,7072,6963,8,43,10,45,3,5726,5637,6,39,6,36,2,2160.81,1196.82,NA,62465,62430,NA,NA,10860,7,4
25005006451,25,005,006451,15405,15163,52,91,18,67,14,11780,11621,25,63,10,51,10,3592,2268,NA,50880,68750,NA,NA,11460,7,4
25005006461,25,005,006461,13852,13650,19,88,8,63,24,10722,10574,16,67,8,41,16,3306,2431,NA,49710,77570,NA,NA,12780,7,4
25005006503,25,005,006503,3354,3268,10,44,4,9,19,2677,2619,7,31,4,4,12,753.58,314.3,NA,45000,45000,NA,NA,08430,1,5
25005006504,25,005,006504,4076,3892,27,115,3,7,32,3046,2920,17,76,3,6,24,857.46,357.63,NA,45000,45000,NA,NA,08430,1,5
25005006505,25,005,006505,3363,3265,18,56,2,10,12,2615,2541,14,43,2,6,9,736.13,307.02,NA,45000,45000,NA,NA,08430,1,5
25005006506,25,005,006506,2972,2793,21,119,4,13,22,2163,2047,11,70,3,13,19,608.89,253.95,NA,45000,45000,NA,NA,08430,1,5
25005006507,25,005,006507,2446,2070,56,251,5,4,60,1740,1527,31,138,2,2,40,489.82,204.29,NA,45000,45000,NA,NA,08430,1,5
25005006508,25,005,006508,3981,3655,40,209,8,10,59,2896,2680,32,137,4,6,37,815.23,340.02,NA,45000,45000,NA,NA,08430,1,5
25005006509,25,005,006509,3054,2104,181,621,15,11,122,2036,1556,89,314,12,9,56,573.14,239.04,NA,45000,45000,NA,NA,08430,1,5
25005006511,25,005,006511,4253,3542,109,438,20,22,122,3053,2624,67,247,11,21,83,859.43,358.45,NA,45000,45000,NA,NA,08430,1,5
25005006512,25,005,006512,1960,1625,76,205,10,7,37,1298,1103,44,108,7,4,32,365.39,152.4,NA,45000,45000,NA,NA,08430,1,5
25005006513,25,005,006513,2578,1948,179,243,30,18,160,1887,1477,122,141,21,9,117,531.2,221.55,NA,45000,45000,NA,NA,08430,1,5
25005006514,25,005,006514,3552,2792,175,201,36,7,341,2674,2165,121,116,29,6,237,752.74,313.95,NA,45000,45000,NA,NA,08430,1,5
25005006515,25,005,006515,3175,1909,354,409,45,30,428,2218,1392,258,219,28,20,301,624.37,260.41,NA,45000,45000,NA,NA,08430,1,5
25005006516,25,005,006516,4375,3251,331,241,36,15,501,3214,2471,230,130,23,13,347,904.75,377.35,NA,45000,45000,NA,NA,08430,1,5
25005006517,25,005,006517,2678,1410,454,369,13,8,424,2092,1223,305,270,11,5,278,588.9,245.62,NA,45000,45000,NA,NA,08430,1,5
25005006518,25,005,006518,1861,1395,129,145,19,17,156,1711,1327,107,115,18,13,131,481.65,200.89,NA,45000,45000,NA,NA,08430,1,5
25005006519,25,005,006519,2047,716,171,338,11,1,810,1454,522,116,217,10,1,588,409.31,170.71,NA,45000,45000,NA,NA,08430,1,5
25005006520,25,005,006520,3024,2483,108,98,16,8,311,2345,1924,81,71,11,7,251,660.12,275.32,NA,45000,45000,NA,NA,08430,1,5
25005006521,25,005,006521,3125,2848,78,50,4,11,134,2353,2146,61,33,1,7,105,662.38,276.26,NA,45000,45000,NA,NA,08430,1,5
25005006522,25,005,006522,3180,3009,44,39,8,15,65,2503,2385,33,25,3,11,46,704.6,293.87,NA,45000,45000,NA,NA,08430,1,5
25005006523,25,005,006523,3037,2723,48,208,8,4,46,2314,2134,27,112,6,3,32,651.4,271.68,NA,45000,45000,NA,NA,08430,1,5
25005006524,25,005,006524,3080,2951,16,95,4,4,10,2350,2256,13,69,2,3,7,661.53,275.91,NA,45000,45000,NA,NA,08430,1,5
25005006525,25,005,006525,2954,2736,73,111,5,4,25,2155,2030,35,69,5,2,14,606.64,253.02,NA,45000,45000,NA,NA,08430,1,5
25005006526,25,005,006526,3337,2359,135,687,5,19,132,2168,1626,75,370,3,12,82,610.3,254.54,NA,45000,45000,NA,NA,08430,1,5
25005006527,25,005,006527,4074,3514,87,327,6,17,123,2957,2639,57,167,5,11,78,832.4,347.18,NA,45000,45000,NA,NA,08430,1,5
25005006528,25,005,006528,3536,3445,4,59,1,9,18,2805,2738,4,42,1,5,15,789.62,329.33,NA,45000,45000,NA,NA,08430,1,5
25005006531,25,005,006531,8370,8059,42,82,9,65,113,6308,6100,24,57,6,48,73,1510.09,1151.17,NA,62300,16425,NA,NA,04020,1,4
25005006532,25,005,006532,10826,10319,109,142,11,117,128,8727,8319,88,113,8,97,102,2089.18,1592.62,NA,6170,16425,NA,NA,04020,1,4
25005006533,25,005,006533,8048,7864,33,55,4,44,48,6248,6111,28,49,4,24,32,1495.73,1140.22,NA,6170,16425,NA,NA,04020,1,4
25005006541,25,005,006541,5864,5758,19,28,8,19,32,4336,4265,13,18,6,7,27,1226.23,1120.63,NA,530,520,NA,NA,01740,1,5
25005006542,25,005,006542,3690,3628,18,22,11,3,8,2973,2928,12,15,10,3,5,840.77,768.37,NA,530,520,NA,NA,01740,1,5
25005006551,25,005,006551,3379,3238,30,24,12,10,65,2576,2472,21,14,7,7,55,851.65,518.35,NA,NA,22130,NA,NA,04800,1,5
25005006552,25,005,006552,4844,4722,20,66,0,12,24,3850,3760,16,46,0,10,18,1272.84,774.71,NA,NA,22130,NA,NA,04800,1,5
25005006553,25,005,006553,3542,3434,15,21,5,21,46,2781,2705,11,13,2,16,34,919.42,559.6,NA,NA,22130,NA,NA,04800,1,5
25005006554,25,005,006554,4367,4262,16,25,7,32,25,3391,3320,11,13,7,18,22,1121.09,682.35,NA,NA,22130,NA,NA,04800,1,5
25005600201,25,005,600201,7443,7119,153,65,6,97,3,5199,4985,108,44,3,56,3,966.8,1100.12,NA,NA,20100,NA,NA,04620,2,10
25005600202,25,005,600202,4700,4463,145,23,5,51,13,3687,3544,89,13,2,32,7,685.63,780.18,NA,NA,20100,NA,NA,04620,2,5
25005644299,25,005,644299,21,14,5,2,0,0,0,21,14,5,2,0,0,0,7.92,4.39,NA,62465,62430,NA,NA,10860,7,4
25005650101,25,005,650101,4837,4631,52,87,6,15,46,3795,3646,33,61,6,12,37,1068.3,445.57,NA,45000,45000,NA,NA,08430,1,5
25005650102,25,005,650102,4247,3607,115,337,10,39,139,3096,2747,78,160,8,25,78,871.53,363.5,NA,45000,45000,NA,NA,08430,1,5
25005650201,25,005,650201,2805,2723,16,34,2,19,11,2261,2207,9,22,2,12,9,636.48,265.46,NA,45000,45000,NA,NA,08430,1,5
25005650202,25,005,650202,2231,2095,48,70,1,6,11,1814,1738,30,34,1,5,6,510.65,212.98,NA,45000,45000,NA,NA,08430,1,5
25005651001,25,005,651001,2678,2298,113,89,13,5,160,2205,1921,87,60,9,5,123,620.71,258.89,NA,45000,45000,NA,NA,08430,1,5
25005651002,25,005,651002,3898,3089,217,354,21,26,191,2920,2442,131,193,18,17,119,821.99,342.83,NA,45000,45000,NA,NA,08430,1,5
25005651899,25,005,651899,154,140,7,4,0,3,0,154,140,7,4,0,3,0,43.35,18.08,NA,45000,45000,NA,NA,08430,1,5
25007000000,25,007,000000,0,0,0,0,0,0,0,0,0,0,0,0,0,0,0,0,72715,NA,13800,03690,07380,99998,1,1
25007002001,25,007,002001,3120,2920,84,19,67,19,11,2410,2263,65,15,48,11,8,935,525,72715,71970,69940,12570,07380,NA,1,1
25007002002,25,007,002002,2804,2485,189,46,76,4,4,2182,1929,159,32,55,4,3,815,525,72715,NA,50390,04650,07380,NA,1,1
25007002003,25,007,002003,3062,2990,34,25,3,8,2,2371,2321,27,15,2,4,2,795,621,72715,NA,21150,09090,07380,NA,1,1
25007002004,25,007,002004,2653,2501,16,31,92,8,5,1972,1874,10,14,66,6,2,565,254,72715,NA,78235,11610,07380,99998,1,1
25009000000,25,009,000000,0,0,0,0,0,0,0,0,0,0,0,0,0,0,0,0,NA,NA,NA,NA,NA,99998,3,7
25009002011,25,009,002011,3828,3754,6,37,5,22,4,3147,3093,3,27,5,15,4,568.72,471.92,NA,43615,43580,08220,NA,07110,3,7
25009002021,25,009,002021,7821,7639,51,76,4,48,3,6293,6161,33,64,4,30,1,2207.84,1731.72,NA,68680,68645,NA,NA,11430,3,7
25009002022,25,009,002022,5829,5720,8,59,9,29,4,4598,4512,7,47,8,22,2,1613.16,1265.28,NA,68680,68645,NA,NA,11430,3,7
25009002031,25,009,002031,6809,6669,32,21,2,79,6,5208,5121,19,15,2,49,2,1633.91,1799.1,NA,38435,38400,NA,NA,07260,3,7
25009002032,25,009,002032,4458,4372,11,39,2,28,6,3559,3506,7,23,1,17,5,1116.57,1229.45,NA,38435,38400,NA,NA,07260,3,7
25009002033,25,009,002033,8654,8443,37,100,6,65,3,7218,7072,30,68,6,42,0,2264.51,2493.45,NA,38435,38400,NA,NA,07260,3,7
25009002041,25,009,002041,8546,8025,164,240,12,86,19,7188,6812,139,159,11,58,9,2093.78,1364.3,NA,59105,59105,NA,NA,10380,3,7
25009002042,25,009,002042,4702,4308,63,282,7,39,3,3943,3672,50,184,6,31,0,1148.55,748.39,NA,59105,59105,NA,NA,10380,3,7
25009002043,25,009,002043,3159,1802,54,1248,8,36,11,2325,1528,30,741,2,21,3,677.24,441.29,NA,59105,59105,NA,NA,10380,3,7
25009002044,25,009,002044,3435,3243,43,106,2,37,4,2885,2748,31,74,2,27,3,840.37,547.58,NA,59105,59105,NA,NA,10380,3,7
25009002045,25,009,002045,3033,2738,74,185,7,27,2,2454,2248,54,129,4,17,2,714.82,465.78,NA,59105,59105,NA,NA,10380,3,7
25009002046,25,009,002046,5339,5165,24,105,5,38,2,4204,4080,19,69,5,30,1,1224.57,797.93,NA,59105,59105,NA,NA,10380,3,7
25009002051,25,009,002051,5398,5220,58,66,2,45,7,4258,4152,39,41,2,24,0,1055.19,709.62,NA,37490,37490,NA,NA,07110,3,7
25009002052,25,009,002052,5068,4787,112,106,6,48,9,3979,3798,74,67,5,31,4,986.05,663.12,NA,37490,37490,NA,NA,07110,3,7
25009002053,25,009,002053,4325,4216,59,38,0,12,0,3384,3310,37,28,0,9,0,838.6,563.96,NA,37490,37490,NA,NA,07110,3,7
25009002054,25,009,002054,4135,4061,14,28,4,25,3,3214,3162,12,18,3,17,2,796.47,535.63,NA,37490,37490,NA,NA,07110,3,7
25009002055,25,009,002055,4071,3418,185,233,4,217,14,3043,2650,119,157,4,108,5,754.09,507.13,NA,37490,37490,NA,NA,07110,3,7
25009002056,25,009,002056,4040,3196,344,411,17,55,17,3005,2503,222,227,10,38,5,744.68,500.8,NA,37490,37490,NA,NA,07110,3,7
25009002057,25,009,002057,4570,4262,98,102,1,106,1,3526,3332,64,75,1,54,0,873.79,587.63,NA,37490,37490,NA,NA,07110,3,7
25009002058,25,009,002058,2477,2034,116,190,7,124,6,1788,1543,53,109,3,79,1,443.09,297.98,NA,37490,37490,NA,NA,07110,3,7
25009002059,25,009,002059,3815,3380,136,198,4,90,7,2786,2550,70,114,1,48,3,690.41,464.3,NA,37490,37490,NA,NA,07110,3,7
25009002060,25,009,002060,2631,1877,155,379,11,208,1,1921,1509,93,208,7,104,0,476.05,320.14,NA,37490,37490,NA,NA,07110,3,7
25009002061,25,009,002061,3104,1903,400,552,6,241,2,2241,1544,242,333,1,120,1,555.35,373.47,NA,37490,37490,NA,NA,07110,3,7
25009002062,25,009,002062,4240,2618,459,738,9,392,24,2771,1882,272,397,8,205,7,686.69,461.8,NA,37490,37490,NA,NA,07110,3,7
25009002063,25,009,002063,3517,2460,424,486,5,128,14,2491,1832,290,286,3,77,3,617.3,415.14,NA,37490,37490,NA,NA,07110,3,7
25009002064,25,009,002064,4988,4443,207,265,4,57,12,3704,3393,119,150,4,30,8,917.9,617.29,NA,37490,37490,NA,NA,07110,3,7
25009002065,25,009,002065,3038,1976,289,537,11,199,26,2102,1511,170,295,8,106,12,520.9,350.31,NA,37490,37490,NA,NA,07110,3,7
25009002066,25,009,002066,4222,3699,157,224,13,113,16,3384,3045,106,147,7,74,5,838.6,563.96,NA,37490,37490,NA,NA,07110,3,7
25009002067,25,009,002067,3786,3082,270,356,9,65,4,3128,2645,187,239,7,49,1,565.28,469.08,NA,37490,37490,NA,NA,07110,3,7
25009002068,25,009,002068,2917,1521,494,753,13,120,16,2180,1274,344,490,9,61,2,540.23,363.31,NA,37490,37490,NA,NA,07110,3,7
25009002069,25,009,002069,3649,2733,393,465,7,47,4,3167,2487,311,323,7,38,1,784.82,527.8,NA,37490,37490,NA,NA,07110,3,7
25009002070,25,009,002070,1831,1097,342,363,3,24,2,1387,943,211,210,3,19,1,343.72,231.15,NA,37490,37490,NA,NA,07110,3,7
25009002071,25,009,002071,3019,1772,346,596,9,290,6,2034,1325,195,348,7,157,2,504.05,338.98,NA,37490,37490,NA,NA,07110,3,7
25009002072,25,009,002072,2404,1411,365,346,2,273,7,1695,1155,204,189,2,143,2,420.04,282.48,NA,37490,37490,NA,NA,07110,3,7
25009002082,25,009,002082,5645,5550,25,37,3,30,0,4488,4416,20,27,3,22,0,1211.84,1083.21,NA,60050,60015,NA,NA,10500,3,7
25009002083,25,009,002083,6655,6510,42,45,4,49,5,5297,5195,30,34,2,34,2,1430.29,1278.47,NA,60050,60015,NA,NA,10500,3,7
25009002084,25,009,002084,4533,4391,21,47,6,65,3,3721,3621,15,36,4,45,0,1004.74,898.09,NA,60050,60015,NA,NA,10500,3,7
25009002091,25,009,002091,5848,5701,8,51,1,84,3,4569,4487,5,25,1,51,0,1256.92,1584.54,NA,37595,37560,NA,NA,07140,3,7
25009002092,25,009,002092,5426,5300,3,22,0,101,0,4217,4133,3,16,0,65,0,1160.08,1462.46,NA,37595,37560,NA,NA,07140,3,7
25009002101,25,009,002101,7259,6948,100,61,3,139,8,5472,5269,74,42,3,79,5,1660.4,1277.52,NA,52490,52490,NA,NA,09360,3,7
25009002102,25,009,002102,6132,5864,120,54,3,91,0,4799,4634,73,30,3,59,0,1456.18,1120.4,NA,52490,52490,NA,NA,09360,3,7
25009002103,25,009,002103,5970,5763,38,65,7,95,2,4936,4798,26,45,6,60,1,1497.76,1152.39,NA,52490,52490,NA,NA,09360,3,7
25009002104,25,009,002104,6602,6374,39,132,1,55,1,5289,5129,34,86,1,38,1,1604.87,1234.8,NA,52490,52490,NA,NA,09360,3,7
25009002105,25,009,002105,5248,5155,22,51,0,19,1,4075,4019,15,31,0,9,1,1236.5,951.37,NA,52490,52490,NA,NA,09360,3,7
25009002106,25,009,002106,4022,3918,6,70,2,26,0,3150,3089,4,38,2,17,0,955.82,735.42,NA,52490,52490,NA,NA,09360,3,7
25009002107,25,009,002107,3819,3336,37,408,2,34,2,2893,2565,21,283,2,20,2,877.84,675.42,NA,52490,52490,NA,NA,09360,3,7
25009002108,25,009,002108,4109,3670,17,386,1,33,2,3306,3008,11,261,1,24,1,1003.16,771.84,NA,52490,52490,NA,NA,09360,3,7
25009002109,25,009,002109,3878,3714,30,119,1,9,5,3139,3020,17,94,1,7,0,952.48,732.85,NA,52490,52490,NA,NA,09360,3,7
25009002111,25,009,002111,3978,3868,34,35,0,41,0,3077,3001,25,22,0,29,0,816.87,948.81,NA,16285,16250,NA,NA,03990,3,7
25009002112,25,009,002112,6110,6017,7,48,1,36,1,4822,4765,5,31,1,20,0,1280.12,1486.89,NA,16285,16250,NA,NA,03990,3,7
25009002113,25,009,002113,6422,6259,18,53,1,88,3,4961,4858,15,37,1,50,0,1317.02,1529.75,NA,16285,16250,NA,NA,03990,3,7
25009002114,25,009,002114,7664,7414,53,123,2,70,2,6170,6002,32,88,2,46,0,1637.98,1902.55,NA,16285,16250,NA,NA,03990,3,7
25009002115,25,009,002115,0,0,0,0,0,0,0,0,0,0,0,0,0,0,0,0,NA,16285,16250,NA,NA,03990,3,7
25009002121,25,009,002121,4921,4817,38,20,16,29,1,3811,3751,16,13,12,19,0,900,1187,NA,NA,41095,07830,07410,NA,3,7
25009002131,25,009,002131,6270,6119,42,34,5,69,1,4534,4451,31,15,2,34,1,1538,1239,NA,7385,7420,02880,07410,05220,3,7
25009002141,25,009,002141,5754,5635,25,46,2,46,0,4361,4285,20,26,1,29,0,1111,1754,NA,70115,70150,11670,07410,05670,3,7
25009002151,25,009,002151,7280,7050,35,87,10,98,0,5456,5318,23,49,5,61,0,1360,1997,NA,NA,27900,NA,NA,05670,3,7
25009002161,25,009,002161,4212,4105,21,36,4,46,0,3510,3424,18,27,1,40,0,659,1050,NA,NA,74595,NA,NA,05670,3,7
25009002171,25,009,002171,6657,6456,59,61,8,65,8,5290,5155,37,42,8,46,2,1385.73,1213.35,NA,5595,5595,NA,NA,02640,3,7
25009002172,25,009,002172,8219,8029,66,60,6,49,9,6294,6171,45,41,4,30,3,1648.73,1443.63,NA,5595,5595,NA,NA,02640,3,7
25009002173,25,009,002173,4916,4669,65,93,10,77,2,3574,3463,34,34,7,35,1,936.22,819.75,NA,5595,5595,NA,NA,02640,3,7
25009002174,25,009,002174,5269,4984,67,118,8,81,11,4329,4133,51,78,6,56,5,1133.99,992.93,NA,5595,5595,NA,NA,02640,3,7
25009002175,25,009,002175,6303,6173,19,49,10,48,4,5071,4985,14,34,7,29,2,1328.36,1163.12,NA,5595,5595,NA,NA,02640,3,7
25009002176,25,009,002176,6831,6673,28,58,7,65,0,5421,5293,26,49,5,48,0,1420.05,1243.39,NA,5595,5595,NA,NA,02640,3,7
25009002181,25,009,002181,5286,5236,2,19,5,23,1,4176,4137,1,16,5,16,1,1093.92,957.83,NA,NA,37945,NA,NA,07200,3,7
25009002201,25,009,002201,7482,7392,17,35,8,27,3,6036,5978,10,19,8,21,0,1841,1718,NA,57845,57880,NA,NA,10200,3,7
25009002211,25,009,002211,4332,4304,5,14,2,7,0,3347,3331,3,9,2,2,0,868.29,657.04,NA,26150,26150,NA,NA,05280,3,7
25009002212,25,009,002212,1408,1390,0,14,2,2,0,1158,1146,0,8,2,2,0,300.41,227.32,NA,26150,26150,NA,NA,05280,3,7
25009002213,25,009,002213,3611,3550,6,30,4,16,5,2892,2851,5,23,3,10,0,750.25,567.72,NA,26150,26150,NA,NA,05280,3,7
25009002214,25,009,002214,2881,2824,4,45,3,5,0,2183,2136,2,38,3,4,0,566.32,428.54,NA,26150,26150,NA,NA,05280,3,7
25009002215,25,009,002215,3099,3020,10,45,3,18,3,2553,2488,6,40,3,13,3,662.31,501.17,NA,26150,26150,NA,NA,05280,3,7
25009002216,25,009,002216,1704,1674,8,22,0,0,0,1302,1278,7,17,0,0,0,337.77,255.59,NA,26150,26150,NA,NA,05280,3,7
25009002217,25,009,002217,3141,3094,6,35,1,5,0,2462,2426,4,26,1,5,0,638.7,483.31,NA,26150,26150,NA,NA,05280,3,7
25009002218,25,009,002218,2334,2287,14,26,1,6,0,1752,1729,4,13,1,5,0,454.51,343.93,NA,26150,26150,NA,NA,05280,3,7
25009002219,25,009,002219,6206,6130,12,41,9,14,0,4928,4873,7,32,4,12,0,1278.44,967.4,NA,26150,26150,NA,NA,05280,3,7
25009002221,25,009,002221,3260,3228,1,15,2,14,0,2522,2502,1,10,2,7,0,639,827,NA,21815,21850,NA,NA,04740,3,7
25009002231,25,009,002231,3937,3873,13,30,1,16,4,3119,3083,9,16,1,10,0,843.75,912.44,NA,32275,32310,NA,NA,06480,3,7
25009002232,25,009,002232,3591,3533,14,18,6,16,4,2901,2865,8,12,4,9,3,784.78,848.67,NA,32275,32310,NA,NA,06480,3,7
25009002233,25,009,002233,4345,4284,12,29,1,18,1,3288,3245,9,20,1,12,1,889.47,961.88,NA,NA,32310,NA,NA,06480,3,7
25009002501,25,009,002501,1373,581,31,750,2,6,3,1090,555,27,500,2,6,0,352.81,220.29,NA,34550,34550,NA,NA,06660,9,6
25009002502,25,009,002502,4984,3377,101,1468,2,22,14,3464,2576,60,804,2,17,5,1121.22,700.08,NA,34550,34550,NA,NA,06660,9,6
25009002503,25,009,002503,2195,619,55,1466,5,50,0,1359,467,35,823,3,31,0,439.88,274.66,NA,34550,34550,NA,NA,06660,9,6
25009002504,25,009,002504,3598,973,46,2500,9,44,26,2221,758,23,1401,5,29,5,718.89,448.87,NA,34550,34550,NA,NA,06660,9,6
25009002505,25,009,002505,4013,1016,29,2935,5,18,10,2428,805,19,1590,2,9,3,785.89,490.7,NA,34550,34550,NA,NA,06660,9,6
25009002506,25,009,002506,4630,2745,66,1772,13,21,13,3165,2113,38,986,7,17,4,1024.44,639.65,NA,34550,34550,NA,NA,06660,9,6
25009002507,25,009,002507,4438,1846,167,2330,10,79,6,2817,1393,96,1274,5,47,2,911.8,569.32,NA,34550,34550,NA,NA,06660,9,6
25009002508,25,009,002508,6147,5096,95,901,8,33,14,4629,3966,62,570,7,18,6,1498.31,935.53,NA,34550,34550,NA,NA,06660,9,6
25009002509,25,009,002509,2449,436,18,1984,1,0,10,1506,358,10,1136,1,0,1,487.46,304.36,NA,34550,34550,NA,NA,06660,9,6
25009002510,25,009,002510,1205,307,23,867,0,2,6,765,226,10,526,0,2,1,247.61,154.61,NA,34550,34550,NA,NA,06660,9,6
25009002511,25,009,002511,3045,1216,38,1755,1,29,6,2322,1155,29,1111,0,23,4,751.58,469.28,NA,34550,34550,NA,NA,06660,9,6
25009002512,25,009,002512,1376,549,36,785,0,2,4,1055,512,32,508,0,1,2,341.48,213.22,NA,34550,34550,NA,NA,06660,9,6
25009002513,25,009,002513,3817,904,55,2804,10,22,22,2183,657,35,1466,5,15,5,706.59,441.19,NA,34550,34550,NA,NA,06660,9,6
25009002514,25,009,002514,4648,2382,123,2086,9,39,9,2960,1769,72,1081,5,27,6,958.09,598.22,NA,34550,34550,NA,NA,06660,9,6
25009002515,25,009,002515,5248,3797,74,1237,11,111,18,3706,2891,49,693,5,61,7,1199.55,748.99,NA,34550,34550,NA,NA,06660,9,6
25009002516,25,009,002516,5856,3437,102,2036,6,266,9,3835,2565,62,1029,4,174,1,1241.31,775.06,NA,34550,34550,NA,NA,06660,9,6
25009002517,25,009,002517,4119,2752,83,1088,2,177,17,2872,2146,51,560,2,109,4,929.61,580.44,NA,34550,34550,NA,NA,06660,9,6
25009002518,25,009,002518,7062,6364,53,473,6,166,0,5683,5194,39,323,6,121,0,1839.47,1148.54,NA,34550,34550,NA,NA,06660,9,6
25009002522,25,009,002522,5650,5510,14,74,10,38,4,4193,4108,10,43,5,25,2,1097.3,827,NA,NA,40675,NA,NA,07740,9,6
25009002523,25,009,002523,5617,5373,24,152,9,59,0,4439,4272,20,97,6,44,0,1161.68,875.52,NA,NA,40675,NA,NA,07740,9,6
25009002524,25,009,002524,4221,2719,87,1359,6,45,5,2773,2025,49,672,3,24,0,725.69,546.93,NA,NA,40675,NA,NA,07740,9,6
25009002531,25,009,002531,5644,5464,29,80,7,63,1,4395,4266,20,61,4,43,1,961.06,1004.85,NA,34550,46365,NA,NA,08700,3,7
25009002541,25,009,002541,5085,4880,13,83,2,106,1,3973,3841,11,48,1,72,0,1076.77,1318.31,NA,1430,1465,NA,NA,01950,9,6
25009002542,25,009,002542,4412,4204,48,65,3,91,1,3509,3363,36,47,3,59,1,951.02,1164.35,NA,1430,1465,NA,NA,01950,9,6
25009002601,25,009,002601,3724,2749,127,794,4,44,6,2694,2104,81,473,4,31,1,669.95,536.01,NA,29405,29405,NA,NA,05970,3,7
25009002602,25,009,002602,3340,2999,106,192,15,17,11,2642,2434,77,101,13,12,5,657.02,525.67,NA,29405,29405,NA,NA,05970,3,7
25009002603,25,009,002603,6759,6632,42,64,6,15,0,5181,5098,29,36,6,12,0,1288.42,1030.84,NA,29405,29405,NA,NA,05970,3,7
25009002604,25,009,002604,6820,6488,62,185,10,74,1,5402,5188,43,112,6,52,1,1343.38,1074.81,NA,29405,29405,NA,NA,05970,3,7
25009002605,25,009,002605,3707,3652,28,15,1,11,0,2925,2886,16,12,0,11,0,727.39,581.97,NA,29405,29405,NA,NA,05970,3,7
25009002606,25,009,002606,2841,2596,46,181,4,12,2,2054,1906,33,101,3,11,0,510.79,408.68,NA,29405,29405,NA,NA,05970,3,7
25009002607,25,009,002607,4000,3568,74,301,5,47,5,3008,2756,47,165,4,34,2,748.03,598.49,NA,29405,29405,NA,NA,05970,3,7
25009002608,25,009,002608,3836,3208,46,525,15,35,7,2643,2306,28,279,8,20,2,657.27,525.87,NA,29405,29405,NA,NA,05970,3,7
25009002609,25,009,002609,4313,3889,78,269,11,58,8,3319,3070,51,154,7,37,0,825.37,660.37,NA,29405,29405,NA,NA,05970,3,7
25009002610,25,009,002610,4031,3860,64,83,1,16,7,3051,2943,47,48,1,11,1,758.73,607.04,NA,29405,29405,NA,NA,05970,3,7
25009002611,25,009,002611,8047,7764,84,105,6,85,3,6143,5942,63,68,5,64,1,1527.65,1222.25,NA,29405,29405,NA,NA,05970,3,7
25009002621,25,009,002621,5190,5121,16,28,3,22,0,3820,3781,9,14,2,14,0,974,987,NA,NA,40430,07710,09450,01860,3,7
25009002631,25,009,002631,3421,3370,19,17,0,15,0,2441,2416,12,5,0,8,0,734,851,NA,45245,77150,12480,09450,08580,3,7
25009002641,25,009,002641,5214,5156,6,27,8,16,1,3849,3808,5,19,6,10,1,1679,1554,NA,NA,27620,05550,09450,NA,3,7
25009002651,25,009,002651,6380,6329,6,13,9,22,1,4683,4651,4,7,6,15,0,1229,1491,NA,NA,25625,NA,NA,05220,3,7
25009002661,25,009,002661,3120,3062,21,21,11,5,0,2263,2231,12,12,6,2,0,643.49,457,NA,1220,1185,NA,NA,01860,3,7
25009002662,25,009,002662,4962,4847,45,34,8,17,11,3627,3556,29,20,7,11,4,1031.35,732.44,NA,1220,1185,NA,NA,01860,3,7
25009002663,25,009,002663,3586,3509,16,23,10,26,2,2709,2664,7,13,7,18,0,770.31,547.06,NA,1220,1185,NA,NA,01860,3,7
25009002664,25,009,002664,3305,3258,6,18,4,16,3,2419,2396,4,8,3,8,0,687.85,488.5,NA,1220,1185,NA,NA,01860,3,7
25009002671,25,009,002671,6882,6789,8,50,20,12,3,5198,5137,6,31,14,9,1,1397,1452,NA,59210,59245,10410,11740,NA,3,7
25009002681,25,009,002681,1939,1918,1,16,1,2,1,1336,1321,1,11,1,2,0,400.51,312.21,NA,45245,45245,12480,09450,08580,3,7
25009002682,25,009,002682,5681,5611,17,22,5,23,3,4533,4484,11,20,3,14,1,1358.92,1059.31,NA,45245,45245,12480,09450,08580,3,7
25009002683,25,009,002683,4117,4044,24,29,7,10,3,3447,3394,19,19,7,7,1,1033.36,805.52,NA,45245,45245,NA,NA,08580,3,7
25009002684,25,009,002684,4580,4510,33,24,3,9,1,3650,3604,28,12,3,3,0,1094.21,852.96,NA,45245,45245,NA,NA,08580,3,7
25009002691,25,009,002691,5623,5549,10,43,5,14,2,4180,4142,4,22,5,7,0,1288,1130,NA,NA,45175,08550,11740,NA,3,7
25009002701,25,009,002701,4452,4395,11,12,10,20,4,3232,3193,8,8,7,13,3,786,1041,NA,58370,58405,10260,11740,NA,3,7
25009204701,25,009,204701,4118,3841,67,131,7,67,5,3336,3164,44,78,3,44,3,971.74,633.18,NA,59105,59105,NA,NA,10380,3,7
25009204702,25,009,204702,5809,5276,75,251,15,178,14,4576,4189,54,174,7,146,6,1332.93,868.54,NA,59105,59105,NA,NA,10380,3,7
25009208101,25,009,208101,5427,5312,18,60,1,34,2,4222,4144,11,36,1,29,1,1140.02,1019.01,NA,60050,60015,NA,NA,10500,3,7
25009208102,25,009,208102,3289,3222,18,43,0,6,0,2578,2531,12,30,0,5,0,696.11,622.22,NA,60050,60015,NA,NA,10500,3,7
25009221599,25,009,221599,0,0,0,0,0,0,0,0,0,0,0,0,0,0,0,0,NA,26150,26150,NA,NA,05280,3,7
25009252101,25,009,252101,3349,3241,30,54,0,23,1,2694,2621,18,37,0,17,1,705.01,531.34,NA,NA,40675,NA,NA,07740,9,6
25009252102,25,009,252102,3148,3086,13,32,1,16,0,2343,2308,10,14,1,10,0,613.16,462.12,NA,NA,40675,NA,NA,07740,9,6
25009252501,25,009,252501,3451,3231,37,125,0,58,0,2769,2631,22,81,0,35,0,724.64,546.14,NA,34550,40675,NA,NA,07740,9,6
25009252502,25,009,252502,4393,4226,26,79,3,58,1,3550,3426,21,58,1,44,0,929.03,700.18,NA,NA,40675,NA,NA,07740,9,6
25009252601,25,009,252601,5153,4900,28,102,5,117,1,4051,3870,20,70,5,85,1,1060.14,798.99,NA,34550,40675,NA,NA,07740,9,6
25009252602,25,009,252602,4998,4774,17,93,9,105,0,3685,3534,11,66,6,68,0,964.36,726.8,NA,NA,40675,NA,NA,07740,9,6
25009253201,25,009,253201,2221,2139,2,34,1,45,0,1806,1756,2,19,1,28,0,394.92,412.91,NA,NA,46365,NA,NA,08700,3,7
25009253202,25,009,253202,6032,5655,82,133,14,148,0,5041,4783,56,84,9,109,0,1102.32,1152.54,NA,NA,46365,NA,NA,08700,3,7
25009253203,25,009,253203,2930,2843,18,12,0,57,0,2128,2075,9,7,0,37,0,465.33,486.53,NA,NA,46365,NA,NA,08700,3,7
25009253204,25,009,253204,5965,5749,26,48,0,142,0,3994,3861,20,29,0,84,0,873.37,913.16,NA,NA,46365,NA,NA,08700,3,7
25009254301,25,009,254301,3986,3669,61,48,0,206,2,2753,2562,42,29,0,120,0,746.13,913.49,NA,1430,1465,NA,NA,01950,9,6
25009254302,25,009,254302,4333,4134,24,52,3,117,3,3251,3117,22,30,3,77,2,881.1,1078.74,NA,NA,1465,NA,NA,01950,9,6
25009254401,25,009,254401,6191,5868,37,55,4,220,7,4545,4343,27,37,2,134,2,1231.8,1508.11,NA,1430,1465,NA,NA,01950,9,6
25009254402,25,009,254402,5144,4593,58,130,16,347,0,3517,3181,36,65,10,225,0,953.19,1167,NA,34550,1465,NA,NA,01950,9,6
25009270297,25,009,270297,14,14,0,0,0,0,0,12,12,0,0,0,0,0,2.01,2.37,NA,NA,40675,NA,NA,07740,9,6
25009270298,25,009,270298,0,0,0,0,0,0,0,0,0,0,0,0,0,0,0,0,NA,NA,40675,NA,NA,07740,9,6
25011000401,25,011,000401,4530,4457,12,22,19,20,0,3237,3189,9,15,10,14,0,134,123,NA,NA,14885,03210,07990,08010,8,2
25011000402,25,011,000402,4295,4230,28,16,5,16,0,3162,3122,17,9,3,11,0,394,441,NA,NA,5560,02610,09600,05270,8,2
25011000403,25,011,000403,2838,2787,2,24,13,9,3,2090,2059,2,12,9,8,0,626,566,NA,47800,47835,08970,09600,05270,8,2
25011000404,25,011,000404,3011,2896,39,52,17,7,0,2231,2146,30,40,12,3,0,266,321,NA,41410,74525,08530,09600,NA,8,2
25011000405,25,011,000405,7312,7147,34,88,9,28,6,5272,5187,17,43,8,16,1,992,971,NA,51230,51265,09180,09900,NA,8,2
25011000406,25,011,000406,4148,4005,29,44,17,43,10,3094,3001,22,26,12,30,3,412,201,NA,NA,35180,06810,01920,NA,8,2
25011000407,25,011,000407,8316,8068,43,111,44,43,7,6340,6196,26,65,24,26,3,2097,1220,NA,70815,42285,NA,NA,05270,8,2
25011000408,25,011,000408,4774,4395,80,181,19,94,5,3808,3544,63,103,11,86,1,384,298,NA,NA,79110,12870,05100,NA,8,2
25011000409,25,011,000409,5018,4931,12,38,2,34,1,3937,3867,10,27,2,30,1,874,1081,NA,63620,16670,04080,05100,NA,8,2
25011000410,25,011,000410,3478,3374,28,38,8,28,2,2568,2509,18,19,4,18,0,784.18,563.14,NA,NA,27025,NA,NA,05490,8,2
25011000411,25,011,000411,3931,3836,31,25,2,33,4,3055,2994,23,20,2,16,0,932.89,669.94,NA,27060,27025,NA,NA,05490,8,2
25011000412,25,011,000412,3548,3476,10,37,3,22,0,2759,2722,2,19,2,14,0,842.51,605.03,NA,27060,27025,NA,NA,05490,8,2
25011000413,25,011,000413,4978,4804,51,57,18,45,3,3912,3796,34,34,16,31,1,1194.59,857.87,NA,27060,27025,NA,NA,05490,8,2
25011000414,25,011,000414,2731,2588,34,64,9,36,0,1961,1874,23,38,7,19,0,598.82,430.03,NA,27060,27025,NA,NA,05490,8,2
25011000415,25,011,000415,7184,7080,24,45,10,18,7,5362,5310,12,23,7,7,3,405,335,NA,61205,2095,03210,07990,NA,8,2
25013008001,25,013,008001,7821,6348,593,816,4,45,15,5706,4920,342,402,3,32,7,827.9,610.11,NA,67000,67000,NA,NA,11130,4,3
25013008003,25,013,008003,4256,4005,83,145,7,16,0,3475,3283,66,108,7,11,0,504.2,371.56,NA,67000,67000,NA,NA,11130,4,3
25013008004,25,013,008004,6302,5601,213,427,12,44,5,4862,4457,133,233,6,30,3,705.44,519.87,NA,67000,67000,NA,NA,11130,4,3
25013008005,25,013,008005,3362,2195,135,983,3,35,11,2428,1762,77,565,1,19,4,352.29,259.61,NA,67000,67000,NA,NA,11130,4,3
25013008006,25,013,008006,3094,191,90,2732,1,79,1,1782,147,45,1529,1,60,0,258.56,190.54,NA,67000,67000,NA,NA,11130,4,3
25013008007,25,013,008007,4105,449,422,3209,4,9,12,2643,387,321,1916,2,7,10,383.48,282.6,NA,67000,67000,NA,NA,11130,4,3
25013008008,25,013,008008,2446,465,151,1825,0,0,5,1553,450,98,1003,0,0,2,225.33,166.05,NA,67000,67000,NA,NA,11130,4,3
25013008009,25,013,008009,4479,1656,462,2336,1,11,13,2898,1461,263,1160,1,7,6,420.48,309.87,NA,67000,67000,NA,NA,11130,4,3
25013008010,25,013,008010,11,1,0,10,0,0,0,4,1,0,3,0,0,0,0.58,0.43,NA,67000,67000,NA,NA,11130,4,3
25013008012,25,013,008012,3106,1181,718,1165,4,28,10,2416,1103,538,745,3,20,7,350.54,258.33,NA,67000,67000,NA,NA,11130,4,3
25013008013,25,013,008013,5250,1189,3032,963,22,30,14,3533,939,2088,465,17,18,6,512.61,377.76,NA,67000,67000,NA,NA,11130,4,3
25013008017,25,013,008017,7683,2353,4549,703,11,59,8,5729,2222,3072,372,10,47,6,831.24,612.57,NA,67000,67000,NA,NA,11130,4,3
25013008018,25,013,008018,5103,532,3196,1281,9,59,26,3224,431,2088,649,9,39,8,467.78,344.72,NA,67000,67000,NA,NA,11130,4,3
25013008019,25,013,008019,8333,3197,2297,2689,21,104,25,5709,2734,1457,1440,16,50,12,828.34,610.43,NA,67000,67000,NA,NA,11130,4,3
25013008020,25,013,008020,3857,1703,746,1374,9,19,6,2871,1483,513,852,9,12,2,416.56,306.98,NA,67000,67000,NA,NA,11130,4,3
25013008021,25,013,008021,5868,5091,255,437,11,70,4,4538,4058,173,251,5,49,2,658.43,485.22,NA,67000,67000,NA,NA,11130,4,3
25013008022,25,013,008022,3430,2491,244,570,15,101,9,2338,1852,141,280,9,54,2,339.23,249.99,NA,67000,67000,NA,NA,11130,4,3
25013008023,25,013,008023,6337,5128,454,555,6,182,12,4556,3891,255,281,3,120,6,661.04,487.15,NA,67000,67000,NA,NA,11130,4,3
25013008024,25,013,008024,3727,3580,89,34,2,21,1,3073,2958,72,26,1,16,0,445.87,328.58,NA,67000,67000,NA,NA,11130,4,3
25013008025,25,013,008025,6998,6657,165,122,6,43,5,5399,5172,111,80,5,31,0,783.36,577.28,NA,67000,67000,NA,NA,11130,4,3
25013008101,25,013,008101,5496,5343,63,44,16,30,0,4294,4196,35,27,14,22,0,1085.77,982.98,NA,52070,52105,NA,NA,09300,4,3
25013008102,25,013,008102,3019,2974,7,18,10,8,2,2255,2227,4,7,9,7,1,570.19,516.21,NA,6400,52105,NA,NA,09300,4,3
25013008103,25,013,008103,3539,3502,18,10,4,5,0,2725,2701,11,6,3,4,0,689.04,623.81,NA,69730,52105,NA,NA,09300,4,3
25013008105,25,013,008105,5,5,0,0,0,0,0,5,5,0,0,0,0,0,1.44,0.91,NA,13660,13660,NA,NA,03660,4,3
25013008107,25,013,008107,6300,6049,62,153,8,21,7,4926,4783,38,88,4,12,1,1421.51,896.02,NA,13660,13660,NA,NA,03660,4,3
25013008108,25,013,008108,3959,3738,53,146,4,18,0,3166,3028,33,88,4,13,0,913.62,575.88,NA,13660,13660,NA,NA,03660,4,3
25013008110,25,013,008110,5629,5471,15,115,5,20,3,4470,4367,11,76,4,12,0,1289.92,813.08,NA,13660,13660,NA,NA,03660,4,3
25013008112,25,013,008112,6061,5844,64,126,5,20,2,4779,4624,53,85,4,12,1,1379.09,869.28,NA,13660,13660,NA,NA,03660,4,3
25013008114,25,013,008114,2653,649,89,1873,12,14,16,1499,521,48,906,9,7,8,409.15,237.01,NA,30840,30840,NA,NA,06270,8,2
25013008115,25,013,008115,2753,296,40,2416,0,0,1,1391,240,29,1121,0,0,1,379.67,219.93,NA,30840,30840,NA,NA,06270,8,2
25013008116,25,013,008116,5903,1040,167,4678,7,3,8,3250,846,90,2305,4,3,2,887.09,513.86,NA,30840,30840,NA,NA,06270,8,2
25013008117,25,013,008117,2224,1038,84,1084,0,8,10,1592,928,52,607,0,4,1,434.54,251.71,NA,30840,30840,NA,NA,06270,8,2
25013008118,25,013,008118,4417,3042,156,1103,13,90,13,3086,2401,75,536,9,58,7,842.32,487.93,NA,30840,30840,NA,NA,06270,8,2
25013008119,25,013,008119,3893,3716,40,75,5,55,2,3123,2997,26,58,4,38,0,852.42,493.78,NA,30840,30840,NA,NA,06270,8,2
25013008120,25,013,008120,8274,6611,257,1334,15,51,6,6356,5443,168,695,9,39,2,1734.87,1004.96,NA,30840,30840,NA,NA,06270,8,2
25013008122,25,013,008122,8389,7789,172,255,8,162,3,6952,6540,122,168,7,113,2,1668.45,1472.83,NA,77885,77850,NA,NA,12510,8,2
25013008123,25,013,008123,5360,4755,139,394,14,51,7,4004,3646,91,218,10,34,5,960.95,848.27,NA,77885,77850,NA,NA,12510,8,2
25013008125,25,013,008125,6706,6190,133,316,10,50,7,4919,4604,76,194,9,34,2,989.58,901.69,NA,76030,76030,NA,NA,12630,8,2
25013008126,25,013,008126,6610,6432,21,61,5,87,4,4950,4829,16,40,4,60,1,995.82,907.37,NA,76030,76030,NA,NA,12630,8,2
25013008128,25,013,008128,6200,5941,17,203,3,36,0,4525,4390,9,102,3,21,0,910.32,829.46,NA,76030,76030,NA,NA,12630,8,2
25013008130,25,013,008130,6512,6437,12,33,16,10,4,4737,4684,9,22,13,7,2,171,293,NA,NA,13485,05430,NA,05160,8,2
25013008131,25,013,008131,7667,7517,38,74,13,19,6,5581,5481,24,47,11,16,2,1025,1229,NA,NA,65825,NA,NA,00013,8,2
25013008135,25,013,008135,4709,4649,17,24,4,15,0,3595,3561,11,11,3,9,0,893,1021,NA,NA,28075,05700,NA,NA,4,3
25013008137,25,013,008137,7776,7651,40,51,10,16,8,5853,5775,29,29,7,7,6,1391,1280,NA,42180,42145,NA,NA,08040,4,3
25013008138,25,013,008138,6752,6621,44,45,27,11,4,4773,4696,25,28,14,10,0,477,543,NA,30630,8470,03060,11490,NA,4,3
25013800201,25,013,800201,6096,5517,212,304,9,49,5,4717,4391,123,160,6,35,2,684.4,504.36,NA,67000,67000,NA,NA,11130,4,3
25013800202,25,013,800202,1400,1243,73,69,6,9,0,1099,992,52,42,4,9,0,159.46,117.51,NA,67000,67000,NA,NA,11130,4,3
25013801101,25,013,801101,1762,991,336,396,1,35,3,1544,962,267,282,1,30,2,224.02,165.09,NA,67000,67000,NA,NA,11130,4,3
25013801102,25,013,801102,1464,960,180,307,3,12,2,1187,890,123,159,2,12,1,172.23,126.92,NA,67000,67000,NA,NA,11130,4,3
25013801401,25,013,801401,5098,687,3429,920,9,20,33,3385,607,2266,474,7,18,13,491.14,361.94,NA,67000,67000,NA,NA,11130,4,3
25013801402,25,013,801402,2276,1330,776,128,3,26,13,1783,1135,538,81,2,22,5,258.7,190.65,NA,67000,67000,NA,NA,11130,4,3
25013801501,25,013,801501,4525,2951,1070,420,31,45,8,3266,2304,702,204,18,35,3,473.87,349.21,NA,67000,67000,NA,NA,11130,4,3
25013801502,25,013,801502,3120,1788,987,330,8,2,5,2190,1410,606,166,5,2,1,317.75,234.16,NA,67000,67000,NA,NA,11130,4,3
25013801503,25,013,801503,3304,2692,404,166,11,25,6,2601,2206,258,107,9,18,3,377.39,278.11,NA,67000,67000,NA,NA,11130,4,3
25013801601,25,013,801601,5231,3928,967,251,4,63,18,4266,3348,704,155,3,51,5,618.97,456.14,NA,67000,67000,NA,NA,11130,4,3
25013801602,25,013,801602,4881,4120,502,184,5,64,6,3602,3111,328,114,4,43,2,522.62,385.14,NA,67000,67000,NA,NA,11130,4,3
25013801603,25,013,801603,4221,3355,659,161,10,32,4,3198,2585,466,113,7,25,2,464.01,341.94,NA,67000,67000,NA,NA,11130,4,3
25013801604,25,013,801604,4372,3948,288,95,5,30,6,3144,2875,196,46,2,24,1,456.17,336.17,NA,67000,67000,NA,NA,11130,4,3
25013801605,25,013,801605,4800,4112,492,119,7,60,10,3456,3049,288,69,6,43,1,501.44,369.53,NA,67000,67000,NA,NA,11130,4,3
25013802601,25,013,802601,6321,5797,180,249,4,86,5,4733,4421,97,148,3,62,2,686.72,506.07,NA,67000,67000,NA,NA,11130,4,3
25013802602,25,013,802602,2544,2437,35,53,1,18,0,1977,1909,24,31,0,13,0,286.85,211.39,NA,67000,67000,NA,NA,11130,4,3
25013810402,25,013,810402,8198,7880,10,254,7,42,5,6511,6258,9,209,4,27,4,1692.8,1194.73,NA,NA,37175,12960,NA,07050,4,3
25013810411,25,013,810411,4844,4747,14,47,5,28,3,3633,3568,13,29,5,17,1,944.55,666.64,NA,NA,37175,12960,NA,07050,4,3
25013810412,25,013,810412,5778,5641,13,79,4,41,0,4445,4354,9,55,2,25,0,1155.66,815.63,NA,NA,37175,NA,NA,07050,4,3
25013810601,25,013,810601,4045,3754,75,143,3,69,1,3228,3042,50,84,3,49,0,931.51,587.16,NA,13660,13660,NA,NA,03660,4,3
25013810602,25,013,810602,2784,2745,6,13,1,18,1,2092,2063,5,11,1,12,0,603.69,380.53,NA,13660,13660,NA,NA,03660,4,3
25013810901,25,013,810901,1944,1784,27,118,6,7,2,1537,1433,16,81,3,3,1,443.54,279.57,NA,13660,13660,NA,NA,03660,4,3
25013810902,25,013,810902,4453,4032,54,332,2,30,3,3550,3322,33,163,2,28,2,1024.43,645.73,NA,13660,13660,NA,NA,03660,4,3
25013811101,25,013,811101,4064,3830,50,166,5,9,4,3060,2938,30,79,4,5,4,883.03,556.6,NA,13660,13660,NA,NA,03660,4,3
25013811102,25,013,811102,5668,5150,51,419,14,27,7,4181,3880,30,232,12,24,3,1206.52,760.51,NA,13660,13660,NA,NA,03660,4,3
25013811301,25,013,811301,5545,5361,59,102,5,17,1,4508,4385,48,60,2,13,0,1300.89,819.99,NA,13660,13660,NA,NA,03660,4,3
25013811302,25,013,811302,6175,5430,447,217,9,63,9,4622,4126,302,133,9,49,3,1333.78,840.73,NA,13660,13660,NA,NA,03660,4,3
25013812101,25,013,812101,5302,5160,38,84,0,13,7,4235,4139,32,53,0,11,0,1155.94,669.6,NA,30840,30840,NA,NA,06270,8,2
25013812102,25,013,812102,8285,6967,274,926,25,80,13,6503,5730,183,512,17,54,7,1774.99,1028.2,NA,30840,30840,NA,NA,06270,8,2
25013812401,25,013,812401,6136,6025,3,70,1,37,0,4744,4666,3,53,1,21,0,1138.54,1005.05,NA,77885,77850,NA,NA,12510,8,2
25013812402,25,013,812402,7652,7453,29,95,26,47,2,5942,5810,21,68,14,28,1,1426.06,1258.85,NA,77885,77850,NA,NA,12510,8,2
25013812701,25,013,812701,4181,3862,21,283,5,9,1,3165,2963,11,179,3,8,1,636.72,580.17,NA,76030,76030,NA,NA,12630,8,2
25013812702,25,013,812702,5000,4298,42,593,8,51,8,3939,3507,26,363,4,35,4,792.43,722.05,NA,76030,76030,NA,NA,12630,8,2
25013812911,25,013,812911,6434,6153,64,71,7,36,103,5325,5081,59,48,7,28,102,1071.26,976.11,NA,76030,76030,NA,NA,12630,8,2
25013812912,25,013,812912,3241,3170,15,37,0,17,2,2614,2563,12,28,0,11,0,525.87,479.16,NA,76030,76030,NA,NA,12630,8,2
25013813201,25,013,813201,9307,9097,70,89,5,43,3,6739,6595,50,60,5,27,2,1515.87,1547.83,NA,NA,800,NA,NA,01800,8,3
25013813202,25,013,813202,9929,9603,104,160,14,46,2,7762,7560,67,96,8,30,1,1745.99,1782.79,NA,NA,800,NA,NA,01800,8,3
25013813203,25,013,813203,8087,7908,63,59,13,43,1,6798,6664,52,45,10,27,0,1529.14,1561.38,NA,NA,800,NA,NA,01800,8,3
25013813301,25,013,813301,7159,6914,53,50,9,127,6,5398,5228,38,36,7,85,4,1260.54,1471.1,NA,36335,36300,NA,NA,06990,4,3
25013813302,25,013,813302,8308,7921,68,57,0,254,8,6344,6087,46,47,0,161,3,1481.46,1728.9,NA,36335,36300,NA,NA,06990,4,3
25013813401,25,013,813401,5094,4990,37,43,2,21,1,3892,3823,20,28,2,18,1,1022.23,1124.68,NA,NA,19645,NA,NA,04500,4,3
25013813402,25,013,813402,8273,8179,32,18,10,34,0,6365,6295,25,14,8,23,0,1671.77,1839.32,NA,NA,19645,NA,NA,04500,4,3
25013813601,25,013,813601,6796,6499,116,76,2,96,7,5265,5069,85,48,2,57,4,1567.19,790.43,NA,79705,79740,12960,NA,NA,4,3
25013813602,25,013,813602,5839,5704,38,25,1,69,2,4360,4273,28,19,1,38,1,1297.81,654.57,NA,79705,79740,12960,NA,NA,4,3
25015008201,25,015,008201,9808,9549,26,145,33,51,4,7358,7220,11,69,17,40,1,1512,1349,NA,72845,72880,NA,NA,12030,8,3
25015008203,25,015,008203,6814,5126,259,456,13,935,25,5646,4367,186,326,9,743,15,1405.5,589.13,NA,46295,1325,01890,01920,NA,8,2
25015008204,25,015,008204,10079,8661,419,385,11,579,24,9991,8632,401,372,11,552,23,2487.13,1042.5,NA,1290,1325,01890,01920,NA,8,2
25015008205,25,015,008205,6500,5596,229,215,19,424,17,5725,5031,166,171,17,331,9,1425.16,597.37,NA,1290,1325,01890,01920,05580,8,2
25015008206,25,015,008206,1511,1189,88,91,3,138,2,1492,1174,87,91,2,136,2,371.41,155.68,NA,1290,1325,01890,01920,NA,8,2
25015008207,25,015,008207,3907,3268,188,176,10,260,5,3026,2566,122,118,6,213,1,753.28,315.74,NA,NA,1325,01890,01920,NA,8,2
25015008209,25,015,008209,5565,5444,13,67,11,30,0,4199,4122,9,34,10,24,0,1066,1013,NA,26500,26535,NA,NA,05400,8,2
25015008210,25,015,008210,4220,4139,15,22,7,36,1,3445,3394,9,13,4,24,1,895.93,746.06,NA,NA,64145,NA,NA,10920,8,3
25015008211,25,015,008211,6886,6696,33,68,5,79,5,5390,5269,23,42,4,51,1,1401.76,1167.27,NA,NA,64145,NA,NA,10920,8,3
25015008212,25,015,008212,2132,1746,79,73,2,228,4,2063,1689,76,69,2,223,4,536.52,446.77,NA,NA,64145,NA,NA,10920,8,3
25015008213,25,015,008213,3447,3303,44,47,1,49,3,2687,2589,30,32,1,34,1,698.8,581.9,NA,NA,64145,NA,NA,10920,8,3
25015008214,25,015,008214,4231,4114,16,24,2,74,1,3448,3361,12,21,2,51,1,1270,916,NA,1290,27690,01890,01920,05580,8,3
25015008215,25,015,008215,3184,3131,6,27,4,15,1,2532,2496,3,21,3,8,1,943,609,NA,29230,29265,NA,NA,05940,8,2
25015008217,25,015,008217,3544,3429,21,47,8,36,3,2796,2728,14,26,5,22,1,859.47,474.66,NA,46330,46330,NA,NA,08850,8,3
25015008218,25,015,008218,369,352,13,3,0,1,0,369,352,13,3,0,1,0,113.43,62.64,NA,46330,46330,NA,NA,08850,8,3
25015008219,25,015,008219,0,0,0,0,0,0,0,0,0,0,0,0,0,0,0,0,NA,46330,46330,NA,NA,08850,8,3
25015008220,25,015,008220,2597,2023,123,98,4,346,3,2544,1977,120,97,4,343,3,782.01,431.88,NA,46330,46330,NA,NA,08850,8,3
25015008221,25,015,008221,367,265,40,62,0,0,0,367,265,40,62,0,0,0,112.81,62.3,NA,46330,46330,NA,NA,08850,8,3
25015008222,25,015,008222,5466,5106,47,246,11,52,4,4056,3849,28,137,8,31,3,1246.79,688.57,NA,46330,46330,NA,NA,08850,8,3
25015008223,25,015,008223,5050,4874,23,116,7,30,0,4081,3969,16,71,7,18,0,1282.32,865.67,NA,NA,19330,NA,NA,04590,8,2
25015008225,25,015,008225,4478,4397,17,43,8,13,0,3320,3261,13,30,7,9,0,865,959,NA,NA,62745,10950,05740,NA,8,2
25015008226,25,015,008226,7707,7589,13,64,20,19,2,5648,5589,7,25,14,11,2,178,213,NA,NA,79915,00014,05740,05160,8,2
25015008227,25,015,008227,2904,2855,2,36,5,6,0,2118,2090,2,16,5,5,0,232,226,NA,NA,82175,00003,07990,05160,8,2
25015820201,25,015,820201,10579,10308,54,95,7,102,13,7856,7657,44,66,7,79,3,1596,1355,NA,4790,4825,NA,NA,02430,8,2
25015820202,25,015,820202,1373,1308,14,33,1,11,6,1049,1011,10,19,1,7,1,394,224,NA,NA,52560,09390,01920,NA,8,2
25015820801,25,015,820801,5399,4363,343,310,16,364,3,4142,3512,190,183,10,244,3,1031.1,432.19,NA,62675,1325,01890,01920,NA,8,2
25015820802,25,015,820802,1018,896,29,36,12,45,0,1010,889,29,36,12,44,0,251.43,105.39,NA,62675,1325,01890,01920,NA,8,2
25015821601,25,015,821601,3693,3021,69,382,5,206,10,2797,2436,41,193,4,121,2,859.78,474.83,NA,46330,46330,NA,NA,08850,8,3
25015821602,25,015,821602,4048,3857,37,97,4,53,0,3267,3149,26,64,3,25,0,1004.26,554.62,NA,46330,46330,NA,NA,08850,8,3
25015821901,25,015,821901,3209,3055,28,55,5,64,2,2633,2531,18,28,4,52,0,809.37,446.99,NA,46330,46330,NA,NA,08850,8,3
25015821902,25,015,821902,5996,5585,112,211,12,69,7,5381,5056,94,153,12,61,5,1654.09,913.5,NA,46330,46330,NA,NA,08850,8,3
25015822401,25,015,822401,5338,5248,12,25,2,50,1,3837,3777,9,17,2,31,1,1205.65,813.91,NA,NA,19330,10950,05740,04590,8,2
25015822402,25,015,822402,5149,4958,16,132,6,36,1,4061,3937,12,80,3,29,0,1276.03,861.42,NA,NA,19330,NA,NA,04590,8,2
25017003001,25,017,003001,2717,2676,6,27,0,8,0,1902,1877,4,18,0,3,0,430,598,NA,NA,1955,NA,NA,08790,9,2
25017003011,25,017,003011,8496,8334,77,61,4,18,2,5728,5629,47,35,4,13,0,1758,1525,NA,70325,70360,NA,NA,08790,9,2
25017003021,25,017,003021,5432,4727,311,230,14,149,1,4201,3644,250,188,13,106,0,692.99,815.82,NA,61555,61590,NA,NA,10740,11,6
25017003022,25,017,003022,686,522,94,39,5,24,2,382,290,52,19,2,18,1,63.01,74.18,NA,24540,61590,NA,NA,10740,11,6
25017003101,25,017,003101,3340,1917,155,708,10,545,5,2783,1776,121,476,7,400,3,695.73,519.19,NA,37000,37000,NA,NA,07020,9,6
25017003102,25,017,003102,6137,5588,87,251,3,192,16,4611,4274,58,156,3,113,7,1152.72,860.21,NA,37000,37000,NA,NA,07020,9,6
25017003103,25,017,003103,5695,5092,71,294,8,216,14,4257,3875,46,179,7,141,9,1064.22,794.17,NA,37000,37000,NA,NA,07020,9,6
25017003104,25,017,003104,3540,2573,79,498,3,377,10,2295,1818,40,242,2,189,4,573.73,428.15,NA,37000,37000,NA,NA,07020,9,6
25017003105,25,017,003105,3396,3082,28,66,13,199,8,2790,2534,26,43,10,172,5,697.48,520.49,NA,37000,37000,NA,NA,07020,9,6
25017003106,25,017,003106,10441,9408,167,306,20,526,14,8326,7599,121,208,15,374,9,2081.45,1553.27,NA,37000,37000,NA,NA,07020,9,6
25017003107,25,017,003107,4258,3286,75,366,1,525,5,3304,2723,56,197,1,323,4,825.98,616.38,NA,37000,37000,NA,NA,07020,9,6
25017003108,25,017,003108,2628,1810,46,377,5,376,14,2256,1717,41,253,5,226,14,563.99,420.87,NA,37000,37000,NA,NA,07020,9,6
25017003110,25,017,003110,2927,1234,68,1180,8,434,3,1990,1068,43,632,8,237,2,497.49,371.25,NA,37000,37000,NA,NA,07020,9,6
25017003111,25,017,003111,2863,902,33,718,1,1203,6,1669,645,14,385,1,620,4,417.24,311.36,NA,37000,37000,NA,NA,07020,9,6
25017003112,25,017,003112,3323,1562,95,505,2,1152,7,2070,1157,47,271,2,591,2,517.49,386.17,NA,37000,37000,NA,NA,07020,9,6
25017003113,25,017,003113,3519,2850,116,197,8,334,14,2695,2282,80,122,5,198,8,673.73,502.77,NA,37000,37000,NA,NA,07020,9,6
25017003114,25,017,003114,5394,3972,257,374,16,747,28,4081,3133,184,248,14,477,25,1020.22,761.34,NA,37000,37000,NA,NA,07020,9,6
25017003115,25,017,003115,2684,2443,28,46,0,166,1,2055,1920,18,30,0,86,1,513.74,383.37,NA,37000,37000,NA,NA,07020,9,6
25017003116,25,017,003116,4911,4304,58,298,4,247,0,3687,3365,32,139,2,149,0,921.73,687.83,NA,37000,37000,NA,NA,07020,9,6
25017003117,25,017,003117,4375,3436,97,277,10,528,27,3102,2550,64,163,4,305,16,775.48,578.7,NA,37000,37000,NA,NA,07020,9,6
25017003118,25,017,003118,3432,1947,94,545,4,835,7,2136,1364,57,295,3,417,0,533.99,398.48,NA,37000,37000,NA,NA,07020,9,6
25017003119,25,017,003119,2777,1773,114,493,2,390,5,2093,1473,86,329,2,199,4,523.24,390.46,NA,37000,37000,NA,NA,07020,9,6
25017003120,25,017,003120,3392,2138,72,679,0,466,37,2247,1563,39,402,0,219,24,561.74,419.19,NA,37000,37000,NA,NA,07020,9,6
25017003121,25,017,003121,3221,2193,47,315,0,657,9,2188,1641,32,185,0,326,4,546.99,408.18,NA,37000,37000,NA,NA,07020,9,6
25017003122,25,017,003122,4776,3433,149,774,10,406,4,3340,2631,96,354,6,250,3,834.98,623.1,NA,37000,37000,NA,NA,07020,9,6
25017003123,25,017,003123,4988,4638,41,189,6,102,12,3841,3616,29,113,6,69,8,960.22,716.56,NA,37000,37000,NA,NA,07020,9,6
25017003124,25,017,003124,2613,1338,56,763,3,446,7,1728,1036,29,426,1,233,3,431.99,322.37,NA,37000,37000,NA,NA,07020,9,6
25017003125,25,017,003125,8773,8210,60,280,7,201,15,6862,6502,42,167,7,135,9,1715.46,1280.15,NA,37000,37000,NA,NA,07020,9,6
25017003131,25,017,003131,8640,8465,39,52,3,81,0,6098,5994,24,25,3,52,0,1313,1676,NA,NA,71025,NA,NA,11760,9,6
25017003141,25,017,003141,11179,10899,48,111,16,99,6,8550,8357,34,79,14,64,2,1432.91,1688.08,NA,37000,17475,NA,NA,04320,9,6
25017003142,25,017,003142,4902,4781,36,30,5,47,3,3829,3747,28,19,4,31,0,641.71,755.98,NA,37000,17475,NA,NA,04320,9,6
25017003151,25,017,003151,4857,4678,29,53,0,96,1,3557,3431,23,31,0,71,1,821.92,904.2,NA,NA,69415,NA,NA,11580,5,6
25017003152,25,017,003152,6682,6515,37,44,13,69,4,5039,4924,25,32,8,48,2,1164.37,1280.93,NA,NA,69415,NA,NA,11580,5,6
25017003153,25,017,003153,970,904,25,24,3,13,1,950,889,25,19,3,13,1,219.52,241.49,NA,NA,69415,NA,NA,11580,5,6
25017003154,25,017,003154,6773,6566,62,54,3,88,0,5083,4948,43,31,3,58,0,1174.54,1292.12,NA,80195,69415,NA,NA,11580,5,6
25017003155,25,017,003155,7984,7740,66,70,22,82,4,5949,5787,46,47,12,55,2,1374.65,1512.26,NA,NA,69415,NA,NA,11580,5,6
25017003161,25,017,003161,11279,10987,90,66,10,126,0,8290,8086,70,42,9,83,0,1839.36,2021.31,NA,NA,5805,NA,NA,02670,5,6
25017003162,25,017,003162,8012,7803,34,58,13,101,3,5852,5697,28,39,12,75,1,1298.42,1426.86,NA,53680,5805,NA,NA,02670,5,6
25017003163,25,017,003163,6543,6226,58,75,9,175,0,4893,4676,42,46,5,124,0,1085.64,1193.03,NA,NA,5805,NA,NA,02670,5,6
25017003164,25,017,003164,5893,5447,171,204,7,62,2,4525,4136,152,184,7,45,1,1003.99,1103.31,NA,NA,5805,NA,NA,02670,5,6
25017003165,25,017,003165,5882,5648,46,73,13,99,3,4415,4262,29,43,9,70,2,979.59,1076.49,NA,NA,5805,NA,NA,02670,5,6
25017003171,25,017,003171,14420,13713,74,123,9,495,6,10910,10463,51,73,8,309,6,2684.52,3601.84,NA,13100,13135,NA,NA,03510,9,6
25017003172,25,017,003172,10920,10470,42,116,8,278,6,8476,8187,27,73,4,184,1,2085.61,2798.28,NA,13100,13135,NA,NA,03510,9,6
25017003173,25,017,003173,7045,6698,36,81,14,210,6,5364,5129,22,54,8,147,4,1319.87,1770.88,NA,13100,13135,NA,NA,03510,9,6
25017003181,25,017,003181,4972,4857,12,39,2,62,0,3629,3558,7,23,1,40,0,891.07,1226,NA,NA,76135,NA,NA,12660,9,6
25017003182,25,017,003182,3215,3125,14,28,4,43,1,2335,2285,6,15,3,25,1,573.34,788.84,NA,NA,76135,NA,NA,12660,9,6
25017003183,25,017,003183,5481,5351,6,64,6,50,4,3972,3889,6,44,3,29,1,975.29,1341.87,NA,13100,76135,NA,NA,12660,9,6
25017003184,25,017,003184,2732,2579,5,31,5,112,0,1842,1741,4,19,1,77,0,452.29,622.29,NA,NA,76135,NA,NA,12660,9,6
25017003201,25,017,003201,9191,8925,29,122,7,105,3,6611,6426,25,94,7,58,1,1868,1988,NA,31050,31085,NA,NA,06330,11,4
25017003211,25,017,003211,4561,4084,91,242,8,115,21,3549,3222,63,162,4,80,18,934.25,902.06,NA,38715,38715,NA,NA,07320,11,6
25017003212,25,017,003212,5772,5286,102,214,5,90,75,4592,4245,67,154,1,64,61,1208.82,1167.17,NA,38715,38715,NA,NA,07320,11,6
25017003213,25,017,003213,6386,5783,94,407,10,66,26,5116,4681,64,294,9,45,23,1346.76,1300.35,NA,38715,38715,NA,NA,07320,11,6
25017003214,25,017,003214,2657,2508,42,43,1,63,0,1995,1888,28,32,1,46,0,525.17,507.08,NA,38715,38715,NA,NA,07320,11,6
25017003215,25,017,003215,5711,5380,70,186,6,49,20,4446,4242,40,109,4,39,12,1170.39,1130.06,NA,38715,38715,NA,NA,07320,11,6
25017003216,25,017,003216,6729,6113,128,246,19,217,6,5218,4779,89,170,14,162,4,1373.61,1326.28,NA,38715,38715,NA,NA,07320,11,6
25017003221,25,017,003221,4238,3994,53,84,7,100,0,3155,2993,31,55,6,70,0,703.28,809.63,NA,31575,31540,11280,08310,06390,11,6
25017003222,25,017,003222,2932,2770,42,72,7,34,7,2317,2196,29,54,7,26,5,516.48,594.58,NA,31575,31540,NA,NA,06390,11,6
25017003223,25,017,003223,5456,5244,19,141,5,43,4,4347,4186,16,108,3,33,1,968.99,1115.51,NA,31575,31540,NA,NA,06390,11,6
25017003224,25,017,003224,4604,4368,32,168,1,29,6,3442,3285,23,113,1,20,0,767.25,883.28,NA,31575,31540,NA,NA,06390,11,6
25017003231,25,017,003231,5328,5158,12,67,14,76,1,3905,3820,7,36,5,36,1,1106,1432,NA,NA,68050,11280,08310,06390,11,6
25017003241,25,017,003241,7043,6881,50,42,7,59,4,5423,5321,34,23,6,38,1,1404,1694,NA,36020,35950,NA,NA,06960,9,6
25017003251,25,017,003251,6871,5621,656,340,31,203,20,5201,4343,460,214,20,153,11,1713,1977,NA,3040,3005,NA,NA,02280,9,6
25017003261,25,017,003261,7511,7331,48,62,11,58,1,5440,5330,29,37,10,34,0,1409,1508,NA,27445,27480,NA,NA,05500,9,6
25017003271,25,017,003271,10098,9846,72,99,8,69,4,6993,6834,48,57,7,45,2,1413,1938,NA,52770,52805,NA,NA,08790,9,6
25017003281,25,017,003281,2236,2204,7,9,4,12,0,1629,1606,4,8,4,7,0,356,527,NA,NA,17825,NA,NA,05500,9,6
25017003301,25,017,003301,6617,6512,18,39,0,48,0,4958,4897,10,22,0,29,0,1462.95,1122.45,NA,NA,48955,NA,NA,08820,3,7
25017003302,25,017,003302,5385,5267,18,46,5,49,0,4128,4054,11,30,4,29,0,1218.05,934.55,NA,NA,48955,NA,NA,08820,3,7
25017003312,25,017,003312,4788,4675,27,10,9,66,1,3439,3367,16,7,6,42,1,889.09,987.15,NA,80195,80230,NA,NA,13050,5,7
25017003313,25,017,003313,4733,4633,23,37,2,37,1,3465,3397,14,25,2,26,1,895.81,994.62,NA,80195,80230,NA,NA,13050,5,7
25017003321,25,017,003321,6281,5826,71,49,4,330,1,4754,4442,55,31,3,223,0,1328.98,1365.99,NA,9875,9840,NA,NA,03240,5,7
25017003322,25,017,003322,7369,6862,111,101,8,286,1,5741,5369,77,75,6,213,1,1604.9,1649.59,NA,9875,9840,NA,NA,03240,5,7
25017003323,25,017,003323,6882,6383,67,94,11,323,4,5456,5102,53,65,8,225,3,1525.23,1567.7,NA,9875,9840,NA,NA,03240,5,7
25017003324,25,017,003324,2552,2409,14,26,0,100,3,2035,1929,9,22,0,75,0,568.89,584.73,NA,9875,9840,NA,NA,03240,5,7
25017003331,25,017,003331,7032,6807,69,62,11,71,12,5906,5739,49,46,7,57,8,1583.37,2212.77,NA,81035,81035,NA,NA,13200,5,8
25017003332,25,017,003332,4959,4770,33,96,4,51,5,3979,3846,21,70,2,38,2,1066.75,1490.79,NA,81035,81035,NA,NA,13200,5,8
25017003333,25,017,003333,4023,3788,29,133,7,62,4,3171,3012,21,85,4,47,2,850.13,1188.06,NA,81035,81035,NA,NA,13200,5,8
25017003334,25,017,003334,6003,5592,69,243,8,84,7,4544,4292,42,138,5,63,4,1218.23,1702.47,NA,81035,81035,NA,NA,13200,5,8
25017003335,25,017,003335,8428,8001,72,197,14,142,2,6540,6236,59,136,8,99,2,1753.35,2450.3,NA,81035,81035,NA,NA,13200,5,8
25017003336,25,017,003336,5707,5390,68,109,12,127,1,4499,4279,50,72,4,93,1,1206.16,1685.61,NA,81035,81035,NA,NA,13200,5,8
25017003341,25,017,003341,5427,5324,22,40,5,36,0,4100,4036,15,24,5,20,0,1244.82,1348.89,NA,56165,56130,NA,NA,09990,5,8
25017003342,25,017,003342,4074,4004,6,19,1,44,0,3195,3159,2,9,1,24,0,970.05,1051.15,NA,56165,56130,NA,NA,09990,5,8
25017003343,25,017,003343,6912,6736,18,60,9,87,2,5221,5116,15,27,6,56,1,1585.17,1717.7,NA,56165,56130,NA,NA,09990,5,7
25017003344,25,017,003344,6135,6009,7,37,8,69,5,4858,4779,5,20,5,46,3,1474.96,1598.27,NA,56165,56130,NA,NA,09990,5,8
25017003351,25,017,003351,6443,6312,36,46,1,47,1,5085,5000,20,28,1,35,1,1560.64,1475.79,NA,72250,72215,NA,NA,11910,5,8
25017003352,25,017,003352,5790,5635,42,59,2,52,0,4542,4444,26,41,2,29,0,1393.99,1318.2,NA,72250,72215,NA,NA,11910,5,8
25017003353,25,017,003353,7803,7638,8,71,2,83,1,6112,5996,8,52,1,54,1,1875.84,1773.85,NA,72250,72215,NA,NA,11910,5,8
25017003354,25,017,003354,4789,4743,12,13,2,19,0,3739,3710,8,10,2,9,0,1147.54,1085.15,NA,72250,72215,NA,NA,11910,5,8
25017003361,25,017,003361,6102,5965,19,66,0,47,5,4818,4717,13,47,0,39,2,1982.45,2151.86,NA,40115,40115,NA,NA,07620,5,8
25017003362,25,017,003362,6465,6339,14,37,8,67,0,5029,4958,8,17,5,41,0,2069.27,2246.1,NA,40115,40115,NA,NA,07620,5,8
25017003363,25,017,003363,6930,6789,42,29,1,68,1,5434,5334,29,22,1,48,0,2235.91,2426.98,NA,40115,40115,NA,NA,07620,5,8
25017003364,25,017,003364,8653,8336,79,94,6,136,2,7044,6816,57,62,4,104,1,2898.37,3146.06,NA,40115,40115,NA,NA,07620,5,8
25017003371,25,017,003371,8224,7949,27,89,8,147,4,6345,6153,18,68,6,96,4,2792.43,2273.96,NA,67700,67665,NA,NA,11220,5,8
25017003372,25,017,003372,8445,8144,69,108,6,116,2,7000,6777,48,90,4,80,1,3080.7,2508.7,NA,67700,67665,NA,NA,11220,5,8
25017003373,25,017,003373,5534,5320,43,102,2,59,8,4351,4198,20,81,1,47,4,1914.87,1559.34,NA,67700,67665,NA,NA,11220,5,8
25017003381,25,017,003381,2877,2782,48,22,0,25,0,2243,2178,37,15,0,13,0,735.39,757.35,NA,80545,80510,NA,NA,13110,5,8
25017003382,25,017,003382,3621,3363,67,36,4,145,6,2879,2703,46,21,4,103,2,943.9,972.09,NA,80545,80510,NA,NA,13110,5,8
25017003383,25,017,003383,3013,2912,30,27,2,36,6,2362,2287,24,20,2,26,3,774.4,797.53,NA,80545,80510,NA,NA,13110,5,8
25017003384,25,017,003384,5586,5256,25,47,6,252,0,4290,4061,20,34,5,170,0,1406.51,1448.52,NA,80545,80510,NA,NA,13110,5,8
25017003385,25,017,003385,5171,5032,17,42,0,78,2,4056,3955,12,29,0,60,0,1329.79,1369.51,NA,80545,80510,NA,NA,13110,5,8
25017003391,25,017,003391,6340,6110,58,69,5,96,2,5427,5238,52,58,5,72,2,1634.44,1134.94,NA,39835,39835,NA,NA,07560,5,8
25017003392,25,017,003392,6761,6555,90,48,5,62,1,5466,5317,64,35,3,46,1,1646.18,1143.09,NA,39835,39835,NA,NA,07560,5,8
25017003393,25,017,003393,3017,1678,1178,89,3,67,2,2430,1402,909,61,3,54,1,731.84,508.18,NA,39835,39835,NA,NA,07560,5,8
25017003394,25,017,003394,3824,3556,99,61,7,91,10,3202,3010,65,45,4,71,7,964.34,669.63,NA,39835,39835,NA,NA,07560,5,8
25017003395,25,017,003395,5687,5113,149,151,5,258,11,4935,4425,129,136,4,236,5,1486.26,1032.05,NA,39835,39835,NA,NA,07560,5,8
25017003396,25,017,003396,5233,4841,149,133,4,89,17,4327,4037,111,93,4,65,17,1303.15,904.9,NA,39835,39835,NA,NA,07560,5,8
25017003397,25,017,003397,4150,3904,112,73,6,53,2,3335,3165,67,58,4,39,2,1004.4,697.44,NA,39835,39835,NA,NA,07560,5,8
25017003398,25,017,003398,7345,6869,157,127,10,181,1,6107,5745,118,95,6,143,0,1839.23,1277.14,NA,39835,39835,NA,NA,07560,5,8
25017003399,25,017,003399,5471,5180,118,98,7,63,5,4402,4199,74,70,6,48,5,1325.74,920.58,NA,39835,39835,NA,NA,07560,5,8
25017003400,25,017,003400,2575,2399,92,38,9,35,2,2096,1969,67,29,3,26,2,631.25,438.33,NA,39835,39835,NA,NA,07560,5,8
25017003401,25,017,003401,7004,6709,48,103,2,140,2,5622,5409,31,86,2,94,0,1693.17,1175.72,NA,39835,39835,NA,NA,07560,5,8
25017003411,25,017,003411,8170,7220,251,237,11,446,5,6735,6002,187,187,7,347,5,2208.77,1557.88,NA,37875,37875,NA,NA,07170,5,8
25017003412,25,017,003412,6253,5695,74,104,11,365,4,5034,4625,56,78,8,263,4,1650.92,1164.42,NA,37875,37875,NA,NA,07170,5,8
25017003413,25,017,003413,4161,3372,248,141,5,395,0,3635,3009,200,119,2,305,0,1192.11,840.82,NA,37875,37875,NA,NA,07170,5,8
25017003414,25,017,003414,5785,5168,158,179,7,265,8,4654,4176,122,151,5,196,4,1526.3,1076.52,NA,37875,37875,NA,NA,07170,5,8
25017003415,25,017,003415,4349,3375,339,175,9,449,2,3288,2598,233,126,5,324,2,1078.31,760.55,NA,37875,37875,NA,NA,07170,5,8
25017003416,25,017,003416,6131,5443,193,166,10,315,4,4961,4436,145,132,10,236,2,1626.98,1147.53,NA,37875,37875,NA,NA,07170,5,8
25017003417,25,017,003417,5440,5108,94,88,9,133,8,4280,4040,65,66,8,96,5,1403.64,990.01,NA,37875,37875,NA,NA,07170,5,8
25017003418,25,017,003418,6504,5431,545,208,4,300,16,5013,4242,390,164,4,206,7,1644.03,1159.56,NA,37875,37875,NA,NA,07170,5,8
25017003419,25,017,003419,7091,6561,259,119,5,126,21,5714,5345,166,91,5,95,12,1873.93,1321.71,NA,37875,37875,NA,NA,07170,5,8
25017003421,25,017,003421,7760,7367,139,175,23,51,5,6225,5951,102,113,18,38,3,1815.25,1209.8,NA,21990,21990,NA,NA,04770,5,8
25017003422,25,017,003422,7709,7074,225,272,21,108,9,6186,5698,182,209,18,75,4,1803.87,1202.22,NA,21990,21990,NA,NA,04770,5,8
25017003423,25,017,003423,5746,5312,180,173,2,74,5,4635,4318,132,131,2,50,2,1351.59,900.79,NA,21990,21990,NA,NA,04770,5,8
25017003424,25,017,003424,4196,3728,148,192,16,105,7,3426,3082,116,139,10,73,6,999.04,665.83,NA,21990,21990,NA,NA,04770,5,8
25017003425,25,017,003425,5702,5120,174,301,11,95,1,4591,4161,128,215,8,78,1,1338.76,892.24,NA,21990,21990,NA,NA,04770,5,8
25017003426,25,017,003426,3491,3106,106,127,9,128,15,2802,2538,75,80,5,93,11,817.08,544.56,NA,21990,21990,NA,NA,04770,5,8
25017003427,25,017,003427,1097,840,53,131,5,60,8,821,665,35,79,3,36,3,239.41,159.56,NA,21990,21990,NA,NA,04770,5,8
25017003501,25,017,003501,7624,6319,511,557,25,199,13,6018,5110,328,406,16,149,9,1618.63,1598.52,NA,62535,62535,NA,NA,10890,6,9
25017003502,25,017,003502,6792,5761,288,492,11,206,34,5526,4755,206,370,8,156,31,1486.3,1467.83,NA,62535,62535,NA,NA,10890,6,9
25017003503,25,017,003503,2577,2107,175,219,6,62,8,2045,1696,123,164,5,49,8,550.03,543.2,NA,62535,62535,NA,NA,10890,6,9
25017003504,25,017,003504,6049,5490,116,249,5,167,22,5259,4811,86,194,5,146,17,1414.49,1396.91,NA,62535,62535,NA,NA,10890,6,9
25017003505,25,017,003505,1764,1599,60,39,0,61,5,1570,1424,48,33,0,60,5,422.27,417.03,NA,62535,62535,NA,NA,10890,6,9
25017003506,25,017,003506,4393,3867,122,152,3,243,6,4049,3552,115,144,3,229,6,1089.04,1075.51,NA,62535,62535,NA,NA,10890,6,9
25017003507,25,017,003507,6179,5538,241,237,8,137,18,5245,4800,164,155,5,110,11,1410.72,1393.19,NA,62535,62535,NA,NA,10890,6,9
25017003508,25,017,003508,1920,1491,264,66,1,87,11,1645,1298,220,55,1,66,5,442.45,436.95,NA,62535,62535,NA,NA,10890,6,9
25017003509,25,017,003509,3281,3018,102,62,4,93,2,2924,2696,79,57,4,87,1,786.45,776.68,NA,62535,62535,NA,NA,10890,6,9
25017003510,25,017,003510,6829,5964,262,273,3,311,16,6049,5311,212,230,3,280,13,1626.97,1606.76,NA,62535,62535,NA,NA,10890,6,9
25017003511,25,017,003511,5920,5228,215,243,8,204,22,5086,4545,167,186,7,161,20,1367.95,1350.96,NA,62535,62535,NA,NA,10890,6,9
25017003512,25,017,003512,8609,6830,651,675,4,433,16,7318,5894,480,556,4,372,12,1968.28,1943.83,NA,62535,62535,NA,NA,10890,6,9
25017003513,25,017,003513,4437,3671,313,296,9,144,4,3786,3195,234,227,6,121,3,1018.3,1005.65,NA,62535,62535,NA,NA,10890,6,9
25017003514,25,017,003514,7804,5887,474,991,16,364,72,6159,4761,335,730,11,260,62,1656.55,1635.97,NA,62535,62535,NA,NA,10890,6,9
25017003515,25,017,003515,2032,1517,188,233,1,80,13,1664,1298,128,163,1,66,8,447.56,442,NA,62535,62535,NA,NA,10890,6,9
25017003521,25,017,003521,2098,1746,53,189,7,102,1,1871,1582,50,146,7,85,1,717.8,296.39,NA,11000,11000,NA,NA,03270,6,9
25017003522,25,017,003522,1736,1452,56,124,2,99,3,1515,1293,43,97,2,77,3,581.23,240,NA,11000,11000,NA,NA,03270,6,9
25017003523,25,017,003523,1946,1664,66,129,8,62,17,1598,1377,45,102,8,52,14,613.07,253.14,NA,11000,11000,NA,NA,03270,6,9
25017003524,25,017,003524,2108,665,833,461,21,122,6,1348,509,455,273,11,94,6,517.16,213.54,NA,11000,11000,NA,NA,03270,6,9
25017003525,25,017,003525,2636,1153,865,506,7,75,30,2013,980,607,341,6,65,14,772.28,318.89,NA,11000,11000,NA,NA,03270,6,9
25017003526,25,017,003526,2664,1994,201,346,7,87,29,2054,1587,135,235,7,70,20,788.01,325.38,NA,11000,11000,NA,NA,03270,6,9
25017003527,25,017,003527,2296,1671,291,258,5,53,18,1791,1384,184,163,4,47,9,687.11,283.72,NA,11000,11000,NA,NA,03270,6,9
25017003528,25,017,003528,2342,1673,271,294,3,53,48,1805,1345,178,195,2,46,39,692.48,285.94,NA,11000,11000,NA,NA,03270,6,9
25017003529,25,017,003529,2609,2267,113,79,3,137,10,2261,1990,85,62,2,117,5,867.43,358.17,NA,11000,11000,NA,NA,03270,6,9
25017003530,25,017,003530,3546,2416,577,209,6,325,13,3094,2218,434,158,6,270,8,1187.01,490.13,NA,11000,11000,NA,NA,03270,6,9
25017003531,25,017,003531,7123,3569,792,690,16,2036,20,6484,3403,649,544,16,1856,16,2487.57,1027.15,NA,11000,11000,NA,NA,03270,6,9
25017003532,25,017,003532,2814,2020,382,204,16,167,25,2391,1775,303,140,15,143,15,917.3,378.77,NA,11000,11000,NA,NA,03270,6,9
25017003533,25,017,003533,3476,2642,430,170,7,213,14,2961,2314,321,129,7,184,6,1135.98,469.06,NA,11000,11000,NA,NA,03270,6,9
25017003534,25,017,003534,2303,937,953,265,6,134,8,1771,810,683,172,5,99,2,679.44,280.55,NA,11000,11000,NA,NA,03270,6,9
25017003535,25,017,003535,2391,1349,689,210,5,131,7,1990,1212,522,146,3,104,3,763.46,315.24,NA,11000,11000,NA,NA,03270,6,9
25017003536,25,017,003536,4716,3750,269,213,16,462,6,4309,3440,242,189,15,417,6,1653.14,682.6,NA,11000,11000,NA,NA,03270,6,9
25017003537,25,017,003537,5323,4151,315,255,9,585,8,5039,3950,292,236,9,546,6,1933.2,798.25,NA,11000,11000,NA,NA,03270,6,9
25017003538,25,017,003538,4395,3618,204,174,9,382,8,4076,3396,172,151,8,345,4,1563.75,645.69,NA,11000,11000,NA,NA,03270,6,9
25017003539,25,017,003539,5481,3736,421,381,12,915,16,5179,3637,372,328,12,814,16,1986.91,820.42,NA,11000,11000,NA,NA,03270,6,9
25017003540,25,017,003540,4473,3723,229,172,9,332,8,4201,3503,211,159,9,314,5,1611.7,665.49,NA,11000,11000,NA,NA,03270,6,9
25017003541,25,017,003541,2883,2517,104,109,6,141,6,2617,2289,88,92,6,137,5,1004.01,414.57,NA,11000,11000,NA,NA,03270,6,9
25017003542,25,017,003542,3110,2919,40,58,2,90,1,2604,2464,33,34,2,71,0,999.02,412.51,NA,11000,11000,NA,NA,03270,6,9
25017003543,25,017,003543,3451,2833,378,89,11,138,2,2828,2445,226,58,5,93,1,1084.96,447.99,NA,11000,11000,NA,NA,03270,6,9
25017003544,25,017,003544,1740,1452,205,38,5,38,2,1465,1228,170,29,4,34,0,562.04,232.08,NA,11000,11000,NA,NA,03270,6,9
25017003545,25,017,003545,2427,2165,58,81,4,113,6,2104,1888,51,64,4,94,3,807.19,333.3,NA,11000,11000,NA,NA,03270,6,9
25017003546,25,017,003546,4037,2482,1201,202,13,128,11,3319,2182,899,120,12,100,6,1273.33,525.77,NA,11000,11000,NA,NA,03270,6,9
25017003547,25,017,003547,2189,1791,245,54,6,87,6,1863,1558,189,38,5,70,3,714.74,295.12,NA,11000,11000,NA,NA,03270,6,9
25017003548,25,017,003548,1971,1695,134,57,1,81,3,1714,1494,106,45,1,67,1,657.57,271.52,NA,11000,11000,NA,NA,03270,6,9
25017003549,25,017,003549,5004,2291,1656,445,7,598,7,3716,1937,1056,278,7,432,6,1425.63,588.66,NA,11000,11000,NA,NA,03270,6,9
25017003550,25,017,003550,2514,2209,147,44,8,95,11,2209,1974,116,33,6,79,1,847.48,349.94,NA,11000,11000,NA,NA,03270,6,9
25017003561,25,017,003561,3314,3104,53,81,2,70,4,2798,2644,45,52,2,55,0,1330.84,944.05,NA,1640,1605,NA,NA,01980,6,8
25017003562,25,017,003562,5184,4819,80,129,7,146,3,4524,4226,62,111,7,115,3,2151.79,1526.41,NA,1640,1605,NA,NA,01980,6,8
25017003563,25,017,003563,5363,4952,100,104,3,200,4,4440,4133,72,78,3,152,2,2111.84,1498.07,NA,1640,1605,NA,NA,01980,6,8
25017003564,25,017,003564,7579,7294,38,72,1,172,2,6166,5966,26,56,1,116,1,2932.79,2080.42,NA,1640,1605,NA,NA,01980,6,8
25017003565,25,017,003565,6948,6559,72,105,6,199,7,5724,5433,48,78,5,158,2,2722.56,1931.29,NA,1640,1605,NA,NA,01980,6,8
25017003566,25,017,003566,8686,8114,120,134,3,312,3,7114,6698,74,95,3,243,1,3383.69,2400.28,NA,1640,1605,NA,NA,01980,6,8
25017003567,25,017,003567,7559,7074,104,113,11,242,15,6424,6053,80,85,11,190,5,3055.5,2167.47,NA,1640,1605,NA,NA,01980,6,8
25017003571,25,017,003571,4119,3943,12,24,3,136,1,3333,3217,10,12,3,90,1,1181.1,998.46,NA,5105,5070,NA,NA,02490,6,9
25017003572,25,017,003572,3193,3027,20,46,2,93,5,2499,2382,15,33,0,68,1,885.56,748.62,NA,5105,5070,NA,NA,02490,6,9
25017003573,25,017,003573,2939,2730,39,54,1,115,0,2474,2312,29,44,1,88,0,876.7,741.13,NA,5105,5070,NA,NA,02490,6,9
25017003574,25,017,003574,2411,2281,10,32,0,88,0,1918,1820,6,24,0,68,0,679.67,574.57,NA,5105,5070,NA,NA,02490,6,9
25017003575,25,017,003575,2209,2052,17,37,6,96,1,1771,1668,11,27,4,60,1,627.58,530.53,NA,5105,5070,NA,NA,02490,6,9
25017003576,25,017,003576,2476,2334,20,48,5,69,0,2052,1947,15,36,4,50,0,727.16,614.71,NA,5105,5070,NA,NA,02490,6,9
25017003577,25,017,003577,3573,3391,36,44,2,98,2,3040,2909,25,28,2,74,2,1077.27,910.69,NA,5105,5070,NA,NA,02490,6,9
25017003578,25,017,003578,3800,3600,44,39,3,114,0,3042,2909,28,22,2,81,0,1077.98,911.29,NA,5105,5070,NA,NA,02490,6,9
25017003581,25,017,003581,5071,4712,40,46,5,264,4,4076,3827,35,33,2,176,3,1515.25,1241.25,NA,35250,35215,NA,NA,06840,5,8
25017003582,25,017,003582,148,130,1,3,0,14,0,135,123,1,2,0,9,0,50.19,41.11,NA,35250,35215,NA,NA,06840,5,8
25017003583,25,017,003583,3887,3476,40,50,1,320,0,3054,2800,31,29,1,193,0,1135.32,930.02,NA,35250,35215,NA,NA,06840,5,8
25017003584,25,017,003584,4694,4371,32,68,1,217,5,3730,3521,26,39,1,143,0,1386.62,1135.88,NA,35250,35215,NA,NA,06840,5,8
25017003585,25,017,003585,4809,4230,67,58,5,446,3,3751,3355,61,36,5,294,0,1394.43,1142.28,NA,35250,35215,NA,NA,06840,5,8
25017003586,25,017,003586,5706,5217,90,71,1,319,8,4361,4050,64,42,1,201,3,1621.2,1328.04,NA,35250,35215,NA,NA,06840,5,8
25017003587,25,017,003587,4655,4266,39,58,2,290,0,3653,3387,30,42,2,192,0,1358,1112.43,NA,35250,35215,NA,NA,06840,5,8
25017003591,25,017,003591,5629,5310,101,59,8,142,9,4692,4458,91,41,5,95,2,1007.42,974.98,NA,NA,4615,NA,NA,02400,9,7
25017003592,25,017,003592,14,11,0,0,0,3,0,11,8,0,0,0,3,0,2.36,2.29,NA,NA,4615,NA,NA,02400,9,7
25017003593,25,017,003593,7353,6703,244,131,16,252,7,5711,5216,197,96,14,182,6,1226.21,1186.73,NA,NA,4615,NA,NA,02400,9,7
25017003601,25,017,003601,3151,2594,335,126,4,79,13,1778,1458,192,70,4,51,3,475.97,423.3,NA,NA,35425,06900,06930,NA,9,8
25017003602,25,017,003602,4515,4221,51,36,2,201,4,3590,3380,35,27,2,143,3,961.03,854.7,NA,NA,35425,06900,06930,NA,9,8
25017003611,25,017,003611,6461,5714,276,338,5,121,7,5389,4710,271,322,5,75,6,1630.61,1554.54,NA,75680,15060,03840,03870,NA,9,6
25017003612,25,017,003612,4511,4277,43,47,7,137,0,3440,3287,30,30,6,87,0,1040.88,992.32,NA,75680,15060,03840,03870,NA,9,6
25017003613,25,017,003613,6097,5791,81,129,6,87,3,4774,4527,69,107,6,64,1,1444.52,1377.14,NA,NA,15060,03840,03870,NA,9,6
25017003621,25,017,003621,4333,4095,9,36,0,186,7,3156,3018,7,18,0,110,3,997,1158,NA,NA,11525,03330,03870,NA,9,6
25017003641,25,017,003641,10325,9796,78,240,13,185,13,8024,7686,52,147,12,120,7,3158,4150,NA,39660,39625,NA,NA,07500,9,6
25017003651,25,017,003651,5869,5575,76,56,8,143,11,4198,4015,57,31,4,91,0,1335.22,1516.37,NA,39660,68260,11340,06930,NA,9,6
25017003661,25,017,003661,4486,4211,60,65,4,146,0,3501,3315,38,43,4,101,0,1284.08,1357.51,NA,14570,73790,NA,NA,12210,9,6
25017003662,25,017,003662,7388,7000,62,82,0,244,0,5510,5276,43,51,0,140,0,2020.92,2136.49,NA,14570,73790,11340,06930,12210,9,6
25017003671,25,017,003671,3547,3302,19,43,0,183,0,2736,2570,16,30,0,120,0,751.31,1052.65,NA,NA,77255,NA,NA,12750,9,8
25017003672,25,017,003672,6653,6181,53,124,0,292,3,5363,5008,40,107,0,207,1,1472.69,2063.35,NA,45560,77255,NA,NA,12750,9,8
25017003682,25,017,003682,4141,3627,132,283,0,97,2,3233,2922,81,152,0,76,2,624.98,761.06,NA,72600,72600,NA,NA,12000,6,8
25017003683,25,017,003683,4160,3642,153,207,3,155,0,3514,3139,103,149,3,120,0,679.3,827.21,NA,72600,72600,NA,NA,12000,6,8
25017003684,25,017,003684,8306,7219,253,391,13,420,10,7335,6438,219,295,12,364,7,1417.96,1726.68,NA,72600,72600,NA,NA,12000,6,8
25017003685,25,017,003685,2635,2014,187,304,3,121,6,2284,1816,142,233,3,84,6,441.53,537.66,NA,72600,72600,NA,NA,12000,6,8
25017003686,25,017,003686,5364,4666,197,382,5,108,6,4464,3940,148,279,5,86,6,862.95,1050.84,NA,72600,72600,NA,NA,12000,6,8
25017003687,25,017,003687,2387,1854,70,357,8,96,2,1899,1539,49,233,5,71,2,367.1,447.03,NA,72600,72600,NA,NA,12000,6,8
25017003688,25,017,003688,4749,3938,139,533,4,121,14,3963,3379,102,378,4,92,8,766.1,932.9,NA,72600,72600,NA,NA,12000,6,8
25017003690,25,017,003690,1327,1179,60,37,2,48,1,1239,1100,59,34,2,43,1,239.52,291.66,NA,72600,72600,NA,NA,12000,6,8
25017003691,25,017,003691,5751,5520,71,65,5,90,0,4792,4615,58,47,5,67,0,926.36,1128.05,NA,72600,72600,NA,NA,12000,6,8
25017003702,25,017,003702,8368,8071,62,101,2,128,4,7127,6889,50,80,2,105,1,2275.91,1429.24,NA,73440,73405,NA,NA,12180,6,9
25017003703,25,017,003703,6096,5678,105,161,8,142,2,5330,5007,84,117,6,114,2,1702.06,1068.87,NA,73440,73405,NA,NA,12180,6,9
25017003704,25,017,003704,5426,5107,77,124,13,104,1,4709,4462,58,87,13,88,1,1503.76,944.34,NA,73440,73405,NA,NA,12180,6,9
25017003731,25,017,003731,5003,4604,80,84,4,230,1,4273,3966,65,69,4,168,1,1507.22,907,NA,45560,45560,NA,NA,08610,7,5
25017003732,25,017,003732,4482,4058,45,136,0,241,2,3803,3507,36,85,0,173,2,1341.44,807.24,NA,45560,45560,NA,NA,08610,7,5
25017003733,25,017,003733,2908,2695,66,45,4,92,6,2426,2268,53,34,4,62,5,855.73,514.95,NA,45560,45560,NA,NA,08610,7,5
25017003734,25,017,003734,3261,3037,37,66,2,113,6,2663,2498,29,53,2,78,3,939.32,565.26,NA,45560,45560,NA,NA,08610,7,5
25017003735,25,017,003735,6409,5958,104,128,1,211,7,5086,4724,86,109,1,160,6,1793.99,1079.57,NA,45560,45560,NA,NA,08610,7,5
25017003736,25,017,003736,6068,5392,170,224,12,260,10,5525,4888,168,209,12,238,10,1948.84,1172.75,NA,45560,45560,NA,NA,08610,7,5
25017003737,25,017,003737,3947,3717,72,59,4,88,7,2971,2815,53,37,2,62,2,1047.96,630.63,NA,45560,45560,NA,NA,08610,7,5
25017003738,25,017,003738,5164,4593,135,155,5,270,6,4097,3695,97,115,5,184,1,1445.14,869.64,NA,45560,45560,NA,NA,08610,7,5
25017003739,25,017,003739,5840,5271,64,104,1,394,6,4715,4305,54,86,1,266,3,1663.13,1000.82,NA,45560,45560,NA,NA,08610,7,5
25017003740,25,017,003740,4882,4282,153,45,13,384,5,4028,3558,141,41,13,275,0,1420.8,855,NA,45560,45560,NA,NA,08610,7,5
25017003741,25,017,003741,3944,3516,102,69,0,256,1,3278,2976,74,54,0,173,1,1156.25,695.8,NA,45560,45560,NA,NA,08610,7,5
25017003742,25,017,003742,4323,3926,102,89,5,194,7,3425,3130,85,60,3,145,2,1208.1,727,NA,45560,45560,NA,NA,08610,7,5
25017003743,25,017,003743,3517,3299,40,46,1,131,0,2566,2410,29,31,1,95,0,905.11,544.67,NA,45560,45560,NA,NA,08610,7,5
25017003744,25,017,003744,5328,5034,47,79,8,160,0,4040,3829,40,53,7,111,0,1425.03,857.54,NA,45560,45560,NA,NA,08610,7,5
25017003745,25,017,003745,4453,4026,200,81,14,130,2,3711,3357,173,69,13,97,2,1308.99,787.71,NA,45560,45560,NA,NA,08610,7,5
25017003746,25,017,003746,4932,4539,100,86,2,197,8,3973,3683,76,60,2,151,1,1401.4,843.32,NA,45560,45560,NA,NA,08610,7,5
25017003747,25,017,003747,4250,3984,38,78,1,148,1,3487,3297,31,49,1,108,1,1229.97,740.16,NA,45560,45560,NA,NA,08610,7,5
25017003748,25,017,003748,3874,3479,89,64,2,239,1,3208,2900,71,50,2,184,1,1131.56,680.94,NA,45560,45560,NA,NA,08610,7,5
25017003821,25,017,003821,4563,4264,86,61,0,150,2,3565,3345,68,43,0,109,0,1114.48,1097.1,NA,14570,43895,NA,NA,08340,7,8
25017003822,25,017,003822,4949,4758,48,71,0,71,1,3900,3767,36,44,0,52,1,1219.21,1200.2,NA,NA,43895,NA,NA,08340,7,8
25017003823,25,017,003823,5071,4796,62,73,11,125,4,3923,3724,51,48,8,92,0,1226.4,1207.27,NA,NA,43895,NA,NA,08340,7,8
25017003824,25,017,003824,4098,3985,20,42,2,44,5,3262,3186,16,27,2,30,1,1019.76,1003.86,NA,NA,43895,NA,NA,08340,7,8
25017003825,25,017,003825,3996,3740,111,84,7,50,4,3223,3034,88,61,7,32,1,1007.57,991.85,NA,NA,43895,NA,NA,08340,7,8
25017003826,25,017,003826,7793,7021,275,208,5,272,12,6537,5955,205,157,5,204,11,2043.58,2011.71,NA,24960,43895,NA,NA,08340,7,8
25017003831,25,017,003831,7871,4497,661,2455,14,204,40,5931,3581,480,1680,14,147,29,1529.41,1270.17,NA,24960,24925,NA,NA,04980,9,8
25017003832,25,017,003832,5273,4178,159,828,12,89,7,4209,3464,110,558,8,65,4,1085.36,901.39,NA,24960,24925,NA,NA,04980,9,8
25017003833,25,017,003833,2788,2467,71,207,3,39,1,2391,2171,56,130,3,30,1,616.56,512.05,NA,24960,24925,NA,NA,04980,9,8
25017003834,25,017,003834,4724,3930,145,425,17,147,60,3881,3346,96,286,12,104,37,1000.78,831.15,NA,24960,24925,NA,NA,04980,9,8
25017003835,25,017,003835,8325,7425,302,365,9,179,45,7290,6551,254,283,9,152,41,1879.85,1561.21,NA,24960,24925,NA,NA,04980,9,8
25017003836,25,017,003836,5519,4919,140,282,11,160,7,4533,4081,100,224,8,117,3,1168.91,970.78,NA,24960,24925,NA,NA,04980,9,8
25017003837,25,017,003837,5173,4710,126,140,3,190,4,4130,3813,87,97,2,128,3,1064.99,884.47,NA,24960,24925,NA,NA,04980,9,8
25017003838,25,017,003838,5631,5251,73,124,8,156,19,4349,4097,52,81,8,105,6,1121.47,931.37,NA,24960,24925,NA,NA,04980,9,8
25017003840,25,017,003840,6274,5544,197,198,3,306,26,5269,4670,170,161,3,241,24,1358.7,1128.4,NA,24960,24925,NA,NA,04980,9,8
25017003851,25,017,003851,4378,4190,61,54,1,65,7,3362,3234,43,35,1,45,4,919.38,889.36,NA,NA,2130,NA,NA,02100,11,6
25017003852,25,017,003852,7688,7149,166,184,8,172,9,6047,5642,130,131,8,129,7,1653.62,1599.64,NA,NA,2130,NA,NA,02100,11,6
25017003861,25,017,003861,3989,3888,7,35,2,57,0,2960,2909,6,17,1,27,0,892,1416,NA,NA,61380,10710,04290,NA,11,5
25017003871,25,017,003871,4288,4140,40,60,3,45,0,2984,2887,29,38,3,27,0,885.92,1021.88,NA,NA,30700,NA,NA,06240,11,4
25017003881,25,017,003881,3343,3177,21,39,2,104,0,2557,2450,15,23,2,67,0,576,735,NA,NA,7350,02850,01710,NA,9,6
25017314398,25,017,314398,9549,9228,51,100,5,162,3,6876,6646,43,71,5,109,2,1152.36,1357.57,NA,37000,17475,NA,NA,04320,9,6
25017331101,25,017,331101,2179,2129,12,16,4,18,0,1715,1685,8,9,4,9,0,443.38,492.29,NA,80195,80230,NA,NA,13050,5,7
25017331102,25,017,331102,5951,5862,16,18,2,51,2,4567,4512,13,10,2,30,0,1180.71,1310.94,NA,80195,80230,NA,NA,13050,5,7
25017363101,25,017,363101,7909,7473,70,88,3,272,3,5859,5574,48,49,2,186,0,1536.5,2013.38,NA,NA,380,01680,01710,NA,9,6
25017363102,25,017,363102,3804,3446,52,104,7,188,7,3027,2772,45,73,4,129,4,793.82,1040.19,NA,NA,380,01680,01710,NA,9,6
25017363201,25,017,363201,2824,2698,11,34,5,76,0,2091,2015,8,15,3,50,0,548.36,718.55,NA,NA,380,01680,01710,NA,9,6
25017363202,25,017,363202,3342,3178,16,34,4,110,0,2415,2308,12,22,4,69,0,633.32,829.89,NA,NA,380,01680,01710,NA,9,6
25017365201,25,017,365201,4893,4657,35,47,8,145,1,3648,3491,30,30,6,90,1,1160.29,1317.7,NA,NA,68260,11340,06930,12210,9,6
25017365202,25,017,365202,3596,3363,72,33,0,127,1,2652,2493,52,22,0,84,1,843.5,957.93,NA,NA,68260,11340,06930,12210,9,6
25017368101,25,017,368101,5568,5031,62,180,6,283,6,4555,4159,47,137,6,204,2,880.54,1072.26,NA,72600,72600,NA,NA,12000,6,8
25017368102,25,017,368102,3730,3345,110,90,2,176,7,2999,2749,73,50,2,123,2,579.75,705.97,NA,72600,72600,NA,NA,12000,6,8
25017368901,25,017,368901,6839,6215,118,278,6,208,14,6131,5616,103,220,6,172,14,1185.21,1443.26,NA,72600,72600,NA,NA,12000,6,8
25017368902,25,017,368902,2921,2621,64,132,2,99,3,2559,2334,54,90,2,78,1,494.69,602.4,NA,72600,72600,NA,NA,12000,6,8
25017370101,25,017,370101,6898,6462,97,150,6,168,15,5722,5414,62,107,6,124,9,1827.24,1147.48,NA,73440,73405,NA,NA,12180,6,9
25017370102,25,017,370102,6496,6106,75,119,6,190,0,5690,5364,58,104,6,158,0,1817.02,1141.07,NA,73440,73405,NA,NA,12180,6,9
25017383901,25,017,383901,7979,7466,174,137,5,192,5,6309,5943,126,96,4,139,1,1626.89,1351.12,NA,24960,24925,NA,NA,04980,9,8
25017383902,25,017,383902,5472,5024,103,135,8,200,2,4076,3764,76,94,4,137,1,1051.07,872.91,NA,24960,24925,NA,NA,04980,9,8
25017387201,25,017,387201,5573,5373,71,65,2,62,0,4233,4105,48,41,2,37,0,1256.74,1449.6,NA,NA,30700,NA,NA,06240,11,4
25017387202,25,017,387202,3065,3004,11,27,6,16,1,2177,2145,7,14,1,10,0,646.33,745.52,NA,NA,30700,NA,NA,06240,11,4
25017388298,25,017,388298,0,0,0,0,0,0,0,0,0,0,0,0,0,0,0,0,NA,38715,38715,NA,NA,07320,11,6
25019000000,25,019,000000,0,0,0,0,0,0,0,0,0,0,0,0,0,0,0,0,NA,NA,NA,NA,NA,99998,1,1
25019009501,25,019,009501,809,786,13,7,0,2,1,681,663,10,5,0,2,1,228.29,175.47,NA,43755,43790,NA,NA,08250,1,1
25019009502,25,019,009502,1098,1053,25,4,0,5,11,925,888,22,4,0,3,8,310.08,238.35,NA,43755,43790,NA,NA,08250,1,1
25019009503,25,019,009503,2615,2463,92,25,4,6,25,1969,1866,61,17,3,5,17,660.06,507.35,NA,43755,43790,NA,NA,08250,1,1
25019009504,25,019,009504,1490,1457,10,14,1,5,3,1183,1156,9,10,0,5,3,396.57,304.83,NA,NA,43790,NA,NA,08250,1,1
25021004001,25,021,004001,4751,3928,243,179,5,385,11,4103,3506,163,123,4,302,5,1330.88,1394.92,NA,9210,9175,NA,NA,03150,7,5
25021004002,25,021,004002,5527,4436,184,167,5,719,16,4693,3859,134,142,4,545,9,1522.26,1595.51,NA,9210,9175,NA,NA,03150,7,5
25021004003,25,021,004003,3954,3298,92,95,1,450,18,3302,2782,69,77,1,358,15,1071.06,1122.6,NA,9210,9175,NA,NA,03150,7,5
25021004004,25,021,004004,5388,4661,125,137,3,443,19,4706,4113,110,111,2,360,10,1526.48,1599.93,NA,9210,9175,NA,NA,03150,7,5
25021004005,25,021,004005,4806,4201,105,142,4,350,4,4153,3664,83,106,4,293,3,1347.1,1411.92,NA,9210,9175,NA,NA,03150,7,5
25021004006,25,021,004006,4929,4269,93,139,4,421,3,4113,3584,71,112,4,339,3,1334.13,1398.32,NA,9210,9175,NA,NA,03150,7,5
25021004007,25,021,004007,3083,2659,93,92,9,227,3,2538,2221,69,63,5,178,2,823.25,862.86,NA,9210,9175,NA,NA,03150,7,5
25021004008,25,021,004008,5222,4473,148,152,17,424,8,4575,3992,115,116,9,337,6,1483.99,1555.39,NA,9210,9175,NA,NA,03150,7,5
25021004009,25,021,004009,3815,3075,232,178,15,301,14,3234,2686,170,120,12,243,3,1049.01,1099.48,NA,9210,9175,NA,NA,03150,7,5
25021004010,25,021,004010,3187,2519,183,149,2,320,14,2558,2097,121,102,1,227,10,829.73,869.66,NA,9210,9175,NA,NA,03150,7,5
25021004011,25,021,004011,4166,3761,69,79,3,243,11,3272,2968,52,54,3,190,5,1061.33,1112.4,NA,9210,9175,NA,NA,03150,7,5
25021004012,25,021,004012,5890,5474,61,87,4,264,0,4821,4488,54,74,3,202,0,1563.78,1639.02,NA,9210,9175,NA,NA,03150,7,5
25021004021,25,021,004021,8337,7983,99,111,17,126,1,6574,6331,57,80,12,93,1,2030.77,1922.64,NA,16530,16495,NA,NA,04050,2,10
25021004022,25,021,004022,2269,2216,7,25,1,20,0,1801,1762,5,16,1,17,0,556.34,526.72,NA,16530,16495,NA,NA,04050,2,10
25021004023,25,021,004023,4704,4597,11,53,4,39,0,3823,3745,6,38,4,30,0,1180.96,1118.08,NA,16530,16495,NA,NA,04050,2,10
25021004024,25,021,004024,5351,5268,21,24,1,34,3,4255,4207,11,14,1,22,0,1314.41,1244.42,NA,16530,16495,NA,NA,04050,2,10
25021004025,25,021,004025,3121,3010,46,29,2,33,1,2517,2424,45,24,2,21,1,777.52,736.13,NA,16530,16495,NA,NA,04050,2,10
25021004031,25,021,004031,6514,6333,8,64,1,108,0,4917,4809,5,37,1,65,0,1679.33,1739.13,NA,44140,44105,NA,NA,08370,2,10
25021004032,25,021,004032,3972,3877,13,28,1,53,0,3009,2956,7,13,1,32,0,1027.68,1064.28,NA,44140,44105,NA,NA,08370,2,10
25021004033,25,021,004033,4066,3888,22,46,3,106,1,3109,3003,16,25,3,62,0,1061.83,1099.65,NA,44140,44105,NA,NA,08370,2,10
25021004034,25,021,004034,7905,7583,61,86,5,167,3,6164,5944,43,59,5,111,2,2105.23,2180.19,NA,44140,44105,NA,NA,08370,2,10
25021004035,25,021,004035,5100,4820,65,40,5,167,3,4096,3906,34,30,4,121,1,1398.93,1448.75,NA,44140,44105,NA,NA,08370,2,10
25021004041,25,021,004041,1444,1367,10,18,0,49,0,1123,1070,9,14,0,30,0,313.2,358.35,NA,74210,74175,NA,NA,12270,7,5
25021004043,25,021,004043,8539,8137,48,143,3,207,1,6696,6421,39,95,3,138,0,1867.47,2136.69,NA,74210,74175,NA,NA,12270,7,5
25021004044,25,021,004044,6087,5181,229,150,7,515,5,5195,4362,208,133,6,481,5,1448.85,1657.72,NA,74210,74175,NA,NA,12270,7,5
25021004051,25,021,004051,4915,4755,12,36,1,110,1,3709,3605,9,25,1,68,1,903,1790,NA,17370,17405,04260,04290,NA,7,5
25021004071,25,021,004071,7613,7458,34,60,7,50,4,5661,5555,25,35,6,38,2,1625,1378,NA,41532,41515,NA,NA,07920,11,5
25021004091,25,021,004091,9259,8271,434,444,24,82,4,6841,5941,422,405,24,45,4,1105,1554,NA,NA,46050,08640,06510,11970,11,5
25021004101,25,021,004101,5459,5359,19,23,6,50,2,4192,4123,17,12,6,32,2,1084.25,1229.99,NA,24855,24820,NA,NA,04950,7,4
25021004102,25,021,004102,272,268,3,1,0,0,0,270,266,3,1,0,0,0,69.83,79.22,NA,24855,24820,NA,NA,04950,7,4
25021004103,25,021,004103,3318,3260,18,16,1,23,0,2428,2387,12,13,1,15,0,627.99,712.41,NA,NA,24820,NA,NA,04950,7,5
25021004104,25,021,004104,5588,5403,33,63,11,78,0,4299,4167,30,39,9,54,0,1111.92,1261.38,NA,24855,24820,NA,NA,04950,7,5
25021004111,25,021,004111,7641,7131,254,195,9,45,7,5960,5502,238,173,7,37,3,2040.6,1949.3,NA,72460,72495,NA,NA,11970,7,10
25021004112,25,021,004112,5408,5311,14,55,7,20,1,4207,4142,7,38,5,14,1,1440.4,1375.96,NA,72460,72495,NA,NA,11970,7,10
25021004113,25,021,004113,7174,7017,27,59,7,64,0,5304,5224,14,27,4,35,0,1816,1734.75,NA,72460,72495,08640,06510,11970,7,10
25021004121,25,021,004121,5617,5480,19,41,1,75,1,4396,4317,13,23,1,42,0,1076.77,1299.51,NA,50285,78690,NA,NA,12810,2,10
25021004122,25,021,004122,2427,2372,7,13,0,35,0,1918,1880,6,8,0,24,0,469.8,566.98,NA,NA,78690,NA,NA,12810,2,10
25021004123,25,021,004123,4513,4392,11,26,0,84,0,3574,3492,9,18,0,55,0,875.43,1056.51,NA,NA,78690,NA,NA,12810,2,10
25021004131,25,021,004131,5852,5716,21,64,8,43,0,4773,4675,17,46,7,28,0,1816.39,1182.93,NA,50285,50250,NA,NA,09060,2,10
25021004132,25,021,004132,6299,6143,47,50,13,46,0,5154,5045,34,36,9,30,0,1961.38,1277.36,NA,50285,50250,NA,NA,09060,2,10
25021004133,25,021,004133,5266,5019,78,26,6,132,5,4130,3971,45,14,4,94,2,1571.69,1023.57,NA,50285,50250,NA,NA,09060,2,10
25021004134,25,021,004134,7414,6901,254,107,5,139,8,6112,5762,170,73,4,99,4,2325.95,1514.79,NA,50285,50250,NA,NA,09060,2,10
25021004135,25,021,004135,3869,3700,33,69,3,62,2,3076,2961,26,49,1,38,1,1170.59,762.35,NA,50285,50250,NA,NA,09060,2,10
25021004141,25,021,004141,4096,3814,131,35,2,107,7,2978,2782,100,23,1,66,6,1202.03,772.96,NA,60820,60785,NA,NA,10620,7,5
25021004142,25,021,004142,6663,6226,224,59,1,153,0,4662,4372,152,34,1,103,0,1881.75,1210.05,NA,60820,60785,NA,NA,10620,7,5
25021004143,25,021,004143,4758,4511,118,45,2,77,5,3583,3405,91,30,2,53,2,1446.23,929.99,NA,60820,60785,NA,NA,10620,7,5
25021004152,25,021,004152,3911,3731,83,45,0,48,4,3022,2897,61,31,0,31,2,823.31,804.32,NA,NA,11315,NA,NA,03300,2,10
25021004153,25,021,004153,3475,3390,17,36,0,30,2,2686,2635,12,21,0,18,0,731.77,714.89,NA,NA,11315,NA,NA,03300,2,10
25021004161,25,021,004161,8141,7901,106,62,4,63,5,6495,6312,82,50,4,43,4,2273.71,2047.41,NA,41725,41690,NA,NA,07980,10,10
25021004162,25,021,004162,6568,5447,879,101,3,128,10,4924,4181,586,69,3,79,6,1723.75,1552.18,NA,41725,41690,NA,NA,07980,10,10
25021004163,25,021,004163,4711,4417,173,69,7,43,2,3643,3440,127,43,3,30,0,1275.31,1148.38,NA,41725,41690,NA,NA,07980,10,10
25021004164,25,021,004164,6305,6179,22,29,4,70,1,4914,4833,13,19,2,47,0,1720.24,1549.03,NA,41725,41690,NA,NA,07980,10,10
25021004171,25,021,004171,4794,4441,10,53,1,285,4,3890,3635,5,38,1,209,2,867.12,754.81,NA,55745,55745,NA,NA,09870,10,1
25021004172,25,021,004172,7422,6273,45,67,14,1017,6,6148,5293,38,54,11,747,5,1370.45,1192.95,NA,55745,55745,NA,NA,09870,10,1
25021004173,25,021,004173,1886,1691,63,71,2,57,2,1604,1465,47,44,2,44,2,357.55,311.24,NA,55745,55745,NA,NA,09870,10,1
25021004174,25,021,004174,2796,2760,1,17,1,17,0,2285,2260,1,12,1,11,0,509.35,443.38,NA,55745,55745,NA,NA,09870,10,1
25021004176,25,021,004176,10126,9088,89,129,12,804,4,8682,7877,79,102,8,613,3,1935.3,1684.64,NA,55745,55745,NA,NA,09870,10,1
25021004177,25,021,004177,7010,6499,112,90,13,292,4,6072,5644,90,84,13,239,2,1353.51,1178.2,NA,55745,55745,NA,NA,09870,10,1
25021004181,25,021,004181,6819,6256,58,99,14,382,10,5768,5355,42,69,10,288,4,1285.74,1119.21,NA,55745,55745,NA,NA,09870,10,1
25021004182,25,021,004182,5414,5120,37,66,4,178,9,4514,4292,31,52,4,127,8,1006.22,875.89,NA,55745,55745,NA,NA,09870,10,1
25021004191,25,021,004191,5355,5167,26,39,4,119,0,4312,4189,17,25,2,79,0,1379.13,1415.58,NA,7700,7665,NA,NA,02940,10,10
25021004192,25,021,004192,5241,5098,30,28,3,75,7,4171,4081,21,18,2,46,3,1334.03,1369.29,NA,7700,7665,NA,NA,02940,10,10
25021004193,25,021,004193,3843,3690,50,41,5,48,9,2983,2872,39,29,4,33,6,954.07,979.28,NA,7700,7665,NA,NA,02940,10,10
25021004194,25,021,004194,3304,3212,18,37,8,27,2,2598,2531,14,21,6,24,2,830.93,852.89,NA,7700,7665,NA,NA,02940,10,10
25021004195,25,021,004195,3251,3159,21,19,5,47,0,2659,2589,14,15,2,39,0,850.44,872.92,NA,7700,7665,NA,NA,02940,10,10
25021004196,25,021,004196,5023,4882,14,34,3,78,12,4061,3969,10,26,1,45,10,1298.85,1333.18,NA,7700,7665,NA,NA,02940,10,10
25021004197,25,021,004197,3546,3424,15,29,0,69,9,2809,2734,9,16,0,46,4,898.42,922.16,NA,7700,7665,NA,NA,02940,10,10
25021004198,25,021,004198,4273,4117,19,66,4,59,8,3496,3386,16,46,2,42,4,1118.14,1147.7,NA,7700,7665,NA,NA,02940,10,10
25021004201,25,021,004201,7626,6490,528,117,6,455,30,6067,5295,356,83,5,317,11,1826.4,1242.15,NA,55990,55955,NA,NA,09930,10,10
25021004202,25,021,004202,8351,7062,593,125,10,552,9,6672,5783,428,84,8,364,5,2008.52,1366.02,NA,55990,55955,NA,NA,09930,10,10
25021004211,25,021,004211,5389,5097,156,73,8,41,14,4141,3938,105,49,7,33,9,1611.04,1618.31,NA,30420,30455,NA,NA,06150,10,1
25021004212,25,021,004212,5652,5328,160,84,9,59,12,4403,4156,131,55,6,45,10,1712.96,1720.69,NA,30420,30455,NA,NA,06150,10,1
25021004221,25,021,004221,4650,4532,9,69,7,27,6,3645,3553,9,52,6,19,6,1093.04,808.7,NA,78900,78865,NA,NA,12840,10,1
25021004222,25,021,004222,7668,7272,148,98,12,116,22,5998,5724,113,67,11,68,15,1798.64,1330.76,NA,78900,78865,NA,NA,12840,10,1
25021004224,25,021,004224,7349,7197,27,44,16,63,2,5892,5771,22,42,13,43,1,1766.85,1307.24,NA,78900,78865,NA,NA,12840,10,1
25021004226,25,021,004226,6834,6711,17,50,4,47,5,5331,5250,13,32,3,31,2,1598.62,1182.77,NA,78900,78865,NA,NA,12840,10,1
25021004227,25,021,004227,4230,4171,10,26,1,15,7,3355,3316,8,16,1,10,4,1006.07,744.36,NA,78900,78865,NA,NA,12840,10,1
25021004228,25,021,004228,4263,4195,18,27,0,22,1,3453,3405,14,17,0,17,0,1035.46,766.11,NA,78900,78865,NA,NA,12840,10,1
25021004231,25,021,004231,7075,6976,20,42,6,31,0,5438,5376,14,23,5,20,0,1184.77,1294.13,NA,NA,14640,NA,NA,03780,1,1
25021004401,25,021,004401,6871,6714,41,60,1,50,5,5295,5199,19,36,1,36,4,1268,1651,NA,NA,54100,09690,06510,NA,7,4
25021004411,25,021,004411,516,498,17,0,0,0,1,510,492,17,0,0,0,1,101.79,113.18,NA,NA,82315,13290,06510,NA,7,4
25021004412,25,021,004412,8490,8335,45,39,6,63,2,6204,6102,31,25,5,41,0,1238.21,1376.82,NA,NA,82315,13290,06510,NA,7,4
25021004422,25,021,004422,7767,7562,50,85,11,56,3,5843,5696,37,58,9,41,2,1220.46,1133.08,NA,25100,25065,NA,NA,05010,11,4
25021004562,25,021,004562,3092,2910,116,29,2,35,0,2376,2244,82,22,2,26,0,631.8,545.19,NA,NA,67945,NA,NA,11250,2,10
25021004563,25,021,004563,7254,6665,313,138,5,110,23,5939,5511,232,94,2,81,19,1579.23,1362.75,NA,NA,67945,NA,NA,11250,2,10
25021004571,25,021,004571,4558,4385,99,36,8,26,4,3582,3465,69,23,4,17,4,1087,1095,NA,NA,2935,NA,NA,02250,10,1
25021404201,25,021,404201,6003,5665,74,108,3,149,4,4359,4153,42,69,1,93,1,1215.7,1390.95,NA,74210,74175,NA,NA,12270,7,5
25021404202,25,021,404202,4542,4210,42,170,2,113,5,3843,3555,40,151,2,90,5,1071.79,1226.3,NA,74210,74175,NA,NA,12270,7,5
25021406101,25,021,406101,4881,4752,48,28,4,46,3,3612,3519,39,20,4,28,2,1055.26,1349.46,NA,39730,39765,NA,NA,07530,7,10
25021406102,25,021,406102,5650,5549,23,31,1,46,0,4086,4026,12,17,1,30,0,1193.74,1526.54,NA,39730,39765,NA,NA,07530,7,10
25021408101,25,021,408101,5934,5777,36,40,5,76,0,4236,4139,26,25,5,41,0,1059.74,1156.02,NA,NA,39975,NA,NA,07590,11,4
25021408102,25,021,408102,3997,3904,32,33,3,24,1,2935,2882,19,20,3,10,1,734.26,800.98,NA,NA,39975,NA,NA,07590,11,4
25021415101,25,021,415101,4196,4088,36,19,3,42,8,3298,3222,25,13,3,32,3,898.5,877.78,NA,50285,11315,NA,NA,03300,2,10
25021415102,25,021,415102,6948,6687,90,50,14,99,8,5478,5294,68,36,10,64,6,1492.42,1458,NA,NA,11315,NA,NA,03300,2,10
25021417501,25,021,417501,5079,4421,40,59,13,541,5,4142,3659,26,46,10,399,2,923.29,803.71,NA,55745,55745,NA,NA,09870,10,1
25021417502,25,021,417502,4348,3459,36,95,5,752,1,3549,2896,30,72,4,546,1,791.11,688.64,NA,55745,55745,NA,NA,09870,10,1
25021417801,25,021,417801,5799,5610,21,40,15,110,3,4621,4493,12,31,11,72,2,1030.07,896.65,NA,55745,55745,NA,NA,09870,10,1
25021417802,25,021,417802,3306,2889,114,65,30,206,2,2328,2128,48,28,11,111,2,518.93,451.72,NA,55745,55745,NA,NA,09870,10,1
25021417901,25,021,417901,5740,5319,81,99,13,221,7,4938,4620,62,73,10,170,3,1100.73,958.16,NA,55745,55745,NA,NA,09870,10,1
25021417902,25,021,417902,3618,3367,31,71,5,143,1,2923,2731,22,53,5,111,1,651.57,567.17,NA,55745,55745,NA,NA,09870,10,1
25021418001,25,021,418001,5521,4967,66,120,17,343,8,4383,3984,38,92,12,250,7,977.01,850.47,NA,55745,55745,NA,NA,09870,10,1
25021418002,25,021,418002,5307,4982,93,56,12,164,0,4603,4353,70,42,10,128,0,1026.05,893.16,NA,55745,55745,NA,NA,09870,10,1
25021420301,25,021,420301,6583,5749,420,137,15,238,24,5171,4603,290,80,9,169,20,1556.67,1058.71,NA,55990,55955,NA,NA,09930,10,10
25021420302,25,021,420302,7533,6099,814,166,21,408,25,5891,4855,580,127,14,298,17,1773.41,1206.12,NA,55990,55955,NA,NA,09930,10,10
25021422301,25,021,422301,3121,3051,16,28,8,14,4,2421,2373,10,15,8,13,2,725.99,537.14,NA,78900,78865,NA,NA,12840,10,1
25021422302,25,021,422302,5900,5551,132,109,5,90,13,5012,4751,100,83,4,67,7,1502.96,1112,NA,78900,78865,NA,NA,12840,10,1
25021422501,25,021,422501,4696,4472,86,72,11,51,4,3774,3617,52,55,9,38,3,1131.72,837.32,NA,78900,78865,NA,NA,12840,10,1
25021422502,25,021,422502,5352,5207,55,39,7,29,15,4244,4150,40,27,5,14,8,1272.66,941.6,NA,78900,78865,NA,NA,12840,10,1
25021442101,25,021,442101,5058,4964,23,16,5,46,4,3880,3810,21,12,4,31,2,810.44,752.41,NA,25100,25065,NA,NA,05010,11,4
25021442102,25,021,442102,5741,5568,45,30,9,89,0,4156,4040,30,21,7,58,0,868.09,805.94,NA,NA,25065,NA,NA,05010,11,4
25021442103,25,021,442103,3535,3460,28,12,0,31,4,2571,2517,23,7,0,22,2,537.02,498.57,NA,NA,25065,NA,NA,05010,11,4
25021443101,25,021,443101,7216,6955,94,83,18,62,4,5242,5069,65,54,11,41,2,1304.17,1199.11,NA,4965,4930,NA,NA,02460,11,3
25021443198,25,021,443198,7647,7474,54,56,11,51,1,5735,5619,39,39,6,32,0,1426.83,1311.89,NA,NA,4930,NA,NA,02460,11,3
25021456101,25,021,456101,3503,3225,173,47,9,45,4,2608,2425,121,29,6,25,2,693.49,598.43,NA,NA,67945,NA,NA,11250,2,10
25021456102,25,021,456102,4879,4569,110,130,5,38,27,3839,3623,66,98,4,29,19,1020.82,880.89,NA,NA,67945,NA,NA,11250,2,10
25021456401,25,021,456401,3041,2885,82,49,2,20,3,2325,2215,58,36,0,13,3,618.24,533.49,NA,NA,67945,NA,NA,11250,2,10
25021456402,25,021,456402,5008,4633,223,87,4,49,12,3736,3481,146,67,3,31,8,993.43,857.25,NA,NA,67945,NA,NA,11250,2,10
25021457298,25,021,457298,0,0,0,0,0,0,0,0,0,0,0,0,0,0,0,0,NA,NA,4930,NA,NA,02460,11,3
25021762195,25,021,762195,8,8,0,0,0,0,0,7,7,0,0,0,0,0,1.77,1.28,NA,NA,4930,NA,NA,02460,11,3
25023000000,25,023,000000,0,0,0,0,0,0,0,0,0,0,0,0,0,0,0,0,NA,NA,NA,NA,NA,99998,1,5
25023005022,25,023,005022,5777,5561,113,41,12,48,2,4397,4242,90,28,8,29,0,1053.31,1043.02,NA,NA,57775,NA,NA,10170,10,1
25023005052,25,023,005052,6023,5835,30,38,3,27,90,4723,4597,11,19,2,17,77,1028.99,1123.97,NA,60295,60330,NA,NA,10560,1,1
25023005082,25,023,005082,4934,4865,29,17,1,22,0,3544,3495,20,12,1,16,0,904.15,989.69,NA,NA,52630,09420,10830,NA,1,5
25023005091,25,023,005091,9045,8873,69,39,12,15,37,6754,6621,53,29,12,12,27,1658,1809,NA,33185,33220,06540,10830,NA,1,1
25023005101,25,023,005101,5239,4555,447,159,15,42,21,3826,3401,284,90,11,31,9,824.59,755.8,NA,9000,9000,NA,NA,03090,10,1
25023005102,25,023,005102,6098,5198,502,189,17,129,63,4480,3910,313,131,13,78,35,965.54,884.99,NA,9000,9000,NA,NA,03090,10,1
25023005103,25,023,005103,3819,2456,677,460,14,91,121,2695,1855,411,294,7,65,63,580.83,532.38,NA,9000,9000,NA,NA,03090,10,1
25023005104,25,023,005104,3582,2025,630,592,12,50,273,2385,1506,340,316,7,34,182,514.02,471.14,NA,9000,9000,NA,NA,03090,10,1
25023005106,25,023,005106,2781,2662,34,41,6,21,17,2245,2165,21,29,2,17,11,483.85,443.48,NA,9000,9000,NA,NA,03090,10,10
25023005107,25,023,005107,5289,4537,396,150,24,140,42,4083,3600,246,99,16,93,29,879.98,806.56,NA,9000,9000,NA,NA,03090,10,10
25023005108,25,023,005108,6215,3595,1474,600,13,190,343,4250,2704,864,346,10,113,213,915.97,839.55,NA,9000,9000,NA,NA,03090,10,10
25023005109,25,023,005109,2574,1210,667,508,5,12,172,1945,1072,450,286,5,11,121,419.19,384.22,NA,9000,9000,NA,NA,03090,10,10
25023005110,25,023,005110,2839,1785,510,315,3,41,185,1846,1245,299,164,3,28,107,397.86,364.66,NA,9000,9000,NA,NA,03090,10,1
25023005111,25,023,005111,5846,5186,412,135,6,59,48,4396,3970,260,92,5,39,30,947.44,868.39,NA,9000,9000,NA,NA,03090,10,1
25023005112,25,023,005112,4495,3734,399,273,9,35,45,3386,2914,253,168,9,26,16,729.76,668.88,NA,9000,9000,NA,NA,03090,10,10
25023005114,25,023,005114,3588,2317,571,382,14,75,229,2415,1673,356,183,10,48,145,520.49,477.06,NA,9000,9000,NA,NA,03090,10,10
25023005115,25,023,005115,3934,2700,510,418,3,36,267,2731,2021,275,253,3,19,160,588.59,539.49,NA,9000,9000,NA,NA,03090,10,10
25023005116,25,023,005116,7143,5440,768,509,27,135,264,5225,4155,490,304,21,97,158,1126.11,1032.16,NA,9000,9000,NA,NA,03090,10,10
25023005201,25,023,005201,6142,6058,11,45,14,14,0,4615,4563,7,28,11,6,0,1187.53,1286.53,NA,135,170,NA,NA,01650,10,1
25023005231,25,023,005231,2500,2434,14,31,8,10,3,1814,1771,10,24,2,7,0,344.82,515.19,NA,NA,18455,NA,NA,04440,10,5
25023005252,25,023,005252,6108,5849,130,77,11,31,10,4495,4321,94,45,8,21,6,776.8,789.22,NA,8050,8085,03000,03030,NA,2,5
25023005253,25,023,005253,2523,1493,505,482,16,18,9,2457,1432,501,481,16,18,9,424.6,431.39,NA,NA,8085,03000,03030,NA,2,5
25023005261,25,023,005261,6526,6426,30,21,9,22,18,4815,4753,18,15,5,15,9,1083,1525,NA,NA,27795,05610,10830,NA,2,5
25023005301,25,023,005301,3654,3457,98,26,10,28,35,2569,2453,59,17,7,15,18,604.78,616.8,NA,NA,54310,09720,09750,NA,1,1
25023005302,25,023,005302,3450,3273,71,52,11,37,6,2632,2535,36,32,5,23,1,619.61,631.92,NA,48780,54310,09720,09750,NA,1,1
25023005303,25,023,005303,3709,3526,75,50,7,35,16,2966,2842,49,29,7,27,12,698.24,712.11,NA,54275,54310,09720,09750,NA,1,1
25023005304,25,023,005304,6557,6384,48,64,17,29,15,4561,4450,35,34,10,20,12,1073.72,1095.06,NA,NA,54310,09720,09750,NA,1,1
25023005305,25,023,005305,5651,5191,241,126,12,34,47,4594,4213,201,113,10,21,36,1081.49,1102.98,NA,54275,54310,09720,09750,NA,1,1
25023005306,25,023,005306,5081,4792,124,112,9,24,20,3522,3290,97,101,6,15,13,829.12,845.6,NA,NA,54310,09720,09750,NA,1,1
25023005307,25,023,005307,2389,2320,25,22,4,16,2,1843,1799,18,13,4,7,2,433.87,442.49,NA,NA,54310,09720,09750,NA,1,1
25023005308,25,023,005308,7367,7187,53,57,18,38,14,5218,5113,33,35,11,16,10,1228.39,1252.8,NA,NA,54310,09720,09750,NA,1,1
25023005309,25,023,005309,7750,7590,47,48,11,35,19,5224,5119,34,29,7,24,11,1229.8,1254.24,NA,NA,54310,09720,09750,NA,1,1
25023005401,25,023,005401,7785,7658,24,51,15,32,5,5670,5605,15,20,8,20,2,1221,1655,NA,48220,33920,06570,05070,NA,2,5
25023005411,25,023,005411,3924,3830,36,23,0,5,30,2775,2703,32,18,0,2,20,718,874,NA,NA,57600,10140,09150,NA,1,5
25023005421,25,023,005421,7181,6890,109,92,18,25,47,4992,4797,76,51,13,14,41,1021.52,1280.41,NA,NA,40850,NA,NA,07770,2,5
25023005422,25,023,005422,3849,3729,50,29,23,15,3,2796,2705,38,22,19,12,0,572.15,717.15,NA,NA,40850,NA,NA,07770,2,5
25023005423,25,023,005423,6837,6616,98,49,23,20,31,4996,4861,55,28,14,16,22,1022.34,1281.44,NA,40885,40850,NA,NA,07770,2,5
25023005431,25,023,005431,2384,2310,16,29,1,10,18,1691,1640,12,18,1,5,15,405,583,NA,NA,54415,09780,10830,NA,1,5
25023005441,25,023,005441,5256,5007,123,34,10,22,60,3394,3215,88,26,7,14,44,808.27,919.07,NA,NA,11665,03360,09750,NA,1,5
25023005442,25,023,005442,5334,5136,78,39,13,19,49,3988,3846,50,27,10,12,43,949.73,1079.93,NA,NA,11665,03360,09750,07770,1,5
25023005451,25,023,005451,5660,5148,126,90,25,24,247,4249,3869,91,71,17,18,183,815.02,934.09,NA,78410,72985,NA,NA,12060,1,5
25023005452,25,023,005452,5029,4384,104,213,34,20,274,3662,3178,78,149,30,13,214,702.42,805.05,NA,79390,72985,NA,NA,12060,1,5
25023005453,25,023,005453,3856,3207,103,212,26,29,279,2926,2470,79,142,21,19,195,561.25,643.25,NA,51160,72985,NA,NA,12060,1,5
25023005454,25,023,005454,4687,4355,97,65,7,15,148,3572,3366,57,43,7,10,89,685.16,785.26,NA,73020,72985,NA,NA,12060,1,5
25023005601,25,023,005601,5847,5626,29,65,4,33,90,4516,4363,22,46,3,19,63,1464,1479,NA,39485,39450,07470,09150,NA,1,5
25023005611,25,023,005611,4496,4027,117,76,4,37,235,3254,2934,72,48,2,15,183,624.16,715.35,NA,38575,38540,07290,09150,NA,1,5
25023500101,25,023,500101,3890,3783,40,46,6,11,4,2986,2911,26,32,5,11,1,2300,1586,NA,31680,31645,NA,NA,06420,1,1
25023500102,25,023,500102,6576,6393,48,67,13,54,1,5066,4945,34,45,9,32,1,1133.57,1366.14,NA,31680,31645,NA,NA,06420,1,1
25023501101,25,023,501101,3163,3118,9,13,6,17,0,2497,2461,9,11,4,12,0,558.73,673.36,NA,30175,30210,NA,NA,06090,1,1
25023501102,25,023,501102,6923,6763,40,60,12,46,2,5329,5230,29,35,7,28,0,1192.42,1437.06,NA,30175,30210,NA,NA,06090,1,1
25023501201,25,023,501201,3820,3764,4,26,6,20,0,2764,2728,3,17,6,10,0,618.47,745.36,NA,30175,30210,NA,NA,06090,1,1
25023501202,25,023,501202,5915,5736,34,66,4,75,0,4428,4311,25,40,3,49,0,990.81,1194.09,NA,NA,30210,NA,NA,06090,1,1
25023502101,25,023,502101,6228,6036,56,70,7,50,9,4525,4391,32,52,7,39,4,1083.97,1073.38,NA,NA,57775,NA,NA,10170,10,5
25023502102,25,023,502102,4118,3964,78,47,3,22,4,3042,2941,54,30,2,13,2,728.72,721.6,NA,NA,57775,NA,NA,10170,10,5
25023503101,25,023,503101,5535,5396,37,40,3,57,2,4000,3922,25,20,3,28,2,1109.11,1327.32,NA,NA,28285,NA,NA,05790,1,1
25023503102,25,023,503102,6377,6253,38,37,5,41,3,4652,4578,27,21,5,18,3,1289.89,1543.68,NA,NA,28285,NA,NA,05790,1,1
25023504101,25,023,504101,4800,4708,12,22,2,50,6,3646,3593,8,10,1,33,1,1001.94,1305.68,NA,NA,50145,NA,NA,09030,1,1
25023504102,25,023,504102,4479,4416,18,9,2,33,1,3268,3225,15,5,2,20,1,898.06,1170.32,NA,NA,50145,NA,NA,09030,1,1
25023505101,25,023,505101,6333,6087,24,62,9,27,124,4762,4610,15,39,7,13,78,1037.49,1133.25,NA,49165,60330,NA,NA,10560,1,1
25023505102,25,023,505102,4430,4364,11,26,2,18,9,3377,3344,3,14,2,10,4,735.74,803.65,NA,49165,60330,NA,NA,10560,1,1
25023506101,25,023,506101,5388,5274,16,28,4,47,19,3919,3855,9,15,4,21,15,1134.06,1157.41,NA,38960,38855,NA,NA,07350,1,1
25023506102,25,023,506102,4589,4421,67,51,14,19,17,3404,3285,50,35,7,12,15,985.03,1005.32,NA,38820,38855,NA,NA,07350,1,1
25023506201,25,023,506201,0,0,0,0,0,0,0,0,0,0,0,0,0,0,0,0,NA,NA,38855,NA,NA,07350,1,1
25023506202,25,023,506202,2359,2318,19,6,2,8,6,1702,1679,9,5,2,4,3,492.51,502.66,NA,38820,38855,NA,NA,07350,1,1
25023506203,25,023,506203,4559,4483,24,28,1,22,1,3357,3299,19,23,1,14,1,971.43,991.43,NA,27147,38855,NA,NA,07350,1,1
25023506204,25,023,506204,4636,4553,22,29,5,21,6,3390,3343,11,20,3,10,3,980.98,1001.18,NA,50862,38855,NA,NA,07350,1,1
25023507101,25,023,507101,4851,4696,80,43,1,15,16,3371,3259,68,24,1,7,12,748.66,815,NA,NA,17895,NA,NA,04410,1,1
25023507102,25,023,507102,9044,8886,40,51,4,57,6,6589,6504,24,28,3,24,6,1463.34,1593,NA,63690,17895,06540,10830,04410,1,1
25023508101,25,023,508101,4969,4878,28,34,1,28,0,3555,3500,19,22,1,13,0,906.95,992.76,NA,48710,52630,09420,10830,07350,1,5
25023508102,25,023,508102,4641,4592,16,14,2,9,8,3300,3271,14,6,2,4,3,841.9,921.55,NA,NA,52630,09420,10830,NA,1,5
25023510501,25,023,510501,3350,2832,292,87,4,48,87,2507,2204,170,43,3,31,56,540.32,495.24,NA,9000,9000,NA,NA,03090,10,1
25023510502,25,023,510502,5436,4311,707,246,14,107,51,4349,3639,455,146,8,78,23,937.31,859.11,NA,9000,9000,NA,NA,03090,10,1
25023510503,25,023,510503,3858,3207,396,149,6,80,20,2883,2440,279,93,5,54,12,621.35,569.51,NA,9000,9000,NA,NA,03090,10,10
25023511301,25,023,511301,4911,3868,577,287,18,62,99,3520,2860,367,178,15,34,66,758.64,695.35,NA,9000,9000,NA,NA,03090,10,10
25023511302,25,023,511302,3862,2990,595,225,13,19,20,2776,2215,398,127,7,17,12,598.29,548.38,NA,9000,9000,NA,NA,03090,10,10
25023511701,25,023,511701,4822,4494,138,70,7,66,47,3670,3473,81,42,7,42,25,790.97,724.98,NA,9000,9000,NA,NA,03090,10,10
25023511702,25,023,511702,3107,2783,139,65,5,111,4,2570,2340,103,46,4,74,3,553.89,507.68,NA,9000,9000,NA,NA,03090,10,10
25023520201,25,023,520201,3670,3622,8,26,4,8,2,2763,2728,7,17,3,6,2,710.97,770.24,NA,135,170,NA,NA,01650,10,1
25023520202,25,023,520202,4005,3924,28,23,9,15,6,2971,2913,23,13,8,11,3,764.5,828.23,NA,135,170,NA,NA,01650,10,1
25023521101,25,023,521101,3622,3542,35,27,4,12,2,2614,2568,17,18,3,6,2,623.71,760.94,NA,NA,79530,12900,12930,NA,10,1
25023521102,25,023,521102,3080,3030,10,22,4,4,10,2236,2201,7,17,3,1,7,533.52,650.91,NA,NA,79530,12900,12930,NA,10,1
25023521201,25,023,521201,2825,2763,20,19,4,11,8,2086,2044,11,16,3,8,4,497.73,607.24,NA,NA,79530,12900,12930,NA,10,1
25023521202,25,023,521202,3713,3652,17,23,11,4,6,2607,2562,12,15,9,4,5,622.04,758.91,NA,NA,79530,12900,12930,NA,10,1
25023522101,25,023,522101,4417,4238,93,26,1,30,29,3132,3006,69,16,1,17,23,705.02,856.92,NA,28460,28495,05820,12930,NA,1,5
25023522102,25,023,522102,4611,4520,29,25,5,17,15,3425,3358,22,20,5,10,10,770.98,937.08,NA,NA,28495,05820,12930,05790,1,5
25023523201,25,023,523201,2397,2337,13,29,7,10,1,1774,1729,10,20,5,9,1,337.21,503.83,NA,NA,18455,NA,NA,04440,10,5
25023523202,25,023,523202,6207,6073,55,43,4,13,19,4461,4367,40,31,4,7,12,847.97,1266.97,NA,NA,18455,NA,NA,04440,10,5
25023524101,25,023,524101,2644,2596,20,12,1,5,10,1970,1939,14,7,1,4,5,466.16,279.13,NA,NA,75260,NA,NA,12420,10,5
25023524102,25,023,524102,3745,3647,21,21,1,37,18,2928,2867,13,12,1,25,10,692.84,414.87,NA,NA,75260,NA,NA,12420,10,5
25023525101,25,023,525101,7161,6876,131,69,7,60,18,5816,5585,111,53,7,45,15,1005.08,1021.15,NA,8050,8085,03000,03030,NA,2,5
25023525102,25,023,525102,5457,5223,98,56,6,65,9,3880,3705,81,39,6,42,7,670.52,681.24,NA,8050,8085,03000,03030,NA,2,5
25025000000,25,025,000000,0,0,0,0,0,0,0,0,0,0,0,0,0,0,0,0,NA,7000,7000,NA,NA,02790,6,7
25025000001,25,025,000001,3855,3042,201,326,5,268,13,3310,2691,148,241,5,214,11,502.94,345.36,NA,7000,7000,NA,NA,02790,6,9
25025000003,25,025,000003,6141,5203,119,348,8,455,8,5436,4706,98,264,6,355,7,825.98,567.18,NA,7000,7000,NA,NA,02790,6,9
25025000102,25,025,000102,8275,5882,613,778,30,914,58,7883,5786,541,693,23,791,49,1197.79,822.49,NA,7000,7000,NA,NA,02790,6,9
25025000103,25,025,000103,3829,2609,766,297,9,135,13,3488,2595,532,212,8,130,11,529.99,363.93,NA,7000,7000,NA,NA,02790,6,9
25025000105,25,025,000105,2962,2220,369,166,6,194,7,2869,2177,336,161,6,185,4,435.93,299.34,NA,7000,7000,NA,NA,02790,6,9
25025000106,25,025,000106,1984,1593,171,76,6,133,5,1942,1567,165,72,6,127,5,295.08,202.62,NA,7000,7000,NA,NA,02790,6,9
25025000107,25,025,000107,5285,4825,97,168,8,182,5,5077,4635,93,159,8,177,5,771.43,529.72,NA,7000,7000,NA,NA,02790,6,9
25025000108,25,025,000108,6474,5869,108,242,11,237,7,6217,5631,108,238,9,224,7,944.65,648.67,NA,7000,7000,NA,NA,02790,6,9
25025000201,25,025,000201,3722,3126,105,233,2,250,6,3239,2796,79,168,1,190,5,492.15,337.95,NA,7000,7000,NA,NA,02790,6,10
25025000201,25,025,000201,4492,4304,31,52,3,96,6,4164,3989,31,48,3,88,5,632.7,434.46,NA,7000,7000,NA,NA,02790,6,10
25025000202,25,025,000202,3858,2988,258,259,3,349,1,3162,2606,151,155,2,247,1,480.45,329.91,NA,7000,7000,NA,NA,02790,6,9
25025000202,25,025,000202,3469,3085,84,74,5,213,8,3320,2978,71,71,5,191,4,504.46,346.4,NA,7000,7000,NA,NA,02790,6,9
25025000203,25,025,000203,4831,3983,311,256,3,276,2,4596,3826,290,239,3,236,2,698.35,479.53,NA,7000,7000,NA,NA,02790,2,10
25025000301,25,025,000301,1956,1891,1,43,2,19,0,1849,1793,1,36,2,17,0,280.95,192.92,NA,7000,7000,NA,NA,02790,2,10
25025000302,25,025,000302,1628,1548,3,62,0,15,0,1538,1467,3,54,0,14,0,233.69,160.47,NA,7000,7000,NA,NA,02790,2,10
25025000303,25,025,000303,3769,3412,132,117,9,98,1,3601,3273,119,104,9,95,1,547.16,375.72,NA,7000,7000,NA,NA,02790,2,10
25025000304,25,025,000304,2316,2236,1,51,5,21,2,2227,2157,0,42,5,21,2,338.38,232.36,NA,7000,7000,NA,NA,02790,2,10
25025000305,25,025,000305,2082,1991,6,54,0,31,0,1968,1895,5,46,0,22,0,299.03,205.34,NA,7000,7000,NA,NA,02790,2,10
25025000401,25,025,000401,5589,4363,266,313,4,613,30,5197,4132,229,267,4,540,25,789.67,542.24,NA,7000,7000,NA,NA,02790,6,9
25025000401,25,025,000401,1907,1843,7,36,6,15,0,1762,1710,7,24,6,15,0,267.73,183.84,NA,7000,7000,NA,NA,02790,6,9
25025000402,25,025,000402,3458,2700,113,203,1,426,15,3117,2470,100,177,1,357,12,473.62,325.22,NA,7000,7000,NA,NA,02790,6,9
25025000402,25,025,000402,1430,1275,32,28,14,81,0,1042,972,14,13,4,39,0,158.33,108.72,NA,7000,7000,NA,NA,02790,6,9
25025000403,25,025,000403,2617,2444,10,72,3,86,2,2108,2009,6,43,3,45,2,320.3,219.94,NA,7000,7000,NA,NA,02790,6,9
25025000404,25,025,000404,2233,2150,3,50,2,28,0,1810,1741,3,39,2,25,0,275.02,188.85,NA,7000,7000,NA,NA,02790,6,9
25025000405,25,025,000405,1320,1298,0,10,0,8,4,1152,1133,0,9,0,7,3,175.04,120.2,NA,7000,7000,NA,NA,02790,6,9
25025000406,25,025,000406,342,316,0,22,1,1,2,289,271,0,14,1,1,2,43.91,30.15,NA,7000,7000,NA,NA,02790,6,9
25025000407,25,025,000407,1826,1792,1,13,0,20,0,1609,1577,1,12,0,19,0,244.48,167.88,NA,7000,7000,NA,NA,02790,6,9
25025000408,25,025,000408,2873,2667,32,75,23,74,2,2374,2241,18,47,15,51,2,360.72,247.7,NA,7000,7000,NA,NA,02790,6,9
25025000501,25,025,000501,7159,5698,390,413,15,599,44,6741,5495,332,355,15,507,37,1024.27,703.34,NA,7000,7000,NA,NA,02790,6,9
25025000501,25,025,000501,4069,2956,100,703,16,286,8,3134,2389,63,488,8,180,6,476.2,326.99,NA,7000,7000,NA,NA,02790,6,9
25025000502,25,025,000502,5472,4458,203,467,9,322,13,5278,4358,170,438,9,294,9,801.97,550.69,NA,7000,7000,NA,NA,02790,6,9
25025000502,25,025,000502,4034,2766,93,998,21,139,17,3092,2241,55,688,8,87,13,469.82,322.61,NA,7000,7000,NA,NA,02790,6,9
25025000503,25,025,000503,1756,965,155,406,9,205,16,1262,779,78,262,5,125,13,191.76,131.67,NA,7000,7000,NA,NA,02790,6,9
25025000504,25,025,000504,2103,1432,43,537,1,86,4,1758,1225,28,440,1,61,3,267.12,183.43,NA,7000,7000,NA,NA,02790,6,9
25025000505,25,025,000505,1612,1012,36,535,4,19,6,1331,858,16,433,2,16,6,202.24,138.87,NA,7000,7000,NA,NA,02790,6,9
25025000506,25,025,000506,1570,944,25,546,1,31,23,1261,806,15,402,1,24,13,191.6,131.57,NA,7000,7000,NA,NA,02790,6,9
25025000507,25,025,000507,1211,815,5,353,3,33,2,974,679,3,268,1,22,1,148,101.62,NA,7000,7000,NA,NA,02790,6,9
25025000508,25,025,000508,1927,1482,13,374,9,41,8,1551,1221,10,286,4,25,5,235.67,161.83,NA,7000,7000,NA,NA,02790,6,9
25025000509,25,025,000509,3152,2342,57,570,5,172,6,2458,1906,30,417,3,97,5,373.48,256.46,NA,7000,7000,NA,NA,02790,6,9
25025000510,25,025,000510,3940,3660,45,170,0,63,2,3210,2998,38,129,0,43,2,487.75,334.92,NA,7000,7000,NA,NA,02790,6,9
25025000511,25,025,000511,5215,4678,99,274,14,141,9,4257,3899,52,217,7,74,8,646.84,444.16,NA,7000,7000,NA,NA,02790,6,9
25025000512,25,025,000512,2352,1925,31,339,1,44,12,1990,1678,22,250,1,28,11,302.37,207.63,NA,7000,7000,NA,NA,02790,6,9
25025000601,25,025,000601,3448,2644,175,222,8,386,13,3093,2452,137,175,5,313,11,469.97,322.72,NA,7000,7000,NA,NA,02790,2,10
25025000601,25,025,000601,3233,3192,2,16,2,21,0,2733,2697,2,14,2,18,0,415.27,285.15,NA,7000,7000,NA,NA,02790,2,10
25025000602,25,025,000602,4610,2539,837,682,5,511,36,3763,2305,564,465,5,399,25,571.77,392.62,NA,7000,7000,NA,NA,02790,6,9
25025000602,25,025,000602,2132,2120,2,5,2,3,0,1784,1773,1,5,2,3,0,271.07,186.14,NA,7000,7000,NA,NA,02790,6,9
25025000603,25,025,000603,3206,3164,0,14,8,20,0,2681,2643,0,14,6,18,0,407.37,279.73,NA,7000,7000,NA,NA,02790,2,10
25025000604,25,025,000604,4965,4870,0,39,13,42,1,4234,4162,0,32,7,32,1,643.34,441.76,NA,7000,7000,NA,NA,02790,2,10
25025000605,25,025,000605,3559,3355,65,82,8,47,2,2976,2785,65,80,8,36,2,452.19,310.51,NA,7000,7000,NA,NA,02790,2,10
25025000606,25,025,000606,999,917,12,19,3,48,0,855,793,11,17,2,32,0,129.91,89.21,NA,7000,7000,NA,NA,02790,2,10
25025000607,25,025,000607,1446,1307,7,31,9,91,1,999,938,5,11,6,39,0,151.79,104.23,NA,7000,7000,NA,NA,02790,2,10
25025000608,25,025,000608,1070,1028,2,17,5,17,1,877,844,2,15,3,13,0,133.26,91.5,NA,7000,7000,NA,NA,02790,2,10
25025000609,25,025,000609,2037,1977,0,18,2,40,0,1661,1623,0,9,2,27,0,252.38,173.3,NA,7000,7000,NA,NA,02790,2,10
25025000610,25,025,000610,2748,2580,39,51,8,65,5,2034,1934,15,33,4,46,2,309.06,212.22,NA,7000,7000,NA,NA,02790,2,10
25025000611,25,025,000611,2093,1795,119,92,28,58,1,1572,1378,69,61,19,44,1,238.86,164.02,NA,7000,7000,NA,NA,02790,2,10
25025000612,25,025,000612,799,744,8,10,2,33,2,649,606,3,10,2,26,2,98.61,67.71,NA,7000,7000,NA,NA,02790,2,10
25025000613,25,025,000613,603,542,7,21,1,28,4,539,491,7,21,1,17,2,81.9,56.24,NA,7000,7000,NA,NA,02790,2,10
25025000614,25,025,000614,504,480,0,15,0,9,0,452,430,0,15,0,7,0,68.68,47.16,NA,7000,7000,NA,NA,02790,2,10
25025000701,25,025,000701,4551,2996,384,520,8,605,38,4238,2904,331,433,8,528,34,643.95,442.18,NA,7000,7000,NA,NA,02790,2,10
25025000701,25,025,000701,2026,958,79,70,1,917,1,1838,943,78,67,1,748,1,279.28,191.77,NA,7000,7000,NA,NA,02790,2,10
25025000702,25,025,000702,7462,4631,738,1080,15,951,47,6842,4466,628,896,14,799,39,1039.62,713.88,NA,7000,7000,NA,NA,02790,6,9
25025000702,25,025,000702,3066,231,109,50,3,2671,2,2417,218,72,37,2,2086,2,367.25,252.18,NA,7000,7000,NA,NA,02790,6,9
25025000703,25,025,000703,3337,2505,207,135,6,482,2,3171,2433,192,128,6,410,2,481.82,330.85,NA,7000,7000,NA,NA,02790,6,9
25025000704,25,025,000704,1795,124,272,100,3,1293,3,1355,112,199,71,3,969,1,205.89,141.38,NA,7000,7000,NA,NA,02790,2,10
25025000705,25,025,000705,5810,2376,677,1476,25,1250,6,4744,2261,524,979,23,953,4,720.83,494.98,NA,7000,7000,NA,NA,02790,2,9
25025000706,25,025,000706,2400,1800,215,244,6,126,9,2187,1703,182,181,6,108,7,332.31,228.19,NA,7000,7000,NA,NA,02790,6,9
25025000707,25,025,000707,2146,1012,840,179,5,96,14,1763,974,574,130,3,74,8,267.88,183.95,NA,7000,7000,NA,NA,02790,6,9
25025000708,25,025,000708,3274,1918,1099,162,8,80,7,2968,1850,899,137,8,70,4,450.98,309.67,NA,7000,7000,NA,NA,02790,6,9
25025000709,25,025,000709,2840,1015,1350,382,20,59,14,2353,966,1065,257,14,47,4,357.53,245.51,NA,7000,7000,NA,NA,02790,2,9
25025000710,25,025,000710,1807,715,663,281,11,112,25,1625,693,569,235,11,95,22,246.91,169.55,NA,7000,7000,NA,NA,02790,2,10
25025000711,25,025,000711,742,264,328,86,5,59,0,654,260,267,68,5,54,0,99.37,68.24,NA,7000,7000,NA,NA,02790,2,10
25025000712,25,025,000712,1683,441,468,564,17,184,9,1331,402,391,367,17,147,7,202.24,138.87,NA,7000,7000,NA,NA,02790,2,10
25025000801,25,025,000801,3856,2784,248,274,9,524,17,3650,2688,233,255,9,448,17,554.6,380.83,NA,7000,7000,NA,NA,02790,2,10
25025000801,25,025,000801,314,94,70,113,11,10,16,231,88,46,70,11,9,7,35.1,24.1,NA,7000,7000,NA,NA,02790,2,10
25025000802,25,025,000802,7103,4223,613,1073,17,1112,65,6252,3976,482,846,15,880,53,949.97,652.32,NA,7000,7000,NA,NA,02790,6,9
25025000802,25,025,000802,1585,159,592,508,4,9,313,1044,129,392,314,3,7,199,158.63,108.93,NA,7000,7000,NA,NA,02790,6,9
25025000803,25,025,000803,2403,36,1641,682,2,14,28,1473,34,1025,381,2,13,18,223.82,153.69,NA,7000,7000,NA,NA,02790,2,10
25025000804,25,025,000804,1578,38,1162,350,2,10,16,969,29,716,202,2,9,11,147.24,101.1,NA,7000,7000,NA,NA,02790,2,10
25025000805,25,025,000805,4484,86,3305,1049,15,17,12,3049,72,2306,648,9,8,6,463.28,318.12,NA,7000,7000,NA,NA,02790,2,9
25025000806,25,025,000806,1111,77,755,269,5,4,1,758,71,525,152,5,4,1,115.18,79.09,NA,7000,7000,NA,NA,02790,2,9
25025000807,25,025,000807,590,14,462,103,5,6,0,450,12,351,77,4,6,0,68.38,46.95,NA,7000,7000,NA,NA,02790,2,9
25025000808,25,025,000808,2736,176,777,1732,2,41,8,1612,162,450,963,1,31,5,244.94,168.19,NA,7000,7000,NA,NA,02790,2,9
25025000809,25,025,000809,3351,1929,678,467,8,254,15,2933,1822,531,341,7,221,11,445.66,306.02,NA,7000,7000,NA,NA,02790,2,9
25025000810,25,025,000810,4891,2010,1347,778,32,689,35,4018,1841,987,599,21,546,24,610.52,419.23,NA,7000,7000,NA,NA,02790,2,9
25025000811,25,025,000811,3663,1684,964,520,14,448,33,3105,1583,766,374,10,347,25,471.79,323.97,NA,7000,7000,NA,NA,02790,2,9
25025000812,25,025,000812,3412,297,1715,1346,2,42,10,2136,246,1069,791,2,23,5,324.56,222.86,NA,7000,7000,NA,NA,02790,2,9
25025000813,25,025,000813,4427,223,2792,1371,10,15,16,3018,196,1954,843,6,8,11,458.57,314.89,NA,7000,7000,NA,NA,02790,2,9
25025000814,25,025,000814,1818,294,1173,333,1,6,11,1283,263,808,204,1,6,1,194.95,133.86,NA,7000,7000,NA,NA,02790,2,9
25025000815,25,025,000815,2399,206,1883,280,5,7,18,1684,192,1302,171,4,6,9,255.88,175.7,NA,7000,7000,NA,NA,02790,2,9
25025000816,25,025,000816,743,33,598,101,3,1,7,536,30,443,58,3,1,1,81.44,55.92,NA,7000,7000,NA,NA,02790,2,9
25025000817,25,025,000817,3713,48,3386,218,32,8,21,2688,43,2474,132,19,2,18,408.43,280.46,NA,7000,7000,NA,NA,02790,2,9
25025000818,25,025,000818,2914,39,2527,314,7,20,7,2142,34,1879,205,6,11,7,325.47,223.49,NA,7000,7000,NA,NA,02790,2,9
25025000819,25,025,000819,3292,41,2823,377,6,5,40,2296,35,1996,231,6,2,26,348.87,239.56,NA,7000,7000,NA,NA,02790,2,9
25025000820,25,025,000820,3188,175,2773,204,16,16,4,2466,167,2149,123,12,11,4,374.7,257.3,NA,7000,7000,NA,NA,02790,2,9
25025000821,25,025,000821,4628,46,3902,643,23,8,6,3165,38,2715,391,13,5,3,480.91,330.23,NA,7000,7000,NA,NA,02790,2,9
25025000901,25,025,000901,4340,58,3918,324,15,8,17,3055,47,2793,190,8,4,13,464.2,318.75,NA,7000,7000,NA,NA,02790,2,9
25025000902,25,025,000902,2009,33,1549,377,3,13,34,1279,18,991,240,3,9,18,194.34,133.45,NA,7000,7000,NA,NA,02790,2,9
25025000903,25,025,000903,2962,23,2389,517,10,8,15,1935,21,1588,298,8,8,12,294.02,201.89,NA,7000,7000,NA,NA,02790,2,9
25025000904,25,025,000904,1324,59,1012,222,9,8,14,923,54,722,125,6,6,10,140.25,96.3,NA,7000,7000,NA,NA,02790,2,10
25025000905,25,025,000905,1511,117,765,471,10,15,133,917,79,465,275,6,7,85,139.33,95.68,NA,7000,7000,NA,NA,02790,2,10
25025000906,25,025,000906,1999,190,630,523,9,7,640,1229,138,387,312,7,2,383,186.74,128.23,NA,7000,7000,NA,NA,02790,2,10
25025000907,25,025,000907,3124,2475,71,222,21,333,2,2490,2084,54,138,11,202,1,378.35,259.8,NA,7000,7000,NA,NA,02790,2,10
25025000908,25,025,000908,1068,867,33,57,2,103,6,843,701,20,44,2,72,4,128.09,87.96,NA,7000,7000,NA,NA,02790,2,10
25025000909,25,025,000909,2112,666,1049,313,18,60,6,1552,629,659,189,10,59,6,235.82,161.93,NA,7000,7000,NA,NA,02790,6,10
25025000910,25,025,000910,2811,2167,201,130,24,235,54,2239,1832,131,85,12,146,33,340.21,233.61,NA,7000,7000,NA,NA,02790,2,10
25025000911,25,025,000911,4722,3793,145,268,6,495,15,3593,3005,96,156,5,321,10,545.94,374.88,NA,7000,7000,NA,NA,02790,2,10
25025000912,25,025,000912,3294,1765,674,535,9,137,174,2405,1459,414,338,7,78,109,365.43,250.93,NA,7000,7000,NA,NA,02790,2,10
25025000913,25,025,000913,2587,282,525,1002,3,37,738,1642,236,326,598,2,25,455,249.5,171.32,NA,7000,7000,NA,NA,02790,2,10
25025000914,25,025,000914,2187,304,1081,646,25,20,111,1545,254,782,417,12,12,68,234.76,161.2,NA,7000,7000,NA,NA,02790,2,10
25025000915,25,025,000915,4520,971,1727,950,20,180,672,3085,809,1098,623,13,111,431,468.75,321.88,NA,7000,7000,NA,NA,02790,10,9
25025000916,25,025,000916,2752,1386,607,431,7,220,101,2023,1169,391,266,4,136,57,307.39,211.07,NA,7000,7000,NA,NA,02790,10,9
25025000917,25,025,000917,3315,579,1645,662,32,148,249,2081,483,953,395,14,99,137,316.2,217.13,NA,7000,7000,NA,NA,02790,10,9
25025000918,25,025,000918,3648,415,2090,785,24,68,266,2347,336,1321,480,18,36,156,356.62,244.88,NA,7000,7000,NA,NA,02790,10,9
25025000919,25,025,000919,4016,132,3239,554,13,21,57,2666,114,2190,302,11,15,34,405.09,278.16,NA,7000,7000,NA,NA,02790,2,9
25025000920,25,025,000920,4964,615,2860,1205,25,163,96,3362,502,1937,743,19,102,59,510.84,350.78,NA,7000,7000,NA,NA,02790,10,9
25025000921,25,025,000921,5838,4513,428,363,12,486,36,4486,3642,273,242,7,299,23,681.63,468.06,NA,7000,7000,NA,NA,02790,10,10
25025000922,25,025,000922,3282,1539,1275,301,10,151,6,2485,1313,857,192,9,111,3,377.59,259.28,NA,7000,7000,NA,NA,02790,10,9
25025000923,25,025,000923,3344,103,2809,367,23,12,30,2263,81,1925,230,6,9,12,343.85,236.12,NA,7000,7000,NA,NA,02790,10,9
25025000924,25,025,000924,5619,119,4748,704,20,17,11,3694,87,3188,385,16,9,9,561.29,385.42,NA,7000,7000,NA,NA,02790,2,9
25025001001,25,025,001001,4648,102,3851,637,15,9,34,3029,75,2567,348,11,6,22,460.25,316.04,NA,7000,7000,NA,NA,02790,2,9
25025001002,25,025,001002,2719,35,2413,236,7,25,3,1801,21,1627,140,6,5,2,273.66,187.91,NA,7000,7000,NA,NA,02790,2,9
25025001003,25,025,001003,3631,119,3261,209,14,7,21,2502,106,2215,150,14,5,12,380.17,261.05,NA,7000,7000,NA,NA,02790,10,9
25025001004,25,025,001004,5259,1491,3207,411,20,87,43,3717,1281,2089,250,15,57,25,564.78,387.82,NA,7000,7000,NA,NA,02790,10,10
25025001005,25,025,001005,6171,1775,3377,720,19,222,58,4354,1454,2254,449,14,141,42,661.57,454.28,NA,7000,7000,NA,NA,02790,10,9
25025001007,25,025,001007,4651,4490,63,47,6,45,0,3823,3696,53,39,3,32,0,580.89,398.88,NA,7000,7000,NA,NA,02790,10,10
25025001008,25,025,001008,5275,4723,243,107,11,185,6,4356,3953,200,77,5,119,2,661.88,454.49,NA,7000,7000,NA,NA,02790,10,10
25025001009,25,025,001009,4097,2202,1602,174,5,104,10,3158,1863,1100,110,3,76,6,479.85,329.5,NA,7000,7000,NA,NA,02790,10,10
25025001102,25,025,001102,1907,1255,297,267,5,78,5,1468,1036,204,167,3,53,5,223.06,153.17,NA,7000,7000,NA,NA,02790,10,10
25025001103,25,025,001103,2103,1680,139,239,1,44,0,1698,1406,96,157,1,38,0,258,177.16,NA,7000,7000,NA,NA,02790,2,10
25025001201,25,025,001201,6659,5451,401,465,22,308,12,5655,4757,274,316,16,285,7,859.26,590.03,NA,7000,7000,NA,NA,02790,2,10
25025001202,25,025,001202,3883,1790,644,1281,10,147,11,3011,1576,465,863,6,95,6,457.51,314.16,NA,7000,7000,NA,NA,02790,2,10
25025001203,25,025,001203,5225,1578,1116,2439,7,52,33,3700,1377,736,1521,7,44,15,562.2,386.05,NA,7000,7000,NA,NA,02790,2,10
25025001204,25,025,001204,5693,4403,391,748,11,129,11,4904,3963,295,520,8,110,8,745.14,511.67,NA,7000,7000,NA,NA,02790,2,10
25025001205,25,025,001205,2543,450,137,1915,3,19,19,1761,397,91,1250,2,13,8,267.58,183.74,NA,7000,7000,NA,NA,02790,2,9
25025001206,25,025,001206,2461,1645,138,583,15,56,24,2067,1465,114,423,12,42,11,314.07,215.67,NA,7000,7000,NA,NA,02790,2,10
25025001207,25,025,001207,2156,1180,231,642,4,96,3,1799,1103,185,433,4,74,0,273.35,187.7,NA,7000,7000,NA,NA,02790,2,9
25025001301,25,025,001301,5977,5586,103,129,3,154,2,5158,4858,78,94,1,125,2,783.74,538.17,NA,7000,7000,NA,NA,02790,2,10
25025001302,25,025,001302,4938,4773,30,73,2,60,0,4059,3937,18,52,2,50,0,616.75,423.51,NA,7000,7000,NA,NA,02790,2,10
25025001303,25,025,001303,4647,4439,22,103,1,81,1,3793,3632,20,73,1,66,1,576.33,395.75,NA,7000,7000,NA,NA,02790,2,10
25025001402,25,025,001402,7447,6969,263,158,3,44,10,6015,5732,152,92,2,35,2,913.96,627.59,NA,7000,7000,NA,NA,02790,10,10
25025001403,25,025,001403,5407,3707,1263,368,10,49,10,4137,3057,808,233,7,28,4,628.6,431.64,NA,7000,7000,NA,NA,02790,10,10
25025001404,25,025,001404,7723,2513,4667,406,31,78,28,5783,2182,3221,287,25,57,11,878.71,603.38,NA,7000,7000,NA,NA,02790,10,10
25025001501,25,025,001501,1282,482,626,156,8,7,3,1274,475,625,156,8,7,3,932.26,679.05,NA,7000,7000,NA,NA,02790,6,1
25025001601,25,025,001601,6036,2663,291,2590,3,405,84,4070,2063,170,1569,3,226,39,996.27,499.27,NA,13205,13205,NA,NA,03540,5,9
25025001602,25,025,001602,3823,1329,132,2166,5,167,24,2723,1142,91,1366,3,108,13,666.55,334.04,NA,13205,13205,NA,NA,03540,5,9
25025001603,25,025,001603,1114,938,47,111,1,16,1,1052,897,47,93,1,14,0,257.51,129.05,NA,13205,13205,NA,NA,03540,5,9
25025001604,25,025,001604,2828,927,110,1677,1,89,24,2006,770,83,1085,1,60,7,491.04,246.08,NA,13205,13205,NA,NA,03540,5,9
25025001605,25,025,001605,7754,5002,348,1789,37,530,48,5784,4102,225,1092,26,317,22,1415.83,709.53,NA,13205,13205,NA,NA,03540,5,9
25025001606,25,025,001606,6870,5789,209,685,4,174,9,5506,4823,137,409,4,127,6,1347.78,675.43,NA,13205,13205,NA,NA,03540,5,9
25025001607,25,025,001607,285,282,3,0,0,0,0,282,279,3,0,0,0,0,69.03,34.59,NA,13205,13205,NA,NA,03540,5,9
25025001701,25,025,001701,6165,5976,42,118,4,22,3,5028,4893,29,84,1,19,2,1560.15,1023.61,NA,56585,56585,NA,NA,10050,5,8
25025001702,25,025,001702,4262,4137,8,80,8,28,1,3374,3297,6,48,1,21,1,1046.93,686.89,NA,56585,56585,NA,NA,10050,5,8
25025001703,25,025,001703,6375,6123,78,116,15,35,8,5267,5072,63,98,8,23,3,1634.31,1072.27,NA,56585,56585,NA,NA,10050,5,8
25025001704,25,025,001704,4580,4212,86,167,8,95,12,3851,3584,65,128,7,60,7,1194.94,784,NA,56585,56585,NA,NA,10050,5,8
25025001705,25,025,001705,5243,4939,71,138,13,76,6,4514,4265,62,107,11,63,6,1400.66,918.97,NA,56585,56585,NA,NA,10050,5,8
25025001706,25,025,001706,4484,4293,27,113,2,48,1,3620,3503,15,71,2,28,1,1123.26,736.97,NA,56585,56585,NA,NA,10050,5,8
25025001707,25,025,001707,7418,5307,203,675,28,1173,32,5552,4348,112,461,21,587,23,1722.75,1130.29,NA,56585,56585,NA,NA,10050,5,8
25025001708,25,025,001708,4259,3943,27,224,11,40,14,3491,3259,24,166,9,26,7,530.44,364.24,NA,56585,56585,NA,NA,10050,6,9
25025001801,25,025,001801,4870,4636,60,106,1,66,1,4185,4019,40,74,1,50,1,635.9,436.65,NA,80965,80930,NA,NA,13170,6,9
25025001802,25,025,001802,3955,3881,16,42,5,8,3,3271,3217,10,33,2,6,3,2393.58,1743.45,NA,80965,80930,NA,NA,13170,5,8
25025001803,25,025,001803,3387,3327,9,28,1,22,0,2756,2710,8,20,1,17,0,418.76,287.55,NA,80965,80930,NA,NA,13170,6,8
25025001804,25,025,001804,1835,1790,10,19,2,14,0,1521,1490,8,14,2,7,0,1113.01,810.7,NA,80965,80930,NA,NA,13170,5,8
25025001805,25,025,001805,4080,3982,31,45,2,17,3,3418,3343,25,31,2,16,1,2501.15,1821.8,NA,80965,80930,NA,NA,13170,6,9
25025010101,25,025,010101,5486,4373,252,287,9,550,15,5357,4291,236,276,9,530,15,813.98,558.94,NA,7000,7000,NA,NA,02790,6,9
25025010102,25,025,010102,3669,2695,171,199,6,557,41,3635,2671,171,199,6,549,39,552.32,379.27,NA,7000,7000,NA,NA,02790,6,9
25025010401,25,025,010401,7034,4722,885,689,20,642,76,6709,4658,799,583,20,581,68,1019.41,700,NA,7000,7000,NA,NA,02790,6,9
25025010402,25,025,010402,5233,3778,709,336,10,278,122,5083,3745,656,300,10,258,114,772.34,530.35,NA,7000,7000,NA,NA,02790,6,9
25025030599,25,025,030599,401,353,19,22,2,4,1,401,353,19,22,2,4,1,60.93,41.84,NA,7000,7000,NA,NA,02790,2,10
25025040899,25,025,040899,170,142,21,4,0,3,0,170,142,21,4,0,3,0,25.83,17.74,NA,7000,7000,NA,NA,02790,6,9
25025060599,25,025,060599,21,18,2,1,0,0,0,21,18,2,1,0,0,0,3.19,2.19,NA,7000,7000,NA,NA,02790,2,10
25025060699,25,025,060699,18,14,1,3,0,0,0,18,14,1,3,0,0,0,2.74,1.88,NA,7000,7000,NA,NA,02790,2,10
25025100601,25,025,100601,5205,4658,221,188,8,127,3,4079,3729,140,111,7,89,3,619.79,425.59,NA,7000,7000,NA,NA,02790,10,10
25025100602,25,025,100602,2007,1872,51,38,2,44,0,1675,1582,40,23,2,28,0,254.51,174.77,NA,7000,7000,NA,NA,02790,10,10
25025101001,25,025,101001,6051,339,5438,209,18,25,22,4429,320,3911,157,15,13,13,672.97,462.11,NA,7000,7000,NA,NA,02790,10,9
25025101002,25,025,101002,5412,644,4470,237,23,13,25,3955,544,3231,148,11,12,9,600.95,412.65,NA,7000,7000,NA,NA,02790,10,9
25025101101,25,025,101101,3270,37,3017,201,1,10,4,2265,35,2088,132,1,7,2,344.16,236.32,NA,7000,7000,NA,NA,02790,2,9
25025101102,25,025,101102,4852,32,4482,231,24,64,19,3232,22,3002,144,17,34,13,491.09,337.22,NA,7000,7000,NA,NA,02790,10,9
25025110101,25,025,110101,408,125,225,48,2,2,6,253,94,133,22,1,0,3,38.44,26.4,NA,7000,7000,NA,NA,02790,2,9
25025110102,25,025,110102,5717,3099,923,1132,7,538,18,4316,2599,624,705,6,376,6,655.8,450.32,NA,7000,7000,NA,NA,02790,2,10
25025110401,25,025,110401,3560,2375,284,835,3,61,2,2604,1907,166,489,2,40,0,395.67,271.69,NA,7000,7000,NA,NA,02790,2,10
25025110402,25,025,110402,4148,3746,128,214,4,53,3,3306,3019,91,151,3,41,1,502.33,344.94,NA,7000,7000,NA,NA,02790,10,10
25025110501,25,025,110501,3409,3231,16,112,0,49,1,2766,2623,11,91,0,40,1,420.28,288.6,NA,7000,7000,NA,NA,02790,2,10
25025110502,25,025,110502,3783,3209,99,403,8,55,9,3057,2665,74,271,4,38,5,464.5,318.96,NA,7000,7000,NA,NA,02790,2,10
25025110601,25,025,110601,2467,2330,33,41,5,57,1,2064,1959,28,30,2,44,1,313.62,215.35,NA,7000,7000,NA,NA,02790,2,10
25025110602,25,025,110602,5683,5357,77,174,3,66,6,4775,4549,51,115,3,52,5,725.54,498.21,NA,7000,7000,NA,NA,02790,2,10
25025130401,25,025,130401,6774,6206,253,183,8,122,2,5761,5351,173,134,7,94,2,875.36,601.09,NA,7000,7000,NA,NA,02790,2,10
25025130402,25,025,130402,4903,4678,31,96,4,90,4,4151,3978,28,74,2,67,2,630.73,433.1,NA,7000,7000,NA,NA,02790,2,10
25025140101,25,025,140101,8037,6469,800,599,19,140,10,6082,5182,466,320,12,98,4,924.14,634.58,NA,7000,7000,NA,NA,02790,10,10
25025140102,25,025,140102,4030,3483,299,154,17,70,7,3136,2772,208,96,15,43,2,476.5,327.2,NA,7000,7000,NA,NA,02790,10,10
25027007001,25,027,007001,5433,5350,7,42,7,24,3,3804,3763,2,20,4,15,0,790,540,NA,62780,1885,NA,NA,02040,9,2
25027007011,25,027,007011,8805,8619,19,86,16,64,1,6165,6054,12,48,10,40,1,1152,1076,NA,80370,80405,NA,NA,13080,8,2
25027007022,25,027,007022,1147,1132,5,7,0,3,0,798,792,2,3,0,1,0,151,312,NA,NA,58580,NA,NA,02160,8,2
25027007031,25,027,007031,4329,4210,21,49,23,24,2,3219,3153,13,28,11,14,0,628.62,717.31,NA,2515,2480,NA,NA,02160,8,2
25027007032,25,027,007032,3737,3664,20,26,1,26,0,2661,2620,8,14,1,18,0,519.65,592.97,NA,2515,2480,NA,NA,02160,8,2
25027007033,25,027,007033,3385,3302,10,27,31,14,1,2431,2399,2,10,13,6,1,474.73,541.72,NA,2515,2480,NA,NA,02160,8,2
25027007042,25,027,007042,2616,2569,7,7,7,25,1,1927,1901,4,5,4,13,0,267,302,NA,NA,53120,09540,09900,08280,8,2
25027007051,25,027,007051,6438,6349,25,49,2,13,0,4773,4720,11,33,2,7,0,1180,1083,NA,3355,69275,NA,NA,08280,8,2
25027007061,25,027,007061,2797,2755,7,27,4,4,0,1945,1925,1,15,2,2,0,428,523,NA,NA,31435,NA,NA,00001,4,2
25027007071,25,027,007071,3846,3615,61,134,1,31,4,2828,2723,21,67,0,16,1,724.26,507.54,NA,25485,25485,NA,NA,05130,4,2
25027007072,25,027,007072,2182,2099,41,29,5,8,0,1631,1581,21,18,5,6,0,417.7,292.72,NA,25485,25485,NA,NA,05130,4,2
25027007073,25,027,007073,4478,4319,37,81,7,34,0,3485,3380,26,51,6,22,0,892.52,625.46,NA,25485,25485,NA,NA,05130,4,2
25027007074,25,027,007074,4415,4341,25,36,0,10,3,3429,3386,10,26,0,7,0,878.17,615.41,NA,25485,25485,NA,NA,05130,4,2
25027007075,25,027,007075,5204,4608,230,278,10,72,6,4195,3662,206,252,10,59,6,1074.35,752.88,NA,25485,25485,NA,NA,05130,4,2
25027007081,25,027,007081,6191,6111,11,37,11,19,2,4551,4497,9,27,4,14,0,1189,1336,NA,NA,77010,NA,NA,02040,4,2
25027007091,25,027,007091,1279,1252,8,9,1,9,0,909,891,6,6,1,5,0,202.14,192.04,NA,35075,35075,NA,NA,06780,4,2
25027007093,25,027,007093,1126,761,71,271,4,15,4,890,643,51,181,2,12,1,197.91,188.03,NA,35075,35075,NA,NA,06780,4,2
25027007094,25,027,007094,4926,3965,54,790,14,99,4,3652,3093,38,447,12,60,2,812.11,771.55,NA,35075,35075,NA,NA,06780,4,2
25027007095,25,027,007095,6592,6076,100,251,5,160,0,5149,4791,73,176,5,104,0,1145,1087.82,NA,35075,35075,NA,NA,06780,4,2
25027007096,25,027,007096,1448,1345,42,59,0,2,0,1152,1085,24,41,0,2,0,256.17,243.38,NA,35075,35075,NA,NA,06780,4,2
25027007097,25,027,007097,8410,7385,210,692,11,95,17,6640,5978,142,438,9,69,4,1476.56,1402.83,NA,35075,35075,NA,NA,06780,4,2
25027007101,25,027,007101,3882,3351,97,289,25,119,1,2964,2656,57,162,14,75,0,672.47,509.56,NA,23875,23875,NA,NA,04890,4,2
25027007102,25,027,007102,6033,5192,128,604,9,98,2,4588,4155,69,309,7,48,0,1040.92,788.75,NA,23875,23875,NA,NA,04890,4,2
25027007103,25,027,007103,2824,2654,41,92,0,37,0,2036,1951,21,43,0,21,0,461.93,350.02,NA,23875,23875,NA,NA,04890,4,2
25027007104,25,027,007104,2276,2185,13,36,4,35,3,1795,1735,9,24,4,21,2,407.25,308.59,NA,23875,23875,NA,NA,04890,4,2
25027007105,25,027,007105,3922,2855,155,696,8,197,11,2644,2124,80,328,5,105,2,599.87,454.54,NA,23875,23875,NA,NA,04890,4,2
25027007106,25,027,007106,7243,5914,226,876,11,215,1,5285,4580,124,473,9,99,0,1199.06,908.57,NA,23875,23875,NA,NA,04890,4,2
25027007107,25,027,007107,1802,1396,111,232,9,52,2,1514,1234,85,149,6,40,0,343.5,260.28,NA,23875,23875,NA,NA,04890,4,2
25027007108,25,027,007108,4762,3981,163,526,18,71,3,3530,3090,96,289,10,45,0,800.88,606.86,NA,23875,23875,NA,NA,04890,4,2
25027007109,25,027,007109,898,812,43,28,3,9,3,895,809,43,28,3,9,3,203.06,153.86,NA,23875,23875,NA,NA,04890,4,2
25027007110,25,027,007110,3584,2752,164,518,3,139,8,2664,2196,101,284,1,76,6,604.41,457.98,NA,23875,23875,NA,NA,04890,4,2
25027007111,25,027,007111,3968,3818,42,60,1,47,0,3269,3156,37,47,0,29,0,741.67,561.99,NA,23875,23875,NA,NA,04890,4,2
25027007121,25,027,007121,9117,8900,60,88,9,60,0,6809,6668,45,48,8,40,0,1615,2142,NA,37385,37420,NA,NA,07080,11,2
25027007131,25,027,007131,6661,5751,397,409,18,77,9,5118,4366,333,337,16,64,2,915,1386,NA,64460,34165,06600,08310,05880,11,6
25027007141,25,027,007141,7667,5338,1404,625,46,236,18,5486,3838,1040,420,30,155,3,673.16,843.14,NA,24540,28950,NA,NA,05880,9,6
25027007142,25,027,007142,4662,4487,45,48,5,77,0,3389,3276,33,29,2,49,0,415.84,520.86,NA,NA,28950,NA,NA,05880,9,6
25027007151,25,027,007151,3134,3075,7,18,1,33,0,2268,2230,7,12,1,18,0,615,835,NA,NA,6365,02760,08310,NA,11,6
25027007161,25,027,007161,6838,6163,94,511,4,60,6,5314,4885,65,315,4,40,5,1840.2,1812.24,NA,14430,14395,NA,NA,03750,11,4
25027007162,25,027,007162,2914,2672,56,153,2,27,4,2283,2103,46,108,2,21,3,790.59,778.57,NA,14430,14395,06600,08310,03750,11,4
25027007163,25,027,007163,3470,3020,42,368,3,35,2,2666,2354,25,259,3,25,0,923.22,909.19,NA,14430,14395,NA,NA,03750,11,4
25027007171,25,027,007171,2293,2248,4,26,5,10,0,1757,1731,2,13,4,7,0,412,608,NA,NA,5490,02550,02580,NA,11,4
25027007181,25,027,007181,3517,3451,20,16,4,26,0,2722,2678,14,11,3,16,0,725,927,NA,NA,7525,02910,02580,NA,11,4
25027007191,25,027,007191,6481,6336,40,73,11,21,0,4649,4562,26,36,7,18,0,1051,1652,NA,NA,67385,11160,11880,NA,4,4
25027007201,25,027,007201,3189,3145,4,24,1,15,0,2261,2240,4,10,1,6,0,554,872,NA,NA,55395,09810,11880,NA,4,4
25027007211,25,027,007211,6439,6316,47,30,5,37,4,4498,4431,22,16,3,23,3,788,948,NA,58790,58825,10350,11880,00001,4,4
25027007221,25,027,007221,4546,4461,28,27,1,29,0,3296,3256,13,14,1,12,0,757,948,NA,3705,3740,NA,NA,00001,4,2
25027007231,25,027,007231,3266,3226,6,22,10,1,1,2380,2355,5,11,8,1,0,524,376,NA,NA,28740,NA,NA,00001,4,2
25027007241,25,027,007241,3532,3494,10,20,6,2,0,2651,2626,9,10,5,1,0,566,761,NA,75435,75400,NA,NA,12100,4,2
25027007251,25,027,007251,4708,4648,11,27,5,17,0,3407,3372,7,12,4,12,0,1056,1347,NA,47170,47135,NA,NA,08760,4,2
25027007261,25,027,007261,5339,5271,11,28,13,16,0,3853,3805,6,19,9,14,0,920.45,948.83,NA,NA,66105,NA,NA,00002,4,3
25027007262,25,027,007262,6306,6195,14,72,12,12,1,4699,4632,8,43,6,9,1,1122.55,1157.17,NA,66070,66105,NA,NA,00002,4,3
25027007271,25,027,007271,4047,3937,31,18,4,56,1,3098,3021,19,14,3,40,1,820,1076,NA,NA,52420,09330,11880,NA,4,4
25027007281,25,027,007281,2719,2668,5,12,3,31,0,1966,1933,4,9,2,18,0,516.95,733.17,NA,NA,30560,06180,11880,NA,4,4
25027007282,25,027,007282,3616,3533,5,23,4,51,0,2769,2721,3,8,2,35,0,728.1,1032.63,NA,NA,30560,06180,11880,NA,4,4
25027007283,25,027,007283,4224,4121,12,31,6,52,2,3192,3129,6,21,3,33,0,839.32,1190.38,NA,NA,30560,06180,11880,NA,4,4
25027007284,25,027,007284,4069,4012,11,30,2,14,0,2984,2954,6,18,1,5,0,784.63,1112.81,NA,NA,30560,06180,11880,NA,4,4
25027007291,25,027,007291,3799,3493,85,179,2,32,8,3082,2803,83,175,1,16,4,968.68,1090.41,NA,NA,75155,NA,NA,12390,11,4
25027007292,25,027,007292,2812,2791,0,6,2,13,0,2260,2241,0,6,2,11,0,710.32,799.59,NA,NA,75155,NA,NA,12390,11,4
25027007301,25,027,007301,4898,4737,46,67,3,44,1,3807,3712,30,35,1,29,0,875.07,597.56,NA,82000,82000,NA,NA,13230,11,4
25027007302,25,027,007302,5397,5106,119,111,8,51,2,4194,4014,71,69,6,34,0,964.03,658.31,NA,82000,82000,NA,NA,13230,11,4
25027007303,25,027,007303,4828,4688,39,64,3,30,4,3878,3777,30,44,3,23,1,891.39,608.71,NA,82000,82000,NA,NA,13230,11,4
25027007305,25,027,007305,3276,2926,97,177,4,64,8,2553,2329,65,99,3,49,8,586.83,400.73,NA,82000,82000,NA,NA,13230,11,4
25027007306,25,027,007306,7962,7719,63,102,2,74,2,6554,6376,48,77,2,51,0,1506.49,1028.74,NA,82000,82000,NA,NA,13230,11,4
25027007307,25,027,007307,5619,5379,86,75,3,71,5,4321,4153,67,54,1,46,0,993.22,678.24,NA,82000,82000,NA,NA,13230,11,4
25027007310,25,027,007310,7293,6467,266,331,8,204,17,5659,5110,190,216,5,126,12,1300.77,888.26,NA,82000,82000,NA,NA,13230,11,4
25027007313,25,027,007313,4081,1873,424,1494,16,248,26,2729,1491,257,815,11,147,8,627.28,428.35,NA,82000,82000,NA,NA,13230,11,4
25027007314,25,027,007314,4803,2085,786,1734,15,171,12,3296,1694,485,992,11,110,4,757.61,517.35,NA,82000,82000,NA,NA,13230,11,4
25027007315,25,027,007315,4875,2487,481,1589,38,254,26,3523,2075,311,923,24,176,14,809.79,552.98,NA,82000,82000,NA,NA,13230,11,4
25027007316,25,027,007316,7213,5874,342,538,14,442,3,6501,5499,263,385,11,342,1,1494.31,1020.42,NA,82000,82000,NA,NA,13230,11,4
25027007317,25,027,007317,2300,1290,218,719,22,49,2,1974,1247,177,489,17,43,1,453.74,309.85,NA,82000,82000,NA,NA,13230,11,4
25027007318,25,027,007318,6521,4105,488,1445,21,440,22,4620,3334,311,733,20,216,6,1061.95,725.17,NA,82000,82000,NA,NA,13230,11,4
25027007319,25,027,007319,5333,3809,542,762,42,154,24,3827,2935,342,418,25,98,9,879.67,600.7,NA,82000,82000,NA,NA,13230,11,4
25027007321,25,027,007321,602,549,27,20,0,6,0,554,520,18,11,0,5,0,127.34,86.96,NA,82000,82000,NA,NA,13230,11,4
25027007323,25,027,007323,7389,7026,66,168,6,121,2,5879,5657,40,92,5,85,0,1351.34,922.79,NA,82000,82000,NA,NA,13230,11,4
25027007324,25,027,007324,6559,5362,292,727,23,153,2,4701,4065,171,349,11,104,1,1080.56,737.89,NA,82000,82000,NA,NA,13230,11,4
25027007325,25,027,007325,1709,1436,40,164,0,64,5,1313,1151,24,91,0,46,1,301.8,206.09,NA,82000,82000,NA,NA,13230,11,4
25027007326,25,027,007326,4116,3846,62,150,3,45,10,3133,2971,36,93,1,27,5,720.15,491.77,NA,82000,82000,NA,NA,13230,11,4
25027007327,25,027,007327,3657,3343,78,186,6,39,5,2776,2602,46,98,5,24,1,638.09,435.73,NA,82000,82000,NA,NA,13230,11,4
25027007328,25,027,007328,7128,6652,135,199,4,135,3,5871,5540,104,123,3,100,1,1349.5,921.53,NA,82000,82000,NA,NA,13230,11,4
25027007330,25,027,007330,3512,2881,137,249,23,217,5,2534,2190,71,137,9,126,1,582.46,397.75,NA,82000,82000,NA,NA,13230,11,4
25027007351,25,027,007351,6174,6009,20,82,6,53,4,4617,4507,15,49,4,42,0,996.06,1333.93,NA,NA,34795,NA,NA,06720,11,3
25027007352,25,027,007352,4017,3893,61,45,9,9,0,3008,2919,49,28,7,5,0,648.94,869.07,NA,NA,34795,NA,NA,06720,11,3
25027007361,25,027,007361,2279,2243,10,14,4,7,1,1746,1725,7,6,3,4,1,341.58,301.86,NA,NA,2760,NA,NA,02220,11,3
25027007362,25,027,007362,3663,3591,15,25,6,25,1,2853,2802,9,17,5,19,1,558.15,493.25,NA,NA,2760,NA,NA,02220,11,3
25027007363,25,027,007363,2561,2516,6,10,6,22,1,1972,1944,3,7,3,14,1,385.8,340.93,NA,NA,2760,NA,NA,02220,11,3
25027007364,25,027,007364,2644,2601,5,19,4,15,0,2081,2047,2,17,3,12,0,407.12,359.78,NA,NA,2760,NA,NA,02220,11,4
25027007365,25,027,007365,3858,3801,6,17,1,31,2,3084,3050,6,10,1,17,0,603.35,533.18,NA,NA,2760,NA,NA,02220,11,3
25027007371,25,027,007371,4750,4651,8,34,0,52,5,3708,3646,8,12,0,42,0,1014.84,874.3,NA,NA,41340,NA,NA,07890,11,3
25027007372,25,027,007372,1989,1970,0,14,1,4,0,1593,1582,0,8,1,2,0,435.99,375.61,NA,NA,41340,NA,NA,07890,11,3
25027007373,25,027,007373,5489,5372,26,23,4,61,3,4250,4170,16,15,4,45,0,1163.18,1002.09,NA,NA,41340,NA,NA,07890,11,3
25027007381,25,027,007381,2719,2667,7,24,7,12,2,2045,2017,6,12,3,7,0,444.49,459.8,NA,NA,26430,NA,NA,05370,11,4
25027007382,25,027,007382,6825,6628,38,52,2,105,0,5105,4975,33,33,2,62,0,1109.6,1147.81,29141,NA,26430,NA,NA,05370,11,4
25027007383,25,027,007383,3243,3166,8,35,2,32,0,2574,2516,6,27,2,23,0,559.47,578.74,NA,NA,26430,NA,NA,05370,11,4
25027007384,25,027,007384,248,66,112,63,6,1,0,163,44,81,34,4,0,0,35.43,36.65,NA,NA,26430,NA,NA,05370,11,4
25027007391,25,027,007391,4898,4565,64,62,2,195,10,3898,3645,50,50,2,146,5,1097.12,1133.35,NA,82000,61800,NA,NA,10770,11,4
25027007392,25,027,007392,4979,4513,77,130,5,246,8,4111,3771,60,97,4,173,6,1157.07,1195.28,NA,NA,61800,NA,NA,10770,11,4
25027007393,25,027,007393,3444,3225,42,41,0,127,9,2778,2620,25,30,0,94,9,781.89,807.71,NA,NA,61800,NA,NA,10770,11,4
25027007394,25,027,007394,5558,5295,49,58,2,152,2,4228,4069,33,37,2,87,0,1190,1229.3,NA,NA,61800,NA,NA,10770,11,4
25027007395,25,027,007395,5288,5043,19,40,3,181,2,3812,3668,9,26,1,107,1,1072.92,1108.35,NA,NA,61800,NA,NA,10770,11,4
25027007401,25,027,007401,9288,8751,50,77,10,396,4,6664,6348,35,39,5,236,1,1675.26,1602.75,NA,46785,46820,08880,08910,NA,11,4
25027007402,25,027,007402,2550,2418,17,52,4,59,0,1976,1896,12,30,4,34,0,496.74,475.25,NA,46785,46820,08880,08910,NA,11,4
25027007421,25,027,007421,487,406,41,27,1,12,0,425,364,30,22,1,8,0,98.68,129.08,NA,NA,75015,08880,08910,12600,11,4
25027007422,25,027,007422,3912,3546,87,73,4,199,3,3198,2936,64,54,3,138,3,742.52,971.32,NA,NA,75015,10980,08910,12600,11,4
25027007423,25,027,007423,3917,3745,42,78,3,39,10,3165,3025,32,65,3,33,7,734.85,961.29,NA,75050,75015,NA,NA,12600,11,4
25027007424,25,027,007424,5908,5559,60,101,3,177,8,4268,4053,41,60,1,107,6,990.95,1296.3,NA,NA,75015,NA,NA,12600,11,4
25027007431,25,027,007431,4677,4567,31,33,12,34,0,3588,3513,23,20,10,22,0,893,1093,NA,71530,71480,NA,NA,07680,11,4
25027007441,25,027,007441,11954,11384,159,254,14,124,19,8736,8361,96,175,10,86,8,1857.74,1684.59,NA,41200,41165,NA,NA,07860,11,3
25027007442,25,027,007442,5625,5304,63,192,7,49,10,4397,4212,35,105,7,33,5,935.04,847.89,NA,41200,41165,NA,NA,07860,11,3
25027007443,25,027,007443,3774,3248,63,416,11,30,6,2911,2583,39,250,9,25,5,619.04,561.34,NA,41200,41165,NA,NA,07860,11,3
25027007444,25,027,007444,4002,3763,27,160,3,45,4,3128,2962,17,110,3,32,4,665.18,603.18,NA,41200,41165,NA,NA,07860,11,3
25027007451,25,027,007451,5666,5568,21,31,4,40,2,4189,4134,13,19,3,19,1,1094,1134,NA,30980,30945,NA,NA,06300,11,3
25027007461,25,027,007461,4010,3925,27,37,6,15,0,2942,2884,19,25,3,11,0,621,907,NA,NA,40255,NA,NA,07680,11,3
25027007481,25,027,007481,2236,2197,14,16,3,3,3,1630,1605,7,13,2,2,1,468,318,NA,NA,41585,NA,NA,02715,11,3
25027007491,25,027,007491,5060,4985,22,29,1,17,6,3658,3616,13,16,1,10,2,945.91,814.1,NA,NA,71620,NA,NA,11850,11,3
25027007492,25,027,007492,5344,5277,14,30,8,15,0,4057,4015,8,16,7,11,0,1049.09,902.9,NA,NA,71620,NA,NA,11850,11,3
25027007501,25,027,007501,5183,5094,29,48,5,7,0,3658,3606,18,24,5,5,0,877.2,824.72,NA,79495,46925,NA,NA,08940,11,4
25027007502,25,027,007502,5347,5264,23,32,5,23,0,3932,3872,15,24,5,16,0,942.91,886.49,NA,79495,46925,NA,NA,08940,11,4
25027007503,25,027,007503,2841,2792,5,28,8,8,0,2168,2132,4,18,7,7,0,519.89,488.79,NA,NA,46925,NA,NA,08940,11,4
25027007511,25,027,007511,6824,6771,3,22,7,20,1,4893,4857,3,13,6,14,0,1342,1639,NA,NA,68610,NA,NA,11400,11,3
25027007521,25,027,007521,5449,5344,9,59,15,22,0,3860,3797,4,32,13,14,0,887,925,NA,18875,17300,NA,NA,04230,11,3
25027007531,25,027,007531,6521,6346,49,52,12,59,3,4651,4531,31,36,9,44,0,1054.99,1014.88,NA,NA,51825,NA,NA,09270,4,3
25027007532,25,027,007532,6067,5955,21,58,6,25,2,4510,4449,12,30,5,14,0,1023.01,984.12,NA,51790,51825,NA,NA,09270,4,3
25027007541,25,027,007541,5206,5114,21,27,10,34,0,4013,3954,13,15,7,24,0,991.14,1104.08,NA,73930,73895,NA,NA,12240,4,3
25027007542,25,027,007542,3718,3539,29,117,5,28,0,2921,2828,17,58,4,14,0,721.43,803.64,NA,73930,73895,NA,NA,12240,4,3
25027007543,25,027,007543,3229,3033,45,117,17,16,1,2434,2324,21,64,13,11,1,601.15,669.66,NA,73930,73895,NA,NA,12240,4,3
25027007544,25,027,007544,4043,3868,17,103,27,27,1,3139,3049,11,48,15,16,0,775.28,863.62,NA,73930,73895,NA,NA,12240,4,3
25027007551,25,027,007551,3236,3096,7,94,1,35,3,2464,2389,3,51,1,19,1,563.98,486.2,NA,73930,17685,NA,NA,04360,4,3
25027007552,25,027,007552,6304,6156,33,54,5,54,2,4854,4752,22,38,4,38,0,1111.02,957.8,NA,73930,17685,NA,NA,04360,4,3
25027007561,25,027,007561,9576,9489,15,46,7,19,0,6741,6686,12,24,7,12,0,1289,1454,NA,NA,12715,NA,NA,04360,4,3
25027007571,25,027,007571,4631,3788,15,728,2,96,2,3351,2871,11,412,2,53,2,716.55,562.89,NA,63305,63270,NA,NA,11010,4,3
25027007572,25,027,007572,2547,1960,5,536,14,29,3,1836,1483,4,319,6,22,2,392.59,308.41,NA,63305,63270,NA,NA,11010,4,3
25027007573,25,027,007573,3232,2418,15,729,4,63,3,2413,1970,13,390,4,36,0,515.97,405.33,NA,63305,63270,NA,NA,11010,4,3
25027007574,25,027,007574,3221,3086,3,90,1,41,0,2623,2540,0,57,1,25,0,560.88,440.61,NA,63305,63270,NA,NA,11010,4,3
25027007575,25,027,007575,4185,3936,13,195,3,36,2,3124,2976,9,108,3,27,1,668.01,524.76,NA,NA,63270,NA,NA,11010,4,3
25027007581,25,027,007581,7775,7600,32,59,28,51,5,5652,5540,23,33,21,32,3,1216,1325,NA,68120,68155,11310,11490,NA,4,3
25027007591,25,027,007591,2033,2018,0,9,2,4,0,1475,1462,0,7,2,4,0,357,423,NA,18595,18560,NA,NA,00002,4,3
25027007601,25,027,007601,2968,2944,9,10,3,2,0,2190,2172,4,9,3,2,0,436,651,NA,NA,9105,03120,11490,NA,4,3
25027007611,25,027,007611,4437,4341,22,45,15,10,4,3240,3187,13,23,11,5,1,801,738,NA,73055,73090,NA,NA,12100,4,3
25027709201,25,027,709201,8972,8138,135,566,14,117,2,6680,6165,101,331,10,72,1,1485.46,1411.28,NA,35075,35075,NA,NA,06780,4,2
25027709202,25,027,709202,5392,4587,157,523,8,104,13,4194,3650,114,350,8,65,7,932.64,886.06,NA,35075,35075,NA,NA,06780,4,2
25027730401,25,027,730401,5013,4439,189,293,15,62,15,4151,3773,132,185,11,47,3,954.14,651.56,NA,82000,82000,NA,NA,13230,11,4
25027730402,25,027,730402,1731,1547,62,82,8,32,0,1373,1261,42,37,7,26,0,315.6,215.51,NA,82000,82000,NA,NA,13230,11,4
25027730801,25,027,730801,3778,3654,12,41,3,66,2,2895,2814,12,25,2,42,0,665.44,454.41,NA,82000,82000,NA,NA,13230,11,4
25027730802,25,027,730802,2139,2038,20,37,1,43,0,1658,1586,15,27,1,29,0,381.11,260.25,NA,82000,82000,NA,NA,13230,11,4
25027730901,25,027,730901,3826,3647,44,73,1,58,3,3107,2973,33,60,1,38,2,714.17,487.69,NA,82000,82000,NA,NA,13230,11,4
25027730902,25,027,730902,2829,2675,42,42,12,56,2,2225,2127,28,23,9,36,2,511.43,349.24,NA,82000,82000,NA,NA,13230,11,4
25027731101,25,027,731101,3716,3015,170,405,12,109,5,2876,2466,100,234,7,68,1,661.07,451.43,NA,82000,82000,NA,NA,13230,11,4
25027731102,25,027,731102,2579,2357,56,104,3,58,1,1985,1840,38,66,2,39,0,456.27,311.57,NA,82000,82000,NA,NA,13230,11,4
25027731201,25,027,731201,7047,5377,295,839,30,482,24,5457,4423,198,488,22,316,10,1254.34,856.55,NA,82000,82000,NA,NA,13230,11,4
25027731202,25,027,731202,1367,1132,52,73,3,102,5,1361,1126,52,73,3,102,5,312.84,213.63,NA,82000,82000,NA,NA,13230,11,4
25027732001,25,027,732001,3593,849,349,2291,43,28,33,1947,639,161,1113,20,10,4,447.53,305.61,NA,82000,82000,NA,NA,13230,11,4
25027732002,25,027,732002,2324,2068,85,103,2,63,3,1882,1713,53,69,2,42,3,432.59,295.41,NA,82000,82000,NA,NA,13230,11,4
25027732201,25,027,732201,2720,2527,76,74,1,42,0,2311,2163,57,53,1,37,0,531.2,362.74,NA,82000,82000,NA,NA,13230,11,4
25027732202,25,027,732202,2937,2832,24,43,7,31,0,2332,2261,13,27,5,26,0,536.03,366.04,NA,82000,82000,NA,NA,13230,11,4
25027732203,25,027,732203,2517,2284,70,79,5,75,4,1990,1842,41,42,5,56,4,457.42,312.36,NA,82000,82000,NA,NA,13230,11,4
25027732901,25,027,732901,6257,5379,217,505,9,138,9,4812,4300,124,284,9,89,6,1106.08,755.31,NA,82000,82000,NA,NA,13230,11,4
25027732902,25,027,732902,2088,1925,73,51,0,34,5,2076,1913,73,51,0,34,5,477.19,325.86,NA,82000,82000,NA,NA,13230,11,4
25027733101,25,027,733101,2084,1971,40,24,3,44,2,1627,1556,27,13,3,26,2,373.98,255.38,NA,82000,82000,NA,NA,13230,11,4
25027733102,25,027,733102,2122,2039,36,28,7,9,3,1641,1593,24,12,6,5,1,377.2,257.58,NA,82000,82000,NA,NA,13230,11,4
25027741198,25,027,741198,6628,6396,40,47,5,136,4,4948,4803,31,28,5,80,1,1393,1935,NA,15340,63165,10980,08910,NA,11,6
25027747198,25,027,747198,8023,7850,26,66,10,66,5,5806,5715,17,38,8,27,1,1464.23,1062.72,NA,NA,6015,NA,NA,02715,11,3
25027762194,25,027,762194,0,0,0,0,0,0,0,0,0,0,0,0,0,0,0,0,NA,NA,6015,NA,NA,02715,11,3
25027762195,25,027,762195,0,0,0,0,0,0,0,0,0,0,0,0,0,0,0,0,NA,NA,6015,NA,NA,02715,11,3
25027762196,25,027,762196,0,0,0,0,0,0,0,0,0,0,0,0,0,0,0,0,NA,NA,6015,NA,NA,02715,11,3
25027762197,25,027,762197,0,0,0,0,0,0,0,0,0,0,0,0,0,0,0,0,NA,NA,6015,NA,NA,02715,11,3
25027762198,25,027,762198,0,0,0,0,0,0,0,0,0,0,0,0,0,0,0,0,NA,NA,6015,NA,NA,02715,11,3
