GEOID,state,county,tract,pop,pop_white,pop_black,pop_hisp,pop_aian,pop_asian,pop_other,vap,vap_white,vap_black,vap_hisp,vap_aian,vap_asian,vap_other,ndv,nrv,place,mcd,school,cd_1980,cd_1990
39001009901,39,001,009901,4524,4484,6,17,15,2,0,3232,3206,6,7,12,1,0,132,212,61420,48888,06190,16,7
39001009902,39,001,009902,4028,3995,6,15,8,4,0,2847,2826,5,8,6,2,0,232,411,85876,71052,06190,16,7
39001009903,39,001,009903,5108,5061,21,16,4,6,0,3557,3530,10,11,4,2,0,199,297,13834,82012,06190,16,7
39001009904,39,001,009904,4799,4743,9,21,15,11,0,3474,3432,8,15,13,6,0,826,1083,84294,76768,06190,16,7
39001009905,39,001,009905,3320,3282,1,11,22,4,0,2339,2313,1,9,13,3,0,167,251,68196,38486,06190,16,7
39001009906,39,001,009906,3592,3573,4,10,3,1,1,2564,2551,2,7,3,1,0,159,119,47012,47026,06190,16,7
39003000101,39,003,000101,3184,3087,32,27,2,36,0,2500,2427,29,18,2,24,0,312.28,648.07,7426,66614,04521,20,8
39003000102,39,003,000102,4405,4354,19,16,5,9,2,3136,3108,12,6,4,6,0,391.72,812.93,10884,66614,04521,20,8
39003000103,39,003,000103,1608,1599,2,4,1,2,0,1135,1129,1,2,1,2,0,116,461,NA,75199,04577,20,8
39003000106,39,003,000106,4893,4826,16,41,7,3,0,3487,3444,10,25,5,3,0,175,545,74034,73982,04580,20,8
39003000108,39,003,000108,6276,6103,68,47,5,52,1,4360,4251,43,29,5,32,0,881.89,2119.73,24808,1756,04577,20,8
39003000109,39,003,000109,4251,3791,390,30,5,34,1,3308,3008,250,25,4,21,0,669.11,1608.27,43554,1756,04579,20,8
39003000110,39,003,000110,5621,5042,420,76,8,73,2,4227,3858,264,49,7,49,0,759.81,980.53,43554,1756,04577,20,8
39003000112,39,003,000112,4250,2726,1320,174,25,5,0,3736,2236,1313,157,25,5,0,487.88,1015.42,43554,4206,04576,20,8
39003000113,39,003,000113,7344,7129,106,70,9,27,3,5499,5360,71,43,7,16,2,718.12,1494.58,43554,4206,04576,20,8
39003000114,39,003,000114,2737,2721,1,12,1,2,0,1950,1938,1,8,1,2,0,310,764,41118,37646,04575,20,8
39003000115,39,003,000115,2778,2718,7,39,11,3,0,1963,1925,5,21,10,2,0,275,647,34118,2988,04575,20,8
39003000116,39,003,000116,2521,2458,45,7,9,2,0,1878,1836,29,6,5,2,0,464,715,43554,61742,04578,20,8
39003000117,39,003,000117,1332,845,474,3,10,0,0,939,593,339,2,5,0,0,168.79,217.82,43554,61742,04578,20,8
39003000118,39,003,000118,2407,2194,142,12,2,55,2,1836,1686,105,7,2,35,1,335.15,882.33,43554,71955,04579,20,8
39003000119,39,003,000119,3739,3600,68,51,4,16,0,2758,2672,46,28,3,9,0,503.46,1325.42,27944,71955,04579,20,8
39003000120,39,003,000120,2191,2050,70,18,4,48,1,1550,1461,43,14,2,30,0,282.94,744.89,27944,71955,04579,20,8
39003000121,39,003,000121,2944,2849,64,22,1,8,0,2117,2067,33,10,1,6,0,386.45,1017.37,27944,71955,04579,20,8
39003000122,39,003,000122,3201,2877,237,43,1,33,10,2159,1995,123,21,1,19,0,388.09,500.82,43554,43554,04577,20,8
39003000123,39,003,000123,4442,4170,204,51,7,3,7,3227,3077,111,27,7,3,2,580.06,748.56,43554,43554,04422,20,8
39003000124,39,003,000124,2876,2580,235,42,3,15,1,2037,1868,128,28,3,10,0,366.16,472.52,43554,43554,04422,20,8
39003000125,39,003,000125,1187,697,464,23,2,0,1,788,491,279,16,2,0,0,141.65,182.79,43554,43554,04422,20,8
39003000126,39,003,000126,2400,2201,151,32,6,10,0,1853,1727,95,22,4,5,0,333.08,429.84,43554,43554,04422,20,8
39003000127,39,003,000127,2475,1750,599,60,4,41,21,1552,1211,289,26,3,21,2,278.98,360.02,43554,43554,04422,20,8
39003000128,39,003,000128,1902,1345,498,35,4,16,4,1426,1062,325,23,4,12,0,256.33,330.79,43554,43554,04422,20,8
39003000129,39,003,000129,2265,1894,326,19,13,8,5,1508,1295,186,13,11,3,0,271.07,349.81,43554,43554,04422,20,8
39003000130,39,003,000130,4548,3935,546,53,2,6,6,3511,3138,335,29,2,6,1,631.11,814.44,43554,43554,04422,20,8
39003000131,39,003,000131,2517,2322,161,19,1,14,0,1942,1819,100,13,1,9,0,349.08,450.48,43554,43554,04422,20,8
39003000132,39,003,000132,1920,1479,410,14,8,3,6,1398,1129,254,9,3,3,0,251.29,324.29,43554,43554,04422,20,8
39003000133,39,003,000133,1812,890,882,28,2,7,3,1235,670,541,18,1,5,0,221.99,286.48,43554,43554,04422,20,8
39003000134,39,003,000134,2332,1763,517,43,1,4,4,1530,1234,268,25,1,2,0,275.02,354.91,43554,43554,04422,20,8
39003000135,39,003,000135,1089,748,314,15,1,3,8,806,573,218,11,1,2,1,144.88,186.97,43554,43554,04422,20,8
39003000136,39,003,000136,1815,1188,587,28,1,2,9,1154,841,299,10,0,2,2,207.43,267.69,43554,43554,04422,20,8
39003000137,39,003,000137,1678,694,952,26,2,2,2,1080,487,573,17,2,1,0,194.13,250.53,43554,43554,04422,20,8
39003000138,39,003,000138,2139,191,1909,20,8,0,11,1430,148,1266,11,4,0,1,257.05,331.71,43554,43554,04422,20,8
39003000139,39,003,000139,3379,3360,0,14,1,4,0,2422,2404,0,13,1,4,0,403.67,887.15,21602,47656,04388,20,8
39003000140,39,003,000140,3297,3266,0,26,4,0,1,2312,2288,0,19,4,0,1,385.33,846.85,21602,47656,04388,20,8
39005009701,39,005,009701,5635,5587,25,10,1,12,0,3778,3745,20,6,1,6,0,279,361,63996,37660,04583,7,14
39005009702,39,005,009702,4572,4549,2,13,5,2,1,3159,3147,1,6,4,1,0,177,370,3562,15672,04583,7,14
39005009703,39,005,009703,4073,3994,46,20,3,10,0,2836,2788,27,12,3,6,0,106.56,217.24,2568,2568,04350,7,14
39005009704,39,005,009704,3826,3756,30,23,3,14,0,2782,2730,25,15,3,9,0,83.54,217.8,2568,2568,04350,7,14
39005009705,39,005,009705,3753,3599,72,27,16,39,0,2812,2708,43,16,11,34,0,2311,4225,2568,2568,04350,7,14
39005009706,39,005,009706,5152,4973,99,31,4,42,3,4057,3920,87,14,4,31,1,152.44,310.76,2568,2568,04350,7,14
39005009707,39,005,009707,4079,3966,19,27,1,66,0,3094,3013,11,17,1,52,0,92.91,242.23,2568,2568,04350,7,14
39005009708,39,005,009708,3579,3451,58,10,5,54,1,2682,2613,27,7,4,30,1,80.54,209.97,2568,2568,04350,7,14
39005009709,39,005,009709,4223,4187,13,8,0,13,2,3009,3000,1,3,0,4,1,250,416,39060,51086,04582,7,14
39005009710,39,005,009710,4449,4423,6,5,3,12,0,3261,3241,6,5,3,6,0,267,553,62190,31682,04582,7,14
39005009711,39,005,009711,4166,4050,86,17,7,6,0,3048,3010,18,10,6,4,0,376,602,45066,33236,04546,7,14
39007000000,39,007,000000,0,0,0,0,0,0,0,0,0,0,0,0,0,0,0,0,NA,NA,99998,5,17
39007000002,39,007,000002,4662,4581,28,26,4,21,2,3473,3418,20,18,4,13,0,340,360,56700,56700,04585,5,17
39007000003,39,007,000003,2610,2531,27,25,4,23,0,1938,1889,17,13,2,17,0,958.33,604.21,24542,2652,04585,5,17
39007000004,39,007,000004,1833,1774,25,29,3,1,1,1435,1390,24,16,3,1,1,709.6,447.39,2638,2652,04351,5,17
39007000005,39,007,000005,4871,4715,69,53,12,19,3,3728,3636,38,32,8,11,3,1843.48,1162.28,24542,2652,04585,5,17
39007000008,39,007,000008,7303,7055,20,177,28,20,3,5321,5175,16,96,20,12,2,1095.43,1003.61,29610,29624,04405,5,17
39007000009,39,007,000009,5122,4779,38,277,14,8,6,3777,3554,34,173,9,6,1,777.57,712.39,29610,29624,04405,5,17
39007000010,39,007,000010,7320,7160,93,29,16,22,0,5143,5030,65,16,14,18,0,227,225,67600,52066,04587,5,17
39007000011,39,007,000011,7888,7661,157,37,10,21,2,5601,5457,96,25,8,14,1,227,266,38500,38514,04587,5,17
39007000012,39,007,000012,6296,6106,129,45,10,6,0,4520,4383,99,25,9,4,0,297,348,18350,51296,04585,5,17
39007000101,39,007,000101,3450,3402,18,20,7,3,0,2666,2632,11,15,5,3,0,852.34,594.15,18350,18350,04381,5,17
39007000102,39,007,000102,4123,4001,73,34,3,8,4,2973,2900,47,19,1,6,0,950.49,662.56,18350,18350,04381,5,17
39007000103,39,007,000103,4548,4392,72,51,10,19,4,3237,3155,35,29,6,12,0,1034.89,721.4,18350,18350,04381,5,17
39007000199,39,007,000199,4,4,0,0,0,0,0,4,4,0,0,0,0,0,1.28,0.89,18350,18350,04381,5,17
39007000601,39,007,000601,3387,3123,178,66,7,10,3,2436,2256,131,32,5,10,2,1204.59,759.48,2638,2652,04351,5,17
39007000602,39,007,000602,4034,3901,56,43,4,26,4,3112,3033,28,28,4,18,1,357.14,315.19,2638,70646,04351,5,17
39007000603,39,007,000603,3732,3416,183,87,7,35,4,2698,2542,86,44,3,21,2,309.63,273.26,2638,70646,04351,5,17
39007000699,39,007,000699,0,0,0,0,0,0,0,0,0,0,0,0,0,0,0,0,2638,2652,04351,5,17
39007000701,39,007,000701,3750,2643,857,206,4,13,27,2677,1976,575,108,4,12,2,307.22,271.14,2638,2652,04351,5,17
39007000702,39,007,000702,3176,3099,31,18,1,27,0,2344,2289,25,12,1,17,0,269,237.41,NA,70646,04351,5,17
39007000703,39,007,000703,4101,3478,451,145,7,16,4,2815,2472,263,62,6,10,2,1392,877.64,2638,2652,04351,5,17
39007000704,39,007,000704,4567,4195,211,123,5,25,8,3377,3163,126,69,4,15,0,449,355,2638,2652,04351,5,17
39007001097,39,007,001097,0,0,0,0,0,0,0,0,0,0,0,0,0,0,0,0,NA,77686,04405,5,17
39007001098,39,007,001098,0,0,0,0,0,0,0,0,0,0,0,0,0,0,215,196,NA,85988,04586,5,15
39007001398,39,007,001398,6884,6690,154,13,14,8,5,4934,4790,120,8,9,6,1,375,494,2050,2064,04588,5,17
39007001498,39,007,001498,6160,5873,229,34,14,7,3,4294,4089,164,21,13,6,1,349,362,58856,85988,04586,5,17
39009009726,39,009,009726,4665,4587,64,6,3,4,1,3262,3206,46,4,2,4,0,866,445,30674,77420,04592,4,2
39009009727,39,009,009727,4237,4109,86,26,8,7,1,3199,3101,63,20,8,7,0,404.7,251.31,53886,86982,04444,4,2
39009009728,39,009,009728,3382,3287,57,19,8,11,0,2563,2487,45,16,5,10,0,1060,766,53886,86982,04444,16,2
39009009729,39,009,009729,4302,4168,63,17,17,34,3,3294,3187,50,10,13,32,2,658.86,530.05,76568,2750,04352,4,2
39009009730,39,009,009730,3745,3478,85,55,4,122,1,3134,2896,74,47,4,112,1,626.86,504.3,2736,2750,04352,4,2
39009009731,39,009,009731,13086,11416,648,156,16,836,14,12724,11176,629,138,16,755,10,2545.03,2047.46,2736,2750,04352,4,2
39009009732,39,009,009732,4406,4044,174,44,5,129,10,3326,3064,114,30,4,112,2,665.26,535.2,2736,2750,04352,4,2
39009009733,39,009,009733,3224,2931,108,18,7,155,5,2458,2234,85,13,3,120,3,311,232,2736,2750,04352,4,2
39009009734,39,009,009734,3592,3486,39,26,3,36,2,2682,2606,29,17,3,27,0,339.3,210.69,2736,22414,04352,4,2
39009009735,39,009,009735,3248,2934,228,9,65,4,8,2302,2084,152,5,54,3,4,216,180,1784,1770,04591,4,2
39009009736,39,009,009736,3905,3852,36,4,10,3,0,2823,2786,24,2,9,2,0,254,388,18588,77546,04591,4,2
39009009737,39,009,009737,3624,3539,38,24,9,13,1,2605,2544,24,19,9,8,1,197,203,NA,44590,04590,4,2
39009009738,39,009,009738,4133,4053,28,34,9,7,2,3046,3001,14,19,6,4,2,345,472,1042,42420,04590,4,2
39011000401,39,011,000401,3830,3789,5,24,7,1,4,2737,2713,3,14,6,1,0,183,432,82390,78204,04597,20,8
39011000402,39,011,000402,4085,4014,18,41,0,11,1,2951,2910,9,27,0,5,0,482.41,942.77,19400,22722,04498,20,8
39011000403,39,011,000403,4030,3961,2,25,8,30,4,2784,2742,1,13,6,20,2,455.11,889.41,80766,22722,04498,20,8
39011000404,39,011,000404,6081,5992,4,43,8,34,0,4438,4385,3,23,7,20,0,725.49,1417.82,80766,22722,04498,20,8
39011000405,39,011,000405,4234,4198,6,13,3,14,0,2907,2888,4,5,3,7,0,121,300,9974,44618,04472,20,8
39011000406,39,011,000406,4132,4075,8,21,4,21,3,2900,2861,8,14,3,13,1,502.87,853.44,69680,69694,04472,20,12
39011000407,39,011,000407,7428,7331,4,43,4,44,2,5364,5300,3,24,3,33,1,930.13,1578.56,69680,69694,04472,20,12
39011000409,39,011,000409,3400,3369,12,12,5,2,0,2322,2299,8,9,4,2,0,421,910,54194,29848,04595,20,12
39011000410,39,011,000410,3415,3402,0,7,1,5,0,2405,2396,0,4,1,4,0,542,923,50918,37674,04594,20,12
39011000411,39,011,000411,3950,3927,6,14,0,3,0,2733,2723,3,5,0,2,0,142,337,54838,81074,04498,20,8
39013000101,39,013,000101,4856,4694,111,26,12,5,8,3777,3671,75,17,10,4,0,1698.75,778.55,8560,61378,04523,12,19
39013000102,39,013,000102,4333,4127,179,13,6,6,2,3412,3269,129,6,4,4,0,698.06,320.29,8560,61378,04523,12,19
39013000103,39,013,000103,3673,3653,8,9,2,1,0,2820,2806,4,8,1,1,0,576.94,264.71,NA,16602,04434,12,19
39013000106,39,013,000106,3659,3594,38,9,10,6,2,2692,2654,22,5,6,5,0,451,324,35924,27566,04601,12,19
39013000107,39,013,000107,2363,2347,13,0,2,1,0,1757,1746,8,0,2,1,0,41,68,52346,78218,04601,12,19
39013000109,39,013,000109,6599,6521,46,10,7,15,0,4913,4857,34,6,6,10,0,1040,1010,3926,80864,04520,12,19
39013000110,39,013,000110,5008,4952,25,22,6,3,0,3710,3663,24,14,6,3,0,144,130,64542,86996,04865,12,19
39013000112,39,013,000112,3666,3653,3,7,2,1,0,2650,2641,2,4,2,1,0,315,213,NA,72736,04601,12,19
39013000113,39,013,000113,4321,4305,7,6,1,2,0,3491,3476,7,5,1,2,0,1828,989,71640,48580,04600,12,19
39013000114,39,013,000114,4882,4829,30,15,8,0,0,3646,3611,20,9,6,0,0,1391.1,565.48,53788,64962,04357,12,19
39013000115,39,013,000115,1855,1831,18,5,1,0,0,1461,1443,14,4,0,0,0,557.43,226.59,5074,64962,04357,12,19
39013000116,39,013,000116,1899,1749,137,6,0,4,3,1492,1385,97,5,0,4,1,569.26,231.4,5074,64962,04357,12,19
39013000117,39,013,000117,2274,2073,176,12,1,3,9,1712,1577,126,7,1,1,0,653.2,265.52,5074,64962,04357,12,19
39013000119,39,013,000119,3433,3352,71,7,1,2,0,2648,2591,49,5,1,2,0,1190.97,545.83,48104,61378,04434,12,19
39013000120,39,013,000120,3415,3211,164,23,5,6,6,2550,2427,100,14,3,5,1,1146.89,525.63,48104,61378,04434,12,19
39013000121,39,013,000121,1260,1201,54,4,0,1,0,1077,1033,40,4,0,0,0,484.39,222,48104,61378,04434,12,19
39013000122,39,013,000122,3228,3202,9,4,2,11,0,2463,2441,8,4,2,8,0,715.6,673.16,NA,66628,04599,12,19
39013000123,39,013,000123,4007,3945,26,8,7,21,0,3165,3121,19,7,4,14,0,919.56,865.02,69526,66628,04599,12,19
39013000124,39,013,000124,4083,3871,171,7,0,33,1,3135,2979,128,6,0,22,0,910.84,856.82,69526,66628,04599,12,19
39013010802,39,013,010802,2260,2247,4,1,2,6,0,1657,1649,2,1,2,3,0,528,548,5312,30968,04601,12,19
39015009512,39,015,009512,7004,6948,23,17,11,5,0,4854,4816,17,11,9,1,0,431,648,26796,61770,04604,2,7
39015009513,39,015,009513,5134,5113,10,6,3,2,0,3617,3601,8,4,3,1,0,227,367,52906,62596,04606,2,7
39015009514,39,015,009514,3796,3751,32,2,1,10,0,2638,2609,21,0,1,7,0,178,216,70534,81102,04603,2,7
39015009515,39,015,009515,3699,3647,44,4,1,2,1,2641,2603,33,2,1,2,0,156,168,69316,37688,04603,16,7
39015009516,39,015,009516,3542,3509,22,7,1,3,0,2598,2573,17,4,1,3,0,364,466,142,36834,04607,2,7
39015009517,39,015,009517,2748,2589,156,1,1,0,1,2044,1919,123,1,1,0,0,501,566,67272,78232,04607,2,7
39015009518,39,015,009518,4388,4269,101,9,5,3,1,3268,3196,60,5,4,3,0,883,1139,29778,63212,04537,2,7
39015009519,39,015,009519,4655,4625,17,3,5,5,0,3294,3271,14,1,3,5,0,283,286,35168,42910,04606,2,7
39017000001,39,017,000001,4853,4786,54,7,3,3,0,3776,3728,39,5,1,3,0,633.67,941.3,33012,33012,04410,18,12
39017000002,39,017,000002,5075,4983,53,26,4,8,1,3641,3585,30,16,3,7,0,611.02,907.64,33012,33012,04410,18,12
39017000003,39,017,000003,3795,1100,2657,25,8,3,2,2326,677,1629,12,7,1,0,390.34,579.84,33012,33012,04410,18,12
39017000004,39,017,000004,4858,3867,929,22,13,17,10,3280,2643,603,11,10,12,1,550.43,817.65,33012,33012,04410,18,12
39017000005,39,017,000005,5125,4952,113,38,8,10,4,3762,3636,86,24,7,8,1,631.32,937.81,33012,33012,04410,18,12
39017000006,39,017,000006,5766,5663,40,32,3,27,1,4037,3963,33,21,3,17,0,677.47,1006.36,33012,33012,04410,18,12
39017000008,39,017,000008,2250,2173,48,12,5,10,2,1529,1478,32,6,5,8,0,256.59,381.16,33012,33012,04410,18,12
39017000009,39,017,000009,3673,3587,21,24,11,26,4,2569,2518,13,16,9,13,0,431.12,640.41,33012,33012,04410,18,12
39017000011,39,017,000011,4335,4288,18,13,3,13,0,3139,3108,12,8,3,8,0,526.77,782.5,33012,33012,04410,18,12
39017000012,39,017,000012,6863,6676,113,37,4,28,5,5029,4932,58,16,4,19,0,843.94,1253.65,33012,33012,04410,18,12
39017000013,39,017,000013,4016,3823,138,20,3,29,3,3083,2969,76,15,1,22,0,517.37,768.54,33012,33012,04410,18,12
39017000014,39,017,000014,3174,3106,29,14,7,18,0,2450,2404,18,9,5,14,0,245.58,529.62,33012,33012,04410,18,12
39017000103,39,017,000103,6514,6452,25,12,17,6,2,4793,4752,17,7,11,4,2,368,628,72998,50162,04615,18,12
39017000105,39,017,000105,2711,2506,202,1,0,2,0,1902,1753,147,1,0,1,0,333.68,505.9,55104,69498,04613,18,12
39017000106,39,017,000106,3896,3845,31,6,9,3,2,2869,2826,27,4,9,2,1,503.32,763.1,71444,69498,04613,18,12
39017000107,39,017,000107,6882,6818,20,27,5,10,2,5104,5057,16,18,4,9,0,890,2040,50540,33250,04615,18,12
39017000108,39,017,000108,6221,6164,8,35,7,7,0,4364,4331,5,21,4,3,0,437.42,943.38,68602,68616,04614,18,12
39017000112,39,017,000112,4599,4549,16,20,8,6,0,3552,3512,15,13,7,5,0,443.64,812.68,51310,42672,04440,18,12
39017000113,39,017,000113,2842,2789,50,3,0,0,0,2071,2024,44,3,0,0,0,258.66,473.83,49840,42672,04440,18,12
39017000119,39,017,000119,1079,1051,21,0,7,0,0,798,778,19,0,1,0,0,92.89,172.3,NA,46340,04612,18,12
39017000120,39,017,000120,2345,2320,17,3,3,2,0,1746,1726,13,3,3,1,0,203.25,376.98,NA,46340,04612,18,12
39017000121,39,017,000121,3837,3796,13,17,6,4,1,2817,2785,12,11,6,3,0,327.92,608.22,NA,46340,04612,18,12
39017000122,39,017,000122,4525,4420,70,21,6,8,0,3268,3201,40,15,6,6,0,504.75,751.31,49840,49840,04440,18,12
39017000123,39,017,000123,2404,2375,12,8,2,7,0,1843,1824,8,5,2,4,0,284.66,423.7,49840,49840,04440,18,12
39017000124,39,017,000124,2109,2052,28,4,1,24,0,1642,1603,21,3,1,14,0,253.61,377.49,49840,49840,04440,18,12
39017000125,39,017,000125,4507,4323,123,31,1,29,0,3463,3334,86,23,1,19,0,534.87,796.14,49840,49840,04440,18,12
39017000126,39,017,000126,2602,2572,18,3,0,8,1,2031,2004,16,2,0,8,1,313.7,466.92,49840,49840,04440,18,12
39017000127,39,017,000127,3205,3159,19,9,5,11,2,2477,2452,8,7,4,6,0,382.58,569.46,49840,49840,04440,18,12
39017000128,39,017,000128,1443,1378,50,2,4,1,8,1086,1048,31,2,3,1,1,167.74,249.67,49840,49840,04440,18,12
39017000129,39,017,000129,645,584,52,3,0,5,1,590,534,49,2,0,4,1,91.13,135.64,49840,49840,04440,18,12
39017000130,39,017,000130,2056,934,1094,20,5,1,2,1529,714,798,11,5,1,0,236.16,351.52,49840,49840,04440,18,12
39017000131,39,017,000131,2883,1339,1504,21,11,5,3,1916,870,1022,12,9,3,0,295.93,440.49,49840,49840,04440,18,12
39017000132,39,017,000132,3958,3809,115,21,10,2,1,2767,2684,60,15,6,2,0,427.37,636.13,49840,49840,04440,18,12
39017000133,39,017,000133,2385,2341,35,6,0,3,0,1842,1812,21,6,0,3,0,284.5,423.47,49840,49840,04440,18,12
39017000134,39,017,000134,2577,2412,128,13,0,22,2,2120,1996,96,9,0,19,0,327.44,487.39,49840,49840,04440,18,12
39017000135,39,017,000135,2562,2538,15,7,2,0,0,1907,1890,10,5,2,0,0,294.54,438.42,49840,49840,04440,18,12
39017000136,39,017,000136,4837,4278,493,24,4,36,2,3576,3249,285,14,2,26,0,552.33,822.12,49840,49840,04440,18,12
39017000137,39,017,000137,1155,1075,54,6,7,13,0,785,735,32,3,3,12,0,121.25,180.47,49840,49840,04440,18,12
39017000138,39,017,000138,1133,1039,86,5,0,3,0,838,773,60,3,0,2,0,129.43,192.66,49840,49840,04440,18,12
39017000139,39,017,000139,3515,3483,4,11,7,10,0,2456,2435,1,7,6,7,0,306.75,561.92,73510,42672,04440,18,12
39017000140,39,017,000140,2832,1625,1164,14,11,18,0,1777,1045,715,6,8,3,0,221.94,406.57,49840,42672,04440,18,12
39017000701,39,017,000701,511,420,84,1,2,3,1,461,376,78,1,2,3,1,77.36,114.92,33012,33012,04410,18,12
39017000702,39,017,000702,833,789,34,8,2,0,0,579,544,29,5,1,0,0,97.17,144.34,33012,33012,04410,18,12
39017001001,39,017,001001,3648,3568,55,7,12,4,2,2812,2760,33,6,8,4,1,471.9,700.99,33012,33012,04410,18,12
39017001002,39,017,001002,3973,3821,93,33,7,19,0,3075,2974,64,21,5,11,0,516.03,766.55,33012,33012,04410,18,12
39017010101,39,017,010101,6857,6415,294,48,10,84,6,6379,6027,229,43,8,71,1,832.63,929.56,59234,59241,04615,18,12
39017010102,39,017,010102,2572,2338,138,12,10,70,4,1838,1678,93,7,10,50,0,239.91,267.84,59234,59241,04615,18,12
39017010103,39,017,010103,4967,4666,167,42,4,84,4,4104,3872,136,29,2,63,2,535.68,598.05,59234,59241,04615,18,12
39017010104,39,017,010104,5239,4812,190,36,3,198,0,5184,4782,186,35,3,178,0,676.65,755.43,59234,59241,04615,18,12
39017010201,39,017,010201,2050,1896,77,16,1,59,1,2039,1887,75,16,1,59,1,266.14,297.13,59234,59241,04615,18,12
39017010202,39,017,010202,3928,3874,32,8,2,10,2,2835,2795,26,3,1,10,0,336,652,16700,66096,04615,18,12
39017010203,39,017,010203,4972,4927,9,18,8,10,0,3369,3338,8,11,5,7,0,429,1170,NA,52080,04614,18,12
39017010901,39,017,010901,4753,4622,92,17,2,15,5,3642,3570,45,15,2,10,0,514.75,1192.8,25970,25984,04610,18,12
39017010902,39,017,010902,6794,6573,124,35,4,57,1,4760,4602,92,23,2,41,0,672.76,1558.96,25970,25984,04610,18,12
39017010903,39,017,010903,6215,5904,120,47,9,135,0,4304,4093,78,33,7,93,0,608.31,1409.61,25970,25984,04610,18,12
39017010904,39,017,010904,4112,4015,64,14,1,16,2,3131,3070,40,9,1,11,0,442.52,1025.44,25970,25984,04610,18,12
39017010906,39,017,010906,6484,5959,329,50,15,130,1,4868,4505,228,38,13,84,0,688.02,1594.33,25970,25984,04610,18,12
39017010907,39,017,010907,3062,2870,83,36,4,67,2,2101,1982,51,21,4,43,0,296.95,688.1,25970,25984,04610,18,12
39017010908,39,017,010908,4729,4328,258,56,6,80,1,3707,3424,178,39,6,59,1,523.93,1214.09,25970,25984,04610,18,12
39017010909,39,017,010909,3663,3353,226,35,3,45,1,3136,2905,163,29,3,35,1,443.23,1027.08,25970,25984,04610,18,12
39017011001,39,017,011001,5765,5644,68,10,8,35,0,4061,3972,57,5,4,23,0,681.5,1012.34,33012,25984,04610,18,12
39017011002,39,017,011002,4460,4416,24,5,4,11,0,3223,3194,16,3,2,8,0,455.53,1055.57,33012,25984,04610,18,12
39017011101,39,017,011101,4633,4549,39,27,4,12,2,3225,3173,24,15,4,9,0,379.06,1043.37,NA,43050,04611,18,12
39017011102,39,017,011102,10435,9761,256,62,4,348,4,7022,6594,170,38,4,216,0,751.51,2293.41,NA,78246,04611,18,12
39017011104,39,017,011104,7569,7170,83,56,2,256,2,5184,4939,54,34,2,154,1,554.81,1693.11,71892,78246,04611,18,12
39017011106,39,017,011106,4014,3916,41,17,1,39,0,2722,2665,21,10,1,25,0,319.94,880.63,NA,43050,04611,18,12
39017011107,39,017,011107,2029,1803,170,18,8,28,2,1556,1415,110,11,4,16,0,166.53,508.2,25970,78246,04611,18,12
39017011108,39,017,011108,4346,4132,91,40,2,80,1,2960,2818,64,28,2,48,0,316.79,966.75,4840,78246,04611,18,12
39017011109,39,017,011109,4712,4546,62,29,2,73,0,3395,3289,44,19,2,41,0,363.34,1108.82,4840,78246,04611,18,12
39017011110,39,017,011110,5611,5438,37,20,6,106,4,3959,3855,20,14,6,64,0,423.7,1293.02,NA,78246,04611,18,12
39017011111,39,017,011111,4993,4847,29,22,4,85,6,3563,3462,21,17,3,59,1,381.32,1163.69,NA,78246,04611,18,12
39017011801,39,017,011801,3644,3607,15,15,1,6,0,2594,2568,11,9,1,5,0,700,1320,77322,77322,04609,18,12
39017011802,39,017,011802,3864,3845,5,4,2,8,0,2860,2847,3,2,2,6,0,332.93,617.5,77322,77322,04609,18,12
39019007201,39,019,007201,2910,2873,5,18,13,1,0,1962,1938,4,9,10,1,0,212,281,NA,3030,04527,12,19
39019007202,39,019,007202,3678,3603,11,30,23,11,0,2675,2632,5,19,15,4,0,506.41,578.94,50834,9400,04989,10,19
39019007203,39,019,007203,5124,4981,102,22,13,5,1,3632,3538,73,10,7,4,0,687.59,786.06,46998,9400,04617,10,19
39019007204,39,019,007204,3753,3728,2,12,7,4,0,2734,2716,2,9,5,2,0,221,258,46844,51324,04527,12,19
39019007205,39,019,007205,5062,5035,9,7,5,5,1,3929,3907,7,5,5,5,0,715,1092,12280,12896,04527,12,19
39019007206,39,019,007206,3165,3154,1,5,2,3,0,2298,2288,1,5,1,3,0,158,219,NA,42434,04527,12,19
39019007207,39,019,007207,2829,2818,4,5,2,0,0,2039,2032,4,2,1,0,0,204,245,72242,58576,04754,12,19
39021000101,39,021,000101,7417,7313,51,15,21,16,1,5216,5144,39,6,19,8,0,147.81,342.43,56770,69078,04620,17,10
39021000102,39,021,000102,6529,6474,4,25,16,10,0,4713,4675,1,17,12,8,0,435,732,69708,39228,04619,17,10
39021000103,39,021,000103,5634,5438,93,73,9,18,3,4173,4045,73,38,8,9,0,299,554,79072,46760,04619,17,10
39021000104,39,021,000104,3499,3432,16,37,2,6,6,2583,2540,11,27,1,4,0,73.19,169.57,79072,79086,04494,17,10
39021000105,39,021,000105,4442,4229,154,34,4,12,9,3444,3287,113,30,3,10,1,909.78,1734.99,79072,79086,04494,17,10
39021000106,39,021,000106,3675,2948,604,42,12,47,22,2787,2278,434,28,12,27,8,736.22,1404.01,79072,79086,04494,17,10
39021000107,39,021,000107,4823,4730,64,20,4,2,3,3532,3468,47,11,3,2,1,419,624,48706,30982,04548,17,10
39023000001,39,023,000001,984,794,177,12,0,1,0,767,616,147,4,0,0,0,141.28,133.83,74118,74118,04481,17,10
39023000002,39,023,000002,2920,915,1971,11,11,1,11,1956,611,1332,6,5,1,1,360.28,341.3,74118,74118,04481,17,10
39023000003,39,023,000003,2630,2174,402,29,16,5,4,1713,1413,272,15,9,3,1,315.52,298.9,74118,74118,04481,17,10
39023000004,39,023,000004,2626,2430,163,19,8,5,1,1978,1827,130,14,3,4,0,364.33,345.14,74118,74118,04481,17,10
39023000005,39,023,000005,2374,2234,105,19,13,3,0,1635,1533,76,13,10,3,0,301.15,285.29,74118,74118,04481,17,10
39023000006,39,023,000006,2922,2445,449,14,3,9,2,2034,1697,322,6,3,6,0,374.65,354.91,74118,74118,04481,17,10
39023000007,39,023,000007,3368,3131,131,48,4,52,2,3102,2892,117,42,2,48,1,571.36,541.26,74118,74118,04481,17,10
39023000008,39,023,000008,4165,4030,86,31,6,11,1,2952,2868,55,16,6,7,0,543.74,515.09,74118,74118,04481,17,10
39023000010,39,023,000010,2363,1158,1194,5,0,4,2,1761,866,886,5,0,3,1,402.89,687.45,74118,74118,04481,17,10
39023000012,39,023,000012,5479,3402,2010,31,15,18,3,3652,2373,1245,14,10,10,0,672.67,637.23,74118,74118,04481,17,10
39023000013,39,023,000013,4763,4556,164,20,7,12,4,3572,3466,80,12,5,9,0,657.94,623.27,74118,74118,04481,17,10
39023000014,39,023,000014,4078,3661,378,21,7,8,3,3211,2907,282,13,3,5,1,591.44,560.28,74118,74118,04481,17,10
39023000015,39,023,000015,4663,4611,24,13,8,7,0,3505,3474,13,6,8,4,0,645.59,611.58,74118,74118,04481,17,10
39023000016,39,023,000016,4014,3900,87,14,3,10,0,3102,3030,53,7,3,9,0,709.68,1210.93,74118,74119,04628,17,10
39023000017,39,023,000017,2944,2601,271,35,5,24,8,2068,1881,153,17,2,15,0,380.91,360.84,74118,74118,04481,17,10
39023000018,39,023,000018,3864,3663,166,18,1,15,1,2966,2815,130,13,1,7,0,546.31,517.53,74118,74118,04481,17,10
39023000019,39,023,000019,3075,3012,37,4,0,21,1,2485,2448,22,3,0,12,0,457.72,433.6,74118,74118,04481,17,10
39023000020,39,023,000020,2207,2180,6,6,3,12,0,1660,1640,5,5,3,7,0,379.78,648.02,NA,74119,04628,17,10
39023000021,39,023,000021,1863,1761,91,3,2,4,2,1454,1373,73,2,2,2,2,332.65,567.6,74118,74119,04628,17,10
39023000022,39,023,000022,4432,4287,107,25,5,7,1,3311,3201,83,18,5,4,0,609.86,577.73,74118,74119,04628,17,10
39023000025,39,023,000025,3366,3303,26,17,2,15,3,2706,2657,24,14,2,9,0,493.47,805.68,42210,29862,04626,17,10
39023000028,39,023,000028,4016,3928,8,60,7,12,1,3032,2965,5,45,6,10,1,617.75,860.98,22288,6054,04624,17,10
39023000030,39,023,000030,58,54,4,0,0,0,0,42,39,3,0,0,0,0,6.48,11.72,25452,46788,04623,17,10
39023000032,39,023,000032,2861,2713,126,10,5,6,1,2135,2021,98,8,5,2,1,383,646,16056,31703,04627,17,10
39023000901,39,023,000901,3770,3174,544,32,12,4,4,2569,2230,312,15,9,3,0,473.19,448.26,74118,74118,04481,17,10
39023000902,39,023,000902,1067,289,768,6,3,0,1,741,183,554,3,1,0,0,136.49,129.3,74118,74118,04481,17,10
39023001101,39,023,001101,1913,698,1189,15,5,3,3,1242,476,748,9,5,2,2,228.77,216.71,74118,74118,04481,17,10
39023001102,39,023,001102,3416,1709,1639,30,12,13,13,2470,1308,1125,15,7,9,6,454.96,430.98,74118,74118,04481,17,10
39023002301,39,023,002301,2700,2677,1,16,4,1,1,1957,1940,1,12,2,1,1,375,547,12560,63226,04625,17,10
39023002302,39,023,002302,3516,3453,26,20,3,14,0,2540,2500,12,15,3,10,0,528.6,835.36,56938,51912,04625,17,10
39023002401,39,023,002401,6810,6678,75,30,4,23,0,5475,5371,61,25,3,15,0,1139.4,1800.64,56938,51912,04625,17,10
39023002402,39,023,002402,7234,6732,344,36,9,113,0,5754,5405,233,27,8,81,0,1059.84,1004,74118,74118,04481,17,10
39023002601,39,023,002601,3746,3709,1,25,6,5,0,2680,2659,1,13,4,3,0,211.45,405.55,56588,62610,04626,17,10
39023002602,39,023,002602,4028,3977,17,27,1,3,3,2997,2963,11,17,1,3,2,546.53,892.32,77308,29862,04626,17,10
39023002701,39,023,002701,3565,3493,3,27,15,27,0,2415,2374,0,14,8,19,0,190.55,365.45,54334,6054,04624,17,10
39023002702,39,023,002702,2749,2708,2,23,4,11,1,2164,2137,2,13,3,8,1,440.9,614.5,54334,6054,04624,17,10
39023002901,39,023,002901,4078,4004,18,28,11,16,1,2841,2797,11,13,10,10,0,578.83,806.74,59920,6054,04624,17,10
39023002902,39,023,002902,5283,5163,15,46,30,29,0,3880,3807,10,25,21,17,0,790.52,1101.78,19596,6054,04624,17,10
39023003001,39,023,003001,3015,2895,29,39,6,46,0,2237,2160,21,23,4,29,0,345.3,624.23,35868,46788,04623,17,10
39023003002,39,023,003002,3627,3562,20,25,11,8,1,2753,2710,17,15,8,3,0,424.95,768.22,NA,46788,04623,17,10
39023003101,39,023,003101,2793,2708,16,38,2,29,0,2052,1997,10,21,2,22,0,316.75,572.61,32207,46788,04623,17,10
39023003102,39,023,003102,2326,2279,1,25,4,16,1,1746,1718,1,13,3,11,0,269.51,487.22,25452,46788,04623,17,10
39023003301,39,023,003301,3391,3349,20,15,3,4,0,2496,2468,13,10,3,2,0,434.3,671.92,73796,33586,04625,17,10
39023003302,39,023,003302,2475,2429,43,2,1,0,0,1807,1775,30,1,1,0,0,285.21,534.52,73124,46354,04627,17,10
39023003498,39,023,003498,4,4,0,0,0,0,0,4,4,0,0,0,0,0,0.7,1.08,NA,33586,04625,9,10
39023003598,39,023,003598,7,7,0,0,0,0,0,5,5,0,0,0,0,0,0.79,1.48,NA,46354,04627,17,10
39025000401,39,025,000401,7210,7117,64,19,5,5,0,4883,4814,49,13,4,3,0,214,449,55664,82110,04632,2,7
39025000403,39,025,000403,6390,6288,34,45,3,19,1,4324,4251,19,38,3,13,0,559.92,1341.52,45108,45108,04427,2,7
39025000405,39,025,000405,5176,5011,95,36,5,25,4,4116,3992,76,22,5,17,4,859,844,50176,50176,04550,2,7
39025000406,39,025,000406,4383,4304,48,18,6,7,0,3173,3114,38,13,4,4,0,410.88,984.42,20366,49322,04550,2,7
39025000408,39,025,000408,5596,5547,10,18,8,10,3,4007,3974,7,14,6,4,2,571,1118,59220,74825,04632,2,7
39025000409,39,025,000409,4789,4732,33,18,5,1,0,3397,3355,24,13,4,1,0,523,850,85288,85302,04636,2,7
39025000410,39,025,000410,4538,4481,33,8,7,6,3,3276,3231,27,6,7,5,0,355.73,705.97,4150,4157,04630,2,7
39025000411,39,025,000411,9136,8872,182,54,10,17,1,6274,6098,127,29,7,12,1,681.27,1352.03,4150,4157,04630,2,7
39025000412,39,025,000412,5284,5208,34,18,6,17,1,3916,3860,24,12,6,13,1,481.13,943.43,86254,78288,04635,2,7
39025000415,39,025,000415,9589,9453,17,65,12,42,0,6965,6878,10,41,12,24,0,912,1794,86254,62540,04635,2,7
39025000416,39,025,000416,5310,5166,114,18,7,5,0,3589,3486,80,11,7,5,0,487,794,55384,57960,04555,2,7
39025000417,39,025,000417,7767,7683,19,41,16,5,3,5124,5075,13,21,11,4,0,572,951,NA,51338,04555,2,7
39025000418,39,025,000418,3249,3233,2,2,7,5,0,2333,2320,2,2,4,5,0,311.04,587,6068,76155,04631,2,7
39025000419,39,025,000419,5150,5118,1,22,3,4,2,3585,3566,1,12,3,2,1,477.96,902,6068,76155,04631,2,7
39025000420,39,025,000420,6239,6140,34,36,21,8,0,4142,4083,19,16,18,6,0,372,492,26880,28224,04633,2,7
39025040201,39,025,040201,10632,10509,54,26,20,19,4,7366,7295,34,13,11,13,0,909.59,1754.09,NA,31010,04634,2,7
39025040202,39,025,040202,2033,2026,2,2,0,3,0,1461,1455,2,1,0,3,0,180.41,347.91,NA,31010,04634,2,7
39025040401,39,025,040401,3596,3444,125,12,2,11,2,2507,2437,54,10,2,4,0,324.63,777.79,50176,49322,04550,2,7
39025040402,39,025,040402,6234,6108,44,36,10,35,1,4670,4581,38,25,5,21,0,604.72,1448.86,53270,49322,04550,2,7
39025040701,39,025,040701,6113,5955,83,49,12,14,0,4412,4319,46,33,9,5,0,571.31,1368.82,53032,49322,04550,2,7
39025040702,39,025,040702,3680,3592,53,7,18,10,0,2429,2377,31,4,10,7,0,314.53,753.59,53032,49322,04550,2,7
39025041301,39,025,041301,8017,7852,53,45,7,54,6,5454,5342,38,29,6,37,2,670.1,1313.96,NA,78288,04635,2,7
39025041302,39,025,041302,5531,5415,37,32,1,45,1,4418,4337,32,18,1,30,0,542.81,1064.37,NA,78288,04635,2,7
39025041401,39,025,041401,6891,6769,49,30,6,36,1,4773,4698,28,20,5,22,0,586.43,1149.89,75434,78288,04635,2,7
39025041402,39,025,041402,7654,7471,54,64,17,47,1,5547,5435,26,40,10,35,1,681.53,1336.36,52612,78288,04635,2,7
39027009943,39,027,009943,3667,3632,15,12,1,7,0,2670,2647,13,6,0,4,0,322,638,69400,66642,04640,16,2
39027009944,39,027,009944,3604,3575,13,10,1,3,2,2579,2558,9,6,1,3,2,297.46,538.49,64360,43064,04511,16,2
39027009945,39,027,009945,4484,4244,187,6,5,36,6,3293,3146,118,3,4,19,3,379.81,687.58,85792,78302,04511,16,2
39027009946,39,027,009946,3763,3535,168,23,14,22,1,3046,2874,125,17,9,20,1,351.32,636,85792,78302,04511,16,2
39027009947,39,027,009947,4640,4273,297,18,12,38,2,3333,3095,196,9,6,27,0,384.42,695.93,85792,78302,04511,16,2
39027009948,39,027,009948,3626,3587,8,13,3,13,2,2576,2551,8,9,2,5,1,220,366,15406,79772,04639,16,2
39027009949,39,027,009949,4865,4825,5,22,6,7,0,3464,3433,5,17,3,6,0,484,923,6908,47670,04638,16,2
39027009950,39,027,009950,3494,3456,11,6,12,7,2,2440,2415,6,3,9,5,2,124,208,48118,38542,04511,16,2
39027009951,39,027,009951,3272,3246,9,12,0,5,0,2336,2317,7,8,0,4,0,227,457,55748,31710,04640,16,2
39029009501,39,029,009501,5169,5126,11,25,5,2,0,3808,3781,6,17,3,1,0,864.04,808.24,23940,78890,04392,12,18
39029009502,39,029,009502,4216,4200,0,12,1,3,0,3172,3162,0,6,1,3,0,681.57,893.22,17036,25998,04532,12,18
39029009503,39,029,009503,5161,5130,6,15,5,4,1,3902,3885,4,7,4,2,0,838.43,1098.78,42560,69848,10007,12,18
39029009504,39,029,009504,4307,4287,5,6,3,6,0,3004,2989,5,2,3,5,0,1060,946,42560,69848,10007,12,18
39029009505,39,029,009505,6347,6254,30,34,5,24,0,4909,4838,23,27,3,18,0,1232.66,1238.85,69834,61798,10006,12,18
39029009506,39,029,009506,4886,4816,16,31,6,12,5,3788,3741,12,22,4,9,0,951.18,955.95,69834,61798,10006,12,18
39029009507,39,029,009507,5582,5513,32,10,4,22,1,3999,3950,22,7,3,17,0,1004.16,1009.2,69834,61798,10006,12,18
39029009508,39,029,009508,4218,4193,6,18,0,1,0,3096,3080,3,12,0,1,0,426,851,NA,10562,04838,12,18
39029009509,39,029,009509,3979,3948,13,10,0,5,3,2844,2827,9,4,0,4,0,618.48,988.57,NA,40824,04838,11,18
39029009510,39,029,009510,5613,5566,5,21,15,5,1,3917,3887,3,12,9,5,1,371,581,33306,82852,04989,11,18
39029009511,39,029,009511,4836,4742,58,9,7,17,3,3577,3515,38,5,6,12,1,1031,1148,44030,12910,04545,12,18
39029009512,39,029,009512,4478,4413,20,20,23,1,1,3199,3150,16,12,19,1,1,131,170,70100,81158,04644,12,18
39029009513,39,029,009513,4060,3997,46,2,14,1,0,2943,2899,33,2,8,1,0,143,131,82740,46368,04644,12,18
39029009514,39,029,009514,5411,5359,8,30,8,4,2,3796,3764,5,16,7,4,0,359,393,68084,24906,04642,12,18
39029009515,39,029,009515,5192,5143,5,36,6,2,0,3768,3741,2,19,4,2,0,854.96,799.76,23940,78890,04392,12,18
39029009516,39,029,009516,4693,4625,20,19,3,26,0,3395,3355,13,9,2,16,0,512,522,10926,69512,04642,12,18
39029009517,39,029,009517,5660,5559,67,8,9,14,3,4199,4134,46,3,8,8,0,651,492,30520,46368,04642,12,18
39029009518,39,029,009518,4192,3816,341,7,12,11,5,3051,2794,237,6,7,7,0,1103,465,82740,82740,04503,12,18
39029009519,39,029,009519,4231,4144,53,23,4,7,0,3098,3041,35,13,4,5,0,501.44,422.95,23730,23730,04391,12,18
39029009520,39,029,009520,3377,3305,39,6,14,13,0,2586,2538,29,3,7,9,0,418.56,353.05,23730,23730,04391,12,18
39029009521,39,029,009521,2125,2068,37,7,6,7,0,1602,1563,27,3,4,5,0,694.91,418.27,23730,23730,04391,12,18
39029009522,39,029,009522,2792,2408,362,15,5,0,2,2046,1776,260,7,3,0,0,887.5,534.2,23730,23730,04391,12,18
39029009523,39,029,009523,3455,3278,138,29,0,9,1,2392,2290,77,17,0,8,0,1037.59,624.53,23730,23730,04391,12,18
39029009524,39,029,009524,4262,4133,88,12,10,19,0,3350,3251,70,10,8,11,0,1566,1322,23730,44226,04391,12,18
39029952598,39,029,952598,34,34,0,0,0,0,0,30,30,0,0,0,0,0,6.52,10.43,NA,40824,04349,11,18
39031009909,39,031,009909,3690,3646,4,17,11,12,0,2520,2495,3,9,6,7,0,153,201,3744,84714,04647,12,19
39031009910,39,031,009910,4058,3914,132,6,2,4,0,2791,2692,94,1,2,2,0,170,235,81032,6152,04648,12,19
39031009911,39,031,009911,3272,3234,10,8,17,3,0,2338,2316,7,5,7,3,0,49,108,53816,38556,04648,12,19
39031009912,39,031,009912,3177,3161,2,6,4,4,0,2265,2253,2,3,4,3,0,210,258,18266,28252,04648,12,19
39031009913,39,031,009913,4124,4048,45,18,6,3,4,2988,2938,33,9,5,3,0,144.19,200.94,18868,18868,04648,12,19
39031009914,39,031,009914,3688,3566,92,18,7,5,0,2752,2668,61,13,6,4,0,132.81,185.06,18868,18868,04382,12,19
39031009915,39,031,009915,2801,2678,77,9,9,28,0,2057,1980,44,7,7,19,0,1005.19,1205,18868,18868,04382,12,19
39031009916,39,031,009916,2519,2471,22,9,1,16,0,1958,1924,16,4,1,13,0,956.81,1147,18868,18868,04382,12,19
39031009917,39,031,009917,3116,3057,23,0,0,35,1,2369,2330,16,0,0,23,0,238,215,18868,18868,04382,12,19
39031009918,39,031,009918,4982,4948,7,15,10,2,0,3710,3684,7,10,7,2,0,192,256,83608,41132,04647,12,19
39033009741,39,033,009741,3914,3875,2,23,6,8,0,2800,2779,1,13,4,3,0,198,569,55776,19134,04650,20,8
39033009742,39,033,009742,4422,4408,8,3,3,0,0,3128,3121,2,2,3,0,0,152,453,NA,35980,04652,20,8
39033009743,39,033,009743,2741,2676,31,16,5,13,0,2094,2056,17,10,3,8,0,103,276,10030,10030,04368,20,8
39033009744,39,033,009744,4129,4063,13,20,12,21,0,3027,2979,8,15,12,13,0,661.92,1232.95,10030,10030,04368,20,8
39033009745,39,033,009745,5012,4955,10,29,10,8,0,3668,3635,7,13,8,5,0,802.08,1494.05,10030,10030,04368,20,8
39033009746,39,033,009746,2767,2721,23,15,4,4,0,2056,2030,14,8,0,4,0,304,696,10030,10030,04368,20,8
39033009747,39,033,009747,4246,4227,3,9,1,6,0,3061,3045,2,8,1,5,0,187,488,56994,43078,04651,20,8
39033009748,39,033,009748,2418,2326,63,10,1,17,1,1742,1687,38,6,0,11,0,96,189,19330,37744,10008,20,8
39033009749,39,033,009749,3574,3459,86,13,6,7,3,2662,2580,63,8,6,4,1,809,843,19330,37744,10008,20,8
39033009750,39,033,009750,3981,3935,2,25,5,13,1,3091,3055,1,22,3,10,0,129.68,244.94,29162,29162,04402,20,8
39033009751,39,033,009751,3798,3741,11,36,3,6,1,2700,2661,5,27,3,4,0,1502,2001,29162,29162,04402,20,8
39033009752,39,033,009752,2813,2797,0,8,4,4,0,2177,2166,0,6,2,3,0,91.33,172.51,29162,64010,04402,20,8
39033009753,39,033,009753,4055,4005,0,39,6,4,1,2884,2852,0,23,5,4,0,120.99,228.54,29162,29162,04402,20,8
39035000000,39,035,000000,0,0,0,0,0,0,0,0,0,0,0,0,0,0,0,0,NA,NA,99998,13,13
39035001012,39,035,001012,3218,2315,293,376,30,198,6,2441,1872,182,248,19,119,1,711.93,223.16,16000,16000,04378,15,6
39035001013,39,035,001013,2061,1700,211,112,8,24,6,1693,1442,164,60,5,20,2,493.77,154.78,16000,16000,04378,15,6
39035001014,39,035,001014,2262,2075,31,132,4,20,0,1647,1546,17,69,4,11,0,480.35,150.57,16000,16000,04378,15,6
39035001015,39,035,001015,2896,2447,110,241,18,73,7,2066,1804,62,136,10,52,2,602.56,188.88,16000,16000,04378,15,6
39035001016,39,035,001016,2648,2175,96,268,20,87,2,1804,1537,51,146,12,57,1,526.14,164.92,16000,16000,04378,15,6
39035001017,39,035,001017,3068,2313,206,372,57,120,0,2053,1668,85,206,32,62,0,598.77,187.69,16000,16000,04378,15,6
39035001018,39,035,001018,3212,2473,194,421,17,100,7,2161,1756,103,224,12,65,1,630.26,197.56,16000,16000,04378,15,6
39035001019,39,035,001019,2044,1525,62,356,17,84,0,1364,1077,31,199,15,42,0,397.82,124.7,16000,16000,04378,15,6
39035001022,39,035,001022,2921,2619,47,181,9,57,8,2224,2035,29,115,5,37,3,648.64,203.32,16000,16000,04378,15,6
39035001023,39,035,001023,2450,2116,35,231,11,56,1,1761,1564,22,130,10,34,1,513.6,160.99,16000,16000,04378,15,6
39035001025,39,035,001025,675,539,18,107,4,6,1,468,388,10,61,4,5,0,136.49,42.79,16000,16000,04378,15,6
39035001026,39,035,001026,1865,1472,45,315,16,4,13,1251,1015,32,179,11,4,10,364.86,114.37,16000,16000,04378,15,6
39035001027,39,035,001027,4329,3556,90,579,15,86,3,2944,2496,54,333,6,54,1,858.63,269.15,16000,16000,04378,15,6
39035001028,39,035,001028,2482,1750,48,615,22,38,9,1630,1239,27,323,14,24,3,475.4,149.02,16000,16000,04378,15,6
39035001029,39,035,001029,2282,1520,32,693,9,23,5,1650,1173,19,433,4,18,3,481.23,150.85,16000,16000,04378,15,6
39035001031,39,035,001031,1276,979,57,150,20,67,3,906,728,36,87,13,40,2,264.24,82.83,16000,16000,04378,15,6
39035001032,39,035,001032,982,745,184,45,2,6,0,825,655,131,31,2,6,0,240.61,75.42,16000,16000,04378,15,6
39035001033,39,035,001033,1303,141,1075,78,8,1,0,804,132,621,46,4,1,0,234.49,73.5,16000,16000,04378,15,13
39035001034,39,035,001034,3724,2368,359,878,16,91,12,2447,1676,205,503,9,51,3,713.68,223.71,16000,16000,04378,15,6
39035001035,39,035,001035,2571,1625,220,696,8,7,15,1763,1197,138,409,7,6,6,514.19,161.18,16000,16000,04378,15,6
39035001036,39,035,001036,1875,1303,267,288,5,10,2,1556,1137,201,203,4,10,1,453.81,142.25,16000,16000,04378,15,6
39035001037,39,035,001037,1071,349,563,154,4,0,1,687,291,315,76,4,0,1,200.37,62.81,16000,16000,04378,15,6
39035001038,39,035,001038,2488,1529,150,755,19,30,5,1617,1072,74,439,12,16,4,471.6,147.83,16000,16000,04378,15,6
39035001039,39,035,001039,2993,1376,177,1418,11,6,5,2004,1031,99,858,7,5,4,584.47,183.21,16000,16000,04378,15,6
39035001041,39,035,001041,1612,929,85,575,13,2,8,1136,697,72,354,6,2,5,331.32,103.86,16000,16000,04378,15,6
39035001042,39,035,001042,1017,783,70,157,0,5,2,733,584,41,103,0,4,1,213.78,67.01,16000,16000,04378,15,6
39035001043,39,035,001043,891,732,57,94,4,1,3,596,510,27,54,4,1,0,173.83,54.49,16000,16000,04378,15,6
39035001044,39,035,001044,618,383,42,181,1,9,2,462,302,34,117,1,6,2,134.74,42.24,16000,16000,04378,15,6
39035001045,39,035,001045,1226,922,139,147,12,6,0,835,661,80,77,11,6,0,243.53,76.34,16000,16000,04378,15,6
39035001046,39,035,001046,1139,629,33,470,2,2,3,775,479,16,276,1,2,1,226.03,70.85,16000,16000,04378,15,6
39035001048,39,035,001048,1941,1240,138,544,16,0,3,1288,891,77,311,8,0,1,375.65,117.75,16000,16000,04378,15,13
39035001049,39,035,001049,3670,2401,215,963,19,60,12,2410,1729,84,543,9,40,5,702.89,220.33,16000,16000,04378,15,6
39035001051,39,035,001051,3076,2634,75,312,6,48,1,2241,1994,41,175,4,26,1,653.6,204.88,16000,16000,04378,15,13
39035001052,39,035,001052,1077,947,6,109,3,8,4,752,668,6,67,3,6,2,219.32,68.75,16000,16000,04378,15,13
39035001053,39,035,001053,3530,2809,52,605,10,50,4,2436,2032,28,345,7,20,4,710.47,222.7,16000,16000,04378,15,6
39035001054,39,035,001054,4191,3482,104,564,24,10,7,2879,2461,57,338,15,6,2,839.67,263.2,16000,16000,04378,15,6
39035001055,39,035,001055,2332,1775,119,391,11,33,3,1642,1304,71,232,7,26,2,478.9,150.11,16000,16000,04378,15,13
39035001057,39,035,001057,4521,4253,98,135,6,29,0,3635,3438,68,101,4,24,0,1060.16,332.32,16000,16000,04378,15,6
39035001059,39,035,001059,3288,3225,15,33,2,13,0,2615,2570,9,26,2,8,0,762.67,239.07,16000,16000,04378,15,6
39035001061,39,035,001061,3824,3640,37,117,0,30,0,3133,3001,24,81,0,27,0,913.75,286.42,16000,16000,04378,15,6
39035001062,39,035,001062,4131,3999,29,65,19,17,2,3264,3188,13,39,13,10,1,951.96,298.4,16000,16000,04378,15,6
39035001063,39,035,001063,3036,2872,18,103,9,31,3,2294,2184,11,64,6,26,3,669.05,209.72,16000,16000,04378,15,6
39035001064,39,035,001064,1082,1036,7,26,2,10,1,816,788,4,16,2,5,1,237.99,74.6,16000,16000,04378,15,6
39035001065,39,035,001065,2752,2607,20,87,4,34,0,2104,2021,13,47,4,19,0,613.64,192.35,16000,16000,04378,15,6
39035001066,39,035,001066,3554,3399,38,78,4,35,0,2758,2648,22,55,4,29,0,804.38,252.14,16000,16000,04378,15,6
39035001068,39,035,001068,3018,2858,33,92,7,28,0,2247,2150,17,58,5,17,0,655.35,205.42,16000,16000,04378,15,6
39035001069,39,035,001069,3950,3818,21,49,3,59,0,3182,3092,7,35,2,46,0,928.04,290.9,16000,16000,04378,15,6
39035001070,39,035,001070,1794,1675,0,45,2,72,0,1368,1296,0,25,2,45,0,398.98,125.06,16000,16000,04378,15,6
39035001071,39,035,001071,1223,386,792,35,9,1,0,1222,385,792,35,9,1,0,356.4,111.72,16000,16000,04378,15,6
39035001072,39,035,001072,215,93,116,6,0,0,0,214,93,115,6,0,0,0,62.41,19.56,16000,16000,04378,15,6
39035001073,39,035,001073,55,37,5,0,0,13,0,51,37,5,0,0,9,0,14.87,4.66,16000,16000,04378,15,6
39035001074,39,035,001074,12,3,9,0,0,0,0,9,3,6,0,0,0,0,2.62,0.82,16000,16000,04378,15,6
39035001075,39,035,001075,269,152,13,14,0,88,2,213,128,9,8,0,67,1,62.12,19.47,16000,16000,04378,15,6
39035001076,39,035,001076,13,12,0,0,0,1,0,13,12,0,0,0,1,0,3.79,1.19,16000,16000,04378,15,13
39035001077,39,035,001077,521,94,416,9,1,1,0,492,92,389,9,1,1,0,143.49,44.98,16000,16000,04378,15,6
39035001078,39,035,001078,2367,1378,832,48,6,101,2,2320,1369,795,48,5,101,2,676.64,212.1,16000,16000,04378,15,6
39035001079,39,035,001079,1041,112,893,30,2,1,3,637,83,537,13,1,1,2,185.78,58.24,16000,16000,04378,1,13
39035001081,39,035,001081,33,22,10,0,1,0,0,30,22,7,0,1,0,0,8.75,2.74,16000,16000,04378,1,13
39035001082,39,035,001082,521,430,15,51,9,15,1,401,355,6,27,2,11,0,116.95,36.66,16000,16000,04378,1,13
39035001083,39,035,001083,1110,511,61,148,0,389,1,889,428,38,102,0,320,1,259.28,81.27,16000,16000,04378,15,13
39035001084,39,035,001084,1398,910,90,218,7,173,0,967,669,47,123,4,124,0,282.03,88.4,16000,16000,04378,1,13
39035001085,39,035,001085,99,65,18,8,1,7,0,79,52,16,5,1,5,0,23.04,7.22,16000,16000,04378,15,13
39035001086,39,035,001086,371,211,132,24,2,2,0,288,172,100,12,2,2,0,84,26.33,16000,16000,04378,1,13
39035001087,39,035,001087,412,98,310,1,0,3,0,354,92,258,1,0,3,0,103.25,32.36,16000,16000,04378,1,13
39035001088,39,035,001088,612,220,386,2,1,3,0,547,217,324,2,1,3,0,159.53,50.01,16000,16000,04378,1,13
39035001089,39,035,001089,1675,4,1663,5,3,0,0,924,3,918,0,3,0,0,269.49,84.47,16000,16000,04378,1,13
39035001091,39,035,001091,0,0,0,0,0,0,0,0,0,0,0,0,0,0,0,0,16000,16000,04378,1,6
39035001092,39,035,001092,242,92,134,8,1,6,1,242,92,134,8,1,6,1,70.58,22.12,16000,16000,04378,1,13
39035001093,39,035,001093,1400,29,1351,10,7,3,0,746,19,714,5,6,2,0,217.57,68.2,16000,16000,04378,1,13
39035001096,39,035,001096,318,16,294,1,6,1,0,309,16,285,1,6,1,0,90.12,28.25,16000,16000,04378,1,13
39035001097,39,035,001097,2898,8,2872,16,0,0,2,1659,5,1646,7,0,0,1,483.85,151.67,16000,16000,04378,1,13
39035001098,39,035,001098,1841,8,1819,2,7,5,0,1045,5,1031,1,6,2,0,304.78,95.54,16000,16000,04378,1,13
39035001099,39,035,001099,0,0,0,0,0,0,0,0,0,0,0,0,0,0,0,0,16000,16000,04378,1,13
39035001101,39,035,001101,0,0,0,0,0,0,0,0,0,0,0,0,0,0,0,0,16000,16000,04378,1,13
39035001102,39,035,001102,2,2,0,0,0,0,0,2,2,0,0,0,0,0,0.58,0.18,16000,16000,04378,15,13
39035001103,39,035,001103,0,0,0,0,0,0,0,0,0,0,0,0,0,0,0,0,16000,16000,04378,1,13
39035001104,39,035,001104,304,271,30,3,0,0,0,207,185,19,3,0,0,0,60.37,18.92,16000,16000,04378,15,13
39035001105,39,035,001105,1127,949,96,64,9,8,1,813,703,59,41,5,5,0,237.11,74.33,16000,16000,04378,15,13
39035001106,39,035,001106,541,485,35,20,1,0,0,359,325,22,11,1,0,0,104.7,32.82,16000,16000,04378,15,6
39035001107,39,035,001107,1127,1113,1,11,1,1,0,872,865,1,4,1,1,0,254.32,79.72,16000,16000,04378,15,6
39035001108,39,035,001108,2131,1845,59,204,10,9,4,1508,1332,29,132,8,5,2,439.81,137.86,16000,16000,04378,15,6
39035001109,39,035,001109,2398,2349,1,41,0,5,2,1849,1821,1,23,0,3,1,539.27,169.04,16000,16000,04378,15,6
39035001111,39,035,001111,705,472,125,65,1,36,6,601,406,121,43,0,28,3,175.28,54.94,16000,16000,04378,1,6
39035001112,39,035,001112,1171,482,555,116,4,12,2,864,399,377,77,4,6,1,251.99,78.99,16000,16000,04378,1,13
39035001113,39,035,001113,585,292,279,3,7,2,2,402,246,148,2,5,1,0,117.24,36.75,16000,16000,04378,1,13
39035001115,39,035,001115,1761,1268,287,193,1,12,0,1321,1038,157,113,1,12,0,385.27,120.77,16000,16000,04378,1,13
39035001116,39,035,001116,2025,978,730,300,3,7,7,1413,792,407,205,3,6,0,412.11,129.18,16000,16000,04378,1,13
39035001117,39,035,001117,2649,1070,1421,141,10,7,0,1721,840,788,81,5,7,0,501.94,157.34,16000,16000,04378,1,13
39035001118,39,035,001118,1605,92,1456,55,2,0,0,1021,75,910,34,2,0,0,297.78,93.34,16000,16000,04378,1,13
39035001121,39,035,001121,1989,37,1905,39,6,0,2,1340,36,1276,25,2,0,1,390.82,122.51,16000,16000,04378,1,13
39035001122,39,035,001122,2239,11,2223,2,0,0,3,1546,9,1534,2,0,0,1,450.9,141.34,16000,16000,04378,1,13
39035001123,39,035,001123,1350,11,1332,7,0,0,0,865,5,855,5,0,0,0,252.28,79.08,16000,16000,04378,1,13
39035001124,39,035,001124,1952,12,1923,2,9,3,3,1376,12,1350,2,9,2,1,401.32,125.8,16000,16000,04378,1,13
39035001125,39,035,001125,1785,50,1709,7,14,5,0,1314,47,1255,2,5,5,0,383.23,120.13,16000,16000,04378,1,13
39035001126,39,035,001126,1816,18,1798,0,0,0,0,1085,16,1069,0,0,0,0,316.44,99.19,16000,16000,04378,1,13
39035001127,39,035,001127,581,14,555,11,0,0,1,417,14,399,4,0,0,0,121.62,38.12,16000,16000,04378,1,13
39035001128,39,035,001128,1253,39,1193,10,8,0,3,984,38,934,7,5,0,0,286.99,89.96,16000,16000,04378,1,13
39035001129,39,035,001129,786,7,767,12,0,0,0,611,3,600,8,0,0,0,178.2,55.86,16000,16000,04378,1,13
39035001131,39,035,001131,777,66,707,4,0,0,0,647,66,577,4,0,0,0,188.7,59.15,16000,16000,04378,1,13
39035001132,39,035,001132,337,2,335,0,0,0,0,298,2,296,0,0,0,0,86.91,27.24,16000,16000,04378,1,13
39035001133,39,035,001133,1437,12,1415,4,5,0,1,1014,9,996,4,4,0,1,295.74,92.7,16000,16000,04378,1,13
39035001134,39,035,001134,1277,9,1264,2,2,0,0,892,9,879,2,2,0,0,260.16,81.55,16000,16000,04378,1,13
39035001135,39,035,001135,2102,12,2080,7,3,0,0,1563,11,1546,3,3,0,0,455.86,142.89,16000,16000,04378,1,13
39035001136,39,035,001136,1925,15,1901,3,0,5,1,1424,13,1405,3,0,3,0,415.32,130.18,16000,16000,04378,1,13
39035001137,39,035,001137,281,2,279,0,0,0,0,219,2,217,0,0,0,0,63.87,20.02,16000,16000,04378,1,13
39035001138,39,035,001138,1843,38,1797,3,1,4,0,1082,36,1040,3,1,2,0,315.57,98.92,16000,16000,04378,1,13
39035001139,39,035,001139,56,1,55,0,0,0,0,28,1,27,0,0,0,0,8.17,2.56,16000,16000,04378,1,13
39035001141,39,035,001141,1062,3,1057,1,1,0,0,736,3,731,1,1,0,0,214.66,67.29,16000,16000,04378,1,13
39035001142,39,035,001142,681,3,668,6,4,0,0,492,1,482,5,4,0,0,143.49,44.98,16000,16000,04378,1,13
39035001143,39,035,001143,2661,9,2635,13,2,2,0,1430,5,1414,9,2,0,0,417.07,130.73,16000,16000,04378,1,13
39035001144,39,035,001144,520,5,511,0,1,3,0,354,5,346,0,1,2,0,103.25,32.36,16000,16000,04378,1,13
39035001145,39,035,001145,883,34,840,1,3,1,4,568,33,529,1,3,1,1,165.66,51.93,16000,16000,04378,1,13
39035001146,39,035,001146,1980,1708,238,22,9,3,0,1398,1266,108,17,6,1,0,407.73,127.81,16000,16000,04378,15,13
39035001147,39,035,001147,1469,4,1453,5,4,3,0,779,2,768,2,4,3,0,227.2,71.22,16000,16000,04378,1,13
39035001148,39,035,001148,963,22,932,5,0,2,2,647,19,622,3,0,1,2,188.7,59.15,16000,16000,04378,1,13
39035001149,39,035,001149,3310,2896,211,178,15,3,7,2398,2163,108,107,13,1,6,699.39,219.23,16000,16000,04378,15,13
39035001151,39,035,001151,1862,1823,3,22,11,3,0,1420,1395,1,14,8,2,0,414.15,129.82,16000,16000,04378,15,6
39035001152,39,035,001152,1259,1236,9,8,1,5,0,1031,1016,7,5,1,2,0,300.7,94.26,16000,16000,04378,15,6
39035001153,39,035,001153,1850,1645,143,45,10,4,3,1332,1235,64,25,6,2,0,388.48,121.77,16000,16000,04378,15,6
39035001154,39,035,001154,2625,2592,3,26,4,0,0,2052,2029,3,16,4,0,0,598.47,187.6,16000,16000,04378,15,6
39035001155,39,035,001155,725,310,402,8,4,0,1,486,233,242,8,3,0,0,141.74,44.43,16000,16000,04378,1,13
39035001157,39,035,001157,1618,1592,13,10,2,1,0,1272,1255,5,9,2,1,0,370.98,116.29,16000,16000,04378,15,6
39035001158,39,035,001158,4351,4095,170,71,7,7,1,3209,3078,77,44,4,5,1,935.92,293.37,16000,16000,04378,15,6
39035001159,39,035,001159,3868,3782,6,65,10,3,2,2878,2827,4,40,5,2,0,839.38,263.11,16000,16000,04378,15,6
39035001161,39,035,001161,1415,7,1401,5,1,0,1,977,5,967,3,1,0,1,284.95,89.32,16000,16000,04378,1,13
39035001162,39,035,001162,1514,8,1489,12,5,0,0,1039,8,1022,5,4,0,0,303.03,94.99,16000,16000,04378,1,13
39035001163,39,035,001163,2689,23,2650,12,1,1,2,1989,22,1955,9,1,1,1,580.1,181.84,16000,16000,04378,1,13
39035001164,39,035,001164,4378,75,4272,23,3,5,0,3136,73,3045,12,3,3,0,914.63,286.7,16000,16000,04378,1,13
39035001165,39,035,001165,4469,97,4336,8,16,3,9,3205,95,3088,5,11,1,5,934.75,293.01,16000,16000,04378,1,13
39035001166,39,035,001166,4521,22,4473,11,5,1,9,3127,17,3094,6,4,1,5,912,285.88,16000,16000,04378,1,13
39035001167,39,035,001167,2806,15,2762,9,3,13,4,2029,12,2000,5,3,7,2,591.77,185.49,16000,16000,04378,1,13
39035001168,39,035,001168,4652,31,4587,14,7,5,8,3261,26,3209,8,5,5,8,951.08,298.13,16000,16000,04378,1,13
39035001169,39,035,001169,3310,52,3236,9,12,1,0,2159,43,2105,5,5,1,0,629.68,197.38,16000,16000,04378,1,13
39035001173,39,035,001173,3921,350,3536,28,4,1,2,2627,287,2317,18,2,1,2,766.17,240.16,16000,16000,04378,1,13
39035001174,39,035,001174,1901,1803,54,31,3,7,3,1427,1368,28,21,2,7,1,416.19,130.46,16000,16000,04378,1,13
39035001175,39,035,001175,3145,2975,124,39,1,6,0,2455,2341,75,32,1,6,0,716.01,224.44,16000,16000,04378,1,13
39035001176,39,035,001176,3191,2973,171,30,4,9,4,2686,2526,127,21,3,7,2,783.38,245.56,16000,16000,04378,1,13
39035001177,39,035,001177,5094,4985,54,34,7,14,0,4287,4206,36,29,6,10,0,1250.32,391.92,16000,16000,04378,1,13
39035001178,39,035,001178,2476,2196,231,31,9,8,1,1919,1730,148,26,8,7,0,559.68,175.44,16000,16000,04378,1,13
39035001179,39,035,001179,4179,485,3633,33,13,10,5,2774,419,2313,24,8,8,2,809.05,253.6,16000,16000,04378,1,13
39035001181,39,035,001181,2386,9,2354,13,3,0,7,1651,9,1625,10,3,0,4,481.52,150.94,16000,16000,04378,1,13
39035001182,39,035,001182,3384,15,3350,11,5,0,3,2427,15,2403,5,4,0,0,707.84,221.88,16000,16000,04378,1,13
39035001183,39,035,001183,3335,20,3280,25,4,3,3,2302,14,2260,19,4,3,2,671.39,210.45,16000,16000,04378,1,13
39035001184,39,035,001184,2722,24,2684,8,3,3,0,2011,19,1979,7,3,3,0,586.52,183.85,16000,16000,04378,1,13
39035001185,39,035,001185,1754,20,1731,1,1,1,0,1172,12,1158,0,1,1,0,341.82,107.15,16000,16000,04378,1,13
39035001187,39,035,001187,2898,1481,1111,48,25,232,1,2733,1467,983,42,19,221,1,797.09,249.86,16000,16000,04378,1,13
39035001188,39,035,001188,2350,1736,362,27,9,214,2,2088,1579,279,24,9,195,2,608.97,190.89,16000,16000,04378,1,13
39035001189,39,035,001189,2974,110,2832,23,4,2,3,2007,97,1891,16,2,1,0,585.35,183.48,16000,16000,04378,1,13
39035001191,39,035,001191,761,84,637,8,0,31,1,520,58,432,5,0,24,1,151.66,47.54,16000,16000,04378,1,13
39035001193,39,035,001193,4896,264,4583,28,14,3,4,3122,240,2849,24,6,3,0,910.54,285.42,16000,16000,04378,1,13
39035001196,39,035,001196,3818,157,3627,29,0,4,1,2616,140,2454,18,0,3,1,762.97,239.16,16000,16000,04378,1,13
39035001198,39,035,001198,5325,37,5243,36,3,1,5,3742,31,3677,29,3,1,1,1091.37,342.1,16000,16000,04378,1,13
39035001199,39,035,001199,3175,42,3117,7,7,1,1,2346,36,2302,3,4,1,0,684.22,214.48,16000,16000,04378,1,13
39035001201,39,035,001201,1072,69,993,2,5,0,3,702,56,638,2,5,0,1,204.74,64.18,16000,16000,04378,1,13
39035001202,39,035,001202,3975,64,3879,20,6,3,3,2597,62,2515,12,5,3,0,757.43,237.42,16000,16000,04378,1,13
39035001204,39,035,001204,4329,107,4206,11,3,1,1,2912,101,2803,4,2,1,1,849.3,266.22,16000,16000,04378,1,13
39035001205,39,035,001205,3703,67,3614,7,13,1,1,2598,63,2520,5,9,1,0,757.72,237.51,16000,16000,04378,1,13
39035001206,39,035,001206,4862,47,4776,15,20,2,2,3334,41,3270,9,12,2,0,972.37,304.8,16000,16000,04378,1,13
39035001211,39,035,001211,3305,39,3233,16,10,7,0,2358,35,2300,9,9,5,0,687.72,215.57,16000,16000,04378,1,13
39035001212,39,035,001212,2610,40,2552,10,5,2,1,1895,39,1840,8,5,2,1,552.68,173.24,16000,16000,04378,1,13
39035001213,39,035,001213,4058,186,3847,18,2,4,1,2573,149,2406,12,2,4,0,750.43,235.23,16000,16000,04378,1,13
39035001215,39,035,001215,3937,46,3862,21,3,2,3,2942,45,2881,13,1,2,0,858.05,268.96,16000,16000,04378,1,13
39035001216,39,035,001216,1128,31,1093,2,0,2,0,813,29,781,1,0,2,0,237.11,74.33,16000,16000,04378,1,13
39035001217,39,035,001217,4609,52,4515,26,12,4,0,3653,49,3573,18,9,4,0,1065.41,333.96,16000,16000,04378,1,13
39035001218,39,035,001218,2337,36,2271,7,11,12,0,1784,32,1732,4,10,6,0,520.31,163.1,16000,16000,04378,1,13
39035001219,39,035,001219,1726,29,1694,1,0,2,0,1332,29,1300,1,0,2,0,388.48,121.77,16000,16000,04378,1,13
39035001221,39,035,001221,4008,102,3881,8,9,6,2,3265,95,3150,6,7,6,1,952.25,298.49,16000,16000,04378,1,13
39035001222,39,035,001222,2402,37,2353,10,1,1,0,1715,30,1678,5,1,1,0,500.19,156.79,16000,16000,04378,1,13
39035001223,39,035,001223,2512,35,2447,22,5,1,2,1922,28,1870,19,3,1,1,560.56,175.71,16000,16000,04378,1,13
39035001231,39,035,001231,2942,2887,3,27,0,23,2,2347,2307,2,20,0,16,2,684.51,214.57,16000,16000,04378,15,6
39035001232,39,035,001232,3298,3203,19,31,2,43,0,2687,2621,13,21,2,30,0,783.67,245.65,16000,16000,04378,15,6
39035001233,39,035,001233,554,517,11,21,0,5,0,415,394,6,11,0,4,0,121.04,37.94,16000,16000,04378,15,6
39035001234,39,035,001234,4074,3948,21,59,4,41,1,3157,3066,15,44,4,27,1,920.75,288.62,16000,16000,04378,15,6
39035001237,39,035,001237,4180,3923,93,85,1,76,2,3230,3061,60,58,1,49,1,942.04,295.29,16000,16000,04378,15,6
39035001238,39,035,001238,2422,1668,649,85,15,5,0,1586,1228,292,53,8,5,0,462.56,144.99,16000,16000,04378,15,6
39035001239,39,035,001239,3498,3255,69,111,11,50,2,2616,2468,40,73,6,29,0,762.97,239.16,16000,16000,04378,15,6
39035001241,39,035,001241,5414,4725,245,383,14,43,4,3978,3564,140,238,6,29,1,1160.2,363.68,16000,16000,04378,15,6
39035001243,39,035,001243,4346,3429,629,214,15,48,11,3251,2719,359,128,14,29,2,948.17,297.21,16000,16000,04378,15,13
39035001244,39,035,001244,3047,830,2117,85,5,8,2,2204,671,1469,54,5,5,0,642.81,201.49,16000,16000,04378,15,13
39035001245,39,035,001245,3753,3442,133,123,3,49,3,2954,2758,75,81,3,36,1,861.55,270.06,16000,16000,04378,15,6
39035001246,39,035,001246,4488,4094,200,143,7,42,2,3449,3196,127,90,4,32,0,1005.91,315.31,16000,16000,04378,15,6
39035001261,39,035,001261,3910,875,2967,27,4,31,6,2885,818,2021,16,3,27,0,841.42,263.75,16000,16000,04378,1,13
39035001275,39,035,001275,4523,120,4381,14,4,2,2,3199,109,3071,12,4,2,1,933,292.46,16000,16000,04378,1,13
39035001321,39,035,001321,5526,5173,274,50,6,20,3,4509,4225,220,39,5,18,2,1117.6,830.24,4878,4878,10017,1,13
39035001322,39,035,001322,3339,3223,61,21,2,31,1,2621,2540,44,17,2,18,0,649.64,482.6,4878,4878,10017,1,13
39035001341,39,035,001341,1066,642,391,21,2,2,8,827,518,292,11,2,2,2,190.02,181.28,5690,5690,04360,15,6
39035001343,39,035,001343,4410,3992,281,63,13,49,12,3656,3350,209,44,7,42,4,840.02,801.39,5690,5690,04360,15,6
39035001401,39,035,001401,1827,709,1085,11,0,14,8,1362,586,755,6,0,11,4,460.29,203.3,16014,16014,04379,1,13
39035001404,39,035,001404,3520,2187,1226,54,2,47,4,2645,1751,816,38,1,38,1,893.88,394.81,16014,16014,04379,1,13
39035001405,39,035,001405,3858,2787,966,41,2,55,7,2860,2143,643,30,2,38,4,966.54,426.9,16014,16014,04379,1,13
39035001406,39,035,001406,1507,683,761,20,5,36,2,1075,538,489,13,3,32,0,363.3,160.46,16014,16014,04379,1,13
39035001408,39,035,001408,3464,2443,966,28,8,19,0,2496,1733,724,16,8,15,0,843.52,372.57,16014,16014,04379,1,13
39035001409,39,035,001409,2494,1007,1427,26,14,13,7,1691,711,946,14,9,10,1,571.47,252.41,16014,16014,04379,1,13
39035001410,39,035,001410,1522,372,1118,11,0,19,2,1039,334,679,9,0,16,1,351.13,155.09,16014,16014,04379,1,13
39035001411,39,035,001411,4919,3834,738,60,9,267,11,4273,3414,555,52,6,239,7,1444.06,637.82,16014,16014,04379,1,13
39035001412,39,035,001412,3691,3032,366,55,6,226,6,2983,2482,262,44,4,190,1,1008.11,445.26,16014,16014,04379,1,13
39035001413,39,035,001413,2990,2587,227,33,2,139,2,2489,2143,190,29,2,123,2,841.16,371.53,16014,16014,04379,1,13
39035001414,39,035,001414,2953,2583,285,21,1,58,5,2208,1924,224,13,1,46,0,746.19,329.58,16014,16014,04379,1,13
39035001415,39,035,001415,1971,1473,441,20,4,29,4,1505,1160,301,16,4,23,1,508.62,224.65,16014,16014,04379,1,13
39035001417,39,035,001417,2031,1580,400,15,1,28,7,1493,1209,258,8,1,16,1,504.56,222.86,16014,16014,04379,1,13
39035001501,39,035,001501,4882,63,4794,15,6,2,2,3436,58,3364,8,4,2,0,1126.55,122.43,23380,23380,04390,1,13
39035001503,39,035,001503,3057,25,3008,13,2,6,3,2116,25,2078,9,2,2,0,693.77,75.4,23380,23380,04390,1,13
39035001504,39,035,001504,3647,35,3595,10,3,3,1,2406,33,2362,7,1,3,0,788.85,85.73,23380,23380,04390,1,13
39035001511,39,035,001511,2337,110,2189,25,5,8,0,1680,106,1545,19,4,6,0,550.82,59.86,23380,23380,04390,1,13
39035001512,39,035,001512,2264,287,1856,18,3,99,1,1806,277,1422,12,3,91,1,592.13,64.35,23380,23380,04390,1,13
39035001513,39,035,001513,2315,631,1667,7,1,9,0,1997,602,1380,5,1,9,0,654.75,71.16,23380,23380,04390,1,13
39035001514,39,035,001514,3283,102,3149,17,1,9,5,2216,100,2091,12,1,9,3,726.55,78.96,23380,23380,04390,1,13
39035001515,39,035,001515,2801,94,2683,16,5,3,0,1952,91,1843,12,3,3,0,640,69.55,23380,23380,04390,1,13
39035001516,39,035,001516,2618,302,2217,23,6,64,6,1940,274,1577,19,6,61,3,636.06,69.12,23380,23380,04390,1,13
39035001517,39,035,001517,2899,71,2805,13,0,7,3,1985,65,1906,7,0,4,3,650.82,70.73,23380,23380,04390,1,13
39035001518,39,035,001518,2993,31,2923,28,3,3,5,2125,31,2072,17,3,1,1,696.72,75.72,23380,23380,04390,1,13
39035001524,39,035,001524,2097,2054,23,18,1,1,0,1589,1563,14,10,1,1,0,427.6,315.33,25704,25704,04395,13,13
39035001541,39,035,001541,2347,2267,6,42,0,32,0,1761,1715,3,24,0,19,0,556.29,288.32,29428,29428,04404,15,17
39035001542,39,035,001542,1596,1537,37,16,1,5,0,1278,1234,28,12,1,3,0,403.71,209.24,29428,29428,04404,15,17
39035001543,39,035,001543,1504,91,1397,8,5,3,0,1041,88,942,6,3,2,0,328.85,170.44,29428,29428,04378,1,13
39035001544,39,035,001544,3294,3219,23,34,4,14,0,2460,2414,14,18,2,12,0,777.1,402.77,29428,29428,04404,15,17
39035001547,39,035,001547,3323,307,2977,19,8,7,5,2339,253,2063,12,4,5,2,738.88,382.96,29428,29428,04378,1,13
39035001551,39,035,001551,6249,6083,19,41,2,103,1,4850,4737,14,32,1,66,0,1264,1499,35252,35252,04437,13,17
39035001601,39,035,001601,2210,2181,2,23,4,0,0,1619,1599,2,15,3,0,0,295.84,510.34,41664,41664,04419,13,6
39035001602,39,035,001602,2604,2521,15,35,6,25,2,2000,1948,12,15,5,20,0,491.6,435.4,41664,41664,04419,13,6
39035001603,39,035,001603,2261,2226,0,30,2,3,0,1618,1594,0,20,1,3,0,397.7,352.24,41664,41664,04419,13,6
39035001604,39,035,001604,3946,3843,24,41,0,38,0,2938,2874,13,25,0,26,0,722.16,639.6,41664,41664,04419,13,6
39035001605,39,035,001605,4287,4178,32,45,5,23,4,3414,3336,26,29,5,16,2,839.16,743.22,41664,41664,04419,13,6
39035001607,39,035,001607,1681,1625,7,30,6,12,1,1422,1377,7,22,3,12,1,349.53,309.57,41664,41664,04419,13,6
39035001608,39,035,001608,1289,1265,1,14,2,6,1,1027,1009,1,9,1,6,1,252.44,223.58,41664,41664,04419,13,6
39035001609,39,035,001609,4390,4292,27,47,3,20,1,3231,3164,19,29,3,16,0,794.18,703.38,41664,41664,04419,15,6
39035001610,39,035,001610,2178,2114,12,18,5,29,0,1531,1494,6,10,2,19,0,376.32,333.3,41664,41664,04419,13,6
39035001611,39,035,001611,4441,4351,8,58,10,13,1,3145,3088,7,34,6,10,0,773.04,684.66,41664,41664,04419,13,6
39035001612,39,035,001612,3382,3259,16,60,4,41,2,2513,2433,14,32,2,31,1,617.69,547.08,41664,41664,04419,15,6
39035001613,39,035,001613,3431,3311,9,60,3,47,1,2637,2556,8,37,2,33,1,648.17,574.07,41664,41664,04419,15,6
39035001614,39,035,001614,4085,3977,15,61,6,24,2,2997,2934,7,33,4,17,2,736.66,652.44,41664,41664,04419,15,6
39035001615,39,035,001615,4542,4434,20,42,2,41,3,3489,3419,12,29,2,25,2,857.59,759.55,41664,41664,04419,15,6
39035001616,39,035,001616,2496,2411,22,45,5,13,0,1805,1744,18,29,4,10,0,443.67,392.95,41664,41664,04419,15,6
39035001617,39,035,001617,2307,2103,55,73,7,68,1,1750,1604,43,53,5,44,1,430.15,380.97,41664,41664,04419,15,6
39035001618,39,035,001618,1365,1314,12,23,4,12,0,1014,981,9,11,3,10,0,249.24,220.75,41664,41664,04419,15,6
39035001761,39,035,001761,2430,2392,1,25,4,8,0,1769,1752,0,10,1,6,0,364.6,429.47,58422,58422,04657,15,6
39035001762,39,035,001762,4296,4155,30,72,2,37,0,3112,3018,17,46,2,29,0,641.4,755.53,58422,58422,04657,15,6
39035001811,39,035,001811,6423,6316,12,56,6,32,1,5107,5027,11,38,5,26,0,933.21,1609.83,68056,68056,04470,13,6
39035001831,39,035,001831,2919,2244,508,47,2,118,0,2380,1841,412,35,2,90,0,905.07,548.37,71682,71682,04475,1,13
39035001832,39,035,001832,2694,2521,109,26,3,32,3,1971,1854,80,17,1,19,0,749.54,454.13,71682,71682,04475,1,13
39035001833,39,035,001833,4836,4427,281,36,0,90,2,3489,3193,208,26,0,62,0,1326.8,803.89,71682,71682,04475,1,13
39035001915,39,035,001915,136,113,15,7,0,1,0,103,86,10,6,0,1,0,30.04,9.42,43918,43918,04378,15,13
39035001920,39,035,001920,2310,2272,14,24,0,0,0,1816,1793,5,18,0,0,0,504,291,54250,54250,04378,15,6
39035001922,39,035,001922,682,674,0,0,0,8,0,539,531,0,0,0,8,0,210,154,19806,19806,04655,15,6
39035001923,39,035,001923,1450,1437,4,8,1,0,0,1158,1149,4,4,1,0,0,379,332,9274,9274,04655,15,6
39035001928,39,035,001928,1356,1243,83,7,3,12,8,1205,1113,69,7,3,12,1,271,345,8336,8336,04378,1,13
39035001929,39,035,001929,2137,2091,14,8,0,24,0,1547,1518,6,6,0,17,0,424,407,79268,79268,04655,13,17
39035001938,39,035,001938,977,439,511,16,0,11,0,882,411,448,13,0,10,0,215,89,56924,56924,04500,1,13
39035001939,39,035,001939,1934,814,1043,34,4,37,2,1556,703,801,17,3,31,1,240,72,80990,80976,04500,1,13
39035001940,39,035,001940,3392,1700,1647,23,4,12,6,2662,1432,1199,19,2,10,0,896,277,57750,57750,10017,13,13
39035001941,39,035,001941,2371,2333,33,4,0,1,0,1940,1914,21,4,0,1,0,487,529,80738,80738,10017,13,17
39035001943,39,035,001943,3462,3349,9,19,1,84,0,2807,2729,7,12,1,58,0,586,980,48468,48468,04437,13,17
39035001945,39,035,001945,2508,2416,5,29,0,52,6,1933,1867,2,24,0,37,3,293,873,29498,29498,04437,13,17
39035001947,39,035,001947,648,634,1,10,0,3,0,516,508,1,4,0,3,0,57,227,36918,36918,10016,13,17
39035001948,39,035,001948,834,383,405,7,2,36,1,723,353,335,5,2,27,1,208,67,86394,86394,10016,1,13
39035001949,39,035,001949,2810,2424,256,41,1,85,3,2041,1774,193,23,1,48,2,590,600,58604,58604,10016,1,13
39035001951,39,035,001951,455,449,5,1,0,0,0,365,359,5,1,0,0,0,76,81,30632,30632,04660,13,17
39035001952,39,035,001952,3354,3194,49,19,1,91,0,2558,2456,31,13,1,57,0,499,1005,52052,52052,10016,13,17
39035001953,39,035,001953,674,654,7,4,0,9,0,455,440,7,2,0,6,0,70,107,5550,5550,04528,13,17
39035001954,39,035,001954,202,202,0,0,0,0,0,130,130,0,0,0,0,0,21.42,43.95,52052,13372,04528,13,17
39035001955,39,035,001955,4146,4104,14,10,1,15,2,3366,3338,9,8,1,8,2,554.58,1138.05,13358,13372,04528,13,17
39035101101,39,035,101101,1906,1449,193,141,18,105,0,1443,1149,129,97,7,61,0,420.86,131.92,16000,16000,04378,15,6
39035101102,39,035,101102,4894,4398,206,165,15,103,7,4199,3816,164,123,11,84,1,1224.65,383.88,16000,16000,04378,15,6
39035102101,39,035,102101,3368,3040,62,246,5,13,2,2615,2405,33,161,4,11,1,762.67,239.07,16000,16000,04378,15,6
39035102102,39,035,102102,2640,2415,80,93,14,37,1,2036,1879,55,62,13,27,0,593.81,186.13,16000,16000,04378,15,6
39035102401,39,035,102401,2382,2083,19,221,17,41,1,1634,1463,9,130,8,24,0,476.56,149.38,16000,16000,04378,15,6
39035102402,39,035,102402,3635,3187,36,334,28,44,6,2407,2153,20,197,15,20,2,702.01,220.05,16000,16000,04378,15,6
39035103299,39,035,103299,6,6,0,0,0,0,0,6,6,0,0,0,0,0,1.75,0.55,16000,16000,04378,15,6
39035103399,39,035,103399,1,1,0,0,0,0,0,1,1,0,0,0,0,0,0.29,0.09,16000,16000,04378,15,6
39035104299,39,035,104299,54,17,35,1,1,0,0,53,17,34,1,1,0,0,15.46,4.85,16000,16000,04378,15,6
39035104701,39,035,104701,472,17,441,14,0,0,0,232,13,214,5,0,0,0,67.66,21.21,16000,16000,04378,15,13
39035104702,39,035,104702,1073,743,115,197,3,14,1,772,581,66,111,3,10,1,225.16,70.58,16000,16000,04378,15,6
39035105601,39,035,105601,888,463,94,298,1,32,0,607,346,84,155,1,21,0,177.03,55.49,16000,16000,04378,15,6
39035105602,39,035,105602,2826,2125,243,352,13,93,0,2012,1580,143,211,11,67,0,586.81,183.94,16000,16000,04378,15,13
39035107499,39,035,107499,3,3,0,0,0,0,0,3,3,0,0,0,0,0,0.87,0.27,16000,16000,04378,15,6
39035111401,39,035,111401,2262,22,2221,9,9,1,0,1494,19,1457,8,9,1,0,435.73,136.58,16000,16000,04378,1,13
39035111402,39,035,111402,948,144,785,14,0,5,0,599,129,461,8,0,1,0,174.7,54.76,16000,16000,04378,1,13
39035111901,39,035,111901,685,4,679,1,1,0,0,520,4,514,1,1,0,0,151.66,47.54,16000,16000,04378,1,13
39035111902,39,035,111902,1663,166,1449,35,3,3,7,1012,144,838,24,3,1,2,295.15,92.52,16000,16000,04378,1,13
39035117101,39,035,117101,3063,1670,1331,39,5,8,10,2238,1317,888,22,2,7,2,652.72,204.6,16000,16000,04378,1,13
39035117102,39,035,117102,2051,185,1832,27,2,3,2,1351,162,1166,18,2,3,0,394.02,123.51,16000,16000,04378,1,13
39035117201,39,035,117201,3801,2736,1002,38,8,12,5,3306,2446,811,31,6,11,1,964.21,302.24,16000,16000,04378,1,13
39035117202,39,035,117202,2120,1850,224,28,7,11,0,1689,1513,138,23,7,8,0,492.6,154.41,16000,16000,04378,1,13
39035118601,39,035,118601,914,2,905,1,5,1,0,692,1,685,1,4,1,0,201.82,63.26,16000,16000,04378,1,13
39035118602,39,035,118602,2862,22,2798,22,9,5,6,2069,14,2023,17,8,5,2,603.43,189.15,16000,16000,04378,1,13
39035119201,39,035,119201,1004,774,27,44,2,156,1,984,758,25,44,2,154,1,286.99,89.96,16000,16000,04378,1,13
39035119202,39,035,119202,1431,369,1054,4,1,3,0,1203,366,829,4,1,3,0,350.86,109.98,16000,16000,04378,1,13
39035119401,39,035,119401,2553,761,1702,31,2,55,2,1902,684,1138,25,2,51,2,554.73,173.88,16000,16000,04378,1,13
39035119402,39,035,119402,2490,223,2240,18,5,3,1,1709,209,1485,8,4,3,0,498.44,156.24,16000,16000,04378,1,13
39035119501,39,035,119501,2844,1377,1396,30,10,28,3,2515,1305,1153,22,8,24,3,733.51,229.93,16000,16000,04475,1,13
39035119502,39,035,119502,2068,733,1286,25,3,18,3,1760,690,1027,21,3,16,3,513.31,160.9,16000,16000,04378,1,13
39035119701,39,035,119701,2438,85,2314,18,6,10,5,1874,78,1768,11,5,7,5,546.56,171.32,16000,16000,04475,1,13
39035119702,39,035,119702,3283,114,3135,16,6,3,9,2334,102,2217,10,1,2,2,680.72,213.38,16000,16000,04378,1,13
39035120701,39,035,120701,2676,39,2619,17,0,0,1,1894,28,1854,12,0,0,0,552.39,173.15,16000,16000,04378,1,13
39035120702,39,035,120702,2892,32,2823,16,6,3,12,2123,32,2074,8,2,2,5,619.18,194.09,16000,16000,04378,1,13
39035120801,39,035,120801,2879,22,2836,11,6,4,0,2149,22,2114,5,4,4,0,626.76,196.47,16000,16000,04378,1,13
39035120802,39,035,120802,3297,28,3258,5,5,0,1,2377,27,2341,4,5,0,0,693.26,217.31,16000,16000,04378,1,13
39035121401,39,035,121401,2637,54,2562,14,2,2,3,1774,48,1711,9,2,2,2,517.39,162.18,16000,16000,04378,1,13
39035121402,39,035,121402,3187,43,3114,22,4,0,4,2154,41,2096,12,4,0,1,628.22,196.92,16000,16000,04378,1,13
39035123501,39,035,123501,3480,3235,30,168,10,34,3,2625,2459,24,108,8,26,0,765.59,239.98,16000,16000,04378,15,6
39035123502,39,035,123502,2575,2313,134,82,5,39,2,2122,1918,105,61,4,32,2,618.89,194,16000,16000,04378,15,6
39035123601,39,035,123601,3444,3346,11,56,2,28,1,2587,2526,7,31,2,21,0,754.51,236.51,16000,16000,04378,15,6
39035123602,39,035,123602,3186,3036,31,57,3,59,0,2650,2533,23,44,1,49,0,772.88,242.27,16000,16000,04378,15,6
39035123603,39,035,123603,3710,3576,35,81,4,14,0,2932,2847,18,51,2,14,0,855.13,268.05,16000,16000,04378,15,6
39035124201,39,035,124201,2544,2293,84,110,3,54,0,2021,1851,55,74,3,38,0,589.43,184.76,16000,16000,04378,15,6
39035124202,39,035,124202,2059,1847,95,52,8,56,1,1671,1508,71,40,6,46,0,487.35,152.77,16000,16000,04378,15,6
39035130103,39,035,130103,4931,4855,6,19,0,51,0,3620,3563,5,16,0,36,0,843.49,1466.82,4416,4416,04354,13,6
39035130104,39,035,130104,4364,4281,5,39,5,33,1,3218,3159,4,29,4,22,0,749.82,1303.93,4416,4416,04354,13,6
39035130105,39,035,130105,3899,3841,6,19,5,28,0,2869,2828,6,13,4,18,0,668.5,1162.52,4416,4416,04354,13,6
39035130106,39,035,130106,3806,3732,6,26,12,30,0,2872,2821,4,22,7,18,0,669.2,1163.73,4416,4416,04354,13,6
39035131102,39,035,131102,3007,2363,577,18,2,47,0,2470,1946,479,12,2,31,0,930.12,474.44,4500,4500,04355,13,17
39035131103,39,035,131103,4486,4203,179,35,0,69,0,3376,3169,139,23,0,45,0,1271.29,648.47,4500,4500,04355,13,17
39035131104,39,035,131104,3184,3064,84,9,1,26,0,2843,2752,62,8,1,20,0,1070.58,546.09,4500,4500,04355,13,17
39035132301,39,035,132301,3641,3375,203,26,2,33,2,3050,2860,146,16,2,26,0,755.97,561.6,4878,4878,10017,1,17
39035132302,39,035,132302,2316,2190,98,26,0,2,0,1855,1769,63,21,0,2,0,459.78,341.56,4878,4878,10017,1,17
39035133103,39,035,133103,3569,1695,1764,25,11,63,11,2912,1511,1319,18,9,53,2,851.82,298.42,4920,4920,10017,1,13
39035133104,39,035,133104,3005,1620,1277,37,4,65,2,2529,1415,1023,30,4,55,2,739.78,259.17,4920,4920,10017,1,13
39035133105,39,035,133105,4478,1998,2377,24,4,73,2,3508,1723,1712,17,4,52,0,1026.16,359.5,4920,4920,10017,1,13
39035133106,39,035,133106,1079,123,935,10,5,3,3,770,104,651,8,5,2,0,225.24,78.91,4920,4920,10017,1,13
39035134203,39,035,134203,2930,2798,88,27,3,12,2,2209,2111,63,19,3,12,1,507.55,484.21,5690,5690,04360,15,6
39035134204,39,035,134204,4144,3970,104,39,6,18,7,3309,3178,80,28,6,16,1,760.3,725.32,5690,5690,04360,15,6
39035134205,39,035,134205,3238,3080,85,35,5,32,1,2434,2335,51,21,5,22,0,559.25,533.53,5690,5690,04360,15,6
39035134206,39,035,134206,3272,3137,55,51,5,24,0,2515,2438,32,25,2,18,0,577.86,551.28,5690,5690,04360,15,6
39035135103,39,035,135103,2063,2022,5,15,0,21,0,1733,1704,5,11,0,13,0,320.85,586.65,8364,8364,04364,13,17
39035135104,39,035,135104,3684,3477,12,49,0,143,3,2866,2708,11,39,0,105,3,530.61,970.19,8364,8364,04364,13,17
39035135105,39,035,135105,4472,4162,210,22,6,72,0,3474,3193,209,17,6,49,0,643.18,1176.01,8364,8364,04364,13,15
39035135198,39,035,135198,1599,1540,2,19,4,34,0,1120,1085,2,10,1,22,0,207.36,379.14,8364,8364,04364,13,15
39035136101,39,035,136101,4224,4046,15,33,6,124,0,3435,3309,12,19,4,91,0,708.76,880.59,9064,9064,04364,13,17
39035136102,39,035,136102,3078,2845,118,38,3,73,1,2447,2270,97,28,3,49,0,504.9,627.31,9064,9064,04454,13,15
39035136103,39,035,136103,4917,4836,5,21,1,54,0,3714,3660,4,16,0,34,0,766.33,952.11,9064,9064,04364,13,17
39035137101,39,035,137101,2430,2287,42,63,5,33,0,2110,2001,29,50,5,25,0,634.88,397.59,9246,9246,04365,15,13
39035137102,39,035,137102,4890,4728,57,68,4,33,0,3944,3824,46,43,3,28,0,1186.72,743.18,9246,9246,04365,15,6
39035137103,39,035,137103,4386,4234,5,98,0,49,0,3594,3490,3,71,0,30,0,1081.4,677.23,9246,9246,04365,15,6
39035138105,39,035,138105,2217,2000,141,49,5,16,6,1584,1446,91,26,5,13,3,441.79,277.54,9288,9288,04360,15,17
39035138106,39,035,138106,3795,3586,100,73,8,28,0,2767,2642,62,41,5,17,0,771.73,484.81,9288,9288,04360,15,17
39035138107,39,035,138107,2517,2422,16,49,0,29,1,1934,1863,12,38,0,21,0,539.4,338.86,9288,9288,04360,15,17
39035138108,39,035,138108,4908,4772,9,87,3,36,1,3738,3651,7,56,3,21,0,1042.55,654.94,9288,9288,04360,15,17
39035138109,39,035,138109,4563,4450,32,57,2,22,0,3583,3498,23,45,2,15,0,999.32,627.79,9288,9288,04360,15,17
39035138110,39,035,138110,4865,4754,15,50,2,44,0,3830,3753,13,29,2,33,0,1068.21,671.06,9288,9288,04360,15,17
39035140201,39,035,140201,816,227,571,8,5,5,0,677,208,456,4,5,4,0,228.79,101.05,16014,16014,04390,1,13
39035140202,39,035,140202,1188,729,425,9,0,22,3,1002,643,333,8,0,16,2,338.63,149.57,16014,16014,04379,1,13
39035140301,39,035,140301,3007,287,2672,32,7,4,5,2097,277,1785,21,7,4,3,708.68,313.01,16014,16014,04390,1,13
39035140302,39,035,140302,2760,1296,1397,25,10,27,5,2032,1064,930,14,3,18,3,686.72,303.31,16014,16014,04379,1,13
39035140701,39,035,140701,3239,1278,1871,30,4,45,11,2244,1002,1188,18,3,31,2,758.36,334.95,16014,16014,04379,1,13
39035140702,39,035,140702,2134,709,1369,35,2,15,4,1552,608,906,22,2,14,0,524.5,231.66,16014,16014,04379,1,13
39035141601,39,035,141601,2097,1706,327,18,3,30,13,1551,1310,208,12,1,17,3,524.16,231.51,16014,16014,04379,1,13
39035141602,39,035,141602,2072,704,1292,30,10,31,5,1445,563,826,20,8,26,2,488.34,215.69,16014,16014,04379,1,13
39035152101,39,035,152101,2918,2877,10,17,2,12,0,2259,2234,5,10,2,8,0,607.9,448.29,25704,25704,04395,13,13
39035152102,39,035,152102,5242,5138,57,30,1,16,0,4064,3999,35,18,1,11,0,1093.62,806.49,25704,25704,04395,13,13
39035152201,39,035,152201,3206,2604,500,42,3,55,2,2946,2405,451,39,1,49,1,792.77,584.63,25704,25704,04395,13,13
39035152202,39,035,152202,4596,4439,79,48,5,24,1,3821,3709,55,31,4,22,0,1028.23,758.27,25704,25704,04395,13,13
39035152301,39,035,152301,2672,2251,311,41,2,66,1,2439,2051,289,36,2,60,1,656.34,484.01,25704,25704,04395,13,13
39035152302,39,035,152302,4409,4366,10,22,0,10,1,3565,3531,7,20,0,7,0,959.34,707.47,25704,25704,04395,13,13
39035152303,39,035,152303,4429,4219,127,31,5,42,5,3516,3373,84,24,4,31,0,946.16,697.74,25704,25704,04395,13,13
39035152501,39,035,152501,4031,3846,74,42,3,66,0,3278,3154,48,32,1,43,0,882.11,650.51,25704,25704,04395,13,13
39035152502,39,035,152502,2777,2610,144,13,3,6,1,2227,2111,100,10,2,4,0,599.29,441.94,25704,25704,04395,13,13
39035152603,39,035,152603,1349,1124,177,26,0,17,5,1039,896,110,14,0,15,4,279.6,206.19,25704,25704,04395,1,13
39035152604,39,035,152604,4912,4017,844,17,2,32,0,4131,3404,683,17,2,25,0,1111.65,819.79,25704,25704,04395,1,13
39035152605,39,035,152605,1127,515,576,23,3,10,0,807,401,381,15,1,9,0,217.16,160.15,25704,25704,04395,13,13
39035152606,39,035,152606,3761,750,2968,19,7,11,6,2423,546,1849,12,5,9,2,652.03,480.84,25704,25704,04395,13,13
39035152701,39,035,152701,2481,1052,1386,20,8,13,2,2283,956,1287,20,8,10,2,614.36,453.06,25704,25704,04395,1,13
39035152702,39,035,152702,2734,1668,995,28,0,36,7,2120,1376,688,22,0,29,5,570.49,420.71,25704,25704,04395,1,13
39035152703,39,035,152703,2163,1650,442,17,0,51,3,1681,1333,299,12,0,35,2,452.36,333.59,25704,25704,04395,1,13
39035153103,39,035,153103,2805,2751,5,19,2,27,1,2236,2200,4,9,1,21,1,560.09,675.43,26446,26446,04397,13,6
39035153104,39,035,153104,3416,3345,5,48,2,16,0,2542,2498,3,28,2,11,0,636.74,767.86,26446,26446,04397,13,6
39035153105,39,035,153105,4028,3926,19,36,6,35,6,3353,3284,14,24,2,29,0,839.88,1012.84,26446,26446,04397,13,6
39035153106,39,035,153106,3974,3911,2,20,0,41,0,3159,3114,1,15,0,29,0,791.29,954.24,26446,26446,04397,13,6
39035153107,39,035,153107,3805,3671,10,38,4,78,4,3114,3023,9,21,2,59,0,780.01,940.64,26446,26446,04397,13,6
39035154501,39,035,154501,3814,3761,7,30,6,10,0,3039,3000,7,18,5,9,0,960,497.56,29428,29428,04404,15,17
39035154502,39,035,154502,3188,2959,166,29,6,26,2,2579,2428,110,17,4,20,0,814.69,422.25,29428,29428,04404,15,17
39035154601,39,035,154601,4893,4772,40,41,0,40,0,3901,3817,23,29,0,32,0,1232.3,638.7,29428,29428,04404,15,17
39035154603,39,035,154603,3372,3328,10,24,0,10,0,2728,2694,10,18,0,6,0,861.76,446.65,29428,29428,04404,15,17
39035154604,39,035,154604,4408,4364,3,23,1,17,0,3531,3498,0,17,1,15,0,1115.42,578.12,29428,29428,04404,15,17
39035156101,39,035,156101,1076,1055,0,14,0,7,0,871,854,0,12,0,5,0,267.2,275.54,37240,37240,04656,13,17
39035156102,39,035,156102,5424,5331,19,32,2,40,0,4250,4193,9,20,2,26,0,1303.8,1344.46,37240,37240,04656,13,17
39035160601,39,035,160601,5257,4861,150,98,11,135,2,4990,4649,135,83,11,111,1,1226.54,1086.32,41664,41664,04419,15,6
39035160602,39,035,160602,3334,3114,60,89,21,48,2,2641,2468,49,65,20,39,0,649.16,574.94,41664,41664,04419,15,6
39035170101,39,035,170101,3354,3276,15,17,1,45,0,2688,2638,10,10,1,29,0,770.39,852.27,45556,45556,04479,13,17
39035170102,39,035,170102,5501,5387,15,15,0,82,2,4276,4204,11,12,0,47,2,1225.51,1355.77,45556,45556,04479,13,17
39035170201,39,035,170201,3005,2950,24,9,2,19,1,2592,2548,21,6,2,15,0,742.87,821.83,45556,45556,04479,13,17
39035170202,39,035,170202,4122,4044,21,16,2,39,0,3312,3251,14,14,1,32,0,949.23,1050.12,45556,45556,04479,13,17
39035171102,39,035,171102,5544,4338,1112,28,6,51,9,4215,3429,728,19,5,33,1,1246.1,732.16,47306,47306,04430,15,13
39035171103,39,035,171103,4472,3575,808,43,4,36,6,3443,2853,530,29,3,25,3,1017.87,598.06,47306,47306,04430,15,13
39035171104,39,035,171104,5256,3791,1327,52,8,58,20,3908,3005,821,33,6,38,5,1155.34,678.83,47306,47306,04430,15,13
39035171203,39,035,171203,3161,3103,40,10,0,8,0,2508,2472,24,5,0,7,0,741.45,435.65,47306,47306,04430,15,17
39035171204,39,035,171204,2515,1848,625,15,4,23,0,1989,1499,459,11,4,16,0,588.02,345.5,47306,47306,04430,15,13
39035171205,39,035,171205,3189,3055,36,21,1,65,11,2524,2432,25,12,1,51,3,746.18,438.43,47306,47306,04430,15,17
39035171206,39,035,171206,2952,2887,13,20,0,32,0,2351,2306,10,13,0,22,0,695.04,408.38,47306,47306,04430,15,17
39035172101,39,035,172101,2922,2846,4,13,0,59,0,2344,2301,3,7,0,33,0,639.24,437.05,48482,48482,04437,13,17
39035172102,39,035,172102,4092,3926,43,34,3,86,0,3337,3227,31,20,1,58,0,910.04,622.2,48482,48482,04437,13,17
39035172103,39,035,172103,4564,4168,182,37,2,174,1,4183,3864,157,32,2,127,1,1140.75,779.94,48482,48482,04437,13,17
39035172201,39,035,172201,4128,4067,14,14,1,32,0,3398,3356,9,9,1,23,0,926.67,633.58,48482,48482,04437,13,17
39035172202,39,035,172202,4141,3887,135,28,2,85,4,3734,3524,122,24,2,62,0,1018.3,696.23,48482,48482,04437,13,17
39035173103,39,035,173103,2492,2422,5,28,2,35,0,2110,2056,4,24,2,24,0,506.09,522.04,49644,49644,04360,15,17
39035173104,39,035,173104,3373,3272,30,23,5,43,0,2785,2711,19,19,5,31,0,667.99,689.04,49644,49644,04360,15,17
39035173105,39,035,173105,2815,2696,10,23,2,82,2,2225,2147,7,15,2,54,0,533.67,550.49,49644,49644,04360,15,17
39035173106,39,035,173106,3390,3217,44,20,5,102,2,2937,2805,37,14,5,76,0,704.45,726.65,49644,49644,04360,15,17
39035173107,39,035,173107,2632,2593,13,14,2,10,0,2113,2085,10,10,2,6,0,506.81,522.78,49644,49644,04360,15,17
39035174103,39,035,174103,3180,3081,14,40,0,45,0,2311,2251,7,29,0,24,0,536.71,622.6,56882,56882,04452,13,6
39035174104,39,035,174104,2874,2773,24,37,2,36,2,2097,2037,12,19,2,27,0,487.01,564.95,56882,56882,04452,13,6
39035174105,39,035,174105,3432,3354,10,15,4,48,1,2497,2439,6,13,4,35,0,579.9,672.71,56882,56882,04452,13,6
39035174106,39,035,174106,3383,3264,17,34,2,65,1,2554,2472,16,18,2,45,1,593.14,688.07,56882,56882,04452,13,6
39035174107,39,035,174107,4188,4108,7,31,2,38,2,3210,3158,4,19,2,26,1,745.49,864.8,56882,56882,04452,13,6
39035174203,39,035,174203,2731,2635,12,37,2,45,0,1925,1866,10,19,2,28,0,447.06,518.61,56882,56882,04452,13,6
39035174204,39,035,174204,4431,4292,20,57,1,61,0,3220,3141,9,28,0,42,0,747.81,867.49,56882,56882,04452,13,6
39035174205,39,035,174205,3739,3507,78,52,8,93,1,3063,2882,61,40,6,74,0,711.35,825.2,56882,56882,04452,13,6
39035174206,39,035,174206,2481,2316,33,45,6,81,0,1981,1859,29,32,6,55,0,460.07,533.7,56882,56882,04452,13,6
39035174207,39,035,174207,3765,3599,19,57,12,78,0,2917,2809,12,34,8,54,0,677.45,785.86,56882,56882,04452,13,6
39035175102,39,035,175102,6718,6466,15,45,3,186,3,4696,4531,8,31,3,121,2,946.91,1118.68,57008,57008,04454,13,17
39035175103,39,035,175103,5667,5513,36,29,3,81,5,4420,4306,25,26,3,57,3,891.25,1052.93,57008,57008,04454,13,17
39035175104,39,035,175104,3765,3688,20,32,6,19,0,2950,2894,15,20,6,15,0,594.84,702.75,57008,57008,04454,13,17
39035175201,39,035,175201,4677,4532,20,31,3,91,0,3531,3435,17,22,1,56,0,711.99,841.15,57008,57008,04454,13,15
39035175202,39,035,175202,2370,2340,5,10,2,11,2,1954,1928,5,10,2,9,0,394.01,465.48,57008,57008,04454,13,15
39035177101,39,035,177101,4741,4298,319,57,9,55,3,3671,3411,180,34,5,41,0,965.79,813.58,61000,61000,04463,15,6
39035177103,39,035,177103,4365,4181,79,64,10,30,1,3471,3342,51,47,6,24,1,913.17,769.26,61000,61000,04463,15,6
39035177104,39,035,177104,3813,3732,9,45,8,19,0,2844,2802,3,21,4,14,0,748.22,630.3,61000,61000,04463,15,6
39035177201,39,035,177201,4107,4037,3,26,4,34,3,3175,3126,3,18,2,23,3,835.3,703.66,61000,61000,04463,15,6
39035177202,39,035,177202,3535,3469,7,38,7,14,0,2709,2669,2,24,2,12,0,712.7,600.38,61000,61000,04463,15,6
39035177302,39,035,177302,2660,2586,0,18,1,55,0,2133,2080,0,13,1,39,0,561.16,472.72,61000,61000,04463,15,6
39035177303,39,035,177303,5187,5109,2,37,6,30,3,4031,3982,2,24,4,18,1,1060.5,893.37,61000,61000,04463,15,6
39035177304,39,035,177304,3544,3287,63,64,2,127,1,2896,2716,38,43,2,97,0,761.9,641.82,61000,61000,04463,15,6
39035177403,39,035,177403,3375,3332,0,28,0,11,4,2612,2583,0,18,0,8,3,687.18,578.88,61000,61000,04463,13,6
39035177404,39,035,177404,2974,2934,0,15,0,25,0,2334,2306,0,13,0,15,0,614.04,517.27,61000,61000,04463,13,6
39035177405,39,035,177405,4897,4824,3,56,4,8,2,3848,3799,3,35,3,8,0,1012.35,852.81,61000,61000,04463,15,6
39035177406,39,035,177406,4371,4315,3,41,2,9,1,3363,3322,2,30,2,6,1,884.76,745.32,61000,61000,04463,15,6
39035177501,39,035,177501,4879,4809,0,31,5,34,0,3987,3935,0,23,3,26,0,1048.92,883.62,61000,61000,04463,13,6
39035177503,39,035,177503,4207,4046,74,31,1,54,1,3242,3168,17,18,0,39,0,852.92,718.51,61000,61000,04463,13,6
39035177504,39,035,177504,4750,4677,7,25,0,40,1,3793,3740,5,19,0,29,0,997.88,840.62,61000,61000,04463,13,6
39035177505,39,035,177505,5166,5052,2,35,2,75,0,3922,3836,2,26,2,56,0,1031.82,869.21,61000,61000,04463,13,6
39035177604,39,035,177604,2345,2310,0,12,1,22,0,1875,1850,0,12,1,12,0,493.29,415.55,61000,61000,04463,13,6
39035177605,39,035,177605,3304,3274,2,16,6,6,0,2612,2593,2,11,3,3,0,687.18,578.88,61000,61000,04463,13,6
39035177606,39,035,177606,4072,3965,6,31,3,67,0,3419,3338,5,22,3,51,0,899.49,757.73,61000,61000,04463,13,6
39035177607,39,035,177607,3678,3567,5,40,3,63,0,2824,2740,5,31,2,46,0,742.95,625.87,61000,61000,04463,13,6
39035177608,39,035,177608,6025,5785,42,58,7,133,0,5022,4843,31,43,6,99,0,1321.22,1113,61000,61000,04463,13,6
39035177609,39,035,177609,1881,1843,4,0,4,29,1,1510,1478,4,0,4,24,0,397.26,334.65,61000,61000,04463,13,6
39035178101,39,035,178101,3030,2973,8,21,3,25,0,2580,2535,6,19,3,17,0,645.55,605.87,61028,61028,04463,13,17
39035178102,39,035,178102,3726,3652,7,30,10,27,0,2996,2935,6,23,10,22,0,749.64,703.56,61028,61028,04463,13,17
39035178201,39,035,178201,3912,3849,15,14,4,30,0,3202,3159,13,9,2,19,0,801.19,751.94,61028,61028,04463,13,17
39035178204,39,035,178204,4911,4700,35,77,1,97,1,4186,4025,26,58,1,76,0,1047.4,983.01,61028,61028,04463,13,17
39035178205,39,035,178205,2571,2523,14,17,0,17,0,2024,1986,12,13,0,13,0,506.43,475.3,61028,61028,04463,13,17
39035178206,39,035,178206,3298,3267,3,11,1,14,2,2501,2482,1,7,1,9,1,625.79,587.32,61028,61028,04463,13,17
39035179101,39,035,179101,3123,2818,154,21,1,128,1,2506,2278,120,19,1,88,0,571.56,889.57,61686,61686,10016,13,17
39035179102,39,035,179102,3062,2825,46,39,1,151,0,2238,2108,18,27,1,84,0,510.44,794.43,61686,61686,10016,13,17
39035180102,39,035,180102,3533,3130,182,19,2,200,0,2824,2537,140,15,2,130,0,693.36,729.94,66894,66894,04659,13,17
39035180103,39,035,180103,3102,3007,41,21,2,31,0,2543,2471,30,19,1,22,0,624.36,657.31,66894,66894,04659,13,17
39035180104,39,035,180104,2880,2267,500,24,1,85,3,2506,2030,384,21,1,67,3,615.28,647.75,66894,66894,04659,13,17
39035181201,39,035,181201,5612,5396,16,38,2,160,0,4711,4554,13,30,2,112,0,860.85,1485,68056,68056,04470,13,6
39035181203,39,035,181203,3394,3342,4,23,3,21,1,2668,2629,2,17,3,17,0,487.53,841.01,68056,68056,04470,13,6
39035181204,39,035,181204,4981,4892,7,38,1,43,0,4206,4145,5,23,1,32,0,768.57,1325.82,68056,68056,04470,13,6
39035182103,39,035,182103,2994,2918,5,9,0,62,0,2522,2467,2,8,0,45,0,729.68,742.83,71416,71416,04463,15,6
39035182104,39,035,182104,3032,2948,0,25,10,49,0,2502,2443,0,17,3,39,0,723.89,736.94,71416,71416,04463,15,6
39035182105,39,035,182105,3636,3543,8,7,3,75,0,3033,2959,3,5,3,63,0,877.53,893.34,71416,71416,04463,15,6
39035182106,39,035,182106,2677,2634,1,15,1,26,0,2108,2079,1,9,1,18,0,609.9,620.89,71416,71416,04463,15,6
39035183401,39,035,183401,2368,1727,568,28,4,36,5,1770,1293,435,11,4,25,2,673.1,407.82,71682,71682,04475,1,13
39035183402,39,035,183402,1777,345,1370,24,20,16,2,1416,315,1058,16,13,14,0,412.98,129.45,71682,71682,04475,1,13
39035183501,39,035,183501,2813,2411,315,23,2,62,0,2515,2184,261,20,2,48,0,956.41,579.48,71682,71682,04475,1,13
39035183502,39,035,183502,3845,2933,795,48,5,61,3,2875,2161,635,35,5,38,1,1093.31,662.42,71682,71682,04475,1,13
39035183603,39,035,183603,2038,73,1942,10,3,8,2,1496,64,1418,6,3,3,2,568.9,344.69,71682,71682,04475,1,13
39035183604,39,035,183604,3137,893,2129,41,8,52,14,2323,695,1562,27,5,32,2,883.39,535.24,71682,71682,04475,1,13
39035183605,39,035,183605,2672,1825,742,40,2,56,7,2011,1372,568,26,2,39,4,764.75,463.35,71682,71682,04475,1,13
39035183606,39,035,183606,1772,1051,628,28,5,54,6,1322,826,447,16,5,26,2,502.73,304.6,71682,71682,04475,1,13
39035184103,39,035,184103,4204,3830,188,22,3,158,3,2888,2634,129,18,3,103,1,652.71,883.13,72928,72928,04660,13,17
39035184104,39,035,184104,1427,1333,71,3,0,20,0,1075,1015,47,3,0,10,0,242.96,328.73,72928,72928,04660,13,17
39035184105,39,035,184105,3847,3544,154,21,1,127,0,2708,2504,104,16,1,83,0,612.03,828.09,72928,72928,04660,13,17
39035184106,39,035,184106,2572,2487,30,12,5,38,0,1990,1938,19,6,3,24,0,449.76,608.53,72928,72928,04660,13,17
39035184107,39,035,184107,2470,2325,68,11,0,66,0,1846,1752,46,7,0,41,0,417.21,564.5,72928,72928,04660,13,17
39035184108,39,035,184108,4028,3815,107,16,0,90,0,2904,2762,75,12,0,55,0,656.33,888.03,72928,72928,04660,13,17
39035185101,39,035,185101,3085,2248,737,28,0,72,0,2284,1720,498,13,0,53,0,736.65,522.18,73264,73264,04479,13,13
39035185102,39,035,185102,2879,2701,129,22,2,25,0,2276,2146,95,14,2,19,0,734.07,520.35,73264,73264,04479,13,13
39035185103,39,035,185103,2672,2503,95,29,5,40,0,2008,1898,59,21,3,27,0,647.63,459.08,73264,73264,04479,13,13
39035185104,39,035,185104,4197,3948,130,23,6,89,1,3208,3038,88,18,5,58,1,1034.66,733.43,73264,73264,04479,13,13
39035185201,39,035,185201,1688,1026,614,24,0,24,0,1344,911,404,13,0,16,0,433.48,307.27,73264,73264,04379,13,13
39035185202,39,035,185202,5343,4844,380,38,6,75,0,4161,3826,254,29,3,49,0,1342.03,951.31,73264,73264,04479,13,13
39035185203,39,035,185203,4069,3915,77,34,9,30,4,3164,3058,54,27,5,20,0,1020.47,723.37,73264,73264,04479,13,13
39035186103,39,035,186103,2602,2557,3,12,7,21,2,1993,1962,3,7,3,18,0,402.9,555.68,75098,75098,04484,15,6
39035186104,39,035,186104,2694,2608,16,22,0,48,0,2070,2012,12,14,0,32,0,418.47,577.15,75098,75098,04484,15,17
39035186105,39,035,186105,3798,3682,15,46,2,53,0,2814,2726,13,30,2,43,0,568.88,784.58,75098,75098,04484,15,6
39035186106,39,035,186106,3808,3593,46,61,7,101,0,3355,3196,35,44,6,74,0,678.24,935.42,75098,75098,04484,15,17
39035186107,39,035,186107,4849,4706,18,39,3,82,1,3551,3461,10,22,3,55,0,717.87,990.07,75098,75098,04484,15,17
39035186201,39,035,186201,5323,5080,46,38,1,158,0,3778,3625,32,24,1,96,0,763.76,1053.36,75098,75098,04484,13,6
39035186202,39,035,186202,4161,3882,59,29,2,188,1,2623,2451,41,18,2,110,1,530.26,731.33,75098,75098,04484,13,6
39035186203,39,035,186203,3910,3731,32,51,9,87,0,2500,2397,22,24,6,51,0,505.4,697.04,75098,75098,04484,13,6
39035186204,39,035,186204,4163,4011,27,38,3,84,0,2885,2795,16,21,1,52,0,583.23,804.38,75098,75098,04484,13,6
39035187103,39,035,187103,3321,1841,1375,43,9,45,8,2420,1451,901,33,7,27,1,831.65,400.75,78932,78932,04379,1,13
39035187104,39,035,187104,3860,3028,702,49,1,76,4,2971,2396,485,32,1,56,1,1021,492,78932,78932,04379,1,13
39035187105,39,035,187105,4164,3899,174,36,0,54,1,3664,3465,122,30,0,46,1,1259.16,606.76,78932,78932,04379,13,13
39035187106,39,035,187106,3397,3188,138,20,0,51,0,2666,2510,107,14,0,35,0,916.19,441.49,78932,78932,04379,13,13
39035188103,39,035,188103,4248,205,3992,19,5,6,21,3226,190,3004,16,5,5,6,1259.61,185.94,80990,80990,04500,1,13
39035188104,39,035,188104,2198,244,1929,12,4,7,2,1725,238,1471,7,4,5,0,673.54,99.42,80990,80990,04500,1,13
39035188105,39,035,188105,3717,425,3240,23,4,18,7,2934,399,2500,14,4,14,3,1145.6,169.11,80990,80990,04500,1,13
39035188106,39,035,188106,2849,212,2619,10,0,5,3,1936,185,1737,9,0,2,3,755.92,111.58,80990,80990,04500,1,13
39035188107,39,035,188107,2733,404,2190,20,6,102,11,1873,360,1421,15,3,70,4,731.33,107.95,80990,80990,04500,1,13
39035189103,39,035,189103,7998,7525,71,81,7,313,1,6310,5991,55,55,3,206,0,1085.54,1778.99,83622,83622,04506,13,6
39035189104,39,035,189104,6016,5710,47,61,7,190,1,4433,4236,32,36,4,125,0,762.63,1249.8,83622,83622,04506,13,6
39035189105,39,035,189105,3892,3789,6,26,1,70,0,2994,2926,3,17,1,47,0,515.07,844.1,83622,83622,04506,13,6
39035189107,39,035,189107,5462,5310,15,61,2,73,1,4263,4165,9,43,1,44,1,733.39,1201.87,83622,83622,04506,13,6
39035189108,39,035,189108,3650,3466,22,26,0,132,4,2583,2479,12,18,0,72,2,444.37,728.23,83622,83622,04506,13,6
39035190501,39,035,190501,6093,5915,43,73,2,55,5,4198,4075,37,48,2,35,1,928.08,890.83,58422,58408,04657,13,6
39035190502,39,035,190502,2293,2284,2,2,1,4,0,2112,2103,2,2,1,4,0,466.92,448.17,58422,58408,04657,13,6
39037005001,39,037,005001,4396,4354,10,24,7,1,0,2917,2900,5,8,4,0,0,165,279,55818,1294,04662,18,12
39037005101,39,037,005101,4667,4478,41,127,11,10,0,3324,3210,32,71,7,4,0,153,242,78624,37758,04667,18,12
39037005201,39,037,005201,3674,3644,8,16,5,1,0,2573,2551,7,10,4,1,0,106,120,2120,9414,04662,18,12
39037005301,39,037,005301,3927,3903,0,10,2,12,0,2831,2813,0,8,2,8,0,627,961,79912,82152,04563,18,12
39037005401,39,037,005401,3477,3449,1,18,4,5,0,2413,2400,1,5,3,4,0,395,628,8084,254,04409,18,12
39037005501,39,037,005501,3416,3391,1,23,0,0,1,2437,2422,1,13,0,0,1,451.91,727.32,NA,32354,04409,18,12
39037005550,39,037,005550,5401,5314,9,23,11,43,1,4230,4177,5,15,6,27,0,784.4,1262.44,32340,32354,04409,18,12
39037005601,39,037,005601,7627,7525,41,28,10,12,11,5439,5363,33,19,8,9,7,351,580,82348,33810,04668,18,12
39037555101,39,037,555101,4103,4019,35,31,10,4,4,3248,3196,22,16,10,3,1,602.3,969.36,32340,32354,04409,18,12
39037555102,39,037,555102,4382,4297,29,29,17,7,3,3243,3183,20,18,16,5,1,601.38,967.87,32340,32354,04409,18,12
39037570101,39,037,570101,2919,2896,1,9,9,4,0,2070,2048,1,8,9,4,0,204,422,NA,79380,04664,18,12
39037570102,39,037,570102,5630,5604,7,5,4,10,0,4088,4071,4,3,3,7,0,491,1103,2330,77980,04663,18,12
39039009581,39,039,009581,4595,4386,24,174,3,7,1,3207,3079,16,104,3,5,0,145,296,21308,66670,04672,21,5
39039009582,39,039,009582,4314,4235,2,70,4,3,0,3001,2955,0,40,3,3,0,100,215,55874,81200,04671,21,5
39039009583,39,039,009583,4354,4234,5,106,6,1,2,3167,3103,2,55,6,1,0,525,946,35098,35112,04541,21,5
39039009584,39,039,009584,3874,3795,8,56,10,2,3,2727,2672,5,41,7,2,0,153,207,72256,21420,04671,21,5
39039009585,39,039,009585,4395,3881,129,341,8,28,8,3361,3022,106,201,7,21,4,295,375,21308,56014,04386,21,5
39039009586,39,039,009586,3828,3212,62,541,4,6,3,2654,2322,36,288,4,3,1,1222.85,1678.15,21308,21322,04386,21,5
39039009587,39,039,009587,4487,4023,98,324,7,35,0,3245,2953,73,191,4,24,0,1495.15,2051.85,21308,21322,04386,21,5
39039009588,39,039,009588,4311,3326,108,843,14,16,4,3051,2472,73,488,8,7,3,380,543,21308,21322,04386,21,5
39039009589,39,039,009589,5192,4907,36,218,7,20,4,3658,3493,25,115,7,16,2,374,582,21308,35196,04670,21,5
39041000101,39,041,000101,3294,3194,57,19,11,12,1,2517,2458,34,11,6,8,0,430.41,592.58,21434,21448,04387,6,1
39041000102,39,041,000102,3461,3390,42,17,4,6,2,2453,2414,25,7,3,4,0,419.46,577.51,21434,21448,04387,6,1
39041000103,39,041,000103,2709,2352,208,38,7,100,4,2369,2069,161,30,7,99,3,405.1,557.74,21434,21448,04387,6,1
39041000104,39,041,000104,4770,4601,123,28,3,12,3,3638,3528,84,15,3,8,0,622.1,856.5,21434,21448,04387,6,1
39041000105,39,041,000105,6794,6226,472,50,12,25,9,4947,4559,325,31,10,21,1,845.94,1164.68,21434,21448,04387,6,1
39041000111,39,041,000111,5605,5513,26,44,11,11,0,4036,3983,11,24,11,7,0,131,300,2582,9428,04675,6,1
39041000112,39,041,000112,6341,6263,54,19,2,2,1,4601,4550,35,12,2,2,0,155,386,58940,70842,04675,6,1
39041000115,39,041,000115,5774,5676,47,18,4,27,2,4140,4073,34,9,4,18,2,353,960,83342,58618,04676,6,1
39041000116,39,041,000116,6026,5969,13,16,15,12,1,4265,4239,6,4,10,6,0,184,504,75602,5774,04674,6,1
39041000117,39,041,000117,8614,8479,50,27,17,37,4,6253,6167,33,16,14,23,0,339,816,83342,29694,04674,6,1
39041011410,39,041,011410,7597,7211,281,36,7,55,7,5014,4846,110,16,4,36,2,693,1901,71976,18140,04702,6,1
39041011420,39,041,011420,5944,5796,38,24,8,78,0,4290,4191,26,14,6,53,0,600,1728,64486,43106,04676,6,1
39043000000,39,043,000000,0,0,0,0,0,0,0,0,0,0,0,0,0,0,0,0,NA,NA,99998,21,5
39043000401,39,043,000401,5771,5684,1,60,14,10,2,4275,4225,0,33,9,6,2,1006.7,1018.78,79716,79730,04682,21,5
39043000402,39,043,000402,3763,3720,0,33,2,8,0,2804,2783,0,15,2,4,0,660.3,668.22,NA,79730,04682,21,5
39043000403,39,043,000403,5420,5327,5,69,13,4,2,3924,3866,4,44,7,3,0,484,609,5900,5802,04678,21,5
39043000404,39,043,000404,4684,4592,16,38,4,32,2,3615,3555,16,21,4,19,0,782.2,1076.12,37016,37030,04413,21,5
39043000405,39,043,000405,4483,4403,8,43,16,13,0,3285,3235,4,27,10,9,0,710.8,977.88,37016,37030,04413,21,5
39043000406,39,043,000406,860,859,0,1,0,0,0,705,704,0,1,0,0,0,163.47,184.02,39662,39662,04679,21,5
39043000407,39,043,000407,4126,3184,828,92,11,6,5,3087,2493,527,53,8,4,2,847.73,614.69,70380,70380,04474,21,5
39043000408,39,043,000408,5506,4476,845,148,11,16,10,4121,3470,529,97,9,15,1,1131.68,820.58,70380,70380,04474,21,5
39043000409,39,043,000409,3632,3302,236,77,4,9,4,2768,2570,140,49,3,6,0,422.1,366.82,70380,70380,04474,21,5
39043000410,39,043,000410,3637,2178,1285,137,13,6,18,2532,1590,862,67,7,3,3,695.32,504.18,70380,70380,04474,21,5
39043000411,39,043,000411,4942,4143,685,88,5,8,13,3342,2902,382,45,5,6,2,917.76,665.47,70380,70380,04474,21,5
39043000412,39,043,000412,3190,2108,1018,51,3,10,0,2314,1622,650,31,2,9,0,635.45,460.77,70380,70380,04474,21,5
39043000413,39,043,000413,4069,3203,740,89,11,17,9,3070,2525,473,52,9,11,0,843.06,611.31,70380,70380,04474,21,5
39043000414,39,043,000414,3360,2800,492,26,4,31,7,2604,2212,351,20,3,18,0,603.8,679.68,70422,61714,04681,21,5
39043000415,39,043,000415,2519,2423,14,25,6,50,1,1890,1834,8,16,2,29,1,438.24,493.32,70422,61714,04681,21,5
39043000416,39,043,000416,4746,4609,60,41,5,28,3,3517,3424,42,29,3,19,0,815.5,917.99,70422,61714,04681,21,5
39043000417,39,043,000417,6527,6357,22,133,11,3,1,4793,4669,19,95,9,1,0,730.9,635.18,4402,47572,04680,21,5
39043000418,39,043,000418,5544,5493,9,29,7,5,1,4031,3994,6,22,6,3,0,175,203,50134,50148,04678,21,5
39045000301,39,045,000301,3642,3595,12,20,13,2,0,2783,2753,6,12,10,2,0,449.88,785.94,26110,80570,04690,4,10
39045000302,39,045,000302,2540,2524,4,11,1,0,0,1838,1826,4,7,1,0,0,297.12,519.06,76764,80570,04688,4,10
39045000303,39,045,000303,3273,3241,4,22,2,4,0,2365,2344,0,16,2,3,0,413.73,764.41,3758,43120,04688,4,10
39045000304,39,045,000304,3485,3428,17,21,7,11,1,2511,2476,10,9,7,8,1,439.27,811.59,3758,43120,04688,4,10
39045000305,39,045,000305,10323,9975,156,62,10,120,0,7059,6818,110,38,9,84,0,980.67,2580.68,62498,80206,04689,4,10
39045000306,39,045,000306,8930,8730,81,57,15,43,4,6128,6008,49,37,8,25,1,851.33,2240.32,62498,80206,04689,4,10
39045000307,39,045,000307,2173,2153,4,1,10,5,0,1609,1598,3,1,4,3,0,261.74,690.61,44086,6950,04686,4,10
39045000308,39,045,000308,3615,3575,4,18,6,7,5,2608,2582,3,12,1,5,5,424.26,1119.39,NA,6950,04686,4,10
39045000309,39,045,000309,4681,4662,8,6,4,1,0,3533,3518,7,5,2,1,0,626,1144,12252,32060,04686,4,10
39045000310,39,045,000310,4634,4603,6,5,7,13,0,3351,3331,4,3,5,8,0,804,1812,63716,63240,04687,4,10
39045000311,39,045,000311,5228,5184,11,18,10,5,0,3693,3667,9,7,6,4,0,460,833,8392,69120,04687,4,10
39045000312,39,045,000312,4523,4488,5,11,7,11,1,3248,3224,3,5,7,8,1,655,967,75252,5956,04685,4,10
39045000313,39,045,000313,3368,3325,8,14,7,13,1,2533,2506,7,8,3,9,0,552.48,804.61,41720,41720,04420,4,10
39045000314,39,045,000314,5238,5140,23,30,4,40,1,4006,3938,18,21,3,26,0,873.76,1272.5,41720,41720,04420,4,10
39045000315,39,045,000315,2135,2112,3,5,3,12,0,1815,1797,1,5,2,10,0,395.88,576.53,41720,41720,04420,4,10
39045000316,39,045,000316,5787,5698,18,35,6,30,0,4274,4221,7,16,6,24,0,207.12,314.25,41720,41720,04420,4,10
39045000317,39,045,000317,4355,4304,9,26,9,7,0,3171,3141,4,15,8,3,0,691.64,1007.27,41720,41720,04420,4,10
39045000319,39,045,000319,969,948,14,4,3,0,0,732,716,11,2,3,0,0,159.66,232.52,41720,41720,04420,4,10
39045000320,39,045,000320,2353,2318,8,6,9,12,0,1728,1709,4,2,5,8,0,376.9,548.9,41720,41720,04420,4,10
39045000321,39,045,000321,3685,3650,4,13,7,7,4,2731,2707,3,7,5,5,4,595.67,867.5,41720,41720,04420,4,10
39045000322,39,045,000322,4086,3956,70,39,7,12,2,2958,2859,59,25,4,10,1,645.18,939.61,41720,41720,04420,4,10
39045000323,39,045,000323,3983,3922,15,20,17,9,0,2961,2924,11,13,7,6,0,645.83,940.56,41720,41720,04420,4,10
39045000325,39,045,000325,5153,4460,638,39,8,6,2,4104,3434,622,37,4,5,2,198.88,301.75,41720,35812,04684,4,10
39045000326,39,045,000326,5302,5278,3,6,10,4,1,3728,3708,1,5,9,4,1,260,509,1630,1637,04684,4,10
39047009858,39,047,009858,3535,3438,82,4,1,3,7,2530,2454,65,4,1,3,3,174,280,7188,59486,10010,17,10
39047009859,39,047,009859,3839,3694,107,15,7,3,13,2772,2667,80,13,4,3,5,292,492,38920,38598,10010,17,10
39047009860,39,047,009860,3785,3694,45,23,4,19,0,2908,2844,35,14,1,14,0,78.23,187.79,81214,81214,10011,17,10
39047009861,39,047,009861,3834,3637,166,10,5,14,2,2860,2707,135,4,5,9,0,76.94,184.69,81214,81214,10011,16,10
39047009862,39,047,009862,4431,4176,196,6,17,29,7,3317,3136,146,6,10,18,1,89.23,214.21,81214,81214,10011,16,10
39047009863,39,047,009863,3906,3822,44,10,3,25,2,2885,2830,32,5,2,16,0,77.61,186.31,81214,81214,10011,16,10
39047009864,39,047,009864,4136,4083,15,21,12,5,0,2949,2918,12,12,6,1,0,77,171,54726,82166,10010,16,10
39049000005,39,049,000005,3786,3554,104,27,9,87,5,3136,2964,73,24,7,68,0,612.33,590.1,18000,18000,04380,9,16
39049000006,39,049,000006,4374,3879,242,83,22,135,13,3452,3108,163,57,15,104,5,674.03,649.56,18000,18000,04380,9,16
39049000010,39,049,000010,6018,5291,301,109,24,285,8,5185,4596,228,88,16,254,3,1012.41,975.66,18000,18000,04380,9,16
39049000012,39,049,000012,4937,4306,220,86,8,316,1,4776,4191,189,80,8,307,1,932.55,898.7,18000,18000,04380,9,16
39049000013,39,049,000013,6999,5966,582,102,10,336,3,6724,5841,471,95,8,306,3,1312.91,1265.26,18000,18000,04380,9,16
39049000014,39,049,000014,2184,266,1874,23,7,5,9,1422,207,1187,20,5,2,1,277.66,267.58,18000,18000,04380,6,16
39049000015,39,049,000015,3026,138,2792,23,3,69,1,1814,90,1678,12,2,32,0,354.2,341.34,18000,18000,04380,6,1
39049000016,39,049,000016,2383,801,1544,13,5,14,6,1409,549,836,6,4,13,1,275.12,265.13,18000,18000,04380,9,1
39049000017,39,049,000017,3081,2175,765,53,14,69,5,2573,1937,512,46,12,64,2,502.4,484.16,18000,18000,04380,9,1
39049000019,39,049,000019,5145,4783,211,60,12,75,4,4783,4473,178,52,10,68,2,933.92,900.02,18000,18000,04380,9,16
39049000020,39,049,000020,3349,2833,431,41,5,25,14,2786,2425,288,35,5,24,9,543.99,524.24,18000,18000,04380,9,16
39049000021,39,049,000021,1558,1408,110,17,5,14,4,1429,1294,99,17,5,12,2,279.02,268.9,18000,18000,04380,9,16
39049000022,39,049,000022,1923,1368,493,24,13,20,5,1457,1096,319,16,10,16,0,284.49,274.16,18000,18000,04380,9,1
39049000023,39,049,000023,2005,205,1781,2,0,15,2,1384,138,1239,1,0,6,0,270.24,260.43,18000,18000,04380,6,1
39049000026,39,049,000026,4421,1910,2442,39,10,12,8,3251,1542,1667,25,8,9,0,634.78,611.74,18000,18000,04380,6,1
39049000028,39,049,000028,3458,221,3194,14,15,5,9,2539,178,2327,9,14,3,8,495.76,477.76,18000,18000,04380,6,1
39049000029,39,049,000029,2989,157,2606,22,8,190,6,1611,105,1407,14,6,78,1,314.56,303.14,18000,18000,04380,6,1
39049000030,39,049,000030,1474,685,745,27,4,11,2,1179,586,560,21,4,8,0,230.21,221.85,18000,18000,04380,6,1
39049000032,39,049,000032,1819,1540,188,33,4,54,0,1765,1504,184,26,4,47,0,344.63,332.12,18000,18000,04380,9,16
39049000033,39,049,000033,0,0,0,0,0,0,0,0,0,0,0,0,0,0,0,0,18000,18000,04380,6,16
39049000034,39,049,000034,159,77,71,10,1,0,0,157,75,71,10,1,0,0,30.66,29.54,18000,18000,04380,6,16
39049000036,39,049,000036,2009,134,1846,18,9,1,1,1537,113,1404,11,7,1,1,300.11,289.22,18000,18000,04380,6,1
39049000037,39,049,000037,4522,593,3823,26,17,50,13,3072,472,2552,16,8,21,3,599.83,578.06,18000,18000,04380,9,1
39049000038,39,049,000038,2632,785,1791,13,9,15,19,1957,671,1252,12,9,9,4,382.12,368.25,18000,18000,04380,9,1
39049000039,39,049,000039,1212,926,225,31,3,23,4,1190,914,216,31,3,22,4,232.36,223.92,18000,18000,04380,6,1
39049000040,39,049,000040,1497,838,631,18,4,5,1,1402,788,590,14,4,5,1,273.75,263.81,18000,18000,04380,6,1
39049000041,39,049,000041,2631,1936,594,30,10,60,1,1786,1383,346,22,7,27,1,348.73,336.07,18000,18000,04380,9,1
39049000042,39,049,000042,1301,1031,218,20,4,28,0,981,775,172,17,4,13,0,191.55,184.6,18000,18000,04380,9,16
39049000043,39,049,000043,3829,3211,395,56,26,138,3,2530,2120,292,25,20,73,0,494,476.07,18000,18000,04380,9,16
39049000044,39,049,000044,1322,800,475,28,13,4,2,703,494,195,6,7,1,0,137.27,132.28,18000,18000,04380,9,1
39049000045,39,049,000045,5635,5254,246,31,11,87,6,3899,3682,138,23,8,45,3,761.31,733.68,18000,18000,04380,9,16
39049000047,39,049,000047,6055,3445,2402,66,6,123,13,4066,2317,1632,42,6,67,2,793.92,765.1,18000,18000,04380,9,1
39049000049,39,049,000049,5917,4510,1234,70,20,68,15,4202,3282,823,39,16,37,5,820.47,790.69,18000,18000,04380,9,16
39049000050,39,049,000050,4253,3952,232,27,22,17,3,2980,2753,181,17,17,11,1,581.87,560.75,18000,18000,04380,9,1
39049000051,39,049,000051,4497,2683,1646,31,23,103,11,2875,1965,831,16,15,47,1,561.37,540.99,18000,18000,04380,9,1
39049000052,39,049,000052,2628,2396,180,28,7,11,6,2321,2135,146,26,5,9,0,453.19,436.74,18000,18000,04380,6,16
39049000053,39,049,000053,4458,745,3595,40,10,50,18,2872,598,2205,29,8,28,4,560.78,540.43,18000,18000,04380,9,1
39049000055,39,049,000055,5989,697,5185,38,28,30,11,4082,527,3491,26,19,17,2,797.04,768.11,18000,18000,04380,9,1
39049000057,39,049,000057,3375,3238,73,27,9,25,3,2981,2877,56,17,9,20,2,582.06,560.94,18000,18000,04380,6,16
39049000059,39,049,000059,3227,1726,1425,24,6,36,10,2138,1266,825,15,6,23,3,417.46,402.31,18000,18000,04380,9,1
39049000060,39,049,000060,2966,1935,946,31,8,42,4,1865,1360,463,13,7,19,3,364.16,350.94,18000,18000,04380,9,1
39049000061,39,049,000061,3638,3196,334,30,49,22,7,2502,2202,230,18,35,15,2,488.53,470.8,18000,18000,04380,9,16
39049000065,39,049,000065,3427,3350,3,23,4,47,0,2475,2418,1,19,2,35,0,474.67,1217.65,79002,79002,04493,9,16
39049000066,39,049,000066,3975,3902,6,29,4,33,1,3072,3021,4,18,4,25,0,589.16,1511.37,79002,79002,04493,9,16
39049000072,39,049,000072,4549,4478,34,16,6,15,0,3412,3360,26,10,5,11,0,532,1359,53970,62974,04699,6,1
39049000076,39,049,000076,1327,353,953,10,7,3,1,1026,280,733,7,3,3,0,200.33,193.06,18000,18000,04380,6,1
39049000080,39,049,000080,2839,2803,12,13,1,10,0,1899,1878,7,6,1,7,0,208,483,41363,9442,04701,9,16
39049000084,39,049,000084,3039,2993,7,26,1,12,0,2344,2308,5,20,1,10,0,573.86,752.33,31304,31304,04407,9,16
39049000085,39,049,000085,4604,4450,36,64,6,38,10,3448,3341,24,49,2,27,5,844.14,1106.67,31304,31304,04407,9,16
39049000089,39,049,000089,4959,4643,227,44,3,41,1,3842,3594,187,28,3,30,0,1013.27,1295.35,6278,6278,04362,6,1
39049000090,39,049,000090,3353,3237,57,24,0,34,1,2427,2335,47,20,0,25,0,640.08,818.27,6278,6278,04362,6,1
39049000091,39,049,000091,4776,4553,176,27,0,16,4,3415,3274,111,18,0,10,2,900.65,1151.38,6278,6278,04362,6,1
39049000096,39,049,000096,4311,3566,632,26,15,72,0,3169,2696,410,19,9,35,0,438.74,870.93,32592,37772,04480,9,16
39049000098,39,049,000098,6604,6543,17,24,11,8,1,4829,4785,14,13,10,6,1,723,1573,33740,63254,04480,9,16
39049000110,39,049,000110,3666,3606,20,20,4,14,2,3050,3002,16,16,4,12,0,595.54,573.92,18000,18000,04380,9,16
39049000120,39,049,000120,3236,3195,6,7,2,26,0,2743,2713,3,5,2,20,0,535.59,516.15,18000,18000,04380,9,16
39049000210,39,049,000210,3091,3029,10,27,1,23,1,2457,2406,9,22,1,18,1,479.75,462.33,18000,18000,04380,9,16
39049000220,39,049,000220,4155,4065,24,31,2,33,0,3129,3065,17,21,2,24,0,610.96,588.78,18000,18000,04380,9,16
39049000310,39,049,000310,3604,3286,240,33,6,32,7,2778,2561,153,30,3,31,0,542.43,522.74,18000,18000,04380,6,16
39049000320,39,049,000320,2645,2559,35,14,5,28,4,2082,2023,25,10,2,22,0,406.53,391.77,18000,18000,04380,6,16
39049000330,39,049,000330,2680,2434,187,24,2,32,1,2002,1850,113,17,1,20,1,390.91,376.72,18000,18000,04380,6,16
39049000410,39,049,000410,2836,2724,42,36,5,25,4,2309,2235,27,23,3,21,0,450.85,434.49,18000,18000,04380,9,16
39049000420,39,049,000420,3452,3339,33,44,5,29,2,2731,2652,22,32,3,22,0,533.25,513.89,18000,18000,04380,9,16
39049000710,39,049,000710,3615,2969,572,35,9,19,11,2680,2279,357,21,9,13,1,523.29,504.3,18000,18000,04380,6,16
39049000720,39,049,000720,3177,956,2142,38,8,30,3,2212,717,1449,22,5,19,0,431.91,416.23,18000,18000,04380,6,16
39049000730,39,049,000730,4660,196,4388,44,7,18,7,3038,145,2851,27,4,10,1,593.19,571.66,18000,18000,04380,6,1
39049000810,39,049,000810,2870,2540,239,24,7,56,4,2156,1938,159,15,6,37,1,420.98,405.7,18000,18000,04380,6,16
39049000820,39,049,000820,3586,2566,957,34,10,17,2,2541,1924,578,18,6,15,0,496.15,478.14,18000,18000,04380,6,1
39049000910,39,049,000910,4344,1582,2685,29,14,15,19,2937,1166,1733,16,11,10,1,573.47,552.66,18000,18000,04380,6,1
39049000920,39,049,000920,2996,1406,1530,14,18,18,10,1928,988,904,8,14,13,1,376.46,362.79,18000,18000,04380,6,1
39049001110,39,049,001110,3733,3128,140,63,3,394,5,3662,3084,125,62,3,384,4,715.03,689.08,18000,18000,04380,9,16
39049001120,39,049,001120,9976,8210,904,221,15,621,5,9921,8170,899,220,15,612,5,1937.15,1866.84,18000,18000,04380,9,16
39049001810,39,049,001810,4062,3449,181,91,7,330,4,3973,3389,171,87,6,317,3,775.76,747.6,18000,18000,04380,9,16
39049001820,39,049,001820,2701,2368,207,44,2,76,4,2433,2171,150,37,2,71,2,475.06,457.82,18000,18000,04380,9,16
39049002510,39,049,002510,2110,170,1918,10,3,9,0,1621,137,1466,9,2,7,0,316.51,305.02,18000,18000,04380,6,1
39049002520,39,049,002520,3412,361,2983,20,12,26,10,2649,346,2259,17,4,19,4,517.24,498.46,18000,18000,04380,6,1
39049002710,39,049,002710,4254,1948,2146,65,8,57,30,3039,1480,1464,45,6,33,11,593.39,571.85,18000,18000,04380,6,1
39049002720,39,049,002720,880,714,148,13,0,4,1,730,604,109,13,0,4,0,142.54,137.36,18000,18000,04380,6,1
39049002730,39,049,002730,2156,1604,499,27,4,19,3,1681,1301,344,19,3,14,0,328.23,316.31,18000,18000,04380,6,1
39049002740,39,049,002740,1473,1373,80,6,1,13,0,1181,1113,55,3,1,9,0,230.6,222.23,18000,18000,04380,6,1
39049002750,39,049,002750,2606,1780,748,49,11,12,6,1868,1399,420,28,9,11,1,364.74,351.5,18000,18000,04380,6,1
39049002760,39,049,002760,3297,2771,444,33,3,46,0,2766,2353,347,28,2,36,0,540.08,520.48,18000,18000,04380,6,1
39049002770,39,049,002770,1991,1554,377,16,4,37,3,1631,1279,313,12,4,23,0,318.47,306.91,18000,18000,04380,6,1
39049002780,39,049,002780,2433,1890,527,6,1,4,5,2098,1675,415,3,1,3,1,409.65,394.78,18000,18000,04380,6,1
39049004610,39,049,004610,3727,3614,78,13,4,18,0,2876,2797,50,9,4,16,0,561.56,541.18,18000,18000,04380,9,16
39049004620,39,049,004620,3109,2697,321,15,22,46,8,2099,1837,209,7,16,26,4,409.85,394.97,18000,18000,04380,9,16
39049004810,39,049,004810,2967,2820,77,14,2,51,3,2265,2176,50,7,2,28,2,442.26,426.21,18000,18000,04380,9,16
39049004820,39,049,004820,2992,2453,459,20,15,36,9,2087,1708,336,11,9,17,6,407.5,392.71,18000,18000,04380,9,16
39049005410,39,049,005410,2242,150,2049,31,2,9,1,1444,108,1317,14,1,4,0,281.95,271.72,18000,18000,04380,9,1
39049005420,39,049,005420,2964,160,2770,21,0,8,5,2003,111,1873,13,0,6,0,391.1,376.91,18000,18000,04380,9,1
39049005610,39,049,005610,2864,1558,1227,27,7,35,10,1814,1037,734,14,7,21,1,354.2,341.34,18000,18000,04380,9,1
39049005620,39,049,005620,3153,2529,571,20,3,27,3,2154,1802,321,13,3,15,0,420.58,405.32,18000,18000,04380,9,1
39049005810,39,049,005810,3117,2954,88,14,8,52,1,2489,2378,57,13,5,35,1,486,468.36,18000,18000,04380,9,16
39049005820,39,049,005820,3111,3007,29,22,16,27,10,2269,2198,21,13,14,21,2,443.04,426.96,18000,18000,04380,9,16
39049006210,39,049,006210,8824,8070,73,76,3,602,0,5845,5372,45,49,3,376,0,524.63,1459.76,22694,81242,04702,9,1
39049006220,39,049,006220,5178,4880,53,38,3,203,1,3788,3589,39,25,3,132,0,340,946.04,22694,81242,04702,9,1
39049006230,39,049,006230,1524,1496,8,4,8,8,0,1174,1154,6,2,8,4,0,105.37,293.2,22694,81242,04701,9,1
39049006310,39,049,006310,4512,4329,7,17,2,157,0,3627,3483,6,15,2,121,0,695.6,1784.42,79002,79002,04493,9,16
39049006321,39,049,006321,4487,4283,24,33,2,139,6,3446,3308,19,26,0,92,1,660.89,1695.37,79002,79002,04493,9,16
39049006323,39,049,006323,3329,3220,12,36,4,57,0,2786,2702,12,24,2,46,0,534.31,1370.66,79002,79002,04493,9,16
39049006330,39,049,006330,4851,4746,11,35,0,56,3,3674,3606,6,24,0,35,3,704.62,1807.54,79002,79002,04493,9,16
39049006340,39,049,006340,3241,3024,14,24,2,177,0,2422,2278,11,17,1,115,0,464.5,1191.58,79002,79002,04493,9,16
39049006351,39,049,006351,4056,3797,107,50,3,91,8,3346,3160,75,39,3,66,3,653.33,629.62,18000,18000,04380,9,16
39049006352,39,049,006352,2581,2310,66,51,3,149,2,2405,2181,56,43,3,120,2,469.59,452.55,18000,18000,04380,9,16
39049006353,39,049,006353,4245,3899,108,77,8,153,0,3794,3507,82,66,6,133,0,740.81,713.92,18000,18000,04380,9,16
39049006360,39,049,006360,5316,4834,109,67,6,300,0,4225,3872,85,51,6,211,0,824.96,795.02,18000,18000,04380,9,16
39049006370,39,049,006370,9958,9021,177,130,1,623,6,7624,6962,124,90,1,446,1,1488.64,1434.61,18000,18000,04702,9,16
39049006381,39,049,006381,20554,18614,495,233,40,1150,22,14186,13024,316,144,25,675,2,2769.93,2669.38,18000,18000,04513,9,1
39049006382,39,049,006382,8004,7315,149,91,2,442,5,6019,5531,115,70,2,300,1,1175.26,1132.6,18000,61840,04513,9,16
39049006391,39,049,006391,4215,4042,40,14,1,118,0,3048,2935,30,12,0,71,0,567,1521,18000,61840,04513,9,1
39049006392,39,049,006392,4718,4336,49,23,0,307,3,3089,2848,37,14,0,189,1,603.15,581.26,18000,18000,04513,9,16
39049006410,39,049,006410,2679,2578,17,26,2,56,0,2206,2136,12,18,2,38,0,423.08,1085.31,79002,79002,04493,9,16
39049006420,39,049,006420,1318,1281,1,7,2,27,0,1112,1080,1,7,2,22,0,213.26,547.08,79002,79002,04493,9,16
39049006430,39,049,006430,2994,2900,5,31,2,56,0,2179,2120,4,16,2,37,0,417.9,1072.03,79002,79002,04493,9,16
39049006710,39,049,006710,2856,2645,155,24,3,27,2,2168,2013,120,16,2,17,0,647.21,1172.57,86604,71787,04513,9,16
39049006721,39,049,006721,3736,3473,43,35,4,179,2,2747,2600,12,19,2,114,0,820.06,1485.72,86604,71787,04513,9,16
39049006722,39,049,006722,3130,2929,99,12,2,82,6,2416,2300,62,7,2,43,2,721.24,1306.7,86604,71787,04513,9,16
39049006810,39,049,006810,2465,2391,21,27,1,24,1,1820,1773,10,19,1,16,1,543.32,984.35,86604,71787,04513,9,16
39049006821,39,049,006821,3513,3214,154,23,10,101,11,2992,2770,113,16,8,80,5,584.21,563.01,18000,18000,04380,9,16
39049006822,39,049,006822,1953,1893,15,22,2,21,0,1580,1540,11,15,2,12,0,308.51,297.31,18000,18000,04380,9,16
39049006823,39,049,006823,1311,1223,55,11,2,19,1,1181,1103,50,7,2,19,0,230.6,222.23,18000,18000,04380,9,16
39049006830,39,049,006830,414,370,34,7,1,0,2,228,207,15,4,0,0,2,44.52,42.9,18000,18000,04380,9,16
39049006910,39,049,006910,1528,1473,5,5,6,37,2,1240,1199,3,1,5,32,0,370.17,670.66,67440,71787,04513,9,16
39049006921,39,049,006921,3681,3400,165,47,5,56,8,2998,2790,127,31,2,43,5,585.38,564.13,18000,18000,04380,6,16
39049006923,39,049,006923,3257,3056,155,4,2,39,1,2637,2503,101,3,2,28,0,514.89,496.21,18000,18000,04380,6,16
39049006924,39,049,006924,3900,3551,252,41,2,53,1,3244,2970,197,31,2,43,1,633.42,610.42,18000,18000,04380,6,16
39049006931,39,049,006931,5866,4952,739,70,17,77,11,4563,3938,506,46,13,58,2,890.96,858.62,18000,18000,04380,6,1
39049006932,39,049,006932,5724,4829,687,64,8,127,9,4341,3735,469,48,4,84,1,847.61,816.85,18000,18000,04380,6,16
39049006933,39,049,006933,4552,2971,1413,67,13,80,8,3599,2421,1048,45,10,68,7,702.73,677.22,18000,18000,04380,6,1
39049006941,39,049,006941,1242,1072,113,20,0,33,4,1155,1016,86,19,0,31,3,225.52,217.34,18000,18000,04513,6,16
39049006942,39,049,006942,1311,1178,112,15,0,6,0,961,869,78,10,0,4,0,187.64,180.83,18000,18000,04380,6,1
39049006943,39,049,006943,4819,4414,294,62,2,43,4,3608,3348,194,33,2,31,0,704.49,678.92,18000,18000,04380,6,1
39049006944,39,049,006944,4527,4137,265,47,3,72,3,3561,3279,193,35,2,51,1,695.31,670.07,18000,18000,04380,6,1
39049006945,39,049,006945,4886,4091,577,78,9,116,15,3936,3365,414,52,7,93,5,768.53,740.64,18000,18000,04380,6,1
39049006950,39,049,006950,2125,2045,10,14,1,55,0,1660,1598,7,11,1,43,0,324.13,312.36,18000,71787,04380,9,16
39049006990,39,049,006990,21297,19464,989,253,32,551,8,16083,14751,732,177,24,395,4,3140.33,3026.34,18000,18000,04504,6,1
39049007010,39,049,007010,3745,3554,118,29,6,28,10,2981,2851,80,23,5,19,3,578.72,1332.91,83342,83342,04504,6,1
39049007020,39,049,007020,6548,6379,77,36,8,45,3,4789,4689,49,21,5,25,0,929.72,2141.33,83342,83342,04504,6,1
39049007111,39,049,007111,8302,7423,651,100,10,110,8,6511,5895,453,66,10,86,1,1271.32,1225.18,18000,18000,04504,6,1
39049007112,39,049,007112,3137,2881,177,23,7,47,2,2359,2193,117,16,4,29,0,460.61,443.89,50862,6922,04504,6,16
39049007113,39,049,007113,3630,3097,411,41,4,70,7,2440,2108,250,27,4,49,2,476.43,459.14,18000,18000,04504,6,1
39049007120,39,049,007120,5283,4996,155,77,11,33,11,3600,3426,95,45,6,23,5,564.33,1177.02,36624,6922,04504,6,1
39049007130,39,049,007130,8730,7523,917,98,18,161,13,6338,5480,653,69,12,119,5,1237.54,1192.62,18000,18000,04504,6,1
39049007192,39,049,007192,6991,6513,299,55,13,106,5,5331,4987,224,36,10,73,1,835.67,1742.98,18000,6922,04504,6,1
39049007193,39,049,007193,6751,6520,88,53,1,89,0,4567,4419,56,27,1,64,0,886.62,2042.07,83342,83342,04504,6,1
39049007194,39,049,007194,6805,6560,121,38,0,86,0,4754,4582,83,25,0,64,0,922.93,2125.68,83342,83342,04504,6,1
39049007390,39,049,007390,6850,6520,186,33,4,105,2,4794,4566,128,24,4,72,0,493,1248,29106,38612,04696,6,1
39049007410,39,049,007410,347,330,12,0,5,0,0,262,251,7,0,4,0,0,51.16,49.3,18000,18000,04696,6,1
39049007422,39,049,007422,7276,6755,386,47,6,77,5,5341,4992,265,29,6,47,2,796.48,1559.55,29106,50064,04696,6,1
39049007424,39,049,007424,5351,5024,248,51,7,17,4,3883,3665,166,31,4,14,3,579.05,1133.82,29106,50064,04696,6,1
39049007425,39,049,007425,3296,3047,194,20,8,26,1,2436,2268,132,14,7,15,0,363.27,711.3,29106,50064,04696,6,1
39049007490,39,049,007490,6820,6073,569,58,5,106,9,4333,3882,341,31,5,68,6,646.16,1265.22,29106,50064,04696,6,1
39049007511,39,049,007511,2481,439,2013,9,11,4,5,1596,331,1245,8,9,1,2,311.63,300.32,18000,18000,04380,6,1
39049007512,39,049,007512,4672,390,4248,14,9,2,9,3329,326,2985,8,5,2,3,650.01,626.42,18000,18000,04380,6,1
39049007520,39,049,007520,3573,1440,2074,21,14,6,18,2280,1037,1208,15,10,6,4,445.19,429.03,29106,50064,04380,6,1
39049007531,39,049,007531,2604,2010,522,44,5,21,2,2098,1638,401,36,3,19,1,312.86,612.61,18000,18000,04380,6,16
39049007532,39,049,007532,2100,901,1145,31,2,20,1,1417,655,726,18,2,16,0,276.68,266.64,18000,18000,04380,6,1
39049007533,39,049,007533,1881,394,1437,34,2,10,4,1283,330,923,19,2,8,1,250.52,241.42,18000,18000,04380,6,1
39049007534,39,049,007534,2806,1180,1569,28,0,25,4,1679,841,808,18,0,12,0,327.84,315.94,29106,50064,04380,6,1
39049007540,39,049,007540,3733,375,3264,59,8,15,12,2327,310,1965,31,6,12,3,454.36,437.87,18000,18000,04380,6,1
39049007550,39,049,007550,2246,647,1520,24,1,48,6,1738,601,1067,21,1,48,0,259.18,507.49,18000,50064,04380,6,1
39049007710,39,049,007710,4682,3918,668,41,19,32,4,3439,2968,409,26,16,19,1,671.49,647.12,18000,18000,04380,6,16
39049007721,39,049,007721,5398,3725,1472,88,23,77,13,4314,3080,1085,68,19,59,3,842.34,811.77,18000,18000,04380,6,1
39049007722,39,049,007722,3528,3109,323,26,8,62,0,2842,2504,269,21,6,42,0,554.92,534.78,18000,16112,04380,6,16
39049007730,39,049,007730,2941,2664,190,22,0,64,1,2458,2270,125,15,0,48,0,479.94,462.52,18000,18000,04380,6,16
39049007740,39,049,007740,1799,1744,32,10,2,11,0,1626,1588,22,6,2,8,0,317.49,305.96,18000,18000,04380,6,16
39049007811,39,049,007811,4211,3990,61,39,1,118,2,3555,3377,45,29,1,103,0,694.14,668.95,18000,18000,04380,9,16
39049007812,39,049,007812,3920,3626,125,26,1,141,1,3546,3303,103,26,1,113,0,692.38,667.25,18000,18000,04380,9,16
39049007820,39,049,007820,4660,2772,366,141,7,1367,7,4055,2623,283,114,5,1026,4,791.77,763.03,18000,18000,04380,9,16
39049007830,39,049,007830,2774,2537,74,57,4,100,2,2581,2370,57,55,4,93,2,638,865,18000,16112,04380,9,16
39049007920,39,049,007920,5441,5307,41,52,4,35,2,3870,3785,21,35,4,24,1,365.98,839.83,35476,57344,04701,9,16
39049007930,39,049,007930,6518,6370,33,48,18,47,2,4737,4635,25,32,11,34,0,447.97,1027.98,35476,57344,04701,9,16
39049007940,39,049,007940,5195,4986,98,36,6,69,0,3630,3489,63,31,4,43,0,708.79,683.06,18000,18000,04701,9,16
39049007950,39,049,007950,11199,10719,96,75,5,300,4,8217,7904,63,41,3,203,3,777.06,1783.18,18000,57344,04701,9,16
39049008110,39,049,008110,4606,4381,143,53,17,5,7,3461,3320,81,41,14,5,0,458.27,827.68,43792,64570,04480,9,16
39049008120,39,049,008120,4038,3864,95,26,11,40,2,3055,2937,65,17,5,31,0,404.51,730.59,43792,64570,04480,9,16
39049008130,39,049,008130,8391,7815,377,117,15,56,11,6290,5896,255,86,12,39,2,1228.17,1183.59,18000,18000,04480,9,16
39049008140,39,049,008140,2694,2630,26,10,16,12,0,2063,2009,23,9,11,11,0,273.16,493.36,18000,64570,04480,9,16
39049008160,39,049,008160,7985,7670,209,60,7,30,9,5287,5096,123,38,5,23,2,700.05,1264.37,18000,64570,04480,9,16
39049008210,39,049,008210,2274,1958,220,20,3,69,4,1752,1554,128,14,3,49,4,342.09,329.67,18000,18000,04380,9,16
39049008230,39,049,008230,3734,3170,451,56,9,42,6,2987,2579,326,44,7,28,3,375.56,518.4,NA,28280,04480,9,16
39049008240,39,049,008240,6130,5775,208,49,17,75,6,4671,4427,144,32,13,53,2,587.29,810.66,18000,28280,04480,9,16
39049008291,39,049,008291,948,891,17,10,0,30,0,914,865,15,10,0,24,0,178.47,171.99,18000,18000,04380,9,16
39049008311,39,049,008311,4044,3771,169,55,5,41,3,3025,2848,111,39,3,23,1,590.65,569.22,18000,18000,04380,9,16
39049008312,39,049,008312,4793,4167,424,48,21,132,1,3539,3152,282,26,10,68,1,691.02,665.93,18000,18000,04380,9,16
39049008321,39,049,008321,2331,2223,68,6,5,26,3,1901,1813,58,6,3,19,2,371.18,357.71,18000,18000,04380,9,16
39049008322,39,049,008322,4762,4400,294,26,7,29,6,3797,3548,205,19,5,19,1,741.39,714.48,18000,18000,04380,9,16
39049008330,39,049,008330,1943,1895,19,6,8,15,0,1479,1446,12,4,6,11,0,185.96,256.68,18000,28280,04480,9,16
39049008340,39,049,008340,4177,3672,422,23,12,45,3,3159,2729,370,14,10,34,2,397.19,548.25,18000,28280,04480,9,16
39049008350,39,049,008350,3513,2797,595,39,10,69,3,2197,1842,303,16,7,28,1,428.98,413.41,18000,18000,04480,9,16
39049008360,39,049,008360,3810,3558,187,16,14,34,1,2587,2431,115,8,12,21,0,505.13,486.8,18000,18000,04480,9,16
39049008370,39,049,008370,3256,3128,77,17,3,29,2,2159,2092,29,15,3,20,0,421.56,406.26,18000,18000,04480,9,16
39049008380,39,049,008380,3111,2665,382,40,8,10,6,2397,1983,366,30,8,8,2,331.86,658.76,18000,18000,04480,9,16
39049008391,39,049,008391,1262,1220,37,2,1,2,0,995,960,31,2,1,1,0,194.28,187.23,18000,18000,04380,9,16
39049008710,39,049,008710,3085,708,2265,26,10,67,9,2301,626,1610,18,7,39,1,449.29,432.98,18000,18000,04380,9,1
39049008720,39,049,008720,4024,2435,1320,30,15,216,8,3086,1978,955,20,11,120,2,602.57,580.69,18000,18000,04380,9,16
39049008730,39,049,008730,2602,943,1574,44,11,26,4,1827,777,995,26,6,23,0,356.74,343.79,18000,18000,04380,9,1
39049008740,39,049,008740,267,195,71,0,0,1,0,262,190,71,0,0,1,0,51.16,49.3,18000,18000,04380,6,1
39049008811,39,049,008811,1140,804,320,2,11,2,1,806,544,252,2,5,2,1,157.38,151.67,18000,18000,04380,9,1
39049008812,39,049,008812,3582,1008,2521,25,6,21,1,2600,778,1790,13,3,15,1,507.67,489.24,18000,18000,04380,9,1
39049008813,39,049,008813,2851,360,2428,15,21,21,6,2089,265,1779,10,16,15,4,407.89,393.09,18000,18000,04380,9,1
39049008821,39,049,008821,3169,3120,10,15,8,16,0,2397,2366,5,12,4,10,0,468.03,451.04,18000,18000,04380,9,16
39049008822,39,049,008822,2312,1996,266,18,9,20,3,1671,1512,126,12,6,15,0,326.28,314.43,18000,18000,04380,9,16
39049008824,39,049,008824,1101,1093,1,1,5,0,1,804,800,0,1,3,0,0,156.99,151.29,18000,18000,04380,9,16
39049008825,39,049,008825,5387,5218,75,39,11,40,4,3955,3837,53,24,11,29,1,772.24,744.21,18000,18000,04380,9,16
39049009210,39,049,009210,3375,2809,467,42,11,44,2,2564,2162,322,33,11,36,0,399.2,609.28,84742,84742,04507,6,1
39049009220,39,049,009220,2672,2468,146,13,9,35,1,2028,1874,113,9,9,22,1,315.75,481.91,84742,84742,04507,6,1
39049009230,39,049,009230,5379,4826,341,63,6,139,4,3909,3485,269,49,5,101,0,608.61,928.9,84742,84742,04507,6,1
39049009240,39,049,009240,2235,2205,18,7,2,1,2,1666,1648,11,5,1,1,0,259.39,395.89,84742,84742,04507,6,1
39049009250,39,049,009250,2148,2065,29,13,7,34,0,1697,1636,23,11,4,23,0,264.21,403.26,84742,84742,04507,6,1
39049009311,39,049,009311,3005,2512,433,27,5,28,0,2396,2041,308,23,3,21,0,467.84,450.86,18000,18000,04380,6,16
39049009312,39,049,009312,3442,2807,529,26,18,55,7,2742,2284,380,18,13,44,3,535.4,515.96,18000,18000,04380,6,16
39049009321,39,049,009321,2175,1948,166,22,2,37,0,1763,1605,118,17,2,21,0,344.24,331.74,18000,18000,04380,6,1
39049009322,39,049,009322,3458,2943,415,42,2,48,8,2774,2411,293,30,2,38,0,541.64,521.98,18000,18000,04380,6,16
39049009323,39,049,009323,3946,2213,1490,83,7,139,14,2674,1679,855,51,3,83,3,522.12,503.17,18000,18000,04380,6,16
39049009325,39,049,009325,3562,2360,1101,33,5,56,7,3052,2121,847,30,4,46,4,595.93,574.3,18000,18000,04380,6,1
39049009326,39,049,009326,1740,1250,413,28,4,42,3,1411,1035,326,18,3,27,2,275.51,265.51,18000,18000,04380,6,1
39049009331,39,049,009331,1402,542,834,12,2,10,2,1114,453,641,10,1,7,2,217.52,209.62,18000,18000,04380,6,1
39049009332,39,049,009332,3189,894,2244,29,7,12,3,2505,803,1663,23,6,7,3,489.12,471.37,18000,18000,04380,6,1
39049009333,39,049,009333,2218,1150,958,21,5,75,9,1697,944,681,15,2,52,3,331.35,319.33,18000,18000,04380,6,1
39049009334,39,049,009334,3562,1201,2228,21,5,80,27,2602,1011,1513,14,4,52,8,508.06,489.62,18000,18000,04380,6,1
39049009336,39,049,009336,2097,1271,749,44,7,18,8,1765,1138,573,33,5,13,3,344.63,332.12,18000,18000,04380,6,1
39049009337,39,049,009337,4270,2114,2036,51,5,57,7,2901,1547,1277,31,4,38,4,566.44,545.88,18000,18000,04380,6,1
39049009340,39,049,009340,2485,2262,157,36,6,24,0,1854,1674,128,24,6,22,0,288.66,440.57,84742,84742,04507,6,1
39049009350,39,049,009350,3091,2375,623,31,11,49,2,2551,2006,468,27,8,42,0,397.18,606.19,84742,84742,04507,6,1
39049009361,39,049,009361,4067,3626,341,37,8,53,2,3465,3133,254,30,7,40,1,676.57,652.01,18000,18000,04380,6,1
39049009362,39,049,009362,6857,6179,408,65,5,191,9,5166,4697,294,43,5,123,4,1008.7,972.09,18000,18000,04700,6,1
39049009371,39,049,009371,5322,4423,781,60,6,48,4,4511,3820,599,42,5,44,1,880.81,848.84,18000,18000,04380,6,16
39049009372,39,049,009372,3933,3437,389,30,15,57,5,2840,2528,249,17,14,31,1,554.53,534.4,18000,18000,04380,6,16
39049009373,39,049,009373,3832,3409,325,36,5,46,11,2525,2279,182,25,5,34,0,407.28,754.43,6670,77714,04697,6,16
39049009374,39,049,009374,4309,3773,406,46,10,69,5,2942,2589,264,34,8,46,1,574.45,553.6,18000,18000,04697,6,16
39049009381,39,049,009381,4590,4208,253,49,19,60,1,3362,3098,177,29,15,43,0,542.29,1004.51,66390,77714,04700,6,1
39049009382,39,049,009382,3019,2936,41,16,7,19,0,2347,2287,29,10,7,14,0,378.57,701.24,66390,77714,04700,6,1
39049009383,39,049,009383,2403,2336,49,12,2,4,0,1914,1860,40,8,2,4,0,308.73,571.87,66390,77714,04700,6,1
39049009384,39,049,009384,2718,2596,57,30,9,25,1,2184,2097,41,19,7,20,0,352.28,652.54,66390,77714,04700,6,1
39049009385,39,049,009385,2484,2356,52,23,9,41,3,1908,1824,34,17,6,26,1,307.76,570.08,66390,77714,04700,6,1
39049009386,39,049,009386,2958,2569,289,39,8,50,3,2157,1898,201,20,8,30,0,347.92,644.48,66390,77714,04700,6,1
39049009390,39,049,009390,3787,3594,108,27,7,51,0,2667,2543,67,19,5,33,0,430.18,796.85,66390,77714,04700,6,1
39049009410,39,049,009410,3009,2727,194,33,5,50,0,2094,1896,132,23,5,38,0,273.14,528,6670,46410,04697,9,16
39049009420,39,049,009420,6396,5988,281,62,20,44,1,4531,4248,190,44,17,32,0,591.01,1142.49,6670,46410,04697,9,16
39049009430,39,049,009430,4445,3957,386,40,6,51,5,3043,2747,230,24,5,34,3,594.17,572.6,18000,18000,04697,9,16
39049009440,39,049,009440,3310,3265,10,18,11,6,0,2404,2368,10,13,8,5,0,313.57,606.17,32606,46410,04697,9,16
39049009450,39,049,009450,2624,2579,23,10,0,12,0,2032,1994,20,9,0,9,0,265.05,512.37,11332,46410,04694,9,16
39049009490,39,049,009490,5964,5614,261,26,19,41,3,4295,4075,156,21,15,27,1,560.23,1082.99,18000,46410,04697,9,16
39049009510,39,049,009510,1977,1794,127,36,5,14,1,1150,1050,74,16,3,6,1,150,289.97,NA,33026,04695,9,16
39049009520,39,049,009520,2834,2684,102,26,16,2,4,2022,1929,62,19,9,2,1,389.19,625.51,57862,33026,04695,9,16
39049009590,39,049,009590,4500,4382,8,50,25,33,2,3454,3368,8,32,22,24,0,664.81,1068.49,44310,33026,04695,9,16
39049009711,39,049,009711,4949,4872,33,14,10,19,1,3708,3648,24,11,10,15,0,513.36,1019.06,32592,37772,04480,9,16
39049009712,39,049,009712,2635,2608,3,16,5,3,0,2093,2072,1,12,5,3,0,289.77,575.21,32592,37772,04480,9,16
39049009720,39,049,009720,5241,5132,38,29,8,33,1,3864,3789,25,22,5,23,0,534.96,1061.94,32592,37772,04480,9,16
39049009740,39,049,009740,3856,3796,12,25,6,16,1,2762,2721,7,21,6,6,1,382.39,759.07,32592,37772,04480,9,16
39049009750,39,049,009750,3357,3307,28,16,4,1,1,2347,2329,7,9,1,0,1,324.93,645.02,32592,37772,04480,9,16
39051000401,39,051,000401,2836,2783,1,50,0,2,0,2040,2013,0,25,0,2,0,189,289,49238,1728,04705,19,9
39051000402,39,051,000402,4449,4373,16,41,5,13,1,3157,3111,11,23,4,7,1,672.65,809.97,75896,75861,04709,19,9
39051000403,39,051,000403,4574,4468,14,81,3,8,0,3165,3102,6,48,3,6,0,674.35,812.03,NA,75861,04708,19,9
39051000404,39,051,000404,3288,3104,7,166,7,4,0,2311,2223,1,78,7,2,0,603,921,21616,87024,04708,19,9
39051000405,39,051,000405,4393,4249,3,134,5,1,1,3097,3002,1,87,5,1,1,210,319,45626,62638,04708,19,9
39051000406,39,051,000406,3887,3642,7,214,13,8,3,2760,2613,1,132,8,5,1,116,243,NA,22442,04564,21,9
39051000407,39,051,000407,6606,5932,31,577,19,44,3,4655,4267,15,330,13,28,2,923,2144,81928,16126,04564,21,9
39051000408,39,051,000408,4800,4523,6,240,4,22,5,3341,3169,2,150,4,13,3,45,207,26768,30940,04706,21,9
39051000409,39,051,000409,3665,3293,0,339,1,32,0,2647,2423,0,206,1,17,0,443,1482,2344,29876,04704,21,9
39053009535,39,053,009535,4574,4451,91,9,7,16,0,3213,3122,71,5,5,10,0,240,253,13932,13946,06568,4,2
39053009536,39,053,009536,3896,3710,155,15,10,3,3,2751,2601,127,11,7,3,2,284,227,80178,36848,06568,4,2
39053009537,39,053,009537,3766,3622,50,34,15,45,0,2862,2742,46,14,15,45,0,158,213,67258,65228,06568,4,2
39053009538,39,053,009538,3962,3908,14,23,13,4,0,2795,2759,11,12,9,4,0,201,331,19554,32760,06568,4,2
39053009539,39,053,009539,7150,6874,199,24,10,42,1,5195,5019,123,12,7,34,0,693,1258,NA,31738,04403,4,2
39053009540,39,053,009540,3782,3563,174,23,6,12,4,2975,2810,130,18,6,9,2,927,1598,29204,29218,04403,4,2
39053009541,39,053,009541,3824,3599,173,28,11,11,2,2897,2735,124,18,11,9,0,391,481,29204,29218,04403,4,2
39055003106,39,055,003106,6825,6717,43,18,4,43,0,5222,5146,32,11,4,29,0,537.32,807.83,14100,13988,04722,5,15
39055003107,39,055,003107,4224,4147,34,12,1,30,0,3165,3112,22,11,1,19,0,325.67,489.62,14100,13988,04722,5,15
39055003108,39,055,003108,5775,5674,37,34,1,29,0,4238,4175,28,18,1,16,0,771,1336,NA,53340,04718,5,15
39055003109,39,055,003109,3016,2947,51,15,0,3,0,2127,2086,35,4,0,2,0,386,545,2274,15168,04716,5,15
39055003111,39,055,003111,4140,4104,22,5,2,5,2,2403,2386,12,2,1,2,0,272.57,412.93,49700,49714,04717,5,15
39055003112,39,055,003112,1869,1838,20,1,7,2,1,1432,1412,14,1,3,2,0,162.43,246.07,49700,49714,04717,5,15
39055003113,39,055,003113,4187,4149,14,13,9,2,0,2924,2895,9,12,6,2,0,525,784,10436,10464,04716,5,15
39055003114,39,055,003114,5611,5504,52,21,6,24,4,4125,4065,27,13,4,15,1,804,1120,NA,54292,04721,5,15
39055003115,39,055,003115,5765,5643,52,25,1,44,0,4411,4330,36,18,0,27,0,911,1719,36918,69232,04722,5,15
39055003116,39,055,003116,3402,3366,14,11,1,10,0,2440,2416,9,6,1,8,0,276,703,73684,73684,04528,5,15
39055003117,39,055,003117,3023,2579,420,9,4,11,0,2168,1871,280,4,3,10,0,417.19,669.32,3585,3590,04719,5,15
39055003118,39,055,003118,6671,6499,87,39,9,33,4,4754,4636,65,28,4,21,0,914.81,1467.68,3585,3590,04719,5,15
39055003119,39,055,003119,3298,3239,30,17,5,7,0,2366,2333,19,8,2,4,0,479,691,NA,2904,04719,5,15
39055003120,39,055,003120,1903,1888,8,2,1,4,0,1338,1329,4,2,1,2,0,273,275,NA,77574,04716,5,15
39055003121,39,055,003121,3083,3069,6,2,2,4,0,1756,1743,5,2,2,4,0,231,364,NA,59948,04717,5,15
39055003122,39,055,003122,11794,11588,72,63,20,50,1,8601,8471,55,26,14,35,0,885.01,1330.55,13554,13561,04718,5,15
39055310198,39,055,310198,2219,2192,22,3,0,0,2,1585,1567,17,1,0,0,0,334,387,NA,76628,04720,5,15
39055310298,39,055,310298,1682,1647,27,0,4,4,0,1186,1166,17,0,1,2,0,260,311,NA,51842,04720,5,15
39055311098,39,055,311098,2642,2589,45,4,2,1,1,1641,1596,39,3,2,0,1,258,334,NA,36946,04717,5,15
39055312198,39,055,312198,0,0,0,0,0,0,0,0,0,0,0,0,0,0,0,0,NA,49714,04717,5,15
39057002002,39,057,002002,3632,2754,517,182,6,167,6,2171,1660,305,104,6,96,0,303.78,421.67,86660,4220,04396,17,10
39057002003,39,057,002003,4342,4113,84,59,19,64,3,3324,3160,58,37,15,54,0,465.12,645.61,25914,4220,04396,17,10
39057002004,39,057,002004,2179,2007,83,17,8,63,1,1722,1576,69,17,5,54,1,240.95,334.46,25914,4220,04396,17,10
39057002005,39,057,002005,5466,5277,66,49,16,58,0,3928,3790,43,35,14,46,0,549.63,762.92,25914,4220,04396,17,10
39057002006,39,057,002006,3988,3715,121,51,16,80,5,3097,2910,87,35,11,53,1,433.35,601.52,25914,4220,04396,17,10
39057002007,39,057,002007,5164,4679,268,74,27,108,8,3685,3330,191,55,23,83,3,515.63,715.73,25914,4220,04396,17,10
39057002009,39,057,002009,3998,3783,85,57,6,66,1,3097,2941,60,36,5,55,0,433.35,601.52,25914,4220,04396,17,10
39057002101,39,057,002101,2471,2229,59,32,7,140,4,1801,1635,40,22,7,95,2,325.46,608.47,4720,4724,04724,17,10
39057002102,39,057,002102,7386,7146,54,64,19,102,1,5446,5285,38,42,16,64,1,984.15,1839.95,4720,4724,04724,17,10
39057002103,39,057,002103,3459,3326,16,45,3,69,0,2607,2524,10,29,3,41,0,471.11,880.78,4720,4724,04724,17,10
39057002104,39,057,002104,7154,6922,50,56,8,118,0,5283,5112,40,41,7,83,0,954.69,1784.88,4720,4724,04724,17,10
39057002105,39,057,002105,3519,3327,35,6,6,145,0,2593,2465,25,4,4,95,0,468.58,876.05,4720,4724,04724,17,10
39057002201,39,057,002201,3830,3759,8,39,4,20,0,2797,2751,8,20,4,14,0,367,919,5102,75201,04727,17,10
39057002202,39,057,002202,6081,5976,24,33,8,36,4,4331,4262,20,24,6,19,0,836,1599,5102,5102,04727,17,10
39057002301,39,057,002301,2617,2578,13,9,7,9,1,1968,1945,7,7,4,5,0,336,681,74216,74223,04515,17,10
39057002401,39,057,002401,2636,2379,200,19,6,28,4,2064,1863,163,11,4,22,1,156.08,199.32,86772,86772,04515,17,10
39057002402,39,057,002402,4793,4508,233,11,23,13,5,3478,3285,160,7,19,6,1,1437.45,1881.01,86772,86772,04515,17,10
39057002405,39,057,002405,4436,3998,382,23,6,24,3,3502,3185,282,12,5,18,0,264.82,338.19,86772,86772,04515,17,10
39057002406,39,057,002406,6021,1656,4256,55,20,4,30,4948,1224,3654,37,18,3,12,374.16,477.83,86772,86786,04515,17,10
39057002407,39,057,002407,2953,2797,124,13,6,11,2,1991,1915,55,11,3,6,1,150.56,192.27,86772,86786,04515,17,10
39057002501,39,057,002501,1037,985,33,8,5,5,1,802,761,27,6,3,5,0,344.36,131.74,16056,49336,04567,17,10
39057002550,39,057,002550,4125,3065,890,58,29,56,27,3283,2462,693,46,23,46,13,1409.64,539.26,86940,49336,04567,17,10
39057002601,39,057,002601,5002,4790,158,27,10,14,3,3993,3832,118,22,9,9,3,208,851,12784,12798,04725,17,10
39057002701,39,057,002701,3377,3218,120,14,9,10,6,2443,2329,91,10,5,6,2,366,731,38374,72473,04726,17,10
39057200101,39,057,200101,3029,2844,98,21,7,54,5,2345,2205,72,20,5,41,2,328.13,455.46,25914,4220,04396,17,10
39057200102,39,057,200102,6488,5489,510,120,17,342,10,5489,4720,389,94,13,271,2,768.06,1066.11,25914,4220,04396,17,10
39057210601,39,057,210601,4681,4436,58,79,4,102,2,3426,3260,41,47,3,75,0,619.11,1157.49,4720,4724,04724,17,10
39057210602,39,057,210602,5388,5177,36,62,8,105,0,3963,3823,27,42,5,66,0,716.16,1338.91,4720,4724,04724,17,10
39057210603,39,057,210603,1469,1421,2,18,6,22,0,1061,1032,2,11,4,12,0,191.73,358.46,4720,4724,04724,17,10
39057240301,39,057,240301,7506,6751,630,52,14,46,13,4959,4486,404,27,11,26,5,2049.55,2681.99,86772,86772,04515,17,10
39057240302,39,057,240302,3948,3608,287,8,23,14,8,2769,2565,175,3,16,7,3,209.39,267.4,86772,86772,04515,17,10
39057280101,39,057,280101,2389,2346,9,11,14,9,0,1692,1665,8,7,7,5,0,269,618,71983,54810,04726,17,10
39057280102,39,057,280102,2167,2150,7,7,3,0,0,1545,1533,6,5,1,0,0,109,246,7930,38626,04726,17,10
39059009771,39,059,009771,3520,3475,1,13,21,10,0,2531,2508,1,6,9,7,0,109,148,65116,50568,06968,12,19
39059009772,39,059,009772,4278,4235,15,19,4,4,1,3031,3002,12,10,4,3,0,117,217,40264,84616,04883,12,19
39059009773,39,059,009773,3848,3696,112,13,3,15,9,2827,2717,87,9,3,11,0,568.56,822.25,10996,11003,04369,12,19
39059009774,39,059,009774,4219,3910,274,7,3,19,6,3345,3120,204,5,3,13,0,672.73,972.91,10996,11003,04369,12,19
39059009775,39,059,009775,3627,3516,88,12,1,9,1,2620,2561,46,5,1,7,0,526.92,762.04,10996,11003,04369,12,19
39059009776,39,059,009776,3852,3751,63,16,5,17,0,2853,2790,36,14,4,9,0,573.78,829.81,10996,11003,04369,12,19
39059009777,39,059,009777,3424,3339,31,11,2,41,0,2534,2481,22,5,2,24,0,242,321,58226,85708,06968,12,19
39059009778,39,059,009778,3521,3510,3,2,3,3,0,2582,2572,3,2,3,2,0,367,337,71360,66698,04730,12,19
39059009779,39,059,009779,4694,4653,7,22,10,2,0,3297,3273,3,12,8,1,0,732,736,10716,37786,04730,12,19
39059009780,39,059,009780,4041,3977,19,15,18,12,0,2927,2890,10,11,10,6,0,144,216,19694,73986,04730,12,19
39061000001,39,061,000001,13,0,13,0,0,0,0,11,0,11,0,0,0,0,2.57,2.09,15000,15000,04375,14,4
39061000002,39,061,000002,1378,16,1360,1,1,0,0,993,15,976,1,1,0,0,232.43,188.73,15000,15000,04375,14,4
39061000004,39,061,000004,763,179,566,2,4,12,0,682,158,508,2,4,10,0,159.63,129.62,15000,15000,04375,14,4
39061000006,39,061,000006,853,745,71,15,3,19,0,825,720,71,13,3,18,0,193.11,156.8,15000,15000,04375,2,4
39061000007,39,061,000007,2985,1605,1320,9,6,43,2,2917,1586,1279,9,6,35,2,682.77,554.42,15000,15000,04375,2,4
39061000008,39,061,000008,277,27,248,1,1,0,0,173,18,153,1,1,0,0,40.49,32.88,15000,15000,04375,14,4
39061000009,39,061,000009,2614,764,1810,15,21,1,3,2017,684,1302,11,18,1,1,472.11,383.36,15000,15000,04375,14,4
39061000010,39,061,000010,1594,822,745,7,5,15,0,1106,657,427,3,5,14,0,258.88,210.21,15000,15000,04375,2,4
39061000011,39,061,000011,1191,174,1003,9,0,3,2,732,148,572,7,0,3,2,171.34,139.13,15000,15000,04375,2,4
39061000012,39,061,000012,510,471,32,3,0,4,0,488,463,18,3,0,4,0,114.22,92.75,15000,15000,04375,2,4
39061000013,39,061,000013,1059,1029,16,7,1,6,0,992,966,13,7,1,5,0,232.19,188.54,15000,15000,04375,2,4
39061000014,39,061,000014,641,76,557,2,0,1,5,416,64,349,2,0,1,0,97.37,79.07,15000,15000,04375,14,4
39061000015,39,061,000015,3017,354,2637,4,4,14,4,2136,280,1841,4,3,7,1,499.97,405.98,15000,15000,04375,14,4
39061000016,39,061,000016,2312,466,1815,13,8,2,8,1469,386,1066,7,6,1,3,343.84,279.2,15000,15000,04375,2,4
39061000017,39,061,000017,1861,398,1437,17,3,3,3,1175,295,859,14,3,3,1,275.03,223.33,15000,15000,04375,2,4
39061000018,39,061,000018,2204,959,1222,9,2,8,4,1711,847,845,6,1,8,4,400.49,325.2,15000,15000,04375,2,4
39061000019,39,061,000019,1800,746,1033,9,4,2,6,1413,706,691,9,4,2,1,330.74,268.56,15000,15000,04375,2,4
39061000020,39,061,000020,1629,1279,317,8,2,20,3,1548,1233,283,8,2,19,3,362.34,294.22,15000,15000,04375,2,7
39061000021,39,061,000021,1342,67,1270,4,0,0,1,871,60,808,2,0,0,1,203.87,165.55,15000,15000,04375,2,4
39061000022,39,061,000022,2992,485,2473,8,2,19,5,2169,411,1729,8,2,18,1,507.69,412.25,15000,15000,04375,2,4
39061000023,39,061,000023,2346,461,1867,3,3,10,2,1472,395,1064,3,3,5,2,344.55,279.77,15000,15000,04375,2,4
39061000025,39,061,000025,2587,2116,343,30,7,86,5,2317,1960,245,25,6,79,2,542.33,440.38,15000,15000,04375,14,4
39061000026,39,061,000026,3482,2915,415,35,10,106,1,3079,2656,291,32,8,92,0,720.69,585.21,15000,15000,04375,14,4
39061000027,39,061,000027,1658,1339,186,61,4,61,7,1377,1180,116,34,2,43,2,322.31,261.72,15000,15000,04375,14,4
39061000028,39,061,000028,1763,1439,252,29,12,26,5,1270,1019,210,18,6,15,2,297.27,241.38,15000,15000,04375,14,4
39061000029,39,061,000029,5007,4115,526,65,8,290,3,4671,3880,450,62,7,270,2,1093.33,887.79,15000,15000,04375,2,4
39061000030,39,061,000030,4800,3370,730,80,7,610,3,4571,3297,666,71,7,527,3,1069.92,868.78,15000,15000,04375,2,4
39061000032,39,061,000032,2127,820,1226,16,3,59,3,1798,788,932,16,3,57,2,420.85,341.73,15000,15000,04375,2,4
39061000033,39,061,000033,2312,1197,1006,25,3,76,5,1998,1136,767,18,3,74,0,467.67,379.75,15000,15000,04375,2,4
39061000034,39,061,000034,1561,319,1226,4,1,9,2,1220,267,941,3,1,8,0,285.56,231.88,15000,15000,04375,2,4
39061000035,39,061,000035,1493,87,1400,3,1,2,0,1058,71,984,2,0,1,0,247.64,201.09,15000,15000,04375,2,4
39061000036,39,061,000036,1968,36,1924,1,5,1,1,1426,28,1393,1,2,1,1,333.78,271.03,15000,15000,04375,2,4
39061000037,39,061,000037,2314,126,2174,7,2,4,1,1815,108,1694,6,2,4,1,424.83,344.97,15000,15000,04375,2,4
39061000038,39,061,000038,3078,59,2992,8,6,6,7,2187,49,2126,4,3,4,1,511.91,415.67,15000,15000,04375,2,4
39061000039,39,061,000039,2678,124,2551,1,1,1,0,1862,107,1753,0,1,1,0,435.83,353.9,15000,15000,04375,2,4
39061000040,39,061,000040,2630,549,2040,30,3,8,0,2085,487,1569,19,3,7,0,488.03,396.28,15000,15000,04375,2,4
39061000041,39,061,000041,2070,757,1293,2,6,5,7,1555,636,908,2,4,2,3,363.97,295.55,15000,15000,04375,2,4
39061000042,39,061,000042,2112,1133,927,23,0,25,4,1713,1027,654,16,0,16,0,400.96,325.58,15000,15000,04375,2,4
39061000043,39,061,000043,685,655,20,6,0,2,2,413,396,14,1,0,2,0,96.67,78.5,15000,15000,04375,2,4
39061000044,39,061,000044,1730,1463,249,10,6,2,0,1165,984,167,6,6,2,0,272.69,221.42,15000,15000,04375,2,7
39061000045,39,061,000045,665,660,2,1,2,0,0,498,493,2,1,2,0,0,116.57,94.65,15000,15000,04375,2,7
39061000048,39,061,000048,3349,3277,19,21,1,31,0,2514,2466,14,12,1,21,0,588.45,477.82,15000,15000,04375,2,7
39061000049,39,061,000049,6252,5939,187,50,8,66,2,5145,4881,157,43,8,56,0,1204.28,977.88,15000,15000,04375,2,7
39061000050,39,061,000050,5188,4836,250,44,9,46,3,4468,4177,199,41,8,43,0,1045.81,849.21,15000,15000,04375,2,7
39061000051,39,061,000051,2491,2421,26,17,2,24,1,2018,1961,25,10,1,21,0,472.35,383.55,15000,15000,04375,2,7
39061000052,39,061,000052,4148,3916,163,20,7,38,4,3370,3185,132,15,6,31,1,788.81,640.52,15000,15000,04375,2,7
39061000053,39,061,000053,7031,6485,433,46,10,56,1,5839,5432,324,32,9,41,1,1366.72,1109.78,15000,15000,04375,2,7
39061000054,39,061,000054,1172,1003,148,18,0,2,1,923,815,96,10,0,2,0,216.04,175.43,15000,15000,04375,2,7
39061000055,39,061,000055,4750,1016,3692,19,5,13,5,3365,830,2511,9,5,10,0,787.64,639.56,15000,15000,04375,2,4
39061000056,39,061,000056,7252,4310,2843,32,25,26,16,5229,3332,1845,18,13,19,2,1223.94,993.84,15000,15000,04375,2,4
39061000058,39,061,000058,6482,1450,4970,26,4,15,17,4881,1222,3620,17,3,13,6,1142.48,927.7,15000,15000,04375,2,4
39061000059,39,061,000059,1332,1038,258,15,1,12,8,1040,822,194,12,1,9,2,243.43,197.67,15000,15000,04375,2,4
39061000060,39,061,000060,5507,4664,711,65,6,59,2,4442,3808,536,44,6,46,2,1039.73,844.26,15000,15000,04375,14,4
39061000061,39,061,000061,2496,2424,40,19,5,8,0,1874,1833,17,14,4,6,0,438.64,356.18,15000,15000,04375,14,4
39061000063,39,061,000063,6475,708,5659,36,25,35,12,4861,605,4183,22,20,29,2,1137.8,923.9,15000,15000,04375,14,4
39061000064,39,061,000064,4347,579,3727,18,4,11,8,3277,523,2730,13,1,6,4,767.04,622.84,15000,15000,04375,14,4
39061000065,39,061,000065,6461,2696,3556,141,3,55,10,5320,2364,2785,117,3,48,3,1245.24,1011.14,15000,15000,04375,2,4
39061000066,39,061,000066,2833,393,2412,16,1,10,1,2133,382,1723,16,1,10,1,499.27,405.41,15000,15000,04375,2,4
39061000067,39,061,000067,3970,73,3875,11,3,7,1,2744,70,2661,5,1,7,0,642.28,521.54,15000,15000,04375,2,4
39061000068,39,061,000068,5591,328,5205,26,12,14,6,3968,293,3646,14,7,7,1,928.78,754.17,15000,15000,04375,2,4
39061000069,39,061,000069,4781,282,4433,18,7,30,11,3357,249,3062,12,6,25,3,785.76,638.04,15000,15000,04375,14,4
39061000070,39,061,000070,2675,1803,762,30,5,70,5,2177,1545,541,21,3,66,1,509.56,413.77,15000,15000,04375,14,4
39061000071,39,061,000071,3624,3297,184,55,3,84,1,3117,2840,164,44,3,65,1,729.59,592.43,15000,15000,04375,14,4
39061000072,39,061,000072,2679,2099,257,48,5,270,0,2374,1887,223,42,5,217,0,555.68,451.21,15000,15000,04375,14,4
39061000073,39,061,000073,2612,1934,612,17,9,35,5,1815,1351,421,13,5,23,2,424.83,344.97,15000,15000,04375,14,4
39061000074,39,061,000074,2561,2102,434,14,7,3,1,1715,1471,222,12,7,3,0,401.43,325.96,15000,15000,04375,14,4
39061000075,39,061,000075,2351,2051,276,15,0,7,2,1874,1660,193,15,0,6,0,438.64,356.18,15000,15000,04375,14,4
39061000077,39,061,000077,4367,229,4104,20,9,1,4,2401,175,2211,12,2,1,0,562,456.34,15000,15000,04375,14,4
39061000078,39,061,000078,3652,2787,800,39,14,8,4,2626,2070,516,23,9,5,3,614.66,499.11,15000,15000,04375,14,4
39061000079,39,061,000079,1963,1298,642,8,4,9,2,1409,941,451,5,4,8,0,329.8,267.8,15000,15000,04375,14,4
39061000080,39,061,000080,6838,852,5936,22,6,8,14,3415,719,2671,13,3,7,2,799.34,649.07,15000,15000,04375,14,4
39061000081,39,061,000081,2950,884,2040,12,8,6,0,2282,722,1540,10,5,5,0,534.14,433.73,15000,15000,04375,14,4
39061000083,39,061,000083,4636,4173,354,26,7,75,1,3546,3249,226,15,6,49,1,830,673.97,15000,15000,04375,14,4
39061000084,39,061,000084,2006,1233,754,9,1,8,1,1597,1088,493,8,1,7,0,373.81,303.53,15000,15000,04375,14,4
39061000087,39,061,000087,1624,1329,229,14,2,49,1,1018,871,112,6,1,27,1,238.28,193.48,15000,15000,04375,14,4
39061000088,39,061,000088,4221,2167,1929,32,4,79,10,2877,1675,1119,25,4,52,2,673.41,546.81,15000,15000,04375,14,4
39061000089,39,061,000089,2374,1889,444,20,4,15,2,1674,1369,279,11,4,11,0,391.83,318.17,15000,15000,04375,14,4
39061000091,39,061,000091,1546,1491,45,6,2,1,1,911,888,15,4,2,1,1,213.24,173.15,15000,15000,04375,14,4
39061000092,39,061,000092,4391,3511,769,38,12,60,1,3092,2579,439,25,7,41,1,723.74,587.68,15000,15000,04375,14,4
39061000093,39,061,000093,4841,4175,593,35,12,26,0,3415,3055,303,26,9,22,0,799.34,649.07,15000,15000,04375,14,4
39061000094,39,061,000094,1973,1826,53,1,9,84,0,1319,1237,20,1,5,56,0,308.73,250.69,15000,15000,04375,14,4
39061000095,39,061,000095,3056,2912,112,15,7,8,2,2047,1974,52,10,3,6,2,479.14,389.06,15000,15000,04375,14,4
39061000096,39,061,000096,5261,5001,188,24,10,32,6,3821,3656,116,16,9,21,3,894.37,726.23,15000,15000,04375,14,4
39061000097,39,061,000097,6345,6148,111,44,10,26,6,4601,4477,69,31,5,19,0,1076.94,874.48,15000,15000,04375,14,4
39061000098,39,061,000098,3921,3634,227,21,9,30,0,2928,2761,127,14,6,20,0,685.35,556.51,15000,15000,04375,14,4
39061000101,39,061,000101,4987,4504,412,36,4,26,5,3874,3534,294,20,4,22,0,906.78,736.31,15000,15000,04375,14,4
39061000103,39,061,000103,2639,2497,125,7,3,6,1,1729,1669,47,5,3,5,0,404.7,328.62,15000,15000,04375,14,4
39061000104,39,061,000104,1394,1202,179,3,2,8,0,1010,903,94,3,2,8,0,236.41,191.96,15000,15000,04375,14,4
39061000105,39,061,000105,1880,1809,58,6,1,6,0,1287,1249,30,4,1,3,0,301.24,244.61,15000,15000,04375,14,4
39061000106,39,061,000106,1636,1602,23,7,0,1,3,1206,1187,13,5,0,1,0,282.29,229.22,15000,15000,04375,14,4
39061000107,39,061,000107,1830,1802,6,4,0,18,0,1383,1361,4,4,0,14,0,219.62,625.69,15000,15000,04375,14,4
39061000108,39,061,000108,841,416,406,2,3,8,6,666,356,299,2,2,7,0,155.89,126.58,15000,15000,04375,2,4
39061000109,39,061,000109,2521,2464,23,19,5,10,0,2087,2050,15,14,2,6,0,488.5,396.66,15000,15000,04375,14,4
39061000110,39,061,000110,2425,839,1550,22,2,11,1,1852,751,1073,15,2,11,0,433.49,352,15000,15000,04375,14,4
39061000111,39,061,000111,3831,2949,825,19,9,28,1,2926,2326,562,13,3,21,1,684.88,556.13,15000,15000,04375,14,4
39061000217,39,061,000217,8183,6946,1137,47,7,38,8,6283,5481,742,30,4,25,1,1032,1915,52752,52752,04441,14,4
39061000219,39,061,000219,968,161,802,4,0,1,0,739,156,578,4,0,1,0,148.09,250.99,NA,74121,04451,14,4
39061000220,39,061,000220,4680,4569,42,38,5,26,0,3432,3360,25,23,5,19,0,590,1415,32158,32158,04408,14,4
39061000222,39,061,000222,4580,3964,511,34,4,61,6,3578,3166,341,24,3,42,2,716.99,1215.21,27104,74121,04375,14,4
39061000224,39,061,000224,2448,2042,380,11,1,13,1,1916,1606,289,10,1,9,1,448,788,30380,30380,04467,14,4
39061000225,39,061,000225,4130,1456,2622,24,4,16,8,3060,1157,1874,12,3,14,0,736,196,86366,86366,04467,2,4
39061000226,39,061,000226,8643,7557,898,74,6,106,2,6471,5672,674,45,5,75,0,1461,2651,86730,86730,04514,14,7
39061000227,39,061,000227,4805,36,4746,6,5,6,6,3181,31,3134,3,5,4,4,2049,758,43722,43722,04467,2,4
39061000228,39,061,000228,4357,3262,1062,10,5,13,5,3227,2471,732,9,4,11,0,667,787,44366,44366,04423,2,4
39061000229,39,061,000229,1084,932,137,5,4,6,0,818,698,108,5,2,5,0,117,216,2428,2428,04423,14,7
39061000231,39,061,000231,3175,2828,154,26,2,164,1,2194,1970,93,16,2,113,0,263,887,25802,25802,04467,2,7
39061000233,39,061,000233,3406,3191,137,20,3,53,2,2699,2557,89,15,1,35,2,776,1111,1672,1672,04375,2,7
39061000234,39,061,000234,4154,2498,1600,34,1,17,4,3112,2060,1015,26,1,10,0,921,656,30786,30786,04375,2,4
39061000236,39,061,000236,5103,4986,46,31,9,28,3,3969,3887,38,18,5,21,0,709.95,1702.2,22008,75973,04385,2,7
39061000238,39,061,000238,6156,3255,2802,26,3,58,12,4956,2703,2192,17,3,37,4,1489,854,72522,72522,04375,2,4
39061000239,39,061,000239,9404,8923,116,54,1,308,2,7096,6787,87,39,1,182,0,1050,3869,51716,51716,04486,2,7
39061000241,39,061,000241,7204,7025,47,34,1,97,0,5493,5379,37,17,1,59,0,775.63,2414.8,46312,46312,04428,2,7
39061000242,39,061,000242,2856,2023,745,33,1,51,3,2191,1610,517,22,1,41,0,309.37,963.2,46312,46312,04428,2,7
39061000244,39,061,000244,7424,6986,193,37,8,197,3,5537,5251,132,26,5,120,3,389,2599,76582,76582,04543,2,7
39061000245,39,061,000245,2133,2121,1,7,1,2,1,1499,1491,1,5,1,1,0,228,887,76428,76428,04431,2,7
39061000247,39,061,000247,2029,1999,8,8,0,13,1,1532,1515,7,4,0,6,0,1092,1327,25942,16882,04431,2,7
39061000248,39,061,000248,3036,3017,1,6,1,11,0,2411,2399,1,5,1,5,0,435,1208,47600,47600,04431,2,7
39061000252,39,061,000252,4980,4846,84,22,6,20,2,3755,3662,52,18,5,17,1,618.9,938.75,57386,57386,04457,2,7
39061000253,39,061,000253,3297,3223,31,16,3,20,4,2457,2409,16,9,3,16,4,404.97,614.25,57386,57386,04457,2,7
39061000255,39,061,000255,5091,4939,46,39,12,54,1,3788,3699,24,25,8,32,0,624.34,947,57386,57386,04457,2,7
39061000256,39,061,000256,3939,3849,19,32,5,31,3,2849,2793,10,17,5,23,1,469.58,712.25,57386,57386,04457,2,7
39061000257,39,061,000257,2937,2805,107,6,10,8,1,2040,1970,56,2,7,5,0,300,525,25186,25186,04471,14,4
39061000258,39,061,000258,5344,5093,203,20,9,19,0,4053,3889,134,8,6,16,0,811,1432,69470,69470,04471,2,4
39061000259,39,061,000259,487,339,140,6,0,2,0,348,252,92,2,0,2,0,29.18,78.24,50176,76028,04543,2,7
39061000260,39,061,000260,8054,8006,3,22,14,8,1,5635,5603,2,12,10,8,0,248,592,33838,19470,04738,14,7
39061000261,39,061,000261,9643,9575,4,31,10,20,3,6718,6680,1,16,9,12,0,369.31,817.98,33838,33852,04738,14,7
39061000262,39,061,000262,2291,2273,7,8,3,0,0,1577,1563,6,5,3,0,0,86.69,192.02,NA,84938,04738,14,7
39061000301,39,061,000301,2664,18,2628,14,4,0,0,1304,11,1283,6,4,0,0,305.22,247.84,15000,15000,04375,14,4
39061000302,39,061,000302,2630,8,2600,12,7,0,3,1252,7,1235,4,3,0,3,293.05,237.96,15000,15000,04375,14,4
39061004601,39,061,004601,5917,5539,254,40,13,70,1,4673,4445,141,26,11,50,0,1093.8,888.17,15000,15000,04375,2,7
39061004602,39,061,004602,4680,4520,121,21,0,17,1,3711,3616,71,14,0,10,0,868.62,705.33,15000,15000,04375,2,7
39061004603,39,061,004603,2805,2790,5,4,1,4,1,2250,2239,4,3,1,2,1,526.65,427.64,15000,15000,04375,2,7
39061004701,39,061,004701,3051,2827,189,9,5,19,2,2341,2231,83,7,4,16,0,547.95,444.94,15000,15000,04375,2,7
39061004702,39,061,004702,1295,1279,2,1,3,8,2,876,865,2,1,3,5,0,205.04,166.5,15000,15000,04375,2,7
39061005701,39,061,005701,3464,2733,653,22,9,33,14,2639,2104,491,14,8,20,2,617.7,501.58,15000,15000,04375,2,4
39061005702,39,061,005702,5006,3395,1534,31,14,17,15,3835,2713,1075,21,7,12,7,897.65,728.89,15000,15000,04375,2,4
39061006201,39,061,006201,4622,2250,2305,37,7,16,7,3786,1970,1767,29,4,14,2,886.18,719.58,15000,15000,04375,14,4
39061006202,39,061,006202,494,357,135,0,1,1,0,435,307,126,0,1,1,0,101.82,82.68,15000,15000,04375,14,4
39061008201,39,061,008201,4580,2499,2030,23,5,9,14,3454,1926,1502,13,5,7,1,808.47,656.48,15000,15000,04375,14,4
39061008202,39,061,008202,3889,2829,1016,10,4,22,8,3029,2334,665,8,3,19,0,708.99,575.7,15000,15000,04375,14,4
39061008501,39,061,008501,4128,1717,2299,24,16,66,6,2801,1323,1392,19,12,52,3,655.62,532.37,15000,15000,04375,14,4
39061008502,39,061,008502,2954,166,2777,10,0,0,1,1415,129,1282,4,0,0,0,331.21,268.94,15000,15000,04375,14,4
39061008601,39,061,008601,5334,1358,3882,42,7,31,14,2926,940,1934,22,6,23,1,684.88,556.13,15000,15000,04375,14,4
39061009901,39,061,009901,4718,4653,28,19,3,15,0,3608,3563,19,12,1,13,0,844.51,685.75,15000,15000,04375,14,4
39061009902,39,061,009902,4228,4169,13,18,5,18,5,3196,3155,7,14,5,15,0,748.08,607.44,15000,15000,04375,14,4
39061010001,39,061,010001,8824,7270,1262,86,8,188,10,7297,6159,910,68,7,150,3,1707.99,1386.9,15000,15000,04375,14,4
39061010002,39,061,010002,7259,4395,2690,31,18,100,25,5070,3389,1566,26,13,74,2,1186.72,963.62,15000,15000,04375,14,4
39061010201,39,061,010201,5741,5649,35,18,7,28,4,4606,4535,29,14,6,22,0,1078.11,875.43,15000,15000,04375,14,4
39061010202,39,061,010202,2942,2863,43,6,0,26,4,2306,2243,35,6,0,21,1,539.76,438.29,15000,15000,04375,14,4
39061020401,39,061,020401,3947,3739,151,43,11,2,1,2752,2620,97,25,8,2,0,390.32,847.74,16028,49364,04739,14,4
39061020402,39,061,020402,7605,7545,8,18,9,23,2,5328,5288,5,13,8,14,0,755.68,1641.26,31268,49364,04739,14,4
39061020501,39,061,020501,2010,1977,14,12,3,4,0,1559,1535,10,9,3,2,0,313.39,609.58,31268,16616,04736,14,7
39061020502,39,061,020502,3302,3238,18,17,0,29,0,2383,2344,13,9,0,17,0,479.03,931.77,NA,16616,04736,14,7
39061020504,39,061,020504,3107,2927,152,8,0,20,0,2095,1975,102,5,0,13,0,421.13,819.16,63604,16616,04736,14,7
39061020505,39,061,020505,4972,4320,564,43,5,40,0,3325,2929,345,26,5,20,0,668.38,1300.1,56553,16616,04736,14,4
39061020601,39,061,020601,4479,4433,8,13,0,25,0,3175,3146,6,9,0,14,0,504.18,1436.41,21742,31752,04737,14,4
39061020602,39,061,020602,4055,4004,11,10,6,24,0,3200,3166,7,9,4,14,0,508.15,1447.72,21742,31752,04737,14,4
39061020701,39,061,020701,7256,7066,90,50,5,41,4,5408,5290,60,23,4,30,1,1087.11,2114.57,56553,16616,04736,14,4
39061020704,39,061,020704,8039,7070,794,84,25,64,2,5587,4974,497,56,16,44,0,1123.09,2184.56,56280,16616,04736,14,4
39061020705,39,061,020705,3243,3063,117,18,3,38,4,2317,2198,80,9,3,27,0,465.76,905.97,32536,16616,04736,14,4
39061020706,39,061,020706,11102,10754,185,36,11,114,2,8482,8255,119,25,10,73,0,1705.03,3316.53,84812,16616,04736,14,4
39061020707,39,061,020707,4236,4188,14,8,1,24,1,3030,2996,10,4,1,19,0,609.08,1184.75,84812,16616,04736,14,4
39061020801,39,061,020801,9638,9078,386,37,16,115,6,7250,6877,263,25,14,69,2,1151.28,3279.99,84831,31752,04736,14,4
39061020802,39,061,020802,4665,4575,49,18,8,14,1,3455,3396,36,8,4,10,1,548.64,1563.08,51216,31752,04375,14,4
39061020901,39,061,020901,3926,3881,10,14,6,14,1,3106,3072,6,11,5,11,1,573.65,1016.91,14128,14128,04375,14,4
39061020902,39,061,020902,6199,6034,78,40,1,43,3,4707,4584,63,24,1,32,3,869.35,1541.09,14128,14128,04375,14,4
39061021001,39,061,021001,3197,3173,8,12,0,4,0,2510,2494,5,8,0,3,0,398.58,1135.55,8605,31752,04737,14,4
39061021002,39,061,021002,3589,3574,0,9,4,2,0,2699,2693,0,4,1,1,0,428.59,1221.06,8605,31752,04737,14,4
39061021003,39,061,021003,3372,3359,1,6,0,6,0,2620,2610,1,3,0,6,0,416.05,1185.32,8605,31752,04737,14,4
39061021101,39,061,021101,3450,3430,3,11,0,6,0,2444,2434,2,4,0,4,0,388.1,1105.69,46151,31752,04737,14,4
39061021102,39,061,021102,6369,6329,1,17,2,19,1,4475,4454,0,9,1,11,0,710.62,2024.54,46162,31752,04737,14,4
39061021201,39,061,021201,2081,2064,3,2,0,12,0,1559,1549,1,2,0,7,0,247.56,705.31,19008,31752,04737,14,4
39061021202,39,061,021202,5607,5538,8,30,0,28,3,4305,4263,2,18,0,22,0,683.62,1947.63,19008,31752,04375,14,4
39061021302,39,061,021302,6069,5905,47,36,2,79,0,4294,4165,35,25,1,68,0,744.29,1855.86,19008,21504,04737,14,4
39061021303,39,061,021303,5092,5026,8,10,0,47,1,3586,3545,4,9,0,28,0,621.57,1549.87,NA,21504,04737,14,4
39061021304,39,061,021304,4501,4442,17,16,1,25,0,3351,3313,15,7,1,15,0,580.84,1448.3,NA,21504,04737,14,4
39061021401,39,061,021401,5542,5469,4,21,5,43,0,4102,4049,3,13,4,33,0,711.01,1772.88,15000,21504,04737,14,4
39061021402,39,061,021402,8168,7996,57,37,4,73,1,5419,5314,28,22,2,53,0,939.29,2342.09,NA,21504,04737,14,4
39061021501,39,061,021501,5170,4191,802,39,2,129,7,3919,3252,544,27,2,93,1,604.28,1218.62,74104,74104,04467,14,7
39061021504,39,061,021504,5467,3325,1979,61,3,90,9,3971,2591,1275,38,3,61,3,895.99,908.74,27706,27706,04408,14,4
39061021505,39,061,021505,3364,2105,1194,13,2,42,8,2456,1633,780,11,2,29,1,554.15,562.04,27706,27706,04408,14,4
39061021506,39,061,021506,3448,1182,2199,20,7,34,6,2341,891,1413,7,4,25,1,528.21,535.73,27706,27706,04408,14,4
39061021507,39,061,021507,8536,5156,3105,100,12,126,37,5862,3760,1938,59,8,93,4,1322.66,1341.49,27706,27706,04408,14,4
39061021508,39,061,021508,5796,5274,414,45,4,52,7,3849,3497,280,25,4,42,1,771.3,1307.25,63618,74121,04736,14,7
39061021509,39,061,021509,7618,5867,1656,43,14,23,15,4976,4024,897,25,14,15,1,997.14,1690.02,52780,74121,04441,14,4
39061021602,39,061,021602,3737,1099,2600,21,6,9,2,2595,854,1715,12,6,8,0,520.01,881.35,27104,74121,04441,14,4
39061021603,39,061,021603,3810,3244,516,18,8,22,2,2657,2299,326,12,4,16,0,532.43,902.41,56280,74121,04441,14,4
39061021604,39,061,021604,3986,2233,1725,10,6,5,7,2829,1608,1205,7,5,3,1,566.9,960.83,56280,16616,04441,14,4
39061021801,39,061,021801,7495,6620,772,51,11,36,5,5787,5221,496,36,7,27,0,1050.33,1874.42,56322,56322,04451,14,4
39061021802,39,061,021802,3783,3438,301,14,11,14,5,2731,2518,188,8,9,8,0,495.67,884.58,56322,56322,04451,14,4
39061022101,39,061,022101,4403,3879,436,39,4,45,0,3282,2942,291,23,2,24,0,657.68,1114.68,NA,74121,04408,14,4
39061022102,39,061,022102,6981,6451,369,54,11,96,0,5277,4931,242,37,10,57,0,1057.46,1792.25,27104,74121,04733,14,4
39061022301,39,061,022301,5451,4665,641,75,5,60,5,4272,3745,433,48,3,43,0,658.72,1328.38,74104,74104,04467,14,7
39061022302,39,061,022302,4760,4546,84,23,6,100,1,3561,3418,56,13,4,70,0,636.97,1527.22,71892,75973,04467,2,7
39061023001,39,061,023001,4067,3817,136,40,5,69,0,3328,3150,89,30,5,54,0,518.63,1205.81,71892,71892,04467,14,7
39061023002,39,061,023002,5853,5680,90,21,2,60,0,4353,4250,46,14,2,41,0,678.37,1577.19,71892,71892,04467,14,7
39061023201,39,061,023201,3640,3441,168,14,7,10,0,2816,2666,124,12,6,8,0,452.28,878.44,65732,65732,04469,2,7
39061023202,39,061,023202,9276,9001,144,41,18,68,4,7314,7093,125,29,14,52,1,1174.72,2281.56,65732,65732,04469,2,7
39061023501,39,061,023501,3800,3595,37,24,3,141,0,2851,2712,23,19,2,95,0,442.13,971.95,7300,7300,04486,2,7
39061023502,39,061,023502,8466,7732,477,49,9,195,4,6383,5883,328,38,9,122,3,989.87,2176.05,7300,7300,04486,2,7
39061023701,39,061,023701,3268,3201,29,10,4,24,0,2694,2644,23,5,3,19,0,572.8,1032.82,21266,21266,04385,2,7
39061023702,39,061,023702,2801,2781,4,10,5,1,0,2155,2138,3,8,5,1,0,458.2,826.18,21266,21266,04385,2,7
39061024001,39,061,024001,5619,5187,277,41,7,106,1,4546,4227,214,33,7,64,1,813.16,1949.66,39914,75973,04385,2,7
39061024002,39,061,024002,3192,3027,62,32,0,69,2,2588,2470,43,20,0,53,2,462.92,1109.92,39914,75973,04543,2,7
39061024301,39,061,024301,3499,3077,230,57,7,128,0,2356,2097,142,34,7,76,0,197.57,529.67,51716,76028,04486,2,7
39061024302,39,061,024302,12712,12083,168,70,4,377,10,8732,8307,118,49,3,250,5,732.25,1963.1,45108,76028,04486,2,7
39061024303,39,061,024303,5075,4817,179,31,14,27,7,3491,3338,102,15,9,23,4,738,1773,45108,45108,04427,2,7
39061024901,39,061,024901,1349,1332,0,11,4,2,0,988,977,0,7,4,0,0,206,357,55678,1980,04734,2,7
39061024902,39,061,024902,5914,5805,13,33,6,57,0,4113,4048,10,19,6,30,0,619.59,1844.77,77840,1980,04734,2,7
39061025001,39,061,025001,7050,6905,34,60,1,49,1,4973,4883,25,34,1,30,0,749.15,2230.5,72252,1980,04734,2,7
39061025002,39,061,025002,7593,7450,18,45,3,76,1,5489,5396,14,27,3,49,0,826.88,2461.94,28966,1980,04734,2,7
39061025101,39,061,025101,3349,3264,8,27,4,46,0,2245,2194,8,12,2,29,0,338.19,1006.93,22674,1980,04734,2,7
39061025102,39,061,025102,7840,7601,73,43,3,118,2,5355,5200,45,27,3,80,0,806.69,2401.84,13848,1980,04734,2,7
39061025103,39,061,025103,5516,5418,23,28,3,43,1,3994,3922,19,21,3,28,1,601.67,1791.4,27776,1980,04734,2,7
39061025104,39,061,025104,1657,1617,11,8,1,18,2,1134,1113,3,5,0,12,1,170.83,508.62,NA,1980,04734,2,7
39061025401,39,061,025401,1957,1903,38,3,0,13,0,1561,1516,31,2,0,12,0,257.29,390.25,57386,57386,04457,2,7
39061025402,39,061,025402,4406,4340,18,18,11,17,2,3294,3252,10,12,9,11,0,542.92,823.5,57386,57386,04457,2,7
39063000001,39,063,000001,4458,4219,87,116,5,23,8,3268,3116,67,63,5,15,2,695,1021,28014,81284,10002,20,8
39063000002,39,063,000002,3399,3317,5,61,4,12,0,2442,2391,2,41,3,5,0,101,279,NA,47698,10002,20,8
39063000003,39,063,000003,7502,7352,11,118,9,11,1,5205,5129,4,60,6,5,1,75,156,45808,63268,04745,20,8
39063000004,39,063,000004,6364,6154,43,103,5,56,3,4666,4525,24,70,3,43,1,480,1199,27048,27048,10000,20,8
39063000005,39,063,000005,4823,4495,37,245,1,44,1,3505,3317,25,136,1,26,0,729.53,1545.96,27048,27048,10000,20,8
39063000006,39,063,000006,4765,4473,76,163,7,45,1,3637,3455,50,101,2,29,0,757,1604.18,27048,27048,10000,20,8
39063000007,39,063,000007,4211,4079,35,33,0,63,1,3216,3135,21,22,0,38,0,140.93,329.19,27048,27048,10000,20,8
39063000008,39,063,000008,4513,4267,64,153,7,22,0,3255,3104,37,93,6,15,0,677.49,1435.69,27048,27048,10000,20,8
39063000009,39,063,000009,6220,5751,111,279,24,51,4,4785,4462,86,170,19,44,4,995.95,2110.54,27048,27048,10000,20,8
39063000010,39,063,000010,5359,5046,54,223,4,32,0,3935,3733,31,144,4,23,0,819.03,1735.62,27048,27048,10000,20,8
39063000011,39,063,000011,3920,3741,31,120,8,19,1,2968,2852,22,76,6,12,0,130.07,303.81,27048,27048,10000,20,8
39063000012,39,063,000012,5217,5181,7,18,7,2,2,3700,3678,3,14,4,1,0,174,345,2400,46438,04742,20,8
39063000013,39,063,000013,4785,4733,1,48,0,3,0,3312,3274,0,35,0,3,0,206,516,65634,78330,04743,20,8
39065009831,39,065,009831,3387,3336,18,20,9,3,1,2440,2416,12,7,4,0,1,94,142,27636,37814,04751,20,8
39065009832,39,065,009832,4545,4430,77,20,7,10,1,3396,3316,60,8,5,6,1,1387,1840,39886,63282,10025,20,8
39065009833,39,065,009833,3462,3430,4,14,7,4,3,2540,2515,3,10,6,3,3,114,224,22946,6866,04749,20,8
39065009834,39,065,009834,6014,5824,78,27,8,76,1,4924,4745,78,24,7,69,1,656,1120,198,43162,04518,20,8
39065009835,39,065,009835,4427,4389,15,12,9,2,0,3231,3204,11,9,7,0,0,144,167,1210,47712,04752,20,8
39065009836,39,065,009836,4805,4723,27,34,10,8,3,3502,3448,18,22,6,6,2,126,201,39886,9848,10025,20,8
39065009837,39,065,009837,4471,4423,13,18,7,9,1,3092,3063,10,8,4,6,1,205,287,53144,32830,04750,20,8
39067009756,39,067,009756,3685,3654,21,7,0,3,0,2743,2724,15,3,0,1,0,189,112,39172,31766,04524,12,19
39067009757,39,067,009757,3917,3886,7,14,5,3,2,2930,2911,5,8,4,2,0,302,369,70814,56084,04524,12,19
39067009758,39,067,009758,2429,2411,1,8,7,2,0,1748,1738,0,5,5,0,0,145,126,28798,81312,04524,12,19
39067009759,39,067,009759,2438,2425,5,3,5,0,0,1829,1818,3,3,5,0,0,157,98,54068,72361,04524,12,19
39067009760,39,067,009760,3616,3234,354,11,5,7,5,2768,2510,244,6,5,3,0,864,857,10800,10814,04524,12,19
39069009801,39,069,009801,4304,4143,82,65,13,1,0,2938,2898,1,32,6,1,0,207,329,43414,81326,04758,21,5
39069009802,39,069,009802,3773,3654,2,102,8,5,2,2669,2601,0,58,5,3,2,72,250,27538,53564,04443,21,5
39069009803,39,069,009803,4854,4739,6,93,2,14,0,3495,3415,3,64,2,11,0,1397,2537,53550,53564,04443,21,5
39069009804,39,069,009804,3842,3518,42,252,5,22,3,2832,2653,26,134,4,13,2,123,264,53550,53564,04443,21,5
39069009805,39,069,009805,3697,3535,1,147,1,13,0,2595,2505,1,81,1,7,0,72,220,45794,51408,04759,21,5
39069009806,39,069,009806,3909,3640,2,238,7,22,0,2779,2619,2,141,4,13,0,266,655,21812,4052,04759,21,5
39069009807,39,069,009807,4729,4258,12,435,8,10,6,3348,3077,3,249,8,7,4,176,339,35854,63296,04757,21,5
39071009544,39,071,009544,3717,3600,106,7,3,1,0,2741,2660,71,6,3,1,0,828,1034,32088,46452,04540,16,2
39071009545,39,071,009545,4142,4072,52,12,2,4,0,2952,2910,31,7,2,2,0,398,550,32088,46452,04540,16,2
39071009546,39,071,009546,3851,3774,31,29,14,3,0,2754,2709,18,14,10,3,0,105,227,42476,26026,04762,16,2
39071009547,39,071,009547,4757,4729,10,9,6,3,0,3310,3294,5,5,5,1,0,98,198,45542,22204,04763,16,2
39071009548,39,071,009548,3956,3761,132,15,16,28,4,2866,2757,67,11,11,19,1,578.33,1086.31,35560,43190,04412,16,2
39071009549,39,071,009549,3655,3276,338,11,7,21,2,2838,2559,249,10,6,14,0,572.67,1075.69,35560,43190,04412,16,2
39071009550,39,071,009550,2747,2727,5,2,9,3,1,2136,2124,4,2,4,2,0,134,241,NA,59500,04412,16,2
39071009551,39,071,009551,4460,4438,2,13,6,1,0,3197,3178,2,11,6,0,0,106,156,72578,9736,04761,16,2
39071009552,39,071,009552,4443,4408,9,10,9,7,0,3142,3117,7,7,6,5,0,171,268,53186,84826,04763,16,2
39073009649,39,073,009649,3681,3641,12,19,5,4,0,2723,2700,7,10,5,1,0,173,293,NA,47740,04424,16,2
39073009650,39,073,009650,3504,3489,3,8,2,2,0,2526,2517,2,4,2,1,0,138,165,42084,61868,04908,16,2
39073009651,39,073,009651,3485,3452,5,11,11,4,2,2488,2463,3,8,11,2,1,110,153,NA,81354,04424,16,2
39073009652,39,073,009652,3914,3820,59,16,8,4,7,2880,2817,41,12,5,3,2,883.33,1175.88,44632,26488,04424,16,2
39073009653,39,073,009653,3641,3617,6,10,2,6,0,2692,2677,2,6,2,5,0,825.67,1099.12,44632,26488,04424,16,2
39073009654,39,073,009654,3737,3692,17,11,14,3,0,2780,2750,17,4,7,2,0,248,288,44632,26488,04424,16,2
39073009655,39,073,009655,3571,3407,132,18,13,1,0,2651,2498,125,16,11,1,0,321,159,53410,80780,04444,16,2
39075009763,39,075,009763,7868,7852,1,14,0,1,0,4637,4630,0,6,0,1,0,40,243,NA,80626,04768,10,14
39075009764,39,075,009764,6143,6101,11,14,3,12,2,3880,3850,11,10,3,5,1,176,291,35994,64584,05058,10,14
39075009765,39,075,009765,4218,4187,3,14,5,9,0,2849,2833,1,8,5,2,0,184,303,53634,81368,04769,10,14
39075009766,39,075,009766,3561,3543,2,6,4,6,0,2588,2576,2,2,4,4,0,279,389,40180,66712,04769,10,14
39075009767,39,075,009767,4258,4166,33,37,7,14,1,3163,3101,27,18,6,10,1,601,965,50372,33460,04769,10,14
39075009768,39,075,009768,6801,6758,2,38,2,1,0,3959,3934,2,20,2,1,0,18,146,3744,15280,04768,10,14
39077009954,39,077,009954,4692,4642,5,33,9,3,0,3275,3241,3,23,7,1,0,341,441,80458,80472,04774,7,5
39077009955,39,077,009955,4894,4757,55,64,6,12,0,3538,3447,37,43,6,5,0,241.58,368.75,57302,57316,04456,7,5
39077009956,39,077,009956,4294,4160,59,60,6,9,0,3162,3079,36,32,6,9,0,1170.01,1531.58,57302,57302,04456,7,5
39077009957,39,077,009957,3947,3818,53,58,5,13,0,2916,2833,31,39,5,8,0,1078.99,1412.42,57302,57302,04456,7,5
39077009958,39,077,009958,4380,4057,179,112,3,19,10,3111,2913,122,61,3,12,0,212.42,324.25,57302,57302,04456,7,5
39077009959,39,077,009959,4205,4173,6,15,6,5,0,2888,2868,5,8,5,2,0,153,215,51618,67006,04771,7,5
39077009960,39,077,009960,4294,4172,3,110,2,6,1,3092,3016,1,69,2,3,1,143,229,5228,5228,04359,21,5
39077009961,39,077,009961,3536,3488,2,30,6,8,2,2475,2445,2,19,4,5,0,168,288,56420,57358,04509,7,5
39077009962,39,077,009962,4885,4444,88,326,5,16,6,3263,3021,64,166,4,8,0,104,228,85232,85232,04509,21,5
39077009963,39,077,009963,3782,3599,31,134,7,11,0,2786,2671,18,83,5,9,0,292,526,85232,85232,04509,7,5
39077009964,39,077,009964,4745,4695,6,19,16,8,1,3321,3294,2,10,11,3,1,81,187,32368,54712,04773,7,5
39077009965,39,077,009965,4238,4175,11,30,5,17,0,2944,2911,8,15,3,7,0,130,182,57302,9148,04456,7,5
39077009966,39,077,009966,4348,4210,91,15,8,21,3,3007,2917,66,8,6,10,0,402,618,54908,54922,04772,7,5
39079009572,39,079,009572,5180,5131,14,18,11,4,2,3756,3726,9,9,8,2,2,164,196,82712,82712,04502,16,2
39079009573,39,079,009573,3551,3524,4,12,5,6,0,2512,2495,3,6,4,4,0,132,110,82712,16336,04502,16,2
39079009574,39,079,009574,4473,4341,102,13,16,0,1,3168,3064,80,10,14,0,0,102.68,108.29,NA,70856,04415,16,2
39079009575,39,079,009575,5538,5472,35,16,5,7,3,4175,4136,25,6,3,5,0,135.32,142.71,37842,43442,04415,16,2
39079009576,39,079,009576,2907,2867,22,10,5,3,0,2115,2085,16,8,4,2,0,1311,1863,37842,43442,04415,16,2
39079009577,39,079,009577,4681,4622,26,15,8,8,2,3378,3340,22,8,5,3,0,106,166,57596,46466,04776,16,2
39079009578,39,079,009578,3900,3871,14,5,2,8,0,2823,2801,9,4,2,7,0,372,529,57596,38654,04776,16,2
39081000001,39,081,000001,431,325,92,6,1,7,0,380,296,73,3,1,7,0,124.05,81.17,74608,74608,04482,12,19
39081000002,39,081,000002,2760,1841,819,70,7,21,2,2312,1647,570,69,7,18,1,754.73,493.86,74608,74608,04482,12,19
39081000003,39,081,000003,935,421,500,4,4,1,5,748,360,380,4,3,1,0,244.18,159.78,74608,74608,04482,12,19
39081000004,39,081,000004,3603,3036,488,66,1,8,4,2588,2260,275,44,1,6,2,844.83,552.81,74608,74608,04482,12,19
39081000005,39,081,000005,4468,4276,141,17,5,25,4,3549,3426,96,12,2,13,0,1158.54,758.09,74608,74608,04482,12,19
39081000006,39,081,000006,2546,2431,81,3,0,27,4,2131,2041,66,3,0,21,0,695.65,455.19,74608,74608,04482,12,19
39081000007,39,081,000007,2223,1876,315,12,8,12,0,1749,1520,203,9,5,12,0,570.95,373.6,74608,74608,04482,12,19
39081000008,39,081,000008,1610,828,757,11,9,3,2,1133,607,508,9,7,2,0,369.86,242.02,74608,74608,04482,12,19
39081000009,39,081,000009,1509,1315,177,9,8,0,0,1115,989,112,8,6,0,0,363.98,238.17,74608,74608,04482,12,19
39081000010,39,081,000010,2415,2304,53,20,4,34,0,1949,1868,40,16,2,23,0,636.23,416.32,74608,74608,04780,12,19
39081000110,39,081,000110,1928,1903,18,3,0,4,0,1405,1394,10,0,0,1,0,104,92,37422,70086,04779,12,19
39081000111,39,081,000111,3239,3220,5,3,4,7,0,2384,2371,2,2,3,6,0,90,138,5718,74122,04779,12,19
39081000112,39,081,000112,2563,2494,48,7,6,5,3,1904,1861,32,4,4,3,0,492,385,77112,40866,04491,12,19
39081000113,39,081,000113,3077,3025,28,12,2,10,0,2315,2285,17,6,1,6,0,585.51,465.48,77112,37534,04491,12,19
39081000114,39,081,000114,9681,9534,71,40,21,14,1,7194,7091,51,26,14,12,0,1819.49,1446.52,25368,37534,04779,12,19
39081000115,39,081,000115,6223,6130,60,13,10,10,0,4598,4524,46,9,10,9,0,598,641,66824,82180,04780,12,19
39081000116,39,081,000116,4102,3780,275,14,13,20,0,3222,2971,214,12,11,14,0,811.87,587.47,86184,19484,04780,12,19
39081000117,39,081,000117,6708,6475,170,22,7,31,3,5120,4956,121,16,6,20,1,1290.13,933.53,8406,19484,04780,12,19
39081000118,39,081,000118,4331,4140,123,40,15,10,3,3402,3272,92,23,8,7,0,1656,674,50904,74615,04780,12,19
39081000119,39,081,000119,4157,4106,19,10,19,0,3,3092,3061,13,6,12,0,0,709,395,8812,82698,04778,12,19
39081000120,39,081,000120,2355,2152,179,17,2,0,5,1796,1649,134,11,2,0,0,451.67,153.76,72760,72767,04778,12,19
39081000121,39,081,000121,4242,4185,38,14,5,0,0,3250,3206,29,11,4,0,0,817.33,278.24,22022,72767,04778,12,19
39081000122,39,081,000122,2427,2395,21,6,4,1,0,1832,1807,17,4,3,1,0,793.94,216.74,NA,80878,04778,12,19
39081000123,39,081,000123,2765,2749,6,7,1,2,0,2183,2171,5,4,1,2,0,946.06,258.26,76806,80878,04778,12,19
39083009867,39,083,009867,3896,3868,1,14,12,1,0,2752,2735,0,8,9,0,0,303,450,20114,78358,04783,20,8
39083009868,39,083,009868,4883,4850,12,15,2,4,0,3511,3489,11,7,2,2,0,110,180,NA,36526,10013,20,14
39083009869,39,083,009869,5190,5161,12,8,4,5,0,3735,3713,9,5,4,4,0,105,228,28658,28658,04785,20,8
39083009870,39,083,009870,2422,2388,19,4,4,5,2,1824,1801,11,1,4,5,2,159,290,53102,43218,10012,20,8
39083009871,39,083,009871,3506,3379,80,16,14,11,6,2672,2585,65,10,6,6,0,105.84,168.03,53102,53102,10012,20,14
39083009872,39,083,009872,5102,4943,82,33,16,21,7,3816,3723,58,14,13,8,0,151.16,239.97,53102,53102,10012,20,14
39083009873,39,083,009873,5461,5294,78,27,7,53,2,4660,4516,66,27,2,48,1,318,384,53102,16686,10012,20,14
39083009874,39,083,009874,3581,3572,2,1,4,0,2,2597,2591,2,0,4,0,0,124,213,48090,37870,10013,20,8
39083009875,39,083,009875,4013,3918,29,28,10,26,2,3163,3094,23,18,9,19,0,180,366,53102,53102,10012,20,8
39083009876,39,083,009876,4868,4748,32,17,18,52,1,3649,3581,17,8,10,33,0,2027,2590,53102,53102,10012,20,8
39083009877,39,083,009877,4551,4501,27,8,0,14,1,3258,3219,25,4,0,10,0,132,231,13036,35462,04782,20,8
39085000000,39,085,000000,0,0,0,0,0,0,0,0,0,0,0,0,0,0,0,0,NA,46494,99998,5,17
39085002001,39,085,002001,1822,1750,53,5,1,13,0,1551,1489,44,4,1,13,0,453.72,366.72,85638,85638,04510,13,17
39085002002,39,085,002002,2862,2817,7,7,2,29,0,2244,2211,2,7,2,22,0,656.45,530.58,85638,85638,04510,13,17
39085002003,39,085,002003,3528,3487,2,9,1,27,2,2830,2798,2,9,1,20,0,827.88,669.13,85638,85638,04510,13,17
39085002004,39,085,002004,3855,3777,23,15,2,38,0,3139,3079,17,9,2,32,0,918.27,742.19,85638,85638,04510,13,17
39085002005,39,085,002005,3202,3170,5,15,0,12,0,2590,2567,3,10,0,10,0,757.67,612.38,85638,85638,04510,13,17
39085002006,39,085,002006,4123,4072,2,25,0,23,1,3323,3291,1,15,0,16,0,1037.2,751.33,85036,85036,04508,13,17
39085002007,39,085,002007,4440,4360,14,21,1,43,1,3550,3486,9,16,1,38,0,1108.06,802.66,85036,85036,04508,13,17
39085002008,39,085,002008,3930,3511,366,22,6,17,8,3163,2845,286,17,3,12,0,987.26,715.16,85036,85036,04508,13,17
39085002009,39,085,002009,2065,2046,5,7,2,5,0,1565,1549,4,6,2,4,0,488.48,353.85,85036,85036,04508,13,17
39085002010,39,085,002010,4465,4124,230,36,4,70,1,3790,3511,190,28,4,57,0,733.96,903.74,85512,85512,04510,13,17
39085002011,39,085,002011,3962,3895,29,24,0,14,0,3398,3346,24,19,0,9,0,658.04,810.26,85512,85512,04510,5,17
39085002012,39,085,002012,3946,3798,49,32,1,64,2,3271,3163,33,25,1,48,1,652.86,750.68,85484,85484,04510,5,17
39085002013,39,085,002013,3682,3613,9,19,1,40,0,3132,3079,8,16,1,28,0,625.12,718.78,85484,85484,04510,5,17
39085002014,39,085,002014,4603,4561,17,13,2,9,1,3562,3532,12,8,2,7,1,710.94,817.46,85484,85484,04510,5,17
39085002015,39,085,002015,1900,1860,7,22,1,10,0,1455,1427,4,15,1,8,0,290.4,333.92,85484,85484,04510,5,17
39085002016,39,085,002016,2234,2179,14,10,6,21,4,1569,1535,8,8,4,12,2,313.16,360.08,85484,85484,04510,5,17
39085002017,39,085,002017,4145,4016,49,37,16,23,4,3129,3055,29,22,9,14,0,624.52,718.09,85484,85484,04510,5,17
39085002018,39,085,002018,4630,4496,26,12,7,79,10,3306,3228,17,11,3,44,3,742.77,628.99,23618,23618,04510,5,17
39085002019,39,085,002019,2864,2802,13,23,0,24,2,2199,2152,10,22,0,15,0,494.06,418.38,23618,23618,04510,5,17
39085002020,39,085,002020,6411,6328,9,27,12,35,0,4725,4663,4,23,10,25,0,1061.58,898.97,23618,23618,04510,5,17
39085002021,39,085,002021,2755,2709,16,9,4,17,0,2144,2110,10,7,1,16,0,481.7,407.91,23618,23618,04510,5,17
39085002022,39,085,002022,4465,4422,1,26,3,13,0,3377,3342,1,20,3,11,0,758.72,642.5,23618,23618,04510,5,17
39085002024,39,085,002024,3496,3456,6,32,0,2,0,2501,2473,2,24,0,2,0,475.51,501.14,49098,49098,04599,5,17
39085002025,39,085,002025,4775,4634,50,36,9,44,2,3353,3266,31,18,6,31,1,637.49,671.86,49098,49098,04599,5,17
39085002026,39,085,002026,4097,4059,2,15,2,19,0,2868,2841,1,11,2,13,0,562.68,759.53,49056,49056,04549,5,17
39085002027,39,085,002027,5525,5400,22,31,3,69,0,3880,3798,12,20,1,49,0,761.23,1027.54,49056,49056,04549,5,17
39085002028,39,085,002028,7479,7304,31,62,11,70,1,5523,5408,21,38,8,47,1,1083.57,1462.66,49056,49056,04549,5,17
39085002029,39,085,002029,6807,6681,28,22,2,74,0,4883,4792,21,18,2,50,0,958.01,1293.17,49056,49056,04549,5,17
39085002030,39,085,002030,5868,5718,20,48,0,79,3,4099,4016,13,25,0,43,2,804.19,1085.54,49056,49056,04549,5,17
39085002031,39,085,002031,473,464,0,4,0,5,0,379,373,0,3,0,3,0,74.36,100.37,49056,49056,04549,5,17
39085002032,39,085,002032,3788,3702,28,35,5,17,1,2987,2928,17,23,5,14,0,586.03,791.05,49056,49056,04549,5,17
39085002033,39,085,002033,1961,1938,1,12,3,7,0,1549,1530,1,11,2,5,0,303.9,410.22,49056,49056,04549,5,17
39085002034,39,085,002034,4874,4830,8,24,2,10,0,3733,3706,4,15,2,6,0,732.39,988.61,49056,49056,04549,5,17
39085002035,39,085,002035,6486,6350,20,35,1,80,0,4453,4363,13,25,1,51,0,873.65,1179.29,49056,49056,04549,5,17
39085002036,39,085,002036,622,618,1,0,0,3,0,517,515,1,0,0,1,0,55,178,40670,40670,04549,5,17
39085002037,39,085,002037,454,444,1,7,0,2,0,386,378,1,5,0,2,0,52,194,80402,80402,04787,5,17
39085002038,39,085,002038,2293,2273,6,4,3,7,0,1839,1824,6,3,2,4,0,352.53,529.2,40642,40642,04787,5,17
39085002039,39,085,002039,3594,3561,3,16,2,12,0,2762,2742,3,7,2,8,0,529.47,794.8,40642,40642,04787,5,17
39085002040,39,085,002040,2978,2946,13,11,8,0,0,2249,2231,11,3,4,0,0,501.41,534.39,26306,59430,04536,5,17
39085002041,39,085,002041,308,304,0,0,0,4,0,235,233,0,0,0,2,0,52.39,55.84,31234,59430,10014,5,17
39085002042,39,085,002042,3705,2724,837,116,20,4,4,2519,1931,517,60,9,2,0,494.99,425.51,59416,59416,10015,5,17
39085002043,39,085,002043,5217,4602,501,53,14,36,11,3836,3411,355,33,9,27,1,753.78,647.98,59416,59416,10015,5,17
39085002044,39,085,002044,2954,2752,108,75,4,13,2,2220,2089,69,51,3,8,0,436.23,375.01,59416,59416,10015,5,17
39085002045,39,085,002045,3884,3187,513,146,22,10,6,3028,2538,361,104,17,7,1,595,511.5,59416,59416,10015,5,17
39085002046,39,085,002046,780,745,14,13,4,1,3,565,545,8,8,2,1,1,125.97,134.25,NA,59430,10014,5,17
39085002047,39,085,002047,4600,4451,86,19,4,40,0,3526,3433,53,12,3,25,0,786.12,837.83,59416,59430,10014,5,17
39085002048,39,085,002048,2722,2687,9,10,2,14,0,1955,1934,5,6,1,9,0,435.87,464.54,59416,59430,10014,5,17
39085002049,39,085,002049,5044,4975,38,14,6,10,1,3540,3493,23,12,5,6,1,789.24,841.15,59416,59430,10014,5,17
39085002051,39,085,002051,2357,2321,9,7,1,19,0,1717,1688,5,7,1,16,0,307.17,576.88,NA,18196,10014,5,17
39085002052,39,085,002052,2581,2537,24,16,0,4,0,1860,1830,20,8,0,2,0,457,567,NA,42812,10014,5,17
39085002053,39,085,002053,1617,1603,1,1,4,8,0,1162,1152,0,1,4,5,0,244.11,312.33,NA,61896,04790,5,17
39085002054,39,085,002054,1012,1000,6,4,1,0,1,688,681,3,2,1,0,1,144.53,184.93,61882,61896,04790,5,17
39085002055,39,085,002055,3327,3273,10,27,8,9,0,2352,2313,8,18,6,7,0,494.1,632.19,NA,61896,04790,5,17
39085002056,39,085,002056,824,812,7,4,1,0,0,601,595,4,1,1,0,0,126.26,161.54,56910,61896,04790,5,17
39085002058,39,085,002058,1167,1156,7,4,0,0,0,854,851,2,1,0,0,0,157.58,190.5,NA,46494,04788,5,17
39085002060,39,085,002060,5887,5789,12,54,12,19,1,4103,4037,11,30,11,14,0,757.06,915.26,56812,46494,04788,5,17
39085202301,39,085,202301,259,259,0,0,0,0,0,201,201,0,0,0,0,0,45.16,38.24,41398,41398,04510,5,17
39085202302,39,085,202302,820,812,0,6,0,2,0,610,604,0,4,0,2,0,157,216,76834,76834,04510,5,17
39085205001,39,085,205001,5572,5482,20,26,1,39,4,3951,3900,11,16,1,23,0,706.84,1327.45,NA,18196,04549,5,17
39085205002,39,085,205002,4503,4414,42,25,0,20,2,3404,3347,29,14,0,14,0,608.98,1143.67,49056,18196,10014,5,17
39085205702,39,085,205702,2358,2345,2,6,0,5,0,1605,1595,2,6,0,2,0,296.15,358.03,56812,46494,04788,5,17
39085205797,39,085,205797,0,0,0,0,0,0,0,0,0,0,0,0,0,0,0,0,46480,46494,04788,5,17
39085205798,39,085,205798,4981,4922,10,25,5,19,0,3609,3570,6,17,3,13,0,665.91,805.07,56812,46494,04788,5,17
39085205996,39,085,205996,10,10,0,0,0,0,0,7,7,0,0,0,0,0,1.29,1.56,46480,46494,04788,5,17
39085205997,39,085,205997,0,0,0,0,0,0,0,0,0,0,0,0,0,0,0,0,46480,46494,04788,5,17
39085205998,39,085,205998,1061,1037,14,1,2,7,0,852,830,14,1,2,5,0,157.21,190.06,NA,46494,04788,5,17
39085206196,39,085,206196,18,18,0,0,0,0,0,11,11,0,0,0,0,0,2.03,2.45,NA,46494,04788,5,17
39085206197,39,085,206197,5,5,0,0,0,0,0,3,3,0,0,0,0,0,0.55,0.67,NA,46494,04788,5,17
39085206198,39,085,206198,2467,2442,5,7,6,7,0,1768,1752,3,6,5,2,0,326.22,394.39,46480,46494,04788,5,17
39087000501,39,087,000501,2916,2882,27,3,3,1,0,2308,2288,14,3,2,1,0,622.47,611.58,37464,78974,04414,4,2
39087000502,39,087,000502,2930,2862,59,5,2,0,2,2232,2184,43,3,2,0,0,601.98,591.44,37464,78974,04414,4,2
39087000503,39,087,000503,2851,2294,543,9,2,2,1,2106,1711,387,5,1,2,0,567.99,558.05,37464,78974,04414,4,2
39087000504,39,087,000504,3562,3533,15,6,4,1,3,2731,2712,11,4,2,0,2,736.56,723.66,37464,78974,04414,4,2
39087000505,39,087,000505,6217,6185,19,7,1,5,0,4374,4357,9,5,1,2,0,181,199,NA,86002,04796,4,2
39087000506,39,087,000506,1584,1498,75,6,3,2,0,1116,1037,71,5,2,1,0,194,163,NA,21084,04794,4,2
39087000507,39,087,000507,3469,3417,33,9,7,3,0,2376,2358,2,6,7,3,0,493,369,33194,24822,04794,4,2
39087000508,39,087,000508,3530,3497,14,7,0,12,0,2511,2491,9,3,0,8,0,677.22,665.37,37464,78974,04794,4,2
39087000509,39,087,000509,2526,2509,1,9,1,6,0,1879,1868,1,5,1,4,0,506.77,497.9,16378,78974,04792,4,2
39087000510,39,087,000510,8622,8439,147,10,14,11,1,6087,5987,75,5,10,10,0,1010,1068,73670,61910,04795,4,2
39087000511,39,087,000511,6905,6356,510,28,2,7,2,5069,4673,368,19,2,6,1,1125,1289,10352,26782,04795,4,2
39087000512,39,087,000512,5308,5251,19,20,5,12,1,3939,3906,12,12,3,6,0,682.81,883.12,13904,78372,04529,4,2
39087000513,39,087,000513,3835,3789,35,3,7,1,0,2747,2714,25,0,7,1,0,476.19,615.88,64766,78372,04529,4,2
39087000514,39,087,000514,7579,7491,58,17,6,7,0,5652,5585,43,13,5,6,0,1329,1625,2722,68280,04793,4,2
39089007501,39,089,007501,1054,1011,30,6,6,1,0,791,758,22,5,5,1,0,219.83,284.95,54040,54040,04445,4,19
39089007504,39,089,007504,2948,2804,116,12,1,15,0,2050,1966,64,9,1,10,0,569.72,738.51,54040,54040,04445,4,19
39089007507,39,089,007507,3813,3726,37,32,12,5,1,2820,2766,25,19,5,5,0,783.71,1015.9,54040,54040,04445,4,19
39089007510,39,089,007510,2882,2783,63,21,10,2,3,2004,1944,39,14,5,1,1,556.93,721.93,54040,54040,04445,4,19
39089007513,39,089,007513,3810,3508,242,32,14,14,0,2770,2567,170,15,11,7,0,769.81,997.88,54040,54040,04445,4,19
39089007516,39,089,007516,3484,3393,56,26,3,6,0,2726,2662,44,15,3,2,0,757.58,982.03,54040,54040,04445,4,19
39089007519,39,089,007519,4678,4530,88,33,14,9,4,3338,3251,53,20,8,6,0,414,801,54040,54040,04445,4,1
39089007522,39,089,007522,4573,4387,141,21,14,5,5,3252,3140,88,11,8,4,1,253.06,343.17,54040,54040,04445,4,19
39089007525,39,089,007525,4181,3773,372,11,8,11,6,2955,2664,272,6,6,7,0,229.94,311.83,54040,54040,04445,4,19
39089007528,39,089,007528,4466,4360,58,23,7,15,3,3359,3285,41,13,5,15,0,580.67,791.78,34748,34748,04411,4,19
39089007531,39,089,007531,4268,4117,74,14,2,57,4,3276,3188,51,8,2,26,1,566.33,772.22,34748,34748,04411,4,19
39089007533,39,089,007533,6434,6142,188,49,17,31,7,4991,4785,129,39,14,23,1,1387.05,1797.99,54040,54040,04445,4,1
39089007536,39,089,007536,2010,1974,15,18,1,2,0,1548,1523,11,11,1,2,0,430.21,557.66,54040,54040,04445,4,1
39089007539,39,089,007539,3650,3556,21,19,4,49,1,2854,2788,18,13,4,31,0,793.16,1028.14,54040,54040,04445,4,1
39089007541,39,089,007541,6367,6219,79,32,9,24,4,4781,4685,51,22,8,15,0,316.39,372.74,54040,54040,04445,4,1
39089007544,39,089,007544,5003,4962,8,21,7,2,3,3519,3504,4,5,5,1,0,153,311,NA,61924,04801,4,19
39089007547,39,089,007547,6130,6073,7,33,9,8,0,4467,4431,7,18,6,5,0,295.61,348.26,79114,81410,04802,6,1
39089007550,39,089,007550,4497,4466,13,7,1,10,0,3237,3216,9,4,1,7,0,89,254,34202,34188,04803,6,1
39089007553,39,089,007553,5258,5201,20,10,12,13,2,3879,3845,12,7,6,9,0,609,1292,39340,51450,04798,6,1
39089007556,39,089,007556,4568,4527,10,11,13,7,0,3291,3262,8,8,6,7,0,292,633,1154,69456,04803,6,1
39089007559,39,089,007559,3418,3295,96,9,8,10,0,2494,2396,77,6,7,8,0,282.32,495.84,75560,43568,04800,6,1
39089007562,39,089,007562,2911,2775,80,14,14,28,0,2091,1996,57,9,10,19,0,327.39,790.4,66390,25690,04700,6,1
39089007565,39,089,007565,3243,3095,130,11,4,3,0,2400,2307,82,6,4,1,0,271.68,477.16,61112,43568,04804,6,1
39089007568,39,089,007568,3853,3766,42,26,5,14,0,2592,2538,25,16,4,9,0,306.15,690.73,61112,61112,04804,6,1
39089007571,39,089,007571,2534,2509,10,7,0,3,5,1836,1821,5,5,0,3,2,216.85,489.27,40572,33894,04804,6,1
39089007574,39,089,007574,2975,2926,20,10,10,8,1,2118,2089,14,7,5,3,0,331.61,800.6,40572,25690,04804,6,1
39089007577,39,089,007577,7236,6980,121,48,6,76,5,5916,5714,105,35,4,58,0,1173,2024,31402,31416,04539,6,1
39089007580,39,089,007580,4292,4260,5,11,6,6,4,3133,3114,3,6,6,4,0,604.83,808.23,34790,78400,04799,6,19
39089007583,39,089,007583,3022,2992,2,11,10,7,0,2135,2117,1,5,7,5,0,412.17,550.77,9890,78400,04799,6,19
39089007586,39,089,007586,5587,5533,26,9,9,10,0,4180,4141,21,7,7,4,0,194,288,33362,7944,04799,4,19
39089007589,39,089,007589,5155,5094,28,17,8,8,0,3727,3686,18,9,7,7,0,434,616,33292,33299,04801,4,19
39091009838,39,091,009838,3645,3614,16,4,2,8,1,2508,2480,15,3,2,8,0,224,463,69176,69134,04807,17,8
39091009839,39,091,009839,4184,4162,4,16,0,2,0,3007,2994,2,9,0,2,0,184,396,5116,66740,04808,17,8
39091009840,39,091,009840,2340,2321,3,11,1,3,1,1887,1876,3,5,1,2,0,213,473,NA,74780,04808,17,8
39091009841,39,091,009841,2934,2917,0,8,4,3,2,2269,2259,0,3,4,2,1,550,1029,41608,74780,04808,17,8
39091009842,39,091,009842,2210,2187,0,15,6,1,1,1699,1682,0,12,4,1,0,393,664,69302,81424,04808,17,8
39091009843,39,091,009843,5258,5230,8,8,6,6,0,3716,3695,8,6,4,3,0,67,98,21378,49378,04809,17,8
39091009844,39,091,009844,4026,3617,374,15,3,17,0,2915,2628,262,9,3,13,0,605.17,1154.91,5130,41286,04358,17,10
39091009845,39,091,009845,4946,4639,226,37,14,24,6,3501,3319,128,25,9,20,0,726.83,1387.09,5130,41286,04358,17,10
39091009846,39,091,009846,4237,3937,134,18,7,139,2,3058,2873,84,12,7,82,0,120.18,251.37,5130,41286,04358,17,10
39091009847,39,091,009847,4319,4285,8,10,12,4,0,3049,3031,3,6,6,3,0,119.82,250.63,79226,38682,04807,17,10
39091009848,39,091,009848,4211,4137,25,17,3,27,2,3019,2986,8,10,3,11,1,65,201,83734,43246,04621,17,10
39093000000,39,093,000000,0,0,0,0,0,0,0,0,0,0,0,0,0,0,0,0,NA,NA,99998,7,15
39093000101,39,093,000101,5015,4921,19,23,5,46,1,3469,3417,12,12,3,25,0,779.09,1033.35,3464,3464,04812,7,15
39093000102,39,093,000102,4199,4087,6,36,2,67,1,2989,2919,5,19,2,44,0,671.29,890.37,3464,3464,04812,7,15
39093000103,39,093,000103,4604,4530,2,52,1,19,0,3359,3316,0,31,1,11,0,754.38,1000.59,3464,3464,04812,7,15
39093000104,39,093,000104,1248,1214,4,23,1,6,0,1043,1016,4,18,1,4,0,234.24,310.69,3464,3464,04812,7,15
39093000131,39,093,000131,2972,2925,13,16,3,15,0,2218,2188,9,10,2,9,0,507.31,546.77,3352,3352,04811,7,15
39093000132,39,093,000132,4365,4276,13,55,9,12,0,3234,3186,5,30,6,7,0,739.69,797.23,3352,3352,04811,7,15
39093000211,39,093,000211,3670,3523,35,86,8,17,1,2624,2533,22,50,6,12,1,642.65,470.72,72088,72088,04476,7,15
39093000212,39,093,000212,6155,5921,36,155,17,25,1,4305,4157,24,99,11,13,1,1054.35,772.28,72088,72088,04476,7,15
39093000221,39,093,000221,2106,1993,24,81,5,2,1,1618,1552,14,48,2,2,0,480.82,226.94,44856,44856,04426,7,15
39093000222,39,093,000222,2956,2684,82,166,15,9,0,2115,1944,52,101,10,8,0,628.52,296.64,44856,44856,04426,7,15
39093000223,39,093,000223,788,387,252,147,0,1,1,621,326,194,99,0,1,1,184.54,87.1,44856,44856,04426,7,15
39093000224,39,093,000224,5243,4305,411,471,37,9,10,3662,3117,254,255,26,7,3,1088.24,513.62,44856,44856,04426,7,15
39093000225,39,093,000225,1675,1588,16,64,1,6,0,1248,1199,9,37,1,2,0,370.87,175.04,44856,44856,04426,7,15
39093000227,39,093,000227,160,154,0,1,0,5,0,113,107,0,1,0,5,0,33.58,15.85,44856,44856,04519,7,15
39093000228,39,093,000228,5437,2312,2119,980,13,9,4,3584,1834,1256,476,6,8,4,1065.06,502.68,44856,44856,04426,7,15
39093000229,39,093,000229,3232,1647,881,671,26,1,6,2138,1215,519,386,14,1,3,635.35,299.87,44856,44856,04426,7,15
39093000230,39,093,000230,6922,5154,988,720,44,13,3,4629,3665,532,394,27,8,3,1375.61,649.25,44856,44856,04426,7,15
39093000231,39,093,000231,4215,906,675,2621,8,1,4,2598,682,384,1526,3,1,2,772.05,364.39,44856,44856,04426,7,15
39093000232,39,093,000232,3753,1851,1037,842,12,2,9,2495,1326,663,498,6,1,1,741.44,349.94,44856,44856,04426,7,15
39093000233,39,093,000233,3149,1830,734,567,10,5,3,2098,1332,453,306,4,3,0,623.47,294.26,44856,44856,04426,7,15
39093000234,39,093,000234,2538,2269,109,153,2,5,0,2096,1926,77,86,2,5,0,622.87,293.98,44856,44856,04426,7,15
39093000235,39,093,000235,2293,2037,76,177,0,3,0,1953,1765,58,127,0,3,0,580.38,273.92,44856,44856,04426,7,15
39093000236,39,093,000236,3323,1780,153,1381,2,4,3,2314,1348,91,869,2,2,2,687.66,324.56,44856,44856,04426,7,15
39093000237,39,093,000237,6429,4512,358,1502,46,6,5,4611,3437,211,923,30,6,4,1370.26,646.73,44856,44856,04426,7,15
39093000238,39,093,000238,1688,1154,121,409,3,0,1,1208,864,69,272,3,0,0,358.98,169.43,44856,72067,04813,7,15
39093000239,39,093,000239,1733,1139,361,203,23,3,4,1201,826,247,111,13,2,2,382.76,174.78,44856,44856,04813,7,15
39093000240,39,093,000240,1637,1332,138,163,2,2,0,1259,1054,101,101,2,1,0,401.24,183.22,44856,72067,04813,7,15
39093000241,39,093,000241,3632,3148,197,272,7,8,0,2752,2444,133,164,5,6,0,817.82,385.99,44856,44856,04813,7,15
39093000242,39,093,000242,4812,3934,405,421,10,39,3,3627,3045,276,268,6,31,1,1077.84,508.71,44856,44856,04426,7,15
39093000281,39,093,000281,1943,1783,38,89,13,19,1,1435,1345,26,46,9,8,1,437,345,72060,72060,04476,7,15
39093000301,39,093,000301,6268,6130,9,98,13,17,1,4504,4426,8,49,11,9,1,1140,1016,79716,9568,04682,7,5
39093000501,39,093,000501,2662,2521,25,95,0,21,0,1810,1726,20,50,0,14,0,375.28,347.57,NA,1812,04519,7,15
39093000502,39,093,000502,3766,3605,10,104,8,39,0,2896,2789,10,66,4,27,0,1223.05,1257.7,1798,1798,04519,7,15
39093000503,39,093,000503,5873,5718,10,116,6,22,1,4460,4369,8,64,5,14,0,924.72,856.43,1798,1798,04519,7,15
39093000504,39,093,000504,2609,2553,0,41,6,9,0,1951,1919,0,22,5,5,0,823.95,847.3,1798,1798,04519,7,15
39093000571,39,093,000571,4236,4037,111,63,7,14,4,3134,3017,65,39,5,8,0,723.12,298.99,73040,1812,04815,7,15
39093000601,39,093,000601,4150,2683,1296,76,18,59,18,3214,2193,903,53,12,50,3,741.58,306.62,57834,69330,04459,7,15
39093000602,39,093,000602,5019,3874,748,95,18,269,15,4396,3429,598,84,17,255,13,1014.3,419.39,57834,69330,04459,7,15
39093000701,39,093,000701,11100,10176,650,145,16,100,13,8121,7526,416,95,13,66,5,1742.26,1610.88,25256,25256,04394,7,15
39093000702,39,093,000702,2242,2101,73,59,2,6,1,1777,1686,48,38,2,3,0,381.23,352.49,25256,25270,04394,7,15
39093000703,39,093,000703,3781,3422,265,62,15,11,6,3022,2787,176,40,14,5,0,769,706,25256,25270,04394,7,15
39093000704,39,093,000704,5427,3674,1606,95,17,28,7,3895,2730,1080,55,12,18,0,835.62,772.61,25256,25256,04394,7,15
39093000705,39,093,000705,3643,2935,611,75,5,16,1,2510,2050,400,46,4,9,1,538.49,497.88,25256,25256,04394,7,15
39093000706,39,093,000706,4795,4655,74,34,6,24,2,3692,3592,57,21,6,16,0,792.07,732.35,25256,25256,04394,7,15
39093000707,39,093,000707,2882,2769,56,42,8,5,2,2034,1966,40,19,4,4,1,436.37,403.46,25256,25256,04394,7,15
39093000708,39,093,000708,1340,1104,199,28,5,3,1,1059,883,152,15,5,3,1,227.2,210.06,25256,25256,04394,7,15
39093000710,39,093,000710,2753,2329,351,49,13,7,4,1993,1740,220,22,5,6,0,427.57,395.33,25256,25256,04394,7,15
39093000711,39,093,000711,5038,4900,74,22,8,30,4,3697,3603,50,15,5,22,2,793.14,733.34,25256,25256,04394,7,15
39093000712,39,093,000712,7259,6460,640,90,17,51,1,5163,4651,417,53,12,30,0,1107.66,1024.13,25256,25256,04394,7,15
39093000713,39,093,000713,2666,2581,60,23,1,1,0,1967,1928,24,14,1,0,0,393.26,592.95,25256,12140,04817,7,5
39093000714,39,093,000714,4394,2173,2120,67,11,13,10,2756,1486,1219,36,6,8,1,591.27,546.68,25256,25256,04394,7,15
39093000715,39,093,000715,1957,1816,86,36,9,10,0,1481,1357,79,32,5,8,0,296.1,446.45,25256,12140,04816,7,5
39093000771,39,093,000771,3088,3051,6,18,6,7,0,2344,2318,4,11,5,6,0,468.64,706.6,NA,12140,04817,7,5
39093000801,39,093,000801,10445,10093,70,184,21,76,1,7222,7012,36,117,15,42,0,1415.81,1632.33,56966,56966,04453,7,15
39093000805,39,093,000805,2194,2137,6,36,5,10,0,1675,1637,5,23,2,8,0,328.37,378.59,56966,56966,04453,7,15
39093000806,39,093,000806,6027,5866,55,66,12,27,1,4442,4329,37,45,11,19,1,870.82,1003.99,56966,56966,04453,7,15
39093000807,39,093,000807,2898,2840,5,35,3,15,0,2071,2034,2,23,3,9,0,406,468.09,56966,56966,04453,7,15
39093000911,39,093,000911,2953,2881,4,37,4,27,0,2139,2093,4,20,4,18,0,435.45,499.39,NA,24220,04817,7,15
39093000912,39,093,000912,3040,2971,38,16,11,4,0,2110,2059,32,9,6,4,0,429.55,492.61,24262,24220,04817,7,15
39093000921,39,093,000921,2207,2156,4,40,3,4,0,1620,1589,2,24,2,3,0,268,375,NA,34972,04815,7,5
39093000931,39,093,000931,2948,2897,24,10,7,7,3,2107,2078,12,5,5,4,3,211,315,40544,11010,04815,7,5
39093000941,39,093,000941,5959,5918,12,14,7,8,0,4095,4070,8,6,7,4,0,553,827,41230,41244,04816,7,5
39093000951,39,093,000951,5755,5185,476,69,16,9,0,4332,3775,474,61,15,7,0,622,876,31150,31164,04817,7,5
39093000961,39,093,000961,5386,5270,62,35,7,9,3,3931,3846,54,19,5,7,0,679,1019,82642,82656,04565,7,5
39093000971,39,093,000971,2611,2561,27,13,7,3,0,1754,1731,11,7,2,3,0,151,241,67762,36876,04846,7,5
39093022499,39,093,022499,7,7,0,0,0,0,0,7,7,0,0,0,0,0,2.08,0.98,44856,44856,04426,7,15
39093022601,39,093,022601,3265,2760,270,204,6,23,2,2533,2200,183,131,4,15,0,752.74,355.27,44856,44856,04426,7,15
39093022602,39,093,022602,4162,3592,270,237,7,54,2,3250,2880,176,146,7,39,2,965.81,455.84,44856,44856,04519,7,15
39093070901,39,093,070901,2353,1687,583,57,9,6,11,1617,1208,380,17,5,6,1,346.91,320.75,25256,25256,04394,7,15
39093070902,39,093,070902,3482,2979,399,81,3,16,4,2546,2242,237,52,3,12,0,546.21,505.03,25256,25270,04394,7,15
39093090198,39,093,090198,3210,3171,4,22,4,9,0,2316,2293,3,11,4,5,0,455.23,490.21,NA,16910,04814,13,15
39093090298,39,093,090298,3384,3340,4,25,8,7,0,2451,2421,3,19,4,4,0,481.77,518.79,NA,16910,04814,13,15
39095000002,39,095,000002,4829,4681,54,66,4,24,0,3486,3394,33,34,3,22,0,871.72,569.25,77000,77000,04490,19,9
39095000003,39,095,000003,5832,5483,176,130,8,31,4,4308,4093,121,68,4,21,1,1077.27,703.47,77000,77000,04490,19,9
39095000004,39,095,000004,4138,3965,28,124,10,11,0,2979,2874,19,71,5,10,0,744.93,486.45,77000,77000,04490,19,9
39095000006,39,095,000006,4926,4692,57,123,18,36,0,3444,3317,31,64,10,22,0,861.21,562.39,77000,77000,04490,19,9
39095000007,39,095,000007,5988,5466,312,161,11,32,6,4432,4105,196,94,8,26,3,1108.27,723.72,77000,77000,04490,19,9
39095000008,39,095,000008,2993,575,2292,95,16,14,1,1812,453,1298,51,6,4,0,453.11,295.89,77000,77000,04490,19,9
39095000009,39,095,000009,3505,2671,609,209,4,4,8,2454,2003,324,115,2,4,6,613.65,400.73,77000,77000,04490,19,9
39095000010,39,095,000010,4193,3638,309,226,10,5,5,3169,2852,174,131,7,3,2,792.45,517.48,77000,77000,04490,19,9
39095000011,39,095,000011,3495,1838,1383,223,9,10,32,2471,1409,911,125,8,5,13,617.9,403.5,77000,77000,04490,19,9
39095000014,39,095,000014,2746,464,2215,37,6,18,6,1842,388,1409,28,5,9,3,460.61,300.79,77000,77000,04490,19,9
39095000015,39,095,000015,2390,489,1837,56,3,0,5,1522,368,1116,35,3,0,0,380.59,248.53,77000,77000,04490,19,9
39095000016,39,095,000016,5054,1153,3709,157,12,13,10,3444,959,2362,101,10,10,2,861.21,562.39,77000,77000,04490,19,9
39095000017,39,095,000017,3257,2105,754,370,13,7,8,2102,1491,397,199,8,5,2,525.63,343.25,77000,77000,04490,19,9
39095000018,39,095,000018,3942,2756,684,470,16,12,4,2695,2054,374,243,14,9,1,673.92,440.08,77000,77000,04490,19,9
39095000019,39,095,000019,2421,691,1528,165,6,7,24,1611,512,983,97,4,6,9,402.85,263.07,77000,77000,04490,19,9
39095000020,39,095,000020,3113,2672,141,246,10,34,10,2077,1860,64,130,6,14,3,519.38,339.16,77000,77000,04490,19,9
39095000021,39,095,000021,4128,1626,2410,64,15,10,3,3168,1432,1667,47,11,9,2,792.2,517.32,77000,77000,04490,19,9
39095000022,39,095,000022,2472,301,2102,53,6,7,3,1586,264,1280,30,5,5,2,396.6,258.99,77000,77000,04490,19,9
39095000023,39,095,000023,1889,263,1578,36,2,4,6,1321,237,1054,22,2,4,2,330.33,215.71,77000,77000,04490,19,9
39095000025,39,095,000025,3161,87,3042,20,7,4,1,2205,68,2114,13,6,4,0,551.39,360.06,77000,77000,04490,19,9
39095000026,39,095,000026,2211,42,2147,13,3,1,5,1550,36,1499,8,2,1,4,387.6,253.11,77000,77000,04490,19,9
39095000027,39,095,000027,615,329,262,13,9,1,1,596,323,249,13,9,1,1,149.04,97.32,77000,77000,04490,19,9
39095000028,39,095,000028,898,414,433,41,5,3,2,802,376,379,40,4,3,0,200.55,130.96,77000,77000,04490,19,9
39095000029,39,095,000029,2449,1221,952,236,17,21,2,1777,1037,546,164,13,15,2,444.36,290.17,77000,77000,04490,19,9
39095000030,39,095,000030,3321,2471,411,392,22,12,13,2262,1786,234,208,17,8,9,565.64,369.37,77000,77000,04490,19,9
39095000031,39,095,000031,1709,481,1199,21,4,1,3,1165,405,744,12,3,1,0,291.32,190.24,77000,77000,04490,19,9
39095000032,39,095,000032,2383,134,2211,10,6,19,3,1646,118,1499,8,4,16,1,411.6,268.78,77000,77000,04490,19,9
39095000033,39,095,000033,2587,49,2529,8,0,1,0,1727,33,1691,2,0,1,0,431.86,282.01,77000,77000,04490,19,9
39095000034,39,095,000034,1152,52,1062,35,3,0,0,673,46,607,17,3,0,0,168.29,109.9,77000,77000,04490,19,9
39095000035,39,095,000035,2273,238,2021,7,4,3,0,1577,215,1348,7,4,3,0,394.35,257.52,77000,77000,04490,19,9
39095000036,39,095,000036,2918,170,2702,14,14,11,7,1970,135,1809,10,11,4,1,492.62,321.69,77000,77000,04490,19,9
39095000037,39,095,000037,795,24,760,0,1,10,0,510,15,490,0,1,4,0,127.53,83.28,77000,77000,04490,19,9
39095000038,39,095,000038,957,610,57,278,7,2,3,642,447,33,153,7,1,1,160.54,104.84,77000,77000,04490,19,9
39095000039,39,095,000039,6075,5530,179,309,8,46,3,4344,4052,84,163,7,36,2,1086.27,709.35,77000,77000,04490,19,9
39095000040,39,095,000040,2741,1898,610,197,12,13,11,1838,1321,389,109,7,10,2,459.61,300.14,77000,77000,04490,19,9
39095000041,39,095,000041,2437,1565,99,717,14,25,17,1498,1035,45,389,7,14,8,374.59,244.62,77000,77000,04490,19,9
39095000042,39,095,000042,2819,2252,100,433,15,12,7,1836,1536,52,229,7,8,4,459.11,299.81,77000,77000,04490,19,9
39095000044,39,095,000044,4058,3739,62,201,8,48,0,2834,2659,34,112,3,26,0,708.67,462.78,77000,77000,04490,19,9
39095000046,39,095,000046,3083,2507,191,354,12,12,7,2124,1817,114,179,6,6,2,531.13,346.84,77000,77000,04490,19,9
39095000048,39,095,000048,4532,3807,91,604,20,8,2,3056,2663,53,322,12,5,1,764.19,499.03,77000,77000,04490,19,9
39095000049,39,095,000049,3582,3309,16,233,19,4,1,2495,2336,10,130,15,3,1,623.9,407.42,77000,77000,04490,19,9
39095000050,39,095,000050,2050,1914,6,111,1,17,1,1440,1359,2,67,1,11,0,360.09,235.14,77000,77000,04490,19,9
39095000051,39,095,000051,5157,3929,634,515,32,33,14,3376,2711,336,279,21,24,5,844.21,551.28,77000,77000,04490,19,9
39095000052,39,095,000052,3957,3522,88,313,12,20,2,2870,2614,58,174,10,12,2,717.68,468.66,77000,77000,04490,19,9
39095000053,39,095,000053,2530,1872,231,390,16,14,7,1689,1281,163,224,11,9,1,422.35,275.8,77000,77000,04490,19,9
39095000054,39,095,000054,4706,3774,134,755,17,21,5,3089,2608,69,389,11,11,1,772.44,504.42,77000,77000,04490,19,9
39095000056,39,095,000056,6219,5870,181,143,10,11,4,4477,4301,76,83,9,6,2,1119.53,731.07,77000,81438,04823,19,9
39095000060,39,095,000060,2724,2637,41,28,2,16,0,2177,2116,28,18,2,13,0,544.38,355.49,77000,77000,04490,19,9
39095000061,39,095,000061,3459,3300,105,45,0,9,0,2628,2544,48,28,0,8,0,657.16,429.14,77000,77000,04490,19,9
39095000062,39,095,000062,2848,2765,23,42,3,14,1,2058,2005,16,24,3,10,0,514.63,336.06,77000,77000,04490,19,9
39095000063,39,095,000063,3322,3204,55,35,8,18,2,2525,2446,38,20,5,14,2,631.41,412.32,77000,77000,04490,19,9
39095000064,39,095,000064,2719,2672,13,21,2,9,2,2009,1979,9,12,2,6,1,502.37,328.06,77000,77000,04490,19,9
39095000065,39,095,000065,2465,2134,230,26,3,71,1,2024,1815,121,21,3,63,1,506.12,330.51,77000,77000,04490,19,9
39095000066,39,095,000066,3110,895,2132,37,4,40,2,2464,754,1643,28,3,35,1,616.15,402.36,77000,77000,04490,19,9
39095000067,39,095,000067,1905,1197,625,40,5,31,7,1485,1011,424,27,4,18,1,371.34,242.49,77000,77000,04490,19,9
39095000068,39,095,000068,5572,4299,902,189,25,151,6,4487,3687,531,110,19,138,2,1122.03,732.7,77000,77000,04490,19,9
39095000069,39,095,000069,2951,2869,21,37,4,20,0,2323,2266,16,22,4,15,0,580.89,379.33,77000,77000,04490,19,9
39095000074,39,095,000074,5840,2777,2726,153,11,162,11,4324,2280,1822,81,8,131,2,1081.27,706.09,77000,77000,04490,19,9
39095000075,39,095,000075,5222,3986,881,74,11,267,3,4443,3440,673,60,9,258,3,1111.02,725.52,77000,77000,04490,19,9
39095000076,39,095,000076,4601,4393,54,28,4,118,4,3356,3214,41,18,4,77,2,601,1457,59010,59010,04821,19,9
39095000077,39,095,000077,3579,3377,91,48,2,61,0,3147,3006,63,31,2,45,0,786.94,513.89,77000,77000,04823,19,9
39095000078,39,095,000078,4676,4393,177,47,8,47,4,3899,3707,114,33,8,36,1,974.99,636.69,77000,77000,04823,19,9
39095000079,39,095,000079,0,0,0,0,0,0,0,0,0,0,0,0,0,0,0,0,77000,77000,04490,19,9
39095000080,39,095,000080,3790,3640,29,49,5,67,0,2755,2651,23,29,4,48,0,425.22,680.88,77000,76025,04487,19,9
39095000081,39,095,000081,4120,3945,33,98,13,29,2,3022,2900,29,63,11,19,0,466.43,746.86,76022,76025,04487,19,9
39095000084,39,095,000084,4213,4007,91,57,7,50,1,3158,3016,58,42,5,36,1,487.42,780.47,76022,76025,04487,19,9
39095000085,39,095,000085,4866,4418,252,120,8,68,0,3614,3332,154,67,5,56,0,903.72,590.15,77000,77000,04490,19,9
39095000086,39,095,000086,5397,4777,416,146,12,40,6,4038,3625,287,87,7,32,0,1009.75,659.38,77000,77000,04490,19,9
39095000087,39,095,000087,6518,5573,580,228,28,104,5,4647,4112,319,118,19,78,1,790.15,883.37,35882,74123,04822,19,9
39095000088,39,095,000088,6610,6277,137,57,11,125,3,4656,4434,90,35,11,86,0,791.68,885.08,35882,74123,04822,19,9
39095000090,39,095,000090,4547,4399,26,84,6,32,0,3315,3220,18,49,6,22,0,522,939,48342,51156,04820,19,9
39095000091,39,095,000091,5845,5426,229,148,18,24,0,4406,4091,185,98,13,19,0,749.17,837.55,NA,74123,04822,19,9
39095000092,39,095,000092,8848,8316,128,111,12,281,0,6114,5784,90,62,8,170,0,943.65,1511.02,NA,76025,04487,19,9
39095000093,39,095,000093,1442,1430,0,9,1,2,0,1021,1010,0,8,1,2,0,256,293,5732,66516,04705,19,9
39095000094,39,095,000094,2258,1502,634,92,20,5,5,1590,1094,425,56,12,3,0,77,103,NA,73990,04709,19,9
39095000095,39,095,000095,3508,3324,82,79,16,6,1,2476,2361,54,49,7,4,1,456,382,75896,75903,04709,19,9
39095000096,39,095,000096,3016,2960,1,40,6,7,2,2114,2077,0,27,4,5,1,391,538,NA,64836,05072,19,9
39095000097,39,095,000097,3253,3069,0,181,0,2,1,2294,2177,0,114,0,2,1,153.59,131.58,NA,39116,04460,21,5
39095000098,39,095,000098,3646,3563,4,67,7,5,0,2622,2569,0,46,5,2,0,666.48,493.79,58730,58730,04460,19,9
39095000099,39,095,000099,2783,2704,8,60,3,8,0,2177,2122,7,38,3,7,0,553.37,409.98,58730,58730,04460,19,9
39095000101,39,095,000101,4326,4087,63,153,2,20,1,3260,3087,51,106,2,13,1,828.65,613.94,58730,58730,04460,19,9
39095001201,39,095,001201,2929,2333,455,113,7,18,3,2038,1682,270,67,5,13,1,509.63,332.79,77000,77000,04490,19,9
39095001202,39,095,001202,2449,1350,895,154,16,31,3,1545,987,449,81,11,17,0,386.35,252.29,77000,77000,04490,19,9
39095001301,39,095,001301,3136,3046,27,34,2,27,0,2358,2285,21,26,2,24,0,589.65,385.05,77000,77000,04490,19,9
39095001302,39,095,001302,2662,1992,347,42,1,271,9,2261,1759,218,32,0,249,3,565.39,369.21,77000,77000,04490,19,9
39095001303,39,095,001303,3781,2913,765,63,6,30,4,2871,2346,454,42,4,22,3,717.93,468.82,77000,77000,04490,19,9
39095001304,39,095,001304,2026,1900,85,22,1,16,2,1975,1852,83,21,1,16,2,493.87,322.51,77000,77000,04490,19,9
39095002401,39,095,002401,3866,1977,1762,44,3,75,5,2935,1626,1215,24,3,64,3,733.93,479.27,77000,77000,04490,19,9
39095002402,39,095,002402,2442,157,2233,42,5,4,1,1714,147,1534,26,4,2,1,428.61,279.89,77000,77000,04490,19,9
39095004301,39,095,004301,701,585,106,6,2,1,1,687,571,106,6,2,1,1,171.79,112.18,77000,77000,04490,19,9
39095004302,39,095,004302,2707,2577,28,74,3,21,4,2036,1960,14,45,3,14,0,509.13,332.47,77000,77000,04490,19,9
39095004501,39,095,004501,3379,3190,52,114,2,17,4,2401,2292,29,66,2,12,0,600.4,392.07,77000,77000,04490,19,9
39095004503,39,095,004503,2950,2837,35,60,1,16,1,2341,2269,20,37,1,13,1,585.39,382.27,77000,77000,04490,19,9
39095004504,39,095,004504,3700,3645,14,32,2,4,3,2858,2825,9,19,2,1,2,714.68,466.7,77000,77000,04490,19,9
39095004701,39,095,004701,3594,2972,280,296,14,26,6,2471,2184,120,143,10,14,0,617.9,403.5,77000,77000,04490,19,9
39095004702,39,095,004702,4487,3730,433,290,2,28,4,3139,2762,203,153,2,17,2,784.94,512.58,77000,77000,04490,19,9
39095004899,39,095,004899,5,5,0,0,0,0,0,5,5,0,0,0,0,0,1.25,0.82,77000,77000,04490,19,9
39095005501,39,095,005501,3698,3576,10,71,26,15,0,2786,2710,6,44,17,9,0,630,498,77000,77000,04490,19,9
39095005502,39,095,005502,3492,3449,7,27,2,7,0,2733,2701,3,20,2,7,0,683.42,446.28,77000,77000,04490,19,9
39095005503,39,095,005503,2552,2431,29,72,5,15,0,1960,1877,20,46,4,13,0,490.12,320.06,77000,77000,04823,19,9
39095005701,39,095,005701,3743,3433,183,83,13,31,0,2909,2696,119,56,12,26,0,727.43,475.02,77000,77000,04823,19,9
39095005702,39,095,005702,5623,5241,240,94,8,40,0,4394,4168,130,62,7,27,0,1098.77,717.52,77000,77000,04823,19,9
39095005703,39,095,005703,2722,2678,6,32,5,1,0,2076,2048,4,18,5,1,0,519.13,339,77000,77000,04823,19,9
39095005801,39,095,005801,3330,3159,74,78,8,11,0,2575,2458,54,49,7,7,0,643.91,420.48,77000,77000,04823,19,9
39095005802,39,095,005802,5121,4885,83,89,17,47,0,3948,3781,61,56,12,38,0,987.24,644.69,77000,77000,04823,19,9
39095005901,39,095,005901,2740,2678,10,43,3,6,0,2125,2086,6,26,3,4,0,531.38,347,77000,77000,04823,19,9
39095005902,39,095,005902,4763,4586,73,75,16,13,0,3715,3602,44,50,10,9,0,928.98,606.64,77000,77000,04823,19,9
39095007001,39,095,007001,4637,4527,20,67,4,19,0,3525,3450,13,46,3,13,0,891.28,966.66,48342,48342,04436,19,9
39095007002,39,095,007002,2205,2156,12,21,3,13,0,1628,1603,4,10,2,9,0,411.63,446.44,48342,48342,04436,19,9
39095007101,39,095,007101,4366,4208,43,60,13,41,1,3129,3020,35,40,7,27,0,791.16,858.06,48342,48342,04436,19,9
39095007102,39,095,007102,4353,4269,8,59,9,8,0,3223,3168,7,38,4,6,0,814.92,883.84,48342,48342,04436,19,9
39095007202,39,095,007202,3830,3634,88,55,6,45,2,3178,3020,75,37,6,40,0,794.7,518.95,77000,77000,04490,19,9
39095007203,39,095,007203,4058,3872,79,47,0,56,4,3194,3062,60,29,0,42,1,798.7,521.56,77000,77000,04490,19,9
39095007204,39,095,007204,4116,3532,267,124,7,179,7,3224,2823,188,83,6,122,2,806.2,526.46,77000,77000,04822,19,9
39095007205,39,095,007205,4783,4044,485,91,4,156,3,3996,3451,360,68,3,114,0,999.25,652.53,77000,77000,04490,19,9
39095007301,39,095,007301,3472,3109,224,60,11,67,1,2844,2567,172,46,4,55,0,711.18,464.41,77000,77000,04490,19,9
39095007302,39,095,007302,4299,2673,1463,90,9,55,9,3099,2064,921,58,7,47,2,774.94,506.05,77000,77000,04490,19,9
39095007303,39,095,007303,4045,2720,840,141,3,325,16,3078,2158,539,84,3,290,4,769.69,502.62,77000,77000,04490,19,9
39095007901,39,095,007901,2919,2843,9,56,7,3,1,2145,2094,6,35,6,3,1,536.38,350.27,77000,77000,04823,19,9
39095007902,39,095,007902,6208,5908,136,86,9,57,12,4716,4501,100,54,8,44,9,1179.29,770.1,77000,77000,04823,19,9
39095008201,39,095,008201,4817,4701,30,40,1,45,0,3385,3308,18,29,1,29,0,522.45,836.57,76022,76025,04487,19,9
39095008202,39,095,008202,4988,4836,30,41,7,72,2,3557,3468,18,22,6,42,1,549,879.08,76022,76025,04487,19,9
39095008203,39,095,008203,5952,5602,162,45,5,133,5,4213,4016,87,28,5,77,0,650.25,1041.21,76022,76025,04487,19,9
39095008301,39,095,008301,5697,5419,68,69,2,139,0,4623,4437,52,44,2,88,0,713.53,1142.54,77000,76025,04487,19,9
39095008302,39,095,008302,1649,1574,40,12,0,23,0,1361,1305,30,7,0,19,0,210.06,336.36,77000,77000,04487,19,9
39095008901,39,095,008901,3835,3647,111,55,6,15,1,2815,2660,110,32,5,7,1,518.45,851.06,84770,81872,04820,19,9
39095008902,39,095,008902,5168,5090,10,36,1,31,0,3668,3627,9,16,1,15,0,675.55,1108.94,81858,81872,04820,19,9
39095009999,39,095,009999,20,19,1,0,0,0,0,20,19,1,0,0,0,0,5.08,3.77,58730,58730,04460,19,9
39095010001,39,095,010001,4304,3970,21,262,9,41,1,3218,2987,15,177,6,32,1,817.98,606.03,58730,58730,04460,19,9
39095010002,39,095,010002,3377,3165,100,88,7,15,2,2732,2593,64,56,4,15,0,694.44,514.5,58730,58730,04460,19,9
39097000401,39,097,000401,5040,4963,40,22,4,1,10,3546,3502,29,11,3,1,0,127,375,63030,20142,04826,9,16
39097000402,39,097,000402,4887,4751,31,17,4,79,5,3502,3415,21,11,4,50,1,59.59,105.11,14286,72960,04425,9,16
39097000404,39,097,000404,4147,4116,12,9,3,7,0,3028,3007,9,4,3,5,0,487.74,896.35,38710,38696,04825,9,16
39097000405,39,097,000405,2840,2811,1,13,8,7,0,2100,2076,1,9,7,7,0,338.26,621.65,38710,38696,04825,9,16
39097000406,39,097,000406,4708,3660,941,61,23,20,3,3961,2968,895,57,23,16,2,67.41,118.89,44674,44674,04425,9,16
39097000407,39,097,000407,2151,1785,331,16,8,4,7,1459,1217,224,8,8,2,0,674.68,1145.43,44674,44674,04425,9,16
39097000408,39,097,000408,566,496,60,5,2,3,0,444,391,46,3,2,2,0,205.32,348.57,44674,44674,04425,9,16
39097000410,39,097,000410,2188,971,1135,39,29,4,10,2181,965,1134,39,29,4,10,151,342,44674,78428,04827,9,16
39097000412,39,097,000412,2812,2792,5,4,6,5,0,2062,2047,4,4,4,3,0,284,637,53046,63338,04827,17,16
39097041198,39,097,041198,5305,5098,165,21,2,16,3,3869,3735,109,10,2,11,2,49,79,44674,78428,04827,9,16
39097041398,39,097,041398,2424,2394,18,9,1,2,0,1734,1716,12,3,1,2,0,98,131,50008,65480,04827,17,16
39099008001,39,099,008001,2034,498,1367,155,8,4,2,1400,420,879,92,5,3,1,507.9,153.68,88000,88000,04516,11,18
39099008002,39,099,008002,895,126,746,21,2,0,0,680,106,561,11,2,0,0,246.7,74.65,88000,88000,04516,11,18
39099008003,39,099,008003,1914,469,1358,79,2,2,4,1421,396,975,45,1,1,3,515.52,155.99,88000,88000,04516,11,18
39099008004,39,099,008004,1782,279,1470,21,8,1,3,1342,228,1093,13,7,1,0,486.86,147.32,88000,88000,04516,11,18
39099008005,39,099,008005,3797,883,2812,81,7,9,5,2389,697,1626,52,5,7,2,866.7,262.25,88000,88000,04516,11,18
39099008006,39,099,008006,2535,523,1780,218,8,3,3,1741,428,1158,141,8,3,3,631.62,191.12,88000,88000,04516,11,18
39099008007,39,099,008007,3171,597,1733,823,5,2,11,2145,477,1144,512,5,2,5,778.18,235.47,88000,88000,04516,11,18
39099008009,39,099,008009,911,294,434,182,1,0,0,661,242,297,121,1,0,0,239.8,72.56,88000,88000,04516,11,18
39099008010,39,099,008010,2475,1936,348,174,10,4,3,1885,1578,185,109,7,3,3,683.86,206.93,88000,88000,04516,11,18
39099008011,39,099,008011,2753,2637,36,77,2,1,0,2238,2168,21,47,2,0,0,811.92,245.68,88000,88000,04516,11,18
39099008012,39,099,008012,2145,2084,17,39,2,3,0,1713,1671,8,29,2,3,0,621.46,188.04,88000,88000,04516,11,18
39099008013,39,099,008013,2998,2849,58,79,6,6,0,2193,2109,30,48,2,4,0,795.6,240.74,88000,88000,04516,11,18
39099008014,39,099,008014,2651,2607,5,32,3,4,0,2101,2074,3,17,3,4,0,762.22,230.64,88000,88000,04516,11,18
39099008015,39,099,008015,2464,2314,90,50,1,9,0,1888,1791,54,37,1,5,0,684.94,207.25,88000,88000,04516,11,18
39099008016,39,099,008016,4578,3898,471,182,4,19,4,3300,2969,219,96,4,12,0,1197.2,362.26,88000,88000,04516,11,18
39099008017,39,099,008017,3095,1417,1294,364,2,12,6,2066,1122,739,195,2,6,2,749.52,226.79,88000,88000,04516,11,18
39099008019,39,099,008019,1029,122,900,2,5,0,0,779,96,676,2,5,0,0,282.61,85.51,88000,88000,04516,11,18
39099008020,39,099,008020,1667,136,1476,50,4,1,0,1157,109,1016,27,4,1,0,419.75,127.01,88000,88000,04516,11,18
39099008021,39,099,008021,2243,269,1873,83,11,0,7,1544,222,1257,55,10,0,0,560.15,169.49,88000,88000,04516,11,18
39099008022,39,099,008022,1672,206,1426,30,4,1,5,1206,195,988,18,1,1,3,437.52,132.39,88000,88000,04516,11,18
39099008023,39,099,008023,2319,204,2078,27,9,1,0,1607,165,1422,14,5,1,0,583,176.41,88000,88000,04516,11,18
39099008024,39,099,008024,4879,1957,2714,191,2,7,8,3260,1630,1528,97,2,3,0,1182.69,357.87,88000,88000,04516,11,18
39099008025,39,099,008025,2378,660,1672,36,5,2,3,1689,563,1098,23,4,1,0,612.75,185.41,88000,88000,04516,11,18
39099008026,39,099,008026,2298,2248,8,32,8,2,0,1741,1712,6,14,8,1,0,631.62,191.12,88000,88000,04516,11,18
39099008028,39,099,008028,3254,3200,11,29,8,6,0,2612,2578,5,21,5,3,0,947.6,286.73,88000,88000,04516,11,18
39099008029,39,099,008029,3071,2967,17,82,0,4,1,2276,2219,6,47,0,3,1,825.71,249.85,88000,88000,04516,11,18
39099008030,39,099,008030,2425,2327,36,52,3,2,5,1931,1865,23,39,1,2,1,700.54,211.98,88000,88000,04516,11,18
39099008031,39,099,008031,2022,1693,228,76,7,17,1,1437,1287,108,27,5,10,0,521.33,157.75,88000,88000,04516,11,18
39099008032,39,099,008032,1269,1063,137,61,8,0,0,941,800,96,43,2,0,0,341.38,103.3,88000,88000,04516,11,18
39099008033,39,099,008033,0,0,0,0,0,0,0,0,0,0,0,0,0,0,0,0,88000,88000,04516,11,18
39099008034,39,099,008034,2234,705,1426,96,3,1,3,1506,558,883,61,3,1,0,546.36,165.32,88000,88000,04516,11,18
39099008035,39,099,008035,1836,130,1676,24,6,0,0,1255,106,1132,11,6,0,0,455.3,137.77,88000,88000,04516,11,18
39099008037,39,099,008037,1026,486,493,28,3,15,1,1003,477,479,28,3,15,1,363.88,110.1,88000,88000,04516,11,18
39099008040,39,099,008040,3981,2159,1684,72,18,39,9,2906,1839,970,48,14,34,1,1054.26,319.01,88000,88000,04516,11,18
39099008041,39,099,008041,2210,963,1191,27,6,15,8,1751,876,833,21,6,13,2,635.24,192.22,88000,88000,04516,11,18
39099008042,39,099,008042,2615,1737,802,52,1,14,9,2026,1472,507,37,1,9,0,735.01,222.4,88000,88000,04516,11,18
39099008043,39,099,008043,2340,1183,1076,62,14,0,5,1502,918,546,28,9,0,1,544.91,164.88,88000,88000,04516,11,18
39099008044,39,099,008044,1656,500,1050,46,4,55,1,1380,465,822,37,3,52,1,500.65,151.49,88000,88000,04516,11,18
39099008101,39,099,008101,5038,4634,157,243,0,4,0,4037,3764,110,160,0,3,0,1704.53,476.45,11066,11066,04370,11,18
39099008102,39,099,008102,2608,2015,360,228,1,4,0,2003,1618,239,141,1,4,0,845.72,236.4,11066,11066,04370,11,18
39099008103,39,099,008103,806,581,152,66,4,0,3,614,452,112,44,4,0,2,259.25,72.47,11066,11066,04370,11,18
39099008104,39,099,008104,1586,763,603,216,2,1,1,1048,581,353,110,2,1,1,442.49,123.69,11066,11066,04370,11,18
39099008106,39,099,008106,3593,3475,3,93,13,8,1,2515,2449,2,52,5,7,0,948.68,338.53,75126,75126,04485,11,18
39099008107,39,099,008107,6239,6173,4,53,7,1,1,5043,4993,3,40,6,1,0,1902.26,678.8,75126,75126,04485,11,18
39099008108,39,099,008108,2452,2126,266,48,6,2,4,1840,1598,213,23,4,2,0,694.06,247.67,75126,75126,04485,11,18
39099008109,39,099,008109,2636,2462,104,55,7,8,0,2008,1899,66,30,6,7,0,514,224,45178,16476,04516,11,18
39099008110,39,099,008110,10206,10082,3,82,11,26,2,7639,7556,0,56,11,15,1,2284.62,2075.25,75126,63968,04834,11,18
39099008111,39,099,008111,1349,1344,0,0,2,3,0,1023,1020,0,0,1,2,0,585,225,45178,45178,04833,11,18
39099008112,39,099,008112,2992,2967,4,8,2,9,2,2285,2266,4,4,2,9,0,683.38,620.75,63954,63968,04834,11,18
39099008113,39,099,008113,7318,7172,53,68,5,19,1,5906,5798,47,46,4,11,0,1739.24,1493.12,7454,7468,04830,11,18
39099008114,39,099,008114,3365,3268,63,24,0,10,0,2720,2648,50,17,0,5,0,801,687.66,7454,7468,04830,11,18
39099008115,39,099,008115,6153,5996,64,51,2,40,0,4674,4565,51,30,1,27,0,1376.43,1181.66,7454,7468,04830,11,18
39099008116,39,099,008116,4041,3911,73,33,0,24,0,3384,3271,66,28,0,19,0,996.54,855.53,7454,7468,04830,11,18
39099008117,39,099,008117,2795,2741,9,40,2,3,0,2205,2167,5,28,2,3,0,649.34,557.46,7454,7468,04830,11,18
39099008118,39,099,008118,1780,1746,1,23,2,8,0,1379,1360,1,12,1,5,0,406.1,348.63,7454,7468,04830,11,18
39099008119,39,099,008119,6618,6509,18,46,1,42,2,5044,4967,15,34,1,27,0,1485.39,1275.2,7454,7468,04830,11,18
39099008120,39,099,008120,9626,9255,139,107,7,109,9,7372,7117,107,67,5,72,4,2170.96,1863.75,7454,7468,04830,11,18
39099008121,39,099,008121,5412,5241,7,33,8,123,0,4150,4029,4,29,6,82,0,910.82,1282.35,11360,11374,04831,11,18
39099008122,39,099,008122,5419,5341,12,46,1,16,3,4138,4086,6,35,1,10,0,908.18,1278.65,11360,11374,04831,11,18
39099008123,39,099,008123,12123,11581,358,124,15,41,4,9388,9052,216,78,6,33,3,2864.48,1609.29,3184,3198,04829,11,18
39099008124,39,099,008124,3305,3239,29,22,8,7,0,2570,2517,23,17,8,5,0,784.16,440.55,3184,3198,04829,11,18
39099008125,39,099,008125,5059,4860,120,49,15,13,2,3894,3755,87,33,9,10,0,1188.14,667.51,3184,3198,04829,11,18
39099008126,39,099,008126,16253,15513,419,199,18,100,4,12517,11954,337,125,14,84,3,3819.21,2145.66,3184,3198,04829,11,18
39099008127,39,099,008127,2164,2141,5,8,2,8,0,1610,1595,3,6,2,4,0,435,366,NA,37884,04832,11,18
39099008128,39,099,008128,4068,4016,6,21,18,7,0,3006,2974,6,13,9,4,0,681,528,19106,50638,04832,11,18
39099008129,39,099,008129,4173,4134,3,18,11,7,0,3091,3064,3,11,8,5,0,406,335,NA,5858,04839,11,18
39099008132,39,099,008132,4848,4823,6,11,8,0,0,3703,3687,6,8,2,0,0,650,504,71220,71220,04835,11,18
39099008133,39,099,008133,3314,3299,6,6,0,3,0,2396,2385,3,6,0,2,0,422,618,NA,31038,04838,11,18
39099008134,39,099,008134,3321,3307,1,9,2,2,0,2433,2425,0,6,2,0,0,522,628,81732,31794,04836,11,18
39099008135,39,099,008135,5433,5323,34,48,4,19,5,4022,3948,32,30,3,7,2,807,949,17036,4668,04836,11,18
39099008136,39,099,008136,7943,7900,2,23,11,7,0,5873,5848,0,15,6,4,0,1053,937,55118,74124,04837,11,18
39099802701,39,099,802701,3810,3706,37,51,0,14,2,3275,3196,33,33,0,11,2,1188.13,359.51,88000,88000,04516,11,18
39099802702,39,099,802702,3374,3286,37,41,4,5,1,2725,2667,26,28,2,2,0,988.6,299.14,88000,88000,04516,11,18
39099813098,39,099,813098,4964,4866,62,18,10,8,0,3685,3608,52,11,9,5,0,869,873,47362,72740,04838,11,18
39101000001,39,101,000001,1516,1440,55,14,2,5,0,1094,1048,32,10,2,2,0,229.37,285.95,47754,47768,04433,17,8
39101000002,39,101,000002,3797,3566,148,65,9,8,1,2662,2515,96,39,7,5,0,558.12,695.8,47754,47768,04433,17,8
39101000003,39,101,000003,2714,2602,102,6,2,2,0,1900,1835,58,3,2,2,0,398.36,496.63,47754,47768,04433,17,8
39101000004,39,101,000004,4400,4307,47,20,10,14,2,3154,3100,24,9,9,12,0,661.27,824.4,47754,47768,04433,17,8
39101000006,39,101,000006,4151,3920,105,24,8,93,1,3255,3101,73,18,6,57,0,682.45,850.8,47754,47768,04433,17,8
39101000007,39,101,000007,2683,2620,31,20,6,6,0,2038,1998,17,12,6,5,0,427.29,532.7,47754,47768,04433,17,8
39101000008,39,101,000008,2711,2629,62,11,6,1,2,1949,1901,40,5,3,0,0,408.63,509.44,47754,47768,04433,17,8
39101000009,39,101,000009,4916,4214,609,57,12,15,9,3372,2955,373,29,6,9,0,706.98,881.38,47754,47768,04433,17,8
39101000010,39,101,000010,2644,2551,29,24,1,38,1,2112,2051,18,16,1,26,0,442.8,552.04,47754,47768,04844,17,8
39101000011,39,101,000011,2682,2453,186,31,3,9,0,1851,1708,117,17,3,6,0,388.08,483.82,47754,47768,04433,17,8
39101000101,39,101,000101,4494,4452,16,8,8,8,2,3289,3263,8,6,5,5,2,362,547,10954,15196,04844,17,8
39101000103,39,101,000103,5408,5271,96,27,5,9,0,3871,3753,93,16,5,4,0,89,122,41902,51730,04841,17,8
39101000104,39,101,000104,3895,3810,26,13,6,39,1,2939,2880,20,9,6,24,0,696,1176,NA,63352,04842,17,8
39101000105,39,101,000105,5005,4975,8,12,3,3,4,3652,3634,7,5,3,2,1,210,275,64780,64794,04844,17,8
39101000501,39,101,000501,3094,2974,60,30,21,9,0,2180,2114,32,16,10,8,0,457.06,569.81,47754,47768,04433,17,8
39101000502,39,101,000502,2937,2837,47,26,11,8,8,2173,2100,38,19,9,7,0,455.59,567.98,47754,47768,04433,17,8
39101010201,39,101,010201,5396,5316,31,28,9,10,2,3795,3744,22,16,6,7,0,105,168,52276,47768,04843,17,8
39101010202,39,101,010202,1831,707,1030,69,17,4,4,1822,699,1029,69,17,4,4,382,476.24,NA,47768,04844,17,8
39103004001,39,103,004001,5845,5786,6,32,2,19,0,4272,4234,3,22,2,11,0,949,1255,NA,35644,04849,7,15
39103004020,39,103,004020,3711,3667,9,12,0,22,1,2745,2720,4,8,0,12,1,564.59,802.42,NA,44240,04847,7,15
39103004040,39,103,004040,3220,3158,14,30,1,17,0,2315,2276,10,19,1,9,0,256.48,426.85,NA,48804,04438,7,15
39103004050,39,103,004050,2932,2903,3,13,3,10,0,2223,2204,3,7,3,6,0,461,780,NA,31374,04849,7,15
39103004060,39,103,004060,3234,3198,7,13,2,14,0,2428,2406,3,7,2,10,0,614,801,NA,71801,04849,7,15
39103004070,39,103,004070,1887,1865,6,4,6,6,0,1354,1341,4,2,4,3,0,88.19,164.79,NA,51856,04438,7,15
39103004080,39,103,004080,5373,5259,36,24,8,46,0,3922,3848,23,16,4,31,0,434.52,723.15,48790,48790,04438,7,15
39103004081,39,103,004081,4135,3743,305,54,16,10,7,2953,2693,215,31,7,6,1,284.97,360.07,48790,48790,04438,7,15
39103004082,39,103,004082,5118,4971,92,32,5,18,0,3663,3577,51,22,3,10,0,2474,3850,48790,48790,04438,7,15
39103004083,39,103,004083,8842,8598,89,54,11,80,10,5893,5746,63,29,9,45,1,383.81,717.21,48790,48790,04438,7,15
39103004100,39,103,004100,2982,2959,2,14,5,2,0,1953,1938,2,8,4,1,0,234,399,73992,73999,04846,7,15
39103004120,39,103,004120,3394,3355,12,15,8,4,0,2434,2407,8,8,7,4,0,479,834,30660,83426,04848,7,15
39103004130,39,103,004130,4773,4721,6,24,8,14,0,3449,3415,5,15,4,10,0,685,830,71486,32676,04848,7,15
39103004151,39,103,004151,2167,2112,2,19,0,34,0,1525,1489,2,14,0,20,0,367.65,361.23,9680,9680,04366,7,15
39103004152,39,103,004152,3765,3711,10,26,5,13,0,2666,2630,8,16,2,10,0,642.73,631.5,9680,9680,04366,7,15
39103004153,39,103,004153,3872,3799,33,27,3,10,0,2741,2695,21,16,2,7,0,660.81,649.27,9680,9680,04366,7,15
39103004154,39,103,004154,4103,3995,9,50,2,47,0,2901,2835,6,29,2,29,0,699.39,687.17,9680,9680,04366,7,15
39103004158,39,103,004158,2232,2182,8,15,1,26,0,1562,1527,6,11,1,17,0,181.34,190.45,9680,9708,04366,7,15
39103004160,39,103,004160,4994,4866,31,54,3,39,1,3491,3408,18,36,3,25,1,841.63,826.92,9680,9680,04366,7,15
39103004161,39,103,004161,3906,3842,12,14,3,35,0,2697,2653,7,9,2,26,0,313.1,328.83,9680,9680,04366,7,15
39103004162,39,103,004162,1685,1663,2,7,2,11,0,1228,1212,2,5,2,7,0,142.56,149.72,9680,9680,04366,7,15
39103004163,39,103,004163,2423,2384,0,11,0,28,0,1689,1666,0,7,0,16,0,407.19,400.08,9680,9680,04366,7,15
39103004164,39,103,004164,3411,3320,27,42,3,19,0,2317,2269,11,23,2,12,0,558.59,548.83,9680,9680,04366,7,15
39103004170,39,103,004170,5627,5560,15,13,4,35,0,4159,4115,10,12,4,18,0,897.76,1108.15,80304,80318,10029,7,15
39103004171,39,103,004171,5260,5195,8,25,9,23,0,3982,3938,4,17,7,16,0,859.55,1060.99,80304,80318,10029,7,15
39103004172,39,103,004172,4542,4469,35,18,14,2,4,3323,3280,24,10,7,2,0,717.3,885.4,80304,80318,10029,7,15
39103004173,39,103,004173,3664,3593,25,13,9,24,0,2749,2698,21,7,9,14,0,593.4,732.46,80304,80318,10029,7,15
39103403001,39,103,403001,2506,2448,19,7,0,31,1,1695,1664,14,4,0,13,0,380,478,NA,44072,04847,7,15
39103403002,39,103,403002,1962,1915,12,9,7,19,0,1451,1425,10,6,3,7,0,140.03,176.93,NA,87052,04847,7,15
39103409001,39,103,409001,1799,1785,4,7,3,0,0,1287,1276,3,5,3,0,0,278,396,NA,13750,04848,7,15
39103409002,39,103,409002,4212,4174,5,18,10,5,0,2996,2969,3,10,10,4,0,732,923,8518,41174,04848,7,15
39103411001,39,103,411001,1576,1556,2,6,9,3,0,1080,1065,2,4,6,3,0,183.05,263.85,NA,34104,04848,7,15
39103411002,39,103,411002,3200,3180,1,9,3,7,0,2342,2329,0,6,3,4,0,396.95,572.15,44604,34104,04848,7,15
39103417498,39,103,417498,2,2,0,0,0,0,0,2,2,0,0,0,0,0,0.41,0.58,NA,44240,04847,7,15
39105009641,39,105,009641,3773,3760,2,6,3,2,0,2773,2765,1,4,3,0,0,301,610,NA,58282,04851,4,2
39105009642,39,105,009642,4281,4254,6,13,6,1,1,3092,3072,6,7,5,1,1,182,240,NA,4906,04852,4,2
39105009643,39,105,009643,4225,4202,8,10,3,2,0,2991,2974,6,6,3,2,0,131,160,69358,69372,04852,4,2
39105009644,39,105,009644,4090,3943,107,19,16,5,0,3111,3012,71,15,11,2,0,1040,1391,49756,70114,04852,4,2
39105009645,39,105,009645,3380,3305,50,8,8,9,0,2485,2433,35,6,6,5,0,261.96,401.67,76050,75847,04853,4,2
39105964698,39,105,964698,3238,3226,4,3,5,0,0,2353,2345,1,3,4,0,0,248.04,380.33,65256,75847,04853,4,2
39107009672,39,107,009672,3945,3897,2,28,14,0,4,2876,2852,2,15,7,0,0,291,539,67874,22708,04857,18,5
39107009673,39,107,009673,4399,4368,1,21,6,2,1,2982,2963,0,14,4,1,0,124,249,NA,43260,10030,18,12
39107009674,39,107,009674,4777,4666,2,83,20,5,1,3329,3264,1,45,14,4,1,648.03,957.25,12868,38724,10030,18,12
39107009675,39,107,009675,4319,4236,2,39,4,38,0,3087,3046,1,17,2,21,0,600.93,887.66,12868,38724,10030,18,12
39107009676,39,107,009676,3391,3286,4,54,12,34,1,2466,2407,4,28,6,21,0,480.04,709.09,12868,38724,10030,18,12
39107009677,39,107,009677,5972,5931,0,25,11,5,0,4080,4054,0,16,6,4,0,995,1490,16532,10604,04531,18,12
39107009678,39,107,009678,1787,1771,1,14,1,0,0,1375,1366,1,7,1,0,0,332,440,51674,28350,10030,18,12
39107009679,39,107,009679,6125,6114,0,9,2,0,0,3935,3924,0,9,2,0,0,408,822,69540,47782,10031,18,12
39107009680,39,107,009680,4728,4703,0,7,4,14,0,3073,3058,0,4,4,7,0,294,528,27902,30058,04859,18,12
39109003001,39,109,003001,3322,3258,38,13,5,8,0,2445,2400,27,8,5,5,0,235,469,62848,74097,04464,18,12
39109003151,39,109,003151,6983,6534,362,35,10,34,8,4857,4563,236,23,9,26,0,846.92,1235.61,62848,81466,04464,18,12
39109003153,39,109,003153,6097,5816,211,40,13,6,11,4365,4193,128,27,9,4,4,761.13,1110.44,62848,81466,04464,18,12
39109003201,39,109,003201,3536,3515,5,13,2,1,0,2527,2509,5,10,2,1,0,404,638.63,8084,54138,04533,18,12
39109003250,39,109,003250,2924,2896,1,18,9,0,0,2158,2145,1,8,4,0,0,345,545.37,19050,54138,04533,18,12
39109003301,39,109,003301,3221,3203,3,8,1,5,1,2313,2306,1,2,1,2,1,378,772,63534,55594,04863,18,12
39109003401,39,109,003401,5558,5517,2,11,15,13,0,4141,4118,0,9,10,4,0,714.39,1330.98,42028,78456,04551,18,12
39109003450,39,109,003450,4773,4720,7,10,18,17,1,3522,3496,0,6,13,7,0,607.61,1132.02,83902,78456,04551,18,12
39109003501,39,109,003501,6314,6237,14,13,8,42,0,4622,4569,10,8,7,28,0,774.36,1416.7,76876,51492,04561,18,12
39109003550,39,109,003550,6376,6308,0,29,10,29,0,4761,4717,0,18,6,20,0,797.64,1459.3,76876,51492,04561,18,12
39109003650,39,109,003650,5213,4842,262,15,2,92,0,3971,3708,196,9,2,56,0,981.26,1497.26,77588,18224,04492,18,12
39109003652,39,109,003652,4071,3950,101,9,6,5,0,2890,2825,52,5,4,4,0,714.14,1089.67,77588,18224,04492,18,12
39109003801,39,109,003801,4822,4778,4,23,3,13,1,3705,3678,3,11,2,10,1,613,1126,36610,6110,04861,18,12
39109003901,39,109,003901,4748,4711,8,14,6,9,0,3366,3341,3,9,6,7,0,213,365,27412,9498,04862,18,12
39109315001,39,109,315001,3014,2909,48,4,0,53,0,2385,2316,30,3,0,36,0,415.87,606.74,62848,81466,04464,18,12
39109315002,39,109,315002,5062,4852,142,30,15,21,2,3688,3555,89,16,9,19,0,643.08,938.22,62848,81466,04464,18,12
39109365101,39,109,365101,3381,3279,47,29,4,19,3,2522,2459,28,15,4,16,0,124.66,212.08,77588,74475,04492,18,12
39109365102,39,109,365102,4857,4703,85,14,9,46,0,3507,3391,60,11,7,38,0,173.34,294.92,77588,18224,04492,18,12
39109365301,39,109,365301,4924,4446,420,15,11,19,13,3618,3289,297,8,9,11,4,894.03,1364.16,77588,18224,04492,18,12
39109365302,39,109,365302,3986,3787,9,23,2,165,0,2827,2704,7,17,2,97,0,698.57,1065.91,77588,18224,04492,18,12
39111009666,39,111,009666,3949,3933,6,8,1,1,0,2991,2978,5,7,0,1,0,280,121,15210,69918,04865,12,19
39111009667,39,111,009667,3749,3741,2,2,3,1,0,2651,2645,1,1,3,1,0,298,196,4542,75686,04865,12,19
39111009668,39,111,009668,4320,4281,0,14,15,10,0,3273,3252,0,10,7,4,0,914,749,86436,12966,04865,12,19
39111009669,39,111,009669,3479,3460,11,0,7,0,1,2595,2585,3,0,7,0,0,103,74,74300,81480,04865,12,19
39113000001,39,113,000001,3912,1268,2608,26,6,2,2,2887,980,1883,17,5,2,0,608.19,296.47,21000,21000,04384,3,3
39113000002,39,113,000002,3691,715,2963,6,2,1,4,2339,572,1758,6,2,1,0,492.75,240.19,21000,21000,04384,3,3
39113000003,39,113,000003,4305,364,3897,23,10,3,8,2587,294,2269,14,7,2,1,544.99,265.66,21000,21000,04384,3,3
39113000004,39,113,000004,5321,627,4603,34,8,27,22,3787,546,3190,21,6,20,4,797.79,388.89,21000,21000,04384,3,3
39113000005,39,113,000005,5384,2573,2689,48,21,26,27,3950,2096,1786,29,15,18,6,832.13,405.63,21000,21000,04384,3,3
39113000006,39,113,000006,2221,397,1812,4,1,2,5,1659,324,1328,2,1,2,2,349.5,170.36,21000,21000,04384,3,3
39113000007,39,113,000007,5868,257,5550,28,11,5,17,3668,220,3416,18,8,3,3,772.72,376.67,21000,21000,04384,3,3
39113000008,39,113,000008,8856,5954,2684,101,19,72,26,6475,4571,1761,72,15,52,4,1364.07,664.92,21000,21000,04384,3,3
39113000009,39,113,000009,4931,2566,2268,40,22,19,16,3413,1890,1462,30,16,14,1,719,350.48,21000,21000,04384,3,3
39113000010,39,113,000010,2349,370,1946,11,6,3,13,1643,326,1299,7,6,3,2,346.13,168.72,21000,21000,04384,3,3
39113000011,39,113,000011,5299,4752,461,45,17,20,4,4179,3803,312,33,17,14,0,880.38,429.14,21000,21000,04384,3,3
39113000012,39,113,000012,2449,1923,462,22,8,28,6,1720,1404,274,15,7,18,2,362.35,176.63,21000,21000,04384,3,3
39113000013,39,113,000013,1514,589,884,22,3,7,9,1398,535,831,15,3,7,7,294.51,143.56,21000,21000,04384,3,3
39113000014,39,113,000014,512,472,33,4,2,1,0,463,424,33,4,1,1,0,97.54,47.55,21000,21000,04384,3,3
39113000015,39,113,000015,1470,705,735,18,4,6,2,1348,667,656,15,4,6,0,283.98,138.43,21000,21000,04384,3,3
39113000016,39,113,000016,2321,2131,150,15,5,12,8,1810,1697,90,9,4,10,0,381.31,185.87,21000,21000,04384,3,3
39113000017,39,113,000017,2539,1461,1008,19,11,35,5,1431,982,402,12,8,25,2,301.46,146.95,21000,21000,04384,3,3
39113000018,39,113,000018,7386,6718,568,41,23,35,1,5213,4913,240,24,18,18,0,1098.2,535.32,21000,21000,04384,3,3
39113000019,39,113,000019,6051,5841,122,34,23,29,2,4230,4091,77,24,16,21,1,891.12,434.38,21000,21000,04384,3,3
39113000020,39,113,000020,3855,3340,356,25,15,117,2,2813,2474,228,14,13,84,0,592.6,288.87,21000,21000,04384,3,3
39113000021,39,113,000021,4763,4383,268,49,12,47,4,3754,3481,196,34,9,33,1,790.84,385.5,21000,21000,04384,3,3
39113000022,39,113,000022,3883,3749,31,32,9,58,4,2661,2591,14,22,5,29,0,560.58,273.26,21000,21000,04384,3,3
39113000023,39,113,000023,4150,4008,58,27,18,38,1,2916,2820,39,19,16,21,1,614.3,299.44,21000,21000,04384,3,3
39113000024,39,113,000024,2737,2667,9,42,2,15,2,2179,2118,8,37,2,14,0,459.04,223.76,21000,21000,04384,3,3
39113000025,39,113,000025,5955,5535,294,49,17,57,3,4700,4411,197,32,14,46,0,990.13,482.64,21000,21000,04384,3,3
39113000026,39,113,000026,6504,6381,38,42,11,25,7,4963,4877,28,31,8,16,3,1045.54,509.65,21000,21000,04384,3,3
39113000027,39,113,000027,2144,2110,6,23,1,3,1,1748,1720,5,18,1,3,1,368.25,179.5,21000,21000,04384,3,3
39113000028,39,113,000028,2638,2581,11,14,11,21,0,2110,2071,9,9,5,16,0,444.51,216.68,21000,21000,04384,3,3
39113000029,39,113,000029,4342,4285,12,23,8,13,1,3691,3647,8,18,8,10,0,777.57,379.03,21000,21000,04384,3,3
39113000030,39,113,000030,3354,3202,120,17,2,12,1,2833,2691,116,15,2,9,0,596.82,290.92,21000,21000,04384,3,3
39113000031,39,113,000031,3027,2968,17,27,8,7,0,2603,2556,13,21,6,7,0,548.36,267.3,21000,21000,04384,3,3
39113000032,39,113,000032,3652,3527,59,31,2,32,1,3271,3153,57,29,2,30,0,689.09,335.9,21000,21000,04384,3,3
39113000033,39,113,000033,6224,6069,61,47,10,35,2,4643,4526,48,33,8,28,0,978.12,476.79,21000,21000,04384,3,3
39113000034,39,113,000034,6893,6411,254,137,2,88,1,6671,6222,233,129,2,84,1,1405.36,685.05,21000,21000,04384,3,3
39113000035,39,113,000035,2868,266,2562,11,3,20,6,2087,236,1828,7,2,10,4,439.66,214.31,21000,21000,04384,3,3
39113000036,39,113,000036,2060,103,1945,6,1,4,1,1486,73,1405,6,1,1,0,313.05,152.6,21000,21000,04384,3,3
39113000037,39,113,000037,3256,68,3162,9,5,5,7,2366,58,2293,4,4,4,3,498.44,242.96,21000,21000,04384,3,3
39113000038,39,113,000038,5096,80,4982,9,10,3,12,3733,71,3642,4,9,2,5,786.42,383.34,21000,21000,04384,3,3
39113000039,39,113,000039,3967,71,3869,15,4,4,4,2964,57,2893,8,2,3,1,624.42,304.37,21000,21000,04384,3,3
39113000040,39,113,000040,1976,50,1915,9,1,1,0,1127,33,1090,2,1,1,0,237.42,115.73,21000,21000,04384,3,3
39113000041,39,113,000041,4240,47,4090,29,8,62,4,2754,31,2664,15,8,36,0,580.18,282.81,21000,21000,04384,3,3
39113000042,39,113,000042,3681,31,3612,17,4,4,13,2495,22,2452,9,3,3,6,525.61,256.21,21000,21000,04384,3,3
39113000043,39,113,000043,2614,184,2421,1,0,7,1,1756,136,1613,1,0,6,0,369.93,180.32,21000,21000,04384,3,3
39113000044,39,113,000044,3123,81,3021,4,1,4,12,2349,66,2273,1,1,4,4,494.86,241.22,21000,21000,04384,3,3
39113000045,39,113,000045,1733,656,1062,7,4,4,0,1434,644,779,4,4,3,0,302.1,147.26,21000,21000,04384,3,3
39113000047,39,113,000047,27,27,0,0,0,0,0,17,17,0,0,0,0,0,3.58,1.75,21000,21000,04384,3,3
39113000049,39,113,000049,10,10,0,0,0,0,0,6,6,0,0,0,0,0,1.26,0.62,21000,21000,04384,3,3
39113000101,39,113,000101,2072,2036,13,11,1,11,0,1591,1572,7,5,1,6,0,322,692.03,57764,57764,04458,3,3
39113000102,39,113,000102,6859,6748,18,45,1,44,3,5198,5119,11,34,0,34,0,1052,2260.97,57764,57764,04458,3,3
39113000201,39,113,000201,2971,2905,12,29,2,22,1,2350,2307,9,17,2,15,0,424.85,693.74,40040,40040,04418,3,3
39113000202,39,113,000202,3077,2961,38,37,4,36,1,2569,2478,32,29,4,26,0,464.44,758.39,40040,40040,04418,3,3
39113000203,39,113,000203,2811,2788,1,14,0,8,0,2210,2194,0,11,0,5,0,399.54,652.41,40040,40040,04418,3,3
39113000204,39,113,000204,6058,5897,43,38,3,75,2,4884,4765,39,27,2,51,0,882.96,1441.79,40040,40040,04418,3,3
39113000205,39,113,000205,1654,1604,8,22,1,18,1,1367,1330,6,14,1,15,1,247.13,403.55,40040,40040,04418,3,3
39113000207,39,113,000207,3315,3240,18,33,4,20,0,2719,2657,18,22,4,18,0,491.56,802.67,40040,40040,04418,3,3
39113000208,39,113,000208,2515,2475,15,13,1,10,1,2108,2076,14,8,1,9,0,381.1,622.3,40040,40040,04418,3,3
39113000209,39,113,000209,3158,3101,11,20,4,22,0,2538,2500,6,14,3,15,0,458.83,749.23,40040,40040,04418,3,3
39113000210,39,113,000210,1664,1635,8,3,2,16,0,1231,1214,6,2,2,7,0,222.55,363.4,40040,40040,04418,3,3
39113000211,39,113,000211,3657,3537,40,33,1,44,2,2795,2718,23,23,1,29,1,505.3,825.1,40040,40040,04418,3,3
39113000212,39,113,000212,1450,1376,12,9,3,50,0,1180,1122,11,7,2,38,0,213.33,348.34,40040,40040,04418,3,3
39113000214,39,113,000214,2949,2877,9,25,6,32,0,2252,2193,7,20,6,26,0,407.13,664.8,40040,40040,04418,3,3
39113000217,39,113,000217,2497,2418,31,18,4,26,0,2037,1978,20,14,4,21,0,368.26,601.34,40040,40040,04418,3,3
39113000218,39,113,000218,2356,2168,105,29,1,51,2,1739,1624,63,15,0,37,0,314.39,513.36,40040,40040,04418,3,3
39113000219,39,113,000219,2441,2383,18,10,4,26,0,1969,1933,8,8,3,17,0,355.97,581.26,40040,40040,04418,3,3
39113000301,39,113,000301,4398,4279,17,37,8,55,2,3351,3281,6,22,7,35,0,379.07,492.16,52010,52010,04505,3,3
39113000302,39,113,000302,2746,2471,246,11,7,11,0,1953,1754,176,10,6,7,0,220.93,286.84,52010,52010,04505,3,3
39113000506,39,113,000506,4320,4265,7,20,21,7,0,3201,3165,3,14,13,6,0,485.21,800.97,49434,49392,04439,3,3
39113000601,39,113,000601,3199,1733,1445,14,2,5,0,2531,1343,1167,14,2,5,0,817.43,190.78,21000,38738,04868,3,3
39113000602,39,113,000602,2129,1542,552,23,5,1,6,1400,1041,341,11,5,1,1,452.15,105.53,22624,38738,04384,3,3
39113000603,39,113,000603,4322,547,3729,28,12,4,2,3432,495,2901,22,11,2,1,1108.42,258.69,22624,38738,04868,3,3
39113000703,39,113,000703,3884,1485,2304,48,23,17,7,2536,1100,1379,31,14,9,3,534.25,260.42,21000,46522,04869,3,3
39113000704,39,113,000704,3141,2034,1047,33,13,9,5,2253,1587,626,22,9,7,2,660.03,396.22,77504,46522,04869,3,3
39113000705,39,113,000705,4754,2304,2372,48,14,9,7,3510,1839,1625,31,9,6,0,1028.28,617.27,77504,46522,04869,3,3
39113000706,39,113,000706,1319,391,914,10,1,2,1,1030,345,677,5,1,2,0,301.75,181.14,77504,46522,04869,3,3
39113000707,39,113,000707,3909,2156,1691,25,8,21,8,2997,1797,1163,14,7,12,4,877.99,527.06,27846,46522,04384,3,3
39113000801,39,113,000801,6375,4375,1880,48,7,57,8,5074,3647,1339,32,7,48,1,1479.77,1400.52,27846,33922,04384,3,3
39113000802,39,113,000802,2809,2621,134,29,4,21,0,2357,2236,85,15,4,17,0,687.39,650.58,72284,33922,04384,3,3
39113000803,39,113,000803,2214,1824,343,22,3,18,4,1872,1566,274,14,3,13,2,545.95,516.71,72284,33922,04384,3,3
39113000804,39,113,000804,4298,3338,839,62,10,41,8,3566,2845,635,39,10,34,3,1039.98,984.28,72284,33922,04384,3,3
39113000805,39,113,000805,7167,6017,1055,53,17,16,9,4973,4466,451,27,15,12,2,1047.64,510.68,56952,33922,04873,3,3
39113000806,39,113,000806,1873,1862,2,5,3,0,1,1409,1403,2,2,2,0,0,410.92,388.91,56952,33922,04873,3,3
39113000807,39,113,000807,2725,2697,2,10,13,3,0,2178,2156,2,9,9,2,0,458.83,223.66,56952,33922,04873,3,3
39113000904,39,113,000904,5031,3825,767,205,14,203,17,2731,2102,401,100,11,117,0,526.55,599.24,86660,46802,04870,3,3
39113000906,39,113,000906,4080,3791,158,51,12,65,3,3120,2884,125,44,9,57,1,601.55,684.59,67468,46802,04870,3,3
39113000907,39,113,000907,1580,1453,55,31,5,34,2,1238,1140,47,24,3,24,0,238.69,271.64,59143,46802,04870,3,3
39113000908,39,113,000908,1729,1595,98,15,0,17,4,1301,1205,75,10,0,10,1,250.84,285.47,59143,46802,04870,3,3
39113000909,39,113,000909,3983,3797,102,39,3,42,0,3210,3071,75,28,3,33,0,618.9,704.34,59143,46802,04870,3,3
39113000910,39,113,000910,3041,2980,18,13,6,24,0,2442,2395,17,9,5,16,0,470.83,535.83,59143,46802,04384,3,3
39113001004,39,113,001004,4632,4265,239,60,12,53,3,3336,3118,140,34,8,36,0,585.19,729.98,36610,36610,04875,3,3
39113001101,39,113,001101,1672,1655,5,4,1,7,0,1327,1319,2,2,1,3,0,240.26,443.2,79492,10618,04495,3,3
39113001102,39,113,001102,7704,7413,161,33,6,91,0,5853,5665,108,19,4,57,0,1059.74,1954.8,79492,10618,04495,3,3
39113001250,39,113,001250,5803,5686,17,44,13,40,3,3884,3811,11,26,7,27,2,790.91,1217.76,78470,65424,04872,3,3
39113001301,39,113,001301,8310,8260,3,32,6,9,0,6262,6232,2,17,6,5,0,278.85,424.3,9358,15518,04867,3,3
39113001401,39,113,001401,6172,6110,9,13,28,12,0,4557,4519,7,6,16,9,0,689,1061,54852,61966,04867,3,3
39113001501,39,113,001501,6390,6342,15,13,9,10,1,4666,4635,13,7,4,7,0,889,1354,26656,37912,04874,3,3
39113001601,39,113,001601,1825,1816,6,1,1,1,0,1376,1371,2,1,1,1,0,223.44,368.45,29932,29904,04874,3,12
39113001650,39,113,001650,5887,5811,50,13,5,7,1,4308,4251,37,11,2,6,1,699.56,1153.55,29932,29904,04874,3,3
39113020601,39,113,020601,1999,1961,2,30,1,5,0,1582,1551,2,23,1,5,0,286,467.02,40040,40040,04418,3,3
39113020602,39,113,020602,1912,1857,5,19,2,29,0,1515,1478,3,13,1,20,0,273.89,447.24,40040,40040,04418,3,3
39113021301,39,113,021301,3202,3156,6,17,3,20,0,2286,2253,4,9,3,17,0,413.28,674.84,40040,40040,04418,3,3
39113021302,39,113,021302,2555,2479,4,23,5,43,1,1882,1835,4,17,2,24,0,340.24,555.58,40040,40040,04418,3,3
39113021501,39,113,021501,3144,3013,30,15,7,76,3,2420,2329,19,13,4,53,2,437.5,714.4,40040,40040,04418,3,3
39113021502,39,113,021502,1753,1692,16,13,7,25,0,1362,1310,14,10,7,21,0,246.23,402.07,40040,40040,04418,3,3
39113021601,39,113,021601,2318,2241,19,14,6,37,1,1876,1819,12,11,6,28,0,339.15,553.81,40040,40040,04418,3,3
39113021602,39,113,021602,3907,3816,4,29,7,51,0,3050,2984,4,22,5,35,0,551.4,900.38,40040,40040,04418,3,3
39113040101,39,113,040101,1977,1939,6,5,3,24,0,1588,1560,5,3,3,17,0,229.72,553.6,86331,81494,04373,16,3
39113040102,39,113,040102,2274,2143,11,25,1,94,0,1709,1620,10,17,1,61,0,247.23,595.78,86331,81494,04373,16,3
39113040103,39,113,040103,2654,2608,8,11,2,25,0,2256,2225,7,9,1,14,0,326.36,786.47,86331,81494,04373,16,3
39113040201,39,113,040201,3061,2926,9,25,4,97,0,2343,2249,5,22,4,63,0,338.94,816.8,13190,81494,04373,16,3
39113040202,39,113,040202,5959,5676,89,61,1,130,2,5002,4787,70,49,1,93,2,723.6,1743.77,13190,81494,04373,16,3
39113040301,39,113,040301,11010,10458,142,70,8,330,2,7639,7286,101,41,8,203,0,1105.07,2663.07,13190,81494,04373,16,3
39113040302,39,113,040302,5391,5184,98,51,11,37,10,4007,3888,51,30,10,25,3,579.66,1396.9,13190,81494,04373,16,3
39113040401,39,113,040401,5274,4991,74,40,2,167,0,4203,3998,61,34,2,108,0,608.01,1465.23,13190,81494,04373,16,3
39113040402,39,113,040402,9007,8450,158,102,11,284,2,6874,6483,114,72,11,194,0,994.41,2396.38,13190,81494,04373,16,3
39113050101,39,113,050101,4250,4040,145,23,7,32,3,3491,3336,105,17,5,27,1,529.17,873.54,83090,49392,04505,16,3
39113050102,39,113,050102,6970,6626,121,57,6,158,2,5520,5263,84,50,5,117,1,836.73,1381.24,49434,49392,04439,16,3
39113050103,39,113,050103,3411,3105,156,51,3,91,5,2599,2389,101,34,3,72,0,393.96,650.33,49434,49392,04439,16,3
39113050301,39,113,050301,3714,3645,53,4,4,7,1,2941,2883,45,4,3,6,0,451.2,682.77,83090,83090,04505,3,3
39113050302,39,113,050302,5990,5880,15,27,6,61,1,4382,4303,7,20,6,46,0,672.28,1017.3,83090,83090,04505,3,3
39113050303,39,113,050303,4039,3694,199,31,10,101,4,3282,3037,140,26,8,71,0,503.52,761.93,83090,83090,04505,3,3
39113050401,39,113,050401,5496,5359,55,26,4,50,2,4016,3933,35,15,4,29,0,608.75,1004.9,49434,49392,04439,3,3
39113050402,39,113,050402,2673,2652,5,2,2,10,2,1943,1932,2,1,2,6,0,294.52,486.19,49434,49392,04439,3,3
39113050501,39,113,050501,7814,7601,85,38,9,81,0,6132,5966,65,26,7,68,0,929.5,1534.38,49434,49392,04439,16,3
39113050502,39,113,050502,2591,2558,4,13,2,14,0,1980,1955,4,9,2,10,0,300.13,495.45,49434,49392,04439,16,3
39113070101,39,113,070101,5388,3387,1903,39,6,42,11,4107,2720,1324,21,6,31,5,1203.17,722.26,77504,46522,04869,3,3
39113070102,39,113,070102,3624,2360,1234,17,2,7,4,3097,2144,930,14,2,7,0,907.29,544.64,77504,46522,04869,3,3
39113070201,39,113,070201,2028,1372,643,3,0,8,2,1350,1023,317,3,0,7,0,395.49,237.41,22624,46522,04384,3,3
39113070202,39,113,070202,2597,495,2073,20,3,4,2,1870,362,1492,9,3,4,0,393.95,192.03,21000,21000,04384,3,3
39113090301,39,113,090301,7773,6861,510,162,13,215,12,5284,4656,366,97,9,154,2,1113.16,542.61,21000,46802,04870,3,3
39113090302,39,113,090302,5876,5740,57,29,24,20,6,4443,4350,40,15,21,15,2,856.63,974.89,21000,46802,04870,3,3
39113100101,39,113,100101,6441,5635,582,96,10,114,4,4526,3975,401,63,6,81,0,793.94,990.38,36610,36610,04875,3,3
39113100102,39,113,100102,4720,4067,380,94,14,162,3,3297,2854,266,68,10,99,0,578.35,721.45,36610,36610,04875,3,3
39113100201,39,113,100201,5216,4579,419,96,14,102,6,3593,3176,281,62,9,65,0,630.27,786.22,36610,36610,04875,3,3
39113100202,39,113,100202,2836,2415,290,58,11,56,6,2111,1795,224,40,11,40,1,370.31,461.93,36610,36610,04875,3,3
39113100203,39,113,100203,5452,5016,286,68,11,65,6,3863,3572,199,42,8,42,0,677.64,845.3,36610,36610,04875,3,3
39113100301,39,113,100301,4869,4514,208,74,10,55,8,3514,3262,149,55,7,40,1,616.42,768.93,36610,36610,04875,3,3
39113100302,39,113,100302,3997,3657,236,43,12,44,5,2901,2679,157,27,6,32,0,508.89,634.8,36610,36610,04875,3,3
39113115002,39,113,115002,3911,3841,16,7,3,44,0,3042,2986,16,7,2,31,0,524.12,800.44,79492,79492,04495,3,3
39113115011,39,113,115011,6027,5947,14,21,14,29,2,4776,4711,12,18,11,23,1,822.88,1256.7,79492,79492,04495,3,3
39113115012,39,113,115012,3978,3889,22,33,5,27,2,2960,2904,16,19,4,17,0,509.99,778.86,79492,79492,04495,3,3
39113120101,39,113,120101,4711,4554,105,20,5,27,0,3421,3322,63,12,4,20,0,696.62,1072.6,57113,65424,04872,3,3
39113120102,39,113,120102,5536,5109,264,35,5,123,0,3968,3700,167,21,5,75,0,808.01,1244.1,57113,65424,04872,3,3
39113120103,39,113,120103,2950,2780,126,20,6,18,0,2242,2121,88,14,5,14,0,456.54,702.94,57113,65424,04872,3,3
39113125101,39,113,125101,4839,4685,97,22,6,28,1,3618,3521,58,13,6,20,0,736.74,1134.36,25396,65424,04872,3,3
39113125102,39,113,125102,6619,6453,77,35,6,46,2,5005,4887,51,26,5,35,1,1019.18,1569.23,25396,65424,04872,3,3
39115009688,39,115,009688,3012,2951,28,17,12,3,1,2097,2058,19,9,8,2,1,124,249,NA,8910,04877,4,19
39115009689,39,115,009689,4205,4049,134,3,8,5,6,3156,3058,84,2,8,3,1,413,754,45822,52122,04877,4,19
39115009690,39,115,009690,3630,3558,54,4,7,4,3,2546,2502,33,4,4,3,0,84,129,NA,78484,04877,4,19
39115009691,39,115,009691,3340,2928,354,12,36,0,10,2323,2038,252,5,24,0,4,175,276,74748,86016,04877,4,19
39115969298,39,115,969298,7,7,0,0,0,0,0,2,2,0,0,0,0,0,43,27,NA,47040,04877,12,19
39117009850,39,117,009850,3846,3822,4,11,5,3,1,2777,2761,3,8,4,1,0,221,347,NA,56224,04881,6,8
39117009851,39,117,009851,4300,4261,10,9,8,11,1,3032,3007,8,9,5,3,0,193,342,NA,18294,04881,6,8
39117009852,39,117,009852,4500,4464,5,18,6,7,0,3312,3289,5,9,5,4,0,807,1466,52738,30128,04553,6,8
39117009853,39,117,009853,4788,4751,10,15,7,5,0,3369,3345,6,10,5,3,0,127,217,12084,12098,04879,6,8
39117009854,39,117,009854,4587,4527,19,18,15,8,0,3194,3152,13,12,10,7,0,194,271,14114,14030,04880,6,8
39117009855,39,117,009855,5728,5679,15,21,8,4,1,4003,3968,11,13,7,4,0,289,526,47558,5508,04880,6,8
39119009810,39,119,009810,4118,4057,38,15,6,2,0,2920,2882,26,6,5,1,0,95,211,380,81522,04887,4,19
39119009811,39,119,009811,4605,4531,34,26,8,6,0,3277,3224,27,16,5,5,0,148,267,22610,12406,04887,4,19
39119009812,39,119,009812,5418,5344,43,16,4,7,4,3805,3756,30,12,3,4,0,253,433,28574,37926,04887,4,19
39119009813,39,119,009813,5086,4985,65,18,9,1,8,3607,3542,47,11,5,1,1,356,519,29064,36372,04888,4,19
39119009814,39,119,009814,4193,3513,626,10,36,3,5,2935,2500,399,8,26,1,1,363.62,709.33,88084,88084,04517,4,19
39119009815,39,119,009815,4724,4515,176,6,11,13,3,3679,3556,103,3,9,6,2,455.8,889.14,88084,88084,04888,4,19
39119009816,39,119,009816,5012,4878,89,11,7,27,0,3871,3787,52,6,3,23,0,479.58,935.54,57218,26502,04517,4,19
39119009817,39,119,009817,3645,3503,115,5,6,14,2,2873,2781,73,5,3,11,0,1202.08,1362.27,88084,88084,04517,4,19
39119009818,39,119,009818,3935,3444,458,6,15,8,4,2990,2616,350,5,13,5,1,1251.03,1417.74,88084,88084,04517,4,19
39119009819,39,119,009819,3127,2981,130,5,5,4,2,2371,2269,89,5,4,3,1,566,852,88084,88084,04517,4,19
39119009820,39,119,009820,3905,3720,138,9,14,11,13,2760,2645,81,5,12,8,9,289.53,434.52,88084,88084,04517,4,19
39119009821,39,119,009821,4254,3326,821,58,35,2,12,2961,2340,560,30,21,1,9,1238.9,1403.99,88084,88084,04517,4,19
39119009822,39,119,009822,4085,3575,472,9,16,2,11,2873,2558,294,8,10,2,1,410.22,482.84,88084,88084,04517,4,19
39119009823,39,119,009823,4160,4065,80,5,7,3,0,3101,3049,46,1,3,2,0,442.78,521.16,73894,74126,04885,4,19
39119009824,39,119,009824,4155,4126,11,10,5,2,1,3034,3015,5,7,5,2,0,777,947,73894,55608,04885,4,19
39119009825,39,119,009825,4710,4650,23,18,15,4,0,3396,3351,19,11,12,3,0,203,173,62442,55608,04884,4,19
39119009826,39,119,009826,2865,2838,18,3,4,2,0,2104,2086,13,2,2,1,0,29,59,NA,82236,04884,4,19
39119009827,39,119,009827,4831,4729,90,1,2,2,7,3522,3455,63,0,2,1,1,369.47,554.48,63478,82236,04884,4,19
39119009828,39,119,009828,5240,5173,13,16,3,34,1,4068,4015,12,11,2,27,1,408,785,54446,78498,04883,4,19
39121009683,39,121,009683,3432,3415,2,8,2,5,0,2392,2380,2,5,2,3,0,58,136,70520,47810,04890,12,19
39121009684,39,121,009684,4645,4616,3,14,8,4,0,3409,3386,3,11,5,4,0,423,456,10940,56028,04525,12,19
39121968598,39,121,968598,3259,3251,2,1,5,0,0,2253,2246,1,1,5,0,0,573,940,21910,37940,04525,12,19
39123000000,39,123,000000,0,0,0,0,0,0,0,0,0,0,0,0,0,0,0,0,NA,NA,99998,21,5
39123000501,39,123,000501,556,528,0,27,0,0,1,443,424,0,18,0,0,1,127,184,65032,65046,04897,21,5
39123000502,39,123,000502,3148,3080,10,34,0,23,1,2534,2494,6,19,0,14,1,511,934,NA,12588,04465,21,5
39123000503,39,123,000503,4410,4335,9,57,4,4,1,3593,3537,9,40,3,4,0,970,903,47502,20058,04893,21,5
39123000504,39,123,000504,4033,3733,17,264,9,10,0,3061,2875,9,161,8,8,0,218,208,64150,25578,04465,21,5
39123000505,39,123,000505,3704,3412,115,162,7,6,2,2880,2677,85,107,5,4,2,1323,1219,64150,64150,04465,21,5
39123000506,39,123,000506,3699,3292,95,297,6,8,1,2674,2441,65,158,4,5,1,192,180,64150,64150,04465,21,5
39123000507,39,123,000507,3281,3231,0,35,2,11,2,2387,2356,0,20,2,7,2,814,981,57582,69946,04892,21,5
39123000508,39,123,000508,3518,3466,10,30,5,7,0,2605,2571,7,18,3,6,0,174.41,149.42,57582,12266,04892,21,5
39123000509,39,123,000509,5236,5070,3,152,4,6,1,3794,3702,3,80,4,4,1,442,389,25144,5620,04892,21,9
39123000510,39,123,000510,5267,4879,0,371,6,8,3,3789,3566,0,208,6,7,2,915,816,29722,15546,04894,21,9
39123000511,39,123,000511,3177,3106,2,62,3,4,0,2329,2279,1,44,3,2,0,571,502,15588,1322,04894,21,9
39125009601,39,125,009601,3268,3138,12,101,8,4,5,2258,2187,11,49,8,3,0,185,226,NA,25298,04557,21,5
39125009602,39,125,009602,4501,4390,19,81,4,6,1,3176,3114,12,42,4,4,0,465,633,2204,12308,04899,21,5
39125009603,39,125,009603,4524,4361,44,104,10,3,2,3125,3026,31,58,7,1,2,197,282,61322,33950,04903,21,5
39125009604,39,125,009604,3993,3557,123,302,9,1,1,2908,2630,82,185,9,1,1,618,897,61252,61266,04557,21,5
39125009605,39,125,009605,4202,4134,12,40,12,3,1,2909,2868,11,18,10,2,0,170,266,57792,9512,04903,21,5
39127009658,39,127,009658,5687,5652,5,9,14,1,6,4091,4066,3,5,13,1,3,239,387,76680,76659,04905,4,19
39127009659,39,127,009659,5111,5089,0,9,6,7,0,3667,3652,0,7,6,2,0,547,796,72970,65760,04905,4,19
39127009660,39,127,009660,5028,5011,4,10,2,1,0,3565,3554,3,5,2,1,0,810,697,19456,33964,04535,4,19
39127009661,39,127,009661,3974,3910,35,13,9,3,4,2870,2821,30,7,7,3,2,114,160,18770,51520,04906,4,19
39127009662,39,127,009662,6136,6103,2,19,9,3,0,4330,4306,2,14,6,2,0,1161,1179,54866,62680,04447,4,19
39127009663,39,127,009663,5621,5580,11,21,5,3,1,3886,3854,11,13,5,3,0,45,126,71962,37968,04447,4,19
39129000201,39,129,000201,2053,1998,41,6,1,4,3,1580,1533,37,4,1,4,1,264.3,430.8,15070,15077,04376,17,10
39129000202,39,129,000202,2868,2768,81,10,4,1,4,2127,2057,59,6,3,1,1,355.81,579.94,15070,15077,04376,17,10
39129000204,39,129,000204,2727,2647,44,20,9,5,2,1934,1881,31,13,7,2,0,323.52,527.32,15070,15077,04376,17,10
39129000211,39,129,000211,6427,6368,28,8,9,8,6,4549,4503,25,6,8,5,2,271,532,NA,80598,04909,17,10
39129000212,39,129,000212,5292,5246,6,24,4,12,0,3744,3716,5,13,4,6,0,525,876,2680,33978,04909,17,10
39129000213,39,129,000213,5348,2431,2652,194,53,14,4,5330,2421,2645,193,53,14,4,162.05,325.18,58800,70870,04909,17,16
39129000214,39,129,000214,6367,6321,12,9,18,7,0,4603,4574,5,7,11,6,0,139.95,280.82,18070,20156,04909,17,16
39129000215,39,129,000215,2699,2680,11,0,5,3,0,1881,1867,8,0,5,1,0,80,133,20212,51534,04910,17,10
39129000216,39,129,000216,3257,3222,18,12,5,0,0,2386,2362,15,7,2,0,0,197,280,85414,21168,04910,17,10
39129000217,39,129,000217,3711,3670,23,10,5,3,0,2661,2634,15,6,5,1,0,213,421,76148,62484,04908,17,10
39129020310,39,129,020310,4850,4736,63,16,6,26,3,3806,3728,48,11,4,14,1,636.67,1037.73,15070,15077,04376,17,10
39129020320,39,129,020320,2656,2624,11,14,0,7,0,1941,1922,7,9,0,3,0,324.69,529.22,15070,15077,04376,17,10
39131009522,39,131,009522,5023,4797,201,12,10,3,0,3485,3335,135,9,6,0,0,188,312,4696,70884,04912,16,2
39131009523,39,131,009523,4479,4386,57,9,14,13,0,3208,3149,32,6,12,9,0,556,534,62708,71171,04913,16,2
39131009524,39,131,009524,3141,3108,20,1,1,11,0,2482,2461,11,1,1,8,0,261,224,81942,61434,04914,16,2
39131009525,39,131,009525,3668,3618,22,14,5,8,1,2627,2595,15,10,3,4,0,1461,1829,81942,61434,04914,16,2
39131009526,39,131,009526,4476,4398,26,18,33,1,0,3101,3051,22,10,17,1,0,314,200,NA,61392,04915,16,2
39131009527,39,131,009527,3462,3429,1,20,8,4,0,2381,2359,1,12,6,3,0,220,165,NA,55622,04913,16,2
39133006002,39,133,006002,5596,5518,24,30,20,4,0,4041,3996,15,14,13,3,0,943,1028,47180,47194,04918,5,15
39133006005,39,133,006005,5270,5146,56,25,26,17,0,3585,3524,20,16,15,10,0,717,768,NA,71731,04918,5,15
39133006008,39,133,006008,3535,3343,142,23,3,24,0,2837,2697,107,14,2,17,0,679.97,556.06,65592,65606,04468,5,11
39133006010,39,133,006010,2688,2360,296,17,6,9,0,2085,1842,220,12,4,7,0,499.73,408.67,65592,65606,04468,5,11
39133006011,39,133,006011,5284,5201,42,22,8,11,0,4041,3979,27,20,7,8,0,968.54,792.05,65592,65606,04468,5,11
39133006012,39,133,006012,4412,4102,139,39,8,122,2,3657,3419,94,32,8,102,2,697.6,490.97,39872,28392,04416,5,11
39133006013,39,133,006013,6287,5648,490,62,14,58,15,4333,3992,258,36,8,38,1,826.56,581.72,39872,28392,04416,5,11
39133006014,39,133,006014,5015,4579,362,18,7,44,5,3937,3608,279,10,6,34,0,751.02,528.56,39872,28392,04416,5,11
39133006015,39,133,006015,15419,13715,962,154,18,560,10,14267,12819,833,138,16,451,10,2721.55,1915.4,39872,28392,04416,5,11
39133006016,39,133,006016,3850,3773,11,19,9,33,5,2848,2798,9,12,7,22,0,543.28,382.35,8168,28392,04416,5,11
39133006017,39,133,006017,8385,7943,299,72,9,58,4,6061,5773,188,44,9,47,0,1464,1305,8826,8840,04919,5,11
39133006018,39,133,006018,6612,6544,14,14,14,26,0,4804,4755,8,7,12,22,0,1202,1349,NA,68392,04921,5,15
39133006020,39,133,006020,4970,4908,17,12,25,5,3,3588,3546,15,9,13,2,3,862,868,NA,65452,04924,5,15
39133006021,39,133,006021,7353,7299,13,20,16,5,0,5527,5495,8,10,11,3,0,1194,1183,51058,75189,04919,5,11
39133600198,39,133,600198,8010,7887,70,15,10,26,2,5943,5854,50,13,8,17,1,406,409,29442,35672,04920,5,15
39133600301,39,133,600301,4517,4367,96,22,6,26,0,3332,3239,57,11,3,22,0,651.76,1117.57,3086,3086,04917,5,15
39133600302,39,133,600302,4675,4593,14,26,3,39,0,3585,3528,12,17,3,25,0,701.24,1202.43,3086,3086,04917,5,15
39133600401,39,133,600401,3296,3228,19,18,3,28,0,2344,2301,14,7,2,20,0,486.94,418.14,75014,75014,04923,5,11
39133600402,39,133,600402,2837,2755,29,29,5,19,0,2270,2207,28,16,5,14,0,471.57,404.94,75014,75014,04923,5,11
39133600403,39,133,600403,4010,3960,13,13,10,14,0,2881,2854,7,5,4,11,0,598.49,513.93,75014,75014,04923,5,11
39133600698,39,133,600698,7428,7251,115,36,6,16,4,5042,4929,69,23,6,15,0,634,486,85946,85960,04566,5,15
39133600701,39,133,600701,3685,3644,14,16,4,6,1,2594,2566,9,11,4,3,1,243,258,NA,13610,04922,5,15
39133600702,39,133,600702,4501,4433,43,14,8,2,1,3182,3138,27,8,7,2,0,437,424,NA,59668,04922,5,15
39133600901,39,133,600901,4652,4156,432,31,20,9,4,3372,3053,277,21,14,7,0,808.2,660.92,65592,65606,04468,5,11
39133600902,39,133,600902,4871,4692,135,26,7,10,1,3578,3446,101,16,7,8,0,857.57,701.3,65592,65606,04468,5,11
39133601901,39,133,601901,2663,2639,5,13,3,3,0,1925,1911,4,6,2,2,0,411,455,NA,2862,04924,5,15
39133601902,39,133,601902,2764,2723,15,12,13,1,0,1953,1926,9,8,9,1,0,427,452,NA,21210,04922,5,15
39135004001,39,135,004001,3783,3744,19,7,2,9,2,2774,2749,15,3,2,5,0,529,662,55188,38780,04927,18,12
39135004101,39,135,004101,2474,2457,0,10,2,2,3,1786,1778,0,5,2,1,0,339,487,83804,51548,04927,18,12
39135004201,39,135,004201,4365,4348,0,11,3,3,0,3110,3099,0,6,2,3,0,575,905,42938,33992,04926,18,12
39135004301,39,135,004301,2826,2817,0,4,3,2,0,2047,2038,0,4,3,2,0,91.15,138.7,82880,77994,04900,18,12
39135004401,39,135,004401,3734,3692,14,15,5,4,4,2709,2681,10,12,3,3,0,498,733,82880,41846,04900,18,12
39135004501,39,135,004501,2054,2040,1,5,2,6,0,1531,1521,0,3,2,5,0,278,483,24234,81564,04393,18,12
39135004550,39,135,004550,7316,7187,60,30,19,19,1,5396,5320,38,14,11,13,0,977,1628,24234,24234,04393,18,12
39135004601,39,135,004601,3223,3208,3,4,5,3,0,2306,2295,3,2,4,2,0,83,150,16700,37590,04393,18,12
39135004701,39,135,004701,5864,5811,35,9,6,3,0,4160,4117,26,8,6,3,0,490,832,11024,29484,04928,18,12
39135004801,39,135,004801,4474,4442,9,10,2,11,0,3228,3210,9,2,2,5,0,565,863,31472,31486,04928,18,12
39137000301,39,137,000301,4657,3848,0,794,7,6,2,3209,2742,0,459,3,3,2,200,437,42602,79450,04935,21,5
39137000302,39,137,000302,5987,5888,5,82,10,1,1,4077,4019,5,47,5,0,1,193,343,18504,51562,04932,21,5
39137000303,39,137,000303,7589,7265,10,296,5,9,4,5230,5058,10,145,5,9,3,1057,2096,58982,58996,04937,21,5
39137000304,39,137,000304,3370,3256,2,106,2,3,1,2389,2328,2,55,1,2,1,148,343,59738,67174,04939,21,5
39137000305,39,137,000305,3856,3730,5,114,4,3,0,2649,2579,1,63,4,2,0,448,1115,18014,63380,04931,21,5
39137000306,39,137,000306,3608,3595,2,8,2,1,0,2387,2379,0,5,2,1,0,126,398,39536,78526,04934,21,5
39137000307,39,137,000307,4752,4731,1,18,1,1,0,3168,3157,1,8,1,1,0,122,258,59052,38976,04938,21,5
39139000001,39,139,000001,375,262,95,6,2,10,0,328,237,79,4,2,6,0,83.04,96.46,47138,47138,04429,20,8
39139000002,39,139,000002,533,444,86,1,2,0,0,383,325,56,1,1,0,0,96.97,112.64,47138,47138,04429,7,8
39139000003,39,139,000003,2566,997,1521,28,13,0,7,1727,702,1004,15,4,0,2,437.23,507.9,47138,47138,04429,20,8
39139000004,39,139,000004,3235,2880,308,27,10,9,1,2293,2101,168,14,5,5,0,580.53,674.35,47138,47138,04429,20,8
39139000005,39,139,000005,4888,4243,541,54,9,29,12,3674,3283,337,30,6,17,1,930.16,1080.5,47138,47138,04429,20,8
39139000006,39,139,000006,5015,3130,1762,66,18,27,12,3350,2238,1036,40,14,21,1,848.13,985.21,47138,47138,04429,20,8
39139000007,39,139,000007,3697,1653,1988,41,2,8,5,2515,1139,1333,33,2,8,0,636.73,739.64,47138,47138,04429,7,8
39139000008,39,139,000008,3224,2693,499,13,13,6,0,2341,1973,343,11,10,4,0,592.68,688.47,47138,47138,04429,7,8
39139000009,39,139,000009,5449,5279,100,42,15,11,2,4004,3893,70,21,15,5,0,676.26,671.17,47138,46578,04945,7,8
39139000010,39,139,000010,5572,5190,311,36,8,19,8,4270,4011,218,21,7,10,3,721.19,715.76,47138,47138,04945,20,8
39139000011,39,139,000011,2552,2473,54,14,4,5,2,2163,2102,43,12,3,2,1,547.61,636.12,47138,47138,04429,20,8
39139000012,39,139,000012,3708,3603,46,17,4,38,0,2929,2858,35,12,4,20,0,741.54,861.4,47138,47138,04429,20,8
39139000013,39,139,000013,3368,3235,77,20,6,27,3,2630,2542,54,11,6,17,0,665.84,773.46,47138,47138,04429,20,8
39139000014,39,139,000014,2532,2355,128,28,8,11,2,2019,1908,86,11,4,10,0,511.16,593.77,47138,47138,04429,20,8
39139000015,39,139,000015,2761,2707,14,31,3,6,0,1965,1930,11,18,2,4,0,331.88,329.38,47138,46578,04429,7,8
39139000016,39,139,000016,2345,2113,208,22,2,0,0,1711,1534,165,11,1,0,0,433.18,503.19,47138,47138,04429,7,8
39139000017,39,139,000017,2626,1209,1329,72,9,3,4,2509,1099,1322,72,9,3,4,635.21,737.88,47138,47138,04945,7,8
39139000018,39,139,000018,4139,3923,150,31,8,27,0,3142,2993,104,20,7,18,0,530.67,526.68,NA,46578,04945,7,8
39139000019,39,139,000019,6859,6559,232,24,10,26,8,5027,4825,163,16,7,11,5,1098,1414,NA,50092,04945,20,8
39139000020,39,139,000020,5613,5512,46,37,8,9,1,4043,3968,36,26,8,4,1,372,640,45276,51576,04944,20,8
39139000021,39,139,000021,8799,8465,149,43,8,133,1,6632,6427,95,25,7,77,1,934,2047,47138,81578,04943,20,8
39139000022,39,139,000022,6179,6092,21,18,3,45,0,4414,4366,14,11,2,21,0,763,1742,42994,77616,04943,20,8
39139000023,39,139,000023,5117,5003,41,32,6,30,5,3742,3671,27,20,4,20,0,689.92,1145.84,58520,74127,04947,20,8
39139000024,39,139,000024,4286,4142,74,42,1,26,1,3374,3282,52,25,1,14,0,622.08,1033.16,58520,74127,04947,20,8
39139000025,39,139,000025,4588,4540,6,29,7,6,0,3371,3344,2,15,7,3,0,743.94,1125.55,72102,71830,10009,20,8
39139000026,39,139,000026,5224,5192,6,13,3,10,0,3793,3769,5,11,2,6,0,837.06,1266.45,72102,71830,10009,20,8
39139000027,39,139,000027,5348,5211,58,40,13,19,7,3961,3865,50,20,11,10,5,400,665,72102,38038,10009,20,8
39139000028,39,139,000028,3859,3798,6,40,11,1,3,2680,2645,3,20,8,1,3,171,230,63800,63814,04946,20,8
39139000029,39,139,000029,3645,3572,48,9,4,12,0,2344,2302,31,4,3,4,0,93,139,NA,82628,04942,7,8
39139000030,39,139,000030,8035,7969,10,27,7,19,3,5842,5809,7,12,5,9,0,576,1056,10632,86618,04941,20,8
39141009555,39,141,009555,4698,4640,24,20,6,7,1,3446,3410,15,11,4,5,1,489,734,40376,31822,04954,16,10
39141009556,39,141,009556,10117,7798,2101,132,48,33,5,8397,6146,2060,124,43,19,5,760,1040,15336,78540,04953,16,10
39141009557,39,141,009557,4296,4224,52,4,13,3,0,3000,2955,34,2,7,2,0,173,231,73698,10016,04540,16,2
39141009558,39,141,009558,5877,5584,247,23,5,18,0,4250,4026,190,14,4,16,0,440,685,28182,18238,04949,16,10
39141009559,39,141,009559,4316,3795,434,22,0,63,2,3167,2786,325,11,0,45,0,656.33,848.47,14184,70898,04374,16,2
39141009560,39,141,009560,3897,3614,214,14,4,50,1,2979,2767,159,12,4,36,1,617.37,798.11,14184,70898,04374,16,10
39141009561,39,141,009561,4053,3592,414,14,15,16,2,3183,2838,316,9,11,8,1,659.64,852.76,14184,70898,04374,16,2
39141009562,39,141,009562,2218,2012,180,7,1,17,1,1811,1655,136,5,1,14,0,375.31,485.19,14184,70898,04374,16,2
39141009563,39,141,009563,3259,3054,156,24,4,21,0,2624,2468,116,23,3,14,0,543.8,703,14184,70898,04374,16,10
39141009564,39,141,009564,3873,3634,204,9,14,9,3,2831,2677,131,7,9,6,1,586.7,758.45,14184,70898,04374,16,2
39141009565,39,141,009565,4343,4094,211,20,10,6,2,3184,3014,147,11,8,4,0,659.85,853.03,14184,70898,04374,16,2
39141009566,39,141,009566,4323,4302,7,4,7,3,0,3145,3130,5,2,6,2,0,145,188,NA,74128,04952,16,2
39141009567,39,141,009567,4835,4705,97,17,6,7,3,3526,3421,80,15,4,6,0,145,212,NA,43302,04952,16,2
39141009568,39,141,009568,5369,5265,53,24,12,11,4,3731,3659,43,12,7,7,3,681,648,14184,36890,04950,16,2
39141009569,39,141,009569,3856,3824,18,12,1,1,0,2723,2700,15,6,1,1,0,442,477,3604,61308,04951,16,2
39143009608,39,143,009608,3664,3431,29,185,5,12,2,2680,2529,21,119,2,7,2,220,290,28826,67188,04401,21,5
39143009609,39,143,009609,3323,3172,16,113,3,19,0,2360,2263,13,70,2,12,0,352.2,497.98,43904,81592,04401,21,5
39143009610,39,143,009610,3811,3494,6,297,6,6,2,2784,2579,5,188,6,5,1,577,700,86492,86506,04957,21,5
39143009611,39,143,009611,4052,3834,1,208,7,1,1,2925,2786,1,136,1,0,1,600,663,30072,46592,04538,21,5
39143009612,39,143,009612,4041,3887,14,123,10,7,0,2848,2747,8,81,6,6,0,252,353,34860,38052,04956,21,5
39143009613,39,143,009613,4561,4258,115,173,5,8,2,3427,3242,62,110,5,7,1,549.96,925.36,3716,3730,04401,21,5
39143009614,39,143,009614,3530,2976,288,255,10,1,0,2462,2136,176,144,5,1,0,793.63,816.68,28826,28826,04401,21,5
39143009615,39,143,009615,4551,3959,206,369,7,6,4,3190,2859,125,195,5,6,0,1028.3,1058.17,28826,28826,04401,21,5
39143009616,39,143,009616,3358,2825,181,334,1,12,5,2545,2229,118,186,1,10,1,379.8,537.02,28826,70408,04401,21,5
39143009617,39,143,009617,3846,2970,340,522,1,11,2,2786,2258,212,305,1,9,1,898.07,924.15,28826,28826,04401,21,5
39143009618,39,143,009618,4357,3753,266,316,10,12,0,3091,2750,137,190,9,5,0,496.04,834.64,28826,28826,04401,21,5
39143009619,39,143,009619,3401,3194,9,190,1,6,1,2430,2299,7,119,1,4,0,427.15,648.35,32256,31990,10020,21,5
39143009620,39,143,009620,6439,6100,10,305,12,10,2,4590,4404,7,164,7,8,0,806.85,1224.65,16308,31990,10020,21,5
39143009621,39,143,009621,4682,4578,2,85,9,8,0,3324,3256,0,54,8,6,0,338,485,5228,77162,04680,21,5
39143009622,39,143,009622,4347,4256,7,69,1,9,5,3160,3108,3,40,1,7,1,727,792,5228,5228,04359,21,5
39145009921,39,145,009921,4584,4556,3,13,9,3,0,3212,3190,3,9,7,3,0,493,667,NA,46606,04962,16,2
39145009922,39,145,009922,5614,4356,1214,25,18,1,0,4588,3340,1213,21,13,1,0,356,610,45304,79170,04964,16,2
39145009923,39,145,009923,4425,4313,9,14,86,3,0,3084,3008,9,7,57,3,0,179,154,65508,65522,04963,16,2
39145009924,39,145,009924,5280,5218,2,15,40,3,2,3707,3661,0,11,32,3,0,313,289,NA,69092,04963,16,2
39145009925,39,145,009925,3128,3087,2,16,18,5,0,2191,2169,0,6,11,5,0,269.04,312.53,64304,34020,04964,16,2
39145009926,39,145,009926,3953,3933,7,3,9,1,0,2730,2717,5,1,7,0,0,456,493,73824,6992,04959,16,2
39145009927,39,145,009927,4406,4390,0,3,11,2,0,3047,3039,0,2,5,1,0,290,214,NA,79828,04959,16,2
39145009928,39,145,009928,4167,4105,7,26,27,0,2,2919,2876,4,18,19,0,2,719,549,28532,31836,04961,16,2
39145009929,39,145,009929,6141,6097,8,15,14,7,0,4535,4504,6,10,10,5,0,940.21,1025.35,84588,64206,04966,16,2
39145009930,39,145,009930,3961,3935,5,11,3,5,2,2922,2906,3,5,3,4,1,605.79,660.65,64304,64304,10027,16,2
39145009931,39,145,009931,4022,3981,6,12,19,4,0,2979,2960,2,4,12,1,0,568,716,64304,64304,10027,16,2
39145009932,39,145,009932,2268,2226,15,14,8,5,0,1625,1601,6,9,7,2,0,485.79,550.81,54166,54166,04446,16,2
39145009933,39,145,009933,2777,2683,63,10,15,6,0,2183,2128,31,9,10,5,0,652.6,739.95,64304,64304,10027,16,2
39145009934,39,145,009934,4043,3862,136,5,25,10,5,2911,2795,84,4,22,5,1,870.23,986.71,64304,64304,10027,16,2
39145009935,39,145,009935,3269,3220,20,8,19,2,0,2420,2384,14,6,15,1,0,723.45,820.28,64304,64304,10027,16,2
39145009936,39,145,009936,2741,2581,123,23,10,4,0,2206,2101,83,9,10,3,0,659.48,747.74,64304,64304,10027,16,2
39145009937,39,145,009937,3076,2271,751,24,17,8,5,2226,1665,529,15,11,6,0,665.45,754.52,64304,64304,10027,16,2
39145009938,39,145,009938,4756,4629,56,11,13,47,0,3754,3659,42,11,7,35,0,460.96,535.47,64304,15560,10026,16,2
39145009939,39,145,009939,3613,3552,18,2,31,8,2,2602,2565,11,1,20,4,1,1050,980,84140,81606,04965,16,2
39145009940,39,145,009940,4103,4079,2,11,11,0,0,2986,2965,1,10,10,0,0,403,449,NA,55902,04965,16,2
39147009625,39,147,009625,4063,4032,5,25,0,1,0,2816,2805,1,9,0,1,0,141,198,66320,71024,04968,21,5
39147009626,39,147,009626,4155,4011,0,133,6,5,0,2893,2809,0,78,3,3,0,165,255,32256,63394,10021,21,5
39147009627,39,147,009627,4216,4039,23,134,11,9,0,2836,2731,14,78,6,7,0,122.87,160.68,6194,43316,04956,21,5
39147009628,39,147,009628,4001,3284,305,377,3,26,6,2865,2414,210,223,3,13,2,124.13,162.32,28014,28014,04399,21,5
39147009629,39,147,009629,4922,4172,360,350,9,11,20,3314,2902,209,185,9,6,3,1457,1207,28014,28014,04399,21,5
39147009630,39,147,009630,3637,3190,174,259,4,9,1,2545,2287,104,146,3,4,1,381,465,28014,28014,04399,21,5
39147009631,39,147,009631,4546,4487,0,54,1,4,0,3066,3034,0,30,1,1,0,260,438,55398,6432,05074,21,5
39147009632,39,147,009632,4391,4298,18,45,6,24,0,3279,3211,14,30,6,18,0,231.88,358.64,76778,36400,04970,21,5
39147009633,39,147,009633,3936,3777,76,53,4,23,3,2929,2822,61,26,2,17,1,207.12,320.36,76778,76778,04489,21,5
39147009634,39,147,009634,3977,3881,30,47,6,13,0,3075,3007,28,28,2,10,0,261.56,500.02,76778,16154,04489,21,5
39147009635,39,147,009635,4198,4056,74,53,7,8,0,3005,2903,55,34,5,8,0,3035,3704,76778,76778,04489,21,5
39147009636,39,147,009636,4716,4545,65,59,3,40,4,3579,3453,52,35,2,35,2,304.44,581.98,76778,76778,04489,21,5
39147009637,39,147,009637,4824,4692,11,62,5,54,0,3557,3487,6,27,3,34,0,273,594,76778,76778,04489,21,5
39147009638,39,147,009638,4151,4110,2,25,13,1,0,2957,2931,2,16,7,1,0,248,389,7286,7006,04489,21,5
39149009714,39,149,009714,3791,3774,2,11,1,3,0,2630,2620,0,6,1,3,0,277,593,38220,38080,10005,20,12
39149009715,39,149,009715,4825,4757,32,16,4,14,2,3259,3206,26,15,3,7,2,242,634,2092,22050,10004,20,12
39149009716,39,149,009716,4084,4064,0,11,9,0,0,2855,2843,0,7,5,0,0,429,620,27832,46172,04978,20,12
39149009717,39,149,009717,3902,3867,7,18,1,9,0,2842,2822,5,8,1,6,0,249,406,64262,69960,10003,20,12
39149009718,39,149,009718,4190,3922,242,18,1,5,2,2916,2739,162,9,1,5,0,550.43,868.96,72424,16168,10003,20,12
39149009719,39,149,009719,3714,3582,48,19,1,62,2,2733,2646,34,12,1,40,0,515.89,814.42,72424,16168,10003,20,12
39149009720,39,149,009720,4721,4476,167,33,16,23,6,3229,3081,103,19,13,13,0,609.52,962.23,72424,16168,10003,20,12
39149009721,39,149,009721,4911,4629,19,18,2,241,2,3545,3364,14,12,1,153,1,669.16,1056.39,72424,16168,10003,20,12
39149009722,39,149,009722,5683,5558,71,26,8,20,0,3976,3902,44,15,4,11,0,142,208,72424,62064,04977,20,12
39149009723,39,149,009723,5094,5044,25,15,4,5,1,3487,3455,14,10,4,3,1,316,520,44352,81620,04979,20,12
39151007001,39,151,007001,1604,1202,375,12,15,0,0,1414,1096,297,11,10,0,0,340.46,242.02,12000,12000,04371,10,14
39151007002,39,151,007002,6201,4664,1418,52,57,7,3,4357,3436,838,38,37,5,3,1049.06,745.75,12000,12000,04371,10,14
39151007003,39,151,007003,3535,2645,784,38,55,2,11,2533,1968,504,23,32,2,4,609.89,433.55,12000,12000,04371,10,14
39151007004,39,151,007004,5008,4323,578,67,12,18,10,3834,3410,349,51,8,9,7,923.14,656.23,12000,12000,04371,10,14
39151007005,39,151,007005,3823,2638,1119,28,21,7,10,2661,1950,672,13,16,6,4,640.71,455.46,12000,12000,04371,10,14
39151007006,39,151,007006,3783,3436,300,23,8,13,3,2859,2621,206,15,5,12,0,688.38,489.35,12000,12000,04371,10,14
39151007007,39,151,007007,6983,6605,274,54,15,33,2,5768,5484,202,42,13,27,0,1388.8,987.26,12000,12000,04371,10,14
39151007008,39,151,007008,4648,4347,227,47,13,8,6,3512,3328,142,23,12,4,3,845.61,601.12,12000,12000,04371,10,14
39151007010,39,151,007010,4493,4124,263,48,36,15,7,3129,2915,150,33,18,12,1,753.39,535.57,12000,12000,04371,10,14
39151007011,39,151,007011,3558,3460,53,29,11,0,5,2773,2714,26,24,8,0,1,667.67,474.63,12000,12000,04371,10,14
39151007012,39,151,007012,3794,3562,186,30,11,5,0,2892,2769,92,21,5,5,0,696.33,495,12000,12000,04371,10,14
39151007013,39,151,007013,5018,4711,222,51,17,14,3,3661,3478,125,38,12,7,1,881.48,626.62,12000,12000,04371,10,14
39151007015,39,151,007015,3926,3327,530,29,20,12,8,2876,2471,353,19,18,10,5,692.47,492.26,12000,12000,04371,10,14
39151007017,39,151,007017,4904,4128,644,61,45,20,6,3426,2993,355,35,28,14,1,824.9,586.4,12000,12000,04371,10,14
39151007018,39,151,007018,3709,1528,2100,33,29,5,14,2596,1110,1431,21,22,5,7,625.06,444.34,12000,12000,04371,10,14
39151007021,39,151,007021,4803,1164,3499,94,19,10,17,3457,944,2417,65,15,10,6,832.36,591.71,12000,12000,04371,10,14
39151007023,39,151,007023,2864,849,1974,24,7,2,8,1806,645,1134,14,6,2,5,434.84,309.12,12000,12000,04371,10,14
39151007025,39,151,007025,4128,3866,172,65,19,4,2,2990,2828,103,47,10,2,0,719.92,511.77,12000,12000,04371,10,14
39151007101,39,151,007101,1413,673,727,5,4,0,4,986,460,519,3,4,0,0,185.61,183.85,1420,1420,04349,10,14
39151007102,39,151,007102,3506,3183,271,24,10,10,8,2420,2254,138,14,6,5,3,455.54,451.23,1420,1420,04349,10,14
39151007103,39,151,007103,3962,3790,107,35,10,11,9,2896,2800,60,20,7,8,1,545.14,539.99,1420,1420,04349,10,14
39151007104,39,151,007104,1400,1094,278,12,4,7,5,1036,837,182,8,4,4,1,195.02,193.17,1420,1420,04349,10,14
39151007105,39,151,007105,5246,3836,1272,54,18,49,17,3708,2847,778,33,10,39,1,698,691.4,1420,1420,04349,10,14
39151007106,39,151,007106,4546,4482,35,12,3,11,3,3659,3612,25,10,3,9,0,688.77,682.26,1420,1420,04349,10,14
39151007107,39,151,007107,3847,3698,83,23,5,37,1,3272,3141,74,19,1,36,1,615.92,610.1,1420,1420,04349,10,14
39151007108,39,151,007108,5034,4701,303,7,8,15,0,3890,3642,227,3,8,10,0,844,974,43596,43022,04988,10,14
39151007109,39,151,007109,3687,3637,34,9,0,7,0,2605,2578,16,5,0,6,0,522,868,NA,47936,04988,10,14
39151007110,39,151,007110,7354,7246,23,51,20,6,8,5271,5211,12,25,15,5,3,979.69,1558.6,34328,41314,04986,10,14
39151007111,39,151,007111,14989,14744,94,61,19,67,4,10590,10436,58,39,16,40,1,1968.31,3131.4,78736,41314,04986,10,14
39151007112,39,151,007112,12047,11883,61,47,25,28,3,8619,8543,23,23,18,12,0,1765,2256,11304,42168,04990,10,14
39151007114,39,151,007114,11760,11334,213,77,27,103,6,8910,8616,147,56,18,71,2,1439.3,2474.88,48244,38094,04985,10,14
39151007115,39,151,007115,7255,7024,64,63,7,96,1,6054,5895,45,49,2,62,1,977.95,1681.58,12000,62988,04993,10,14
39151007116,39,151,007116,6182,6015,57,89,8,9,4,5155,5020,45,76,6,8,0,1471.97,1264.76,12000,12014,04371,10,14
39151007117,39,151,007117,5881,5638,138,59,9,37,0,4647,4480,90,45,9,23,0,1118.89,795.39,12000,12000,04993,10,14
39151007118,39,151,007118,4981,4804,82,33,1,55,6,4046,3908,64,29,1,44,0,1103.34,1664.79,56294,62988,04450,10,14
39151007119,39,151,007119,5231,5131,11,34,4,50,1,4301,4231,8,25,4,33,0,1172.88,1769.72,56294,62988,04450,10,14
39151007120,39,151,007120,4448,4380,23,13,6,24,2,3449,3410,9,10,6,14,0,940.54,1419.15,56294,62988,04450,10,14
39151007123,39,151,007123,6315,6032,187,59,18,16,3,4912,4712,130,45,14,10,1,1339.5,2021.12,12000,62988,04993,10,14
39151007124,39,151,007124,5814,4956,727,57,45,21,8,4232,3680,463,40,35,14,0,728.11,869.19,12000,55944,04987,10,14
39151007125,39,151,007125,1929,1922,0,4,2,1,0,1455,1451,0,2,2,0,0,250.33,298.83,45094,55944,04987,10,14
39151007127,39,151,007127,5113,5021,39,32,13,8,0,3822,3754,35,22,7,4,0,657.57,784.98,45094,55944,04987,10,14
39151007128,39,151,007128,4406,4369,23,5,0,9,0,3352,3325,14,4,0,9,0,725,1265,1420,81634,04988,10,14
39151007129,39,151,007129,4278,4259,0,9,1,6,3,3236,3226,0,4,1,4,1,803,1268,50834,59850,04989,10,14
39151007130,39,151,007130,3668,3523,98,18,15,7,7,2732,2634,71,14,10,3,0,359.71,432.39,NA,58926,04989,10,14
39151007131,39,151,007131,6342,5853,393,66,15,8,7,4749,4393,288,46,11,6,5,625.29,751.61,23324,12014,04983,10,14
39151007133,39,151,007133,4730,4369,328,18,9,5,1,3435,3180,227,16,8,4,0,825.66,894.74,NA,62078,04992,10,14
39151007135,39,151,007135,10653,10254,250,83,8,54,4,7977,7696,172,61,3,42,3,1917.41,2077.82,62134,62078,04992,10,14
39151007136,39,151,007136,2682,2613,28,31,0,4,6,2071,2033,18,16,0,2,2,505.96,474,48244,48244,04435,10,14
39151007137,39,151,007137,2706,2521,162,12,6,2,3,1973,1864,94,9,4,2,0,482.01,451.57,48244,48244,04435,10,14
39151007138,39,151,007138,309,248,49,5,1,4,2,230,190,35,2,1,2,0,56.19,52.64,48244,48244,04435,10,14
39151007139,39,151,007139,2005,1950,35,11,5,1,3,1468,1434,22,6,5,1,0,358.64,335.99,48244,48244,04435,10,14
39151007140,39,151,007140,3913,3846,47,10,6,2,2,3036,3000,22,9,3,2,0,741.71,694.87,48244,48244,04435,10,14
39151007141,39,151,007141,3768,3549,162,48,5,2,2,2717,2574,105,34,2,2,0,663.78,621.85,48244,48244,04435,10,14
39151007142,39,151,007142,2909,1525,1339,17,17,3,8,2044,1094,918,16,11,2,3,499.36,467.82,48244,48244,04435,10,14
39151007144,39,151,007144,2771,2030,663,44,14,10,10,1973,1518,417,25,5,6,2,482.01,451.57,48244,62078,04992,10,14
39151007146,39,151,007146,4511,4454,16,24,14,2,1,3554,3517,11,18,8,0,0,854.26,925.73,53690,6180,04984,10,14
39151007148,39,151,007148,9425,9366,8,27,9,14,1,6907,6867,5,19,5,10,1,979,1086,8504,75208,04984,10,14
39151711301,39,151,711301,11929,11630,90,66,9,132,2,8367,8154,66,51,7,89,0,1351.59,2324.05,NA,38094,04985,10,14
39151711302,39,151,711302,6660,6406,99,75,6,73,1,5492,5297,79,56,5,54,1,887.16,1525.48,NA,38094,04985,10,14
39151712101,39,151,712101,6577,6414,43,44,1,75,0,4879,4771,34,30,1,43,0,1330.5,2007.54,56294,62988,04993,10,14
39151712102,39,151,712102,6065,5788,152,81,23,18,3,4282,4121,88,46,15,12,0,1167.7,1761.9,NA,62988,04993,10,14
39151712201,39,151,712201,4741,4451,161,46,4,75,4,3713,3498,124,36,2,51,2,1012.53,1527.77,12000,62988,04993,10,14
39151712202,39,151,712202,4582,4422,51,54,4,51,0,3508,3407,32,33,3,33,0,844.64,600.44,12000,62988,04993,10,14
39151712601,39,151,712601,2494,2480,0,6,7,1,0,1840,1832,0,2,6,0,0,444.82,541.79,45094,45094,04987,10,14
39151712602,39,151,712602,4731,4678,0,44,1,8,0,3492,3459,0,30,1,2,0,844.18,1028.21,45094,45094,04987,10,14
39151713201,39,151,713201,7515,7140,325,24,19,6,1,5642,5402,209,15,12,4,0,1611.03,1384.24,12000,12014,04983,10,14
39151713202,39,151,713202,2253,2214,28,7,2,2,0,1669,1645,16,5,1,2,0,401.17,434.73,NA,62078,04992,10,14
39151713401,39,151,713401,5382,5268,43,47,3,19,2,4261,4187,26,34,1,13,0,1024.2,1109.89,NA,62078,04992,10,14
39151713402,39,151,713402,4678,4498,88,41,2,40,9,3421,3300,63,26,2,25,5,822.29,891.09,62134,62078,04992,10,14
39151714301,39,151,714301,2949,2776,137,21,5,9,1,2202,2075,96,16,5,9,1,537.96,503.98,48244,48244,04435,10,14
39151714302,39,151,714302,3938,3497,373,46,11,8,3,2961,2667,249,29,9,6,1,723.39,677.7,48244,48244,04435,10,14
39151714701,39,151,714701,5208,5155,15,29,3,5,1,4034,3991,13,22,3,5,0,710.06,992.85,48244,77910,04995,10,14
39151714702,39,151,714702,2524,2511,3,3,4,2,1,1829,1821,1,2,4,1,0,321.94,450.15,NA,77910,04995,10,14
39151714901,39,151,714901,3931,3888,21,12,6,4,0,2951,2920,12,10,6,3,0,692,755,24052,62694,04994,10,14
39151714902,39,151,714902,3630,3462,118,36,9,3,2,2643,2512,93,27,8,1,2,638,604,82376,70436,04994,10,14
39153005011,39,153,005011,1468,354,1085,2,7,15,5,969,269,683,2,5,10,0,259.33,148.12,1000,1000,04348,8,11
39153005012,39,153,005012,1064,827,177,10,7,42,1,871,692,127,10,5,36,1,233.1,133.14,1000,1000,04348,8,11
39153005014,39,153,005014,1136,927,126,8,0,73,2,1066,866,122,6,0,71,1,285.29,162.94,1000,1000,04348,8,11
39153005015,39,153,005015,417,272,137,2,2,4,0,416,271,137,2,2,4,0,111.33,63.59,1000,1000,04348,8,11
39153005017,39,153,005017,1755,1260,208,15,3,269,0,1597,1152,194,14,2,235,0,427.39,244.11,1000,1000,04348,8,11
39153005018,39,153,005018,1401,75,1319,3,4,0,0,1012,60,946,2,4,0,0,270.83,154.69,1000,1000,04348,8,11
39153005019,39,153,005019,2468,1094,1106,28,7,217,16,1726,848,724,18,5,124,7,461.92,263.83,1000,1000,04348,8,11
39153005022,39,153,005022,6176,5495,583,35,11,51,1,4778,4290,422,26,10,30,0,1278.7,730.34,1000,1000,04348,8,11
39153005023,39,153,005023,6157,4267,1813,34,28,7,8,4366,3154,1166,23,17,6,0,1168.44,667.36,1000,1000,04348,8,11
39153005024,39,153,005024,2307,1948,270,22,2,62,3,1815,1552,192,13,2,56,0,485.73,277.43,1000,1000,04348,8,11
39153005025,39,153,005025,1863,1598,216,28,6,15,0,1291,1139,117,20,5,10,0,345.5,197.34,1000,1000,04348,8,11
39153005026,39,153,005026,3767,3553,146,41,9,16,2,2646,2515,89,21,8,13,0,708.13,404.45,1000,1000,04348,8,11
39153005027,39,153,005027,7361,6955,351,12,8,32,3,5630,5396,193,10,7,24,0,1506.71,860.57,1000,1000,04348,8,11
39153005028,39,153,005028,4533,4410,85,17,5,11,5,3509,3419,62,15,5,6,2,939.09,536.37,1000,1000,04348,8,11
39153005031,39,153,005031,2624,2196,267,23,25,112,1,1873,1587,163,11,18,94,0,501.26,286.3,1000,1000,04348,8,11
39153005032,39,153,005032,2546,1091,1409,17,5,17,7,1689,734,932,9,4,10,0,452.01,258.17,1000,1000,04348,8,11
39153005033,39,153,005033,6022,4601,1284,59,11,59,8,4358,3629,656,29,11,31,2,1166.3,666.14,1000,1000,04348,8,11
39153005034,39,153,005034,1871,488,1351,14,9,2,7,1359,390,949,9,8,2,1,363.7,207.73,1000,1000,04348,8,11
39153005035,39,153,005035,4349,2137,2116,20,18,55,3,2994,1622,1317,15,11,28,1,801.26,457.65,1000,1000,04348,8,11
39153005036,39,153,005036,4677,4566,46,27,10,26,2,3626,3549,28,19,10,19,1,970.4,554.25,1000,1000,04348,8,11
39153005038,39,153,005038,3879,2743,1080,36,17,1,2,2406,1922,452,19,12,1,0,643.9,367.77,1000,1000,04348,8,11
39153005041,39,153,005041,1677,1444,180,14,4,35,0,1346,1170,127,13,3,33,0,360.22,205.74,1000,1000,04348,8,11
39153005042,39,153,005042,2486,2005,360,12,22,81,6,1802,1474,247,7,16,58,0,482.26,275.44,1000,1000,04348,8,11
39153005043,39,153,005043,401,142,256,2,0,1,0,312,115,194,2,0,1,0,83.5,47.69,1000,1000,04348,8,11
39153005044,39,153,005044,1967,1242,687,22,2,11,3,1414,891,497,12,2,10,2,378.42,216.14,1000,1000,04348,8,11
39153005045,39,153,005045,2073,1832,166,37,5,20,13,1522,1376,103,25,4,10,4,407.32,232.64,1000,1000,04348,8,11
39153005046,39,153,005046,3663,2956,642,20,7,31,7,2780,2283,459,14,4,19,1,743.99,424.94,1000,1000,04348,8,11
39153005047,39,153,005047,4826,4685,90,25,14,9,3,3719,3636,57,14,9,3,0,995.29,568.47,1000,1000,04348,8,11
39153005048,39,153,005048,5159,5089,21,25,5,16,3,4179,4125,19,19,4,10,2,1118.39,638.78,1000,1000,04348,8,11
39153005051,39,153,005051,5049,2586,2400,25,24,12,2,3587,1999,1545,18,18,6,1,959.96,548.29,1000,1000,04348,8,11
39153005052,39,153,005052,2203,886,1281,15,11,8,2,1555,678,854,8,8,6,1,416.15,237.69,1000,1000,04348,8,11
39153005053,39,153,005053,2636,1346,1152,25,21,71,21,1614,912,636,18,14,30,4,431.94,246.71,1000,1000,04348,8,11
39153005054,39,153,005054,4262,4154,48,18,25,15,2,3172,3099,29,16,16,11,1,848.9,484.85,1000,1000,04348,8,11
39153005055,39,153,005055,2979,2893,65,13,4,2,2,2270,2223,36,5,4,2,0,607.5,346.98,1000,1000,04348,8,11
39153005056,39,153,005056,2142,1554,500,9,11,68,0,1419,1085,287,9,6,32,0,379.76,216.9,1000,1000,04348,8,11
39153005057,39,153,005057,3329,3270,22,18,11,8,0,2354,2305,18,14,10,7,0,629.98,359.82,1000,1000,04348,8,11
39153005058,39,153,005058,5626,5345,191,38,15,34,3,4307,4100,147,25,8,27,0,1152.65,658.34,1000,1000,04348,8,11
39153005059,39,153,005059,2760,2718,13,10,9,10,0,2170,2140,8,8,6,8,0,580.74,331.69,1000,1000,04348,8,11
39153005061,39,153,005061,5741,4762,858,51,9,58,3,4733,3996,644,38,8,46,1,1266.66,723.46,1000,1000,04348,8,11
39153005062,39,153,005062,5103,1332,3729,10,3,8,21,3479,1041,2421,4,3,5,5,931.06,531.78,1000,1000,04348,8,11
39153005064,39,153,005064,3513,2453,959,40,13,38,10,2591,1966,559,34,7,24,1,693.41,396.05,1000,1000,04348,8,11
39153005065,39,153,005065,4077,513,3505,15,9,24,11,2590,424,2142,7,5,10,2,693.14,395.89,1000,1000,04348,8,11
39153005066,39,153,005066,3032,1914,1018,33,2,57,8,2311,1567,682,22,2,37,1,618.47,353.25,1000,1000,04348,8,11
39153005067,39,153,005067,2520,101,2388,18,4,2,7,1697,71,1608,12,3,2,1,454.15,259.39,1000,1000,04348,8,11
39153005068,39,153,005068,989,120,846,17,6,0,0,709,81,616,8,4,0,0,189.74,108.37,1000,1000,04348,8,11
39153005069,39,153,005069,1208,662,468,23,8,43,4,967,562,351,17,8,29,0,258.79,147.81,1000,1000,04348,8,11
39153005073,39,153,005073,3818,3534,205,47,3,21,8,3095,2882,163,29,3,17,1,828.29,473.09,1000,1000,04348,8,11
39153005074,39,153,005074,1517,521,962,10,6,15,3,1173,443,708,7,4,11,0,313.92,179.3,1000,1000,04348,8,11
39153005075,39,153,005075,6554,3484,2886,119,24,27,14,4736,2686,1926,78,22,20,4,1267.46,723.92,1000,1000,04348,8,11
39153005076,39,153,005076,4874,4628,164,26,18,38,0,3616,3452,111,15,13,25,0,967.72,552.72,1000,1000,04348,8,11
39153005080,39,153,005080,3096,2910,83,28,1,74,0,2887,2725,74,25,1,62,0,772.63,441.29,19778,19778,04997,8,11
39153005101,39,153,005101,4040,3829,176,14,14,5,2,2853,2710,118,10,11,4,0,765.56,471.8,3828,3828,04353,8,11
39153005102,39,153,005102,4770,4718,21,13,10,7,1,3544,3508,11,9,9,7,0,950.98,586.08,3828,3828,04353,8,11
39153005104,39,153,005104,4073,4032,2,19,16,4,0,3140,3119,1,10,7,3,0,842.57,519.27,3828,3828,04353,8,11
39153005105,39,153,005105,4724,4696,3,6,13,5,1,3545,3528,1,4,8,4,0,951.24,586.24,3828,3828,04353,8,11
39153005202,39,153,005202,8436,8332,27,27,13,37,0,6465,6392,20,13,11,29,0,1811.9,1740.77,19778,19778,04383,8,11
39153005203,39,153,005203,6866,6771,27,17,5,46,0,5513,5449,21,14,5,24,0,1545.09,1484.43,19778,19778,04383,8,11
39153005204,39,153,005204,5384,5326,9,34,6,9,0,4182,4141,8,23,4,6,0,1172.06,1126.05,19778,19778,04383,8,11
39153005205,39,153,005205,5053,5002,11,20,3,16,1,3757,3726,4,14,2,11,0,1052.95,1011.61,19778,19778,04383,8,11
39153005206,39,153,005206,4179,4130,4,27,3,15,0,3253,3213,4,20,3,13,0,911.69,875.9,19778,19778,04383,8,11
39153005301,39,153,005301,0,0,0,0,0,0,0,0,0,0,0,0,0,0,0,0,78050,78050,05007,8,15
39153005302,39,153,005302,4,4,0,0,0,0,0,4,4,0,0,0,0,0,0.72,1.6,NA,36666,05002,8,11
39153005304,39,153,005304,7397,7177,67,51,7,91,4,5483,5336,43,41,7,56,0,1291.17,1563.71,74944,74944,04483,8,11
39153005305,39,153,005305,6996,6837,68,30,2,57,2,5377,5270,46,17,2,42,0,1266.21,1533.48,74944,74944,04483,8,11
39153005307,39,153,005307,3052,3003,2,15,1,31,0,2481,2447,1,14,1,18,0,533,1106,72494,72494,04383,8,11
39153005310,39,153,005310,9491,9366,28,50,34,13,0,7245,7168,15,29,24,9,0,1449.19,1198.7,51058,74129,05006,8,11
39153005311,39,153,005311,10147,9956,103,32,24,32,0,7708,7574,76,17,17,24,0,1541.81,1275.3,41454,74129,05006,8,11
39153005315,39,153,005315,6841,6768,10,18,6,39,0,5356,5306,9,11,6,24,0,1356.83,1428.54,64136,31864,05001,8,11
39153005317,39,153,005317,7904,7749,27,58,16,49,5,5878,5776,21,38,13,30,0,1532.56,1531.6,16182,28448,04990,8,11
39153005323,39,153,005323,10008,9614,100,86,3,203,2,7326,7071,63,59,3,130,0,1439,3037,51816,4248,05005,8,11
39153005325,39,153,005325,5010,4945,7,20,12,26,0,3892,3847,7,13,7,18,0,986,1205,66530,66544,05005,8,11
39153005326,39,153,005326,2612,2579,6,13,5,9,0,1972,1950,5,6,5,6,0,371,333,61574,7776,04997,8,11
39153005329,39,153,005329,5814,5384,331,18,11,64,6,4450,4230,158,13,10,39,0,1247.17,1198.21,19778,19778,04997,8,11
39153005330,39,153,005330,1742,1719,5,8,3,7,0,1389,1373,3,5,3,5,0,635.51,510.73,3828,19036,04999,8,11
39153005331,39,153,005331,7085,6897,52,63,0,66,7,4673,4565,38,32,0,37,1,836.53,1863.82,36652,36666,05002,8,11
39153005332,39,153,005332,5150,4986,27,25,4,108,0,3457,3354,21,17,3,62,0,618.85,1378.82,36652,36666,05002,8,11
39153005333,39,153,005333,4889,4654,120,30,3,79,3,3502,3396,34,18,3,51,0,626.9,1396.77,36652,36666,05002,8,11
39153005334,39,153,005334,5629,4785,754,40,4,39,7,4341,3741,535,33,4,28,0,1027.58,1161.5,1000,18658,04998,7,11
39153005335,39,153,005335,5533,5269,136,28,2,98,0,4184,4000,99,16,2,67,0,990.42,1119.5,62578,18658,04998,7,11
39153501301,39,153,501301,1082,729,335,10,1,7,0,1039,713,309,10,1,6,0,278.06,158.82,1000,1000,04348,8,11
39153501302,39,153,501302,4166,3585,405,42,7,126,1,4134,3560,404,42,5,122,1,1106.35,631.9,1000,1000,04348,8,11
39153502101,39,153,502101,3359,2870,370,33,18,58,10,2480,2166,236,22,14,36,6,663.7,379.08,1000,1000,04348,8,11
39153502102,39,153,502102,5060,4291,614,30,10,103,12,4061,3485,469,28,6,70,3,1086.81,620.74,1000,1000,04348,8,11
39153503701,39,153,503701,5491,5399,26,34,13,19,0,4415,4349,21,23,11,11,0,1181.55,674.85,1000,1000,04348,8,11
39153503702,39,153,503702,6091,6027,14,23,12,13,2,4756,4705,9,20,10,12,0,1272.81,726.98,1000,1000,04348,8,11
39153506302,39,153,506302,880,278,590,8,3,0,1,614,232,374,5,3,0,0,164.32,93.85,1000,1000,04348,8,11
39153506303,39,153,506303,7730,415,7236,44,14,7,14,5553,354,5144,31,11,4,9,1486.11,848.8,1000,1000,04348,8,11
39153506304,39,153,506304,2505,319,2158,16,4,0,8,1884,303,1564,14,3,0,0,504.2,287.98,1000,1000,04348,8,11
39153507101,39,153,507101,5380,4754,502,32,5,83,4,4276,3853,334,24,4,59,2,1144.35,653.61,1000,1000,04348,8,11
39153507102,39,153,507102,3217,2968,166,23,0,60,0,2627,2447,132,11,0,37,0,703.04,401.55,1000,1000,04348,8,11
39153507201,39,153,507201,2772,2474,216,19,2,57,4,2188,1980,155,12,2,38,1,585.56,334.45,1000,1000,04348,8,11
39153507202,39,153,507202,3833,3670,84,26,3,48,2,3153,3030,66,19,3,35,0,843.81,481.95,1000,1000,04348,8,11
39153507203,39,153,507203,4610,4181,324,23,1,79,2,3547,3254,220,21,1,50,1,949.26,542.18,1000,1000,04348,8,11
39153510301,39,153,510301,5449,4191,1188,35,14,16,5,3909,3178,694,17,9,9,2,1048.92,646.44,3828,3828,04353,8,11
39153510302,39,153,510302,5322,5199,54,15,9,42,3,4240,4159,36,10,8,27,0,1137.74,701.17,3828,3828,04353,8,11
39153520101,39,153,520101,6970,6772,76,28,15,77,2,5417,5252,73,18,12,60,2,1518.18,1458.58,19778,19778,04383,8,11
39153520102,39,153,520102,5761,5650,27,37,8,37,2,4410,4328,22,27,6,25,2,1235.96,1187.44,19778,19778,04383,8,11
39153530101,39,153,530101,7840,7355,376,41,8,49,11,5743,5418,253,26,6,37,3,874.91,864.92,78050,78050,05007,8,15
39153530102,39,153,530102,5542,4467,1007,15,10,37,6,4031,3374,613,10,9,24,1,614.09,607.08,78050,78064,05007,8,15
39153530601,39,153,530601,7129,6848,64,37,5,173,2,5078,4898,41,20,1,118,0,1195.8,1448.2,74944,74944,04483,8,11
39153530602,39,153,530602,6180,5923,98,24,8,127,0,4301,4129,69,13,6,84,0,1012.83,1226.61,74944,74944,04483,8,11
39153530801,39,153,530801,5364,5227,29,23,1,80,4,3939,3847,22,16,1,53,0,981,1129,53312,53312,04483,8,11
39153530802,39,153,530802,1121,1098,11,5,1,6,0,906,886,9,4,1,6,0,251.24,265.65,76106,76106,04488,8,11
39153530901,39,153,530901,3738,3530,147,15,10,34,2,2908,2774,92,12,7,23,0,806.39,852.66,76106,76106,04488,8,11
39153530902,39,153,530902,5720,5609,17,38,10,46,0,4553,4474,13,25,9,32,0,1262.56,1335,76106,76106,04488,8,11
39153530903,39,153,530903,4320,4251,21,19,3,26,0,3198,3149,20,9,3,17,0,886.81,937.69,76106,76106,04488,8,11
39153531401,39,153,531401,6140,6045,30,34,11,20,0,4402,4344,16,20,7,15,0,1115.16,1174.09,31664,31864,05001,8,11
39153531402,39,153,531402,6198,6110,29,25,6,27,1,4733,4668,18,22,6,18,1,1199.01,1262.37,32242,31864,05001,8,11
39153531601,39,153,531601,4879,4820,15,22,1,21,0,3857,3813,13,14,1,16,0,1005.63,1005,64136,28448,04999,8,11
39153531602,39,153,531602,3338,3308,0,11,1,18,0,2546,2529,0,6,1,10,0,663.81,663.4,NA,28448,05000,8,11
39153531801,39,153,531801,5131,5078,9,17,16,11,0,4121,4076,7,15,12,11,0,1885.49,1515.27,64136,19036,04999,8,11
39153531802,39,153,531802,3811,3733,22,20,25,10,1,3013,2959,19,16,14,4,1,806.35,460.55,64136,19036,04999,8,11
39153532001,39,153,532001,3627,3590,11,21,4,1,0,2737,2716,5,12,4,0,0,744.84,716.85,57260,57260,04455,8,11
39153532002,39,153,532002,7817,7622,108,31,11,43,2,5869,5732,82,18,8,29,0,1597.16,1537.15,57260,57260,04455,8,11
39153532202,39,153,532202,5566,5230,191,30,13,102,0,4574,4337,141,20,7,69,0,1301,1769,26166,26166,04998,8,11
39153532701,39,153,532701,7792,7170,510,24,14,71,3,5664,5232,359,15,10,48,0,1289,1332,45976,45976,05004,8,15
39153532702,39,153,532702,3606,3460,79,40,5,22,0,2739,2637,55,25,4,18,0,620,450,56448,56448,05004,8,15
39153532703,39,153,532703,3982,3900,16,32,1,33,0,3161,3109,13,17,1,21,0,835,837,45976,56490,05004,8,15
39153532705,39,153,532705,3538,3289,215,16,5,11,2,2851,2622,205,10,4,10,0,630.71,833.14,56448,69428,05004,8,15
39153532706,39,153,532706,2983,2920,13,19,3,28,0,2501,2458,10,11,1,21,0,553.29,730.86,NA,69428,05004,8,15
39153533698,39,153,533698,0,0,0,0,0,0,0,0,0,0,0,0,0,0,0,0,NA,69428,04364,13,15
39155009201,39,155,009201,844,705,123,10,3,2,1,699,585,100,8,3,2,1,245.11,124,80892,80892,04499,11,18
39155009202,39,155,009202,3330,3059,226,18,10,9,8,2371,2216,128,12,8,7,0,831.42,420.6,80892,80892,04499,11,18
39155009203,39,155,009203,3429,3367,43,9,6,3,1,2696,2654,26,9,3,3,1,945.39,478.25,80892,80892,04499,11,18
39155009204,39,155,009204,3248,3097,120,25,2,4,0,2400,2308,70,18,2,2,0,841.59,425.74,80892,80892,04499,11,18
39155009205,39,155,009205,1419,419,984,10,2,0,4,927,314,603,9,1,0,0,322.79,275.48,80892,80892,04499,11,18
39155009206,39,155,009206,5425,1634,3738,24,11,6,12,3642,1191,2424,12,10,5,0,487.15,215.41,80892,80892,04499,11,18
39155009207,39,155,009207,5648,3489,2064,55,17,10,13,3833,2481,1300,29,16,6,1,512.7,226.71,80892,80892,04499,11,18
39155009208,39,155,009208,3316,3024,239,32,10,6,5,2396,2218,143,20,8,5,2,840.19,425.03,80892,80892,04499,11,18
39155009209,39,155,009209,4133,3176,923,18,7,8,1,3113,2521,571,10,6,5,0,1091.61,552.22,80892,80892,04499,11,18
39155009210,39,155,009210,6180,5458,665,24,5,25,3,4888,4420,434,12,4,18,0,1714.04,867.09,80892,80892,04499,11,18
39155009211,39,155,009211,4723,4001,658,41,9,9,5,3647,3164,442,28,6,7,0,1278.87,646.95,80892,80892,04499,11,18
39155009212,39,155,009212,2494,1883,559,29,6,10,7,1690,1369,292,19,2,8,0,226.05,99.96,80892,80906,05024,11,18
39155009213,39,155,009213,2840,2684,106,30,9,11,0,2364,2233,91,24,8,8,0,823.18,702.51,80892,36554,05016,11,18
39155009214,39,155,009214,3561,3510,14,3,1,33,0,2921,2883,9,3,1,25,0,1024.28,518.16,80892,80892,04499,11,18
39155009215,39,155,009215,6199,6004,108,51,1,35,0,4971,4831,78,37,1,24,0,1743.14,881.82,80892,80892,04499,11,18
39155009216,39,155,009216,5584,4231,1270,49,8,21,5,4099,3182,879,23,5,10,0,1437.36,727.13,80892,80892,04499,11,18
39155009302,39,155,009302,2919,2889,17,8,5,0,0,2112,2092,10,5,5,0,0,413,316,NA,32732,05017,5,18
39155009303,39,155,009303,3532,3482,14,14,8,14,0,2553,2524,7,10,4,8,0,485,402,NA,32046,05021,5,18
39155009304,39,155,009304,4143,4028,93,6,5,4,7,2891,2817,61,4,4,1,4,613,511,NA,8938,05011,5,15
39155009306,39,155,009306,3610,3548,35,15,5,5,2,2659,2615,29,5,5,4,1,750,585,NA,73397,05023,5,15
39155009307,39,155,009307,4266,4177,52,22,2,13,0,3206,3150,31,15,2,8,0,1064.08,774.81,13484,13470,05013,5,15
39155009308,39,155,009308,4413,4362,24,17,8,2,0,3311,3272,17,12,8,2,0,1098.92,800.19,13484,13470,05013,11,18
39155009309,39,155,009309,5989,5883,27,33,5,41,0,4399,4320,21,20,5,33,0,815,829,18812,18812,05018,11,18
39155009310,39,155,009310,5258,5152,37,39,11,19,0,3951,3876,26,26,9,14,0,1928,1740,18812,4444,05018,11,18
39155009311,39,155,009311,2717,2698,4,5,2,8,0,1978,1963,3,3,2,7,0,551,504,NA,28098,05015,11,18
39155009312,39,155,009312,4174,4132,21,15,5,1,0,3191,3158,17,10,5,1,0,962,777,80066,80052,05015,11,18
39155009313,39,155,009313,4825,4779,8,22,7,5,4,3708,3678,7,14,4,4,1,1219.91,605.12,9200,9190,05012,11,18
39155009314,39,155,009314,5737,5282,429,17,3,4,2,4356,4020,319,11,2,4,0,1433.09,710.88,83541,9190,05012,11,18
39155009315,39,155,009315,4089,4036,13,31,1,8,0,3019,2983,9,22,1,4,0,1113.85,638.42,NA,36596,04542,11,18
39155009316,39,155,009316,8249,8110,51,58,14,14,2,6381,6272,38,46,12,11,2,2354.24,1349.38,36582,36596,04542,11,18
39155009317,39,155,009317,2525,2229,271,20,5,0,0,1935,1699,218,13,5,0,0,713.91,409.19,NA,36596,04542,11,18
39155009319,39,155,009319,6210,5499,529,99,2,75,6,5156,4609,407,76,2,58,4,1743.43,1013.37,14324,43344,05019,11,18
39155009320,39,155,009320,6687,6182,267,71,7,158,2,4968,4634,191,42,6,94,1,1679.86,976.42,14324,43344,05019,11,18
39155009321,39,155,009321,2209,2037,132,25,6,7,2,1640,1520,94,16,5,4,1,554.54,322.33,30198,43344,04406,11,18
39155009322,39,155,009322,3180,3124,34,15,2,5,0,2477,2433,25,12,2,5,0,837.56,486.84,30198,43344,04406,11,18
39155009323,39,155,009323,6070,6002,25,25,5,13,0,4863,4810,19,22,2,10,0,1644.35,955.79,30198,43344,04406,11,18
39155009324,39,155,009324,904,818,45,30,6,4,1,678,620,39,14,3,2,0,229.26,133.26,30198,43344,04406,11,18
39155009325,39,155,009325,3526,3462,30,20,10,4,0,2530,2488,20,12,7,3,0,940,445,45934,45934,05022,11,18
39155009326,39,155,009326,4266,4116,104,30,13,2,1,3330,3217,83,20,8,2,0,1096.39,553.86,55916,82446,04449,11,18
39155009327,39,155,009327,9138,8929,111,57,4,34,3,7181,7034,75,39,4,28,1,2364.31,1194.37,55916,82446,04449,11,18
39155009328,39,155,009328,7828,7562,186,50,14,15,1,5812,5613,157,23,9,9,1,1913.57,966.67,55916,82446,04449,11,18
39155009329,39,155,009329,2052,1975,15,25,1,36,0,1571,1524,10,15,0,22,0,547.04,466.86,55916,36554,05016,11,18
39155009330,39,155,009330,9194,8732,131,81,8,239,3,6697,6408,82,46,7,154,0,2331.99,1990.15,36557,36554,05016,11,18
39155009331,39,155,009331,3076,3030,25,18,3,0,0,2281,2246,18,14,3,0,0,305.1,134.91,80892,80906,05024,11,18
39155009333,39,155,009333,8098,7913,119,41,13,9,3,6019,5888,83,32,9,7,0,1981.73,1001.1,50778,82446,05025,11,18
39155009334,39,155,009334,3404,3259,106,22,8,7,2,2529,2425,78,13,7,6,0,813,528,44912,44912,05020,11,18
39155009335,39,155,009335,4384,4322,33,23,4,2,0,3139,3094,23,16,4,2,0,912.27,558.24,73118,55636,04556,11,15
39155009336,39,155,009336,5167,5109,14,25,15,3,1,3901,3866,9,13,11,2,0,1133.73,693.76,55650,55636,04556,11,15
39155009337,39,155,009337,2962,2776,153,27,1,0,5,2196,2060,115,17,0,0,4,588,387,77825,8056,05024,5,15
39155930101,39,155,930101,3354,3318,12,7,2,13,2,2428,2404,10,4,2,8,0,380.98,448.09,NA,40502,05017,5,18
39155930102,39,155,930102,2792,2768,8,4,8,2,2,2072,2055,7,2,6,2,0,528,426,58674,34230,05017,11,18
39155930598,39,155,930598,4430,4295,121,9,3,2,0,2603,2504,90,5,3,1,0,298,275,83384,26684,05011,5,15
39155933898,39,155,933898,53,53,0,0,0,0,0,32,32,0,0,0,0,0,5.02,5.91,NA,40502,05017,5,18
39155933998,39,155,933998,6,6,0,0,0,0,0,4,4,0,0,0,0,0,196,167,NA,32732,05017,5,18
39155934098,39,155,934098,4,4,0,0,0,0,0,2,2,0,0,0,0,0,177,159,NA,32046,05021,5,18
39155934198,39,155,934198,0,0,0,0,0,0,0,0,0,0,0,0,0,0,0,0,NA,73397,05023,5,15
39155934298,39,155,934298,0,0,0,0,0,0,0,0,0,0,0,0,0,0,0,0,NA,8056,05024,5,15
39157000201,39,157,000201,3426,3415,0,7,4,0,0,2519,2511,0,5,3,0,0,102,179,74958,28462,05029,12,19
39157000202,39,157,000202,2878,2868,0,4,4,2,0,2121,2112,0,3,4,2,0,328.89,476.53,7594,42182,05030,12,19
39157000203,39,157,000203,2685,2639,15,16,10,5,0,1916,1886,11,9,5,5,0,297.11,430.47,88168,42182,05030,12,19
39157000204,39,157,000204,5453,5421,4,22,3,3,0,4057,4036,4,13,2,2,0,196,204,50764,70443,05030,12,19
39157000205,39,157,000205,4152,4120,4,15,7,6,0,2900,2883,2,4,6,5,0,279,607,55216,22470,05027,12,19
39157000206,39,157,000206,4571,4533,7,8,4,19,0,3499,3471,4,6,4,14,0,1284.59,1388.46,22456,22456,04389,12,19
39157000207,39,157,000207,5878,5750,74,15,9,27,3,4374,4290,55,10,7,12,0,562,830,22456,22456,04389,12,19
39157000208,39,157,000208,6148,6076,25,24,7,16,0,4743,4690,18,16,7,12,0,1642.19,1645.1,55216,55216,04448,12,19
39157000209,39,157,000209,3913,3851,13,14,13,20,2,2935,2898,9,9,8,10,1,517,470.17,55216,55216,04448,12,19
39157000210,39,157,000210,4450,4387,24,21,13,3,2,3396,3356,17,10,8,3,2,1175.81,1177.9,55216,55216,04448,12,19
39157000211,39,157,000211,2628,2492,124,3,3,5,1,2093,1994,93,2,3,1,0,768.41,830.54,22456,22456,04389,12,19
39157000212,39,157,000212,2473,2446,15,4,8,0,0,1828,1808,13,2,5,0,0,322,292.83,49966,31066,05028,12,19
39157000213,39,157,000213,4066,4038,2,10,6,10,0,2840,2825,1,6,4,4,0,49.45,80.68,75210,75217,05027,12,19
39157000214,39,157,000214,2136,2128,4,0,3,1,0,1525,1521,0,0,3,1,0,26.55,43.32,74804,38836,04448,12,19
39157000215,39,157,000215,6896,6833,10,15,2,36,0,5094,5049,5,11,2,27,0,214,209,55216,81060,04448,12,19
39157000216,39,157,000216,4543,4441,61,18,6,17,0,3194,3124,48,10,4,8,0,164,147,21714,50232,04377,12,19
39157000217,39,157,000217,5669,5505,136,9,9,10,0,4095,3987,92,7,5,4,0,133.83,156.49,54432,59304,04554,12,19
39157000218,39,157,000218,2320,2308,1,2,7,2,0,1688,1678,1,2,5,2,0,55.17,64.51,64346,69974,05028,12,19
39157000219,39,157,000219,2482,2463,1,16,2,0,0,1795,1786,1,6,2,0,0,68,62,30702,15574,05028,12,19
39157000220,39,157,000220,7323,7197,103,5,16,2,0,5326,5240,67,4,13,2,0,1628,1085,78176,50232,04377,12,19
39159000501,39,159,000501,3199,3162,12,9,9,7,0,2285,2260,7,7,7,4,0,85,190,66936,15112,05033,17,10
39159000502,39,159,000502,3982,3933,24,14,9,2,0,2876,2839,19,10,6,2,0,66.74,139.37,66936,15112,05033,17,10
39159000503,39,159,000503,4950,4901,16,16,2,15,0,3459,3425,12,10,2,10,0,80.26,167.63,48160,59864,04547,17,10
39159000504,39,159,000504,5544,4477,953,63,8,38,5,4527,3488,946,53,8,28,4,686.81,1355.29,48160,59864,04547,17,10
39159000505,39,159,000505,4563,4469,19,36,8,30,1,3376,3308,16,22,7,22,1,512.19,1010.71,48160,59864,04547,17,10
39159000506,39,159,000506,4731,4598,97,5,5,20,6,3346,3247,78,5,4,10,2,108,230,63030,39046,04547,17,10
39159000507,39,159,000507,5000,4931,28,16,11,14,0,3567,3532,12,10,6,7,0,185,469,50218,78582,05032,17,10
39161000201,39,161,000201,4156,4103,17,25,4,7,0,2911,2888,1,15,3,4,0,62.64,147.75,49728,81676,10022,18,5
39161000202,39,161,000202,4584,4516,6,50,3,9,0,3266,3225,4,31,3,3,0,143,281,18546,77756,05035,18,5
39161000203,39,161,000203,2826,2769,3,43,1,8,2,2038,2012,2,19,1,4,0,150,299,85736,85750,05035,18,5
39161000204,39,161,000204,3750,3690,1,49,2,4,4,2653,2616,0,32,2,2,1,76,304,58002,43372,10023,18,5
39161000205,39,161,000205,3461,3419,1,39,1,1,0,2515,2490,1,22,1,1,0,685,1249,21602,81676,04388,18,5
39161000206,39,161,000206,1675,1529,68,63,5,1,9,1203,1112,45,39,4,0,3,25.89,61.06,79562,63408,10023,18,5
39161000207,39,161,000207,1932,1839,23,61,3,6,0,1417,1351,17,42,3,4,0,457.44,937.22,79562,63408,10023,18,5
39161000208,39,161,000208,4560,4419,32,83,5,21,0,3403,3309,19,54,4,17,0,1098.56,2250.78,79562,63408,10023,18,5
39161000209,39,161,000209,3520,3390,36,69,4,20,1,2624,2553,20,37,3,11,0,56.47,133.19,79562,63408,10023,18,5
39163009530,39,163,009530,4164,4139,0,17,8,0,0,2960,2940,0,13,7,0,0,105,135,88028,75854,05039,16,2
39163009531,39,163,009531,4648,4624,3,14,4,3,0,3358,3343,2,10,2,1,0,440,677,45696,24892,05039,16,2
39163009532,39,163,009532,2286,2279,1,2,4,0,0,1703,1698,1,1,3,0,0,177,80,85190,80192,05039,16,2
39165000302,39,165,000302,1684,1651,17,7,7,2,0,1255,1226,16,6,6,1,0,175.17,285.32,28476,28490,04400,16,7
39165000303,39,165,000303,6255,6175,44,10,9,17,0,4535,4477,33,8,5,12,0,633,1031.02,28476,28490,04400,16,7
39165000304,39,165,000304,1500,1494,4,0,2,0,0,1055,1052,2,0,1,0,0,147.26,239.85,28476,28490,04400,16,7
39165000306,39,165,000306,2433,2401,18,7,0,7,0,1872,1847,12,7,0,6,0,261.29,425.59,28476,28490,04400,16,7
39165000307,39,165,000307,5146,5005,55,23,9,54,0,3880,3774,45,16,8,37,0,541.57,882.11,49840,28490,04400,16,7
39165000308,39,165,000308,3368,3353,3,6,4,2,0,2499,2487,3,3,4,2,0,370.26,784.33,74076,15700,05042,16,7
39165000309,39,165,000309,2406,2380,7,8,0,9,2,1796,1777,4,8,0,7,0,266.1,563.69,27303,15700,05042,16,7
39165000310,39,165,000310,5744,5692,11,24,5,12,0,4208,4174,6,17,4,7,0,657,1236,82418,82306,05046,16,7
39165000311,39,165,000311,2239,2199,15,8,0,5,12,1646,1625,12,2,0,4,3,133,337,34384,48216,04639,16,2
39165000312,39,165,000312,2852,2812,19,10,5,6,0,2180,2152,16,5,2,5,0,160.37,482.14,42364,77868,04421,16,7
39165000313,39,165,000313,2550,2457,55,12,2,23,1,1834,1772,40,8,2,12,0,227.82,506.93,42364,42364,04421,16,2
39165000314,39,165,000314,3926,3692,192,10,6,25,1,2889,2733,131,5,6,14,0,358.87,798.53,42364,42364,04421,16,2
39165000315,39,165,000315,4067,3900,78,27,35,27,0,2965,2861,56,14,20,14,0,368.31,819.54,42364,42364,04421,16,2
39165000316,39,165,000316,4488,4403,46,21,6,12,0,3404,3346,30,14,5,9,0,250.41,752.84,51310,77868,04421,16,7
39165000317,39,165,000317,2916,1367,1455,53,34,6,1,2912,1364,1454,53,34,6,1,214.22,644.03,NA,77868,04421,16,7
39165000321,39,165,000321,4629,4583,1,21,16,8,0,3282,3255,1,12,8,6,0,400,766,73446,78610,05043,16,2
39165000322,39,165,000322,5932,5846,33,26,19,8,0,4485,4422,28,18,13,4,0,563,1366,73446,33068,05044,16,2
39165000323,39,165,000323,4038,3983,15,27,10,3,0,2936,2898,11,20,5,2,0,401,845,52374,69988,05044,16,2
39165000324,39,165,000324,3268,3240,8,16,1,3,0,2264,2250,2,9,1,2,0,286,737,10674,33474,05044,16,2
39165030101,39,165,030101,3222,3160,45,5,7,5,0,2241,2203,30,2,3,3,0,312.8,509.49,12168,28490,05041,16,7
39165030102,39,165,030102,4428,4400,6,15,0,2,5,3125,3111,6,6,0,1,1,436.19,710.46,12168,28490,05041,16,7
39165030501,39,165,030501,2871,2834,15,9,2,11,0,2090,2057,14,8,1,10,0,291.72,475.16,28476,28490,04400,16,7
39165030502,39,165,030502,7541,7358,32,61,14,75,1,5289,5174,16,36,8,55,0,783.64,1659.99,74076,15700,05042,16,7
39165031902,39,165,031902,4292,4199,16,19,10,48,0,3202,3133,13,13,7,36,0,344.27,891.04,48188,21238,05045,16,2
39165031903,39,165,031903,1965,1946,0,16,1,2,0,1442,1433,0,7,1,1,0,155.04,401.27,48188,21238,05045,16,7
39165031904,39,165,031904,5396,5311,29,19,6,31,0,3743,3692,16,11,3,21,0,402.44,1041.59,48188,21238,05045,16,7
39165032001,39,165,032001,3704,3559,57,17,0,69,2,2455,2366,32,7,0,50,0,263.95,683.17,48188,21238,05045,16,7
39165032002,39,165,032002,6340,6169,61,22,8,79,1,4450,4330,44,12,6,58,0,478.45,1238.33,41755,21238,05043,16,7
39165032003,39,165,032003,4709,4555,48,25,5,75,1,3319,3215,35,19,3,47,0,356.85,923.6,41755,21238,05043,16,2
39167000202,39,167,000202,6905,6763,91,13,22,13,3,4977,4892,58,7,13,7,0,393,728,5424,5438,10018,4,2
39167000203,39,167,000203,3497,3465,2,18,6,3,3,2455,2432,2,12,6,3,0,500,618,47628,80934,10018,4,2
39167000204,39,167,000204,2385,2357,16,7,3,1,1,1788,1772,7,5,2,1,1,305.84,384.51,47628,47628,10019,4,2
39167000205,39,167,000205,1242,1213,17,4,2,6,0,950,926,12,4,2,6,0,162.5,204.3,47628,47628,10019,4,2
39167000206,39,167,000206,180,176,2,1,0,1,0,165,162,1,1,0,1,0,28.22,35.48,47628,47628,10019,4,2
39167000207,39,167,000207,1209,1180,7,7,3,12,0,1151,1122,7,7,3,12,0,196.88,247.52,47628,47628,10019,4,2
39167000208,39,167,000208,4497,4369,77,27,7,17,0,3448,3350,65,18,6,9,0,589.78,741.5,47628,47628,10019,4,2
39167000209,39,167,000209,2511,2436,50,8,2,13,2,1972,1924,33,4,2,8,1,337.31,424.08,47628,47628,10019,4,2
39167000210,39,167,000210,3879,3820,21,19,6,12,1,2844,2809,12,11,3,9,0,486.47,611.61,47628,47628,10019,4,2
39167000211,39,167,000211,4073,4018,10,17,9,18,1,3039,3002,7,9,9,12,0,576,888,47628,47642,10019,4,2
39167000212,39,167,000212,6210,6178,4,17,6,5,0,4525,4507,1,8,5,4,0,52,55,48286,31276,05049,12,2
39167000213,39,167,000213,5435,5398,7,13,10,7,0,3931,3903,7,8,7,6,0,254,382,6222,338,05048,12,2
39167000214,39,167,000214,4145,4080,17,8,2,38,0,3113,3067,12,6,2,26,0,132,185,21868,53452,10019,4,2
39167000215,39,167,000215,1322,1292,14,5,2,6,3,994,970,12,4,2,4,2,685,1217,47628,53452,10019,4,2
39167000216,39,167,000216,3671,3636,10,19,4,2,0,2548,2520,10,13,4,1,0,273,268,NA,81774,05051,4,2
39167000217,39,167,000217,4770,4465,247,20,18,10,10,3415,3188,186,12,15,7,7,99,136,NA,3898,10018,4,2
39167020101,39,167,020101,3870,3719,122,11,2,13,3,3108,3007,82,4,2,11,2,499.56,786.53,5424,5424,04361,4,2
39167020102,39,167,020102,2453,2366,59,11,7,8,2,1863,1801,40,6,7,7,2,299.44,471.47,5424,5424,04361,4,2
39169000001,39,169,000001,3887,3660,192,18,0,13,4,2925,2773,130,10,0,11,1,1129.82,1459.45,86548,86548,10032,10,14
39169000002,39,169,000002,2937,2876,22,10,3,25,1,2235,2192,12,9,3,18,1,863.3,1115.17,86548,86548,10032,10,14
39169000003,39,169,000003,2595,2482,76,19,1,17,0,2098,2031,43,13,1,10,0,810.38,1046.81,86548,86548,10032,10,14
39169000004,39,169,000004,1408,1229,71,20,3,82,3,1376,1200,69,19,3,82,3,531.5,686.57,86548,86548,10032,10,14
39169000005,39,169,000005,3575,3346,173,20,4,29,3,2700,2543,115,13,4,25,0,250.13,402.84,86548,86562,05059,10,14
39169000006,39,169,000006,5923,5662,191,23,7,38,2,4284,4121,120,11,7,25,0,396.87,639.16,86548,86548,10032,10,14
39169000007,39,169,000007,4920,4753,84,11,3,68,1,3709,3601,50,9,3,46,0,316.96,522.67,86548,82320,10032,10,14
39169000008,39,169,000008,4880,4732,69,43,6,29,1,3593,3513,39,21,6,14,0,307.04,506.33,86548,86548,10032,10,14
39169000009,39,169,000009,3947,3895,13,16,2,17,4,2717,2699,1,6,2,9,0,483.38,822.6,72788,31878,05055,10,14
39169000010,39,169,000010,2176,2118,29,12,1,16,0,1617,1579,21,7,0,10,0,287.68,489.56,58828,31878,04461,10,14
39169000011,39,169,000011,1477,1299,124,6,1,47,0,1069,940,89,6,1,33,0,128.3,278.6,58828,4276,04461,10,14
39169000012,39,169,000012,1855,1718,107,13,0,14,3,1299,1206,73,9,0,11,0,231.11,393.29,58828,31878,04461,10,14
39169000013,39,169,000013,3802,3503,249,7,13,30,0,2697,2524,144,3,10,16,0,479.83,816.55,58828,31878,04461,10,14
39169000014,39,169,000014,2850,2813,14,5,1,16,1,1975,1953,9,4,1,8,0,269.72,433.81,2232,24136,05058,10,14
39169000015,39,169,000015,392,347,41,4,0,0,0,357,314,41,2,0,0,0,48.75,78.42,2232,24136,05058,10,14
39169000016,39,169,000016,2591,2575,5,3,7,1,0,1688,1678,3,3,3,1,0,230.53,370.77,2232,24136,05058,10,14
39169000017,39,169,000017,5643,5633,1,6,0,3,0,3097,3091,1,3,0,2,0,78,213,28616,70198,05058,10,14
39169000018,39,169,000018,2747,2734,3,4,6,0,0,1908,1901,1,2,4,0,0,354,542,NA,28504,05059,10,14
39169000019,39,169,000019,3028,3014,6,2,2,4,0,2126,2115,4,2,2,3,0,382,644,72396,16224,05059,10,14
39169000020,39,169,000020,2499,2482,6,7,4,0,0,1807,1793,5,5,4,0,0,310,616,NA,62995,05059,10,14
39169000021,39,169,000021,2488,2465,0,11,10,2,0,1747,1738,0,4,4,1,0,341,638,NA,14044,10033,10,14
39169000022,39,169,000022,3458,3447,3,5,2,1,0,2412,2404,2,3,2,1,0,457,680,84196,18322,10033,10,14
39169000023,39,169,000023,2510,2485,7,8,4,6,0,1755,1741,3,5,2,4,0,238.86,336.69,10254,11276,05056,10,14
39169000024,39,169,000024,3222,3190,11,14,2,5,0,2389,2372,5,5,2,5,0,325.14,458.31,19344,11276,05056,10,14
39169000025,39,169,000025,2518,2492,1,14,3,8,0,1743,1732,1,3,3,4,0,309.37,386.17,NA,50666,05056,10,14
39169000029,39,169,000029,8090,7995,25,32,15,18,5,6002,5936,18,24,11,10,3,1264.01,1287.72,22568,14240,05053,10,14
39169000030,39,169,000030,1926,1910,0,9,5,2,0,1339,1330,0,4,5,0,0,281.99,287.28,48048,14240,05053,10,14
39169000031,39,169,000031,1780,1769,1,4,3,3,0,1214,1208,1,2,3,0,0,145.7,316.4,NA,4276,04461,10,14
39169000032,39,169,000032,3331,3287,11,28,0,5,0,2389,2367,4,15,0,3,0,308.89,705.27,19974,75231,05054,10,14
39169000033,39,169,000033,2459,2417,9,13,1,17,2,1625,1600,4,9,1,11,0,210.11,479.73,NA,75231,05054,10,14
39169000034,39,169,000034,3561,3524,1,24,8,4,0,2506,2485,1,15,2,3,0,444.79,555.22,67356,50666,10028,10,14
39169000035,39,169,000035,2986,2952,2,18,8,6,0,2264,2246,1,8,4,5,0,401.84,501.6,67356,50666,10028,10,14
39171009501,39,171,009501,4519,4427,2,83,6,1,0,3159,3116,2,37,3,1,0,265,554,1588,46634,05064,21,5
39171009502,39,171,009502,3972,3938,3,20,6,4,1,2771,2748,1,15,5,1,1,307,473,24640,27496,05062,21,5
39171009503,39,171,009503,4590,4507,0,54,2,26,1,3257,3211,0,28,2,15,1,660,1205,51772,75819,04552,21,5
39171009504,39,171,009504,4531,4418,1,89,6,17,0,3208,3146,1,47,5,9,0,216,460,84308,8140,05063,21,5
39171009505,39,171,009505,3600,3381,0,214,2,2,1,2569,2442,0,124,2,1,0,301,593,75140,74131,05065,21,5
39171009506,39,171,009506,4722,4496,1,205,9,11,0,3468,3345,0,114,4,5,0,528.98,910.14,9792,9792,04367,21,5
39171009507,39,171,009507,4333,4217,4,75,6,27,4,3265,3190,4,49,5,17,0,498.02,856.86,9792,9792,04367,21,5
39171009508,39,171,009508,3819,3717,6,60,5,31,0,2732,2663,4,41,5,19,0,388,759,NA,13008,04367,21,5
39171009509,39,171,009509,2870,2833,3,26,2,6,0,2067,2043,3,16,2,3,0,364,590,24486,69638,05061,21,5
39173000201,39,173,000201,5506,5291,19,124,15,52,5,3823,3692,13,72,14,31,1,912,728,57190,57190,05071,19,9
39173000202,39,173,000202,3082,2940,73,34,2,33,0,2327,2231,54,16,2,24,0,1599,978,68686,68686,04560,19,9
39173000203,39,173,000203,4263,4117,20,69,3,52,2,3295,3192,15,49,3,36,0,591.02,961.31,68686,62162,04560,21,5
39173000204,39,173,000204,8473,8200,79,93,4,89,8,6076,5911,52,56,2,50,5,915.78,1527.13,62148,62148,04558,21,5
39173000205,39,173,000205,2670,2602,3,43,4,17,1,2009,1966,1,26,3,13,0,302.8,504.94,62148,62148,04558,21,5
39173000206,39,173,000206,6019,5710,18,260,5,26,0,4249,4051,11,160,5,22,0,640.42,1067.93,62148,62162,04558,21,5
39173000207,39,173,000207,7081,6794,48,193,29,16,1,4945,4780,29,102,23,10,1,886.98,1442.69,68686,62162,04560,21,9
39173000208,39,173,000208,4156,4056,1,80,9,8,2,3246,3182,1,52,7,4,0,805.35,661.12,80486,41328,05069,19,9
39173000209,39,173,000209,6293,6021,47,184,10,24,7,4541,4378,23,114,7,17,2,1126.65,924.88,50260,41328,05069,19,9
39173000210,39,173,000210,3848,3785,6,47,8,2,0,2850,2815,3,27,3,2,0,627,722,45332,77630,05067,21,9
39173000211,39,173,000211,3631,3498,2,122,5,4,0,2579,2489,0,83,3,4,0,189,328,61504,28756,05067,21,9
39173000212,39,173,000212,2460,2359,13,78,1,8,1,1796,1733,6,52,1,4,0,423,620,34412,49812,05072,21,5
39173000213,39,173,000213,3098,3028,5,53,7,3,2,2148,2119,3,21,5,0,0,231,407,31206,81704,05072,21,5
39173000214,39,173,000214,3609,3376,9,205,11,5,3,2495,2345,6,127,9,5,3,168,219,83972,50680,05072,21,5
39173000215,39,173,000215,2404,2278,1,111,6,4,4,1702,1628,0,64,5,1,4,221,345,64108,43400,04363,21,5
39173000216,39,173,000216,6187,5829,47,162,2,137,10,4260,4036,35,106,2,80,1,269,527,7972,7972,04363,21,5
39173000218,39,173,000218,7862,7311,386,101,9,55,0,7850,7303,384,100,9,54,0,1252.94,1499.66,7972,7972,04363,21,9
39173000219,39,173,000219,6574,5976,118,235,15,228,2,5288,4882,80,130,12,184,0,844.02,1010.22,7972,7972,04363,21,5
39173000220,39,173,000220,2277,2227,1,43,5,1,0,1657,1617,1,33,5,1,0,188,360,64108,64122,05068,21,5
39173000221,39,173,000221,4450,4348,1,78,1,20,2,3095,3042,1,38,1,13,0,661,864,8112,51744,04956,21,5
39173000222,39,173,000222,2866,2713,59,80,1,9,4,2101,2009,44,40,1,7,0,283,448,28014,62106,04399,21,5
39173000223,39,173,000223,3713,3540,1,157,3,12,0,2637,2541,0,86,3,7,0,279.76,381.88,7062,7020,05068,21,5
39173000224,39,173,000224,3274,3155,1,96,2,20,0,2321,2255,1,50,2,13,0,246.24,336.12,56154,34986,05070,21,5
39173021701,39,173,021701,3664,3483,50,62,3,63,3,3228,3080,40,44,3,60,1,515.22,616.68,7972,7972,04363,21,5
39173021702,39,173,021702,5809,5352,141,172,14,126,4,5174,4797,125,123,14,112,3,825.82,988.44,7972,7972,04363,21,9
39175009880,39,175,009880,4367,4340,0,22,3,2,0,3126,3106,0,15,3,2,0,188,229,75980,75987,05074,20,8
39175009881,39,175,009881,4701,4591,7,56,3,43,1,3303,3236,3,34,3,26,1,583,833,12112,19246,04526,20,8
39175009882,39,175,009882,3764,3745,5,11,0,2,1,2642,2630,5,4,0,2,1,87,197,84574,66782,10024,20,8
39175009883,39,175,009883,3294,3254,2,25,3,10,0,2527,2507,0,10,3,7,0,530.39,983.26,79044,19190,10024,20,8
39175009884,39,175,009884,3189,3132,4,37,7,8,1,2428,2384,4,27,7,5,1,509.61,944.74,79044,19190,10024,20,8
39175009885,39,175,009885,2939,2923,1,11,4,0,0,2105,2093,1,8,3,0,0,128,271,53942,62904,10024,17,8
