GEOID,state,county,tract,pop,pop_white,pop_black,pop_hisp,pop_aian,pop_asian,pop_other,vap,vap_white,vap_black,vap_hisp,vap_aian,vap_asian,vap_other,ndv,nrv,ai_an_nh,place,mcd,school_elm,school,cd_1980,cd_1990
40001009766,40,001,009766,2155,1494,1,40,613,7,0,1492,1100,0,9,377,6,0,301.67,312.89,13757,79100,93588,14820,31860,6,2
40001009767,40,001,009767,4207,3090,1,66,1047,0,3,3018,2329,0,34,655,0,0,610.22,632.91,13757,80450,93796,07680,32400,6,2
40001009768,40,001,009768,4057,1810,0,35,2211,1,0,2816,1407,0,18,1390,1,0,569.37,590.54,13757,70350,93263,19200,06930,6,2
40001009769,40,001,009769,3796,2019,2,65,1705,4,1,2633,1567,0,34,1029,2,1,532.37,552.17,13757,70350,93250,19200,28710,6,2
40001009770,40,001,009770,4206,1758,0,39,2409,0,0,2811,1339,0,20,1452,0,0,568.36,589.5,13757,NA,93250,03870,28710,6,2
40003009556,40,003,009556,1322,1282,0,20,20,0,0,1024,1002,0,10,12,0,0,264.25,382.15,NA,38000,92015,NA,05910,5,6
40003009557,40,003,009557,2171,2050,0,40,76,1,4,1677,1599,0,24,50,1,3,432.75,625.85,NA,13750,90546,NA,07410,5,6
40003009558,40,003,009558,1831,1529,202,37,54,5,4,1527,1238,199,36,46,4,4,272.7,359.94,NA,33450,91313,NA,14190,5,6
40003009559,40,003,009559,1092,1080,0,5,7,0,0,836,831,0,2,3,0,0,149.3,197.06,NA,12000,90429,NA,09330,5,6
40005009876,40,005,009876,1658,1238,178,19,216,7,0,1334,1000,156,16,155,7,0,352,206,14205,70850,92028,11450,29010,4,3
40005009877,40,005,009877,4112,3170,393,20,524,5,0,2988,2423,230,15,316,4,0,774.94,504.74,14205,3300,90481,13830,03360,4,3
40005009878,40,005,009878,3111,2739,3,28,341,0,0,2193,1989,3,13,188,0,0,568.76,370.45,14205,11550,93666,NA,06420,4,3
40005009879,40,005,009879,3897,3178,177,51,486,4,1,2947,2405,173,43,321,4,1,764.31,497.81,14205,NA,90481,17040,03360,4,3
40007009516,40,007,009516,2602,2393,0,174,33,1,1,1822,1708,0,97,17,0,0,276,619,NA,26900,92041,12480,11880,5,6
40007009517,40,007,009517,1705,1679,0,20,4,0,2,1254,1236,0,12,4,0,2,226.92,561.85,NA,NA,92860,12450,03510,5,6
40007009518,40,007,009518,1716,1581,1,106,24,2,2,1277,1207,1,54,12,2,1,231.08,572.15,NA,4750,92860,NA,03750,5,6
40009009661,40,009,009661,6767,5996,274,293,187,14,3,4717,4288,162,159,99,6,3,1211.85,939.74,13905,23500,91014,NA,10740,5,6
40009009662,40,009,009662,5578,5183,77,219,76,23,0,3945,3751,28,112,43,11,0,1013.52,785.94,13905,23500,91014,NA,19800,5,6
40009009663,40,009,009663,664,611,1,48,4,0,0,470,442,0,26,2,0,0,120.75,93.64,13905,12300,90455,NA,06750,5,6
40009009664,40,009,009664,3937,3743,12,145,35,1,1,2985,2873,8,83,20,1,0,766.88,594.68,13905,65700,92756,NA,27060,5,6
40009009665,40,009,009665,1866,1737,11,83,30,4,1,1408,1340,9,42,15,2,0,404,277,13905,24200,91066,NA,11040,5,6
40011009586,40,011,009586,1842,1755,6,44,36,0,1,1408,1359,5,24,19,0,1,333.68,407.45,13905,54150,92392,14640,22650,5,6
40011009587,40,011,009587,1961,1689,2,26,242,2,0,1398,1265,2,14,115,2,0,331.32,404.55,13905,11600,90416,18330,06480,5,6
40011009588,40,011,009588,1567,1457,8,31,71,0,0,1113,1053,5,16,39,0,0,261.69,315.97,13905,31250,93575,14640,31770,5,6
40011009589,40,011,009589,3976,3068,401,119,370,13,5,2808,2287,260,65,184,10,2,660.22,797.18,13905,78950,93575,NA,31770,5,6
40011009590,40,011,009590,2124,1728,66,67,260,3,0,1574,1332,47,33,161,1,0,370.08,446.85,13905,28900,91170,NA,12570,5,6
40013009956,40,013,009956,1241,817,6,14,402,2,0,909,649,5,4,250,1,0,224,135.47,14205,5400,90819,NA,03930,4,3
40013009957,40,013,009957,3045,2518,14,35,472,6,0,2285,1937,13,17,314,4,0,563.09,340.54,14205,10800,92054,NA,06150,4,3
40013009958,40,013,009958,996,790,2,12,192,0,0,741,614,2,4,121,0,0,182.6,110.43,14205,NA,92938,NA,33450,4,3
40013009959,40,013,009959,1547,1163,52,14,318,0,0,1135,913,37,8,177,0,0,279.7,169.15,13925,100,92873,NA,02370,4,3
40013009960,40,013,009960,6198,5366,5,58,752,17,0,4640,4117,5,30,477,11,0,1143.43,691.51,14205,10950,90793,NA,27640,4,3
40013009961,40,013,009961,4824,4196,9,90,509,18,2,3570,3162,6,51,338,12,1,879.75,532.04,14205,22050,90793,NA,10350,4,3
40013009962,40,013,009962,4071,3358,103,75,451,82,2,3277,2742,97,49,315,72,2,807.55,488.38,14205,22050,90793,NA,10350,4,3
40013009963,40,013,009963,1488,1224,4,44,210,5,1,1126,956,2,27,137,3,1,277.48,167.81,14205,22050,90793,NA,10350,4,3
40013009964,40,013,009964,1972,1605,45,27,290,5,0,1458,1227,21,17,188,5,0,359.29,217.29,14205,22050,90793,NA,10350,4,3
40013009965,40,013,009965,2653,2046,2,33,571,0,1,1893,1533,0,19,340,0,1,466.49,282.12,14205,22050,90793,NA,10350,4,3
40013009966,40,013,009966,4054,3457,180,63,349,5,0,2981,2601,134,31,213,2,0,734.61,444.26,13925,16050,90624,NA,08220,4,3
40015009616,40,015,009616,4477,3814,64,222,360,13,4,3304,2917,46,127,205,7,2,800.57,572.1,10825,34750,90247,NA,14610,5,6
40015009617,40,015,009617,2009,1815,9,143,41,1,0,1428,1321,4,82,21,0,0,333,375,10825,36700,91456,02700,15290,5,6
40015009618,40,015,009618,3907,2689,32,265,918,1,2,2853,2132,22,150,546,1,2,691.29,494.01,40025,12050,90442,02700,06630,5,6
40015009619,40,015,009619,1847,1346,33,56,408,4,0,1342,1038,22,36,242,4,0,325.17,232.37,40025,27100,91131,02700,11940,5,6
40015009620,40,015,009620,4094,2968,14,155,951,5,1,2813,2135,9,81,582,5,1,681.6,487.08,40025,30600,90117,24150,03000,5,6
40015009621,40,015,009621,7173,3772,552,442,2376,28,3,5058,2948,383,255,1452,19,1,1225.57,875.81,40025,2050,90117,NA,03000,5,6
40015009622,40,015,009622,2969,1975,4,82,900,8,0,2071,1496,3,46,522,4,0,501.81,358.6,40025,2300,90143,05010,03090,5,6
40015009623,40,015,009623,3074,2652,30,65,320,7,0,2241,2011,23,33,170,4,0,543,388.04,40025,13000,90728,24150,09300,5,6
40017003001,40,017,003001,2064,1822,9,43,185,5,0,1474,1342,7,25,98,2,0,223.73,376.52,13905,11050,93679,18900,06240,5,6
40017003002,40,017,003002,6337,5668,76,173,401,17,2,4359,3999,40,80,225,13,2,661.62,1113.48,13905,23700,91040,09420,23970,5,6
40017003003,40,017,003003,3093,2628,126,126,206,6,1,2161,1922,57,62,115,5,0,328,552.01,13905,23700,91040,NA,10650,5,6
40017003004,40,017,003004,1159,418,559,40,139,1,2,770,311,363,23,72,1,0,116.87,196.69,13905,23700,91040,NA,10650,5,6
40017003005,40,017,003005,3062,2504,86,157,299,16,0,2246,1936,48,86,167,9,0,340.91,573.72,13905,23700,91040,NA,10650,5,6
40017003006,40,017,003006,2865,2673,31,47,106,8,0,2233,2096,20,33,77,7,0,338.93,570.4,13905,23700,91040,26010,10650,5,6
40017003007,40,017,003007,4782,3832,484,264,171,23,8,3827,2947,478,252,127,17,6,580.88,977.58,13905,75950,91040,03540,30630,5,6
40017003009,40,017,003009,9671,8795,90,242,298,243,3,6448,5913,54,141,184,155,1,978.7,1647.1,13905,82950,90832,NA,33480,3,5
40017003011,40,017,003011,5437,5011,46,125,167,85,3,3628,3378,28,69,106,47,0,550.67,926.75,13905,82950,90832,NA,33480,3,5
40017003012,40,017,003012,7573,7181,33,105,229,25,0,5528,5271,22,73,148,14,0,839.06,1412.09,13905,82950,90832,NA,33480,3,5
40017300801,40,017,300801,2634,2496,36,35,52,14,1,1838,1757,21,17,33,9,1,278.98,469.5,13905,55000,90832,NA,23970,3,5
40017300802,40,017,300802,2029,1929,9,23,60,6,2,1468,1412,6,16,28,6,0,222.82,374.99,13905,55000,90832,NA,33480,3,5
40017301001,40,017,301001,70,68,0,0,1,1,0,58,56,0,0,1,1,0,8.8,14.82,NA,55000,90832,NA,33480,3,5
40017301003,40,017,301003,3214,2945,30,88,71,77,3,2169,2007,21,48,41,51,1,329.22,554.06,13905,55000,90832,NA,21000,3,5
40017301004,40,017,301004,4247,3442,56,108,123,518,0,2664,2176,40,69,75,304,0,404.35,680.5,13905,55000,90832,NA,21000,3,5
40017301005,40,017,301005,2930,2680,15,50,84,97,4,2034,1891,10,26,54,52,1,308.73,519.57,13905,55000,90832,NA,21000,3,5
40017301397,40,017,301397,17,17,0,0,0,0,0,10,10,0,0,0,0,0,1.52,2.55,13905,82950,90832,26010,33480,3,5
40017301398,40,017,301398,1573,1519,0,21,32,1,0,1160,1125,0,11,23,1,0,176.07,296.31,13905,55000,90832,03540,33480,5,5
40017301403,40,017,301403,7196,6654,58,188,266,28,2,4839,4523,31,106,166,12,1,734.48,1236.09,13905,50100,90832,NA,21000,5,6
40017301404,40,017,301404,4456,4187,22,86,143,17,1,3035,2885,14,43,80,13,0,460.66,775.27,13905,50100,90832,NA,21000,5,6
40019009921,40,019,009921,2429,1575,659,27,167,1,0,1801,1200,467,18,115,1,0,424.13,385.91,13925,69500,90169,04050,28350,4,3
40019009922,40,019,009922,1700,1519,3,28,142,7,1,1236,1133,3,16,82,2,0,291.07,264.85,13925,61900,91287,NA,12060,4,3
40019009923,40,019,009923,3114,2901,7,28,172,6,0,2326,2206,6,18,93,3,0,547.76,498.41,13925,33350,91274,33540,14130,4,3
40019009924,40,019,009924,3095,2832,7,23,229,4,0,2277,2118,6,12,138,3,0,536.22,487.91,13925,81500,93861,33540,32940,4,3
40019009925,40,019,009925,6159,5560,126,47,416,9,1,4221,3870,78,28,239,5,1,994.03,904.46,13925,43750,90156,NA,18090,4,3
40019009926,40,019,009926,5383,4665,188,122,382,25,1,4026,3626,99,72,214,15,0,948.11,862.68,13925,2600,90156,NA,03180,4,3
40019009927,40,019,009927,3963,3494,51,45,365,7,1,2802,2526,29,19,223,5,0,659.86,600.4,13925,20700,90156,NA,09910,4,3
40019009928,40,019,009928,5507,2886,1744,159,671,46,1,3841,2242,1091,70,415,22,1,904.54,823.04,13925,2600,90156,NA,03180,4,3
40019009929,40,019,009929,2397,1933,158,104,193,9,0,1804,1497,95,77,128,7,0,424.83,386.55,13925,2600,90156,NA,03180,4,3
40019009930,40,019,009930,6233,5244,283,122,540,41,3,4686,4079,167,67,341,29,3,1103.53,1004.1,13925,2600,90156,NA,03180,4,3
40019009931,40,019,009931,2939,2256,318,76,280,8,1,2178,1750,190,38,194,5,1,512.91,466.69,13925,2600,90156,NA,03180,4,3
40021009776,40,021,009776,3896,2498,9,23,1366,0,0,2693,1870,8,12,803,0,0,621.55,514.88,13757,53550,92080,23730,22410,6,2
40021009777,40,021,009777,4597,2998,57,48,1490,4,0,3260,2279,40,30,911,0,0,752.41,623.29,13757,36400,91443,21900,15240,6,2
40021009778,40,021,009778,3703,2147,25,65,1456,10,0,2526,1587,13,38,879,9,0,583,482.95,13757,72100,93289,33090,29380,6,2
40021009779,40,021,009779,4741,3117,70,70,1471,13,0,3534,2501,48,35,940,10,0,815.65,675.67,13757,72100,93289,13230,29380,6,2
40021009780,40,021,009780,3607,2494,100,79,917,15,2,2763,2036,68,41,609,9,0,637.7,528.26,13757,72100,93289,05430,29380,6,2
40021009781,40,021,009781,5041,3382,94,79,1466,19,1,3816,2736,65,41,962,12,0,880.73,729.59,13757,72100,93289,05430,29380,6,2
40021009782,40,021,009782,4461,2737,0,36,1683,4,1,3312,2218,0,18,1073,3,0,764.41,633.23,13757,NA,90845,16440,29380,6,2
40021009783,40,021,009783,4003,2527,22,70,1383,1,0,2914,2002,16,36,859,1,0,672.55,557.13,13757,NA,92899,16440,05280,6,2
40023009969,40,023,009969,2661,2202,106,32,314,4,3,1973,1676,83,20,190,2,2,577.33,320.52,14205,27400,91144,29340,12300,4,3
40023009970,40,023,009970,2717,1910,411,19,377,0,0,1949,1432,276,13,228,0,0,570.3,316.62,14205,NA,91430,12840,15210,4,3
40023009971,40,023,009971,3893,2939,334,68,536,15,1,2880,2258,241,35,336,9,1,842.73,467.86,14205,36300,91430,NA,15210,4,3
40023009972,40,023,009972,2934,1574,926,41,390,2,1,1978,1194,522,23,236,2,1,578.79,321.33,14205,36300,91430,12840,15210,4,3
40023009973,40,023,009973,3097,2212,177,35,669,3,1,2214,1658,120,23,409,3,1,647.85,359.67,14205,7750,93692,NA,05040,4,3
40025009501,40,025,009501,917,804,0,101,11,0,1,659,591,0,60,8,0,0,138.08,246.68,NA,39600,91560,24270,16410,5,6
40025009502,40,025,009502,795,722,0,68,5,0,0,557,511,0,41,5,0,0,116.71,208.5,NA,NA,90286,24270,04860,5,6
40025009503,40,025,009503,1589,1325,0,243,7,12,2,1175,1020,0,142,6,7,0,246.2,439.83,NA,7300,90286,NA,04860,5,6
40027002001,40,027,002001,406,330,23,14,34,5,0,355,293,17,14,26,5,0,54.87,74.67,NA,52500,91989,NA,21720,1,4
40027002002,40,027,002002,1905,1659,45,61,95,45,0,1436,1275,31,38,65,27,0,221.94,302.04,NA,52500,91989,NA,21720,1,4
40027002003,40,027,002003,3117,2732,107,92,173,9,4,2312,2096,56,58,96,5,1,357.32,486.29,NA,52500,91989,NA,21720,1,4
40027002004,40,027,002004,1854,1646,48,38,107,15,0,1469,1336,26,25,72,10,0,227.04,308.98,NA,52500,91989,NA,21720,1,4
40027002005,40,027,002005,3860,3411,79,82,138,147,3,3343,2952,64,74,112,138,3,516.67,703.14,NA,52500,91989,NA,21720,1,4
40027002007,40,027,002007,592,480,49,8,50,5,0,501,415,40,6,36,4,0,77.43,105.38,NA,52500,91989,NA,21720,1,4
40027002008,40,027,002008,4535,4028,146,106,201,52,2,3210,2890,88,67,124,40,1,496.11,675.16,NA,52500,91989,NA,21720,1,4
40027002009,40,027,002009,4071,3667,67,110,178,48,1,3184,2899,41,69,138,36,1,492.09,669.69,NA,52500,91989,NA,21720,1,4
40027002010,40,027,002010,5617,4951,128,197,232,109,0,4477,3999,97,122,166,93,0,691.93,941.65,NA,52500,91989,NA,21720,1,4
40027002017,40,027,002017,667,623,0,2,41,1,0,471,443,0,0,28,0,0,72.79,99.07,NA,55000,92093,NA,20250,1,4
40027002018,40,027,002018,3660,3266,56,94,131,113,0,2583,2340,40,58,73,72,0,399.21,543.28,NA,55000,92093,NA,20250,1,4
40027002022,40,027,002022,3172,2794,56,103,168,51,0,2252,2013,32,58,111,38,0,348.05,473.67,NA,49200,92093,NA,20250,1,4
40027002025,40,027,002025,4967,4585,3,103,262,14,0,3452,3225,2,54,160,11,0,533.51,726.06,NA,52150,91976,NA,21630,1,4
40027002026,40,027,002026,2266,2065,8,37,154,2,0,1683,1550,6,20,106,1,0,260.11,353.99,50,42700,91677,NA,17580,1,4
40027200601,40,027,200601,5063,4087,404,179,319,71,3,3729,3107,246,115,204,54,3,576.32,784.32,NA,52500,91989,NA,21720,1,4
40027200602,40,027,200602,3259,2769,149,94,206,41,0,2574,2210,113,69,145,37,0,397.82,541.39,NA,52500,91989,NA,21720,1,4
40027201101,40,027,201101,5683,4926,183,142,215,215,2,4481,3883,139,97,156,205,1,692.55,942.49,NA,52500,91989,NA,21720,1,4
40027201102,40,027,201102,2610,2231,116,62,88,106,7,2094,1791,94,49,69,90,1,323.63,440.43,NA,52500,91989,NA,21720,1,4
40027201201,40,027,201201,2032,1312,183,47,82,405,3,1727,1132,152,40,60,341,2,266.91,363.24,NA,52500,91989,NA,21720,1,4
40027201202,40,027,201202,3931,3391,198,97,124,116,5,3895,3361,197,96,124,112,5,601.98,819.24,NA,52500,91989,NA,21720,1,4
40027201203,40,027,201203,2192,1378,129,33,66,583,3,1871,1171,96,28,49,524,3,289.17,393.53,NA,52500,91989,NA,21720,1,4
40027201301,40,027,201301,4909,4064,361,119,247,109,9,3715,3121,230,88,172,99,5,574.16,781.38,NA,52500,91989,NA,21720,1,4
40027201401,40,027,201401,4904,4418,140,89,210,42,5,3417,3118,84,51,133,31,0,528.1,718.7,NA,52500,91989,26100,21720,1,4
40027201503,40,027,201503,6489,5767,129,150,245,192,6,4993,4479,89,112,187,126,0,771.68,1050.18,NA,52500,91989,NA,21720,1,4
40027201504,40,027,201504,6677,6026,110,137,228,176,0,4814,4382,78,85,153,116,0,744.01,1012.53,NA,52500,91989,NA,21720,1,4
40027201602,40,027,201602,3157,2827,40,110,162,17,1,2078,1879,29,56,103,10,1,321.16,437.07,NA,49200,92093,NA,20250,1,4
40027201603,40,027,201603,3893,3441,43,145,235,29,0,2650,2398,27,69,137,19,0,409.56,557.38,NA,49200,92093,NA,20250,1,4
40027201604,40,027,201604,3580,3168,37,124,219,30,2,2329,2089,23,68,123,25,1,359.95,489.86,NA,49200,92093,NA,20250,1,4
40027201605,40,027,201605,4855,4326,124,121,208,74,2,3225,2886,80,76,130,52,1,498.43,678.32,NA,55000,92093,NA,20250,1,4
40027201606,40,027,201606,3355,3013,82,90,120,49,1,2383,2152,60,63,75,32,1,368.3,501.22,NA,55000,92093,NA,20250,1,4
40027201901,40,027,201901,5473,4606,194,157,230,286,0,3801,3278,117,99,140,167,0,587.45,799.47,NA,55000,92093,NA,20250,1,4
40027201902,40,027,201902,4108,3478,135,154,186,155,0,2877,2493,78,97,114,95,0,444.65,605.12,NA,55000,92093,NA,20250,1,4
40027202001,40,027,202001,6567,5645,243,269,275,135,0,5190,4523,181,181,203,102,0,802.12,1091.62,NA,55000,92093,NA,20250,1,4
40027202003,40,027,202003,4127,3613,108,97,226,82,1,2890,2565,65,60,147,52,1,446.66,607.86,NA,55000,92093,NA,20250,1,4
40027202004,40,027,202004,3226,2961,39,63,151,12,0,2413,2239,24,34,107,9,0,372.93,507.53,NA,49200,92093,NA,20250,1,4
40027202005,40,027,202005,5846,5121,118,206,324,75,2,3938,3539,60,105,185,47,2,608.63,828.28,NA,49200,92093,NA,20250,1,4
40027202101,40,027,202101,4846,4225,95,220,204,99,3,3209,2829,57,129,124,70,0,495.96,674.95,NA,49200,92093,NA,20250,1,4
40027202102,40,027,202102,2351,2120,13,53,156,9,0,1728,1595,11,22,94,6,0,267.07,363.45,NA,49200,92093,NA,20250,1,4
40027202103,40,027,202103,5848,5177,134,201,227,106,3,3799,3421,75,109,127,66,1,587.14,799.05,NA,49200,92093,NA,20250,1,4
40027202301,40,027,202301,3574,3250,40,83,196,5,0,2564,2365,36,37,121,5,0,396.27,539.29,50,55000,92093,26100,20250,1,4
40027202302,40,027,202302,4089,3650,59,81,273,25,1,2717,2462,37,48,150,20,0,419.92,571.47,50,55000,92093,27120,17880,1,4
40027202401,40,027,202401,9581,8531,77,113,806,51,3,6720,6058,49,62,516,34,1,1038.59,1413.42,50,52500,90858,26100,21720,1,4
40027202498,40,027,202498,7339,5903,705,172,538,18,3,5725,4478,695,129,408,12,3,884.81,1204.15,50,67950,90858,NA,17580,1,4
40027202795,40,027,202795,0,0,0,0,0,0,0,0,0,0,0,0,0,0,0,0,50,NA,91976,NA,25230,1,4
40027202796,40,027,202796,0,0,0,0,0,0,0,0,0,0,0,0,0,0,0,0,13925,NA,91976,NA,25230,1,4
40027202797,40,027,202797,0,0,0,0,0,0,0,0,0,0,0,0,0,0,0,0,13925,NA,91976,NA,25230,1,4
40027202798,40,027,202798,0,0,0,0,0,0,0,0,0,0,0,0,0,0,0,0,50,NA,91976,NA,25230,1,4
40029009881,40,029,009881,3908,3213,32,32,630,1,0,2902,2499,25,19,358,1,0,930.17,529.38,14205,15800,90871,08730,08130,4,3
40029009882,40,029,009882,1872,1533,16,7,315,1,0,1341,1123,12,5,201,0,0,429.83,244.62,14205,75050,93705,NA,30270,4,3
40031000001,40,031,000001,4297,2905,775,328,178,106,5,3043,2151,465,223,117,85,2,433.25,454.07,40025,41850,91651,NA,17250,1,4
40031000002,40,031,000002,3160,1963,756,231,82,119,9,2099,1382,443,142,45,85,2,298.85,313.21,40025,41850,91651,NA,17250,1,4
40031000003,40,031,000003,6216,4085,1349,442,100,222,18,4373,3034,819,279,64,170,7,622.61,652.52,40025,41850,91651,NA,17250,1,4
40031000006,40,031,000006,2497,2016,235,131,63,52,0,1917,1628,132,78,44,35,0,272.94,286.05,40025,41850,91651,NA,17250,1,4
40031000007,40,031,000007,2949,2146,429,159,128,85,2,2212,1719,255,104,69,63,2,314.94,330.07,40025,41850,91651,NA,17250,1,4
40031000008,40,031,000008,2978,2003,560,195,132,83,5,2207,1555,343,146,89,72,2,314.23,329.32,40025,41850,91651,NA,17250,1,4
40031000009,40,031,000009,2079,1753,106,111,60,49,0,1560,1343,63,71,45,38,0,222.11,232.78,40025,41850,91651,NA,17250,1,4
40031000010,40,031,000010,2086,1628,191,111,109,45,2,1589,1313,114,65,64,31,2,226.24,237.11,40025,41850,91651,NA,17250,1,4
40031000011,40,031,000011,2174,1496,347,139,96,96,0,1605,1187,212,87,63,56,0,228.51,239.49,40025,41850,91651,NA,17250,1,4
40031000012,40,031,000012,538,377,75,50,20,16,0,465,338,64,33,19,11,0,66.21,69.39,40025,41850,91651,11760,17250,1,4
40031000013,40,031,000013,2080,1386,385,169,118,22,0,1556,1086,265,110,78,17,0,221.54,232.18,40025,41850,91651,NA,17250,1,4
40031000014,40,031,000014,1647,1270,191,98,74,14,0,1338,1055,139,73,61,10,0,190.5,199.65,40025,41850,91651,NA,17250,1,4
40031000015,40,031,000015,2878,2071,306,306,141,49,5,2001,1509,171,202,86,32,1,284.9,298.58,40025,41850,91651,NA,17250,1,4
40031000016,40,031,000016,2520,467,1765,90,156,41,1,1562,316,1090,52,79,24,1,222.39,233.08,40025,41850,91651,04470,17250,1,4
40031000017,40,031,000017,1758,1306,151,153,116,31,1,1303,1023,90,93,72,24,1,185.52,194.43,40025,41850,91651,NA,17250,1,4
40031000018,40,031,000018,1023,765,43,118,66,30,1,713,557,32,65,39,20,0,101.51,106.39,40025,41850,91651,NA,17250,1,4
40031000021,40,031,000021,4669,4286,8,76,277,21,1,3355,3129,6,40,165,15,0,477.67,500.62,40025,26350,92119,NA,28590,1,4
40031000022,40,031,000022,4512,3567,57,165,693,28,2,3332,2723,34,96,458,19,2,474.4,497.19,40025,47350,92249,28860,10710,1,4
40031000023,40,031,000023,7114,5579,31,307,1158,32,7,4986,4055,18,154,728,26,5,709.89,743.99,40025,10700,93133,11520,06120,1,4
40031000024,40,031,000024,12228,6429,4109,1222,130,304,34,9687,5195,3261,908,88,216,19,1379.2,1445.46,40025,27300,92834,NA,17250,1,4
40031000401,40,031,000401,7284,4769,1535,512,155,302,11,5043,3430,990,313,102,205,3,718.01,752.5,40025,41850,91651,NA,17250,1,4
40031000402,40,031,000402,3948,2803,701,160,57,221,6,2759,1989,473,98,31,166,2,392.82,411.69,40025,41850,91651,NA,17250,1,4
40031000403,40,031,000403,3370,2708,372,126,39,121,4,2467,2015,256,81,26,88,1,351.24,368.12,40025,41850,91651,NA,17250,1,4
40031000501,40,031,000501,7590,5669,1116,376,169,255,5,5409,4166,713,237,107,185,1,770.12,807.11,40025,41850,91651,NA,17250,1,4
40031000502,40,031,000502,4925,3182,1071,378,111,175,8,3137,2088,638,214,68,127,2,446.64,468.09,40025,41850,91651,04470,17250,1,4
40031001901,40,031,001901,1791,1122,401,175,53,39,1,1269,823,265,107,41,33,0,180.68,189.36,40025,41850,91651,NA,17250,1,4
40031001902,40,031,001902,1881,571,1163,61,48,34,4,1306,420,782,43,35,24,2,185.94,194.88,40025,41850,91651,04470,17250,1,4
40031002001,40,031,002001,3023,2472,248,128,67,107,1,2001,1658,158,68,45,71,1,284.9,298.58,40025,41850,92951,NA,17250,1,4
40031002002,40,031,002002,6850,5068,1070,378,155,174,5,4645,3581,635,207,107,114,1,661.34,693.11,40025,41850,92951,11760,17250,1,4
40031002003,40,031,002003,1421,1325,1,28,61,6,0,1032,973,1,17,35,6,0,146.93,153.99,40025,NA,92951,NA,07170,1,4
40033009711,40,033,009711,3861,3353,5,92,408,3,0,2880,2546,5,53,275,1,0,853.18,558.32,40025,78150,93536,11520,31470,1,4
40033009712,40,033,009712,1588,1276,135,98,72,3,4,1209,1003,84,63,53,3,3,358.16,234.38,40025,72750,93315,NA,29640,1,4
40033009713,40,033,009713,1202,1142,0,41,19,0,0,863,828,0,18,17,0,0,255.66,167.3,40025,61850,93146,NA,04350,1,4
40035009731,40,035,009731,2751,2195,1,11,543,1,0,2029,1677,1,7,343,1,0,499.6,410.19,13757,79750,92106,NA,32190,6,2
40035009732,40,035,009732,2375,1743,41,11,572,8,0,1742,1343,31,6,355,7,0,428.93,352.17,13757,5900,93484,NA,32610,6,2
40035009733,40,035,009733,4412,3325,261,43,773,10,0,3507,2704,226,34,536,7,0,863.52,709,13757,77550,93471,NA,31290,6,2
40035009734,40,035,009734,2834,2183,156,27,454,11,3,2226,1776,105,16,320,9,0,548.1,450.02,13757,77550,93471,NA,31290,6,2
40035009735,40,035,009735,1732,1373,11,9,338,1,0,1299,1056,8,8,226,1,0,319.85,262.61,13757,39550,93471,08010,16380,6,2
40037000201,40,037,000201,5451,4802,33,117,476,23,0,3837,3438,19,73,292,15,0,735.32,765.96,18170,65400,92743,02790,26910,2,2
40037000206,40,037,000206,7831,6938,158,95,620,17,3,5669,5063,119,59,414,13,1,1086.4,1131.68,18170,65400,92743,18240,26910,2,2
40037000208,40,037,000208,3375,3142,19,14,192,8,0,2581,2431,12,8,124,6,0,494.62,515.23,18170,21750,90767,NA,10200,6,2
40037000209,40,037,000209,2748,2408,106,33,198,3,0,2019,1806,70,21,120,2,0,386.92,403.04,18170,8900,90338,NA,05460,6,2
40037000210,40,037,000210,3575,2783,395,25,370,2,0,2590,2100,246,14,228,2,0,496.34,517.03,18170,8900,90338,13600,05460,6,2
40037000212,40,037,000212,5717,4704,603,58,347,5,0,4068,3413,422,31,199,3,0,779.59,812.08,18170,65400,92743,02790,26910,6,2
40037000213,40,037,000213,2582,2198,79,32,258,15,0,1913,1647,63,18,177,8,0,366.61,381.88,18170,65400,92743,NA,26910,2,2
40037000214,40,037,000214,5737,5135,113,96,373,20,0,4157,3763,61,58,261,14,0,796.64,829.84,18170,65400,92743,NA,26910,2,2
40037000215,40,037,000215,3748,3365,9,22,348,3,1,2608,2391,6,9,201,1,0,499.79,520.62,18170,49550,92743,18240,20550,2,2
40037000216,40,037,000216,2256,2006,25,24,189,12,0,1744,1583,17,18,119,7,0,334.22,348.15,18170,65400,92743,18240,26910,2,2
40037020701,40,037,020701,5324,4814,7,39,451,13,0,3762,3453,7,25,271,6,0,720.95,750.99,18170,46200,91573,16470,18840,6,2
40037020702,40,037,020702,2666,2279,33,15,335,4,0,1929,1694,28,6,198,3,0,369.67,385.08,18170,66600,92808,20010,10200,6,2
40037020703,40,037,020703,4035,3719,20,26,266,1,3,2915,2731,17,11,156,0,0,558.63,581.91,18170,54000,91573,NA,22560,6,2
40037021101,40,037,021101,2808,2251,226,30,297,2,2,1922,1582,154,16,167,2,1,368.33,383.68,18170,20300,90351,20010,05460,6,2
40037021102,40,037,021102,3062,2590,85,34,348,5,0,2108,1811,59,20,215,3,0,403.97,420.81,18170,39000,91534,NA,16170,6,2
40039009505,40,039,009505,197,176,3,2,14,2,0,153,137,3,1,11,1,0,30.95,38.39,13905,15400,90611,NA,08070,5,6
40039009601,40,039,009601,1774,1646,1,11,116,0,0,1321,1247,0,6,68,0,0,267.25,331.42,13905,73450,93328,NA,29880,5,6
40039009602,40,039,009602,758,723,0,13,22,0,0,549,529,0,4,16,0,0,111.07,137.74,13905,18950,90715,NA,09270,5,6
40039009603,40,039,009603,1110,999,0,48,63,0,0,803,740,0,27,36,0,0,162.45,201.46,13905,10450,90390,NA,05970,5,6
40039009604,40,039,009604,7082,5934,136,471,496,37,8,5130,4474,79,248,301,24,4,1037.83,1287.04,13905,15400,90611,NA,08070,5,6
40039009605,40,039,009605,4013,2399,535,734,325,18,2,2782,1839,337,413,178,13,2,562.81,697.96,13905,15400,90611,NA,08070,5,6
40039009606,40,039,009606,5280,4543,161,203,306,65,2,4242,3738,137,122,183,60,2,858.18,1064.25,13905,79450,93614,NA,32070,5,6
40039009607,40,039,009607,6683,6165,92,143,239,41,3,4802,4473,62,81,159,24,3,971.47,1204.75,13905,79450,93614,NA,32070,5,6
40041009756,40,041,009756,3940,3225,0,21,681,13,0,3145,2678,0,14,443,10,0,641.16,608.91,13757,31600,91209,30290,13530,6,2
40041009757,40,041,009757,4468,3775,3,63,614,13,0,3572,3102,1,38,425,6,0,728.21,691.59,13757,31600,91209,NA,13530,6,2
40041009758,40,041,009758,4081,3595,2,33,447,4,0,3418,3087,1,23,304,3,0,696.81,661.77,13757,5550,91209,08010,13530,6,2
40041009759,40,041,009759,3156,2248,5,22,881,0,0,2384,1809,4,14,557,0,0,486.02,461.57,13757,NA,91495,16320,15690,6,2
40041009760,40,041,009760,4244,2794,6,40,1399,3,2,3057,2140,5,23,887,2,0,623.22,591.88,13757,37650,91495,NA,15690,6,2
40041009761,40,041,009761,3974,1836,2,33,2096,7,0,2666,1378,1,16,1268,3,0,543.51,516.17,13757,38600,91508,16320,15990,6,2
40041009762,40,041,009762,4207,3270,2,15,920,0,0,3022,2464,2,4,552,0,0,616.08,585.1,13757,16100,90637,20430,08250,6,2
40043009591,40,043,009591,2315,2034,1,31,243,5,1,1675,1518,1,16,135,4,1,430.63,506.43,13905,66250,92769,18330,27240,5,6
40043009592,40,043,009592,1566,1519,0,10,37,0,0,1148,1118,0,9,21,0,0,295.14,347.1,13905,77300,93458,06300,31170,5,6
40043009593,40,043,009593,1670,1607,4,32,26,1,0,1265,1228,2,17,17,1,0,325.22,382.47,13905,72350,90754,06300,29430,5,6
40045009526,40,045,009526,1259,1209,2,26,21,0,1,894,867,0,16,10,0,1,215.76,315.69,NA,28250,92132,NA,12330,5,6
40045009527,40,045,009527,1860,1767,0,69,19,5,0,1394,1340,0,39,13,2,0,336.42,492.25,NA,66750,92262,NA,27540,5,6
40045009528,40,045,009528,1378,1305,0,43,23,6,1,1031,988,0,22,17,3,1,248.82,364.07,13905,2800,93003,06300,03240,5,6
40047000001,40,047,000001,4386,3989,138,123,109,27,0,3255,3017,76,72,69,21,0,610.3,873.38,NA,23950,91053,NA,10920,5,6
40047000002,40,047,000002,2774,2596,58,37,77,6,0,2091,1979,44,16,49,3,0,392.05,561.05,NA,23950,91053,NA,21780,5,6
40047000003,40,047,000003,11859,11246,184,156,159,113,1,8876,8483,117,104,102,69,1,1664.21,2381.59,NA,23950,91053,NA,10920,5,6
40047000004,40,047,000004,3408,3126,85,76,84,37,0,2464,2299,56,46,42,21,0,461.99,661.14,NA,23950,91053,NA,10920,5,6
40047000005,40,047,000005,7258,6611,264,171,129,82,1,5645,5225,176,109,83,51,1,1058.41,1514.66,NA,23950,91053,NA,10920,5,6
40047000006,40,047,000006,3835,3059,524,107,83,62,0,2803,2291,352,65,59,36,0,525.55,752.1,NA,23950,91053,NA,10920,5,6
40047000007,40,047,000007,5640,4839,393,150,186,63,9,4073,3579,249,94,108,38,5,763.67,1092.86,NA,23950,91053,NA,10920,5,6
40047000008,40,047,000008,5010,4285,284,141,162,135,3,3697,3215,189,80,91,120,2,693.17,991.97,NA,23950,91053,NA,10920,5,6
40047000009,40,047,000009,1356,1330,0,7,19,0,0,990,971,0,6,13,0,0,185.62,265.64,NA,23950,91053,NA,12420,5,6
40047000010,40,047,000010,3626,3490,51,31,35,17,2,2611,2519,33,21,24,13,1,489.55,700.58,NA,23950,91053,NA,16830,5,6
40047000011,40,047,000011,3377,3297,1,23,52,4,0,2392,2344,1,14,30,3,0,448.49,641.82,NA,28500,92184,NA,12420,5,6
40047000012,40,047,000012,4206,4038,20,64,76,8,0,2960,2861,11,31,49,8,0,554.99,794.22,NA,79200,93016,NA,08790,5,6
40049009911,40,049,009911,2773,2390,17,44,319,2,1,2091,1851,13,28,196,2,1,533.66,444.82,13925,70800,93276,31440,28980,1,4
40049009912,40,049,009912,3030,2685,20,48,270,7,0,2103,1896,10,27,164,6,0,536.72,447.37,13925,57100,92483,31440,23430,1,4
40049009913,40,049,009913,3208,2717,202,81,204,3,1,2477,2147,142,52,134,1,1,632.17,526.93,13925,57550,92483,32670,23550,1,4
40049009914,40,049,009914,4347,3811,129,58,331,18,0,3296,2967,78,40,198,13,0,841.19,701.16,13925,57550,92483,32670,23550,1,4
40049009915,40,049,009915,2831,2428,248,41,110,4,0,2059,1811,158,16,71,3,0,525.49,438.01,13925,82400,92483,NA,33300,1,4
40049009916,40,049,009916,2225,2047,0,11,166,1,0,1682,1568,0,4,109,1,0,429.27,357.81,13925,47150,91807,32670,19380,1,4
40049009917,40,049,009917,2058,1929,0,4,125,0,0,1465,1386,0,1,78,0,0,373.89,311.65,13925,24300,91027,NA,17850,1,4
40049009918,40,049,009918,3072,2868,0,23,166,14,1,2358,2228,0,12,107,10,1,601.8,501.62,13925,43150,91690,NA,17850,1,4
40049009919,40,049,009919,3061,2754,105,21,173,8,0,2311,2096,84,13,114,4,0,589.8,491.62,13925,23600,91027,NA,10860,1,4
40051000001,40,051,000001,1475,1315,44,25,91,0,0,1049,950,26,15,58,0,0,221.36,221.43,13925,13950,90572,NA,07560,1,4
40051000002,40,051,000002,1227,165,1011,16,35,0,0,819,125,664,6,24,0,0,172.82,172.88,13925,13950,90572,NA,07560,1,4
40051000003,40,051,000003,2789,2389,163,75,150,11,1,2083,1835,97,47,97,6,1,439.55,439.69,13925,13950,90572,NA,07560,1,4
40051000004,40,051,000004,3348,3009,92,135,97,14,1,2471,2282,53,63,64,8,1,521.43,521.59,13925,13950,90572,NA,07560,1,4
40051000005,40,051,000005,5882,5330,143,117,255,37,0,4489,4132,105,65,161,26,0,947.26,947.56,13925,13950,90572,24150,07560,1,4
40051000006,40,051,000006,4704,4334,34,56,269,11,0,3323,3107,22,32,156,6,0,701.22,701.44,40025,77000,90572,24150,21600,1,4
40051000007,40,051,000007,7224,6657,13,111,435,8,0,5226,4876,6,61,277,6,0,1102.78,1103.13,13925,64300,92704,05250,26550,1,4
40051000008,40,051,000008,4226,3966,18,47,183,12,0,2916,2764,13,25,108,6,0,615.33,615.53,13925,1900,90104,12210,02910,1,4
40051000009,40,051,000009,10872,10121,6,146,571,24,4,7555,7105,5,82,343,16,4,1594.25,1594.75,13925,75450,93393,NA,30420,1,4
40053009561,40,053,009561,2027,1977,0,38,12,0,0,1559,1528,0,22,9,0,0,423.35,527.36,NA,47300,91820,NA,19620,5,6
40053009562,40,053,009562,890,873,0,3,13,1,0,670,663,0,2,5,0,0,181.94,226.64,NA,77950,93510,NA,31420,5,6
40053009563,40,053,009563,952,930,0,8,14,0,0,711,701,0,2,8,0,0,193.07,240.51,NA,41350,91625,NA,17020,5,6
40053009564,40,053,009564,1820,1762,3,9,33,13,0,1317,1280,1,5,21,10,0,357.63,445.5,NA,59950,93159,NA,24720,5,6
40055009671,40,055,009671,2502,2121,192,89,91,8,1,2120,1788,189,58,76,8,1,542.22,399.6,40025,30950,91196,NA,13290,5,6
40055009672,40,055,009672,4057,3490,258,247,50,8,4,3127,2784,159,142,34,5,3,799.78,589.4,40025,46050,91768,19170,18780,5,6
40057009676,40,057,009676,3240,2334,270,605,27,4,0,2347,1848,155,326,15,3,0,756.46,436.65,40025,35500,91391,NA,14850,5,6
40057009677,40,057,009677,553,484,10,51,6,2,0,405,367,4,29,4,1,0,130.54,75.35,40025,30400,91183,NA,13020,5,6
40059009521,40,059,009521,1957,1882,3,53,13,6,0,1457,1419,2,25,8,3,0,299,524.44,NA,9850,90377,NA,05760,5,6
40059009522,40,059,009522,2106,2070,0,19,17,0,0,1574,1552,0,12,10,0,0,323,566.56,NA,41700,91638,NA,17220,5,6
40061009791,40,061,009791,1878,1569,0,21,288,0,0,1316,1135,0,8,173,0,0,432.17,228.27,14205,39500,91547,NA,16350,6,2
40061009792,40,061,009792,4932,4225,6,39,658,4,0,3690,3236,4,19,428,3,0,1211.78,640.06,14205,70250,93224,NA,28650,6,2
40061009793,40,061,009793,3024,2447,92,7,477,1,0,2275,1917,62,5,290,1,0,747.1,394.61,14205,39950,93718,32700,16620,6,2
40061009794,40,061,009794,1106,936,0,7,160,3,0,819,707,0,4,107,1,0,268.96,142.06,14205,44950,91755,NA,19410,6,2
40063009846,40,063,009846,3069,2077,187,60,741,0,4,2281,1652,134,38,456,0,1,699.11,376.61,18170,80500,93822,NA,32430,4,3
40063009847,40,063,009847,2445,2010,21,19,394,1,0,1801,1509,12,12,268,0,0,552,297.36,18170,41250,91378,NA,14790,4,3
40063009848,40,063,009848,2641,1856,124,13,645,2,1,1956,1465,94,8,386,2,1,599.5,322.95,18170,35400,91378,NA,14790,4,3
40063009849,40,063,009849,2615,2319,49,25,214,8,0,2044,1855,27,12,144,6,0,626.47,337.48,18170,35400,91378,NA,14790,4,3
40063009850,40,063,009850,2253,2021,0,19,211,2,0,1742,1593,0,10,138,1,0,533.91,287.61,14205,11100,93029,NA,06270,4,3
40065009681,40,065,009681,2472,2261,7,147,49,7,1,1759,1648,6,74,26,4,1,312,281,40025,23550,90884,NA,10830,1,4
40065009682,40,065,009682,1768,1543,0,160,49,10,6,1231,1093,0,98,31,8,1,196.67,188.01,40025,6650,90065,19170,04650,1,4
40065009683,40,065,009683,2188,1742,9,388,45,3,1,1615,1362,5,214,30,3,1,594,397,40025,23350,93731,19170,10680,1,4
40065009684,40,065,009684,4387,3971,134,174,53,55,0,3287,3038,79,95,36,39,0,525.16,502.03,40025,1700,90065,19170,02850,1,4
40065009685,40,065,009685,6354,5009,703,379,55,196,12,4255,3408,448,228,37,127,7,679.81,649.87,40025,1700,90065,NA,02850,1,4
40065009686,40,065,009686,4930,3195,619,989,93,28,6,3482,2488,346,558,62,23,5,556.31,531.81,40025,1700,90065,NA,02850,1,4
40065009687,40,065,009687,2267,986,728,523,23,2,5,1598,814,465,298,17,1,3,255.31,244.07,40025,1700,90065,NA,02850,1,4
40065009688,40,065,009688,4398,3218,441,565,82,66,26,3059,2397,260,292,53,46,11,488.73,467.21,40025,1700,90065,NA,02850,1,4
40067009716,40,067,009716,2215,2005,0,23,182,5,0,1655,1525,0,12,113,5,0,497,271.55,13925,63350,92665,NA,25860,1,4
40067009717,40,067,009717,1929,1670,5,176,72,6,0,1461,1309,4,96,48,4,0,438.74,239.72,13925,64600,93042,29760,26610,1,4
40067009718,40,067,009718,2866,2631,35,111,84,5,0,2162,2007,25,70,57,3,0,649.26,354.74,40025,79250,93601,13260,31980,1,4
40069009902,40,069,009902,4968,3868,186,71,836,7,0,3619,2934,131,40,509,5,0,923.33,609.32,13925,73900,93354,25530,30060,4,3
40069009903,40,069,009903,2398,2013,1,18,364,2,0,1768,1537,0,6,224,1,0,451.08,297.67,13925,62000,93744,18870,20040,4,3
40069990198,40,069,990198,2666,2245,26,31,358,5,1,1966,1695,20,18,230,3,0,501.59,331.01,13925,78300,90897,11610,31590,4,3
40069990497,40,069,990497,0,0,0,0,0,0,0,0,0,0,0,0,0,0,0,0,13925,NA,90897,NA,30060,4,3
40069990498,40,069,990498,0,0,0,0,0,0,0,0,0,0,0,0,0,0,0,0,13925,NA,90897,NA,30060,4,3
40071000001,40,071,000001,6166,5523,136,118,355,34,0,4419,4040,73,65,220,21,0,897.99,1263.5,NA,59850,92561,NA,24690,3,5
40071000002,40,071,000002,8239,7523,99,138,405,73,1,6085,5644,64,82,250,45,0,1236.55,1739.85,38870,59850,92561,NA,24690,3,5
40071000003,40,071,000003,4571,4381,36,37,72,45,0,3460,3343,15,26,49,27,0,703.11,989.3,38870,59850,92561,16530,24690,3,5
40071000004,40,071,000004,3348,2631,382,113,214,7,1,2512,2025,265,62,154,5,1,510.47,718.24,38870,59850,92561,NA,24690,3,5
40071000005,40,071,000005,4179,3569,119,103,366,21,1,3002,2656,64,63,206,12,1,610.04,858.35,NA,59850,92561,NA,24690,3,5
40071000006,40,071,000006,3630,2839,17,48,719,7,0,2580,2118,11,26,422,3,0,524.29,737.69,38870,59850,92561,16530,24690,3,5
40071000007,40,071,000007,881,818,2,5,56,0,0,654,612,2,2,38,0,0,132.9,186.99,38870,38800,91521,16050,21540,3,5
40071000008,40,071,000008,3552,3090,30,38,385,9,0,2617,2341,24,25,223,4,0,531.81,748.26,38870,51300,91950,16530,21540,3,5
40071000009,40,071,000009,746,716,0,7,23,0,0,563,546,0,3,14,0,0,114.41,160.98,74155,8450,90325,23700,05310,3,5
40071000010,40,071,000010,8742,7981,6,192,530,28,5,6408,5979,1,102,308,17,1,1302.18,1832.21,74155,6600,90260,23700,04630,3,5
40071000011,40,071,000011,4002,3481,27,52,430,12,0,3003,2697,26,35,240,5,0,610.25,858.63,74155,74150,93367,30720,30120,3,5
40073009581,40,073,009581,4006,3594,136,207,63,4,2,2843,2602,101,103,32,3,2,558.47,1019.84,13905,33700,91326,NA,14340,5,6
40073009582,40,073,009582,2141,2019,29,47,45,1,0,1522,1448,16,28,29,1,0,298.98,545.97,13905,21350,91586,NA,16560,5,6
40073009583,40,073,009583,4954,4493,138,106,212,4,1,3583,3294,96,59,130,3,1,703.83,1285.29,13905,39850,91586,NA,16560,5,6
40073009584,40,073,009584,2111,2026,1,47,32,4,1,1480,1438,1,20,19,1,1,290.73,530.9,13905,12650,92379,NA,06810,5,6
40075009636,40,075,009636,2236,1745,15,39,437,0,0,1645,1342,9,23,271,0,0,456.33,359.1,40025,30350,91898,NA,20600,5,6
40075009637,40,075,009637,4844,3851,397,340,219,34,3,3542,2987,202,201,128,21,3,982.56,773.22,40025,35000,91365,NA,14700,5,6
40075009638,40,075,009638,1135,1029,48,38,19,0,1,821,766,23,20,12,0,0,227.75,179.22,40025,43850,91716,NA,18270,5,6
40075009639,40,075,009639,654,600,17,32,4,0,1,506,479,11,13,2,0,1,140.37,110.46,40025,63900,92691,NA,26400,5,6
40075009640,40,075,009640,2478,2140,132,155,49,1,1,1808,1603,87,90,27,0,1,561,287,40025,68400,92847,NA,27930,5,6
40077009871,40,077,009871,2167,1794,1,8,363,1,0,1564,1332,1,5,225,1,0,438.88,271.22,14205,62550,92652,11400,25590,4,3
40077009872,40,077,009872,5904,4974,127,76,716,11,0,4268,3686,104,38,436,4,0,1197.67,740.12,14205,81000,93848,NA,32790,4,3
40077009873,40,077,009873,2262,1720,22,31,482,6,1,1705,1370,5,21,305,4,0,478.45,295.67,14205,NA,93055,02580,05820,4,3
40079000404,40,079,000404,7600,6784,121,94,589,11,1,5593,5062,77,56,390,7,1,1240.79,880.72,14205,60350,92587,NA,24870,4,3
40079000405,40,079,000405,3878,3261,3,21,584,8,1,2874,2498,3,15,351,7,0,637.59,452.56,14205,81750,93874,11400,32970,4,3
40079000406,40,079,000406,6970,5640,158,78,1082,11,1,5198,4339,155,44,655,4,1,1153.16,818.52,14205,33400,91300,14730,14160,4,3
40079000407,40,079,000407,3416,2344,10,29,1033,0,0,2412,1786,5,15,606,0,0,535.09,379.81,14205,72250,93302,14730,32730,4,3
40079040102,40,079,040102,3940,3478,185,55,202,15,5,2739,2475,114,28,110,9,3,607.64,431.31,14205,59750,92548,NA,24630,4,3
40079040198,40,079,040198,2399,2249,3,9,121,17,0,1733,1644,2,2,77,8,0,384.46,272.89,14205,2650,90182,NA,03210,4,3
40079040298,40,079,040298,7358,6092,532,61,659,13,1,5310,4498,357,34,416,5,0,1178,836.16,14205,17850,93211,NA,28200,4,3
40079040301,40,079,040301,4909,4255,10,40,588,15,1,3521,3103,7,24,374,12,1,781.12,554.45,14205,56900,92470,11400,23370,4,3
40079040302,40,079,040302,2800,2571,3,32,192,2,0,1966,1835,3,20,106,2,0,436.15,309.58,14205,11300,90403,20190,06330,4,3
40079040896,40,079,040896,0,0,0,0,0,0,0,0,0,0,0,0,0,0,0,0,14205,NA,93211,NA,28200,4,3
40079040897,40,079,040897,0,0,0,0,0,0,0,0,0,0,0,0,0,0,0,0,14205,NA,93211,NA,28200,4,3
40079040898,40,079,040898,0,0,0,0,0,0,0,0,0,0,0,0,0,0,0,0,14205,NA,93211,NA,28200,4,3
40081009811,40,081,009811,4624,4109,143,71,284,17,0,3424,3091,94,35,190,14,0,659.13,815.63,64675,71000,92145,22160,29070,4,3
40081009812,40,081,009812,3361,3054,13,42,249,3,0,2400,2220,7,24,148,1,0,538,493,37210,12100,92288,NA,23800,4,3
40081009813,40,081,009813,3437,3183,111,19,118,6,0,2420,2257,78,13,69,3,0,465.86,576.47,37210,79900,93653,32640,32280,4,3
40081009814,40,081,009814,6180,5543,58,88,478,13,0,4354,3983,37,50,276,8,0,838.16,1037.17,64675,47450,91833,32640,19680,4,3
40081009815,40,081,009815,4506,4043,70,17,368,7,1,3311,3023,48,6,228,5,1,637.38,788.71,64675,60500,92600,28050,24930,4,3
40081009816,40,081,009816,2817,2555,97,21,142,2,0,1945,1776,65,10,92,2,0,374.42,463.32,64675,19350,90507,28050,09450,4,3
40081009817,40,081,009817,4291,3771,288,49,175,7,1,3143,2797,209,27,103,6,1,605.04,748.7,64675,13500,90507,NA,07290,4,3
40083006001,40,083,006001,5012,3516,1178,129,146,36,7,3655,2674,799,61,98,22,1,744.46,903.67,NA,31700,91222,NA,13560,3,5
40083006002,40,083,006002,2881,2048,623,122,73,14,1,2112,1519,459,75,47,11,1,430.18,522.18,NA,31700,91222,NA,13560,3,5
40083006003,40,083,006003,1694,1428,185,45,35,1,0,1274,1092,134,22,25,1,0,259.49,314.99,NA,31700,91222,NA,13560,3,5
40083006004,40,083,006004,4811,4486,69,63,179,10,4,3301,3098,51,30,114,8,0,672.36,816.15,NA,31700,91222,NA,13560,3,5
40083006005,40,083,006005,3948,3608,109,82,141,8,0,2795,2567,69,53,98,8,0,569.3,691.04,NA,31700,91222,NA,13560,3,5
40083006006,40,083,006006,3115,1383,1648,30,45,8,1,2537,1035,1440,19,36,6,1,516.75,627.25,37210,41550,90910,17130,08940,3,5
40083006007,40,083,006007,4054,3715,116,45,173,4,1,3017,2808,90,25,91,2,1,614.51,745.93,NA,18250,90689,NA,09000,3,5
40083006008,40,083,006008,3496,3260,46,40,129,15,6,2430,2273,32,24,85,10,6,494.95,600.8,NA,31700,91222,NA,13560,3,5
40085009941,40,085,009941,2616,2031,185,218,176,5,1,1954,1602,116,121,111,4,0,509.13,344.43,13925,46500,90923,13380,18990,4,3
40085009942,40,085,009942,3882,3410,161,59,251,1,0,2887,2536,151,36,163,1,0,752.23,508.89,13925,73200,90923,13380,18990,4,3
40085009943,40,085,009943,1659,1470,14,58,111,6,0,1269,1146,14,34,72,3,0,330.65,223.68,13925,42450,93757,17490,30300,4,3
40087004001,40,087,004001,9093,8353,10,184,533,12,1,6430,5991,10,92,330,6,1,1340.28,1433.48,13925,6700,90273,NA,04680,1,4
40087400298,40,087,400298,7732,7017,30,192,477,13,3,5564,5115,20,112,307,9,1,1159.77,1240.42,13925,29850,92626,05250,32010,1,4
40087400398,40,087,400398,4837,4132,176,171,348,9,1,3633,3174,125,96,233,5,0,757.27,809.93,13925,61150,92626,NA,25230,1,4
40087400498,40,087,400498,1133,986,13,31,102,1,0,862,761,12,16,72,1,0,179.68,192.17,13925,10550,90929,06030,32010,1,4
40089009982,40,089,009982,2706,1929,0,18,759,0,0,1875,1416,0,12,447,0,0,381.63,269.07,14205,68250,92203,31830,03660,4,3
40089009983,40,089,009983,1976,1364,79,19,514,0,0,1383,1015,45,15,308,0,0,281.49,198.47,14205,82200,93900,NA,33210,4,3
40089009984,40,089,009984,4119,3516,174,27,393,8,1,2966,2587,126,12,234,7,0,603.68,425.64,14205,76650,93419,11850,30870,4,3
40089009985,40,089,009985,5898,4837,174,62,804,21,0,4150,3504,119,35,482,10,0,844.67,595.55,14205,36750,90364,14890,05520,4,3
40089009986,40,089,009986,5775,4075,410,129,1149,11,1,4051,3073,237,75,656,9,1,824.52,581.34,14205,9100,90364,18570,05520,4,3
40089009987,40,089,009987,4691,2453,1595,112,527,3,1,3124,1795,966,65,297,1,0,635.84,448.31,14205,36750,91469,11850,15370,4,3
40089009988,40,089,009988,5289,4276,437,51,492,31,2,3857,3223,282,33,304,15,0,785.03,553.5,14205,36750,91469,09720,15370,4,3
40089009989,40,089,009989,2979,2209,559,41,160,10,0,2133,1645,360,26,94,8,0,434.14,306.1,14205,33150,92956,30090,14080,4,3
40091009796,40,091,009796,3224,2589,122,32,473,7,1,2482,2080,96,18,282,5,1,702.25,423.54,18170,62950,90520,NA,07350,6,2
40091009797,40,091,009797,3500,2692,256,46,498,5,3,2657,2140,166,21,324,5,1,751.76,453.4,18170,13650,90520,NA,07350,6,2
40091009798,40,091,009798,1674,1278,102,6,284,4,0,1298,1029,81,2,183,3,0,367.25,221.5,18170,34900,91352,NA,07350,6,2
40091009799,40,091,009799,1159,631,54,9,459,0,6,814,475,36,6,297,0,0,251.96,152.05,18170,32350,91248,26580,13680,6,2
40091009801,40,091,009801,1955,1378,33,12,530,2,0,1496,1132,25,9,328,2,0,463.06,279.44,18170,70200,91079,28620,11160,6,2
40091009802,40,091,009802,2879,2026,306,25,516,6,0,2171,1667,205,13,282,4,0,671.99,405.52,18170,24650,91079,NA,11160,6,2
40091009803,40,091,009803,2388,2080,7,20,278,2,1,1943,1741,4,13,183,2,0,549.74,331.56,18170,NA,90520,NA,11160,6,2
40093009551,40,093,009551,3049,2907,1,80,58,2,1,2194,2110,1,48,33,2,0,401.42,770.38,NA,15300,90936,NA,25920,5,6
40093009552,40,093,009552,1853,1801,0,30,22,0,0,1383,1359,0,15,9,0,0,253.04,485.61,NA,NA,91105,25140,11280,5,6
40093009553,40,093,009553,3153,3073,2,22,48,8,0,2304,2264,1,10,23,6,0,421.54,809.01,NA,25100,91105,25140,11280,5,6
40095009947,40,095,009947,3849,3090,175,209,369,4,2,2866,2394,119,120,230,2,1,839.94,551.29,13925,45750,92210,NA,18700,4,3
40095009948,40,095,009948,4531,4073,1,38,409,8,2,3601,3304,1,29,260,6,1,1055.35,692.67,13925,39900,93081,NA,16590,4,3
40095994698,40,095,994698,2449,2132,8,28,280,1,0,1903,1686,4,13,199,1,0,557.71,366.05,13925,53400,92210,NA,18700,4,3
40095994997,40,095,994997,0,0,0,0,0,0,0,0,0,0,0,0,0,0,0,0,13925,NA,92210,NA,18700,4,3
40095994998,40,095,994998,0,0,0,0,0,0,0,0,0,0,0,0,0,0,0,0,13925,NA,92210,NA,18700,4,3
40097000401,40,097,000401,4211,3494,8,53,645,11,0,3135,2701,2,32,393,7,0,734.99,676.25,13757,61000,92613,NA,25200,6,2
40097000402,40,097,000402,4208,3702,2,50,440,14,0,3093,2783,1,27,274,8,0,725.15,667.19,13757,61000,92613,NA,25200,6,2
40097000403,40,097,000403,2555,2218,1,17,314,5,0,1828,1614,1,11,199,3,0,428.57,394.32,13757,61000,92613,23190,25200,6,2
40097000404,40,097,000404,4458,3876,29,52,483,18,0,3139,2783,23,28,291,14,0,735.93,677.11,13757,14300,92613,NA,07670,6,2
40097000405,40,097,000405,6435,4668,5,65,1694,3,0,4655,3588,3,41,1021,2,0,1091.36,1004.13,13757,43500,91703,NA,18000,6,2
40097000406,40,097,000406,3432,2252,4,19,1154,0,3,2470,1743,4,12,708,0,3,555.59,474.21,13757,64950,90949,28110,26730,6,2
40097000407,40,097,000407,3129,2483,16,17,610,3,0,2447,2022,16,12,394,3,0,550.41,469.79,13757,41500,90949,28110,16380,6,2
40097000408,40,097,000408,4938,4259,3,35,626,15,0,3522,3108,2,25,380,7,0,911,788,13757,250,90026,23190,02460,6,2
40099009906,40,099,009906,1560,1333,0,31,194,1,1,1093,965,0,18,108,1,1,305.31,218.23,13925,34150,90962,09990,29160,4,3
40099009907,40,099,009907,4829,4189,144,60,433,3,0,3621,3238,88,31,262,2,0,1011.46,722.99,13925,19450,93770,09990,09510,4,3
40099009908,40,099,009908,5653,4815,59,78,684,12,5,4261,3752,40,41,416,8,4,1190.23,850.78,13925,71350,90962,09990,29160,4,3
40101000001,40,101,000001,5349,3730,1061,55,475,24,4,4153,3087,686,35,327,16,2,915.89,729.82,18170,50050,91924,NA,20970,6,2
40101000002,40,101,000002,2032,670,1170,29,128,35,0,1391,487,787,19,79,19,0,306.77,244.44,18170,50050,91924,NA,20970,6,2
40101000003,40,101,000003,3933,1774,1800,68,267,19,5,2760,1359,1178,38,170,12,3,608.68,485.02,18170,50050,91924,NA,20970,6,2
40101000004,40,101,000004,1367,210,1130,2,25,0,0,909,172,715,1,21,0,0,200.47,159.74,18170,50050,91924,NA,20970,6,2
40101000005,40,101,000005,600,321,135,57,86,0,1,511,292,106,51,61,0,1,112.69,89.8,18170,50050,91924,NA,20970,6,2
40101000006,40,101,000006,1881,911,712,29,227,2,0,1408,711,534,16,146,1,0,310.52,247.43,18170,50050,91924,NA,20970,6,2
40101000007,40,101,000007,5682,4433,292,122,816,19,0,4205,3456,176,58,501,14,0,927.36,738.96,18170,50050,91924,NA,20970,6,2
40101000008,40,101,000008,6922,5822,240,74,750,36,0,5233,4490,160,46,512,25,0,1154.07,919.61,18170,50050,91924,NA,20970,6,2
40101000009,40,101,000009,5163,4157,117,60,814,13,2,3906,3245,65,37,551,7,1,861.42,686.41,18170,50050,91924,NA,20970,6,2
40101000010,40,101,000010,3924,3109,315,64,401,32,3,2645,2190,149,29,257,20,0,583.32,464.81,18170,50050,91924,NA,14520,6,2
40101000011,40,101,000011,3346,2488,325,19,506,7,1,2289,1784,209,11,278,6,1,504.81,402.25,18170,50050,91937,10230,22830,6,2
40101000012,40,101,000012,4579,2878,1152,42,473,31,3,3644,2307,950,38,327,19,3,803.64,640.37,18170,50050,91924,31380,20970,6,2
40101000013,40,101,000013,5468,4466,83,27,872,20,0,3855,3276,50,20,496,13,0,850.17,677.45,13757,50050,91924,10230,20970,6,2
40101000014,40,101,000014,6704,5194,142,120,1236,12,0,4502,3627,87,65,720,3,0,992.86,791.15,13757,27200,91924,NA,11970,6,2
40101000015,40,101,000015,6599,4988,95,48,1467,1,0,4765,3763,76,29,897,0,0,1050.86,837.37,13757,78400,92574,NA,24840,6,2
40101000016,40,101,000016,4526,3349,726,57,393,1,0,3279,2505,487,32,254,1,0,277,101,18170,32900,91261,31380,13950,6,2
40101001793,40,101,001793,3,3,0,0,0,0,0,2,2,0,0,0,0,0,0.44,0.35,18170,NA,91924,NA,24810,6,2
40101001794,40,101,001794,0,0,0,0,0,0,0,0,0,0,0,0,0,0,0,0,18170,NA,91924,NA,24810,6,2
40101001795,40,101,001795,0,0,0,0,0,0,0,0,0,0,0,0,0,0,172.33,120.67,18170,NA,91261,NA,24810,6,2
40101001796,40,101,001796,0,0,0,0,0,0,0,0,0,0,0,0,0,0,0,0,18170,NA,91261,NA,24810,6,2
40101001797,40,101,001797,0,0,0,0,0,0,0,0,0,0,0,0,0,0,172.33,120.67,18170,NA,91261,NA,13950,6,2
40101001798,40,101,001798,0,0,0,0,0,0,0,0,0,0,0,0,0,0,172.33,120.67,18170,NA,91261,NA,13950,6,2
40103009566,40,103,009566,2839,2127,0,38,665,9,0,1935,1509,0,21,400,5,0,411.73,587.94,56410,62650,90975,29250,00020,3,5
40103009567,40,103,009567,855,820,2,9,24,0,0,652,633,2,3,14,0,0,138.73,198.11,NA,6100,90234,NA,04360,3,5
40103009568,40,103,009568,1762,1714,0,11,33,4,0,1294,1267,0,6,19,2,0,275.34,393.18,56410,58250,92522,29250,23850,3,5
40103009569,40,103,009569,3678,3413,106,42,110,6,1,2754,2578,78,24,68,5,1,585.99,836.79,56410,58250,92522,NA,23850,3,5
40103009570,40,103,009570,1911,1709,91,26,80,5,0,1425,1306,49,16,52,2,0,303.21,432.98,56410,58250,92522,NA,23850,3,5
40105009721,40,105,009721,2102,1783,24,14,277,4,0,1505,1302,17,8,178,0,0,390.75,343.22,13757,68600,92912,26640,00021,6,2
40105009722,40,105,009722,1558,1243,62,7,244,2,0,1147,946,44,5,150,2,0,297.8,261.57,13757,19850,91664,26640,00021,6,2
40105009723,40,105,009723,1065,928,0,5,132,0,0,814,724,0,3,87,0,0,211.34,185.63,13757,NA,92353,NA,21930,6,2
40105009724,40,105,009724,4622,3473,267,39,842,0,1,3528,2793,179,26,530,0,0,916,804.57,13757,52900,92353,NA,21930,6,2
40105009725,40,105,009725,645,507,6,8,124,0,0,478,396,6,2,74,0,0,124.11,109.01,13757,51050,90052,NA,02820,6,2
40107009806,40,107,009806,2814,1970,162,36,644,1,1,2038,1519,114,26,378,0,1,493.97,384.71,18170,4700,92405,03690,19260,6,2
40107009807,40,107,009807,1510,1272,27,15,193,3,0,1092,939,22,6,122,3,0,239.66,135.78,18170,56800,92457,NA,23340,6,2
40107009808,40,107,009808,1435,457,870,26,80,1,1,1168,401,678,19,68,1,1,256.34,145.22,18170,7500,90299,NA,05000,6,2
40107009809,40,107,009809,3432,2612,61,38,709,11,1,2524,2056,38,27,395,7,1,611.77,476.45,18170,54200,92405,03690,06850,6,2
40107009810,40,107,009810,2360,1449,205,25,680,1,0,1705,1120,165,13,406,1,0,413.26,321.85,18170,79800,93640,03690,32220,6,2
40109001001,40,109,001001,3099,2313,475,93,127,90,1,2449,1947,282,62,88,70,0,387.81,564.28,NA,55000,92418,NA,22770,3,5
40109001002,40,109,001002,5507,4417,447,256,193,191,3,4375,3654,258,170,160,131,2,692.81,1008.06,NA,55000,92418,NA,22770,3,5
40109001003,40,109,001003,2560,2275,140,61,50,33,1,2028,1842,94,35,37,19,1,321.15,467.28,NA,55000,92418,NA,22770,3,5
40109001004,40,109,001004,3266,230,2943,35,49,8,1,2219,181,1981,19,30,7,1,351.39,511.29,NA,55000,92418,NA,22770,5,6
40109001005,40,109,001005,2038,86,1922,11,14,5,0,1454,77,1351,8,14,4,0,230.25,335.02,NA,55000,92418,NA,22770,5,6
40109001006,40,109,001006,679,581,66,10,11,11,0,562,492,44,8,8,10,0,89,129.49,NA,55000,92418,NA,22770,5,6
40109001007,40,109,001007,1562,785,489,90,73,125,0,1049,640,238,60,38,73,0,166.11,241.7,NA,55000,92418,NA,22770,3,6
40109001008,40,109,001008,2579,1551,546,115,85,280,2,1892,1234,295,75,57,229,2,299.61,435.94,NA,55000,92418,NA,22770,3,6
40109001009,40,109,001009,1449,1292,38,45,56,16,2,1126,1024,22,29,38,11,2,178.31,259.45,NA,55000,92418,NA,22770,3,5
40109001010,40,109,001010,2630,1236,541,170,108,573,2,2000,1063,330,114,76,416,1,316.71,460.83,NA,55000,92418,NA,22770,3,6
40109001011,40,109,001011,758,283,338,31,44,62,0,543,245,202,19,32,45,0,85.99,125.11,NA,55000,92418,NA,22770,3,6
40109001012,40,109,001012,1121,536,384,45,45,110,1,841,464,248,32,32,65,0,133.18,193.78,NA,55000,92418,NA,22770,5,6
40109001013,40,109,001013,3770,87,3594,58,28,2,1,2847,71,2713,37,25,1,0,450.84,655.99,NA,55000,92418,NA,22770,5,6
40109001014,40,109,001014,1632,71,1501,29,27,4,0,1119,47,1038,18,14,2,0,177.2,257.83,NA,55000,92418,NA,22770,5,6
40109001015,40,109,001015,2234,616,1509,31,39,38,1,1700,543,1070,23,34,30,0,269.2,391.7,NA,55000,92418,NA,22770,5,6
40109001016,40,109,001016,481,297,147,10,20,7,0,432,286,116,7,16,7,0,68.41,99.54,NA,55000,92418,NA,22770,5,6
40109001017,40,109,001017,1203,1067,58,30,38,10,0,915,815,39,21,30,10,0,144.9,210.83,NA,55000,92418,NA,22770,3,6
40109001018,40,109,001018,1351,1009,195,44,40,63,0,1074,831,134,30,30,49,0,170.07,247.46,NA,55000,92418,NA,22770,3,5
40109001019,40,109,001019,2591,1792,317,177,96,204,5,1950,1414,174,119,72,167,4,308.79,449.31,NA,55000,92418,NA,22770,3,5
40109001020,40,109,001020,2560,1959,204,168,109,120,0,2083,1678,114,117,84,90,0,329.85,479.95,NA,55000,92418,NA,22770,3,5
40109001021,40,109,001021,1931,1613,99,106,89,24,0,1509,1311,54,61,68,15,0,238.96,347.69,NA,55000,92418,NA,22770,3,5
40109001022,40,109,001022,2293,1810,174,124,132,51,2,1735,1444,94,75,88,33,1,274.75,399.77,NA,55000,92418,NA,22770,3,5
40109001023,40,109,001023,2666,1792,321,282,189,81,1,1989,1458,192,161,118,59,1,314.97,458.29,NA,55000,92418,NA,22770,3,5
40109001024,40,109,001024,3148,1556,603,580,283,123,3,2059,1170,319,321,179,69,1,326.05,474.42,NA,55000,92418,NA,22770,3,5
40109001025,40,109,001025,647,449,96,47,48,7,0,602,431,85,40,43,3,0,95.33,138.71,NA,55000,92418,NA,22770,3,6
40109001026,40,109,001026,420,31,376,1,11,0,1,236,26,199,1,9,0,1,37.37,54.38,NA,55000,92418,NA,22770,5,6
40109001027,40,109,001027,142,81,45,7,5,4,0,63,36,24,2,1,0,0,9.98,14.52,NA,55000,92418,NA,22770,5,6
40109001028,40,109,001028,3306,127,3121,16,41,1,0,2423,119,2263,8,32,1,0,383.7,558.29,NA,55000,92418,NA,22770,5,6
40109001029,40,109,001029,698,174,503,13,3,5,0,449,118,319,7,1,4,0,71.1,103.46,NA,55000,92418,NA,22770,5,6
40109001030,40,109,001030,983,16,956,5,5,1,0,587,10,570,1,5,1,0,92.95,135.25,NA,55000,92418,NA,22770,5,6
40109001032,40,109,001032,1613,953,385,101,135,38,1,1421,863,344,81,105,27,1,225.02,327.42,NA,55000,92418,NA,22770,5,6
40109001033,40,109,001033,1662,812,298,344,181,27,0,1195,669,192,193,124,17,0,189.23,275.34,NA,55000,92418,NA,22770,3,6
40109001034,40,109,001034,456,265,28,97,61,3,2,300,191,18,56,33,1,1,47.51,69.12,NA,55000,92418,NA,22770,3,6
40109001035,40,109,001035,410,225,38,73,62,11,1,322,188,36,45,47,5,1,50.99,74.19,NA,55000,92418,NA,22770,3,6
40109001037,40,109,001037,452,186,36,177,48,0,5,334,153,33,113,32,0,3,52.89,76.96,NA,55000,92418,NA,22770,5,6
40109001038,40,109,001038,443,60,346,23,13,1,0,334,39,269,12,13,1,0,52.89,76.96,NA,55000,92418,NA,22770,5,6
40109001039,40,109,001039,4055,2266,468,1018,279,10,14,2578,1629,213,536,184,6,10,408.24,594.01,NA,55000,92418,NA,22770,5,6
40109001040,40,109,001040,489,121,82,253,32,0,1,317,86,54,158,18,0,1,50.2,73.04,NA,55000,92418,NA,22770,3,6
40109001041,40,109,001041,2594,1666,390,327,199,9,3,1825,1282,230,172,133,6,2,289,420.5,NA,55000,92418,NA,22770,3,5
40109001042,40,109,001042,1647,1145,55,332,98,16,1,1223,913,26,207,66,10,1,193.67,281.8,NA,55000,92418,NA,22770,3,5
40109001043,40,109,001043,2700,1744,54,689,194,16,3,1882,1341,28,373,124,13,3,298.03,433.64,NA,55000,92418,NA,22770,3,5
40109001044,40,109,001044,2745,1867,76,548,222,30,2,1961,1451,33,307,148,20,2,310.54,451.84,NA,55000,92418,NA,22770,3,5
40109001045,40,109,001045,2588,1933,64,400,171,19,1,1878,1491,26,237,111,13,0,297.39,432.72,NA,55000,92418,NA,22770,3,5
40109001046,40,109,001046,914,519,49,242,103,1,0,656,422,24,145,64,1,0,103.88,151.15,NA,55000,92418,NA,22770,5,6
40109001047,40,109,001047,1183,767,61,224,123,7,1,912,637,42,140,89,3,1,144.42,210.14,NA,55000,92418,NA,22770,5,6
40109001048,40,109,001048,2656,2007,48,430,166,5,0,1949,1571,21,231,125,1,0,308.63,449.08,NA,55000,92418,NA,22770,5,6
40109001049,40,109,001049,2991,2266,57,414,229,24,1,2215,1764,34,244,153,19,1,350.76,510.37,NA,55000,92418,NA,22770,5,6
40109001050,40,109,001050,1742,1172,25,406,132,3,4,1330,996,11,230,87,3,3,210.61,306.45,NA,55000,92418,NA,22770,5,6
40109001051,40,109,001051,1596,900,555,43,64,33,1,1229,772,362,17,51,26,1,194.62,283.18,NA,55000,92418,NA,22770,5,6
40109001053,40,109,001053,2853,2066,243,273,248,21,2,2049,1589,139,136,169,14,2,324.47,472.12,NA,55000,92418,NA,09060,5,6
40109001054,40,109,001054,1810,1513,47,136,100,14,0,1316,1142,19,82,65,8,0,208.4,303.22,NA,55000,92418,NA,22770,5,6
40109001055,40,109,001055,2651,1950,169,313,178,37,4,1823,1424,82,163,125,27,2,288.68,420.04,NA,55000,92418,NA,22770,3,5
40109001056,40,109,001056,4661,2504,1003,798,321,29,6,2801,1841,432,340,171,15,2,443.55,645.39,NA,55000,92418,NA,22770,3,5
40109001057,40,109,001057,1069,475,139,356,94,5,0,757,374,111,206,63,3,0,119.88,174.42,NA,55000,92418,NA,22770,3,5
40109001058,40,109,001058,1052,741,5,172,129,4,1,718,544,1,97,73,2,1,113.7,165.44,NA,55000,92418,NA,22770,3,5
40109001060,40,109,001060,2179,740,1367,34,30,8,0,1661,629,987,18,19,8,0,263.03,382.72,NA,55000,92418,09150,20080,5,6
40109001061,40,109,001061,3918,656,3115,79,60,5,3,2968,589,2252,67,52,5,3,470,683.87,NA,55000,92418,09150,20080,5,6
40109001062,40,109,001062,1774,279,1455,10,28,2,0,1366,243,1090,7,24,2,0,216.31,314.74,NA,55000,92418,NA,22770,3,6
40109001079,40,109,001079,2285,20,2233,11,21,0,0,1640,18,1604,8,10,0,0,259.7,377.88,NA,55000,92418,09150,22770,5,6
40109001089,40,109,001089,3434,2447,799,67,115,6,0,2396,1720,566,38,71,1,0,379.42,552.07,50,38350,92418,NA,15840,3,5
40109001090,40,109,001090,7708,6887,80,156,561,23,1,5370,4887,53,89,330,11,0,850.37,1237.32,50,32750,92418,NA,13890,3,5
40109103101,40,109,103101,255,148,79,8,19,1,0,246,140,79,7,19,1,0,38.96,56.68,NA,55000,92418,NA,22770,5,6
40109103102,40,109,103102,0,0,0,0,0,0,0,0,0,0,0,0,0,0,0,0,NA,55000,92418,NA,22770,5,6
40109103601,40,109,103601,630,270,305,27,25,3,0,599,264,284,27,21,3,0,94.85,138.02,NA,55000,92418,NA,22770,5,6
40109103602,40,109,103602,229,110,46,20,52,1,0,214,107,46,10,50,1,0,33.89,49.31,NA,55000,92418,NA,22770,3,6
40109105201,40,109,105201,1747,33,1677,7,30,0,0,1278,31,1222,6,19,0,0,202.38,294.47,NA,55000,92418,NA,22770,5,6
40109105202,40,109,105202,1427,17,1398,8,2,2,0,1024,17,1000,3,2,2,0,162.16,235.94,NA,55000,92418,NA,22770,5,6
40109105903,40,109,105903,3129,2411,357,148,121,91,1,2412,1941,229,100,78,63,1,381.95,555.76,NA,55000,92418,NA,25290,3,5
40109105904,40,109,105904,3552,2734,326,180,189,121,2,2732,2221,184,111,132,82,2,432.63,629.49,NA,55000,92418,NA,22770,3,5
40109105995,40,109,105995,46,44,2,0,0,0,0,40,39,1,0,0,0,0,6.33,9.22,NA,55000,92418,NA,22770,3,5
40109105996,40,109,105996,2105,1830,87,93,62,33,0,1648,1477,47,59,44,21,0,260.97,379.72,NA,55000,92418,NA,22770,3,5
40109105997,40,109,105997,2598,2249,142,78,76,52,1,2101,1888,76,48,54,34,1,332.71,484.1,NA,55000,92418,NA,22770,3,5
40109105998,40,109,105998,3778,2937,328,225,178,107,3,2947,2416,191,134,123,83,0,466.67,679.03,NA,55000,92418,NA,22770,3,5
40109106301,40,109,106301,3606,852,2619,68,48,13,6,2223,655,1476,44,40,8,0,352.02,512.21,NA,55000,92418,NA,22770,3,6
40109106302,40,109,106302,3647,1557,1763,137,83,100,7,2469,1230,1031,78,55,72,3,390.98,568.89,NA,55000,92418,NA,22770,3,6
40109106303,40,109,106303,3023,2166,570,145,106,35,1,2230,1751,307,85,67,19,1,353.13,513.82,NA,55000,92418,NA,22770,3,5
40109106401,40,109,106401,2334,2241,12,14,36,31,0,1835,1762,10,10,33,20,0,290.58,422.81,NA,51800,92418,NA,22770,3,5
40109106402,40,109,106402,2109,1983,18,34,58,15,1,1730,1645,9,22,42,12,0,273.96,398.62,NA,55000,92418,NA,22770,3,5
40109106403,40,109,106403,5143,4494,334,107,156,51,1,3979,3581,179,74,108,37,0,630.1,916.82,NA,73250,92418,NA,22770,3,5
40109106501,40,109,106501,2890,2599,113,104,50,24,0,2560,2323,91,76,49,21,0,405.39,589.86,NA,55000,92418,NA,22770,3,5
40109106502,40,109,106502,3288,2779,226,82,97,104,0,2783,2411,153,59,80,80,0,440.7,641.24,NA,55000,92418,NA,22770,3,5
40109106503,40,109,106503,1632,1408,83,53,28,60,0,1420,1266,49,39,25,41,0,224.86,327.19,NA,55000,92418,NA,22770,3,5
40109106601,40,109,106601,2770,2371,110,107,88,93,1,2299,2015,77,64,72,70,1,364.06,529.72,NA,55000,92418,NA,22770,3,5
40109106602,40,109,106602,2393,2105,51,55,75,104,3,2047,1827,41,43,53,82,1,324.15,471.66,NA,55000,92418,NA,25290,3,5
40109106604,40,109,106604,2470,2156,131,33,79,71,0,2286,2016,111,31,70,58,0,362,526.73,NA,55000,92418,NA,22770,3,5
40109106606,40,109,106606,2069,1936,25,41,52,15,0,1608,1523,14,23,36,12,0,254.64,370.5,NA,55000,92418,NA,25290,3,5
40109106607,40,109,106607,3411,2971,170,83,95,89,3,2765,2458,110,53,72,69,3,437.85,637.09,NA,55000,92418,NA,25290,3,5
40109106608,40,109,106608,3341,3058,112,42,82,42,5,2807,2593,85,31,60,36,2,444.5,646.77,NA,55000,92418,NA,25290,3,5
40109106609,40,109,106609,1356,1224,44,29,47,12,0,1130,1050,25,20,29,6,0,178.94,260.37,NA,55000,92418,NA,22770,3,5
40109106610,40,109,106610,1161,997,70,31,29,32,2,972,857,51,22,20,22,0,153.92,223.96,NA,55000,92418,NA,25290,3,5
40109106702,40,109,106702,3710,3356,46,151,113,44,0,2715,2502,28,80,72,33,0,429.94,625.57,NA,78500,92418,NA,25290,3,5
40109106703,40,109,106703,6207,4707,755,348,200,195,2,4535,3604,447,188,144,150,2,718.14,1044.93,NA,55000,92418,NA,25290,3,5
40109106704,40,109,106704,2289,2142,21,35,63,27,1,1840,1738,15,24,41,21,1,291.37,423.96,NA,5700,92418,NA,25290,3,5
40109106705,40,109,106705,2284,2087,71,44,62,17,3,1739,1607,46,24,46,15,1,275.38,400.69,NA,78500,92418,NA,25290,3,5
40109106706,40,109,106706,3777,3391,139,108,82,57,0,2999,2725,95,66,67,46,0,474.91,691.01,NA,55000,92418,NA,25290,3,5
40109106801,40,109,106801,1459,1319,8,57,55,18,2,1125,1025,7,41,34,18,0,178.15,259.22,NA,5700,92418,NA,04110,3,5
40109106802,40,109,106802,2353,2159,58,63,63,9,1,1876,1739,39,48,41,8,1,297.08,432.26,NA,5700,92418,NA,04110,3,5
40109106803,40,109,106803,3113,2703,126,78,150,55,1,2304,2052,74,50,91,37,0,364.85,530.87,NA,5700,92418,NA,25290,3,5
40109106804,40,109,106804,3527,3127,83,93,162,62,0,2717,2446,52,60,113,46,0,430.25,626.03,NA,78500,92418,NA,25290,3,5
40109106902,40,109,106902,2434,2202,44,53,99,35,1,1817,1669,27,28,69,24,0,287.73,418.66,NA,5700,92418,NA,25290,3,5
40109106903,40,109,106903,6362,5868,137,116,144,93,4,4826,4502,86,72,98,65,3,764.22,1111.98,NA,5700,92418,NA,25290,3,5
40109106906,40,109,106906,2692,2383,129,36,109,35,0,2215,2020,79,26,63,27,0,350.76,510.37,NA,55000,92418,NA,25290,3,5
40109106907,40,109,106907,2090,1765,129,99,59,35,3,1643,1416,84,68,47,28,0,260.18,378.57,NA,55000,92418,NA,25290,3,5
40109106909,40,109,106909,1601,1349,83,32,39,97,1,1243,1067,51,24,27,74,0,196.84,286.4,NA,55000,92418,NA,25290,3,5
40109106910,40,109,106910,2614,2311,79,75,74,74,1,2029,1839,51,42,48,48,1,321.3,467.51,NA,5700,92418,NA,25290,3,5
40109106911,40,109,106911,1632,1481,38,10,39,64,0,1248,1153,19,8,31,37,0,197.63,287.56,NA,55000,92418,NA,25290,3,5
40109106912,40,109,106912,3022,2116,441,108,117,238,2,2095,1578,230,65,69,153,0,331.75,482.72,NA,55000,92418,NA,32370,3,5
40109106913,40,109,106913,4217,2674,927,196,246,173,1,2751,1940,465,100,135,110,1,435.64,633.87,NA,55000,92418,NA,25290,3,5
40109106914,40,109,106914,3679,2724,548,127,213,65,2,2648,2091,299,83,132,42,1,419.33,610.14,NA,5700,92418,NA,25290,3,5
40109106915,40,109,106915,4619,3266,775,205,273,92,8,3427,2595,450,126,185,66,5,542.68,789.63,NA,55000,92418,NA,25290,3,5
40109106998,40,109,106998,0,0,0,0,0,0,0,0,0,0,0,0,0,0,0,0,NA,55000,92418,NA,25290,3,5
40109107001,40,109,107001,5369,4247,226,482,378,34,2,3839,3196,103,262,253,23,2,607.93,884.56,NA,55000,92418,NA,22770,3,5
40109107002,40,109,107002,1711,1259,67,254,118,11,2,1222,981,31,123,78,9,0,193.51,281.57,NA,55000,92418,NA,22770,3,5
40109107101,40,109,107101,49,47,0,0,2,0,0,39,38,0,0,1,0,0,6.18,8.99,NA,55000,92418,NA,32370,5,6
40109107103,40,109,107103,1648,1326,64,130,103,24,1,1194,1020,27,64,67,15,1,189.08,275.11,NA,55000,92418,NA,22770,5,6
40109107104,40,109,107104,2431,1919,146,156,193,13,4,1678,1402,63,87,115,9,2,265.72,386.63,NA,55000,92418,NA,22770,5,6
40109107206,40,109,107206,3829,3133,160,177,189,169,1,2858,2397,102,117,126,115,1,452.58,658.52,NA,55000,92418,NA,22770,5,6
40109107207,40,109,107207,2000,1651,118,88,94,49,0,1569,1333,78,56,69,33,0,248.46,361.52,NA,55000,92418,NA,22770,5,6
40109107209,40,109,107209,4579,3816,160,300,273,27,3,3685,3166,111,196,190,21,1,583.54,849.07,NA,55000,92418,NA,22770,5,6
40109107210,40,109,107210,1139,1020,3,51,44,21,0,841,768,1,28,32,12,0,133.18,193.78,NA,55000,92418,NA,20250,5,6
40109107211,40,109,107211,2199,1962,42,65,91,39,0,1750,1587,26,42,65,30,0,277.12,403.22,NA,55000,92418,NA,22770,5,6
40109107212,40,109,107212,5496,4541,247,221,286,198,3,3979,3371,148,140,189,130,1,630.1,916.82,NA,55000,92418,NA,32370,5,6
40109107213,40,109,107213,4629,3717,277,236,298,88,13,3291,2726,154,154,188,66,3,521.15,758.29,NA,55000,92418,NA,32370,5,6
40109107214,40,109,107214,2566,2305,32,86,110,33,0,2046,1884,14,56,74,18,0,324,471.43,NA,55000,92418,NA,22770,5,6
40109107215,40,109,107215,3580,3074,106,185,181,31,3,2770,2453,58,113,125,19,2,438.64,638.25,NA,55000,92418,NA,22770,5,6
40109107216,40,109,107216,2734,2225,87,180,224,16,2,2092,1766,37,117,158,12,2,331.28,482.03,NA,55000,92418,NA,22770,5,6
40109107217,40,109,107217,1663,1403,27,101,119,12,1,1269,1121,13,47,81,6,1,200.95,292.39,NA,55000,92418,NA,22770,5,6
40109107218,40,109,107218,2251,1911,43,174,108,14,1,1841,1611,29,108,82,11,0,291.53,424.19,NA,55000,92418,NA,22770,5,5
40109107219,40,109,107219,2415,2067,34,116,144,53,1,1866,1648,20,66,92,39,1,295.49,429.95,NA,55000,92418,NA,22770,5,6
40109107220,40,109,107220,2847,2423,80,131,179,29,5,2177,1901,46,89,116,23,2,344.74,501.61,NA,55000,92418,NA,22770,5,6
40109107221,40,109,107221,1866,1696,24,61,72,12,1,1558,1430,17,57,47,7,0,246.72,358.98,NA,55000,92418,NA,22770,5,6
40109107222,40,109,107222,1842,1438,141,119,125,18,1,1396,1136,82,80,85,12,1,221.06,321.66,NA,55000,92418,NA,22770,5,6
40109107223,40,109,107223,2489,2081,62,178,145,21,2,1981,1719,46,112,90,14,0,313.7,456.45,NA,55000,92418,NA,22770,5,6
40109107302,40,109,107302,2718,2189,126,192,194,13,4,1931,1607,72,112,128,11,1,305.78,444.93,NA,55000,92418,NA,22770,5,6
40109107303,40,109,107303,1414,1167,47,73,119,7,1,1028,882,27,36,77,5,1,162.79,236.87,NA,55000,92418,NA,22770,5,6
40109107304,40,109,107304,5531,3559,1261,321,300,86,4,3747,2628,680,197,181,59,2,593.36,863.36,NA,55000,92418,NA,22770,5,6
40109107401,40,109,107401,6524,3871,1963,208,222,251,9,4256,2681,1100,134,147,190,4,673.96,980.64,NA,55000,92418,NA,19950,1,6
40109107402,40,109,107402,6016,4247,1059,227,157,322,4,4195,3040,677,146,93,239,0,664.3,966.58,NA,55000,92418,NA,19950,1,6
40109107485,40,109,107485,2713,2130,282,66,132,100,3,1881,1519,174,41,78,68,1,297.87,433.41,NA,55000,92418,NA,19950,1,4
40109107585,40,109,107585,3699,2608,641,240,36,170,4,2357,1699,385,138,20,113,2,373.24,543.08,NA,55000,92418,NA,19950,1,4
40109107601,40,109,107601,2130,1657,267,47,120,37,2,1645,1330,173,27,81,32,2,260.49,379.03,NA,48350,92418,NA,19950,1,4
40109107604,40,109,107604,2543,2117,139,85,166,33,3,1898,1619,94,55,107,22,1,300.56,437.32,NA,48350,92418,NA,19950,1,4
40109107605,40,109,107605,2741,2236,218,125,130,29,3,1959,1649,137,72,74,24,3,310.22,451.38,NA,48350,92418,NA,19950,1,4
40109107606,40,109,107606,583,523,15,13,31,1,0,415,384,5,5,20,1,0,65.72,95.62,NA,48350,92418,NA,19950,1,4
40109107607,40,109,107607,3312,2792,249,109,105,56,1,2324,1974,174,62,73,41,0,368.02,535.48,NA,48350,92418,NA,19950,1,4
40109107703,40,109,107703,3239,2764,179,99,130,64,3,2352,2065,101,60,80,44,2,372.45,541.93,NA,48350,92418,NA,19950,1,4
40109107704,40,109,107704,1725,1534,56,47,63,25,0,1281,1160,32,32,41,16,0,202.85,295.16,NA,48350,92418,NA,19950,1,4
40109107705,40,109,107705,2299,1916,134,85,118,45,1,1738,1477,91,57,78,34,1,275.22,400.46,NA,48350,92418,NA,19950,1,4
40109107706,40,109,107706,2899,2401,214,80,144,59,1,2203,1871,131,48,110,43,0,348.86,507.6,NA,48350,92418,NA,19950,1,4
40109107707,40,109,107707,1374,1211,46,36,68,13,0,1021,914,25,24,50,8,0,161.68,235.25,NA,48350,92418,NA,19950,1,4
40109107801,40,109,107801,3751,2720,735,102,113,79,2,2590,2031,374,54,78,53,0,410.14,596.77,NA,19900,92418,NA,19950,5,6
40109107804,40,109,107804,2833,2505,109,47,150,20,2,2127,1936,58,29,90,14,0,336.82,490.09,NA,19900,92418,NA,19950,5,6
40109107805,40,109,107805,3159,2132,719,94,177,35,2,2221,1626,406,50,114,25,0,351.71,511.75,NA,19900,92418,NA,19950,5,6
40109107806,40,109,107806,3999,3286,370,93,176,73,1,3081,2624,214,56,128,58,1,487.89,709.9,NA,19900,92418,09150,19950,5,6
40109107807,40,109,107807,3085,2624,179,131,85,64,2,2272,1982,98,88,51,53,0,359.78,523.5,NA,19900,92418,NA,19950,5,6
40109107808,40,109,107808,2435,1865,290,76,113,88,3,1777,1431,167,42,78,59,0,281.4,409.44,NA,19900,92418,NA,19950,5,6
40109107809,40,109,107809,1779,1512,89,80,86,10,2,1298,1137,47,42,63,9,0,205.55,299.08,NA,19900,92418,NA,19950,5,6
40109107810,40,109,107810,2930,2520,115,85,173,37,0,2071,1833,55,44,113,26,0,327.95,477.19,NA,19900,92418,NA,19950,5,6
40109108003,40,109,108003,4129,1853,1948,118,107,100,3,2822,1448,1145,79,74,76,0,446.88,650.23,NA,48350,92418,09150,22770,3,6
40109108005,40,109,108005,2427,1207,1093,32,89,6,0,1793,974,735,25,54,5,0,283.93,413.13,NA,69200,92418,09150,22770,3,6
40109108006,40,109,108006,3518,3008,240,61,116,89,4,2702,2345,160,42,91,62,2,427.88,622.58,NA,48350,92418,09150,19950,1,4
40109108007,40,109,108007,3314,2967,150,36,102,59,0,2721,2461,106,29,79,46,0,430.89,626.96,NA,48350,92418,NA,19950,1,4
40109108008,40,109,108008,4249,2866,1063,120,148,49,3,3012,2184,611,76,104,37,0,476.97,694.01,NA,48350,92418,NA,19950,1,4
40109108009,40,109,108009,3065,2019,811,80,92,57,6,2095,1472,476,48,55,42,2,331.75,482.72,NA,48350,92418,NA,22770,1,4
40109108010,40,109,108010,3465,2071,1130,96,141,27,0,2412,1569,661,58,100,24,0,381.95,555.76,NA,48350,92418,NA,22770,3,6
40109108011,40,109,108011,3478,1290,1976,79,94,38,1,2249,1007,1114,45,56,26,1,356.14,518.2,NA,48350,92418,NA,22770,3,6
40109108101,40,109,108101,1140,995,94,7,43,1,0,843,743,68,4,28,0,0,133.49,194.24,NA,55000,92418,22350,15840,3,5
40109108103,40,109,108103,3740,3078,422,62,171,4,3,2672,2236,292,39,101,4,0,423.13,615.67,37210,44500,92418,22350,18630,3,5
40109108104,40,109,108104,3851,3656,24,50,78,43,0,2674,2544,14,30,58,28,0,423.44,616.13,NA,23200,92418,NA,10590,3,5
40109108105,40,109,108105,11442,10639,237,167,238,160,1,7995,7417,185,105,174,113,1,1266.05,1842.16,NA,23200,92418,22350,10590,3,5
40109108201,40,109,108201,3661,3304,79,95,114,69,0,2897,2629,58,69,84,57,0,458.76,667.51,NA,23200,92418,NA,10590,3,5
40109108203,40,109,108203,3196,2872,99,79,119,27,0,2190,2009,47,43,74,17,0,346.8,504.61,NA,23200,92418,NA,10590,3,5
40109108204,40,109,108204,1546,1404,50,28,47,17,0,1112,1014,31,20,34,13,0,176.09,256.22,NA,23200,92418,NA,10590,3,5
40109108206,40,109,108206,2682,2516,69,42,33,22,0,1831,1722,42,29,21,17,0,289.95,421.89,NA,23200,92418,NA,10590,3,5
40109108207,40,109,108207,1805,1173,248,60,70,253,1,1634,1059,229,51,51,243,1,258.75,376.5,NA,23200,92418,NA,10590,3,5
40109108208,40,109,108208,3853,2987,401,117,109,238,1,2924,2338,240,65,71,210,0,463.03,673.73,NA,23200,92418,NA,10590,3,5
40109108209,40,109,108209,5494,5058,170,84,119,57,6,3564,3298,105,50,71,40,0,564.38,821.19,NA,23200,92418,NA,10590,3,5
40109108210,40,109,108210,4750,4356,144,88,105,54,3,3060,2845,78,47,51,37,2,484.57,705.07,NA,23200,92418,NA,10590,3,5
40109108211,40,109,108211,3790,3559,61,52,92,23,3,2559,2427,29,28,56,16,3,405.23,589.63,NA,23200,92418,NA,10590,3,5
40109108301,40,109,108301,1441,528,882,8,20,3,0,1038,427,586,6,16,3,0,164.37,239.17,NA,55000,92418,NA,22770,3,6
40109108302,40,109,108302,2473,1855,513,29,51,25,0,1770,1373,324,18,36,19,0,280.29,407.83,NA,55000,92418,NA,22770,3,6
40109108303,40,109,108303,4397,4016,143,61,84,87,6,3439,3171,103,40,56,68,1,544.58,792.39,NA,23200,92418,NA,10590,3,5
40109108304,40,109,108304,5095,4790,42,67,143,52,1,3716,3513,28,41,97,37,0,588.45,856.22,NA,23200,92418,NA,10590,3,5
40109108306,40,109,108306,6576,4700,1356,182,136,200,2,5708,4240,1025,153,121,168,1,903.89,1315.2,NA,55000,92418,NA,22770,3,5
40109108307,40,109,108307,4900,3910,792,98,70,23,7,3941,3250,558,60,55,16,2,624.08,908.06,NA,55000,92418,NA,22770,3,5
40109108309,40,109,108309,2101,790,1153,62,33,62,1,1377,610,668,35,23,41,0,218.06,317.28,NA,55000,92418,NA,22770,3,6
40109108310,40,109,108310,2609,1429,997,83,57,42,1,2112,1286,690,54,51,30,1,334.45,486.63,NA,55000,92418,NA,22770,3,6
40109108311,40,109,108311,1955,1614,245,34,27,33,2,1517,1273,168,25,23,27,1,240.23,349.54,NA,55000,92418,NA,10590,3,5
40109108312,40,109,108312,3713,3371,132,55,76,76,3,2574,2366,82,34,48,44,0,407.61,593.08,NA,55000,92418,NA,10590,3,5
40109108402,40,109,108402,1490,1402,31,22,24,11,0,1221,1165,16,16,18,6,0,193.35,281.33,NA,73250,92418,NA,22770,3,5
40109108403,40,109,108403,2220,1978,121,34,59,28,0,1743,1578,78,24,43,20,0,276.01,401.61,NA,73250,92418,NA,22770,3,5
40109108404,40,109,108404,3443,2698,554,79,70,36,6,2618,2143,351,50,51,23,0,414.57,603.22,NA,73250,92418,NA,22770,3,5
40109108504,40,109,108504,4295,3901,176,87,63,68,0,3359,3078,126,56,48,51,0,531.92,773.96,NA,55000,92418,NA,25290,3,5
40109108506,40,109,108506,3263,2970,179,33,35,46,0,2533,2336,111,27,30,29,0,401.11,583.64,NA,55000,92418,NA,22770,3,5
40109108507,40,109,108507,1153,1086,33,8,21,5,0,1019,968,21,6,20,4,0,161.36,234.79,NA,55000,92418,NA,22770,3,5
40109108508,40,109,108508,1819,1607,126,17,40,28,1,1413,1283,69,13,32,16,0,223.76,325.57,NA,55000,92418,NA,25290,3,5
40109108511,40,109,108511,374,351,6,2,6,9,0,255,240,4,2,5,4,0,40.38,58.76,NA,55000,92418,NA,09570,3,5
40109108512,40,109,108512,1221,1166,3,20,26,6,0,831,793,2,12,20,4,0,131.59,191.47,NA,55000,92418,NA,09570,3,5
40109108513,40,109,108513,3851,3412,172,45,91,131,0,2763,2476,108,30,59,90,0,437.54,636.63,NA,55000,92418,NA,25290,3,5
40109108514,40,109,108514,4405,3712,345,98,125,125,0,3304,2858,212,67,87,80,0,523.21,761.29,NA,55000,92418,NA,25290,3,5
40109108515,40,109,108515,4894,4399,232,89,97,76,1,3600,3279,150,49,70,52,0,570.08,829.49,NA,55000,92418,NA,25290,3,5
40109108516,40,109,108516,5115,4413,355,81,114,146,6,3374,2963,220,49,60,82,0,534.29,777.42,NA,55000,92418,NA,25290,3,5
40109108517,40,109,108517,4357,3892,169,77,78,139,2,2900,2620,104,50,49,77,0,459.23,668.2,NA,55000,92418,NA,25290,3,5
40109108518,40,109,108518,3362,2954,192,80,70,62,4,2560,2267,139,58,49,46,1,405.39,589.86,NA,55000,92418,NA,25290,3,5
40109108519,40,109,108519,3805,3526,69,72,57,81,0,3034,2825,58,54,45,52,0,480.45,699.07,NA,55000,92418,NA,22770,3,5
40109108520,40,109,108520,1898,1782,54,24,25,13,0,1596,1500,47,17,22,10,0,252.74,367.74,NA,55000,92418,NA,22770,3,5
40109108521,40,109,108521,1235,1015,104,37,27,52,0,997,829,74,32,18,44,0,157.88,229.72,NA,55000,92418,NA,25290,3,5
40109108522,40,109,108522,6103,5294,366,110,156,175,2,4144,3619,237,73,90,123,2,656.23,954.83,NA,55000,92418,NA,25290,3,5
40109108598,40,109,108598,0,0,0,0,0,0,0,0,0,0,0,0,0,0,0,0,NA,55000,92418,NA,25290,3,5
40109108601,40,109,108601,1496,1332,35,58,60,10,1,1071,981,18,27,36,9,0,169.6,246.77,NA,55000,92418,NA,32370,3,5
40109108602,40,109,108602,948,875,9,12,46,6,0,741,696,6,6,30,3,0,117.34,170.74,NA,55000,92418,NA,32370,3,5
40109108603,40,109,108603,1299,1232,4,24,37,2,0,945,898,4,13,29,1,0,149.65,217.74,NA,55000,92418,NA,32370,5,6
40109108701,40,109,108701,2151,1947,30,68,69,34,3,1565,1428,18,41,47,30,1,247.83,360.6,50,55000,92418,27120,19950,1,4
40109108702,40,109,108702,4355,3676,376,97,124,80,2,2970,2561,218,61,75,55,0,470.32,684.33,50,48350,92418,NA,07620,1,4
40109108703,40,109,108703,3278,2983,65,58,156,16,0,2359,2178,37,37,98,9,0,373.56,543.55,50,14200,92418,NA,07620,1,6
40109108704,40,109,108704,3500,3262,8,73,151,6,0,2505,2362,3,43,93,4,0,396.68,577.19,50,55000,92418,27120,07620,1,4
40109108705,40,109,108705,5043,4646,25,71,266,30,5,3473,3213,15,47,176,19,3,549.97,800.23,50,55000,92418,NA,13890,1,5
40109108801,40,109,108801,5289,4223,716,100,207,31,12,3922,3231,466,64,139,20,2,621.07,903.68,50,51850,92418,NA,07620,3,6
40109108802,40,109,108802,3718,3327,56,102,211,22,0,2565,2333,45,55,118,14,0,406.18,591.01,50,14200,92418,NA,07620,3,6
40109108803,40,109,108803,1656,30,1601,7,18,0,0,1136,25,1096,5,10,0,0,179.89,261.75,50,55000,92418,NA,22770,3,6
40109108804,40,109,108804,2503,1171,1220,54,43,14,1,1631,815,756,26,28,6,0,258.28,375.8,50,55000,92418,NA,22770,3,5
40111000001,40,111,000001,3553,1249,1907,62,315,18,2,2617,1043,1303,46,206,17,2,677.46,492.96,18170,55150,92431,NA,22800,6,2
40111000002,40,111,000002,3682,2306,729,47,590,10,0,2679,1791,472,33,379,4,0,693.51,504.64,18170,55150,92431,NA,22800,6,2
40111000003,40,111,000003,2910,2199,303,37,362,9,0,2173,1695,208,17,245,8,0,562.52,409.33,18170,55150,92431,NA,22800,6,2
40111000004,40,111,000004,4757,3821,354,53,517,10,2,3585,3002,223,35,316,8,1,928.04,675.31,18170,55150,92431,NA,22800,6,2
40111000005,40,111,000005,3207,2469,363,24,350,1,0,2302,1811,266,11,213,1,0,595.92,433.63,18170,5000,92431,21960,25050,6,2
40111000006,40,111,000006,4624,3711,391,51,457,11,3,3215,2630,248,28,303,6,0,832.26,605.61,18170,5000,90221,30450,03810,6,2
40111000007,40,111,000007,3028,2408,142,34,439,5,0,2082,1733,93,13,241,2,0,538.96,392.19,18170,49400,91885,17610,20310,6,2
40111000008,40,111,000008,3140,2492,187,30,428,3,0,2324,1886,147,21,268,2,0,601.61,437.77,18170,20500,91339,NA,09780,6,2
40111000009,40,111,000009,7589,6502,37,120,921,8,1,5747,5077,24,81,558,6,1,1487.72,1082.56,18170,33750,91339,21960,14370,6,2
40113000101,40,113,000101,5390,1606,3428,126,195,27,8,3776,1298,2236,79,143,18,2,829.94,724.07,56300,75000,92964,27430,30240,2,2
40113000103,40,113,000103,2983,2458,4,42,479,0,0,2130,1831,2,13,284,0,0,468.16,408.44,56300,4250,90195,03450,03570,2,2
40113000104,40,113,000104,5865,4251,402,114,1089,9,0,4377,3282,354,74,661,6,0,962.04,839.31,56300,35850,91404,NA,14970,2,2
40113000105,40,113,000105,5789,4735,71,90,884,8,1,4255,3574,45,51,580,4,1,1019.26,852.08,56300,24850,91092,19500,11220,2,5
40113000106,40,113,000106,5310,3707,147,94,1359,2,1,3903,2887,100,56,857,2,1,857.86,748.42,56300,57600,92496,05160,23580,2,2
40113000107,40,113,000107,2676,2305,7,24,338,2,0,1974,1750,4,12,206,2,0,433.87,378.52,56300,4450,92496,05160,03570,3,5
40113000108,40,113,000108,1697,1493,1,21,182,0,0,1268,1140,1,12,115,0,0,303.74,253.92,56300,67200,92301,05850,27630,3,5
40113010201,40,113,010201,5785,4628,6,54,1093,4,0,3995,3328,3,31,632,1,0,878.08,766.06,56300,67850,92964,03010,27750,2,2
40113010202,40,113,010202,3506,3224,5,35,234,8,0,2518,2344,4,22,145,3,0,553.44,482.84,56300,60850,92964,03010,25170,2,2
40113010203,40,113,010203,2644,2296,77,60,201,10,0,1900,1679,44,34,135,8,0,417.61,364.33,56300,75000,92964,27430,28170,2,2
40115009741,40,115,009741,5484,4341,1,27,1096,16,3,4061,3338,1,15,692,13,2,1002,710.83,NA,58550,92535,NA,23880,6,2
40115009742,40,115,009742,3295,2361,2,159,763,8,2,2386,1833,0,89,456,6,2,588.72,417.64,NA,16500,91846,NA,08490,6,2
40115009743,40,115,009743,2385,1967,1,25,388,4,0,1885,1619,1,19,243,3,0,465.1,329.95,NA,48000,91846,NA,19860,6,2
40115009744,40,115,009744,2635,2145,0,28,445,16,1,2042,1728,0,14,292,8,0,503.84,357.43,NA,48000,91846,NA,19860,6,2
40115009745,40,115,009745,2316,1872,3,23,410,8,0,1843,1532,0,11,295,5,0,454.74,322.59,NA,48000,91846,NA,19860,6,2
40115009746,40,115,009746,4745,3818,173,48,686,18,2,3786,3102,169,36,467,10,2,934.15,662.69,NA,48000,91846,NA,19860,6,2
40115009747,40,115,009747,3927,3163,5,12,729,18,0,2906,2438,1,7,449,11,0,717.02,508.66,13757,48000,91846,NA,19860,6,2
40115009748,40,115,009748,3274,2736,3,15,511,8,1,2462,2114,0,7,336,5,0,698,460,13757,600,90039,NA,11250,6,2
40115009749,40,115,009749,2500,1975,0,38,486,1,0,1858,1525,0,23,309,1,0,458.44,325.22,NA,82250,93913,30290,33240,6,2
40117009571,40,117,009571,3829,3584,10,19,201,15,0,2836,2688,5,10,123,10,0,626.68,691.99,57660,15350,90598,NA,08040,6,3
40117009572,40,117,009572,3780,3495,1,46,234,3,1,2806,2612,1,29,161,2,1,620.05,684.67,57660,80250,90598,16470,08040,6,3
40117009573,40,117,009573,2824,2507,0,25,286,5,1,1998,1826,0,10,158,3,1,441.5,487.51,57660,37850,90598,15750,08040,6,3
40117009574,40,117,009574,2661,2378,10,13,260,0,0,1923,1737,7,10,169,0,0,424.93,469.21,57660,61650,92509,NA,23610,6,3
40117009575,40,117,009575,2481,1742,96,10,632,1,0,1814,1343,68,4,399,0,0,400.84,442.62,57660,57650,92509,NA,23610,6,3
40119000101,40,119,000101,6300,5598,211,123,245,122,1,4835,4345,122,100,176,91,1,888.56,1192.55,NA,70300,93237,NA,28680,4,3
40119000102,40,119,000102,5273,4576,154,95,140,304,4,4442,3856,120,78,110,277,1,816.34,1095.62,NA,70300,93237,NA,28680,4,3
40119000103,40,119,000103,3753,3553,26,51,91,32,0,3472,3298,24,44,76,30,0,638.07,856.37,NA,70300,93237,NA,28680,4,3
40119000104,40,119,000104,4861,3465,308,153,165,762,8,4419,3239,279,121,139,636,5,812.11,1089.95,NA,70300,93237,NA,28680,4,3
40119000105,40,119,000105,3795,3130,119,92,136,314,4,3553,2945,106,83,115,303,1,652.96,876.35,NA,70300,93237,NA,28680,4,3
40119000106,40,119,000106,3707,3348,129,32,159,39,0,2781,2548,79,17,103,34,0,511.08,685.93,NA,70300,93237,NA,28680,4,3
40119000107,40,119,000107,3002,2489,292,54,138,26,3,2350,2020,183,34,94,17,2,431.87,579.63,NA,70300,93237,NA,28680,4,3
40119000108,40,119,000108,2297,2082,81,19,100,15,0,1849,1701,58,18,60,12,0,339.8,456.06,NA,70300,93237,NA,28680,4,3
40119000109,40,119,000109,4114,3890,28,41,78,75,2,3094,2945,20,23,57,47,2,568.6,763.14,NA,70300,93237,NA,28680,4,3
40119000110,40,119,000110,3414,3224,17,39,128,6,0,2492,2382,10,19,75,6,0,457.97,614.65,NA,70300,93237,NA,28680,4,3
40119000111,40,119,000111,7895,7351,78,58,381,19,8,5626,5291,44,36,239,14,2,1033.93,1387.65,37210,58150,93237,NA,23800,4,3
40119000112,40,119,000112,2296,2165,1,23,103,4,0,1686,1605,1,17,59,4,0,309.85,415.85,NA,82500,93926,NA,33360,4,3
40119000113,40,119,000113,7219,6467,114,77,540,16,5,5295,4852,61,45,321,13,3,973.1,1306.01,64675,18850,90702,22160,09240,4,3
40119000114,40,119,000114,3581,3101,201,60,214,5,0,2616,2322,139,33,120,2,0,480.76,645.24,64675,18850,90702,NA,09240,4,3
40121009856,40,121,009856,1615,1455,11,12,137,0,0,1355,1255,5,6,89,0,0,324.77,228.94,14205,43975,92639,NA,06390,4,3
40121009857,40,121,009857,2294,1884,2,19,388,1,0,1699,1440,2,11,245,1,0,407.23,287.06,14205,61550,92639,NA,25410,4,3
40121009858,40,121,009858,3353,2990,11,19,331,2,0,2467,2236,5,9,215,2,0,643.63,473.31,14205,18550,92067,29520,15450,4,3
40121009859,40,121,009859,2185,1892,3,6,280,4,0,1625,1448,3,6,166,2,0,423.96,311.77,14205,NA,92314,14100,29100,4,3
40121009860,40,121,009860,4628,3955,63,56,538,15,1,3364,2955,41,31,327,10,0,877.66,645.41,14205,40300,91729,16720,09090,4,3
40121009861,40,121,009861,4567,3649,331,72,505,10,0,3418,2797,235,38,340,8,0,891.74,655.77,14205,44800,91729,16720,19440,4,3
40121009862,40,121,009862,3491,2869,105,41,462,12,2,2633,2252,59,25,288,8,1,686.94,505.16,14205,44800,91729,NA,19440,4,3
40121009863,40,121,009863,1026,642,254,28,91,6,5,1010,627,253,28,91,6,5,263.51,193.78,14205,44800,91729,29520,19440,4,3
40121009864,40,121,009864,2497,1947,165,40,333,11,1,1911,1543,111,16,235,5,1,498.57,366.64,14205,44800,91729,12240,19440,4,3
40121009865,40,121,009865,5056,4303,408,37,293,15,0,3878,3383,264,20,202,9,0,1011.76,744.03,14205,44800,91729,12240,19440,4,3
40121009866,40,121,009866,2530,2245,9,27,237,12,0,1824,1653,5,18,145,3,0,475.88,349.95,14205,65600,91729,12240,27000,4,3
40121009867,40,121,009867,5133,3954,136,75,956,9,3,3669,3027,103,43,487,6,3,957.23,703.93,14205,32850,93406,NA,13920,4,3
40121009868,40,121,009868,2206,1767,0,47,389,3,0,1664,1379,0,32,252,1,0,434.13,319.25,14205,40000,91599,NA,16650,4,3
40123009886,40,123,009886,4757,3689,41,45,975,6,1,3334,2745,18,24,541,5,1,779.3,732.91,13925,1400,92158,NA,06060,4,3
40123009887,40,123,009887,2290,1809,61,34,385,1,0,1690,1396,43,15,235,1,0,395.02,371.51,13925,70500,92977,NA,28800,4,3
40123009888,40,123,009888,6536,5244,324,66,879,22,1,4842,3984,237,31,569,20,1,1131.78,1064.41,13925,200,90013,NA,06060,4,3
40123009889,40,123,009889,4329,3506,159,75,537,50,2,3625,3015,124,54,391,40,1,847.32,796.88,13925,200,90013,NA,02430,4,3
40123009890,40,123,009890,2590,2201,11,31,344,2,1,1905,1675,10,15,204,1,0,445.28,418.78,13925,200,90013,NA,17190,4,3
40123009891,40,123,009891,2252,1809,63,38,337,5,0,1747,1468,39,23,214,3,0,408.35,384.04,13925,200,90013,NA,02430,4,3
40123009892,40,123,009892,1752,1345,100,22,279,6,0,1364,1095,62,13,189,5,0,318.82,299.85,13925,200,90013,NA,02430,4,3
40123009893,40,123,009893,3604,3130,64,39,361,10,0,2714,2432,40,21,214,7,0,634.38,596.62,13925,200,90013,NA,02430,4,3
40123009894,40,123,009894,759,649,0,11,98,1,0,575,501,0,8,65,1,0,134.4,126.4,13925,26250,92886,NA,19530,4,3
40123009896,40,123,009896,1338,1206,0,18,114,0,0,976,894,0,9,73,0,0,228.13,214.55,13925,63750,93172,NA,26280,4,3
40123989598,40,123,989598,3912,3476,32,32,366,5,1,2816,2591,15,18,187,5,0,658.22,619.04,13925,10600,92327,23910,30960,4,3
40123989793,40,123,989793,0,0,0,0,0,0,0,0,0,0,0,0,0,0,0,0,13925,NA,92327,NA,16710,4,3
40123989794,40,123,989794,0,0,0,0,0,0,0,0,0,0,0,0,0,0,0,0,13925,NA,92327,NA,16710,4,3
40123989795,40,123,989795,0,0,0,0,0,0,0,0,0,0,0,0,0,0,0,0,13925,NA,92327,NA,03300,4,3
40123989796,40,123,989796,0,0,0,0,0,0,0,0,0,0,0,0,0,0,0,0,13925,NA,92327,NA,03300,4,3
40123989797,40,123,989797,0,0,0,0,0,0,0,0,0,0,0,0,0,0,0,0,13925,NA,92327,NA,03300,4,3
40123989798,40,123,989798,0,0,0,0,0,0,0,0,0,0,0,0,0,0,0,0,13925,NA,92327,NA,03300,4,3
40125005001,40,125,005001,1314,1114,47,28,119,6,0,1056,910,32,20,89,5,0,216.7,233.83,64675,66800,92821,NA,27570,4,3
40125005002,40,125,005002,1891,999,388,49,451,4,0,1218,702,244,23,246,3,0,249.94,269.7,64675,66800,92821,27990,27570,4,3
40125005004,40,125,005004,3527,3012,84,73,344,14,0,2655,2340,46,43,217,9,0,544.82,587.89,64675,66800,92821,NA,27570,4,3
40125005005,40,125,005005,4026,3348,83,92,457,44,2,3241,2810,60,51,279,39,2,665.07,717.65,NA,66800,92821,NA,27570,4,3
40125005006,40,125,005006,3092,2785,42,50,197,18,0,2434,2236,30,34,120,14,0,499.47,538.95,64675,66800,92821,NA,27570,4,3
40125005007,40,125,005007,2736,2383,55,42,216,40,0,2105,1887,29,26,140,23,0,431.96,466.1,64675,66800,92821,13500,27570,4,3
40125005008,40,125,005008,2384,2163,26,28,124,43,0,1752,1615,13,18,79,27,0,359.52,387.94,64675,66800,92821,13500,27570,4,3
40125400597,40,125,400597,0,0,0,0,0,0,0,0,0,0,0,0,0,0,0,0,50,NA,93549,NA,03300,4,4
40125400598,40,125,400598,0,0,0,0,0,0,0,0,0,0,0,0,0,0,0,0,50,NA,93549,06030,NA,4,3
40125500301,40,125,500301,3478,2646,71,89,652,20,0,2600,2079,42,52,417,10,0,533.54,575.71,64675,66800,92821,NA,27570,4,3
40125500302,40,125,500302,2721,2099,79,51,486,4,2,1958,1599,47,31,275,4,2,401.79,433.55,64675,66800,92821,24330,27570,4,3
40125500998,40,125,500998,5124,4177,24,99,784,37,3,3539,2996,20,47,454,22,0,726.23,783.63,64675,66800,92821,21840,24930,4,3
40125501001,40,125,501001,5609,4748,43,117,682,17,2,3861,3398,29,64,354,14,2,792.3,854.93,50,45350,92821,21840,19560,4,3
40125501002,40,125,501002,6987,6363,67,93,413,32,19,5170,4753,47,63,266,26,15,1060.92,1144.78,50,66800,92821,NA,04230,4,3
40125501101,40,125,501101,4489,3709,152,59,545,18,6,3233,2765,104,40,311,12,1,663.43,715.87,50,72650,92821,27990,10500,4,3
40125501102,40,125,501102,6816,5949,150,77,629,10,1,4775,4253,95,37,382,8,0,979.86,1057.32,50,72650,92821,NA,29610,4,3
40125501201,40,125,501201,1938,1694,1,21,221,1,0,1383,1239,1,7,135,1,0,283.8,306.23,50,46900,91794,28380,19290,4,3
40125501398,40,125,501398,2628,2292,1,22,310,3,0,1928,1731,1,8,185,3,0,395.64,426.91,50,3000,93549,NA,31500,4,3
40125501492,40,125,501492,0,0,0,0,0,0,0,0,0,0,0,0,0,0,0,0,50,NA,93549,NA,16710,4,3
40125501493,40,125,501493,0,0,0,0,0,0,0,0,0,0,0,0,0,0,0,0,50,NA,93549,NA,16710,4,3
40125501494,40,125,501494,0,0,0,0,0,0,0,0,0,0,0,0,0,0,0,0,50,NA,93549,NA,03300,4,3
40125501495,40,125,501495,0,0,0,0,0,0,0,0,0,0,0,0,0,0,0,0,50,NA,93549,NA,03300,4,3
40125501497,40,125,501497,0,0,0,0,0,0,0,0,0,0,0,0,0,0,0,0,50,NA,93549,NA,03300,4,3
40125501498,40,125,501498,0,0,0,0,0,0,0,0,0,0,0,0,0,0,0,0,50,NA,93549,06030,03300,4,3
40127009976,40,127,009976,2788,2266,52,40,430,0,0,2110,1783,45,17,265,0,0,633.03,373.17,14205,14900,92223,21120,07800,4,3
40127009977,40,127,009977,5712,4848,60,58,741,4,1,4275,3710,35,34,493,2,1,1282.55,756.07,14205,2250,90130,20640,03060,4,3
40127009978,40,127,009978,2497,1980,0,38,477,2,0,1808,1491,0,22,293,2,0,542.42,319.76,14205,61950,91118,21120,25500,4,3
40129009596,40,129,009596,1159,1019,0,18,119,3,0,809,726,0,11,71,1,0,250.21,247.24,13905,32250,90988,08970,13650,5,6
40129009597,40,129,009597,2368,2299,2,45,22,0,0,1735,1693,1,26,15,0,0,536.61,530.24,13905,13900,90559,08970,07500,5,6
40129009598,40,129,009598,620,591,0,10,19,0,0,450,437,0,5,8,0,0,139.18,137.53,13905,NA,93094,NA,29310,5,6
40131000502,40,131,000502,5933,4805,66,97,936,26,3,4485,3752,41,46,628,18,0,876.04,1112.56,13757,14700,90585,NA,07740,6,2
40131000503,40,131,000503,7626,6375,11,97,1128,15,0,5423,4669,8,60,677,9,0,1059.25,1345.25,13757,27600,90585,NA,27390,6,2
40131000505,40,131,000505,4268,3798,14,26,421,9,0,3018,2734,8,18,251,7,0,589.49,748.65,18170,37100,91482,29970,15480,6,2
40131000506,40,131,000506,7393,6503,23,78,769,20,0,5309,4742,18,46,490,13,0,1036.99,1316.97,13757,25000,90585,31110,07740,6,2
40131000507,40,131,000507,3813,3096,4,12,688,11,2,2767,2312,3,8,438,4,2,540.47,686.39,13757,13700,90533,NA,07380,6,2
40131000508,40,131,000508,4119,3494,3,20,598,3,1,2940,2566,3,14,355,1,1,574.26,729.31,13757,55700,92444,NA,23040,6,2
40131050101,40,131,050101,2641,1987,60,42,540,12,0,1804,1407,41,16,331,9,0,352.37,447.51,13757,14700,90585,NA,07740,6,2
40131050102,40,131,050102,6371,5093,205,106,904,58,5,4623,3802,154,65,550,49,3,902.99,1146.8,13757,14700,90585,NA,07740,6,2
40131050401,40,131,050401,7710,7132,39,67,444,28,0,5363,5002,26,43,273,19,0,1047.54,1330.36,13757,56650,90468,NA,23280,6,2
40131050402,40,131,050402,5296,4587,17,73,615,4,0,3766,3339,8,40,375,4,0,735.6,934.21,13757,12900,90468,NA,06870,6,2
40133009831,40,133,009831,1631,1242,136,29,224,0,0,1189,945,89,12,143,0,0,298.8,225.6,66360,18450,93835,21660,06000,4,3
40133009832,40,133,009832,2970,2436,64,44,422,3,1,2083,1763,46,27,243,3,1,523.46,395.22,66360,66350,92782,21660,29040,4,3
40133009833,40,133,009833,2318,1990,35,30,258,5,0,1783,1588,19,13,160,3,0,448.07,338.3,66360,66350,92782,NA,27300,4,3
40133009834,40,133,009834,4126,3309,127,79,605,6,0,3086,2583,90,43,364,6,0,775.51,585.52,66360,66350,92782,NA,27300,4,3
40133009835,40,133,009835,2218,1675,202,31,305,5,0,1628,1285,144,16,180,3,0,409.12,308.89,66360,66350,92782,NA,27300,4,3
40133009836,40,133,009836,4932,2823,1094,27,974,14,0,3631,2309,711,16,586,9,0,912.47,688.93,66360,80550,93835,15900,32460,4,3
40133009837,40,133,009837,2119,1772,9,38,298,2,0,1543,1318,5,23,196,1,0,387.76,292.76,66360,46900,92795,NA,05130,4,3
40133009838,40,133,009838,2800,2129,49,34,586,2,0,2059,1665,34,13,345,2,0,517.43,390.67,66360,40200,91612,30900,16710,4,3
40133009839,40,133,009839,2038,1305,179,28,526,0,0,1463,977,134,12,340,0,0,367.65,277.58,66360,65500,93835,15900,26940,4,3
40133983298,40,133,983298,260,204,18,0,38,0,0,182,146,15,0,21,0,0,45.74,34.53,18173,NA,93835,NA,06000,4,3
40133984098,40,133,984098,0,0,0,0,0,0,0,0,0,0,0,0,0,0,0,0,66360,NA,92782,NA,29040,4,3
40135000303,40,135,000303,7566,5843,76,75,1559,13,0,5551,4464,48,46,983,10,0,1261.82,984.04,13757,65000,92717,NA,26790,6,2
40135030101,40,135,030101,3833,2653,2,37,1140,0,1,2717,1978,2,24,712,0,1,617.61,481.65,13757,46450,92730,18960,26790,6,2
40135030102,40,135,030102,7056,5468,301,64,1201,22,0,4894,3867,195,42,776,14,0,1112.47,867.57,13757,63800,92678,03840,26310,6,2
40135030201,40,135,030201,2304,1762,4,20,515,3,0,1738,1395,2,15,324,2,0,395.07,308.1,13757,57150,93445,17820,31140,6,2
40135030202,40,135,030202,4893,3367,274,53,1192,4,3,3483,2517,175,33,753,4,1,791.73,617.44,13757,77250,93445,18960,31140,6,2
40135030401,40,135,030401,2703,2163,29,22,488,1,0,1953,1610,24,11,307,1,0,443.94,346.21,13757,28350,91911,NA,12390,6,2
40135030498,40,135,030498,5473,4464,96,28,854,31,0,3864,3212,62,14,556,20,0,878.34,684.98,13757,49850,91911,17700,20880,6,2
40135030499,40,135,030499,0,0,0,0,0,0,0,0,0,0,0,0,0,0,0,0,13757,NA,91911,NA,26790,6,2
40135030595,40,135,030595,0,0,0,0,0,0,0,0,0,0,0,0,0,0,0,0,13757,NA,91911,NA,20880,6,2
40135030596,40,135,030596,0,0,0,0,0,0,0,0,0,0,0,0,0,0,0,0,13757,NA,91911,NA,20880,6,2
40135030597,40,135,030597,0,0,0,0,0,0,0,0,0,0,0,0,0,0,0,0,13757,NA,91911,NA,20880,6,2
40135030598,40,135,030598,0,0,0,0,0,0,0,0,0,0,0,0,0,0,0,0,13757,NA,92678,20160,26310,6,2
40137000002,40,137,000002,3612,3419,25,49,107,12,0,2834,2718,18,26,67,5,0,722.21,671.7,13925,21900,90780,NA,10290,1,4
40137000003,40,137,000003,1920,1746,49,35,86,1,3,1484,1391,26,16,50,0,1,378.18,351.73,13925,21900,90780,NA,10290,1,4
40137000004,40,137,000004,5648,5043,173,239,173,14,6,4129,3799,86,122,112,6,4,1052.23,978.64,13925,21900,90780,NA,10290,1,4
40137000005,40,137,000005,1273,513,532,192,35,0,1,907,413,362,107,24,0,1,231.14,214.97,13925,21900,90780,NA,10290,1,4
40137000006,40,137,000006,1313,1143,27,62,68,12,1,987,889,13,36,40,8,1,251.53,233.93,13925,21900,90780,NA,10290,1,4
40137000007,40,137,000007,737,621,26,46,42,0,2,526,470,15,21,20,0,0,134.05,124.67,13925,21900,90780,NA,10290,1,4
40137000008,40,137,000008,4576,4338,15,45,175,2,1,3284,3136,9,21,115,2,1,836.89,778.36,13925,23900,90780,NA,10890,1,4
40137000009,40,137,000009,7524,7064,0,81,352,27,0,5571,5287,0,48,220,16,0,1419.71,1320.41,13925,46600,91781,NA,19080,1,4
40137000010,40,137,000010,2385,2161,1,15,203,5,0,1722,1587,1,12,120,2,0,438.83,408.14,13925,76900,93432,NA,31020,1,4
40137000011,40,137,000011,5336,5009,7,60,255,5,0,3933,3744,5,29,152,3,0,1002.28,932.18,13925,16450,90650,13260,08460,1,4
40137000101,40,137,000101,5054,4784,63,66,83,58,0,3770,3604,32,36,61,37,0,960.74,893.55,13925,21900,90780,NA,10290,1,4
40137000102,40,137,000102,2921,2712,23,53,117,16,0,2159,2030,16,29,75,9,0,550.2,511.72,13925,21900,90780,NA,10290,1,4
40139009506,40,139,009506,3806,3544,9,199,36,18,0,2692,2549,5,112,19,7,0,381.77,882.2,NA,36000,91417,02490,15090,5,6
40139009507,40,139,009507,2908,2543,47,285,25,5,3,2196,1980,42,153,15,3,3,311.43,719.65,NA,30200,91235,28920,13740,5,6
40139009508,40,139,009508,3637,3030,8,554,39,0,6,2571,2202,4,330,33,0,2,364.61,842.54,NA,31750,91235,NA,13590,5,6
40139009509,40,139,009509,4530,3992,5,482,35,11,5,3268,2934,5,297,23,7,2,463.45,1070.96,NA,31750,91235,NA,13590,5,6
40139009510,40,139,009510,1538,1402,0,114,22,0,0,1070,999,0,57,14,0,0,151.74,350.65,NA,73100,93783,NA,33390,5,6
40141009701,40,141,009701,808,712,9,59,27,1,0,591,536,7,33,14,1,0,157.52,110.09,40025,46150,91157,18810,12150,1,4
40141009702,40,141,009702,1513,1163,125,182,37,5,1,1063,857,77,104,20,4,1,283.32,198.01,40025,73850,93341,18810,30030,1,4
40141009703,40,141,009703,3023,2137,367,393,108,12,6,2216,1690,236,206,73,8,3,590.62,412.78,40025,27800,91157,32100,12150,1,4
40141009704,40,141,009704,2492,1518,364,512,89,5,4,1769,1177,229,298,57,5,3,471.48,329.52,40025,27800,91157,32100,12150,1,4
40141009705,40,141,009705,1748,1382,141,168,51,0,6,1297,1088,74,103,31,0,1,345.68,241.6,40025,30850,91001,18810,13200,1,4
40141009706,40,141,009706,800,629,12,147,11,0,1,553,448,12,85,8,0,0,147.39,103.01,40025,19400,90741,32100,09480,1,4
40143000001,40,143,000001,2241,1886,42,71,230,11,1,1662,1426,22,48,158,7,1,168.5,296.05,13757,75000,93380,NA,30240,2,1
40143000002,40,143,000002,1483,63,1397,7,15,1,0,1142,54,1071,2,14,1,0,115.78,203.43,13757,75000,93380,NA,30240,2,1
40143000003,40,143,000003,3624,2138,1092,166,220,7,1,2403,1597,563,99,140,4,0,243.63,428.05,13757,75000,93380,NA,30240,2,1
40143000004,40,143,000004,3672,2797,447,98,323,4,3,2661,2123,276,56,201,3,2,269.78,474.01,13757,75000,93380,NA,30240,2,1
40143000005,40,143,000005,2434,25,2356,20,23,6,4,1673,24,1612,14,21,2,0,169.62,298.01,13757,75000,93380,NA,30240,2,1
40143000006,40,143,000006,1197,31,1150,4,10,2,0,891,18,860,4,7,2,0,90.33,158.71,13757,75000,93380,NA,30240,2,1
40143000007,40,143,000007,1865,35,1810,4,14,0,2,1450,31,1403,3,12,0,1,147.01,258.29,13757,75000,93380,NA,30240,2,1
40143000008,40,143,000008,1753,239,1485,5,16,5,3,1335,183,1131,4,12,3,2,135.35,237.81,13757,75000,93380,NA,30240,2,1
40143000009,40,143,000009,1921,368,1476,29,41,7,0,1411,308,1044,18,35,6,0,143.05,251.34,13757,75000,93380,NA,30240,2,1
40143000010,40,143,000010,1289,64,1197,3,23,1,1,903,62,822,3,14,1,1,91.55,160.85,13757,75000,93380,NA,30240,2,1
40143000012,40,143,000012,1666,1100,195,210,160,1,0,1209,836,135,134,104,0,0,122.57,215.36,13757,75000,93380,NA,30240,2,1
40143000013,40,143,000013,2014,1541,105,123,237,8,0,1485,1200,61,69,150,5,0,150.56,264.52,13757,75000,93380,NA,30240,2,1
40143000014,40,143,000014,4640,3448,294,373,505,17,3,3415,2677,199,214,311,14,0,346.23,608.32,13757,75000,93380,NA,30240,2,1
40143000015,40,143,000015,3677,3171,64,107,329,2,4,2828,2500,36,67,222,2,1,286.72,503.76,13757,75000,93380,NA,30240,2,1
40143000016,40,143,000016,4356,3716,88,128,413,9,2,3232,2828,52,77,268,7,0,327.68,575.72,13757,75000,93380,NA,30240,2,1
40143000017,40,143,000017,2621,2324,32,70,165,30,0,2066,1877,22,38,104,25,0,209.46,368.02,18170,75000,93380,NA,30240,2,1
40143000018,40,143,000018,1819,1640,13,38,113,12,3,1447,1328,8,24,77,8,2,146.7,257.76,18170,75000,93380,NA,30240,2,1
40143000019,40,143,000019,1667,1454,28,56,94,35,0,1322,1176,20,35,66,25,0,134.03,235.49,18170,75000,93380,NA,30240,2,1
40143000020,40,143,000020,1642,1357,97,44,126,18,0,1302,1115,54,33,83,17,0,132,231.93,18170,75000,93380,NA,30240,2,1
40143000021,40,143,000021,3674,2503,505,199,203,254,10,3132,2233,381,131,147,232,8,317.54,557.91,18170,75000,93380,NA,30240,2,1
40143000022,40,143,000022,1813,1378,121,127,169,18,0,1284,1027,58,76,111,12,0,130.18,228.72,18170,75000,93380,NA,30240,2,1
40143000023,40,143,000023,1209,789,158,99,153,7,3,927,633,109,68,108,6,3,93.98,165.13,18170,75000,93380,NA,30240,2,1
40143000025,40,143,000025,2613,1703,581,82,218,28,1,2430,1609,532,71,199,18,1,246.36,432.86,18170,75000,93380,NA,30240,2,1
40143000026,40,143,000026,873,632,40,38,162,1,0,649,511,20,23,95,0,0,65.8,115.61,18170,75000,93380,NA,30240,2,1
40143000027,40,143,000027,2681,2125,213,98,238,4,3,1987,1624,147,55,157,3,1,201.45,353.95,18170,75000,93380,NA,30240,2,1
40143000029,40,143,000029,2426,2187,19,34,183,3,0,1780,1638,8,22,110,2,0,180.46,317.07,18170,75000,93380,NA,26880,2,1
40143000030,40,143,000030,2392,2134,24,33,192,9,0,1802,1627,11,19,137,8,0,182.7,320.99,18170,75000,93380,NA,30240,2,1
40143000031,40,143,000031,2703,2354,134,68,130,16,1,2487,2185,123,58,108,12,1,252.14,443.01,18170,75000,93380,NA,30240,2,1
40143000032,40,143,000032,1614,1455,47,37,61,13,1,1231,1102,41,31,45,12,0,124.8,219.28,18170,75000,93380,NA,30240,2,1
40143000033,40,143,000033,2447,2215,48,62,102,20,0,1938,1785,32,37,71,13,0,196.48,345.22,18170,75000,93380,NA,30240,2,1
40143000034,40,143,000034,2274,1662,335,70,184,21,2,1853,1404,244,57,134,14,0,187.87,330.08,18170,75000,93380,NA,30240,2,1
40143000035,40,143,000035,2272,2104,31,31,100,6,0,1793,1676,20,22,72,3,0,181.78,319.39,18170,75000,93380,NA,30240,2,1
40143000036,40,143,000036,2294,2135,27,33,93,6,0,1822,1718,22,22,57,3,0,184.72,324.56,18170,75000,93380,NA,30240,2,1
40143000037,40,143,000037,2921,2639,33,58,166,22,3,2320,2123,22,38,116,21,0,235.21,413.26,18170,75000,93380,NA,30240,2,1
40143000038,40,143,000038,1949,1759,33,44,102,11,0,1563,1434,23,26,73,7,0,158.46,278.42,18170,75000,93380,NA,30240,2,1
40143000039,40,143,000039,4279,3909,96,97,146,30,1,3505,3252,67,62,105,19,0,355.35,624.35,18170,75000,93380,NA,30240,2,1
40143000040,40,143,000040,4727,4262,111,96,221,35,2,3752,3437,64,68,155,27,1,380.4,668.35,18170,75000,93380,NA,30240,2,1
40143000042,40,143,000042,1928,1827,38,15,35,12,1,1498,1424,27,10,30,7,0,151.87,266.84,18170,75000,93380,NA,30240,2,1
40143000044,40,143,000044,2951,2668,83,60,127,10,3,2534,2306,70,48,99,10,1,256.91,451.38,18170,75000,93380,NA,30240,2,1
40143000045,40,143,000045,2588,2480,6,39,49,14,0,2017,1935,6,30,39,7,0,204.49,359.29,18170,75000,93380,NA,30240,2,1
40143000046,40,143,000046,3428,2081,827,141,272,107,0,2267,1531,446,74,150,66,0,229.84,403.82,18170,75000,93380,NA,30240,2,1
40143000047,40,143,000047,2131,1928,3,50,146,4,0,1566,1435,0,32,96,3,0,158.77,278.95,18170,75000,93380,NA,30240,2,1
40143000048,40,143,000048,4594,4047,45,63,423,14,2,3497,3151,27,42,267,10,0,354.54,622.93,18170,75000,93380,NA,30240,2,1
40143000049,40,143,000049,1992,1669,102,45,173,2,1,1433,1242,49,23,117,1,1,145.28,255.26,18170,75000,93380,NA,30240,2,1
40143000051,40,143,000051,1942,1765,70,26,71,10,0,1543,1430,30,16,58,9,0,156.44,274.86,18170,75000,93380,NA,30240,2,1
40143000052,40,143,000052,3323,2998,84,77,141,23,0,2708,2473,66,52,101,16,0,274.55,482.38,18170,75000,93380,NA,30240,2,1
40143000053,40,143,000053,5034,4522,170,120,201,21,0,3900,3574,88,78,143,17,0,395.4,694.71,18170,75000,93380,NA,30240,2,1
40143000054,40,143,000054,6612,5791,14,55,729,20,3,4818,4332,5,31,432,16,2,9987.87,12716.85,13757,16350,92236,NA,08370,2,1
40143000055,40,143,000055,2666,2316,7,24,310,8,1,1905,1685,3,16,195,5,1,3949.13,5028.15,13757,67850,92236,NA,27750,2,1
40143000056,40,143,000056,2295,1996,16,28,250,5,0,1686,1496,11,15,159,5,0,170.93,300.33,13757,69300,93380,NA,28170,2,1
40143000057,40,143,000057,2613,621,1881,21,80,7,3,1775,527,1178,11,53,5,1,179.96,316.18,13757,75000,93380,NA,30240,2,1
40143000059,40,143,000059,2510,1953,265,82,202,7,1,1752,1436,146,48,116,6,0,177.63,312.09,13757,75000,93380,20130,30240,2,1
40143000060,40,143,000060,4801,4129,170,102,374,24,2,3417,3018,79,63,236,21,0,346.43,608.67,13757,75000,93380,NA,30240,2,1
40143000061,40,143,000061,578,374,158,6,38,2,0,436,272,134,3,25,2,0,44.2,77.67,13757,75000,93380,20130,30240,2,1
40143000062,40,143,000062,2782,137,2575,20,47,0,3,2039,104,1890,14,30,0,1,206.72,363.21,13757,75000,93380,NA,30240,2,1
40143000066,40,143,000066,3172,2768,0,36,358,8,2,2359,2105,0,23,221,8,2,239.17,420.21,18170,75000,93380,NA,30240,2,1
40143000070,40,143,000070,3176,2463,386,101,165,57,4,2487,2047,234,59,111,36,0,252.14,443.01,18170,75000,93380,NA,30240,2,1
40143000072,40,143,000072,3823,3396,60,87,260,19,1,2898,2606,32,59,188,13,0,293.81,516.22,18170,75000,93380,NA,30240,2,1
40143000078,40,143,000078,5720,5073,74,192,371,5,5,4080,3686,50,109,227,4,4,413.65,726.78,18170,6400,93107,17520,04500,2,1
40143000079,40,143,000079,5613,416,5068,21,104,2,2,3568,356,3126,10,74,2,0,361.74,635.57,13757,75000,93380,NA,30240,2,1
40143000081,40,143,000081,896,759,15,39,77,6,0,674,589,9,24,51,1,0,68.33,120.06,13757,75000,93380,NA,30240,2,1
40143000082,40,143,000082,1761,1533,22,53,135,15,3,1317,1172,12,34,87,12,0,133.52,234.6,13757,75000,93380,NA,30240,2,1
40143000083,40,143,000083,1506,1302,57,27,108,9,3,1133,1001,40,14,70,7,1,114.87,201.82,18170,75000,93380,NA,30240,2,1
40143000084,40,143,000084,3528,3267,59,59,135,8,0,2798,2621,29,42,99,7,0,283.67,498.41,18170,75000,93380,NA,30240,2,1
40143000086,40,143,000086,4436,3592,395,180,193,76,0,3564,2976,268,118,146,56,0,361.34,634.86,18170,75000,93380,NA,30240,2,1
40143000087,40,143,000087,3532,3217,141,60,92,21,1,2930,2692,101,41,79,16,1,297.06,521.92,18170,75000,93380,NA,30240,2,1
40143000088,40,143,000088,3195,2669,179,78,258,10,1,2197,1923,73,41,158,2,0,222.74,391.35,18170,75000,93380,NA,30240,2,1
40143000089,40,143,000089,3206,2666,242,71,189,36,2,2350,2030,117,48,132,23,0,238.25,418.61,18170,75000,93380,NA,30240,2,1
40143000092,40,143,000092,3483,3079,147,58,193,6,0,2492,2238,105,34,112,3,0,252.65,443.9,18170,65300,93380,NA,26880,2,1
40143000093,40,143,000093,4560,4125,33,71,316,15,0,3421,3136,21,44,211,9,0,346.84,609.39,18170,65300,93380,NA,26880,2,1
40143000094,40,143,000094,8980,8114,166,116,559,22,3,6087,5601,72,62,339,12,1,617.13,1084.29,18170,65300,93380,NA,26880,2,1
40143000095,40,143,000095,3609,3303,68,21,216,1,0,2581,2390,44,14,133,0,0,261.67,459.76,18170,65300,93380,16470,26880,2,1
40143004101,40,143,004101,2271,2197,2,24,36,12,0,1798,1750,2,13,25,8,0,182.29,320.28,18170,75000,93380,NA,30240,2,1
40143004102,40,143,004102,1097,1074,1,13,5,4,0,839,825,1,7,5,1,0,85.06,149.45,18170,75000,93380,NA,30240,2,1
40143004301,40,143,004301,2290,2200,14,26,38,11,1,1784,1722,13,13,29,6,1,180.87,317.79,18170,75000,93380,NA,30240,2,1
40143004302,40,143,004302,3303,3178,21,25,59,19,1,2614,2521,14,17,51,11,0,265.02,465.64,18170,75000,93380,NA,30240,2,1
40143005001,40,143,005001,2224,1940,102,51,112,19,0,1745,1541,66,35,89,14,0,176.92,310.84,18170,75000,93380,NA,30240,2,1
40143005002,40,143,005002,4150,3628,245,93,166,18,0,3292,2918,168,71,123,12,0,333.76,586.41,18170,75000,93380,NA,30240,2,1
40143005801,40,143,005801,4044,3610,19,43,356,16,0,2807,2550,11,25,210,11,0,284.59,500.01,13757,56650,93380,20130,23280,2,1
40143005802,40,143,005802,0,0,0,0,0,0,0,0,0,0,0,0,0,0,0,0,13757,56650,93380,NA,23280,2,1
40143005803,40,143,005803,5463,4988,112,69,253,41,0,3732,3456,60,41,149,26,0,378.37,664.79,13757,56650,93380,NA,23280,2,1
40143005804,40,143,005804,4714,4367,68,51,219,9,0,3392,3159,47,27,153,6,0,343.9,604.22,13757,56650,93380,20130,23280,2,1
40143006501,40,143,006501,2628,2215,215,30,159,9,0,1904,1614,168,15,101,6,0,193.04,339.16,18170,65300,93380,NA,26880,2,1
40143006701,40,143,006701,2972,1968,715,65,217,6,1,1874,1385,331,35,118,4,1,189.99,333.82,18170,75000,93380,NA,30240,2,1
40143006703,40,143,006703,4475,4108,40,97,199,29,2,3259,3026,23,54,137,18,1,330.41,580.53,18170,37800,93380,NA,15720,2,1
40143006705,40,143,006705,3916,3485,154,64,186,25,2,2694,2440,93,31,118,11,1,273.13,479.89,18170,75000,93380,NA,15720,2,1
40143006706,40,143,006706,3648,3350,19,51,179,42,7,2458,2272,11,29,116,25,5,249.2,437.85,18170,37800,93380,NA,15720,2,1
40143006801,40,143,006801,3205,2249,641,121,145,46,3,2369,1813,350,75,99,32,0,240.18,421.99,18170,75000,93380,NA,30240,2,1
40143006802,40,143,006802,5888,5042,438,115,218,72,3,4915,4279,311,96,170,56,3,498.31,875.52,18170,75000,93380,NA,30240,2,1
40143006901,40,143,006901,4431,4241,20,43,90,34,3,3748,3602,18,28,74,23,3,379.99,667.64,18170,75000,93380,NA,30240,2,1
40143006902,40,143,006902,1690,1627,8,13,28,14,0,1400,1356,3,11,21,9,0,141.94,249.38,18170,75000,93380,NA,30240,2,1
40143006903,40,143,006903,4516,4157,130,81,83,65,0,3692,3405,105,60,70,52,0,374.31,657.66,18170,75000,93380,NA,30240,2,1
40143006904,40,143,006904,4709,4132,150,128,186,113,0,3492,3113,91,82,125,81,0,354.04,622.03,18170,75000,93380,NA,30600,2,1
40143006905,40,143,006905,3602,2923,298,123,146,107,5,2938,2399,235,100,114,86,4,297.87,523.35,18170,75000,93380,NA,30240,2,1
40143007101,40,143,007101,3704,3021,294,134,207,45,3,2888,2447,179,79,149,32,2,292.8,514.44,18170,75000,93380,NA,30240,2,1
40143007102,40,143,007102,2437,2011,169,89,130,36,2,1918,1622,119,61,96,20,0,194.46,341.66,18170,75000,93380,NA,30240,2,1
40143007304,40,143,007304,3339,2593,265,106,142,230,3,2565,2139,160,62,98,104,2,260.05,456.91,18170,75000,93380,NA,30240,2,1
40143007305,40,143,007305,5962,5093,303,266,202,93,5,4548,3952,210,174,139,71,2,461.1,810.14,18170,75000,93380,NA,30240,2,1
40143007306,40,143,007306,5100,4001,403,172,278,239,7,3421,2780,218,89,174,159,1,346.84,609.39,18170,75000,93380,NA,30240,2,1
40143007308,40,143,007308,3285,2900,27,63,269,26,0,2317,2084,12,31,171,19,0,234.91,412.73,18170,75000,93380,NA,30240,2,1
40143007309,40,143,007309,1428,1342,13,8,57,8,0,1168,1099,7,7,50,5,0,118.42,208.06,18170,75000,93380,NA,30240,2,1
40143007310,40,143,007310,3751,3231,132,86,224,74,4,2676,2373,60,56,142,43,2,271.31,476.68,18170,75000,93380,NA,30240,2,1
40143007311,40,143,007311,3067,2402,240,132,221,68,4,1926,1593,104,63,123,40,3,195.27,343.08,18170,75000,93380,NA,30240,2,1
40143007312,40,143,007312,4772,3960,352,111,182,164,3,3364,2855,213,67,116,112,1,341.06,599.23,18170,75000,93380,NA,30240,2,1
40143007402,40,143,007402,3074,2730,55,91,173,23,2,2312,2089,34,51,123,14,1,234.4,411.84,18170,9050,93380,NA,05490,2,1
40143007404,40,143,007404,5900,5081,302,159,181,171,6,4121,3583,197,100,131,106,4,417.81,734.08,18170,9050,93380,NA,30600,2,1
40143007405,40,143,007405,4011,3603,130,116,117,44,1,2801,2539,86,65,82,28,1,283.98,498.95,18170,9050,93380,NA,05490,2,1
40143007406,40,143,007406,3436,3013,201,102,79,41,0,2335,2091,106,63,45,30,0,236.73,415.94,18170,9050,93380,NA,05490,2,1
40143007407,40,143,007407,1346,1130,89,47,61,18,1,922,791,53,25,41,12,0,93.48,164.24,18170,9050,93380,NA,05490,2,1
40143007408,40,143,007408,1356,1190,75,19,68,4,0,1031,916,50,15,47,3,0,104.53,183.65,18170,9050,93380,NA,05490,2,1
40143007503,40,143,007503,2994,2660,34,68,205,22,5,2154,1963,13,40,123,12,3,218.38,383.69,18170,9050,93380,NA,05490,2,1
40143007505,40,143,007505,0,0,0,0,0,0,0,0,0,0,0,0,0,0,0,0,18170,NA,93380,NA,05490,6,1
40143007506,40,143,007506,1821,1649,37,53,75,7,0,1244,1152,17,24,45,6,0,126.12,221.6,18170,9050,93380,NA,05490,2,1
40143007507,40,143,007507,3309,2965,100,80,140,22,2,2200,2009,54,45,78,14,0,223.05,391.89,18170,9050,93380,NA,05490,2,1
40143007508,40,143,007508,3998,3732,72,76,68,50,0,2467,2307,41,39,47,33,0,250.12,439.45,18170,9050,93380,NA,05490,2,1
40143007509,40,143,007509,3652,3381,67,87,80,36,1,2302,2145,39,44,53,21,0,233.39,410.06,18170,9050,93380,NA,30600,2,1
40143007510,40,143,007510,4544,4135,145,68,154,41,1,2922,2679,68,45,102,28,0,296.25,520.5,18170,9050,93380,NA,05490,2,1
40143007511,40,143,007511,2994,2662,133,74,98,27,0,1863,1676,63,41,67,16,0,188.88,331.86,18170,9050,93380,NA,05490,2,1
40143007512,40,143,007512,3223,2926,107,57,116,17,0,2090,1918,62,28,71,11,0,211.89,372.29,18170,9050,93380,NA,05490,2,1
40143007513,40,143,007513,3596,3342,42,38,148,26,0,2500,2351,22,21,88,18,0,253.46,445.33,18170,9050,93380,NA,04500,6,1
40143007514,40,143,007514,4196,3885,122,57,118,14,0,2731,2540,65,38,80,8,0,276.88,486.48,18170,9050,93380,NA,05490,2,1
40143007515,40,143,007515,4310,4038,40,74,127,22,9,2719,2555,27,39,83,10,5,275.67,484.34,18170,9050,93380,NA,05490,6,1
40143007516,40,143,007516,3007,2669,203,31,93,10,1,2073,1902,96,16,54,5,0,210.17,369.27,18170,9050,93380,NA,05490,6,1
40143007608,40,143,007608,2329,1448,672,78,104,25,2,1687,1171,385,43,65,23,0,171.04,300.51,18170,75000,93380,NA,30240,2,1
40143007609,40,143,007609,4314,3355,654,116,126,60,3,3444,2814,418,81,85,45,1,349.17,613.48,18170,75000,93380,NA,30240,2,1
40143007610,40,143,007610,4579,3251,745,273,143,167,0,3622,2628,555,202,111,126,0,367.22,645.19,18170,75000,93380,NA,15720,2,1
40143007611,40,143,007611,1468,1273,98,29,41,27,0,1191,1037,76,20,34,24,0,120.75,212.15,18170,75000,93380,NA,30240,6,1
40143007612,40,143,007612,4349,3525,471,162,62,127,2,3908,3128,464,152,54,108,2,396.21,696.14,18170,75000,93380,NA,15720,6,1
40143007613,40,143,007613,3053,2869,34,36,63,51,0,2546,2396,28,30,55,37,0,258.13,453.52,18170,75000,93380,NA,30240,6,1
40143007614,40,143,007614,2528,2359,21,31,38,79,0,1955,1833,18,20,31,53,0,198.21,348.25,18170,75000,93380,NA,15720,6,1
40143007615,40,143,007615,1909,1639,117,79,54,20,0,1485,1335,70,39,27,14,0,150.56,264.52,18170,75000,93380,NA,30240,6,1
40143007616,40,143,007616,3754,3483,89,79,60,41,2,2925,2746,56,51,48,24,0,296.55,521.03,18170,75000,93380,NA,30240,2,1
40143007617,40,143,007617,3678,3082,231,167,100,98,0,3060,2610,178,125,79,68,0,310.24,545.08,18170,75000,93380,NA,30600,2,1
40143007618,40,143,007618,2453,2218,58,52,34,90,1,1930,1762,45,36,26,61,0,195.67,343.79,18170,75000,93380,NA,30600,2,1
40143007619,40,143,007619,4226,3993,43,37,58,89,6,3114,2959,26,24,44,58,3,315.71,554.7,18170,75000,93380,NA,30600,2,1
40143007620,40,143,007620,4663,4153,211,119,88,92,0,3839,3429,177,92,70,71,0,389.22,683.85,18170,75000,93380,NA,30240,2,1
40143007621,40,143,007621,4597,4245,102,75,101,74,0,3249,3021,77,40,68,43,0,329.4,578.75,18170,75000,93380,NA,30600,6,1
40143007622,40,143,007622,4098,3710,111,84,105,84,4,3074,2808,82,61,69,52,2,311.66,547.58,18170,75000,93380,NA,30600,6,1
40143007623,40,143,007623,3155,2995,21,40,71,28,0,2273,2168,12,23,52,18,0,230.45,404.89,18170,6400,93380,NA,04500,6,1
40143007624,40,143,007624,2167,1976,15,54,111,11,0,1508,1392,10,32,69,5,0,152.89,268.62,18170,6400,93380,NA,04500,6,1
40143007625,40,143,007625,4175,3503,389,84,117,72,10,3126,2708,231,57,78,47,5,316.93,556.84,18170,75000,93380,NA,15720,6,1
40143007626,40,143,007626,4063,3869,30,55,51,57,1,2852,2727,17,38,36,33,1,289.15,508.03,18170,75000,93380,NA,15720,6,1
40143007627,40,143,007627,3857,3641,21,55,70,70,0,2744,2595,20,40,47,42,0,278.2,488.79,18170,75000,93380,NA,15720,6,1
40143007628,40,143,007628,3339,3177,26,50,50,33,3,2198,2096,16,29,37,17,3,222.84,391.53,18170,75000,93380,NA,15720,6,1
40143007701,40,143,007701,3343,2863,74,65,290,47,4,2151,1872,48,40,165,26,0,218.08,383.16,18170,29600,93107,NA,12720,2,1
40143007702,40,143,007702,4882,3944,84,119,715,20,0,3255,2725,45,62,410,13,0,330.01,579.82,18170,29600,93107,NA,12720,2,1
40143008001,40,143,008001,1986,711,1083,38,146,6,2,1163,535,525,16,83,2,2,117.91,207.17,13757,75000,93380,NA,30240,2,1
40143008002,40,143,008002,3215,291,2854,18,48,0,4,2209,263,1894,13,39,0,0,223.96,393.49,13757,75000,93380,NA,30240,2,1
40143008501,40,143,008501,2688,2323,149,72,119,25,0,2185,1926,104,47,87,21,0,221.53,389.22,18170,75000,93380,NA,30240,2,1
40143008502,40,143,008502,4682,4359,75,56,165,27,0,3789,3574,42,37,115,21,0,384.15,674.94,18170,75000,93380,NA,30240,2,1
40143009002,40,143,009002,3248,2640,187,169,144,107,1,2855,2341,157,135,120,101,1,289.45,508.56,18170,75000,93380,NA,30600,2,1
40143009003,40,143,009003,664,595,9,21,27,12,0,525,477,9,15,19,5,0,53.23,93.52,18170,75000,93380,NA,30600,2,1
40143009004,40,143,009004,4843,3482,579,328,274,179,1,3138,2375,282,191,175,115,0,318.15,558.98,18170,75000,93380,NA,30600,2,1
40143009006,40,143,009006,5691,4976,234,125,202,150,4,3970,3522,130,81,138,99,0,402.5,707.18,18170,75000,93380,NA,30600,2,1
40143009007,40,143,009007,6825,5848,290,183,237,265,2,4779,4127,192,126,161,172,1,484.52,851.29,18170,75000,93380,NA,30600,2,1
40143009101,40,143,009101,3383,1110,2049,63,153,5,3,2064,837,1093,35,95,4,0,209.26,367.66,13757,75000,93380,NA,30240,2,1
40143009102,40,143,009102,1544,1142,211,45,142,1,3,1108,870,121,19,98,0,0,112.33,197.37,13757,75150,93380,NA,30240,2,1
40143009103,40,143,009103,1039,921,22,5,90,1,0,783,707,11,5,59,1,0,79.38,139.48,13757,75150,93380,NA,30240,2,1
40145000301,40,145,000301,7723,5999,695,73,950,2,4,5585,4545,434,38,566,2,0,1055.96,1259.92,18170,77850,93497,NA,31350,6,2
40145000302,40,145,000302,4852,4087,96,36,628,5,0,3750,3248,70,22,407,3,0,709.02,845.96,13757,54100,93497,NA,31350,6,2
40145000303,40,145,000303,1238,976,62,27,169,4,0,905,744,43,18,97,3,0,171.11,204.16,18170,77850,93497,NA,31350,6,2
40145000308,40,145,000308,1898,1669,24,14,189,2,0,1353,1218,16,9,108,2,0,255.81,305.22,18170,9050,90676,NA,08850,6,2
40145030401,40,145,030401,3658,3242,15,83,276,42,0,2436,2194,9,38,170,25,0,460.58,549.54,18170,51650,90676,NA,06870,6,2
40145030402,40,145,030402,2731,2503,3,41,178,5,1,1954,1812,2,26,111,3,0,369.44,440.8,18170,25000,90676,NA,05490,6,2
40145030501,40,145,030501,3755,3389,92,76,180,14,4,2528,2304,53,47,111,9,4,477.97,570.29,18170,9050,90676,NA,05490,6,1
40145030502,40,145,030502,2113,1953,41,20,80,19,0,1402,1312,20,10,52,8,0,265.08,316.28,18170,9050,90676,NA,05490,6,1
40145030503,40,145,030503,2769,2558,30,49,119,12,1,1953,1814,18,35,83,3,0,369.26,440.58,18170,9050,90676,NA,05490,6,2
40145030504,40,145,030504,4235,3906,42,64,192,31,0,2838,2633,22,36,127,20,0,536.58,640.22,18170,9050,90676,NA,05490,6,1
40145030505,40,145,030505,1365,1268,4,21,61,11,0,975,917,2,12,39,5,0,184.34,219.95,18170,9050,90676,NA,05490,6,1
40145030601,40,145,030601,2518,2148,90,51,224,5,0,1801,1566,67,27,136,5,0,340.52,406.29,18170,6400,90676,NA,13950,6,1
40145030602,40,145,030602,6326,5183,244,69,804,19,7,4243,3594,140,38,460,10,1,802.23,957.18,18170,17800,90676,NA,08850,6,1
40145030798,40,145,030798,2702,1858,539,14,291,0,0,1931,1357,392,7,175,0,0,365.1,435.61,18170,60150,93120,NA,24810,6,2
40147000001,40,147,000001,1964,1588,110,18,218,30,0,1278,1081,57,9,113,18,0,195.93,357.11,13757,4450,90208,NA,03630,3,5
40147000002,40,147,000002,2206,1566,266,81,291,1,1,1699,1249,206,51,191,1,1,260.48,474.74,13757,4450,90208,NA,03630,3,5
40147000003,40,147,000003,2447,2057,98,51,229,12,0,1959,1688,70,35,157,9,0,300.34,547.4,13757,4450,90208,NA,03630,3,5
40147000004,40,147,000004,3841,3391,49,50,323,26,2,2927,2633,31,30,214,18,1,448.75,817.88,13757,4450,90208,NA,03630,3,5
40147000005,40,147,000005,6331,5784,67,82,304,91,3,4650,4295,50,54,199,52,0,712.91,1299.33,13757,4450,90208,NA,03630,3,5
40147000006,40,147,000006,6569,5977,95,103,276,115,3,4878,4496,63,63,181,74,1,747.86,1363.04,13757,4450,90208,NA,03630,3,5
40147000007,40,147,000007,5091,4748,51,82,124,86,0,3881,3650,31,60,94,46,0,595.01,1084.45,13757,4450,90208,NA,03630,3,5
40147000008,40,147,000008,3555,3189,67,80,210,8,1,2678,2465,30,47,130,5,1,410.57,748.3,13757,4450,90208,NA,03630,3,5
40147000009,40,147,000009,2376,1781,340,69,178,3,5,1632,1275,200,43,110,3,1,250.21,456.02,13757,4450,90208,NA,03630,3,5
40147000010,40,147,000010,2237,1967,1,20,245,4,0,1627,1454,1,12,158,2,0,249.44,454.63,13757,17100,90663,NA,08610,3,5
40147000011,40,147,000011,5230,4478,110,109,526,7,0,3929,3406,85,76,359,3,0,602.37,1097.86,13757,20550,90208,NA,09810,3,5
40147000012,40,147,000012,1829,1612,0,13,194,10,0,1325,1187,0,5,127,6,0,203.14,370.24,13757,4450,90208,NA,03630,3,5
40147000013,40,147,000013,4390,3732,14,30,599,15,0,3178,2777,7,14,371,9,0,821,818,13757,61700,92366,03450,25470,2,5
40149009648,40,149,009648,1468,1355,0,42,69,2,0,1098,1031,0,24,42,1,0,325.11,250.97,13905,17300,92171,NA,31670,5,6
40149009649,40,149,009649,3125,2900,16,136,60,13,0,2142,2019,14,74,27,8,0,634.24,489.59,13905,10250,92340,NA,06510,5,6
40149009650,40,149,009650,2566,2361,0,154,44,7,0,1881,1764,0,86,29,2,0,556.96,429.94,13905,66400,93185,NA,27330,5,6
40149009651,40,149,009651,3737,3619,4,55,53,5,1,2833,2770,3,27,31,2,0,838.84,647.53,13905,51250,90494,NA,08640,5,6
40149009652,40,149,009652,545,517,0,19,9,0,0,398,383,0,11,4,0,0,117.85,90.97,13905,NA,92990,02700,20600,5,6
40151009541,40,151,009541,706,691,0,4,10,1,0,525,515,0,4,6,0,0,126.62,170.37,NA,11750,90091,NA,02880,5,6
40151009542,40,151,009542,3316,3169,41,39,55,12,0,2701,2590,38,27,37,9,0,651.42,876.5,NA,1800,90091,NA,02880,5,6
40151009543,40,151,009543,2598,2524,7,24,30,13,0,2010,1964,4,16,18,8,0,484.76,652.26,NA,1800,90091,NA,02880,5,6
40151009544,40,151,009544,1951,1875,1,51,24,0,0,1499,1447,0,35,17,0,0,361.52,486.44,NA,79350,93198,NA,32040,5,6
40151009545,40,151,009545,532,500,0,23,7,2,0,405,388,0,12,4,1,0,97.68,131.43,NA,27850,93809,NA,12180,5,6
40153009531,40,153,009531,2047,1957,0,57,27,6,0,1470,1426,0,27,15,2,0,284.09,426.02,NA,49250,91872,NA,20280,5,6
40153009532,40,153,009532,3588,3283,106,77,108,13,1,2744,2508,103,47,77,8,1,530.29,795.24,NA,27350,93887,NA,21030,5,6
40153009533,40,153,009533,4191,3885,10,146,134,14,2,2976,2796,4,85,81,8,2,575.13,862.47,NA,82150,93887,NA,33180,5,6
40153009534,40,153,009534,3623,3331,10,181,83,17,1,2525,2351,7,96,57,13,1,487.97,731.77,NA,82150,93887,NA,33180,5,6
40153009535,40,153,009535,5527,5298,6,114,91,18,0,3925,3788,3,58,63,13,0,758.53,1137.5,NA,82150,93887,NA,33180,5,6
