GEOID,state,county,tract,pop,pop_white,pop_black,pop_hisp,pop_aian,pop_asian,pop_other,vap,vap_white,vap_black,vap_hisp,vap_aian,vap_asian,vap_other,ndv,nrv,place,mcd,school,cd_1980,cd_1990
42001000301,42,001,000301,5951,5845,9,70,3,24,0,4257,4195,7,36,2,17,0,220,331,NA,63616,03450,17,19
42001000302,42,001,000302,4451,4225,51,123,1,50,1,3193,3064,25,76,1,27,0,226,345,87136,78160,03450,17,19
42001000303,42,001,000303,3260,3034,35,182,7,2,0,2356,2208,25,114,7,2,0,233,514,5536,48608,24300,17,19
42001000304,42,001,000304,4819,4615,86,102,6,10,0,3580,3457,57,56,4,6,0,537,646,2928,27320,10710,17,19
42001000305,42,001,000305,3522,3411,9,93,1,7,1,2608,2540,5,59,1,3,0,305,437,6296,10456,24300,17,19
42001000306,42,001,000306,4550,4447,53,26,15,9,0,3460,3385,40,21,10,4,0,550,756,NA,74680,10710,17,19
42001000307,42,001,000307,5358,5249,25,50,6,26,2,3777,3719,13,25,6,14,0,388,437,7560,51776,06550,17,19
42001000308,42,001,000308,5305,5227,20,40,2,14,2,3897,3856,8,22,2,9,0,206,211,20792,32144,06550,17,19
42001000309,42,001,000309,5054,4964,9,60,0,21,0,3842,3789,5,37,0,11,0,337,351,53920,57472,06550,17,19
42001000310,42,001,000310,1186,1161,0,18,1,6,0,835,821,0,10,1,3,0,81.38,66.07,NA,15632,06550,17,19
42001000311,42,001,000311,6115,6045,3,51,6,9,1,4675,4631,2,32,3,6,1,455.62,369.93,49224,15632,06550,17,19
42001000312,42,001,000312,6976,6842,54,39,6,31,4,5065,5009,18,17,6,15,0,201,308,43944,51640,13980,17,19
42001000313,42,001,000313,2973,2942,1,15,1,14,0,2255,2235,1,12,1,6,0,424,538,43944,43944,13980,17,19
42001000314,42,001,000314,5431,5194,101,81,1,53,1,4235,4061,79,58,1,36,0,867,1123,NA,17640,10710,17,19
42001000315,42,001,000315,7025,6351,362,232,11,65,4,5950,5505,248,139,10,48,0,920,1047,28960,28960,10710,17,19
42001000316,42,001,000316,3902,3814,38,26,7,14,3,2879,2819,25,19,6,10,0,102,143,11472,11472,09540,17,19
42001000317,42,001,000317,2396,2369,5,8,4,8,2,1815,1795,4,6,4,6,0,204,295,24560,32200,09540,17,19
42001000318,42,001,000318,0,0,0,0,0,0,0,0,0,0,0,0,0,0,0,0,NA,48608,24300,21,19
42001000319,42,001,000319,0,0,0,0,0,0,0,0,0,0,0,0,0,0,0,0,NA,48608,24300,21,19
42003000101,42,003,000101,1444,835,561,29,5,13,1,1422,828,546,29,5,13,1,456.76,175.37,61000,61000,19170,15,14
42003000103,42,003,000103,3220,2457,623,87,5,42,6,3087,2430,522,85,5,41,4,991.58,380.71,61000,61000,19170,15,14
42003000201,42,003,000201,1670,1125,504,22,7,12,0,1663,1120,504,22,7,10,0,534.17,205.09,61000,61000,19170,15,14
42003000203,42,003,000203,113,63,42,4,0,4,0,98,61,31,4,0,2,0,31.48,12.09,61000,61000,19170,15,14
42003000302,42,003,000302,671,564,65,2,0,39,1,666,561,63,2,0,39,1,213.93,82.14,61000,61000,19170,15,14
42003000305,42,003,000305,1371,75,1294,2,0,0,0,1103,72,1029,2,0,0,0,354.3,136.03,61000,61000,19170,15,14
42003000314,42,003,000314,1088,34,1042,9,2,0,1,834,31,791,9,2,0,1,267.89,102.86,61000,61000,19170,15,14
42003000402,42,003,000402,964,425,451,18,1,69,0,809,415,321,16,1,56,0,259.86,99.77,61000,61000,19170,15,14
42003000403,42,003,000403,8523,7205,788,140,5,382,3,8403,7131,775,129,4,361,3,2699.14,1036.33,61000,61000,19170,15,14
42003000404,42,003,000404,694,487,30,25,2,150,0,645,482,25,20,2,116,0,207.18,79.55,61000,61000,19170,15,14
42003000405,42,003,000405,3014,2299,157,71,2,475,10,2791,2195,147,60,2,380,7,896.5,344.21,61000,61000,19170,15,14
42003000406,42,003,000406,2392,1860,192,40,2,297,1,2256,1802,160,40,2,252,0,724.65,278.23,61000,61000,19170,15,14
42003000407,42,003,000407,1475,946,444,11,8,64,2,1271,851,356,10,5,49,0,408.26,156.75,61000,61000,19170,15,14
42003000409,42,003,000409,1893,1090,688,45,5,62,3,1587,974,530,29,5,49,0,509.76,195.72,61000,61000,19170,15,14
42003000411,42,003,000411,974,91,861,1,18,0,3,730,78,643,0,9,0,0,234.48,90.03,61000,61000,19170,15,14
42003000501,42,003,000501,1114,14,1096,2,2,0,0,938,14,920,2,2,0,0,301.3,115.68,61000,61000,19170,15,14
42003000502,42,003,000502,1076,11,1060,4,0,1,0,819,11,805,2,0,1,0,263.07,101.01,61000,61000,19170,15,14
42003000506,42,003,000506,2590,365,2180,10,13,20,2,2085,295,1757,8,12,12,1,669.72,257.14,61000,61000,19170,15,14
42003000507,42,003,000507,1144,870,176,19,7,69,3,1109,855,164,18,4,67,1,356.22,136.77,61000,61000,19170,15,14
42003000508,42,003,000508,639,7,626,3,2,0,1,514,7,502,3,1,0,1,165.1,63.39,61000,61000,19170,15,14
42003000509,42,003,000509,2317,49,2237,20,7,0,4,1525,42,1462,11,7,0,3,489.85,188.08,61000,61000,19170,15,14
42003000510,42,003,000510,3523,41,3449,13,11,5,4,2102,35,2048,9,7,3,0,675.19,259.24,61000,61000,19170,15,14
42003000511,42,003,000511,1550,12,1521,5,1,0,11,1030,12,1012,2,1,0,3,330.85,127.03,61000,61000,19170,15,14
42003000601,42,003,000601,162,18,138,4,2,0,0,116,16,94,4,2,0,0,37.26,14.31,61000,61000,19170,15,14
42003000603,42,003,000603,1359,1140,202,8,1,7,1,1108,942,154,6,1,5,0,355.9,136.65,61000,61000,19170,15,14
42003000604,42,003,000604,1291,1104,167,14,0,3,3,1021,888,120,10,0,3,0,327.96,125.92,61000,61000,19170,15,14
42003000605,42,003,000605,789,677,98,0,2,12,0,642,562,69,0,2,9,0,206.22,79.18,61000,61000,19170,15,14
42003000606,42,003,000606,821,747,61,5,0,8,0,692,641,41,5,0,5,0,222.28,85.34,61000,61000,19170,15,14
42003000703,42,003,000703,2329,2021,135,56,0,108,9,2144,1874,121,45,0,99,5,688.68,264.42,61000,61000,19170,15,14
42003000704,42,003,000704,1015,814,156,12,2,31,0,932,769,119,12,2,30,0,299.37,114.94,61000,61000,19170,15,14
42003000705,42,003,000705,1917,1673,125,34,3,80,2,1800,1577,117,31,2,72,1,578.18,221.99,61000,61000,19170,15,14
42003000706,42,003,000706,2037,1804,108,50,3,71,1,1891,1693,88,46,1,62,1,607.41,233.21,61000,61000,19170,15,14
42003000707,42,003,000707,725,607,89,4,0,24,1,634,536,71,4,0,22,1,203.65,78.19,61000,61000,19170,15,14
42003000708,42,003,000708,890,768,62,26,0,34,0,839,729,58,20,0,32,0,269.5,103.47,61000,61000,19170,15,14
42003000709,42,003,000709,1778,1499,163,30,4,82,0,1678,1416,154,27,4,77,0,538.99,206.94,61000,61000,19170,15,14
42003000802,42,003,000802,2165,2099,35,14,3,13,1,1767,1721,24,13,2,7,0,567.58,217.92,61000,61000,19170,15,14
42003000804,42,003,000804,939,871,46,10,0,12,0,792,738,37,8,0,9,0,254.4,97.68,61000,61000,19170,15,14
42003000806,42,003,000806,2218,1890,212,32,2,77,5,1966,1689,174,31,2,68,2,631.5,242.46,61000,61000,19170,15,14
42003000807,42,003,000807,1976,1226,666,33,4,44,3,1755,1149,537,26,4,39,0,563.73,216.44,61000,61000,19170,15,14
42003000809,42,003,000809,2296,2004,222,23,4,37,6,2024,1802,169,19,4,27,3,650.13,249.62,61000,61000,19170,15,14
42003000818,42,003,000818,1323,598,657,16,0,46,6,1206,579,567,15,0,40,5,387.38,148.73,61000,61000,19170,15,14
42003000901,42,003,000901,2369,2333,29,3,0,0,4,1915,1903,10,2,0,0,0,615.12,236.17,61000,61000,19170,15,14
42003000902,42,003,000902,3498,3355,122,11,1,6,3,3001,2899,86,9,1,6,0,963.95,370.11,61000,61000,19170,15,14
42003000903,42,003,000903,2057,1968,32,39,0,17,1,1702,1631,25,31,0,15,0,546.7,209.9,61000,61000,19170,15,14
42003001005,42,003,001005,2159,1180,947,24,0,4,4,1698,1007,670,17,0,4,0,545.42,209.41,61000,61000,19170,15,14
42003001011,42,003,001011,3328,3251,28,25,2,22,0,2634,2579,18,17,2,18,0,846.07,324.85,61000,61000,19170,15,14
42003001016,42,003,001016,2130,156,1929,8,13,16,8,1326,137,1170,3,6,7,3,425.93,163.53,61000,61000,19170,15,14
42003001017,42,003,001017,2439,847,1517,11,7,51,6,1736,703,991,8,4,30,0,557.62,214.1,61000,61000,19170,15,14
42003001018,42,003,001018,2926,2735,184,5,0,2,0,2398,2259,133,4,0,2,0,770.26,295.74,61000,61000,19170,15,14
42003001102,42,003,001102,3068,2265,693,57,5,26,22,2522,1950,494,41,4,24,9,810.09,311.03,61000,61000,19170,15,14
42003001106,42,003,001106,2735,2369,293,33,5,29,6,2174,1913,212,26,5,18,0,698.31,268.12,61000,61000,19170,15,14
42003001111,42,003,001111,1226,985,186,19,6,28,2,1016,842,134,15,4,21,0,326.35,125.3,61000,61000,19170,15,14
42003001113,42,003,001113,3242,1684,1448,50,3,44,13,2552,1459,1017,37,0,35,4,819.73,314.73,61000,61000,19170,15,14
42003001114,42,003,001114,1758,321,1370,27,2,27,11,1327,282,1000,20,2,19,4,426.25,163.66,61000,61000,19170,15,14
42003001115,42,003,001115,3408,813,2501,32,13,44,5,2785,736,1979,22,9,37,2,894.57,343.47,61000,61000,19170,15,14
42003001201,42,003,001201,1896,495,1380,10,4,7,0,1566,413,1134,9,3,7,0,503.02,193.13,61000,61000,19170,15,14
42003001202,42,003,001202,1964,40,1899,10,4,7,4,1539,40,1483,8,4,3,1,494.34,189.8,61000,61000,19170,15,14
42003001203,42,003,001203,2784,258,2478,41,5,1,1,2001,185,1784,28,4,0,0,642.74,246.78,61000,61000,19170,15,14
42003001204,42,003,001204,1953,235,1654,40,5,19,0,1477,197,1242,27,4,7,0,474.43,182.16,61000,61000,19170,15,14
42003001207,42,003,001207,1369,20,1330,12,5,1,1,1034,19,1002,8,4,1,0,332.13,127.52,61000,61000,19170,15,14
42003001208,42,003,001208,2039,335,1648,28,13,7,8,1600,318,1245,20,8,6,3,513.94,197.33,61000,61000,19170,15,14
42003001301,42,003,001301,1819,20,1781,12,2,2,2,1364,20,1330,8,2,2,2,438.13,168.22,61000,61000,19170,15,14
42003001302,42,003,001302,2209,34,2133,13,8,13,8,1664,31,1603,12,7,6,5,534.49,205.22,61000,61000,19170,15,14
42003001303,42,003,001303,2653,57,2574,11,4,5,2,1909,51,1840,8,3,5,2,613.19,235.43,61000,61000,19170,15,14
42003001304,42,003,001304,2158,29,2102,15,8,3,1,1578,25,1538,6,6,2,1,506.87,194.61,61000,61000,19170,15,14
42003001305,42,003,001305,1303,25,1262,11,5,0,0,907,23,875,6,3,0,0,291.34,111.86,61000,61000,19170,15,14
42003001306,42,003,001306,4505,188,4258,33,12,10,4,3100,174,2888,20,11,7,0,995.75,382.32,61000,61000,19170,15,14
42003001402,42,003,001402,2492,2105,202,33,7,145,0,2178,1858,166,30,5,119,0,699.6,268.61,61000,61000,19170,15,14
42003001403,42,003,001403,3581,3377,64,52,6,77,5,2839,2682,45,39,6,64,3,911.92,350.13,61000,61000,19170,15,14
42003001404,42,003,001404,2442,2312,41,16,2,68,3,1862,1765,35,13,1,48,0,598.09,229.64,61000,61000,19170,15,14
42003001405,42,003,001405,2513,735,1695,43,13,19,8,1928,637,1239,28,7,15,2,619.29,237.78,61000,61000,19170,15,14
42003001406,42,003,001406,3467,3154,221,31,0,50,11,2731,2525,149,22,0,32,3,877.23,336.81,61000,61000,19170,15,14
42003001408,42,003,001408,4573,4075,133,100,0,262,3,3524,3153,99,77,0,194,1,1131.95,434.61,61000,61000,19170,15,14
42003001410,42,003,001410,1090,1055,9,11,0,15,0,882,857,7,6,0,12,0,283.31,108.78,61000,61000,19170,15,14
42003001411,42,003,001411,1540,1509,6,13,2,10,0,1238,1219,6,4,2,7,0,397.66,152.68,61000,61000,19170,15,14
42003001413,42,003,001413,5139,4597,167,95,3,269,8,4405,3970,141,73,2,218,1,1414.93,543.26,61000,61000,19170,15,14
42003001414,42,003,001414,5256,4789,129,51,6,271,10,4371,4023,107,38,4,198,1,1404.01,539.07,61000,61000,19170,15,14
42003001501,42,003,001501,1483,964,506,6,1,6,0,1113,761,342,5,1,4,0,357.51,137.26,61000,61000,19170,15,14
42003001502,42,003,001502,1057,962,77,9,0,9,0,795,748,35,5,0,7,0,255.36,98.05,61000,61000,19170,15,14
42003001504,42,003,001504,793,283,504,2,1,2,1,686,277,404,2,1,2,0,220.35,84.6,61000,61000,19170,15,14
42003001515,42,003,001515,3122,2121,912,61,5,18,5,2444,1747,632,45,5,15,0,785.04,301.41,61000,61000,19170,15,14
42003001516,42,003,001516,2881,2813,39,20,5,4,0,2349,2307,25,13,2,2,0,754.52,289.7,61000,61000,19170,15,14
42003001517,42,003,001517,5604,5258,137,68,6,123,12,4653,4406,109,51,4,80,3,1494.59,573.85,61000,61000,19170,15,14
42003001603,42,003,001603,2210,2096,108,5,0,1,0,1696,1618,74,3,0,1,0,544.77,209.16,61000,61000,19170,15,14
42003001604,42,003,001604,1497,84,1389,5,7,8,4,747,68,666,3,5,4,1,239.94,92.13,61000,61000,19170,15,14
42003001606,42,003,001606,1960,181,1732,24,12,11,0,1005,138,846,8,9,4,0,322.82,123.94,61000,61000,19170,15,14
42003001607,42,003,001607,620,576,39,4,1,0,0,448,420,23,4,1,0,0,143.9,55.25,61000,61000,19170,15,14
42003001608,42,003,001608,3306,3220,66,9,6,4,1,2637,2582,40,7,4,4,0,847.03,325.22,61000,61000,19170,15,14
42003001609,42,003,001609,2337,2234,66,23,1,13,0,2102,2016,58,20,1,7,0,675.19,259.24,61000,61000,19170,15,14
42003001702,42,003,001702,3452,3386,28,20,1,13,4,3024,2969,23,17,1,12,2,971.34,372.94,61000,61000,19170,15,14
42003001704,42,003,001704,388,310,71,7,0,0,0,357,283,68,6,0,0,0,114.67,44.03,61000,61000,19170,15,14
42003001706,42,003,001706,2366,2302,24,26,3,9,2,1926,1878,18,19,1,8,2,618.65,237.53,61000,61000,19170,15,14
42003001803,42,003,001803,2313,2101,181,19,1,9,2,1691,1552,122,11,1,5,0,543.17,208.55,61000,61000,19170,15,14
42003001805,42,003,001805,1360,120,1225,10,0,1,4,1062,97,953,8,0,1,3,341.13,130.97,61000,61000,19170,15,14
42003001806,42,003,001806,1006,983,15,2,0,6,0,814,793,13,2,0,6,0,261.47,100.39,61000,61000,19170,15,14
42003001807,42,003,001807,2364,2232,106,16,4,4,2,1860,1789,60,7,1,3,0,597.45,229.39,61000,61000,19170,15,14
42003001808,42,003,001808,1287,1160,112,10,0,3,2,960,895,57,6,0,2,0,308.36,118.4,61000,61000,19170,15,14
42003001809,42,003,001809,1978,433,1520,9,12,1,3,1446,346,1087,6,6,1,0,464.47,178.33,61000,61000,19170,15,14
42003001903,42,003,001903,965,937,14,7,0,7,0,819,803,7,4,0,5,0,263.07,101.01,61000,61000,19170,15,14
42003001911,42,003,001911,2786,2724,41,9,1,11,0,2253,2211,25,7,1,9,0,723.69,277.86,61000,61000,19170,15,14
42003001914,42,003,001914,3356,3178,140,28,2,7,1,2769,2641,98,20,2,7,1,889.43,341.5,61000,61000,19170,15,14
42003001915,42,003,001915,2517,2400,67,33,2,10,5,2006,1920,56,18,1,10,1,644.35,247.4,61000,61000,19170,15,14
42003001916,42,003,001916,5008,4679,267,35,0,18,9,3862,3640,187,24,0,10,1,1240.52,476.29,61000,61000,19170,15,14
42003001917,42,003,001917,4035,3933,58,22,0,19,3,3213,3143,41,16,0,13,0,1032.05,396.25,61000,61000,19170,15,14
42003001918,42,003,001918,6224,6108,23,48,2,41,2,4921,4843,15,34,2,27,0,1580.68,606.9,61000,61000,19170,15,14
42003001919,42,003,001919,2519,2490,8,14,1,4,2,1991,1969,7,11,1,3,0,639.53,245.55,61000,61000,19170,15,14
42003001921,42,003,001921,44,32,11,0,0,1,0,40,30,9,0,0,1,0,12.85,4.93,61000,61000,19170,15,14
42003001922,42,003,001922,1498,1460,15,11,1,11,0,1286,1251,14,10,1,10,0,413.08,158.6,61000,61000,19170,15,14
42003002004,42,003,002004,1408,1339,63,0,0,5,1,995,959,33,0,0,3,0,319.6,122.71,61000,61000,19170,15,14
42003002016,42,003,002016,590,589,1,0,0,0,0,464,463,1,0,0,0,0,149.04,57.22,61000,61000,19170,15,14
42003002017,42,003,002017,599,547,42,6,0,0,4,441,406,31,4,0,0,0,141.65,54.39,61000,61000,19170,15,14
42003002018,42,003,002018,1933,1767,152,10,2,1,1,1417,1323,86,4,2,1,1,455.16,174.76,61000,61000,19170,15,14
42003002019,42,003,002019,441,228,198,0,0,12,3,344,196,142,0,0,6,0,110.5,42.42,61000,61000,19170,15,14
42003002020,42,003,002020,1806,1664,117,3,1,15,6,1359,1261,85,3,1,9,0,436.53,167.6,61000,61000,19170,15,14
42003002021,42,003,002021,569,169,398,0,2,0,0,456,148,306,0,2,0,0,146.47,56.24,61000,61000,19170,15,14
42003002022,42,003,002022,3313,3012,267,15,0,14,5,2517,2313,180,10,0,13,1,808.49,310.42,61000,61000,19170,15,14
42003002023,42,003,002023,4769,4487,124,19,4,132,3,4080,3869,98,16,3,93,1,1310.54,503.18,61000,61000,19170,15,14
42003002024,42,003,002024,1298,1191,97,4,4,1,1,985,928,52,2,2,1,0,316.39,121.48,61000,61000,19170,15,14
42003002107,42,003,002107,3077,401,2611,35,10,8,12,2308,362,1908,23,8,5,2,741.35,284.64,61000,61000,19170,15,14
42003002201,42,003,002201,654,488,147,4,3,10,2,585,443,126,4,3,9,0,187.91,72.15,61000,61000,19170,15,14
42003002204,42,003,002204,1262,798,441,8,1,13,1,1146,785,338,8,1,13,1,368.11,141.33,61000,61000,19170,15,14
42003002205,42,003,002205,215,175,36,1,0,3,0,210,174,32,1,0,3,0,67.45,25.9,61000,61000,19170,15,14
42003002206,42,003,002206,2144,1259,830,34,7,12,2,1858,1150,661,27,7,12,1,596.81,229.14,61000,61000,19170,15,14
42003002304,42,003,002304,1754,1602,124,18,2,7,1,1396,1294,82,12,2,5,1,448.41,172.17,61000,61000,19170,15,14
42003002305,42,003,002305,1334,1079,226,20,2,3,4,1198,984,193,16,2,3,0,384.81,147.75,61000,61000,19170,15,14
42003002306,42,003,002306,58,55,0,3,0,0,0,44,43,0,1,0,0,0,14.13,5.43,61000,61000,19170,15,14
42003002406,42,003,002406,2742,2726,1,15,0,0,0,2209,2202,1,6,0,0,0,709.55,272.43,61000,61000,19170,15,14
42003002412,42,003,002412,1753,1733,12,1,5,2,0,1299,1287,8,0,3,1,0,417.25,160.2,61000,61000,19170,15,14
42003002503,42,003,002503,1579,337,1226,12,1,1,2,1195,293,895,5,1,1,0,383.85,147.38,61000,61000,19170,15,14
42003002507,42,003,002507,1156,360,782,8,4,2,0,818,302,503,8,3,2,0,262.75,100.88,61000,61000,19170,15,14
42003002508,42,003,002508,1005,612,384,7,0,2,0,766,503,255,6,0,2,0,246.05,94.47,61000,61000,19170,15,14
42003002509,42,003,002509,1907,1018,831,32,12,6,8,1353,790,533,19,6,4,1,434.6,166.86,61000,61000,19170,15,14
42003002602,42,003,002602,1439,1361,62,13,0,3,0,1114,1067,36,9,0,2,0,357.83,137.39,61000,61000,19170,15,14
42003002603,42,003,002603,515,263,230,18,0,4,0,381,217,151,9,0,4,0,122.38,46.99,61000,61000,19170,15,14
42003002607,42,003,002607,2051,1679,347,12,3,4,6,1593,1366,215,6,2,2,2,511.69,196.46,61000,61000,19170,15,14
42003002613,42,003,002613,1435,1219,200,11,1,3,1,1105,969,127,6,0,3,0,354.94,136.28,61000,61000,19170,15,14
42003002614,42,003,002614,2926,1140,1754,15,3,1,13,2201,993,1189,13,3,1,2,706.99,271.45,61000,61000,19170,15,14
42003002615,42,003,002615,1857,1042,779,14,6,8,8,1372,870,476,12,6,6,2,440.7,169.21,61000,61000,19170,15,14
42003002620,42,003,002620,1711,1187,507,9,1,5,2,1265,956,297,6,1,5,0,406.33,156.01,61000,61000,19170,15,14
42003002701,42,003,002701,3008,2865,123,13,2,2,3,2341,2258,68,11,2,2,0,751.95,288.71,61000,61000,19170,15,14
42003002703,42,003,002703,2427,2302,88,14,6,16,1,1896,1811,65,8,3,8,1,609.02,233.83,61000,61000,19170,15,14
42003002704,42,003,002704,2179,946,1165,29,28,7,4,2178,946,1164,29,28,7,4,699.6,268.61,61000,61000,19170,15,14
42003002706,42,003,002706,1044,1018,17,4,0,2,3,807,786,15,4,0,2,0,259.22,99.53,61000,61000,19170,15,14
42003002708,42,003,002708,3145,3042,74,20,2,5,2,2551,2475,54,17,1,4,0,819.41,314.61,61000,61000,19170,15,14
42003002715,42,003,002715,3290,3130,105,23,3,28,1,2549,2440,69,17,2,20,1,818.77,314.36,61000,61000,19170,15,14
42003002717,42,003,002717,1390,1268,103,7,2,4,6,1080,1005,65,5,1,3,1,346.91,133.19,61000,61000,19170,15,14
42003002805,42,003,002805,605,545,56,2,1,0,1,518,474,42,1,1,0,0,166.39,63.88,61000,61000,19170,15,14
42003002807,42,003,002807,1603,1326,273,0,3,0,1,1316,1116,199,0,1,0,0,422.71,162.3,61000,61000,19170,15,14
42003002808,42,003,002808,2951,294,2588,28,15,6,20,1483,227,1234,9,6,6,1,476.36,182.9,61000,61000,19170,15,14
42003002812,42,003,002812,1099,1057,34,0,1,3,4,946,911,30,0,1,3,1,303.87,116.67,61000,61000,19170,15,14
42003002814,42,003,002814,1738,1196,526,5,6,4,1,1221,934,276,4,5,2,0,392.2,150.58,61000,61000,19170,15,14
42003002815,42,003,002815,1855,1802,30,15,1,7,0,1426,1391,20,9,1,5,0,458.05,175.87,61000,61000,19170,15,14
42003002816,42,003,002816,965,936,26,2,1,0,0,783,764,16,2,1,0,0,251.51,96.57,61000,61000,19170,15,14
42003002901,42,003,002901,2415,2375,20,12,0,5,3,1893,1864,18,7,0,4,0,608.05,233.46,61000,61000,19170,15,14
42003003001,42,003,003001,4971,3757,1123,42,4,32,13,3745,2943,750,23,3,23,3,1202.93,461.86,61000,61000,19170,15,14
42003003103,42,003,003103,1008,896,100,5,5,2,0,786,703,77,2,3,1,0,252.47,96.94,61000,61000,19170,15,14
42003003204,42,003,003204,2437,2380,34,10,1,11,1,1887,1857,17,5,1,7,0,606.12,232.72,61000,61000,19170,15,14
42003003206,42,003,003206,2663,2579,62,14,0,8,0,2138,2073,46,12,0,7,0,686.75,263.68,61000,61000,19170,15,14
42003004011,42,003,004011,5031,4933,59,15,1,20,3,4027,3973,29,10,1,12,2,1318.11,586.4,32868,32832,11880,2,4
42003004012,42,003,004012,3737,3545,152,9,6,7,18,2957,2837,103,5,3,6,3,967.88,430.59,32868,32832,11880,2,4
42003004013,42,003,004013,2995,2929,30,17,1,11,7,2383,2341,23,10,1,7,1,780,347.01,32868,32832,11880,2,4
42003004020,42,003,004020,3713,3604,89,14,2,4,0,2972,2889,70,9,2,2,0,930,344,7976,7976,11880,2,4
42003004035,42,003,004035,5745,5600,104,24,10,4,3,4450,4352,73,12,9,3,1,1054,447,76104,76104,11880,2,4
42003004040,42,003,004040,1558,1525,24,3,3,2,1,1243,1218,21,2,1,1,0,526,93,NA,21024,07540,2,4
42003004050,42,003,004050,1388,1381,3,3,0,1,0,1098,1091,3,3,0,1,0,330,148,NA,27608,07540,2,4
42003004060,42,003,004060,2712,2695,3,3,0,11,0,2109,2099,2,3,0,5,0,479,272,NA,25400,11880,2,4
42003004090,42,003,004090,4027,3945,34,18,0,27,3,3076,3015,26,14,0,20,1,659,867,NA,60272,02850,20,4
42003004100,42,003,004100,1374,1354,7,11,0,2,0,1045,1035,5,4,0,1,0,198,391,8064,8064,17010,20,4
42003004110,42,003,004110,3965,3911,15,11,0,28,0,2776,2742,9,7,0,18,0,444,603,8064,47696,17010,20,4
42003004131,42,003,004131,6406,6093,97,54,8,154,0,4547,4350,61,35,6,95,0,837.89,1218.79,45904,45900,17010,20,14
42003004133,42,003,004133,5160,5072,28,13,2,44,1,3862,3803,19,8,2,30,0,711.66,1035.18,45904,45900,17010,20,14
42003004134,42,003,004134,4624,4415,45,27,1,133,3,3391,3266,20,19,1,84,1,624.87,908.93,45904,45900,17010,20,14
42003004135,42,003,004135,5604,5458,45,26,0,72,3,4671,4563,34,22,0,52,0,860.74,1252.03,45904,45900,17010,20,14
42003004142,42,003,004142,5959,5897,22,13,2,23,2,4467,4426,17,8,1,15,0,1003.72,1181.6,32334,32328,11400,20,14
42003004160,42,003,004160,1640,1636,0,3,0,0,1,1323,1321,0,2,0,0,0,467,181,13392,72968,02190,2,18
42003004171,42,003,004171,2599,2585,3,3,3,4,1,2096,2087,1,3,2,2,1,642.67,251.07,72960,72960,02190,2,18
42003004172,42,003,004172,1530,1515,6,1,2,6,0,1260,1247,6,1,2,4,0,386.33,150.93,72960,72960,02190,2,18
42003004180,42,003,004180,1971,1961,1,9,0,0,0,1644,1639,1,4,0,0,0,554,328,13392,13392,02190,2,4
42003004190,42,003,004190,3144,3116,5,4,1,18,0,2613,2591,5,3,1,13,0,867,341,56088,32624,02190,2,18
42003004200,42,003,004200,1626,1568,2,8,4,42,2,1380,1338,2,8,4,28,0,466,223,7000,7000,10070,20,18
42003004211,42,003,004211,4326,4114,60,21,1,128,2,3433,3265,60,14,1,91,2,816.15,1011.4,56386,56384,10070,20,18
42003004212,42,003,004212,4744,4578,17,37,1,110,1,3600,3492,11,28,1,67,1,855.85,1060.6,56386,56384,10070,20,18
42003004220,42,003,004220,5319,5035,15,43,5,219,2,3945,3760,9,27,1,148,0,534,1865,27120,27120,10070,20,18
42003004230,42,003,004230,2880,2837,4,24,1,12,2,2433,2404,1,17,0,10,1,650,685,3320,3320,10070,20,18
42003004240,42,003,004240,3781,3615,57,74,3,31,1,3146,3024,41,56,3,22,0,1187,339,69776,69776,10070,15,18
42003004250,42,003,004250,4151,4064,4,52,1,30,0,3234,3164,4,44,1,21,0,805.14,697.33,24160,24160,21200,20,18
42003004263,42,003,004263,6601,6531,27,30,2,11,0,5176,5135,15,18,1,7,0,1288.63,1116.07,69596,69584,21200,20,18
42003004264,42,003,004264,4777,4736,2,18,3,18,0,3898,3871,2,11,3,11,0,970.45,840.5,69596,69584,21200,20,18
42003004267,42,003,004267,2825,2703,10,14,2,95,1,2252,2171,10,11,1,59,0,560.66,485.58,69596,69584,21200,20,18
42003004268,42,003,004268,5378,5300,11,25,1,40,1,4108,4058,6,15,1,27,1,1022.73,885.78,69596,69584,21200,20,18
42003004270,42,003,004270,4338,4283,11,29,12,3,0,3453,3418,5,20,7,3,0,920,425,49920,49920,21200,15,18
42003004271,42,003,004271,5485,5403,13,23,2,44,0,4268,4215,8,17,1,27,0,1062.57,920.28,69596,69584,21200,20,18
42003004272,42,003,004272,5541,5504,4,27,0,6,0,4510,4481,2,22,0,5,0,1122.82,972.46,69596,69584,21200,20,18
42003004281,42,003,004281,1557,1548,3,4,1,1,0,1211,1204,3,3,1,0,0,430.99,252.39,64248,64240,21200,15,18
42003004293,42,003,004293,6126,6081,7,8,5,24,1,4895,4862,4,8,5,15,1,1115.9,1125.51,66356,66264,17220,20,14
42003004294,42,003,004294,5037,4969,23,24,0,20,1,4016,3971,16,13,0,15,1,915.52,923.4,66356,66264,17220,20,14
42003004295,42,003,004295,4536,4373,68,28,3,62,2,3870,3755,44,19,3,49,0,882.24,889.83,66356,66264,17220,20,14
42003004296,42,003,004296,3218,3075,110,20,1,12,0,2551,2446,78,15,1,11,0,581.55,586.56,66356,66264,17220,20,14
42003004301,42,003,004301,2543,2517,18,2,2,2,2,1938,1922,12,2,2,0,0,563.16,373.73,84144,84144,17220,20,14
42003004302,42,003,004302,5191,5131,9,29,0,22,0,4098,4058,7,19,0,14,0,1190.84,790.27,84144,84144,17220,20,14
42003004311,42,003,004311,3669,3530,98,17,5,19,0,2991,2886,72,15,3,15,0,736.82,568.22,5312,5312,17770,20,14
42003004314,42,003,004314,2043,1973,50,7,4,6,3,1670,1623,35,5,3,4,0,411.39,317.26,5312,5312,17770,20,14
42003004315,42,003,004315,3414,3270,111,17,4,9,3,2861,2748,86,13,4,8,2,704.79,543.52,5312,5312,17770,20,14
42003004323,42,003,004323,2537,2380,131,13,2,11,0,2093,1973,100,7,2,11,0,537.39,430.44,3608,3608,17770,20,14
42003004324,42,003,004324,3309,3236,48,12,1,9,3,2643,2587,39,8,1,6,2,678.61,543.56,3608,3608,17770,20,14
42003004330,42,003,004330,373,367,0,3,0,2,1,293,291,0,2,0,0,0,46.38,65.11,5520,5520,02820,20,14
42003004340,42,003,004340,2065,1998,45,17,1,4,0,1582,1529,33,15,1,4,0,391,465,5504,5504,02820,20,14
42003004350,42,003,004350,2911,2804,79,7,4,16,1,2243,2184,41,6,3,9,0,589,438,23616,23616,02820,20,14
42003004360,42,003,004360,825,808,16,1,0,0,0,661,644,16,1,0,0,0,104.62,146.89,23616,39624,02820,20,14
42003004370,42,003,004370,2466,2439,10,12,0,5,0,1841,1821,9,7,0,4,0,439,461,69416,56392,02820,20,14
42003004380,42,003,004380,622,597,16,3,1,4,1,448,434,9,1,1,2,1,70,99,69416,69416,19860,20,14
42003004390,42,003,004390,1436,1420,11,0,1,4,0,1101,1090,9,0,1,1,0,285,247,5216,5216,19860,20,14
42003004400,42,003,004400,984,974,2,3,0,5,0,748,741,2,3,0,2,0,85,305,69400,69400,19860,20,14
42003004410,42,003,004410,1246,1172,65,7,0,2,0,1032,968,56,6,0,2,0,217,215,NA,724,19860,20,14
42003004420,42,003,004420,201,200,0,0,1,0,0,158,157,0,0,1,0,0,48,36,29592,29592,19860,20,20
42003004430,42,003,004430,100,98,0,0,2,0,0,80,78,0,0,2,0,0,18,16,33312,33312,19860,20,20
42003004440,42,003,004440,544,533,7,4,0,0,0,401,393,6,2,0,0,0,82.67,141.59,57200,57200,19860,20,20
42003004451,42,003,004451,1175,907,254,7,0,7,0,932,709,213,6,0,4,0,228.06,239.31,69376,69376,19860,20,20
42003004454,42,003,004454,2959,2661,242,23,2,23,8,2464,2244,186,15,1,16,2,602.94,632.69,69376,69376,19860,20,20
42003004460,42,003,004460,1670,1631,23,8,0,8,0,1248,1220,18,5,0,5,0,237,612,22576,22576,19860,20,20
42003004470,42,003,004470,1731,1683,39,5,0,3,1,1296,1259,28,5,0,3,1,350,271,NA,42368,19860,20,14
42003004490,42,003,004490,2490,2448,27,12,0,2,1,1894,1863,20,10,0,1,0,486,272,NA,17048,15830,20,20
42003004507,42,003,004507,3641,3368,220,29,5,18,1,2962,2757,169,21,4,11,0,1010.56,377.54,16144,16144,06810,15,20
42003004508,42,003,004508,3106,2453,609,31,4,7,2,2522,2027,460,26,4,5,0,860.44,321.46,16144,16144,06810,15,20
42003004513,42,003,004513,5346,5176,74,35,0,61,0,4123,4018,51,21,0,33,0,870.16,828.91,11348,50784,15830,20,20
42003004520,42,003,004520,4506,4394,55,19,4,34,0,3413,3332,38,13,4,26,0,781,462,36772,25904,25200,20,20
42003004540,42,003,004540,443,426,17,0,0,0,0,340,326,14,0,0,0,0,92,24,46072,46072,09960,9,20
42003004550,42,003,004550,1752,1705,42,4,1,0,0,1345,1315,28,1,1,0,0,453,222,55840,55840,25200,9,20
42003004571,42,003,004571,1698,1641,51,2,0,3,1,1444,1400,40,2,0,2,0,405.09,219.9,8624,8624,05700,9,20
42003004572,42,003,004572,3747,3545,176,13,0,13,0,3133,2969,141,11,0,12,0,878.91,477.1,8624,8624,05700,9,20
42003004580,42,003,004580,4734,4566,143,7,2,16,0,3939,3782,134,7,2,14,0,1093,579,68464,15216,05700,9,14
42003004610,42,003,004610,1273,1257,7,7,0,2,0,1081,1069,7,5,0,0,0,386,194,NA,53136,06810,15,14
42003004621,42,003,004621,3154,3059,71,15,5,1,3,2542,2492,36,9,4,1,0,1151.59,353.93,74656,74648,22830,15,14
42003004626,42,003,004626,4527,4463,26,24,5,9,0,3685,3633,22,17,4,9,0,1669.41,513.07,74656,74648,22830,15,14
42003004639,42,003,004639,3295,3219,27,28,5,9,7,2651,2604,19,19,3,6,0,878.86,289.04,46264,46264,22830,15,14
42003004644,42,003,004644,4509,3395,1045,37,16,6,10,3228,2726,465,22,11,2,2,1070.14,351.96,46264,46264,22830,15,14
42003004655,42,003,004655,1046,1031,9,4,0,1,1,840,827,8,4,0,1,0,233,166.17,16848,16848,05040,20,14
42003004656,42,003,004656,3060,2955,63,14,2,24,2,2504,2423,51,10,2,18,0,694.56,495.36,16848,16848,05040,20,14
42003004660,42,003,004660,461,460,0,0,0,1,0,357,357,0,0,0,0,0,77,159,76560,76560,15720,20,14
42003004670,42,003,004670,483,480,0,2,0,1,0,378,376,0,2,0,0,0,75,203,66320,66320,05040,20,14
42003004687,42,003,004687,2086,1988,78,13,0,7,0,1602,1539,49,8,0,6,0,450.62,228.09,11336,11336,05040,20,18
42003004688,42,003,004688,2601,2491,80,19,1,10,0,2103,2022,60,12,1,8,0,591.55,299.43,11336,11336,05040,20,18
42003004689,42,003,004689,4513,4293,142,20,2,43,13,3782,3633,98,19,2,28,2,1063.83,538.48,11336,11336,05040,20,18
42003004703,42,003,004703,4681,4605,21,21,1,33,0,3944,3887,21,13,1,22,0,1115.85,841.82,68464,68388,05700,20,18
42003004704,42,003,004704,3569,3527,4,7,0,31,0,2853,2823,3,6,0,21,0,807.18,608.96,68464,68388,05700,20,18
42003004705,42,003,004705,6234,5949,59,65,10,151,0,5359,5138,52,46,5,118,0,1516.19,1143.85,68464,68388,05700,20,18
42003004706,42,003,004706,3011,2967,14,3,0,21,6,2438,2403,12,3,0,17,3,689.77,520.38,68464,68388,05700,20,18
42003004710,42,003,004710,1238,1225,10,2,0,1,0,1030,1020,7,2,0,1,0,420,135,33592,33592,05700,9,18
42003004722,42,003,004722,2497,2446,10,7,0,33,1,1990,1953,8,5,0,24,0,615.7,408.5,19576,19576,12750,20,18
42003004723,42,003,004723,2248,2185,14,17,0,32,0,1763,1716,9,16,0,22,0,545.46,361.9,19576,19576,12750,20,18
42003004724,42,003,004724,2243,2195,5,8,0,35,0,1776,1738,3,6,0,29,0,549.49,364.57,19576,19576,12750,20,18
42003004731,42,003,004731,5158,4980,31,60,1,83,3,4040,3924,25,37,1,53,0,967.18,1431.56,51704,51696,16110,20,18
42003004732,42,003,004732,3244,3144,18,36,1,44,1,2657,2594,8,24,1,30,0,636.09,941.5,51704,51696,16110,20,18
42003004733,42,003,004733,5369,5284,14,31,0,40,0,4072,4021,9,19,0,23,0,974.84,1442.9,51704,51696,16110,20,18
42003004735,42,003,004735,3747,3649,22,30,0,46,0,2804,2733,16,22,0,33,0,671.28,993.59,51704,51696,16110,20,18
42003004752,42,003,004752,5408,5310,45,26,4,22,1,4192,4132,29,15,4,12,0,1014.58,1141.62,6064,6064,03510,20,20
42003004761,42,003,004761,5418,5324,39,22,6,27,0,4362,4291,30,17,6,18,0,1286.18,792.77,11680,11680,12750,15,18
42003004762,42,003,004762,3717,3692,10,13,1,1,0,3011,2995,6,8,1,1,0,887.82,547.23,11680,11680,12750,15,18
42003004771,42,003,004771,3512,3485,1,11,2,13,0,2844,2825,1,7,1,10,0,758.03,804.76,84512,84512,02970,20,18
42003004773,42,003,004773,6311,6192,68,29,4,13,5,5093,4999,54,23,4,12,1,1357.47,1441.15,84512,84512,02970,20,18
42003004782,42,003,004782,6183,6142,3,28,1,9,0,4866,4842,3,15,1,5,0,1399.05,970.95,8416,8416,04140,2,18
42003004790,42,003,004790,2479,2470,1,2,0,6,0,1934,1926,1,2,0,5,0,609,395,NA,3952,02970,15,18
42003004802,42,003,004802,3801,3767,14,15,0,5,0,2897,2876,9,8,0,4,0,884.11,535.44,3928,3928,02970,2,18
42003004810,42,003,004810,4160,3986,117,25,2,26,4,3199,3091,72,16,2,18,0,969,364,51744,51744,19170,15,14
42003004823,42,003,004823,1602,1595,1,3,0,3,0,1373,1367,1,3,0,2,0,573.29,189.56,83200,83200,22790,2,18
42003004824,42,003,004824,893,758,110,2,2,13,8,713,628,71,1,2,11,0,297.71,98.44,83200,83200,22790,2,18
42003004838,42,003,004838,4179,2266,1810,35,22,32,14,3298,1878,1353,27,13,21,6,1420,248,35424,35424,22790,2,14
42003004843,42,003,004843,3549,3381,122,32,4,10,0,2841,2746,61,24,4,6,0,995.09,461.14,52320,52320,22790,2,18
42003004845,42,003,004845,6682,6617,3,51,0,11,0,5407,5362,3,38,0,4,0,1893.85,877.65,52320,52320,22790,2,18
42003004846,42,003,004846,2913,2854,29,14,2,14,0,2356,2316,22,12,1,5,0,825.21,382.42,52320,52320,22790,2,18
42003004850,42,003,004850,1416,1381,27,6,0,1,1,1135,1113,16,5,0,1,0,500,138,84440,84440,25680,2,18
42003004867,42,003,004867,3149,2393,695,28,3,7,23,2457,1995,431,22,3,5,1,864.73,314.41,20432,20432,08010,2,18
42003004868,42,003,004868,2578,1948,599,19,3,8,1,1965,1554,388,15,1,7,0,691.58,251.45,20432,20432,08010,2,18
42003004869,42,003,004869,2820,1461,1315,15,10,4,15,2025,1208,794,10,7,3,3,712.69,259.13,20432,20432,08010,2,18
42003004870,42,003,004870,2377,2351,8,16,1,0,1,1934,1913,8,12,1,0,0,639,367,19856,19856,14940,2,18
42003004881,42,003,004881,2586,2155,425,3,2,1,0,2102,1752,344,3,2,1,0,750.34,303.73,83512,83512,25680,2,18
42003004882,42,003,004882,3961,3100,832,10,3,7,9,3013,2552,445,7,3,6,0,1075.54,435.36,83512,83512,25680,2,18
42003004883,42,003,004883,2493,2477,6,8,0,2,0,2018,2007,2,7,0,2,0,720.36,291.59,83512,83512,25680,2,18
42003004884,42,003,004884,5228,4985,225,12,0,6,0,4295,4100,181,10,0,4,0,1533.16,620.6,83512,83512,25680,2,18
42003004885,42,003,004885,3650,3580,43,13,3,10,1,2942,2885,37,9,2,8,1,1050.19,425.1,83512,83512,25680,2,18
42003004886,42,003,004886,5631,5333,224,39,3,26,6,4468,4291,129,29,3,16,0,1594.92,645.6,83512,83512,25680,2,18
42003004912,42,003,004912,2265,2234,24,4,1,2,0,1844,1817,21,3,1,2,0,467.1,315.22,37816,37816,25590,20,18
42003004920,42,003,004920,2502,2451,35,11,1,3,1,2015,1976,27,9,1,2,0,770.97,214.84,13704,13704,06030,2,18
42003004923,42,003,004923,761,23,738,0,0,0,0,512,21,491,0,0,0,0,195.9,54.59,13704,13704,06030,2,18
42003004928,42,003,004928,3717,1975,1691,29,4,6,12,2922,1692,1208,15,2,4,1,1118,311.54,13704,13704,06030,2,18
42003004929,42,003,004929,2640,2523,91,17,4,1,4,2120,2043,59,13,4,1,0,811.14,226.03,13704,13704,06030,2,18
42003004930,42,003,004930,644,628,12,3,1,0,0,500,487,9,3,1,0,0,151,74,82848,82848,25590,20,18
42003004940,42,003,004940,1638,1552,77,3,5,1,0,1319,1252,59,2,5,1,0,363,269,22992,22992,09090,2,18
42003004950,42,003,004950,3844,3788,25,14,5,9,3,3077,3028,22,13,5,7,2,900,507,NA,26896,09090,2,18
42003004962,42,003,004962,6464,6286,122,28,4,24,0,5023,4905,80,20,3,15,0,1399.57,975.42,43408,23000,09090,2,18
42003004970,42,003,004970,1156,1136,8,8,4,0,0,912,897,7,7,1,0,0,398,214,43408,43408,21910,2,18
42003004980,42,003,004980,2744,2688,37,10,0,7,2,2175,2134,28,8,0,3,2,821,396,43064,43064,21910,2,18
42003004993,42,003,004993,1934,1906,16,5,4,3,0,1568,1546,13,5,1,3,0,607.9,163.42,29432,29432,21910,2,18
42003004994,42,003,004994,3648,3600,7,36,1,4,0,2884,2852,3,26,0,3,0,1118.1,300.58,29432,29432,21910,2,18
42003005003,42,003,005003,4641,4603,17,15,2,1,3,3715,3688,11,13,2,1,0,1355,480,62320,62320,21910,2,18
42003005010,42,003,005010,1821,1767,22,14,3,15,0,1509,1471,17,9,3,9,0,468,186,80040,80040,14940,2,18
42003005020,42,003,005020,515,513,2,0,0,0,0,394,394,0,0,0,0,0,91,49,NA,72568,14940,2,18
42003005041,42,003,005041,6234,5179,998,22,7,12,16,4981,4275,679,15,2,8,2,1615.73,681.7,55496,55488,08060,2,18
42003005042,42,003,005042,4646,4496,113,16,4,17,0,3686,3572,87,15,1,11,0,1195.66,504.47,55496,55488,08060,2,18
42003005043,42,003,005043,1409,1376,27,2,0,4,0,1124,1100,21,1,0,2,0,364.6,153.83,55496,55488,08060,2,18
42003005050,42,003,005050,90,90,0,0,0,0,0,67,67,0,0,0,0,0,25,10,77272,77272,18660,2,18
42003005060,42,003,005060,866,841,14,8,1,1,1,678,661,9,6,1,1,0,228,46,80600,80600,08060,2,18
42003005070,42,003,005070,2678,2603,45,20,6,4,0,2135,2084,25,20,2,4,0,648,329,21496,21496,08060,2,18
42003005080,42,003,005080,2222,2121,85,5,4,3,4,1807,1742,55,4,2,3,1,658,228,85496,85496,08060,2,18
42003005094,42,003,005094,6556,6366,126,33,6,24,1,5130,5017,73,19,5,15,1,1420,574,77912,77912,16500,2,18
42003005100,42,003,005100,2160,1990,152,11,3,1,3,1706,1597,98,7,3,1,0,678,189,21712,21712,16500,2,18
42003005110,42,003,005110,1057,1034,14,3,1,4,1,856,840,9,3,1,2,1,243,115,12496,12496,16500,20,18
42003005120,42,003,005120,2880,2637,226,10,1,1,5,2297,2144,148,3,1,1,0,868.04,216.48,54816,54816,16500,2,18
42003005128,42,003,005128,2313,1564,712,32,4,1,0,1792,1302,466,20,3,1,0,677.2,168.89,54816,54816,16500,2,18
42003005129,42,003,005129,1843,1166,656,11,4,1,5,1386,941,430,9,4,1,1,523.77,130.63,54816,54816,16500,2,18
42003005138,42,003,005138,4682,2433,2165,44,20,11,9,3610,2063,1494,33,11,8,1,1190,213,7992,7992,16500,2,18
42003005140,42,003,005140,2503,1058,1411,14,3,7,10,1777,907,856,9,1,3,1,843,130,63408,63408,16500,2,18
42003005151,42,003,005151,3360,2793,542,15,3,6,1,2689,2331,338,13,3,4,0,864.75,472.38,75816,75816,16500,2,18
42003005152,42,003,005152,2516,2343,130,23,3,12,5,2107,1991,86,18,1,10,1,677.59,370.14,75816,75816,16500,2,18
42003005153,42,003,005153,2178,1820,312,21,1,18,6,1782,1516,241,15,0,10,0,573.07,313.05,75816,75816,16500,2,18
42003005154,42,003,005154,1770,1701,37,15,1,13,3,1454,1404,31,8,1,10,0,467.59,255.43,75816,75816,16500,2,18
42003005155,42,003,005155,813,797,5,6,0,5,0,675,663,4,5,0,3,0,216.82,83.25,75816,75816,16500,2,18
42003005161,42,003,005161,1593,1547,27,7,2,8,2,1313,1282,20,5,1,5,0,352.09,404.24,22520,22520,16500,20,14
42003005162,42,003,005162,1989,1857,82,28,0,22,0,1633,1532,63,20,0,18,0,437.91,502.76,22520,22520,16500,20,14
42003005170,42,003,005170,2025,1735,270,8,7,3,2,1723,1498,213,6,2,3,1,658,285,8008,8008,16500,20,18
42003005190,42,003,005190,3883,3652,96,52,0,83,0,3170,3013,66,30,0,61,0,761,1282,13608,13608,16500,20,18
42003005211,42,003,005211,5022,3921,970,36,3,78,14,3774,3029,669,24,2,48,2,0,0,52330,50528,10620,2,18
42003005212,42,003,005212,4016,3713,202,55,3,43,0,3410,3175,153,46,2,34,0,0,0,52330,50528,10620,2,18
42003005215,42,003,005215,4686,4408,132,32,4,105,5,3622,3427,97,21,3,72,2,0,0,52330,50528,10620,2,18
42003005220,42,003,005220,4079,4033,0,29,2,14,1,3111,3084,0,15,1,11,0,803,425,60712,60712,10620,2,18
42003005232,42,003,005232,4640,3632,945,32,2,16,13,3542,2878,632,22,1,9,0,1007.54,713.93,59040,59032,18590,20,18
42003005233,42,003,005233,4804,4476,282,16,4,21,5,3927,3711,180,16,4,15,1,1117.06,791.53,59040,59032,18590,20,18
42003005234,42,003,005234,5664,5396,219,34,1,11,3,4576,4396,151,21,1,6,1,1301.67,922.34,59040,59032,18590,20,18
42003005236,42,003,005236,6115,5672,356,33,3,43,8,4917,4615,243,23,3,33,0,1398.67,991.07,59040,59032,18590,20,18
42003005238,42,003,005238,5431,5326,56,30,7,9,3,4428,4348,42,24,5,6,3,1259.57,892.51,59040,59032,18590,20,18
42003005240,42,003,005240,3260,3143,75,24,9,9,0,2452,2381,47,15,4,5,0,652,270,80032,80032,20430,2,18
42003005251,42,003,005251,1855,1824,17,2,1,11,0,1470,1448,11,2,1,8,0,367.24,364.16,56088,56088,20430,2,18
42003005252,42,003,005252,2271,2226,27,2,2,10,4,1939,1898,27,2,2,10,0,484.41,480.34,56088,56088,20430,2,18
42003005253,42,003,005253,2835,2763,28,15,0,28,1,2307,2255,22,9,0,21,0,576.35,571.5,56088,56088,20430,2,18
42003005509,42,003,005509,2841,2147,621,48,7,11,7,2200,1776,380,30,4,7,3,711.58,253.83,46256,46256,14940,2,18
42003005512,42,003,005512,4493,3617,767,67,9,5,28,3352,2893,404,43,8,4,0,1084.19,386.74,46256,46256,14940,2,18
42003005513,42,003,005513,3031,2934,74,6,2,12,3,2483,2400,66,6,0,11,0,803.12,286.48,46256,46256,14940,2,18
42003005519,42,003,005519,1788,1489,267,28,0,2,2,1495,1260,217,16,0,2,0,483.55,172.49,46256,46256,14940,2,18
42003005520,42,003,005520,3173,3011,128,26,3,2,3,2409,2313,75,16,3,2,0,779.18,277.94,46256,46256,14940,2,18
42003005521,42,003,005521,1990,824,1130,25,2,2,7,1576,762,790,21,1,2,0,509.75,181.83,46256,46256,14940,2,18
42003005522,42,003,005522,1580,1544,14,19,3,0,0,1218,1198,7,10,3,0,0,393.96,140.53,46256,46256,14940,2,18
42003005523,42,003,005523,3518,2166,1271,60,7,3,11,2582,1689,855,30,5,3,0,835.14,297.9,46256,46256,14940,2,18
42003005524,42,003,005524,3619,3410,159,36,3,8,3,2880,2724,120,30,3,3,0,931.53,332.28,46256,46256,14940,2,18
42003005604,42,003,005604,1841,1165,635,11,5,24,1,1572,1055,483,9,5,20,0,435.36,220.17,85188,85188,26370,15,18
42003005605,42,003,005605,2561,2276,248,16,1,18,2,2209,2002,173,16,1,17,0,611.77,309.39,85188,85188,26370,15,18
42003005606,42,003,005606,2026,887,1109,16,4,8,2,1561,764,778,12,3,4,0,432.31,218.63,85188,85188,26370,15,18
42003005610,42,003,005610,2341,1078,1231,8,1,11,12,1773,945,810,4,1,10,3,491.03,248.33,85188,85188,26370,15,18
42003005611,42,003,005611,1671,144,1500,12,6,4,5,1213,131,1059,11,6,4,2,335.94,169.89,85188,85188,26370,15,18
42003005612,42,003,005612,2017,264,1718,9,14,3,9,1538,236,1279,9,12,2,0,425.94,215.41,85188,85188,26370,15,18
42003005614,42,003,005614,4802,2187,2549,12,13,24,17,3840,1977,1815,11,12,21,4,1063.47,537.83,85188,85188,26370,15,18
42003005615,42,003,005615,3821,1705,2025,46,5,22,18,2994,1519,1405,38,5,20,7,829.18,419.34,85188,85188,26370,15,18
42003005616,42,003,005616,0,0,0,0,0,0,0,0,0,0,0,0,0,0,0,0,42392,42392,19860,9,14
42003070197,42,003,070197,408,350,6,12,0,40,0,391,339,6,10,0,36,0,125.59,48.22,61000,61000,19170,15,14
42003070198,42,003,070198,2694,2036,194,59,5,397,3,2486,1919,180,49,5,332,1,798.53,306.59,61000,61000,19170,15,14
42003081097,42,003,081097,38,31,3,1,0,3,0,36,31,1,1,0,3,0,11.56,4.44,61000,61000,19170,15,14
42003081098,42,003,081098,730,530,87,10,1,102,0,684,500,79,9,1,95,0,219.71,84.36,61000,61000,19170,15,14
42003101497,42,003,101497,0,0,0,0,0,0,0,0,0,0,0,0,0,0,0,0,61000,61000,19170,15,14
42003101498,42,003,101498,3973,3753,167,32,7,14,0,3193,3024,131,21,5,12,0,1025.63,393.79,61000,61000,19170,15,14
42003140197,42,003,140197,29,27,1,1,0,0,0,27,25,1,1,0,0,0,8.67,3.33,61000,61000,19170,15,14
42003140198,42,003,140198,5398,4717,148,55,3,467,8,4920,4284,143,48,3,437,5,1580.36,606.77,61000,61000,19170,15,14
42003151397,42,003,151397,0,0,0,0,0,0,0,0,0,0,0,0,0,0,0,0,61000,61000,19170,15,14
42003151398,42,003,151398,794,570,208,9,0,4,3,606,470,124,8,0,4,0,194.65,74.74,61000,61000,19170,15,14
42003192097,42,003,192097,18,18,0,0,0,0,0,12,12,0,0,0,0,0,3.71,2.46,19576,19576,12750,15,18
42003192098,42,003,192098,4315,4199,62,26,4,22,2,3444,3375,34,21,3,11,0,1106.25,424.74,61000,61000,19170,15,14
42003210896,42,003,210896,0,0,0,0,0,0,0,0,0,0,0,0,0,0,0,0,61000,61000,19170,15,14
42003210897,42,003,210897,0,0,0,0,0,0,0,0,0,0,0,0,0,0,0,0,61000,61000,19170,15,14
42003210898,42,003,210898,12,5,7,0,0,0,0,12,5,7,0,0,0,0,3.85,1.48,61000,61000,19170,15,14
42003241196,42,003,241196,0,0,0,0,0,0,0,0,0,0,0,0,0,0,0,0,61000,61000,19170,15,14
42003241197,42,003,241197,0,0,0,0,0,0,0,0,0,0,0,0,0,0,0,0,61000,61000,19170,15,14
42003241198,42,003,241198,1577,1535,32,6,1,1,2,1212,1192,16,2,1,1,0,389.31,149.47,61000,61000,19170,15,14
42003260997,42,003,260997,84,84,0,0,0,0,0,66,66,0,0,0,0,0,21.2,8.14,61000,61000,19170,15,14
42003260998,42,003,260998,2746,93,2611,19,13,5,5,1409,73,1322,6,7,1,0,452.59,173.77,61000,61000,19170,15,14
42003261297,42,003,261297,78,78,0,0,0,0,0,65,65,0,0,0,0,0,14.82,14.95,66356,66264,17220,15,14
42003261298,42,003,261298,1203,1033,163,2,4,1,0,980,857,118,2,2,1,0,314.79,120.86,61000,61000,19170,15,14
42003281195,42,003,281195,0,0,0,0,0,0,0,0,0,0,0,0,0,0,0,0,31256,31256,12750,15,14
42003281196,42,003,281196,17,17,0,0,0,0,0,16,16,0,0,0,0,0,5.14,1.97,16848,16848,05040,15,14
42003281197,42,003,281197,0,0,0,0,0,0,0,0,0,0,0,0,0,0,0,0,61000,61000,19170,20,14
42003281198,42,003,281198,3282,3175,82,11,0,14,0,2707,2625,62,9,0,11,0,869.52,333.85,61000,61000,19170,15,14
42003290297,42,003,290297,35,34,0,1,0,0,0,27,27,0,0,0,0,0,8.67,3.33,3928,3928,02970,15,18
42003290298,42,003,290298,4541,4466,30,18,4,21,2,3658,3608,19,15,4,12,0,1174.99,451.13,61000,61000,19170,15,14
42003290498,42,003,290498,4669,4610,27,27,0,5,0,3684,3647,13,19,0,5,0,1183.34,454.34,61000,61000,19170,15,14
42003310197,42,003,310197,0,0,0,0,0,0,0,0,0,0,0,0,0,0,0,0,3928,3928,02970,15,14
42003310198,42,003,310198,537,533,3,1,0,0,0,418,415,2,1,0,0,0,134.27,51.55,61000,61000,19170,15,14
42003310294,42,003,310294,0,0,0,0,0,0,0,0,0,0,0,0,0,0,0,0,83512,83512,25680,2,18
42003310295,42,003,310295,14,14,0,0,0,0,0,11,11,0,0,0,0,0,3.85,1.79,52320,52320,22790,15,14
42003310296,42,003,310296,0,0,0,0,0,0,0,0,0,0,0,0,0,0,0,0,52320,52320,22790,15,18
42003310297,42,003,310297,23,23,0,0,0,0,0,21,21,0,0,0,0,0,7.5,3.03,83512,83512,25680,15,18
42003310298,42,003,310298,3841,3809,0,25,1,5,1,3039,3015,0,19,1,3,1,976.16,374.79,61000,61000,19170,15,14
42003320797,42,003,320797,47,47,0,0,0,0,0,36,36,0,0,0,0,0,11.56,4.44,61000,61000,19170,15,14
42003320798,42,003,320798,2019,1991,1,22,4,1,0,1571,1549,1,17,3,1,0,504.62,193.75,61000,61000,19170,15,14
42003407001,42,003,407001,4749,4722,5,9,10,2,1,3600,3584,3,5,6,2,0,924.85,529.83,17832,82800,07540,2,4
42003407002,42,003,407002,6622,6544,26,24,3,25,0,4839,4792,13,13,3,18,0,1243.15,712.17,66832,82800,07540,2,4
42003408001,42,003,408001,4123,4051,26,38,0,8,0,3161,3117,17,23,0,4,0,667.2,838.76,NA,64528,02850,20,4
42003408002,42,003,408002,4555,4497,14,11,2,29,2,3306,3268,7,8,2,19,2,697.8,877.24,32334,64528,02850,20,4
42003412001,42,003,412001,6008,5742,82,38,2,143,1,4126,3974,51,17,2,81,1,663.58,1258.74,27552,27552,17010,20,14
42003412002,42,003,412002,4109,4010,14,17,1,66,1,2869,2805,10,14,1,39,0,461.42,875.26,27552,27552,17010,20,14
42003413201,42,003,413201,4097,4020,20,19,7,31,0,3156,3105,12,13,4,22,0,581.57,845.94,45904,45900,17010,20,14
42003413202,42,003,413202,2801,2732,15,8,1,45,0,2183,2146,6,4,1,26,0,402.27,585.14,45904,45900,17010,20,14
42003414101,42,003,414101,4701,4585,25,26,0,65,0,3267,3194,18,17,0,38,0,734.08,864.18,32334,32328,11400,20,14
42003414102,42,003,414102,4991,4909,35,8,6,29,4,3717,3666,22,8,5,16,0,835.2,983.21,32334,32328,11400,20,14
42003415001,42,003,415001,3888,3777,70,20,2,18,1,2912,2838,53,11,2,8,0,697.99,556.22,NA,36808,10070,2,18
42003415002,42,003,415002,2136,2104,15,4,0,11,2,1648,1625,15,2,0,6,0,395.01,314.78,27120,36808,10070,2,18
42003428295,42,003,428295,0,0,0,0,0,0,0,0,0,0,0,0,0,0,0,0,64248,64240,21200,15,18
42003428296,42,003,428296,0,0,0,0,0,0,0,0,0,0,0,0,0,0,0,0,61000,61000,19170,15,18
42003428297,42,003,428297,0,0,0,0,0,0,0,0,0,0,0,0,0,0,0,0,61000,61000,19170,15,18
42003428298,42,003,428298,2228,2157,52,16,0,3,0,1759,1708,37,11,0,3,0,626.01,366.61,64248,64240,21200,15,18
42003429197,42,003,429197,16,16,0,0,0,0,0,11,11,0,0,0,0,0,2.51,2.53,61000,61000,19170,20,14
42003429198,42,003,429198,2734,2668,39,3,4,20,0,2220,2168,30,3,4,15,0,506.09,510.45,66356,66264,17220,20,14
42003429201,42,003,429201,4350,4155,70,20,0,105,0,3453,3312,52,14,0,75,0,787.17,793.95,66356,66264,17220,20,14
42003429202,42,003,429202,4619,4521,25,23,3,47,0,3659,3586,18,20,2,33,0,834.14,841.32,66356,66264,17220,20,14
42003429794,42,003,429794,0,0,0,0,0,0,0,0,0,0,0,0,0,0,0,0,61000,61000,19170,15,14
42003429795,42,003,429795,0,0,0,0,0,0,0,0,0,0,0,0,0,0,0,0,61000,61000,19170,20,14
42003429796,42,003,429796,0,0,0,0,0,0,0,0,0,0,0,0,0,0,0,0,61000,61000,19170,20,14
42003429797,42,003,429797,2,2,0,0,0,0,0,2,2,0,0,0,0,0,0.46,0.46,61000,61000,19170,20,14
42003429798,42,003,429798,2734,2696,26,5,0,7,0,2253,2223,20,4,0,6,0,513.61,518.04,66356,66264,17220,20,14
42003444099,42,003,444099,21,18,1,1,1,0,0,21,18,1,1,1,0,0,4.33,7.41,57200,57200,19860,20,20
42003448098,42,003,448098,1387,1297,76,9,1,2,2,1119,1053,55,7,1,2,1,357,168,42392,42392,19860,9,14
42003451101,42,003,451101,3252,3116,58,46,0,32,0,2470,2381,38,31,0,20,0,521.29,496.58,11348,50784,15830,20,20
42003451102,42,003,451102,5561,5088,349,52,4,61,7,4435,4117,227,40,3,46,2,936,891.64,11348,50784,15830,20,20
42003451103,42,003,451103,5472,5238,139,42,4,44,5,4267,4079,120,31,3,31,3,900.55,857.86,11348,50784,15830,20,20
42003453001,42,003,453001,5755,5535,134,33,8,44,1,4444,4288,101,19,4,32,0,889.89,543.89,36772,55016,25200,20,20
42003453002,42,003,453002,3781,3690,66,17,3,5,0,2877,2806,51,12,3,5,0,576.11,352.11,74948,55016,25200,20,20
42003456001,42,003,456001,2805,2491,293,9,1,5,6,2059,1909,139,7,1,3,0,424.49,261.42,NA,72160,20580,9,20
42003456002,42,003,456002,7626,7129,377,26,3,88,3,6022,5642,302,15,3,58,2,1241.51,764.58,74948,72160,20580,9,20
42003459101,42,003,459101,1838,1778,22,20,0,6,12,1380,1343,17,13,0,4,3,355.82,257.12,65378,65352,15720,20,14
42003459102,42,003,459102,4230,4106,64,10,1,49,0,3194,3107,49,9,1,28,0,823.54,595.11,65378,65352,15720,20,14
42003459202,42,003,459202,774,758,7,8,1,0,0,698,686,6,5,1,0,0,130,156,59152,59152,15720,20,14
42003459297,42,003,459297,0,0,0,0,0,0,0,0,0,0,0,0,0,0,0,0,61000,61000,19170,20,14
42003459298,42,003,459298,4762,4646,49,19,0,47,1,4067,3965,46,16,0,39,1,1048.64,757.77,65378,65352,15720,20,14
42003460001,42,003,460001,3959,3936,7,5,1,10,0,3345,3329,5,3,0,8,0,1285.64,680.39,39332,39312,15720,15,14
42003460002,42,003,460002,3193,3143,11,5,0,33,1,2353,2319,7,4,0,23,0,904.36,478.61,39332,39312,15720,15,14
42003464397,42,003,464397,5,5,0,0,0,0,0,5,5,0,0,0,0,0,1.61,0.62,61000,61000,19170,15,14
42003464398,42,003,464398,3901,3776,86,17,2,20,0,3040,2942,72,9,1,16,0,856,590,37000,37000,15720,15,14
42003465797,42,003,465797,9,9,0,0,0,0,0,6,6,0,0,0,0,0,1.66,1.19,61000,61000,19170,15,14
42003465798,42,003,465798,3065,3021,14,22,0,8,0,2357,2324,12,18,0,3,0,653.78,466.28,16848,16848,05040,20,14
42003469098,42,003,469098,4905,4713,64,30,0,98,0,4006,3865,46,22,0,73,0,1201,1231,31256,31256,12750,20,14
42003472197,42,003,472197,4,4,0,0,0,0,0,4,4,0,0,0,0,0,1.24,0.82,61000,61000,19170,20,14
42003472198,42,003,472198,2750,2688,13,25,3,21,0,2225,2181,5,18,2,19,0,688.4,456.74,19576,19576,12750,20,18
42003473401,42,003,473401,3731,3639,13,32,0,45,2,2853,2790,11,22,0,30,0,683.01,1010.95,51704,51696,16110,20,18
42003473402,42,003,473402,3720,3580,22,27,3,88,0,2792,2698,14,18,3,59,0,668.41,989.33,51704,51696,16110,20,18
42003473601,42,003,473601,4109,3969,24,28,5,83,0,3205,3108,11,17,5,64,0,767.28,1135.68,51704,51696,16110,20,18
42003473602,42,003,473602,4284,4098,10,26,0,148,2,3450,3333,5,15,0,97,0,825.93,1222.49,51704,51696,16110,20,18
42003474101,42,003,474101,3285,3145,26,17,3,91,3,2441,2352,17,10,3,58,1,424.99,933.94,79312,79304,24570,20,20
42003474102,42,003,474102,3692,3541,8,15,7,121,0,2668,2578,3,13,3,71,0,464.52,1020.79,79312,79304,24570,20,20
42003474201,42,003,474201,2507,2430,14,13,3,45,2,1815,1764,7,9,3,32,0,316,694.43,79312,79304,24570,20,20
42003474202,42,003,474202,4977,4744,45,31,4,153,0,3607,3458,29,18,3,99,0,628,1380.05,79312,79304,24570,20,20
42003474203,42,003,474203,4932,4685,28,29,3,187,0,3426,3277,18,21,2,108,0,596.49,1310.8,79312,79304,24570,20,20
42003475101,42,003,475101,4710,4576,64,20,5,44,1,3917,3837,37,14,3,26,0,948.02,1066.73,6064,6064,03510,20,20
42003475102,42,003,475102,1910,1874,16,7,0,13,0,1444,1423,8,3,0,10,0,349.49,393.25,6064,6064,03510,20,20
42003475301,42,003,475301,4872,4698,115,26,4,28,1,3936,3808,90,16,2,20,0,952.62,1071.9,6064,6064,03510,20,20
42003475303,42,003,475303,4510,4410,25,23,1,51,0,3198,3136,17,12,1,32,0,774,870.92,6064,6064,03510,20,20
42003475304,42,003,475304,5607,5422,44,48,2,84,7,3908,3788,28,31,2,56,3,945.84,1064.28,6064,6064,03510,20,20
42003475401,42,003,475401,3809,3782,12,11,1,3,0,3051,3027,11,9,1,3,0,738.42,830.89,6064,6064,03510,20,20
42003475402,42,003,475402,2895,2853,21,6,0,15,0,2190,2158,17,4,0,11,0,530.04,596.41,6064,6064,03510,20,20
42003477297,42,003,477297,0,0,0,0,0,0,0,0,0,0,0,0,0,0,0,0,61000,61000,19170,20,18
42003477298,42,003,477298,4646,4600,5,20,3,18,0,3861,3829,5,14,3,10,0,1029.1,1092.54,84512,84512,02970,20,18
42003478196,42,003,478196,9,9,0,0,0,0,0,9,9,0,0,0,0,0,2.4,2.55,84512,84512,02970,2,18
42003478197,42,003,478197,0,0,0,0,0,0,0,0,0,0,0,0,0,0,0,0,84512,84512,02970,2,18
42003478198,42,003,478198,4654,4570,11,37,12,24,0,3784,3714,11,30,6,23,0,1087.95,755.05,8416,8416,04140,2,18
42003480101,42,003,480101,5086,4859,113,34,4,70,6,4125,3953,89,29,4,48,2,1258.87,762.41,3928,3928,02970,2,18
42003480102,42,003,480102,3574,3468,82,14,0,9,1,2877,2801,63,8,0,5,0,878.01,531.75,3928,3928,02970,2,18
42003480395,42,003,480395,0,0,0,0,0,0,0,0,0,0,0,0,0,0,0,0,61000,61000,19170,15,18
42003480396,42,003,480396,0,0,0,0,0,0,0,0,0,0,0,0,0,0,0,0,61000,61000,19170,15,14
42003480397,42,003,480397,0,0,0,0,0,0,0,0,0,0,0,0,0,0,0,0,61000,61000,02970,2,18
42003480398,42,003,480398,3728,3704,0,22,1,1,0,3026,3006,0,18,1,1,0,923.48,559.29,3928,3928,02970,2,18
42003480496,42,003,480496,0,0,0,0,0,0,0,0,0,0,0,0,0,0,0,0,61000,61000,02970,2,14
42003480497,42,003,480497,0,0,0,0,0,0,0,0,0,0,0,0,0,0,0,0,61000,61000,02970,15,14
42003480498,42,003,480498,5698,5625,39,21,5,4,4,4540,4487,29,16,3,3,2,1385.53,839.11,3928,3928,02970,2,18
42003489001,42,003,489001,4844,4738,43,20,1,41,1,3858,3784,32,14,1,27,0,971.76,1133.45,61328,61328,25590,20,18
42003489002,42,003,489002,4100,4024,21,24,1,30,0,3181,3121,17,22,1,20,0,801.24,934.55,61328,61328,25590,20,18
42003490001,42,003,490001,8507,8264,151,39,1,51,1,5971,5821,97,22,1,30,0,1475.55,1009.31,72403,72400,22060,20,18
42003490002,42,003,490002,5837,5494,283,27,3,23,7,4441,4194,206,20,3,15,3,1097.45,750.69,72403,72400,22060,20,18
42003491101,42,003,491101,4597,4347,140,24,0,86,0,3380,3210,92,21,0,57,0,856.18,577.79,37816,37816,25590,20,18
42003491102,42,003,491102,2697,2646,39,9,3,0,0,2182,2141,31,8,2,0,0,552.72,373,37816,37816,25590,20,18
42003496101,42,003,496101,3243,3199,33,4,1,6,0,2428,2399,22,3,1,3,0,676.52,471.5,NA,23000,09090,2,18
42003496102,42,003,496102,5041,4820,177,21,4,15,4,4048,3884,131,18,4,9,2,1127.91,786.08,43408,23000,09090,2,18
42003503001,42,003,503001,2186,2112,40,19,5,8,2,1738,1690,26,13,1,8,0,520.44,406.92,84704,84704,14940,2,18
42003503002,42,003,503002,6558,6480,36,18,1,23,0,5335,5275,29,16,1,14,0,1597.56,1249.08,84704,84704,14940,2,18
42003518001,42,003,518001,3730,3629,60,19,1,21,0,2973,2901,40,15,1,16,0,876.09,849.5,26592,26592,16500,20,18
42003518002,42,003,518002,3605,3539,41,6,1,16,2,2952,2906,28,3,1,13,1,869.91,843.5,26592,26592,16500,20,18
42003520001,42,003,520001,3533,3432,46,14,0,39,2,2963,2882,36,13,0,32,0,843.89,728.14,85192,85184,16500,2,18
42003520002,42,003,520002,3793,3681,74,16,1,9,12,3027,2955,52,9,1,8,2,862.11,743.86,85192,85184,16500,2,18
42003521301,42,003,521301,3861,3584,125,35,5,104,8,3099,2907,90,25,2,74,1,0,0,52330,50528,10620,2,18
42003521302,42,003,521302,4392,4026,267,17,3,74,5,3759,3466,218,13,2,59,1,0,0,52330,50528,10620,2,18
42003521401,42,003,521401,2834,2680,83,9,1,56,5,2296,2180,67,9,1,36,3,0,0,52330,50528,10620,2,18
42003521402,42,003,521402,4366,3798,146,28,1,392,1,3157,2791,98,22,1,245,0,0,0,52330,50528,10620,2,18
42003523196,42,003,523196,0,0,0,0,0,0,0,0,0,0,0,0,0,0,0,0,61000,61000,19170,15,14
42003523197,42,003,523197,0,0,0,0,0,0,0,0,0,0,0,0,0,0,0,0,61000,61000,19170,20,14
42003523198,42,003,523198,5822,1132,4610,32,25,12,11,4382,1005,3322,22,20,10,3,1246.48,883.24,59040,59032,18590,20,18
42003523501,42,003,523501,6213,5336,797,29,4,46,1,4814,4226,529,20,4,35,0,1369.37,970.31,59040,59032,18590,20,18
42003523502,42,003,523502,1346,1256,72,9,9,0,0,1074,1016,50,4,4,0,0,305.5,216.48,59040,59032,18590,20,18
42003523701,42,003,523701,5229,5016,184,14,1,11,3,3875,3735,119,11,1,8,1,1102.26,781.05,59040,59032,18590,20,18
42003523702,42,003,523702,6376,5937,387,17,5,26,4,4974,4658,281,13,4,18,0,1414.88,1002.56,59040,59032,18590,20,18
42003526101,42,003,526101,4897,4728,112,27,3,23,4,3564,3454,76,15,2,15,2,895.4,657.97,61536,61536,19350,2,4
42003526102,42,003,526102,2028,2010,10,6,1,1,0,1568,1555,9,2,1,1,0,393.94,289.48,61536,61536,19350,2,4
42003526201,42,003,526201,3625,3527,61,20,4,13,0,2702,2628,49,13,4,8,0,678.84,498.83,61536,61536,19350,2,4
42003526202,42,003,526202,4538,4446,49,23,1,11,8,3480,3419,36,16,1,8,0,874.3,642.46,61536,61536,19350,2,4
42003526301,42,003,526301,4276,4138,82,22,1,29,4,3096,3014,53,10,1,17,1,777.83,571.57,61536,61536,19350,2,4
42003526302,42,003,526302,6245,5888,187,48,1,117,4,4608,4366,131,33,1,77,0,1157.69,850.7,61536,61536,19350,2,4
42005009801,42,005,009801,4550,4537,2,5,6,0,0,3358,3349,2,3,4,0,0,336,261,18400,81720,20130,6,12
42005009802,42,005,009802,2459,2448,1,6,4,0,0,1811,1800,1,6,4,0,0,162,231,NA,81176,02590,5,5
42005009803,42,005,009803,3733,3708,11,10,2,1,1,2768,2750,9,5,2,1,1,199,99,57992,74992,02590,6,12
42005009804,42,005,009804,2721,2697,2,4,11,7,0,2001,1986,0,2,7,6,0,170,199,86560,83024,02590,5,12
42005009805,42,005,009805,5569,5543,0,13,5,8,0,4277,4258,0,8,5,6,0,574,629,83248,21160,02590,5,12
42005009806,42,005,009806,3513,3495,4,2,6,6,0,2530,2518,4,1,3,4,0,101,112,40040,63560,02590,6,12
42005009807,42,005,009807,3898,3880,3,15,0,0,0,2912,2899,3,10,0,0,0,398,243,66720,16728,02590,6,12
42005009808,42,005,009808,4299,4279,8,10,2,0,0,3212,3200,6,4,2,0,0,431,384,NA,40056,02590,5,12
42005009809,42,005,009809,5301,5261,19,13,1,4,3,4139,4116,14,6,1,2,0,561,453,42672,46976,02590,6,12
42005009810,42,005,009810,3462,3282,156,18,3,2,1,2830,2689,121,15,3,2,0,685,291,26512,26512,02590,6,12
42005009811,42,005,009811,5120,5071,28,16,1,2,2,4086,4057,18,8,1,2,0,177,159,40040,40040,02590,5,12
42005009812,42,005,009812,6015,5973,7,17,5,13,0,4433,4408,3,11,3,8,0,320,319,NA,72000,02590,5,12
42005009813,42,005,009813,2795,2745,39,4,2,5,0,2180,2143,27,4,2,4,0,594,276,NA,29184,13470,5,12
42005009814,42,005,009814,2739,2607,119,2,1,4,6,2128,2032,88,2,1,3,2,617,288,55484,58160,12840,5,12
42005009816,42,005,009816,5453,5404,29,11,2,3,4,4082,4049,22,7,2,1,1,557,384,56960,39968,02550,18,12
42005009817,42,005,009817,4075,4059,10,2,4,0,0,2979,2966,8,2,3,0,0,321,248,22832,61576,02590,5,12
42005009818,42,005,009818,2504,2457,32,6,1,3,5,2012,1978,26,5,1,1,1,541,293,42280,42280,13470,5,12
42005009819,42,005,009819,1983,1958,6,9,1,7,2,1551,1536,3,5,1,5,1,359,223,27784,27784,10440,5,12
42005981598,42,005,981598,3289,3181,88,1,2,13,4,2507,2439,58,0,2,8,0,413,241,2720,2720,02550,18,12
42007006002,42,007,006002,6161,6072,52,25,0,9,3,4643,4582,39,17,0,5,0,1253.95,666.85,NA,55400,17430,5,4
42007006003,42,007,006003,850,844,0,6,0,0,0,650,644,0,6,0,0,0,215,210,23304,23304,09240,5,4
42007006004,42,007,006004,1024,1004,11,5,4,0,0,789,776,6,3,4,0,0,439,86,40400,40400,03630,5,4
42007006005,42,007,006005,2958,2922,12,17,3,4,0,2252,2231,8,8,3,2,0,624.45,252.78,6240,6240,03630,5,4
42007006007,42,007,006007,6988,6879,42,30,3,34,0,5398,5319,30,18,3,28,0,1723,1344,NA,13488,03688,5,4
42007006008,42,007,006008,1322,1310,3,3,5,1,0,1008,1000,3,3,1,1,0,499,106,83472,83472,03688,5,4
42007006009,42,007,006009,1600,1414,162,13,3,6,2,1199,1075,107,13,1,3,0,344,127,NA,84444,03630,5,4
42007006010,42,007,006010,3650,3601,31,8,2,6,2,2876,2837,24,8,2,5,0,682,454,58416,58375,03688,5,4
42007006011,42,007,006011,3640,3312,266,33,3,18,8,2941,2741,161,21,2,14,2,856.49,300.98,4792,4792,03630,5,4
42007006012,42,007,006012,3748,2702,987,28,8,10,13,2768,2089,645,19,6,7,2,806.11,283.27,4792,4792,03630,5,4
42007006013,42,007,006013,3299,2692,562,26,11,2,6,2587,2183,378,14,10,2,0,753.4,264.75,4792,4792,03630,5,4
42007006014,42,007,006014,3805,3499,271,8,15,2,10,2944,2721,206,6,8,2,1,760.78,351.3,53288,53288,16530,5,4
42007006015,42,007,006015,3441,3074,340,11,2,6,8,2520,2297,207,8,2,4,2,651.22,300.7,53288,53288,16530,5,4
42007006016,42,007,006016,1724,1663,47,12,1,1,0,1316,1272,36,6,1,1,0,418,137,NA,62888,16530,5,4
42007006017,42,007,006017,3732,3667,47,10,2,3,3,2774,2742,24,6,1,1,0,906,556,21968,18264,16530,5,4
42007006018,42,007,006018,6862,6815,14,22,5,6,0,5020,4987,9,15,3,6,0,1528,947,27712,54072,10380,5,4
42007006019,42,007,006019,3247,3096,142,4,2,3,0,2522,2409,104,4,2,3,0,764,355,NA,65408,20460,9,4
42007006020,42,007,006020,672,648,17,2,1,0,4,524,510,11,2,1,0,0,237,79,21752,21752,20460,9,4
42007006021,42,007,006021,4156,3668,447,20,11,5,5,3200,2859,321,10,6,4,0,553,277,65392,65392,20460,9,4
42007006022,42,007,006022,751,649,95,6,1,0,0,589,505,80,4,0,0,0,150,86,8632,8632,03120,5,4
42007006023,42,007,006023,2616,2560,34,13,0,8,1,2081,2044,25,7,0,5,0,486.65,562.35,4688,4688,03120,5,4
42007006024,42,007,006024,2412,2304,79,26,0,1,2,1960,1871,73,15,0,1,0,458.35,529.65,4688,4688,03120,5,4
42007006025,42,007,006025,1700,1669,27,2,0,2,0,1447,1419,24,2,0,2,0,446,184,NA,79856,03120,9,4
42007006026,42,007,006026,7489,7333,66,40,2,46,2,5752,5634,52,30,2,32,2,1463,1518,NA,8680,03120,5,4
42007006028,42,007,006028,3311,2459,697,119,3,12,21,2607,2006,494,92,2,7,6,1267,284,49184,49184,15270,9,4
42007006029,42,007,006029,3163,3131,5,20,5,2,0,2230,2211,2,10,5,2,0,374,279,70376,30920,22230,5,4
42007006030,42,007,006030,3426,3396,4,23,3,0,0,2449,2423,2,21,3,0,0,564,355,NA,63224,12030,9,4
42007006031,42,007,006031,594,592,2,0,0,0,0,456,454,2,0,0,0,0,115,58,NA,62352,05210,9,4
42007006032,42,007,006032,10694,10364,223,50,3,54,0,8213,7988,152,38,3,32,0,2794,1052,NA,12016,05210,9,4
42007006033,42,007,006033,4423,4335,50,18,7,13,0,3380,3330,25,13,4,8,0,1063.15,370.75,50320,50320,15570,9,4
42007006034,42,007,006034,2316,2280,23,3,1,9,0,1853,1818,23,3,1,8,0,582.85,203.25,50320,50320,15570,9,4
42007006035,42,007,006035,1896,1745,134,12,2,1,2,1368,1264,94,9,0,1,0,521,158,27712,27712,10380,9,4
42007006036,42,007,006036,2424,2367,31,22,0,3,1,1929,1889,23,14,0,3,0,696,215,15872,15872,10380,5,4
42007006037,42,007,006037,5074,5010,34,24,2,3,1,4090,4049,23,14,2,2,0,1370,406,3736,3736,02440,5,4
42007006038,42,007,006038,9519,9414,47,41,4,13,0,7005,6935,33,25,4,8,0,2020,1063,22264,22264,02440,5,4
42007006039,42,007,006039,3694,3621,42,24,3,4,0,3048,3003,24,14,3,4,0,1494,411,32740,32680,02440,5,4
42007006040,42,007,006040,2942,2624,237,65,10,4,2,2281,2089,142,42,7,1,0,826.05,202.06,2288,2288,02440,9,4
42007006042,42,007,006042,1884,1761,93,19,3,8,0,1579,1503,53,16,3,4,0,571.83,139.87,2288,2288,02440,9,4
42007006043,42,007,006043,2963,2470,464,22,1,0,6,2273,1976,277,19,1,0,0,1054.97,220.46,820,820,02130,5,4
42007006044,42,007,006044,647,641,1,1,4,0,0,540,537,1,1,1,0,0,170.11,62.7,820,820,02130,5,4
42007006045,42,007,006045,4155,753,3357,31,3,5,6,2896,602,2271,18,3,2,0,1344.12,280.88,820,820,02130,5,4
42007006046,42,007,006046,3917,3509,380,27,0,1,0,3130,2935,174,20,0,1,0,1452.73,303.58,820,820,02130,5,4
42007006047,42,007,006047,1692,1638,35,15,1,2,1,1403,1375,20,5,1,2,0,651.18,136.08,820,820,02130,5,4
42007006048,42,007,006048,4915,4844,54,16,0,1,0,3951,3905,34,11,0,1,0,1244.65,458.77,72216,35640,12030,9,4
42007006049,42,007,006049,9006,8743,188,50,6,18,1,7213,7029,134,33,5,12,0,2272.24,837.53,NA,35640,12030,9,4
42007006051,42,007,006051,2,2,0,0,0,0,0,2,2,0,0,0,0,0,0.55,0.22,6240,6240,17430,5,4
42007006052,42,007,006052,19,16,3,0,0,0,0,15,13,2,0,0,0,0,4.05,2.15,NA,55400,17430,5,4
42007006053,42,007,006053,0,0,0,0,0,0,0,0,0,0,0,0,0,0,0,0,23304,23304,09240,5,4
42007006054,42,007,006054,31,31,0,0,0,0,0,23,23,0,0,0,0,0,5.52,3.92,23304,27336,17430,5,4
42007006055,42,007,006055,11,11,0,0,0,0,0,10,10,0,0,0,0,0,2.4,1.7,NA,27336,17430,5,4
42007006056,42,007,006056,0,0,0,0,0,0,0,0,0,0,0,0,0,0,0,0,2288,2288,02440,9,4
42007600101,42,007,600101,3779,3754,3,10,5,7,0,2744,2730,3,6,2,3,0,658.09,467.38,NA,27336,17430,5,4
42007600102,42,007,600102,909,888,20,0,1,0,0,670,654,15,0,1,0,0,133,135,NA,47432,17430,5,4
42007600601,42,007,600601,2351,2334,0,14,1,2,0,1743,1732,0,9,0,2,0,177,119,18192,18200,03688,5,4
42007600602,42,007,600602,2942,2899,31,2,3,6,1,2225,2188,27,2,3,5,0,491,400,NA,71952,03688,5,4
42007602701,42,007,602701,2155,2074,55,19,1,5,1,1631,1574,40,13,1,3,0,556,242,36944,36944,26040,9,4
42007602702,42,007,602702,3918,3769,91,42,6,5,5,2900,2802,61,30,3,3,1,758,366,56432,56432,26040,5,4
42007604198,42,007,604198,3307,2893,335,41,18,12,8,2665,2417,200,29,7,12,0,965.12,236.07,2288,2288,02440,9,4
42007605001,42,007,605001,2563,2544,4,10,5,0,0,1806,1795,2,6,3,0,0,383,252,NA,36776,12030,9,4
42007605002,42,007,605002,3604,3561,14,14,8,7,0,2583,2550,12,13,5,3,0,485,438,27312,32392,22230,9,4
42009009801,42,009,009801,3735,3718,4,10,1,2,0,2708,2705,0,2,1,0,0,104,184,68072,43072,23970,21,9
42009009802,42,009,009802,3521,3517,0,2,1,1,0,2516,2514,0,1,1,0,0,29,43,NA,39720,05880,21,9
42009009803,42,009,009803,4611,4584,7,4,1,15,0,3326,3310,4,4,1,7,0,323,446,61496,21864,05880,21,9
42009009804,42,009,009804,4659,4657,0,2,0,0,0,3398,3396,0,2,0,0,0,126,182,35648,72656,17580,21,9
42009009805,42,009,009805,3846,3817,9,10,8,2,0,2862,2843,5,6,7,1,0,184,362,14584,21736,09360,21,9
42009009806,42,009,009806,5027,4985,18,19,1,3,1,3930,3902,12,12,1,3,0,380,660,24304,83920,09360,21,9
42009009807,42,009,009807,3161,3119,24,6,0,10,2,2555,2520,21,6,0,8,0,584,872,4944,4944,03180,21,9
42009009808,42,009,009808,4921,4817,53,24,4,23,0,3770,3711,37,11,2,9,0,625,998,4944,4952,03180,21,9
42009009809,42,009,009809,4603,4561,0,25,13,4,0,3453,3430,0,13,8,2,0,193,165,46944,52648,05880,21,9
42009009810,42,009,009810,5450,5386,29,8,5,14,8,4055,4018,19,4,2,12,0,133,212,63312,50424,09360,21,9
42009009811,42,009,009811,4385,4365,2,8,6,4,0,3330,3320,0,4,5,1,0,214,233,36640,44448,03180,21,9
42011000001,42,011,000001,4377,2424,471,1439,6,30,7,3352,2176,326,825,4,20,1,624.04,447.93,63624,63624,20040,22,6
42011000002,42,011,000002,3767,2240,406,1088,3,23,7,2654,1922,231,479,3,17,2,494.09,354.66,63624,63624,20040,22,6
42011000003,42,011,000003,1798,1565,111,91,1,29,1,1389,1244,68,58,1,18,0,258.59,185.61,63624,63624,20040,22,6
42011000004,42,011,000004,3157,2868,142,104,1,36,6,2466,2267,94,72,1,29,3,459.09,329.54,63624,63624,20040,22,6
42011000005,42,011,000005,2916,2796,27,82,0,10,1,2304,2222,25,48,0,8,1,428.93,307.89,63624,63624,20040,22,6
42011000006,42,011,000006,3268,3088,50,51,1,77,1,2858,2717,40,32,1,67,1,532.07,381.92,63624,63624,20040,22,6
42011000007,42,011,000007,3416,3261,59,66,1,28,1,2671,2573,34,41,1,22,0,497.26,356.93,63624,63624,20040,22,6
42011000008,42,011,000008,3243,2966,92,149,0,36,0,2509,2327,62,98,0,22,0,467.1,335.28,63624,63624,20040,22,6
42011000009,42,011,000009,2424,1908,233,256,4,21,2,1933,1597,155,168,2,9,2,359.86,258.31,63624,63624,20040,22,6
42011000010,42,011,000010,2799,1717,543,506,1,27,5,1943,1288,345,293,1,15,1,361.73,259.65,63624,63624,20040,22,6
42011000011,42,011,000011,3914,2244,776,865,7,18,4,2687,1688,480,503,5,11,0,500.24,359.07,63624,63624,20040,22,6
42011000012,42,011,000012,2997,638,949,1392,7,8,3,1866,462,641,750,6,6,1,347.39,249.36,63624,63624,20040,22,6
42011000013,42,011,000013,2657,993,544,1093,9,10,8,1860,835,374,631,9,8,3,346.27,248.55,63624,63624,20040,22,6
42011000014,42,011,000014,3809,2915,185,661,8,39,1,2774,2242,118,385,5,23,1,516.43,370.69,63624,63624,20040,22,6
42011000015,42,011,000015,2803,2509,125,129,8,27,5,2087,1921,72,73,5,16,0,388.53,278.89,63624,63624,20040,22,6
42011000016,42,011,000016,2311,2079,49,153,3,25,2,1747,1599,36,93,3,15,1,325.24,233.45,63624,63624,20040,22,6
42011000017,42,011,000017,2830,1724,199,874,1,23,9,1972,1333,131,490,1,13,4,367.12,263.52,63624,63624,20040,22,6
42011000018,42,011,000018,2479,2270,78,107,0,22,2,2021,1886,53,63,0,19,0,376.25,270.07,63624,63624,20040,22,6
42011000019,42,011,000019,2311,1653,173,454,0,31,0,1831,1396,122,289,0,24,0,340.88,244.68,63624,63624,20040,22,6
42011000020,42,011,000020,3832,3640,83,88,4,11,6,2981,2856,54,57,4,9,1,554.97,398.36,63624,63624,20040,22,6
42011000021,42,011,000021,2604,2155,143,284,5,17,0,1939,1680,81,163,4,11,0,360.98,259.11,63624,63624,20040,22,6
42011000022,42,011,000022,2032,1014,284,712,0,19,3,1355,774,197,371,0,11,2,252.26,181.07,63624,63624,20040,22,6
42011000023,42,011,000023,2123,985,275,852,1,8,2,1546,830,204,506,1,4,1,287.82,206.59,63624,63624,20040,22,6
42011000024,42,011,000024,1517,609,210,661,2,33,2,1103,535,155,392,2,18,1,205.34,147.4,63624,63624,20040,22,6
42011000025,42,011,000025,1344,614,349,369,1,8,3,999,524,223,242,1,7,2,185.98,133.5,63624,63624,20040,22,6
42011000026,42,011,000026,3312,1131,296,1847,0,36,2,1892,903,172,792,0,24,1,352.23,252.83,63624,63624,20040,22,6
42011000027,42,011,000027,721,704,6,6,0,5,0,633,619,6,5,0,3,0,117.84,84.59,63624,63624,20040,22,6
42011000028,42,011,000028,1266,1165,41,43,0,13,4,1085,1022,28,25,0,9,1,201.99,144.99,63624,63624,20040,22,6
42011000029,42,011,000029,2420,2278,31,64,0,47,0,2092,1997,21,44,0,30,0,389.47,279.56,63624,63624,20040,22,6
42011000101,42,011,000101,5318,5216,6,62,5,28,1,3817,3761,3,33,4,16,0,250,382,74744,6008,11340,22,6
42011000102,42,011,000102,7518,7377,30,65,10,33,3,5505,5451,1,33,6,11,3,209,362,12104,76712,11340,22,6
42011000104,42,011,000104,7020,6691,119,186,7,17,0,5110,4837,97,160,6,10,0,237,323,NA,77752,23820,22,6
42011000105,42,011,000105,5719,5577,59,36,3,44,0,4352,4283,18,19,2,30,0,186,283,65336,33600,06780,22,6
42011000106,42,011,000106,4114,4050,14,16,3,24,7,3170,3134,8,10,3,12,3,275,448,82296,44928,26580,22,6
42011000107,42,011,000107,4411,4293,49,55,1,13,0,3480,3385,39,43,1,12,0,590,934,NA,72208,06780,22,6
42011000108,42,011,000108,6985,6696,125,86,5,71,2,5037,4857,83,46,2,49,0,430.88,724.28,364,72824,26580,22,6
42011000110,42,011,000110,4323,4158,23,29,0,113,0,3345,3237,13,19,0,76,0,379,720,86888,86888,26760,22,6
42011000111,42,011,000111,7325,7095,32,82,2,113,1,5843,5684,23,56,2,77,1,887,2183,86880,86880,26760,22,6
42011000112,42,011,000112,4142,3975,57,81,9,19,1,3521,3389,45,66,4,16,1,597,690,83928,83928,26760,22,6
42011000113,42,011,000113,2895,2812,19,20,6,37,1,2417,2366,16,12,1,22,0,579,551,39256,39256,10860,22,6
42011000114,42,011,000114,5148,5098,12,21,1,16,0,4183,4152,8,10,1,12,0,554,910,70248,70248,10860,22,6
42011000115,42,011,000115,2479,2432,10,14,4,19,0,1875,1846,6,10,1,12,0,298,449,50272,50272,10860,22,6
42011000116,42,011,000116,13032,12570,136,131,6,187,2,10408,10085,103,93,3,124,0,1477,2262,26397,17720,10860,22,6
42011000118,42,011,000118,4222,4165,16,24,3,14,0,3101,3067,9,14,3,8,0,498,570,6504,6504,07290,22,6
42011000119,42,011,000119,9874,9637,123,53,20,36,5,7385,7228,84,32,16,24,1,402,548,2349,2328,07290,22,6
42011000120,42,011,000120,8192,7902,139,59,9,83,0,6254,6042,109,37,4,62,0,874.46,1265.39,44672,24384,09480,22,6
42011000121,42,011,000121,10617,10317,107,103,6,79,5,8064,7884,67,57,3,53,0,1127.54,1631.61,67304,24384,09480,22,6
42011000122,42,011,000122,2883,2807,19,24,0,33,0,2286,2236,15,18,0,17,0,509,594,51760,51760,02480,22,6
42011000123,42,011,000123,4612,4535,16,46,3,12,0,3713,3658,10,33,3,9,0,774,943,51760,44840,02480,22,6
42011000124,42,011,000124,4909,4661,22,210,1,12,3,4043,3859,18,156,1,7,2,734.36,880.19,76320,52200,16200,22,6
42011000125,42,011,000125,2135,2100,1,29,1,4,0,1826,1802,1,20,1,2,0,331.67,397.53,41768,52200,16200,22,6
42011000126,42,011,000126,2215,2163,7,32,0,6,7,1831,1797,4,25,0,5,0,332.58,398.62,NA,52200,16200,22,6
42011000127,42,011,000127,4845,4739,21,38,3,44,0,3889,3823,12,20,1,33,0,706.39,846.66,NA,52200,16200,22,6
42011000128,42,011,000128,3749,3684,20,36,0,9,0,3088,3041,14,27,0,6,0,668,693,41768,41768,16200,22,6
42011000129,42,011,000129,6821,6765,14,18,7,17,0,5226,5193,7,10,4,12,0,360,581,NA,56672,18150,22,6
42011000130,42,011,000130,6586,6103,433,31,8,10,1,4794,4564,202,17,4,6,1,262,376,NA,19664,03960,22,6
42011000131,42,011,000131,5494,5429,9,29,5,17,5,4049,4011,6,20,4,8,0,518,721,4896,14984,03960,22,6
42011000132,42,011,000132,3759,3741,3,7,4,4,0,3042,3028,1,7,3,3,0,509,725,7960,7960,03960,22,6
42011000133,42,011,000133,7657,7566,11,50,9,19,2,5669,5620,6,24,9,10,0,248,348,4896,34016,03960,22,6
42011000134,42,011,000134,8374,8289,12,43,12,17,1,6225,6174,7,28,4,12,0,286,369,NA,60176,18150,22,6
42011000135,42,011,000135,4756,4508,11,196,6,33,2,3636,3454,9,145,4,22,2,351,402,NA,46680,09780,22,6
42011000136,42,011,000136,3478,3436,6,24,0,12,0,2705,2680,4,12,0,9,0,453,623,26280,26280,09780,22,6
42011000137,42,011,000137,7398,7297,10,70,3,17,1,5615,5557,5,43,3,7,0,348,402,70464,64592,11340,22,6
42011000138,42,011,000138,3987,3955,3,23,2,4,0,3212,3190,3,14,2,3,0,523,880,32120,32120,11340,22,6
42011000139,42,011,000139,6820,6707,43,54,0,15,1,5076,4998,40,31,0,7,0,166,285,42688,31352,12930,22,6
42011000140,42,011,000140,4589,4483,34,29,2,40,1,3996,3909,26,26,2,32,1,497,644,40656,40656,12930,22,6
42011000141,42,011,000141,6338,6034,195,62,5,38,4,5378,5087,193,55,4,35,4,380,569,45752,48128,12930,22,6
42011000142,42,011,000142,7374,7330,8,24,4,7,1,5567,5542,5,13,4,3,0,441,615,77104,44584,04050,22,6
42011000143,42,011,000143,0,0,0,0,0,0,0,0,0,0,0,0,0,0,356,459,NA,19664,03960,22,6
42011010301,42,011,010301,7573,7096,170,264,8,33,2,6141,5706,161,243,6,23,2,711,1073,42352,5816,20970,22,6
42011010302,42,011,010302,2564,2521,5,34,0,4,0,1878,1854,5,16,0,3,0,177,261,5848,58784,23820,22,6
42011010901,42,011,010901,11739,11405,63,78,0,192,1,9178,8957,48,53,0,120,0,785.12,1319.72,84280,72824,26580,22,6
42011010902,42,011,010902,2438,2390,15,20,0,13,0,2055,2027,7,13,0,8,0,367,578,70880,70880,26580,22,6
42011011701,42,011,011701,5972,5883,32,39,4,14,0,4400,4343,19,26,1,11,0,527,872,NA,65320,24000,22,6
42011011702,42,011,011702,3726,3630,23,43,4,26,0,2677,2621,16,26,3,11,0,380,551,NA,8344,10860,22,6
42011011703,42,011,011703,1951,1916,2,12,0,19,2,1466,1449,2,6,0,9,0,219,356,NA,10696,24000,22,6
42013000104,42,013,000104,8152,8109,12,17,5,9,0,6152,6125,11,10,4,2,0,628,841,5384,2680,03300,21,9
42013000105,42,013,000105,4297,4263,19,10,0,5,0,3218,3193,12,8,0,5,0,549.53,604.75,2184,44328,02340,21,9
42013000106,42,013,000106,2417,2401,1,5,2,8,0,1908,1899,1,2,2,4,0,325.82,358.56,2184,44328,02340,21,9
42013000107,42,013,000107,6063,6007,11,21,4,19,1,4548,4516,6,11,4,11,0,776.65,854.69,2184,44328,02340,21,9
42013000109,42,013,000109,7247,7056,26,59,6,99,1,5351,5246,10,32,6,56,1,827,1341,35224,27600,11940,21,9
42013000110,42,013,000110,8284,8224,29,16,1,12,2,6280,6242,20,10,1,6,1,105,162,20248,852,11940,21,9
42013000111,42,013,000111,5575,5531,5,14,0,23,2,4267,4239,4,9,0,15,0,452,692,20248,6872,11940,21,9
42013000112,42,013,000112,5620,5542,44,12,11,7,4,4454,4392,37,12,10,3,0,819,1150,35224,35224,11940,21,9
42013000113,42,013,000113,5527,5503,4,12,0,8,0,4077,4060,3,10,0,4,0,105,211,47872,55592,22530,21,9
42013000114,42,013,000114,2615,2611,1,1,0,2,0,1939,1938,0,1,0,0,0,320,608,65256,65256,22530,21,9
42013000115,42,013,000115,5263,5220,6,11,9,17,0,3820,3792,4,9,7,8,0,306,384,65256,76160,22530,21,9
42013000116,42,013,000116,3802,3790,1,5,4,2,0,2841,2831,1,4,4,1,0,350,399,13992,31000,06120,21,9
42013001001,42,013,001001,706,704,0,1,0,1,0,575,574,0,0,0,1,0,117.33,101.89,2184,2184,02340,21,9
42013001002,42,013,001002,1207,1204,1,0,0,2,0,953,951,1,0,0,1,0,194.46,168.88,2184,2184,02340,21,9
42013001003,42,013,001003,3625,3558,39,12,3,9,4,2670,2623,31,7,2,6,1,544.82,473.14,2184,2184,02340,21,9
42013001004,42,013,001004,1823,1655,161,1,2,2,2,1363,1237,121,1,2,2,0,278.12,241.53,2184,2184,02340,21,9
42013001005,42,013,001005,3819,3608,154,30,8,11,8,2700,2566,104,17,5,8,0,550.94,478.46,2184,2184,02340,21,9
42013001006,42,013,001006,3228,3176,42,6,1,2,1,2337,2311,20,3,1,2,0,476.87,414.13,2184,2184,02340,21,9
42013001007,42,013,001007,3099,2981,81,9,11,17,0,2135,2073,44,7,4,7,0,435.65,378.33,2184,2184,02340,21,9
42013001008,42,013,001008,1780,1658,81,16,0,24,1,1571,1452,80,15,0,23,1,320.57,278.39,2184,2184,02340,21,9
42013001009,42,013,001009,3278,3231,14,27,2,3,1,2447,2424,6,12,1,3,1,499.32,433.62,2184,2184,02340,21,9
42013001010,42,013,001010,1254,1250,0,3,0,1,0,931,927,0,3,0,1,0,189.97,164.98,2184,2184,02340,21,9
42013001011,42,013,001011,2196,2133,38,11,0,14,0,1690,1657,21,5,0,7,0,344.85,299.48,2184,2184,02340,21,9
42013001012,42,013,001012,3031,2991,11,7,1,21,0,2390,2367,6,4,1,12,0,487.68,423.52,2184,2184,02340,21,9
42013001013,42,013,001013,1087,1071,3,5,0,8,0,917,906,1,3,0,7,0,187.12,162.5,2184,2184,02340,21,9
42013001014,42,013,001014,4378,4263,88,12,5,5,5,3319,3237,64,12,3,3,0,677.25,588.15,2184,2184,02340,21,9
42013001015,42,013,001015,3709,3689,11,1,3,5,0,2954,2942,8,1,2,1,0,602.77,523.47,2184,2184,02340,21,9
42013001016,42,013,001016,4203,4138,30,12,11,11,1,3144,3103,17,9,8,7,0,641.54,557.13,2184,2184,02340,21,9
42013001017,42,013,001017,4862,4786,29,33,2,8,4,3602,3550,23,22,2,5,0,735,638.29,2184,2184,02340,21,9
42013001018,42,013,001018,3242,3212,13,8,3,5,1,2565,2548,8,4,3,2,0,523.39,454.53,2184,2184,02340,21,9
42013001019,42,013,001019,1740,1670,58,9,1,0,2,1472,1420,46,5,1,0,0,300.36,260.85,2184,2184,02340,21,9
42013001020,42,013,001020,241,236,5,0,0,0,0,196,193,3,0,0,0,0,39.99,34.73,2184,2184,02340,21,9
42013010101,42,013,010101,3846,3819,12,1,10,3,1,2870,2855,7,1,5,1,1,268,360,78168,71624,24030,21,9
42013010102,42,013,010102,2910,2863,20,20,2,5,0,2210,2169,17,20,2,2,0,263.87,324.19,78168,78168,24030,21,9
42013010103,42,013,010103,2804,2787,0,14,2,1,0,2187,2175,0,9,2,1,0,261.13,320.81,78168,78168,24030,21,9
42013010898,42,013,010898,3612,3585,6,10,6,3,2,2669,2652,3,8,4,1,1,88,131,85272,86144,26430,21,9
42015009801,42,015,009801,4102,4053,5,19,8,14,3,2815,2790,4,8,5,7,1,60,73,42824,80984,17460,19,10
42015009802,42,015,009802,4927,4893,16,9,3,5,1,3452,3433,4,7,3,5,0,61,146,65944,70208,17460,19,10
42015009803,42,015,009803,5791,5680,17,21,13,54,6,4470,4397,11,15,10,35,2,942,774,68096,68096,20850,19,10
42015009804,42,015,009804,3468,3414,21,14,11,6,2,2584,2553,17,7,6,1,0,435,555,3392,3392,02670,19,10
42015009805,42,015,009805,5804,5682,19,24,5,72,2,4331,4259,16,10,4,42,0,442,647,72592,3400,02670,19,10
42015009806,42,015,009806,4273,4247,3,9,5,8,1,2999,2984,1,6,5,3,0,118,200,NA,64696,23790,19,10
42015009807,42,015,009807,4473,4423,8,10,22,7,3,3309,3275,2,7,18,5,2,150,321,77584,77592,23790,19,10
42015009808,42,015,009808,3933,3912,5,14,2,0,0,2874,2859,4,9,2,0,0,123,347,NA,71312,02670,19,10
42015009809,42,015,009809,5104,5053,9,24,5,13,0,3785,3757,5,10,3,10,0,95,172,NA,86912,23550,19,10
42015009810,42,015,009810,3242,3196,4,26,3,13,0,2454,2426,3,13,3,9,0,277,463,77168,77168,23550,19,10
42015009811,42,015,009811,2917,2883,1,15,8,8,2,2081,2065,0,9,4,3,0,98,209,86656,77936,26700,19,10
42015009812,42,015,009812,4936,4890,13,21,6,6,0,3499,3470,11,11,4,3,0,64,109,53152,76408,26700,19,10
42015009813,42,015,009813,3762,3731,6,7,14,3,1,2748,2730,4,5,8,1,0,37,79,10240,27344,23790,19,10
42015009814,42,015,009814,4235,4196,21,5,9,3,1,3019,2989,15,4,9,2,0,148,313,11160,11168,04920,19,10
42017001005,42,017,001005,2782,2694,14,59,7,7,1,2195,2135,11,41,3,5,0,684.56,403.34,8760,8760,04200,3,8
42017001006,42,017,001006,3975,3385,215,360,4,10,1,3087,2686,155,235,4,7,0,962.76,567.25,8760,8760,04200,3,8
42017001007,42,017,001007,3648,2587,545,495,2,13,6,2609,1945,353,300,1,9,1,813.68,479.41,8760,8760,04200,3,8
42017001009,42,017,001009,6971,6740,78,97,6,50,0,5005,4847,62,59,6,31,0,988.53,1009.63,36192,49120,16410,3,8
42017001010,42,017,001010,916,897,7,7,3,1,1,675,668,2,4,1,0,0,167,201,36192,36192,16410,3,8
42017001011,42,017,001011,2709,2445,149,54,11,45,5,2120,1952,89,37,6,34,2,385,416,58936,58936,16410,3,8
42017001012,42,017,001012,807,767,16,3,0,16,5,641,612,14,3,0,8,4,199,285,41416,41416,16410,3,8
42017001013,42,017,001013,1361,1190,148,7,11,5,0,1070,928,123,6,8,5,0,214,266,41392,41392,16410,3,8
42017001017,42,017,001017,490,481,0,1,0,8,0,376,367,0,1,0,8,0,69.9,94.99,37304,37304,05190,3,8
42017001019,42,017,001019,3058,2974,24,35,2,23,0,2345,2290,13,24,2,16,0,357,592,12504,12504,05310,3,8
42017001022,42,017,001022,881,865,7,4,4,1,0,590,580,4,2,3,1,0,67,140,70744,70744,18750,3,8
42017001023,42,017,001023,3753,3660,45,16,7,22,3,2722,2655,37,13,4,13,0,358,524,NA,21760,18750,3,8
42017001024,42,017,001024,7882,7742,22,63,9,35,11,5681,5586,14,43,8,24,6,679,958,59384,59384,18750,3,8
42017001025,42,017,001025,4475,4388,30,38,0,15,4,3183,3134,19,22,0,6,2,376,563,69248,69248,18750,3,8
42017001026,42,017,001026,1682,1598,17,38,1,28,0,1352,1291,10,26,1,24,0,168,292,76304,76304,21870,3,8
42017001027,42,017,001027,4514,4436,20,37,8,13,0,3422,3372,10,29,3,8,0,474,717,NA,83960,18750,3,8
42017001029,42,017,001029,895,874,1,9,0,11,0,613,601,1,4,0,7,0,99,145,77704,77704,19890,3,8
42017001032,42,017,001032,1195,1193,1,1,0,0,0,848,846,1,1,0,0,0,142,207,64584,64584,19890,3,8
42017001033,42,017,001033,2165,2136,14,6,1,8,0,1633,1612,11,5,1,4,0,259,418,NA,33224,19890,3,8
42017001034,42,017,001034,5179,5083,21,41,1,6,27,3985,3920,21,25,1,3,15,664,853,NA,73016,18330,3,8
42017001035,42,017,001035,1209,1191,4,5,0,9,0,883,874,2,4,0,3,0,142,243,NA,20480,18330,3,8
42017001036,42,017,001036,912,905,1,3,0,3,0,710,705,1,2,0,2,0,139,180,64856,64856,08850,3,8
42017001037,42,017,001037,3329,3274,31,14,3,4,3,2451,2420,15,8,3,4,1,309,578,NA,54576,18330,3,8
42017001038,42,017,001038,1378,1357,4,14,0,3,0,1055,1039,3,10,0,3,0,134,147,NA,8592,18330,3,8
42017001039,42,017,001039,4167,4070,45,41,3,7,1,3170,3110,31,23,3,2,1,463,823,NA,76784,18330,3,8
42017001040,42,017,001040,4602,4550,20,22,2,8,0,3479,3440,14,20,2,3,0,534,829,NA,4976,18750,3,8
42017001041,42,017,001041,1985,1925,22,16,6,16,0,1425,1386,13,8,4,14,0,208,350,20104,20104,18750,3,8
42017001042,42,017,001042,6291,6176,9,49,9,48,0,4565,4499,5,29,8,24,0,625,1067,NA,61616,05310,3,8
42017001043,42,017,001043,5996,5854,35,56,1,49,1,4731,4631,28,39,1,31,1,782,1305,NA,71752,16860,3,8
42017001044,42,017,001044,1400,1318,21,34,2,21,4,1270,1199,20,31,2,15,3,355,343,53712,53712,16860,3,8
42017001048,42,017,001048,2174,2121,10,25,1,17,0,1654,1621,7,17,1,8,0,230,397,53296,53296,05310,3,8
42017001051,42,017,001051,2384,2329,28,14,1,11,1,1829,1790,25,6,1,7,0,331,521,64464,86624,06960,3,8
42017001053,42,017,001053,2565,2492,24,21,3,24,1,2017,1960,22,13,3,19,0,351,590,54184,54184,06960,3,8
42017001054,42,017,001054,5995,5850,27,48,3,67,0,4441,4339,23,38,1,40,0,642,1441,NA,79128,06960,3,8
42017001056,42,017,001056,2360,2211,109,21,1,17,1,1883,1766,95,12,1,9,0,339,343,86920,86920,18840,3,8
42017001060,42,017,001060,0,0,0,0,0,0,0,0,0,0,0,0,0,0,0,0,NA,49384,19890,3,13
42017001061,42,017,001061,0,0,0,0,0,0,0,0,0,0,0,0,0,0,0,0,NA,49384,19890,3,13
42017100101,42,017,100101,10041,8398,687,324,29,599,4,7460,6358,450,215,23,414,0,1467.82,1503.1,16274,5616,03330,3,8
42017100102,42,017,100102,2670,2494,69,60,6,40,1,2200,2066,58,40,5,30,1,432.87,443.27,NA,5616,03330,3,8
42017100201,42,017,100201,4580,3591,872,58,11,41,7,3336,2638,635,28,9,24,2,656.39,672.17,NA,5616,03330,3,8
42017100205,42,017,100205,10742,9901,361,133,18,317,12,7645,7076,250,85,16,214,4,1504.22,1540.38,NA,5616,03330,3,8
42017100206,42,017,100206,4456,3837,351,97,13,156,2,3289,2909,194,71,8,106,1,647.14,662.7,NA,5616,03330,3,8
42017100207,42,017,100207,3422,2789,358,112,2,157,4,2249,1875,199,67,1,107,0,442.51,453.15,NA,5616,03330,3,8
42017100208,42,017,100208,6054,5295,481,172,8,94,4,4628,4098,338,115,6,69,2,910.6,932.49,NA,5616,03330,3,8
42017100209,42,017,100209,7525,6511,480,198,4,326,6,5807,5110,332,145,4,215,1,1142.58,1170.04,NA,5616,03330,3,8
42017100210,42,017,100210,7286,6741,156,87,9,292,1,5041,4674,108,57,9,192,1,991.86,1015.7,NA,5616,03330,3,8
42017100302,42,017,100302,5335,5197,22,91,5,20,0,3855,3761,15,58,5,16,0,1030.77,683.77,17448,8768,04230,3,8
42017100303,42,017,100303,5551,3603,1569,294,17,62,6,4027,2789,981,197,12,47,1,1076.77,714.28,8760,8768,04230,3,8
42017100304,42,017,100304,2349,2109,154,55,5,26,0,1782,1607,114,35,5,21,0,476.48,316.08,NA,8768,04230,3,8
42017100305,42,017,100305,8400,7320,230,317,10,518,5,6292,5562,161,195,10,364,0,1682.4,1116.02,17448,8768,04230,3,8
42017100401,42,017,100401,6521,6210,112,65,9,120,5,4738,4529,72,50,5,80,2,1266.88,840.39,42928,8768,04230,3,8
42017100402,42,017,100402,7142,6868,111,119,14,27,3,5242,5070,66,71,11,24,0,1401.64,929.78,42928,8768,04230,3,8
42017100403,42,017,100403,2391,1429,916,37,1,5,3,1759,1114,612,27,1,5,0,470.33,312,NA,8768,04230,3,8
42017100404,42,017,100404,6957,6566,247,114,5,25,0,5191,4930,166,72,5,18,0,1388,920.74,42928,8768,04230,3,8
42017100405,42,017,100405,8979,8744,60,135,5,33,2,6372,6226,36,79,5,24,2,1703.79,1130.21,42928,8768,04230,3,8
42017100406,42,017,100406,3596,3309,136,60,8,81,2,2513,2329,86,39,6,53,0,671.94,445.74,24712,8768,04230,3,8
42017100802,42,017,100802,7663,7175,236,118,6,122,6,5761,5408,163,92,5,93,0,1137.84,1162.14,36192,49120,16410,3,8
42017100803,42,017,100803,5246,5023,109,44,2,68,0,3927,3769,77,32,2,47,0,775.61,792.17,42928,49120,16410,3,8
42017100804,42,017,100804,3782,3661,29,46,7,39,0,2909,2814,20,38,7,30,0,574.55,586.82,42928,49120,16410,3,8
42017100805,42,017,100805,6628,6447,39,64,22,56,0,4925,4819,24,39,13,30,0,972.73,993.5,42928,49120,16410,3,8
42017100806,42,017,100806,9768,9291,107,107,5,256,2,6606,6298,72,69,5,162,0,1304.74,1332.59,86112,49120,16410,3,8
42017100807,42,017,100807,2999,2815,66,54,4,60,0,2405,2268,52,38,3,44,0,475.01,485.15,86112,49120,16410,3,8
42017101401,42,017,101401,4053,4001,8,13,1,30,0,3276,3241,6,11,1,17,0,586.75,791.16,NA,45112,16410,3,8
42017101402,42,017,101402,9260,8893,122,145,11,78,11,7214,6961,90,95,6,56,6,1292.06,1742.19,25520,45112,16410,3,8
42017101403,42,017,101403,6559,6467,32,29,3,24,4,4719,4657,25,19,2,13,3,845.19,1139.65,NA,45112,16410,3,8
42017101503,42,017,101503,4014,3903,27,34,1,48,1,3135,3060,19,27,1,28,0,641.07,930.15,NA,79296,05190,3,8
42017101504,42,017,101504,2880,2826,7,18,0,29,0,2418,2378,6,10,0,24,0,494.45,717.41,NA,79296,05190,3,8
42017101505,42,017,101505,3275,3174,37,17,2,45,0,2537,2458,32,13,2,32,0,518.79,752.72,NA,79296,05190,3,8
42017101506,42,017,101506,5907,5753,52,47,0,49,6,4566,4491,16,24,0,34,1,933.69,1354.72,NA,79296,05190,3,8
42017101603,42,017,101603,3201,3099,42,32,2,26,0,2432,2368,25,20,2,17,0,452.09,614.42,NA,80952,05190,3,8
42017101605,42,017,101605,4316,2974,333,862,14,123,10,3025,2230,195,499,11,87,3,562.33,764.23,80962,80952,05190,3,8
42017101607,42,017,101607,2794,2716,22,25,2,29,0,2292,2239,17,16,2,18,0,426.07,579.05,NA,80952,05190,3,8
42017101608,42,017,101608,4925,4623,146,68,15,72,1,3486,3331,68,39,5,42,1,648.03,880.7,NA,80952,05190,3,8
42017101609,42,017,101609,5310,5121,52,38,2,95,2,3962,3827,38,25,2,68,2,736.51,1000.95,NA,80952,05190,3,8
42017101610,42,017,101610,5340,5137,56,63,1,83,0,4021,3885,42,38,1,55,0,747.48,1015.86,NA,80952,05190,3,8
42017101611,42,017,101611,6946,6699,65,78,7,94,3,5232,5074,46,40,6,63,3,972.6,1321.8,NA,80952,05190,3,8
42017101802,42,017,101802,1322,1308,0,10,0,3,1,1045,1031,0,10,0,3,1,144.24,193.97,NA,81048,05310,3,8
42017101803,42,017,101803,3755,3601,64,34,1,55,0,2668,2567,44,21,1,35,0,368.26,495.24,NA,81048,05310,3,8
42017101804,42,017,101804,7092,6667,180,96,7,141,1,5133,4844,123,62,6,97,1,708.5,952.79,NA,81048,05310,3,8
42017102002,42,017,102002,2454,2363,48,20,1,20,2,1794,1732,38,14,0,10,0,226.47,403.03,NA,53304,05310,3,8
42017102003,42,017,102003,3371,3253,33,37,2,45,1,2409,2327,26,23,1,32,0,304.11,541.2,12504,53304,05310,3,8
42017102004,42,017,102004,3285,3195,35,18,2,33,2,2554,2489,25,14,2,24,0,322.42,573.77,8819,53304,05310,3,8
42017102101,42,017,102101,7391,7118,70,103,4,94,2,5376,5210,39,61,3,63,0,596.79,1004.68,NA,34952,18750,3,8
42017102102,42,017,102102,3191,3157,5,23,0,6,0,2308,2290,4,11,0,3,0,256.21,431.32,NA,34952,18750,3,8
42017102801,42,017,102801,2635,2582,14,21,1,17,0,1932,1898,11,13,1,9,0,218.16,312.58,NA,49384,19890,3,8
42017102802,42,017,102802,4704,4644,13,21,1,25,0,3470,3432,7,15,1,15,0,391.84,561.42,77704,49384,19890,3,8
42017103001,42,017,103001,3935,3795,21,48,4,67,0,2946,2855,13,29,4,45,0,259.07,392.98,63048,64536,19890,3,8
42017103002,42,017,103002,4590,4459,42,49,6,34,0,3456,3369,24,28,6,29,0,303.93,461.02,64584,64536,19890,3,8
42017103101,42,017,103101,2421,2362,14,26,1,15,3,1775,1739,6,16,1,11,2,264.21,341.26,63048,63048,19890,3,8
42017103102,42,017,103102,1990,1956,3,10,1,20,0,1564,1538,2,6,1,17,0,232.8,300.69,63048,63048,19890,3,8
42017103103,42,017,103103,4619,4434,38,64,2,81,0,3480,3351,24,47,2,56,0,517.99,669.05,63048,63048,19890,3,8
42017104501,42,017,104501,6171,6026,44,46,2,48,5,4483,4393,31,29,2,26,2,653.74,969.61,NA,9816,05310,3,8
42017104502,42,017,104502,3185,3108,22,11,1,38,5,2443,2397,17,7,1,21,0,356.26,528.39,NA,9816,05310,3,8
42017104601,42,017,104601,5011,4840,40,49,3,75,4,3697,3597,26,28,2,44,0,415.58,823.1,NA,19792,05310,3,8
42017104603,42,017,104603,4552,4171,275,75,4,27,0,3960,3611,263,61,4,21,0,445.14,881.65,NA,19792,05310,3,8
42017104604,42,017,104604,4936,4800,42,42,0,49,3,3810,3715,31,36,0,28,0,428.28,848.25,19784,19792,05310,3,8
42017104701,42,017,104701,3279,3171,15,29,3,61,0,2787,2702,11,25,3,46,0,406.5,538.04,19784,19784,05310,3,8
42017104702,42,017,104702,3017,2893,48,45,4,26,1,2474,2375,44,30,4,21,0,360.84,477.62,19784,19784,05310,3,8
42017104703,42,017,104703,2279,2204,25,29,1,17,3,1787,1742,17,17,1,9,1,260.64,344.99,19784,19784,05310,3,8
42017104704,42,017,104704,11,11,0,0,0,0,0,7,7,0,0,0,0,0,1.02,1.35,NA,19792,05310,3,8
42017104901,42,017,104901,2961,2845,21,31,3,61,0,1974,1900,13,15,3,43,0,171,334.2,NA,81144,05310,3,8
42017104902,42,017,104902,2962,2878,9,39,2,34,0,2078,2022,6,24,2,24,0,180,351.8,NA,81144,05310,3,8
42017105003,42,017,105003,4490,4407,2,26,1,54,0,3143,3095,1,15,1,31,0,402.6,619.55,64464,54688,06960,3,8
42017105004,42,017,105004,5451,5330,21,44,0,56,0,3919,3840,12,28,0,39,0,502,772.52,13648,54688,06960,3,8
42017105005,42,017,105005,10181,9784,85,98,4,204,6,7356,7105,52,67,4,127,1,942.26,1450.03,80229,54688,06960,3,8
42017105006,42,017,105006,5507,5371,19,15,6,96,0,3873,3786,10,14,5,58,0,496.11,763.45,80229,54688,06960,3,8
42017105007,42,017,105007,7477,7333,16,42,2,82,2,5398,5310,11,22,2,53,0,691.45,1064.06,64464,54688,06960,3,8
42017105008,42,017,105008,2296,2246,11,12,0,27,0,1605,1580,4,8,0,13,0,205.59,316.38,NA,54688,06960,3,8
42017105202,42,017,105202,4972,4755,60,70,5,82,0,3776,3619,49,50,2,56,0,303.69,456.85,NA,54192,06960,3,8
42017105203,42,017,105203,2053,1897,60,38,3,55,0,1392,1285,48,22,3,34,0,111.95,168.42,NA,54192,06960,3,8
42017105204,42,017,105204,6660,6362,90,73,7,124,4,4866,4669,65,51,5,74,2,391.36,588.73,54268,54192,06960,3,8
42017105501,42,017,105501,5587,5237,68,62,3,217,0,3919,3694,42,44,3,136,0,589.89,1049.32,86352,44968,18840,3,8
42017105503,42,017,105503,5740,5335,130,75,6,187,7,4354,4070,94,49,4,135,2,655.37,1165.79,NA,44968,18840,3,8
42017105505,42,017,105505,3849,3694,36,60,6,53,0,3019,2915,29,36,4,35,0,454.42,808.34,86920,44968,18840,3,8
42017105506,42,017,105506,3197,2940,56,37,0,164,0,2073,1909,33,20,0,111,0,312.03,555.05,86352,44968,18840,3,8
42017105507,42,017,105507,6638,6405,58,39,0,131,5,4958,4794,38,35,0,91,0,746.28,1327.51,86920,44968,18840,3,8
42017105701,42,017,105701,1386,1295,50,40,0,1,0,1057,1001,35,21,0,0,0,200.11,159.52,51144,51144,15900,3,8
42017105702,42,017,105702,2024,1872,93,49,2,5,3,1548,1440,60,40,2,4,2,293.06,233.63,51144,51144,15900,3,8
42017105703,42,017,105703,483,442,23,12,0,6,0,414,378,22,11,0,3,0,78.38,62.48,NA,25112,18840,3,8
42017105704,42,017,105704,6355,4969,962,331,3,87,3,4899,3934,673,229,2,60,1,927.46,739.37,51144,51144,15900,3,8
42017105801,42,017,105801,5694,4605,704,214,5,163,3,4087,3341,491,145,5,104,1,786.69,647.62,NA,25112,18840,3,8
42017105802,42,017,105802,11995,11350,178,210,7,242,8,9021,8581,120,141,5,169,5,1736.41,1429.46,24712,25112,18840,3,8
42017105803,42,017,105803,10220,10005,63,76,7,67,2,7479,7325,46,51,7,50,0,1439.59,1185.12,42928,25112,18840,3,8
42017105805,42,017,105805,6579,6200,224,86,5,58,6,4981,4723,155,63,4,33,3,958.77,789.29,77744,25112,18840,3,8
42017105806,42,017,105806,76,62,8,6,0,0,0,60,54,4,2,0,0,0,11.55,9.51,77744,25112,18840,3,8
42017105901,42,017,105901,1612,1510,59,11,4,22,6,1208,1126,50,8,3,17,4,369.25,202.68,77744,77744,18840,3,8
42017105902,42,017,105902,585,567,8,9,0,1,0,431,422,3,6,0,0,0,131.75,72.32,77744,77744,18840,3,8
42019009021,42,019,009021,2677,2620,17,10,7,20,3,2080,2042,11,8,6,10,3,484.16,357.86,10464,10464,04590,5,21
42019009022,42,019,009022,2259,2210,21,18,4,3,3,1750,1723,12,10,2,3,0,407.35,301.08,10464,10464,04590,5,21
42019009023,42,019,009023,3890,3715,115,21,9,21,9,2912,2805,76,12,6,12,1,677.83,501,10464,10464,04590,5,21
42019009024,42,019,009024,2372,2308,31,15,8,9,1,1935,1883,25,13,7,7,0,450.41,332.91,10464,10464,04590,5,21
42019009025,42,019,009025,4389,4293,36,33,8,11,8,3279,3227,21,18,4,8,1,763.25,564.14,10464,10464,04590,5,21
42019009026,42,019,009026,3524,3475,19,15,0,14,1,2742,2716,9,8,0,9,0,692.38,583.41,48336,10472,04590,5,21
42019009027,42,019,009027,2328,2311,8,7,0,2,0,1856,1844,7,3,0,2,0,468.66,394.9,35364,10472,04590,5,21
42019009028,42,019,009028,3027,2965,32,16,4,10,0,2548,2496,30,10,4,8,0,643.4,542.14,35364,10472,04590,5,21
42019009029,42,019,009029,2127,2098,3,3,0,22,1,1681,1662,2,3,0,14,0,424.47,357.66,35364,10472,04590,5,21
42019009030,42,019,009030,4270,4244,4,6,3,12,1,3275,3257,3,3,3,8,1,826.97,696.82,48728,10472,04590,5,21
42019009031,42,019,009031,2476,2452,5,13,2,3,1,1838,1824,5,7,2,0,0,464.11,391.07,55969,10472,04590,5,21
42019009101,42,019,009101,4502,4485,12,3,1,1,0,3270,3256,10,2,1,1,0,71,94,9528,24840,09600,5,21
42019009102,42,019,009102,4381,4332,22,10,6,11,0,3265,3235,15,3,5,7,0,127,113,22128,12992,17100,5,21
42019009103,42,019,009103,6681,6611,32,16,7,14,1,5132,5078,24,11,6,13,0,262.35,258.24,83376,71192,21660,5,21
42019009104,42,019,009104,2642,2474,60,15,0,92,1,2347,2204,55,14,0,73,1,345,401,71184,71184,21660,5,21
42019009105,42,019,009105,2366,2209,100,19,4,34,0,2360,2203,100,19,4,34,0,120.65,118.76,71184,71192,21660,5,21
42019009106,42,019,009106,3873,3845,10,13,4,1,0,2758,2736,9,9,3,1,0,314,256,84064,15480,17100,5,21
42019009107,42,019,009107,2820,2813,1,3,2,1,0,2005,2000,1,1,2,1,0,454,311,NA,55992,04590,5,21
42019009108,42,019,009108,2722,2691,10,4,6,9,2,2083,2063,6,4,3,5,2,454.02,539.96,69715,12024,04590,5,21
42019009109,42,019,009109,3517,3444,0,22,0,51,0,2716,2666,0,14,0,36,0,591.98,704.04,69715,12024,04590,5,21
42019009110,42,019,009110,5709,5672,3,16,1,17,0,4162,4141,2,10,1,8,0,318,370,62752,52176,21660,5,21
42019009111,42,019,009111,3615,3594,4,5,1,10,1,2605,2595,3,2,1,4,0,283,339,15808,15816,04590,5,21
42019009112,42,019,009112,5009,4988,9,6,2,3,1,3770,3757,4,5,2,1,1,707,514,20904,75184,04590,5,21
42019009113,42,019,009113,5256,5205,31,14,1,4,1,3826,3792,20,10,1,3,0,352,191,13440,14048,04590,5,21
42019009114,42,019,009114,3162,3146,6,4,2,4,0,2333,2325,2,1,2,3,0,438,473,NA,85784,21930,5,21
42019009116,42,019,009116,5080,5019,15,23,3,19,1,3750,3710,12,14,1,12,1,709,906,54552,58792,21930,5,21
42019009117,42,019,009117,4393,4376,7,6,1,3,0,3277,3263,7,3,1,3,0,324,358,24248,26904,22440,5,21
42019009118,42,019,009118,5452,5364,39,27,3,19,0,3957,3906,24,12,3,12,0,288,407,87272,37344,22440,5,21
42019009119,42,019,009119,5106,5038,22,31,2,11,2,4018,3975,9,25,2,7,0,589,724,87272,87272,22440,5,4
42019009120,42,019,009120,3115,3072,11,9,4,18,1,2362,2332,8,9,4,9,0,372.57,411.2,25752,16920,22440,5,4
42019009121,42,019,009121,5805,5727,28,29,3,17,1,3893,3836,21,22,2,12,0,614.06,677.73,25752,16920,22440,5,4
42019009122,42,019,009122,2247,2208,15,11,0,11,2,1602,1580,7,6,0,9,0,252.69,278.89,25752,16920,22440,5,4
42019009123,42,019,009123,4205,4148,21,22,2,12,0,2965,2925,15,15,2,8,0,467.68,516.18,27207,16920,22440,5,4
42019009124,42,019,009124,6408,6342,24,21,2,16,3,4826,4796,8,13,1,8,0,475,553,47672,300,14790,5,4
42019009127,42,019,009127,6317,6269,15,19,0,14,0,4687,4654,8,14,0,11,0,1005,751,NA,10000,10440,5,4
42019009128,42,019,009128,5578,5523,12,34,2,7,0,4023,3989,9,17,2,6,0,762,895,NA,49056,14790,5,4
42019911501,42,019,911501,4808,4774,6,18,1,9,0,3569,3543,5,13,1,7,0,634,693,NA,37848,21930,5,21
42019911502,42,019,911502,3905,3894,0,6,2,3,0,2941,2933,0,4,1,3,0,349,362,68056,14320,21930,5,4
42021000001,42,021,000001,1508,1433,53,20,1,1,0,1457,1388,48,19,1,1,0,478.67,199.83,38288,38288,10950,18,12
42021000002,42,021,000002,2016,1371,582,38,12,2,11,1486,1054,390,28,10,2,2,488.2,203.81,38288,38288,10950,18,12
42021000003,42,021,000003,2640,2221,377,33,4,5,0,2042,1752,260,24,2,4,0,670.87,280.07,38288,38288,10950,18,12
42021000004,42,021,000004,1868,1606,205,48,2,0,7,1322,1184,113,23,1,0,1,434.32,181.32,38288,38288,10950,18,12
42021000005,42,021,000005,2279,2218,22,29,1,8,1,1758,1717,15,22,1,3,0,577.56,241.12,38288,38288,10950,18,12
42021000006,42,021,000006,2411,2378,10,16,1,2,4,1882,1858,6,13,1,2,2,618.3,258.12,38288,38288,10950,18,12
42021000007,42,021,000007,3465,3364,46,39,2,14,0,2855,2783,35,26,1,10,0,937.97,391.58,38288,38288,10950,18,12
42021000008,42,021,000008,1248,1079,150,7,2,4,6,1012,897,103,5,2,3,2,332.48,138.8,38288,38288,10950,18,12
42021000009,42,021,000009,844,799,17,24,0,3,1,657,626,10,18,0,2,1,215.85,90.11,38288,38288,10950,18,12
42021000010,42,021,000010,1353,702,612,26,5,1,7,937,520,397,16,2,1,1,307.84,128.51,38288,38288,10950,18,12
42021000011,42,021,000011,531,502,17,12,0,0,0,462,439,15,8,0,0,0,151.78,63.37,38288,38288,10950,18,12
42021000012,42,021,000012,3899,3830,25,36,2,5,1,3148,3104,17,21,2,4,0,1034.23,431.76,38288,38288,10950,18,12
42021000013,42,021,000013,2953,2658,242,37,5,1,10,2222,2051,142,26,2,1,0,730,304.76,38288,38288,10950,18,12
42021000014,42,021,000014,1073,903,130,28,0,0,12,779,703,67,9,0,0,0,255.93,106.84,38288,38288,10950,18,12
42021000101,42,021,000101,4870,4778,71,17,3,1,0,3774,3706,52,12,3,1,0,238,150,38288,21896,06430,18,12
42021000102,42,021,000102,2035,1882,126,26,0,1,0,1621,1520,83,18,0,0,0,545,153,20992,20992,06430,18,12
42021000103,42,021,000103,2752,2698,17,30,0,1,6,2145,2110,11,23,0,0,1,669,248,17976,15552,06430,18,12
42021000104,42,021,000104,1642,1541,75,16,1,9,0,1253,1185,44,14,1,9,0,289,207,18000,18000,09750,18,12
42021000105,42,021,000105,4215,4176,19,10,2,7,1,3401,3372,15,6,2,5,1,250,89,44664,74432,10950,18,12
42021000106,42,021,000106,2757,2735,5,8,0,9,0,2215,2201,2,6,0,6,0,771,500,28720,28720,20250,18,12
42021000107,42,021,000107,3230,3189,14,14,3,7,3,2452,2427,9,10,3,3,0,617.17,478.53,NA,64544,20250,18,12
42021000108,42,021,000108,9765,9511,124,31,4,95,0,8124,7916,108,26,4,70,0,2044.83,1585.47,5400,64544,20250,18,12
42021000109,42,021,000109,1158,1152,0,6,0,0,0,905,899,0,6,0,0,0,297,54,68104,68104,26610,18,12
42021000110,42,021,000110,2020,2011,0,7,0,2,0,1564,1559,0,5,0,0,0,441,361,25680,25680,09750,18,12
42021000111,42,021,000111,5374,5314,5,25,1,29,0,4233,4191,4,18,1,19,0,1257,1113,22976,79360,26130,18,12
42021000112,42,021,000112,2415,2380,10,13,0,12,0,1889,1865,6,10,0,8,0,579,555,72344,72344,26130,18,12
42021000113,42,021,000113,5789,5699,5,42,1,34,8,4448,4391,3,25,1,24,4,814,784,83584,83584,26130,18,12
42021000114,42,021,000114,4355,4291,14,44,0,6,0,3620,3577,6,32,0,5,0,1078,470,9400,45160,10950,18,12
42021000115,42,021,000115,5213,5188,0,15,2,8,0,3854,3836,0,11,2,5,0,1082,726,80264,37352,05340,18,12
42021000116,42,021,000116,3192,3186,0,6,0,0,0,2413,2409,0,4,0,0,0,1022,237,52616,52616,03690,18,12
42021000117,42,021,000117,2786,2771,3,11,0,1,0,2046,2035,3,7,0,1,0,485,167,80288,6736,03690,18,12
42021000118,42,021,000118,4559,4545,0,12,2,0,0,3221,3213,0,6,2,0,0,525,237,72672,75520,17610,18,12
42021000119,42,021,000119,4598,4584,1,7,3,2,1,3407,3397,1,5,2,2,0,546,155,4200,4200,17610,18,12
42021000120,42,021,000120,6955,6915,2,24,6,8,0,5066,5037,0,18,6,5,0,41,43,58432,14056,04740,21,12
42021000121,42,021,000121,2239,2228,1,2,7,1,0,1652,1642,1,1,7,1,0,359,289,NA,63608,10830,21,12
42021000122,42,021,000122,4255,4232,5,15,0,3,0,3134,3121,0,10,0,3,0,102,48,28328,28336,13770,21,12
42021000123,42,021,000123,3313,3080,165,60,2,6,0,2672,2440,165,60,1,6,0,276,132,44704,868,13770,18,12
42021000124,42,021,000124,4719,4704,1,6,7,1,0,3352,3343,1,4,4,0,0,389,176,11456,20952,04740,18,12
42021000125,42,021,000125,6357,6213,107,15,6,14,2,4846,4711,104,13,5,11,2,1418,651,15416,10880,05340,18,12
42021000126,42,021,000126,3872,3797,47,15,3,10,0,3030,2960,47,12,3,8,0,898,602,22144,22144,05340,18,12
42021000127,42,021,000127,2745,2727,6,9,3,0,0,2013,2000,4,6,3,0,0,239,61,43248,81200,13770,18,12
42021000128,42,021,000128,5829,5379,360,57,2,30,1,4595,4161,360,46,2,26,0,440,210,17136,17144,13770,18,12
42021000129,42,021,000129,4324,4300,0,17,0,7,0,3198,3188,0,8,0,2,0,1054,402,73224,62056,19560,18,12
42021000130,42,021,000130,3105,3092,1,5,0,7,0,2374,2366,0,4,0,4,0,696,283,62048,62048,19560,18,12
42021000131,42,021,000131,3075,3067,0,4,3,0,1,2173,2166,0,4,2,0,1,505,219,4772,75144,09940,18,12
42021000132,42,021,000132,4569,4545,4,8,2,7,3,3263,3251,2,5,0,4,1,556,328,75136,17496,09940,18,12
42021000133,42,021,000133,6859,6826,6,15,3,9,0,5087,5064,6,7,2,8,0,1678,825,67356,308,09940,18,12
42023009601,42,023,009601,2513,2491,7,1,7,2,5,1881,1870,3,0,3,1,4,491,583,23600,23600,04830,6,5
42023009602,42,023,009602,3400,3387,0,2,7,4,0,2519,2511,0,2,4,2,0,58,45,19976,70336,04830,6,5
42025000202,42,025,000202,6765,6709,9,28,2,17,0,5275,5240,4,20,1,10,0,108,142,81856,81856,25140,22,11
42025000203,42,025,000203,6696,6638,7,27,4,16,4,5249,5210,4,19,4,12,0,915,512,53088,53088,18450,22,11
42025000204,42,025,000204,4583,4507,6,41,6,20,3,3645,3599,3,22,5,14,2,896,517,41464,41464,18450,22,11
42025000205,42,025,000205,6289,6206,9,22,15,34,3,4821,4769,6,13,8,25,0,568,601,42472,46640,13500,7,11
42025000206,42,025,000206,5914,5864,3,22,5,14,6,4566,4540,1,14,3,7,1,1071,871,42472,42472,13500,7,11
42025000207,42,025,000207,4666,4611,8,24,2,18,3,3552,3525,4,11,2,10,0,450,528,82088,27368,13500,7,11
42025000208,42,025,000208,6943,6825,3,89,7,19,0,5206,5132,3,53,6,12,0,370,355,7880,77160,18360,7,11
42025000209,42,025,000209,5398,5237,0,145,2,12,2,4105,3980,0,113,2,8,2,778,679,57696,57696,18360,7,11
42025000210,42,025,000210,0,0,0,0,0,0,0,0,0,0,0,0,0,0,211,273,NA,21664,13500,7,15
42025020198,42,025,020198,9592,9394,68,111,1,17,1,7423,7299,43,67,1,12,1,236,311,38200,58968,12540,7,11
42027000101,42,027,000101,4016,3993,2,13,6,2,0,2945,2930,0,8,6,1,0,112,52,35960,17800,12725,6,5
42027000102,42,027,000102,2946,2924,2,10,5,5,0,2216,2197,1,9,4,5,0,68,61,71600,71608,02910,6,9
42027000103,42,027,000103,3495,3445,10,23,6,11,0,2715,2686,3,16,4,6,0,466,593,60008,60008,19020,6,9
42027000104,42,027,000104,3402,3393,1,4,4,0,0,2690,2683,1,3,3,0,0,554,492,60008,66736,19020,6,9
42027000105,42,027,000105,4553,4524,6,8,7,8,0,3352,3334,3,3,6,6,0,155,207,62280,76168,02910,6,5
42027000106,42,027,000106,3830,3814,1,4,9,2,0,2863,2851,1,3,7,1,0,397,335,49368,7424,02910,6,5
42027000107,42,027,000107,3531,3519,0,3,6,3,0,2584,2575,0,3,4,2,0,278,329,87320,80552,03240,6,5
42027000108,42,027,000108,4591,4559,10,15,2,3,2,3293,3274,3,11,2,2,1,178,177,49768,49360,18810,6,5
42027000109,42,027,000109,6028,5989,1,24,2,12,0,4535,4507,1,21,1,5,0,398,520,12376,62360,18810,6,5
42027000110,42,027,000110,5311,5265,12,17,3,14,0,4026,3996,6,10,3,11,0,736,917,61232,72832,03240,6,5
42027000111,42,027,000111,6363,6294,22,23,2,21,1,5069,5017,18,17,2,15,0,1003,1295,5256,5256,03240,6,5
42027000112,42,027,000112,5113,4150,824,104,19,12,4,4309,3365,817,96,17,12,2,381,491,61232,5608,03240,6,5
42027000113,42,027,000113,4987,4450,147,89,16,280,5,4207,3821,109,64,10,199,4,685.41,941.43,NA,58440,22770,6,5
42027000114,42,027,000114,4984,4661,81,48,5,182,7,3582,3361,58,30,2,128,3,583.59,801.57,58036,58440,22770,6,5
42027000115,42,027,000115,5143,4623,166,68,9,272,5,4100,3739,110,45,8,197,1,712.65,955.25,58036,25624,22770,6,5
42027000116,42,027,000116,2564,2463,24,28,1,45,3,1862,1799,15,16,1,30,1,408.83,557.03,NA,15136,22770,6,5
42027000117,42,027,000117,4141,3988,66,29,7,50,1,3239,3137,39,20,6,36,1,711.17,968.97,73808,15136,22770,6,5
42027000118,42,027,000118,4167,4073,22,41,4,26,1,3085,3024,13,28,4,16,0,691,979,7368,32792,22770,6,5
42027000119,42,027,000119,5694,5573,27,36,3,54,1,4012,3936,17,27,2,30,0,697.35,934.75,60496,25624,22770,6,5
42027000120,42,027,000120,6449,6024,164,71,3,184,3,6233,5837,155,71,3,164,3,631.11,809.98,73808,73808,22770,6,5
42027000121,42,027,000121,6166,4807,346,127,12,871,3,5987,4772,335,123,12,742,3,606.2,778.02,73808,73808,22770,6,5
42027000122,42,027,000122,5941,5296,196,120,6,318,5,5924,5286,195,118,6,314,5,599.82,769.83,73808,73808,22770,6,5
42027000123,42,027,000123,1932,1815,28,24,2,62,1,1601,1519,16,19,2,44,1,162.11,208.05,73808,73808,22770,6,5
42027000124,42,027,000124,4471,4020,107,75,9,255,5,4203,3798,96,72,6,227,4,425.56,546.18,73808,73808,22770,6,5
42027000125,42,027,000125,3154,2867,86,66,10,122,3,3139,2852,86,66,10,122,3,317.83,407.92,73808,73808,22770,6,5
42027000126,42,027,000126,3314,2877,126,60,5,238,8,3158,2763,117,55,5,213,5,319.76,410.39,73808,73808,22770,6,5
42027000127,42,027,000127,2513,2347,44,45,4,68,5,2048,1919,34,33,4,56,2,207.37,266.14,73808,73808,22770,6,5
42027000128,42,027,000128,4987,3902,205,175,4,697,4,4190,3364,174,126,3,522,1,424.25,544.49,73808,73808,22770,6,5
42029003004,42,029,003004,2944,2725,139,47,1,31,1,2373,2208,110,30,0,25,0,340,587,46792,46792,10870,11,7
42029003005,42,029,003005,5538,5367,61,51,2,54,3,4230,4120,38,35,2,35,0,412,937,60120,68288,19050,11,7
42029003006,42,029,003006,3214,2642,492,50,3,25,2,2438,2057,336,24,3,18,0,256.12,270.07,60120,60120,19050,11,7
42029003007,42,029,003007,4764,4387,270,50,14,36,7,3765,3506,188,33,10,26,2,395.53,417.07,60120,60120,19050,11,7
42029003008,42,029,003008,4570,4278,160,61,4,65,2,3622,3405,120,48,2,47,0,380.51,401.23,60120,60120,19050,11,7
42029003009,42,029,003009,2518,2420,37,15,5,39,2,2064,2000,25,13,3,21,2,216.83,228.64,60120,60120,19050,11,7
42029003010,42,029,003010,5825,5684,57,30,5,48,1,4279,4189,41,17,2,29,1,588,935,NA,21696,19050,11,7
42029003011,42,029,003011,3433,3328,47,21,4,29,4,2618,2540,35,15,4,24,0,344,556,72920,72920,22560,4,7
42029003013,42,029,003013,4450,4396,20,21,2,11,0,3387,3351,14,13,2,7,0,366,808,NA,21008,18270,4,16
42029003015,42,029,003015,1683,1667,5,3,3,3,2,1331,1320,4,3,3,1,0,264,340,NA,72088,18270,4,16
42029003016,42,029,003016,2575,2551,6,11,3,4,0,1903,1891,5,3,1,3,0,404,768,NA,81160,18270,4,16
42029003017,42,029,003017,1441,1420,7,8,3,3,0,1050,1039,1,5,2,3,0,181,371,NA,21576,18270,4,16
42029003018,42,029,003018,2272,2222,2,32,2,14,0,1771,1738,1,21,1,10,0,258,426,NA,84160,18270,4,7
42029003019,42,029,003019,2323,2274,21,15,1,12,0,1668,1633,15,9,1,10,0,283,539,NA,83832,07710,11,7
42029003020,42,029,003020,2754,2665,34,31,1,23,0,2243,2172,28,28,1,14,0,409,937,NA,12744,10870,11,7
42029003023,42,029,003023,2537,2229,211,70,3,24,0,2160,1910,180,49,2,19,0,195.72,185.53,82704,82704,25290,11,16
42029003024,42,029,003024,4112,2249,1172,640,7,38,6,3193,1938,840,379,2,32,2,289.32,274.25,82704,82704,25290,11,16
42029003025,42,029,003025,3855,3478,218,117,4,35,3,3315,3018,182,83,4,28,0,300.37,284.73,82704,82704,25290,11,16
42029003026,42,029,003026,4366,2675,1144,492,4,44,7,3647,2473,824,303,4,40,3,330.45,313.25,82704,82704,25290,11,16
42029003031,42,029,003031,2630,2497,7,42,1,83,0,1861,1776,4,31,1,49,0,215,741,NA,6544,24210,11,16
42029003032,42,029,003032,2863,2782,8,22,2,49,0,2151,2093,6,15,2,35,0,273,467,NA,59136,24210,11,16
42029003033,42,029,003033,4620,4153,108,322,1,32,4,3718,3356,88,251,1,19,3,484.38,890.24,39352,39344,12690,11,16
42029003035,42,029,003035,4806,4445,110,191,4,52,4,3515,3236,85,153,4,33,4,508,1125,NA,21480,24210,11,16
42029003036,42,029,003036,3243,2829,291,99,2,21,1,2575,2186,282,93,2,12,0,223,538,NA,61800,24210,11,16
42029003037,42,029,003037,1092,1057,6,19,0,10,0,819,798,2,15,0,4,0,157,288,NA,53784,24210,11,16
42029003039,42,029,003039,6440,6222,92,46,1,75,4,4645,4493,71,32,1,47,1,448,822,NA,20824,25290,11,16
42029003040,42,029,003040,2639,2406,130,39,5,56,3,2059,1892,99,29,5,32,2,272,492,19752,20920,07710,11,16
42029003043,42,029,003043,5413,5187,103,40,18,65,0,3711,3592,40,30,10,39,0,314,626,NA,20864,07710,11,16
42029003045,42,029,003045,4392,4260,45,43,2,40,2,2797,2717,27,31,1,21,0,262,504,NA,79352,07710,4,16
42029003046,42,029,003046,2541,2451,47,25,0,17,1,1719,1675,19,14,0,11,0,221,537,NA,80616,07710,4,16
42029003047,42,029,003047,1958,1931,8,13,3,3,0,1399,1379,8,9,3,0,0,314,672,NA,83664,24000,4,16
42029003048,42,029,003048,470,454,0,1,5,10,0,344,334,0,0,3,7,0,81,171,23440,23440,24000,4,16
42029003049,42,029,003049,5444,5292,56,44,43,9,0,3757,3690,23,23,20,1,0,490,861,NA,35536,24000,4,16
42029003050,42,029,003050,1189,1167,2,3,15,2,0,872,861,0,1,10,0,0,195,452,35528,35528,24000,4,16
42029003051,42,029,003051,6141,5957,121,38,6,14,5,4313,4189,88,22,6,6,2,441,736,NA,82664,06240,4,16
42029003052,42,029,003052,5867,5629,157,51,10,18,2,4100,3939,109,34,10,8,0,496,491,NA,82576,06240,11,16
42029003053,42,029,003053,3997,2715,1164,88,3,17,10,3003,2089,845,53,2,10,4,454,322,NA,79544,06240,11,16
42029003054,42,029,003054,2289,1529,640,100,5,12,3,1606,1204,333,56,4,8,1,250.38,193.54,14712,14712,06240,11,16
42029003055,42,029,003055,3240,1032,2070,122,6,8,2,2339,852,1399,74,6,6,2,364.66,281.88,14712,14712,06240,11,16
42029003056,42,029,003056,3312,1544,1438,286,3,25,16,2166,1215,796,135,3,12,5,337.69,261.03,14712,14712,06240,11,16
42029003057,42,029,003057,2207,1976,181,43,1,6,0,1631,1487,108,33,1,2,0,254.28,196.55,14712,14712,06240,11,16
42029003058,42,029,003058,1026,350,634,38,3,0,1,716,268,423,23,1,0,1,220,121,72072,72072,06240,11,16
42029003059,42,029,003059,563,417,101,37,0,8,0,383,306,58,15,0,4,0,78.46,84.2,50232,50232,06240,11,16
42029003060,42,029,003060,4433,3974,397,45,4,10,3,3156,2851,282,17,3,2,1,646.54,693.8,72072,21104,06240,11,16
42029003061,42,029,003061,874,804,24,41,1,2,2,680,630,16,33,1,0,0,85,214,NA,83464,24210,11,16
42029003062,42,029,003062,3922,3542,146,203,0,27,4,2869,2575,103,175,0,15,1,321,773,NA,44480,02790,11,16
42029003063,42,029,003063,2128,1820,254,49,0,5,0,1526,1306,181,35,0,4,0,215,325,83104,83104,02790,11,16
42029003064,42,029,003064,954,568,216,168,1,1,0,703,426,166,109,1,1,0,80,103,3656,3656,02790,11,16
42029003065,42,029,003065,5430,4081,164,1131,14,35,5,4099,3049,137,881,9,19,4,302,530,77144,53608,12690,11,16
42029003066,42,029,003066,2671,2591,20,32,1,19,8,1874,1825,13,20,1,11,4,263,443,NA,44440,02790,11,16
42029003067,42,029,003067,2779,2700,33,16,0,29,1,1941,1889,25,11,0,16,0,261,399,NA,27376,02790,11,16
42029003068,42,029,003068,1129,1098,4,23,1,1,2,831,807,4,18,1,1,0,98,116,NA,23032,18300,4,16
42029003069,42,029,003069,2721,2630,12,41,12,26,0,1783,1729,8,28,4,14,0,214,458,NA,53816,02790,4,16
42029003070,42,029,003070,2257,2071,81,94,3,8,0,1690,1562,57,62,3,6,0,219,365,NA,58808,02790,4,16
42029003071,42,029,003071,1243,1186,16,37,1,3,0,927,887,12,27,1,0,0,160,291,NA,44456,18030,4,16
42029003072,42,029,003072,1199,1112,75,12,0,0,0,911,845,60,6,0,0,0,141,290,NA,34448,18030,4,16
42029003073,42,029,003073,2510,2387,70,37,1,10,5,1829,1758,43,22,1,3,2,275,390,NA,67080,06240,4,16
42029003074,42,029,003074,2981,2712,247,15,5,2,0,2185,2005,167,9,3,1,0,214,219,58032,58032,18030,4,16
42029003075,42,029,003075,2160,1965,174,7,6,4,4,1451,1312,125,6,4,2,2,259,474,NA,83968,18030,4,16
42029003076,42,029,003076,825,765,34,20,2,3,1,555,518,18,13,2,3,1,88,107,3384,3384,18030,4,16
42029003077,42,029,003077,2342,2296,15,17,2,8,4,1656,1626,10,9,2,5,4,211,331,NA,82936,18030,4,16
42029003078,42,029,003078,1635,1533,77,21,1,0,3,1162,1092,56,11,1,0,2,161,268,NA,79208,18300,4,16
42029003079,42,029,003079,3244,1974,1165,92,4,8,1,2601,1432,1106,54,3,5,1,390,361,NA,45040,18300,4,16
42029003080,42,029,003080,3769,3019,483,251,6,3,7,2852,2373,326,146,2,3,2,225,440,57480,57480,18300,4,16
42029003081,42,029,003081,3841,3602,107,102,23,7,0,2646,2497,65,66,15,3,0,284,429,NA,21624,18300,4,16
42029003082,42,029,003082,2183,2095,27,47,4,9,1,1543,1484,21,29,3,6,0,228,260,NA,83712,18300,4,16
42029003102,42,029,003102,935,664,253,14,2,2,0,886,620,249,13,2,2,0,89.43,112.81,NA,10824,06240,11,16
42029003103,42,029,003103,282,203,74,5,0,0,0,264,200,63,1,0,0,0,26.76,48.31,NA,82544,07710,11,16
42029003105,42,029,003105,496,496,0,0,0,0,0,496,496,0,0,0,0,0,64.62,118.76,NA,59136,24210,11,16
42029003106,42,029,003106,0,0,0,0,0,0,0,0,0,0,0,0,0,0,0,0,NA,77344,23640,11,7
42029003107,42,029,003107,10,10,0,0,0,0,0,8,8,0,0,0,0,0,0.75,1.26,NA,77344,23640,11,7
42029003108,42,029,003108,7,7,0,0,0,0,0,5,5,0,0,0,0,0,0.98,1.41,NA,77344,23640,12,7
42029300101,42,029,300101,2945,2810,18,22,5,89,1,2350,2259,15,19,3,54,0,219.76,371.54,NA,77344,23640,11,7
42029300103,42,029,300103,2355,1995,284,24,1,46,5,1877,1605,219,19,1,31,2,175.53,296.75,57816,77344,23640,11,7
42029300104,42,029,300104,5142,4862,152,42,1,83,2,4071,3864,110,32,1,63,1,380.7,643.63,NA,77344,23640,11,7
42029300106,42,029,300106,4561,4330,79,48,2,101,1,3903,3735,62,35,2,68,1,364.99,617.06,13216,77344,23640,11,7
42029300107,42,029,300107,3409,3260,52,27,2,67,1,2394,2297,29,21,1,46,0,223.87,378.49,NA,77344,23640,11,7
42029300198,42,029,300198,9599,8800,505,80,10,195,9,7693,7077,390,56,10,155,5,719.41,1216.26,NA,77344,23640,11,7
42029300201,42,029,300201,5019,4645,240,57,0,74,3,4022,3746,184,40,0,50,2,574.73,1027.92,19044,21928,23640,11,7
42029300202,42,029,300202,4551,4421,12,41,2,73,2,3424,3331,11,31,2,49,0,489.27,875.08,NA,21928,23640,11,7
42029300301,42,029,300301,2786,2704,24,31,0,27,0,2267,2203,20,24,0,20,0,253.97,576.1,NA,85352,10870,11,7
42029300302,42,029,300302,3573,3463,67,22,0,20,1,2700,2622,51,15,0,12,0,302.47,686.14,NA,85352,10870,11,7
42029300303,42,029,300303,3248,3097,94,26,1,30,0,2549,2442,68,18,1,20,0,285.56,647.76,57816,85352,10870,11,7
42029301201,42,029,301201,90,84,6,0,0,0,0,90,84,6,0,0,0,0,16.17,33.6,NA,22000,18270,4,16
42029301202,42,029,301202,4071,3815,188,27,2,21,18,2926,2814,78,13,1,11,9,525.83,1092.4,72920,22000,18270,4,16
42029301401,42,029,301401,3086,2981,63,24,1,11,6,2373,2301,42,21,1,7,1,247.21,506.98,72432,54936,18270,4,16
42029301402,42,029,301402,4420,4341,29,19,7,23,1,3300,3245,23,11,4,16,1,343.79,705.02,72432,54936,18270,4,16
42029302101,42,029,302101,4623,4335,103,35,9,137,4,3534,3325,76,25,7,100,1,333.84,526.27,NA,22056,10870,11,7
42029302102,42,029,302102,3775,3427,198,104,4,38,4,3114,2829,168,83,4,30,0,294.16,463.73,NA,22056,10870,11,7
42029302201,42,029,302201,8579,7913,400,137,10,109,10,6322,5872,274,86,8,78,4,648.12,1100.51,NA,84192,25290,11,16
42029302202,42,029,302202,3824,3627,105,27,15,50,0,3013,2873,79,15,13,33,0,308.88,524.49,24440,84192,25290,11,16
42029302701,42,029,302701,7767,7281,284,80,5,116,1,5835,5475,220,51,4,84,1,687.79,1290.46,83072,83080,25290,11,16
42029302702,42,029,302702,4794,4160,357,156,6,107,8,3786,3292,279,122,4,84,5,446.26,837.3,83072,83080,25290,11,16
42029302703,42,029,302703,2885,2747,75,22,0,40,1,2078,1993,47,16,0,22,0,244.94,459.57,83072,83080,25290,11,16
42029302704,42,029,302704,2636,2503,58,26,1,48,0,1875,1790,40,20,1,24,0,221.01,414.67,NA,83080,25290,11,16
42029302801,42,029,302801,9653,9032,326,131,16,145,3,7299,6841,264,93,10,89,2,512.33,839.5,83072,21192,25290,11,16
42029302802,42,029,302802,3580,3477,46,23,0,34,0,2520,2458,32,12,0,18,0,176.88,289.84,NA,21192,25290,11,16
42029302803,42,029,302803,1907,1885,13,4,0,5,0,1849,1831,11,4,0,3,0,129.78,212.66,NA,21192,25290,11,16
42029302901,42,029,302901,4391,4145,133,49,3,60,1,3226,3055,94,33,3,41,0,404.31,805.32,NA,84104,25290,11,16
42029302902,42,029,302902,5317,5007,184,28,1,97,0,3628,3415,129,23,0,61,0,454.69,905.68,NA,84104,25290,11,16
42029303098,42,029,303098,1131,1046,64,16,0,5,0,858,793,53,7,0,5,0,101.71,143.96,NA,76568,25290,11,16
42029303401,42,029,303401,3370,2641,264,434,1,27,3,2519,1989,197,313,1,17,2,237.76,315.75,39352,39352,12690,11,16
42029303402,42,029,303402,1823,1252,336,228,0,7,0,1454,1041,237,172,0,4,0,137.24,182.25,39352,39352,12690,11,16
42029303801,42,029,303801,3630,3491,93,19,7,14,6,2640,2547,70,8,7,7,1,267.57,483.11,NA,82544,07710,11,16
42029303802,42,029,303802,6494,6180,180,52,3,77,2,4200,3999,127,25,3,45,1,425.68,768.58,NA,82544,07710,11,16
42029304101,42,029,304101,4290,3770,371,72,4,67,6,3306,2951,256,49,3,46,1,529.09,542.57,19752,19752,07710,11,16
42029304102,42,029,304102,3439,3014,318,68,0,37,2,2580,2291,221,46,0,22,0,412.91,423.43,19752,19752,07710,11,16
42029304201,42,029,304201,6022,5283,461,90,6,177,5,4279,3755,334,56,4,128,2,431.91,544.83,76584,10824,06240,11,16
42029304202,42,029,304202,4925,3859,951,65,6,40,4,3702,2976,653,44,6,22,1,373.67,471.36,76584,10824,06240,11,16
42029304401,42,029,304401,8668,8247,163,78,4,176,0,6462,6177,112,54,4,115,0,564.52,988.95,43747,79480,07710,11,16
42029304402,42,029,304402,4331,4112,70,47,1,100,1,2810,2671,46,26,1,66,0,245.48,430.05,43747,79480,07710,11,16
42029310497,42,029,310497,3099,2683,323,47,2,43,1,3086,2671,323,47,2,42,1,279.62,265.06,82704,82704,25290,11,16
42029310498,42,029,310498,72,68,0,0,1,3,0,72,68,0,0,1,3,0,6.52,6.18,82704,82704,25290,11,16
42031009901,42,031,009901,6130,6025,36,21,18,28,2,4714,4631,33,16,11,23,0,84,108,74728,13808,06090,6,5
42031009902,42,031,009902,3779,3766,0,4,4,5,0,2650,2640,0,4,3,3,0,186,134,NA,81208,17130,6,5
42031009903,42,031,009903,4749,4695,18,7,2,27,0,3560,3523,11,5,2,19,0,195,282,70368,23040,12720,6,5
42031009904,42,031,009904,3915,3893,3,13,0,6,0,2910,2902,0,4,0,4,0,255,324,40272,4696,12720,6,5
42031009905,42,031,009905,4096,4072,9,11,2,1,1,3054,3038,5,8,2,1,0,109,85,71176,59456,02310,6,5
42031009906,42,031,009906,6457,6184,120,36,7,105,5,5851,5600,115,33,6,96,1,635,734,13800,13800,06060,6,5
42031009907,42,031,009907,4754,4713,3,12,20,5,1,3520,3497,0,11,9,2,1,240,156,20840,46464,24120,6,5
42031009908,42,031,009908,4029,3992,5,10,3,18,1,2998,2976,5,7,3,7,0,195,244,53248,62144,20130,6,5
42031009909,42,031,009909,3790,3767,3,2,7,11,0,2757,2743,2,1,6,5,0,151,262,33216,63728,20130,6,5
42033003301,42,033,003301,5229,5183,3,18,3,21,1,4015,3988,1,10,3,12,1,715.73,787.77,67784,67792,07830,6,9
42033003302,42,033,003302,3741,3697,7,16,6,15,0,2842,2818,3,6,5,10,0,656.54,652.04,20136,20136,07830,6,9
42033003303,42,033,003303,4545,4499,10,16,2,16,2,3478,3453,3,8,2,10,2,803.46,797.96,20136,20136,07830,6,9
42033003304,42,033,003304,3830,3754,3,29,3,39,2,2840,2793,3,18,2,23,1,506.27,557.23,77335,67792,07830,6,9
42033003305,42,033,003305,4434,4424,0,4,5,1,0,3207,3199,0,2,5,1,0,130,154,77568,78296,07830,6,9
42033003306,42,033,003306,3119,3048,55,4,6,5,1,2452,2395,47,3,3,4,0,580.91,479.76,61704,41952,06150,6,9
42033003307,42,033,003307,2171,2165,2,0,2,2,0,1618,1613,2,0,1,2,0,70,71,NA,38784,06150,6,9
42033003308,42,033,003308,6501,6468,0,25,6,2,0,4815,4788,0,22,3,2,0,149,186,NA,16040,25230,6,9
42033003309,42,033,003309,5259,5232,4,11,1,10,1,3954,3939,0,7,0,7,1,513,408,57232,18456,19020,21,9
42033003310,42,033,003310,4738,4714,7,5,5,7,0,3397,3385,3,1,4,4,0,419,433,80640,8032,06150,6,9
42033003311,42,033,003311,3542,3479,33,12,7,10,1,2728,2680,29,8,6,5,0,690.91,655.27,14064,14064,06150,6,9
42033003312,42,033,003312,3109,3064,23,7,0,11,4,2401,2372,20,4,0,4,1,608.09,576.73,14064,14064,06150,6,9
42033003313,42,033,003313,4863,4817,10,8,9,19,0,3584,3554,8,4,5,13,0,849.09,701.24,36568,41952,06150,6,9
42033003314,42,033,003314,7315,7272,16,17,7,3,0,5490,5454,14,13,7,2,0,341,286,17840,60192,07140,21,9
42033003315,42,033,003315,2121,2099,0,4,17,1,0,1528,1515,0,4,8,1,0,57,61,46568,5192,19830,21,9
42033003316,42,033,003316,2875,2854,0,15,2,4,0,2126,2114,0,8,1,3,0,124,80,29632,6288,15960,21,9
42033003317,42,033,003317,4922,4909,0,2,5,6,0,3758,3750,0,2,4,2,0,365,131,35928,86440,15960,21,9
42033003318,42,033,003318,3093,3086,2,4,0,1,0,2293,2289,1,2,0,1,0,366,248,14656,4888,10830,21,9
42033003319,42,033,003319,2690,2684,0,3,0,3,0,1925,1923,0,2,0,0,0,134,118,10280,10288,11520,21,9
42035009701,42,035,009701,3816,3801,0,6,6,3,0,2938,2925,0,4,6,3,0,104,74,64200,12640,12725,19,5
42035009702,42,035,009702,5234,5197,11,9,8,9,0,3921,3899,1,7,8,6,0,153,113,49760,3912,12725,6,5
42035009703,42,035,009703,3966,3924,4,9,7,22,0,3062,3033,2,6,5,16,0,14,5,20416,86448,12725,19,5
42035009704,42,035,009704,4694,4669,5,1,6,13,0,3508,3493,5,1,4,5,0,352,415,3632,60360,12480,6,5
42035009705,42,035,009705,3469,3441,5,13,6,4,0,2690,2669,3,9,6,3,0,137,110,26296,11640,12725,6,5
42035009706,42,035,009706,1853,1834,7,3,0,9,0,1390,1377,4,2,0,7,0,186.68,181,44128,44128,12725,6,5
42035009707,42,035,009707,7377,7165,108,44,5,54,1,6205,6017,97,40,2,48,1,833.32,808,44128,44128,12725,6,5
42035009708,42,035,009708,3782,3764,2,3,11,2,0,2737,2725,2,3,5,2,0,315,341,NA,41112,12725,6,5
42035009709,42,035,009709,2991,2987,1,3,0,0,0,2078,2074,1,3,0,0,0,129,137,44400,30928,12725,6,5
42037000501,42,037,000501,4891,4869,2,13,1,4,2,3663,3647,0,11,1,3,1,134,167,5680,75048,03390,7,11
42037000502,42,037,000502,5496,5469,3,11,8,5,0,4035,4015,3,9,7,1,0,262,297,49944,46472,15450,7,11
42037000503,42,037,000503,4348,4307,10,17,3,11,0,3302,3276,7,9,2,8,0,234,280,NA,33760,03840,7,11
42037000504,42,037,000504,4010,3981,5,9,1,13,1,3008,2984,4,8,1,11,0,197,270,56912,56896,05370,7,11
42037000505,42,037,000505,3700,3665,6,17,0,10,2,2810,2784,3,13,0,8,2,266,277,8472,8480,03480,7,11
42037000506,42,037,000506,5764,5690,17,40,3,9,5,4439,4398,9,22,2,6,2,964.14,702.56,5888,5888,03480,7,11
42037000507,42,037,000507,5210,5142,29,17,2,17,3,4097,4055,18,10,2,11,1,889.86,648.44,5888,5888,03480,7,11
42037000508,42,037,000508,3597,3553,6,17,4,17,0,2855,2830,5,9,2,9,0,254,284,24088,68392,05370,7,11
42037000509,42,037,000509,2042,1993,2,14,1,32,0,1526,1494,2,8,1,21,0,731,920,43320,68392,05370,7,11
42037000510,42,037,000510,2453,2391,21,28,1,8,4,1966,1925,14,22,0,5,0,239.97,264.27,7128,7128,03840,7,11
42037000511,42,037,000511,5840,5600,119,65,3,53,0,5522,5303,113,54,2,50,0,674.01,742.27,7128,7128,03840,7,11
42037000512,42,037,000512,4146,4029,36,41,6,32,2,3433,3345,28,26,6,26,2,419.03,461.46,7128,7128,03840,7,11
42037000513,42,037,000513,3231,3200,7,21,1,2,0,2408,2390,6,11,0,1,0,128,163,11736,11736,22260,7,11
42037000514,42,037,000514,2545,2533,0,7,2,3,0,1907,1902,0,3,2,0,0,394,340,49312,49256,05370,7,11
42037000515,42,037,000515,5929,5895,2,24,1,7,0,4442,4420,2,16,0,4,0,60,79,12312,44208,22260,7,11
42039001101,42,039,001101,5536,5498,11,15,5,7,0,3535,3513,5,10,4,3,0,103,170,12184,7032,24090,10,5
42039001102,42,039,001102,6805,6753,14,28,6,3,1,4877,4843,7,19,4,3,1,114,107,10912,17848,18740,10,21
42039001103,42,039,001103,4969,4913,28,15,10,1,2,3562,3521,19,11,8,1,2,241,216,15760,72840,06590,10,21
42039001104,42,039,001104,3020,2997,10,2,5,6,0,2230,2219,4,2,2,3,0,222,198,43656,15728,06590,10,21
42039001105,42,039,001105,5144,5113,4,7,5,14,1,3989,3969,3,3,4,10,0,295,334,15755,67088,06590,10,21
42039001106,42,039,001106,2937,2911,5,10,1,10,0,2129,2112,2,5,1,9,0,501,457,NA,33256,18740,10,21
42039001107,42,039,001107,3626,3603,6,4,5,8,0,2742,2731,1,3,2,5,0,195,229,67120,86168,18740,10,21
42039001108,42,039,001108,4863,4840,6,9,4,2,2,3459,3443,6,5,3,2,0,245,295,7120,63400,18740,10,5
42039001109,42,039,001109,3112,3098,7,0,2,5,0,2211,2199,7,0,2,3,0,120,132,77232,77616,18740,10,5
42039001110,42,039,001110,2750,2731,1,2,5,11,0,1990,1981,1,0,2,6,0,223,376,36616,56464,23490,10,5
42039001111,42,039,001111,3667,3618,10,16,7,16,0,2752,2719,10,11,3,9,0,492.5,652.24,76904,76904,23490,10,5
42039001112,42,039,001112,2767,2735,8,10,5,9,0,2020,2000,5,5,3,7,0,361.5,478.76,76904,76904,23490,10,5
42039001113,42,039,001113,5357,5311,10,18,8,9,1,3920,3897,4,7,8,4,0,161,146,14800,81736,07080,10,21
42039001114,42,039,001114,4520,4386,97,17,2,16,2,3274,3191,60,10,1,12,0,416.97,424.63,NA,83480,07080,10,21
42039001115,42,039,001115,5683,5415,186,38,7,36,1,4409,4210,140,26,7,26,0,1309.08,1188.09,48360,48360,07080,10,21
42039001116,42,039,001116,4687,4140,463,32,11,22,19,3681,3330,302,22,7,16,4,1092.92,991.91,48360,48360,07080,10,21
42039001117,42,039,001117,4829,4575,126,53,4,57,14,3989,3811,80,41,4,51,2,508.03,517.37,48360,48360,07080,10,21
42039001118,42,039,001118,5605,5484,60,16,7,35,3,4434,4349,46,12,5,22,0,1002,883,27648,80000,07080,10,21
42039001119,42,039,001119,3334,3316,4,4,6,4,0,2325,2314,2,3,3,3,0,175,163,NA,31400,06590,10,21
42039001120,42,039,001120,2958,2944,2,7,3,1,1,2303,2295,1,3,3,1,0,235,248,NA,72472,12300,10,21
42041000101,42,041,000101,5349,5247,16,39,11,36,0,4219,4151,13,27,4,24,0,731.58,766.03,23744,21680,08580,17,17
42041000102,42,041,000102,10228,9710,122,80,7,301,8,8030,7671,96,56,5,200,2,1392.42,1457.97,23744,21680,08580,17,17
42041000103,42,041,000103,4225,4098,11,28,6,78,4,3390,3296,9,19,3,61,2,447,608,86528,86528,25830,17,19
42041000104,42,041,000104,3786,3732,8,14,0,32,0,2993,2966,3,10,0,14,0,722.33,1189.28,11000,11000,04860,17,19
42041000105,42,041,000105,4050,4004,1,20,5,20,0,3359,3326,1,15,4,13,0,810.67,1334.72,11000,11000,04860,17,19
42041000106,42,041,000106,3978,3875,11,25,9,58,0,3214,3147,5,22,7,33,0,603,911,42648,42648,25830,17,19
42041000107,42,041,000107,3991,3929,3,24,1,32,2,3241,3203,1,18,1,17,1,723.49,982.18,53464,53464,25830,17,19
42041000108,42,041,000108,3674,3600,14,28,14,18,0,2923,2867,10,22,8,16,0,652.51,885.82,53464,53464,25830,17,19
42041000109,42,041,000109,4162,4061,13,23,2,63,0,3336,3262,13,15,2,44,0,537.93,826.02,44824,44832,25830,17,19
42041000110,42,041,000110,3680,2736,714,173,22,34,1,3240,2377,669,147,22,24,1,522.45,802.25,44824,44832,25830,17,19
42041000111,42,041,000111,6901,6712,28,37,12,110,2,5548,5420,21,26,8,73,0,894.62,1373.73,NA,44832,25830,17,19
42041000112,42,041,000112,1570,1545,1,8,1,15,0,1296,1277,1,5,1,12,0,249,390,70384,70384,15030,17,17
42041000113,42,041,000113,19998,19192,94,144,26,535,7,14889,14387,62,95,18,322,5,2805,4239,NA,32296,07110,17,19
42041000114,42,041,000114,4561,4456,13,25,8,49,10,3513,3448,5,13,5,37,5,679.25,896.26,48376,48376,15030,17,17
42041000115,42,041,000115,4957,4922,4,6,3,22,0,3950,3931,0,2,2,15,0,763.75,1007.74,48376,48376,15030,17,19
42041000116,42,041,000116,13839,13445,91,79,7,212,5,11226,10922,74,68,7,152,3,1327,2001,48376,78736,15030,17,19
42041000117,42,041,000117,5412,5333,21,28,5,25,0,3944,3892,16,18,5,13,0,802,1104,NA,50472,07110,21,19
42041000118,42,041,000118,14150,13843,80,71,14,142,0,10752,10533,74,43,12,90,0,992,1407,68188,70792,07110,17,17
42041000119,42,041,000119,9833,9285,306,90,8,137,7,7259,6912,194,64,6,82,1,1139,1561,68188,55216,05010,17,19
42041000120,42,041,000120,4525,4004,395,57,10,53,6,3468,3120,267,38,8,35,0,556.54,689.23,11272,11272,05010,17,19
42041000121,42,041,000121,2180,2027,93,39,0,17,4,1725,1634,60,21,0,10,0,276.82,342.83,11272,11272,05010,17,19
42041000122,42,041,000122,2066,1899,107,14,6,30,10,1711,1595,72,10,6,27,1,274.58,340.04,11272,11272,05010,17,19
42041000123,42,041,000123,2411,2031,305,23,7,39,6,2095,1829,208,20,4,34,0,336.2,416.36,11272,11272,05010,17,19
42041000124,42,041,000124,7234,6858,147,75,5,147,2,6081,5802,109,55,4,110,1,975.86,1208.54,11272,11272,05010,17,19
42041000125,42,041,000125,7207,7067,52,32,6,45,5,5572,5481,37,19,2,31,2,395.53,570.92,7472,72336,22050,21,19
42041000126,42,041,000126,5087,4976,33,36,7,34,1,3768,3706,24,17,6,15,0,267.47,386.08,51592,72336,22050,21,19
42041000128,42,041,000128,6739,6675,17,15,10,22,0,5000,4956,10,11,10,13,0,545,774,54320,83800,03660,17,19
42041000129,42,041,000129,1334,1324,1,7,0,2,0,1014,1006,1,5,0,2,0,150,186,54320,54320,03660,21,19
42041000130,42,041,000130,5907,5865,16,12,2,12,0,4216,4187,10,8,2,9,0,153,200,NA,79152,03660,21,19
42041000132,42,041,000132,4328,4126,105,26,5,66,0,3738,3580,83,20,5,50,0,346,420,70352,70352,21570,21,19
42041012798,42,041,012798,7508,7430,12,28,6,29,3,5346,5307,8,13,4,14,0,221,298,NA,19144,03660,21,19
42041013198,42,041,013198,10387,10122,145,49,10,58,3,8273,8042,131,38,8,52,2,486,613,53344,71904,21570,21,19
42043000201,42,043,000201,1043,741,245,33,3,20,1,988,710,227,29,3,18,1,140.08,76.24,32800,32800,11580,16,17
42043000202,42,043,000202,1328,1064,195,40,8,20,1,1214,993,166,31,6,17,1,172.13,93.68,32800,32800,11580,16,17
42043000203,42,043,000203,1445,660,709,46,6,13,11,1273,628,592,34,4,11,4,180.49,98.23,32800,32800,11580,16,17
42043000204,42,043,000204,1908,1496,334,43,6,23,6,1716,1377,277,32,6,21,3,243.3,132.42,32800,32800,11580,16,17
42043000205,42,043,000205,3400,1657,1511,141,6,77,8,2719,1500,1072,90,6,48,3,385.51,209.82,32800,32800,11580,16,17
42043000206,42,043,000206,1744,379,1258,58,3,40,6,1290,356,862,35,3,29,5,182.9,99.54,32800,32800,11580,16,17
42043000207,42,043,000207,2782,278,2371,102,2,25,4,1875,224,1575,51,2,22,1,265.85,144.69,32800,32800,11580,16,17
42043000208,42,043,000208,2622,1267,1195,98,4,42,16,2025,1121,809,56,3,28,8,287.12,156.26,32800,32800,11580,16,17
42043000209,42,043,000209,3983,1992,1805,144,5,25,12,3070,1672,1278,94,5,17,4,435.28,236.9,32800,32800,11580,16,17
42043000210,42,043,000210,1085,693,310,72,3,6,1,861,614,203,35,3,5,1,122.08,66.44,32800,32800,11580,16,17
42043000211,42,043,000211,3668,232,3199,224,2,3,8,2389,172,2100,108,1,2,6,338.73,184.35,32800,32800,11580,16,17
42043000212,42,043,000212,2627,277,2020,307,5,15,3,1864,218,1437,197,3,8,1,264.29,143.84,32800,32800,11580,16,17
42043000213,42,043,000213,6904,3063,2273,1308,21,207,32,4485,2226,1399,698,17,129,16,635.91,346.09,32800,32800,11580,16,17
42043000214,42,043,000214,5658,1142,3486,816,10,181,23,3300,932,1842,385,7,131,3,467.89,254.65,32800,32800,11580,16,17
42043000215,42,043,000215,3655,1559,1783,254,10,45,4,2661,1281,1184,155,6,33,2,377.29,205.34,32800,32800,11580,16,17
42043000216,42,043,000216,2995,714,2062,162,21,26,10,2112,596,1398,80,17,17,4,299.45,162.98,32800,32800,11580,16,17
42043000217,42,043,000217,5519,4095,1143,173,5,95,8,4413,3442,796,112,5,55,3,625.7,340.54,32800,32800,11580,16,17
42043000218,42,043,000218,2452,2271,141,24,1,15,0,1960,1842,90,18,1,9,0,136.63,150.63,NA,75528,23010,16,17
42043000219,42,043,000219,7351,6210,926,85,12,113,5,5614,4812,658,58,9,75,2,391.36,431.44,62736,75528,23010,16,17
42043000220,42,043,000220,5130,3544,1381,84,7,101,13,4121,2959,1037,50,6,64,5,287.28,316.7,62736,75528,23010,16,17
42043000221,42,043,000221,3713,3511,138,22,1,31,10,3152,2997,108,15,1,25,6,219.73,242.23,62736,75528,23010,16,17
42043000222,42,043,000222,2791,2567,138,38,4,44,0,2164,2016,93,22,3,30,0,899,1063,58712,58712,05400,16,17
42043000223,42,043,000223,5833,5444,296,40,5,45,3,4925,4624,233,29,5,32,2,272.59,314.48,15328,45056,05400,16,17
42043000225,42,043,000225,9519,9208,169,68,9,59,6,6961,6759,117,36,8,39,2,385.27,444.49,43672,45056,05400,16,17
42043000227,42,043,000227,6817,6183,436,112,9,76,1,5290,4909,260,64,8,49,0,782.08,810.42,41944,75672,05400,16,17
42043000228,42,043,000228,4690,4340,217,62,2,63,6,3573,3337,152,35,1,46,2,528.24,547.38,NA,75672,05400,16,17
42043000229,42,043,000229,6242,4780,1094,263,11,81,13,5204,4004,922,206,10,59,3,769.36,797.25,8434,75672,05400,16,17
42043000230,42,043,000230,1912,1851,35,18,0,8,0,1612,1573,24,10,0,5,0,238.32,246.96,NA,75672,05400,16,17
42043000231,42,043,000231,1599,1543,29,15,0,10,2,1263,1223,17,12,0,9,2,420,536,58504,58504,05400,16,17
42043000232,42,043,000232,767,469,278,16,0,4,0,622,381,230,8,0,3,0,74.84,58.02,73888,73888,22800,16,17
42043000233,42,043,000233,2954,2208,655,69,2,13,7,2297,1754,491,44,1,6,1,276.37,214.26,73888,73888,22800,16,17
42043000234,42,043,000234,1431,1102,275,46,2,4,2,1112,893,185,31,2,1,0,133.79,103.72,73888,73888,22800,16,17
42043000235,42,043,000235,2668,2561,57,31,2,17,0,2096,2031,36,16,2,11,0,410,393,34664,34664,22800,16,17
42043000236,42,043,000236,7072,6758,153,77,3,78,3,5573,5343,116,59,3,51,1,601,638,34664,45120,15240,16,17
42043000237,42,043,000237,1333,1084,219,24,4,2,0,1001,819,163,14,4,1,0,197.36,234.08,49128,49128,15240,16,17
42043000238,42,043,000238,4022,3717,207,58,9,29,2,3129,2925,131,38,8,25,2,616.93,731.71,49128,49128,15240,16,17
42043000239,42,043,000239,3899,3804,39,37,2,14,3,3067,3007,26,22,2,10,0,604.71,717.21,49128,49128,15240,16,17
42043000240,42,043,000240,8878,8719,41,70,15,32,1,6511,6420,24,41,8,17,1,651,800,66560,44464,14100,16,17
42043000241,42,043,000241,12392,11756,218,121,7,286,4,9701,9247,165,82,6,201,0,817.44,1088.16,34144,18936,07590,16,17
42043000242,42,043,000242,2574,2489,13,17,4,51,0,2101,2043,9,15,3,31,0,177.04,235.67,34144,18936,07590,16,17
42043000243,42,043,000243,3442,3336,19,47,1,37,2,2890,2817,14,33,1,25,0,243.52,324.17,34144,18936,07590,16,17
42043000244,42,043,000244,3981,3910,7,22,1,41,0,3207,3163,3,16,1,24,0,480,679,36232,36232,14100,16,17
42043000246,42,043,000246,6115,5984,45,41,6,33,6,4619,4535,33,21,4,24,2,450,635,71032,83128,05400,16,17
42043000248,42,043,000248,7648,7582,11,24,6,24,1,5585,5544,8,14,3,15,1,222,300,32032,32040,11310,16,17
42043000249,42,043,000249,2655,2631,3,12,2,5,2,2049,2034,2,8,2,3,0,112,163,85320,85232,26400,16,17
42043000250,42,043,000250,3358,3320,4,19,2,13,0,2610,2593,0,9,1,7,0,255,258,45592,45592,24360,16,17
42043000251,42,043,000251,3327,3307,2,12,3,3,0,2408,2396,2,6,2,2,0,220,373,30600,45600,24360,16,17
42043000252,42,043,000252,3283,3259,4,9,4,6,1,2478,2463,3,5,2,5,0,229,335,23024,81216,24360,16,17
42043000253,42,043,000253,3680,3642,6,5,0,23,4,2784,2760,5,4,0,15,0,575,904,NA,79216,15360,16,17
42043000254,42,043,000254,2729,2716,0,10,1,2,0,2145,2138,0,5,1,1,0,193,305,49680,49680,15360,16,17
42043022401,42,043,022401,2675,2549,64,20,0,38,4,2060,1978,49,9,0,24,0,114.02,131.54,NA,45056,05400,16,17
42043022402,42,043,022402,6384,5813,364,84,5,114,4,5188,4782,264,63,5,73,1,287.14,331.28,15328,45056,05400,16,17
42043022601,42,043,022601,6550,6249,148,76,10,67,0,5023,4839,93,45,7,39,0,278.01,320.74,58528,45056,05400,16,17
42043022602,42,043,022602,8201,6774,1071,151,10,186,9,6522,5471,801,99,7,141,3,360.98,416.46,15328,45056,05400,16,17
42043024501,42,043,024501,4603,4551,18,16,4,14,0,3269,3235,12,9,4,9,0,173,229,NA,72200,14100,16,17
42043024502,42,043,024502,4602,4522,16,30,5,28,1,3389,3333,13,22,4,17,0,240,376,NA,21208,14100,16,17
42043024798,42,043,024798,6175,6124,7,28,6,10,0,4658,4632,4,13,5,4,0,601,832,18272,49040,05400,16,17
42045004001,42,045,004001,831,361,61,26,12,370,1,649,333,46,17,7,245,1,94,106,49504,49504,24320,12,7
42045004002,42,045,004002,3346,1924,242,70,5,1096,9,2460,1524,165,47,2,721,1,594.37,741.06,49504,79000,24320,12,7
42045004005,42,045,004005,4256,3789,292,38,6,131,0,3208,2821,266,27,6,88,0,775.09,966.4,NA,79000,24320,12,7
42045004006,42,045,004006,5331,5178,63,26,6,58,0,4149,4031,45,19,6,48,0,1002.45,1249.87,NA,79000,24320,12,7
42045004007,42,045,004007,4846,4472,52,59,9,247,7,3653,3377,42,49,6,175,4,882.61,1100.45,NA,79000,24320,12,7
42045004009,42,045,004009,1842,1814,0,17,1,10,0,1393,1379,0,9,1,4,0,336.57,419.63,19920,79000,24320,12,7
42045004010,42,045,004010,2122,2058,23,18,1,22,0,1633,1582,19,13,1,18,0,394.55,491.93,19920,79000,24320,12,7
42045004012,42,045,004012,3868,3811,12,21,1,22,1,3068,3023,11,16,1,16,1,741.27,924.22,19920,79000,24320,12,7
42045004016,42,045,004016,1886,1782,43,19,2,40,0,1548,1464,40,17,2,25,0,374.02,466.33,NA,79000,24320,12,7
42045004017,42,045,004017,2691,2526,20,30,10,105,0,2005,1911,14,22,8,50,0,525,503,21384,21384,26390,12,7
42045004018,42,045,004018,3918,3754,53,43,3,63,2,3058,2936,42,29,3,47,1,859.11,902.45,41440,41440,26390,12,2
42045004019,42,045,004019,5191,5017,90,30,7,46,1,4044,3925,69,17,6,26,1,1136.12,1193.43,41440,41440,26390,12,2
42045004020,42,045,004020,2603,2083,449,35,11,21,4,2142,1768,324,21,10,17,2,601.77,632.13,41440,41440,26390,12,2
42045004021,42,045,004021,6180,2634,3328,72,15,94,37,4558,2209,2215,49,13,64,8,895.74,571.39,86968,86968,26390,12,2
42045004022,42,045,004022,2271,508,1700,20,3,37,3,1905,487,1376,15,2,25,0,374.37,238.81,86968,86968,26390,12,2
42045004023,42,045,004023,3341,620,2684,15,6,15,1,2559,557,1973,11,5,12,1,502.89,320.8,86968,86968,26390,12,2
42045004024,42,045,004024,3878,2365,1437,35,6,31,4,2584,1703,835,19,6,21,0,783.65,693.99,18152,18152,26390,12,2
42045004025,42,045,004025,3566,1189,2326,25,3,18,5,2490,867,1591,14,2,14,2,755.14,668.74,18152,18152,26390,12,2
42045004026,42,045,004026,3866,3736,64,22,6,38,0,2909,2813,49,17,5,25,0,882.21,781.27,18152,18152,26390,12,2
42045004027,42,045,004027,2613,2373,200,11,4,18,7,1885,1735,125,8,3,14,0,477,466,15432,15432,26390,12,1
42045004028,42,045,004028,5755,5230,423,62,11,28,1,4333,3966,300,41,7,19,0,1143,1176,69752,69752,22400,12,7
42045004029,42,045,004029,3959,69,3790,64,19,8,9,2781,38,2685,36,15,5,2,867.64,671.36,18164,18160,22400,12,1
42045004032,42,045,004032,4549,4486,21,29,0,13,0,3541,3504,14,13,0,10,0,670,1012,676,676,26390,12,7
42045004033,42,045,004033,7111,6965,69,39,6,32,0,5351,5246,44,28,5,28,0,1134,1097,14264,14264,24320,12,7
42045004038,42,045,004038,6764,6600,52,54,7,46,5,5167,5042,50,38,6,30,1,1028,1166,62792,62792,12170,12,7
42045004042,42,045,004042,843,823,3,7,2,6,2,631,617,2,5,2,4,1,180,231,66928,66928,24790,12,7
42045004043,42,045,004043,2446,2410,7,23,3,3,0,1872,1845,5,16,3,3,0,414,658,22296,22296,20370,12,1
42045004044,42,045,004044,1632,1289,294,22,6,21,0,1355,1105,207,20,5,18,0,355.67,253.56,13208,13208,05860,11,1
42045004045,42,045,004045,4633,2181,2277,113,4,48,10,3412,1806,1490,69,2,42,3,895.6,638.5,13208,13208,05860,11,1
42045004046,42,045,004046,2118,1635,393,63,9,12,6,1547,1250,255,31,5,6,0,406.07,289.49,13208,13208,05860,11,1
42045004047,42,045,004047,4292,2550,1528,161,8,40,5,3629,2325,1164,95,6,38,1,952.56,679.1,13208,13208,05860,11,1
42045004048,42,045,004048,2859,1249,1347,233,12,7,11,1944,950,851,129,5,6,3,510.27,363.79,13208,13208,05860,11,1
42045004050,42,045,004050,1950,104,1793,45,0,5,3,1448,91,1321,31,0,5,0,380.08,270.97,13208,13208,05860,11,1
42045004051,42,045,004051,2572,52,2487,32,1,0,0,1906,44,1838,23,1,0,0,500.3,356.67,13208,13208,05860,11,1
42045004052,42,045,004052,4506,45,4326,126,7,2,0,2867,30,2772,57,7,1,0,752.55,536.51,13208,13208,05860,11,1
42045004053,42,045,004053,4000,1323,2565,95,5,9,3,2624,1050,1513,48,5,6,2,688.76,491.04,13208,13208,05860,11,1
42045004054,42,045,004054,3199,1204,1852,114,2,15,12,2069,964,1029,57,2,12,5,543.08,387.18,13208,13208,05860,11,1
42045004055,42,045,004055,1008,458,517,25,6,2,0,750,395,337,13,4,1,0,196.86,140.35,13208,13208,05860,11,1
42045004056,42,045,004056,566,128,417,17,4,0,0,412,100,299,11,2,0,0,50.25,55.34,13208,13208,05860,11,1
42045004057,42,045,004057,1611,105,1481,21,3,0,1,1183,95,1072,13,2,0,1,310.52,221.38,13208,13208,05860,11,1
42045004059,42,045,004059,405,5,400,0,0,0,0,307,5,302,0,0,0,0,80.58,57.45,13208,13208,05860,11,1
42045004060,42,045,004060,269,41,171,52,0,3,2,178,34,111,28,0,3,2,46.72,33.31,13208,13208,05860,11,1
42045004061,42,045,004061,2588,2547,13,21,0,6,1,1958,1935,9,10,0,4,0,295,391,58176,58176,18580,12,7
42045004063,42,045,004063,3334,3043,246,36,9,0,0,2389,2247,117,21,4,0,0,439,565,78712,78712,05860,12,7
42045004065,42,045,004065,2271,2122,117,29,0,3,0,1695,1606,66,21,0,2,0,206.75,227.66,77288,77288,05910,11,7
42045004066,42,045,004066,2495,2371,92,17,3,9,3,1811,1723,70,9,2,7,0,295.67,390.99,47344,47344,05910,11,7
42045004067,42,045,004067,3668,3546,71,48,0,3,0,2597,2523,44,28,0,2,0,473,547,43720,44888,05910,11,7
42045004068,42,045,004068,14,14,0,0,0,0,0,12,12,0,0,0,0,0,2.36,3.38,NA,63264,19920,12,7
42045004070,42,045,004070,2273,2196,43,11,3,20,0,1780,1722,33,11,1,13,0,130,289,13232,13232,10590,12,7
42045004073,42,045,004073,982,949,2,20,1,10,0,743,721,2,13,1,6,0,216,306,66192,66192,24790,12,7
42045004076,42,045,004076,6159,5590,253,103,13,190,10,5042,4579,209,80,12,156,6,1363,1169,75648,75648,24790,12,7
42045004077,42,045,004077,2839,2112,674,22,7,24,0,2215,1681,494,18,5,17,0,419,391,51176,51176,22600,12,7
42045004082,42,045,004082,1287,1069,200,8,1,6,3,1107,916,175,8,1,6,1,304.91,348.43,NA,33144,11670,12,7
42045004083,42,045,004083,3428,3033,217,59,3,114,2,2882,2536,183,56,3,102,2,793.81,907.12,NA,33144,11670,12,7
42045004084,42,045,004084,1978,1821,93,15,0,45,4,1690,1555,88,12,0,32,3,465.49,531.94,NA,33144,11670,12,7
42045004085,42,045,004085,4054,3754,57,35,1,207,0,3159,2950,50,23,1,135,0,870.1,994.31,NA,33144,11670,12,7
42045004086,42,045,004086,3624,3559,22,21,2,20,0,2811,2765,15,12,1,18,0,774.25,884.78,NA,33144,11670,12,7
42045004087,42,045,004087,4903,4772,40,29,3,59,0,3676,3577,33,22,2,42,0,1012.5,1157.04,2896,33144,11670,12,7
42045004088,42,045,004088,5170,4795,256,38,3,74,4,4144,3842,206,33,3,57,3,1141.41,1304.34,2896,33144,11670,12,7
42045004089,42,045,004089,3154,3063,41,27,1,22,0,2333,2273,28,17,0,15,0,642.59,734.32,NA,33144,11670,12,7
42045004090,42,045,004090,3886,3780,14,17,2,72,1,2992,2919,11,13,2,46,1,824.1,941.75,NA,33144,11670,12,7
42045004091,42,045,004091,4368,4281,16,21,2,47,1,3279,3220,13,19,2,24,1,903.16,1032.08,NA,33144,11670,12,7
42045004092,42,045,004092,4196,4098,7,21,1,65,4,3232,3159,4,16,1,49,3,890.21,1017.29,NA,33144,11670,12,7
42045004093,42,045,004093,2340,2302,5,14,4,15,0,1824,1802,2,7,2,11,0,502.4,574.11,NA,33144,11670,12,7
42045004094,42,045,004094,2795,2707,6,12,0,70,0,2127,2075,4,6,0,42,0,585.85,669.48,NA,33144,11670,12,7
42045004095,42,045,004095,4649,4571,25,18,0,33,2,3606,3550,23,12,0,21,0,993.22,1135.01,NA,33144,11670,12,7
42045004100,42,045,004100,2763,2657,14,28,1,58,5,2167,2100,12,19,1,32,3,384,650,79260,22584,20550,12,7
42045004102,42,045,004102,3118,3021,15,22,2,58,0,2487,2418,12,14,1,42,0,374,719,NA,6552,24210,11,7
42045004104,42,045,004104,3330,3223,19,57,2,29,0,2514,2425,14,53,2,20,0,365,578,NA,6024,10590,11,7
42045400301,42,045,400301,6015,5465,272,85,7,183,3,4546,4138,211,58,4,134,1,1098.37,1369.46,NA,79000,24320,12,7
42045400302,42,045,400302,3842,3649,64,60,6,60,3,2789,2666,43,30,4,45,1,673.86,840.17,86968,79000,24320,12,7
42045400401,42,045,400401,4042,3538,81,52,4,361,6,3241,2876,63,39,4,255,4,783.07,976.34,NA,79000,24320,12,7
42045400402,42,045,400402,3865,3362,206,29,3,265,0,3127,2732,176,28,3,188,0,755.52,941.99,NA,79000,24320,12,7
42045400801,42,045,400801,1907,974,565,49,0,318,1,1614,863,498,39,0,214,0,389.96,486.21,NA,79000,24320,12,7
42045400802,42,045,400802,3508,3404,28,20,2,53,1,2693,2612,25,14,2,40,0,650.66,811.25,19920,79000,24320,12,7
42045401101,42,045,401101,3195,3151,4,26,3,11,0,2552,2521,3,20,1,7,0,616.6,768.78,19920,79000,24320,12,7
42045401102,42,045,401102,7893,7752,38,51,3,44,5,5980,5866,32,39,3,35,5,1444.84,1801.45,19920,79000,24320,12,7
42045401301,42,045,401301,1970,1526,93,72,7,271,1,1674,1364,75,46,6,183,0,404.46,504.28,19920,79000,24320,12,7
42045401302,42,045,401302,3246,3185,16,16,1,28,0,2436,2393,10,11,1,21,0,588.57,733.83,19920,79000,24320,12,7
42045401401,42,045,401401,2182,2143,6,15,0,18,0,1642,1612,4,12,0,14,0,396.73,494.64,19920,79000,24320,12,7
42045401402,42,045,401402,4073,3959,17,41,3,52,1,3237,3153,16,32,3,33,0,782.1,975.13,19920,79000,24320,12,7
42045401501,42,045,401501,3895,3861,7,10,1,16,0,2934,2912,3,6,1,12,0,708.89,883.85,NA,79000,24320,12,7
42045401502,42,045,401502,3036,2828,155,13,2,37,1,2521,2351,130,10,2,27,1,609.11,759.44,NA,79000,24320,12,7
42045401503,42,045,401503,1029,834,153,15,1,25,1,854,712,108,12,0,22,0,206.34,257.26,NA,79000,24320,12,7
42045403001,42,045,403001,3606,3591,0,13,0,2,0,2752,2745,0,5,0,2,0,858.6,664.36,18164,18160,22400,12,1
42045403002,42,045,403002,3406,3081,290,15,5,14,1,2557,2328,206,7,5,11,0,797.76,617.28,18164,18160,22400,12,1
42045403101,42,045,403101,3662,3568,20,18,1,52,3,2694,2632,15,10,1,36,0,676.83,851.37,15232,15232,22400,12,7
42045403103,42,045,403103,2969,2931,15,10,2,11,0,2145,2119,6,7,2,11,0,538.9,677.88,15232,15232,22400,12,7
42045403104,42,045,403104,2544,2437,53,23,2,29,0,1844,1782,35,9,2,16,0,463.28,582.75,15232,15232,22400,12,7
42045403401,42,045,403401,3225,3081,96,24,1,21,2,2366,2269,65,14,1,16,1,502.95,627.93,26408,26408,22400,12,1
42045403402,42,045,403402,4281,4221,1,24,7,28,0,3105,3068,0,15,3,19,0,660.05,824.07,26408,26408,22400,12,1
42045403501,42,045,403501,4430,4261,93,21,2,47,6,3382,3242,81,17,2,36,4,887.12,1051.2,29720,29720,12170,12,1
42045403502,42,045,403502,2830,2751,29,26,1,23,0,2245,2185,24,20,1,15,0,588.88,697.8,29720,29720,12170,12,1
42045403601,42,045,403601,4016,3961,26,15,0,12,2,3010,2974,18,11,0,7,0,648.98,652.27,55664,55664,12170,12,7
42045403602,42,045,403602,2146,2138,2,4,0,2,0,1577,1570,2,3,0,2,0,340.02,341.73,55664,55664,12170,12,7
42045403701,42,045,403701,1798,1782,1,7,2,6,0,1402,1389,1,5,2,5,0,390.54,483.34,76796,76792,12170,12,1
42045403702,42,045,403702,2642,2616,3,9,7,7,0,2073,2052,3,6,7,5,0,577.46,714.66,76796,76792,12170,12,1
42045403901,42,045,403901,3659,3579,29,19,1,31,0,3013,2944,28,16,1,24,0,593.84,666.51,64832,64832,20370,12,7
42045403902,42,045,403902,3933,3880,9,13,3,28,0,3040,2999,7,10,2,22,0,599.16,672.49,64832,64832,20370,12,7
42045404002,42,045,404002,7458,7155,164,44,3,91,1,5784,5548,137,35,2,62,0,1661.23,1963.05,26432,64800,20370,12,7
42045404003,42,045,404003,1830,1612,147,35,0,35,1,1494,1329,114,23,0,27,1,429.09,507.05,NA,64800,20370,12,7
42045404004,42,045,404004,6598,6520,38,21,1,17,1,5061,5000,29,16,1,14,1,1453.58,1717.67,NA,64800,20370,12,7
42045404101,42,045,404101,6573,6141,345,32,6,47,2,5089,4853,173,22,4,35,2,1461.62,1727.17,86288,64800,20370,12,7
42045404102,42,045,404102,5197,4791,295,53,6,50,2,4012,3711,219,41,3,38,0,1152.29,1361.65,86288,64800,20370,12,7
42045404103,42,045,404103,3513,3460,16,9,0,28,0,2706,2667,11,8,0,20,0,777.19,918.4,64832,64800,20370,12,7
42045404901,42,045,404901,2193,238,1641,306,7,0,1,1519,197,1132,186,4,0,0,398.72,284.25,13208,13208,05860,11,1
42045404902,42,045,404902,908,175,609,119,0,0,5,710,173,478,58,0,0,1,186.36,132.86,13208,13208,05860,11,1
42045405801,42,045,405801,1404,26,1360,9,9,0,0,1045,23,1009,7,6,0,0,274.3,195.55,13208,13208,05860,11,1
42045405802,42,045,405802,1602,27,1552,23,0,0,0,1101,24,1062,15,0,0,0,289,206.03,13208,13208,05860,11,1
42045406201,42,045,406201,3437,3374,22,22,0,17,2,2722,2680,17,15,0,10,0,582.72,723.98,9080,9080,18580,12,7
42045406202,42,045,406202,5130,4922,57,51,2,96,2,4196,4042,46,40,2,66,0,898.28,1116.02,9080,9080,18580,12,7
42045406401,42,045,406401,3243,1967,1191,62,8,8,7,2137,1353,736,34,4,7,3,342.28,347.11,13272,13212,05860,11,7
42045406402,42,045,406402,2058,427,1581,30,11,9,0,1403,347,1029,12,8,7,0,224.72,227.89,13272,13212,05860,11,7
42045406699,42,045,406699,51,19,28,3,1,0,0,51,19,28,3,1,0,0,8.33,11.01,47344,47344,05910,11,7
42045406801,42,045,406801,3782,3402,306,38,2,34,0,2903,2629,234,24,1,15,0,324.28,415.12,NA,78776,05910,11,7
42045406802,42,045,406802,4941,4230,614,78,6,13,0,3680,3163,450,53,6,8,0,411.08,526.23,7616,78776,05910,11,7
42045406803,42,045,406803,6281,5914,263,44,1,58,1,4634,4393,167,33,1,39,1,517.64,662.65,7616,78776,05910,11,7
42045406902,42,045,406902,5845,5779,13,34,8,11,0,4478,4432,11,24,5,6,0,1073.51,1449.3,80218,3336,18580,12,7
42045406903,42,045,406903,5856,5773,24,34,2,23,0,4264,4206,17,25,2,14,0,1022.21,1380.04,80218,3336,18580,12,7
42045406904,42,045,406904,3387,3331,16,10,2,28,0,2650,2605,12,9,2,22,0,635.28,857.67,80218,3336,18580,12,7
42045407101,42,045,407101,3083,2983,37,6,0,56,1,2376,2307,27,5,0,36,1,389.81,717.24,NA,49136,20550,12,7
42045407102,42,045,407102,3072,3006,32,16,1,17,0,2341,2294,25,10,1,11,0,384.06,706.68,NA,49136,20550,12,7
42045407201,42,045,407201,4720,4236,361,52,4,66,1,3825,3620,129,23,3,49,1,627.53,1154.65,43272,49136,20550,12,7
42045407202,42,045,407202,3255,2637,485,73,3,57,0,2582,2071,412,58,3,38,0,423.6,779.43,NA,49136,20550,12,7
42045407401,42,045,407401,2450,2345,44,17,1,43,0,1906,1824,36,17,1,28,0,406.14,585.98,53112,53104,24790,12,7
42045407402,42,045,407402,1310,716,577,9,1,5,2,1009,565,434,3,1,5,1,215.01,310.21,53112,53104,24790,12,7
42045407403,42,045,407403,6742,6471,107,28,1,132,3,5138,4964,69,21,1,82,1,1094.84,1579.64,53112,53104,24790,12,7
42045407404,42,045,407404,2719,2621,40,18,2,38,0,2079,2014,30,12,1,22,0,443.01,639.17,53112,53104,24790,12,7
42045407501,42,045,407501,2568,2210,296,32,2,24,4,2159,1883,234,21,1,18,2,483.44,486.82,48480,48480,20550,12,7
42045407502,42,045,407502,3397,2789,534,34,8,23,9,2950,2460,438,23,8,17,4,660.56,665.18,48480,48480,20550,12,7
42045407801,42,045,407801,4100,3998,10,35,0,57,0,3283,3211,9,24,0,39,0,905.16,1274.72,73040,73032,22600,12,7
42045407802,42,045,407802,6577,6336,16,56,2,166,1,5105,4933,14,43,2,112,1,1407.5,1982.17,73040,73032,22600,12,7
42045407803,42,045,407803,5452,5345,8,26,1,72,0,4155,4079,8,16,1,51,0,1145.57,1613.3,73040,73032,22600,12,7
42045407804,42,045,407804,4525,4457,4,13,7,44,0,3478,3436,3,8,2,29,0,958.92,1350.44,73040,73032,22600,12,7
42045407805,42,045,407805,3516,3323,87,19,3,84,0,2785,2652,61,17,3,52,0,767.85,1081.36,73040,73032,22600,12,7
42045407901,42,045,407901,3919,3794,28,21,3,70,3,2996,2912,21,13,2,47,1,742.87,1043.34,79260,79248,20550,12,7
42045407902,42,045,407902,2741,2546,130,17,2,45,1,2160,2007,104,12,2,34,1,535.58,752.21,79260,79248,20550,12,7
42045407903,42,045,407903,3067,2886,131,15,1,29,5,2422,2286,97,12,1,24,2,600.55,843.45,79260,79248,20550,12,7
42045408001,42,045,408001,6059,5826,12,39,3,178,1,4741,4583,9,32,3,114,0,1068.89,1384.58,9248,47616,14760,12,7
42045408002,42,045,408002,3819,3610,30,55,13,107,4,3074,2930,23,34,12,74,1,693.05,897.74,9248,47616,14760,12,7
42045408101,42,045,408101,5271,5041,56,29,0,145,0,4218,4048,49,23,0,98,0,950.97,1231.84,NA,47616,14760,12,7
42045408102,42,045,408102,3365,3148,29,33,1,153,1,2670,2528,16,22,1,102,1,601.97,779.75,9248,47616,14760,12,7
42045408103,42,045,408103,4609,4304,52,40,7,204,2,3784,3573,40,31,5,135,0,853.12,1105.09,9248,47616,14760,12,7
42045409601,42,045,409601,4805,4258,161,60,3,323,0,3778,3425,103,44,2,204,0,742.14,1065.63,63268,63264,19920,12,7
42045409602,42,045,409602,3470,3083,256,48,5,77,1,3049,2727,218,35,4,64,1,598.94,860.01,63268,63264,19920,12,7
42045409701,42,045,409701,5708,5292,79,58,1,277,1,4220,3938,53,44,1,184,0,828.96,1190.3,63268,63264,19920,12,7
42045409702,42,045,409702,3157,2890,105,105,0,57,0,3138,2874,104,103,0,57,0,616.42,885.11,63268,63264,19920,12,7
42045409802,42,045,409802,4805,4460,102,118,3,117,5,4120,3815,101,98,3,98,5,809.32,1162.1,63268,63264,19920,12,7
42045409898,42,045,409898,6760,6292,185,104,11,167,1,5421,5057,155,83,10,115,1,1064.88,1529.06,63268,63264,19920,12,7
42045409902,42,045,409902,3843,3716,17,15,0,95,0,3114,3027,9,12,0,66,0,617.19,1199.03,79260,54224,14760,12,7
42045409903,42,045,409903,4175,4092,13,12,0,58,0,3336,3278,12,8,0,38,0,661.19,1284.5,NA,54224,14760,12,7
42045409904,42,045,409904,3348,3224,24,21,0,79,0,2536,2458,19,13,0,46,0,502.63,976.47,NA,54224,14760,12,7
42045410101,42,045,410101,791,1,786,2,1,1,0,787,1,782,2,1,1,0,93.29,132.04,NA,76576,25290,11,7
42045410102,42,045,410102,4229,2913,1160,102,18,36,0,2988,2160,729,55,14,30,0,546,782,NA,76576,25290,11,7
42045410301,42,045,410301,4440,4228,117,26,4,64,1,3296,3118,105,25,4,43,1,526.21,1053.7,NA,15488,10590,11,7
42045410302,42,045,410302,2493,2447,13,14,6,13,0,1859,1833,7,8,4,7,0,296.79,594.3,NA,15488,10590,11,7
42047009901,42,047,009901,1870,1859,0,5,3,3,0,1343,1335,0,2,3,3,0,375,248,NA,38368,12570,6,5
42047009902,42,047,009902,3179,3169,3,2,4,1,0,2308,2302,1,2,3,0,0,507,491,38248,64792,12660,6,5
42047009903,42,047,009903,300,300,0,0,0,0,0,240,240,0,0,0,0,0,125,87,NA,72928,20310,6,5
42047009904,42,047,009904,4793,4753,0,12,1,27,0,3641,3617,0,4,1,19,0,784,777,64784,64784,20310,6,5
42047009905,42,047,009905,3339,3326,0,4,2,7,0,2485,2478,0,2,2,3,0,790,498,38248,38248,12570,6,5
42047009906,42,047,009906,3004,2979,4,2,3,16,0,2303,2288,2,2,1,10,0,534.1,458.38,NA,5712,20640,6,5
42047009907,42,047,009907,5503,5467,1,9,2,24,0,3932,3914,0,3,2,13,0,911.9,782.62,30344,5712,20640,6,5
42047009908,42,047,009908,5513,5483,3,13,4,10,0,4256,4242,0,4,3,7,0,501,538,67344,67344,20640,6,5
42047009909,42,047,009909,2330,2318,2,1,6,3,0,1765,1758,2,0,5,0,0,66,75,NA,5576,20640,6,5
42047009910,42,047,009910,5047,5023,2,8,4,7,3,3651,3639,2,1,2,7,0,720,392,NA,35816,20640,6,5
42049000000,42,049,000000,0,0,0,0,0,0,0,0,0,0,0,0,0,0,0,0,24000,24000,09300,10,21
42049000001,42,049,000001,1595,1336,206,37,15,1,0,1583,1327,204,37,14,1,0,455.46,232.63,24000,24000,09300,10,21
42049000002,42,049,000002,4110,4051,28,15,1,13,2,3270,3229,22,9,1,8,1,940.85,480.54,24000,24000,09300,10,21
42049000003,42,049,000003,4367,3181,994,119,15,48,10,3326,2548,668,54,7,45,4,956.96,488.77,24000,24000,09300,10,21
42049000004,42,049,000004,3003,2450,468,57,8,18,2,2270,1910,321,20,7,12,0,653.13,333.59,24000,24000,09300,10,21
42049000005,42,049,000005,3337,3065,193,60,3,9,7,2443,2300,104,29,3,7,0,702.9,359.01,24000,24000,09300,10,21
42049000006,42,049,000006,3421,2563,608,230,5,8,7,2376,1974,279,113,5,4,1,683.62,349.16,24000,24000,09300,10,21
42049000007,42,049,000007,3053,2541,404,77,6,13,12,2115,1845,213,41,4,10,2,608.53,310.81,24000,24000,09300,10,21
42049000008,42,049,000008,3489,2811,495,108,22,51,2,2531,2121,303,68,11,28,0,728.22,371.94,24000,24000,09300,10,21
42049000009,42,049,000009,5632,5053,458,59,8,37,17,4602,4219,289,48,7,36,3,1324.09,676.28,24000,24000,09300,10,21
42049000010,42,049,000010,3624,3349,222,25,6,11,11,2779,2611,139,16,4,8,1,799.58,408.39,24000,24000,09300,10,21
42049000011,42,049,000011,2975,2680,161,112,11,10,1,2151,2004,71,61,7,8,0,618.89,316.1,24000,24000,09300,10,21
42049000012,42,049,000012,2931,2231,486,172,13,25,4,2072,1680,276,96,10,10,0,596.16,304.49,24000,24000,09300,10,21
42049000013,42,049,000013,2099,563,1378,132,4,14,8,1298,408,803,74,2,11,0,373.46,190.75,24000,24000,09300,10,21
42049000014,42,049,000014,1333,1069,209,45,4,0,6,970,806,135,26,3,0,0,279.09,142.55,24000,24000,09300,10,21
42049000015,42,049,000015,3173,1022,1751,374,4,13,9,1814,711,922,167,3,9,2,521.93,266.58,24000,24000,09300,10,21
42049000016,42,049,000016,4747,3687,858,163,4,25,10,3337,2709,534,74,4,15,1,960.12,490.39,24000,24000,09300,10,21
42049000017,42,049,000017,3135,2401,594,107,7,6,20,2135,1731,329,64,5,5,1,614.28,313.75,24000,24000,09300,10,21
42049000018,42,049,000018,2727,1145,1448,113,5,13,3,1813,854,895,55,2,6,1,521.64,266.43,24000,24000,09300,10,21
42049000019,42,049,000019,2234,1950,211,58,6,4,5,1742,1585,118,30,5,3,1,501.21,255.99,24000,24000,09300,10,21
42049000020,42,049,000020,3588,3401,90,63,8,17,9,2627,2535,45,27,5,14,1,755.84,386.05,24000,24000,09300,10,21
42049000021,42,049,000021,4145,4059,31,30,1,22,2,3318,3266,18,20,1,13,0,954.66,487.59,24000,24000,09300,10,21
42049000022,42,049,000022,4116,4059,29,18,3,6,1,3250,3209,18,14,2,6,1,935.09,477.6,24000,24000,09300,10,21
42049000023,42,049,000023,2926,2875,25,15,5,6,0,2254,2220,17,8,5,4,0,648.52,331.24,24000,24000,09300,10,21
42049000024,42,049,000024,3642,3504,90,26,5,8,9,2782,2692,63,16,2,6,3,800.44,408.83,24000,24000,09300,10,21
42049000025,42,049,000025,2758,2400,300,31,12,9,6,1949,1730,181,26,7,5,0,560.77,286.41,24000,24000,09300,10,21
42049000026,42,049,000026,4528,4286,152,65,10,3,12,3412,3271,96,38,4,3,0,981.7,501.41,24000,24000,09300,10,21
42049000027,42,049,000027,7583,6977,461,115,7,21,2,5688,5294,310,66,6,11,1,1636.56,835.88,24000,24000,09300,10,21
42049000028,42,049,000028,6773,6484,195,49,9,31,5,5622,5431,135,30,1,24,1,1617.57,826.18,24000,24000,09300,10,21
42049000029,42,049,000029,3185,3098,45,10,2,30,0,2520,2455,33,7,2,23,0,725.06,370.33,24000,24000,09300,10,21
42049000030,42,049,000030,4458,4083,225,121,7,17,5,3381,3192,112,57,4,15,1,972.78,496.85,24000,24000,09300,10,21
42049000031,42,049,000031,31,31,0,0,0,0,0,17,17,0,0,0,0,0,4.89,2.5,24000,24000,09300,10,21
42049000104,42,049,000104,4815,4722,18,15,11,48,1,3610,3555,12,10,4,29,0,817.88,863.26,NA,49600,15330,10,21
42049000105,42,049,000105,4923,4841,32,16,2,32,0,3820,3768,16,13,2,21,0,865.46,913.48,NA,49600,15330,10,21
42049000106,42,049,000106,1784,1729,22,2,1,29,1,1454,1415,18,2,1,17,1,329.42,347.7,NA,49600,15330,10,21
42049000107,42,049,000107,4234,4153,39,23,3,13,3,3379,3325,26,14,3,11,0,765.55,808.02,NA,49600,15330,10,21
42049000108,42,049,000108,4068,4019,12,18,0,19,0,3109,3076,9,11,0,13,0,704.38,743.46,NA,49600,15330,10,21
42049000113,42,049,000113,3655,3586,27,31,7,3,1,2743,2701,20,14,5,3,0,615,479,82344,82344,12210,10,21
42049000114,42,049,000114,4310,4248,10,23,8,19,2,3219,3181,8,11,7,11,1,906,829,41992,41984,12210,10,21
42049000116,42,049,000116,4617,4514,3,94,1,5,0,3181,3110,3,64,1,3,0,621,810,54952,54952,17160,10,21
42049000119,42,049,000119,7216,7162,8,24,7,15,0,5141,5111,4,12,5,9,0,977,1108,16296,16296,06860,10,21
42049000121,42,049,000121,6836,6784,18,11,9,14,0,4809,4780,8,8,5,8,0,365,467,81456,81472,09990,10,21
42049010101,42,049,010101,3218,3138,41,22,7,7,3,2304,2268,15,12,4,5,0,366,428,NA,73048,17880,10,21
42049010103,42,049,010103,3513,3460,7,21,17,3,5,2527,2493,4,13,12,2,3,278,274,628,15736,17880,10,21
42049010104,42,049,010104,2336,2289,31,6,8,2,0,1619,1593,15,3,7,1,0,254,238,16960,23088,17880,10,21
42049010201,42,049,010201,5400,5339,28,19,4,10,0,3830,3800,12,11,2,5,0,399,534,29232,29232,10740,10,21
42049010202,42,049,010202,5187,5132,10,33,7,2,3,3685,3656,7,15,4,2,1,721,732,61168,29240,10740,10,21
42049010301,42,049,010301,4929,4889,9,10,6,13,2,3484,3457,9,4,4,9,1,352,406,46216,46224,10650,10,21
42049010303,42,049,010303,5374,5295,28,42,0,8,1,4059,3995,25,32,0,6,1,551.7,1037.16,24856,24864,09570,10,21
42049010304,42,049,010304,4453,4361,27,18,0,47,0,3232,3169,20,12,0,31,0,439.3,825.84,3676,24864,09570,10,21
42049010901,42,049,010901,6081,5946,32,24,4,75,0,4295,4210,24,15,2,44,0,973.08,1027.07,NA,49600,15330,10,21
42049010902,42,049,010902,4469,4335,38,28,1,67,0,3333,3242,25,21,1,44,0,755.12,797.02,NA,49600,15330,10,21
42049011001,42,049,011001,6986,6728,90,30,5,128,5,5412,5248,68,18,4,73,1,1226.14,1294.18,NA,49600,15330,10,21
42049011002,42,049,011002,2864,2825,6,21,5,7,0,2183,2158,2,14,5,4,0,494.58,522.02,NA,49600,15330,10,21
42049011101,42,049,011101,3684,3602,42,8,4,24,4,2557,2509,26,6,1,15,0,579.31,611.46,NA,49600,15330,10,21
42049011102,42,049,011102,2912,2816,46,8,10,32,0,2247,2186,32,7,5,17,0,509.08,537.33,NA,49600,15330,10,21
42049011201,42,049,011201,4975,4960,2,6,6,1,0,3529,3520,1,4,3,1,0,984,739,NA,30936,25080,10,21
42049011202,42,049,011202,5284,5238,24,7,11,4,0,3949,3927,11,1,7,3,0,861,755,NA,75208,09990,10,21
42049011503,42,049,011503,3320,3240,41,15,1,20,3,2459,2417,19,10,1,12,0,586.99,492.11,55572,32520,11490,10,21
42049011504,42,049,011504,4239,4190,35,8,4,2,0,3070,3035,24,5,4,2,0,732.85,614.38,55572,32520,11490,10,21
42049011505,42,049,011505,3112,3047,33,22,5,4,1,2334,2308,10,12,2,2,0,557.15,467.09,55572,32520,11490,10,21
42049011506,42,049,011506,4421,4237,111,38,6,28,1,3410,3241,108,29,5,26,1,814.01,682.42,55572,32520,11490,10,21
42049011701,42,049,011701,3099,3069,0,12,8,10,0,2306,2289,0,11,3,3,0,736,1144,NA,54960,17160,10,21
42049011702,42,049,011702,4954,4896,21,22,3,12,0,3297,3270,9,11,3,4,0,225,230,NA,54960,17160,10,21
42049011801,42,049,011801,2721,2716,0,2,1,2,0,1804,1802,0,1,1,0,0,283,311,81648,79928,25080,10,21
42049011802,42,049,011802,3292,3261,2,7,2,19,1,2311,2293,1,3,2,12,0,210,279,22960,81760,06860,10,21
42049012001,42,049,012001,2765,2750,2,8,1,3,1,1955,1946,1,5,1,2,0,242,287,78448,78312,24090,10,21
42049012002,42,049,012002,3541,3495,8,12,2,23,1,2442,2409,3,8,2,20,0,365,433,78448,78448,24090,10,21
42049012201,42,049,012201,5533,5461,20,19,15,15,3,3803,3766,7,14,5,10,1,504,638,22608,81224,10650,10,21
42049012202,42,049,012202,7734,7299,270,33,9,120,3,6787,6388,249,28,7,112,3,586,633,22608,22608,10650,10,21
42051002601,42,051,002601,6561,6418,116,23,0,3,1,5296,5183,94,16,0,3,0,1431,355,5288,81232,03210,9,20
42051002602,42,051,002602,4664,4543,104,9,2,4,2,3599,3518,72,6,2,1,0,560,168,59520,59464,10350,9,20
42051002603,42,051,002603,4607,4552,44,4,5,2,0,3448,3409,34,2,2,1,0,211,118,24336,79344,22410,9,20
42051002604,42,051,002604,7270,7238,1,13,3,13,2,5396,5371,1,10,3,11,0,1089,754,NA,10152,06660,9,20
42051002605,42,051,002605,6221,6199,2,13,7,0,0,4451,4433,2,9,7,0,0,377,321,69336,67640,06660,9,12
42051002606,42,051,002606,4906,4843,42,12,6,3,0,3732,3692,28,8,3,1,0,458,344,72080,15784,06660,9,12
42051002607,42,051,002607,4398,4166,191,11,6,17,7,3270,3130,115,7,4,14,0,763.14,464.83,15776,15776,06660,9,12
42051002608,42,051,002608,4735,4497,204,14,3,12,5,3603,3447,139,7,2,8,0,840.86,512.17,15776,15776,06660,9,12
42051002609,42,051,002609,5736,5576,131,9,8,12,0,4379,4241,117,5,8,8,0,584.62,236.12,79768,20224,06660,9,12
42051002610,42,051,002610,2626,2594,30,0,0,1,1,1993,1971,21,0,0,1,0,574,229,NA,27400,24150,9,20
42051002611,42,051,002611,2536,2481,42,4,3,6,0,1931,1887,34,3,2,5,0,538,206,53504,37872,10350,9,20
42051002612,42,051,002612,3096,2713,361,13,1,6,2,2382,2122,243,10,1,6,0,750,180,9432,9432,04080,9,20
42051002613,42,051,002613,5817,5510,277,18,5,2,5,4508,4277,212,13,4,1,1,1546,333,34784,45560,04080,9,20
42051002614,42,051,002614,6464,5801,622,27,7,6,1,4872,4465,383,16,4,3,1,1795,358,64224,63904,04080,9,20
42051002615,42,051,002615,4748,4603,124,12,1,7,1,3570,3463,89,12,1,5,0,1088,359,54060,48616,24150,9,20
42051002616,42,051,002616,3016,2978,17,9,2,9,1,2297,2273,11,6,2,5,0,567.25,202.39,NA,55464,13320,9,12
42051002617,42,051,002617,3213,2983,204,14,4,2,6,2409,2286,107,11,3,2,0,594.91,212.26,56704,55464,13320,9,12
42051002618,42,051,002618,4266,4119,130,16,1,0,0,3340,3232,92,15,1,0,0,824.83,294.29,21960,55464,13320,9,12
42051002619,42,051,002619,3804,3588,190,15,5,6,0,3094,2947,125,12,5,5,0,743.97,487.97,78528,78528,24150,9,20
42051002620,42,051,002620,4122,4007,45,18,0,52,0,3253,3162,40,14,0,37,0,918.29,488.69,42596,72544,13320,9,20
42051002621,42,051,002621,2739,2578,146,10,1,0,4,2036,1947,79,8,1,0,1,574.74,305.86,78528,72544,13320,9,20
42051002622,42,051,002622,3940,3779,130,18,1,11,1,3113,3015,75,12,1,10,0,748.54,490.97,78528,78528,24150,9,20
42051002623,42,051,002623,4320,3206,1051,28,9,7,19,3196,2479,684,18,5,6,4,768.49,504.06,78528,78528,24150,9,20
42051002624,42,051,002624,3310,3227,70,4,0,8,1,2639,2574,57,3,0,5,0,744.96,396.45,35728,72544,13320,9,20
42051002625,42,051,002625,3437,3374,46,11,2,3,1,2543,2495,40,4,1,3,0,628.01,224.06,NA,55464,13320,9,12
42051002626,42,051,002626,3482,3437,34,8,3,0,0,2557,2520,26,8,3,0,0,341.38,137.88,20216,20224,06660,9,12
42051002627,42,051,002627,6385,6324,23,24,8,5,1,4667,4641,5,13,5,3,0,492,484,56408,84344,24150,9,12
42051002628,42,051,002628,6978,6834,120,9,5,9,1,5199,5089,95,8,2,5,0,430,146,24536,28792,02100,9,12
42051002629,42,051,002629,5599,5178,378,33,5,3,2,4278,3967,281,22,5,3,0,1385,314,48000,28856,02100,9,20
42051002630,42,051,002630,3751,3571,154,13,11,1,1,2882,2772,89,11,8,1,1,1123,282,48000,48000,02100,9,20
42051002631,42,051,002631,6139,6027,48,40,19,5,0,4519,4436,38,26,15,4,0,505,227,61864,73240,02100,9,20
42051002632,42,051,002632,2465,2454,6,0,1,4,0,1816,1808,6,0,1,1,0,1293,406,71320,28792,02100,9,12
42053009801,42,053,009801,2021,1965,39,13,4,0,0,1527,1504,17,3,3,0,0,252,257,NA,38016,08280,6,5
42053009802,42,053,009802,2781,2757,4,10,7,3,0,2158,2142,1,6,6,3,0,46,55,76848,32704,08280,6,5
42055000101,42,055,000101,3921,3908,5,3,2,3,0,2820,2813,1,2,2,2,0,255,342,NA,25176,09660,21,9
42055000102,42,055,000102,4277,4185,58,21,2,11,0,3034,2980,36,11,2,5,0,265,339,NA,42888,05550,21,9
42055000103,42,055,000103,6709,6584,62,36,6,21,0,4998,4934,33,15,5,11,0,568,715,70352,71912,21570,21,9
42055000104,42,055,000104,6318,6160,59,54,10,35,0,4845,4751,37,26,6,25,0,668.66,999.42,12536,30944,05550,21,9
42055000105,42,055,000105,6102,5890,121,61,10,18,2,4647,4512,86,29,8,11,1,641.34,958.58,25464,30944,05550,21,9
42055000106,42,055,000106,5475,5237,134,45,14,44,1,4348,4177,98,36,7,29,1,630.93,972.65,25464,31720,05550,21,9
42055000107,42,055,000107,6273,6150,37,50,7,26,3,4597,4525,29,28,3,11,1,667.07,1028.35,12536,31720,05550,21,9
42055000108,42,055,000108,3428,3309,36,33,0,50,0,2886,2805,31,23,0,27,0,518.47,608.08,12536,12536,05550,21,9
42055000109,42,055,000109,4029,3653,302,46,4,18,6,3107,2842,219,29,4,13,0,558.17,654.65,12536,12536,05550,21,9
42055000110,42,055,000110,3431,2573,669,125,7,44,13,2604,2041,452,80,6,24,1,467.81,548.67,12536,12536,05550,21,9
42055000111,42,055,000111,2617,2518,47,33,3,16,0,2187,2120,31,20,2,14,0,392.89,460.8,12536,12536,05550,21,9
42055000112,42,055,000112,2794,2569,125,65,18,11,6,2130,1996,84,35,8,7,0,382.65,448.79,12536,12536,05550,21,9
42055000113,42,055,000113,7746,7454,168,67,12,39,6,5652,5495,86,41,10,19,1,715,1076,12536,32152,05550,21,9
42055000114,42,055,000114,5861,5765,26,38,11,21,0,4256,4205,14,19,4,14,0,410,627,NA,67400,22740,21,9
42055000115,42,055,000115,5724,5504,168,35,1,13,3,4343,4182,132,18,1,8,2,331,620,48704,59600,22740,21,9
42055000116,42,055,000116,4868,4822,20,16,3,4,3,3473,3442,18,7,3,3,0,303,497,48704,50616,22740,21,9
42055000117,42,055,000117,5149,5066,31,39,4,9,0,3720,3671,19,18,4,8,0,397.82,694.29,30896,2696,11010,21,9
42055000118,42,055,000118,3591,3494,59,22,4,10,2,2901,2822,50,17,4,8,0,415,591,30896,30896,11010,21,9
42055000119,42,055,000119,4973,4934,15,10,4,10,0,3658,3632,8,8,3,7,0,391.18,682.71,NA,2696,11010,21,9
42055000120,42,055,000120,7099,6932,81,45,4,34,3,5533,5404,63,28,4,31,3,443,540,50544,63200,25110,21,9
42055000121,42,055,000121,1386,1362,21,1,2,0,0,975,961,13,0,1,0,0,116.61,192.13,81824,81240,25110,21,9
42055000122,42,055,000122,3236,3148,58,19,1,9,1,2552,2490,43,13,0,6,0,356.51,492.68,81824,81824,25110,21,9
42055000123,42,055,000123,3713,3439,189,52,14,14,5,2837,2660,118,33,12,11,3,396.32,547.7,81824,81824,25110,21,9
42055000124,42,055,000124,2681,2535,59,55,1,29,2,2070,1980,33,32,1,24,0,289.17,399.62,81824,81824,25110,21,9
42055000125,42,055,000125,9681,9315,149,94,16,104,3,7378,7136,103,53,11,75,0,882.39,1453.87,81808,81240,25110,21,9
42057009901,42,057,009901,4707,4565,114,13,5,9,1,3435,3358,62,7,5,3,0,175,303,46000,3704,14850,21,9
42057009902,42,057,009902,4934,4907,3,7,13,4,0,3652,3633,1,4,10,4,0,176,223,79644,9568,09870,21,9
42057009903,42,057,009903,4196,4170,7,11,4,4,0,3044,3028,3,9,2,2,0,134,167,NA,5144,22290,21,9
42059009701,42,059,009701,7250,7180,4,34,25,6,1,5366,5321,2,24,14,4,1,1728,544,24544,17648,05070,9,20
42059009702,42,059,009702,3353,3238,88,17,1,8,1,2543,2459,64,12,1,6,1,446,134,37880,37888,12390,9,20
42059009703,42,059,009703,5066,4864,147,28,17,10,0,3768,3581,141,25,13,8,0,180,161,13896,50992,12390,9,20
42059009704,42,059,009704,5187,5155,1,21,1,8,1,3718,3695,0,15,1,7,0,108,72,NA,12032,25440,9,20
42059009705,42,059,009705,6818,6704,35,21,15,43,0,4996,4918,29,12,11,26,0,151,78,51152,27408,05430,9,20
42059009706,42,059,009706,4270,4155,51,39,5,20,0,3413,3322,44,26,4,17,0,660,568,81832,81832,05430,9,20
42059009707,42,059,009707,3036,2999,13,20,1,1,2,2216,2181,13,18,1,1,2,258,135,NA,59472,05430,9,20
42059009708,42,059,009708,4570,4494,26,29,3,11,7,3395,3343,23,20,2,6,1,611,160,31192,20296,22200,9,20
42061009501,42,061,009501,1740,1735,0,3,1,1,0,1265,1260,0,3,1,1,0,89,147,NA,37384,12090,21,9
42061009502,42,061,009502,3218,3198,1,11,7,1,0,2351,2339,1,6,4,1,0,55,135,6560,81104,24030,21,9
42061009503,42,061,009503,7687,6195,1413,63,10,5,1,6365,4880,1410,61,10,3,1,246,367,756,62160,12630,21,9
42061009504,42,061,009504,6843,6634,132,37,16,24,0,5503,5355,90,28,9,21,0,889,1208,36368,36368,12090,21,9
42061009505,42,061,009505,3472,3428,8,10,4,21,1,2582,2555,5,8,3,11,0,121,115,49552,33808,12090,21,9
42061009506,42,061,009506,1944,1925,5,6,1,7,0,1490,1477,3,4,1,5,0,51,69,NA,80560,12090,21,9
42061009507,42,061,009507,1441,1439,1,1,0,0,0,1068,1067,0,1,0,0,0,110,178,47544,58832,12090,21,9
42061009508,42,061,009508,3582,3553,13,13,0,3,0,2551,2537,4,7,0,3,0,108,130,47248,76984,23970,21,9
42061009509,42,061,009509,2883,2533,321,10,3,2,14,2179,1957,209,6,3,2,2,446,346,51984,51984,16020,21,9
42061009510,42,061,009510,2629,2599,18,6,2,4,0,1909,1890,12,2,2,3,0,248,311,70408,70400,16020,21,9
42061009511,42,061,009511,1783,1762,17,1,0,2,1,1289,1288,0,0,0,1,0,92,64,69456,20120,22320,21,9
42061009512,42,061,009512,4565,4522,18,17,4,4,0,3440,3422,0,12,3,3,0,196,205,56928,17280,22320,21,9
42061009513,42,061,009513,2377,2351,4,17,0,5,0,1785,1771,1,10,0,3,0,85,57,8896,86080,23970,21,9
42061009514,42,061,009514,0,0,0,0,0,0,0,0,0,0,0,0,0,0,0,0,NA,62160,12630,21,9
42063009601,42,063,009601,4474,4465,1,7,1,0,0,3281,3272,1,7,1,0,0,306,222,29512,11120,19800,5,12
42063009602,42,063,009602,4830,4809,3,5,12,1,0,3106,3094,1,2,8,1,0,230,204,61632,72304,14730,5,12
42063009603,42,063,009603,2879,2868,2,4,4,1,0,2101,2092,1,4,3,1,0,258,191,13120,50624,19830,5,12
42063009604,42,063,009604,4095,4073,7,12,2,1,0,2904,2893,2,6,2,1,0,594,463,NA,30816,19830,5,12
42063009605,42,063,009605,3841,3814,9,6,5,7,0,2730,2719,3,2,3,3,0,479,489,24040,63584,14730,5,12
42063009606,42,063,009606,5354,5325,15,4,6,4,0,3728,3704,12,2,6,4,0,227,207,17024,3064,12150,5,12
42063009607,42,063,009607,6157,5735,213,48,5,153,3,4934,4604,175,33,3,119,0,1083.76,1133.94,NA,84472,12150,5,12
42063009608,42,063,009608,3812,3713,30,18,2,46,3,2840,2781,20,11,1,27,0,623.81,652.69,NA,84472,12150,5,12
42063009609,42,063,009609,3819,3547,226,13,4,21,8,2943,2757,156,8,3,18,1,646.43,676.37,13400,84472,12150,5,12
42063009610,42,063,009610,2578,2453,51,11,5,57,1,2118,2021,33,9,2,52,1,312.02,323.74,36816,36816,12150,5,12
42063009611,42,063,009611,9985,9197,456,107,10,200,15,9519,8759,444,98,10,193,15,1402.32,1454.97,36816,36816,12150,5,12
42063009612,42,063,009612,2611,2546,25,16,3,20,1,2102,2061,18,8,1,14,0,309.66,321.29,36816,36816,12150,5,12
42063009613,42,063,009613,4263,4233,6,10,4,10,0,3153,3134,3,6,4,6,0,264,232,14520,13072,18780,5,12
42063009614,42,063,009614,3389,3380,1,2,6,0,0,2468,2459,1,2,6,0,0,424,162,NA,60320,18780,5,12
42063009615,42,063,009615,4181,4150,3,13,5,10,0,3042,3019,2,8,4,9,0,307,277,NA,84184,24240,5,12
42063009616,42,063,009616,3681,3642,2,32,1,4,0,2728,2701,2,21,1,3,0,673.07,260.58,NA,12040,13290,5,12
42063009617,42,063,009617,3385,3345,21,9,2,8,0,2695,2666,19,5,1,4,0,664.93,257.42,35408,35408,13290,5,12
42063009618,42,063,009618,1892,1880,0,7,3,2,0,1421,1413,0,4,2,2,0,501,175,37552,87160,02550,5,12
42063009619,42,063,009619,4665,4631,2,22,2,8,0,3447,3431,1,9,1,5,0,454,282,67648,15560,03750,5,12
42063009620,42,063,009620,3552,3494,34,11,0,11,2,2716,2679,24,6,0,7,0,727,432,6744,10352,03750,5,12
42063009621,42,063,009621,3712,3637,61,6,5,3,0,2950,2894,42,6,5,3,0,797,551,6904,6904,03750,5,12
42063009622,42,063,009622,2839,2831,0,7,1,0,0,2075,2068,0,7,0,0,0,513,329,3032,22048,24240,5,12
42065009501,42,065,009501,2207,2198,1,6,1,1,0,1661,1655,1,4,1,0,0,492,331,8960,8960,04260,6,5
42065009502,42,065,009502,3209,3193,0,6,6,4,0,2333,2327,0,4,2,0,0,33,52,NA,71632,04260,6,5
42065009503,42,065,009503,5391,5371,5,11,1,0,3,3938,3926,2,9,1,0,0,136,254,25136,81264,04260,6,5
42065009504,42,065,009504,2053,2028,3,7,1,14,0,1608,1591,2,6,1,8,0,262,497,9224,9224,04320,6,5
42065009505,42,065,009505,2131,2112,6,7,2,4,0,1608,1598,2,4,2,2,0,262,497,9224,9224,04320,6,5
42065009506,42,065,009506,5893,5848,25,7,10,2,1,4408,4369,21,7,9,1,1,116,194,75168,40304,04320,6,5
42065009507,42,065,009507,2818,2802,2,9,1,4,0,2075,2066,1,5,1,2,0,506,411,64376,64376,07830,6,5
42065009508,42,065,009508,3913,3891,3,10,4,5,0,2894,2880,1,6,3,4,0,360,317,75888,85840,07830,6,5
42065009509,42,065,009509,4208,4195,0,0,2,11,0,3104,3098,0,0,2,4,0,173,188,76744,56712,19800,6,5
42065009510,42,065,009510,3756,3744,0,5,4,3,0,2763,2755,0,4,3,1,0,194,158,6344,33816,19800,6,5
42065009511,42,065,009511,3722,3707,2,0,6,7,0,2772,2763,1,0,3,5,0,270,336,62920,5200,19800,6,5
42065009512,42,065,009512,3817,3780,2,21,5,9,0,2923,2900,2,13,5,3,0,661.93,604.3,62920,62920,19800,6,5
42065009513,42,065,009513,2965,2946,0,9,3,6,1,2301,2291,0,5,1,4,0,521.07,475.7,62920,62920,19800,6,5
42067009701,42,067,009701,6147,6103,6,11,5,22,0,4674,4656,2,5,1,10,0,383,590,49304,25440,12600,21,9
42067009702,42,067,009702,6840,6781,14,28,5,7,5,5084,5050,7,20,4,3,0,182,165,62304,77952,12600,21,9
42067009703,42,067,009703,4323,4307,0,7,3,6,0,3175,3164,0,5,3,3,0,292,399,76536,80568,12600,21,9
42067009704,42,067,009704,3315,3296,6,3,4,6,0,2369,2359,2,2,4,2,0,79,85,NA,50480,12600,21,9
42069001001,42,069,001001,542,504,24,6,2,6,0,533,496,23,6,2,6,0,152.61,84.5,69000,69000,21090,19,10
42069001002,42,069,001002,2235,1800,268,30,18,119,0,1960,1669,175,22,13,81,0,561.2,310.73,69000,69000,21090,19,10
42069001003,42,069,001003,4131,3731,192,65,4,136,3,3779,3468,144,50,2,114,1,1082.03,599.1,69000,69000,21090,19,10
42069001004,42,069,001004,2414,2263,67,35,2,45,2,1879,1776,43,21,2,36,1,538.01,297.88,69000,69000,21090,19,10
42069001005,42,069,001005,2090,2057,4,14,0,13,2,1661,1639,4,8,0,10,0,475.59,263.32,69000,69000,21090,19,10
42069001006,42,069,001006,3027,2811,99,37,3,62,15,2305,2161,72,27,2,40,3,659.99,365.42,69000,69000,21090,19,10
42069001007,42,069,001007,1372,1277,63,3,0,18,11,1148,1090,44,3,0,8,3,328.7,182,69000,69000,21090,19,10
42069001008,42,069,001008,2934,2847,55,18,3,10,1,2400,2327,50,13,3,7,0,687.19,380.48,69000,69000,21090,19,10
42069001009,42,069,001009,1973,1949,11,10,1,2,0,1522,1505,7,7,1,2,0,435.79,241.29,69000,69000,21090,19,10
42069001010,42,069,001010,3833,3765,15,27,0,24,2,3007,2963,9,17,0,17,1,860.99,476.71,69000,69000,21090,19,10
42069001011,42,069,001011,3143,3108,7,7,0,21,0,2389,2366,7,6,0,10,0,684.04,378.74,69000,69000,21090,19,10
42069001012,42,069,001012,3048,2941,58,18,4,27,0,2353,2292,31,8,2,20,0,673.73,373.03,69000,69000,21090,19,10
42069001013,42,069,001013,3308,3269,5,11,4,17,2,2544,2519,3,10,2,10,0,728.42,403.31,69000,69000,21090,19,10
42069001014,42,069,001014,3151,2904,102,71,5,61,8,2213,2123,28,25,5,32,0,633.64,350.83,69000,69000,21090,19,10
42069001015,42,069,001015,741,725,3,6,1,6,0,635,621,1,6,1,6,0,181.82,100.67,69000,69000,21090,19,10
42069001016,42,069,001016,2943,2915,1,5,1,21,0,2264,2252,0,4,0,8,0,648.25,358.92,69000,69000,21090,19,10
42069001017,42,069,001017,3570,3551,1,17,0,0,1,2842,2832,1,9,0,0,0,813.75,450.55,69000,69000,21090,19,10
42069001018,42,069,001018,3463,3428,12,12,4,7,0,2841,2815,9,9,4,4,0,813.46,450.39,69000,69000,21090,19,10
42069001019,42,069,001019,1605,1585,3,3,0,14,0,1267,1256,1,2,0,8,0,362.78,200.86,69000,69000,21090,19,10
42069001020,42,069,001020,2537,2505,8,20,2,2,0,1956,1933,5,14,2,2,0,560.06,310.09,69000,69000,21090,19,10
42069001021,42,069,001021,2752,2714,9,11,1,17,0,2196,2176,5,4,1,10,0,628.78,348.14,69000,69000,21090,19,10
42069001022,42,069,001022,2742,2729,2,8,0,3,0,2191,2183,0,5,0,3,0,627.35,347.35,69000,69000,21090,19,10
42069001023,42,069,001023,3366,3324,15,11,2,10,4,2496,2475,5,5,2,7,2,714.68,395.7,69000,69000,21090,19,10
42069001024,42,069,001024,850,829,12,6,1,2,0,708,688,12,5,1,2,0,202.72,112.24,69000,69000,21090,19,10
42069001025,42,069,001025,2828,2792,12,11,1,9,3,2190,2165,8,8,1,7,1,627.06,347.19,69000,69000,21090,19,10
42069001026,42,069,001026,2547,2509,22,5,5,6,0,2088,2063,15,2,4,4,0,597.85,331.02,69000,69000,21090,19,10
42069001027,42,069,001027,3094,3061,2,11,0,20,0,2467,2442,2,11,0,12,0,706.37,391.1,69000,69000,21090,19,10
42069001028,42,069,001028,3244,3179,28,6,4,27,0,2662,2631,8,3,2,18,0,762.21,422.02,69000,69000,21090,19,10
42069001029,42,069,001029,4332,4092,165,45,4,8,18,3027,2936,69,16,2,4,0,866.72,479.88,69000,69000,21090,19,10
42069001030,42,069,001030,2250,2226,4,12,0,8,0,1797,1778,1,11,0,7,0,514.53,284.88,69000,69000,21090,19,10
42069001031,42,069,001031,1738,1731,2,4,0,0,1,1354,1348,2,4,0,0,0,387.69,214.65,69000,69000,21090,19,10
42069001101,42,069,001101,2973,2945,3,23,1,1,0,2380,2365,2,12,0,1,0,688,337,79792,25560,04980,19,10
42069001102,42,069,001102,8930,8826,44,28,5,24,3,6617,6559,21,19,5,13,0,846,777,NA,68400,13050,19,10
42069001103,42,069,001103,4243,4174,17,16,9,24,3,3117,3075,8,9,8,16,1,208,278,18088,18088,12990,19,10
42069001104,42,069,001104,9435,9159,42,37,13,173,11,7052,6875,24,32,8,108,5,309,391,13864,71872,02010,19,10
42069001105,42,069,001105,5511,5405,1,24,1,80,0,4203,4131,0,19,1,52,0,1012,1181,13880,13880,02010,19,10
42069001106,42,069,001106,2797,2782,1,2,1,11,0,2189,2179,1,2,1,6,0,290,160,48176,48176,13050,19,10
42069001107,42,069,001107,2719,2706,1,8,0,4,0,2120,2112,1,6,0,1,0,646.05,301.27,11232,11232,04980,19,10
42069001108,42,069,001108,4333,4272,4,38,7,12,0,3349,3315,1,20,4,9,0,1020.58,475.91,11232,11232,04980,19,10
42069001109,42,069,001109,3725,3702,5,9,4,4,1,2715,2702,3,5,4,1,0,827.37,385.82,11232,11232,04980,19,10
42069001110,42,069,001110,2263,2241,1,10,3,8,0,1806,1792,1,7,1,5,0,481,329,38096,38096,13050,19,10
42069001111,42,069,001111,6291,6258,8,14,6,5,0,4903,4882,3,9,6,3,0,1946,625,2832,2832,24650,19,10
42069001112,42,069,001112,7222,7134,12,25,1,49,1,5763,5714,6,15,1,27,0,1897,1193,6928,6928,24650,19,10
42069001113,42,069,001113,4605,4568,2,9,5,17,4,3675,3656,2,8,1,8,0,1690,520,38160,38160,24650,19,10
42069001114,42,069,001114,5222,5166,10,25,5,15,1,4037,3997,6,18,3,13,0,1295,665,56792,56792,15170,19,10
42069001115,42,069,001115,3632,3584,3,31,0,14,0,2906,2874,1,21,0,10,0,1034.23,449.27,19160,19160,15170,19,10
42069001116,42,069,001116,2644,2624,4,12,2,2,0,2191,2174,4,10,2,1,0,779.77,338.73,19160,19160,15170,19,10
42069001117,42,069,001117,4070,4046,7,10,2,5,0,3154,3140,4,6,2,2,0,1117,409,76648,76648,15170,19,10
42069001118,42,069,001118,7765,7684,10,41,6,20,4,5741,5696,7,23,3,12,0,564,429,51536,65224,17310,19,10
42069001119,42,069,001119,1005,981,5,6,0,13,0,841,826,4,4,0,7,0,309.82,126.26,20352,20352,07980,19,10
42069001120,42,069,001120,4876,4781,26,49,1,17,2,3900,3832,17,35,1,14,1,1436.73,585.53,20352,20352,07980,19,10
42069001121,42,069,001121,3426,3409,0,15,0,2,0,2868,2854,0,12,0,2,0,1056.55,430.59,20352,20352,07980,19,10
42069001122,42,069,001122,2943,2931,0,8,0,4,0,2327,2319,0,5,0,3,0,857.25,349.37,20352,20352,07980,19,10
42069001123,42,069,001123,3155,3126,15,3,3,8,0,2586,2560,15,2,2,7,0,952.66,388.25,20352,20352,07980,19,10
42069001124,42,069,001124,4451,4395,7,19,0,30,0,3368,3330,6,17,0,15,0,227,189,NA,54136,02010,19,10
42069001125,42,069,001125,6941,6903,2,8,6,16,6,5427,5408,1,6,4,6,2,1481,883,76184,76184,23250,19,10
42069001126,42,069,001126,5678,5658,4,7,2,7,0,4575,4562,3,6,1,3,0,1411.36,851.01,56576,56576,18120,19,10
42069001127,42,069,001127,3156,3135,7,6,3,5,0,2618,2601,7,5,2,3,0,807.64,486.99,56576,56576,18120,19,10
42069001128,42,069,001128,5339,5316,1,6,0,12,4,4242,4228,0,6,0,6,2,1353,792,50880,50880,23250,19,10
42069001129,42,069,001129,7886,7785,24,55,0,22,0,5744,5683,16,32,0,13,0,341,395,51536,14256,17310,19,10
42071000001,42,071,000001,2389,1516,233,588,18,30,4,1918,1374,167,344,12,19,2,327.42,288.72,41216,41216,13140,4,16
42071000002,42,071,000002,2441,2022,147,168,5,98,1,1880,1633,83,98,5,61,0,320.93,283,41216,41216,13140,4,16
42071000003,42,071,000003,4489,3856,213,303,6,109,2,3452,3086,111,181,5,69,0,589.28,519.64,41216,41216,13140,4,16
42071000004,42,071,000004,4063,3237,259,475,6,79,7,3267,2753,164,289,4,53,4,557.7,491.79,41216,41216,13140,4,16
42071000005,42,071,000005,4699,4270,138,155,7,126,3,4038,3713,100,106,4,114,1,689.32,607.85,41216,41216,13140,4,16
42071000006,42,071,000006,3246,2839,120,235,4,37,11,2644,2393,91,138,2,18,2,451.35,398.01,41216,41216,13140,4,16
42071000007,42,071,000007,3087,2080,365,524,6,106,6,2453,1758,252,376,5,61,1,418.75,369.26,41216,41216,13140,4,16
42071000008,42,071,000008,4080,831,1186,1985,4,69,5,2550,678,718,1103,2,47,2,435.31,383.86,41216,41216,13140,4,16
42071000009,42,071,000009,3887,1091,892,1801,8,85,10,2487,902,528,991,6,57,3,424.55,374.38,41216,41216,13140,4,16
42071000010,42,071,000010,3466,2604,253,488,11,106,4,2405,1933,130,268,6,66,2,410.55,362.03,41216,41216,13140,4,16
42071000011,42,071,000011,3210,2955,60,158,7,30,0,2404,2253,36,89,6,20,0,410.38,361.88,41216,41216,13140,4,16
42071000012,42,071,000012,2618,2432,66,79,4,37,0,2189,2074,43,49,2,21,0,373.68,329.52,41216,41216,13140,4,16
42071000013,42,071,000013,1138,1027,41,53,1,14,2,943,873,23,32,1,13,1,160.98,141.95,41216,41216,13140,4,16
42071000014,42,071,000014,5128,2875,515,1660,20,48,10,3380,2191,319,823,11,30,6,576.99,508.8,41216,41216,13140,4,16
42071000015,42,071,000015,1542,271,403,838,7,21,2,883,197,235,441,1,9,0,150.74,132.92,41216,41216,13140,4,16
42071000016,42,071,000016,3237,335,1066,1821,1,6,8,1837,257,637,936,1,4,2,313.59,276.53,41216,41216,13140,4,16
42071000102,42,071,000102,8729,8600,17,56,5,51,0,5991,5921,10,29,5,26,0,276,532,8504,13960,09270,4,17
42071000103,42,071,000103,6753,6637,37,46,8,25,0,4844,4778,16,27,7,16,0,553,1081,46888,58840,14550,4,17
42071000104,42,071,000104,5000,4846,19,60,3,69,3,3833,3738,14,32,1,46,2,884,1634,46888,46888,14550,4,17
42071000106,42,071,000106,6244,6126,20,53,2,43,0,4499,4435,12,34,2,16,0,535,1044,23016,51664,09120,4,17
42071000109,42,071,000109,6397,6256,34,77,10,20,0,4888,4784,29,57,8,10,0,506,837,51656,51656,07650,4,17
42071000110,42,071,000110,2769,2592,125,35,9,7,1,2063,1940,92,24,5,2,0,372,352,47424,47424,07650,4,17
42071000111,42,071,000111,4495,4393,30,27,5,38,2,3217,3163,18,13,3,20,0,518,969,48224,21032,07650,4,17
42071000112,42,071,000112,1933,1743,92,88,6,4,0,1378,1275,49,48,4,2,0,268.71,203.93,15384,15384,06360,4,17
42071000113,42,071,000113,4196,4044,89,29,8,23,3,3187,3091,57,19,4,14,2,621.47,471.65,15384,15384,06360,4,17
42071000114,42,071,000114,4558,4215,209,125,3,2,4,3476,3263,144,65,3,1,0,677.82,514.42,15384,15384,06360,4,17
42071000119,42,071,000119,7347,7175,31,50,5,86,0,5571,5459,21,32,3,56,0,568.94,931.55,NA,46896,14580,4,16
42071000122,42,071,000122,5722,5505,14,133,5,62,3,4171,4041,8,83,3,34,2,427.16,751.94,23832,23832,09270,4,17
42071000127,42,071,000127,6773,6657,15,71,6,23,1,4569,4500,5,47,4,13,0,268,657,76400,21072,08820,22,16
42071000128,42,071,000128,4457,4061,37,199,5,153,2,3502,3234,20,131,4,113,0,497,1023,53696,53696,08820,4,16
42071000129,42,071,000129,5542,5457,23,28,1,32,1,3639,3589,12,22,1,14,1,282,646,53696,20688,08820,4,16
42071000130,42,071,000130,6434,6254,11,61,5,98,5,4426,4317,5,42,5,56,1,484,955,42084,82824,06480,4,16
42071000134,42,071,000134,2706,2445,111,117,2,29,2,2253,2070,80,76,2,24,1,325.17,499.7,41216,41224,13140,4,16
42071000138,42,071,000138,3828,3792,5,7,1,23,0,2772,2753,3,6,1,9,0,447.73,708.62,NA,46992,18630,4,17
42071000140,42,071,000140,6256,6194,7,31,1,22,1,4468,4430,6,18,1,13,0,288,644,74712,74720,13110,4,16
42071000143,42,071,000143,6531,6412,60,43,3,13,0,4230,4150,43,28,1,8,0,169,296,13512,4376,21810,4,16
42071010101,42,071,010101,5525,5465,4,31,2,23,0,3929,3897,1,18,2,11,0,365,743,18888,82728,06270,22,16
42071010102,42,071,010102,2857,2814,2,19,0,22,0,2120,2103,1,9,0,7,0,256,490,18888,18888,06270,22,16
42071010501,42,071,010501,4090,4045,11,17,2,15,0,2930,2902,5,12,2,9,0,323.96,629.66,NA,63440,14550,4,17
42071010502,42,071,010502,4134,4053,14,27,3,36,1,3003,2948,10,17,3,25,0,332.04,645.34,46888,63440,14550,4,17
42071010701,42,071,010701,4877,4759,14,34,5,60,5,3714,3643,8,22,2,37,2,499.96,770.72,23016,23016,09120,4,17
42071010702,42,071,010702,5058,4911,26,54,8,58,1,4242,4129,24,44,6,38,1,571.04,880.28,23016,23016,09120,4,17
42071010801,42,071,010801,5601,5519,12,34,7,29,0,4145,4090,7,27,5,16,0,420,786,64392,82816,09120,4,17
42071010802,42,071,010802,2688,2663,4,10,9,2,0,1904,1891,2,6,3,2,0,233,410,NA,15824,09120,4,17
42071011501,42,071,011501,10361,10010,120,89,9,130,3,7510,7295,75,48,9,82,1,349.52,482.26,52016,83152,11790,4,17
42071011502,42,071,011502,4544,4229,120,157,1,37,0,3126,2967,59,78,1,21,0,145.48,200.74,15384,83152,11790,4,17
42071011601,42,071,011601,1090,1079,1,0,2,8,0,796,789,1,0,2,4,0,125.5,219.3,NA,21232,11790,4,16
42071011602,42,071,011602,4389,4275,32,32,2,48,0,3305,3230,22,21,2,30,0,530,894,21688,21688,11790,4,16
42071011701,42,071,011701,4188,4008,29,53,1,97,0,3411,3286,18,35,1,71,0,537.79,939.74,NA,21232,11790,4,16
42071011702,42,071,011702,5993,5595,108,180,4,103,3,4579,4316,71,121,4,66,1,721.95,1261.52,NA,21232,11790,4,16
42071011703,42,071,011703,7134,6951,25,39,1,117,1,5174,5057,17,22,1,77,0,815.76,1425.44,67659,21232,11790,4,17
42071011801,42,071,011801,2300,2229,18,21,1,31,0,1828,1786,12,14,1,15,0,186.68,305.67,NA,46896,14580,4,16
42071011802,42,071,011802,4708,4496,78,65,5,62,2,3768,3642,43,33,3,47,0,384.81,630.06,41216,46896,14580,4,16
42071011803,42,071,011803,5121,4935,56,47,8,75,0,4267,4147,43,30,3,44,0,435.77,713.5,NA,46896,14580,4,16
42071011804,42,071,011804,7158,6781,88,60,2,227,0,5276,5027,56,38,1,154,0,538.81,882.22,41216,46896,14580,4,16
42071011805,42,071,011805,2160,2055,21,42,7,31,4,1759,1689,15,28,4,22,1,300.28,264.79,41216,46896,14580,4,16
42071012001,42,071,012001,4294,4228,12,33,3,18,0,3322,3291,6,15,3,7,0,533.28,903.83,43816,43816,24960,4,16
42071012002,42,071,012002,3990,3906,25,22,4,32,1,3088,3042,12,14,3,17,0,495.72,840.17,43816,43816,24960,4,16
42071012101,42,071,012101,6173,6067,16,59,4,26,1,4322,4263,10,38,3,8,0,516.99,1027.18,66392,81168,24960,4,16
42071012102,42,071,012102,5457,5348,4,48,3,54,0,3946,3885,4,28,2,27,0,472.01,937.82,66392,81168,24960,4,16
42071012301,42,071,012301,3081,3005,5,28,2,40,1,2428,2383,4,20,2,18,1,248.65,437.72,23832,23832,09270,4,17
42071012302,42,071,012302,3321,3247,3,47,3,21,0,2609,2562,1,27,3,16,0,267.19,470.35,23832,23832,09270,4,17
42071012401,42,071,012401,7116,6883,13,78,6,136,0,4842,4727,6,42,3,64,0,400,918,23832,23840,09270,4,17
42071012402,42,071,012402,3878,3774,25,26,4,49,0,3014,2956,13,14,4,27,0,470,868,540,540,09270,4,17
42071012501,42,071,012501,4763,4663,11,34,0,55,0,3577,3530,4,18,0,25,0,177.25,330.11,364,20984,06270,22,16
42071012502,42,071,012502,4154,4049,0,33,2,70,0,3022,2955,0,19,2,46,0,149.75,278.89,63664,20984,06270,22,16
42071012601,42,071,012601,5197,5151,11,28,3,3,1,3477,3446,6,20,2,3,0,287,631,NA,8352,08820,22,16
42071012602,42,071,012602,3946,3900,14,17,0,13,2,2574,2555,4,10,0,5,0,207,435,NA,10704,08820,22,16
42071013101,42,071,013101,4169,4003,12,59,2,93,0,2945,2831,8,39,2,65,0,331.73,612.43,42084,79080,06480,4,16
42071013102,42,071,013102,3085,2940,13,43,1,88,0,2133,2052,4,26,1,50,0,240.27,443.57,42084,79080,06480,4,16
42071013202,42,071,013202,3727,3457,67,158,1,44,0,2960,2785,41,102,1,31,0,366.25,653.68,41216,21344,06480,4,16
42071013203,42,071,013203,4218,4082,25,58,3,50,0,3212,3110,19,42,3,38,0,397.43,709.33,41216,21344,06480,4,16
42071013204,42,071,013204,4949,4699,66,121,7,52,4,3704,3516,49,89,5,44,1,458.31,817.99,NA,21344,06480,4,16
42071013301,42,071,013301,3303,3157,46,61,3,33,3,2485,2396,33,33,3,19,1,424.21,374.07,41216,83256,13110,4,16
42071013302,42,071,013302,7524,7394,44,55,5,26,0,5981,5897,33,34,3,14,0,904,1682,85464,83256,13110,4,16
42071013501,42,071,013501,6042,5410,250,261,6,109,6,4819,4424,160,163,4,67,1,695.52,1068.83,49728,41224,13140,4,16
42071013502,42,071,013502,4567,4321,81,90,4,68,3,3883,3683,70,67,4,56,3,560.43,861.23,41216,41224,13140,4,16
42071013503,42,071,013503,2567,2500,8,31,0,28,0,2057,2018,7,18,0,14,0,296.88,456.23,41216,41224,13140,4,16
42071013601,42,071,013601,2944,2713,157,32,1,41,0,2684,2463,154,28,1,38,0,370.85,511.18,49728,49728,18630,4,16
42071013602,42,071,013602,3916,3626,145,74,0,67,4,3475,3240,133,54,0,45,3,480.15,661.82,49728,49728,18630,4,16
42071013701,42,071,013701,3493,3379,37,41,6,29,1,2873,2792,29,29,3,20,0,464.04,734.43,49728,46992,18630,4,17
42071013702,42,071,013702,6435,6166,79,96,7,83,4,4651,4477,49,53,7,64,1,751.23,1188.95,NA,46992,18630,4,17
42071013901,42,071,013901,4525,4458,15,31,1,20,0,3298,3258,6,20,1,13,0,445,863,85464,59360,18630,4,16
42071013902,42,071,013902,3470,3437,3,15,2,12,1,2509,2488,3,10,2,5,1,296,566,NA,15592,18630,4,17
42071014101,42,071,014101,4668,4612,5,16,2,33,0,2933,2902,4,8,2,17,0,183,441,NA,42080,18900,4,16
42071014102,42,071,014102,4430,4383,15,11,1,20,0,3010,2991,6,5,0,8,0,307,648,57840,57848,18900,4,16
42071014201,42,071,014201,4081,3959,55,38,9,20,0,2632,2555,39,27,3,8,0,193.8,393.15,NA,67568,18900,4,16
42071014202,42,071,014202,4446,4382,14,18,11,16,5,3045,3011,10,10,4,9,1,224.2,454.85,28376,67568,18900,4,16
42071014401,42,071,014401,6071,5957,28,55,19,9,3,4307,4246,17,31,10,3,0,373,574,NA,62832,21810,4,16
42071014402,42,071,014402,3498,3440,11,34,5,8,0,2405,2371,6,19,3,6,0,96,184,63064,22336,21810,4,16
42071014501,42,071,014501,4362,4294,17,32,9,10,0,3032,3003,6,13,6,4,0,336,567,NA,47824,18630,4,16
42071014502,42,071,014502,4802,4737,40,12,6,6,1,3284,3240,28,4,6,6,0,160,309,NA,28168,21810,4,16
42071014601,42,071,014601,3225,3177,14,27,5,2,0,2313,2282,8,17,4,2,0,220,513,NA,21040,21810,4,16
42071014602,42,071,014602,5569,5477,35,39,4,14,0,3542,3493,18,17,4,10,0,173,340,NA,43832,21810,4,16
42073000001,42,073,000001,4791,4719,29,18,0,25,0,3784,3736,20,12,0,16,0,1249.79,527.87,53368,53368,16620,5,4
42073000002,42,073,000002,2724,2636,73,10,1,2,2,2129,2076,46,5,1,1,0,703.17,297,53368,53368,16620,5,4
42073000003,42,073,000003,4244,3923,286,23,3,7,2,3306,3118,168,14,2,4,0,1091.91,461.19,53368,53368,16620,5,4
42073000004,42,073,000004,2485,1169,1284,15,5,1,11,1659,880,762,10,5,1,1,547.94,231.43,53368,53368,16620,5,4
42073000005,42,073,000005,233,221,11,0,0,1,0,231,219,11,0,0,1,0,76.3,32.22,53368,53368,16620,5,4
42073000006,42,073,000006,1804,1703,75,15,5,3,3,1297,1234,50,9,2,2,0,428.38,180.93,53368,53368,16620,5,4
42073000007,42,073,000007,2384,2247,109,15,1,12,0,1882,1787,75,12,1,7,0,621.59,262.54,53368,53368,16620,5,4
42073000008,42,073,000008,5059,4966,74,16,0,3,0,4037,3984,39,12,0,2,0,1333.35,563.16,53368,53368,16620,5,4
42073000009,42,073,000009,2583,2251,309,17,2,2,2,2028,1805,207,13,2,1,0,669.81,282.91,53368,53368,16620,5,4
42073000010,42,073,000010,2002,1988,2,12,0,0,0,1604,1592,2,10,0,0,0,529.77,223.76,53368,53368,16620,5,4
42073000101,42,073,000101,3814,3791,7,11,1,3,1,2731,2721,4,3,0,3,0,103,118,80368,61104,26520,10,4
42073000102,42,073,000102,7089,6973,18,29,1,68,0,5274,5203,15,15,1,40,0,411,451,53368,85504,26520,10,4
42073000103,42,073,000103,2713,2681,10,5,1,14,2,2443,2417,8,3,1,12,2,200,409,54352,54352,26520,5,4
42073000104,42,073,000104,3469,3416,20,19,4,10,0,2537,2508,13,11,2,3,0,631,386,NA,62904,26520,5,4
42073000105,42,073,000105,3560,3542,0,8,5,5,0,2682,2673,0,6,1,2,0,799,368,NA,46648,15540,5,4
42073000106,42,073,000106,2460,2376,72,10,1,1,0,1932,1873,47,10,1,1,0,645.17,270.31,56000,78368,24060,5,4
42073000107,42,073,000107,3132,2929,188,2,2,5,6,2485,2344,134,2,2,3,0,829.83,347.69,56232,78368,24060,5,4
42073000108,42,073,000108,6061,5995,3,9,3,51,0,4815,4775,2,8,3,27,0,1643,1947,53392,53064,16440,10,4
42073000109,42,073,000109,3196,3184,4,4,3,1,0,2305,2297,1,4,2,1,0,461,469,NA,71200,13380,10,4
42073000110,42,073,000110,4958,4785,132,38,3,0,0,3752,3681,50,19,2,0,0,818.11,496.99,53368,70080,21510,5,4
42073000111,42,073,000111,4374,4338,21,8,1,5,1,3352,3325,18,5,0,4,0,730.89,444.01,72376,76192,21510,5,4
42073000112,42,073,000112,2771,2750,5,6,1,4,5,2111,2103,1,3,1,3,0,314.87,302.18,5936,54768,15540,5,4
42073000113,42,073,000113,4009,3987,3,12,1,6,0,2877,2864,1,7,1,4,0,429.13,411.82,23768,54768,15540,5,4
42073000116,42,073,000116,4406,4350,33,15,1,7,0,3380,3345,22,8,1,4,0,999.23,446.25,23304,23304,09240,5,4
42073011498,42,073,011498,2418,2361,42,9,0,4,2,1769,1725,35,7,0,2,0,269,193,53184,53184,15540,5,4
42073011598,42,073,011598,4125,4078,18,12,7,8,2,3108,3069,16,8,6,8,1,563,311,23304,81776,09240,5,4
42073011798,42,073,011798,2346,2329,4,6,0,7,0,1783,1775,1,4,0,3,0,527.11,235.41,23280,23280,09240,5,4
42073011898,42,073,011898,3036,2957,62,13,2,2,0,2343,2291,43,6,2,1,0,692.66,309.34,23304,23304,09240,5,4
42075000001,42,075,000001,4561,4334,28,170,3,26,0,3628,3484,19,104,3,18,0,672.16,637.01,42168,42168,13440,4,17
42075000002,42,075,000002,5097,4836,50,176,2,32,1,4078,3922,35,103,2,16,0,755.53,716.02,42168,42168,13440,4,17
42075000003,42,075,000003,4144,3275,98,694,4,71,2,2995,2442,75,429,2,46,1,554.88,525.87,42168,42168,13440,4,17
42075000004,42,075,000004,7193,6658,50,401,10,73,1,5462,5141,30,231,7,52,1,1011.94,959.03,42168,42168,13440,4,17
42075000005,42,075,000005,3828,3478,58,269,0,20,3,2831,2673,24,118,0,15,1,524.5,497.07,42168,42168,13440,4,17
42075000020,42,075,000020,2751,2713,6,21,0,11,0,2040,2016,5,14,0,5,0,265,388,NA,78376,17640,4,17
42075000021,42,075,000021,4333,4260,14,42,3,14,0,3092,3060,6,19,2,5,0,416,580,27656,6040,17640,4,17
42075000022,42,075,000022,4249,4189,18,27,4,11,0,3090,3056,10,15,2,7,0,337,435,38400,75680,17640,4,17
42075000023,42,075,000023,3065,2971,25,39,7,20,3,2227,2160,24,25,3,14,1,282,462,NA,21224,17640,4,17
42075000024,42,075,000024,2441,2425,0,5,2,9,0,1803,1794,0,4,2,3,0,257,460,NA,54720,02490,4,17
42075000025,42,075,000025,4294,4153,20,57,1,61,2,3469,3373,15,37,1,43,0,547,671,2608,2600,02490,4,17
42075000026,42,075,000026,2322,2230,13,35,2,42,0,1727,1669,9,19,2,28,0,312,441,14160,14160,02490,4,17
42075000027,42,075,000027,9717,9404,46,173,11,82,1,7245,7066,23,100,8,48,0,1050,1097,67744,55160,06840,4,17
42075000028,42,075,000028,5749,5712,3,12,2,20,0,4122,4098,0,11,2,11,0,508,740,NA,37392,08460,4,17
42075000029,42,075,000029,3236,3173,8,21,3,31,0,2508,2465,5,16,2,20,0,356,541,52488,52488,08460,4,17
42075000030,42,075,000030,4138,4098,4,26,5,4,1,3043,3026,2,9,3,3,0,242,301,64560,49560,08460,4,17
42075000031,42,075,000031,3797,3756,4,16,1,20,0,2658,2634,3,10,1,10,0,374,581,NA,33608,08460,4,17
42075000032,42,075,000032,2708,2636,9,34,0,29,0,1961,1921,6,16,0,18,0,319.07,394.38,16256,72288,06840,4,17
42075000033,42,075,000033,2455,2335,17,86,4,13,0,1945,1854,14,67,3,7,0,316.47,391.16,3672,72288,06840,4,17
42075000034,42,075,000034,2328,2238,44,29,2,15,0,2031,1957,40,24,2,8,0,330.46,408.46,42192,72288,06840,4,17
42075000035,42,075,000035,3323,3204,13,29,0,76,1,2676,2595,11,22,0,47,1,145.87,180.08,61312,54928,06840,4,17
42075000036,42,075,000036,2427,2202,14,161,4,46,0,1782,1657,6,89,4,26,0,97.13,119.92,61312,83312,13440,4,17
42075000037,42,075,000037,3008,2958,3,23,0,24,0,2158,2136,1,11,0,10,0,346,520,NA,71928,02490,4,17
42075000038,42,075,000038,5566,5479,12,34,1,40,0,4369,4307,11,26,1,24,0,731,1231,NA,55176,18390,4,17
42075000039,42,075,000039,6974,6874,24,40,2,34,0,5459,5401,11,25,2,20,0,866,1414,57720,57720,18390,4,17
42075000040,42,075,000040,4505,4451,10,24,5,15,0,3322,3285,7,15,5,10,0,522,806,10960,72296,18390,4,17
42075000041,42,075,000041,2300,2271,3,11,3,12,0,1768,1748,2,9,3,6,0,220,377,51568,82752,06840,4,17
42075000042,42,075,000042,3235,3173,21,11,7,23,0,2493,2452,18,7,3,13,0,446,681,16256,16256,06840,4,17
42077000001,42,077,000001,7312,6576,203,373,10,135,15,5901,5393,137,259,6,99,7,1061.77,976.84,2000,2000,02280,1,15
42077000002,42,077,000002,647,580,29,36,0,1,1,591,539,22,29,0,0,1,106.34,97.83,2000,2000,02280,1,15
42077000003,42,077,000003,7113,5132,414,1454,9,79,25,5104,4088,242,713,4,50,7,918.36,844.91,2000,2000,02280,1,15
42077000004,42,077,000004,3097,2306,106,674,3,7,1,2312,1856,67,383,1,5,0,416,382.73,2000,2000,02280,1,15
42077000005,42,077,000005,2413,967,271,1130,5,32,8,1564,747,177,618,4,15,3,281.41,258.9,2000,2000,02280,1,15
42077000006,42,077,000006,5916,4585,229,1018,1,73,10,4178,3586,138,402,1,47,4,751.75,691.62,2000,2000,02280,1,15
42077000007,42,077,000007,3124,2641,146,319,2,15,1,2375,2065,92,204,1,13,0,427.33,393.15,2000,2000,02280,1,15
42077000008,42,077,000008,3540,2293,242,934,10,54,7,2490,1762,149,529,8,39,3,448.03,412.19,2000,2000,02280,1,15
42077000009,42,077,000009,1747,849,138,734,3,18,5,1222,682,97,427,3,12,1,219.87,202.29,2000,2000,02280,1,15
42077000010,42,077,000010,3202,1545,365,1240,6,36,10,2153,1219,217,684,5,26,2,387.39,356.4,2000,2000,02280,1,15
42077000011,42,077,000011,1136,634,135,346,2,19,0,868,544,100,207,1,16,0,156.18,143.69,2000,2000,02280,1,15
42077000012,42,077,000012,1409,866,288,227,5,18,5,1188,772,214,180,3,15,4,213.76,196.66,2000,2000,02280,1,15
42077000013,42,077,000013,2032,1240,180,590,2,16,4,1489,1055,125,296,1,11,1,267.92,246.49,2000,2000,02280,1,15
42077000016,42,077,000016,3054,2369,174,448,2,50,11,2265,1880,111,237,2,32,3,407.54,374.94,2000,2000,02280,1,15
42077000017,42,077,000017,3593,3105,134,302,5,41,6,2776,2498,77,164,4,29,4,499.49,459.53,2000,2000,02280,1,15
42077000018,42,077,000018,4051,3112,250,635,11,34,9,3203,2620,158,388,10,25,2,576.32,530.22,2000,2000,02280,1,15
42077000019,42,077,000019,3909,3690,70,115,0,34,0,3304,3147,49,85,0,23,0,594.49,546.94,2000,2000,02280,1,15
42077000020,42,077,000020,4243,3835,181,153,10,43,21,3413,3155,114,96,8,36,4,614.1,564.98,2000,2000,02280,1,15
42077000021,42,077,000021,5976,5328,236,314,2,88,8,4841,4422,159,196,2,60,2,871.04,801.37,2000,2000,02280,1,15
42077000022,42,077,000022,8289,8004,66,81,14,123,1,7208,6991,51,62,9,94,1,1296.94,1193.2,2000,2000,02280,1,15
42077000051,42,077,000051,4678,4547,39,67,2,21,2,3441,3380,15,28,2,15,1,357,492,71144,71144,17670,1,15
42077000052,42,077,000052,6367,6298,15,31,9,13,1,4751,4710,9,17,7,7,1,528,685,NA,81280,17670,1,15
42077000054,42,077,000054,4843,4782,12,27,4,17,1,3550,3516,9,16,4,5,0,304,513,NA,82064,17850,1,15
42077000058,42,077,000058,3267,3186,20,40,9,7,5,2625,2588,9,20,3,5,0,672,330,16128,16128,26250,1,15
42077000064,42,077,000064,6285,6202,9,48,4,22,0,4618,4561,7,31,2,17,0,718,1069,23584,79160,08550,1,15
42077000065,42,077,000065,5713,5636,21,45,1,9,1,4465,4415,12,31,1,6,0,836.81,1102.63,23584,23584,08550,1,15
42077000066,42,077,000066,5422,5331,8,23,0,60,0,4387,4325,6,21,0,35,0,822.19,1083.37,23584,23584,08550,1,15
42077000068,42,077,000068,4637,4313,69,224,2,25,4,3782,3568,38,154,2,20,0,917,503,27008,27008,03570,1,15
42077000070,42,077,000070,3276,3213,5,28,8,17,5,2404,2368,4,14,4,12,2,380,565,NA,44992,22350,1,15
42077000091,42,077,000091,3325,3216,11,56,0,40,2,2883,2806,10,45,0,22,0,628.6,556.94,6088,6088,03570,1,15
42077000092,42,077,000092,3982,3823,32,52,0,75,0,3411,3288,32,41,0,50,0,743.72,658.94,6088,6088,03570,1,15
42077000093,42,077,000093,3251,3168,25,40,1,17,0,2611,2557,13,28,1,12,0,569.29,504.4,6088,6088,03570,1,15
42077000094,42,077,000094,3550,3124,98,296,0,26,6,2722,2498,55,150,0,19,0,593.49,525.84,6088,6088,03570,1,15
42077000095,42,077,000095,4759,4350,89,287,4,22,7,3742,3470,58,191,4,15,4,815.89,722.88,6088,6088,03570,1,15
42077000096,42,077,000096,0,0,0,0,0,0,0,0,0,0,0,0,0,0,0,0,NA,45656,17850,22,15
42077000097,42,077,000097,0,0,0,0,0,0,0,0,0,0,0,0,0,0,0,0,NA,45656,17850,1,15
42077001402,42,077,001402,2215,2169,6,22,0,18,0,1893,1852,6,19,0,16,0,340.61,313.36,2000,2000,02280,1,15
42077001497,42,077,001497,466,446,5,15,0,0,0,422,403,5,14,0,0,0,75.93,69.86,2000,2000,02280,1,15
42077001498,42,077,001498,6074,5376,216,336,4,130,12,4828,4383,147,207,3,85,3,868.7,799.22,2000,2000,02280,1,15
42077001501,42,077,001501,5908,4911,366,474,7,138,12,4575,3940,226,307,6,90,6,823.18,757.34,2000,2000,02280,1,15
42077001597,42,077,001597,55,54,0,1,0,0,0,43,42,0,1,0,0,0,8.16,8.55,NA,67576,20730,1,15
42077001598,42,077,001598,6158,5667,165,218,10,92,6,4812,4515,110,122,7,58,0,865.82,796.57,2000,2000,02280,1,15
42077002301,42,077,002301,5514,5386,6,60,3,59,0,4493,4406,6,41,2,38,0,808.43,743.76,2000,2000,02280,1,15
42077002302,42,077,002302,2882,2828,18,26,0,10,0,2525,2478,14,24,0,9,0,454.32,417.98,2000,2000,02280,1,15
42077005398,42,077,005398,6477,6381,15,48,8,24,1,4631,4576,7,29,6,12,1,354,564,NA,45656,17850,1,15
42077005501,42,077,005501,5202,5132,6,42,8,14,0,3852,3815,4,20,5,8,0,573.22,801.36,NA,55576,18510,1,15
42077005502,42,077,005502,5612,5517,28,34,6,25,2,4185,4141,7,16,2,18,1,622.78,870.64,68192,55576,18510,1,15
42077005601,42,077,005601,4109,4041,20,35,4,7,2,3128,3087,12,22,3,4,0,593.18,493.8,NA,84528,26250,1,15
42077005602,42,077,005602,5031,4950,16,38,0,25,2,4011,3954,12,28,0,17,0,760.63,633.2,35120,84528,26250,1,15
42077005701,42,077,005701,6139,5636,128,131,4,234,6,4965,4635,84,90,3,151,2,941.54,783.8,28144,84528,26250,1,15
42077005702,42,077,005702,4100,4014,14,44,1,25,2,3451,3387,10,31,1,21,1,654.43,544.8,28144,84528,26250,1,15
42077005703,42,077,005703,3400,3109,122,111,1,55,2,2701,2505,85,72,1,37,1,512.21,426.4,28144,84528,26250,1,15
42077005901,42,077,005901,6662,6439,40,147,5,27,4,4995,4858,20,87,4,25,1,826,744,11720,11720,05160,1,15
42077005998,42,077,005998,2243,2008,103,81,10,36,5,1764,1617,66,47,10,24,0,221,228,NA,32400,05160,1,15
42077006001,42,077,006001,5000,4844,47,35,1,72,1,3894,3793,26,22,1,51,1,707.53,1052.74,2000,72632,18510,1,15
42077006002,42,077,006002,4994,4760,30,46,2,156,0,3503,3368,24,28,2,81,0,636.49,947.03,NA,72632,18510,1,15
42077006101,42,077,006101,3797,3627,38,56,3,73,0,3256,3134,33,38,3,48,0,591.61,880.26,2000,72632,18510,1,15
42077006102,42,077,006102,4549,4450,13,46,2,38,0,3684,3611,10,33,2,28,0,669.37,995.97,NA,72632,18510,1,15
42077006201,42,077,006201,4741,4553,21,38,0,128,1,3375,3264,13,25,0,73,0,337.81,514.14,NA,79104,18510,1,15
42077006202,42,077,006202,3973,3874,34,27,2,36,0,3209,3148,21,13,2,25,0,321.19,488.86,NA,79104,18510,1,15
42077006302,42,077,006302,1415,1403,1,6,2,3,0,993,983,1,6,2,1,0,145,167,660,660,08550,1,15
42077006303,42,077,006303,2597,2542,18,15,0,22,0,1984,1946,10,11,0,17,0,275,391,46392,46392,08550,1,15
42077006304,42,077,006304,3402,3195,7,12,0,187,1,2510,2385,5,11,0,109,0,376.82,680.04,NA,44952,08550,1,15
42077006305,42,077,006305,5714,5411,22,40,0,241,0,3928,3758,14,24,0,132,0,589.7,1064.21,NA,44952,08550,1,15
42077006306,42,077,006306,6482,6133,37,82,8,221,1,4759,4539,21,56,5,138,0,714.45,1289.36,2416,44952,08550,1,15
42077006307,42,077,006307,1357,1343,8,1,0,5,0,1046,1037,5,1,0,3,0,157.03,283.39,NA,44952,08550,1,15
42077006701,42,077,006701,4803,4498,124,164,4,11,2,3783,3522,104,143,4,9,1,717.78,752.48,NA,67576,20730,1,15
42077006702,42,077,006702,2974,2875,34,48,1,10,6,2272,2221,13,31,1,4,2,431.09,451.93,23584,67576,20730,1,15
42077006703,42,077,006703,5621,5447,35,43,0,96,0,4369,4245,24,30,0,70,0,828.97,869.04,2000,67576,20730,1,15
42077006902,42,077,006902,2599,2535,21,18,6,17,2,2025,1974,20,12,4,15,0,354,431,16056,16056,22350,1,15
42077006903,42,077,006903,4229,4149,19,38,1,22,0,3288,3231,14,28,1,14,0,564.91,784.55,16056,79288,22350,1,15
42077006904,42,077,006904,5478,5397,14,36,2,29,0,4197,4142,9,23,1,22,0,721.09,1001.45,16056,79288,22350,1,15
42079002001,42,079,002001,3302,3154,64,47,4,32,1,3192,3067,51,39,3,31,1,774.72,395.06,85152,85152,26300,7,11
42079002002,42,079,002002,4213,4009,116,39,2,41,6,3388,3247,82,27,2,28,2,822.29,419.32,85152,85152,26300,7,11
42079002003,42,079,002003,2064,2004,36,8,1,15,0,1555,1515,24,6,1,9,0,377.41,192.46,85152,85152,26300,7,11
42079002004,42,079,002004,2993,2913,45,16,1,14,4,2293,2246,23,12,1,11,0,556.53,283.8,85152,85152,26300,7,11
42079002005,42,079,002005,3338,3090,160,35,1,50,2,2697,2519,112,22,1,43,0,654.58,333.8,85152,85152,26300,7,11
42079002006,42,079,002006,2419,2381,7,25,1,5,0,1879,1854,6,16,1,2,0,456.05,232.56,85152,85152,26300,7,11
42079002007,42,079,002007,3998,3887,77,25,4,2,3,3195,3113,60,17,3,2,0,775.45,395.44,85152,85152,26300,7,11
42079002008,42,079,002008,3897,3584,261,14,7,23,8,3075,2887,159,11,6,12,0,746.33,380.58,85152,85152,26300,7,11
42079002009,42,079,002009,4092,3733,258,43,6,38,14,3098,2914,136,22,4,21,1,751.91,383.43,85152,85152,26300,7,11
42079002010,42,079,002010,2797,2606,159,16,4,9,3,2091,1975,95,9,4,7,1,507.5,258.8,85152,85152,26300,7,11
42079002011,42,079,002011,1516,1467,13,18,2,12,4,1146,1118,6,10,2,8,2,278.14,141.84,85152,85152,26300,7,11
42079002012,42,079,002012,2084,2018,36,13,1,14,2,1800,1746,30,11,1,11,1,436.87,222.78,85152,85152,26300,7,11
42079002013,42,079,002013,2261,2230,10,14,1,6,0,1859,1837,7,11,1,3,0,451.19,230.08,85152,85152,26300,7,11
42079002014,42,079,002014,2617,2562,26,18,3,6,2,2082,2044,17,13,3,5,0,505.32,257.68,85152,85152,26300,7,11
42079002015,42,079,002015,2669,2563,83,16,2,2,3,2037,1992,31,12,1,1,0,494.4,252.11,85152,85152,26300,7,11
42079002016,42,079,002016,3263,3250,8,4,0,1,0,2531,2520,6,4,0,1,0,614.29,313.25,85152,85152,26300,7,11
42079002101,42,079,002101,2943,2937,1,3,0,2,0,2286,2282,1,2,0,1,0,841,338,61048,61056,19200,7,11
42079002102,42,079,002102,2984,2978,2,2,1,1,0,2518,2512,2,2,1,1,0,883,351,20424,20424,19200,7,11
42079002103,42,079,002103,2941,2928,0,12,0,1,0,2291,2280,0,10,0,1,0,936,269,3640,3640,19200,7,11
42079002104,42,079,002104,1734,1732,0,2,0,0,0,1336,1335,0,1,0,0,0,519,218,36152,36152,19200,7,11
42079002105,42,079,002105,4869,4852,3,10,1,3,0,3885,3879,0,5,1,0,0,1253,523,20512,20512,19200,7,11
42079002106,42,079,002106,1907,1885,5,9,2,6,0,1519,1501,5,8,2,3,0,525.24,150.13,61048,61048,19200,7,11
42079002107,42,079,002107,2017,2002,0,11,0,4,0,1468,1459,0,8,0,1,0,507.61,145.09,61048,61048,19200,7,11
42079002108,42,079,002108,3392,3373,7,2,0,9,1,2726,2715,4,2,0,4,1,942.6,269.42,61048,61048,19200,7,11
42079002109,42,079,002109,1814,1792,6,12,1,3,0,1410,1394,3,9,1,3,0,487.55,139.36,61048,61048,19200,7,11
42079002110,42,079,002110,5590,5563,7,6,2,10,2,4466,4451,4,4,2,4,1,1268,1147,83856,83856,26730,7,11
42079002114,42,079,002114,6763,6696,28,23,0,16,0,5035,4990,20,17,0,8,0,1205,1438,NA,39792,07200,7,11
42079002115,42,079,002115,3117,3097,4,9,2,4,1,2530,2519,2,5,2,2,0,865,379,84272,84272,26730,7,11
42079002116,42,079,002116,3255,3238,3,12,0,2,0,2669,2657,2,8,0,2,0,797,622,86856,86856,26730,7,11
42079002118,42,079,002118,1928,1904,12,2,0,10,0,1639,1621,7,2,0,9,0,416.88,212.24,NA,61120,26300,7,11
42079002119,42,079,002119,6854,6819,3,17,1,13,1,5423,5398,3,12,1,9,0,1379.34,702.23,61112,61120,26300,7,11
42079002120,42,079,002120,2206,2190,0,10,0,6,0,1788,1775,0,9,0,4,0,454.78,231.53,61112,61120,26300,7,11
42079002121,42,079,002121,5049,5001,9,23,1,14,1,3900,3875,3,13,1,8,0,924,1050,26880,26880,25950,7,11
42079002122,42,079,002122,5630,5612,2,6,0,10,0,4516,4504,0,4,0,8,0,1529,634,75832,75832,25950,7,11
42079002123,42,079,002123,3206,3180,1,18,3,4,0,2629,2606,1,17,2,3,0,748,300,45568,45568,25950,7,11
42079002124,42,079,002124,1475,1463,1,7,0,4,0,1187,1180,1,2,0,4,0,226.36,214.49,39784,39784,25950,7,11
42079002125,42,079,002125,1345,1326,3,1,1,14,0,1146,1132,2,1,1,10,0,218.54,207.08,39784,39784,25950,7,11
42079002126,42,079,002126,1344,1333,0,3,5,3,0,1036,1025,0,3,5,3,0,197.57,187.2,39784,39784,25950,7,11
42079002127,42,079,002127,1418,1393,7,8,0,10,0,1146,1129,3,8,0,6,0,218.54,207.08,39784,39784,25950,7,11
42079002128,42,079,002128,4023,3932,7,19,1,63,1,3193,3132,5,11,1,44,0,608.91,576.97,39784,39784,25950,7,11
42079002129,42,079,002129,1507,1465,1,17,1,23,0,1155,1130,1,10,1,13,0,220.26,208.7,39784,39784,25950,7,11
42079002130,42,079,002130,1624,1607,2,5,0,10,0,1294,1280,2,3,0,9,0,246.77,233.82,39784,39784,25950,7,11
42079002131,42,079,002131,1771,1728,12,9,0,22,0,1437,1410,5,6,0,16,0,274.04,259.66,39784,39784,25950,7,11
42079002132,42,079,002132,5399,5312,37,30,0,20,0,4188,4135,20,20,0,13,0,1133,586,22672,22672,25950,7,11
42079002133,42,079,002133,1945,1936,0,5,1,3,0,1547,1539,0,4,1,3,0,148,111,62712,62712,25950,7,11
42079002134,42,079,002134,4696,4652,4,18,1,21,0,3548,3513,3,17,1,14,0,1070,382,41608,41608,25950,7,11
42079002135,42,079,002135,1344,1328,0,10,1,5,0,1036,1027,0,6,1,2,0,238.12,130.1,61648,61648,25950,7,11
42079002136,42,079,002136,1263,1257,0,2,3,1,0,1022,1018,0,1,3,0,0,234.9,128.35,61648,61648,25950,7,11
42079002137,42,079,002137,2657,2631,6,12,4,4,0,2073,2057,2,10,2,2,0,476.47,260.33,61648,61648,25950,7,11
42079002138,42,079,002138,1872,1844,4,23,0,1,0,1451,1442,0,8,0,1,0,333.51,182.22,61648,61648,25950,7,11
42079002139,42,079,002139,1771,1762,1,1,0,7,0,1347,1341,0,1,0,5,0,576,390,NA,61656,16290,7,11
42079002140,42,079,002140,1443,1424,1,12,1,5,0,1198,1186,1,5,1,5,0,338.69,164.39,52584,52584,16290,7,11
42079002141,42,079,002141,3001,2969,7,16,4,4,1,2438,2417,4,9,4,4,0,689.26,334.54,52584,52584,16290,7,11
42079002142,42,079,002142,3131,3083,10,29,2,7,0,2527,2499,3,18,2,5,0,714.42,346.75,52584,52584,16290,7,11
42079002143,42,079,002143,2318,2298,2,11,6,1,0,1898,1883,2,8,4,1,0,536.59,260.44,52584,52584,16290,7,11
42079002144,42,079,002144,2374,2343,0,11,0,17,3,1843,1823,0,9,0,11,0,521.04,252.89,52584,52584,16290,7,11
42079002145,42,079,002145,1879,1870,3,5,0,0,1,1515,1509,3,3,0,0,0,379.16,229.31,NA,32416,11420,7,11
42079002146,42,079,002146,4149,4078,41,19,3,7,1,3170,3132,19,11,3,5,0,793.35,479.82,85152,32416,11420,7,11
42079002147,42,079,002147,2967,2929,21,10,1,4,2,2280,2260,13,3,1,3,0,570.61,345.11,NA,32416,11420,7,11
42079002148,42,079,002148,1175,1155,7,9,3,1,0,877,863,6,4,3,1,0,219.49,132.74,NA,32416,11420,7,11
42079002149,42,079,002149,1880,1863,0,10,0,7,0,1480,1469,0,7,0,4,0,370.4,224.02,NA,32416,11420,7,11
42079002150,42,079,002150,1700,1693,1,4,1,1,0,1333,1328,0,3,1,1,0,379,138,75072,75072,11420,7,11
42079002151,42,079,002151,3291,3275,3,10,0,3,0,2610,2600,1,7,0,2,0,724,360,3272,3272,11420,7,11
42079002152,42,079,002152,3572,3403,45,25,4,95,0,2932,2813,31,22,4,62,0,728,355,85168,85160,26300,7,11
42079002153,42,079,002153,3804,3762,15,10,5,12,0,2880,2858,8,6,3,5,0,471,430,41848,4592,26300,7,11
42079002154,42,079,002154,2183,2168,7,4,3,1,0,1713,1705,4,2,1,1,0,84,123,84552,18864,05460,7,11
42079002156,42,079,002156,4594,4563,3,22,1,4,1,3611,3595,3,9,1,3,0,1239,508,29680,53960,16290,7,11
42079002158,42,079,002158,2634,2619,1,9,3,2,0,1898,1890,1,3,2,2,0,265,340,NA,66272,13020,7,11
42079002159,42,079,002159,3344,3317,7,11,5,4,0,2419,2406,2,4,5,2,0,130,161,53448,36432,17790,7,11
42079002160,42,079,002160,1108,1104,0,4,0,0,0,870,868,0,2,0,0,0,205,196,70224,70224,17790,7,11
42079002161,42,079,002161,4503,4462,8,18,2,13,0,3398,3374,3,12,2,7,0,479,717,20800,67456,03480,7,11
42079002162,42,079,002162,1509,1501,0,5,0,3,0,1203,1199,0,3,0,1,0,332,261,NA,15904,16290,7,11
42079002163,42,079,002163,3921,3884,18,9,3,7,0,2896,2878,6,7,1,4,0,83,123,52984,52992,03480,7,11
42079002164,42,079,002164,1937,1912,9,16,0,0,0,1476,1460,6,10,0,0,0,264,262,NA,6672,11700,7,11
42079002166,42,079,002166,6008,5447,407,51,10,89,4,4509,4099,303,32,7,66,2,580,763,NA,10480,11700,7,11
42079002167,42,079,002167,3951,3896,1,39,4,11,0,3092,3056,0,22,4,10,0,557,495,27744,27744,11700,7,11
42079002168,42,079,002168,3454,3391,30,21,4,8,0,2819,2765,28,17,4,5,0,439,306,86372,26928,11700,7,11
42079002169,42,079,002169,4335,4314,0,10,0,11,0,3395,3380,0,10,0,5,0,790.53,420.28,86372,33376,11700,7,11
42079002170,42,079,002170,5000,4948,12,29,1,10,0,4069,4044,5,12,1,7,0,947.47,503.72,NA,33376,11700,7,11
42079002171,42,079,002171,3473,3441,3,24,2,3,0,2838,2810,3,21,2,2,0,643.05,457.29,33408,33408,11700,7,11
42079002172,42,079,002172,3173,3116,19,17,3,18,0,2516,2481,8,11,2,14,0,570.09,405.41,33408,33408,11700,7,11
42079002173,42,079,002173,3956,3872,1,17,0,66,0,3183,3133,0,11,0,39,0,721.22,512.88,33408,33408,11700,7,11
42079002174,42,079,002174,1290,1263,7,4,1,15,0,926,910,4,3,0,9,0,209.82,149.21,33408,33408,11700,7,11
42079002175,42,079,002175,2354,2253,5,70,3,23,0,1893,1818,5,47,2,21,0,428.92,305.02,33408,33408,11700,7,11
42079002176,42,079,002176,2631,2579,9,26,1,15,1,2105,2075,5,12,1,12,0,476.96,339.18,33408,33408,11700,7,11
42079002177,42,079,002177,4712,4636,1,64,0,11,0,3845,3797,0,42,0,6,0,871.22,619.55,33408,33408,11700,7,11
42079002178,42,079,002178,3144,3102,2,27,0,13,0,2510,2479,2,18,0,11,0,568.73,404.44,33408,33408,11700,7,11
42079002179,42,079,002179,4133,4065,9,46,4,7,2,3373,3338,1,26,4,4,0,828,697,83136,83136,11700,7,11
42079211101,42,079,211101,5691,5645,13,24,2,7,0,4489,4462,6,14,2,5,0,1047,458,24392,24392,26730,7,11
42079211102,42,079,211102,2457,2449,3,2,2,1,0,1840,1834,2,1,2,1,0,571,412,NA,24400,26730,7,11
42079211201,42,079,211201,2567,2549,2,4,4,8,0,1994,1982,2,3,1,6,0,465,706,18048,18048,07200,7,11
42079211202,42,079,211202,7629,7511,23,17,1,76,1,6014,5927,19,13,1,54,0,700,1040,33000,18056,07200,7,11
42079211203,42,079,211203,1414,1403,0,7,2,2,0,1044,1037,0,5,2,0,0,170,238,NA,27424,07200,7,11
42079211301,42,079,211301,5340,3521,1416,341,17,41,4,4649,2850,1416,340,17,22,4,378,443,41608,37400,13020,7,11
42079211302,42,079,211302,3076,3041,3,13,1,18,0,2356,2335,3,10,1,7,0,412,542,NA,42504,13020,7,11
42079211303,42,079,211303,2742,2728,0,8,5,1,0,2056,2046,0,6,3,1,0,392,400,33000,33000,13020,7,11
42079211304,42,079,211304,1924,1917,0,0,1,6,0,1418,1411,0,0,1,6,0,207,234,NA,40920,13020,7,11
42079211701,42,079,211701,5224,5175,14,22,7,6,0,4164,4132,5,15,6,6,0,1020,467,86952,37984,19200,7,11
42079211702,42,079,211702,1517,1463,6,6,0,42,0,1179,1148,3,6,0,22,0,340,259,40848,40848,26300,7,11
42079215501,42,079,215501,3014,2928,8,26,2,48,2,2213,2158,6,17,2,30,0,472,492,NA,24888,05460,7,11
42079215502,42,079,215502,4685,4584,21,32,5,43,0,3528,3462,13,22,5,26,0,725,728,NA,86584,05460,7,11
42079215503,42,079,215503,1907,1857,14,21,2,13,0,1333,1304,6,12,2,9,0,192,203,NA,64424,05460,7,11
42079215504,42,079,215504,3637,3603,1,18,6,6,3,2686,2670,1,7,5,3,0,272,220,55752,19616,05460,7,11
42079215701,42,079,215701,2496,2462,5,18,0,11,0,1836,1818,3,8,0,7,0,256,288,NA,36296,17790,7,11
42079215702,42,079,215702,2028,2018,4,2,0,4,0,1554,1546,4,2,0,2,0,251,240,NA,78384,17790,7,11
42079216501,42,079,216501,2060,2035,1,7,0,17,0,1588,1571,1,3,0,13,0,276,440,15888,15888,11700,7,11
42079216502,42,079,216502,3534,3485,9,21,1,18,0,2728,2690,8,18,0,12,0,320,395,NA,75064,11700,7,11
42081000001,42,081,000001,3485,3376,34,36,5,34,0,2645,2580,21,22,3,19,0,433.32,409.88,85312,85312,26460,16,10
42081000002,42,081,000002,2441,2372,24,17,3,24,1,1749,1712,16,8,1,12,0,286.53,271.04,85312,85312,26460,16,10
42081000003,42,081,000003,5660,5431,182,26,10,9,2,4159,4023,108,12,10,6,0,681.35,644.5,85312,85312,26460,16,10
42081000004,42,081,000004,5588,4333,1152,66,17,17,3,4173,3388,722,36,14,12,1,683.64,646.67,85312,85312,26460,16,10
42081000005,42,081,000005,3104,2983,79,24,3,13,2,2551,2463,56,17,2,13,0,417.92,395.32,85312,85312,26460,16,10
42081000006,42,081,000006,2396,2323,50,17,0,3,3,1800,1752,35,11,0,2,0,294.88,278.94,85312,85312,26460,16,10
42081000007,42,081,000007,822,721,88,5,3,3,2,748,652,84,5,3,3,1,122.54,115.91,85312,85312,26460,16,10
42081000008,42,081,000008,2348,2015,304,17,5,5,2,1870,1652,194,15,4,5,0,306.35,289.79,85312,85312,26460,16,10
42081000009,42,081,000009,2738,2693,22,5,2,16,0,2001,1969,17,3,2,10,0,327.81,310.09,85312,85312,26460,16,10
42081000010,42,081,000010,3351,3081,185,34,16,33,2,2348,2225,79,21,5,18,0,384.66,363.86,85312,85312,26460,16,10
42081000101,42,081,000101,2306,2281,6,14,4,1,0,1695,1682,4,4,4,1,0,89,149,NA,14872,22370,16,5
42081000102,42,081,000102,1247,1245,0,1,0,1,0,961,959,0,1,0,1,0,35,47,NA,9280,12480,16,5
42081000103,42,081,000103,3228,3208,3,6,3,8,0,2297,2289,0,4,1,3,0,91,139,67616,49280,12480,16,5
42081000104,42,081,000104,5979,5912,9,16,24,16,2,4240,4201,6,11,17,4,1,142,151,NA,42944,26460,16,10
42081000105,42,081,000105,5860,5830,3,3,7,17,0,4213,4198,1,2,7,5,0,73,127,NA,61640,15750,16,10
42081000106,42,081,000106,4026,3997,2,5,14,8,0,2888,2873,0,3,9,3,0,132,136,60136,58848,08490,16,10
42081000107,42,081,000107,5736,5687,6,18,15,10,0,4189,4158,2,10,12,7,0,284,361,36160,85984,08490,16,10
42081000108,42,081,000108,7139,7089,3,22,8,16,1,5447,5414,3,16,6,7,1,378,508,52264,52288,16230,16,10
42081000109,42,081,000109,2580,2558,1,11,2,8,0,1850,1835,1,7,1,6,0,264,415,NA,24592,15750,16,10
42081000110,42,081,000110,4983,4952,6,14,2,9,0,3934,3913,5,12,1,3,0,825,1150,50720,50720,15750,16,10
42081000111,42,081,000111,5771,5578,102,26,6,56,3,4603,4510,44,14,2,32,1,748.34,1240.59,NA,45224,14310,16,10
42081000112,42,081,000112,4873,4777,20,19,4,52,1,3953,3889,16,15,3,29,1,642.66,1065.41,NA,45224,14310,16,10
42081000113,42,081,000113,7597,7532,24,11,4,26,0,5830,5788,14,8,4,16,0,254,274,28456,56608,26460,16,10
42081000114,42,081,000114,1722,1706,8,6,1,0,1,1319,1307,6,5,1,0,0,92,94,72648,3072,22140,16,10
42081000115,42,081,000115,1201,1185,2,12,1,1,0,950,939,2,8,1,0,0,206,244,20144,20144,22140,16,10
42081000116,42,081,000116,6496,6422,23,13,9,29,0,4951,4912,12,8,4,15,0,1017,1054,72648,72648,22140,16,10
42081000117,42,081,000117,7091,6434,418,187,34,16,2,5396,4762,411,182,28,11,2,172,250,50632,81288,15660,16,5
42081000118,42,081,000118,3148,3126,3,3,3,13,0,2162,2148,1,3,1,9,0,239,247,NA,43352,12480,16,5
42081000119,42,081,000119,5794,5746,20,7,6,10,5,4232,4202,14,5,3,6,2,510,567,38128,38128,12480,16,5
42083004201,42,083,004201,3855,3796,8,10,8,32,1,2919,2879,5,6,7,21,1,233.88,452.31,8040,26936,04020,6,5
42083004202,42,083,004202,3532,3453,28,29,14,7,1,2659,2610,15,17,10,6,1,381.11,499.86,8040,8040,04020,6,5
42083004203,42,083,004203,3291,3192,25,29,23,22,0,2419,2356,15,19,16,13,0,346.71,454.75,8040,8040,04020,6,5
42083004204,42,083,004204,2875,2815,12,19,6,23,0,2199,2162,8,10,3,16,0,315.18,413.39,8040,8040,04020,6,5
42083004205,42,083,004205,3414,3390,1,7,7,8,1,2560,2545,1,4,6,4,0,205.12,396.69,NA,26936,04020,6,5
42083004206,42,083,004206,6179,6159,2,3,14,1,0,4486,4472,1,1,12,0,0,130,199,22888,57312,18240,6,5
42083004207,42,083,004207,4837,4821,4,1,8,3,0,3502,3490,3,0,6,3,0,122,238,62088,43096,19530,6,5
42083004208,42,083,004208,4153,4135,2,11,4,0,1,3085,3074,2,7,2,0,0,62,73,71248,38912,21690,6,5
42083004209,42,083,004209,2441,2432,1,4,1,3,0,1806,1800,1,3,1,1,0,133,118,51632,32232,21690,6,5
42083004210,42,083,004210,5600,4797,368,371,15,46,3,4649,3859,368,368,12,40,2,561,864,42984,8048,04020,6,5
42083004211,42,083,004211,4163,4129,5,17,5,0,7,3163,3145,3,11,2,0,2,113,111,38688,84312,12660,6,5
42083004212,42,083,004212,2791,2769,4,10,1,5,2,2029,2015,3,5,1,5,0,269,311,38688,84312,12660,6,5
42085000301,42,085,000301,2781,2675,79,24,1,2,0,2032,1957,55,17,1,2,0,622.53,268.14,69720,69720,21330,10,21
42085000302,42,085,000302,796,676,92,26,0,2,0,715,615,75,23,0,2,0,219.05,94.35,69720,69720,21330,10,21
42085000303,42,085,000303,4390,4250,110,19,6,3,2,3328,3251,62,11,3,1,0,1019.57,439.17,69720,69720,21330,10,21
42085000304,42,085,000304,3121,3070,26,17,0,6,2,2414,2380,15,13,0,6,0,739.56,318.55,69720,69720,21330,10,21
42085000305,42,085,000305,2935,2605,314,13,0,3,0,2398,2145,243,7,0,3,0,734.66,316.44,69720,69720,21330,10,21
42085000306,42,085,000306,3474,2553,878,24,12,5,2,2473,1954,501,9,6,3,0,757.63,326.34,69720,69720,21330,10,21
42085000307,42,085,000307,1645,588,1045,5,2,1,4,1188,469,712,4,2,0,1,399.06,59.66,25360,25360,09690,10,21
42085000308,42,085,000308,1949,649,1284,10,1,3,2,1384,535,840,6,1,2,0,464.9,69.5,25360,25360,09690,10,21
42085000309,42,085,000309,3247,2689,530,18,1,5,4,2696,2284,392,16,1,3,0,905.62,135.39,25360,25360,09690,10,21
42085000310,42,085,000310,778,683,88,5,0,2,0,654,574,74,5,0,1,0,261,67,84376,84376,09690,10,21
42085000311,42,085,000311,2043,1885,149,2,0,3,4,1582,1485,92,2,0,2,1,531.41,79.45,34064,34064,11820,10,21
42085000312,42,085,000312,4316,4231,59,15,3,7,1,3404,3352,37,7,2,6,0,1146.65,728.48,34064,34064,11820,10,21
42085000313,42,085,000313,2269,2236,7,3,0,23,0,1752,1734,3,3,0,12,0,590.17,374.94,34064,34064,11820,10,21
42085000314,42,085,000314,5364,5236,49,31,4,43,1,4417,4329,35,23,4,26,0,1487.88,945.27,34064,34064,11820,10,21
42085000315,42,085,000315,1281,1214,59,4,3,0,1,936,905,26,2,3,0,0,315.3,200.31,34064,34064,11820,10,21
42085000316,42,085,000316,2019,1932,62,15,1,1,8,1555,1503,42,9,1,0,0,590.09,253.68,69800,69800,21420,10,21
42085000317,42,085,000317,2715,2647,25,20,3,16,4,2129,2084,19,13,1,10,2,807.91,347.32,69800,69800,21420,10,21
42085000318,42,085,000318,4978,4944,12,16,3,3,0,3683,3663,8,9,3,0,0,103,142,69936,59496,06390,10,21
42085000319,42,085,000319,4831,4780,13,0,2,36,0,3759,3728,9,0,2,20,0,622,886,31340,33784,11160,10,21
42085000320,42,085,000320,5537,5498,6,10,5,18,0,4213,4187,1,7,4,14,0,623,523,37696,83976,20220,10,21
42085000321,42,085,000321,3534,3421,65,12,12,21,3,2858,2757,65,9,8,19,0,548.38,567.37,31328,31328,11160,10,21
42085000322,42,085,000322,3200,3151,14,12,1,20,2,2411,2381,6,11,0,11,2,462.62,478.63,31328,31328,11160,10,21
42085000323,42,085,000323,3385,3363,14,4,0,4,0,2613,2596,10,3,0,4,0,716,392,13832,72440,21420,10,21
42085000324,42,085,000324,6483,6405,44,17,0,14,3,4715,4675,21,9,0,10,0,403,394,27688,63008,20220,10,21
42085000325,42,085,000325,8152,8086,20,23,6,17,0,5913,5877,10,10,5,11,0,206,180,67848,37416,13080,10,21
42085000327,42,085,000327,8039,7860,127,25,11,14,2,5979,5851,97,14,8,9,0,842,487,83496,70096,25650,10,21
42085000328,42,085,000328,4543,4298,194,17,4,23,7,3219,3145,55,3,0,14,2,505,670,31656,60336,11220,10,21
42085000329,42,085,000329,3299,3213,26,26,3,28,3,2611,2558,20,12,3,18,0,354.5,530.44,31656,31656,11220,10,21
42085000330,42,085,000330,5069,4966,32,28,6,35,2,4364,4276,22,24,6,34,2,592.5,886.56,31656,31656,11220,10,21
42085000331,42,085,000331,4350,4309,29,10,1,1,0,3064,3037,20,6,1,0,0,259,254,NA,73080,11220,10,21
42085032601,42,085,032601,5700,5616,38,25,4,11,6,4338,4269,33,18,3,11,4,358,331,48696,37904,15120,10,21
42085032602,42,085,032602,4780,4357,368,30,13,11,1,3828,3431,351,27,13,6,0,224,233,48696,48696,15120,10,21
42087009601,42,087,009601,3627,3602,1,16,1,6,1,2674,2658,0,10,0,6,0,340,445,50000,3040,15290,21,9
42087009602,42,087,009602,3320,3302,0,9,4,5,0,2450,2436,0,7,3,4,0,407,469,63976,9288,15290,21,9
42087009603,42,087,009603,4902,4883,4,3,3,9,0,3340,3333,1,1,1,4,0,234,485,5304,78392,15290,21,9
42087009604,42,087,009604,3122,3090,13,16,1,2,0,2273,2256,6,8,1,2,0,174,229,40016,81784,16020,21,9
42087009605,42,087,009605,3657,3642,0,11,3,1,0,2692,2680,0,8,3,1,0,134,139,46400,56720,15290,21,9
42087009606,42,087,009606,5646,5600,9,28,3,6,0,4334,4307,5,17,3,2,0,632,643,38640,30480,15290,21,9
42087009607,42,087,009607,2623,2595,14,4,6,4,0,2000,1981,8,3,5,3,0,357.79,374.07,43000,43000,15290,21,9
42087009608,42,087,009608,4369,4320,28,7,3,11,0,3317,3278,23,6,3,7,0,593.4,620.39,43000,43000,15290,21,9
42087009609,42,087,009609,2349,2329,8,4,0,8,0,1933,1920,5,2,0,6,0,345.81,361.54,43000,43000,15290,21,9
42087009610,42,087,009610,2194,2182,3,5,2,2,0,1719,1709,3,4,1,2,0,331,304,10256,10256,15290,21,9
42087009611,42,087,009611,7653,7574,16,26,5,32,0,5945,5900,9,16,3,17,0,1055,1032,34592,18944,15290,21,9
42087009612,42,087,009612,2735,2721,1,3,0,10,0,2008,2004,0,1,0,3,0,279,385,NA,18464,15290,21,9
42089003001,42,089,003001,8015,7630,111,212,7,49,6,5801,5551,81,128,7,34,0,421,480,NA,49080,08670,19,10
42089003002,42,089,003002,7204,6845,138,145,6,67,3,5565,5306,101,102,6,47,3,428,652,51912,4320,19500,7,10
42089003003,42,089,003003,13134,12143,329,533,17,105,7,9569,8948,214,321,12,70,4,533,834,61768,76960,19500,7,11
42089003004,42,089,003004,11344,10916,168,161,23,63,13,8233,7970,107,101,12,38,5,292,372,NA,61728,19500,19,10
42089003005,42,089,003005,4677,4494,50,91,2,32,8,3543,3403,43,69,2,22,4,511,623,NA,71344,08670,19,10
42089003006,42,089,003006,3797,3555,126,62,6,45,3,2916,2767,74,38,3,34,0,349.95,335.65,21872,21872,08670,19,11
42089003007,42,089,003007,4999,4693,178,70,7,48,3,4425,4176,143,55,5,44,2,531.05,509.35,21872,21872,08670,19,11
42089003008,42,089,003008,5259,4858,227,128,5,29,12,4246,3969,163,86,3,21,4,682,744,74888,74888,22860,19,11
42089003009,42,089,003009,4821,4627,54,69,2,68,1,3828,3715,28,37,2,46,0,544.17,707.9,3008,74880,22860,19,11
42089003010,42,089,003010,6565,6227,143,139,3,50,3,4916,4700,91,87,3,33,2,698.83,909.1,18736,74880,22860,19,11
42089003011,42,089,003011,6681,6476,71,89,9,29,7,5053,4906,59,61,8,18,1,679,815,NA,32176,22860,1,11
42089003012,42,089,003012,12494,12135,55,243,13,46,2,8869,8649,35,152,11,22,0,463,570,9000,13328,19290,1,11
42089003013,42,089,003013,6592,6456,12,104,9,11,0,4856,4779,10,54,6,7,0,451.9,479.41,NA,61928,19290,1,11
42089003014,42,089,003014,127,116,0,6,0,5,0,87,82,0,3,0,2,0,8.1,8.59,NA,61928,19290,1,11
42091002002,42,091,002002,1081,1063,14,2,0,2,0,731,721,8,2,0,0,0,101,459,9696,9696,04090,3,13
42091002008,42,091,002008,2650,2484,39,50,3,66,8,2077,1967,23,35,3,43,6,245,409,33112,33112,17280,11,13
42091002011,42,091,002011,3791,3426,134,64,7,157,3,2801,2560,89,38,7,105,2,427,580,55512,55512,17280,8,13
42091002018,42,091,002018,3120,3060,24,11,0,25,0,2630,2582,15,10,0,23,0,593.26,845.75,NA,156,02040,8,13
42091002020,42,091,002020,2679,2657,3,9,0,10,0,2049,2031,3,7,0,8,0,384,660,65568,65568,02040,8,13
42091002021,42,091,002021,4574,4318,154,62,0,37,3,3647,3431,139,46,0,29,2,1006,1185,38000,38000,12420,8,13
42091002025,42,091,002025,4315,2850,1332,49,10,71,3,3654,2578,971,38,9,56,2,971.1,1074.69,NA,12968,05760,8,13
42091002030,42,091,002030,2253,2134,31,32,2,54,0,1809,1720,30,19,2,38,0,331.95,594.44,26376,84624,19470,8,13
42091002035,42,091,002035,6454,4527,1693,75,11,138,10,5106,3718,1217,49,11,103,8,657.57,585.33,54656,54656,16980,8,13
42091002037,42,091,002037,986,760,214,5,0,7,0,982,756,214,5,0,7,0,92.89,142.64,21608,21600,16980,11,13
42091002042,42,091,002042,1294,1241,35,16,0,2,0,986,955,21,8,0,2,0,184,170,82736,82736,24480,8,13
42091002043,42,091,002043,2422,2289,73,20,1,39,0,2054,1950,60,15,1,28,0,442.95,723.21,NA,44976,14160,8,13
42091002044,42,091,002044,3337,3147,54,35,4,92,5,2563,2430,36,26,3,67,1,552.71,902.43,NA,44976,14160,8,13
42091002045,42,091,002045,4564,4283,92,78,2,104,5,3431,3225,78,57,2,67,2,739.9,1208.06,NA,44976,14160,8,13
42091002046,42,091,002046,4631,4440,29,44,1,117,0,3497,3358,25,38,1,75,0,754.13,1231.3,NA,44976,14160,8,13
42091002048,42,091,002048,5154,4984,52,31,2,83,2,4110,3991,34,21,1,61,2,886.32,1447.13,NA,44976,14160,8,13
42091002049,42,091,002049,5072,4778,125,63,3,98,5,4092,3861,102,46,3,77,3,882.44,1440.8,NA,44976,14160,8,13
42091002050,42,091,002050,2337,1878,270,58,5,123,3,2099,1695,226,54,4,117,3,452.65,739.06,9728,44976,14160,8,13
42091002051,42,091,002051,2116,1899,113,37,0,67,0,1873,1673,101,33,0,66,0,403.91,659.48,9728,44976,14160,8,13
42091002052,42,091,002052,2737,2668,24,17,0,28,0,2208,2157,19,13,0,19,0,476.16,777.44,9728,44976,14160,8,13
42091002053,42,091,002053,1731,978,699,31,5,18,0,1485,888,557,21,4,15,0,320.24,522.87,2896,44976,14160,8,13
42091002054,42,091,002054,5995,5770,56,71,2,96,0,4819,4653,44,53,2,67,0,1039.22,1696.77,2896,44976,14160,8,13
42091002056,42,091,002056,4278,4130,24,57,5,56,6,3450,3330,22,47,5,46,0,857,1084,52664,52664,14160,8,13
42091002057,42,091,002057,4292,4148,58,50,6,30,0,3436,3313,54,39,5,25,0,597,508,8568,8568,24480,8,7
42091002063,42,091,002063,4227,4081,48,22,2,70,4,3368,3248,38,20,2,58,2,309,583,15192,15192,18930,11,13
42091002064,42,091,002064,2115,2061,13,16,0,25,0,1665,1629,8,12,0,16,0,207,434,77304,77304,18930,11,13
42091002065,42,091,002065,3200,3127,27,21,3,20,2,2400,2350,15,15,2,18,0,341,719,NA,59392,18930,11,13
42091002066,42,091,002066,1326,1288,17,9,3,9,0,1001,970,15,9,2,5,0,121,262,68328,68328,18930,11,13
42091002068,42,091,002068,5169,4998,65,19,1,86,0,3999,3890,40,11,1,57,0,578,1297,21608,86496,14250,8,13
42091002073,42,091,002073,2565,2378,15,62,0,110,0,1932,1810,9,48,0,65,0,293,444,76304,76304,21870,11,13
42091002074,42,091,002074,2216,2178,6,13,4,15,0,1563,1544,1,7,2,9,0,282,441,NA,67528,21870,11,13
42091002075,42,091,002075,2719,2676,20,13,2,6,2,1928,1916,8,1,1,2,0,282,520,NA,79280,21870,11,13
42091002077,42,091,002077,431,417,7,7,0,0,0,303,297,3,3,0,0,0,37.79,56.97,31088,31088,24540,11,15
42091002078,42,091,002078,4604,4547,24,19,2,12,0,3305,3272,15,10,2,6,0,477,746,63808,79064,24540,11,15
42091002079,42,091,002079,1794,1747,11,27,0,9,0,1334,1301,7,20,0,6,0,193,255,63808,63808,24540,11,15
42091002080,42,091,002080,2460,2418,20,13,5,4,0,1826,1797,12,11,3,3,0,271,323,59120,59120,24540,11,15
42091002081,42,091,002081,3117,3034,22,42,3,16,0,2115,2072,8,25,2,8,0,246,372,21200,21200,24540,11,15
42091002083,42,091,002083,5956,5876,8,17,4,48,3,4308,4260,7,9,4,27,1,584,909,NA,53664,03960,11,15
42091002084,42,091,002084,2165,2142,5,10,2,6,0,1639,1624,4,8,2,1,0,215,389,NA,79040,03960,11,15
42091002085,42,091,002085,3396,3345,14,28,3,4,2,2476,2441,9,18,3,3,2,269,568,73312,44912,18930,11,13
42091002090,42,091,002090,1215,964,215,22,1,13,0,907,735,149,13,1,9,0,135.28,145.01,62416,62416,19680,11,6
42091002091,42,091,002091,3312,3210,71,10,0,18,3,2406,2346,46,5,0,9,0,281,468,32024,79240,19650,11,6
42091002101,42,091,002101,4124,3981,51,37,1,51,3,3114,3047,15,19,1,32,0,702.37,1126.61,57024,73088,22620,8,13
42091002102,42,091,002102,2838,2696,76,21,0,45,0,2240,2133,62,11,0,34,0,505.24,810.4,57024,73088,22620,8,13
42091002103,42,091,002103,3846,3752,23,37,2,31,1,3185,3122,15,23,2,23,0,718.38,1152.29,26376,73088,22620,8,13
42091002104,42,091,002104,4401,3999,299,38,3,62,0,3549,3246,231,28,3,41,0,800.48,1283.98,26376,73088,22620,8,13
42091002105,42,091,002105,4403,4003,289,24,1,83,3,3598,3303,221,11,1,61,1,811.53,1301.71,86776,73088,22620,8,13
42091200103,42,091,200103,3622,3389,9,24,2,198,0,2819,2668,7,18,1,125,0,484.73,1064.38,NA,45008,14190,3,13
42091200104,42,091,200104,4230,4128,5,27,0,69,1,3209,3137,5,21,0,46,0,551.79,1211.64,NA,45008,14190,3,13
42091200105,42,091,200105,2243,2134,18,17,0,74,0,1723,1644,16,15,0,48,0,296.27,650.56,NA,45008,14190,3,13
42091200106,42,091,200106,1673,1629,4,11,0,29,0,1426,1394,4,9,0,19,0,245.2,538.42,NA,45008,14190,3,13
42091200301,42,091,200301,6132,5734,237,65,7,89,0,5020,4716,184,49,5,66,0,828.62,1358.1,85408,79176,24510,3,13
42091200305,42,091,200305,1945,1943,0,0,1,1,0,1457,1455,0,0,1,1,0,240.5,394.17,NA,79176,24510,3,13
42091200306,42,091,200306,4501,4362,44,40,9,46,0,3415,3329,34,25,3,24,0,563.69,923.89,NA,79176,24510,3,13
42091200307,42,091,200307,3196,3031,106,30,2,24,3,2558,2441,74,21,2,17,3,422.23,692.04,85408,79176,24510,3,13
42091200308,42,091,200308,4075,3853,96,51,3,71,1,3191,3032,74,33,2,49,1,526.72,863.29,85408,79176,24510,3,13
42091200309,42,091,200309,2685,2632,9,13,1,30,0,2041,2010,6,9,1,15,0,336.89,552.17,85408,79176,24510,3,13
42091200310,42,091,200310,2779,2698,42,28,0,11,0,2171,2115,37,13,0,6,0,358.35,587.34,85408,79176,24510,3,13
42091200401,42,091,200401,3632,3576,13,13,7,23,0,2870,2832,7,9,4,18,0,465.21,840.11,33088,33088,11610,8,13
42091200402,42,091,200402,3750,3656,39,27,7,18,3,2818,2761,23,17,5,11,1,456.79,824.89,33088,33088,11610,8,13
42091200501,42,091,200501,3733,3639,15,26,8,45,0,2962,2896,13,16,6,31,0,341.48,618.05,35800,35808,11610,8,8
42091200502,42,091,200502,5985,5454,308,101,8,112,2,4607,4211,236,71,6,83,0,531.12,961.29,35800,35808,11610,8,8
42091200504,42,091,200504,296,247,37,9,1,2,0,280,231,37,9,1,2,0,32.28,58.42,35800,35808,11610,8,8
42091200505,42,091,200505,2954,2802,78,39,1,33,1,2420,2289,75,27,1,28,0,278.99,504.95,NA,35808,11610,8,8
42091200506,42,091,200506,3666,3404,95,25,8,134,0,2502,2336,62,18,6,80,0,288.45,522.06,47152,35808,11610,8,8
42091200507,42,091,200507,5262,4906,138,47,2,168,1,4022,3771,99,37,1,114,0,463.68,839.22,35800,35808,11610,8,8
42091200601,42,091,200601,8617,7974,145,66,10,413,9,6498,6083,104,40,6,263,2,421.69,871.45,50672,50640,17280,8,13
42091200602,42,091,200602,3562,3260,52,40,6,204,0,2763,2542,36,31,4,150,0,179.31,370.55,50672,50640,17280,8,13
42091200703,42,091,200703,4348,4016,81,29,14,207,1,3128,2892,53,24,7,151,1,393.82,614.51,NA,33120,17280,11,13
42091200704,42,091,200704,3216,2967,104,45,1,99,0,2478,2305,73,32,1,67,0,311.98,486.82,NA,33120,17280,11,13
42091200706,42,091,200706,7793,6999,248,133,8,396,9,5903,5343,184,95,6,270,5,743.2,1159.67,NA,33120,17280,11,13
42091200901,42,091,200901,4005,3689,55,80,5,173,3,3095,2882,42,57,3,108,3,497.94,656.2,41432,41432,17280,8,13
42091200902,42,091,200902,1256,1183,21,31,0,21,0,954,901,15,23,0,15,0,153.48,202.27,41432,41432,17280,8,13
42091200903,42,091,200903,4129,3791,107,90,5,136,0,3336,3087,88,66,4,91,0,536.71,707.3,41432,41432,17280,8,13
42091200905,42,091,200905,938,891,11,27,0,9,0,709,674,8,18,0,9,0,114.07,150.32,41432,41432,17280,8,13
42091200906,42,091,200906,2092,1775,72,38,2,205,0,1719,1486,51,24,1,157,0,276.56,364.46,41432,41432,17280,8,13
42091200907,42,091,200907,2775,2681,24,36,5,27,2,2081,2013,12,24,5,27,0,334.8,441.21,41432,41432,17280,8,13
42091200908,42,091,200908,1167,1091,28,22,0,26,0,935,878,17,18,0,22,0,150.43,198.24,41432,41432,17280,8,13
42091201002,42,091,201002,6070,5639,128,26,5,272,0,4143,3850,98,19,5,171,0,638.03,1157.06,55512,79056,17280,8,13
42091201003,42,091,201003,3363,2953,136,22,0,227,25,2608,2321,108,19,0,144,16,401.63,728.36,NA,79056,17280,8,13
42091201004,42,091,201004,2775,2473,115,46,0,137,4,2197,1990,78,28,0,99,2,338.34,613.58,NA,79056,17280,8,13
42091201201,42,091,201201,5118,4702,142,37,3,234,0,3920,3636,103,35,3,143,0,568.83,1212.76,73264,44920,02400,8,13
42091201203,42,091,201203,2558,2479,39,6,5,27,2,2268,2208,32,5,5,18,0,329.11,701.67,73264,44920,02400,8,13
42091201204,42,091,201204,2282,1567,639,38,1,35,2,1799,1266,488,23,0,22,0,261.05,556.57,NA,44920,02400,8,13
42091201301,42,091,201301,3406,3144,184,43,1,33,1,2753,2558,140,32,1,22,0,479.29,570.4,2264,2264,02400,8,13
42091201302,42,091,201302,3203,2796,334,44,4,23,2,2474,2171,243,38,4,17,1,430.71,512.6,2264,2264,02400,8,13
42091201404,42,091,201404,4786,4321,97,34,6,328,0,3486,3159,80,22,4,221,0,662.43,1183.62,26872,79008,24390,8,13
42091201406,42,091,201406,4437,4111,154,20,1,151,0,3438,3220,109,10,1,98,0,653.31,1167.32,26872,79008,24390,8,13
42091201407,42,091,201407,2549,1936,568,13,4,28,0,1938,1482,421,10,2,23,0,368.27,658.02,57024,79008,24390,8,13
42091201408,42,091,201408,3413,3101,13,20,1,275,3,2451,2251,10,14,1,173,2,465.75,832.2,NA,79008,24390,8,13
42091201409,42,091,201409,3875,3592,76,48,0,159,0,2979,2768,66,30,0,115,0,566.09,1011.48,47152,79008,24390,8,13
42091201410,42,091,201410,2369,2200,77,34,3,55,0,1820,1728,29,25,1,37,0,345.85,617.95,NA,79008,24390,8,13
42091201411,42,091,201411,2599,2423,112,7,4,52,1,2054,1914,90,7,3,39,1,390.31,697.41,26872,79008,24390,8,13
42091201501,42,091,201501,3336,3178,12,32,1,113,0,2849,2731,10,25,1,82,0,642.66,916.17,NA,156,02040,8,13
42091201502,42,091,201502,1715,1621,13,8,2,71,0,1372,1314,6,7,2,43,0,309.49,441.2,NA,156,02040,8,13
42091201603,42,091,201603,5435,3361,1844,91,16,118,5,4139,2626,1352,55,14,91,1,933.65,1331.01,85408,156,02040,8,13
42091201604,42,091,201604,3559,2818,585,56,0,95,5,2673,2173,397,44,0,59,0,602.96,859.58,NA,156,02040,8,13
42091201605,42,091,201605,3067,2814,164,16,9,64,0,2361,2176,120,14,5,46,0,532.58,759.24,NA,156,02040,8,13
42091201606,42,091,201606,2009,1399,568,14,0,28,0,1538,1084,429,9,0,16,0,346.93,494.59,NA,156,02040,8,13
42091201607,42,091,201607,3400,3221,115,28,2,29,5,2616,2503,70,21,2,19,1,590.1,841.25,85408,156,02040,8,13
42091201608,42,091,201608,4570,4346,41,33,5,143,2,3528,3362,39,23,3,101,0,795.82,1134.52,85408,156,02040,8,13
42091201703,42,091,201703,3139,3099,13,19,1,7,0,2391,2357,11,16,1,6,0,539.35,768.89,NA,156,02040,8,13
42091201704,42,091,201704,3460,2946,430,38,6,38,2,2569,2184,330,18,5,32,0,579.5,826.13,29808,156,02040,8,13
42091201705,42,091,201705,4727,4577,67,29,4,50,0,3503,3394,51,21,2,35,0,790.18,1126.48,29808,156,02040,8,13
42091201706,42,091,201706,4311,4040,112,39,2,111,7,3326,3146,76,25,2,73,4,750.26,1069.56,NA,156,02040,8,13
42091201901,42,091,201901,4673,4499,18,45,1,110,0,3777,3670,11,28,0,68,0,851.99,1214.6,NA,156,02040,8,13
42091201902,42,091,201902,5801,4994,550,72,10,172,3,4789,4145,449,59,9,127,0,1080.27,1540.03,NA,156,02040,8,13
42091202201,42,091,202201,4642,4380,61,35,9,156,1,3590,3408,41,23,8,109,1,954.09,1055.87,NA,12968,05760,8,13
42091202298,42,091,202298,2852,2358,171,69,4,250,0,2190,1858,118,48,2,164,0,582.02,644.11,NA,12968,05760,8,13
42091202301,42,091,202301,4001,3844,46,37,2,71,1,3153,3032,36,28,2,54,1,837.95,927.34,NA,12968,05760,8,13
42091202302,42,091,202302,2427,2028,331,15,2,51,0,1917,1634,236,10,1,36,0,509.47,563.82,NA,12968,05760,8,13
42091202401,42,091,202401,3138,516,1886,38,12,679,7,2507,498,1503,26,8,468,4,666.27,737.34,NA,12968,05760,8,13
42091202402,42,091,202402,4907,3365,1136,66,4,329,7,3698,2606,818,53,4,215,2,982.79,1087.63,NA,12968,05760,8,13
42091202602,42,091,202602,2573,2456,74,16,2,25,0,2076,1986,58,13,2,17,0,551.73,610.58,86744,12968,05760,8,13
42091202603,42,091,202603,3741,3547,91,45,4,53,1,3034,2893,69,29,3,39,1,806.33,892.34,29808,12968,05760,8,13
42091202604,42,091,202604,2327,2139,113,17,6,52,0,1871,1728,86,17,4,36,0,497.24,550.29,29808,12968,05760,8,13
42091203103,42,091,203103,2994,2843,30,21,0,100,0,2194,2106,14,9,0,65,0,402.59,720.95,61688,84624,19470,8,13
42091203104,42,091,203104,3984,3836,37,26,4,81,0,3189,3082,28,19,3,57,0,585.17,1047.91,NA,84624,19470,8,13
42091203105,42,091,203105,3982,3794,52,26,5,105,0,3070,2925,42,22,4,77,0,563.34,1008.81,NA,84624,19470,8,13
42091203106,42,091,203106,1691,1616,17,17,0,41,0,1433,1378,13,12,0,30,0,262.95,470.89,NA,84624,19470,8,13
42091203203,42,091,203203,3950,3428,222,57,2,237,4,2903,2556,158,32,2,153,2,443.84,891.61,NA,84888,02400,8,13
42091203204,42,091,203204,3169,2892,50,42,3,181,1,2452,2271,37,24,3,117,0,374.89,753.09,NA,84888,02400,8,13
42091203205,42,091,203205,2454,1974,328,32,2,118,0,1794,1457,226,20,2,89,0,274.29,551,7224,84888,02400,8,13
42091203206,42,091,203206,6047,5622,77,48,2,298,0,4683,4392,60,37,2,192,0,715.99,1438.3,7224,84888,02400,8,13
42091203302,42,091,203302,5949,5611,157,49,1,131,0,4498,4273,100,37,1,87,0,602.04,929.15,21608,21600,16980,11,13
42091203303,42,091,203303,3639,3309,253,18,5,53,1,2978,2724,196,13,5,39,1,398.6,615.17,21608,21600,16980,11,13
42091203304,42,091,203304,3256,3075,117,18,0,43,3,2782,2634,99,13,0,34,2,372.36,574.68,21608,21600,16980,11,13
42091203401,42,091,203401,6550,6179,253,43,1,73,1,5356,5088,191,25,1,50,1,506.62,777.99,83704,83696,16980,11,13
42091203402,42,091,203402,5419,5054,172,38,1,153,1,4185,3942,112,22,1,108,0,395.85,607.89,83704,83696,16980,11,13
42091203403,42,091,203403,3044,2874,60,37,0,73,0,2523,2401,48,30,0,44,0,238.65,366.48,83704,83696,16980,11,13
42091203601,42,091,203601,2666,969,1560,107,7,19,4,1934,772,1075,69,6,12,0,249.07,221.7,54656,54656,16980,8,13
42091203602,42,091,203602,4488,3678,705,40,6,53,6,3448,2905,472,25,6,40,0,444.05,395.26,54656,54656,16980,8,13
42091203801,42,091,203801,3199,2920,149,68,0,61,1,2449,2267,98,48,0,36,0,315.39,280.74,54656,54656,16980,8,13
42091203803,42,091,203803,4441,3749,444,161,3,71,13,3509,3065,282,102,3,51,6,451.9,402.25,54656,54656,16980,8,13
42091203804,42,091,203804,3024,2400,478,91,2,46,7,2189,1803,296,55,2,31,2,281.91,250.94,54656,54656,16980,8,13
42091203901,42,091,203901,3127,973,1916,192,11,28,7,2225,781,1275,141,9,19,0,286.54,255.06,54656,54656,16980,8,13
42091203902,42,091,203902,2514,1425,912,91,5,76,5,1969,1213,634,54,5,63,0,253.57,225.72,54656,54656,16980,8,13
42091204002,42,091,204002,3028,2807,180,14,1,25,1,2501,2310,155,13,1,21,1,435.14,566.11,54656,61664,19470,8,13
42091204004,42,091,204004,2636,2499,40,24,3,70,0,2119,2028,28,18,3,42,0,368.68,479.64,NA,61664,19470,8,13
42091204005,42,091,204005,1498,1402,46,11,4,35,0,1277,1196,40,7,4,30,0,222.18,289.05,61688,61664,19470,8,13
42091204007,42,091,204007,2270,1996,102,12,3,156,1,1820,1622,74,12,3,108,1,316.66,411.96,61688,61664,19470,8,13
42091204008,42,091,204008,2293,2124,82,31,1,55,0,1875,1748,67,23,1,36,0,326.23,424.41,NA,61664,19470,8,13
42091204009,42,091,204009,1560,1415,51,17,3,74,0,1235,1152,22,7,3,51,0,214.87,279.55,61688,61664,19470,8,13
42091204010,42,091,204010,2728,2580,39,12,0,97,0,2082,1982,26,8,0,66,0,362.24,471.27,NA,61664,19470,8,13
42091204101,42,091,204101,4993,4865,77,26,6,16,3,3938,3842,56,21,6,13,0,819.38,611.89,15848,15848,19470,8,13
42091204102,42,091,204102,3071,2550,476,28,7,7,3,2382,2016,341,14,5,6,0,495.62,370.11,15848,15848,19470,8,13
42091204701,42,091,204701,2179,1993,53,47,2,84,0,1718,1589,42,32,2,53,0,370.49,604.91,NA,44976,14160,8,13
42091204702,42,091,204702,3538,3347,29,52,0,109,1,2760,2627,20,32,0,80,1,595.2,971.8,NA,44976,14160,8,13
42091205501,42,091,205501,3613,2790,725,46,6,45,1,2974,2368,536,30,6,33,1,641.35,1047.15,2896,44976,14160,8,13
42091205502,42,091,205502,6028,5819,56,55,2,94,2,4592,4441,40,43,2,64,2,990.27,1616.85,59312,44976,14160,8,13
42091205503,42,091,205503,2549,2412,74,13,2,47,1,2189,2076,67,11,1,33,1,472.06,770.75,59312,44976,14160,8,13
42091205805,42,091,205805,3755,3450,60,50,5,189,1,3031,2818,40,33,5,134,1,553.59,800.62,39736,79136,24480,8,7
42091205806,42,091,205806,1689,1614,28,17,3,27,0,1317,1270,19,6,3,19,0,240.54,347.88,39736,79136,24480,8,7
42091205807,42,091,205807,1755,1557,82,42,11,62,1,1512,1362,59,31,11,49,0,276.15,399.39,39736,79136,24480,8,7
42091205808,42,091,205808,4458,4034,97,65,5,256,1,3402,3108,65,49,3,177,0,621.35,898.62,39736,79136,24480,8,7
42091205809,42,091,205809,2552,2331,60,40,9,110,2,1961,1800,48,28,8,77,0,358.16,517.99,39736,79136,24480,8,7
42091205898,42,091,205898,2501,2307,103,37,1,53,0,2406,2232,94,33,1,46,0,439.44,635.53,39736,79136,24480,8,7
42091205904,42,091,205904,1753,1561,129,23,2,36,2,1425,1279,104,19,2,21,0,260.26,376.4,NA,79136,24480,8,7
42091205905,42,091,205905,3184,2779,230,79,7,88,1,2765,2443,190,57,7,68,0,505,730.36,39736,79136,24480,8,7
42091205906,42,091,205906,1805,1668,81,17,5,34,0,1409,1302,65,12,3,27,0,257.34,372.18,39736,79136,24480,8,7
42091205998,42,091,205998,2270,2090,84,15,8,72,1,1753,1610,77,13,5,47,1,320.17,463.04,NA,79136,24480,8,7
42091206004,42,091,206004,4839,4020,634,81,5,95,4,3883,3135,606,72,5,65,0,547.68,875.5,20672,45080,14250,11,13
42091206005,42,091,206005,3956,3826,33,39,0,58,0,3018,2930,17,29,0,42,0,425.67,680.47,77520,45080,14250,11,13
42091206006,42,091,206006,2014,1940,15,4,4,51,0,1571,1529,8,4,4,26,0,221.58,354.21,3544,45080,14250,11,13
42091206007,42,091,206007,5021,4554,264,95,4,103,1,3826,3597,97,57,2,73,0,539.64,862.64,3544,45080,14250,11,13
42091206008,42,091,206008,2964,2905,7,22,0,30,0,2076,2035,7,13,0,21,0,292.81,468.07,24240,45080,14250,11,13
42091206009,42,091,206009,557,554,0,3,0,0,0,444,441,0,3,0,0,0,62.62,100.11,NA,45080,14250,11,13
42091206102,42,091,206102,3220,3061,65,36,2,54,2,2485,2384,48,19,2,32,0,317.31,542.85,NA,79256,22560,11,13
42091206104,42,091,206104,1039,1009,16,2,0,12,0,829,806,11,1,0,11,0,105.85,181.09,NA,79256,22560,11,13
42091206105,42,091,206105,1958,1899,39,7,2,11,0,1588,1537,38,6,2,5,0,202.77,346.9,NA,79256,22560,11,13
42091206106,42,091,206106,3465,3302,44,33,2,82,2,2491,2377,28,21,2,63,0,318.07,544.16,NA,79256,22560,11,13
42091206201,42,091,206201,2658,2601,27,13,1,16,0,2097,2058,20,5,1,13,0,251.32,401.37,66576,66576,22560,11,7
42091206202,42,091,206202,1800,1743,25,17,0,15,0,1299,1263,15,10,0,11,0,155.68,248.63,66576,66576,22560,11,7
42091206701,42,091,206701,4610,4534,28,33,1,14,0,3488,3434,16,27,1,10,0,265.44,594.16,71008,71016,18930,11,13
42091206702,42,091,206702,4180,915,2553,667,29,13,3,4173,913,2549,666,29,13,3,317.56,710.84,NA,71016,18930,11,13
42091206901,42,091,206901,3939,3595,120,31,1,189,3,2998,2764,77,26,1,129,1,365.83,631.57,41432,77152,17280,8,13
42091206904,42,091,206904,3970,3667,89,49,1,163,1,2852,2640,52,37,1,121,1,348.01,600.81,40608,77152,17280,8,13
42091206905,42,091,206905,2813,2605,91,25,0,91,1,1987,1854,59,16,0,58,0,242.46,418.59,40608,77152,17280,8,13
42091206906,42,091,206906,3445,3262,51,31,3,97,1,2497,2365,40,25,2,64,1,304.69,526.03,40608,77152,17280,8,13
42091207001,42,091,207001,4869,4703,94,36,1,34,1,3451,3357,53,13,1,26,1,250.71,546.95,32616,45096,21870,8,13
42091207002,42,091,207002,5864,5609,88,73,2,88,4,4051,3894,53,43,2,57,2,294.29,642.05,32616,45096,21870,8,13
42091207101,42,091,207101,3283,3231,6,13,0,32,1,2426,2390,5,8,0,22,1,297.4,642.49,32616,27280,21870,11,13
42091207102,42,091,207102,3943,3838,14,22,1,66,2,2966,2906,6,14,1,37,2,363.6,785.51,NA,27280,21870,11,13
42091207201,42,091,207201,2033,1911,10,73,0,39,0,1494,1401,8,55,0,30,0,188.07,373.83,71856,71856,21870,11,13
42091207202,42,091,207202,3924,3711,23,86,5,97,2,3026,2891,11,60,5,57,2,380.93,757.17,71856,71856,21870,11,13
42091207698,42,091,207698,3127,3081,15,18,2,10,1,2287,2255,9,16,2,5,0,285.21,430.03,31088,47592,24540,11,13
42091208201,42,091,208201,1640,1626,1,7,0,6,0,1161,1157,1,2,0,1,0,135.56,218.71,NA,19672,03960,11,15
42091208202,42,091,208202,5411,5326,31,32,0,22,0,3935,3886,13,24,0,12,0,459.44,741.29,29096,19672,03960,11,15
42091208601,42,091,208601,2894,2840,12,29,1,8,4,2103,2063,9,22,1,5,3,279.69,462.49,NA,43312,22560,11,13
42091208602,42,091,208602,3797,3723,20,23,10,20,1,2867,2819,10,18,6,13,1,381.31,630.51,66576,43312,22560,11,13
42091208701,42,091,208701,5686,5259,275,81,10,58,3,3888,3664,140,40,9,34,1,454.95,812.55,67712,45072,19650,11,13
42091208702,42,091,208702,3122,3044,15,17,1,45,0,2342,2289,11,12,1,29,0,274.05,489.45,62396,45072,19650,11,13
42091208801,42,091,208801,1077,1008,38,15,8,7,1,874,817,31,12,7,6,1,130.35,139.73,62416,62416,19680,11,6
42091208802,42,091,208802,7714,6305,954,394,17,41,3,5785,4892,628,225,11,28,1,862.81,924.89,62416,62416,19680,11,13
42091208901,42,091,208901,2904,2802,54,33,5,8,2,2295,2223,38,26,2,6,0,342.29,366.92,62416,62416,19680,11,6
42091208903,42,091,208903,2151,1634,451,56,4,6,0,1667,1299,324,37,4,3,0,248.63,266.52,62416,62416,19680,11,6
42091208904,42,091,208904,79,72,7,0,0,0,0,59,56,3,0,0,0,0,8.8,9.43,62416,62416,19680,11,6
42091208905,42,091,208905,2678,2671,4,3,0,0,0,2249,2243,3,3,0,0,0,335.43,359.57,62416,62416,19680,11,6
42091208906,42,091,208906,3357,2953,311,75,0,17,1,2564,2295,209,47,0,13,0,382.41,409.93,62416,62416,19680,11,6
42091209202,42,091,209202,1307,1181,102,18,1,5,0,987,900,73,11,1,2,0,124.1,119.24,74632,83912,19650,11,6
42091209298,42,091,209298,3178,2581,520,50,2,23,2,2266,1938,278,32,2,16,0,284.9,273.76,74632,83912,19650,11,6
42093009501,42,093,009501,3574,3546,9,5,1,13,0,2481,2467,4,3,1,6,0,159,174,81424,2664,24870,7,11
42093009502,42,093,009502,4130,3980,42,31,1,74,2,3245,3168,20,15,1,41,0,542,649,48440,46656,07320,7,11
42093009503,42,093,009503,5169,5066,21,63,0,18,1,4124,4065,10,36,0,12,1,853,727,18136,18136,07320,7,11
42093009504,42,093,009504,4862,4805,4,17,3,31,2,3564,3534,2,11,2,15,0,246,308,NA,43112,07320,7,11
42095000101,42,095,000101,3631,3381,69,115,4,59,3,2809,2646,43,74,2,41,3,569.81,402.75,6088,6088,03570,1,15
42095000102,42,095,000102,3054,2932,4,27,0,90,1,2275,2192,4,21,0,58,0,461.49,326.19,6088,6088,03570,1,15
42095000103,42,095,000103,3727,3551,64,68,2,37,5,3084,2957,46,51,2,27,1,625.59,442.18,6088,6088,03570,1,15
42095000104,42,095,000104,5019,4700,106,138,8,60,7,4073,3867,68,91,4,41,2,826.21,583.99,6088,6088,03570,1,15
42095000105,42,095,000105,4779,2051,363,2339,4,13,9,3021,1623,203,1181,4,8,2,612.81,433.15,6088,6088,03570,1,15
42095000106,42,095,000106,6806,6358,89,297,9,51,2,5569,5237,60,229,5,36,2,1129.68,798.48,6088,6088,03570,1,15
42095000107,42,095,000107,4784,4333,114,267,2,64,4,3906,3598,80,185,1,41,1,792.34,560.04,6088,6088,03570,1,15
42095000108,42,095,000108,2469,2241,45,159,2,16,6,2115,1960,39,99,2,14,1,429.03,303.25,6088,6088,03570,1,15
42095000109,42,095,000109,3533,2318,236,895,2,78,4,2580,1829,160,522,2,67,0,523.36,369.92,6088,6088,03570,1,15
42095000110,42,095,000110,4862,3714,185,639,6,312,6,4349,3483,144,428,6,285,3,882.2,623.56,6088,6088,03570,1,15
42095000111,42,095,000111,1560,1445,17,35,1,60,2,1555,1443,17,35,1,57,2,315.43,222.96,6088,6088,03570,1,15
42095000112,42,095,000112,5323,2954,155,2121,4,73,16,3976,2500,97,1310,4,60,5,806.54,570.08,6088,6088,03570,1,15
42095000113,42,095,000113,3014,1301,150,1469,1,86,7,1935,1004,91,778,0,61,1,392.52,277.44,6088,6088,03570,1,15
42095000141,42,095,000141,5444,5102,113,77,13,135,4,4621,4318,100,69,11,119,4,817.76,545.94,21648,21648,08850,1,15
42095000142,42,095,000142,5743,5125,286,206,10,96,20,4261,3887,166,141,5,61,1,754.05,503.4,21648,21648,08850,1,15
42095000143,42,095,000143,4371,3408,491,377,2,85,8,3319,2655,349,252,2,57,4,587.35,392.11,21648,21648,08850,1,15
42095000144,42,095,000144,2254,1857,234,115,9,31,8,1941,1641,181,83,6,27,3,343.49,229.31,21648,21648,08850,1,15
42095000145,42,095,000145,3108,2257,598,229,2,10,12,2149,1682,336,122,1,6,2,380.3,253.89,21648,21648,08850,1,15
42095000146,42,095,000146,2851,2224,455,103,3,59,7,1996,1618,276,65,1,36,0,353.22,235.81,21648,21648,08850,1,15
42095000147,42,095,000147,2505,2174,256,52,0,14,9,1909,1692,176,31,0,9,1,337.83,225.53,21648,21648,08850,1,15
42095000152,42,095,000152,7825,7738,12,38,8,27,2,5929,5873,8,23,7,18,0,789,668,4032,4032,03000,1,15
42095000153,42,095,000153,3878,3828,7,34,1,5,3,3035,3012,3,15,1,4,0,475,545,66168,81296,03000,1,15
42095000154,42,095,000154,3187,3151,3,22,5,6,0,2338,2317,1,13,3,4,0,432,398,NA,45016,03000,1,15
42095000155,42,095,000155,5403,5361,5,22,4,9,2,4090,4068,3,14,1,3,1,771,743,58696,61088,18570,1,15
42095000156,42,095,000156,3530,3469,13,20,1,25,2,2665,2625,6,16,1,17,0,555,548,58696,58696,18570,1,15
42095000157,42,095,000157,2744,2702,13,13,1,10,5,2129,2095,11,11,1,7,4,386,300,85664,85664,18570,1,15
42095000158,42,095,000158,5550,5496,9,15,1,28,1,4042,4018,5,8,1,9,1,653,719,21400,10400,16380,1,15
42095000161,42,095,000161,2057,2033,0,9,3,12,0,1564,1545,0,6,2,11,0,187,197,80800,80800,17670,1,15
42095000163,42,095,000163,2880,2849,4,20,0,7,0,2171,2152,4,10,0,5,0,700,421,54872,54872,05160,1,15
42095000164,42,095,000164,2626,2605,2,14,0,5,0,1978,1966,1,10,0,1,0,370,323,NA,948,17370,1,15
42095000165,42,095,000165,4620,4530,12,41,3,30,4,3449,3395,5,26,3,18,2,563,641,NA,20736,17370,1,15
42095000166,42,095,000166,2358,2285,21,48,3,0,1,1723,1682,13,25,3,0,0,219,226,4432,4432,17370,1,15
42095000167,42,095,000167,3403,3346,17,24,2,12,2,2854,2808,17,19,1,9,0,496,358,21400,79192,16380,1,15
42095000168,42,095,000168,5713,5646,2,36,11,17,1,4571,4525,1,27,8,10,0,994,794,52808,52808,16380,1,15
42095000169,42,095,000169,4483,4395,28,22,5,29,4,3139,3088,21,14,3,13,0,458,530,NA,45024,16380,1,15
42095000170,42,095,000170,1514,1502,7,4,0,1,0,1196,1191,3,2,0,0,0,104,77,74232,74232,16380,1,15
42095000171,42,095,000171,5923,5752,45,49,1,71,5,4458,4347,34,27,1,47,2,803,1023,21648,26728,08850,1,15
42095000172,42,095,000172,6465,6116,122,133,3,87,4,4952,4722,78,87,3,62,0,781.86,687.92,85592,85592,26550,1,15
42095000173,42,095,000173,2528,2395,81,42,3,7,0,1901,1841,26,26,2,6,0,300.14,264.08,82832,82832,26550,1,15
42095000178,42,095,000178,1946,1824,45,56,1,19,1,1531,1445,32,43,1,9,1,306,134,27760,27760,03570,1,15
42095000181,42,095,000181,4373,4277,38,32,3,19,4,3271,3212,26,21,3,8,1,497,616,29568,85256,26550,1,15
42095000182,42,095,000182,0,0,0,0,0,0,0,0,0,0,0,0,0,0,0,0,NA,32432,03570,1,15
42095015198,42,095,015198,5992,5924,6,29,8,25,0,4607,4559,3,23,8,14,0,674,911,62264,79184,03000,1,15
42095015901,42,095,015901,5218,5170,3,38,1,6,0,4010,3981,1,23,1,4,0,582.41,641.82,12656,50824,17370,1,15
42095015902,42,095,015902,3394,3354,10,6,1,23,0,2469,2447,4,4,1,13,0,358.59,395.18,NA,50824,17370,1,15
42095016001,42,095,016001,4977,4917,17,28,2,13,0,3631,3599,7,16,2,7,0,517.52,514.9,NA,42424,17370,1,15
42095016002,42,095,016002,4317,4265,3,34,4,11,0,3301,3269,0,25,2,5,0,470.48,468.1,NA,42424,17370,1,15
42095016201,42,095,016201,5024,4976,9,24,2,12,1,3968,3936,7,15,2,8,0,672.23,402.05,54696,54696,17370,1,15
42095016202,42,095,016202,3680,3614,9,36,1,20,0,2832,2789,4,26,1,12,0,479.77,286.95,54696,54696,17370,1,15
42095017401,42,095,017401,3215,3128,22,18,2,42,3,2487,2429,12,16,2,28,0,528.61,560.88,NA,57672,08850,1,15
42095017402,42,095,017402,4264,4147,25,58,4,29,1,3367,3293,19,36,3,15,1,715.65,759.34,57680,57672,08850,1,15
42095017501,42,095,017501,3359,3282,45,25,0,7,0,2753,2702,29,18,0,4,0,585.14,620.86,57680,57672,08850,1,15
42095017502,42,095,017502,4127,3988,29,34,4,68,4,3108,3018,22,24,4,37,3,660.6,700.92,56624,57672,08850,1,15
42095017601,42,095,017601,6734,6351,85,127,3,164,4,4942,4704,48,88,3,97,2,800.02,630.23,NA,6096,03570,1,15
42095017602,42,095,017602,5653,5400,59,150,1,43,0,4191,4025,39,102,1,24,0,678.44,534.46,49144,6096,03570,1,15
42095017603,42,095,017603,4038,3816,49,142,0,30,1,3092,2958,31,87,0,16,0,500.54,394.31,49144,6096,03570,1,15
42095017701,42,095,017701,4757,4492,35,72,0,158,0,3558,3389,19,51,0,99,0,540.43,797.96,NA,32432,03570,1,15
42095017702,42,095,017702,2403,2324,5,43,3,27,1,1913,1858,3,25,3,23,1,290.57,429.04,NA,32432,03570,1,15
42095017901,42,095,017901,3319,3218,6,86,4,5,0,2706,2631,6,63,3,3,0,692.82,491.68,33744,33744,11730,1,15
42095017902,42,095,017902,2343,2322,0,20,0,1,0,1895,1882,0,13,0,0,0,485.18,344.32,33744,33744,11730,1,15
42095018001,42,095,018001,3800,3650,17,121,3,9,0,2884,2790,13,75,3,3,0,568.4,552.47,49144,45104,11730,1,15
42095018002,42,095,018002,4648,4457,18,78,1,90,4,3636,3509,15,51,1,60,0,716.6,696.53,6088,45104,11730,1,15
42097009601,42,097,009601,4214,4159,20,17,9,8,1,3045,3021,6,9,5,4,0,178,253,77832,77830,15480,16,11
42097009602,42,097,009602,6601,6547,11,21,10,9,3,4994,4964,6,12,7,5,0,372,496,81616,18696,24870,16,6
42097009603,42,097,009603,6934,6715,143,42,6,20,8,5233,5098,96,20,5,14,0,735,855,50016,50016,15480,16,6
42097009604,42,097,009604,3786,3736,24,10,2,11,3,2864,2838,12,4,2,7,1,230,335,50016,82712,15480,16,6
42097009605,42,097,009605,3478,3462,0,13,3,0,0,2695,2684,0,8,3,0,0,352,558,NA,61832,21540,16,6
42097009606,42,097,009606,3860,3824,5,22,1,7,1,2987,2965,5,13,1,3,0,496,696,55456,55456,21540,16,6
42097009607,42,097,009607,3088,3055,9,9,3,11,1,2318,2293,7,9,2,7,0,120,206,65112,65112,07320,16,11
42097009608,42,097,009608,5738,5699,3,20,1,15,0,4334,4305,1,16,0,12,0,255,341,23472,63328,22260,16,11
42097009609,42,097,009609,3516,3487,4,22,0,3,0,2795,2774,4,15,0,2,0,1268,476,47480,51504,15990,7,11
42097009610,42,097,009610,3952,3932,0,12,4,4,0,3140,3125,0,9,2,4,0,885.53,385.75,51496,51496,15990,7,11
42097009611,42,097,009611,3244,3210,3,16,1,12,2,2615,2593,3,10,1,8,0,737.47,321.25,51496,51496,15990,7,11
42097009612,42,097,009612,4334,4323,1,5,0,5,0,3543,3535,1,4,0,3,0,1088.03,582.39,47736,14536,21240,7,11
42097009613,42,097,009613,2954,2945,0,3,1,5,0,2344,2336,0,2,1,5,0,719.82,385.3,22528,14536,21240,7,11
42097009614,42,097,009614,2632,2618,1,6,0,7,0,2052,2047,0,2,0,3,0,630.15,337.3,24948,14536,21240,7,11
42097009615,42,097,009615,2815,2801,1,5,0,8,0,2275,2266,0,4,0,5,0,595.58,454.49,69600,69600,21240,7,11
42097009616,42,097,009616,3594,3556,4,28,1,5,0,2734,2715,4,9,1,5,0,715.75,546.19,69600,69600,21240,7,11
42097009617,42,097,009617,2777,2769,1,4,0,3,0,2134,2127,1,3,0,3,0,558.67,426.32,69600,69600,21240,7,11
42097009618,42,097,009618,3672,3653,1,5,6,6,1,2784,2770,1,2,4,6,1,48,61,77448,87280,14460,16,11
42097009619,42,097,009619,5733,5622,36,59,2,11,3,4329,4254,24,43,2,4,2,183,335,75304,78744,21540,16,6
42097009620,42,097,009620,4245,4130,23,76,9,6,1,3097,3042,11,39,3,2,0,428.73,554.67,75304,75304,21540,16,6
42097009621,42,097,009621,2957,2897,5,49,1,4,1,2335,2292,3,35,1,4,0,323.25,418.19,75304,75304,21540,16,6
42097009622,42,097,009622,4390,4302,8,69,6,5,0,3323,3278,6,34,2,3,0,460.02,595.14,75304,75304,21540,16,6
42097009623,42,097,009623,5024,4999,5,9,7,4,0,3763,3746,3,9,5,0,0,81,116,34080,44960,14460,16,11
42097009624,42,097,009624,3233,3218,3,10,1,1,0,2607,2597,2,6,1,1,0,1111,432,40584,40584,15990,7,11
42097009625,42,097,009625,0,0,0,0,0,0,0,0,0,0,0,0,0,0,118,145,NA,44856,14460,16,6
42099000301,42,099,000301,4472,4434,7,17,2,12,0,3363,3338,6,12,2,5,0,134,236,43968,31440,11190,16,17
42099000302,42,099,000302,7318,7251,5,40,10,11,1,5348,5308,1,24,7,7,1,69,102,53968,38616,16890,16,17
42099000304,42,099,000304,4561,4535,5,11,2,8,0,3449,3431,3,8,2,5,0,234,303,47968,47968,23040,16,17
42099000307,42,099,000307,0,0,0,0,0,0,0,0,0,0,0,0,0,0,0,0,NA,58856,23040,16,17
42099030301,42,099,030301,4733,4690,2,24,11,6,0,3578,3549,2,16,8,3,0,273,447,20240,58856,23040,16,17
42099030302,42,099,030302,4394,4353,1,22,3,10,5,3129,3105,1,13,1,5,4,301,397,53320,84368,23040,16,17
42099030501,42,099,030501,4597,4546,5,33,9,4,0,3246,3214,4,22,3,3,0,336,535,NA,11416,25740,16,17
42099030502,42,099,030502,4731,4690,17,11,2,11,0,3428,3408,5,7,2,6,0,193,318,7040,12360,25740,16,9
42099030601,42,099,030601,3737,3639,53,34,6,5,0,2656,2620,9,19,6,2,0,216,252,41272,68032,25740,16,9
42099030602,42,099,030602,2629,2620,0,2,4,2,1,1877,1870,0,2,4,1,0,54,92,6824,76920,25740,16,9
42101000001,42,101,000001,2073,1756,240,36,7,33,1,2022,1716,231,35,7,32,1,624.25,308.69,60000,60000,18990,13,3
42101000002,42,101,000002,1403,179,134,24,0,1066,0,1161,169,132,20,0,840,0,358.44,177.25,60000,60000,18990,13,1
42101000003,42,101,000003,2427,1968,295,59,11,91,3,2294,1862,281,55,10,85,1,708.23,350.22,60000,60000,18990,23,2
42101000004,42,101,000004,3206,2633,360,72,9,130,2,3145,2606,343,68,9,117,2,970.96,480.14,60000,60000,18990,23,2
42101000005,42,101,000005,1055,685,197,35,8,130,0,999,669,187,34,6,103,0,308.42,152.51,60000,60000,18990,13,1
42101000006,42,101,000006,349,214,104,23,1,7,0,336,204,101,23,1,7,0,103.73,51.3,60000,60000,18990,13,1
42101000007,42,101,000007,3069,2699,194,69,3,99,5,2997,2649,179,67,3,94,5,925.27,457.54,60000,60000,18990,23,2
42101000008,42,101,000008,7637,6896,304,152,12,270,3,7342,6642,287,143,10,258,2,2266.7,1120.89,60000,60000,18990,23,2
42101000009,42,101,000009,4234,3179,454,170,12,412,7,4103,3101,419,163,12,401,7,1266.72,626.4,60000,60000,18990,13,1
42101000010,42,101,000010,5715,5330,157,101,3,118,6,5195,4854,138,90,3,105,5,1603.86,793.11,60000,60000,18990,13,1
42101000011,42,101,000011,5594,4776,483,134,13,185,3,5315,4552,439,128,13,180,3,1640.91,811.43,60000,60000,18990,13,1
42101000012,42,101,000012,8452,7424,593,199,17,209,10,7801,6847,560,176,13,195,10,2408.41,1190.96,60000,60000,18990,23,2
42101000013,42,101,000013,4520,1027,3384,61,12,28,8,3619,920,2617,48,12,21,1,1117.3,552.5,60000,60000,18990,13,1
42101000014,42,101,000014,3763,944,2701,61,3,48,6,3130,885,2145,56,3,38,3,966.33,477.85,60000,60000,18990,23,1
42101000015,42,101,000015,2537,1309,1130,46,4,47,1,2091,1196,817,41,3,33,1,645.56,319.23,60000,60000,18990,13,1
42101000016,42,101,000016,1943,1663,180,58,2,36,4,1741,1493,165,54,2,23,4,537.5,265.79,60000,60000,18990,13,3
42101000017,42,101,000017,2493,1912,498,42,4,28,9,2156,1713,375,35,4,25,4,665.62,329.15,60000,60000,18990,13,1
42101000018,42,101,000018,3247,1693,1425,53,8,68,0,2556,1546,906,38,3,63,0,789.12,390.22,60000,60000,18990,13,1
42101000019,42,101,000019,2419,107,2252,37,14,9,0,1868,105,1721,23,12,7,0,576.71,285.18,60000,60000,18990,13,1
42101000020,42,101,000020,2516,24,2458,7,4,23,0,1813,23,1771,5,4,10,0,559.73,276.79,60000,60000,18990,13,2
42101000021,42,101,000021,2636,14,2600,13,2,7,0,1910,14,1879,9,1,7,0,589.68,291.6,60000,60000,18990,13,2
42101000022,42,101,000022,2195,280,1856,32,5,21,1,1733,266,1414,26,5,21,1,535.03,264.57,60000,60000,18990,13,2
42101000023,42,101,000023,2529,2113,102,93,2,219,0,2116,1832,76,77,2,129,0,653.28,323.04,60000,60000,18990,13,1
42101000024,42,101,000024,4311,3112,661,211,5,315,7,3590,2746,467,148,5,219,5,1108.35,548.08,60000,60000,18990,13,1
42101000025,42,101,000025,3435,1512,1824,89,5,3,2,2593,1314,1208,62,4,3,2,800.54,395.87,60000,60000,18990,13,1
42101000026,42,101,000026,0,0,0,0,0,0,0,0,0,0,0,0,0,0,0,0,60000,60000,18990,13,1
42101000027,42,101,000027,7365,5247,881,596,3,629,9,5717,4319,614,368,3,407,6,1765.02,872.8,60000,60000,18990,13,1
42101000028,42,101,000028,8968,7394,363,356,2,852,1,7286,6237,240,250,1,557,1,2249.42,1112.34,60000,60000,18990,13,1
42101000029,42,101,000029,4017,3876,31,65,1,40,4,3457,3345,29,49,1,30,3,1067.28,527.77,60000,60000,18990,13,1
42101000030,42,101,000030,8364,2538,3948,180,17,1668,13,6296,2252,2817,143,12,1066,6,1943.77,961.2,60000,60000,18990,13,2
42101000031,42,101,000031,5902,117,5652,45,20,64,4,4344,112,4135,31,19,45,2,1341.13,663.19,60000,60000,18990,13,2
42101000032,42,101,000032,6147,1226,4810,75,10,22,4,4384,932,3387,44,5,14,2,1353.48,669.29,60000,60000,18990,13,2
42101000033,42,101,000033,6128,3914,2106,86,12,5,5,4490,3043,1383,50,10,3,1,1386.2,685.48,60000,60000,18990,13,2
42101000034,42,101,000034,466,128,237,1,0,100,0,345,112,168,1,0,64,0,106.51,52.67,60000,60000,18990,13,2
42101000035,42,101,000035,95,95,0,0,0,0,0,85,85,0,0,0,0,0,26.24,12.98,60000,60000,18990,13,2
42101000036,42,101,000036,7429,2636,4644,50,8,90,1,4839,2214,2522,36,5,61,1,1493.95,738.76,60000,60000,18990,13,2
42101000037,42,101,000037,10373,6167,3658,100,8,433,7,7729,5097,2318,57,6,248,3,2386.18,1179.97,60000,60000,18990,13,1
42101000039,42,101,000039,11853,11433,68,145,4,199,4,9928,9608,50,116,3,148,3,3065.08,1515.68,60000,60000,18990,13,1
42101000040,42,101,000040,9447,9300,36,69,5,37,0,7916,7802,25,55,4,30,0,2443.92,1208.52,60000,60000,18990,13,1
42101000041,42,101,000041,13326,9935,1854,422,15,1054,46,9882,7744,1268,242,13,596,19,3050.88,1508.66,60000,60000,18990,13,1
42101000042,42,101,000042,11081,10110,374,251,10,332,4,8232,7634,242,155,6,193,2,2541.48,1256.76,60000,60000,18990,13,1
42101000043,42,101,000043,46,46,0,0,0,0,0,38,38,0,0,0,0,0,11.73,5.8,60000,60000,18990,13,1
42101000044,42,101,000044,1078,745,235,16,3,79,0,832,594,183,8,1,46,0,256.86,127.02,60000,60000,18990,13,1
42101000045,42,101,000045,3255,3215,5,18,0,17,0,2740,2704,5,18,0,13,0,845.92,418.31,60000,60000,18990,13,1
42101000046,42,101,000046,2391,69,2261,56,4,1,0,1150,52,1063,32,2,1,0,355.04,175.57,60000,60000,18990,13,1
42101000048,42,101,000048,526,520,6,0,0,0,0,471,465,6,0,0,0,0,145.41,71.91,60000,60000,18990,13,1
42101000049,42,101,000049,0,0,0,0,0,0,0,0,0,0,0,0,0,0,0,0,60000,60000,18990,13,1
42101000050,42,101,000050,2229,1525,438,125,18,123,0,1521,1066,300,74,12,69,0,469.58,232.21,60000,60000,18990,13,1
42101000051,42,101,000051,1165,662,349,93,5,53,3,808,471,245,54,2,33,3,249.45,123.36,60000,60000,18990,13,1
42101000052,42,101,000052,53,20,22,2,0,9,0,42,20,14,2,0,6,0,12.97,6.41,60000,60000,18990,12,1
42101000054,42,101,000054,1271,334,869,36,4,26,2,1031,302,674,29,2,22,2,318.3,157.4,60000,60000,18990,12,1
42101000055,42,101,000055,6293,2813,3262,79,9,121,9,4899,2265,2473,63,7,85,6,1512.47,747.92,60000,60000,18990,12,1
42101000056,42,101,000056,1217,125,1052,21,5,14,0,825,108,689,16,2,10,0,254.7,125.95,60000,60000,18990,12,1
42101000057,42,101,000057,3,0,0,3,0,0,0,3,0,0,3,0,0,0,0.93,0.46,60000,60000,18990,12,1
42101000058,42,101,000058,32,15,8,0,0,9,0,28,15,6,0,0,7,0,8.64,4.27,60000,60000,18990,12,1
42101000059,42,101,000059,0,0,0,0,0,0,0,0,0,0,0,0,0,0,0,0,60000,60000,18990,12,1
42101000060,42,101,000060,6554,5689,655,69,7,129,5,5108,4462,504,50,7,82,3,1577,779.83,60000,60000,18990,12,1
42101000061,42,101,000061,3146,2503,594,24,8,17,0,2495,1955,496,21,6,17,0,770.28,380.91,60000,60000,18990,12,1
42101000062,42,101,000062,4038,3946,11,26,4,50,1,3027,2968,5,13,4,37,0,934.53,462.12,60000,60000,18990,12,1
42101000063,42,101,000063,4709,2513,1773,59,7,354,3,3094,1881,983,36,6,186,2,955.21,472.35,60000,60000,18990,12,1
42101000064,42,101,000064,4512,3310,774,39,22,361,6,3330,2515,569,33,13,197,3,1028.07,508.38,60000,60000,18990,12,1
42101000065,42,101,000065,6283,108,6053,44,15,63,0,4252,103,4062,33,13,41,0,1312.73,649.14,60000,60000,18990,23,2
42101000066,42,101,000066,4218,1595,2302,61,6,251,3,2844,1295,1341,36,6,165,1,878.03,434.19,60000,60000,18990,12,1
42101000067,42,101,000067,6431,6132,184,46,8,58,3,4964,4760,117,36,7,41,3,1532.54,757.84,60000,60000,18990,12,1
42101000068,42,101,000068,0,0,0,0,0,0,0,0,0,0,0,0,0,0,0,0,60000,60000,18990,12,1
42101000069,42,101,000069,2520,250,2234,16,9,10,1,1577,228,1323,11,5,9,1,486.87,240.76,60000,60000,18990,12,1
42101000070,42,101,000070,5374,104,5199,44,6,18,3,3571,94,3429,24,6,17,1,1102.48,545.18,60000,60000,18990,23,2
42101000071,42,101,000071,9952,287,9461,108,9,81,6,6809,265,6410,78,8,46,2,2102.15,1039.51,60000,60000,18990,23,2
42101000072,42,101,000072,6112,114,5897,47,13,33,8,4260,103,4082,34,12,25,4,1315.19,650.36,60000,60000,18990,23,2
42101000073,42,101,000073,3722,57,3531,19,27,84,4,2607,54,2476,16,14,44,3,804.86,398,60000,60000,18990,23,2
42101000074,42,101,000074,5445,90,5268,37,15,33,2,3874,83,3726,29,12,22,2,1196.02,591.43,60000,60000,18990,13,2
42101000075,42,101,000075,0,0,0,0,0,0,0,0,0,0,0,0,0,0,0,0,60000,60000,18990,23,2
42101000076,42,101,000076,416,188,222,3,0,1,2,356,159,196,1,0,0,0,109.91,54.35,60000,60000,18990,13,2
42101000077,42,101,000077,2253,1132,859,39,2,220,1,1965,1083,651,28,2,201,0,606.66,299.99,60000,60000,18990,13,2
42101000078,42,101,000078,4776,1965,2430,113,17,232,19,3980,1750,1952,98,15,153,12,1228.75,607.62,60000,60000,18990,23,2
42101000079,42,101,000079,4729,1907,2463,90,9,253,7,3953,1707,1975,74,7,187,3,1220.41,603.5,60000,60000,18990,23,2
42101000080,42,101,000080,5031,166,4780,20,20,41,4,3831,150,3618,16,16,29,2,1182.75,584.87,60000,60000,18990,23,2
42101000081,42,101,000081,9314,91,9102,69,15,31,6,6894,88,6722,45,12,23,4,2128.39,1052.49,60000,60000,18990,23,2
42101000082,42,101,000082,8020,109,7771,41,32,50,17,6188,104,5994,26,25,33,6,1910.43,944.71,60000,60000,18990,23,2
42101000083,42,101,000083,10336,155,9911,62,28,176,4,8114,136,7740,47,27,160,4,2505.05,1238.75,60000,60000,18990,23,2
42101000084,42,101,000084,5286,57,5143,40,16,29,1,4021,53,3904,30,12,21,1,1241.41,613.88,60000,60000,18990,23,2
42101000085,42,101,000085,7761,94,7508,76,9,66,8,5821,80,5638,53,8,41,1,1797.12,888.68,60000,60000,18990,23,2
42101000086,42,101,000086,6685,1293,4489,126,23,735,19,5167,1185,3410,101,18,440,13,1595.21,788.83,60000,60000,18990,23,2
42101000087,42,101,000087,7249,4009,1515,247,36,1420,22,6530,3825,1251,217,27,1195,15,2016.01,996.92,60000,60000,18990,13,2
42101000088,42,101,000088,9190,6198,1162,346,59,1397,28,8874,6111,1018,338,52,1335,20,2739.68,1354.77,60000,60000,18990,13,2
42101000089,42,101,000089,2786,1909,295,148,22,410,2,2701,1883,246,142,22,407,1,833.88,412.36,60000,60000,18990,13,2
42101000090,42,101,000090,4473,3220,817,88,17,322,9,4220,3130,682,73,17,311,7,1302.85,644.26,60000,60000,18990,23,2
42101000091,42,101,000091,2968,1125,1651,43,6,140,3,2669,1063,1428,38,6,132,2,824,407.47,60000,60000,18990,23,2
42101000092,42,101,000092,3197,154,2914,20,4,102,3,2158,147,1934,13,4,58,2,666.24,329.46,60000,60000,18990,23,2
42101000093,42,101,000093,4922,52,4740,83,20,25,2,3745,43,3616,51,16,17,2,1156.2,571.74,60000,60000,18990,23,2
42101000094,42,101,000094,4226,26,4121,47,15,13,4,3090,26,3001,36,15,9,3,953.98,471.74,60000,60000,18990,23,2
42101000095,42,101,000095,3877,18,3786,33,15,15,10,2917,18,2851,18,12,12,6,900.57,445.33,60000,60000,18990,23,2
42101000096,42,101,000096,4915,176,4631,45,11,45,7,3674,157,3443,36,8,27,3,1134.28,560.9,60000,60000,18990,23,2
42101000097,42,101,000097,89,75,10,2,0,2,0,77,66,8,2,0,1,0,23.77,11.76,60000,60000,18990,8,2
42101000098,42,101,000098,7271,6645,153,82,7,374,10,5939,5496,106,62,4,264,7,1833.55,906.69,60000,60000,18990,8,2
42101000099,42,101,000099,366,288,72,1,0,5,0,297,233,61,1,0,2,0,91.69,45.34,60000,60000,18990,8,2
42101000100,42,101,000100,3882,3464,257,82,6,72,1,3250,2966,165,72,4,42,1,1003.38,496.17,60000,60000,18990,8,2
42101000101,42,101,000101,6389,448,5751,94,39,42,15,4787,390,4271,56,33,29,8,1477.9,730.82,60000,60000,18990,23,2
42101000102,42,101,000102,3231,10,3165,31,3,21,1,2345,10,2301,17,3,13,1,723.97,358.01,60000,60000,18990,23,2
42101000103,42,101,000103,2933,33,2851,18,10,20,1,2134,31,2074,9,8,11,1,658.83,325.79,60000,60000,18990,23,2
42101000104,42,101,000104,4251,191,4002,23,19,14,2,3057,161,2865,10,9,11,1,943.79,466.71,60000,60000,18990,23,2
42101000105,42,101,000105,4535,70,4412,32,9,9,3,2958,60,2865,18,5,8,2,913.23,451.59,60000,60000,18990,23,2
42101000106,42,101,000106,1622,36,1562,14,4,3,3,1302,31,1252,11,3,3,2,401.97,198.77,60000,60000,18990,23,2
42101000107,42,101,000107,4166,44,4031,31,7,52,1,2976,40,2875,24,5,31,1,918.78,454.34,60000,60000,18990,23,2
42101000108,42,101,000108,4727,67,4582,43,11,19,5,3322,62,3203,30,8,15,4,1025.61,507.16,60000,60000,18990,23,2
42101000109,42,101,000109,2503,90,2361,33,5,12,2,1717,88,1596,22,3,8,0,530.09,262.13,60000,60000,18990,23,2
42101000110,42,101,000110,4591,69,4420,47,24,27,4,3279,66,3156,23,16,17,1,1012.33,500.6,60000,60000,18990,23,2
42101000111,42,101,000111,5333,294,4951,51,9,26,2,3826,262,3507,29,7,19,2,1181.21,584.11,60000,60000,18990,23,2
42101000112,42,101,000112,6547,55,6405,51,21,14,1,4766,52,4653,34,16,10,1,1471.41,727.61,60000,60000,18990,23,2
42101000113,42,101,000113,3545,35,3470,13,13,8,6,2737,34,2671,10,9,8,5,845,417.85,60000,60000,18990,23,2
42101000114,42,101,000114,7232,611,6374,107,29,102,9,5547,523,4840,77,24,79,4,1712.53,846.85,60000,60000,18990,8,2
42101000115,42,101,000115,3776,3572,95,46,9,53,1,3020,2873,70,33,7,37,0,932.37,461.06,60000,60000,18990,8,2
42101000116,42,101,000116,2997,2361,478,69,12,75,2,2506,2004,377,52,11,60,2,773.68,382.59,60000,60000,18990,8,2
42101000117,42,101,000117,2088,1074,911,62,8,27,6,1771,955,721,58,5,27,5,546.76,270.37,60000,60000,18990,23,2
42101000118,42,101,000118,7059,246,6719,56,29,8,1,5260,205,4995,36,15,8,1,1623.93,803.03,60000,60000,18990,23,2
42101000119,42,101,000119,6302,216,5984,62,14,25,1,4646,196,4387,39,10,13,1,1434.37,709.29,60000,60000,18990,23,2
42101000120,42,101,000120,1781,479,1223,21,3,38,17,1457,443,943,19,3,36,13,449.82,222.44,60000,60000,18990,23,2
42101000121,42,101,000121,3007,1614,1294,47,9,42,1,2609,1531,992,43,8,34,1,805.48,398.31,60000,60000,18990,23,2
42101000122,42,101,000122,6955,5449,1126,108,12,256,4,6671,5300,1033,103,12,221,2,2059.55,1018.45,60000,60000,18990,23,2
42101000123,42,101,000123,117,17,97,3,0,0,0,87,15,71,1,0,0,0,26.86,13.28,60000,60000,18990,23,2
42101000124,42,101,000124,8,2,6,0,0,0,0,8,2,6,0,0,0,0,2.47,1.22,60000,60000,18990,23,2
42101000125,42,101,000125,3612,2912,441,137,7,108,7,3459,2831,388,123,7,104,6,1067.9,528.08,60000,60000,18990,23,2
42101000126,42,101,000126,635,360,144,93,1,30,7,549,341,118,65,1,22,2,169.49,83.81,60000,60000,18990,13,1
42101000127,42,101,000127,399,57,300,39,1,0,2,309,55,221,30,1,0,2,95.4,47.17,60000,60000,18990,13,1
42101000128,42,101,000128,163,138,18,4,0,3,0,151,129,17,2,0,3,0,46.62,23.05,60000,60000,18990,13,3
42101000129,42,101,000129,430,343,54,29,0,4,0,393,317,47,25,0,4,0,121.33,60,60000,60000,18990,13,3
42101000130,42,101,000130,1009,338,511,153,4,3,0,806,311,397,92,3,3,0,248.84,123.05,60000,60000,18990,13,1
42101000131,42,101,000131,2200,47,2000,132,9,8,4,1426,46,1294,73,5,6,2,440.25,217.7,60000,60000,18990,13,1
42101000132,42,101,000132,4166,141,3801,132,8,77,7,2643,130,2354,97,7,51,4,815.98,403.5,60000,60000,18990,13,1
42101000133,42,101,000133,2264,464,1145,625,13,10,7,1729,438,841,425,12,10,3,533.8,263.96,60000,60000,18990,23,2
42101000134,42,101,000134,5401,3768,743,797,11,73,9,4744,3511,609,537,11,72,4,1464.62,724.26,60000,60000,18990,13,2
42101000135,42,101,000135,3726,1361,1919,385,9,42,10,2841,1221,1320,250,8,35,7,877.11,433.73,60000,60000,18990,13,2
42101000136,42,101,000136,5882,5273,383,124,12,86,4,5190,4694,299,108,9,77,3,1602.31,792.35,60000,60000,18990,13,2
42101000137,42,101,000137,6573,465,5975,92,10,25,6,4600,394,4114,63,7,20,2,1420.16,702.27,60000,60000,18990,23,2
42101000138,42,101,000138,2941,81,2826,23,3,7,1,2143,67,2053,13,3,7,0,661.61,327.17,60000,60000,18990,23,2
42101000139,42,101,000139,4785,413,4217,105,12,31,7,2914,293,2522,71,9,15,4,899.64,444.87,60000,60000,18990,23,2
42101000140,42,101,000140,3594,106,3357,99,7,24,1,2612,100,2416,72,6,17,1,806.41,398.77,60000,60000,18990,13,1
42101000141,42,101,000141,2768,230,2252,265,14,4,3,1786,228,1363,178,11,4,2,551.39,272.66,60000,60000,18990,13,1
42101000142,42,101,000142,2190,1287,416,446,9,29,3,1778,1130,309,308,6,24,1,548.92,271.44,60000,60000,18990,13,3
42101000143,42,101,000143,1470,1381,57,27,0,3,2,1162,1082,53,23,0,2,2,358.75,177.4,60000,60000,18990,13,3
42101000144,42,101,000144,3331,1226,638,1377,5,77,8,2357,963,426,908,5,52,3,727.68,359.84,60000,60000,18990,13,3
42101000145,42,101,000145,2006,24,1231,717,11,7,16,1265,11,823,409,9,5,8,390.54,193.12,60000,60000,18990,13,1
42101000146,42,101,000146,3322,720,2266,61,5,263,7,2776,714,1756,53,3,243,7,857.04,423.81,60000,60000,18990,13,1
42101000147,42,101,000147,2437,62,2306,44,0,24,1,1830,60,1714,34,0,21,1,564.98,279.38,60000,60000,18990,13,1
42101000148,42,101,000148,1278,11,1243,16,1,7,0,929,11,902,10,1,5,0,286.81,141.83,60000,60000,18990,13,1
42101000149,42,101,000149,5834,38,5718,32,30,12,4,4219,31,4138,22,18,10,0,1302.54,644.1,60000,60000,18990,23,1
42101000150,42,101,000150,97,36,53,8,0,0,0,79,33,38,8,0,0,0,24.39,12.06,60000,60000,18990,23,2
42101000151,42,101,000151,9215,53,9062,64,19,15,2,6375,41,6267,37,17,11,2,1968.16,973.26,60000,60000,18990,23,1
42101000152,42,101,000152,8134,34,7963,105,5,20,7,4891,24,4792,61,3,8,3,1510,746.7,60000,60000,18990,23,1
42101000153,42,101,000153,3621,327,3199,55,6,32,2,2648,314,2253,44,6,30,1,817.52,404.26,60000,60000,18990,23,1
42101000154,42,101,000154,1819,801,937,39,4,37,1,1582,797,709,34,4,37,1,488.41,241.52,60000,60000,18990,13,1
42101000155,42,101,000155,3413,13,2689,698,2,11,0,2077,10,1613,444,2,8,0,641.23,317.09,60000,60000,18990,13,1
42101000156,42,101,000156,2386,140,515,1722,0,2,7,1457,113,320,1019,0,2,3,449.82,222.44,60000,60000,18990,13,3
42101000157,42,101,000157,2764,1024,162,1528,7,24,19,1844,765,108,934,6,19,12,569.3,281.52,60000,60000,18990,13,3
42101000158,42,101,000158,6059,5842,43,80,15,76,3,4542,4385,41,50,9,56,1,1402.26,693.42,60000,60000,18990,13,3
42101000159,42,101,000159,1765,1707,1,17,3,37,0,1305,1268,1,10,3,23,0,402.89,199.23,60000,60000,18990,13,3
42101000160,42,101,000160,7973,7840,10,68,10,45,0,5770,5673,10,42,8,37,0,1781.38,880.89,60000,60000,18990,13,3
42101000161,42,101,000161,6034,4972,53,460,14,535,0,4105,3499,34,261,12,299,0,1267.34,626.7,60000,60000,18990,13,3
42101000162,42,101,000162,2858,114,610,2103,6,15,10,1759,101,410,1229,4,11,4,543.06,268.54,60000,60000,18990,13,1
42101000163,42,101,000163,4147,382,648,2819,3,278,17,2487,300,428,1601,3,143,12,767.81,379.68,60000,60000,18990,13,1
42101000164,42,101,000164,5589,107,2233,3209,4,22,14,3367,82,1422,1836,4,12,11,1039.5,514.03,60000,60000,18990,13,1
42101000165,42,101,000165,3870,35,3625,180,4,23,3,2586,29,2430,104,4,17,2,798.38,394.8,60000,60000,18990,13,1
42101000166,42,101,000166,1475,13,1419,37,4,2,0,1049,11,1018,17,2,1,0,323.86,160.15,60000,60000,18990,13,1
42101000167,42,101,000167,8509,52,8377,56,7,16,1,6109,48,6003,42,5,11,0,1886.04,932.65,60000,60000,18990,23,1
42101000168,42,101,000168,5370,24,5271,41,12,7,15,3854,22,3787,24,10,6,5,1189.85,588.38,60000,60000,18990,23,1
42101000169,42,101,000169,12278,70,12096,60,19,29,4,8792,64,8656,34,15,20,3,2714.36,1342.25,60000,60000,18990,23,2
42101000170,42,101,000170,3927,360,3511,45,6,2,3,2517,283,2198,28,4,2,2,777.08,384.26,60000,60000,18990,23,2
42101000171,42,101,000171,5276,43,5203,12,13,2,3,3812,37,3753,7,12,2,1,1176.88,581.97,60000,60000,18990,23,2
42101000172,42,101,000172,9976,71,9796,56,17,33,3,7169,66,7037,33,14,17,2,2213.29,1094.47,60000,60000,18990,23,2
42101000173,42,101,000173,3815,45,3687,37,21,25,0,2741,40,2643,27,14,17,0,846.23,418.46,60000,60000,18990,23,1
42101000174,42,101,000174,3406,19,3216,163,5,2,1,2353,17,2241,91,2,2,0,726.44,359.23,60000,60000,18990,13,1
42101000175,42,101,000175,9010,231,2717,6003,11,24,24,5766,201,1837,3684,11,16,17,1780.14,880.28,60000,60000,18990,13,1
42101000176,42,101,000176,11464,1796,638,8885,24,86,35,6763,1401,390,4867,16,71,18,2087.95,1032.49,60000,60000,18990,13,1
42101000177,42,101,000177,8597,7367,89,936,18,170,17,5787,5104,57,479,14,123,10,1786.63,883.49,60000,60000,18990,13,1
42101000178,42,101,000178,6252,5680,95,287,6,178,6,4478,4105,69,173,5,123,3,1382.5,683.65,60000,60000,18990,13,3
42101000179,42,101,000179,6435,5848,362,172,7,45,1,4660,4283,240,95,7,35,0,1438.69,711.43,60000,60000,18990,13,3
42101000180,42,101,000180,8419,8327,6,61,8,17,0,6591,6531,5,37,5,13,0,2034.85,1006.23,60000,60000,18990,13,3
42101000181,42,101,000181,197,188,1,4,0,4,0,176,167,1,4,0,4,0,54.34,26.87,60000,60000,18990,13,3
42101000182,42,101,000182,375,368,2,5,0,0,0,294,287,2,5,0,0,0,90.77,44.88,60000,60000,18990,14,3
42101000183,42,101,000183,4225,4184,3,15,15,6,2,3295,3268,2,7,10,6,2,1017.27,503.04,60000,60000,18990,14,3
42101000184,42,101,000184,2306,2270,0,10,14,12,0,1707,1681,0,8,10,8,0,527,260.6,60000,60000,18990,14,3
42101000185,42,101,000185,134,122,0,8,1,3,0,114,106,0,7,1,0,0,35.2,17.4,60000,60000,18990,14,3
42101000186,42,101,000186,4821,4748,13,40,8,10,2,3827,3777,10,23,6,10,1,1181.51,584.26,60000,60000,18990,14,3
42101000187,42,101,000187,1773,1730,22,7,5,9,0,1345,1310,18,4,5,8,0,415.24,205.34,60000,60000,18990,14,3
42101000188,42,101,000188,7167,6996,8,110,18,35,0,5199,5079,7,73,11,29,0,1605.09,793.72,60000,60000,18990,14,3
42101000189,42,101,000189,1013,968,0,38,0,7,0,715,690,0,19,0,6,0,220.74,109.16,60000,60000,18990,14,3
42101000190,42,101,000190,6428,6032,95,222,10,69,0,4836,4577,62,146,8,43,0,1493.02,738.3,60000,60000,18990,14,3
42101000191,42,101,000191,6060,5912,8,106,1,31,2,4980,4873,6,73,1,26,1,1537.48,760.28,60000,60000,18990,14,3
42101000192,42,101,000192,7078,6657,29,319,27,44,2,4958,4729,14,167,16,30,2,1530.69,756.93,60000,60000,18990,14,3
42101000193,42,101,000193,134,120,0,12,2,0,0,97,89,0,6,2,0,0,29.95,14.81,60000,60000,18990,13,1
42101000194,42,101,000194,361,241,26,77,1,16,0,255,185,13,47,1,9,0,78.73,38.93,60000,60000,18990,13,1
42101000195,42,101,000195,8707,2676,346,5508,7,146,24,5265,1997,194,2955,5,102,12,1625.47,803.8,60000,60000,18990,13,1
42101000196,42,101,000196,2639,466,425,1698,7,37,6,1677,410,232,1004,3,26,2,517.74,256.02,60000,60000,18990,13,1
42101000197,42,101,000197,7736,618,2571,4393,15,125,14,4795,553,1483,2654,12,82,11,1480.37,732.04,60000,60000,18990,13,1
42101000198,42,101,000198,6966,351,2570,3756,9,274,6,4392,305,1646,2221,6,211,3,1355.95,670.52,60000,60000,18990,13,1
42101000199,42,101,000199,5390,361,2404,2563,9,37,16,3382,306,1572,1461,7,27,9,1044.13,516.32,60000,60000,18990,13,1
42101000200,42,101,000200,2176,367,1564,87,6,152,0,1719,359,1152,65,5,138,0,530.71,262.44,60000,60000,18990,13,1
42101000201,42,101,000201,8049,95,7810,113,19,8,4,6003,82,5822,77,15,6,1,1853.31,916.46,60000,60000,18990,23,1
42101000202,42,101,000202,6102,137,5889,52,13,10,1,4695,134,4504,37,9,10,1,1449.49,716.77,60000,60000,18990,23,1
42101000203,42,101,000203,3780,212,3359,152,5,52,0,2680,191,2353,88,5,43,0,827.4,409.15,60000,60000,18990,13,1
42101000204,42,101,000204,3805,157,3565,66,10,6,1,2623,150,2424,37,5,6,1,809.8,400.45,60000,60000,18990,13,1
42101000205,42,101,000205,3460,372,2958,74,9,41,6,2446,344,2010,44,7,38,3,755.16,373.43,60000,60000,18990,13,1
42101000206,42,101,000206,1606,1277,217,36,5,67,4,1381,1093,193,32,3,59,1,426.36,210.83,60000,60000,18990,23,2
42101000207,42,101,000207,6793,5262,1315,94,7,114,1,5291,4403,719,73,5,90,1,1633.5,807.76,60000,60000,18990,23,2
42101000208,42,101,000208,1513,1168,250,36,0,53,6,1413,1098,230,31,0,50,4,436.24,215.72,60000,60000,18990,8,2
42101000209,42,101,000209,3080,2938,86,29,6,19,2,2371,2308,23,19,4,16,1,732,361.97,60000,60000,18990,8,2
42101000210,42,101,000210,5505,5233,193,43,13,23,0,4343,4133,147,34,11,18,0,1340.82,663.04,60000,60000,18990,8,2
42101000211,42,101,000211,2608,2456,80,27,2,42,1,2166,2053,65,18,1,29,0,668.71,330.68,60000,60000,18990,8,2
42101000212,42,101,000212,2474,2365,56,20,2,30,1,1969,1885,40,17,1,25,1,607.89,300.6,60000,60000,18990,8,2
42101000213,42,101,000213,3830,3686,87,32,3,20,2,3030,2917,80,17,3,13,0,935.46,462.58,60000,60000,18990,8,2
42101000214,42,101,000214,3867,3339,434,46,4,36,8,3085,2680,340,32,4,27,2,952.44,470.98,60000,60000,18990,8,2
42101000215,42,101,000215,3542,3445,57,22,7,9,2,2763,2690,41,19,4,8,1,853.02,421.82,60000,60000,18990,8,2
42101000216,42,101,000216,1464,1374,44,31,0,12,3,1191,1131,32,17,0,11,0,367.7,181.83,60000,60000,18990,8,2
42101000217,42,101,000217,6376,5964,186,81,13,131,1,5154,4842,142,55,13,101,1,1591.2,786.85,60000,60000,18990,8,2
42101000218,42,101,000218,4053,3660,188,77,16,109,3,3527,3213,154,68,10,80,2,1088.89,538.46,60000,60000,18990,8,2
42101000219,42,101,000219,1404,1351,32,8,1,11,1,1177,1132,30,7,1,7,0,363.38,179.69,60000,60000,18990,8,2
42101000220,42,101,000220,1600,1502,51,14,0,30,3,1369,1294,40,12,0,21,2,422.65,209,60000,60000,18990,8,2
42101000221,42,101,000221,1167,1117,20,15,0,14,1,916,879,17,12,0,8,0,282.8,139.84,60000,60000,18990,8,2
42101000222,42,101,000222,1555,1395,86,16,1,52,5,1169,1066,55,14,1,31,2,360.91,178.47,60000,60000,18990,8,2
42101000223,42,101,000223,374,264,102,7,1,0,0,304,227,71,5,1,0,0,93.85,46.41,60000,60000,18990,8,2
42101000224,42,101,000224,335,322,5,0,0,8,0,261,252,5,0,0,4,0,80.58,39.85,60000,60000,18990,8,2
42101000225,42,101,000225,506,466,18,8,0,14,0,432,392,18,8,0,14,0,133.37,65.95,60000,60000,18990,8,2
42101000226,42,101,000226,472,411,52,7,1,1,0,417,356,52,7,1,1,0,128.74,63.66,60000,60000,18990,8,2
42101000227,42,101,000227,1423,1367,21,19,0,14,2,1179,1135,17,15,0,11,1,363.99,180,60000,60000,18990,8,2
42101000228,42,101,000228,1447,1410,10,13,0,14,0,1215,1185,8,12,0,10,0,375.11,185.49,60000,60000,18990,8,2
42101000229,42,101,000229,320,314,0,3,0,3,0,233,227,0,3,0,3,0,71.93,35.57,60000,60000,18990,8,2
42101000230,42,101,000230,434,414,14,2,0,4,0,385,368,12,2,0,3,0,118.86,58.78,60000,60000,18990,8,2
42101000231,42,101,000231,1293,1242,12,22,0,17,0,1002,958,10,17,0,17,0,309.35,152.97,60000,60000,18990,8,2
42101000232,42,101,000232,870,730,106,12,0,22,0,751,629,91,10,0,21,0,231.86,114.65,60000,60000,18990,8,2
42101000233,42,101,000233,3243,1777,1338,47,6,69,6,2504,1374,1053,25,3,48,1,773.06,382.28,60000,60000,18990,23,2
42101000234,42,101,000234,574,416,148,6,1,2,1,453,317,129,4,1,1,1,139.86,69.16,60000,60000,18990,23,2
42101000235,42,101,000235,1182,783,373,9,1,15,1,956,642,296,6,1,10,1,295.15,145.95,60000,60000,18990,8,2
42101000236,42,101,000236,2636,1613,918,62,9,21,13,2134,1311,759,43,7,11,3,658.83,325.79,60000,60000,18990,23,2
42101000237,42,101,000237,5349,1888,3252,98,30,44,37,4416,1691,2585,73,26,33,8,1363.36,674.18,60000,60000,18990,23,2
42101000238,42,101,000238,4650,1364,3145,93,8,29,11,3876,1210,2562,73,7,20,4,1196.64,591.74,60000,60000,18990,23,2
42101000239,42,101,000239,1702,788,835,42,4,28,5,1488,748,675,35,3,23,4,459.39,227.17,60000,60000,18990,23,2
42101000240,42,101,000240,4193,1295,2767,67,19,37,8,3266,1175,1983,54,14,36,4,1008.32,498.61,60000,60000,18990,23,1
42101000241,42,101,000241,1495,294,1148,38,8,7,0,1323,266,1011,32,7,7,0,408.45,201.98,60000,60000,18990,23,1
42101000242,42,101,000242,4312,912,3213,100,15,44,28,3108,749,2231,74,12,31,11,959.54,474.49,60000,60000,18990,23,1
42101000243,42,101,000243,4294,924,3238,65,14,45,8,3175,790,2295,42,10,36,2,980.22,484.72,60000,60000,18990,13,1
42101000244,42,101,000244,3671,401,3132,89,15,26,8,2541,344,2117,54,7,18,1,784.49,387.93,60000,60000,18990,23,1
42101000245,42,101,000245,4527,387,4077,51,4,6,2,3024,348,2633,32,4,5,2,933.6,461.67,60000,60000,18990,23,1
42101000246,42,101,000246,3310,280,2933,84,7,3,3,2249,249,1938,51,7,1,3,694.34,343.35,60000,60000,18990,23,2
42101000247,42,101,000247,5640,511,4984,67,45,22,11,4032,463,3471,41,30,17,10,1244.8,615.56,60000,60000,18990,23,1
42101000248,42,101,000248,2210,72,2115,14,5,0,4,1591,69,1505,11,5,0,1,491.19,242.89,60000,60000,18990,23,2
42101000249,42,101,000249,4144,142,3941,40,4,16,1,2876,111,2723,29,2,11,0,887.91,439.07,60000,60000,18990,23,2
42101000250,42,101,000250,914,108,769,31,2,3,1,640,94,524,17,1,3,1,197.59,97.71,60000,60000,18990,23,2
42101000251,42,101,000251,2275,90,2140,14,8,19,4,1839,87,1721,8,7,12,4,567.76,280.76,60000,60000,18990,23,2
42101000252,42,101,000252,7379,410,6823,89,21,13,23,5530,359,5084,57,15,10,5,1707.28,844.25,60000,60000,18990,23,2
42101000253,42,101,000253,4315,148,4101,33,6,25,2,3210,122,3038,23,6,20,1,991.03,490.06,60000,60000,18990,23,2
42101000254,42,101,000254,4548,364,4077,59,21,12,15,3650,321,3245,43,18,12,11,1126.87,557.24,60000,60000,18990,23,2
42101000255,42,101,000255,2898,886,1887,59,11,33,22,2241,700,1458,40,9,25,9,691.87,342.13,60000,60000,18990,23,2
42101000256,42,101,000256,2971,1819,1082,22,4,32,12,2361,1454,863,10,4,27,3,728.91,360.45,60000,60000,18990,23,2
42101000257,42,101,000257,3448,2379,938,72,3,53,3,2932,2095,742,50,2,42,1,905.2,447.62,60000,60000,18990,8,2
42101000258,42,101,000258,1838,170,1641,14,6,6,1,1454,169,1266,9,4,6,0,448.9,221.98,60000,60000,18990,23,2
42101000259,42,101,000259,5511,255,5172,50,13,18,3,4026,236,3724,36,12,15,3,1242.95,614.64,60000,60000,18990,23,2
42101000260,42,101,000260,3502,144,3300,29,7,21,1,2562,133,2389,23,6,10,1,790.97,391.13,60000,60000,18990,23,2
42101000261,42,101,000261,3625,163,3408,25,14,10,5,2896,163,2693,17,12,7,4,894.09,442.13,60000,60000,18990,23,2
42101000262,42,101,000262,5177,125,4967,48,20,13,4,3734,118,3556,31,15,11,3,1152.8,570.06,60000,60000,18990,23,2
42101000263,42,101,000263,11011,400,10445,109,22,25,10,7755,382,7247,83,19,18,6,2394.21,1183.94,60000,60000,18990,23,2
42101000264,42,101,000264,6443,176,6147,59,22,24,15,4737,163,4492,37,20,19,6,1462.46,723.19,60000,60000,18990,14,1
42101000265,42,101,000265,5367,145,5105,88,13,13,3,3820,137,3600,62,8,10,3,1179.35,583.19,60000,60000,18990,14,1
42101000266,42,101,000266,7490,128,7291,47,7,10,7,5469,124,5297,29,7,6,6,1688.45,834.94,60000,60000,18990,14,1
42101000267,42,101,000267,7834,101,7645,53,14,20,1,5763,97,5607,28,13,17,1,1779.22,879.82,60000,60000,18990,14,1
42101000268,42,101,000268,4644,817,3623,95,28,64,17,3551,785,2632,59,19,47,9,1096.3,542.12,60000,60000,18990,14,3
42101000269,42,101,000269,2294,1286,715,114,0,168,11,1830,1089,529,75,0,130,7,564.98,279.38,60000,60000,18990,14,3
42101000270,42,101,000270,2275,1175,902,86,3,105,4,1779,951,691,54,3,76,4,549.23,271.6,60000,60000,18990,13,1
42101000271,42,101,000271,2455,1863,85,139,1,365,2,1983,1544,65,105,1,268,0,612.21,302.74,60000,60000,18990,14,3
42101000272,42,101,000272,4446,1827,1802,331,4,475,7,3432,1584,1272,232,4,336,4,1059.57,523.96,60000,60000,18990,14,3
42101000273,42,101,000273,5525,3464,485,667,22,872,15,4061,2695,320,440,15,581,10,1253.76,619.98,60000,60000,18990,14,3
42101000274,42,101,000274,9620,6357,382,1158,10,1671,42,6882,4809,231,743,8,1069,22,2124.69,1050.66,60000,60000,18990,14,3
42101000275,42,101,000275,4651,2275,1036,613,20,691,16,3298,1779,625,399,15,474,6,1018.2,503.5,60000,60000,18990,14,3
42101000276,42,101,000276,4250,471,3262,176,5,334,2,3174,432,2375,122,4,240,1,979.91,484.57,60000,60000,18990,13,1
42101000277,42,101,000277,5358,213,5055,61,12,11,6,3955,202,3688,40,11,11,3,1221.03,603.8,60000,60000,18990,23,1
42101000278,42,101,000278,5262,151,5007,69,3,28,4,4052,142,3838,47,3,19,3,1250.98,618.61,60000,60000,18990,23,1
42101000279,42,101,000279,7901,1055,6711,71,29,30,5,6074,1039,4941,48,19,24,3,1875.23,927.3,60000,60000,18990,23,1
42101000280,42,101,000280,5219,140,4992,60,12,15,0,3591,128,3402,40,9,12,0,1108.65,548.23,60000,60000,18990,23,1
42101000281,42,101,000281,4377,292,3724,137,15,203,6,2937,268,2428,100,11,128,2,906.74,448.38,60000,60000,18990,23,1
42101000282,42,101,000282,6016,1496,3875,249,10,371,15,4382,1425,2519,148,9,276,5,1352.86,668.99,60000,60000,18990,13,1
42101000283,42,101,000283,8746,451,6874,552,26,832,11,5797,400,4590,319,16,462,10,1789.71,885.01,60000,60000,18990,13,1
42101000284,42,101,000284,5865,365,4525,884,17,61,13,3779,311,2879,537,10,35,7,1166.7,576.93,60000,60000,18990,13,1
42101000285,42,101,000285,2259,491,703,649,1,413,2,1512,418,420,401,1,270,2,466.8,230.83,60000,60000,18990,13,1
42101000286,42,101,000286,7114,2223,1908,2015,34,907,27,4625,1722,1088,1198,23,578,16,1427.88,706.09,60000,60000,18990,13,3
42101000287,42,101,000287,2468,568,492,1303,8,92,5,1660,468,274,848,2,66,2,512.49,253.43,60000,60000,18990,13,3
42101000288,42,101,000288,3853,1912,345,1150,29,396,21,2658,1465,187,726,20,251,9,820.61,405.79,60000,60000,18990,13,3
42101000289,42,101,000289,8484,5531,472,1620,25,805,31,5820,4033,264,987,16,499,21,1796.82,888.53,60000,60000,18990,13,3
42101000290,42,101,000290,5670,3412,486,1005,29,723,15,4140,2686,285,643,19,502,5,1278.15,632.04,60000,60000,18990,13,3
42101000291,42,101,000291,4461,2804,568,446,28,589,26,3194,2157,335,286,19,387,10,986.09,487.62,60000,60000,18990,14,3
42101000292,42,101,000292,3965,2655,352,613,7,336,2,2833,1995,213,378,7,238,2,874.64,432.51,60000,60000,18990,14,3
42101000293,42,101,000293,2878,2652,27,147,6,44,2,2103,1956,17,92,3,33,2,649.26,321.06,60000,60000,18990,14,3
42101000294,42,101,000294,3216,1908,851,411,2,39,5,2202,1383,563,224,2,27,3,679.83,336.17,60000,60000,18990,14,3
42101000295,42,101,000295,1067,1051,2,11,3,0,0,816,806,1,7,2,0,0,251.92,124.58,60000,60000,18990,14,3
42101000296,42,101,000296,1172,1104,13,34,10,8,3,879,831,7,26,6,6,3,271.37,134.19,60000,60000,18990,14,3
42101000297,42,101,000297,454,448,0,6,0,0,0,321,316,0,5,0,0,0,99.1,49.01,60000,60000,18990,14,3
42101000298,42,101,000298,4216,4166,2,37,1,10,0,3332,3294,1,30,0,7,0,1028.69,508.69,60000,60000,18990,14,3
42101000299,42,101,000299,4332,3241,791,227,8,65,0,3030,2405,421,150,5,49,0,935.46,462.58,60000,60000,18990,14,3
42101000300,42,101,000300,6867,4069,2302,368,5,117,6,4959,3091,1547,234,4,79,4,1531,757.08,60000,60000,18990,14,3
42101000301,42,101,000301,5603,4925,304,211,11,148,4,4334,3850,214,148,9,110,3,1338.04,661.66,60000,60000,18990,14,3
42101000302,42,101,000302,6514,6211,19,160,8,115,1,4887,4677,14,106,5,84,1,1508.77,746.09,60000,60000,18990,14,3
42101000303,42,101,000303,6947,6399,242,156,10,135,5,5108,4757,137,109,3,99,3,1577,779.83,60000,60000,18990,14,3
42101000304,42,101,000304,631,526,13,62,2,28,0,485,410,12,41,1,21,0,149.73,74.04,60000,60000,18990,14,3
42101000305,42,101,000305,9557,9373,27,105,9,41,2,7269,7134,19,80,8,27,1,2244.17,1109.74,60000,60000,18990,14,3
42101000306,42,101,000306,6518,6398,11,69,2,37,1,5173,5078,9,55,2,28,1,1597.07,789.75,60000,60000,18990,14,3
42101000307,42,101,000307,2929,2830,8,48,0,43,0,2423,2354,8,34,0,27,0,748.06,369.91,60000,60000,18990,14,3
42101000308,42,101,000308,4403,4285,1,46,11,60,0,3433,3337,1,38,10,47,0,1059.87,524.11,60000,60000,18990,14,3
42101000309,42,101,000309,3278,2974,13,145,3,139,4,2605,2402,8,96,2,95,2,804.24,397.7,60000,60000,18990,14,3
42101000310,42,101,000310,5636,5434,17,85,2,98,0,4441,4297,10,63,2,69,0,1371.08,678,60000,60000,18990,14,3
42101000311,42,101,000311,7940,7418,17,232,9,264,0,6028,5657,10,167,7,187,0,1861.03,920.28,60000,60000,18990,14,3
42101000312,42,101,000312,3857,3458,13,155,6,222,3,3045,2754,12,109,4,163,3,940.09,464.87,60000,60000,18990,14,3
42101000313,42,101,000313,5396,4949,9,159,3,276,0,4258,3957,7,105,3,186,0,1314.58,650.06,60000,60000,18990,14,3
42101000314,42,101,000314,9575,9027,9,234,4,291,10,7728,7357,7,164,3,192,5,2385.87,1179.82,60000,60000,18990,14,3
42101000315,42,101,000315,9379,9219,13,77,10,59,1,7350,7232,9,57,6,45,1,2269.17,1122.11,60000,60000,18990,14,3
42101000316,42,101,000316,5530,5442,3,49,0,35,1,4357,4295,2,33,0,26,1,1345.14,665.17,60000,60000,18990,14,3
42101000317,42,101,000317,5581,5466,8,75,3,28,1,4487,4398,5,58,1,24,1,1385.28,685.02,60000,60000,18990,14,3
42101000318,42,101,000318,3456,3331,23,80,0,22,0,2787,2690,18,59,0,20,0,860.43,425.48,60000,60000,18990,14,3
42101000319,42,101,000319,4810,4719,5,61,8,17,0,3602,3538,3,42,6,13,0,1112.05,549.91,60000,60000,18990,14,3
42101000320,42,101,000320,6449,6335,1,65,8,40,0,5045,4964,1,45,6,29,0,1557.55,770.21,60000,60000,18990,14,3
42101000321,42,101,000321,3906,3795,20,50,12,29,0,2870,2800,12,31,5,22,0,886.06,438.16,60000,60000,18990,14,3
42101000322,42,101,000322,179,159,0,20,0,0,0,123,111,0,12,0,0,0,37.97,18.78,60000,60000,18990,14,3
42101000323,42,101,000323,3596,3530,3,31,10,22,0,2771,2724,2,23,6,16,0,855.49,423.04,60000,60000,18990,14,3
42101000324,42,101,000324,15,13,2,0,0,0,0,13,12,1,0,0,0,0,4.01,1.98,60000,60000,18990,14,3
42101000325,42,101,000325,5747,5591,9,50,7,89,1,4362,4261,8,33,3,56,1,1346.69,665.94,60000,60000,18990,14,3
42101000326,42,101,000326,6733,6542,67,75,6,42,1,5124,4991,53,49,6,25,0,1581.94,782.27,60000,60000,18990,14,3
42101000327,42,101,000327,307,68,224,11,0,4,0,182,52,127,1,0,2,0,56.19,27.79,60000,60000,18990,14,3
42101000328,42,101,000328,5371,607,3986,747,5,25,1,5352,605,3975,741,5,25,1,1652.33,817.08,60000,60000,18990,14,3
42101000329,42,101,000329,4216,3778,346,75,4,12,1,3315,2979,278,45,3,9,1,1023.44,506.09,60000,60000,18990,14,3
42101000330,42,101,000330,7408,7324,4,53,0,27,0,5636,5577,3,35,0,21,0,1740.01,860.43,60000,60000,18990,14,3
42101000331,42,101,000331,9099,8845,110,96,19,23,6,7060,6867,82,77,15,16,3,2179.64,1077.83,60000,60000,18990,14,3
42101000332,42,101,000332,2594,2545,0,26,0,23,0,2063,2025,0,19,0,19,0,636.91,314.95,60000,60000,18990,14,3
42101000333,42,101,000333,4025,3801,72,63,5,84,0,3564,3386,62,52,3,61,0,1100.32,544.11,60000,60000,18990,14,3
42101000334,42,101,000334,4456,4111,74,125,2,144,0,3971,3719,61,91,2,98,0,1225.97,606.24,60000,60000,18990,14,3
42101000335,42,101,000335,3400,3271,11,65,6,45,2,2853,2760,8,50,5,28,2,880.81,435.56,60000,60000,18990,14,3
42101000336,42,101,000336,6148,5946,26,112,9,55,0,4952,4803,19,83,4,43,0,1528.84,756.01,60000,60000,18990,14,3
42101000337,42,101,000337,9025,8705,16,142,5,156,1,7763,7525,8,107,4,118,1,2396.68,1185.16,60000,60000,18990,14,3
42101000338,42,101,000338,5461,5296,26,49,4,83,3,4343,4218,18,37,4,63,3,1340.82,663.04,60000,60000,18990,14,3
42101000339,42,101,000339,2862,2771,1,40,0,50,0,2361,2295,1,28,0,37,0,728.91,360.45,60000,60000,18990,14,3
42101000340,42,101,000340,2518,2469,7,30,3,9,0,2091,2060,3,21,3,4,0,645.56,319.23,60000,60000,18990,14,3
42101000341,42,101,000341,5567,5322,82,70,2,89,2,4435,4264,51,55,2,61,2,1369.22,677.08,60000,60000,18990,14,3
42101000342,42,101,000342,3369,3155,115,44,4,44,7,2741,2607,73,27,4,26,4,846.23,418.46,60000,60000,18990,14,3
42101000343,42,101,000343,168,166,0,2,0,0,0,133,132,0,1,0,0,0,41.06,20.3,60000,60000,18990,14,3
42101000344,42,101,000344,7792,7384,24,87,1,294,2,6328,6031,18,69,1,207,2,1953.65,966.08,60000,60000,18990,14,3
42101000345,42,101,000345,7947,7065,177,164,17,522,2,6864,6201,139,132,8,383,1,2119.13,1047.91,60000,60000,18990,14,3
42101000346,42,101,000346,1397,1229,73,40,4,51,0,1302,1164,62,35,4,37,0,401.97,198.77,60000,60000,18990,14,3
42101000347,42,101,000347,10557,9736,141,229,13,434,4,8582,8001,111,168,8,292,2,2649.53,1310.19,60000,60000,18990,14,3
42101000348,42,101,000348,14902,14216,304,161,10,209,2,11690,11199,219,124,8,138,2,3609.07,1784.68,60000,60000,18990,14,3
42101000349,42,101,000349,7002,6031,612,188,9,140,22,5005,4516,262,116,6,96,9,1545.2,764.1,60000,60000,18990,14,3
42101000351,42,101,000351,3808,3533,153,68,3,47,4,3458,3235,126,53,3,39,2,1067.59,527.92,60000,60000,18990,14,3
42101000352,42,101,000352,4580,4341,12,62,4,157,4,3559,3399,9,45,4,98,4,1098.77,543.34,60000,60000,18990,14,3
42101000353,42,101,000353,10742,10016,318,174,19,213,2,8189,7643,243,126,12,165,0,2528.2,1250.2,60000,60000,18990,14,3
42101000354,42,101,000354,31,30,1,0,0,0,0,31,30,1,0,0,0,0,9.57,4.73,60000,60000,18990,14,3
42101000355,42,101,000355,6953,6577,62,96,1,215,2,5774,5514,42,65,0,152,1,1782.61,881.5,60000,60000,18990,14,3
42101000356,42,101,000356,8376,7852,89,90,10,329,6,6969,6602,70,69,8,218,2,2151.55,1063.94,60000,60000,18990,14,3
42101000357,42,101,000357,8670,7965,100,141,20,420,24,6810,6327,59,112,12,286,14,2102.46,1039.67,60000,60000,18990,14,3
42101000358,42,101,000358,6113,5722,101,101,0,180,9,4706,4433,71,74,0,121,7,1452.89,718.45,60000,60000,18990,14,3
42101000359,42,101,000359,5454,5044,62,100,6,235,7,4329,4041,49,72,4,158,5,1336.5,660.9,60000,60000,18990,14,3
42101000360,42,101,000360,3061,2684,61,75,4,232,5,2482,2216,51,46,2,163,4,766.27,378.92,60000,60000,18990,14,3
42101000361,42,101,000361,4046,3773,137,86,4,46,0,3116,2909,107,64,3,33,0,962.01,475.71,60000,60000,18990,14,3
42101000362,42,101,000362,17971,17046,351,350,18,197,9,13515,12870,240,252,15,134,4,4172.5,2063.3,60000,60000,18990,14,3
42101000363,42,101,000363,15723,15049,206,226,6,230,6,11429,10960,143,153,6,164,3,3528.49,1744.84,60000,60000,18990,14,3
42101000364,42,101,000364,547,323,205,19,0,0,0,519,301,199,19,0,0,0,160.23,79.23,60000,60000,18990,14,3
42101000365,42,101,000365,9336,8880,134,151,14,156,1,7184,6860,107,107,8,102,0,2217.93,1096.76,60000,60000,18990,14,3
42101000366,42,101,000366,400,356,33,8,0,3,0,360,324,30,5,0,1,0,111.14,54.96,60000,60000,18990,13,3
42101000367,42,101,000367,3,3,0,0,0,0,0,3,3,0,0,0,0,0,0.93,0.46,60000,60000,18990,14,3
42101003898,42,101,003898,4092,4051,13,22,2,4,0,3404,3371,11,16,2,4,0,1050.92,519.68,60000,60000,18990,13,1
42101004798,42,101,004798,4370,3477,601,203,9,77,3,3167,2715,306,98,5,43,0,977.75,483.5,60000,60000,18990,13,1
42101005099,42,101,005099,2287,1721,315,195,8,47,1,2285,1720,315,195,8,46,1,705.45,348.85,60000,60000,18990,13,1
42101036699,42,101,036699,31,25,4,1,0,1,0,31,25,4,1,0,1,0,9.57,4.73,60000,60000,18990,13,3
42103009501,42,103,009501,5638,5524,7,78,7,21,1,4321,4243,6,55,5,12,0,191,289,48048,70496,07530,19,10
42103009502,42,103,009502,2832,2707,43,71,8,3,0,2111,2044,27,35,3,2,0,307,475,NA,40776,24750,19,10
42103009503,42,103,009503,1493,1450,2,28,9,4,0,1159,1134,2,14,6,3,0,174.22,405.28,NA,57728,24750,19,10
42103009504,42,103,009504,461,454,3,4,0,0,0,391,388,2,1,0,0,0,58.78,136.72,NA,57728,24750,19,10
42103009505,42,103,009505,2044,1978,11,38,7,10,0,1611,1569,9,18,6,9,0,254,356,NA,7088,24750,19,10
42103009506,42,103,009506,6656,6466,40,117,8,25,0,4875,4741,32,79,5,18,0,282,515,49400,19272,07530,19,10
42103009507,42,103,009507,3542,3387,31,114,3,4,3,2470,2366,22,73,2,4,3,290,420,NA,18704,07530,19,10
42103009508,42,103,009508,3040,2724,94,171,3,47,1,2210,1974,78,123,3,31,1,171,261,NA,42512,08670,19,10
42103009509,42,103,009509,2260,2200,15,30,0,15,0,1755,1719,8,18,0,10,0,204,358,NA,30976,24750,19,10
42105009501,42,105,009501,4448,4414,1,18,7,8,0,3092,3074,1,7,5,5,0,78,118,78240,32848,17700,19,5
42105009502,42,105,009502,3190,3174,5,10,1,0,0,2322,2313,4,4,1,0,0,61,131,70304,33512,18210,19,5
42105009503,42,105,009503,4121,4072,3,27,6,13,0,3046,3010,2,19,5,10,0,76,165,16448,16448,06930,19,5
42105009504,42,105,009504,2811,2789,0,13,8,1,0,2052,2039,0,7,5,1,0,18,22,3576,66416,02700,19,5
42105009505,42,105,009505,2147,2124,11,4,3,5,0,1614,1597,9,3,3,2,0,41,55,28280,28280,10530,19,5
42107000001,42,107,000001,4828,4793,9,9,7,10,0,3648,3625,8,4,3,8,0,233,232,65000,55472,11700,22,6
42107000002,42,107,000002,2459,2453,0,6,0,0,0,2037,2033,0,4,0,0,0,507,293,45824,45824,11700,22,6
42107000003,42,107,000003,5732,5666,8,32,0,22,4,4452,4412,4,23,0,11,2,521,676,35448,66760,23220,22,6
42107000004,42,107,000004,2671,2645,2,16,1,7,0,2035,2015,2,12,1,5,0,342,174,NA,46584,14430,22,6
42107000005,42,107,000005,5209,5163,0,33,4,9,0,4193,4159,0,26,4,4,0,1113,692,46592,46592,14430,22,6
42107000006,42,107,000006,6221,6162,4,33,3,18,1,5186,5138,1,29,3,15,0,951,638,70056,70056,21490,22,6
42107000007,42,107,000007,5462,4883,425,134,9,11,0,4510,3936,421,134,9,10,0,912,451,29088,83408,21490,22,6
42107000008,42,107,000008,4724,4678,1,27,2,16,0,3742,3714,1,18,2,7,0,884,791,27232,27232,10110,22,6
42107000009,42,107,000009,6762,6740,0,10,1,11,0,5249,5233,0,7,1,8,0,702,800,29264,10488,10110,22,6
42107000010,42,107,000010,3856,3843,1,4,2,6,0,2973,2962,1,3,2,5,0,799,714,3264,3264,10110,22,6
42107000011,42,107,000011,2277,2273,0,4,0,0,0,1729,1727,0,2,0,0,0,116,227,NA,22912,23700,22,6
42107000012,42,107,000012,4489,4462,0,8,2,16,1,3458,3443,0,3,1,11,0,454,778,79680,33584,23700,22,6
42107000013,42,107,000013,3465,3453,1,10,0,1,0,2686,2680,1,5,0,0,0,174,74,77392,77392,19140,22,6
42107000014,42,107,000014,2655,2639,1,10,1,3,1,2137,2123,1,9,1,2,1,532,197,NA,53376,22710,22,6
42107000015,42,107,000015,4877,4854,0,12,6,5,0,3922,3910,0,6,3,3,0,1137,759,50088,50088,15510,22,6
42107000016,42,107,000016,3950,3923,7,12,0,8,0,3055,3038,5,8,0,4,0,392,296,50088,55624,19710,22,6
42107000017,42,107,000017,2730,2666,9,9,0,46,0,2127,2079,9,9,0,30,0,543.08,458.47,62432,62432,19710,22,6
42107000018,42,107,000018,2433,2389,14,22,0,8,0,1892,1865,7,16,0,4,0,483.08,407.82,62432,62432,19710,22,6
42107000019,42,107,000019,7620,7285,219,47,22,39,8,5754,5545,136,27,12,30,4,1469.14,1240.27,62432,62432,19710,22,6
42107000020,42,107,000020,3825,3790,24,8,1,2,0,2948,2927,15,4,1,1,0,752.7,635.44,62432,62432,19710,22,6
42107000021,42,107,000021,1732,1712,3,3,0,9,5,1354,1342,1,3,0,7,1,327,156,57752,57752,19710,22,6
42107000022,42,107,000022,3125,3106,3,5,0,11,0,2459,2445,3,5,0,6,0,270,120,62128,62128,19710,22,6
42107000023,42,107,000023,3524,3517,0,1,2,4,0,2890,2884,0,1,2,3,0,701,449,67224,67224,22710,22,6
42107000024,42,107,000024,2826,2819,0,2,1,4,0,2270,2264,0,2,1,3,0,326,190,53944,7336,22710,22,6
42107000025,42,107,000025,2179,2172,0,3,1,3,0,1699,1696,0,2,0,1,0,100,225,77968,68304,23220,22,6
42107000026,42,107,000026,4625,4600,3,14,0,8,0,3634,3620,1,7,0,6,0,759.5,771.22,76032,76032,23220,22,6
42107000027,42,107,000027,3318,3303,2,11,0,2,0,2567,2558,0,7,0,2,0,536.5,544.78,76032,76032,23220,22,6
42107000028,42,107,000028,2531,2508,3,14,1,5,0,2021,2003,3,11,1,3,0,597,471,14600,14600,18450,22,6
42107000030,42,107,000030,5115,5031,2,30,1,50,1,3854,3802,2,18,1,30,1,265,494,18576,82632,03870,22,6
42107000031,42,107,000031,2780,2738,3,13,1,25,0,2155,2129,2,9,1,14,0,301,596,57184,57184,03870,22,6
42107000032,42,107,000032,5279,5198,11,19,8,43,0,4197,4140,10,13,5,29,0,349,566,17152,55192,03870,22,6
42107000033,42,107,000033,5595,5529,14,16,10,25,1,4344,4300,10,10,9,15,0,775,1069,68312,68312,20910,22,6
42107000034,42,107,000034,2660,2644,8,1,7,0,0,1938,1927,5,1,5,0,0,198,294,3488,72312,20910,22,6
42107000035,42,107,000035,3929,3882,8,22,2,15,0,2989,2961,5,10,2,11,0,368,597,41099,81792,03870,22,6
42107000036,42,107,000036,2423,2394,8,14,4,3,0,1712,1703,2,3,4,0,0,259,300,NA,81312,19140,22,6
42107000037,42,107,000037,4375,4353,3,15,1,3,0,3349,3336,1,8,1,3,0,55,77,77184,62200,26400,22,6
42107000038,42,107,000038,2118,2109,1,0,0,8,0,1636,1630,1,0,0,5,0,319,378,60456,60456,19140,22,6
42107000039,42,107,000039,3699,3665,0,12,2,20,0,2753,2732,0,7,2,12,0,395,401,NA,60464,19140,22,6
42107000040,42,107,000040,0,0,0,0,0,0,0,0,0,0,0,0,0,0,0,0,NA,83792,23220,22,6
42107002998,42,107,002998,4507,4446,8,36,1,15,1,3373,3344,2,14,1,12,0,332,635,54016,83792,23220,22,6
42109009801,42,109,009801,5571,5505,9,14,6,36,1,4260,4227,6,7,2,17,1,370,768,69616,50488,21120,16,9
42109009803,42,109,009803,5566,5534,12,6,5,9,0,4028,4009,4,5,4,6,0,197,343,48960,27440,15210,16,9
42109009804,42,109,009804,5068,5036,3,18,10,1,0,3628,3615,0,8,4,1,0,57,143,4848,59504,15210,16,9
42109009805,42,109,009805,3741,3733,0,3,3,1,1,2697,2693,0,2,2,0,0,162,323,45992,72856,15210,16,9
42109009806,42,109,009806,4968,4952,6,3,1,5,1,3403,3394,1,2,1,5,0,116,184,27696,81320,21120,16,9
42109009807,42,109,009807,5391,5253,27,80,0,30,1,4567,4465,21,54,0,27,0,523,877,69216,69216,21120,16,9
42109980298,42,109,980298,6375,6247,86,24,5,11,2,4780,4670,84,16,3,7,0,162,323,NA,58864,21120,16,9
42111000202,42,111,000202,5075,5051,1,12,3,6,2,3829,3813,0,9,3,4,0,730,570,57544,57552,26610,18,12
42111000203,42,111,000203,4860,4854,1,3,1,1,0,3829,3824,1,2,1,1,0,1544,522,85632,85632,26610,18,12
42111000204,42,111,000204,4437,4412,4,14,2,5,0,3430,3412,3,9,2,4,0,857,336,12296,69448,21180,18,12
42111000205,42,111,000205,3378,3361,3,10,2,1,1,2575,2565,3,6,1,0,0,492,338,35608,63144,10115,18,12
42111000206,42,111,000206,6267,6241,0,17,1,7,1,4668,4650,0,12,1,5,0,885,636,7712,38032,10115,18,12
42111000208,42,111,000208,3750,3711,4,6,2,27,0,2867,2842,3,5,2,15,0,528.69,632.14,71776,71784,21840,18,12
42111000209,42,111,000209,4921,4864,25,23,1,7,1,3673,3627,20,20,1,5,0,677.31,809.86,27928,71784,21840,18,12
42111000210,42,111,000210,4076,3971,34,30,6,35,0,3038,2958,27,23,2,28,0,671.29,904.27,71776,71776,21840,18,12
42111000211,42,111,000211,2439,2396,14,18,1,10,0,1904,1871,12,11,1,9,0,420.71,566.73,71776,71776,21840,18,12
42111000212,42,111,000212,2735,2725,2,6,0,2,0,2024,2019,0,3,0,2,0,274,441,36888,74440,21270,18,12
42111000213,42,111,000213,3382,3378,0,2,2,0,0,2421,2419,0,1,1,0,0,68,79,10808,876,03420,18,12
42111000214,42,111,000214,4459,4443,1,8,1,6,0,3258,3250,0,4,1,3,0,378,477,5776,9256,03420,18,12
42111000215,42,111,000215,2989,2985,2,1,0,1,0,2144,2144,0,0,0,0,0,366,344,28520,75232,15150,18,12
42111000216,42,111,000216,2544,2523,2,8,0,11,0,1936,1923,2,6,0,5,0,409,352,48912,48912,15150,18,12
42111000217,42,111,000217,3029,3017,0,12,0,0,0,2206,2197,0,9,0,0,0,189,325,67584,23168,20760,18,12
42111000218,42,111,000218,3794,3760,3,15,13,3,0,2822,2802,0,13,5,2,0,248,349,65736,6640,20520,18,12
42111000219,42,111,000219,4952,4934,1,11,5,1,0,3734,3718,1,9,5,1,0,160,271,15680,404,23880,18,12
42111008087,42,111,008087,0,0,0,0,0,0,0,0,0,0,0,0,0,0,0,0,NA,37920,21840,18,12
42111008088,42,111,008088,0,0,0,0,0,0,0,0,0,0,0,0,0,0,0,0,NA,37920,21840,18,12
42111008089,42,111,008089,0,0,0,0,0,0,0,0,0,0,0,0,0,0,0,0,NA,37920,21840,18,12
42111020101,42,111,020101,2488,2468,1,11,0,7,1,1837,1825,0,9,0,2,1,593.94,411.91,NA,15568,06420,18,12
42111020102,42,111,020102,5526,5499,2,18,1,6,0,4188,4170,2,12,1,3,0,1354.06,939.09,38104,15568,06420,18,12
42111020798,42,111,020798,3117,3108,1,6,0,2,0,2282,2273,1,6,0,2,0,210,279,NA,37920,21840,18,12
42113009801,42,113,009801,3360,3274,47,19,17,3,0,2592,2533,28,16,12,3,0,376,297,20528,13000,22920,7,10
42113009802,42,113,009802,2744,2711,9,6,12,6,0,2102,2085,2,4,9,2,0,41,62,20648,27096,22920,7,10
42115000320,42,115,000320,3288,3271,1,7,3,3,3,2320,2307,1,5,2,2,3,17,17,43928,26648,15810,19,10
42115000321,42,115,000321,3808,3768,1,24,9,6,0,2727,2704,0,11,8,4,0,94,195,NA,70776,15810,19,10
42115000322,42,115,000322,3795,3768,2,8,15,2,0,2830,2810,2,4,13,1,0,177,241,32080,30736,03900,19,10
42115000323,42,115,000323,4148,4073,2,32,8,33,0,2972,2916,2,21,8,25,0,59,74,41336,32720,22980,19,10
42115000325,42,115,000325,3699,3667,7,12,4,7,2,2740,2720,4,8,4,4,0,158,260,53880,53888,03900,19,10
42115000326,42,115,000326,4353,4320,13,12,7,1,0,3302,3281,9,8,4,0,0,305,466,50736,8648,15810,19,10
42115000327,42,115,000327,3248,3204,10,14,9,11,0,2327,2302,9,7,6,3,0,152,196,NA,3496,09150,19,10
42115000328,42,115,000328,4744,4704,15,17,1,7,0,3400,3377,7,10,1,5,0,151,222,35624,19264,09150,19,10
42115000329,42,115,000329,5574,5541,7,15,3,7,1,4199,4175,5,11,3,5,0,256,307,26560,42760,16050,19,10
42115032498,42,115,032498,3723,3645,21,21,24,10,2,2725,2682,11,12,17,3,0,47,88,78464,29024,22980,19,10
42117009901,42,117,009901,4072,4042,7,11,10,2,0,2927,2902,6,10,8,1,0,133,244,42016,41960,17730,19,5
42117009902,42,117,009902,3840,3786,34,10,9,0,1,2800,2775,14,5,5,0,1,52,114,23152,23152,17730,19,5
42117009903,42,117,009903,3809,3783,3,13,10,0,0,2821,2800,2,9,10,0,0,59,80,82968,82976,17730,19,5
42117009904,42,117,009904,4105,4067,2,17,14,5,0,2931,2905,1,14,8,3,0,131,245,76808,76824,17730,19,5
42117009905,42,117,009905,3929,3881,3,6,28,7,4,2881,2854,1,5,14,4,3,98,226,66232,75104,22370,19,5
42117009906,42,117,009906,5843,5623,124,38,15,38,5,4771,4594,105,27,9,33,3,251,413,47080,64624,22370,19,5
42117009907,42,117,009907,4916,4871,7,26,4,7,1,3682,3660,1,12,4,5,0,339,552,7160,12728,25170,19,5
42117009908,42,117,009908,3430,3369,24,5,6,26,0,2697,2661,16,3,6,11,0,502,872,82160,82160,25170,19,5
42117009909,42,117,009909,4199,4162,7,8,10,12,0,3048,3030,2,3,5,8,0,63,93,NA,18760,25170,19,5
42117009910,42,117,009910,2983,2969,1,5,0,8,0,2174,2167,1,2,0,4,0,82,134,43128,78416,22370,19,5
42119009901,42,119,009901,5072,5015,21,24,7,5,0,3728,3692,16,14,5,1,0,403,544,NA,84496,15480,16,5
42119009902,42,119,009902,5586,5545,18,10,9,4,0,3893,3866,9,7,9,2,0,161,248,32936,32952,26010,16,5
42119009903,42,119,009903,3512,3488,5,8,5,5,1,2582,2564,1,8,4,4,1,372,703,49288,49288,26010,16,5
42119009904,42,119,009904,3565,3545,5,7,1,6,1,2531,2522,2,4,1,2,0,103,193,53200,43368,26010,16,5
42119009905,42,119,009905,7438,6229,680,453,27,47,2,5919,4777,646,428,25,41,2,301,463,42976,10016,26010,16,5
42119009906,42,119,009906,5218,5078,27,46,3,61,3,4123,4018,20,31,3,50,1,696,1176,43704,20888,13590,16,5
42119009907,42,119,009907,5785,5476,102,90,12,102,3,5100,4854,82,68,8,87,1,542,730,42976,42976,13590,16,5
42121002000,42,121,002000,3788,3771,1,6,3,7,0,2739,2730,1,4,2,2,0,106,171,61512,13136,23490,6,5
42121002001,42,121,002001,4147,4126,5,8,2,5,1,2888,2877,3,3,2,3,0,145,181,16080,37480,24630,6,5
42121002002,42,121,002002,6747,6518,182,35,4,6,2,5036,4939,80,11,2,4,0,290,243,61936,11080,10200,6,5
42121002003,42,121,002003,1848,1765,64,5,2,9,3,1337,1283,41,4,1,7,1,299.61,259.35,27456,27456,10200,6,5
42121002004,42,121,002004,2799,2671,92,17,1,10,8,2132,2048,63,9,1,9,2,477.75,413.56,27456,27456,10200,6,5
42121002005,42,121,002005,2684,2616,49,12,1,3,3,2011,1964,35,8,1,3,0,450.64,390.09,27456,27456,10200,6,5
42121002006,42,121,002006,5536,5503,9,11,5,8,0,4197,4182,3,7,1,4,0,990,847,75000,75000,24630,6,5
42121002007,42,121,002007,2519,2465,21,20,8,5,0,1902,1869,15,10,5,3,0,450.1,386.04,56456,56456,18090,6,5
42121002008,42,121,002008,2893,2854,10,13,1,15,0,2133,2109,7,12,0,5,0,504.76,432.93,56456,56456,18090,6,5
42121002009,42,121,002009,2911,2881,10,14,2,3,1,2172,2153,6,10,1,2,0,513.99,440.84,56456,56456,18090,6,5
42121002010,42,121,002010,3630,3582,15,13,2,18,0,2760,2733,7,7,2,11,0,653.14,560.19,56456,56456,18090,6,5
42121002011,42,121,002011,5465,5417,3,12,1,32,0,4092,4066,2,5,1,18,0,102,94,66440,16232,18090,6,5
42121002012,42,121,002012,3254,3227,8,13,4,2,0,2330,2316,4,6,2,2,0,463.98,525.49,69272,16944,07050,6,5
42121002013,42,121,002013,3980,3962,7,3,4,3,1,2973,2965,3,2,2,1,0,592.02,670.51,86224,16944,07050,6,5
42121002014,42,121,002014,3588,3565,5,8,5,5,0,2598,2579,5,4,5,5,0,147,175,14376,37200,10200,6,5
42121002015,42,121,002015,3592,3565,3,11,7,4,2,2691,2673,3,5,6,4,0,189,216,23568,65560,02310,6,5
42123009701,42,123,009701,2770,2752,1,4,7,6,0,2062,2052,0,1,4,5,0,252,249,13776,48272,24820,6,5
42123009702,42,123,009702,4043,4011,2,7,5,18,0,2920,2900,2,5,4,9,0,467,533,NA,60480,24820,6,5
42123009703,42,123,009703,5636,5592,3,22,8,3,8,3911,3879,2,15,5,3,7,136,164,75032,15408,24820,6,5
42123009704,42,123,009704,3055,3045,0,5,5,0,0,2168,2163,0,3,2,0,0,90,139,NA,61040,24820,6,5
42123009705,42,123,009705,3737,3719,3,8,4,0,3,2842,2832,1,4,4,0,1,311,350,87224,9024,24820,6,5
42123009706,42,123,009706,4475,4401,31,12,7,24,0,3500,3442,26,8,6,18,0,636,703,NA,15672,24820,6,5
42123009707,42,123,009707,3015,2997,0,9,4,5,0,2249,2235,0,8,3,3,0,527.31,578.04,81000,81000,24820,6,5
42123009708,42,123,009708,4153,4115,1,14,8,15,0,3226,3202,1,8,8,7,0,756.38,829.14,81000,81000,24820,6,5
42123009709,42,123,009709,3954,3906,8,9,16,13,2,3038,3008,3,7,13,6,1,712.3,780.82,81000,81000,24820,6,5
42123009710,42,123,009710,2372,2347,2,7,1,15,0,1825,1812,2,4,1,6,0,367,506,NA,29328,24820,6,5
42123009711,42,123,009711,2663,2648,2,4,1,8,0,2051,2043,2,2,1,3,0,446,553,81028,61208,24820,6,5
42123009712,42,123,009712,2537,2522,0,11,1,3,0,1953,1941,0,9,1,2,0,507,351,69984,69992,24820,6,5
42123009713,42,123,009713,635,635,0,0,0,0,0,475,475,0,0,0,0,0,50,24,NA,43372,24820,6,5
42123009714,42,123,009714,2005,1997,0,4,4,0,0,1486,1481,0,4,1,0,0,32,53,76696,72600,24820,6,5
42125007041,42,125,007041,1642,1283,334,12,6,4,3,1397,1143,233,11,6,4,0,310.68,183.39,81328,81328,24990,9,20
42125007110,42,125,007110,4103,4058,15,23,3,4,0,3091,3064,11,15,0,1,0,400,328,NA,32440,04500,9,20
42125007127,42,125,007127,1634,1554,21,49,10,0,0,1305,1242,18,41,4,0,0,409,196,10224,10224,04500,9,20
42125007137,42,125,007137,4787,4555,94,118,9,10,1,3706,3529,72,90,7,7,1,1314,339,49240,71288,04500,9,20
42125007140,42,125,007140,328,303,24,0,1,0,0,246,225,20,0,1,0,0,41.27,18.58,49240,65376,09960,9,20
42125007140,42,125,007140,2915,2841,58,12,2,2,0,2216,2157,46,9,2,2,0,371.73,167.42,49240,65376,09960,9,20
42125007157,42,125,007157,1801,1658,118,13,5,7,0,1396,1298,85,7,4,2,0,293,157,46072,46072,09960,9,20
42125007210,42,125,007210,4712,4626,57,20,6,3,0,3464,3399,47,14,3,1,0,131,146,83504,17314,02760,9,20
42125007227,42,125,007227,3556,3421,125,5,3,2,0,2657,2553,94,5,3,2,0,754,469,NA,51864,09960,9,20
42125007310,42,125,007310,6440,6412,5,9,10,4,0,4749,4730,5,6,5,3,0,319,303,14000,19464,14880,9,20
42125007320,42,125,007320,7315,7256,13,26,7,10,3,5106,5068,10,17,4,7,0,146,155,31082,51104,14880,9,20
42125007411,42,125,007411,4249,4133,83,23,1,6,3,3127,3039,64,19,1,3,1,733.83,262.15,11883,11800,04890,9,20
42125007412,42,125,007412,1774,1757,11,5,0,1,0,1329,1316,8,4,0,1,0,311.88,111.41,NA,11800,04890,9,20
42125007413,42,125,007413,2519,2431,79,4,3,2,0,1944,1878,61,2,1,2,0,456.21,162.97,11883,11800,04890,9,20
42125007414,42,125,007414,435,384,50,0,0,1,0,435,384,50,0,0,1,0,102.08,36.47,NA,11800,04890,9,20
42125007421,42,125,007421,5652,5389,242,4,3,6,8,4564,4376,179,1,3,4,1,1132.86,511.22,46160,12848,05730,9,20
42125007422,42,125,007422,1859,1839,12,1,4,2,1,1379,1362,10,1,4,1,1,342.29,154.46,NA,12848,05730,9,20
42125007437,42,125,007437,1526,1425,94,3,0,0,4,1208,1140,65,3,0,0,0,299.85,135.31,35896,35896,05730,9,20
42125007441,42,125,007441,5598,5130,418,24,5,11,10,4502,4187,279,19,4,10,3,1609.34,502.46,11152,11152,04890,9,20
42125007442,42,125,007442,3602,3371,202,18,1,7,3,2872,2695,156,15,0,6,0,1026.66,320.54,11152,11152,04890,9,20
42125007451,42,125,007451,4553,4415,97,24,0,15,2,3628,3529,68,19,0,10,2,964.41,614.5,35896,55432,04890,9,20
42125007452,42,125,007452,3555,3442,86,9,0,13,5,2707,2627,64,8,0,7,1,719.59,458.5,NA,55432,04890,9,20
42125007461,42,125,007461,5273,5192,19,29,3,30,0,3946,3896,15,19,1,15,0,698.87,1230.59,46344,59608,18960,9,20
42125007462,42,125,007462,3457,3399,11,17,0,30,0,2568,2532,8,9,0,19,0,454.82,800.85,76552,59608,18960,9,20
42125007463,42,125,007463,5737,5629,29,25,1,53,0,4180,4113,13,21,1,32,0,740.31,1303.56,76552,59608,18960,9,20
42125007511,42,125,007511,5355,5220,93,28,10,2,2,4127,4027,70,17,9,2,2,1031.16,491.59,86000,11176,23760,9,20
42125007512,42,125,007512,3901,3660,212,14,2,7,6,2925,2759,153,6,2,5,0,730.84,348.41,NA,11176,23760,9,20
42125007527,42,125,007527,4993,4826,129,20,3,10,5,3858,3739,99,12,3,5,0,922,889,NA,55040,23760,9,20
42125007537,42,125,007537,2126,2006,96,6,1,17,0,1716,1630,68,6,1,11,0,347,498,22016,22016,24990,9,20
42125007542,42,125,007542,3156,2903,217,20,2,13,1,2631,2440,162,18,2,9,0,585.1,345.38,81328,81328,24990,9,20
42125007543,42,125,007543,3981,2991,917,39,17,8,9,3139,2427,664,26,11,5,6,698.07,412.06,81328,81328,24990,9,20
42125007544,42,125,007544,2366,2126,214,13,2,4,7,1781,1642,121,11,1,4,2,396.07,233.8,81328,81328,24990,9,20
42125007545,42,125,007545,3021,2838,147,21,2,10,3,2412,2293,93,18,2,6,0,536.4,316.63,81328,81328,24990,9,20
42125007546,42,125,007546,1849,1579,235,18,7,5,5,1415,1250,142,12,7,4,0,314.68,185.75,81328,81328,24990,9,20
42125007551,42,125,007551,3293,3226,56,5,0,6,0,2738,2686,45,5,0,2,0,626.75,633.75,NA,72504,23760,9,20
42125007552,42,125,007552,4232,4139,46,18,2,23,4,3129,3072,29,11,2,14,1,716.25,724.25,NA,72504,23760,9,20
42125007557,42,125,007557,4152,4121,13,10,2,6,0,2996,2979,5,7,2,3,0,518,518,NA,2384,23760,9,20
42125007610,42,125,007610,6090,6039,19,14,6,11,1,4550,4517,14,9,5,5,0,611,346,4568,71792,03360,9,20
42125007620,42,125,007620,2995,2901,82,12,0,0,0,2233,2161,64,8,0,0,0,360,156,47400,82512,03600,9,20
42125007637,42,125,007637,1811,1718,80,9,3,1,0,1384,1316,57,7,3,1,0,520,157,12224,83840,04710,9,20
42125007640,42,125,007640,3713,3625,61,16,6,2,3,2896,2834,46,11,2,2,1,734,196,5672,5672,03360,9,20
42125007711,42,125,007711,5262,5121,83,39,3,16,0,3985,3901,46,27,3,8,0,394,323,NA,78432,20400,9,20
42125007712,42,125,007712,3773,3679,65,21,0,8,0,2955,2886,48,17,0,4,0,1448,740,28600,78432,20400,9,20
42125007727,42,125,007727,2172,2157,4,8,1,2,0,1753,1739,4,8,1,1,0,609,173,53496,53496,20400,9,20
42125007731,42,125,007731,3403,3245,105,29,12,10,2,2816,2699,80,24,7,6,0,916.5,310.35,50408,50408,20400,9,20
42125007732,42,125,007732,1525,1425,89,8,3,0,0,1249,1165,78,4,2,0,0,406.5,137.65,50408,50408,20400,9,20
42125007747,42,125,007747,6258,6133,57,51,1,15,1,4935,4851,37,38,1,7,1,1589,742,84931,11424,20400,9,20
42125007751,42,125,007751,1100,854,199,44,3,0,0,937,759,140,35,3,0,0,371.51,91.54,19536,19536,20400,9,20
42125007752,42,125,007752,2178,1811,293,63,0,6,5,1718,1446,214,55,0,3,0,681.17,167.84,19536,19536,20400,9,20
42125007753,42,125,007753,2656,2236,360,45,6,2,7,2074,1821,213,34,4,2,0,822.32,202.62,19536,19536,20400,9,20
42125007817,42,125,007817,4972,4800,140,17,0,11,4,3913,3792,99,15,0,7,0,1385,550,NA,25104,05640,9,20
42125007827,42,125,007827,1562,1536,12,13,1,0,0,1274,1253,11,9,1,0,0,464,145,54888,54888,05640,9,20
42125007831,42,125,007831,1170,1124,39,2,0,3,2,1020,988,28,2,0,2,0,318.7,136.23,12704,12704,05640,9,20
42125007832,42,125,007832,2043,2003,35,3,0,2,0,1642,1611,29,1,0,1,0,513.05,219.31,12704,12704,05640,9,20
42125007833,42,125,007833,1801,1781,12,6,0,1,1,1441,1426,11,3,0,1,0,450.25,192.46,12704,12704,05640,9,20
42125007840,42,125,007840,3248,3219,9,13,1,6,0,2656,2635,8,9,0,4,0,219,36,72736,72736,05640,9,20
42125007910,42,125,007910,1657,1644,5,4,1,3,0,1352,1344,2,4,1,1,0,210,68,66016,66016,04710,9,20
42125007921,42,125,007921,2753,2644,57,21,0,31,0,2245,2164,42,15,0,24,0,453.12,161.92,10768,10768,04710,9,20
42125007922,42,125,007922,3179,2924,176,26,1,49,3,2982,2747,166,22,1,43,3,601.88,215.08,10768,10768,04710,9,20
42125007937,42,125,007937,1170,1149,9,11,1,0,0,920,908,4,7,1,0,0,356,85,82616,82616,04710,9,20
42125007947,42,125,007947,3847,3813,2,23,1,6,2,3000,2978,2,13,1,5,1,1125,308,12224,12224,03600,9,20
42125007957,42,125,007957,2799,2701,89,3,6,0,0,2110,2049,55,2,4,0,0,890,192,27683,20808,03600,9,20
42127009601,42,127,009601,1311,1295,1,8,2,5,0,943,931,0,8,2,2,0,87,122,NA,46856,24970,19,10
42127009602,42,127,009602,3104,3073,4,20,1,6,0,2275,2254,2,15,1,3,0,145,209,73784,51872,24970,19,10
42127009603,42,127,009603,1820,1813,3,1,1,1,1,1380,1375,1,1,1,1,1,278,277,62744,14352,26070,19,10
42127009604,42,127,009604,2546,2525,2,8,4,6,1,1861,1845,2,6,4,4,0,57,95,5976,20576,24970,19,10
42127009605,42,127,009605,3081,3046,4,22,0,8,1,2242,2222,3,12,0,4,1,240,578,NA,18104,24970,19,10
42127009606,42,127,009606,3926,3855,14,48,0,9,0,2905,2868,7,25,0,5,0,183,334,33200,5784,24970,19,10
42127009607,42,127,009607,4972,4905,6,34,8,19,0,3873,3828,3,24,5,13,0,673,972,35520,35520,24970,19,10
42127009608,42,127,009608,4170,4127,10,14,3,15,1,3125,3100,4,11,2,7,1,147,245,NA,76424,24970,19,10
42127009609,42,127,009609,3924,3633,186,91,11,3,0,3059,2776,185,87,9,2,0,189,177,81712,11056,26070,19,10
42127009610,42,127,009610,3287,3216,13,45,3,7,3,2404,2366,8,25,3,2,0,338,470,NA,40936,26070,19,10
42127009611,42,127,009611,1696,1664,8,19,1,4,0,1326,1306,7,11,1,1,0,245,366,NA,58480,24750,19,10
42127009612,42,127,009612,2933,2902,5,16,4,6,0,2104,2088,3,6,3,4,0,282,440,NA,67488,26070,19,10
42127009613,42,127,009613,1996,1970,12,10,3,1,0,1494,1476,6,9,2,1,0,86,148,NA,19864,24750,19,10
42127009614,42,127,009614,1178,1129,8,35,1,4,1,901,873,7,17,1,3,0,176,163,NA,42432,17310,19,10
42127009615,42,127,009615,0,0,0,0,0,0,0,0,0,0,0,0,0,0,44,61,73784,73784,22980,19,10
42129008001,42,129,008001,1546,1309,211,6,5,11,4,1252,1101,134,4,3,10,0,427.69,97.05,3088,3088,16740,2,4
42129008002,42,129,008002,1686,1453,218,8,0,1,6,1297,1153,135,7,0,1,1,443.06,100.54,3088,3088,16740,2,4
42129008003,42,129,008003,2909,2802,91,10,1,5,0,2366,2306,50,6,1,3,0,808.24,183.41,3088,3088,16740,2,4
42129008004,42,129,008004,1724,1673,38,11,0,1,1,1422,1386,27,7,0,1,1,438.22,187.87,53736,53736,16740,2,4
42129008005,42,129,008005,2875,2812,40,11,1,11,0,2354,2319,22,7,1,5,0,725.44,311.01,53736,53736,16740,2,4
42129008006,42,129,008006,2914,2469,395,33,1,1,15,2171,1892,255,21,1,0,2,669.04,286.83,53736,53736,16740,2,4
42129008008,42,129,008008,2028,1987,32,8,0,1,0,1626,1596,25,4,0,1,0,501.09,214.83,53736,53736,16740,2,4
42129008009,42,129,008009,3243,3020,189,19,0,5,10,2441,2332,99,7,0,3,0,752.25,322.5,53736,53736,16740,2,4
42129008010,42,129,008010,7175,7010,91,35,6,33,0,5712,5583,78,23,6,22,0,1708.23,844.39,44864,44864,04530,2,4
42129008011,42,129,008011,5085,5018,38,10,6,13,0,3975,3923,29,10,4,9,0,1188.77,587.61,44864,44864,04530,2,4
42129008012,42,129,008012,5626,5571,27,11,4,13,0,4181,4146,21,4,4,6,0,801.96,440.23,NA,892,12840,2,4
42129008013,42,129,008013,4170,4095,43,16,2,6,8,3170,3128,25,11,2,3,1,608.04,333.77,83328,892,12840,2,4
42129008014,42,129,008014,2243,2201,33,7,0,0,2,1778,1755,18,5,0,0,0,524.47,193.59,79776,79776,12840,2,4
42129008015,42,129,008015,2864,2812,26,15,1,4,6,2329,2297,16,10,1,4,1,687,253.59,79776,79776,12840,2,4
42129008016,42,129,008016,1584,1470,99,7,4,0,4,1229,1155,65,5,4,0,0,362.53,133.82,79776,79776,12840,2,4
42129008018,42,129,008018,6643,6512,92,26,2,11,0,5004,4917,67,16,2,2,0,475,245,3688,45200,12840,18,12
42129008019,42,129,008019,7174,7017,118,19,6,10,4,5648,5527,95,9,6,8,3,1407,1027,18768,67496,10920,18,4
42129008020,42,129,008020,8505,8286,37,41,8,133,0,6463,6323,28,28,5,79,0,1039.18,1531.56,52332,52332,10230,18,4
42129008021,42,129,008021,11793,11267,60,49,4,407,6,8737,8424,40,31,3,239,0,1404.82,2070.44,52332,52332,10230,18,4
42129008022,42,129,008022,3255,3217,13,15,3,7,0,2690,2664,12,8,3,3,0,923,430,77272,77272,18660,2,4
42129008023,42,129,008023,12018,11872,53,57,3,33,0,8750,8662,38,31,2,17,0,1909.25,1442.25,52332,58880,18660,18,4
42129008024,42,129,008024,4170,4122,11,3,4,30,0,3129,3098,7,3,4,17,0,682.75,515.75,37784,58880,18660,18,4
42129008025,42,129,008025,2613,2542,46,19,2,4,0,2088,2040,32,12,2,2,0,533.73,264.15,37784,37784,12330,18,4
42129008026,42,129,008026,4063,3944,100,1,3,3,12,3067,3010,54,1,2,0,0,783.99,388,37784,37784,12330,18,4
42129008027,42,129,008027,2214,2197,9,6,0,2,0,1823,1809,6,6,0,2,0,465.99,230.62,37784,37784,12330,18,4
42129008028,42,129,008028,2873,2522,331,1,7,2,10,2231,1992,229,1,7,2,0,570.29,282.24,37784,37784,12330,18,4
42129008029,42,129,008029,4387,4363,3,14,2,5,0,3334,3316,0,12,2,4,0,360,283,47000,55128,17940,18,4
42129008030,42,129,008030,5560,5453,67,22,1,14,3,4368,4289,52,12,1,13,1,738,654,37208,37208,17940,18,4
42129008031,42,129,008031,4008,3960,18,25,1,1,3,3109,3078,14,15,0,1,1,881.74,596,37208,55128,17940,18,4
42129008032,42,129,008032,2632,2618,2,5,4,3,0,2004,1992,1,5,4,2,0,568.35,384.17,77272,55128,17940,18,4
42129008033,42,129,008033,9950,9868,24,22,1,35,0,7938,7877,13,20,1,27,0,2251.28,1521.72,NA,55128,17940,18,4
42129008034,42,129,008034,2149,2139,0,1,0,8,1,1706,1700,0,1,0,4,1,483.83,327.04,NA,55128,17940,18,4
42129008035,42,129,008035,7665,7606,23,18,1,14,3,5655,5618,14,14,1,8,0,1603.8,1084.07,NA,55128,17940,18,4
42129008036,42,129,008036,2068,2051,8,2,0,7,0,1592,1579,7,1,0,5,0,333.05,294.98,332,33792,11760,18,20
42129008037,42,129,008037,4479,4372,52,15,1,39,0,3441,3358,46,8,1,28,0,719.86,637.58,NA,33792,11760,18,20
42129008038,42,129,008038,4675,4537,98,7,4,26,3,3620,3526,67,7,2,18,0,757.31,670.75,NA,33792,11760,18,20
42129008039,42,129,008039,7122,6766,193,69,5,79,10,5511,5288,120,53,2,47,1,1359.52,1146.44,31200,31200,10920,18,20
42129008040,42,129,008040,1709,1494,186,25,1,2,1,1355,1218,121,13,1,2,0,283.47,251.07,31200,31200,10920,18,20
42129008041,42,129,008041,3287,3089,166,17,7,8,0,2679,2549,106,11,7,6,0,660.89,557.3,31200,31200,10920,18,20
42129008042,42,129,008042,4218,4070,101,23,3,15,6,3371,3294,52,13,2,10,0,831.6,701.26,31200,31200,10920,18,20
42129008043,42,129,008043,2456,2412,29,5,2,7,1,1957,1926,19,5,2,5,0,507,439,72616,72616,10920,18,20
42129008044,42,129,008044,2395,2376,6,8,2,3,0,1963,1949,4,5,2,3,0,521,260,72192,72192,10920,18,20
42129008045,42,129,008045,10697,10509,43,40,4,99,2,8431,8303,34,32,4,57,1,1763.78,1562.18,87232,33792,11760,18,20
42129008046,42,129,008046,3424,3398,3,12,2,7,2,2765,2747,3,9,2,4,0,611,544,87232,87232,11760,18,20
42129008047,42,129,008047,9855,9285,460,60,13,36,1,7652,7126,440,52,12,21,1,1600.81,1417.84,3120,33792,11760,18,20
42129008048,42,129,008048,8416,8274,72,30,7,29,4,6404,6311,52,19,5,17,0,1339.73,1186.6,3120,33792,11760,18,20
42129008049,42,129,008049,5428,5336,35,14,1,42,0,4224,4145,27,10,1,41,0,302,305,54104,33792,11760,18,20
42129008050,42,129,008050,4258,4200,28,21,3,6,0,3306,3271,20,11,0,4,0,887.89,411.22,NA,69392,21150,2,20
42129008051,42,129,008051,3122,3068,44,4,1,5,0,2402,2369,25,4,1,3,0,645.11,298.78,75592,69392,21150,2,20
42129008052,42,129,008052,3012,2726,260,4,0,4,18,2427,2262,159,3,0,1,2,1203.88,198.08,50344,50344,15600,2,20
42129008053,42,129,008053,342,285,47,1,0,6,3,297,262,32,1,0,2,0,147.32,24.24,50344,50344,15600,2,20
42129008054,42,129,008054,2331,1615,647,23,6,5,35,1826,1347,461,13,2,2,1,905.76,149.03,50344,50344,15600,2,20
42129008055,42,129,008055,4222,4064,137,15,0,2,4,3647,3510,120,14,0,2,1,1809.04,297.65,50344,50344,15600,2,20
42129008056,42,129,008056,2112,2076,27,7,0,2,0,1715,1689,21,3,0,2,0,621,172,54776,54776,03210,2,20
42129008057,42,129,008057,250,218,29,0,0,0,3,208,182,26,0,0,0,0,56.94,24.79,45732,66376,03210,2,20
42129008058,42,129,008058,3605,3406,170,20,2,6,1,2809,2673,124,8,2,2,0,769,334.78,45732,66376,03210,2,20
42129008059,42,129,008059,7363,7241,65,35,1,15,6,5684,5604,47,21,1,11,0,1556.06,677.43,71424,66376,03210,2,20
42129008060,42,129,008060,3150,3071,64,9,4,2,0,2443,2380,52,6,3,2,0,671,341,83680,83680,21150,2,20
42129008061,42,129,008061,4118,4032,47,28,5,6,0,3221,3154,35,23,5,4,0,889.12,371.13,83680,72256,21150,2,20
42129008062,42,129,008062,2624,2611,9,0,1,3,0,2021,2009,8,0,1,3,0,557.88,232.87,71424,72256,21150,2,20
42129008063,42,129,008063,2270,2208,49,8,2,0,3,1728,1689,32,5,2,0,0,411.61,311.42,68432,68432,22410,2,12
42129008064,42,129,008064,2914,2879,20,8,4,0,3,2256,2229,15,8,4,0,0,537.39,406.58,68432,68432,22410,2,12
42129008065,42,129,008065,4462,4404,30,14,0,14,0,3435,3396,21,8,0,10,0,698.55,513.7,68432,21304,22410,2,12
42129008066,42,129,008066,3350,3314,19,6,3,7,1,2456,2435,13,3,1,3,1,499.45,367.3,NA,21304,22410,2,12
42129008067,42,129,008067,3081,3038,27,8,4,4,0,2510,2479,19,4,4,4,0,884.33,393.54,51880,51880,16170,2,12
42129008068,42,129,008068,1704,1672,28,1,2,1,0,1387,1362,21,1,2,1,0,488.67,217.46,51880,51880,16170,2,12
42129008069,42,129,008069,3929,3883,19,15,5,6,1,2959,2931,11,10,3,3,1,611.9,338.64,51880,51888,16170,18,12
42129008070,42,129,008070,3619,3612,0,2,4,1,0,2721,2717,0,2,2,0,0,562.68,311.41,10836,51888,16170,18,12
42129008071,42,129,008071,3869,3854,4,7,1,3,0,2918,2912,2,2,1,1,0,603.42,333.95,10836,51888,16170,18,12
42129008072,42,129,008072,5943,5896,5,9,3,30,0,4521,4487,5,8,1,20,0,994.09,743.19,NA,78656,10980,18,12
42129008073,42,129,008073,5282,5253,3,18,2,4,2,4118,4096,3,14,2,3,0,905.48,676.94,87208,78656,10980,18,12
42129008074,42,129,008074,9247,9090,40,39,3,73,2,7506,7396,28,30,2,49,1,1650.44,1233.88,42032,78656,10980,18,12
42129008075,42,129,008075,2603,2584,7,6,0,6,0,2153,2139,6,4,0,4,0,542.85,319.73,41680,41680,10980,18,12
42129008076,42,129,008076,2939,2915,11,7,1,4,1,2328,2313,7,4,1,3,0,586.97,345.72,41680,41680,10980,18,12
42129008077,42,129,008077,3729,3704,6,14,0,4,1,3007,2995,3,6,0,2,1,758.18,446.55,41680,41680,10980,18,12
42129008078,42,129,008078,4110,4078,17,3,3,4,5,3280,3263,10,1,3,3,0,491.72,241.04,45940,18968,07560,18,12
42129008079,42,129,008079,6765,6688,37,15,10,12,3,4971,4930,23,6,6,6,0,745.22,365.31,53160,18968,07560,18,12
42129008080,42,129,008080,521,464,41,1,2,13,0,517,464,41,1,2,9,0,77.51,37.99,NA,18968,07560,18,12
42129008081,42,129,008081,4621,4492,94,21,5,7,2,3479,3395,59,17,2,6,0,521.55,255.66,45940,18968,07560,18,12
42129008082,42,129,008082,2950,2937,4,4,4,1,0,2304,2291,4,4,4,1,0,780,501,18960,18960,07560,18,12
42129008083,42,129,008083,5799,5757,8,20,9,5,0,4326,4299,3,13,6,5,0,367,300,53544,24608,13710,5,12
42129008084,42,129,008084,7187,7149,4,13,2,19,0,5632,5610,2,11,2,7,0,789,1034,43232,43240,13710,5,12
42129008085,42,129,008085,1625,1621,0,0,3,1,0,1364,1360,0,0,3,1,0,409,605,43232,43232,13710,5,12
42129008090,42,129,008090,0,0,0,0,0,0,0,0,0,0,0,0,0,0,0,0,NA,19480,16170,18,12
42129800701,42,129,800701,1227,758,430,24,2,3,10,916,636,264,10,2,3,1,282.29,121.02,53736,53736,16740,2,4
42129800702,42,129,800702,1846,1603,209,9,8,5,12,1430,1282,132,7,4,3,2,440.69,188.93,53736,53736,16740,2,4
42129801701,42,129,801701,2258,2164,78,2,3,9,2,1651,1587,54,2,2,5,1,404,223,NA,78768,04530,2,4
42129801702,42,129,801702,7725,7622,52,30,6,15,0,5823,5765,27,13,6,12,0,1067,1036,NA,81336,12840,18,4
42129808698,42,129,808698,4664,4639,2,10,3,10,0,3487,3467,2,9,3,6,0,277,261,19472,19480,16170,18,12
42131004001,42,131,004001,2997,2976,2,6,2,7,4,2110,2098,2,5,2,3,0,82,111,48856,48864,09150,19,10
42131004002,42,131,004002,3848,3819,7,12,3,5,2,2704,2688,3,6,1,4,2,50,63,NA,42616,23850,19,10
42131004003,42,131,004003,4517,4395,44,37,2,38,1,3353,3260,34,22,2,34,1,137,195,54400,54408,12990,19,10
42131004004,42,131,004004,4377,4317,20,22,6,11,1,3146,3112,12,10,6,6,0,421,575,77784,77792,23850,19,10
42131004005,42,131,004005,4284,4193,43,32,6,9,1,3025,3007,3,6,4,5,0,266,315,NA,25128,23850,19,10
42131004006,42,131,004006,3845,3799,16,16,3,10,1,2938,2905,12,10,2,9,0,183,252,77784,22112,23850,19,10
42131004007,42,131,004007,4208,4192,1,10,3,1,1,3062,3052,0,6,3,1,0,215,279,NA,50496,23850,19,10
42133000001,42,133,000001,1319,837,249,196,2,33,2,1083,754,189,116,2,22,0,163.46,132.54,87048,87048,26820,17,19
42133000002,42,133,000002,2801,1636,678,466,7,5,9,1988,1290,439,240,7,5,7,300.05,243.29,87048,87048,26820,17,19
42133000003,42,133,000003,2307,1977,168,103,8,48,3,1692,1499,108,55,4,26,0,255.38,207.07,87048,87048,26820,17,19
42133000004,42,133,000004,2087,1934,65,69,8,6,5,1581,1490,45,36,4,6,0,238.62,193.48,87048,87048,26820,17,19
42133000005,42,133,000005,2511,1781,557,144,8,20,1,1851,1420,337,75,6,13,0,279.38,226.53,87048,87048,26820,17,19
42133000006,42,133,000006,2592,2026,379,169,6,10,2,1928,1600,224,95,3,6,0,291,235.95,87048,87048,26820,17,19
42133000007,42,133,000007,3578,999,1818,720,16,16,9,2264,763,1113,368,8,10,2,341.71,277.07,87048,87048,26820,17,19
42133000008,42,133,000008,2236,1614,459,138,0,20,5,1725,1324,305,81,0,14,1,260.36,211.11,87048,87048,26820,17,19
42133000009,42,133,000009,2682,1333,1142,141,8,47,11,1976,1130,728,77,2,35,4,298.24,241.82,87048,87048,26820,17,19
42133000010,42,133,000010,1570,489,827,233,5,9,7,1037,381,536,112,3,3,2,156.52,126.91,87048,87048,26820,17,19
42133000011,42,133,000011,3440,2555,642,145,3,88,7,2401,1900,358,84,3,55,1,362.39,293.84,87048,87048,26820,17,19
42133000012,42,133,000012,2794,2314,274,175,2,26,3,2123,1844,164,99,2,14,0,320.43,259.81,87048,87048,26820,17,19
42133000013,42,133,000013,2690,2568,61,50,0,9,2,2192,2113,41,30,0,8,0,330.84,268.26,87048,87048,26820,17,19
42133000014,42,133,000014,4552,4080,304,78,9,80,1,3693,3410,174,44,9,56,0,557.39,451.95,87048,87048,26820,17,19
42133000015,42,133,000015,3618,2460,809,313,7,17,12,2441,1859,416,147,3,13,3,368.43,298.73,87048,87048,26820,17,19
42133000016,42,133,000016,1526,1210,181,105,7,23,0,1231,1024,130,60,7,10,0,185.8,150.65,87048,87048,26820,17,19
42133000103,42,133,000103,1742,1723,6,11,0,2,0,1370,1360,3,6,0,1,0,286.41,453.79,87048,73168,26850,17,19
42133000104,42,133,000104,3698,3603,47,27,2,19,0,2958,2895,30,17,2,14,0,618.39,979.79,79682,73168,26850,17,19
42133000201,42,133,000201,3555,3236,165,63,12,78,1,2706,2516,95,36,8,51,0,457.73,775.14,NA,24936,25830,17,19
42133000203,42,133,000203,8879,8773,32,39,6,26,3,6578,6514,21,24,4,15,0,276,392,82200,81056,17760,17,19
42133000206,42,133,000206,6666,6623,18,2,3,20,0,4934,4909,11,1,2,11,0,697.94,935.97,82008,19704,07680,17,19
42133000208,42,133,000208,4997,4860,66,51,5,9,6,3781,3693,48,30,3,6,1,439,542,NA,15656,17520,17,19
42133000211,42,133,000211,3219,3115,52,28,1,22,1,2616,2549,35,15,1,16,0,320.25,532.91,23560,46872,05490,17,19
42133000213,42,133,000213,4283,4180,34,59,2,8,0,3404,3341,22,34,2,5,0,592,610,84288,84288,25980,17,19
42133000214,42,133,000214,8358,8089,103,49,10,105,2,6712,6513,84,38,8,68,1,1079.11,1369.97,70256,83432,25980,17,19
42133000215,42,133,000215,3289,3247,14,11,4,11,2,2733,2701,11,9,4,8,0,439.39,557.83,70256,83432,25980,17,19
42133000216,42,133,000216,2625,2542,55,21,2,5,0,2093,2032,41,15,2,3,0,336.5,427.2,NA,83432,25980,17,19
42133000218,42,133,000218,5200,5123,3,36,5,30,3,3828,3778,3,20,5,22,0,504.1,659.72,59296,58888,22470,17,19
42133000219,42,133,000219,6458,6360,18,38,8,34,0,4806,4743,11,27,5,20,0,632.9,828.28,58240,58888,22470,17,19
42133000220,42,133,000220,3712,3651,12,33,9,4,3,2858,2812,8,27,6,3,2,363.67,501.29,32448,32448,11450,17,19
42133000221,42,133,000221,3071,3026,5,28,2,10,0,2478,2445,4,20,2,7,0,315.32,434.64,32448,32448,11450,17,19
42133000222,42,133,000222,3746,3707,1,27,1,9,1,3119,3090,1,22,1,5,0,396.89,547.07,32448,32448,11450,17,19
42133000223,42,133,000223,3870,3813,4,39,2,12,0,3113,3079,3,20,2,9,0,396.12,546.01,32448,32448,11450,17,19
42133000224,42,133,000224,7282,7209,13,24,16,19,1,5203,5159,12,13,9,10,0,443,768,NA,83440,22470,17,19
42133000225,42,133,000225,3679,3647,5,18,0,9,0,2743,2725,3,10,0,5,0,458,679,37944,14832,22380,17,19
42133000226,42,133,000226,6242,6159,16,35,5,26,1,4588,4541,7,24,4,11,1,108,190,37640,73096,07230,17,19
42133000227,42,133,000227,5649,5485,69,18,5,72,0,4618,4490,60,18,5,45,0,605.42,1088.9,78116,87056,07230,17,19
42133000228,42,133,000228,6123,6000,24,21,2,73,3,4795,4719,17,18,2,39,0,628.62,1130.63,73528,87056,07230,17,19
42133000230,42,133,000230,4930,4854,22,36,3,15,0,3831,3783,12,25,3,8,0,397,523,18072,18072,07230,17,19
42133000231,42,133,000231,6130,6057,24,21,4,24,0,4669,4621,16,12,3,17,0,736,1121,63840,63840,20100,17,19
42133000232,42,133,000232,4773,4716,9,18,5,24,1,3585,3555,4,10,4,12,0,445.76,642.95,85728,85736,20100,17,19
42133000233,42,133,000233,6006,5935,20,21,6,23,1,4578,4537,12,12,5,12,0,569.24,821.05,74426,85736,20100,17,19
42133000234,42,133,000234,4016,3959,12,31,1,12,1,3210,3177,9,15,1,8,0,290.5,428.75,32056,33728,08790,17,19
42133000235,42,133,000235,4878,4802,31,27,6,11,1,3663,3612,24,14,5,8,0,331.5,489.25,86640,86640,08790,17,19
42133000236,42,133,000236,7894,7810,11,50,8,15,0,5706,5654,7,29,5,11,0,619,1005,21728,45152,08790,17,19
42133000239,42,133,000239,6736,6589,61,39,5,40,2,4893,4799,44,23,4,21,2,397,603,74104,35704,22170,17,19
42133000240,42,133,000240,6869,6691,99,42,12,25,0,4913,4783,82,26,11,11,0,229,299,75574,58560,22170,17,19
42133010110,42,133,010110,4867,4369,228,184,9,70,7,3884,3464,192,166,9,47,6,562.95,819.33,72994,72992,05490,17,19
42133010120,42,133,010120,4044,3958,26,30,2,27,1,3277,3223,21,16,2,14,1,474.97,691.28,NA,72992,05490,17,19
42133010130,42,133,010130,3906,3753,58,34,3,57,1,2929,2830,38,24,1,35,1,424.53,617.87,74426,72992,05490,17,19
42133010210,42,133,010210,3272,3199,35,3,1,33,1,2753,2701,23,3,1,25,0,399.02,580.74,22104,72992,26850,17,19
42133010220,42,133,010220,5475,5331,58,34,2,50,0,4564,4458,49,22,2,33,0,661.51,962.77,22104,72992,26850,17,19
42133010510,42,133,010510,3507,3404,39,33,2,24,5,3073,2991,29,28,2,20,3,642.43,1017.88,30435,73168,26850,17,19
42133010520,42,133,010520,2229,2175,21,13,0,16,4,1807,1775,15,7,0,8,2,377.77,598.54,79682,73168,26850,17,19
42133020210,42,133,020210,6819,6669,26,62,5,53,4,5001,4907,20,38,3,33,0,845.93,1432.55,NA,24936,25830,17,19
42133020220,42,133,020220,2847,2801,3,23,2,18,0,2148,2116,2,18,1,11,0,363.34,615.3,NA,24936,25830,17,19
42133020410,42,133,020410,4225,4181,7,21,6,10,0,3047,3020,5,13,4,5,0,244,508,27576,27480,17760,17,19
42133020420,42,133,020420,5212,5138,22,10,0,40,2,3936,3896,11,5,0,24,0,369,600,19208,11432,17760,17,19
42133020510,42,133,020510,3119,3073,10,29,1,6,0,2284,2271,0,9,1,3,0,343,456,NA,57872,22590,17,19
42133020520,42,133,020520,8168,8046,22,55,8,37,0,5956,5882,14,30,6,24,0,537,761,73192,37488,22590,17,19
42133020710,42,133,020710,4894,4804,33,25,4,26,2,3703,3647,22,14,2,18,0,523.81,702.45,19696,19704,07680,17,19
42133020720,42,133,020720,5992,5838,68,36,14,34,2,4505,4397,49,27,9,22,1,637.25,854.59,82008,19704,07680,17,19
42133020910,42,133,020910,4252,4214,5,19,8,6,0,3131,3101,5,14,5,6,0,298.08,399.68,87080,53224,17520,17,19
42133020920,42,133,020920,9318,9117,42,83,17,46,13,6669,6556,27,49,12,22,3,634.92,851.32,79638,53224,25830,17,19
42133021010,42,133,021010,2204,2196,3,2,3,0,0,1725,1720,2,1,2,0,0,115.26,145.76,NA,21464,17520,17,19
42133021020,42,133,021020,4705,4672,1,21,7,4,0,3648,3633,1,10,3,1,0,243.74,308.24,46864,21464,17520,17,19
42133021210,42,133,021210,3652,3576,41,15,5,15,0,2873,2823,25,10,4,11,0,351.71,585.26,55608,55608,05490,17,19
42133021220,42,133,021220,2323,2280,7,12,2,22,0,1732,1702,5,6,2,17,0,212.03,352.83,NA,46872,05490,17,19
42133021710,42,133,021710,8245,8181,16,27,2,19,0,6034,6003,8,16,0,7,0,467.51,687.63,37944,54904,22590,17,19
42133021720,42,133,021720,3753,3705,9,19,4,16,0,2820,2789,6,14,4,7,0,218.49,321.37,54056,54904,22590,17,19
42133022910,42,133,022910,4251,4147,30,28,2,43,1,3282,3204,26,19,2,31,0,430.27,773.88,73528,87056,07230,17,19
42133022920,42,133,022920,3228,3191,12,10,0,15,0,2492,2462,9,9,0,12,0,326.7,587.6,NA,87056,07230,17,19
42133023710,42,133,023710,3221,3198,10,4,0,9,0,2389,2374,7,3,0,5,0,56,76,25584,55112,20100,17,19
42133023720,42,133,023720,7483,7403,31,18,10,21,0,5389,5333,25,9,9,13,0,286,343,75574,12584,20100,17,19
42133023810,42,133,023810,4314,4238,9,39,12,14,2,3215,3179,6,17,7,6,0,159.93,256.66,29760,70576,22380,17,19
42133023820,42,133,023820,9171,8995,22,68,9,73,4,6756,6650,16,47,5,38,0,336.07,539.34,53568,70576,22380,17,19
