GEOID,state,county,tract,pop,pop_white,pop_black,pop_hisp,pop_aian,pop_asian,pop_other,vap,vap_white,vap_black,vap_hisp,vap_aian,vap_asian,vap_other,ndv,nrv,ai_an_nh,place,mcd,school_elm,school,cd_1980,cd_1990
48001009501,48,001,009501,3203,2757,373,60,6,7,0,2356,2066,242,37,6,5,0,312.13,419.92,NA,27300,91390,NA,19770,20,10
48001009502,48,001,009502,2652,2343,253,50,5,1,0,1913,1700,184,25,4,0,0,253.44,340.96,NA,NA,92615,NA,13200,20,10
48001009503,48,001,009503,719,555,127,36,1,0,0,527,407,97,22,1,0,0,69.82,93.93,NA,NA,90650,NA,13200,20,10
48001009504,48,001,009504,10079,3258,4880,1843,4,16,78,9807,3030,4860,1821,4,14,78,1299.27,1747.93,NA,NA,92615,NA,13200,20,10
48001009505,48,001,009505,4198,2788,853,535,9,10,3,2900,2101,482,298,9,8,2,384.2,516.88,NA,54708,92945,NA,34050,20,10
48001009506,48,001,009506,6294,4086,1672,501,16,19,0,4172,2823,1062,264,11,12,0,552.72,743.59,NA,54708,92945,NA,43290,20,10
48001009507,48,001,009507,2584,986,1232,351,2,12,1,1825,795,832,187,2,8,1,241.78,325.28,NA,54708,92945,NA,34050,20,10
48001009508,48,001,009508,5356,4510,517,292,11,20,6,3973,3483,300,161,9,14,6,526.36,708.12,NA,54708,92945,NA,34050,20,10
48001009509,48,001,009509,8034,6908,880,199,31,14,2,5679,4910,625,112,24,7,1,752.38,1012.19,NA,54708,92945,NA,34050,20,10
48001009510,48,001,009510,4905,4474,304,86,32,8,1,3592,3286,233,41,26,6,0,475.88,640.21,NA,23140,91205,NA,18390,20,10
48003009501,48,003,009501,1218,1011,14,158,5,27,3,822,697,9,95,5,14,2,75.76,255.15,NA,3216,90085,NA,08280,10,19
48003009502,48,003,009502,6251,4445,156,1541,28,73,8,4248,3230,105,836,23,49,5,391.5,1318.58,NA,3216,90085,NA,08280,10,19
48003009503,48,003,009503,4194,1994,73,2052,19,31,25,2644,1440,43,1118,12,15,16,243.67,820.7,NA,3216,90085,NA,08280,10,19
48003009504,48,003,009504,2675,1831,16,801,12,11,4,1661,1245,10,389,8,7,2,153.08,515.57,NA,3216,90090,NA,08280,10,19
48005000001,48,005,000001,7370,6864,228,246,13,10,9,5340,4995,176,149,10,8,2,927.21,1088.05,NA,35228,93090,NA,13500,20,7
48005000002,48,005,000002,5706,4922,411,336,17,15,5,3986,3528,248,180,15,11,4,692.11,812.16,NA,45072,92325,NA,28550,20,7
48005000003,48,005,000003,6922,6201,336,354,19,10,2,4903,4457,220,210,10,6,0,851.33,999.01,NA,35228,92325,NA,23790,20,7
48005000004,48,005,000004,5217,3478,1085,632,9,12,1,3914,2840,698,365,4,6,1,679.61,797.49,NA,45072,92325,NA,28550,20,7
48005000005,48,005,000005,4553,748,3435,363,2,2,3,3140,552,2392,191,2,1,2,545.21,639.79,NA,45072,92325,NA,28550,20,7
48005000006,48,005,000006,5295,3019,1511,695,14,55,1,3670,2346,910,367,10,37,0,637.24,747.78,NA,45072,92325,NA,28550,20,7
48005000007,48,005,000007,3322,1538,929,819,5,23,8,2321,1232,607,457,5,16,4,403.01,472.91,NA,45072,92325,NA,28550,20,7
48005000008,48,005,000008,5381,4464,621,264,7,20,5,3945,3442,338,141,6,16,2,684.99,803.81,NA,45072,92325,NA,28550,20,7
48005000009,48,005,000009,7722,6802,583,213,18,97,9,5823,5182,405,156,11,64,5,1011.08,1186.46,NA,45072,92325,NA,28550,20,7
48005000010,48,005,000010,7686,4477,1175,1975,20,2,37,5018,3240,686,1055,16,2,19,871.3,1022.44,NA,20308,91045,NA,17040,20,7
48005000011,48,005,000011,8415,8007,227,157,11,13,0,6000,5767,133,84,9,7,0,1041.81,1222.52,NA,35492,91855,NA,24000,20,7
48005000012,48,005,000012,2295,2257,10,18,9,0,1,1809,1780,9,15,5,0,0,314.11,368.59,NA,80728,94315,NA,46740,20,7
48007009501,48,007,009501,4017,3466,21,298,17,212,3,3215,2863,10,213,16,112,1,466.42,773.37,NA,27888,91420,NA,08550,19,27
48007009502,48,007,009502,1403,1306,7,76,9,4,1,1207,1138,4,54,6,4,1,175.11,290.34,NA,62804,93295,NA,08550,5,14
48007009503,48,007,009503,4143,2766,56,1098,23,197,3,3014,2187,43,670,19,94,1,437.26,725.02,NA,62804,93295,NA,08550,5,14
48007009504,48,007,009504,3657,2185,127,1189,17,126,13,2540,1635,82,745,11,61,6,368.5,611,NA,62804,93295,NA,08550,5,14
48007009505,48,007,009505,4672,3583,90,927,29,35,8,3410,2734,78,552,18,22,6,494.71,820.27,NA,3600,93295,NA,08550,5,14
48009000201,48,009,000201,2082,2035,5,33,6,3,0,1468,1434,4,22,5,3,0,337.02,478.17,NA,40756,91815,NA,23400,4,13
48009000202,48,009,000202,2588,2534,5,30,19,0,0,1892,1854,2,23,13,0,0,434.36,616.28,NA,34532,91815,NA,23400,4,13
48009000203,48,009,000203,3303,3164,1,126,11,1,0,2381,2286,1,86,7,1,0,546.62,775.56,NA,3696,90130,NA,08610,4,13
48011009501,48,011,009501,568,553,0,11,4,0,0,394,383,0,7,4,0,0,74.53,169.05,NA,15196,90740,NA,14250,4,13
48011009502,48,011,009502,1453,1398,0,44,5,5,1,1065,1031,0,26,3,4,1,201.47,456.95,NA,15196,90745,NA,14250,4,13
48013009601,48,013,009601,4700,2074,48,2551,7,14,6,3168,1509,28,1607,7,11,6,545.07,654.65,NA,58280,93070,NA,35190,6,28
48013009602,48,013,009602,8041,3645,10,4337,19,15,15,5337,2662,9,2629,18,9,10,918.26,1102.86,NA,45288,93120,NA,28650,6,28
48013009603,48,013,009603,3401,568,0,2814,2,0,17,2185,441,0,1729,1,0,14,375.94,451.52,NA,59084,93120,NA,35520,6,28
48013009604,48,013,009604,7786,4858,24,2846,15,22,21,5270,3532,18,1682,11,17,10,906.74,1089.01,NA,58280,93070,NA,35190,6,28
48013009605,48,013,009605,1990,586,5,1397,0,0,2,1339,444,5,888,0,0,2,230.38,276.7,NA,14404,90695,NA,13710,6,28
48013009606,48,013,009606,4615,2463,21,2119,3,7,2,3142,1770,15,1347,3,5,2,540.6,649.27,NA,38116,91955,NA,24960,6,28
48015001601,48,015,001601,1917,1340,282,288,7,0,0,1369,1004,186,177,2,0,0,205.18,375.56,NA,76240,94070,NA,44470,5,14
48015001602,48,015,001602,4066,2509,802,734,9,11,1,2889,1910,543,423,6,6,1,432.98,792.54,NA,66464,93490,NA,39630,5,14
48015001603,48,015,001603,4594,3714,252,612,5,7,4,3271,2723,152,384,5,5,2,490.23,897.33,NA,66464,93490,NA,39630,5,3
48015001604,48,015,001604,2484,2212,181,87,4,0,0,1932,1743,128,59,2,0,0,289.55,530.01,NA,NA,94165,NA,09810,5,3
48015001605,48,015,001605,6771,5350,1039,352,21,8,1,5058,4127,705,206,13,6,1,758.06,1387.56,NA,7432,90250,NA,09810,5,3
48017009501,48,017,009501,6246,3689,117,2418,8,12,2,4269,2785,80,1390,6,6,2,650.9,1172.33,NA,49968,92685,NA,31890,10,19
48017009502,48,017,009502,818,495,0,322,1,0,0,545,366,0,178,1,0,0,83.1,149.67,NA,NA,93670,NA,42730,10,19
48019009801,48,019,009801,4838,4117,8,663,36,12,2,3611,3134,4,433,28,10,2,452.83,1221.3,NA,5528,90195,NA,09360,13,21
48019009802,48,019,009802,1817,1705,6,95,10,1,0,1391,1320,2,63,6,0,0,174.44,470.46,NA,NA,92500,NA,30030,13,21
48019009803,48,019,009803,2345,2074,8,239,11,11,2,1744,1553,4,168,8,10,1,218.7,589.85,NA,40576,90195,NA,09360,13,21
48019009804,48,019,009804,1562,1380,1,175,5,1,0,1308,1167,0,135,5,1,0,164.03,442.39,NA,40576,90195,NA,09360,13,21
48021009501,48,021,009501,4888,3952,292,605,16,17,6,3428,2855,189,356,13,11,4,732.74,653.84,NA,NA,91200,29760,18360,1,14
48021009502,48,021,009502,5350,2286,1024,2006,18,7,9,3697,1746,686,1244,11,3,7,790.24,705.15,NA,23044,91200,NA,18360,1,14
48021009503,48,021,009503,5082,3789,735,507,17,28,6,3643,2799,509,303,10,19,3,778.69,694.85,NA,80350,90655,NA,09570,1,14
48021009504,48,021,009504,5155,3513,889,710,18,22,3,3760,2658,617,456,12,16,1,803.7,717.16,NA,5864,90210,NA,09570,1,14
48021009505,48,021,009505,6436,4878,424,1052,46,25,11,4740,3598,331,742,43,21,5,1013.18,904.08,NA,12334,90210,29760,09570,1,14
48021009506,48,021,009506,2915,2524,190,187,11,2,1,2163,1913,136,104,7,2,1,462.34,412.56,NA,68456,93600,NA,40550,1,14
48021009507,48,021,009507,3530,2410,609,497,4,4,6,2605,1875,453,270,4,2,1,556.82,496.86,NA,68456,93600,NA,40550,1,14
48021009508,48,021,009508,4907,3313,188,1369,12,17,8,3206,2321,112,747,9,10,7,685.29,611.5,NA,50200,90655,NA,09570,1,14
48023009501,48,023,009501,728,662,7,56,3,0,0,562,520,6,35,1,0,0,154.94,150.65,NA,66968,93535,NA,39780,4,13
48023009502,48,023,009502,3657,3186,173,278,6,13,1,2844,2574,102,150,6,11,1,784.06,762.35,NA,66968,93525,NA,39780,4,13
48025009501,48,025,009501,2191,1222,6,953,3,0,7,1551,913,6,627,3,0,2,341.83,356.16,NA,NA,93025,34410,34770,5,15
48025009502,48,025,009502,5764,3409,66,2233,15,28,13,4130,2610,58,1420,11,22,9,910.23,948.39,NA,7192,90240,34410,09720,5,15
48025009503,48,025,009503,5367,2460,175,2658,20,41,13,3732,1876,121,1682,16,30,7,822.51,856.99,NA,7192,90240,NA,09720,5,15
48025009504,48,025,009504,2305,734,117,1435,2,10,7,1578,559,86,922,1,6,4,347.78,362.36,NA,7192,90240,NA,09720,5,15
48025009505,48,025,009505,7396,2383,301,4562,18,119,13,4756,1683,167,2804,13,80,9,1048.2,1092.14,NA,7192,90240,NA,09720,5,15
48025009506,48,025,009506,2112,1003,25,1068,3,2,11,1463,766,17,669,2,2,7,322.44,335.95,NA,NA,93585,NA,40410,5,15
48027000201,48,027,000201,4304,3873,58,351,9,9,4,3003,2727,47,210,9,7,3,323.4,491.15,NA,73748,91110,NA,43260,2,5
48027000202,48,027,000202,5676,5068,109,450,15,27,7,4186,3819,68,267,12,17,3,450.8,684.63,NA,49392,92835,NA,09860,2,5
48027000203,48,027,000203,2119,1668,19,409,7,10,6,1463,1177,14,256,7,7,2,157.55,239.28,NA,72176,93855,NA,09860,2,5
48027000204,48,027,000204,3907,2732,558,582,15,16,4,2828,2060,371,373,10,13,1,304.55,462.52,NA,72176,93855,NA,42330,2,5
48027000205,48,027,000205,3333,2426,304,588,3,10,2,2425,1865,187,363,2,7,1,261.15,396.61,NA,72176,93855,NA,42330,2,5
48027000206,48,027,000206,2578,2122,135,308,8,4,1,1943,1655,81,195,8,3,1,209.25,317.78,NA,72176,93855,NA,42330,2,5
48027000208,48,027,000208,3318,434,2425,447,6,2,4,2237,354,1624,250,3,2,4,240.91,365.86,NA,72176,93855,NA,42330,2,5
48027000209,48,027,000209,2157,914,878,339,9,10,7,1734,812,674,226,8,9,5,186.74,283.6,NA,72176,93855,NA,42330,2,5
48027000210,48,027,000210,4984,3399,723,815,26,16,5,3851,2810,483,519,20,15,4,414.72,629.84,NA,72176,93855,NA,42330,2,5
48027000211,48,027,000211,5048,4005,349,628,20,42,4,3873,3215,217,389,18,32,2,417.09,633.43,NA,72176,93855,NA,42330,2,5
48027000214,48,027,000214,2606,2311,15,261,5,14,0,1824,1643,13,155,4,9,0,196.43,298.32,NA,43066,93855,NA,07470,2,5
48027000215,48,027,000215,4703,3481,272,908,11,18,13,3071,2438,127,481,8,12,5,330.72,502.27,NA,7492,90255,NA,09860,2,5
48027000217,48,027,000217,4330,3907,82,283,19,37,2,3156,2889,57,162,15,31,2,339.88,516.17,NA,7492,90255,NA,09860,2,5
48027000218,48,027,000218,3973,3355,141,391,43,37,6,2762,2383,83,237,28,31,0,297.44,451.73,NA,51708,92030,NA,25660,2,5
48027000220,48,027,000220,5082,3760,621,554,30,115,2,3538,2718,367,337,20,95,1,381.01,578.65,NA,32312,92030,NA,25660,2,5
48027000222,48,027,000222,2858,1501,902,350,12,93,0,2057,1162,600,220,9,66,0,221.52,336.43,NA,39148,92030,NA,25660,2,5
48027000223,48,027,000223,3728,1841,1193,540,24,125,5,2601,1373,784,331,17,93,3,280.11,425.4,NA,39148,92030,NA,25660,2,5
48027000224,48,027,000224,7039,3503,2014,990,20,499,13,4651,2514,1201,567,12,355,2,500.87,760.68,NA,39148,92030,NA,25660,2,5
48027000225,48,027,000225,5640,3670,1079,619,26,244,2,4081,2777,692,404,19,188,1,439.49,667.45,NA,39148,92030,NA,25660,2,5
48027000226,48,027,000226,4976,2321,1527,844,16,259,9,3415,1767,924,518,14,189,3,367.77,558.53,NA,39148,92030,NA,25660,2,5
48027000227,48,027,000227,325,129,117,64,3,10,2,236,109,76,37,3,10,1,25.42,38.6,NA,39148,92030,NA,25660,2,5
48027000229,48,027,000229,4752,2408,1350,765,23,198,8,3351,1809,871,489,21,158,3,360.88,548.06,NA,39148,92030,NA,25660,2,5
48027000230,48,027,000230,3874,2562,580,497,23,210,2,2702,1898,325,307,17,155,0,290.98,441.92,NA,39148,92030,NA,25660,2,5
48027000232,48,027,000232,17021,8699,5366,2238,90,594,34,12108,6473,3698,1407,79,433,18,1303.93,1980.28,NA,26736,91365,NA,25660,2,5
48027000233,48,027,000233,3561,3098,112,243,21,85,2,2461,2165,72,149,14,59,2,265.03,402.5,NA,NA,93680,NA,25660,2,5
48027000234,48,027,000234,8533,7174,313,993,27,23,3,6216,5385,212,578,23,15,3,669.41,1016.64,NA,62924,93630,NA,38580,2,5
48027020701,48,027,020701,1525,746,370,398,6,2,3,1145,632,262,241,5,2,3,123.31,187.27,NA,72176,93855,NA,42330,2,5
48027020702,48,027,020702,1895,731,441,696,2,16,9,1365,600,308,439,2,12,4,147,223.25,NA,72176,93855,NA,42330,2,5
48027021201,48,027,021201,1706,1369,147,147,4,37,2,1356,1110,112,105,3,25,1,146.03,221.78,NA,72176,93855,NA,42330,2,5
48027021202,48,027,021202,3723,2892,408,345,15,57,6,2685,2177,238,212,13,43,2,289.15,439.14,NA,72176,93855,NA,42330,2,5
48027021203,48,027,021203,3656,3188,151,257,9,51,0,2764,2449,110,164,7,34,0,297.66,452.06,NA,72176,93855,NA,42330,2,5
48027021301,48,027,021301,6954,5327,850,639,17,115,6,4876,3922,496,363,12,78,5,525.1,797.48,NA,72176,93855,NA,42330,2,5
48027021302,48,027,021302,2837,2647,43,111,4,32,0,2188,2060,32,74,2,20,0,235.63,357.85,NA,72176,93855,NA,42330,2,5
48027021601,48,027,021601,5191,3127,643,1372,12,23,14,3800,2381,531,850,10,20,8,409.23,621.5,NA,7492,90255,NA,09860,2,5
48027021602,48,027,021602,1879,1266,129,442,7,34,1,1433,998,107,290,5,32,1,154.32,234.37,NA,7492,90255,NA,09860,2,5
48027021901,48,027,021901,3446,2658,301,342,21,115,9,2504,1974,192,224,15,93,6,269.66,409.53,NA,32312,92030,NA,25660,2,5
48027021902,48,027,021902,5565,4549,423,385,20,186,2,3815,3182,250,239,15,128,1,410.84,623.95,NA,32312,92030,NA,25660,2,5
48027022101,48,027,022101,6817,3517,1934,983,36,342,5,4728,2591,1237,618,25,255,2,509.17,773.27,NA,39148,92030,NA,25660,2,5
48027022102,48,027,022102,5781,2910,1935,574,30,329,3,3886,2057,1226,358,19,224,2,418.49,635.56,NA,39148,92030,NA,25660,2,5
48027022801,48,027,022801,3513,1548,1319,469,32,136,9,2512,1192,863,322,24,106,5,270.52,410.84,NA,39148,92030,NA,25660,2,5
48027022802,48,027,022802,2210,974,706,429,13,84,4,1611,763,484,282,12,69,1,173.49,263.48,NA,39148,92030,NA,25660,2,5
48027023101,48,027,023101,8404,4209,2384,1127,32,641,11,5916,3108,1549,768,24,462,5,637.1,967.57,NA,39148,92030,NA,25660,2,5
48027023102,48,027,023102,5561,2889,1551,822,21,271,7,3698,2010,978,501,14,193,2,398.24,604.81,NA,39148,92030,NA,25660,2,5
48029001101,48,029,001101,2608,930,338,1303,6,24,7,2507,914,334,1223,6,23,7,385.25,417.33,NA,65000,93410,NA,38730,12,20
48029001102,48,029,001102,1162,114,273,762,9,2,2,860,99,229,523,5,2,2,132.16,143.16,NA,65000,93410,NA,38730,12,28
48029001103,48,029,001103,4924,346,597,3939,10,0,32,2947,266,392,2261,8,0,20,452.86,490.57,NA,65000,93410,NA,38730,12,28
48029001104,48,029,001104,1064,286,17,755,0,4,2,856,253,11,587,0,3,2,131.54,142.49,NA,65000,93410,NA,38730,12,28
48029001105,48,029,001105,2921,69,11,2813,1,11,16,1540,35,5,1481,1,7,11,236.65,256.36,NA,65000,93410,NA,38730,12,20
48029001106,48,029,001106,6018,510,575,4883,15,24,11,4836,484,554,3758,13,18,9,743.14,805.02,NA,65000,93410,NA,38730,12,20
48029001107,48,029,001107,1632,132,51,1437,2,5,5,1227,127,38,1052,2,4,4,188.55,204.25,NA,65000,93410,NA,38730,12,20
48029001108,48,029,001108,2584,600,98,1826,7,41,12,2074,565,93,1374,6,28,8,318.71,345.25,NA,65000,93410,NA,38730,12,20
48029001109,48,029,001109,675,144,50,473,1,5,2,523,136,29,351,1,4,2,80.37,87.06,NA,65000,93410,NA,38730,12,20
48029001110,48,029,001110,2442,432,206,1740,11,50,3,1728,380,148,1158,10,29,3,265.54,287.65,NA,65000,93410,NA,38730,12,20
48029001203,48,029,001203,6502,5801,11,651,13,24,2,5255,4708,11,505,11,19,1,807.53,874.77,NA,1600,93410,NA,07590,13,21
48029001204,48,029,001204,4592,4141,40,390,5,11,5,3534,3186,29,303,5,9,2,543.07,588.29,NA,72296,93410,NA,07590,13,21
48029001206,48,029,001206,5815,4308,390,1006,17,92,2,4729,3660,270,720,11,67,1,726.7,787.21,NA,65000,93410,NA,07590,13,21
48029001207,48,029,001207,7851,4647,262,2870,14,49,9,6124,3972,168,1921,13,42,8,941.07,1019.43,NA,65000,93410,NA,07590,13,21
48029001208,48,029,001208,6421,5733,105,531,10,41,1,5239,4725,77,402,7,28,0,805.07,872.11,NA,65000,93410,NA,32940,13,21
48029001210,48,029,001210,6004,4289,217,1393,15,79,11,4601,3457,141,925,12,58,8,707.03,765.9,NA,65000,93410,NA,32940,13,20
48029001213,48,029,001213,5061,4177,279,513,18,68,6,4302,3649,214,371,17,49,2,661.08,716.13,NA,79672,93410,NA,32940,15,21
48029001217,48,029,001217,7059,5597,309,976,23,149,5,5282,4298,218,637,18,108,3,811.68,879.26,NA,74408,93410,NA,39480,15,21
48029001301,48,029,001301,3897,126,1533,2195,4,4,35,2774,103,1234,1408,4,4,21,426.28,461.77,NA,65000,93410,NA,38730,12,20
48029001302,48,029,001302,1720,48,974,683,10,0,5,1188,37,776,365,6,0,4,182.56,197.76,NA,65000,93410,NA,38730,12,28
48029001303,48,029,001303,3374,162,1066,2124,8,4,10,2270,141,845,1269,5,4,6,348.83,377.87,NA,65000,93410,NA,38730,12,28
48029001304,48,029,001304,7037,445,2436,4129,6,11,10,4668,375,1808,2463,5,10,7,717.33,777.06,NA,65000,93410,NA,38730,15,28
48029001305,48,029,001305,4918,134,3349,1420,0,10,5,3203,101,2300,795,0,3,4,492.2,533.19,NA,65000,93410,NA,38730,12,28
48029001306,48,029,001306,4543,106,3226,1198,8,1,4,3189,74,2488,617,8,0,2,490.05,530.85,NA,65000,93410,NA,38730,12,28
48029001308,48,029,001308,3918,335,3240,322,5,8,8,2890,304,2395,179,5,7,0,444.1,481.08,NA,65000,93410,NA,38730,12,28
48029001309,48,029,001309,3906,660,2015,1136,7,87,1,2645,582,1273,720,6,63,1,406.45,440.3,NA,65000,93410,NA,38730,12,28
48029001310,48,029,001310,5026,1182,2979,838,8,16,3,3806,1107,2127,547,8,14,3,584.86,633.56,NA,65000,93410,NA,38730,12,28
48029001311,48,029,001311,2986,144,2244,595,2,1,0,2055,118,1597,337,2,1,0,315.79,342.08,NA,65000,93410,NA,38730,15,28
48029001312,48,029,001312,2928,821,1207,891,3,2,4,2017,695,776,539,3,2,2,309.95,335.76,NA,65000,93410,NA,38730,15,28
48029001313,48,029,001313,4960,1915,1758,1259,15,12,1,3804,1661,1286,834,13,9,1,584.56,633.23,NA,65000,93410,NA,38730,15,28
48029001314,48,029,001314,5129,2120,1574,1374,8,44,9,3417,1484,1018,869,8,33,5,525.09,568.81,NA,65000,93410,NA,17850,15,28
48029001317,48,029,001317,4040,2788,549,543,24,129,7,2456,1696,345,310,14,88,3,377.41,408.84,NA,66128,93410,NA,39480,15,28
48029001318,48,029,001318,6132,4771,431,870,15,21,24,4397,3519,306,529,13,18,12,675.68,731.94,NA,64172,93410,NA,17850,15,28
48029001401,48,029,001401,1887,120,77,1672,1,10,7,1315,115,63,1128,1,7,1,202.07,218.9,NA,65000,93410,NA,38730,12,28
48029001402,48,029,001402,3205,465,42,2677,1,1,19,2238,400,22,1805,1,1,9,343.91,372.55,NA,65000,93410,NA,38730,12,28
48029001403,48,029,001403,3590,428,51,3074,2,20,15,2459,365,48,2022,2,12,10,377.87,409.34,NA,65000,93410,NA,38730,12,28
48029001404,48,029,001404,3750,707,116,2921,1,5,0,2609,611,87,1906,1,4,0,400.92,434.31,NA,65000,93410,NA,38730,12,28
48029001405,48,029,001405,3864,1094,166,2591,3,3,7,2764,920,141,1694,3,3,3,424.74,460.11,NA,65000,93410,NA,38730,15,28
48029001406,48,029,001406,2378,292,157,1915,3,4,7,1615,250,107,1248,3,3,4,248.18,268.84,NA,65000,93410,NA,38730,15,28
48029001407,48,029,001407,4266,1532,144,2562,4,7,17,3274,1396,121,1735,4,6,12,503.11,545,NA,65000,93410,NA,38730,12,28
48029001408,48,029,001408,5158,1392,61,3665,5,21,14,3443,1162,38,2218,5,13,7,529.08,573.14,NA,65000,93410,NA,38730,12,28
48029001409,48,029,001409,1851,640,34,1170,6,1,0,1340,552,24,760,3,1,0,205.92,223.06,NA,65000,93410,NA,38730,12,28
48029001410,48,029,001410,2996,846,222,1915,3,0,10,2055,723,133,1189,3,0,7,315.79,342.08,NA,65000,93410,NA,38730,12,28
48029001411,48,029,001411,7360,2672,672,3956,10,42,8,5366,2248,438,2637,7,33,3,824.59,893.25,NA,65000,93410,NA,38730,12,28
48029001412,48,029,001412,6996,2564,466,3907,12,31,16,4868,2109,308,2408,12,21,10,748.06,810.35,NA,65000,93410,NA,38730,12,28
48029001413,48,029,001413,5273,2260,975,1989,10,22,17,3685,1767,644,1244,6,14,10,566.27,613.42,NA,65000,93410,NA,17850,15,28
48029001414,48,029,001414,8590,4139,375,3995,19,45,17,6236,3316,245,2621,15,30,9,958.28,1038.07,NA,65000,93410,NA,38730,15,28
48029001415,48,029,001415,830,570,152,83,2,21,2,559,378,106,56,2,16,1,85.9,93.05,NA,65000,93410,NA,38730,15,28
48029001416,48,029,001416,987,208,36,733,0,6,4,595,149,23,418,0,3,2,91.43,99.05,NA,65000,93410,NA,17850,15,28
48029001417,48,029,001417,2937,1931,44,942,12,8,0,2044,1390,32,605,10,7,0,314.1,340.25,NA,65000,93410,NA,17850,15,28
48029001418,48,029,001418,2847,1432,11,1381,8,1,14,1940,1034,11,880,8,1,6,298.12,322.94,NA,23272,93640,NA,17850,15,28
48029001419,48,029,001419,4050,3344,36,655,8,5,2,2887,2432,32,408,8,5,2,443.64,480.58,NA,65000,93640,NA,17850,15,28
48029001501,48,029,001501,5797,272,23,5464,5,4,29,4031,231,18,3753,3,4,22,619.44,671.02,NA,65000,93410,NA,38730,12,28
48029001502,48,029,001502,1572,367,8,1188,2,3,4,1197,326,7,855,2,3,4,183.94,199.26,NA,65000,93410,NA,38730,12,28
48029001503,48,029,001503,4690,404,9,4263,8,4,2,3179,303,1,2866,5,3,1,488.51,529.19,NA,65000,93410,NA,38730,12,28
48029001504,48,029,001504,4502,186,2,4294,2,3,15,3173,162,2,2992,2,3,12,487.59,528.19,NA,65000,93410,NA,38730,12,28
48029001505,48,029,001505,8814,241,55,8483,1,2,32,5891,185,49,5636,1,2,18,905.26,980.64,NA,65000,93410,NA,22470,12,28
48029001506,48,029,001506,4607,270,6,4314,9,1,7,3136,232,2,2888,8,1,5,481.91,522.03,NA,65000,93410,NA,22470,12,28
48029001507,48,029,001507,6071,755,5,5261,10,14,26,4070,638,2,3397,9,10,14,625.43,677.51,NA,65000,93410,NA,22470,12,28
48029001508,48,029,001508,3002,581,90,2314,2,7,8,1753,466,56,1221,2,4,4,269.38,291.81,NA,65000,93410,NA,22470,15,28
48029001509,48,029,001509,5853,1405,10,4397,14,7,20,4138,1207,7,2890,14,6,14,635.88,688.83,NA,65000,93410,NA,22470,12,28
48029001510,48,029,001510,3499,444,10,3031,4,2,8,2307,352,7,1938,3,2,5,354.51,384.03,NA,65000,93410,NA,22470,12,28
48029001511,48,029,001511,7605,419,20,7129,4,15,18,5119,352,17,4723,3,9,15,786.63,852.13,NA,65000,93410,NA,22470,12,28
48029001512,48,029,001512,8641,566,42,8004,0,16,13,5379,438,35,4886,0,12,8,826.59,895.41,NA,65000,93410,NA,40680,15,28
48029001513,48,029,001513,8544,1147,54,7296,9,23,15,5554,889,27,4601,7,17,13,853.48,924.54,NA,65000,93410,NA,22470,15,28
48029001514,48,029,001514,4446,797,2,3605,2,13,27,2929,640,2,2258,2,8,19,450.1,487.57,NA,65000,93410,NA,22470,15,28
48029001515,48,029,001515,2451,816,8,1591,5,18,13,1724,678,7,1015,4,11,9,264.93,286.98,NA,65000,93410,NA,22470,15,28
48029001516,48,029,001516,7000,2576,27,4351,12,28,6,4984,2114,20,2810,9,25,6,765.89,829.66,NA,65000,93410,NA,22470,15,28
48029001517,48,029,001517,6782,1582,13,5168,4,6,9,4530,1221,9,3287,1,6,6,696.12,754.08,NA,65000,93410,NA,22470,15,28
48029001518,48,029,001518,976,272,42,639,9,7,7,677,205,23,435,6,4,4,104.03,112.7,NA,65000,93410,NA,22470,15,28
48029001519,48,029,001519,2845,193,15,2614,7,2,14,1815,137,11,1649,4,2,12,278.91,302.13,NA,65000,93410,NA,40920,15,28
48029001520,48,029,001520,637,270,13,341,7,3,3,437,198,13,217,5,2,2,67.15,72.74,NA,65000,93410,NA,40920,15,28
48029001521,48,029,001521,3504,1393,19,2060,4,19,9,2362,1037,14,1287,4,14,6,362.97,393.19,NA,65000,93410,NA,40740,15,28
48029001522,48,029,001522,4584,1910,21,2623,9,4,17,3031,1384,17,1606,8,3,13,465.77,504.55,NA,65000,93640,NA,40920,15,28
48029001601,48,029,001601,6266,121,3,6122,0,0,20,3839,86,2,3740,0,0,11,589.94,639.06,NA,65000,93410,NA,38730,12,20
48029001602,48,029,001602,2846,178,1,2658,0,8,1,2065,157,1,1902,0,4,1,317.33,343.75,NA,65000,93410,NA,38730,12,28
48029001603,48,029,001603,4972,441,0,4502,3,8,18,3580,398,0,3163,2,6,11,550.14,595.94,NA,65000,93410,NA,38730,12,28
48029001604,48,029,001604,5348,355,5,4975,2,4,7,3698,303,5,3383,0,3,4,568.27,615.59,NA,65000,93410,NA,38730,12,20
48029001605,48,029,001605,8745,237,22,8441,4,12,29,5567,192,11,5330,3,10,21,855.48,926.71,NA,65000,93410,NA,38730,12,20
48029001606,48,029,001606,5757,106,0,5635,0,4,12,3610,69,0,3529,0,2,10,554.75,600.94,NA,65000,93410,NA,18150,12,20
48029001608,48,029,001608,19,16,0,3,0,0,0,11,8,0,3,0,0,0,1.69,1.83,NA,65000,93410,NA,40680,15,28
48029001609,48,029,001609,8036,613,4,7388,0,14,17,5118,512,4,4580,0,10,12,786.48,851.96,NA,65000,93410,NA,40680,15,28
48029001611,48,029,001611,7846,289,6,7513,2,7,29,4859,219,5,4608,2,4,21,746.68,808.85,NA,65000,93410,NA,40680,15,28
48029001612,48,029,001612,1557,316,5,1232,0,3,1,971,228,3,736,0,3,1,149.21,161.64,NA,65000,93410,NA,40950,15,20
48029001613,48,029,001613,11454,1857,671,8715,32,154,25,6241,1308,368,4423,20,109,13,959.05,1038.9,NA,65000,93410,NA,40950,15,20
48029001616,48,029,001616,3851,1185,217,2382,15,44,8,2419,888,139,1339,10,37,6,371.73,402.68,NA,65000,93410,NA,33120,12,20
48029001617,48,029,001617,647,505,81,41,2,16,2,451,371,41,27,2,10,0,69.3,75.08,NA,65000,93410,NA,40950,15,20
48029001618,48,029,001618,4477,2327,173,1903,19,49,6,3141,1888,107,1093,10,38,5,482.67,522.86,NA,65000,93410,NA,33120,15,20
48029001619,48,029,001619,4436,1719,21,2672,7,4,13,3039,1316,18,1686,4,4,11,467,505.89,NA,65000,94145,NA,40950,15,20
48029001620,48,029,001620,7406,2587,7,4761,4,0,47,4869,1916,2,2921,3,0,27,748.21,810.51,NA,68708,93410,NA,40740,15,20
48029001701,48,029,001701,8284,210,424,7607,5,6,32,5519,139,370,4986,5,4,15,848.1,918.72,NA,65000,93410,NA,38730,12,20
48029001702,48,029,001702,6400,172,5,6204,3,4,12,4027,116,3,3896,2,4,6,618.83,670.35,NA,65000,93410,NA,38730,12,20
48029001703,48,029,001703,6710,87,2,6571,5,15,30,4326,66,2,4227,5,10,16,664.77,720.12,NA,65000,93410,NA,38730,12,20
48029001704,48,029,001704,10443,275,904,9230,5,8,21,6820,209,712,5872,3,8,16,1048.02,1135.29,NA,65000,93410,NA,38730,12,20
48029001705,48,029,001705,4885,499,117,4211,3,42,13,3401,409,88,2870,2,24,8,522.63,566.15,NA,65000,93410,NA,38730,12,20
48029001706,48,029,001706,4570,636,18,3890,1,16,9,3307,574,15,2697,1,12,8,508.18,550.5,NA,65000,93410,NA,38730,12,20
48029001707,48,029,001707,5755,133,49,5542,0,3,28,3642,91,16,3514,0,3,18,559.66,606.26,NA,65000,93410,NA,18150,12,20
48029001708,48,029,001708,1333,30,0,1293,0,4,6,858,22,0,830,0,3,3,131.85,142.83,NA,65000,93410,NA,18150,12,20
48029001709,48,029,001709,6355,345,64,5910,2,12,22,4067,318,37,3680,2,12,18,624.97,677.01,NA,65000,93410,NA,18150,12,20
48029001710,48,029,001710,6044,77,0,5957,1,1,8,3945,52,0,3883,1,1,8,606.22,656.7,NA,65000,93410,NA,18150,12,20
48029001711,48,029,001711,4405,75,81,4220,0,6,23,2833,53,37,2730,0,3,10,435.34,471.59,NA,65000,93410,NA,18150,12,20
48029001712,48,029,001712,3966,62,7,3887,2,1,7,2559,44,4,2502,2,1,6,393.24,425.98,NA,65000,93410,NA,18150,12,20
48029001713,48,029,001713,7870,934,57,6834,5,30,10,5668,862,51,4717,5,27,6,871,943.52,NA,65000,93410,NA,18150,12,20
48029001714,48,029,001714,6155,165,107,5827,7,6,43,3853,113,60,3638,7,5,30,592.09,641.39,NA,65000,93410,NA,18150,12,20
48029001715,48,029,001715,8089,168,1099,6792,4,10,16,5371,133,893,4320,4,9,12,825.36,894.08,NA,65000,93410,NA,18150,12,20
48029001716,48,029,001716,6278,310,465,5426,3,39,35,3659,217,318,3070,3,29,22,562.28,609.09,NA,65000,93410,NA,33120,12,20
48029001717,48,029,001717,7437,2373,891,4033,33,98,9,4940,1825,605,2398,25,83,4,759.13,822.33,NA,65000,93410,NA,33120,12,20
48029001718,48,029,001718,11013,3424,597,6794,23,153,22,7431,2729,399,4144,19,124,16,1141.92,1237,NA,65000,93410,NA,33120,12,20
48029001720,48,029,001720,5436,3860,85,1410,18,60,3,3996,2951,62,919,17,45,2,614.06,665.19,NA,65000,94145,NA,33120,15,23
48029001801,48,029,001801,7238,1902,70,5216,13,21,16,5455,1642,51,3725,8,18,11,838.27,908.06,NA,65000,93410,NA,38730,12,20
48029001802,48,029,001802,9365,2686,207,6396,8,51,17,7109,2424,141,4481,7,41,15,1092.43,1183.4,NA,65000,93410,NA,38730,12,20
48029001803,48,029,001803,4394,893,36,3439,3,7,16,3072,761,25,2270,3,7,6,472.07,511.38,NA,65000,93410,NA,38730,12,20
48029001804,48,029,001804,3652,530,61,3013,2,28,18,2418,451,37,1894,2,22,12,371.57,402.51,NA,65000,93410,NA,38730,12,20
48029001806,48,029,001806,10457,4746,261,5309,13,106,22,8229,4132,162,3821,13,89,12,1264.54,1369.84,NA,65000,93410,NA,33120,12,20
48029001808,48,029,001808,3022,923,192,1883,2,15,7,2227,818,122,1270,1,12,4,342.22,370.72,NA,5384,93410,NA,38730,12,20
48029001811,48,029,001811,5843,4203,87,1461,19,71,2,4540,3374,60,1032,14,58,2,697.66,755.75,NA,65000,93410,NA,33120,13,20
48029001812,48,029,001812,5277,4160,32,1019,8,58,0,4253,3405,22,775,7,44,0,653.55,707.97,NA,65000,93410,NA,32940,13,20
48029001813,48,029,001813,11472,7128,465,3635,34,197,13,8924,5803,337,2598,25,152,9,1371.34,1485.53,NA,65000,93410,NA,33120,13,20
48029001816,48,029,001816,8980,2242,440,6201,18,62,17,6244,1833,299,4032,13,54,13,959.51,1039.4,NA,65000,93410,NA,33120,12,20
48029001819,48,029,001819,2373,1715,50,543,1,64,0,1840,1309,41,436,1,53,0,282.75,306.29,NA,17811,93410,NA,33120,13,23
48029001820,48,029,001820,2411,1930,14,440,5,20,2,1883,1543,12,306,5,15,2,289.36,313.45,NA,65000,93410,NA,33120,13,23
48029001821,48,029,001821,7412,6224,16,1103,34,27,8,5497,4671,8,767,25,19,7,844.72,915.05,NA,66089,94145,NA,33120,13,23
48029001901,48,029,001901,4118,595,79,3422,7,7,8,2999,543,68,2369,6,5,8,460.85,499.23,NA,65000,93410,NA,38730,12,20
48029001902,48,029,001902,5034,2159,75,2747,8,36,9,4132,1959,66,2065,6,29,7,634.96,687.83,NA,65000,93410,NA,38730,12,20
48029001903,48,029,001903,119,104,2,13,0,0,0,114,99,2,13,0,0,0,17.52,18.98,NA,65000,93410,NA,38730,12,20
48029001904,48,029,001904,3770,3010,35,614,9,98,4,3441,2773,34,527,9,94,4,528.78,572.8,NA,65000,93410,NA,38730,12,21
48029001905,48,029,001905,9980,2052,73,7752,16,64,23,7338,1793,64,5412,12,43,14,1127.62,1221.52,NA,65000,93410,NA,38730,12,20
48029001906,48,029,001906,10475,1844,59,8513,14,24,21,7182,1598,50,5487,11,20,16,1103.65,1195.55,NA,65000,93410,NA,38730,12,20
48029001907,48,029,001907,3006,1058,196,1662,9,13,68,2373,977,154,1174,9,11,48,364.66,395.02,NA,65000,93410,NA,38730,12,20
48029001908,48,029,001908,2161,1819,61,270,6,5,0,1677,1414,47,208,3,5,0,257.7,279.16,NA,53988,93410,NA,07590,13,21
48029001909,48,029,001909,8661,5047,99,3417,24,67,7,7126,4441,76,2532,18,52,7,1095.05,1186.22,NA,65000,93410,NA,32940,12,21
48029001912,48,029,001912,8289,5957,116,2094,18,97,7,6700,4955,72,1574,10,84,5,1029.58,1115.31,NA,65000,93410,NA,32940,13,21
48029001913,48,029,001913,5805,3307,248,2163,13,70,4,4446,2727,164,1484,10,58,3,683.21,740.1,NA,65000,93410,NA,32940,13,20
48029001916,48,029,001916,7,5,1,0,0,1,0,7,5,1,0,0,1,0,1.08,1.17,NA,65000,93410,NA,33120,13,23
48029001917,48,029,001917,6553,5755,33,675,20,69,1,4858,4290,20,489,14,44,1,746.52,808.68,NA,34628,93410,NA,32940,13,21
48029120185,48,029,120185,8245,4377,2270,1261,50,271,16,6127,3352,1712,824,45,190,4,941.53,1019.93,NA,65000,93410,NA,20160,12,20
48029120285,48,029,120285,4974,2512,386,1962,17,89,8,4006,2256,258,1409,13,65,5,615.6,666.86,NA,65000,93410,NA,38730,12,20
48029120501,48,029,120501,8116,4665,899,2218,34,280,20,6177,3763,650,1513,27,215,9,949.21,1028.25,NA,65000,93410,NA,32940,12,28
48029120502,48,029,120502,5060,2745,429,1683,21,167,15,3546,2129,241,1031,18,120,7,544.91,590.28,NA,65000,93410,NA,32940,12,20
48029120901,48,029,120901,3699,2757,265,599,11,66,1,3049,2360,176,456,9,47,1,468.54,507.55,NA,65000,93410,NA,32940,13,21
48029120902,48,029,120902,4882,3238,576,916,13,131,8,3937,2724,411,679,9,108,6,605,655.37,NA,65000,93410,NA,32940,12,21
48029121103,48,029,121103,8781,6725,248,1595,35,169,9,5835,4555,170,959,28,118,5,896.66,971.32,NA,65000,93410,NA,32940,13,21
48029121104,48,029,121104,9578,6846,477,2043,36,171,5,6969,5141,329,1341,29,127,2,1070.92,1160.09,NA,65000,93410,NA,32940,13,21
48029121105,48,029,121105,7141,5282,196,1551,17,92,3,5068,3842,123,1025,10,65,3,778.8,843.64,NA,65000,93410,NA,32940,13,21
48029121106,48,029,121106,6208,5019,111,1006,5,61,6,4614,3778,88,690,5,48,5,709.03,768.07,NA,65000,93410,NA,32940,13,21
48029121107,48,029,121107,9185,7650,152,1252,12,115,4,6950,5842,111,902,11,82,2,1068,1156.93,NA,65000,93410,NA,32940,13,21
48029121108,48,029,121108,5393,4312,44,937,22,78,0,4239,3445,31,687,17,59,0,651.4,705.64,NA,65000,93410,NA,32940,13,21
48029121201,48,029,121201,8427,5315,653,2270,36,144,9,6616,4392,478,1593,32,114,7,1016.67,1101.33,NA,65000,93410,NA,32940,13,20
48029121202,48,029,121202,12166,8064,698,3114,26,254,10,8754,6072,460,2005,21,190,6,1345.22,1457.23,NA,65000,93410,NA,32940,13,20
48029121401,48,029,121401,8206,4066,1144,2608,26,342,20,6048,3298,787,1663,22,266,12,929.39,1006.78,NA,65000,93410,NA,32940,15,28
48029121402,48,029,121402,2999,1155,473,1261,10,85,15,1855,775,265,736,7,67,5,285.06,308.79,NA,65000,93410,NA,24990,15,28
48029121501,48,029,121501,4420,3067,455,724,23,145,6,3030,2156,290,456,16,111,1,465.62,504.39,NA,43096,93410,NA,32940,15,28
48029121502,48,029,121502,8651,4801,1474,2100,39,231,6,5482,3200,859,1230,29,160,4,842.41,912.56,NA,16468,93410,NA,24990,15,28
48029121503,48,029,121503,9982,5781,1937,1932,29,279,24,7100,4475,1181,1202,20,209,13,1091.05,1181.9,NA,79672,93410,NA,32940,15,28
48029121504,48,029,121504,3754,2906,347,418,16,66,1,2897,2309,235,287,11,54,1,445.18,482.25,NA,65000,93410,NA,32940,15,28
48029121601,48,029,121601,4328,2972,346,894,12,98,6,3198,2306,234,569,11,74,4,491.43,532.35,NA,74408,93410,NA,24990,15,28
48029121603,48,029,121603,7111,5117,394,1433,21,137,9,4997,3703,282,886,17,105,4,767.88,831.82,NA,43096,93410,NA,24990,15,28
48029121604,48,029,121604,4245,2982,294,816,19,133,1,2884,2050,204,531,10,88,1,443.18,480.08,NA,16468,93410,NA,24990,15,28
48029121801,48,029,121801,6171,4838,257,959,21,90,6,4124,3288,172,581,16,65,2,633.73,686.5,NA,65000,93410,NA,32940,15,21
48029121802,48,029,121802,3208,2281,200,624,18,80,5,2150,1551,130,395,11,61,2,330.39,357.9,NA,65000,93410,NA,32940,15,21
48029121803,48,029,121803,4408,3085,303,917,16,86,1,2919,2098,189,558,9,64,1,448.56,485.91,NA,65000,93410,NA,32940,15,21
48029121804,48,029,121804,5378,3695,425,1155,14,87,2,3585,2534,289,697,11,52,2,550.9,596.77,NA,65000,93410,NA,32940,15,21
48029121805,48,029,121805,4229,3080,129,932,12,76,0,2958,2207,93,595,11,52,0,454.55,492.4,NA,65000,93410,NA,32940,15,21
48029121901,48,029,121901,1186,971,3,192,5,10,5,836,696,3,125,2,8,2,128.47,139.16,NA,66704,93410,NA,24990,13,21
48029121902,48,029,121902,3613,3134,61,373,3,42,0,2265,1976,36,224,2,27,0,348.06,377.04,NA,65000,93410,NA,32940,13,21
48029130785,48,029,130785,2761,197,526,1990,13,31,4,1582,148,294,1108,7,22,3,243.1,263.35,NA,65000,93410,NA,38730,12,20
48029130884,48,029,130884,0,0,0,0,0,0,0,0,0,0,0,0,0,0,0,0,NA,65000,93410,NA,20160,12,20
48029131501,48,029,131501,6356,2677,1213,2304,33,118,11,3937,1810,696,1325,18,82,6,605,655.37,NA,65000,93410,NA,38730,15,28
48029131502,48,029,131502,7518,4123,1128,2124,25,109,9,5100,2996,702,1292,21,84,5,783.71,848.97,NA,39448,93410,NA,24990,15,28
48029131601,48,029,131601,1589,1128,31,411,4,14,1,1192,858,27,289,3,14,1,183.17,198.43,NA,66128,93410,NA,39480,15,28
48029131603,48,029,131603,8764,5370,1193,1843,44,304,10,5903,3777,767,1127,31,196,5,907.11,982.64,NA,16468,93410,NA,24990,15,28
48029131604,48,029,131604,3344,1859,615,768,17,80,5,2313,1336,413,495,11,56,2,355.44,385.03,NA,65000,93410,NA,24990,15,28
48029160785,48,029,160785,9162,632,244,8220,5,42,19,6069,464,151,5403,5,32,14,932.62,1010.27,NA,65000,93410,NA,18150,12,20
48029161085,48,029,161085,2670,225,1,2417,2,0,25,1788,183,1,1588,2,0,14,274.76,297.64,NA,65000,93410,NA,40680,15,28
48029161401,48,029,161401,8707,6163,1412,868,41,217,6,7341,5289,1154,686,35,173,4,1128.08,1222.01,NA,65000,93410,NA,26370,12,20
48029161485,48,029,161485,1765,957,315,435,5,51,2,1281,733,233,270,5,38,2,196.85,213.24,NA,65000,93410,NA,18150,12,20
48029161501,48,029,161501,6369,2164,478,3567,20,119,21,4437,1753,365,2198,16,94,11,681.83,738.6,NA,65000,93410,NA,40680,15,20
48029161502,48,029,161502,6520,1647,356,4409,19,68,21,3997,1213,230,2474,15,57,8,614.22,665.36,NA,65000,93410,NA,40680,15,20
48029171901,48,029,171901,7783,3722,843,2982,27,190,19,5322,2689,583,1870,18,153,9,817.83,885.92,NA,65000,93410,NA,33120,15,20
48029171902,48,029,171902,2054,1089,307,571,6,75,6,1695,930,251,436,6,67,5,260.47,282.16,NA,65000,93410,NA,33120,15,20
48029171903,48,029,171903,5894,1921,466,3400,14,77,16,3900,1485,324,2011,8,63,9,599.31,649.21,NA,65000,93410,NA,33120,12,20
48029171904,48,029,171904,8418,3610,848,3700,26,210,24,5504,2558,531,2230,18,152,15,845.79,916.22,NA,65000,93410,NA,33120,15,20
48029171905,48,029,171905,11914,5245,1715,4442,30,458,24,7737,3621,1064,2688,23,328,13,1188.94,1287.93,NA,65000,93410,NA,33120,15,20
48029171906,48,029,171906,1388,733,171,444,2,36,2,910,495,103,277,2,31,2,139.84,151.48,NA,65000,93410,NA,33120,15,20
48029180501,48,029,180501,4629,871,219,3518,0,17,4,3138,698,138,2286,0,13,3,482.21,522.37,NA,65000,93410,NA,33120,12,20
48029180502,48,029,180502,9058,591,377,8039,4,20,27,5686,471,269,4911,4,14,17,873.76,946.52,NA,65000,93410,NA,33120,12,20
48029180701,48,029,180701,3509,1949,164,1208,3,179,6,3042,1774,121,981,3,158,5,467.46,506.38,NA,65000,93410,NA,38730,15,20
48029180702,48,029,180702,6610,3823,284,2351,16,129,7,5176,3226,194,1647,13,95,1,795.39,861.62,NA,65000,93410,NA,33120,15,20
48029180901,48,029,180901,4748,2497,21,2187,5,27,11,3626,2048,17,1530,4,20,7,557.2,603.6,NA,65000,93410,NA,32940,12,20
48029180902,48,029,180902,7352,2873,82,4330,13,38,16,5154,2300,47,2755,12,27,13,792.01,857.96,NA,65000,93410,NA,32940,12,20
48029181001,48,029,181001,3223,1889,51,1229,5,49,0,2426,1530,30,828,3,35,0,372.8,403.84,NA,65000,93410,NA,32940,13,20
48029181003,48,029,181003,4541,1877,424,2132,13,84,11,3298,1535,258,1425,10,62,8,506.8,549,NA,65000,93410,NA,33120,13,20
48029181004,48,029,181004,2838,1750,176,828,10,74,0,2589,1663,133,720,8,65,0,397.85,430.98,NA,65000,93410,NA,33120,13,20
48029181005,48,029,181005,3906,1574,279,1934,7,98,14,2957,1312,180,1371,5,80,9,454.4,492.24,NA,65000,93410,NA,32940,13,20
48029181401,48,029,181401,6141,3543,341,2065,9,173,10,5371,3204,284,1713,9,155,6,825.36,894.08,NA,65000,93410,NA,33120,13,20
48029181402,48,029,181402,1169,826,48,280,2,10,3,1094,782,46,251,2,10,3,168.11,182.11,NA,65000,93410,NA,33120,13,20
48029181501,48,029,181501,7830,4839,347,2417,20,189,18,6665,4240,289,1943,19,162,12,1024.2,1109.48,NA,65000,93410,NA,33120,15,20
48029181502,48,029,181502,8770,5551,157,2930,10,119,3,6691,4414,114,2056,9,95,3,1028.2,1113.81,NA,42388,93410,NA,33120,15,20
48029181701,48,029,181701,525,393,0,129,2,1,0,385,293,0,90,1,1,0,59.16,64.09,NA,65000,94145,NA,33120,13,23
48029181703,48,029,181703,4070,3131,75,769,10,82,3,2725,2103,57,505,9,51,0,418.75,453.62,NA,65000,93410,NA,33120,15,23
48029181704,48,029,181704,4580,2510,132,1826,16,91,5,3034,1787,79,1089,12,63,4,466.23,505.05,NA,65000,93410,NA,33120,15,20
48029181705,48,029,181705,2237,1133,138,905,8,46,7,1764,945,112,654,8,38,7,271.07,293.64,NA,42388,93410,NA,33120,15,20
48029181706,48,029,181706,6057,2895,676,2306,15,155,10,4357,2208,476,1535,13,119,6,669.54,725.29,NA,65000,93410,NA,33120,15,20
48029181707,48,029,181707,11676,6894,641,3842,32,261,6,7552,4635,407,2309,22,176,3,1160.51,1257.14,NA,65000,93410,NA,33120,15,20
48029181708,48,029,181708,13228,7116,722,5041,53,264,32,8416,4739,444,3009,25,185,14,1293.28,1400.96,NA,65000,93410,NA,33120,15,20
48029181709,48,029,181709,9816,5206,453,3955,25,161,16,6269,3476,294,2361,20,108,10,963.35,1043.57,NA,65000,93410,NA,33120,15,23
48029181710,48,029,181710,4290,2921,111,1146,6,100,6,2751,1944,74,661,5,63,4,422.74,457.94,NA,65000,93410,NA,33120,15,23
48029181801,48,029,181801,2386,1636,65,609,4,69,3,1914,1343,54,457,4,53,3,294.12,318.61,NA,65000,93410,NA,33120,13,23
48029181802,48,029,181802,6624,4786,191,1468,8,166,5,4970,3679,123,1036,7,121,4,763.74,827.33,NA,65000,93410,NA,33120,13,23
48029181803,48,029,181803,3714,2396,119,1039,13,141,6,2761,1827,91,724,11,104,4,424.28,459.61,NA,65000,93410,NA,33120,13,23
48029181804,48,029,181804,9598,6228,310,2769,28,260,3,6618,4468,182,1762,20,183,3,1016.98,1101.66,NA,65000,93410,NA,33120,13,23
48029181805,48,029,181805,6885,4643,206,1859,15,159,3,4739,3279,124,1202,14,118,2,728.24,788.87,NA,65000,93410,NA,33120,13,23
48029191001,48,029,191001,9728,4259,187,5166,20,63,33,7203,3571,114,3420,19,54,25,1106.88,1199.04,NA,65000,93410,NA,32940,12,20
48029191002,48,029,191002,8179,2069,20,6056,4,15,15,5813,1801,18,3966,4,14,10,893.28,967.66,NA,65000,93410,NA,38730,12,20
48029191101,48,029,191101,1716,1458,2,230,1,25,0,1442,1242,2,177,1,20,0,221.59,240.04,NA,13276,93410,NA,32940,13,21
48029191102,48,029,191102,2482,1847,23,562,6,41,3,2103,1623,14,423,5,35,3,323.17,350.07,NA,13276,93410,NA,32940,13,21
48029191401,48,029,191401,4472,3820,45,552,24,31,0,3258,2813,34,378,12,21,0,500.65,542.34,NA,65000,93410,NA,32940,13,23
48029191402,48,029,191402,2243,1922,32,221,9,58,1,1593,1387,15,149,5,36,1,244.79,265.18,NA,65000,93410,NA,32940,13,23
48029191403,48,029,191403,6013,4434,155,1344,19,57,4,4976,3696,129,1083,15,49,4,764.66,828.33,NA,65000,93410,NA,32940,13,23
48029191404,48,029,191404,6964,4328,332,2132,26,132,14,5819,3814,236,1629,22,113,5,894.2,968.66,NA,65000,93410,NA,32940,13,20
48029191405,48,029,191405,6515,5320,91,1001,14,89,0,4718,3875,60,714,9,60,0,725.01,785.38,NA,65000,93410,NA,32940,13,23
48029191501,48,029,191501,4467,3672,59,602,10,123,1,3202,2678,39,396,7,82,0,492.05,533.02,NA,65000,93410,NA,33120,13,23
48029191502,48,029,191502,5920,4714,85,1015,5,97,4,4351,3494,62,719,5,68,3,668.61,724.29,NA,65000,93410,NA,33120,13,23
48029191801,48,029,191801,3884,3268,44,539,2,29,2,2656,2261,30,344,2,19,0,408.15,442.13,NA,73057,93410,NA,14730,13,23
48029191802,48,029,191802,677,580,14,67,0,16,0,483,425,8,41,0,9,0,74.22,80.4,NA,65000,93410,NA,32940,13,23
48029191803,48,029,191803,1353,1021,13,290,9,18,2,1010,795,9,190,3,12,1,155.21,168.13,NA,20844,93410,NA,33120,13,23
48031009501,48,031,009501,2820,2474,7,325,7,6,1,2110,1891,4,207,3,4,1,408.63,734.88,NA,37780,91950,NA,24840,1,14
48031009502,48,031,009502,3152,2564,49,515,10,13,1,2372,2020,36,303,7,6,0,459.37,826.12,NA,8536,90330,NA,10320,1,14
48033009501,48,033,009501,799,669,0,120,10,0,0,575,508,0,61,6,0,0,138,284,NA,NA,91430,NA,10860,8,17
48035009501,48,035,009501,2828,2413,0,397,9,8,1,2080,1840,0,226,6,7,1,404.02,571.31,NA,49356,92530,NA,31380,2,5
48035009502,48,035,009502,815,752,0,61,0,1,1,630,585,0,43,0,1,1,122.37,173.04,NA,36140,91890,NA,24360,2,5
48035009503,48,035,009503,1405,1112,44,247,0,2,0,1031,867,28,134,0,2,0,200.26,283.18,NA,47760,92530,NA,30300,2,5
48035009504,48,035,009504,1184,1089,18,70,4,3,0,974,913,13,41,4,3,0,189.19,267.53,NA,47760,92530,NA,25890,2,5
48035009505,48,035,009505,687,636,0,49,2,0,0,517,490,0,25,2,0,0,100.42,142,NA,17540,90890,NA,15570,2,5
48035009506,48,035,009506,2068,1942,0,122,3,1,0,1527,1460,0,63,3,1,0,296.6,419.42,NA,15472,90760,NA,14400,2,5
48035009507,48,035,009507,3035,2511,168,339,1,13,3,2339,2015,109,205,0,8,2,454.33,642.45,NA,15472,90760,NA,14400,2,5
48035009508,48,035,009508,1307,1279,0,24,3,1,0,1128,1108,0,16,3,1,0,219.1,309.83,NA,NA,90760,NA,14400,2,5
48035009511,48,035,009511,1796,1586,82,121,3,3,1,1337,1204,57,70,3,2,1,259.7,367.23,NA,74732,93990,NA,43760,2,5
48037000101,48,037,000101,5070,3990,967,68,27,18,0,3884,3179,634,43,18,10,0,753.28,886.25,NA,72368,93875,NA,42480,11,6
48037000102,48,037,000102,649,268,365,15,0,1,0,494,216,269,8,0,1,0,95.81,112.72,NA,72368,93875,NA,42480,11,6
48037000103,48,037,000103,287,128,159,0,0,0,0,243,108,135,0,0,0,0,47.13,55.45,NA,72368,93875,NA,42480,11,6
48037000104,48,037,000104,5347,2011,3248,42,31,14,1,3705,1534,2122,18,22,9,0,718.56,845.4,NA,72368,93875,NA,27390,11,6
48037000105,48,037,000105,2149,366,1754,20,4,5,0,1315,321,981,8,2,3,0,255.04,300.05,NA,72368,93875,NA,42480,11,6
48037000106,48,037,000106,2770,788,1943,33,2,4,0,1814,658,1136,16,2,2,0,351.81,413.92,NA,72368,93875,NA,42480,11,6
48037000107,48,037,000107,4887,3647,1129,56,22,33,0,3834,3020,741,33,14,26,0,743.58,874.84,NA,72368,93875,NA,42480,11,6
48037000108,48,037,000108,4529,3124,1324,62,11,8,0,3494,2601,831,46,10,6,0,677.64,797.26,NA,72368,93875,NA,42480,11,6
48037000110,48,037,000110,8223,7138,901,127,46,11,0,5895,5157,612,83,33,10,0,1143.3,1345.11,NA,76096,93875,36630,42480,11,6
48037000111,48,037,000111,5960,4048,1439,414,39,19,1,4690,3138,1099,402,37,13,1,909.59,1070.16,NA,72368,93875,NA,27390,11,6
48037000112,48,037,000112,3144,2861,189,82,7,5,0,2230,2035,143,43,4,5,0,432.49,508.84,NA,72368,93875,36630,35130,11,6
48037000113,48,037,000113,5786,4760,891,63,45,25,2,4182,3486,596,39,38,23,0,811.07,954.24,NA,34736,91830,27060,23490,11,6
48037000114,48,037,000114,8576,7739,690,103,38,1,5,6153,5606,460,59,25,1,2,1193.33,1403.98,NA,47088,92475,NA,36750,11,6
48037000115,48,037,000115,7801,6510,1157,72,41,21,0,5607,4835,685,39,34,14,0,1087.44,1279.4,NA,50808,92725,28830,32340,11,6
48037000116,48,037,000116,5622,4210,1282,71,45,14,0,4146,3218,834,46,40,8,0,804.09,946.03,NA,19648,90980,23700,16570,11,6
48037000117,48,037,000117,2065,2026,1,22,12,4,0,1522,1488,1,18,11,4,0,295.18,347.29,NA,NA,90950,23700,40320,11,6
48037010901,48,037,010901,6020,5665,225,41,16,72,1,4250,4027,138,31,11,42,1,824.26,969.76,NA,72368,93875,NA,35130,11,6
48037010902,48,037,010902,2780,2685,33,43,15,3,1,2013,1952,23,24,10,3,1,390.41,459.32,NA,72368,93875,36630,35130,11,6
48039000606,48,039,000606,1832,1671,45,112,3,1,0,1286,1192,32,59,3,0,0,189.96,270.73,NA,43120,90055,NA,08090,14,22
48039000607,48,039,000607,3103,2425,111,442,8,117,0,2049,1642,76,257,6,68,0,302.67,431.36,NA,36092,90055,NA,08090,14,22
48039000608,48,039,000608,8111,3064,3245,1712,37,35,18,7282,2650,3051,1510,35,19,17,1075.67,1533.04,NA,36092,90095,NA,08310,14,22
48039000610,48,039,000610,4863,3919,167,719,15,36,7,3313,2741,106,433,11,22,0,489.39,697.47,NA,19120,90095,NA,16290,14,22
48039000611,48,039,000611,3683,2745,138,747,7,39,7,2495,1983,77,405,4,22,4,368.55,525.26,NA,3264,90095,NA,08310,14,22
48039000612,48,039,000612,4781,3384,622,705,24,43,3,3553,2427,585,492,19,29,1,524.84,747.99,NA,40588,90095,NA,11190,14,22
48039000613,48,039,000613,1820,1106,169,522,8,3,12,1290,809,120,348,6,2,5,190.55,271.58,NA,3264,90095,NA,08310,14,14
48039000614,48,039,000614,4248,2524,995,709,11,5,4,2849,1813,631,393,7,3,2,420.84,599.78,NA,3264,90095,NA,08310,14,14
48039000615,48,039,000615,497,440,22,35,0,0,0,358,318,20,20,0,0,0,52.88,75.37,NA,NA,90410,16260,14670,14,14
48039000616,48,039,000616,869,693,8,167,1,0,0,621,522,5,93,1,0,0,91.73,130.74,NA,NA,90410,16260,14670,14,14
48039000617,48,039,000617,4494,3289,783,401,7,12,2,3209,2413,536,242,7,10,1,474.02,675.57,NA,77416,90410,NA,14670,5,14
48039000618,48,039,000618,2189,1721,252,191,15,8,2,1491,1189,180,103,11,6,2,220.25,313.89,NA,NA,90410,NA,41970,5,14
48039000621,48,039,000621,1838,1163,551,117,2,0,5,1298,851,384,59,2,0,2,191.74,273.26,NA,NA,90410,NA,41970,14,14
48039000622,48,039,000622,1939,1665,33,231,5,4,1,1365,1217,15,124,5,3,1,201.63,287.37,NA,37984,90415,NA,11190,14,14
48039000623,48,039,000623,1010,867,70,64,7,0,2,745,645,51,42,5,0,2,110.05,156.84,NA,37984,90415,NA,11190,14,14
48039000624,48,039,000624,1305,1133,18,138,9,7,0,923,831,8,72,7,5,0,136.34,194.31,NA,27420,90415,NA,11190,14,22
48039000627,48,039,000627,4023,2451,325,1191,8,34,14,2825,1814,216,749,7,28,11,417.3,594.73,NA,15652,90415,NA,11190,14,22
48039000628,48,039,000628,4339,1675,655,1992,11,4,2,2768,1252,414,1088,9,3,2,408.88,582.73,NA,27420,90415,NA,11190,14,14
48039000629,48,039,000629,6895,3515,951,2390,12,16,11,4604,2628,593,1355,11,11,6,680.09,969.25,NA,27420,90415,NA,11190,14,14
48039000630,48,039,000630,680,626,1,44,9,0,0,547,510,1,28,8,0,0,80.8,115.16,NA,71384,90415,NA,11190,14,14
48039000631,48,039,000631,802,697,2,88,6,0,9,606,540,1,57,3,0,5,89.52,127.58,NA,NA,90415,NA,08310,14,22
48039000632,48,039,000632,80,77,0,2,0,1,0,64,62,0,1,0,1,0,9.45,13.47,NA,NA,90415,NA,08310,14,14
48039060110,48,039,060110,6643,4890,81,1556,26,86,4,4677,3593,50,960,18,53,3,690.87,984.62,NA,56348,90055,NA,34440,14,22
48039060120,48,039,060120,6593,5858,65,564,18,83,5,4673,4199,38,367,14,50,5,690.28,983.78,NA,56348,90055,NA,34440,14,22
48039060211,48,039,060211,3886,2675,324,681,14,191,1,2849,2089,228,393,11,127,1,420.84,599.78,NA,56348,90055,NA,08090,14,22
48039060212,48,039,060212,4838,3715,75,993,15,38,2,3420,2699,52,627,11,29,2,505.19,719.99,NA,56348,90055,NA,34440,14,22
48039060221,48,039,060221,4370,3208,398,651,11,88,14,3061,2315,279,388,11,60,8,452.16,644.41,NA,46500,90055,NA,08090,14,22
48039060222,48,039,060222,6140,5082,91,860,26,78,3,4412,3755,59,519,19,58,2,651.73,928.83,NA,56348,90055,NA,34440,14,22
48039060232,48,039,060232,3891,2800,22,949,19,93,8,2636,1992,15,548,15,61,5,389.38,554.94,NA,56348,90055,NA,08090,14,22
48039060310,48,039,060310,4610,3342,27,1186,20,28,7,3122,2382,15,689,10,20,6,461.17,657.26,NA,2272,90055,NA,08090,14,22
48039060320,48,039,060320,1601,1169,20,398,7,2,5,1199,924,15,249,6,2,3,177.11,252.42,NA,2272,90055,NA,08090,14,22
48039060410,48,039,060410,6465,5111,76,1224,34,7,13,4425,3611,45,732,20,6,11,653.65,931.57,NA,46500,90055,NA,08090,14,22
48039060420,48,039,060420,2671,1646,112,902,4,4,3,1878,1222,83,564,4,3,2,277.41,395.36,NA,2272,90055,NA,08090,14,22
48039060430,48,039,060430,5967,5024,64,815,41,17,6,4196,3630,37,482,33,10,4,619.82,883.36,NA,2272,90055,NA,08090,14,22
48039060510,48,039,060510,3558,2792,50,683,15,17,1,2616,2115,32,442,14,13,0,386.43,550.73,NA,2272,90055,NA,08090,14,22
48039060520,48,039,060520,6964,5557,189,1155,14,46,3,4766,3922,126,678,7,30,3,704.02,1003.36,NA,2272,90055,NA,08090,14,22
48039060910,48,039,060910,5136,3719,484,854,20,56,3,3455,2528,319,548,13,44,3,510.36,727.36,NA,3264,90095,NA,08310,14,22
48039060920,48,039,060920,5015,3942,361,641,15,39,17,3484,2867,194,373,13,29,8,514.64,733.47,NA,3264,90095,NA,08310,14,22
48039061998,48,039,061998,6314,4874,827,564,21,20,8,4356,3498,498,332,10,15,3,643.45,917.04,NA,71492,90410,NA,41970,5,14
48039062001,48,039,062001,3563,3012,271,252,15,5,8,2527,2184,181,141,12,4,5,373.28,531.99,NA,77416,90410,NA,14670,5,14
48039062012,48,039,062012,4409,3460,491,428,12,18,0,3041,2479,311,233,8,10,0,449.21,640.2,NA,10072,90410,NA,14670,14,14
48039062022,48,039,062022,4273,2704,990,533,36,6,4,3223,1956,810,420,28,5,4,476.09,678.52,NA,10072,90410,NA,14670,14,14
48039062499,48,039,062499,0,0,0,0,0,0,0,0,0,0,0,0,0,0,0,0,NA,NA,90415,NA,11190,14,22
48039062502,48,039,062502,6028,4967,243,718,13,68,19,4279,3615,154,440,9,51,10,632.08,900.83,NA,40588,90415,NA,11190,14,22
48039062511,48,039,062511,5301,4263,156,685,14,177,6,3597,2971,87,408,12,114,5,531.34,757.25,NA,40588,90415,NA,11190,14,22
48039062513,48,039,062513,4036,3367,204,349,12,99,5,2862,2434,128,214,10,72,4,422.77,602.52,NA,40588,90415,NA,11190,14,22
48039062521,48,039,062521,4065,3658,37,230,9,126,5,2878,2621,23,142,7,82,3,425.13,605.89,NA,40588,90415,NA,11190,14,22
48039062523,48,039,062523,2900,2326,69,469,13,20,3,1973,1634,38,281,9,11,0,291.45,415.36,NA,40588,90415,NA,11190,14,22
48039062601,48,039,062601,2717,2165,116,383,11,28,14,1906,1566,67,236,6,20,11,281.55,401.26,NA,61904,90415,NA,11190,14,22
48039062612,48,039,062612,4146,2360,295,1448,14,20,9,2849,1788,179,844,12,17,9,420.84,599.78,NA,15652,90415,NA,11190,14,14
48039062622,48,039,062622,2204,1146,124,906,13,12,3,1559,918,84,533,11,10,3,230.29,328.21,NA,15652,90415,NA,11190,14,14
48039062999,48,039,062999,1,1,0,0,0,0,0,1,1,0,0,0,0,0,0.15,0.21,NA,NA,90415,NA,11190,14,14
48039063099,48,039,063099,1,0,0,1,0,0,0,1,0,0,1,0,0,0,0.15,0.21,NA,71384,90415,NA,11190,14,14
48039063398,48,039,063398,0,0,0,0,0,0,0,0,0,0,0,0,0,0,0,0,NA,NA,90410,NA,41970,5,14
48039130898,48,039,130898,0,0,0,0,0,0,0,0,0,0,0,0,0,0,0,0,NA,NA,90410,NA,41970,5,14
48041000001,48,041,000001,7792,6693,535,517,20,26,1,5506,4789,356,333,13,15,0,775.59,1277.86,NA,10912,92790,NA,11790,24,3
48041000003,48,041,000003,5820,4063,790,924,14,26,3,3791,2842,403,513,13,19,1,534.01,879.83,NA,10912,90495,NA,11790,24,3
48041000004,48,041,000004,3680,1316,1802,541,10,10,1,2590,990,1223,359,9,8,1,364.83,601.1,NA,10912,90495,NA,11790,24,3
48041000005,48,041,000005,4420,217,2479,1699,2,8,15,2979,161,1718,1078,2,8,12,419.63,691.38,NA,10912,90495,NA,11790,24,10
48041000007,48,041,000007,2651,1683,241,714,10,0,3,1921,1344,148,420,7,0,2,270.6,445.84,NA,10912,90495,NA,11790,24,10
48041000008,48,041,000008,4270,3524,239,468,10,24,5,3344,2866,160,290,7,17,4,471.04,776.09,NA,10912,90495,NA,11790,24,3
48041000009,48,041,000009,2242,1339,240,635,8,8,12,1638,1070,162,389,5,6,6,230.73,380.16,NA,10912,90495,NA,11790,24,3
48041000010,48,041,000010,4698,3511,172,531,9,463,12,3915,2956,120,391,8,429,11,551.48,908.61,NA,10912,90495,NA,11790,24,3
48041000011,48,041,000011,4868,4142,307,338,4,74,3,3953,3449,204,236,3,59,2,556.83,917.43,NA,10912,90495,NA,11790,24,3
48041000013,48,041,000013,9709,8079,443,864,22,294,7,8648,7298,323,740,20,260,7,1218.18,2007.07,NA,15976,90495,NA,07350,24,3
48041000014,48,041,000014,3981,1452,200,429,8,1874,18,3334,1345,144,332,7,1494,12,469.64,773.77,NA,15976,90495,NA,07350,24,3
48041000015,48,041,000015,10305,8378,577,1064,9,261,16,10280,8366,570,1061,9,258,16,1448.07,2385.84,NA,15976,90495,NA,07350,24,3
48041000017,48,041,000017,3259,2715,181,297,7,58,1,2910,2491,126,243,4,45,1,409.91,675.37,NA,15976,90495,NA,07350,24,3
48041000018,48,041,000018,8226,6989,261,623,18,334,1,6187,5318,172,461,16,220,0,871.52,1435.91,NA,15976,90495,NA,07350,24,3
48041000019,48,041,000019,4735,4283,109,254,8,81,0,3697,3380,74,181,8,54,0,520.77,858.02,NA,10912,90495,NA,11790,24,3
48041000020,48,041,000020,12530,10948,500,881,16,182,3,9228,8162,351,572,14,126,3,1299.88,2141.68,NA,15976,93635,NA,07350,24,3
48041000201,48,041,000201,4168,3367,250,466,5,74,6,3503,2910,166,351,5,66,5,493.44,812.99,NA,10912,94150,NA,11790,24,3
48041000202,48,041,000202,3591,2597,555,426,6,3,4,2568,1897,406,256,4,3,2,361.74,595.99,NA,10912,94150,NA,11790,24,10
48041000601,48,041,000601,334,100,138,95,1,0,0,302,92,129,80,1,0,0,42.54,70.09,NA,10912,90495,NA,11790,24,10
48041000603,48,041,000603,3710,805,512,2385,3,0,5,2351,644,329,1371,3,0,4,331.17,545.63,NA,10912,90495,NA,11790,24,10
48041000604,48,041,000604,4213,1459,1352,1380,5,12,5,2620,1160,651,793,5,8,3,369.06,608.06,NA,10912,90495,NA,11790,24,10
48041001601,48,041,001601,4158,2822,746,427,10,149,4,3213,2368,405,297,8,134,1,452.59,745.69,NA,15976,90495,NA,07350,24,3
48041001602,48,041,001602,8471,6633,776,752,18,287,5,7187,5780,526,617,16,245,3,1012.38,1668,NA,15976,90495,NA,07350,24,3
48041002005,48,041,002005,31,24,4,3,0,0,0,24,18,4,2,0,0,0,3.38,5.57,NA,15976,93635,NA,07350,24,3
48043009501,48,043,009501,725,318,0,406,1,0,0,511,241,0,269,1,0,0,96.36,119.79,NA,NA,92390,39060,28980,13,23
48043009502,48,043,009502,1915,1241,4,660,6,4,0,1483,1015,3,456,6,3,0,279.64,347.65,NA,2104,90040,39060,07950,13,23
48043009503,48,043,009503,4149,2897,50,1150,5,43,4,3287,2381,47,811,5,39,4,619.81,770.55,NA,2104,90040,NA,07950,13,23
48043009504,48,043,009504,1892,377,23,1486,5,1,0,1348,303,16,1025,3,1,0,254.19,316,NA,2104,90040,NA,07950,13,23
48045009501,48,045,009501,674,496,49,128,1,0,0,478,383,26,68,1,0,0,157.54,143.4,NA,60176,93175,NA,43400,4,13
48045009502,48,045,009502,1297,1036,19,239,3,0,0,942,793,12,134,3,0,0,310.46,282.6,NA,67904,93575,NA,40290,4,13
48047009501,48,047,009501,2122,250,0,1868,1,1,2,1434,187,0,1243,1,1,2,663.45,173.18,NA,25368,91280,NA,11580,6,15
48047009502,48,047,009502,6082,574,2,5470,4,7,25,4056,452,2,3577,4,5,16,1876.55,489.82,NA,25368,91280,NA,11580,6,15
48049009501,48,049,009501,1454,1404,0,45,1,3,1,1123,1093,0,26,1,2,1,176.18,273.8,NA,NA,92485,NA,29520,2,17
48049009502,48,049,009502,3065,2785,138,138,2,1,1,2408,2239,76,89,2,1,1,377.76,587.1,NA,40456,90200,NA,09390,2,17
48049009503,48,049,009503,2362,2197,3,156,4,1,1,1723,1623,1,93,4,1,1,270.3,420.09,NA,8596,90335,NA,10380,2,17
48049009504,48,049,009504,6294,5625,122,511,25,10,1,4408,4100,29,251,19,8,1,691.52,1074.73,NA,21904,90485,NA,11700,2,17
48049009505,48,049,009505,2616,2183,170,247,10,1,5,1921,1670,98,141,8,1,3,301.36,468.37,NA,5552,90200,NA,09390,2,17
48049009506,48,049,009506,2626,1719,250,642,7,5,3,1766,1270,116,368,6,3,3,277.05,430.57,NA,10780,90485,NA,11700,2,17
48049009507,48,049,009507,1903,1124,364,400,8,6,1,1536,971,290,260,8,6,1,240.97,374.5,NA,10780,90485,NA,11700,2,17
48049009508,48,049,009508,3051,2149,182,686,29,1,4,2161,1632,108,399,17,1,4,339.02,526.88,NA,10780,90485,NA,11700,2,17
48049009509,48,049,009509,4512,3850,153,473,13,19,4,3279,2890,90,277,10,10,2,514.41,799.46,NA,10780,90485,NA,11700,2,17
48049009510,48,049,009510,2467,2141,45,265,6,8,2,1838,1647,29,149,5,7,1,288.34,448.13,NA,10780,90485,NA,11700,2,17
48049009511,48,049,009511,4021,3637,103,236,10,30,5,2971,2738,66,139,6,20,2,466.09,724.37,NA,10780,90485,NA,11700,2,17
48051009701,48,051,009701,1154,860,176,116,0,2,0,865,646,146,72,0,1,0,205.87,194.69,NA,NA,90825,NA,12460,5,14
48051009702,48,051,009702,3197,2671,293,223,10,0,0,2319,1974,213,125,7,0,0,551.91,521.96,NA,11836,90570,NA,12460,5,14
48051009703,48,051,009703,3522,2381,531,591,7,1,11,2541,1815,351,364,7,1,3,604.74,571.93,NA,11836,90570,NA,12460,5,14
48051009704,48,051,009704,2523,1432,789,287,11,2,2,1798,1087,519,180,9,2,1,427.91,404.7,NA,68576,92890,NA,40620,5,14
48051009705,48,051,009705,3229,2199,603,407,12,4,4,2389,1745,360,268,10,4,2,568.57,537.72,NA,68720,93610,NA,40770,5,14
48053009601,48,053,009601,2337,2036,0,292,5,1,3,1735,1550,0,177,4,1,3,349.72,484.76,NA,7864,90275,NA,12220,2,21
48053009602,48,053,009602,1439,1373,0,65,1,0,0,1135,1096,0,38,1,0,0,228.78,317.12,NA,11464,90545,NA,12220,2,21
48053009603,48,053,009603,4046,3353,96,570,11,12,4,2904,2502,68,312,9,10,3,585.35,811.37,NA,11464,90545,NA,12220,1,21
48053009604,48,053,009604,2977,2794,8,132,33,10,0,2328,2227,2,78,16,5,0,469.25,650.44,NA,NA,90545,NA,12220,1,21
48053009605,48,053,009605,3525,3061,17,422,17,4,4,2829,2559,14,235,16,3,2,570.23,790.42,NA,30584,92395,NA,29010,1,21
48053009606,48,053,009606,1689,1584,15,75,10,4,1,1289,1231,9,41,6,2,0,259.82,360.15,NA,47330,92395,NA,29010,1,21
48053009607,48,053,009607,4342,3484,107,727,6,11,7,3125,2637,63,408,5,9,3,629.9,873.12,NA,46584,92395,NA,29010,1,21
48053009608,48,053,009608,2322,2129,12,157,15,8,1,1756,1635,7,95,13,6,0,353.95,490.62,NA,34862,92395,NA,29010,1,21
48055009601,48,055,009601,4502,3323,252,905,8,13,1,3248,2471,172,584,7,13,1,654.43,590.04,NA,50200,92245,NA,27870,1,14
48055009602,48,055,009602,2829,768,440,1593,1,12,15,1910,583,323,982,1,9,12,384.84,346.97,NA,43240,92245,NA,27870,1,14
48055009603,48,055,009603,3328,2130,138,1036,5,5,14,2332,1591,69,659,2,5,6,469.87,423.63,NA,43240,92245,NA,27870,1,14
48055009604,48,055,009604,3346,1064,303,1964,1,4,10,2274,806,217,1238,1,4,8,458.18,413.1,NA,43240,92245,NA,27870,1,14
48055009605,48,055,009605,5802,2331,863,2539,20,43,6,3995,1715,609,1614,18,34,5,804.94,725.74,NA,46848,92440,NA,38970,1,14
48055009606,48,055,009606,1409,1134,125,138,10,2,0,1078,882,87,101,6,2,0,217.2,195.83,NA,NA,92330,NA,28590,1,14
48055009607,48,055,009607,5176,2797,554,1813,3,1,8,3725,2247,407,1059,3,1,8,750.54,676.69,NA,45096,92330,NA,28590,1,14
48057009901,48,057,009901,4826,2687,72,1765,7,292,3,3415,2092,45,1106,7,164,1,726.97,816.45,NA,58916,93105,NA,12480,5,14
48057009902,48,057,009902,4012,1369,362,2247,8,17,9,2704,1016,266,1403,4,9,6,575.62,646.46,NA,58916,93105,NA,12480,5,14
48057009903,48,057,009903,1599,1380,6,184,1,28,0,1202,1063,4,120,1,14,0,255.88,287.37,NA,58568,93085,NA,12480,5,14
48057009904,48,057,009904,5266,3101,96,2028,5,31,5,3717,2327,65,1295,4,21,5,791.26,888.65,NA,58916,93105,NA,12480,5,14
48057009905,48,057,009905,3350,2484,6,669,10,180,1,2397,1891,6,405,8,86,1,510.27,573.07,NA,66416,93480,NA,12480,5,14
48057990698,48,057,990698,0,0,0,0,0,0,0,0,0,0,0,0,0,0,0,0,NA,NA,93085,NA,34020,5,14
48059000301,48,059,000301,7664,7382,2,246,24,8,2,5456,5284,2,143,18,8,1,950.25,1727.32,NA,15676,90765,NA,14450,8,17
48059000302,48,059,000302,4195,3907,0,243,20,25,0,3145,2966,0,149,15,15,0,547.75,995.68,NA,17816,90910,NA,15810,8,17
48061000101,48,061,000101,4990,1016,5,3955,5,2,7,3342,878,3,2450,5,2,4,476.59,409.35,NA,62180,93245,NA,37170,19,27
48061000103,48,061,000103,7700,1760,3,5913,6,2,16,5060,1466,3,3574,5,2,10,721.59,619.78,NA,65768,91720,NA,39360,19,27
48061000105,48,061,000105,2696,114,14,2560,0,0,8,1818,94,9,1712,0,0,3,259.26,222.68,NA,32372,91720,NA,22530,19,27
48061000107,48,061,000107,3235,1029,18,2178,3,5,2,2161,814,13,1325,3,5,1,308.17,264.69,NA,32372,91720,NA,22530,19,27
48061000108,48,061,000108,5127,2227,34,2830,10,22,4,3576,1775,20,1754,8,18,1,509.96,438.01,NA,32372,91720,NA,22530,19,27
48061000109,48,061,000109,2060,360,7,1688,2,2,1,1421,320,6,1091,2,1,1,202.65,174.05,NA,32372,91720,NA,22530,19,27
48061000110,48,061,000110,4428,80,72,4261,3,2,10,2818,49,50,2708,1,2,8,401.87,345.17,NA,32372,91720,NA,22530,19,27
48061000111,48,061,000111,3563,278,30,3249,2,0,4,2326,214,21,2088,1,0,2,331.71,284.9,NA,32372,91720,NA,22530,19,27
48061000112,48,061,000112,1802,515,9,1263,4,7,4,1202,415,7,768,2,7,3,171.41,147.23,NA,32372,91720,NA,22530,19,27
48061000114,48,061,000114,3601,1051,10,2533,1,2,4,2449,906,5,1533,1,2,2,349.25,299.97,NA,65036,91720,NA,38790,19,27
48061000115,48,061,000115,5649,865,18,4750,3,6,7,3610,719,11,2867,3,6,4,514.81,442.18,NA,65036,91720,NA,38790,19,27
48061000116,48,061,000116,6736,238,3,6484,0,1,10,4129,179,3,3940,0,1,6,588.83,505.75,NA,65036,91720,NA,38790,19,27
48061000117,48,061,000117,5747,487,4,5246,0,1,9,3781,421,2,3350,0,1,7,539.2,463.12,NA,65036,91720,NA,38790,19,27
48061000119,48,061,000119,8502,1904,9,6557,2,23,7,5671,1650,9,3989,2,17,4,808.73,694.62,NA,40204,91720,NA,26040,19,27
48061000120,48,061,000120,6319,2706,19,3559,12,15,8,4421,2250,14,2127,12,14,4,630.47,541.51,NA,32372,91720,NA,22530,19,27
48061000121,48,061,000121,4967,1207,2,3722,7,15,14,3340,1063,1,2249,7,12,8,476.31,409.1,NA,65036,91720,NA,38790,19,27
48061000122,48,061,000122,3518,657,1,2831,3,4,22,2251,562,1,1671,2,4,11,321.01,275.72,NA,35918,92295,NA,28290,19,27
48061000124,48,061,000124,5953,1214,3,4716,4,11,5,3670,961,1,2698,3,6,1,523.37,449.52,NA,44116,92295,NA,28290,19,27
48061000127,48,061,000127,1066,265,7,793,1,0,0,663,201,4,457,1,0,0,94.55,81.21,NA,10768,91115,NA,35250,19,27
48061000128,48,061,000128,4708,125,1,4574,0,0,8,3094,102,1,2985,0,0,6,441.23,378.97,NA,10768,90480,NA,11680,19,27
48061000129,48,061,000129,2950,914,3,2019,1,11,2,2147,795,3,1340,1,8,0,306.18,262.98,NA,10768,90480,NA,11680,19,27
48061000135,48,061,000135,2338,665,1,1657,5,10,0,1714,542,1,1162,3,6,0,244.43,209.94,NA,10768,90480,NA,11680,19,27
48061000136,48,061,000136,4109,477,0,3614,4,10,4,2695,412,0,2266,4,10,3,384.33,330.1,NA,10768,90480,NA,11680,19,27
48061000137,48,061,000137,4384,248,8,4113,2,3,10,2789,192,7,2575,2,3,10,397.73,341.61,NA,10768,90480,NA,11680,19,27
48061000141,48,061,000141,2964,143,0,2821,0,0,0,1671,105,0,1566,0,0,0,238.3,204.67,NA,NA,90480,NA,11680,19,27
48061010201,48,061,010201,1431,308,3,1116,1,3,0,882,231,3,644,1,3,0,125.78,108.03,NA,16204,91720,NA,22530,19,27
48061010202,48,061,010202,4864,1519,27,3276,4,19,19,3282,1289,22,1945,4,12,10,468.04,402,NA,32372,91720,NA,22530,19,27
48061010401,48,061,010401,2921,398,2,2509,1,3,8,1729,304,2,1414,1,3,5,246.57,211.78,NA,59540,91720,NA,22530,19,27
48061010402,48,061,010402,3828,1914,6,1894,3,7,4,2865,1760,3,1092,2,5,3,408.57,350.92,NA,32372,91720,NA,22530,19,27
48061010601,48,061,010601,6250,1478,31,4710,12,5,14,4221,1231,19,2953,6,3,9,601.95,517.01,NA,32372,91720,NA,22530,19,27
48061010602,48,061,010602,1592,788,16,781,1,3,3,1134,588,11,531,1,3,0,161.72,138.9,NA,32372,91720,NA,22530,19,27
48061011301,48,061,011301,1502,983,3,488,5,21,2,1160,816,2,320,3,18,1,165.42,142.08,NA,32372,91720,NA,22530,19,27
48061011302,48,061,011302,3812,2346,21,1397,9,38,1,2673,1701,17,919,5,31,0,381.19,327.41,NA,32372,91720,NA,22530,19,27
48061011801,48,061,011801,3723,962,13,2700,6,40,2,2525,794,10,1691,5,23,2,360.08,309.28,NA,32372,91720,NA,22530,19,27
48061011802,48,061,011802,3357,121,2,3228,0,0,6,2073,92,1,1977,0,0,3,295.63,253.91,NA,32372,91720,NA,22530,19,27
48061012301,48,061,012301,8970,2238,34,6656,6,11,25,6272,1825,24,4388,5,10,20,894.43,768.23,NA,58892,91115,NA,35250,19,27
48061012302,48,061,012302,1966,1668,5,273,14,6,0,1710,1490,4,198,12,6,0,243.86,209.45,NA,69140,91115,NA,35250,19,27
48061012399,48,061,012399,4,3,1,0,0,0,0,4,3,1,0,0,0,0,0.57,0.49,NA,NA,91115,NA,35250,19,27
48061012501,48,061,012501,4255,787,2,3429,3,15,19,2742,658,2,2059,1,11,11,391.03,335.86,NA,60544,90480,NA,38790,19,27
48061012503,48,061,012503,4290,169,0,4116,1,1,3,2531,127,0,2399,1,1,3,360.94,310.01,NA,10768,90480,NA,11680,19,27
48061012504,48,061,012504,2699,710,11,1956,2,9,11,1721,523,6,1178,2,6,6,245.43,210.8,NA,10768,90480,NA,11680,19,27
48061012601,48,061,012601,4700,1010,16,3643,4,16,11,2926,816,12,2072,4,13,9,417.27,358.4,NA,10768,90480,NA,11680,19,27
48061012602,48,061,012602,3977,716,9,3203,6,37,6,2486,522,5,1923,5,27,4,354.52,304.5,NA,10768,90480,NA,11680,19,27
48061012603,48,061,012603,4051,203,6,3813,0,25,4,2102,150,4,1931,0,14,3,299.76,257.47,NA,12045,90480,NA,11680,19,27
48061012799,48,061,012799,9,9,0,0,0,0,0,9,9,0,0,0,0,0,1.28,1.1,NA,NA,91115,NA,11680,19,27
48061013001,48,061,013001,6043,998,12,4972,7,48,6,3983,808,8,3117,6,39,5,568.01,487.86,NA,10768,90480,NA,11680,19,27
48061013002,48,061,013002,4330,852,10,3426,8,31,3,3019,703,9,2274,6,24,3,430.53,369.79,NA,10768,90480,NA,11680,19,27
48061013102,48,061,013102,1921,586,4,1301,0,30,0,1338,503,3,813,0,19,0,190.81,163.89,NA,10768,90480,NA,11680,19,27
48061013103,48,061,013103,1317,156,0,1149,0,8,4,822,115,0,702,0,4,1,117.22,100.68,NA,10768,90480,NA,11680,19,27
48061013104,48,061,013104,3453,672,13,2731,1,35,1,2352,517,4,1810,1,19,1,335.41,288.09,NA,10768,90480,NA,11680,19,27
48061013105,48,061,013105,3035,196,4,2829,0,5,1,1804,131,3,1667,0,3,0,257.26,220.97,NA,10768,90480,NA,11680,19,27
48061013201,48,061,013201,6148,326,4,5805,0,5,8,3612,280,2,3320,0,4,6,515.1,442.42,NA,10768,90480,NA,11680,19,27
48061013202,48,061,013202,4258,619,5,3621,1,2,10,2644,512,3,2121,1,1,6,377.05,323.85,NA,10768,90480,NA,11680,19,27
48061013301,48,061,013301,9308,1049,10,8216,3,17,13,5553,749,9,4772,3,15,5,791.9,680.17,NA,10768,90480,NA,11680,19,27
48061013302,48,061,013302,8986,74,0,8882,0,2,28,4765,32,0,4721,0,0,12,679.53,583.65,NA,10768,90480,NA,11680,19,27
48061013401,48,061,013401,4039,129,2,3903,3,2,0,2531,106,2,2419,3,1,0,360.94,310.01,NA,10768,90480,NA,11680,19,27
48061013402,48,061,013402,2739,67,0,2665,0,1,6,1751,35,0,1712,0,1,3,249.71,214.47,NA,10768,90480,NA,11680,19,27
48061013801,48,061,013801,3949,124,2,3814,2,1,6,2640,92,2,2541,2,0,3,376.48,323.36,NA,10768,90480,NA,11680,19,27
48061013802,48,061,013802,4458,111,1,4343,0,0,3,2842,85,1,2753,0,0,3,405.29,348.11,NA,10768,90480,NA,11680,19,27
48061013901,48,061,013901,3549,44,0,3504,0,0,1,2123,26,0,2096,0,0,1,302.76,260.04,NA,10768,90480,NA,11680,19,27
48061013902,48,061,013902,4376,91,0,4283,0,1,1,2707,61,0,2644,0,1,1,386.04,331.57,NA,10768,90480,NA,11680,19,27
48061013903,48,061,013903,5030,96,0,4916,0,0,18,3204,63,0,3131,0,0,10,456.91,392.45,NA,10768,90480,NA,11680,19,27
48061014001,48,061,014001,2729,153,3,2570,1,1,1,1832,145,3,1681,1,1,1,261.26,224.39,NA,10768,90480,NA,11680,19,27
48061014002,48,061,014002,3139,136,8,2991,0,0,4,1892,98,7,1784,0,0,3,269.81,231.74,NA,10768,90480,NA,11680,19,27
48063009501,48,063,009501,5511,4236,1065,189,20,1,0,4047,3154,769,109,14,1,0,989.98,880.72,NA,62870,93050,NA,35010,11,6
48063009502,48,063,009502,4393,2779,1284,312,13,4,1,3250,2136,893,206,10,4,1,795.02,707.28,NA,57908,93050,NA,35010,11,6
48065009501,48,065,009501,2907,2779,0,106,20,2,0,2056,1985,0,56,14,1,0,424.23,816.33,NA,78316,94195,NA,45450,4,13
48065009502,48,065,009502,3669,3379,11,248,21,7,3,2553,2388,8,134,15,5,3,526.77,1013.67,NA,54960,92965,NA,34230,4,13
48067009501,48,067,009501,6808,6013,710,57,24,4,0,4913,4392,472,31,15,3,0,1072.81,999.97,NA,8752,90160,NA,36210,11,6
48067009502,48,067,009502,3005,1858,1065,55,21,6,0,2152,1397,708,32,13,2,0,469.91,438.01,NA,21112,92405,29070,08880,11,6
48067009503,48,067,009503,1868,1621,230,8,9,0,0,1364,1194,158,6,6,0,0,297.84,277.62,NA,60080,90160,NA,36210,11,6
48067009504,48,067,009504,5846,4102,1625,104,8,7,0,4207,3143,990,63,6,5,0,918.65,856.27,NA,4516,90160,NA,08880,11,6
48067009505,48,067,009505,1449,1288,151,4,6,0,0,1055,946,101,3,5,0,0,230.37,214.73,NA,NA,90320,NA,08880,11,6
48067009506,48,067,009506,5995,4497,1415,69,14,0,0,4402,3382,963,49,8,0,0,961.23,895.96,NA,42844,92215,NA,27540,11,6
48067009507,48,067,009507,5011,4085,824,76,19,6,1,3692,3076,556,40,16,3,1,806.19,751.45,NA,35300,91850,NA,23850,11,6
48069009501,48,069,009501,1405,986,11,403,2,0,3,897,672,8,213,1,0,3,174.93,217.8,NA,50496,91060,NA,17160,10,13
48069009502,48,069,009502,4724,2266,195,2221,6,14,22,3062,1711,107,1215,5,9,15,597.13,743.49,NA,20464,91060,NA,17160,10,13
48069009503,48,069,009503,2941,1322,53,1563,0,0,3,1815,944,35,835,0,0,1,353.95,440.7,NA,32576,91065,NA,22650,10,13
48071001102,48,071,001102,2904,1615,1125,159,4,1,0,2067,1183,790,89,4,1,0,376.11,455.48,NA,3144,90075,NA,08190,27,1
48071001103,48,071,001103,4619,3761,589,230,19,18,2,3325,2774,377,147,13,12,2,605.01,732.69,NA,79792,94245,NA,17880,27,1
48071001104,48,071,001104,3092,2333,344,336,1,72,6,2236,1707,274,202,1,46,6,406.86,492.72,NA,3144,90075,NA,08190,27,1
48071001105,48,071,001105,0,0,0,0,0,0,0,0,0,0,0,0,0,0,0,0,NA,6128,90075,NA,08190,27,22
48071110101,48,071,110101,4306,3932,188,166,9,8,3,2933,2707,117,94,8,5,2,533.68,646.31,NA,49068,92620,NA,09450,27,1
48071110102,48,071,110102,5167,4529,294,304,16,14,10,3552,3141,202,180,13,8,8,646.32,782.71,NA,6128,92620,NA,09450,27,1
48073009501,48,073,009501,3210,2494,314,400,1,0,1,2395,1932,207,254,1,0,1,350.51,495.13,NA,61508,92745,NA,38360,11,7
48073009502,48,073,009502,2907,2631,189,72,12,0,3,2112,1925,133,44,10,0,0,309.1,436.62,NA,11212,92670,NA,12060,11,7
48073009503,48,073,009503,5771,4913,614,212,20,11,1,4321,3693,472,134,14,7,1,632.39,893.3,NA,18152,91910,NA,24590,11,7
48073009504,48,073,009504,1664,494,1102,62,2,0,4,1130,363,736,30,1,0,0,165.38,233.61,NA,37216,91910,NA,24590,11,7
48073009505,48,073,009505,3763,1728,1350,648,15,22,0,2626,1316,863,412,13,22,0,384.32,542.89,NA,37216,91910,NA,24590,11,7
48073009506,48,073,009506,5104,4450,207,375,13,57,2,3798,3388,129,229,7,43,2,555.84,785.18,NA,37216,91910,NA,24590,11,7
48073009507,48,073,009507,3350,2458,461,369,3,57,2,2493,1942,259,239,1,50,2,364.86,515.39,NA,37216,91910,NA,24590,11,7
48073009508,48,073,009508,7085,6022,753,298,8,3,1,5193,4480,514,188,8,3,0,760.01,1073.57,NA,63848,93370,NA,38360,11,7
48073009509,48,073,009509,3434,2441,780,163,20,28,2,2712,1911,631,127,18,23,2,396.91,560.67,NA,63848,93370,NA,38360,11,7
48073009510,48,073,009510,3211,2286,832,89,2,2,0,2364,1777,517,66,2,2,0,345.98,488.72,NA,2188,90045,NA,07980,11,7
48073009511,48,073,009511,1550,1284,256,9,1,0,0,1146,965,176,4,1,0,0,167.72,236.92,NA,77176,94135,NA,44940,11,7
48075009501,48,075,009501,771,690,15,63,3,0,0,562,520,8,33,1,0,0,111.76,145.99,NA,14668,90700,NA,13860,4,13
48075009502,48,075,009502,5182,4046,303,790,22,17,4,3838,3192,199,423,14,7,3,763.24,997.01,NA,14668,90700,NA,13860,4,13
48077000301,48,077,000301,1222,1175,0,31,5,11,0,866,837,0,19,5,5,0,215.12,214.07,NA,19456,91780,NA,22980,4,13
48077000302,48,077,000302,3112,2999,24,47,32,10,0,2327,2255,19,30,17,6,0,578.05,575.21,NA,33284,91780,NA,22980,4,13
48077030301,48,077,030301,2921,2787,2,109,21,2,0,2156,2064,2,68,21,1,0,535.57,532.94,NA,57044,90560,NA,34710,4,13
48077030302,48,077,030302,2769,2681,7,55,26,0,0,2034,1981,4,27,22,0,0,505.26,502.78,NA,66284,90245,NA,30660,4,13
48079009501,48,079,009501,3569,1755,207,1601,3,0,3,2416,1383,129,899,3,0,2,480.22,623.46,NA,49464,92650,NA,31470,10,19
48079009502,48,079,009502,808,520,23,256,8,1,0,502,330,14,153,5,0,0,99.78,129.54,NA,78328,94200,NA,45570,10,19
48081009501,48,081,009501,1553,1364,0,176,9,2,2,1205,1083,0,111,7,2,2,254.55,378.16,NA,10528,90460,NA,11490,8,17
48081009502,48,081,009502,1871,1613,4,246,8,0,0,1427,1272,2,147,6,0,0,301.45,447.84,NA,62564,93265,NA,37380,8,17
48083009501,48,083,009501,589,545,0,43,1,0,0,464,437,0,26,1,0,0,89.76,137.34,NA,15916,90780,NA,14550,8,17
48083009502,48,083,009502,657,609,0,39,6,3,0,533,507,0,20,4,2,0,103.11,157.76,NA,52668,92865,NA,33210,8,17
48083009503,48,083,009503,5739,4806,191,723,13,3,3,4349,3763,125,444,12,3,2,841.29,1287.26,NA,15916,90780,NA,14550,8,17
48083009504,48,083,009504,827,751,0,71,5,0,0,603,554,0,45,4,0,0,116.65,178.48,NA,NA,93830,NA,00007,8,17
48083009505,48,083,009505,1898,1577,53,263,2,1,2,1433,1240,31,159,2,1,0,277.2,424.15,NA,65672,93450,NA,39210,8,17
48085000301,48,085,000301,3806,3618,7,161,17,3,0,2714,2594,7,99,12,2,0,288.36,697.87,NA,77680,90350,NA,10590,22,9
48085000302,48,085,000302,5697,5304,16,321,44,11,1,4136,3903,14,180,27,11,1,439.44,1063.52,NA,77740,90100,30120,08340,22,9
48085000303,48,085,000303,4798,3981,208,554,37,6,12,3379,2888,133,324,25,6,3,359.01,868.87,NA,13684,90665,NA,13290,18,9
48085000304,48,085,000304,5541,4055,122,1317,20,22,5,3838,2918,80,802,15,18,5,407.78,986.89,NA,27684,92360,NA,20010,18,26
48085000305,48,085,000305,2683,2482,18,141,16,25,1,1902,1769,12,89,12,19,1,202.08,489.08,NA,27684,92360,NA,20010,18,26
48085000306,48,085,000306,3703,3364,111,159,13,53,3,2642,2439,67,93,10,30,3,280.71,679.36,NA,45744,92360,NA,29850,18,26
48085000307,48,085,000307,7148,5402,753,932,34,21,6,5290,4196,492,560,25,13,4,562.05,1360.26,NA,45744,92360,NA,29850,18,9
48085000308,48,085,000308,4101,2984,327,745,31,10,4,3053,2315,234,475,21,7,1,324.37,785.04,NA,45744,92360,NA,29850,18,26
48085000309,48,085,000309,5285,2081,1471,1688,23,14,8,3574,1613,929,1005,9,13,5,379.73,919.01,NA,45744,92360,28380,29850,22,9
48085000310,48,085,000310,8546,8040,32,405,47,19,3,5934,5632,22,229,35,15,1,630.47,1525.85,NA,59576,93150,NA,35850,22,9
48085000311,48,085,000311,5613,4797,357,436,14,3,6,4031,3539,229,248,11,3,1,428.28,1036.52,NA,25488,91295,NA,19080,22,9
48085000312,48,085,000312,3238,2927,90,204,11,5,1,2245,2064,62,107,8,3,1,238.53,577.27,NA,38068,92720,NA,14850,22,9
48085000319,48,085,000319,3202,1421,580,1152,15,21,13,2360,1138,397,792,10,17,6,250.74,606.84,NA,58016,93065,NA,35100,18,30
48085031302,48,085,031302,9014,8260,264,347,40,99,4,6294,5804,189,210,27,63,1,668.72,1618.42,NA,58016,93065,28380,35100,21,8
48085031303,48,085,031303,3619,3346,28,218,22,3,2,2504,2335,19,133,13,3,1,266.04,643.87,NA,80356,93065,NA,46530,22,8
48085031304,48,085,031304,6429,6000,44,310,41,17,17,4381,4125,22,190,31,8,5,465.47,1126.52,NA,80356,93065,NA,46530,22,9
48085031401,48,085,031401,3664,3451,21,158,12,22,0,2604,2481,11,91,6,15,0,276.67,669.59,NA,45012,93065,28380,29850,18,8
48085031402,48,085,031402,5968,5414,140,293,17,100,4,4008,3655,90,172,14,77,0,425.84,1030.61,NA,55152,93065,28380,07890,18,8
48085031501,48,085,031501,7380,6849,211,207,43,70,0,4791,4476,124,115,31,45,0,509.03,1231.95,NA,1924,93065,NA,07890,18,8
48085031502,48,085,031502,7052,6250,278,411,50,56,7,4450,3986,153,243,28,37,3,472.8,1144.26,NA,1924,93065,NA,07890,18,8
48085031601,48,085,031601,7934,6326,325,855,19,397,12,5648,4558,210,592,16,266,6,600.09,1452.31,NA,58016,93065,NA,35100,21,8
48085031603,48,085,031603,0,0,0,0,0,0,0,0,0,0,0,0,0,0,0,0,NA,58016,93065,NA,35100,21,8
48085031605,48,085,031605,0,0,0,0,0,0,0,0,0,0,0,0,0,0,0,0,NA,58016,93065,NA,35100,21,8
48085031608,48,085,031608,8116,7019,259,384,17,435,2,5796,5069,173,267,12,273,2,615.81,1490.37,NA,58016,93065,NA,35100,21,8
48085031609,48,085,031609,7574,7093,112,185,16,168,0,5482,5160,73,125,12,112,0,582.45,1409.63,NA,58016,93065,NA,35100,21,8
48085031610,48,085,031610,7698,6740,318,377,32,226,5,5243,4631,205,232,24,149,2,557.06,1348.17,NA,58016,93065,NA,35100,21,8
48085031611,48,085,031611,3225,2678,177,133,7,230,0,2163,1820,114,80,5,144,0,229.81,556.19,NA,58016,93065,NA,35100,21,8
48085031612,48,085,031612,6135,5592,151,133,11,246,2,4047,3702,98,88,9,148,2,429.98,1040.63,NA,58016,93065,NA,35100,21,26
48085031613,48,085,031613,6583,6053,124,196,13,196,1,4405,4069,74,131,7,124,0,468.02,1132.69,NA,58016,93065,NA,35100,21,8
48085031614,48,085,031614,6505,5484,307,339,16,356,3,4269,3643,195,194,10,227,0,453.57,1097.72,NA,58016,93065,NA,35100,21,8
48085031615,48,085,031615,8532,7214,393,439,30,453,3,5853,5032,247,279,15,279,1,621.87,1505.03,NA,58016,93065,NA,35100,21,8
48085031616,48,085,031616,6373,5604,158,203,15,391,2,4236,3749,101,132,9,245,0,450.06,1089.23,NA,58016,93065,NA,35100,21,26
48085031617,48,085,031617,4567,4138,97,141,7,184,0,3204,2914,71,94,7,118,0,340.42,823.87,NA,58016,93065,NA,35100,21,26
48085031618,48,085,031618,4223,3852,45,125,5,196,0,2837,2598,34,78,4,123,0,301.42,729.5,NA,58016,93065,NA,35100,21,26
48085031619,48,085,031619,4013,3562,115,127,5,201,3,2821,2513,81,91,4,131,1,299.72,725.38,NA,58016,93065,NA,35100,21,26
48085031620,48,085,031620,3039,2592,82,107,10,247,1,2278,1960,59,84,9,166,0,242.03,585.76,NA,58016,93065,NA,35100,21,26
48085031621,48,085,031621,4684,4066,124,143,12,328,11,3419,3000,88,99,11,215,6,363.26,879.15,NA,58016,93065,NA,35100,21,26
48085031702,48,085,031702,6120,5426,226,198,16,253,1,4867,4336,183,163,16,169,0,517.11,1251.49,NA,19000,93065,NA,35100,21,26
48085031798,48,085,031798,20109,17637,723,811,48,878,12,16851,14811,606,711,44,670,9,1790.37,4333.02,NA,19000,93065,NA,35100,21,26
48085031802,48,085,031802,4571,3946,132,319,18,152,4,3263,2882,73,192,14,101,1,346.69,839.04,NA,58016,93065,NA,35100,21,8
48085031803,48,085,031803,4897,4533,74,109,18,163,0,3521,3278,49,76,14,104,0,374.1,905.38,NA,58016,93065,NA,35100,21,8
48085031898,48,085,031898,7160,6574,92,194,15,285,0,5413,5002,58,142,12,199,0,575.12,1391.88,NA,61796,93065,NA,35100,21,8
48085032003,48,085,032003,4832,3567,375,819,23,42,6,3572,2740,238,546,19,27,2,379.52,918.49,NA,58016,93065,NA,35100,21,8
48085032004,48,085,032004,6204,5323,314,481,27,50,9,4500,3961,177,296,27,37,2,478.11,1157.12,NA,58016,93065,NA,35100,21,8
48085032005,48,085,032005,3015,2574,160,182,23,71,5,2051,1780,101,108,13,49,0,217.91,527.39,NA,58016,93065,NA,35100,21,30
48085032007,48,085,032007,5032,3621,574,706,29,100,2,3347,2491,353,417,17,68,1,355.61,860.64,NA,58016,93065,NA,35100,18,8
48085032008,48,085,032008,3942,3448,142,229,13,108,2,2628,2322,90,137,10,69,0,279.22,675.76,NA,58016,93065,NA,35100,18,8
48085032098,48,085,032098,2466,1966,50,64,5,381,0,1690,1364,28,39,3,256,0,179.56,434.56,NA,61796,93065,NA,35100,21,30
48087009501,48,087,009501,920,796,1,112,11,0,0,661,593,1,59,8,0,0,184.03,215.04,NA,20716,94130,27150,44890,4,13
48087009502,48,087,009502,2653,1954,226,449,17,3,4,1961,1562,142,241,13,1,2,545.97,637.96,NA,77152,94130,NA,44890,4,13
48089001501,48,089,001501,4759,2030,1140,1571,8,4,6,3335,1570,785,969,5,3,3,596.79,847.97,NA,21844,91095,NA,36970,5,14
48089001502,48,089,001502,2231,1605,377,245,2,1,1,1564,1181,240,140,2,1,0,279.87,397.67,NA,NA,91470,NA,36970,5,14
48089001503,48,089,001503,3854,2884,608,354,4,1,3,2952,2270,428,246,4,1,3,528.25,750.58,NA,77020,94120,NA,44820,5,14
48089001504,48,089,001504,4039,3587,182,258,8,1,3,3016,2738,119,152,4,1,2,539.71,766.86,NA,16168,90800,NA,14700,5,14
48089001505,48,089,001505,3500,2331,753,405,4,6,1,2623,1827,543,243,3,6,1,469.38,666.93,NA,16168,90800,NA,14700,5,14
48091003101,48,091,003101,3717,2291,42,1363,11,4,6,2776,1829,36,896,9,3,3,339.66,791.94,NA,50820,92730,NA,32370,13,28
48091003102,48,091,003102,2932,1546,36,1340,4,4,2,2184,1255,28,892,4,3,2,267.23,623.05,NA,50820,92730,NA,32370,13,28
48091003103,48,091,003103,5251,4761,32,442,5,10,1,4189,3846,25,305,5,7,1,512.55,1195.04,NA,50820,92730,NA,32370,13,21
48091003105,48,091,003105,6017,4104,76,1777,15,36,9,4324,3113,52,1110,11,31,7,529.07,1233.56,NA,50820,92730,NA,14730,13,28
48091003107,48,091,003107,6156,5434,9,687,7,18,1,4488,4015,5,446,7,15,0,549.13,1280.34,NA,25168,90805,NA,14730,13,21
48091003108,48,091,003108,4533,3707,51,726,8,24,17,3301,2788,34,451,6,13,9,403.9,941.71,NA,28248,92730,NA,14730,13,21
48091003109,48,091,003109,3792,3461,4,313,7,6,1,2808,2568,4,224,6,5,1,343.58,801.07,NA,50820,92730,NA,14730,13,21
48091310401,48,091,310401,4745,1265,99,3368,4,5,4,3244,1019,72,2141,4,5,3,396.92,925.45,NA,50820,92730,NA,32370,13,28
48091310402,48,091,310402,4317,3065,56,1154,8,18,16,3029,2303,32,666,5,10,13,370.62,864.12,NA,50820,92730,NA,32370,13,21
48091310601,48,091,310601,4082,3798,11,253,12,4,4,3176,2991,11,158,9,3,4,388.6,906.05,NA,12580,90805,NA,14730,13,21
48091310602,48,091,310602,6290,5801,5,441,27,16,0,5057,4726,3,294,22,12,0,618.75,1442.67,NA,12580,90805,NA,14730,13,21
48093009501,48,093,009501,4401,3620,0,754,11,5,11,3416,2952,0,448,9,3,4,701.41,693.74,NA,19672,90985,NA,16440,8,17
48093009502,48,093,009502,3215,2860,4,340,10,1,0,2409,2203,1,199,6,0,0,494.64,489.23,NA,16192,90810,NA,14760,8,17
48093009503,48,093,009503,4085,3162,6,905,6,1,5,3099,2548,3,541,4,1,2,636.32,629.36,NA,16192,90810,NA,14760,8,17
48093009504,48,093,009504,1631,1433,0,191,6,1,0,1275,1148,0,125,1,1,0,261.8,258.93,NA,31628,91665,NA,21990,8,17
48093950498,48,093,950498,49,34,0,15,0,0,0,43,28,0,15,0,0,0,8.83,8.73,NA,NA,91665,NA,17580,8,17
48095009501,48,095,009501,2165,1218,13,929,0,4,1,1703,986,13,699,0,4,1,382.16,446.09,NA,22552,91160,NA,18070,8,17
48095009502,48,095,009502,879,609,1,265,4,0,0,641,468,0,170,3,0,0,143.84,167.91,NA,54636,91255,NA,33980,8,17
48097009901,48,097,009901,4555,4208,142,155,46,4,0,2982,2887,8,57,27,3,0,447.81,848.33,NA,11968,90580,40380,12510,8,9
48097009902,48,097,009902,4235,4131,2,81,16,5,0,2915,2848,2,48,14,3,0,437.75,829.27,NA,49932,92680,40380,31860,8,9
48097009903,48,097,009903,750,721,0,10,1,18,0,529,512,0,6,1,10,0,79.44,150.49,NA,27984,91435,NA,20220,8,9
48097009904,48,097,009904,3596,2922,510,122,12,28,2,2716,2282,332,72,12,18,0,407.87,772.66,NA,27984,91435,NA,20220,8,9
48097009905,48,097,009905,3306,2511,199,535,28,30,3,2275,1840,107,285,20,21,2,341.64,647.2,NA,27984,91435,NA,20220,8,9
48097009906,48,097,009906,4283,3960,114,144,30,35,0,3283,3077,73,92,24,17,0,493.02,933.96,NA,27984,91435,NA,20220,8,9
48097009907,48,097,009907,3890,3789,6,70,21,4,0,3005,2948,6,36,13,2,0,451.27,854.88,NA,27984,91440,NA,12510,18,9
48097009908,48,097,009908,3143,2802,178,119,41,3,0,2283,2081,107,67,25,3,0,342.84,649.48,NA,27984,91435,NA,20220,8,9
48097009909,48,097,009909,3019,2820,0,172,23,4,0,2080,1984,0,79,16,1,0,312.36,591.73,NA,74756,93995,NA,43860,18,9
48099000101,48,099,000101,5081,4781,3,265,17,8,7,3782,3607,3,152,11,3,6,278.73,472.26,NA,24864,91270,NA,20500,2,5
48099000102,48,099,000102,7886,4793,2028,1001,30,15,19,6811,3915,1934,902,27,14,19,501.97,850.49,NA,29168,91480,NA,20500,2,5
48099000103,48,099,000103,3341,2183,776,355,18,6,3,2877,1811,759,283,16,5,3,212.03,359.25,NA,29168,91480,NA,20500,2,5
48099000104,48,099,000104,3188,2994,44,126,22,2,0,2350,2238,25,75,10,2,0,173.19,293.45,NA,29168,91480,NA,20500,2,5
48099000105,48,099,000105,19010,9478,6527,2213,150,608,34,14386,7445,4917,1462,114,427,21,1060.24,1796.39,NA,16624,91370,NA,25660,2,5
48099010601,48,099,010601,3774,2426,767,426,20,132,3,2496,1692,452,239,13,98,2,183.95,311.68,NA,16624,90845,NA,15240,2,5
48099010602,48,099,010602,5023,3576,768,459,40,173,7,3241,2396,430,262,26,126,1,238.86,404.71,NA,16624,90845,NA,15240,2,5
48099010701,48,099,010701,4204,3125,597,326,19,129,8,2794,2125,357,196,14,99,3,205.92,348.89,NA,16624,90845,NA,15240,2,5
48099010702,48,099,010702,3742,2773,535,303,28,103,0,2496,1910,313,183,21,69,0,183.95,311.68,NA,16624,90845,NA,15240,2,5
48099010801,48,099,010801,5341,3983,655,476,36,184,7,3711,2830,426,285,19,150,1,273.5,463.39,NA,16624,90845,NA,15240,2,5
48099010802,48,099,010802,3623,2569,593,293,17,147,4,2329,1702,337,164,12,114,0,171.65,290.82,NA,16624,90845,NA,15240,2,5
48101009501,48,101,009501,2247,1676,196,367,4,3,1,1669,1352,115,195,3,3,1,577,350,NA,54600,92930,NA,33900,4,13
48103009501,48,103,009501,4652,2920,128,1577,11,10,6,3038,2083,79,857,7,10,2,469,1292,NA,17516,90885,NA,15540,13,23
48105009501,48,105,009501,4078,2016,31,2021,8,2,0,2822,1512,29,1273,7,1,0,516,836,NA,54552,91120,NA,15690,13,23
48107009501,48,107,009501,2711,1531,135,1032,3,4,6,1897,1209,91,591,2,2,2,495.59,385.67,NA,17768,90905,NA,00001,8,13
48107009502,48,107,009502,2840,1477,76,1277,1,1,8,1942,1152,65,717,1,1,6,507.35,394.82,NA,60356,93185,NA,36390,8,13
48107009503,48,107,009503,1753,861,86,802,1,3,0,1183,663,56,462,1,1,0,309.06,240.51,NA,44032,92290,NA,28230,8,13
48109009501,48,109,009501,317,168,0,145,4,0,0,228,137,0,90,1,0,0,44.49,42.54,NA,NA,94015,NA,15990,7,23
48109009502,48,109,009502,3090,782,2,2274,7,25,0,1991,598,1,1373,4,15,0,388.51,371.46,NA,75032,94010,NA,15990,7,23
48111009501,48,111,009501,744,658,0,84,2,0,0,506,465,0,40,1,0,0,69.49,140.05,NA,18524,90955,NA,16200,4,19
48111009502,48,111,009502,672,577,0,94,1,0,0,458,396,0,61,1,0,0,62.9,126.76,NA,72476,93885,NA,42570,4,19
48111009503,48,111,009503,4045,2922,102,973,28,14,6,2837,2149,58,591,24,11,4,389.61,785.19,NA,18524,90955,NA,16200,4,19
48113000001,48,113,000001,3274,3042,18,172,12,28,2,2652,2489,13,117,8,25,0,400.01,536.95,NA,19000,92785,NA,16230,21,8
48113000003,48,113,000003,3183,2784,40,335,6,18,0,2819,2506,36,257,6,14,0,425.2,570.76,NA,19000,92785,NA,16230,23,10
48113000005,48,113,000005,4911,2039,667,1990,15,184,16,4072,1956,527,1426,13,138,12,614.2,824.45,NA,19000,92785,NA,16230,23,10
48113000008,48,113,000008,4616,954,488,2965,19,169,21,3276,876,371,1883,13,116,17,494.13,663.29,NA,19000,92785,NA,16230,23,10
48113000009,48,113,000009,5248,1119,288,3715,20,74,32,3751,1042,225,2399,14,52,19,565.78,759.46,NA,19000,92785,NA,16230,23,10
48113000014,48,113,000014,4132,1406,712,1922,55,15,22,2984,1186,485,1256,33,11,13,450.09,604.16,NA,19000,92785,NA,16230,23,10
48113000016,48,113,000016,2716,555,1977,137,5,41,1,1898,519,1253,88,5,32,1,286.28,384.28,NA,19000,92785,NA,16230,23,30
48113000018,48,113,000018,1460,1145,122,167,6,19,1,1405,1127,112,141,5,19,1,211.92,284.47,NA,19000,92785,NA,16230,23,30
48113000019,48,113,000019,830,123,400,292,8,6,1,521,107,226,176,8,3,1,78.58,105.49,NA,19000,92785,NA,16230,23,30
48113000020,48,113,000020,6246,749,1384,4054,25,6,28,4082,636,958,2442,20,6,20,615.7,826.47,NA,19000,93675,NA,16230,16,30
48113000021,48,113,000021,0,0,0,0,0,0,0,0,0,0,0,0,0,0,0,0,NA,19000,92785,NA,16230,23,30
48113000024,48,113,000024,3803,533,296,2896,16,46,16,2448,444,215,1732,16,29,12,369.24,495.64,NA,19000,92785,NA,16230,23,10
48113000025,48,113,000025,5883,253,3392,2219,9,3,7,3968,223,2474,1254,9,3,5,598.51,803.39,NA,19000,92785,NA,16230,23,30
48113000028,48,113,000028,418,60,294,62,0,1,1,296,56,211,28,0,1,0,44.65,59.93,NA,19000,92785,NA,16230,23,30
48113000029,48,113,000029,1051,6,1032,12,1,0,0,697,3,683,10,1,0,0,105.13,141.12,NA,19000,92785,NA,16230,23,30
48113000033,48,113,000033,1570,191,223,1142,8,3,3,1151,184,198,759,7,2,1,173.61,233.04,NA,19000,92785,NA,16230,23,30
48113000034,48,113,000034,1665,5,1548,110,1,1,0,1199,5,1110,82,1,1,0,180.85,242.76,NA,19000,92785,NA,16230,23,30
48113000035,48,113,000035,1883,24,1823,29,6,0,1,1331,24,1288,14,4,0,1,200.76,269.49,NA,19000,92785,NA,16230,23,30
48113000036,48,113,000036,1010,16,988,4,1,1,0,819,16,798,3,1,1,0,123.53,165.82,NA,19000,92785,NA,16230,23,30
48113000037,48,113,000037,4194,20,4107,54,7,6,0,3195,18,3138,33,3,3,0,481.91,646.89,NA,19000,92785,NA,16230,23,30
48113000038,48,113,000038,3018,7,2973,32,3,1,2,2284,7,2248,23,3,1,2,344.5,462.44,NA,19000,92785,NA,16230,23,30
48113000040,48,113,000040,1709,19,1519,163,3,3,2,1289,13,1157,113,3,3,0,194.42,260.98,NA,19000,92785,NA,16230,23,30
48113000041,48,113,000041,1538,35,1363,137,1,0,2,1097,32,983,79,1,0,2,165.46,222.11,NA,19000,93675,NA,16230,16,30
48113000042,48,113,000042,8050,2769,986,4154,77,38,26,5515,2323,621,2483,48,28,12,831.85,1116.61,NA,19000,93675,NA,16230,16,24
48113000043,48,113,000043,4829,1038,1453,2273,11,39,15,3844,975,1281,1536,10,30,12,579.81,778.29,NA,19000,93675,NA,16230,16,24
48113000044,48,113,000044,3248,2761,95,349,18,23,2,2725,2370,82,245,12,16,0,411.02,551.73,NA,19000,93675,NA,16230,16,24
48113000045,48,113,000045,5041,1945,251,2788,35,9,13,3685,1715,159,1768,29,6,8,555.82,746.09,NA,19000,93675,NA,16230,16,24
48113000046,48,113,000046,2307,1107,150,1038,11,1,0,1676,910,102,654,9,1,0,252.8,339.34,NA,19000,93675,NA,16230,16,24
48113000047,48,113,000047,3358,480,142,2699,20,2,15,2114,416,93,1580,11,1,13,318.86,428.02,NA,19000,93675,NA,16230,16,24
48113000048,48,113,000048,3756,395,614,2708,20,13,6,2408,305,429,1642,16,12,4,363.21,487.54,NA,19000,93675,NA,16230,16,24
48113000049,48,113,000049,4152,41,3776,330,3,0,2,3016,38,2783,190,3,0,2,454.91,610.64,NA,19000,93675,NA,16230,16,30
48113000050,48,113,000050,4023,795,243,2942,33,6,4,2591,650,195,1718,21,4,3,390.81,524.59,NA,19000,93675,NA,16230,16,24
48113000051,48,113,000051,2775,675,102,1980,8,2,8,1752,551,53,1134,7,2,5,264.26,354.72,NA,19000,93675,NA,16230,16,24
48113000052,48,113,000052,4153,1284,124,2674,53,6,12,2776,1053,84,1596,28,5,10,418.71,562.05,NA,19000,93675,NA,16230,16,24
48113000053,48,113,000053,6205,2113,164,3847,56,10,15,4156,1767,105,2235,30,10,9,626.87,841.46,NA,19000,93675,NA,16230,16,24
48113000054,48,113,000054,5401,385,3693,1273,24,15,11,3662,341,2566,723,16,6,10,552.35,741.44,NA,19000,93675,NA,16230,16,30
48113000055,48,113,000055,4295,109,3785,380,10,6,5,3108,106,2776,211,8,4,3,468.79,629.27,NA,19000,93675,NA,16230,16,30
48113000056,48,113,000056,6139,205,3728,2167,23,0,16,3912,174,2528,1188,18,0,4,590.06,792.06,NA,19000,93675,NA,16230,16,30
48113000057,48,113,000057,4913,86,4320,502,2,3,0,3426,76,3050,295,2,3,0,516.76,693.66,NA,19000,93675,NA,16230,16,30
48113000061,48,113,000061,4248,1056,2856,298,4,31,3,2989,980,1804,177,4,24,0,450.84,605.18,NA,19000,93675,NA,16230,16,30
48113000062,48,113,000062,4464,1281,1867,1261,11,41,3,3021,1136,1103,745,10,26,1,455.67,611.66,NA,19000,93675,NA,16230,16,30
48113000064,48,113,000064,6938,1515,564,4757,53,26,23,4397,1276,302,2755,37,16,11,663.22,890.25,NA,19000,93675,NA,16230,16,24
48113000067,48,113,000067,6101,1279,406,4303,53,39,21,3796,1068,217,2439,36,22,14,572.57,768.57,NA,19000,93675,NA,16230,16,24
48113000068,48,113,000068,5251,1675,936,2560,27,38,15,3831,1508,646,1615,20,32,10,577.84,775.66,NA,19000,93675,NA,16230,16,24
48113000069,48,113,000069,2612,739,644,1191,13,23,2,1838,629,401,780,9,17,2,277.23,372.14,NA,19000,93675,NA,16230,16,24
48113000074,48,113,000074,1395,1311,4,69,4,7,0,1124,1054,4,58,2,6,0,169.54,227.57,NA,19000,92785,NA,16230,21,8
48113000077,48,113,000077,4961,4769,19,134,5,34,0,4310,4142,17,116,5,30,0,650.09,872.64,NA,19000,92785,NA,16230,21,8
48113000080,48,113,000080,6015,5735,47,179,7,47,0,4905,4701,34,130,7,33,0,739.84,993.11,NA,19000,92785,NA,16230,21,8
48113000081,48,113,000081,5260,4550,181,457,16,55,1,4345,3828,116,343,14,43,1,655.37,879.72,NA,19000,92785,NA,16230,21,10
48113000082,48,113,000082,3797,3098,176,480,19,21,3,3028,2569,105,316,18,17,3,456.72,613.07,NA,19000,92785,NA,16230,21,8
48113000083,48,113,000083,1333,881,122,315,8,7,0,1019,748,78,182,6,5,0,153.7,206.31,NA,19000,92785,NA,16230,23,30
48113000084,48,113,000084,5470,2983,289,2110,32,40,16,3908,2465,184,1192,25,31,11,589.46,791.25,NA,19000,92785,NA,16230,23,10
48113000085,48,113,000085,3356,2196,295,828,21,12,4,2553,1845,194,488,14,9,3,385.08,516.9,NA,19000,92785,NA,16230,23,10
48113000089,48,113,000089,4696,23,3829,840,1,2,1,3199,18,2650,528,1,2,0,482.52,647.7,NA,19000,93675,NA,16230,16,30
48113000095,48,113,000095,2274,2114,8,113,2,37,0,1909,1781,8,95,2,23,0,287.94,386.51,NA,19000,92785,NA,16230,21,8
48113000099,48,113,000099,1451,405,90,348,8,594,6,1017,324,41,227,7,412,6,153.4,205.91,NA,19000,92785,NA,16230,18,26
48113000100,48,113,000100,3265,1004,1849,371,8,30,3,2827,958,1556,277,7,26,3,426.41,572.38,NA,19000,92785,NA,16230,23,24
48113000102,48,113,000102,1756,3,1353,370,0,24,6,945,2,712,215,0,12,4,142.54,191.33,NA,19000,93675,NA,16230,16,30
48113000103,48,113,000103,433,4,418,10,1,0,0,299,4,289,5,1,0,0,45.1,60.54,NA,19000,93675,NA,16230,16,30
48113000104,48,113,000104,2122,17,1861,218,0,21,5,1012,10,871,122,0,6,3,152.64,204.9,NA,19000,93675,NA,16230,16,30
48113000105,48,113,000105,2575,10,2162,399,2,0,2,1756,7,1526,220,2,0,1,264.86,355.53,NA,19000,93675,NA,16230,16,30
48113000106,48,113,000106,7743,336,468,6657,14,229,39,4572,275,250,3915,8,100,24,689.61,925.68,NA,19000,93675,NA,16230,16,24
48113000109,48,113,000109,8385,919,7013,380,17,44,12,5950,804,4812,277,16,34,7,897.46,1204.69,NA,19000,93675,NA,16230,16,30
48113000112,48,113,000112,3465,281,2958,218,3,4,1,2613,243,2218,145,3,4,0,394.13,529.05,NA,19000,93675,NA,16230,16,30
48113000113,48,113,000113,5187,99,5051,31,3,3,0,3834,94,3713,22,2,3,0,578.3,776.26,NA,19000,93675,NA,16230,16,30
48113000115,48,113,000115,4967,43,4537,377,3,7,0,2586,18,2371,194,1,2,0,390.06,523.58,NA,19000,92785,NA,16230,23,30
48113000117,48,113,000117,8640,4682,2194,1669,42,43,10,5835,3478,1318,976,31,26,6,880.12,1181.4,NA,19000,92785,NA,16230,23,30
48113000118,48,113,000118,6836,3287,2148,1317,37,44,3,4450,2402,1220,774,25,27,2,671.21,900.98,NA,19000,92785,NA,16230,23,30
48113000119,48,113,000119,7319,2519,3277,1406,12,84,21,4824,1921,1971,857,8,56,11,727.62,976.71,NA,19000,92785,NA,16230,23,30
48113000120,48,113,000120,5395,2175,2413,751,19,30,7,3693,1715,1474,467,13,20,4,557.03,747.71,NA,19000,92785,NA,16230,23,10
48113000121,48,113,000121,2928,1198,994,528,12,189,7,2026,921,658,323,7,114,3,305.59,410.2,NA,19000,92785,NA,16230,23,10
48113000123,48,113,000123,8002,4901,1415,1255,63,355,13,5551,3746,771,756,41,232,5,837.28,1123.9,NA,19000,92785,NA,16230,23,10
48113000124,48,113,000124,4847,4220,115,444,16,47,5,3914,3485,80,295,14,35,5,590.36,792.46,NA,19000,92785,NA,16230,23,10
48113000125,48,113,000125,6299,4826,190,1067,45,157,14,4759,3821,117,677,34,105,5,717.82,963.55,NA,19000,92785,NA,16230,23,10
48113000127,48,113,000127,7291,5518,312,1274,45,133,9,5505,4397,162,801,37,104,4,830.34,1114.59,NA,19000,92785,NA,16230,23,10
48113000128,48,113,000128,6948,6071,147,647,34,39,10,5474,4920,87,403,25,34,5,825.66,1108.31,NA,19000,92785,NA,16230,21,10
48113000129,48,113,000129,4436,4160,54,170,16,34,2,3761,3559,35,126,12,29,0,567.29,761.48,NA,19000,92785,NA,16230,21,8
48113000132,48,113,000132,2464,2357,15,60,1,31,0,2111,2034,9,44,1,23,0,318.41,427.41,NA,19000,92785,NA,16230,21,30
48113000133,48,113,000133,1826,1782,3,40,0,1,0,1447,1413,3,30,0,1,0,218.26,292.97,NA,19000,92785,NA,16230,21,8
48113000135,48,113,000135,2377,2271,15,57,0,34,0,1873,1803,11,39,0,20,0,282.51,379.22,NA,19000,92785,NA,16230,21,8
48113000139,48,113,000139,6845,5095,111,1495,56,79,9,5052,3961,67,926,35,56,7,762.01,1022.87,NA,25452,92785,NA,13050,18,26
48113000145,48,113,000145,7004,5572,287,984,41,114,6,5141,4202,176,641,34,85,3,775.44,1040.89,NA,37000,93675,NA,24420,16,26
48113000146,48,113,000146,8100,4658,495,2488,35,411,13,5732,3584,283,1553,26,276,10,864.58,1160.55,NA,37000,93675,NA,24420,16,30
48113000147,48,113,000147,8248,4743,498,2652,70,266,19,5920,3679,295,1681,46,205,14,892.94,1198.61,NA,37000,93675,NA,24420,16,26
48113000149,48,113,000149,4229,2132,212,1650,38,189,8,2856,1564,128,1000,25,134,5,430.78,578.25,NA,37000,93675,NA,24420,16,30
48113000150,48,113,000150,6656,4285,312,1642,41,370,6,4620,3202,179,971,27,236,5,696.85,935.4,NA,37000,93675,NA,24420,23,26
48113000151,48,113,000151,6309,4520,247,1178,48,307,9,4330,3286,123,693,32,193,3,653.11,876.69,NA,37000,93675,NA,24420,16,26
48113000155,48,113,000155,3358,1886,170,1236,29,35,2,2310,1464,99,697,20,28,2,348.43,467.7,NA,30464,93675,NA,21420,16,30
48113000156,48,113,000156,4067,2176,49,1734,58,38,12,2879,1721,32,1056,40,24,6,434.25,582.91,NA,30464,93675,NA,21420,16,24
48113000157,48,113,000157,2429,1171,9,1221,8,9,11,1596,891,6,681,7,5,6,240.73,323.14,NA,30464,93675,NA,21420,16,24
48113000158,48,113,000158,2313,1540,72,633,54,13,1,1650,1158,59,382,37,13,1,248.88,334.07,NA,30464,93675,NA,21420,16,24
48113000159,48,113,000159,2757,1824,132,748,22,31,0,2139,1532,114,450,16,27,0,322.63,433.08,NA,30464,93675,NA,21420,16,30
48113000160,48,113,000160,6116,4093,242,1688,48,40,5,4192,3049,136,948,33,23,3,632.3,848.75,NA,30464,93675,NA,21420,16,30
48113000161,48,113,000161,2362,777,1361,203,6,9,6,1720,623,959,125,5,5,3,259.43,348.25,NA,30464,93675,NA,21420,16,30
48113000162,48,113,000162,8101,6143,459,1327,48,119,5,5741,4608,258,750,35,86,4,865.94,1162.37,NA,30464,93675,NA,21420,16,30
48113000163,48,113,000163,5605,2676,271,2346,21,282,9,3532,1800,141,1394,16,177,4,532.75,715.12,NA,30464,93675,NA,21420,16,24
48113000171,48,113,000171,6266,4947,481,794,22,22,0,4390,3572,346,438,17,17,0,662.16,888.83,NA,19000,92785,NA,16230,23,10
48113000174,48,113,000174,5580,4856,219,435,29,40,1,3745,3314,128,255,24,24,0,564.87,758.24,NA,47892,92785,NA,30390,23,10
48113000175,48,113,000175,2659,2454,38,144,12,9,2,1998,1861,24,93,10,9,1,301.37,404.53,NA,47892,92785,NA,30390,23,10
48113000179,48,113,000179,4696,3993,89,549,26,39,0,3279,2821,57,358,18,25,0,494.58,663.89,NA,47892,92785,NA,30390,23,10
48113000180,48,113,000180,9104,7753,414,717,56,158,6,6662,5794,262,461,38,103,4,1004.86,1348.84,NA,47892,92785,NA,30390,23,10
48113000183,48,113,000183,5726,4766,218,659,46,29,8,4251,3638,136,415,34,22,6,641.19,860.69,NA,29000,92785,NA,20340,23,8
48113000186,48,113,000186,3345,3122,9,179,23,12,0,2630,2475,7,120,17,11,0,396.69,532.49,NA,29000,92785,NA,20340,23,8
48113000187,48,113,000187,5339,3511,153,1581,50,30,14,3796,2716,86,929,36,21,8,572.57,768.57,NA,29000,92785,NA,20340,23,10
48113000189,48,113,000189,4784,3566,174,796,40,203,5,3358,2611,105,480,28,133,1,506.5,679.89,NA,29000,92785,NA,20340,23,8
48113000191,48,113,000191,5021,4182,289,274,21,252,3,3887,3303,188,191,19,184,2,586.29,786.99,NA,61796,92785,NA,37020,21,8
48113000194,48,113,000194,3578,3454,6,65,10,43,0,2867,2776,6,51,7,27,0,432.44,580.48,NA,74492,92785,NA,23250,21,8
48113000196,48,113,000196,2304,2206,7,57,6,24,4,1714,1640,6,40,4,20,4,258.53,347.03,NA,33824,92785,NA,23250,21,8
48113000197,48,113,000197,2146,2062,6,63,1,13,1,1597,1533,5,47,1,10,1,240.88,323.34,NA,33824,92785,NA,23250,21,8
48113000198,48,113,000198,4236,4099,20,97,2,15,3,3449,3331,20,79,2,15,2,520.23,698.31,NA,33824,92785,NA,23250,21,8
48113000199,48,113,000199,3746,1120,71,2508,23,17,7,2412,906,38,1433,16,15,4,363.81,488.35,NA,15796,93675,NA,16230,16,24
48113000201,48,113,000201,2486,2337,16,120,5,8,0,2192,2077,10,95,5,5,0,330.63,443.81,NA,19000,92785,NA,16230,21,8
48113000202,48,113,000202,3291,2919,32,313,7,19,1,2882,2610,25,225,6,15,1,434.7,583.51,NA,19000,92785,NA,16230,23,10
48113000401,48,113,000401,3744,248,634,2820,13,9,20,2407,218,363,1795,7,9,15,363.06,487.34,NA,19000,92785,NA,16230,23,10
48113000403,48,113,000403,5415,1108,92,4146,8,39,22,3671,961,67,2594,7,28,14,553.71,743.26,NA,19000,92785,NA,16230,23,30
48113000404,48,113,000404,4109,1826,327,1740,16,189,11,3359,1762,240,1189,14,146,8,506.65,680.09,NA,19000,92785,NA,16230,23,10
48113000405,48,113,000405,2312,418,949,761,12,167,5,1558,388,563,492,10,101,4,235,315.45,NA,19000,92785,NA,16230,23,10
48113000601,48,113,000601,6499,1922,1021,3307,22,204,23,5071,1820,782,2258,22,170,19,764.88,1026.72,NA,19000,92785,NA,16230,23,10
48113000603,48,113,000603,3903,3021,241,499,28,108,6,3662,2942,193,416,26,80,5,552.35,741.44,NA,19000,92785,NA,16230,23,10
48113000604,48,113,000604,3962,3169,190,541,16,41,5,3714,3046,168,443,15,38,4,560.2,751.97,NA,19000,92785,NA,16230,23,10
48113000701,48,113,000701,2086,1303,132,619,14,16,2,1853,1269,106,452,12,13,1,279.5,375.17,NA,19000,92785,NA,16230,23,10
48113000702,48,113,000702,2909,1863,118,869,10,43,6,2592,1824,106,616,7,35,4,390.96,524.8,NA,19000,92785,NA,16230,23,10
48113001001,48,113,001001,1817,1052,16,725,8,16,0,1466,958,15,473,6,14,0,221.12,296.82,NA,19000,92785,NA,16230,23,10
48113001002,48,113,001002,2747,679,68,1927,12,37,24,1921,607,48,1221,12,20,13,289.75,388.94,NA,19000,92785,NA,16230,23,10
48113001101,48,113,001101,3652,2201,132,1233,19,51,16,2924,1952,83,814,17,46,12,441.04,592.02,NA,19000,92785,NA,16230,23,10
48113001102,48,113,001102,2014,1713,33,243,15,3,7,1753,1537,27,170,12,3,4,264.41,354.93,NA,19000,92785,NA,16230,23,10
48113001201,48,113,001201,3842,1017,91,2684,13,12,25,2493,859,58,1546,11,8,11,376.03,504.75,NA,19000,92785,NA,16230,23,10
48113001202,48,113,001202,3105,2094,624,329,25,29,4,2609,1932,381,254,18,21,3,393.53,528.24,NA,19000,92785,NA,16230,23,10
48113001301,48,113,001301,2522,1642,70,773,15,21,1,2001,1472,53,449,10,16,1,301.82,405.14,NA,19000,92785,NA,16230,23,10
48113001302,48,113,001302,3215,1127,294,1747,25,20,2,2316,926,222,1134,16,16,2,349.33,468.92,NA,19000,92785,NA,16230,23,10
48113001502,48,113,001502,3849,736,368,2532,26,155,32,2637,623,283,1598,21,92,20,397.75,533.91,NA,19000,92785,NA,16230,23,10
48113001503,48,113,001503,3982,416,330,2463,28,733,12,2506,376,267,1456,19,385,3,377.99,507.39,NA,19000,92785,NA,16230,23,10
48113001504,48,113,001504,3027,826,634,1217,36,298,16,2231,725,480,813,30,175,8,336.51,451.71,NA,19000,92785,NA,16230,23,10
48113001701,48,113,001701,1,1,0,0,0,0,0,1,1,0,0,0,0,0,0.15,0.2,NA,19000,92785,NA,16230,23,30
48113001702,48,113,001702,433,250,142,38,0,3,0,407,239,128,37,0,3,0,61.39,82.4,NA,19000,92785,NA,16230,23,30
48113002201,48,113,002201,915,589,153,55,2,111,5,889,579,148,49,2,108,3,134.09,179.99,NA,19000,92785,NA,16230,23,30
48113002202,48,113,002202,398,80,232,72,1,11,2,344,73,210,54,1,6,0,51.89,69.65,NA,19000,92785,NA,16230,23,30
48113002701,48,113,002701,4683,21,4501,122,0,36,3,2874,15,2785,56,0,17,1,433.5,581.89,NA,19000,92785,NA,16230,23,30
48113002702,48,113,002702,2168,18,2101,39,5,2,3,1621,12,1575,29,2,2,1,244.5,328.2,NA,19000,92785,NA,16230,23,30
48113003101,48,113,003101,2841,952,1682,186,9,10,2,2797,939,1656,182,8,10,2,421.88,566.3,NA,19000,92785,NA,16230,23,30
48113003102,48,113,003102,92,31,46,14,1,0,0,82,25,46,10,1,0,0,12.37,16.6,NA,19000,92785,NA,16230,23,30
48113003201,48,113,003201,602,155,377,56,13,0,1,551,151,336,51,12,0,1,83.11,111.56,NA,19000,92785,NA,16230,23,30
48113003901,48,113,003901,2170,11,2132,24,2,1,0,1698,11,1671,14,2,0,0,256.12,343.79,NA,19000,92785,NA,16230,23,30
48113003902,48,113,003902,2423,16,2287,114,1,0,5,1770,10,1695,62,1,0,2,266.98,358.37,NA,19000,92785,NA,16230,23,30
48113005901,48,113,005901,6173,92,5843,228,7,1,2,4456,83,4223,142,7,1,0,672.12,902.2,NA,19000,93675,NA,16230,16,30
48113005902,48,113,005902,4445,335,3936,167,4,3,0,3163,328,2734,96,3,2,0,477.09,640.41,NA,19000,93675,NA,16230,16,30
48113006001,48,113,006001,3197,344,2067,772,4,0,10,2148,325,1354,460,3,0,6,323.99,434.9,NA,19000,93675,NA,16230,16,30
48113006002,48,113,006002,4027,1419,2401,145,6,54,2,2785,1151,1484,95,6,47,2,420.07,563.87,NA,19000,93675,NA,16230,16,30
48113006301,48,113,006301,4569,1727,1096,1702,29,7,8,3185,1457,694,1002,22,5,5,480.41,644.86,NA,19000,93675,NA,16230,16,30
48113006302,48,113,006302,3300,1815,251,1189,22,9,14,2436,1533,161,708,14,9,11,367.43,493.21,NA,19000,93675,NA,16230,16,24
48113006501,48,113,006501,3281,910,43,2264,29,10,25,2090,726,23,1299,23,6,13,315.24,423.16,NA,19000,93675,NA,16230,16,24
48113006502,48,113,006502,3159,1028,118,1963,30,1,19,2045,842,64,1110,21,1,7,308.46,414.05,NA,19000,93675,NA,16230,16,24
48113007101,48,113,007101,1996,1843,25,101,6,19,2,1731,1599,23,83,6,18,2,261.09,350.47,NA,19000,92785,NA,16230,21,8
48113007102,48,113,007102,5773,1004,4044,673,21,27,4,4573,958,3143,429,16,24,3,689.76,925.89,NA,19000,92785,NA,16230,23,30
48113007201,48,113,007201,4935,1014,1196,2659,13,34,19,3647,914,868,1812,12,28,13,550.09,738.4,NA,19000,92785,NA,16230,23,30
48113007202,48,113,007202,4930,925,1522,2415,11,44,13,3815,851,1200,1706,11,38,9,575.43,772.42,NA,19000,92785,NA,16230,23,30
48113007301,48,113,007301,1985,1906,7,61,2,9,0,1694,1631,7,45,2,9,0,255.51,342.98,NA,19000,92785,NA,16230,21,8
48113007302,48,113,007302,3606,2912,196,441,11,44,2,2971,2473,128,324,10,35,1,448.13,601.53,NA,19000,92785,NA,16230,21,8
48113007501,48,113,007501,622,573,9,31,2,7,0,494,454,7,27,1,5,0,74.51,100.02,NA,19000,92785,NA,16230,21,8
48113007502,48,113,007502,381,369,3,6,0,3,0,303,291,3,6,0,3,0,45.7,61.35,NA,19000,92785,NA,16230,21,8
48113007601,48,113,007601,1987,1794,15,146,6,26,0,1519,1384,12,102,5,16,0,229.12,307.55,NA,19000,92785,NA,16230,21,8
48113007602,48,113,007602,814,772,6,33,0,3,0,617,587,4,24,0,2,0,93.06,124.92,NA,19000,92785,NA,16230,21,8
48113007603,48,113,007603,917,879,7,22,4,5,0,819,785,7,19,3,5,0,123.53,165.82,NA,19000,92785,NA,16230,21,8
48113007604,48,113,007604,2858,2761,11,57,8,21,0,2198,2123,7,48,5,15,0,331.53,445.02,NA,19000,92785,NA,16230,21,8
48113007801,48,113,007801,1996,1912,13,44,1,25,1,1836,1765,12,38,1,19,1,276.93,371.73,NA,19000,92785,NA,16230,21,30
48113007804,48,113,007804,4343,1441,2377,148,7,363,7,3574,1345,1844,112,7,264,2,539.08,723.62,NA,19000,92785,NA,37020,21,30
48113007805,48,113,007805,3029,1860,935,140,16,71,7,2558,1678,711,107,8,51,3,385.83,517.91,NA,19000,92785,NA,37020,21,30
48113007806,48,113,007806,5313,3186,1049,926,16,130,6,4770,3047,860,732,13,113,5,719.48,965.77,NA,19000,92785,NA,16230,21,8
48113007809,48,113,007809,2202,1643,414,97,8,39,1,1727,1416,199,72,6,33,1,260.49,349.66,NA,19000,92785,NA,16230,21,8
48113007810,48,113,007810,4910,3402,954,336,20,197,1,3711,2641,643,246,15,165,1,559.74,751.36,NA,19000,92785,NA,37020,21,30
48113007811,48,113,007811,4048,3111,623,229,8,76,1,3713,2933,516,190,8,66,0,560.05,751.76,NA,19000,92785,NA,37020,21,30
48113007812,48,113,007812,3533,3386,11,53,3,80,0,2375,2282,7,34,3,49,0,358.23,480.86,NA,19000,92785,NA,37020,21,30
48113007813,48,113,007813,6774,5662,648,307,20,132,5,5137,4273,503,237,15,106,3,774.83,1040.08,NA,19000,92785,NA,37020,21,8
48113007814,48,113,007814,4491,2884,1011,490,23,78,5,3762,2593,733,347,19,67,3,567.44,761.68,NA,19000,92785,NA,37020,21,30
48113007815,48,113,007815,3897,1930,1052,827,21,59,8,3434,1819,880,661,18,51,5,517.96,695.28,NA,19000,92785,NA,16230,21,30
48113007816,48,113,007816,6038,3861,1316,711,23,114,13,5462,3675,1096,558,22,101,10,823.85,1105.88,NA,19000,92785,NA,16230,21,30
48113007817,48,113,007817,7133,3297,2210,1443,34,134,15,6267,3141,1837,1128,33,117,11,945.28,1268.87,NA,19000,92785,NA,16230,21,30
48113007902,48,113,007902,5488,4641,252,516,15,63,1,4685,4089,166,367,11,51,1,706.66,948.56,NA,19000,92785,NA,16230,21,8
48113007903,48,113,007903,2574,1661,357,493,13,47,3,2059,1480,228,302,9,37,3,310.57,416.88,NA,19000,92785,NA,16230,21,8
48113007905,48,113,007905,4094,3393,329,295,9,64,4,3880,3304,266,238,9,59,4,585.24,785.58,NA,19000,92785,NA,16230,21,8
48113007906,48,113,007906,1460,1430,1,26,3,0,0,1180,1155,1,21,3,0,0,177.98,238.91,NA,19000,92785,NA,23250,21,8
48113007907,48,113,007907,3791,3074,269,294,18,131,5,3600,2970,220,270,17,118,5,543,728.89,NA,19000,92785,NA,16230,21,8
48113007908,48,113,007908,5447,4685,282,290,10,180,0,5370,4654,261,276,6,173,0,809.98,1087.25,NA,19000,92785,NA,16230,21,8
48113008601,48,113,008601,1107,8,1044,54,1,0,0,711,6,677,27,1,0,0,107.24,143.95,NA,19000,93675,NA,16230,16,30
48113008602,48,113,008602,2588,105,2041,409,9,19,5,1618,86,1285,229,7,11,0,244.05,327.59,NA,19000,93675,NA,45960,16,30
48113008701,48,113,008701,5189,112,4991,78,1,3,4,3374,95,3232,41,1,3,2,508.91,683.13,NA,19000,93675,NA,16230,16,30
48113008703,48,113,008703,2993,31,2672,281,3,0,6,2114,29,1923,157,3,0,2,318.86,428.02,NA,19000,93675,NA,16230,16,30
48113008704,48,113,008704,5153,156,4907,83,5,0,2,3353,153,3156,42,2,0,0,505.75,678.88,NA,19000,93675,NA,16230,16,30
48113008705,48,113,008705,1924,38,1665,214,0,1,6,1341,35,1185,117,0,1,3,202.27,271.51,NA,19000,93675,NA,16230,16,30
48113008801,48,113,008801,2862,29,2802,24,7,0,0,2250,29,2203,12,6,0,0,339.38,455.55,NA,19000,93675,NA,16230,16,30
48113008802,48,113,008802,6071,47,5883,129,6,2,4,4154,41,4029,77,4,2,1,626.56,841.05,NA,19000,93675,NA,16230,16,30
48113009001,48,113,009001,1169,668,293,190,14,3,1,826,506,196,110,11,3,0,124.59,167.24,NA,19000,92785,NA,16230,23,10
48113009002,48,113,009002,4343,2741,804,764,15,10,9,3142,2172,492,454,14,7,3,473.92,636.15,NA,19000,92785,NA,16230,23,10
48113009101,48,113,009101,5058,2040,2165,815,19,14,5,3351,1736,1104,483,15,10,3,505.44,678.47,NA,19000,92785,NA,16230,23,10
48113009102,48,113,009102,7832,3348,2729,1690,11,31,23,5461,2728,1711,980,11,23,8,823.7,1105.68,NA,19000,92785,NA,16230,23,30
48113009201,48,113,009201,4830,3283,698,805,17,21,6,3550,2626,420,474,17,10,3,535.46,718.76,NA,19000,92785,NA,16230,23,10
48113009202,48,113,009202,4397,2686,564,1105,19,13,10,3026,2055,318,625,12,9,7,456.42,612.67,NA,19000,92785,NA,16230,23,10
48113009301,48,113,009301,3194,1678,400,1088,13,10,5,2195,1325,238,612,10,8,2,331.08,444.42,NA,19000,92785,NA,16230,23,10
48113009303,48,113,009303,4317,620,1075,2579,5,13,25,2673,480,740,1421,5,8,19,403.18,541.2,NA,19000,92785,NA,16230,23,30
48113009304,48,113,009304,5110,460,3846,797,5,1,1,3212,373,2369,464,4,1,1,484.48,650.33,NA,19000,92785,NA,16230,23,30
48113009401,48,113,009401,3161,1981,126,1022,12,16,4,2486,1690,78,690,10,14,4,374.97,503.34,NA,19000,92785,NA,16230,21,8
48113009402,48,113,009402,2209,1875,12,285,11,22,4,1883,1629,7,224,6,15,2,284.02,381.25,NA,19000,92785,NA,16230,21,8
48113009603,48,113,009603,4744,4339,126,201,4,72,2,3806,3495,92,160,4,53,2,574.07,770.59,NA,19000,92785,NA,16230,21,8
48113009604,48,113,009604,4045,3468,304,191,8,72,2,3555,3097,239,150,7,60,2,536.21,719.77,NA,19000,92785,NA,16230,21,30
48113009605,48,113,009605,2774,1856,187,570,6,143,12,2235,1609,115,385,6,109,11,337.11,452.52,NA,19000,92785,NA,16230,18,8
48113009606,48,113,009606,5843,2855,557,2032,25,367,7,4558,2510,358,1383,20,283,4,687.5,922.85,NA,19000,92785,NA,16230,18,8
48113009607,48,113,009607,3114,2735,67,241,4,67,0,2593,2313,49,179,4,48,0,391.11,525,NA,19000,92785,NA,16230,21,8
48113009608,48,113,009608,4752,3338,727,487,9,187,4,3584,2722,391,326,8,135,2,540.59,725.65,NA,19000,92785,NA,16230,21,8
48113009609,48,113,009609,2982,2774,41,126,14,27,0,2453,2306,34,85,11,17,0,370,496.65,NA,19000,92785,NA,16230,21,8
48113009701,48,113,009701,3564,2359,149,950,27,68,11,2782,1942,102,663,18,51,6,419.62,563.27,NA,19000,92785,NA,16230,18,8
48113009702,48,113,009702,2994,2746,29,173,6,40,0,2468,2269,24,140,6,29,0,372.26,499.69,NA,19000,92785,NA,16230,21,8
48113009801,48,113,009801,7961,2089,2098,3568,36,161,9,5568,1801,1329,2285,28,123,2,839.84,1127.34,NA,19000,92785,NA,16230,23,30
48113009802,48,113,009802,4600,1461,624,2429,22,51,13,3462,1246,469,1679,17,41,10,522.19,700.94,NA,19000,92785,NA,16230,23,30
48113010101,48,113,010101,4242,10,3161,1065,1,0,5,3032,7,2404,618,1,0,2,457.33,613.88,NA,19000,93675,NA,16230,16,30
48113010102,48,113,010102,3649,104,255,3264,14,0,12,2212,79,176,1936,12,0,9,333.64,447.86,NA,19000,93675,NA,16230,16,24
48113010701,48,113,010701,2901,1007,21,1831,23,5,14,1926,828,16,1052,17,5,8,290.51,389.95,NA,19000,93675,NA,16230,16,24
48113010702,48,113,010702,5394,1297,1660,2172,27,220,18,3315,1030,871,1258,19,128,9,500.01,671.18,NA,19000,93675,NA,16230,16,30
48113010801,48,113,010801,5816,2138,1524,1628,55,466,5,3986,1767,900,982,35,298,4,601.22,807.04,NA,19000,93675,NA,16230,16,24
48113010802,48,113,010802,5806,1119,3468,1185,9,17,8,3722,984,1991,727,7,10,3,561.4,753.59,NA,19000,93675,NA,16230,16,30
48113010803,48,113,010803,6529,2432,3347,644,7,92,7,4783,2202,2104,413,5,57,2,721.44,968.4,NA,19000,93675,NA,16230,16,30
48113011001,48,113,011001,6887,1306,5363,164,16,33,5,5053,1219,3682,115,14,21,2,762.16,1023.07,NA,19000,93675,NA,16230,16,30
48113011002,48,113,011002,3216,807,2322,77,1,8,1,2496,762,1675,50,1,7,1,376.48,505.36,NA,19000,93675,NA,16230,16,30
48113011101,48,113,011101,4153,428,3673,42,5,5,0,2900,408,2454,29,4,5,0,437.42,587.16,NA,19000,93675,NA,16230,16,30
48113011103,48,113,011103,3518,849,2124,533,8,3,1,2458,728,1401,323,2,3,1,370.75,497.67,NA,19000,93675,NA,16230,16,30
48113011104,48,113,011104,3958,245,3552,158,2,0,1,2689,227,2341,118,2,0,1,405.59,544.44,NA,19000,93675,NA,16230,16,30
48113011105,48,113,011105,4587,195,4255,128,8,0,1,2835,173,2574,83,5,0,0,427.61,574,NA,19000,93675,NA,16230,16,30
48113011401,48,113,011401,3822,52,3690,71,4,5,0,2430,46,2336,41,3,4,0,366.53,492,NA,19000,93675,NA,16230,16,30
48113011402,48,113,011402,917,69,758,84,3,3,0,668,58,558,46,3,3,0,100.76,135.25,NA,19000,93675,NA,45960,23,30
48113011601,48,113,011601,4310,778,2649,861,13,3,6,2740,592,1639,496,8,1,4,413.28,554.76,NA,19000,92785,NA,16230,23,30
48113011602,48,113,011602,3440,2473,138,757,40,17,15,2418,1850,85,442,20,10,11,364.72,489.57,NA,19000,92785,NA,16230,23,10
48113012202,48,113,012202,8875,4362,3458,747,21,279,8,6529,3623,2246,464,12,180,4,984.79,1321.91,NA,19000,92785,NA,16230,23,10
48113012203,48,113,012203,4589,1669,2488,390,16,24,2,3203,1409,1501,263,13,16,1,483.12,648.51,NA,19000,92785,NA,16230,23,30
48113012204,48,113,012204,5143,4246,624,229,5,25,14,4211,3620,395,164,5,18,9,635.16,852.59,NA,19000,92785,NA,16230,23,30
48113012205,48,113,012205,7313,3184,2923,642,36,518,10,5489,2711,1927,462,25,359,5,827.93,1111.35,NA,19000,92785,NA,16230,23,30
48113012601,48,113,012601,4577,2550,770,456,12,786,3,3336,1974,533,296,10,520,3,503.18,675.43,NA,19000,92785,NA,16230,23,10
48113012602,48,113,012602,6216,4724,784,560,28,107,13,4999,3931,536,418,19,87,8,754.02,1012.14,NA,19000,92785,NA,16230,23,8
48113013004,48,113,013004,5705,5345,89,208,17,46,0,4490,4228,60,151,14,37,0,677.24,909.08,NA,19000,92785,NA,37020,21,8
48113013005,48,113,013005,5138,3913,481,568,28,141,7,3778,3049,251,360,18,96,4,569.85,764.92,NA,19000,92785,NA,37020,21,8
48113013006,48,113,013006,6404,4179,1231,779,24,184,7,5446,3731,938,598,23,150,6,821.44,1102.64,NA,19000,92785,NA,16230,21,10
48113013007,48,113,013007,2946,2459,208,200,12,65,2,2228,1900,132,140,10,44,2,336.06,451.1,NA,19000,92785,NA,37020,21,8
48113013008,48,113,013008,3101,2785,198,83,7,25,3,2398,2196,116,60,5,21,0,361.7,485.52,NA,19000,92785,NA,37020,21,8
48113013009,48,113,013009,4756,3540,808,307,13,82,6,3293,2569,447,199,9,65,4,496.7,666.73,NA,19000,92785,NA,37020,21,8
48113013101,48,113,013101,2648,2560,11,53,4,20,0,2173,2099,6,47,4,17,0,327.76,439.96,NA,19000,92785,NA,16230,21,30
48113013102,48,113,013102,1793,1743,2,26,8,14,0,1546,1507,1,22,5,11,0,233.19,313.02,NA,19000,92785,NA,16230,21,30
48113013103,48,113,013103,6570,5304,610,483,23,148,2,6173,5054,536,432,22,127,2,931.1,1249.84,NA,19000,92785,NA,16230,21,30
48113013401,48,113,013401,891,847,7,19,0,18,0,704,667,7,19,0,11,0,106.19,142.54,NA,19000,92785,NA,16230,21,8
48113013402,48,113,013402,1006,970,2,19,2,13,0,840,814,2,13,2,9,0,126.7,170.07,NA,19000,92785,NA,16230,21,8
48113013605,48,113,013605,5803,5325,69,152,14,241,2,4348,4027,41,105,10,164,1,655.83,880.33,NA,19000,92785,NA,37020,21,26
48113013606,48,113,013606,5137,4493,143,252,20,225,4,4255,3753,114,192,18,174,4,641.8,861.5,NA,19000,92785,NA,37020,21,26
48113013607,48,113,013607,3544,3271,57,99,5,112,0,2696,2514,36,66,4,76,0,406.65,545.85,NA,19000,92785,NA,37020,21,26
48113013608,48,113,013608,2547,2407,23,68,5,44,0,2021,1915,12,53,4,37,0,304.84,409.19,NA,19000,92785,NA,37020,21,26
48113013609,48,113,013609,3959,2667,507,382,27,367,9,2913,2030,312,272,17,277,5,439.38,589.79,NA,19000,92785,NA,37020,21,26
48113013610,48,113,013610,4409,3486,273,495,14,136,5,3398,2743,200,350,9,95,1,512.53,687.99,NA,19000,92785,NA,37020,21,26
48113013611,48,113,013611,1307,1218,16,28,3,42,0,1078,1017,11,20,3,27,0,162.6,218.26,NA,19000,92785,NA,16230,21,26
48113013612,48,113,013612,5119,4390,295,265,15,150,4,4854,4211,259,235,15,130,4,732.15,982.78,NA,19000,92785,NA,16230,21,26
48113013613,48,113,013613,5367,4321,423,409,26,184,4,5090,4145,379,373,26,163,4,767.74,1030.56,NA,19000,92785,NA,16230,21,26
48113013614,48,113,013614,4610,2493,726,1227,12,138,14,4006,2345,572,950,11,117,11,604.24,811.09,NA,19000,92785,NA,16230,21,30
48113013615,48,113,013615,5024,2177,1051,1558,24,202,12,4081,2018,762,1104,18,172,7,615.55,826.27,NA,19000,92785,NA,16230,21,30
48113013616,48,113,013616,2022,1557,140,259,2,62,2,1869,1480,119,216,2,52,0,281.91,378.41,NA,1240,92785,NA,16230,21,26
48113013617,48,113,013617,3216,2885,96,127,3,103,2,2436,2194,70,95,3,72,2,367.43,493.21,NA,19000,92785,NA,37020,21,26
48113013618,48,113,013618,2412,2211,31,48,4,116,2,1800,1650,26,39,3,82,0,271.5,364.44,NA,19000,92785,NA,37020,21,26
48113013619,48,113,013619,5851,5361,80,131,4,275,0,4173,3846,58,96,2,171,0,629.43,844.9,NA,19000,92785,NA,37020,21,26
48113013701,48,113,013701,5024,2379,213,2208,19,200,5,3325,1783,116,1287,16,119,4,501.52,673.21,NA,25452,92785,NA,13050,18,26
48113013702,48,113,013702,8191,4753,355,2418,45,612,8,5865,3664,217,1543,29,405,7,884.64,1187.48,NA,13024,92785,NA,13050,18,26
48113013704,48,113,013704,2812,2118,305,250,14,122,3,2441,1900,233,197,10,98,3,368.19,494.22,NA,1240,92785,NA,16230,21,26
48113013705,48,113,013705,1,1,0,0,0,0,0,1,1,0,0,0,0,0,0.15,0.2,NA,25452,92785,NA,16230,21,30
48113013707,48,113,013707,9620,6089,397,2095,37,999,3,6822,4597,240,1294,27,664,0,1028.99,1381.24,NA,13024,92785,NA,13050,18,26
48113013708,48,113,013708,7440,5949,421,616,21,423,10,5468,4473,274,426,17,272,6,824.76,1107.1,NA,13024,92785,NA,13050,18,26
48113013709,48,113,013709,7147,5995,385,336,25,405,1,5304,4518,253,237,17,279,0,800.02,1073.89,NA,13024,92785,NA,13050,21,26
48113013710,48,113,013710,7449,6251,452,441,33,263,9,6039,5178,324,312,30,187,8,910.89,1222.7,NA,13024,92785,NA,13050,21,26
48113013801,48,113,013801,4530,2515,681,927,23,378,6,3566,2119,489,649,17,292,0,537.87,722,NA,25452,92785,NA,13050,21,30
48113013802,48,113,013802,8480,7489,186,616,25,161,3,6912,6197,139,437,20,116,3,1042.56,1399.46,NA,25452,92785,NA,16230,21,26
48113014001,48,113,014001,3561,2828,121,522,13,76,1,2795,2294,76,358,10,56,1,421.58,565.9,NA,25452,92785,NA,13050,18,26
48113014002,48,113,014002,325,237,2,67,11,8,0,269,210,2,43,9,5,0,40.57,54.46,NA,25452,92785,NA,13050,16,26
48113014101,48,113,014101,690,593,9,84,1,2,1,480,419,6,51,1,2,1,72.4,97.18,NA,16612,93675,NA,15210,21,26
48113014103,48,113,014103,2587,1220,771,388,8,198,2,1973,952,570,300,7,143,1,297.6,399.47,NA,37000,93675,NA,13050,16,30
48113014105,48,113,014105,582,530,9,26,0,17,0,431,396,6,14,0,15,0,65.01,87.26,NA,16612,93675,NA,15210,16,11
48113014107,48,113,014107,8448,7311,185,409,32,511,0,5652,4952,112,248,23,317,0,852.51,1144.35,NA,16612,93675,NA,15210,16,26
48113014108,48,113,014108,5055,4251,137,372,14,280,1,3676,3134,99,244,11,188,0,554.47,744.27,NA,16612,93675,NA,15210,16,26
48113014109,48,113,014109,3486,2956,199,176,12,143,0,3135,2697,177,147,11,103,0,472.86,634.74,NA,37000,93675,NA,15210,16,11
48113014110,48,113,014110,2579,2278,134,116,8,42,1,2440,2167,120,110,8,34,1,368.03,494.02,NA,37000,93675,NA,13050,16,26
48113014111,48,113,014111,3491,2949,168,186,15,172,1,3141,2670,148,160,14,148,1,473.77,635.95,NA,37000,93675,NA,13050,16,26
48113014112,48,113,014112,4154,3031,629,270,20,199,5,3329,2466,500,202,15,143,3,502.13,674.02,NA,37000,93675,NA,24420,16,30
48113014113,48,113,014113,3962,2615,658,441,18,226,4,3197,2193,491,324,12,175,2,482.22,647.29,NA,37000,93675,NA,24420,16,26
48113014114,48,113,014114,2291,1385,500,245,24,136,1,2090,1282,431,227,22,127,1,315.24,423.16,NA,37000,93675,NA,24420,16,30
48113014115,48,113,014115,6362,5099,455,490,35,281,2,4631,3824,267,317,24,199,0,698.51,937.63,NA,37000,93675,NA,24420,16,26
48113014116,48,113,014116,4048,2884,511,406,16,225,6,3452,2514,421,320,13,180,4,520.68,698.92,NA,37000,93675,NA,24420,16,26
48113014197,48,113,014197,9,8,0,1,0,0,0,7,6,0,1,0,0,0,1.06,1.42,NA,16612,93675,NA,21660,16,11
48113014198,48,113,014198,2645,2360,39,150,3,89,4,1778,1602,27,86,3,60,0,268.18,359.99,NA,16612,93675,NA,15210,16,11
48113014201,48,113,014201,1714,1554,19,48,4,89,0,1449,1334,14,37,4,60,0,218.56,293.38,NA,37000,93675,NA,24420,16,26
48113014202,48,113,014202,5593,4054,284,686,34,532,3,4323,3248,181,455,27,409,3,652.05,875.27,NA,37000,93675,NA,24420,16,26
48113014302,48,113,014302,6390,4977,248,1020,26,112,7,4811,3829,167,704,22,85,4,725.66,974.07,NA,37000,93675,NA,24420,16,26
48113014303,48,113,014303,7960,5481,611,1296,17,547,8,6077,4393,398,877,14,389,6,916.62,1230.4,NA,37000,93675,NA,24420,16,26
48113014304,48,113,014304,4573,3855,176,283,14,240,5,4079,3469,155,244,14,192,5,615.25,825.87,NA,37000,93675,NA,24420,16,26
48113014305,48,113,014305,6520,4143,997,919,37,419,5,5058,3383,671,658,26,317,3,762.92,1024.08,NA,37000,93675,NA,24420,16,26
48113014306,48,113,014306,4792,3716,254,682,27,108,5,3522,2824,158,444,18,75,3,531.24,713.09,NA,37000,93675,NA,24420,16,26
48113014402,48,113,014402,7229,4923,285,1813,56,146,6,5401,3806,195,1247,43,106,4,814.65,1093.53,NA,37000,93675,NA,24420,16,26
48113014403,48,113,014403,3678,2430,589,411,4,236,8,3007,2064,450,299,4,185,5,453.56,608.82,NA,37000,93675,NA,24420,16,26
48113014404,48,113,014404,6763,4791,959,646,32,326,9,5509,3962,761,485,30,264,7,830.94,1115.4,NA,37000,93675,NA,24420,16,26
48113014801,48,113,014801,1141,873,20,210,14,23,1,883,697,13,143,8,21,1,133.19,178.78,NA,37000,93675,NA,24420,23,26
48113014802,48,113,014802,1308,773,13,459,6,51,6,932,613,7,271,5,32,4,140.58,188.7,NA,37000,93675,NA,24420,23,30
48113015202,48,113,015202,2929,2093,150,630,23,27,6,2169,1610,95,426,13,22,3,327.16,439.15,NA,37000,93675,NA,24420,16,26
48113015203,48,113,015203,7100,5156,285,1383,57,215,4,4912,3733,168,834,38,138,1,740.9,994.52,NA,37000,93675,NA,24420,16,26
48113015204,48,113,015204,6528,5314,163,659,28,355,9,4594,3796,101,436,20,235,6,692.93,930.14,NA,37000,93675,NA,24420,16,26
48113015301,48,113,015301,4036,3388,243,315,25,58,7,3036,2597,176,199,18,43,3,457.93,614.69,NA,30464,93675,NA,24420,16,30
48113015302,48,113,015302,7317,5994,233,788,47,248,7,5203,4363,132,507,32,166,3,784.79,1053.44,NA,37000,93675,NA,24420,16,26
48113015401,48,113,015401,4701,4110,225,241,16,108,1,3738,3296,178,179,12,73,0,563.82,756.83,NA,30464,93675,NA,21420,16,11
48113015402,48,113,015402,6187,3736,625,1686,60,73,7,4473,2965,401,1015,41,45,6,674.68,905.64,NA,30464,93675,NA,21420,16,30
48113016401,48,113,016401,3247,2217,357,459,18,193,3,2219,1572,236,268,12,128,3,334.7,449.28,NA,30464,93675,NA,21420,16,24
48113016402,48,113,016402,9724,6114,940,2196,88,375,11,6652,4366,567,1390,60,264,5,1003.35,1346.82,NA,30464,93675,NA,21420,16,24
48113016403,48,113,016403,7944,5554,764,1247,41,330,8,5383,3914,468,765,31,199,6,811.94,1089.89,NA,30464,93675,NA,21420,16,24
48113016404,48,113,016404,2394,1943,159,175,5,106,6,1622,1346,102,99,4,68,3,244.65,328.4,NA,30464,93675,NA,21420,16,11
48113016405,48,113,016405,7013,5452,572,794,38,156,1,4448,3500,334,485,26,103,0,670.91,900.58,NA,30464,93675,NA,21420,16,11
48113016501,48,113,016501,4953,2804,1462,400,29,256,2,3506,2188,873,237,22,185,1,528.82,709.85,NA,19000,93675,NA,17640,16,24
48113016502,48,113,016502,5938,4660,588,563,23,103,1,4258,3487,361,328,19,63,0,642.25,862.11,NA,21628,93675,NA,17640,16,24
48113016505,48,113,016505,7729,6518,611,468,21,111,0,5381,4619,399,265,18,80,0,811.64,1089.48,NA,13492,93675,NA,13230,16,24
48113016508,48,113,016508,8635,6767,1128,555,16,159,10,6114,5003,670,313,12,109,7,922.2,1237.89,NA,21628,93675,NA,17640,16,24
48113016509,48,113,016509,4852,4196,324,229,31,71,1,3453,3035,205,146,20,46,1,520.83,699.12,NA,21628,93675,NA,17640,16,24
48113016510,48,113,016510,5144,3095,1451,462,9,119,8,3276,2075,835,267,6,86,7,494.13,663.29,NA,19000,93675,NA,17640,16,24
48113016511,48,113,016511,3596,1777,1260,400,23,129,7,2281,1209,754,218,19,80,1,344.05,461.83,NA,19000,93675,NA,13230,16,24
48113016512,48,113,016512,7255,6141,539,424,24,118,9,5212,4531,311,266,19,82,3,786.15,1055.26,NA,21628,93675,NA,17640,16,24
48113016513,48,113,016513,4564,3901,322,154,11,175,1,3201,2770,203,106,9,112,1,482.82,648.1,NA,21628,93675,NA,17640,16,24
48113016604,48,113,016604,11237,7888,2030,1066,43,208,2,7255,5284,1192,614,29,136,0,1094.3,1468.91,NA,13492,93675,NA,13230,16,24
48113016605,48,113,016605,2290,1138,269,855,17,5,6,1609,870,229,490,9,5,6,242.69,325.77,NA,19000,93675,NA,16230,16,30
48113016606,48,113,016606,5334,3477,1210,491,19,128,9,3703,2466,822,307,15,88,5,558.54,749.74,NA,21628,93675,NA,17640,16,30
48113016607,48,113,016607,3276,352,2728,172,5,18,1,2443,303,1986,132,5,16,1,368.49,494.63,NA,19000,93675,NA,16230,16,30
48113016608,48,113,016608,6808,5516,938,255,26,72,1,4876,4081,579,154,15,47,0,735.47,987.23,NA,20092,93675,NA,16860,16,30
48113016609,48,113,016609,7533,5777,1242,416,17,74,7,5339,4250,773,246,14,53,3,805.3,1080.98,NA,20092,93675,NA,16860,16,30
48113016610,48,113,016610,4493,2194,2056,181,12,45,5,3177,1677,1337,117,10,33,3,479.2,643.24,NA,20092,93675,NA,16860,16,30
48113016611,48,113,016611,3472,2792,502,133,17,28,0,2524,2091,315,87,13,18,0,380.7,511.03,NA,20092,93675,NA,16860,16,24
48113016612,48,113,016612,5083,3725,948,314,4,91,1,3394,2557,581,192,3,61,0,511.93,687.18,NA,20092,93675,NA,16860,16,24
48113016613,48,113,016613,6130,4872,797,410,37,9,5,4176,3398,504,231,30,9,4,629.88,845.51,NA,29840,93675,NA,16860,16,30
48113016701,48,113,016701,6104,52,5958,81,9,3,1,4207,44,4111,43,6,2,1,634.56,851.78,NA,19000,93675,NA,45960,16,30
48113016702,48,113,016702,11870,5674,4690,1362,58,73,13,8005,4252,2816,833,44,52,8,1207.43,1620.76,NA,41212,93675,NA,26670,23,30
48113016801,48,113,016801,8479,6176,1871,361,31,35,5,6074,4623,1189,211,21,27,3,916.16,1229.79,NA,41212,93675,NA,26670,23,30
48113016802,48,113,016802,2154,1941,75,120,15,3,0,1581,1448,50,68,13,2,0,238.47,320.1,NA,41212,93675,NA,26670,23,24
48113016901,48,113,016901,4209,28,4136,36,7,2,0,2893,13,2859,15,5,1,0,436.36,585.74,NA,19000,93675,NA,45960,23,30
48113016902,48,113,016902,2854,1238,1069,504,12,31,0,1925,964,654,280,8,19,0,290.36,389.75,NA,35612,93675,NA,45960,23,10
48113016903,48,113,016903,3568,1888,704,923,26,12,15,2417,1440,430,512,14,10,11,364.57,489.37,NA,79576,93675,NA,45960,23,24
48113016904,48,113,016904,395,212,163,19,1,0,0,319,184,121,13,1,0,0,48.12,64.59,NA,41212,93675,NA,26670,23,24
48113017001,48,113,017001,6066,4533,709,779,29,13,3,4584,3376,536,636,23,11,2,691.42,928.11,NA,66428,92785,NA,16230,23,10
48113017002,48,113,017002,10260,9062,218,891,48,38,3,6886,6162,152,504,39,28,1,1038.64,1394.2,NA,66428,92785,NA,16230,23,10
48113017201,48,113,017201,4789,3469,656,587,27,49,1,3257,2440,411,354,20,31,1,491.27,659.44,NA,5372,92785,NA,30390,23,10
48113017202,48,113,017202,5489,3971,516,871,36,84,11,3757,2810,324,542,25,51,5,566.68,760.67,NA,5372,92785,NA,30390,23,10
48113017301,48,113,017301,4662,3902,209,505,33,13,0,3009,2593,100,280,24,12,0,453.86,609.23,NA,5372,92785,NA,30390,23,10
48113017302,48,113,017302,10405,8919,443,831,32,169,11,6945,6061,285,469,24,99,7,1047.54,1406.14,NA,47892,92785,NA,30390,23,8
48113017601,48,113,017601,9231,6354,1323,1219,42,278,15,6007,4320,783,692,27,175,10,906.06,1216.23,NA,47892,92785,NA,30390,23,10
48113017602,48,113,017602,3262,2851,77,307,17,10,0,2230,1981,39,190,14,6,0,336.36,451.5,NA,47892,92785,NA,30390,23,10
48113017701,48,113,017701,8994,7485,468,918,44,72,7,6129,5291,205,555,31,42,5,924.46,1240.93,NA,47892,92785,NA,30390,23,10
48113017702,48,113,017702,5544,4590,425,361,24,135,9,3715,3166,229,212,19,85,4,560.35,752.17,NA,47892,92785,NA,30390,23,10
48113017804,48,113,017804,5358,4352,235,668,29,68,6,4120,3446,160,442,21,48,3,621.44,834.17,NA,47892,92785,NA,30390,23,8
48113017805,48,113,017805,5582,4261,627,566,26,100,2,3714,2941,359,330,18,65,1,560.2,751.97,NA,47892,92785,NA,30390,23,10
48113017806,48,113,017806,4493,3722,253,448,23,44,3,3050,2603,133,267,13,31,3,460.04,617.53,NA,47892,92785,NA,30390,23,10
48113017807,48,113,017807,5132,4157,404,439,13,118,1,3952,3261,305,305,12,68,1,596.1,800.15,NA,47892,92785,NA,30390,23,8
48113017808,48,113,017808,3529,3026,165,197,12,127,2,2457,2123,117,125,9,82,1,370.6,497.46,NA,47892,92785,NA,30390,23,8
48113017809,48,113,017809,7144,5663,307,434,55,683,2,4570,3665,193,262,28,420,2,689.31,925.28,NA,47892,92785,41880,30390,23,8
48113017810,48,113,017810,9026,7067,636,751,46,521,5,6255,4959,429,502,35,327,3,943.47,1266.44,NA,47892,92785,41880,30390,23,8
48113018104,48,113,018104,3467,3057,130,204,21,54,1,2425,2176,84,116,13,35,1,365.77,490.99,NA,71156,92785,41880,30390,23,9
48113018105,48,113,018105,5297,3500,932,748,37,77,3,3473,2395,571,434,19,54,0,523.85,703.17,NA,29000,92785,NA,20340,23,10
48113018106,48,113,018106,6418,4769,767,628,34,208,12,4212,3214,447,382,26,136,7,635.31,852.8,NA,29000,92785,NA,20340,23,8
48113018107,48,113,018107,9298,7817,548,650,43,232,8,6112,5210,321,391,32,155,3,921.9,1237.48,NA,64064,92785,NA,20340,21,8
48113018108,48,113,018108,8722,7674,412,494,33,107,2,5818,5204,249,282,18,64,1,877.55,1177.96,NA,63572,92785,NA,20340,21,8
48113018110,48,113,018110,4857,4582,89,123,12,50,1,3506,3324,56,85,8,32,1,528.82,709.85,NA,29000,92785,NA,20340,21,8
48113018111,48,113,018111,5193,4080,407,554,24,117,11,3529,2853,240,344,13,75,4,532.29,714.51,NA,29000,92785,NA,20340,21,8
48113018112,48,113,018112,8982,7544,508,683,34,203,10,6320,5434,297,429,21,134,5,953.27,1279.6,NA,29000,92785,NA,20340,21,8
48113018113,48,113,018113,11568,9064,1252,893,51,303,5,8128,6614,727,558,33,193,3,1225.98,1645.66,NA,29000,92785,NA,30390,21,8
48113018115,48,113,018115,10358,8385,770,674,59,444,26,7321,6041,512,422,45,284,17,1104.25,1482.27,NA,29000,92785,41880,20340,23,9
48113018116,48,113,018116,5940,4956,285,592,27,80,0,4020,3432,175,343,16,54,0,606.35,813.92,NA,63572,92785,NA,20340,21,8
48113018117,48,113,018117,6000,5264,412,215,17,88,4,4031,3570,263,126,15,56,1,608.01,816.15,NA,63572,92785,NA,20340,21,8
48113018118,48,113,018118,4729,3682,524,425,15,77,6,3182,2559,298,257,11,55,2,479.95,644.25,NA,29000,92785,NA,20340,21,8
48113018119,48,113,018119,4219,3562,338,238,18,58,5,3254,2798,236,157,17,43,3,490.81,658.83,NA,29000,92785,NA,20340,21,8
48113018201,48,113,018201,7854,1908,2712,3089,30,98,17,4888,1315,1773,1700,23,66,11,737.28,989.66,NA,29000,92785,NA,20340,23,10
48113018202,48,113,018202,6848,4493,686,1435,44,169,21,4741,3321,389,868,32,120,11,715.1,959.9,NA,29000,92785,NA,20340,23,8
48113018401,48,113,018401,4220,3154,375,641,13,32,5,3092,2420,220,415,11,24,2,466.38,626.03,NA,29000,92785,NA,20340,23,10
48113018402,48,113,018402,3814,3474,99,192,18,30,1,2969,2767,54,114,14,19,1,447.83,601.13,NA,29000,92785,NA,20340,23,8
48113018403,48,113,018403,2478,1679,388,363,10,34,4,1859,1304,261,253,9,30,2,280.4,376.39,NA,29000,92785,NA,20340,23,10
48113018501,48,113,018501,3021,2540,100,355,11,13,2,2277,1979,57,220,9,10,2,343.45,461.02,NA,29000,92785,NA,20340,23,10
48113018503,48,113,018503,3846,2123,1231,369,8,111,4,3259,1949,940,277,7,82,4,491.57,659.84,NA,19000,92785,NA,37020,21,30
48113018504,48,113,018504,3955,2963,574,224,7,186,1,3688,2816,501,200,7,163,1,556.28,746.7,NA,19000,92785,NA,37020,21,8
48113018801,48,113,018801,3818,2914,219,506,21,157,1,2763,2219,123,308,15,97,1,416.75,559.42,NA,29000,92785,NA,20340,23,10
48113018802,48,113,018802,767,483,96,183,1,3,1,562,387,70,101,1,2,1,84.77,113.79,NA,29000,92785,NA,20340,23,10
48113019004,48,113,019004,5849,4842,296,366,24,320,1,4332,3647,199,248,19,218,1,653.41,877.09,NA,29000,92785,NA,37020,21,8
48113019007,48,113,019007,9900,8101,707,448,35,598,11,6782,5642,451,279,20,383,7,1022.96,1373.14,NA,29000,92785,NA,20340,21,8
48113019008,48,113,019008,11482,8731,992,713,35,991,20,8062,6303,601,434,25,688,11,1216.02,1632.3,NA,29000,92785,NA,20340,21,8
48113019009,48,113,019009,10675,9109,518,406,30,609,3,7198,6216,300,252,19,410,1,1085.7,1457.37,NA,29000,92785,NA,37020,21,8
48113019010,48,113,019010,6643,5148,434,402,35,617,7,4613,3667,253,256,24,408,5,695.8,933.99,NA,61796,92785,NA,37020,21,30
48113019012,48,113,019012,4787,3895,390,217,8,276,1,3540,2944,261,144,8,183,0,533.95,716.74,NA,61796,92785,NA,37020,21,30
48113019013,48,113,019013,4501,1396,560,1778,28,712,27,2919,1010,311,1095,17,470,16,440.28,591,NA,29000,92785,NA,20340,23,10
48113019014,48,113,019014,6217,4373,523,476,27,805,13,4324,3208,305,270,19,520,2,652.21,875.47,NA,29000,92785,NA,20340,23,8
48113019015,48,113,019015,6895,4735,532,1000,36,567,25,4941,3546,301,676,26,374,18,745.27,1000.39,NA,29000,92785,NA,20340,23,8
48113019016,48,113,019016,2559,1675,594,144,12,129,5,2102,1439,427,114,11,107,4,317.05,425.59,NA,19000,92785,NA,37020,21,30
48113019017,48,113,019017,7157,5124,1234,354,22,412,11,5852,4277,954,277,20,314,10,882.68,1184.84,NA,19000,92785,NA,37020,21,8
48113019018,48,113,019018,4597,3333,646,192,28,393,5,3351,2543,379,143,19,266,1,505.44,678.47,NA,19000,92785,NA,37020,21,8
48113019019,48,113,019019,5989,3353,1033,337,24,1234,8,4486,2729,688,241,18,808,2,676.64,908.27,NA,19000,92785,NA,37020,21,30
48113019020,48,113,019020,4555,3710,188,217,16,424,0,3612,2975,146,170,16,305,0,544.81,731.31,NA,29000,92785,NA,20340,21,8
48113019021,48,113,019021,6689,5352,415,485,25,408,4,4636,3792,262,294,16,269,3,699.27,938.64,NA,29000,92785,NA,20340,21,8
48113019022,48,113,019022,7124,5785,267,311,17,744,0,4787,3944,168,198,12,465,0,722.04,969.21,NA,61796,92785,NA,37020,21,8
48113019023,48,113,019023,4942,4342,98,125,16,359,2,3457,3074,60,81,10,232,0,521.43,699.93,NA,61796,92785,NA,37020,21,8
48113019024,48,113,019024,4403,3446,221,177,10,544,5,3070,2464,139,114,4,349,0,463.06,621.58,NA,61796,92785,NA,37020,21,8
48113019202,48,113,019202,4209,3554,274,248,11,122,0,3181,2738,170,178,10,85,0,479.8,644.05,NA,61796,92785,NA,37020,21,26
48113019203,48,113,019203,4045,3791,51,106,12,85,0,3165,2987,35,69,12,62,0,477.39,640.81,NA,61796,92785,NA,37020,21,26
48113019204,48,113,019204,6757,4558,998,579,21,597,4,4851,3477,565,387,19,401,2,731.7,982.17,NA,61796,92785,NA,37020,21,26
48113019205,48,113,019205,3428,3174,13,62,8,169,2,2625,2461,6,41,7,110,0,395.94,531.48,NA,61796,92785,NA,37020,21,26
48113019206,48,113,019206,4411,3974,65,150,13,203,6,3366,3059,44,92,11,156,4,507.71,681.51,NA,61796,92785,NA,37020,21,26
48113019208,48,113,019208,5389,2203,804,2125,23,224,10,4024,1856,551,1431,16,162,8,606.96,814.73,NA,19000,92785,NA,37020,21,26
48113019209,48,113,019209,5750,1635,1326,2292,30,442,25,4113,1319,871,1533,17,360,13,620.38,832.75,NA,19000,92785,NA,37020,21,8
48113019210,48,113,019210,4027,3849,14,103,3,58,0,3048,2930,6,73,3,36,0,459.74,617.12,NA,61796,92785,NA,37020,21,26
48113019211,48,113,019211,4666,4188,131,202,27,116,2,3562,3244,78,140,19,81,0,537.27,721.19,NA,61796,92785,NA,37020,21,26
48113019301,48,113,019301,2463,2424,2,23,2,12,0,1756,1722,2,20,2,10,0,264.86,355.53,NA,74492,92785,NA,23250,21,8
48113019302,48,113,019302,5991,5102,219,268,11,388,3,5448,4652,196,244,10,343,3,821.74,1103.05,NA,74492,92785,NA,23250,21,8
48113019501,48,113,019501,6002,5861,8,106,3,24,0,4222,4128,6,71,3,14,0,636.82,854.82,NA,74492,92785,NA,23250,21,8
48113019502,48,113,019502,4231,4093,14,105,4,15,0,3377,3266,11,85,4,11,0,509.37,683.73,NA,74492,92785,NA,23250,21,8
48113020198,48,113,020198,94,79,4,10,0,1,0,88,74,4,9,0,1,0,13.27,17.82,NA,19000,92785,NA,37020,21,26
48113020298,48,113,020298,130,129,0,1,0,0,0,95,94,0,1,0,0,0,14.33,19.23,NA,61796,92785,NA,37020,21,26
48113020398,48,113,020398,0,0,0,0,0,0,0,0,0,0,0,0,0,0,0,0,NA,61796,92785,NA,37020,21,8
48115009501,48,115,009501,520,341,5,174,0,0,0,351,257,2,92,0,0,0,57.66,103.58,NA,53436,92110,NA,26610,10,17
48115009502,48,115,009502,575,348,0,226,0,0,1,402,254,0,147,0,0,1,66.04,118.63,NA,NA,92115,NA,16350,10,17
48115009504,48,115,009504,6870,4012,202,2632,7,3,14,4810,3194,122,1476,7,3,8,790.14,1419.41,NA,41164,92105,NA,26610,10,17
48115009505,48,115,009505,5029,1898,397,2712,3,16,3,3316,1446,268,1589,3,8,2,544.72,978.54,NA,41164,92105,NA,26610,10,17
48115009506,48,115,009506,785,551,1,229,4,0,0,540,402,1,135,2,0,0,88.71,159.35,NA,1108,92120,NA,39120,10,17
48115009507,48,115,009507,570,419,3,147,0,0,1,388,288,2,97,0,0,1,63.74,114.5,NA,NA,92125,NA,25790,10,17
48117009501,48,117,009501,3074,1637,4,1425,3,5,0,1977,1165,4,802,3,3,0,248.66,527.81,NA,33320,91785,45840,23010,10,19
48117009502,48,117,009502,1175,944,3,222,5,1,0,754,623,2,125,3,1,0,94.84,201.3,NA,NA,91790,44370,23010,10,19
48117009503,48,117,009503,5563,3360,105,2065,14,1,18,3703,2469,69,1144,8,0,13,465.75,988.6,NA,33320,91785,NA,23010,10,19
48117009504,48,117,009504,5485,2542,139,2782,7,11,4,3581,1927,80,1556,7,7,4,450.41,956.03,NA,33320,91785,NA,23010,10,19
48117009505,48,117,009505,3856,934,36,2862,4,14,6,2372,715,27,1614,4,8,4,298.34,633.26,NA,33320,91785,NA,23010,10,19
48119009501,48,119,009501,2503,2357,87,37,20,2,0,1918,1820,59,21,16,2,0,485.23,374.22,NA,56468,90840,NA,15150,11,6
48119009502,48,119,009502,2354,1987,313,30,19,5,0,1762,1529,203,15,11,4,0,445.77,343.78,NA,16564,90840,NA,15150,11,6
48121000202,48,121,000202,10653,9789,150,619,78,16,1,7411,6875,96,373,54,12,1,792.34,1463.88,NA,65408,93425,NA,39180,18,9
48121000207,48,121,000207,3357,2423,287,273,12,358,4,2996,2201,239,224,11,319,2,320.31,591.8,NA,19972,91010,NA,16740,18,13
48121000208,48,121,000208,3157,2587,190,302,18,49,11,2452,2039,163,199,10,34,7,262.15,484.34,NA,19972,91010,NA,16740,18,13
48121000209,48,121,000209,3296,2051,454,508,13,268,2,2848,1874,357,366,11,238,2,304.49,562.56,NA,19972,91010,NA,16740,18,13
48121000210,48,121,000210,5739,4406,462,532,30,304,5,5217,4097,408,409,26,273,4,557.77,1030.51,NA,19972,91010,NA,16740,18,13
48121000211,48,121,000211,2591,1880,212,380,8,106,5,2371,1788,185,287,7,100,4,253.49,468.34,NA,19972,91010,NA,16740,18,13
48121000212,48,121,000212,4818,2318,1859,590,15,26,10,3649,2001,1280,331,12,22,3,390.13,720.78,NA,19972,91010,NA,16740,18,13
48121020101,48,121,020101,7502,6886,167,404,33,4,8,5339,4928,109,266,27,3,6,570.81,1054.6,NA,57476,93035,NA,34920,18,9
48121020102,48,121,020102,4094,3613,30,388,43,19,1,2845,2549,17,227,37,14,1,304.17,561.97,NA,43012,93035,NA,27720,18,26
48121020301,48,121,020301,4866,4542,11,266,20,27,0,3428,3249,11,137,16,15,0,366.5,677.13,NA,38332,91970,08670,33180,18,26
48121020302,48,121,020302,12835,12003,129,477,121,101,4,9236,8711,87,290,79,67,2,987.46,1824.37,NA,62504,91970,08670,33180,18,26
48121020401,48,121,020401,2545,2080,212,168,9,72,4,1911,1598,146,119,6,40,2,204.31,377.48,NA,19972,91010,NA,16740,18,9
48121020402,48,121,020402,4005,3657,103,148,15,81,1,3146,2910,69,97,11,58,1,336.35,621.42,NA,19972,91010,NA,16740,18,9
48121020403,48,121,020403,3622,3256,56,234,11,63,2,2888,2642,37,157,8,43,1,308.77,570.46,NA,19972,91010,NA,16740,18,13
48121020501,48,121,020501,6175,5112,476,467,37,77,6,4599,3888,318,309,24,58,2,491.7,908.43,NA,19972,91010,NA,16740,18,9
48121020502,48,121,020502,7215,6695,148,287,32,52,1,5239,4907,88,182,24,37,1,560.12,1034.85,NA,19972,91010,NA,16740,18,9
48121020601,48,121,020601,4108,2708,710,572,8,107,3,3332,2226,571,426,7,99,3,356.24,658.17,NA,19972,91010,NA,16740,18,13
48121020602,48,121,020602,6073,4530,481,992,20,47,3,4217,3277,282,604,15,36,3,450.86,832.98,NA,19972,91010,NA,16740,18,13
48121021301,48,121,021301,2077,1745,134,154,3,41,0,1867,1611,105,111,3,37,0,199.61,368.79,NA,19972,91010,NA,16740,18,26
48121021302,48,121,021302,7643,6749,361,313,35,179,6,6177,5493,290,239,25,125,5,660.41,1220.13,NA,19972,91010,NA,16740,18,26
48121021401,48,121,021401,5547,5049,99,321,45,30,3,3869,3578,60,184,28,18,1,413.65,764.24,NA,19972,92185,NA,16740,18,9
48121021402,48,121,021402,4332,4089,67,140,19,17,0,3032,2878,41,86,13,14,0,324.16,598.91,NA,16696,92185,NA,16740,18,26
48121021403,48,121,021403,5645,5295,49,239,40,17,5,4062,3848,34,138,27,12,3,434.29,802.36,NA,40516,92185,NA,26430,18,26
48121021502,48,121,021502,3479,3040,96,289,31,22,1,2573,2288,65,179,25,15,1,275.09,508.24,NA,42508,92185,NA,27300,18,26
48121021504,48,121,021504,7012,6700,53,181,16,60,2,4781,4580,36,108,15,41,1,511.16,944.38,NA,33848,92185,08670,27300,18,26
48121021505,48,121,021505,3323,3013,86,173,18,29,4,2223,2037,60,96,10,19,1,237.67,439.11,NA,42508,92185,NA,27300,18,26
48121021506,48,121,021506,6888,5807,211,688,43,126,13,4505,3858,141,397,30,74,5,481.65,889.87,NA,72530,90790,NA,27300,18,26
48121021507,48,121,021507,16665,14076,818,1390,91,261,29,10382,8895,466,779,57,174,11,1109.98,2050.74,NA,72530,90790,NA,27300,18,26
48121021601,48,121,021601,4564,3392,267,857,27,15,6,3434,2601,190,603,24,12,4,367.14,678.31,NA,42508,92185,NA,27300,18,26
48121021603,48,121,021603,4757,4192,147,207,24,185,2,3208,2864,83,131,15,115,0,342.98,633.67,NA,13024,91755,NA,27300,18,26
48121021604,48,121,021604,5247,4421,307,254,14,243,8,3895,3306,218,190,12,167,2,416.43,769.37,NA,13024,91755,NA,27300,18,26
48121021605,48,121,021605,4274,3612,196,280,20,164,2,2939,2510,131,183,11,102,2,314.22,580.54,NA,13024,91755,NA,13050,18,26
48121021606,48,121,021606,7328,6490,259,271,17,287,4,5240,4652,175,212,14,185,2,560.23,1035.05,NA,13024,91755,NA,27300,18,26
48121021607,48,121,021607,8066,6239,534,529,38,714,12,5659,4456,366,346,28,455,8,605.03,1117.81,NA,13024,91755,NA,13050,18,26
48121021608,48,121,021608,8508,6800,269,698,39,698,4,5888,4772,171,465,28,451,1,629.51,1163.05,NA,13024,91755,NA,13050,18,26
48121021609,48,121,021609,9506,7786,623,549,20,519,9,7448,6225,438,424,18,336,7,796.3,1471.19,NA,19000,91755,NA,13050,18,26
48121021610,48,121,021610,6870,5903,442,366,26,129,4,6554,5680,401,329,24,117,3,700.72,1294.6,NA,19000,91755,NA,13050,18,26
48121021611,48,121,021611,3998,3302,174,239,14,262,7,2816,2345,125,156,10,176,4,301.07,556.24,NA,13024,91755,NA,13050,18,26
48121021703,48,121,021703,7084,6396,199,267,29,188,5,5011,4569,120,168,25,127,2,535.75,989.82,NA,42508,92185,NA,27300,18,26
48121021705,48,121,021705,1926,1803,46,56,2,19,0,1238,1160,27,38,2,11,0,132.36,244.54,NA,16636,92185,08670,16740,18,26
48121021706,48,121,021706,5428,5012,103,214,19,75,5,3520,3276,59,114,15,53,3,376.34,695.3,NA,26232,92185,NA,27300,18,26
48121021707,48,121,021707,5625,5188,139,229,17,47,5,3598,3319,90,140,14,30,5,384.68,710.71,NA,26232,92185,NA,27300,18,26
48121021708,48,121,021708,1302,1234,2,57,5,4,0,956,914,1,33,4,4,0,102.21,188.84,NA,26232,92185,NA,27300,18,26
48121021709,48,121,021709,2955,2689,47,176,11,31,1,2062,1889,32,115,8,18,0,220.46,407.3,NA,26232,92185,NA,27300,18,26
48121021710,48,121,021710,6253,5202,440,407,17,181,6,4831,4095,305,285,14,126,6,516.5,954.26,NA,42508,92185,NA,27300,18,26
48121021711,48,121,021711,6082,5101,350,498,30,100,3,4912,4168,279,368,25,71,1,525.16,970.26,NA,42508,92185,NA,27300,18,26
48121021712,48,121,021712,6529,5351,318,657,55,137,11,4555,3765,215,435,36,95,9,486.99,899.74,NA,42508,92185,NA,27300,18,26
48121021713,48,121,021713,7961,6673,341,707,38,196,6,5521,4698,218,456,32,114,3,590.27,1090.55,NA,42508,92185,NA,27300,18,26
48123009701,48,123,009701,4017,2712,511,790,3,1,0,2964,2103,340,517,3,1,0,404.72,741.27,NA,80560,94295,NA,46620,5,15
48123009702,48,123,009702,4634,1854,1006,1747,2,5,20,3275,1448,705,1104,2,5,11,447.18,819.05,NA,18092,90925,45240,15960,5,15
48123009703,48,123,009703,3576,2723,254,590,5,0,4,2656,2115,175,360,4,0,2,362.66,664.24,NA,18092,90925,NA,15960,5,15
48123009704,48,123,009704,3665,2954,136,567,2,1,5,2708,2241,101,358,2,1,5,369.76,677.25,NA,80584,94305,30450,46650,5,15
48123009705,48,123,009705,2948,2022,49,873,3,0,1,2180,1561,33,584,2,0,0,297.67,545.2,NA,80584,94305,45240,46650,5,15
48125009501,48,125,009501,853,736,6,101,10,0,0,666,592,6,62,6,0,0,204.56,148.15,NA,20332,91050,NA,34380,4,13
48125009502,48,125,009502,1718,1228,105,378,3,1,3,1294,994,66,230,2,0,2,397.44,287.85,NA,69848,93705,NA,00002,4,13
48127009501,48,127,009501,882,141,0,741,0,0,0,576,108,0,468,0,0,0,207.44,91.84,NA,8260,90310,NA,12990,15,23
48127009502,48,127,009502,7682,1438,50,6156,12,4,22,4843,1036,26,3757,10,2,12,1744.12,772.17,NA,12988,90635,NA,12990,15,23
48127009503,48,127,009503,1869,76,0,1791,2,0,0,1223,61,0,1160,2,0,0,440.44,195,NA,4300,90140,NA,08790,15,23
48129009501,48,129,009501,789,777,1,7,4,0,0,640,631,1,7,1,0,0,121.59,212.89,NA,35072,90730,07620,14160,4,13
48129009502,48,129,009502,2095,1897,126,63,7,2,0,1645,1519,83,37,5,1,0,312.52,547.2,NA,15112,90730,NA,14160,4,13
48129009503,48,129,009503,812,741,0,69,2,0,0,610,575,0,34,1,0,0,115.89,202.91,NA,33044,91760,NA,22850,4,13
48131009501,48,131,009501,5018,243,0,4762,2,0,11,3273,180,0,3083,2,0,8,1336.32,360.07,NA,65180,93420,NA,38820,6,28
48131009502,48,131,009502,3922,1104,8,2782,2,12,14,2583,830,6,1735,2,5,5,1054.6,284.16,NA,27432,91405,NA,19820,6,28
48131009503,48,131,009503,2828,147,0,2680,0,0,1,2021,122,0,1898,0,0,1,825.14,222.33,NA,7528,90260,NA,99130,6,28
48131009504,48,131,009504,1150,107,0,1043,0,0,0,813,78,0,735,0,0,0,331.94,89.44,NA,NA,93215,36420,99130,6,28
48133009501,48,133,009501,3334,2822,175,317,14,3,3,2549,2185,152,197,13,2,0,446.01,681.77,NA,60632,93190,NA,36480,8,17
48133009502,48,133,009502,5834,5329,71,405,7,18,4,4407,4085,55,243,7,14,3,771.11,1178.72,NA,22132,91135,NA,17960,8,17
48133009503,48,133,009503,4909,4414,149,326,13,6,1,3752,3426,117,194,8,6,1,656.5,1003.53,NA,15004,90725,NA,14070,8,17
48133009504,48,133,009504,1810,1766,0,38,3,3,0,1470,1443,0,21,3,3,0,257.21,393.17,NA,62252,93250,NA,37230,8,17
48133009505,48,133,009505,2601,2274,0,318,6,3,0,2007,1818,0,181,5,3,0,351.17,536.8,NA,30308,91590,NA,21270,8,17
48135000001,48,135,000001,2838,2317,45,454,18,3,1,1997,1704,27,251,13,2,0,215.75,528.81,NA,NA,92875,NA,18000,10,19
48135000002,48,135,000002,694,564,5,123,1,0,1,494,418,3,72,1,0,0,53.37,130.81,NA,NA,92875,NA,18000,10,19
48135000003,48,135,000003,1843,1585,13,225,14,1,5,1327,1178,7,126,11,1,4,143.36,351.39,NA,53388,92875,NA,18000,10,19
48135000004,48,135,000004,3921,3444,91,356,19,4,7,2897,2605,55,213,16,4,4,312.98,767.13,NA,53388,92875,NA,18000,10,19
48135000005,48,135,000005,4644,3604,195,800,27,18,0,3135,2628,85,391,19,12,0,338.69,830.15,NA,53388,92875,NA,18000,10,19
48135000006,48,135,000006,5279,3426,287,1484,31,32,19,3507,2502,139,810,22,24,10,378.88,928.66,NA,53388,92875,NA,18000,10,19
48135000007,48,135,000007,4205,2278,136,1738,11,24,18,2858,1752,92,983,11,11,9,308.77,756.8,NA,53388,92875,NA,18000,10,23
48135000008,48,135,000008,1421,984,14,414,7,2,0,985,738,7,232,6,2,0,106.42,260.83,NA,53388,92875,NA,18000,10,19
48135000009,48,135,000009,1365,953,16,358,3,33,2,831,606,9,193,3,18,2,89.78,220.05,NA,53388,92875,NA,18000,10,19
48135000010,48,135,000010,4386,3136,110,1094,17,22,7,3048,2299,67,649,13,16,4,329.29,807.12,NA,53388,92875,NA,18000,10,19
48135000011,48,135,000011,6433,2783,350,3203,27,57,13,4057,2052,190,1755,19,36,5,438.3,1074.3,NA,53388,92875,NA,18000,10,23
48135000012,48,135,000012,3077,1197,151,1677,17,27,8,2043,994,86,927,13,16,7,220.72,540.99,NA,53388,92875,NA,18000,10,23
48135000013,48,135,000013,4419,3156,137,1079,24,11,12,3196,2462,93,607,20,7,7,345.28,846.31,NA,53388,92875,NA,18000,10,19
48135000014,48,135,000014,605,322,36,234,5,8,0,474,268,33,163,5,5,0,51.21,125.52,NA,53388,92875,NA,18000,10,23
48135000015,48,135,000015,4926,1710,165,3007,21,8,15,3112,1368,89,1623,17,5,10,336.21,824.06,NA,53388,92875,NA,18000,10,23
48135000016,48,135,000016,5513,4345,189,932,20,18,9,4002,3311,115,543,17,10,6,432.36,1059.74,NA,53388,92875,NA,18000,10,19
48135000017,48,135,000017,5869,5045,173,606,26,15,4,4338,3833,114,360,19,9,3,468.66,1148.71,NA,53388,92875,NA,18000,10,19
48135000018,48,135,000018,2395,36,1297,1042,3,1,16,1711,27,990,686,3,1,4,184.85,453.08,NA,53388,92875,NA,18000,10,23
48135000019,48,135,000019,6096,248,787,5037,4,4,16,3791,208,550,3011,4,4,14,409.56,1003.86,NA,53388,92875,NA,18000,10,23
48135000020,48,135,000020,3335,171,472,2661,4,0,27,2037,145,332,1539,4,0,17,220.07,539.4,NA,53388,92875,NA,18000,10,23
48135000022,48,135,000022,2361,979,1,1359,8,5,9,1423,704,1,705,5,2,6,153.74,376.81,NA,30044,91545,NA,18000,10,19
48135000023,48,135,000023,3152,2472,113,511,14,39,3,2405,1935,75,354,12,26,3,259.83,636.85,NA,53388,92875,NA,18000,10,23
48135000024,48,135,000024,4724,4189,134,325,8,66,2,3574,3245,72,203,8,45,1,386.12,946.4,NA,53388,92875,NA,18000,10,19
48135000027,48,135,000027,7391,4988,54,2257,72,5,15,4816,3501,30,1225,49,4,7,520.3,1275.29,NA,77728,91545,NA,18000,10,19
48135000028,48,135,000028,9166,5962,47,3074,42,16,25,5826,4139,27,1606,27,12,15,629.42,1542.74,NA,77728,91545,NA,18000,10,19
48135000029,48,135,000029,2937,2603,31,223,4,76,0,2113,1882,22,156,4,49,0,228.28,559.53,NA,53388,92875,NA,18000,10,19
48135000030,48,135,000030,4260,2935,61,1215,21,13,15,2940,2148,36,718,14,13,11,317.63,778.52,NA,53388,92875,NA,18000,10,23
48135002501,48,135,002501,2219,1466,22,717,7,2,5,1430,984,12,425,5,1,3,154.49,378.67,NA,53388,92875,NA,18000,10,19
48135002502,48,135,002502,5959,5166,120,568,47,53,5,4186,3699,68,341,38,37,3,452.24,1108.46,NA,53388,92875,NA,18000,10,19
48135002503,48,135,002503,3501,2758,139,542,20,35,7,2670,2125,104,394,13,29,5,288.46,707.02,NA,53388,92875,NA,18000,10,19
48137009501,48,137,009501,1551,523,0,1023,1,4,0,1005,415,0,587,1,2,0,138.85,347.78,NA,62816,93300,NA,00003,13,23
48137009502,48,137,009502,715,553,0,159,3,0,0,515,416,0,97,2,0,0,71.15,178.22,NA,62816,93305,NA,00003,13,23
48139000601,48,139,000601,9498,6882,819,1738,26,20,13,6373,4844,517,966,21,15,10,971.59,1448.01,NA,25752,91310,NA,19170,24,24
48139000603,48,139,000603,2976,2266,163,521,18,7,1,2098,1669,110,301,16,2,0,319.85,476.69,NA,76816,94090,NA,44730,24,24
48139000604,48,139,000604,3473,797,2311,358,3,1,3,2353,613,1537,197,3,1,2,358.73,534.63,NA,76816,94090,NA,44730,24,24
48139000605,48,139,000605,2552,1696,172,673,4,7,0,1845,1338,93,407,3,4,0,281.28,419.2,NA,76816,94090,NA,44730,24,24
48139000606,48,139,000606,6125,4969,340,748,34,20,14,4488,3796,180,460,25,15,12,684.22,1019.72,NA,76816,94090,NA,44730,24,11
48139000607,48,139,000607,4747,4081,164,451,36,12,3,3265,2843,115,271,25,9,2,497.76,741.84,NA,48096,92570,NA,30600,24,11
48139000608,48,139,000608,5434,4979,47,360,11,26,11,3711,3450,26,208,7,14,6,565.76,843.18,NA,48096,92570,NA,30600,24,11
48139000609,48,139,000609,2842,2367,94,358,8,6,9,1955,1649,69,220,7,5,5,298.05,444.2,NA,47268,92490,NA,29580,24,24
48139000610,48,139,000610,3580,2511,739,312,11,7,0,2489,1841,449,185,9,5,0,379.46,565.53,NA,37072,91895,NA,24450,24,24
48139000611,48,139,000611,2782,2235,117,410,10,4,6,1927,1595,81,238,5,4,4,293.78,437.83,NA,76816,94090,NA,44730,24,24
48139000612,48,139,000612,1554,969,154,420,11,0,0,1042,702,100,233,7,0,0,158.86,236.75,NA,5612,94090,NA,18540,24,24
48139000613,48,139,000613,1336,1101,52,177,6,0,0,929,777,33,115,4,0,0,141.63,211.08,NA,24348,91250,NA,18540,24,11
48139000614,48,139,000614,5855,5064,106,660,10,12,3,4068,3615,64,371,8,7,3,620.19,924.29,NA,24348,91250,NA,18540,24,24
48139000615,48,139,000615,4169,1955,849,1346,6,3,10,2915,1538,538,824,5,3,7,444.41,662.32,NA,24348,91250,NA,18540,24,24
48139000616,48,139,000616,4682,2105,1515,1031,4,17,10,3177,1608,966,584,4,7,8,484.35,721.85,NA,24348,91250,NA,18540,24,24
48139000617,48,139,000617,2966,2724,52,165,10,0,15,2119,1979,41,87,6,0,6,323.05,481.46,NA,24348,91250,NA,18540,24,24
48139060201,48,139,060201,7658,6816,343,419,44,31,5,5365,4868,210,235,31,18,3,817.92,1218.98,NA,76816,94090,NA,36660,24,11
48139060202,48,139,060202,7064,6134,246,631,44,9,0,4737,4183,153,361,32,8,0,722.18,1076.29,NA,61196,94090,NA,36660,24,24
48139060203,48,139,060203,5874,5244,124,465,19,22,0,3909,3529,81,270,15,14,0,595.95,888.16,NA,76816,94090,NA,44730,24,11
48141000005,48,141,000005,4017,2075,982,771,37,141,11,2649,1433,643,455,24,90,4,317.06,283.46,NA,24000,91215,NA,18300,7,2
48141000006,48,141,000006,5272,816,159,4245,13,36,3,3529,679,121,2687,8,32,2,422.38,377.63,NA,24000,91215,NA,18300,7,2
48141000007,48,141,000007,851,466,199,141,5,40,0,532,283,132,89,4,24,0,63.67,56.93,NA,24000,91215,NA,18300,7,2
48141000008,48,141,000008,7202,1304,325,5510,12,39,12,4856,1122,235,3447,9,35,8,581.21,519.62,NA,24000,91215,NA,18300,7,2
48141000009,48,141,000009,7154,1136,65,5903,14,14,22,5160,1028,48,4047,9,14,14,617.6,552.15,NA,24000,91215,NA,18300,7,2
48141000010,48,141,000010,8586,939,21,7588,7,28,3,6078,826,15,5209,6,19,3,727.47,650.39,NA,24000,91215,NA,18300,7,2
48141000012,48,141,000012,8966,2124,127,6617,14,78,6,5646,1572,82,3916,13,59,4,675.77,604.16,NA,24000,91215,NA,18300,7,2
48141000014,48,141,000014,2446,491,69,1807,2,69,8,1895,455,64,1306,2,63,5,226.81,202.78,NA,24000,91215,NA,18300,7,2
48141000015,48,141,000015,8445,4156,132,3839,22,282,14,6807,3491,115,2916,19,255,11,814.73,728.39,NA,24000,91215,NA,18300,7,2
48141000016,48,141,000016,6883,727,55,5966,8,112,15,4808,655,40,3986,8,108,11,575.47,514.49,NA,24000,91215,NA,18300,7,2
48141000017,48,141,000017,2817,395,131,2275,11,5,0,2371,386,124,1845,11,5,0,283.78,253.71,NA,24000,91215,NA,18300,7,2
48141000018,48,141,000018,1700,19,3,1676,0,0,2,1166,15,1,1148,0,0,2,139.56,124.77,NA,24000,91215,NA,18300,7,2
48141000019,48,141,000019,3543,51,5,3486,1,0,0,2210,35,3,2171,1,0,0,264.51,236.48,NA,24000,91215,NA,18300,7,2
48141000020,48,141,000020,3787,27,9,3742,2,0,7,2320,15,6,2295,0,0,4,277.68,248.26,NA,24000,91215,NA,18300,7,2
48141000021,48,141,000021,4382,100,13,4245,4,8,12,2684,83,6,2585,1,3,6,321.25,287.21,NA,24000,91215,NA,18300,7,2
48141000022,48,141,000022,9929,1220,63,8608,14,18,6,6928,1105,47,5743,13,16,4,829.21,741.34,NA,24000,91215,NA,18300,7,2
48141000023,48,141,000023,5658,597,28,5010,7,10,6,4012,499,22,3477,4,6,4,480.19,429.31,NA,24000,91215,NA,18300,7,2
48141000024,48,141,000024,3903,472,4,3407,8,7,5,2761,396,3,2351,4,3,4,330.46,295.45,NA,24000,91215,NA,18300,7,2
48141000025,48,141,000025,6544,1079,26,5419,8,8,4,4838,937,19,3869,4,7,2,579.06,517.7,NA,24000,91215,NA,18300,7,2
48141000026,48,141,000026,2941,92,165,2682,0,1,1,2011,65,145,1799,0,1,1,240.7,215.19,NA,24000,91215,NA,18300,7,2
48141000027,48,141,000027,857,54,26,775,1,0,1,607,52,21,532,1,0,1,72.65,64.95,NA,24000,91215,NA,18300,7,2
48141000028,48,141,000028,7138,74,76,6978,2,6,2,4359,48,66,4237,2,4,2,521.73,466.44,NA,24000,91215,NA,18300,7,2
48141000029,48,141,000029,3078,38,7,3020,4,0,9,1771,25,5,1734,1,0,6,211.97,189.51,NA,24000,91215,NA,18300,7,2
48141000030,48,141,000030,4608,87,31,4475,5,2,8,3028,57,23,2934,5,2,7,362.42,324.02,NA,24000,91215,NA,18300,7,2
48141000031,48,141,000031,4267,118,13,4106,1,9,20,3148,98,11,3022,1,6,10,376.78,336.86,NA,24000,91215,NA,18300,7,2
48141000032,48,141,000032,3775,92,40,3630,1,3,9,2621,69,37,2504,1,3,7,313.71,280.46,NA,24000,91215,NA,18300,7,2
48141000033,48,141,000033,6428,1030,41,5319,9,29,0,4793,901,33,3826,9,24,0,573.67,512.88,NA,24000,91215,NA,18300,7,2
48141000035,48,141,000035,9521,821,26,8650,11,7,6,6123,689,17,5400,11,4,2,732.86,655.2,NA,24000,91215,NA,46680,7,2
48141000036,48,141,000036,8691,391,26,8239,13,18,4,5905,323,22,5536,7,14,3,706.77,631.87,NA,24000,91215,NA,18300,7,2
48141000101,48,141,000101,6676,3674,580,2098,22,300,2,4766,2780,393,1361,18,212,2,570.44,509.99,NA,24000,91215,NA,18300,7,23
48141000101,48,141,000101,14287,7413,3951,2397,105,403,18,9920,5417,2696,1426,72,301,8,1187.32,1061.51,NA,24000,91215,NA,18300,7,23
48141000102,48,141,000102,8007,3205,560,4064,30,144,4,5485,2468,337,2544,20,114,2,656.5,586.93,NA,24000,91215,NA,18300,7,2
48141000104,48,141,000104,7380,3607,741,2814,17,183,18,5190,2819,509,1689,15,150,8,621.19,555.36,NA,24000,91215,NA,18300,7,2
48141000105,48,141,000105,10236,1018,15,9177,10,0,16,6079,747,14,5301,7,0,10,727.59,650.49,NA,25032,91220,NA,18900,7,2
48141000106,48,141,000106,5224,2884,705,1320,9,287,19,3621,2086,513,801,9,208,4,433.4,387.47,NA,24000,91215,NA,18300,7,2
48141000107,48,141,000107,6590,2643,689,2995,21,229,13,4210,1806,459,1743,20,173,9,503.89,450.5,NA,24000,91215,NA,18300,7,2
48141000108,48,141,000108,2573,1287,155,997,29,101,4,1685,932,91,578,13,68,3,201.68,180.31,NA,24000,91215,NA,46680,7,23
48141000201,48,141,000201,9019,3418,524,4873,35,167,2,6252,2824,349,2911,26,140,2,748.3,669,NA,24000,91215,NA,18300,7,2
48141000203,48,141,000203,6203,2737,510,2757,36,153,10,3889,1919,297,1526,25,115,7,465.47,416.15,NA,24000,91215,NA,46680,7,23
48141000204,48,141,000204,5635,2512,507,2424,35,148,9,3762,1872,316,1428,21,120,5,450.27,402.56,NA,24000,91215,NA,46680,7,2
48141000301,48,141,000301,6896,1696,413,4697,11,61,18,4525,1336,261,2857,8,55,8,541.6,484.2,NA,24000,91215,NA,18300,7,2
48141000302,48,141,000302,6490,1186,264,4933,24,78,5,4171,918,170,2997,18,64,4,499.23,446.32,NA,24000,91215,NA,18300,7,2
48141000401,48,141,000401,5352,3563,396,1233,29,130,1,4354,3068,292,864,20,109,1,521.13,465.91,NA,24000,91215,NA,18300,7,2
48141000402,48,141,000402,7705,1725,651,5174,26,117,12,4781,1331,394,2944,23,86,3,572.24,511.6,NA,24000,91215,NA,18300,7,2
48141001104,48,141,001104,6467,3263,102,3005,24,61,12,4655,2566,62,1959,16,48,4,557.16,498.12,NA,24000,91215,NA,18300,7,2
48141001105,48,141,001105,7711,2881,244,4451,9,110,16,5387,2389,173,2724,7,85,9,644.77,576.44,NA,24000,91215,NA,18300,7,2
48141001106,48,141,001106,7066,4105,240,2553,18,138,12,5695,3468,198,1897,16,105,11,681.63,609.4,NA,24000,91215,NA,18300,7,2
48141001107,48,141,001107,5834,3879,84,1755,7,107,2,4165,2871,65,1155,6,66,2,498.51,445.68,NA,24000,91215,NA,18300,7,2
48141001108,48,141,001108,10413,6349,145,3668,30,209,12,7626,4887,100,2474,23,134,8,912.75,816.03,NA,24000,91215,NA,18300,7,2
48141001109,48,141,001109,4708,3344,37,1211,7,107,2,3479,2555,30,825,5,64,0,416.4,372.28,NA,24000,91215,NA,18300,7,2
48141001301,48,141,001301,3708,2466,31,1149,12,32,18,2606,1770,24,770,10,23,9,311.91,278.86,NA,24000,91215,NA,18300,7,2
48141001398,48,141,001398,6385,4223,15,2081,21,45,0,4379,2941,10,1383,16,29,0,524.12,468.58,NA,24000,91215,NA,18300,7,2
48141003401,48,141,003401,6545,1221,436,4790,21,73,4,5067,1080,342,3569,12,61,3,606.47,542.2,NA,24000,91215,NA,18300,7,2
48141003403,48,141,003403,5897,2304,353,3131,18,81,10,4439,1931,246,2182,15,59,6,531.3,475,NA,24000,91215,NA,18300,7,2
48141003404,48,141,003404,7332,3838,324,3048,12,106,4,6206,3433,283,2390,7,89,4,742.79,664.08,NA,24000,91215,NA,18300,7,2
48141003701,48,141,003701,5447,241,4,5188,3,9,2,3806,207,3,3585,2,7,2,455.54,407.27,NA,24000,91215,NA,46680,7,2
48141003702,48,141,003702,5454,267,10,5164,0,11,2,3710,238,6,3456,0,8,2,444.05,396.99,NA,24000,91215,NA,46680,7,2
48141003801,48,141,003801,6698,257,11,6405,3,1,21,4636,221,8,4388,3,1,15,554.88,496.08,NA,24000,91215,NA,46680,7,2
48141003802,48,141,003802,7977,508,19,7402,25,8,15,5043,430,10,4568,14,6,15,603.59,539.63,NA,24000,91215,NA,46680,7,2
48141003901,48,141,003901,4092,282,4,3795,6,2,3,2744,233,3,2499,5,1,3,328.43,293.63,NA,24000,91215,NA,46680,7,2
48141003902,48,141,003902,2595,78,0,2476,38,0,3,1712,62,0,1623,27,0,0,204.91,183.2,80662,24000,91215,NA,46680,7,2
48141003903,48,141,003903,7159,145,33,6954,12,2,13,4078,89,13,3962,4,2,8,488.09,436.37,NA,24000,91215,NA,46680,7,2
48141004001,48,141,004001,13344,485,72,12716,29,15,27,7710,358,50,7263,17,11,11,922.81,825.02,NA,24000,91215,NA,46680,7,2
48141004002,48,141,004002,7653,292,2,7130,215,2,12,4534,193,2,4201,128,2,8,542.67,485.17,80662,24000,91215,NA,46680,7,2
48141004103,48,141,004103,6311,620,37,5630,13,5,6,3963,510,22,3414,7,5,5,474.33,424.07,NA,24000,91215,NA,46680,7,2
48141004104,48,141,004104,7823,526,34,7237,16,6,4,5064,407,23,4613,12,5,4,606.11,541.88,NA,24000,91215,NA,46680,7,2
48141004105,48,141,004105,3888,154,124,3593,6,8,3,2623,121,96,2389,6,8,3,313.95,280.68,NA,24000,91215,NA,46680,7,2
48141004106,48,141,004106,6131,342,36,5739,9,1,4,4077,279,27,3758,9,1,3,487.97,436.27,NA,24000,91215,NA,46680,7,2
48141004107,48,141,004107,1739,272,14,1449,3,1,0,1223,237,12,970,3,1,0,146.38,130.87,NA,24000,91215,NA,46680,7,2
48141004201,48,141,004201,7612,329,388,6877,9,3,6,5215,265,296,4640,7,3,4,624.18,558.04,NA,24000,91215,NA,46680,7,2
48141004202,48,141,004202,6261,309,242,5690,4,10,6,4466,254,185,4013,3,7,4,534.53,477.89,NA,24000,91215,NA,46680,7,2
48141004303,48,141,004303,6637,2819,196,3570,16,34,2,4865,2261,127,2436,12,27,2,582.29,520.59,NA,24000,91215,NA,46680,7,2
48141004305,48,141,004305,6410,2675,234,3428,15,53,5,4803,2163,177,2398,14,49,2,574.87,513.95,NA,24000,91215,NA,46680,7,2
48141004306,48,141,004306,9395,4032,372,4849,33,104,5,6780,3139,280,3247,25,85,4,811.5,725.5,NA,24000,91215,NA,46680,7,2
48141004307,48,141,004307,6311,2989,230,2970,26,95,1,4305,2196,164,1862,17,65,1,515.26,460.66,NA,24000,91215,NA,46680,7,2
48141004308,48,141,004308,15337,3142,349,11658,31,143,14,9423,2277,218,6800,19,102,7,1127.84,1008.32,NA,24000,91215,NA,40710,7,2
48141004309,48,141,004309,4366,1591,112,2593,10,60,0,2772,1116,87,1519,9,41,0,331.78,296.62,NA,24000,91215,NA,46680,7,2
48141004310,48,141,004310,6317,2185,315,3738,24,45,10,4242,1660,219,2307,19,31,6,507.72,453.92,NA,24000,91215,NA,46680,7,2
48141004311,48,141,004311,4966,2087,159,2666,9,44,1,3577,1655,108,1773,8,33,0,428.13,382.76,NA,24000,91215,NA,46680,7,2
48141010202,48,141,010202,2891,1469,303,1032,12,72,3,1819,996,188,575,7,53,0,217.72,194.64,NA,24000,91230,NA,46680,7,2
48141010203,48,141,010203,3316,649,126,2492,33,9,7,2559,586,120,1807,33,7,6,306.29,273.83,NA,3432,91230,NA,08430,7,2
48141010204,48,141,010204,3588,1945,16,1592,3,28,4,2394,1387,12,975,1,15,4,286.54,256.17,NA,24000,91230,NA,12780,7,2
48141010205,48,141,010205,12762,2339,81,10305,13,21,3,8071,1786,50,6206,10,16,3,966.02,863.65,NA,12508,91230,NA,12780,7,2
48141010303,48,141,010303,3520,1519,149,1800,8,40,4,2388,1096,109,1141,8,33,1,285.82,255.53,NA,24000,91215,NA,46680,7,2
48141010304,48,141,010304,10039,4021,373,5498,11,123,13,6321,2756,249,3214,7,88,7,756.56,676.39,NA,24000,91215,NA,46680,7,2
48141010305,48,141,010305,5283,1468,157,3604,9,43,2,3361,1069,101,2152,8,30,1,402.28,359.65,NA,24000,91215,NA,40710,7,2
48141010306,48,141,010306,9273,3165,341,5566,27,158,16,5799,2184,229,3242,23,115,6,694.08,620.53,NA,24000,91215,NA,46680,7,2
48141010307,48,141,010307,7314,1930,299,4971,16,86,12,4763,1420,219,3039,14,64,7,570.08,509.67,NA,24000,91215,NA,46680,7,2
48141010308,48,141,010308,10185,2790,90,7239,25,28,13,6257,2128,63,4012,21,24,9,748.9,669.54,80662,34665,91220,NA,14430,7,23
48141010309,48,141,010309,1805,577,23,1193,4,8,0,1069,430,19,611,4,5,0,127.95,114.39,NA,34832,91220,NA,14430,7,23
48141010310,48,141,010310,6567,620,17,5914,11,0,5,4040,472,6,3554,6,0,2,483.55,432.31,NA,68636,91220,NA,40710,7,2
48141010401,48,141,010401,5413,109,4,5274,17,1,8,3190,76,4,3094,11,1,4,381.81,341.35,NA,68636,91220,NA,40710,7,2
48141010402,48,141,010402,5566,203,0,5340,19,1,3,3335,156,0,3164,12,1,2,399.17,356.87,NA,68636,91220,NA,40710,7,2
48141010403,48,141,010403,7311,146,7,7141,15,0,2,4171,101,7,4053,8,0,2,499.23,446.32,NA,65360,91220,NA,38850,7,2
48141010404,48,141,010404,3126,304,3,2817,2,0,0,1880,232,3,1643,2,0,0,225.02,201.17,NA,15544,91220,NA,14430,7,2
48143009501,48,143,009501,1751,1677,3,64,6,0,1,1281,1231,2,42,5,0,1,199.84,274.68,NA,NA,92645,31410,23760,8,17
48143009502,48,143,009502,5955,5439,10,476,11,14,5,4280,3960,6,294,8,9,3,667.71,917.75,NA,70208,93735,10620,41520,8,17
48143009503,48,143,009503,5029,4181,5,818,14,8,3,3585,3113,3,452,9,6,2,559.28,768.72,NA,21484,91085,NA,17580,8,17
48143009504,48,143,009504,5055,4716,58,208,12,59,2,4118,3875,52,143,10,36,2,642.43,883.01,NA,70208,93735,NA,41520,8,17
48143009505,48,143,009505,5610,5055,88,417,33,15,2,4464,4103,75,253,21,11,1,696.41,957.2,NA,70208,93735,NA,41520,8,17
48143009506,48,143,009506,3125,2688,28,376,14,13,6,2460,2193,27,212,12,11,5,383.78,527.49,NA,70208,93735,NA,41520,8,17
48143009507,48,143,009507,1466,1367,0,99,0,0,0,1106,1043,0,63,0,0,0,172.54,237.16,NA,NA,93740,42720,23070,8,17
48145009901,48,145,009901,776,707,43,21,5,0,0,590,537,37,13,3,0,0,113.86,102.36,NA,NA,93000,NA,29130,2,5
48145009902,48,145,009902,2304,1549,411,337,3,2,2,1663,1178,288,190,3,2,2,320.92,288.52,NA,30092,90710,NA,13920,2,5
48145009903,48,145,009903,5607,3785,1068,728,11,13,2,4387,3042,804,518,11,11,1,846.6,761.11,NA,46740,92425,NA,29130,2,5
48145009904,48,145,009904,3203,437,2435,322,4,3,2,2260,386,1656,211,2,3,2,436.13,392.09,NA,46740,92425,NA,29130,2,5
48145009905,48,145,009905,2002,1635,252,103,3,2,7,1438,1196,180,54,1,2,5,277.5,249.48,NA,44176,92300,45330,37900,2,5
48145009906,48,145,009906,796,649,98,49,0,0,0,606,499,81,26,0,0,0,116.94,105.14,NA,NA,93210,NA,29130,2,5
48145009907,48,145,009907,3024,2081,425,512,4,0,2,2244,1598,291,349,4,0,2,433.04,389.31,NA,63188,93330,45330,37900,2,5
48147009501,48,147,009501,2563,2176,347,32,8,0,0,1976,1707,244,19,6,0,0,420.45,357.07,NA,34700,91825,NA,23460,22,9
48147009502,48,147,009502,3348,3204,42,64,36,1,1,2589,2491,35,39,22,1,1,550.88,467.84,NA,NA,93200,NA,38640,22,9
48147009503,48,147,009503,2529,2450,10,53,11,5,0,1970,1911,8,37,10,4,0,419.17,355.99,NA,66008,91150,NA,39450,22,9
48147009504,48,147,009504,6636,5834,602,125,42,31,2,5140,4582,443,68,26,20,1,1093.67,928.81,NA,9328,90375,NA,10800,22,9
48147009505,48,147,009505,1457,1407,31,14,3,2,0,1090,1052,24,11,2,1,0,231.93,196.97,NA,20680,91070,NA,17280,22,9
48147009506,48,147,009506,2367,2156,129,50,26,4,2,1774,1642,80,31,15,4,2,377.46,320.57,NA,9328,90375,NA,10800,22,9
48147009507,48,147,009507,5005,4643,182,132,38,10,0,3629,3427,98,74,22,8,0,772.16,655.77,NA,42352,92175,NA,27210,22,9
48147009508,48,147,009508,899,596,280,15,8,0,0,664,465,183,12,4,0,0,141.28,119.99,NA,40180,92075,NA,19050,22,9
48149009701,48,149,009701,1590,1450,88,50,1,1,0,1262,1164,59,37,1,1,0,218.91,383.62,NA,12916,93345,NA,38100,5,14
48149009702,48,149,009702,1894,1673,127,86,7,1,0,1388,1235,95,54,4,0,0,240.77,421.92,NA,NA,92080,NA,26100,5,14
48149009703,48,149,009703,4985,3955,481,530,5,7,7,3796,3136,331,315,5,4,5,658.48,1153.89,NA,40276,92080,NA,26100,5,14
48149009704,48,149,009704,2407,2022,245,134,4,0,2,1790,1504,191,90,3,0,2,310.5,544.11,NA,NA,92085,NA,26100,5,14
48149009705,48,149,009705,3043,2266,175,592,3,0,7,2299,1803,121,368,3,0,4,398.8,698.84,NA,26028,91320,NA,19280,5,14
48149009706,48,149,009706,4393,3660,483,245,2,2,1,3336,2856,314,163,1,2,0,578.68,1014.06,NA,66188,93475,NA,39540,5,14
48149009707,48,149,009707,1783,1652,63,65,1,2,0,1400,1300,49,49,1,1,0,242.85,425.56,NA,25644,91305,NA,19140,5,14
48151009501,48,151,009501,1027,840,37,150,0,0,0,753,632,18,103,0,0,0,251.49,152.7,NA,63464,92350,NA,38040,8,17
48151009502,48,151,009502,1817,1126,124,562,5,0,0,1344,898,88,353,5,0,0,448.87,272.54,NA,63464,93340,NA,38040,8,17
48151009503,48,151,009503,1998,1686,25,285,1,0,1,1493,1309,19,163,1,0,1,498.64,302.76,NA,62612,93275,NA,37470,8,17
48153009501,48,153,009501,1116,795,9,310,1,1,0,771,590,7,172,1,1,0,139.71,215.87,NA,NA,92250,NA,27890,4,13
48153009502,48,153,009502,2306,1175,71,1047,1,5,7,1542,913,41,579,1,3,5,279.42,431.74,NA,43252,92250,NA,27890,4,13
48153009503,48,153,009503,4172,2149,231,1763,11,6,12,2876,1732,157,971,5,5,6,521.15,805.24,NA,26268,91335,NA,19440,4,13
48153009504,48,153,009504,903,640,2,261,0,0,0,622,477,2,143,0,0,0,112.71,174.15,NA,NA,91335,NA,19440,4,13
48155009501,48,155,009501,1794,1478,73,233,5,4,1,1365,1166,46,145,5,2,1,444,295,NA,17948,90915,NA,15870,4,13
48157000704,48,157,000704,2338,1581,130,616,4,4,3,1608,1147,85,370,1,3,2,219.24,327.7,NA,61892,91415,NA,26580,14,22
48157000705,48,157,000705,2669,1991,353,281,6,38,0,1899,1437,229,203,5,25,0,258.91,387,NA,38476,91415,NA,25170,14,22
48157000706,48,157,000706,3009,2212,512,261,11,9,4,2182,1669,332,166,9,5,1,297.5,444.68,NA,67964,91415,NA,26580,14,22
48157000708,48,157,000708,279,146,121,12,0,0,0,203,112,83,8,0,0,0,27.68,41.37,NA,72740,93235,NA,26580,14,22
48157000711,48,157,000711,1546,1185,105,250,2,4,0,1102,875,73,150,1,3,0,150.25,224.58,NA,54192,92915,NA,44470,14,22
48157000712,48,157,000712,1326,209,796,319,0,1,1,917,161,564,190,0,1,1,125.03,186.88,NA,38848,92915,NA,25380,14,22
48157000713,48,157,000713,4741,3236,590,899,6,10,0,3271,2381,371,508,6,5,0,445.98,666.61,NA,50628,92715,NA,32310,14,22
48157000714,48,157,000714,3096,2727,47,295,11,14,2,2130,1911,31,169,9,9,1,290.41,434.08,NA,50628,92715,NA,32310,14,22
48157070101,48,157,070101,1779,1167,69,512,0,27,4,1288,895,55,320,0,17,1,175.61,262.49,NA,69908,93715,NA,41350,14,22
48157070107,48,157,070107,1460,711,407,306,5,30,1,1018,519,279,197,5,18,0,138.8,207.46,NA,3708,93715,NA,19650,14,25
48157070112,48,157,070112,6444,2661,1500,1671,18,590,4,4215,1921,912,1011,14,356,1,574.68,858.99,NA,48804,93715,NA,19650,14,22
48157070113,48,157,070113,3998,791,2502,468,2,233,2,2591,591,1543,296,1,159,1,353.26,528.03,NA,48804,93715,NA,19650,14,25
48157070114,48,157,070114,3541,237,3054,187,7,49,7,2250,176,1931,107,4,30,2,306.77,458.53,NA,35000,93715,NA,19650,14,25
48157070115,48,157,070115,7526,805,4106,2474,15,120,6,4546,599,2370,1490,9,73,5,619.81,926.44,NA,35000,93715,NA,19650,14,25
48157070116,48,157,070116,11992,9631,1108,733,30,486,4,8460,6968,691,472,23,305,1,1153.46,1724.09,NA,48804,93715,NA,19650,14,22
48157070122,48,157,070122,5466,2365,920,2006,3,148,24,3637,1691,581,1248,1,104,12,495.88,741.19,NA,48804,93715,NA,19650,14,22
48157070123,48,157,070123,3366,182,2990,115,1,78,0,2223,153,1940,80,1,49,0,303.09,453.03,NA,35000,93715,NA,19650,14,25
48157070124,48,157,070124,6302,650,4699,762,13,168,10,3977,520,2877,464,9,103,4,542.23,810.48,NA,35000,93715,NA,19650,14,25
48157070125,48,157,070125,2600,911,1404,192,6,87,0,1652,628,846,123,2,53,0,225.24,336.67,NA,27540,93715,NA,19650,14,25
48157070126,48,157,070126,5225,2420,879,1751,13,158,4,3377,1689,561,1017,7,100,3,460.43,688.21,NA,27540,93715,NA,19650,14,22
48157070133,48,157,070133,9155,762,7549,505,16,318,5,5658,526,4611,292,11,213,5,771.42,1153.06,NA,48804,93715,NA,19650,14,25
48157070201,48,157,070201,2994,2475,40,119,9,351,0,2276,1939,28,83,6,220,0,310.31,463.83,NA,70808,93780,NA,19650,14,22
48157070204,48,157,070204,1770,1004,118,602,7,38,1,1179,706,72,371,5,24,1,160.75,240.27,NA,61892,93780,NA,26580,14,22
48157070212,48,157,070212,6934,4771,179,1350,27,602,5,5073,3666,110,880,16,397,4,691.66,1033.84,NA,70808,93780,NA,19650,14,22
48157070213,48,157,070213,5728,4156,291,389,1,891,0,3738,2752,191,232,1,562,0,509.65,761.78,NA,25879,93780,NA,19650,14,22
48157070222,48,157,070222,8032,4909,676,598,18,1824,7,5445,3410,432,408,12,1178,5,742.38,1109.65,NA,70808,93780,NA,19650,14,22
48157070223,48,157,070223,8193,5989,396,534,11,1261,2,5085,3717,237,338,8,784,1,693.3,1036.29,NA,25879,93780,NA,19650,14,22
48157070233,48,157,070233,2832,2062,165,211,3,384,7,1783,1295,99,133,3,250,3,243.1,363.36,NA,25879,93780,NA,19650,14,22
48157070243,48,157,070243,2856,2094,63,171,0,526,2,1752,1288,40,104,0,320,0,238.87,357.05,NA,25879,93780,NA,19650,14,22
48157070311,48,157,070311,9214,8060,302,715,22,115,0,6069,5350,184,448,13,74,0,827.46,1236.82,NA,56482,93780,NA,19650,14,22
48157070312,48,157,070312,6584,3936,489,1065,18,1068,8,4186,2559,276,663,11,674,3,570.73,853.08,NA,73494,93780,NA,19650,14,22
48157070313,48,157,070313,5329,3163,528,653,6,979,0,3756,2318,351,431,6,650,0,512.1,765.45,NA,70808,93780,NA,19650,14,22
48157070321,48,157,070321,3048,1089,1126,799,20,11,3,2839,1003,1102,700,20,11,3,387.08,578.57,NA,48772,93780,NA,19650,14,22
48157070322,48,157,070322,7396,5868,167,957,12,387,5,4839,3886,97,603,7,242,4,659.76,986.15,NA,70808,93780,NA,19650,14,22
48157070323,48,157,070323,4606,3576,140,339,7,543,1,3184,2486,92,240,5,360,1,434.11,648.88,NA,47335,93780,NA,19650,14,22
48157070331,48,157,070331,8507,4828,1037,1745,16,871,10,5447,3194,600,1045,12,592,4,742.66,1110.06,NA,48772,93780,NA,19650,14,22
48157070332,48,157,070332,3500,2426,414,514,2,144,0,2295,1562,302,342,2,87,0,312.91,467.7,NA,70808,93780,NA,19650,14,22
48157070341,48,157,070341,5688,3300,564,750,11,1060,3,3676,2156,353,474,5,685,3,501.19,749.14,NA,48772,93780,NA,19650,14,22
48157070351,48,157,070351,3660,1909,592,998,5,154,2,2352,1269,402,584,2,94,1,320.68,479.32,NA,NA,93780,NA,19650,14,22
48157070702,48,157,070702,2569,1361,441,748,5,9,5,1940,1122,322,480,4,7,5,264.5,395.36,NA,61892,93235,NA,26580,14,22
48157070703,48,157,070703,4014,2656,549,712,11,81,5,2539,1688,351,437,9,54,0,346.17,517.43,NA,72740,93235,NA,26580,14,22
48157070711,48,157,070711,5735,771,1556,3371,2,9,26,3693,676,986,2002,2,7,20,503.51,752.61,NA,61892,93235,NA,26580,14,22
48157070721,48,157,070721,5358,2585,640,2088,1,38,6,3708,1976,384,1319,1,25,3,505.56,755.66,NA,61892,93235,NA,26580,14,22
48157070901,48,157,070901,2841,316,406,2104,7,2,6,1771,245,268,1247,6,0,5,241.46,360.92,NA,63284,93335,NA,26580,14,22
48157070903,48,157,070903,2023,1140,47,827,1,7,1,1355,843,26,480,1,4,1,184.74,276.14,NA,63284,93335,NA,26580,14,22
48157070912,48,157,070912,4897,2631,254,1983,5,11,13,3298,2015,134,1132,2,9,6,449.66,672.11,NA,63284,93335,NA,26580,14,22
48157070922,48,157,070922,4752,3108,205,1413,7,17,2,3271,2260,120,868,6,15,2,445.98,666.61,NA,63284,93335,NA,26580,14,22
48157071001,48,157,071001,5506,2508,354,2619,4,12,9,3834,1962,256,1597,4,8,7,522.74,781.34,NA,63284,93335,NA,26580,14,22
48157071002,48,157,071002,2997,1974,98,903,4,11,7,2012,1450,57,492,3,5,5,274.32,410.03,NA,6272,93335,NA,26580,14,22
48159009501,48,159,009501,3695,3422,41,201,23,7,1,2721,2553,26,120,17,5,0,534.37,608.77,NA,49860,92675,NA,31770,11,6
48159009502,48,159,009502,2253,1838,307,91,14,3,0,1654,1381,209,50,12,2,0,324.83,370.05,NA,49860,92675,NA,31770,11,6
48159009503,48,159,009503,1854,1780,1,65,0,8,0,1440,1389,1,46,0,4,0,282.8,322.17,NA,79816,94250,NA,46200,11,6
48161009801,48,161,009801,3682,3040,423,199,18,2,0,2565,2150,294,109,10,2,0,533.87,641.97,NA,25104,91275,16980,18940,24,10
48161009802,48,161,009802,1305,1216,42,43,4,0,0,982,912,36,30,4,0,0,204.39,245.78,NA,25104,91275,NA,18940,24,10
48161009803,48,161,009803,1344,661,602,60,3,18,0,964,504,408,38,3,11,0,200.64,241.27,NA,25104,91275,NA,18940,24,10
48161009804,48,161,009804,1960,1604,315,36,3,2,0,1482,1236,215,27,3,1,0,308.46,370.92,NA,80296,94290,NA,46470,24,10
48161009806,48,161,009806,2955,2530,318,101,5,1,0,2193,1881,244,63,4,1,0,456.44,548.87,NA,72020,93850,16980,42300,24,10
48161009807,48,161,009807,3124,2326,619,164,5,9,1,2290,1778,414,88,1,8,1,476.63,573.15,NA,72020,93850,NA,42300,24,10
48161009809,48,161,009809,1448,747,680,16,5,0,0,1055,548,496,9,2,0,0,219.58,264.05,NA,NA,90555,16980,18940,24,10
48163009501,48,163,009501,5238,2169,133,2906,5,17,8,3564,1649,129,1762,5,12,7,908.14,618.94,NA,56384,92980,NA,34470,6,28
48163009502,48,163,009502,4838,450,5,4373,1,0,9,3042,337,4,2694,1,0,6,775.13,528.29,NA,56384,92980,NA,34470,6,28
48163009503,48,163,009503,3396,890,3,2470,2,12,19,2181,666,3,1493,0,6,13,555.74,378.76,NA,20428,91055,NA,17100,6,28
48165009501,48,165,009501,3700,1911,173,1604,7,0,5,2463,1433,98,925,4,0,3,261.05,574.48,NA,66440,93485,NA,39600,10,19
48165009502,48,165,009502,4806,3635,47,1080,5,5,34,2824,2187,27,580,4,3,23,299.32,658.68,NA,66764,93520,NA,39750,10,19
48165009503,48,165,009503,5617,3550,104,1924,19,9,11,3695,2550,59,1060,12,6,8,391.63,861.84,NA,66764,93520,NA,39750,10,19
48167001202,48,167,001202,8166,7444,139,413,13,157,0,5513,5061,95,249,12,96,0,1146.58,959.13,NA,27648,93880,NA,19950,27,1
48167001203,48,167,001203,13196,10608,805,1333,34,403,13,8929,7320,494,810,30,269,6,1857.03,1553.44,NA,41980,93880,NA,14280,27,1
48167001204,48,167,001204,3424,2586,96,687,24,30,1,2508,1989,61,418,18,22,0,521.61,436.33,NA,41980,93880,NA,14280,27,1
48167001205,48,167,001205,4138,3285,76,743,13,17,4,3059,2503,53,477,13,11,2,636.2,532.2,NA,41980,93880,NA,14280,27,1
48167001207,48,167,001207,9221,7548,565,857,20,226,5,6254,5234,351,499,17,150,3,1300.69,1088.05,NA,41980,93880,NA,14280,27,1
48167001208,48,167,001208,5582,4155,334,1027,23,40,3,3681,2861,199,573,18,28,2,765.56,640.41,NA,20344,93880,NA,17070,27,1
48167001209,48,167,001209,1711,1459,2,188,3,57,2,1277,1097,2,143,2,31,2,265.59,222.17,NA,38776,93880,NA,14280,27,1
48167001210,48,167,001210,4787,4250,26,428,28,52,3,3375,3055,15,248,23,31,3,701.92,587.17,NA,5180,93880,NA,17070,27,1
48167001211,48,167,001211,3126,2672,5,108,14,323,4,2358,2101,4,71,12,167,3,490.41,410.24,NA,65564,93880,NA,17070,27,1
48167001213,48,167,001213,1977,1725,8,228,3,13,0,1483,1314,5,154,3,7,0,308.43,258.01,NA,20344,93880,NA,17070,27,1
48167001214,48,167,001214,5363,4801,10,498,33,19,2,3683,3361,6,284,19,11,2,765.98,640.76,NA,65726,93880,NA,39270,27,1
48167001215,48,167,001215,3518,3239,8,235,8,28,0,2563,2381,6,151,7,18,0,533.05,445.9,NA,65726,93880,NA,39270,27,1
48167001217,48,167,001217,7336,5437,458,1260,19,151,11,5042,3858,268,801,16,96,3,1048.62,877.19,NA,72392,93880,NA,42510,27,1
48167001218,48,167,001218,2407,1688,391,312,6,9,1,1725,1272,243,196,6,7,1,358.76,300.11,NA,41116,92100,NA,23310,27,1
48167001220,48,167,001220,7208,4661,677,1808,18,35,9,4924,3354,369,1164,12,19,6,1024.08,856.66,NA,72392,93880,NA,42510,27,1
48167001221,48,167,001221,6599,5413,226,833,31,92,4,4812,4094,143,492,27,54,2,1000.79,837.18,NA,72392,93880,NA,42510,27,1
48167001222,48,167,001222,3862,1500,1516,787,28,22,9,2749,1169,1014,531,14,15,6,571.73,478.26,NA,72392,93880,NA,42510,27,1
48167001223,48,167,001223,7467,6564,6,848,37,11,1,5242,4654,5,539,33,10,1,1090.22,911.99,NA,65726,93880,NA,39270,27,1
48167001224,48,167,001224,2473,2115,61,284,6,7,0,1759,1529,38,181,5,6,0,365.83,306.03,NA,34220,92100,NA,23310,27,1
48167001225,48,167,001225,1158,252,745,160,0,1,0,854,194,553,106,0,1,0,177.61,148.58,NA,34220,92100,NA,23310,27,1
48167001226,48,167,001226,1789,467,1031,287,2,1,1,1252,373,684,192,1,1,1,260.39,217.82,NA,34220,92100,NA,23310,27,1
48167001227,48,167,001227,3913,1353,2261,261,9,28,1,2789,1016,1570,178,8,17,0,580.05,485.22,NA,41116,92100,NA,26160,27,1
48167001230,48,167,001230,1785,575,792,401,4,10,3,1193,447,493,243,4,4,2,248.12,207.55,NA,72392,93880,NA,42510,27,1
48167001231,48,167,001231,3426,2200,481,438,6,299,2,2770,1879,336,319,5,230,1,576.1,481.92,NA,28068,91445,NA,20280,27,1
48167001232,48,167,001232,4958,2278,861,1523,16,273,7,3731,1941,495,1047,12,229,7,775.96,649.11,NA,28068,91445,NA,20280,27,1
48167001233,48,167,001233,4387,1351,1741,1251,2,29,13,3362,1178,1268,888,2,19,7,699.22,584.91,NA,28068,91445,NA,20280,27,1
48167001234,48,167,001234,1713,992,424,268,6,23,0,1388,886,302,179,3,18,0,288.67,241.48,NA,28068,91445,NA,20280,27,1
48167001235,48,167,001235,2080,770,813,469,6,21,1,1591,679,561,329,6,15,1,330.89,276.8,NA,28068,91445,NA,20280,27,1
48167001236,48,167,001236,2476,207,2059,196,5,6,3,1773,169,1474,121,4,2,3,368.74,308.46,NA,28068,91445,NA,20280,27,1
48167001237,48,167,001237,971,458,349,151,4,7,2,926,443,339,133,4,5,2,192.59,161.1,NA,28068,91445,NA,20280,27,1
48167001238,48,167,001238,351,3,345,3,0,0,0,286,3,280,3,0,0,0,59.48,49.76,NA,28068,91445,NA,20280,27,1
48167001240,48,167,001240,3837,41,3388,308,2,87,11,2069,34,1822,177,2,29,5,430.3,359.96,NA,28068,91445,NA,20280,27,1
48167001241,48,167,001241,2337,491,1289,545,2,9,1,1726,398,951,367,2,8,0,358.97,300.28,NA,28068,91445,NA,20280,27,1
48167001242,48,167,001242,2132,975,530,605,5,16,1,1620,812,363,429,5,10,1,336.92,281.84,NA,28068,91445,NA,20280,27,1
48167001243,48,167,001243,2500,1257,445,778,2,17,1,1875,1041,290,526,2,15,1,389.96,326.21,NA,28068,91445,NA,20280,27,1
48167001244,48,167,001244,1410,1213,39,143,1,14,0,1177,1026,25,118,1,7,0,244.79,204.77,NA,28068,91445,NA,20280,27,1
48167001245,48,167,001245,1926,1031,185,685,4,20,1,1493,888,144,443,4,14,0,310.51,259.75,NA,28068,91445,NA,20280,27,1
48167001246,48,167,001246,2231,911,263,1046,2,8,1,1616,757,174,676,2,6,1,336.09,281.15,NA,28068,91445,NA,20280,27,1
48167001247,48,167,001247,2369,1613,193,530,5,26,2,1869,1341,132,372,5,18,1,388.71,325.16,NA,28068,91445,NA,20280,27,1
48167001248,48,167,001248,2087,315,1092,658,2,16,4,1567,255,869,427,2,11,3,325.9,272.62,NA,28068,91445,NA,20280,27,1
48167001249,48,167,001249,1679,697,639,317,1,15,10,1271,654,397,196,1,13,10,264.34,221.12,NA,28068,91445,NA,20280,27,1
48167001251,48,167,001251,4998,2814,780,1315,9,73,7,3536,2167,445,859,6,54,5,735.41,615.18,NA,28068,91445,NA,20280,27,1
48167001252,48,167,001252,1582,1386,12,150,1,33,0,1133,992,8,107,1,25,0,235.64,197.12,NA,28068,91445,NA,20280,27,1
48167001253,48,167,001253,1727,1646,8,55,14,4,0,1439,1374,8,43,10,4,0,299.28,250.35,NA,28068,91445,NA,20280,27,1
48167001254,48,167,001254,2807,2678,2,102,6,17,2,2262,2178,2,66,5,9,2,470.44,393.54,NA,72392,90370,NA,20280,27,1
48167120101,48,167,120101,3470,3166,22,233,13,35,1,2451,2251,17,147,8,28,0,509.75,426.42,NA,27648,93880,NA,19950,27,1
48167120102,48,167,120102,3438,3243,23,125,5,42,0,2602,2450,18,99,4,31,0,541.16,452.69,NA,27648,93880,NA,19950,27,1
48167120610,48,167,120610,1675,1549,8,103,5,10,0,1409,1321,5,70,5,8,0,293.04,245.13,NA,41980,93880,NA,14280,27,1
48167120620,48,167,120620,1718,1524,3,137,8,44,2,1390,1276,3,82,7,21,1,289.09,241.83,NA,15328,93880,NA,14280,27,1
48167121201,48,167,121201,3522,1763,1481,267,8,2,1,2556,1319,1064,163,7,2,1,531.59,444.68,NA,20344,93880,NA,17070,27,1
48167121202,48,167,121202,5344,3952,554,778,23,34,3,3701,2941,280,436,18,23,3,769.72,643.89,NA,20344,93880,NA,17070,27,1
48167121610,48,167,121610,1238,940,132,141,9,16,0,969,761,95,97,7,9,0,201.53,168.58,NA,72392,93880,NA,17070,27,1
48167121620,48,167,121620,2870,1421,747,636,17,44,5,1945,1059,433,410,10,29,4,404.52,338.38,NA,72392,93880,NA,26160,27,1
48167121902,48,167,121902,2054,870,975,199,2,6,2,1538,703,678,148,2,5,2,319.87,267.58,NA,72392,93880,NA,26160,27,1
48167121911,48,167,121911,3289,2144,728,356,6,44,11,2600,1798,506,249,5,37,5,540.74,452.34,NA,72392,93880,NA,23310,27,1
48167121921,48,167,121921,4330,386,3871,66,2,4,1,3266,305,2907,49,2,2,1,679.25,568.21,NA,72392,93880,NA,26160,27,1
48167122801,48,167,122801,2396,1749,364,268,6,9,0,1790,1377,228,175,3,7,0,372.28,311.42,NA,41116,92100,NA,26160,27,1
48167122802,48,167,122802,2803,1423,939,414,8,19,0,1955,1080,574,277,7,17,0,406.6,340.12,NA,41116,92100,NA,26160,27,1
48167122901,48,167,122901,2730,2233,217,259,6,13,2,2051,1754,117,167,4,9,0,426.56,356.83,NA,41116,92100,NA,26160,27,1
48167122912,48,167,122912,1449,922,381,138,6,2,0,1010,711,210,84,3,2,0,210.06,175.72,NA,41116,92100,NA,26160,27,1
48167122922,48,167,122922,1995,1895,7,79,6,8,0,1712,1631,6,62,5,8,0,356.06,297.85,NA,72989,92100,NA,26160,27,1
48167123099,48,167,123099,11,9,2,0,0,0,0,11,9,2,0,0,0,0,2.29,1.91,NA,72392,93880,NA,42510,27,1
48167123499,48,167,123499,59,45,1,13,0,0,0,59,45,1,13,0,0,0,12.27,10.26,NA,28068,91445,NA,20280,27,1
48167124999,48,167,124999,45,22,15,2,0,6,0,45,22,15,2,0,6,0,9.36,7.83,NA,28068,91445,NA,20280,27,1
48167125001,48,167,125001,1662,1337,85,196,8,34,2,1421,1170,71,144,7,27,2,295.54,247.22,NA,28068,91445,NA,20280,27,1
48167125002,48,167,125002,7111,5135,683,1030,17,240,6,5513,4134,471,722,16,166,4,1146.58,959.13,NA,28068,91445,NA,20280,27,1
48167125010,48,167,125010,0,0,0,0,0,0,0,0,0,0,0,0,0,0,0,0,NA,28068,91445,NA,20280,27,1
48169009501,48,169,009501,5143,3354,306,1454,4,21,4,3515,2495,179,823,4,10,4,545,978,NA,59012,93115,NA,35490,8,13
48171009501,48,171,009501,2667,2249,8,405,3,1,1,2004,1772,4,224,3,0,1,210.33,726.52,NA,NA,91400,NA,19840,13,21
48171009502,48,171,009502,2242,2121,2,106,12,1,0,1798,1721,2,66,8,1,0,188.71,651.84,NA,NA,91725,17400,22590,13,21
48171009503,48,171,009503,6263,5391,16,830,19,4,3,4797,4259,5,518,12,1,2,503.47,1739.08,NA,27348,91395,17400,19840,13,21
48171009504,48,171,009504,3780,3167,1,594,6,11,1,2894,2524,1,359,5,4,1,303.74,1049.17,NA,27348,91395,NA,19840,13,21
48171009505,48,171,009505,2252,1748,2,491,3,7,1,1703,1404,2,290,3,3,1,178.74,617.4,NA,27348,91395,NA,19840,13,21
48173009501,48,173,009501,1447,1018,0,424,0,0,5,936,686,0,247,0,0,3,116,387,NA,NA,91460,NA,20790,8,21
48175009601,48,175,009601,3309,1921,277,1095,11,4,1,2372,1428,204,729,6,4,1,533.6,755.35,NA,30080,91555,NA,21030,5,15
48175009602,48,175,009602,2671,1499,110,1050,1,1,10,1971,1182,82,696,1,1,9,443.4,627.65,NA,30080,91555,NA,21030,5,15
48177009901,48,177,009901,2201,1257,296,642,3,1,2,1623,993,216,408,3,1,2,268.16,386.87,NA,76024,94060,NA,44310,5,14
48177009902,48,177,009902,3752,2683,282,776,5,6,0,2788,2088,215,479,3,3,0,460.65,664.57,NA,30116,91565,NA,21060,5,14
48177009903,48,177,009903,3656,1543,733,1349,4,11,16,2520,1232,482,785,2,7,12,416.37,600.69,NA,30116,91565,NA,21060,5,14
48177009904,48,177,009904,2190,921,147,1114,0,0,8,1440,692,88,654,0,0,6,237.92,343.25,NA,30116,91565,NA,21060,5,14
48177009905,48,177,009905,3230,1538,106,1563,0,1,22,2276,1206,89,965,0,1,15,376.05,542.52,NA,51588,92760,NA,32740,5,14
48177009906,48,177,009906,2176,1456,17,698,3,0,2,1603,1125,17,456,3,0,2,264.85,382.1,NA,68300,91575,NA,21060,5,14
48179009501,48,179,009501,1574,1498,2,57,17,0,0,1165,1122,0,31,12,0,0,151.85,438.77,NA,42148,92960,21560,27090,4,13
48179009502,48,179,009502,1083,1024,14,26,9,10,0,809,775,6,16,7,5,0,105.45,304.69,NA,54912,92955,21560,34170,4,13
48179009503,48,179,009503,4607,4405,35,95,15,57,0,3439,3320,21,52,12,34,0,448.26,1295.23,NA,54912,92955,NA,34170,4,13
48179009504,48,179,009504,5222,4869,74,206,39,33,1,3803,3584,50,116,28,25,0,495.71,1432.33,NA,54912,92955,NA,34170,4,13
48179009505,48,179,009505,2818,2435,30,318,28,5,2,2049,1826,15,186,20,2,0,267.08,771.72,NA,54912,92955,NA,34170,4,13
48179009506,48,179,009506,2890,2119,153,565,24,5,24,2097,1633,117,310,21,3,13,273.34,789.79,NA,54912,92955,NA,34170,4,13
48179009507,48,179,009507,2683,2286,41,315,36,3,2,1952,1741,25,154,29,1,2,254.44,735.18,NA,54912,92955,NA,34170,4,13
48179009508,48,179,009508,1939,1075,531,302,26,0,5,1402,880,335,162,22,0,3,182.75,528.04,NA,54912,92955,NA,34170,4,13
48179009509,48,179,009509,1151,1130,2,11,7,1,0,914,901,0,8,4,1,0,119.14,344.24,NA,45780,92365,07620,29880,4,13
48181000001,48,181,000001,6388,6005,248,91,42,1,1,4736,4476,179,46,34,1,0,783.8,1034.32,NA,78628,91125,NA,09780,22,9
48181000002,48,181,000002,2210,1832,283,33,62,0,0,1585,1345,175,22,43,0,0,262.32,346.16,NA,19900,91125,NA,16710,22,9
48181000004,48,181,000004,2891,2698,72,73,41,6,1,2128,2010,43,37,32,5,1,352.18,464.74,NA,19900,91125,NA,16710,22,9
48181000006,48,181,000006,3169,3029,56,31,50,3,0,2386,2297,36,17,33,3,0,394.88,521.09,NA,19900,91125,NA,16710,22,9
48181000007,48,181,000007,3827,3476,187,77,77,10,0,2906,2678,123,44,55,6,0,480.94,634.65,NA,19900,91125,NA,16710,22,9
48181000008,48,181,000008,5550,5228,143,98,65,16,0,4210,3983,103,60,49,15,0,696.75,919.44,NA,19900,91125,NA,16710,22,9
48181000011,48,181,000011,7692,7397,59,130,75,30,1,5711,5523,45,75,48,20,0,945.16,1247.25,NA,78532,92840,NA,45630,22,9
48181000012,48,181,000012,5785,5280,284,125,43,51,2,4381,4039,192,89,29,32,0,725.05,956.79,NA,67496,91125,NA,40080,22,9
48181000013,48,181,000013,3692,3302,232,125,25,8,0,2805,2545,155,85,15,5,0,464.22,612.6,NA,67496,91125,NA,40080,22,9
48181000014,48,181,000014,4662,3157,1122,290,35,51,7,3553,2612,676,189,26,46,4,588.02,775.96,NA,67496,91125,NA,40080,22,9
48181000015,48,181,000015,5700,4650,652,290,91,15,2,4177,3515,405,184,58,15,0,691.29,912.23,NA,67496,91125,NA,40080,22,9
48181000017,48,181,000017,2926,2468,219,192,35,12,0,2214,1917,148,120,20,9,0,366.41,483.53,NA,67496,91125,NA,40080,22,9
48181000018,48,181,000018,10573,10027,142,286,62,51,5,7557,7213,103,164,47,28,2,1250.67,1650.41,NA,74924,91125,NA,43890,22,9
48181000019,48,181,000019,5777,5415,13,305,30,12,2,4191,3975,13,173,21,8,1,693.6,915.29,NA,73112,93685,42870,14580,22,9
48181000301,48,181,000301,5408,5287,7,52,53,9,0,4321,4234,6,34,43,4,0,715.12,943.68,NA,64088,92840,NA,35580,22,9
48181000302,48,181,000302,3003,2932,0,32,30,9,0,2234,2186,0,21,22,5,0,369.72,487.89,NA,59132,92840,NA,35580,22,9
48181000501,48,181,000501,3249,1962,1150,84,42,7,4,2460,1537,833,58,27,4,1,407.13,537.25,NA,19900,91125,NA,16710,22,9
48181000502,48,181,000502,1274,1067,92,73,31,11,0,1000,867,58,47,21,7,0,165.5,218.39,NA,19900,91125,NA,16710,22,9
48181000901,48,181,000901,2740,2461,144,47,60,21,7,1977,1798,96,30,36,14,3,327.19,431.77,NA,19900,91125,NA,16710,22,9
48181000902,48,181,000902,5858,5210,404,135,43,63,3,4456,4052,242,89,29,44,0,737.46,973.17,NA,67496,91125,NA,40080,22,9
48181001601,48,181,001601,2282,1141,928,196,9,4,4,1638,852,662,113,7,4,0,271.09,357.73,NA,67496,91125,NA,40080,22,9
48181001602,48,181,001602,365,247,74,30,11,1,2,287,207,60,13,6,1,0,47.5,62.68,NA,67496,91125,NA,40080,22,9
48183000001,48,183,000001,349,219,118,12,0,0,0,335,216,110,9,0,0,0,48.52,93.83,NA,43888,92270,NA,28110,22,6
48183000002,48,183,000002,4339,3552,487,260,16,22,2,3227,2720,312,167,12,16,0,467.37,903.87,NA,43888,92270,NA,28110,22,9
48183000003,48,183,000003,5252,4623,443,141,14,26,5,4112,3702,290,94,11,15,0,595.54,1151.76,NA,43888,92270,NA,28110,22,6
48183000004,48,183,000004,5716,5175,401,105,14,21,0,4729,4329,293,77,12,18,0,684.9,1324.58,NA,43888,92270,NA,28110,22,9
48183000006,48,183,000006,5929,5496,265,118,20,29,1,4335,4031,187,82,16,18,1,627.84,1214.22,NA,43888,92270,NA,34980,22,9
48183000007,48,183,000007,5159,4861,170,77,20,28,3,3777,3598,103,46,15,14,1,547.03,1057.93,NA,43888,92270,NA,34980,22,9
48183000008,48,183,000008,6683,5905,290,396,71,19,2,4523,4083,171,210,44,15,0,655.07,1266.88,NA,43888,92270,NA,34980,22,9
48183000009,48,183,000009,2757,2044,480,200,7,25,1,1964,1554,279,109,7,14,1,284.45,550.11,NA,43888,92270,NA,34980,22,9
48183000010,48,183,000010,2281,1633,402,227,5,10,4,1748,1302,299,136,3,6,2,253.16,489.61,NA,43888,92270,NA,28110,22,6
48183000011,48,183,000011,2768,1238,1311,205,1,10,3,1923,962,826,126,1,7,1,278.51,538.63,NA,43888,92270,NA,28110,22,6
48183000012,48,183,000012,3076,931,1977,155,9,1,3,2087,713,1278,91,4,1,0,302.26,584.56,NA,43888,92270,NA,28110,22,6
48183000013,48,183,000013,3878,2148,1250,409,12,56,3,2740,1706,733,249,12,37,3,396.84,767.47,NA,43888,92270,NA,28110,22,6
48183000014,48,183,000014,3842,1785,1870,159,19,4,5,2776,1391,1267,94,15,4,5,402.05,777.55,NA,43888,92270,NA,28110,22,9
48183000015,48,183,000015,5178,1133,3909,84,26,25,1,3684,985,2602,59,19,18,1,533.56,1031.88,NA,43888,92270,NA,28110,22,9
48183000101,48,183,000101,4395,3887,393,74,29,12,0,3055,2702,277,46,23,7,0,442.46,855.7,NA,43888,92275,NA,28110,22,9
48183000102,48,183,000102,6994,5805,1010,123,39,14,3,4996,4227,656,71,32,10,0,723.57,1399.37,NA,29660,91520,NA,20760,22,9
48183000103,48,183,000103,8160,7512,284,299,44,17,4,5428,5045,180,148,38,13,4,786.14,1520.37,NA,78436,92270,NA,45480,22,9
48183000104,48,183,000104,6465,5347,939,126,33,20,0,4518,3751,646,82,23,16,0,654.34,1265.48,NA,42616,93380,NA,38460,22,9
48183000105,48,183,000105,3913,2088,1759,58,5,3,0,2913,1663,1205,37,5,3,0,421.89,815.92,NA,22192,92280,NA,28110,22,6
48183000106,48,183,000106,5130,4589,437,84,13,7,0,3991,3621,297,57,12,4,0,578.02,1117.87,NA,39124,92020,NA,25620,22,9
48183000107,48,183,000107,4477,3016,1084,346,22,7,2,3258,2282,742,210,15,7,2,471.86,912.56,NA,39124,92020,NA,25620,22,9
48183000501,48,183,000501,4221,3970,107,41,19,84,0,3041,2885,71,25,14,46,0,440.43,851.78,NA,43888,92270,NA,28110,22,6
48183000502,48,183,000502,3856,3296,435,69,16,37,3,2976,2603,286,43,11,31,2,431.02,833.57,NA,43888,92270,NA,28110,22,6
48183010898,48,183,010898,0,0,0,0,0,0,0,0,0,0,0,0,0,0,0,0,NA,43888,92270,NA,28110,11,9
48183010998,48,183,010998,50,41,5,0,1,3,0,32,27,2,0,1,2,0,4.63,8.96,NA,43888,92270,NA,28110,11,9
48183011098,48,183,011098,0,0,0,0,0,0,0,0,0,0,0,0,0,0,0,0,NA,NA,92275,NA,28110,11,9
48183011198,48,183,011198,29,26,2,1,0,0,0,20,17,2,1,0,0,0,2.9,5.6,NA,NA,92275,NA,28110,11,9
48183011298,48,183,011298,51,38,7,6,0,0,0,39,32,3,4,0,0,0,5.65,10.92,NA,NA,91520,NA,20760,22,9
48183011398,48,183,011398,0,0,0,0,0,0,0,0,0,0,0,0,0,0,0,0,NA,NA,93380,NA,38460,22,9
48183011498,48,183,011498,0,0,0,0,0,0,0,0,0,0,0,0,0,0,0,0,NA,39124,92020,NA,25620,11,9
48183011598,48,183,011598,0,0,0,0,0,0,0,0,0,0,0,0,0,0,0,0,NA,NA,92280,NA,28110,11,6
48183011698,48,183,011698,0,0,0,0,0,0,0,0,0,0,0,0,0,0,0,0,NA,NA,92280,NA,28110,11,6
48185001801,48,185,001801,8311,4021,2664,1590,22,9,5,6284,3082,2003,1165,21,8,5,1048.31,1170.02,NA,50472,92710,NA,32190,24,7
48185001802,48,185,001802,5441,3451,1221,756,8,3,2,3829,2620,793,405,8,1,2,638.76,712.92,NA,50472,92710,NA,32190,24,7
48185001803,48,185,001803,5076,4082,667,311,10,2,4,3776,3114,461,189,7,2,3,629.92,703.06,NA,NA,90080,NA,08230,24,7
48187002101,48,187,002101,3910,1776,337,1741,12,21,23,2736,1432,200,1061,9,19,15,319.01,629.05,NA,66644,93500,NA,39690,5,28
48187002102,48,187,002102,4726,343,846,3484,4,15,34,3065,248,615,2170,3,10,19,357.37,704.69,NA,66644,93500,NA,39690,5,28
48187002103,48,187,002103,5818,2165,666,2936,5,23,23,4182,1837,493,1816,5,19,12,487.61,961.51,NA,66644,93500,NA,39690,5,28
48187002104,48,187,002104,3868,2799,207,802,8,46,6,2972,2220,160,558,3,28,3,346.53,683.31,NA,66644,93500,NA,39690,5,21
48187002108,48,187,002108,8848,6775,305,1698,14,43,13,6455,5133,207,1062,13,31,9,752.63,1484.11,NA,66644,93515,NA,39690,5,28
48187002109,48,187,002109,5126,4082,213,810,6,8,7,3690,3048,143,485,5,3,6,430.24,848.39,NA,66644,93505,NA,39690,5,21
48187210501,48,187,210501,3978,1791,48,2094,19,12,14,2678,1348,33,1267,14,10,6,312.25,615.72,NA,NA,93510,NA,38970,5,21
48187210502,48,187,210502,6121,4517,166,1396,12,24,6,4401,3350,131,894,11,13,2,513.14,1011.86,NA,66644,93510,NA,32160,5,21
48187210601,48,187,210601,4793,3603,211,907,14,53,5,3436,2684,150,551,9,40,2,400.63,789.99,NA,46692,92410,NA,29100,5,28
48187210602,48,187,210602,5523,4256,28,1210,15,9,5,3917,3179,18,698,13,7,2,456.71,900.58,NA,45948,92410,NA,39690,5,28
48187210701,48,187,210701,2561,2025,75,424,9,27,1,1826,1496,51,252,5,21,1,212.91,419.83,NA,14920,93470,NA,39480,5,21
48187210703,48,187,210703,2356,2004,51,261,12,26,2,1736,1494,37,181,7,17,0,202.41,399.14,NA,66128,93470,NA,39480,5,21
48187210704,48,187,210704,7245,5318,298,1483,41,96,9,5288,3977,204,989,30,82,6,616.56,1215.8,NA,66128,93470,NA,39480,5,21
48189009501,48,189,009501,5894,1769,392,3697,14,2,20,3660,1342,243,2057,10,2,6,436.27,828.47,NA,57980,93060,NA,35070,10,13
48189009502,48,189,009502,4281,910,584,2756,10,3,18,2632,711,341,1555,10,3,12,313.73,595.77,NA,57980,93060,NA,35070,10,13
48189009503,48,189,009503,6079,5000,142,872,21,35,9,4521,3890,80,503,16,26,6,538.9,1023.36,NA,57980,93060,NA,35070,10,13
48189009504,48,189,009504,4242,2743,177,1263,10,47,2,3110,2181,127,754,7,39,2,370.71,703.97,NA,57980,93060,NA,35070,10,13
48189009505,48,189,009505,3435,1550,144,1687,16,19,19,2329,1236,105,953,10,14,11,277.61,527.19,NA,57980,93060,NA,35070,10,13
48189009506,48,189,009506,3106,2188,40,864,7,3,4,2046,1537,26,477,2,2,2,243.88,463.13,NA,57980,93060,NA,35070,10,13
48189009507,48,189,009507,3139,1649,162,1311,9,0,8,2116,1270,100,737,6,0,3,252.22,478.97,NA,31820,91675,NA,22050,10,13
48189009508,48,189,009508,1608,735,49,822,1,1,0,1116,569,42,503,1,1,0,133.03,252.62,NA,56996,93020,NA,34680,10,13
48189009509,48,189,009509,2887,1637,76,1156,15,2,1,1977,1262,51,653,9,1,1,235.66,447.51,NA,160,90005,NA,07410,10,13
48191009502,48,191,009502,2642,1937,243,440,11,6,5,2019,1604,162,242,5,4,2,579.67,494.92,NA,47616,92510,NA,30180,4,13
48191009503,48,191,009503,358,220,5,133,0,0,0,255,180,5,70,0,0,0,73.21,62.51,NA,40888,92095,NA,26550,4,13
48191009504,48,191,009504,602,480,20,101,0,1,0,479,396,19,63,0,1,0,137.52,117.42,NA,73964,93960,NA,43400,4,13
48191009505,48,191,009505,303,213,33,53,4,0,0,225,176,17,29,3,0,0,64.6,55.15,NA,24636,91260,NA,30180,4,13
48193009501,48,193,009501,2197,2030,2,155,4,5,1,1695,1605,1,82,4,2,1,343.68,486.74,NA,33548,91800,NA,23070,2,5
48193009502,48,193,009502,2206,2110,0,88,6,2,0,1705,1646,0,54,4,1,0,345.71,489.62,NA,24864,91690,NA,22230,2,5
48193009503,48,193,009503,3330,3144,0,160,9,17,0,2607,2507,0,85,6,9,0,528.6,748.64,NA,31952,91690,NA,22230,2,5
48195009501,48,195,009501,2053,1569,0,469,13,1,1,1376,1111,0,255,9,1,0,136.99,611.48,NA,31412,91660,35890,21930,4,19
48195009503,48,195,009503,3795,3068,0,705,10,5,7,2652,2225,0,411,8,4,4,264.01,1178.52,NA,69476,93695,35890,41010,4,19
48197009501,48,197,009501,1186,1001,72,97,12,4,0,892,777,49,56,8,2,0,210.43,186.9,NA,14680,90705,NA,13890,4,13
48197009502,48,197,009502,4097,3330,246,492,14,9,6,3012,2577,161,253,12,7,2,710.57,631.1,NA,60044,93160,NA,36180,4,13
48199000301,48,199,000301,2992,2940,3,46,3,0,0,2073,2045,3,22,3,0,0,423.25,397.2,NA,NA,93460,NA,45000,20,7
48199000302,48,199,000302,4138,3909,119,97,8,4,1,2935,2793,84,47,6,4,1,599.24,562.36,NA,68828,93625,NA,22410,20,7
48199000303,48,199,000303,4724,4487,146,53,33,5,0,3453,3299,88,36,26,4,0,705,661.61,NA,39868,92055,NA,25920,20,7
48199000304,48,199,000304,2349,1680,620,43,5,1,0,1704,1252,419,29,4,0,0,347.91,326.49,NA,39868,92055,NA,25920,20,7
48199000305,48,199,000305,8317,8148,1,141,22,4,1,5834,5731,1,78,20,3,1,1191.13,1117.82,NA,45120,90685,NA,13530,20,7
48199000306,48,199,000306,2634,2592,1,27,8,6,0,1859,1833,1,16,5,4,0,379.55,356.19,NA,45120,90685,NA,13530,20,7
48199000307,48,199,000307,3351,2607,645,81,13,5,0,2479,1998,416,51,11,3,0,506.14,474.99,NA,67832,93570,NA,40230,20,7
48199000308,48,199,000308,5273,3255,1924,73,12,7,2,3638,2417,1160,47,10,4,0,742.77,697.06,NA,67832,93570,NA,40230,20,7
48199000309,48,199,000309,4001,3918,0,65,7,10,1,2775,2727,0,35,5,8,0,566.57,531.7,NA,NA,93570,NA,40230,20,7
48199000310,48,199,000310,3541,3470,0,53,6,12,0,2456,2413,0,34,3,6,0,501.44,470.58,NA,NA,93570,NA,40230,20,7
48201000121,48,201,000121,7005,2058,3449,1349,48,76,25,6835,2028,3372,1293,48,71,23,1043.11,1203.86,NA,35000,91835,NA,23640,9,18
48201000204,48,201,000204,1871,5,1678,177,0,8,3,1391,5,1273,107,0,4,2,212.28,245,NA,35000,91835,NA,23640,9,29
48201000209,48,201,000209,752,69,29,630,16,2,6,472,60,24,373,9,2,4,72.03,83.13,NA,35000,91835,NA,23640,9,18
48201000211,48,201,000211,10043,4320,1001,4679,15,14,14,6670,3285,771,2582,11,12,9,1017.93,1174.8,NA,27996,91835,NA,20250,26,29
48201000212,48,201,000212,9343,4220,109,4936,25,21,32,6302,3321,80,2842,22,16,21,961.76,1109.99,NA,37156,91835,NA,20250,26,29
48201000219,48,201,000219,4571,623,1483,2449,7,0,9,3179,544,1128,1498,4,0,5,485.16,559.92,NA,35000,91835,NA,23640,9,29
48201000221,48,201,000221,2001,854,110,1023,10,0,4,1367,693,68,600,3,0,3,208.62,240.77,NA,35000,91835,NA,23640,9,29
48201000227,48,201,000227,4520,1289,2204,1014,4,3,6,2945,1061,1270,604,4,3,3,449.44,518.71,NA,35000,91835,NA,33060,26,18
48201000229,48,201,000229,2026,1682,37,294,5,4,4,1351,1145,23,172,4,4,3,206.18,237.95,NA,67376,91835,NA,39990,26,18
48201000231,48,201,000231,5426,4308,73,994,33,14,4,3837,3182,49,571,25,9,1,585.57,675.82,NA,35000,91835,NA,20250,26,25
48201000232,48,201,000232,4213,1847,80,2261,14,7,4,2762,1413,47,1280,13,6,3,421.52,486.48,NA,35000,91835,NA,20250,26,29
48201000233,48,201,000233,1231,912,16,292,5,6,0,839,646,11,174,4,4,0,128.04,147.77,NA,35000,91835,NA,20250,26,29
48201000234,48,201,000234,2696,2004,24,618,15,33,2,1921,1522,12,354,11,20,2,293.17,338.35,NA,14236,91835,NA,13590,26,29
48201000235,48,201,000235,5659,4611,61,942,20,17,8,3965,3371,32,527,17,12,6,605.11,698.36,NA,14236,91835,NA,13590,26,25
48201000236,48,201,000236,7968,4069,2647,1134,11,94,13,5150,2868,1556,657,11,52,6,785.95,907.08,NA,35000,91835,NA,39990,26,18
48201000237,48,201,000237,952,874,6,55,3,14,0,665,619,3,34,3,6,0,101.49,117.13,NA,35000,91835,NA,39990,26,1
48201000238,48,201,000238,3251,2473,224,522,15,13,4,2265,1772,133,333,15,9,3,345.67,398.94,NA,35000,91835,NA,23910,26,1
48201000242,48,201,000242,3143,2444,278,343,16,60,2,2306,1833,195,216,12,48,2,351.92,406.16,NA,35000,91835,NA,07710,26,18
48201000243,48,201,000243,2893,1784,591,456,13,47,2,2152,1399,393,306,12,40,2,328.42,379.04,NA,35000,91835,NA,07710,26,18
48201000246,48,201,000246,1735,1406,175,105,3,45,1,1131,932,102,59,3,34,1,172.6,199.21,NA,NA,91835,NA,23910,26,3
48201000248,48,201,000248,11535,10055,603,626,30,206,15,7550,6658,365,381,17,121,8,1152.22,1329.8,NA,35000,91835,NA,23910,26,3
48201000250,48,201,000250,2531,2382,12,95,17,23,2,1683,1585,6,61,13,18,0,256.85,296.43,NA,35000,92795,NA,23820,26,3
48201000251,48,201,000251,4836,4568,15,218,14,20,1,3391,3231,10,126,11,12,1,517.51,597.26,NA,35000,92795,NA,23820,26,3
48201000252,48,201,000252,1331,1239,14,60,10,8,0,941,879,10,40,8,4,0,143.61,165.74,NA,17756,92795,NA,15750,26,1
48201000253,48,201,000253,8550,7579,495,411,34,31,0,5892,5317,300,222,29,24,0,899.19,1037.77,NA,35000,92795,NA,15750,26,3
48201000254,48,201,000254,1692,1575,17,86,8,6,0,1173,1105,9,46,8,5,0,179.01,206.6,NA,35000,91835,NA,39990,26,1
48201000255,48,201,000255,2576,2012,198,340,5,20,1,1772,1440,117,198,3,13,1,270.43,312.11,NA,17756,92795,NA,15750,26,1
48201000256,48,201,000256,665,605,11,48,0,0,1,462,430,4,28,0,0,0,70.51,81.37,NA,NA,92795,NA,15750,26,1
48201000257,48,201,000257,1327,1060,46,213,4,4,0,934,767,35,127,2,3,0,142.54,164.51,NA,NA,92795,NA,15750,26,1
48201000258,48,201,000258,3738,662,3012,50,7,3,4,2645,523,2086,29,3,1,3,403.66,465.87,NA,5696,92795,NA,15750,26,25
48201000260,48,201,000260,1757,1229,271,214,1,41,1,1163,836,167,127,1,31,1,177.49,204.84,NA,6128,92795,NA,21150,26,1
48201000261,48,201,000261,4939,4538,100,248,7,43,3,3493,3240,65,153,7,25,3,533.08,615.23,NA,6128,90225,NA,21150,26,1
48201000262,48,201,000262,1392,808,58,521,5,0,0,955,595,41,316,3,0,0,145.74,168.21,NA,6128,90225,NA,21150,26,29
48201000263,48,201,000263,3496,3185,10,271,18,11,1,2568,2390,7,153,9,8,1,391.91,452.31,NA,6128,90225,NA,21150,26,29
48201000264,48,201,000264,2999,379,717,1887,4,2,10,1888,284,462,1131,3,2,6,288.13,332.54,NA,6128,90225,NA,21150,26,29
48201000265,48,201,000265,2447,1492,157,786,3,7,2,1691,1106,98,478,2,5,2,258.07,297.84,NA,6128,90225,NA,21150,26,29
48201000266,48,201,000266,4590,3025,427,1081,15,32,10,3371,2432,277,625,12,18,7,514.46,593.74,NA,6128,90225,NA,21150,26,25
48201000268,48,201,000268,5569,4055,763,711,15,22,3,3703,2848,420,404,13,15,3,565.12,652.22,NA,6128,90225,NA,21150,26,1
48201000270,48,201,000270,4351,2893,433,991,8,16,10,2995,2182,232,562,6,8,5,457.07,527.52,NA,6128,90225,NA,21150,26,25
48201000271,48,201,000271,2872,1606,136,1097,10,2,21,1838,1170,69,584,6,2,7,280.5,323.73,NA,6128,90225,NA,21150,26,25
48201000272,48,201,000272,3692,1039,688,1951,5,0,9,2321,817,475,1019,5,0,5,354.21,408.8,NA,6128,90225,NA,21150,26,25
48201000273,48,201,000273,4550,1529,543,2436,14,17,11,3006,1206,337,1432,10,12,9,458.75,529.45,NA,6128,90225,NA,21150,26,25
48201000274,48,201,000274,1632,1298,122,201,5,6,0,1216,1005,67,135,4,5,0,185.58,214.18,NA,6128,90225,NA,21150,26,25
48201000275,48,201,000275,179,134,3,37,0,5,0,132,103,3,22,0,4,0,24.02,29.09,NA,6128,90225,NA,21150,27,1
48201000302,48,201,000302,5796,1160,160,4288,10,152,26,3974,999,114,2712,10,119,20,606.48,699.95,NA,35000,91835,NA,23640,9,29
48201000303,48,201,000303,1176,40,815,311,2,7,1,806,29,596,174,1,6,0,123.01,141.96,NA,35000,91835,NA,23640,9,29
48201000306,48,201,000306,3577,256,2748,553,0,18,2,2776,234,2167,364,0,11,0,423.65,488.94,NA,35000,91835,NA,23640,9,18
48201000310,48,201,000310,6214,302,12,5861,1,3,35,4010,260,11,3707,1,3,28,611.98,706.29,NA,35000,91835,NA,23640,9,29
48201000311,48,201,000311,8774,342,13,8361,4,2,52,5557,298,13,5206,3,2,35,848.07,978.77,NA,35000,91835,NA,23640,9,29
48201000312,48,201,000312,6725,233,5,6455,1,10,21,4393,199,5,4165,1,8,15,670.43,773.75,NA,35000,91835,NA,23640,9,29
48201000315,48,201,000315,4243,608,3332,210,4,85,4,3335,555,2548,145,3,80,4,508.96,587.4,NA,35000,91835,NA,23640,9,18
48201000332,48,201,000332,10141,598,8116,1264,12,125,26,6782,551,5332,795,9,84,11,1035.02,1194.53,NA,35000,91835,NA,23640,17,25
48201000333,48,201,000333,2736,229,2071,382,4,49,1,1870,198,1385,249,4,33,1,285.39,329.37,NA,35000,91835,NA,23640,17,25
48201000334,48,201,000334,6570,1092,3390,1992,7,74,15,4344,922,2184,1170,6,49,13,662.95,765.12,NA,35000,91835,NA,23640,17,25
48201000336,48,201,000336,4332,712,1848,1678,19,62,13,2767,593,1143,965,11,46,9,422.28,487.36,NA,35000,91835,NA,23640,17,25
48201000337,48,201,000337,256,175,48,32,0,1,0,208,150,35,22,0,1,0,31.74,36.64,NA,NA,91835,NA,23640,17,25
48201000338,48,201,000338,2238,679,835,695,1,7,21,1474,549,522,391,1,6,5,224.95,259.62,NA,35000,91835,NA,23640,17,25
48201000340,48,201,000340,6569,222,6146,181,1,19,0,4993,185,4665,127,1,15,0,761.99,879.43,NA,35000,91835,NA,23640,17,25
48201000341,48,201,000341,521,145,297,75,0,4,0,356,113,188,51,0,4,0,54.33,62.7,NA,35000,91835,NA,23640,17,25
48201000342,48,201,000342,1005,443,251,269,4,38,0,699,349,152,174,3,21,0,106.68,123.12,NA,35000,91835,NA,23640,17,25
48201000344,48,201,000344,2110,988,216,781,7,116,2,1470,789,130,463,6,80,2,224.34,258.91,NA,35000,91835,NA,23640,17,29
48201000346,48,201,000346,5288,2126,892,1802,15,441,12,3759,1711,602,1140,11,291,4,573.67,662.08,NA,35000,91835,NA,34320,17,29
48201000351,48,201,000351,4265,1861,31,2286,12,60,15,2849,1462,27,1306,9,37,8,434.79,501.8,NA,56000,92975,NA,34320,17,29
48201000352,48,201,000352,0,0,0,0,0,0,0,0,0,0,0,0,0,0,0,0,NA,56000,92975,NA,16530,17,29
48201000354,48,201,000354,0,0,0,0,0,0,0,0,0,0,0,0,0,0,0,0,NA,56000,92975,NA,16530,17,29
48201000361,48,201,000361,6,6,0,0,0,0,0,5,5,0,0,0,0,0,0.76,0.88,NA,19624,93645,NA,16530,17,29
48201000362,48,201,000362,19,11,0,8,0,0,0,15,10,0,5,0,0,0,2.29,2.64,NA,41440,93645,NA,16530,17,29
48201000363,48,201,000363,6930,5667,252,887,24,95,5,4490,3762,142,512,17,54,3,685.23,790.83,NA,41440,93645,NA,26190,17,25
48201000364,48,201,000364,514,447,12,52,0,2,1,351,329,8,13,0,1,0,53.57,61.82,NA,49380,93645,NA,26190,17,25
48201000367,48,201,000367,927,896,3,25,2,1,0,675,654,3,15,2,1,0,103.01,118.89,NA,56000,93645,NA,14280,17,22
48201000369,48,201,000369,4531,4113,140,199,4,73,2,3473,3236,64,113,3,56,1,530.02,611.71,NA,71960,93645,NA,14280,17,22
48201000372,48,201,000372,8528,6733,573,680,32,510,0,5793,4647,354,431,23,338,0,884.08,1020.33,NA,27648,91835,NA,14280,27,1
48201000374,48,201,000374,6929,5884,201,531,18,293,2,5829,5074,125,414,14,200,2,889.58,1026.68,NA,50376,91835,NA,14280,27,1
48201000375,48,201,000375,8028,6470,566,664,37,277,14,5777,4760,367,421,23,197,9,881.64,1017.52,NA,27648,91835,NA,14280,27,1
48201000403,48,201,000403,6212,4489,282,1231,29,176,5,5636,4265,241,938,29,159,4,860.12,992.68,NA,35000,91835,NA,23640,9,18
48201000408,48,201,000408,2928,2712,23,112,3,77,1,2227,2062,17,87,3,58,0,339.87,392.25,NA,77956,91835,NA,23640,14,22
48201000409,48,201,000409,3850,3650,20,114,1,63,2,2822,2675,14,86,1,45,1,430.67,497.05,NA,77956,91835,NA,23640,14,22
48201000410,48,201,000410,6142,5746,10,238,8,139,1,4488,4205,8,172,8,95,0,684.92,790.48,NA,77956,91835,NA,23640,14,22
48201000411,48,201,000411,1392,1257,11,81,0,43,0,1039,936,8,63,0,32,0,158.56,183,NA,69272,91835,NA,23640,14,22
48201000421,48,201,000421,3872,3451,61,265,5,90,0,3457,3097,58,230,5,67,0,527.58,608.89,NA,35000,91835,NA,41100,25,16
48201000429,48,201,000429,3356,3053,30,170,1,102,0,2586,2377,22,121,1,65,0,394.66,455.48,NA,35000,91835,NA,23640,17,25
48201000431,48,201,000431,5022,3444,825,525,6,222,0,3790,2809,456,354,6,165,0,578.4,667.54,NA,35000,91835,NA,23640,17,22
48201000448,48,201,000448,113,101,0,8,0,4,0,85,78,0,5,0,2,0,12.97,14.97,NA,35000,91835,NA,25170,25,16
48201000450,48,201,000450,6540,5072,327,894,12,228,7,4674,3720,212,567,12,160,3,713.31,823.24,NA,35000,91835,NA,25170,25,16
48201000501,48,201,000501,24,3,0,21,0,0,0,20,3,0,17,0,0,0,3.05,3.52,NA,35000,91835,NA,23640,9,29
48201000502,48,201,000502,1113,9,609,466,0,5,24,777,8,457,290,0,2,20,118.58,136.85,NA,35000,91835,NA,23640,9,29
48201000504,48,201,000504,2324,135,541,1586,0,17,45,1561,127,407,1000,0,10,17,238.23,274.94,NA,35000,91835,NA,23640,9,29
48201000508,48,201,000508,5668,378,760,4494,7,5,24,3749,344,540,2846,4,5,10,572.14,660.32,NA,35000,91835,NA,23640,9,29
48201000510,48,201,000510,3206,20,3095,75,8,7,1,2405,13,2336,41,7,7,1,367.03,423.6,NA,35000,91835,NA,23640,9,18
48201000511,48,201,000511,5917,2376,87,3406,21,22,5,4267,2075,69,2087,14,17,5,651.2,751.56,NA,35000,91835,NA,23640,9,29
48201000512,48,201,000512,7141,3961,83,3008,17,56,16,5520,3450,72,1936,14,37,11,842.42,972.25,NA,35000,91835,NA,23640,9,29
48201000513,48,201,000513,2478,876,239,1335,2,9,17,1759,727,209,810,2,5,6,268.45,309.82,NA,35000,91835,NA,23640,9,29
48201000524,48,201,000524,1499,22,1429,41,5,2,0,1093,21,1041,26,3,2,0,166.81,192.51,NA,35000,91835,NA,23640,9,18
48201000528,48,201,000528,2189,742,826,572,1,44,4,1499,557,566,353,1,22,0,228.77,264.02,NA,35000,91835,NA,16110,25,18
48201000539,48,201,000539,16458,7530,3598,3199,37,2065,29,10616,5242,2150,1882,23,1297,22,1620.13,1869.82,NA,35000,91835,NA,07710,26,16
48201000543,48,201,000543,9310,6725,537,1530,25,486,7,6309,4710,358,912,18,307,4,962.83,1111.22,NA,35000,91835,NA,16110,25,16
48201000544,48,201,000544,19195,15121,1135,1743,33,1141,22,12513,9958,732,1067,25,723,8,1909.64,2203.94,NA,35000,92845,NA,16110,25,16
48201000546,48,201,000546,2318,1726,125,376,11,78,2,1545,1196,64,222,8,54,1,235.79,272.12,NA,NA,92845,NA,16110,25,16
48201000549,48,201,000549,2566,1839,434,267,17,8,1,1570,1210,230,120,6,3,1,239.6,276.53,NA,35000,92845,NA,44430,25,16
48201000550,48,201,000550,2290,2168,12,96,2,10,2,1528,1457,4,59,1,6,1,233.19,269.13,NA,35000,92845,NA,42960,25,16
48201000552,48,201,000552,4732,4283,33,386,17,9,4,3238,2968,22,229,11,8,0,494.16,570.32,NA,73316,92845,NA,42960,25,3
48201000553,48,201,000553,6576,5611,411,496,15,36,7,4866,4203,287,329,8,34,5,742.61,857.06,NA,73316,92845,NA,42960,25,3
48201000554,48,201,000554,983,877,11,86,5,4,0,704,645,7,48,1,3,0,107.44,124,NA,NA,92845,NA,25740,25,3
48201000557,48,201,000557,2326,2025,186,96,5,14,0,1564,1366,126,57,4,11,0,238.69,275.47,NA,73316,92845,NA,25740,25,3
48201020101,48,201,020101,2359,27,2209,84,5,33,1,1611,10,1526,49,4,21,1,245.86,283.75,NA,35000,91835,NA,23640,9,18
48201020102,48,201,020102,3837,24,3229,554,0,28,2,2367,21,2047,278,0,19,2,361.23,416.91,NA,35000,91835,NA,23640,9,18
48201020210,48,201,020210,7006,568,429,5948,10,12,39,4447,486,269,3655,7,8,22,678.67,783.26,NA,35000,91835,NA,23640,9,29
48201020220,48,201,020220,6,0,0,6,0,0,0,3,0,0,3,0,0,0,0.46,0.53,NA,35000,91835,NA,23640,9,29
48201020301,48,201,020301,3050,153,578,2288,6,8,17,2031,137,435,1435,4,7,13,309.96,357.72,NA,35000,91835,NA,23640,9,29
48201020302,48,201,020302,5560,315,41,5153,5,23,23,3536,274,26,3195,5,21,15,539.64,622.8,NA,35000,91835,NA,23640,9,29
48201020303,48,201,020303,2477,169,23,2263,3,7,12,1557,139,20,1382,3,6,7,237.62,274.24,NA,35000,91835,NA,23640,9,29
48201020501,48,201,020501,2661,15,1798,846,0,2,0,1846,14,1349,481,0,2,0,281.72,325.14,NA,35000,91835,NA,23640,9,18
48201020503,48,201,020503,1378,11,1271,89,0,6,1,1022,10,957,48,0,6,1,155.97,180.01,NA,35000,91835,NA,23640,9,18
48201020598,48,201,020598,3934,20,3152,751,2,5,4,2696,15,2198,472,2,5,4,411.44,474.85,NA,35000,91835,NA,23640,9,18
48201020601,48,201,020601,2395,21,2205,152,1,10,6,1780,20,1649,97,1,8,5,271.65,313.52,NA,35000,91835,NA,23640,9,18
48201020698,48,201,020698,2641,17,1556,1056,3,4,5,1751,10,1106,625,3,2,5,267.22,308.41,NA,35000,91835,NA,23640,9,29
48201020701,48,201,020701,1967,38,1373,549,2,5,0,1397,30,1034,326,2,5,0,213.2,246.06,NA,35000,91835,NA,23640,9,18
48201020702,48,201,020702,1871,25,1788,51,0,5,2,1270,22,1205,37,0,4,2,193.82,223.69,NA,35000,91835,NA,23640,9,18
48201020703,48,201,020703,2063,24,1848,162,0,21,8,1502,20,1364,105,0,10,3,229.22,264.55,NA,35000,91835,NA,23640,9,18
48201020704,48,201,020704,615,10,445,152,0,2,6,445,10,333,100,0,2,0,67.91,78.38,NA,35000,91835,NA,23640,9,29
48201020801,48,201,020801,1213,20,1143,47,1,2,0,891,20,838,31,0,2,0,135.98,156.93,NA,35000,91835,NA,23640,9,18
48201020802,48,201,020802,3425,19,2667,737,1,1,0,2465,13,1965,485,1,1,0,376.19,434.17,NA,35000,91835,NA,23640,9,18
48201020803,48,201,020803,4680,30,4052,589,2,3,4,3248,23,2817,400,2,3,3,495.69,572.08,NA,35000,91835,NA,23640,9,18
48201021001,48,201,021001,4396,115,3519,742,6,1,13,3447,93,2886,450,6,1,11,526.06,607.13,NA,35000,91835,NA,23640,9,18
48201021002,48,201,021002,2633,13,2601,17,1,0,1,1949,12,1927,8,1,0,1,297.44,343.28,NA,35000,91835,NA,23640,26,18
48201021199,48,201,021199,1,1,0,0,0,0,0,1,1,0,0,0,0,0,0.15,0.18,NA,35000,91835,NA,20250,26,29
48201021301,48,201,021301,2810,1303,393,1090,6,9,9,1968,1042,260,648,5,7,6,300.34,346.63,NA,35000,91835,NA,23640,26,25
48201021302,48,201,021302,11538,2106,4447,4726,22,180,57,7522,1686,2699,2958,12,130,37,1147.95,1324.87,NA,35000,91835,NA,23640,26,25
48201021401,48,201,021401,246,2,230,14,0,0,0,184,2,175,7,0,0,0,28.08,32.41,NA,35000,91835,NA,23640,9,18
48201021402,48,201,021402,3087,953,479,1610,6,21,18,2183,772,330,1051,4,16,10,333.15,384.5,NA,35000,91835,NA,23640,26,29
48201021501,48,201,021501,3156,123,2856,172,3,0,2,2218,111,1994,108,3,0,2,338.49,390.66,NA,35000,91835,NA,33060,26,18
48201021502,48,201,021502,4580,404,3737,423,1,3,12,3153,354,2517,272,1,2,7,481.19,555.35,NA,35000,91835,NA,33060,26,18
48201021503,48,201,021503,4798,114,4489,193,1,1,0,3348,96,3127,123,1,1,0,510.95,589.69,NA,35000,91835,NA,33060,9,18
48201021601,48,201,021601,2949,84,2750,109,2,3,1,2106,73,1956,71,2,3,1,321.4,370.93,NA,35000,91835,NA,23640,9,18
48201021602,48,201,021602,1538,65,1383,71,1,8,10,1135,64,1010,47,1,6,7,173.22,199.91,NA,35000,91835,NA,23640,9,18
48201021701,48,201,021701,4086,47,3249,768,7,2,13,2871,38,2308,512,2,2,9,438.15,505.68,NA,35000,91835,NA,23640,26,18
48201021702,48,201,021702,2442,68,2234,133,4,3,0,1789,60,1642,82,4,1,0,273.02,315.1,NA,35000,91835,NA,23640,26,18
48201021801,48,201,021801,1978,238,277,1429,1,15,18,1289,195,185,879,1,14,15,196.72,227.03,NA,35000,91835,NA,23640,9,29
48201021802,48,201,021802,2361,415,277,1655,4,7,3,1511,327,192,981,4,7,0,230.6,266.14,NA,35000,91835,NA,07710,9,29
48201021803,48,201,021803,1572,82,948,530,0,2,10,1070,72,682,309,0,2,5,163.3,188.46,NA,35000,91835,NA,23640,9,29
48201021804,48,201,021804,2699,98,1840,756,0,2,3,1790,85,1282,420,0,2,1,273.18,315.28,NA,35000,91835,NA,23640,9,18
48201022001,48,201,022001,2886,1187,80,1557,23,30,9,1907,927,53,880,20,22,5,291.03,335.88,NA,35000,91835,NA,23640,9,29
48201022002,48,201,022002,4078,902,994,2154,12,5,11,2527,699,584,1223,9,3,9,385.65,445.09,NA,35000,91835,NA,23640,9,29
48201022201,48,201,022201,2595,1265,56,1235,3,14,22,1709,955,32,695,3,12,12,260.81,301.01,NA,35000,91835,NA,23640,26,29
48201022202,48,201,022202,4046,1451,104,2463,6,9,13,2610,1103,60,1428,4,7,8,398.32,459.71,NA,35000,91835,NA,23640,9,29
48201022301,48,201,022301,3480,1543,339,1477,9,103,9,2353,1182,209,869,7,77,9,359.1,414.44,NA,1696,91835,NA,07710,26,18
48201022302,48,201,022302,3181,742,600,1791,6,35,7,2075,538,403,1107,3,22,2,316.67,365.47,NA,NA,91835,NA,07710,26,18
48201022303,48,201,022303,4894,1610,202,3029,10,33,10,3096,1206,105,1747,9,20,9,472.49,545.31,NA,NA,91835,NA,07710,26,29
48201022401,48,201,022401,3271,1238,148,1858,10,11,6,2162,924,92,1124,6,10,6,329.95,380.8,NA,35000,91835,NA,07710,26,29
48201022402,48,201,022402,2482,442,1277,750,5,7,1,1678,352,898,418,5,5,0,256.08,295.55,NA,35000,91835,NA,33060,26,18
48201022403,48,201,022403,7074,606,6027,382,8,42,9,4762,486,4021,212,6,30,7,726.74,838.74,NA,35000,91835,NA,33060,26,18
48201022404,48,201,022404,2868,10,2819,28,1,7,3,2141,9,2106,17,1,5,3,326.74,377.1,NA,35000,91835,NA,33060,26,18
48201022501,48,201,022501,3353,83,3142,124,2,2,0,2451,77,2287,83,2,2,0,374.05,431.7,NA,35000,91835,NA,33060,26,18
48201022502,48,201,022502,3306,37,3244,17,2,3,3,2367,30,2325,7,1,2,2,361.23,416.91,NA,35000,91835,NA,33060,26,18
48201022503,48,201,022503,2972,148,2651,165,0,8,0,1935,127,1703,101,0,4,0,295.31,340.82,NA,35000,91835,NA,33060,26,18
48201022504,48,201,022504,2797,99,2238,459,0,0,1,2035,93,1654,287,0,0,1,310.57,358.43,NA,35000,91835,NA,33060,26,18
48201022601,48,201,022601,3829,201,3442,178,3,5,0,2460,173,2176,105,3,3,0,375.43,433.29,NA,35000,91835,NA,33060,26,18
48201022602,48,201,022602,4836,307,3972,544,1,1,11,2773,246,2219,301,1,1,5,423.19,488.41,NA,35000,91835,NA,33060,26,18
48201022801,48,201,022801,12040,5119,3386,2765,56,677,37,7805,3632,2097,1592,36,426,22,1191.14,1374.71,NA,35000,91835,NA,39990,26,18
48201022802,48,201,022802,9485,5101,2536,1411,15,404,18,6713,3868,1632,909,14,280,10,1024.49,1182.38,NA,35000,91835,NA,20250,26,25
48201023001,48,201,023001,8901,6272,1360,1055,26,171,17,6270,4628,826,666,18,119,13,956.88,1104.35,NA,15628,91835,NA,20250,26,25
48201023002,48,201,023002,10440,5367,2277,2320,20,439,17,6623,3629,1359,1302,15,314,4,1010.75,1166.52,NA,14236,91835,NA,13590,26,25
48201023003,48,201,023003,6449,5395,52,931,17,50,4,4468,3829,33,553,15,34,4,681.87,786.96,NA,14236,91835,NA,13590,26,25
48201023004,48,201,023004,9946,6909,178,2757,34,60,8,6890,5068,120,1632,29,37,4,1051.5,1213.55,NA,15628,91835,NA,20250,26,25
48201023299,48,201,023299,4,2,0,2,0,0,0,4,2,0,2,0,0,0,0.61,0.7,NA,NA,91835,NA,20250,26,29
48201023399,48,201,023399,22,20,1,0,1,0,0,22,20,1,0,1,0,0,3.36,3.87,NA,NA,91835,NA,20250,26,29
48201023910,48,201,023910,3171,951,1229,963,9,15,4,2165,759,805,580,7,10,4,330.41,381.33,NA,NA,91835,NA,07710,26,18
48201023920,48,201,023920,3541,750,2126,643,16,3,3,2468,604,1464,383,11,3,3,376.65,434.69,NA,NA,91835,NA,33060,26,18
48201024001,48,201,024001,1417,1190,8,205,3,10,1,1002,860,3,129,3,6,1,152.92,176.48,NA,1696,91835,NA,07710,26,18
48201024002,48,201,024002,13447,4183,2821,6050,23,352,18,8779,3100,1691,3705,17,255,11,1339.78,1546.27,NA,35000,91835,NA,07710,26,29
48201024003,48,201,024003,2778,1890,69,673,20,116,10,1880,1375,33,369,14,81,8,286.91,331.13,NA,1696,91835,NA,07710,26,18
48201024101,48,201,024101,191,168,1,15,1,6,0,155,135,1,13,1,5,0,23.65,27.3,NA,35000,91835,NA,07710,26,18
48201024102,48,201,024102,3977,1346,1753,830,9,32,7,2547,1016,931,563,9,24,4,388.7,448.61,NA,35000,91835,NA,07710,26,29
48201024103,48,201,024103,1895,1342,127,394,10,18,4,1321,981,77,240,8,13,2,201.6,232.67,NA,NA,91835,NA,07710,26,18
48201024401,48,201,024401,6248,4651,659,813,28,90,7,4926,3783,447,597,24,70,5,751.77,867.63,NA,35000,91835,NA,07710,26,3
48201024412,48,201,024412,624,555,12,54,3,0,0,470,426,9,32,3,0,0,71.73,82.78,NA,NA,91835,NA,07710,26,3
48201024422,48,201,024422,8467,6299,993,958,15,181,21,5669,4315,618,586,13,125,12,865.16,998.49,NA,35348,91835,NA,07710,26,3
48201024512,48,201,024512,7281,5539,495,1043,33,162,9,5330,4239,294,653,26,112,6,813.42,938.79,NA,35348,91835,NA,23910,26,3
48201024522,48,201,024522,3702,2817,405,364,6,109,1,2607,2036,256,235,5,74,1,397.86,459.18,NA,35348,91835,NA,23910,26,3
48201024710,48,201,024710,7849,4461,2120,1039,40,177,12,5293,3051,1431,665,31,112,3,807.78,932.27,NA,NA,91835,NA,23910,26,1
48201024720,48,201,024720,3797,3159,282,219,2,131,4,2451,2046,176,138,2,87,2,374.05,431.7,NA,35000,91835,NA,23910,26,1
48201024901,48,201,024901,5678,5150,78,349,16,83,2,3783,3456,52,209,13,51,2,577.33,666.31,NA,39376,91835,NA,23910,26,3
48201024903,48,201,024903,6585,6228,54,236,16,47,4,4895,4665,37,149,10,31,3,747.04,862.17,NA,35000,91835,NA,23910,26,3
48201024912,48,201,024912,6480,5839,84,397,13,143,4,4188,3780,56,254,12,85,1,639.14,737.64,NA,39376,91835,NA,23910,26,3
48201024922,48,201,024922,13421,12534,166,418,20,275,8,8476,7918,117,252,15,170,4,1293.54,1492.9,NA,39376,91835,NA,23910,26,3
48201024932,48,201,024932,9235,8524,128,383,24,174,2,6204,5755,89,239,14,107,0,946.81,1092.72,NA,39376,91835,NA,23910,26,3
48201025901,48,201,025901,6727,6181,74,428,21,16,7,4774,4446,44,253,16,12,3,728.57,840.86,NA,33836,92795,NA,21150,26,25
48201025902,48,201,025902,3456,1284,1930,217,8,14,3,2311,829,1334,129,6,11,2,352.69,407.04,NA,33836,92795,NA,21150,26,25
48201026499,48,201,026499,1,1,0,0,0,0,0,1,1,0,0,0,0,0,0.15,0.18,NA,NA,90225,NA,21150,26,29
48201026701,48,201,026701,6378,4015,1235,1061,13,45,9,4135,2785,703,599,9,31,8,631.05,728.31,NA,6128,90225,NA,21150,26,25
48201026702,48,201,026702,3850,3143,233,392,7,71,4,2915,2428,155,267,4,58,3,444.87,513.43,NA,6128,90225,NA,21150,26,1
48201026703,48,201,026703,5739,3773,824,1049,7,84,2,4234,2932,530,701,5,64,2,646.16,745.74,NA,6128,90225,NA,21150,26,25
48201026901,48,201,026901,4259,3521,273,398,11,52,4,3200,2748,159,246,11,32,4,488.36,563.62,NA,6128,90225,NA,21150,26,1
48201026902,48,201,026902,3680,2813,500,334,4,17,12,2701,2178,289,213,3,12,6,412.21,475.73,NA,6128,90225,NA,21150,26,1
48201030022,48,201,030022,2600,56,427,1937,3,163,14,1544,54,163,1232,3,82,10,235.63,271.95,NA,35000,91835,NA,23640,9,29
48201030023,48,201,030023,1409,113,138,1142,3,9,4,934,100,82,739,2,7,4,142.54,164.51,NA,35000,91835,NA,23640,9,29
48201030024,48,201,030024,2152,259,1247,623,3,19,1,1546,234,934,364,3,10,1,235.94,272.3,NA,35000,91835,NA,23640,9,29
48201030101,48,201,030101,4859,239,20,4557,3,12,28,3152,203,12,2907,3,11,16,481.03,555.17,NA,35000,91835,NA,23640,9,29
48201030102,48,201,030102,5730,389,67,5256,4,6,8,3804,342,67,3382,4,5,4,580.54,670.01,NA,35000,91835,NA,23640,9,29
48201030401,48,201,030401,2489,11,2440,26,0,12,0,1779,10,1745,14,0,10,0,271.5,313.34,NA,35000,91835,NA,23640,9,18
48201030402,48,201,030402,2880,29,2771,80,0,0,0,2082,20,2017,45,0,0,0,317.74,366.71,NA,35000,91835,NA,23640,9,18
48201030501,48,201,030501,2559,10,2505,29,5,10,0,1908,8,1873,20,1,6,0,291.18,336.06,NA,35000,91835,NA,23640,9,18
48201030502,48,201,030502,2354,17,2299,30,2,6,0,1731,14,1687,26,2,2,0,264.17,304.88,NA,35000,91835,NA,23640,9,18
48201030701,48,201,030701,3524,107,3233,111,0,70,3,2658,107,2419,74,0,57,1,405.64,468.16,NA,35000,91835,NA,23640,9,18
48201030702,48,201,030702,3425,41,3328,49,1,6,0,2583,40,2503,37,1,2,0,394.2,454.95,NA,35000,91835,NA,23640,9,18
48201030810,48,201,030810,4434,1896,1659,302,8,562,7,3985,1780,1368,284,8,539,6,608.16,701.89,NA,35000,91835,NA,23640,9,18
48201030820,48,201,030820,2327,450,50,1759,2,50,16,1527,396,39,1044,2,33,13,233.04,268.95,NA,35000,91835,NA,23640,9,29
48201030901,48,201,030901,6183,1004,126,4940,17,77,19,4101,891,88,3037,12,61,12,625.86,722.32,NA,35000,91835,NA,23640,9,29
48201030902,48,201,030902,4097,378,148,3540,4,12,15,2620,332,85,2186,3,8,6,399.84,461.47,NA,35000,91835,NA,23640,9,29
48201030903,48,201,030903,4398,1100,85,3152,5,52,4,3037,978,63,1951,4,38,3,463.48,534.91,NA,35000,91835,NA,23640,9,29
48201031199,48,201,031199,2,2,0,0,0,0,0,2,2,0,0,0,0,0,0.31,0.35,NA,35000,91835,NA,23640,9,29
48201031301,48,201,031301,5219,859,183,4122,4,35,16,3384,766,75,2505,2,27,9,516.44,596.03,NA,35000,91835,NA,23640,9,29
48201031302,48,201,031302,5038,920,59,3998,4,42,15,3299,781,40,2443,4,22,9,503.47,581.06,NA,35000,91835,NA,23640,17,29
48201031401,48,201,031401,3347,108,3165,70,1,3,0,2356,99,2211,42,1,3,0,359.55,414.97,NA,35000,91835,NA,23640,9,18
48201031402,48,201,031402,4164,695,63,3316,4,69,17,2685,591,37,2003,4,39,11,409.76,472.92,NA,35000,91835,NA,23640,9,29
48201031601,48,201,031601,2434,447,1545,380,19,43,0,1934,427,1205,259,8,35,0,295.15,340.64,NA,35000,91835,NA,23640,9,18
48201031602,48,201,031602,1722,1252,143,142,4,179,2,1595,1167,130,116,4,176,2,243.42,280.93,NA,35000,91835,NA,23640,17,25
48201031701,48,201,031701,1215,578,119,161,1,339,17,1024,519,110,125,1,258,11,156.28,180.36,NA,35000,91835,NA,23640,17,18
48201031702,48,201,031702,267,85,160,17,0,2,3,210,70,121,15,0,2,2,32.05,36.99,NA,35000,91835,NA,23640,9,18
48201031703,48,201,031703,2826,46,2702,76,0,1,1,2134,44,2043,45,0,1,1,325.68,375.87,NA,35000,91835,NA,23640,9,18
48201031704,48,201,031704,4826,64,4136,609,2,9,6,3330,59,2923,339,1,6,2,508.2,586.52,NA,35000,91835,NA,23640,9,18
48201031801,48,201,031801,2330,46,2081,187,0,15,1,1719,43,1563,106,0,7,0,262.34,302.77,NA,35000,91835,NA,23640,9,18
48201031802,48,201,031802,4812,117,4295,345,5,37,13,3321,106,2958,226,4,21,6,506.83,584.94,NA,35000,91835,NA,23640,17,18
48201031803,48,201,031803,2810,120,2454,204,8,22,2,1958,111,1675,148,7,16,1,298.82,344.87,NA,35000,91835,NA,23640,17,18
48201031804,48,201,031804,2489,82,2277,129,1,0,0,1769,75,1624,69,1,0,0,269.97,311.58,NA,35000,91835,NA,23640,9,18
48201031901,48,201,031901,3682,809,433,2382,5,34,19,2400,680,229,1446,5,25,15,366.27,422.72,NA,35000,91835,NA,23640,9,29
48201031902,48,201,031902,3766,680,884,2138,0,41,23,2466,590,563,1268,0,31,14,376.34,434.34,NA,35000,91835,NA,23640,9,29
48201032001,48,201,032001,4753,1179,314,3073,8,164,15,3206,1042,197,1840,4,118,5,489.28,564.68,NA,35000,91835,NA,23640,9,29
48201032002,48,201,032002,2624,532,189,1870,2,26,5,1737,427,137,1146,2,21,4,265.09,305.94,NA,35000,91835,NA,23640,17,29
48201032003,48,201,032003,5140,1502,150,2892,2,582,12,3566,1265,100,1793,2,397,9,544.22,628.09,NA,35000,91835,NA,23640,17,29
48201032004,48,201,032004,2825,1190,247,1329,9,45,5,2022,1026,155,795,8,34,4,308.58,356.14,NA,35000,91835,NA,23640,17,29
48201032101,48,201,032101,12529,1081,1021,9787,10,585,45,8034,925,704,5976,9,387,33,1226.09,1415.05,NA,35000,91835,NA,23640,17,29
48201032102,48,201,032102,1962,126,333,1499,1,3,0,1169,107,252,806,1,3,0,178.4,205.9,NA,35000,91835,NA,23640,17,29
48201032103,48,201,032103,1933,215,16,1693,0,2,7,1196,178,15,998,0,2,3,182.52,210.65,NA,35000,91835,NA,23640,17,29
48201032201,48,201,032201,16,9,0,7,0,0,0,12,8,0,4,0,0,0,1.83,2.11,NA,35000,91835,NA,34320,17,29
48201032202,48,201,032202,4066,1914,15,2103,10,24,0,2732,1479,12,1218,6,17,0,416.94,481.19,NA,35000,91835,NA,23640,17,29
48201032203,48,201,032203,3295,1623,12,1642,3,8,7,2197,1243,6,933,3,7,5,335.29,386.96,NA,35000,91835,NA,23640,17,29
48201032204,48,201,032204,2554,1908,15,597,2,29,3,1993,1582,8,375,2,23,3,304.16,351.03,NA,35000,91835,NA,34320,17,25
48201032301,48,201,032301,5469,1850,81,3446,5,70,17,3707,1557,50,2040,5,43,12,565.73,652.92,NA,35000,91835,NA,23640,17,29
48201032302,48,201,032302,3339,1127,521,1511,2,173,5,2271,928,297,929,2,111,4,346.58,400,NA,35000,91835,NA,23640,17,25
48201032401,48,201,032401,3571,911,1239,1319,4,83,15,2588,853,818,843,1,59,14,394.96,455.83,NA,35000,91835,NA,23640,17,29
48201032402,48,201,032402,9164,2490,4190,2166,19,272,27,6864,2182,2947,1500,14,204,17,1047.53,1208.97,NA,35000,91835,NA,23640,17,18
48201032403,48,201,032403,59,41,5,13,0,0,0,57,41,5,11,0,0,0,8.7,10.04,NA,35000,91835,NA,23640,17,18
48201032404,48,201,032404,4961,1520,2129,1191,8,104,9,3809,1359,1539,818,7,80,6,581.3,670.89,NA,35000,91835,NA,23640,17,29
48201032501,48,201,032501,2448,588,176,1638,4,31,11,1678,490,113,1043,4,20,8,256.08,295.55,NA,35000,91835,NA,23640,9,29
48201032502,48,201,032502,5656,1023,2866,1717,4,32,14,3852,885,1906,1029,4,21,7,587.86,678.46,NA,35000,91835,NA,23640,17,29
48201032610,48,201,032610,3283,572,2143,559,2,3,4,2341,528,1407,401,1,3,1,357.27,412.33,NA,35000,91835,NA,23640,17,18
48201032620,48,201,032620,2713,1944,167,570,7,24,1,2084,1607,102,352,3,20,0,318.04,367.06,NA,35000,91835,NA,23640,17,18
48201032701,48,201,032701,4852,85,4671,91,4,1,0,3529,75,3382,68,3,1,0,538.57,621.57,NA,35000,91835,NA,23640,17,18
48201032702,48,201,032702,3244,68,3023,127,1,11,14,2322,65,2163,76,1,9,8,354.37,408.98,NA,35000,91835,NA,23640,17,18
48201032801,48,201,032801,5909,77,5577,193,7,55,0,3936,68,3706,126,4,32,0,600.68,693.26,NA,35000,91835,NA,23640,17,18
48201032802,48,201,032802,3691,29,3616,45,0,0,1,2695,29,2636,30,0,0,0,411.29,474.68,NA,35000,91835,NA,23640,17,18
48201032803,48,201,032803,2977,28,2922,24,1,0,2,2171,26,2126,16,1,0,2,331.32,382.38,NA,35000,91835,NA,23640,17,25
48201032901,48,201,032901,0,0,0,0,0,0,0,0,0,0,0,0,0,0,0,0,NA,35000,91835,NA,23640,17,18
48201032902,48,201,032902,3484,55,3269,147,2,11,0,2638,52,2482,92,2,10,0,402.59,464.64,NA,35000,91835,NA,23640,17,18
48201032903,48,201,032903,2771,14,2733,14,10,0,0,2093,14,2060,13,6,0,0,319.42,368.64,NA,35000,91835,NA,23640,17,18
48201033001,48,201,033001,1738,1036,469,116,3,113,1,1593,981,396,107,3,105,1,243.11,280.58,NA,35000,91835,NA,23640,17,18
48201033002,48,201,033002,3549,11,3389,57,6,83,3,2398,11,2302,36,3,43,3,365.96,422.37,NA,35000,91835,NA,23640,17,18
48201033110,48,201,033110,7150,1675,3393,1482,15,569,16,5877,1565,2736,1058,13,494,11,896.9,1035.13,NA,35000,91835,NA,23640,17,18
48201033120,48,201,033120,6146,3742,1191,538,18,647,10,5647,3524,1061,466,16,573,7,861.8,994.62,NA,35000,91835,NA,23640,17,18
48201033503,48,201,033503,3690,409,1960,1266,0,39,16,2383,354,1257,741,0,25,6,363.68,419.72,NA,35000,91835,NA,23640,17,25
48201033597,48,201,033597,5996,691,4049,1144,5,80,27,3928,529,2615,724,3,44,13,599.46,691.85,NA,35000,91835,NA,23640,17,25
48201033598,48,201,033598,3646,422,2376,806,6,32,4,2453,344,1545,532,5,25,2,374.36,432.05,NA,35000,91835,NA,23640,17,25
48201033901,48,201,033901,4,1,3,0,0,0,0,4,1,3,0,0,0,0,0.61,0.7,NA,35000,91835,NA,23640,17,25
48201033902,48,201,033902,5213,9,5179,15,3,1,6,3963,7,3939,8,3,1,5,604.8,698.01,NA,35000,91835,NA,23640,17,25
48201033903,48,201,033903,2308,26,2016,21,7,237,1,1231,24,1071,12,3,120,1,187.87,216.82,NA,35000,91835,NA,23640,17,25
48201034301,48,201,034301,4518,79,4350,84,0,5,0,3105,73,2967,60,0,5,0,473.86,546.89,NA,35000,91835,NA,23640,17,18
48201034302,48,201,034302,8354,259,7993,79,8,11,4,5300,226,5005,52,5,11,1,808.85,933.5,NA,35000,91835,NA,23640,17,18
48201034501,48,201,034501,5864,2152,2012,1541,16,123,20,3959,1725,1189,938,11,81,15,604.19,697.31,NA,35000,91835,NA,23640,17,25
48201034502,48,201,034502,4179,2937,259,762,18,201,2,3203,2368,186,503,13,133,0,488.82,564.15,NA,35000,91835,NA,34320,17,25
48201034701,48,201,034701,6480,3603,481,2100,17,270,9,4564,2757,327,1275,12,187,6,696.52,803.87,NA,35000,91835,NA,34320,17,29
48201034702,48,201,034702,4953,2764,571,1490,6,115,7,3457,2104,340,929,5,74,5,527.58,608.89,NA,35000,91835,NA,34320,17,25
48201034703,48,201,034703,1904,1425,28,422,8,21,0,1364,1056,16,269,8,15,0,208.16,240.24,NA,35000,91835,NA,34320,17,25
48201034704,48,201,034704,6004,3790,209,1808,9,180,8,4435,2973,158,1165,7,128,4,676.84,781.15,NA,35000,91835,NA,34320,17,25
48201034801,48,201,034801,4665,1002,60,3551,1,31,20,2927,795,34,2063,1,19,15,446.7,515.54,NA,69020,91835,NA,34320,17,29
48201034802,48,201,034802,9553,4201,265,4939,39,83,26,6281,3173,118,2893,28,51,18,958.56,1106.29,NA,69020,91835,NA,34320,17,29
48201034901,48,201,034901,3592,2054,15,1481,13,24,5,2499,1585,11,869,11,19,4,381.38,440.15,NA,56000,92975,NA,34320,17,29
48201034902,48,201,034902,4916,3726,28,1116,8,37,1,3779,3066,12,670,7,24,0,576.72,665.6,NA,56000,92975,NA,34320,17,25
48201035001,48,201,035001,1003,497,4,471,3,2,26,673,384,4,267,2,2,14,102.71,118.54,NA,56000,92975,NA,34320,17,29
48201035002,48,201,035002,1736,994,18,709,2,10,3,1205,766,9,420,2,6,2,183.9,212.24,NA,56000,92975,NA,34320,17,29
48201035003,48,201,035003,4452,1675,129,2500,12,125,11,3046,1296,70,1569,10,93,8,464.86,536.5,NA,56000,92975,NA,34320,17,29
48201035004,48,201,035004,4800,3006,14,1721,18,29,12,3262,2235,11,981,11,16,8,497.82,574.54,NA,56000,92975,NA,34320,17,29
48201035301,48,201,035301,3908,2381,13,1478,8,23,5,2710,1805,9,870,8,14,4,413.58,477.32,NA,56000,92975,NA,34320,17,29
48201035302,48,201,035302,6029,3396,22,2551,25,21,14,4016,2467,16,1492,15,15,11,612.89,707.35,NA,56000,92975,NA,34320,17,25
48201035499,48,201,035499,22,12,6,4,0,0,0,22,12,6,4,0,0,0,3.36,3.87,NA,NA,92975,NA,16530,17,29
48201035501,48,201,035501,6744,4453,25,2193,21,25,27,4576,3230,10,1287,14,21,14,698.35,805.98,NA,56000,92975,NA,16530,17,25
48201035502,48,201,035502,7658,5844,55,1631,51,61,16,5363,4290,31,944,39,49,10,818.46,944.6,NA,56000,92975,NA,16530,17,25
48201035601,48,201,035601,5276,2231,33,2914,16,64,18,3499,1679,16,1738,11,46,9,533.99,616.29,NA,56000,92975,NA,34320,17,29
48201035602,48,201,035602,2626,719,24,1854,6,21,2,1665,522,12,1113,3,13,2,254.1,293.26,NA,56000,92975,NA,34320,17,25
48201035603,48,201,035603,4754,3726,9,915,16,77,11,3429,2844,4,506,13,54,8,523.31,603.96,NA,56000,92975,NA,34320,17,25
48201035604,48,201,035604,3089,2001,19,989,17,58,5,2262,1595,12,593,16,42,4,345.21,398.41,NA,56000,92975,NA,34320,17,29
48201035701,48,201,035701,5999,4596,43,1266,34,58,2,4278,3412,22,781,23,38,2,652.88,753.49,NA,56000,92975,NA,34320,17,25
48201035702,48,201,035702,7238,6003,20,1127,35,47,6,5402,4652,11,673,26,37,3,824.41,951.47,NA,56000,92975,NA,34320,17,25
48201035703,48,201,035703,4871,2950,89,1740,32,51,9,3353,2167,54,1070,25,31,6,511.71,590.57,NA,56000,92975,NA,34320,17,29
48201035801,48,201,035801,3201,2082,30,1059,19,6,5,2106,1501,14,569,14,6,2,321.4,370.93,NA,56000,92975,NA,34320,17,25
48201035802,48,201,035802,4572,3608,40,813,42,65,4,3246,2626,27,517,27,46,3,495.38,571.73,NA,56000,92975,NA,16530,17,25
48201035911,48,201,035911,9386,7021,166,1805,28,355,11,6478,5028,103,1102,20,221,4,988.62,1140.98,NA,56000,92975,NA,34320,17,25
48201035912,48,201,035912,3169,2575,23,422,12,131,6,2172,1804,14,255,10,86,3,331.47,382.56,NA,56000,92975,NA,34320,17,25
48201035921,48,201,035921,6998,6163,29,613,20,164,9,5449,4850,24,447,15,108,5,831.59,959.74,NA,56000,92975,NA,34320,17,25
48201035922,48,201,035922,3060,2554,43,376,15,68,4,2074,1767,26,223,8,47,3,316.52,365.3,NA,56000,92975,NA,34320,17,25
48201035932,48,201,035932,3843,3356,32,340,9,105,1,2440,2150,21,191,8,69,1,372.37,429.76,NA,56000,92975,NA,16530,17,25
48201036001,48,201,036001,6440,5845,25,477,20,72,1,4458,4081,14,292,17,53,1,680.35,785.2,NA,19624,93645,NA,16530,17,25
48201036002,48,201,036002,8931,8099,66,669,29,56,12,6165,5658,37,404,19,39,8,940.86,1085.86,NA,19624,93645,NA,16530,17,25
48201036003,48,201,036003,6345,5638,18,591,30,66,2,4240,3806,10,356,18,48,2,647.08,746.8,NA,19624,93645,NA,16530,17,25
48201036004,48,201,036004,6020,4417,176,1273,30,117,7,3929,2955,117,753,15,84,5,599.61,692.02,NA,19624,93645,NA,16530,17,29
48201036501,48,201,036501,1287,473,693,101,6,14,0,854,361,411,68,5,9,0,130.33,150.42,NA,41440,93645,NA,26190,17,25
48201036502,48,201,036502,3079,2099,248,717,3,10,2,2180,1611,138,418,3,8,2,332.7,383.97,NA,41440,93645,NA,26190,17,25
48201036503,48,201,036503,1791,1172,179,414,6,15,5,1289,925,109,237,3,12,3,196.72,227.03,NA,41440,93645,NA,26190,17,25
48201036602,48,201,036602,3406,2818,156,402,29,0,1,2445,2118,83,224,20,0,0,373.14,430.64,NA,67688,93645,NA,26190,17,22
48201036611,48,201,036611,4195,3450,90,595,24,35,1,2881,2421,58,366,13,22,1,439.68,507.44,NA,41440,93645,NA,26190,17,25
48201036621,48,201,036621,7754,6459,250,938,19,85,3,4998,4231,152,545,14,53,3,762.76,880.31,NA,41440,93645,NA,26190,17,25
48201036631,48,201,036631,0,0,0,0,0,0,0,0,0,0,0,0,0,0,0,0,NA,41440,93645,NA,26190,17,22
48201036641,48,201,036641,1530,1366,48,107,5,4,0,1143,1045,28,65,3,2,0,174.44,201.32,NA,67688,93645,NA,26190,17,25
48201036801,48,201,036801,6471,5903,88,351,15,109,5,5284,4850,64,270,15,81,4,806.4,930.68,NA,23164,93645,NA,14280,17,22
48201036802,48,201,036802,3118,2711,61,194,18,133,1,2231,1988,35,113,9,85,1,340.48,392.95,NA,66392,93645,NA,14280,17,22
48201037010,48,201,037010,4451,3296,400,566,8,177,4,3716,2799,324,444,8,138,3,567.11,654.51,NA,35000,91835,NA,34320,17,25
48201037020,48,201,037020,12672,10432,291,687,29,1215,18,8739,7288,189,444,18,790,10,1333.68,1539.22,NA,35000,91835,NA,14280,17,25
48201037102,48,201,037102,10147,5680,1237,1986,25,1195,24,6738,4001,714,1194,21,791,17,1028.3,1186.78,NA,35000,91835,NA,34320,27,22
48201037111,48,201,037111,17513,11642,1483,2928,39,1392,29,12509,8702,946,1933,31,884,13,1909.03,2203.24,NA,35000,91835,NA,34320,27,22
48201037121,48,201,037121,11457,7898,1071,1427,24,1030,7,7832,5593,658,870,20,686,5,1195.26,1379.47,NA,35000,91835,NA,14280,27,22
48201037302,48,201,037302,10984,9483,343,617,46,487,8,8513,7420,242,454,38,352,7,1299.19,1499.41,NA,35000,91835,NA,14280,17,22
48201037303,48,201,037303,5931,4371,379,854,24,299,4,4846,3719,272,596,17,241,1,739.56,853.54,NA,35000,91835,NA,14280,27,1
48201037304,48,201,037304,2126,1320,97,635,5,67,2,1676,1106,68,447,5,48,2,255.78,295.2,NA,76948,91835,NA,14280,27,1
48201037311,48,201,037311,8305,6401,596,748,32,523,5,6561,5180,430,550,24,372,5,1001.29,1155.6,NA,35000,91835,NA,14280,27,22
48201037321,48,201,037321,7888,6354,423,574,27,506,4,5501,4480,277,374,17,352,1,839.52,968.9,NA,35000,91835,NA,14280,27,1
48201040025,48,201,040025,770,504,70,150,3,31,12,710,500,67,101,3,27,12,108.35,125.05,NA,35000,91835,NA,23640,9,18
48201040026,48,201,040026,2255,49,1421,750,0,34,1,1502,42,1000,431,0,28,1,229.22,264.55,NA,35000,91835,NA,23640,9,18
48201040101,48,201,040101,2164,1739,119,274,6,26,0,1935,1665,58,184,6,22,0,295.31,340.82,NA,35000,91835,NA,23640,9,18
48201040102,48,201,040102,2759,1420,68,1186,4,68,13,2241,1350,61,762,4,54,10,342,394.71,NA,35000,91835,NA,23640,9,29
48201040201,48,201,040201,5459,3706,113,1507,17,103,13,4813,3506,100,1094,16,87,10,734.52,847.72,NA,35000,91835,NA,23640,9,18
48201040202,48,201,040202,3835,2336,218,1190,11,66,14,3369,2228,184,877,11,58,11,514.15,593.39,NA,35000,91835,NA,23640,9,18
48201040401,48,201,040401,2643,1782,80,703,12,61,5,2280,1652,71,485,12,56,4,347.96,401.58,NA,35000,91835,NA,23640,9,18
48201040402,48,201,040402,3608,3201,62,239,3,101,2,3117,2777,46,195,3,94,2,475.69,549,NA,35000,91835,NA,23640,9,18
48201040501,48,201,040501,3040,2591,38,361,2,42,6,2790,2440,34,276,2,34,4,425.79,491.41,NA,35000,91835,NA,23640,9,16
48201040502,48,201,040502,4121,2789,102,1150,16,62,2,3621,2620,93,837,16,53,2,552.61,637.77,NA,35000,91835,NA,23640,9,18
48201040610,48,201,040610,1902,1665,17,175,4,38,3,1495,1304,15,144,4,25,3,228.16,263.32,NA,35000,91835,NA,23640,25,16
48201040620,48,201,040620,2841,2555,30,201,4,49,2,2365,2120,26,173,4,40,2,360.93,416.55,NA,35000,91835,NA,23640,25,16
48201040630,48,201,040630,2921,2751,9,125,4,30,2,2298,2155,8,101,4,28,2,350.7,404.75,NA,35000,91835,NA,23640,25,16
48201040701,48,201,040701,4929,4121,132,513,13,148,2,4519,3818,112,440,12,136,1,689.66,795.94,NA,35000,91835,NA,23640,14,16
48201040702,48,201,040702,3499,2895,90,410,6,96,2,3096,2601,77,328,6,83,1,472.49,545.31,NA,35000,91835,NA,23640,14,18
48201041201,48,201,041201,4768,4181,106,253,10,215,3,4132,3596,101,232,7,193,3,630.59,727.78,NA,35000,91835,NA,23640,17,25
48201041202,48,201,041202,4693,4085,37,302,11,254,4,3885,3355,36,250,11,229,4,592.9,684.27,NA,35000,91835,NA,23640,17,25
48201041301,48,201,041301,3693,2152,228,1067,6,237,3,2843,1806,178,678,4,175,2,433.88,500.74,NA,35000,91835,NA,23640,17,25
48201041302,48,201,041302,2495,2238,18,181,1,56,1,2029,1831,14,143,1,39,1,309.65,357.37,NA,35000,91835,NA,23640,17,25
48201041303,48,201,041303,2814,2236,121,259,4,193,1,2641,2102,113,241,4,181,0,403.05,465.17,NA,35000,91835,NA,23640,17,25
48201041401,48,201,041401,5733,4185,530,620,14,375,9,4794,3586,434,468,14,286,6,731.62,844.38,NA,35000,91835,NA,23640,17,25
48201041402,48,201,041402,2403,237,1111,856,4,181,14,1725,210,818,583,4,102,8,263.26,303.83,NA,35000,91835,NA,23640,17,18
48201041501,48,201,041501,2560,1997,182,213,3,165,0,2298,1837,151,174,3,133,0,350.7,404.75,NA,35000,91835,NA,23640,17,25
48201041502,48,201,041502,2306,1364,380,387,8,161,6,1755,1132,240,270,6,105,2,267.83,309.11,NA,35000,91835,NA,23640,17,25
48201041503,48,201,041503,3569,2814,188,360,15,189,3,2834,2292,125,271,11,134,1,432.5,499.16,NA,35000,91835,NA,23640,17,25
48201041504,48,201,041504,2635,2308,85,144,2,96,0,2094,1859,62,102,2,69,0,319.57,368.82,NA,35000,91835,NA,23640,17,25
48201041601,48,201,041601,6515,1005,735,4391,12,332,40,4214,792,454,2716,5,227,20,643.11,742.22,NA,35000,91835,NA,23640,14,18
48201041602,48,201,041602,4472,3007,201,919,8,325,12,3408,2455,136,577,4,229,7,520.1,600.26,NA,35000,91835,NA,23640,14,22
48201041603,48,201,041603,5013,3722,219,849,15,197,11,4230,3305,186,570,11,151,7,645.55,745.04,NA,35000,91835,NA,23640,17,22
48201041604,48,201,041604,2549,2344,17,79,0,109,0,2011,1869,15,58,0,69,0,306.9,354.2,NA,35000,91835,NA,23640,17,25
48201041605,48,201,041605,485,406,36,24,2,17,0,454,384,30,23,2,15,0,69.29,79.96,NA,35000,91835,NA,23640,17,25
48201041701,48,201,041701,5285,4903,10,243,5,122,2,4009,3756,7,166,3,75,2,611.82,706.11,NA,7300,91835,NA,23640,14,22
48201041702,48,201,041702,3872,3416,5,390,11,49,1,2969,2646,4,274,10,34,1,453.11,522.94,NA,7300,91835,NA,23640,14,22
48201041801,48,201,041801,2213,1959,19,188,5,40,2,1789,1613,12,131,5,26,2,273.02,315.1,NA,7300,91835,NA,23640,14,22
48201041802,48,201,041802,2474,2116,15,279,4,59,1,2063,1794,11,204,4,49,1,314.84,363.36,NA,7300,91835,NA,23640,14,22
48201041901,48,201,041901,1892,786,47,1025,1,29,4,1512,735,43,704,1,28,1,230.75,266.31,NA,35000,91835,NA,23640,14,18
48201041902,48,201,041902,2090,1809,28,217,2,34,0,1745,1528,20,163,2,32,0,266.31,307.35,NA,35000,91835,NA,23640,14,16
48201041903,48,201,041903,829,698,34,71,3,23,0,796,676,31,68,3,18,0,121.48,140.2,NA,35000,91835,NA,23640,14,18
48201041904,48,201,041904,6849,1519,761,4343,6,199,21,4883,1466,539,2705,4,157,12,745.21,860.05,NA,35000,91835,NA,23640,14,22
48201041905,48,201,041905,5973,1512,793,3351,9,274,34,4081,1197,493,2157,6,209,19,622.81,718.8,NA,35000,91835,NA,23640,14,18
48201041906,48,201,041906,12561,2335,2764,6337,17,1049,59,9528,2076,2229,4249,17,919,38,1454.09,1678.19,NA,35000,91835,NA,23640,14,18
48201042001,48,201,042001,3556,3281,12,215,4,44,0,3011,2776,12,181,2,40,0,459.52,530.33,NA,35000,91835,NA,23640,25,16
48201042002,48,201,042002,2990,2470,95,357,3,64,1,2872,2418,81,307,3,62,1,438.3,505.85,NA,35000,91835,NA,23640,25,16
48201042003,48,201,042003,4667,4242,50,274,9,92,0,4325,3936,47,248,8,86,0,660.05,761.77,NA,35000,91835,NA,23640,25,16
48201042201,48,201,042201,3010,2854,5,115,7,28,1,2503,2374,5,94,7,22,1,381.99,440.86,NA,35000,91835,NA,23640,25,16
48201042202,48,201,042202,5092,4789,20,188,10,83,2,4576,4309,16,166,10,74,1,698.35,805.98,NA,35000,91835,NA,23640,25,16
48201042203,48,201,042203,10460,9327,178,721,12,218,4,9471,8465,164,637,12,189,4,1445.39,1668.15,NA,35000,91835,NA,23640,25,16
48201042204,48,201,042204,5044,4289,152,445,6,149,3,4652,3978,142,396,6,128,2,709.95,819.37,NA,35000,91835,NA,23640,25,16
48201042301,48,201,042301,8055,4698,1104,1730,24,471,28,7136,4341,950,1378,23,425,19,1089.04,1256.88,NA,35000,91835,NA,07830,25,25
48201042302,48,201,042302,4205,2591,564,979,8,56,7,3476,2226,459,731,8,49,3,530.48,612.24,NA,35000,91835,NA,23640,14,22
48201042303,48,201,042303,3014,2478,138,310,5,78,5,2693,2229,122,262,5,70,5,410.99,474.32,NA,35000,91835,NA,23640,14,22
48201042304,48,201,042304,6035,3360,235,2304,8,121,7,5224,3158,209,1731,8,113,5,797.25,920.12,NA,35000,91835,NA,23640,14,16
48201042305,48,201,042305,7267,3311,376,3419,14,126,21,5868,3043,309,2377,10,113,16,895.53,1033.54,NA,35000,91835,NA,23640,14,16
48201042306,48,201,042306,1779,1272,245,222,4,35,1,1498,1099,194,173,3,28,1,228.61,263.85,NA,35000,91835,NA,23640,14,22
48201042307,48,201,042307,4957,2457,800,1497,10,183,10,4033,2202,597,1067,8,152,7,615.49,710.34,NA,35000,91835,NA,23640,14,25
48201042401,48,201,042401,9332,2162,2976,2757,25,1390,22,7363,1970,2268,1926,19,1164,16,1123.69,1296.86,NA,35000,91835,NA,07830,14,25
48201042402,48,201,042402,8121,2786,1484,3189,5,626,31,6071,2402,1063,2084,3,497,22,926.51,1069.3,NA,35000,91835,NA,23640,14,22
48201042403,48,201,042403,6738,3235,873,1956,10,653,11,5693,3079,654,1435,10,505,10,868.82,1002.72,NA,35000,91835,NA,23640,14,22
48201042404,48,201,042404,4815,3451,227,539,8,586,4,3780,2859,133,362,7,415,4,576.88,665.78,NA,35000,91835,NA,23640,14,22
48201042501,48,201,042501,3671,1966,1005,520,11,167,2,2902,1657,740,375,9,121,0,442.88,511.14,NA,35000,91835,NA,23640,14,25
48201042502,48,201,042502,3999,1969,737,904,3,383,3,3057,1727,435,607,3,283,2,466.54,538.44,NA,35000,91835,NA,23640,14,22
48201042503,48,201,042503,6843,4464,435,1558,14,367,5,5190,3598,264,1035,9,282,2,792.06,914.13,NA,35000,91835,NA,23640,14,22
48201042504,48,201,042504,5397,1836,868,1722,9,944,18,4204,1696,642,1148,7,706,5,641.58,740.46,NA,35000,91835,NA,23640,14,22
48201042601,48,201,042601,4171,1857,1091,837,18,357,11,3414,1656,866,612,18,256,6,521.02,601.32,NA,35000,91835,NA,23640,14,25
48201042602,48,201,042602,6551,3802,737,1833,21,150,8,4874,3150,435,1154,17,117,1,743.83,858.47,NA,35000,91835,NA,23640,14,22
48201042701,48,201,042701,5100,2516,1834,632,2,113,3,3707,2092,1114,406,2,92,1,565.73,652.92,NA,35000,91835,NA,23640,14,22
48201042798,48,201,042798,8710,3155,3754,1258,20,505,18,6157,2601,2307,849,18,368,14,939.63,1084.45,NA,35000,91835,NA,23640,14,25
48201042801,48,201,042801,2911,2663,43,150,3,52,0,2273,2091,32,106,3,41,0,346.89,400.35,NA,35000,91835,NA,23640,17,25
48201042802,48,201,042802,2677,2314,108,166,2,85,2,2108,1854,75,112,2,65,0,321.71,371.29,NA,35000,91835,NA,23640,17,22
48201043001,48,201,043001,2443,1685,239,432,4,82,1,1854,1348,147,287,4,67,1,282.94,326.55,NA,35000,91835,NA,23640,17,25
48201043002,48,201,043002,3948,330,2061,1336,6,201,14,2503,310,1188,823,4,168,10,381.99,440.86,NA,35000,91835,NA,23640,17,25
48201043298,48,201,043298,11534,2670,6976,1403,16,450,19,8451,2221,4872,981,11,358,8,1289.73,1488.49,NA,35000,91835,NA,23640,17,25
48201043310,48,201,043310,8080,5156,1881,645,11,385,2,6252,4128,1353,468,9,293,1,954.13,1101.18,NA,35000,91835,NA,23640,14,25
48201043320,48,201,043320,7117,2447,3121,650,12,871,16,4818,1667,2093,451,7,592,8,735.29,848.61,NA,35000,91835,NA,23640,14,25
48201043330,48,201,043330,6069,3061,1913,565,18,505,7,4313,2311,1250,374,12,362,4,658.22,759.66,NA,48804,91835,NA,23640,14,25
48201043401,48,201,043401,11687,4226,4837,2116,17,464,27,8368,3346,3209,1446,13,339,15,1277.06,1473.87,NA,35000,91835,NA,23640,14,25
48201043402,48,201,043402,4730,3279,460,421,9,554,7,3313,2342,302,269,7,390,3,505.61,583.53,NA,35000,91835,NA,23640,14,25
48201043501,48,201,043501,10880,4334,2210,2569,12,1729,26,7911,3548,1445,1635,10,1262,11,1207.32,1393.38,NA,35000,91835,NA,23640,14,22
48201043502,48,201,043502,10897,3275,4274,2711,28,591,18,8280,2794,3155,1824,24,472,11,1263.63,1458.38,NA,35000,91835,NA,07830,14,25
48201043601,48,201,043601,13879,6306,2991,2654,27,1866,35,9505,4746,1737,1721,21,1261,19,1450.58,1674.14,NA,35000,91835,NA,07830,14,22
48201043602,48,201,043602,12746,6034,2965,2017,17,1684,29,9078,4642,1878,1360,14,1170,14,1385.42,1598.93,NA,35000,91835,NA,07830,25,22
48201043613,48,201,043613,12812,6528,1596,1636,28,3009,15,8491,4500,940,1052,21,1973,5,1295.83,1495.54,NA,35000,91835,NA,07830,14,22
48201043623,48,201,043623,12023,6098,1615,1686,16,2590,18,8766,4709,1109,1159,14,1764,11,1337.8,1543.98,NA,35000,91835,NA,07830,14,22
48201043633,48,201,043633,6246,2467,2307,1012,9,441,10,5088,2229,1703,787,8,354,7,776.49,896.16,NA,35000,91835,NA,07830,14,25
48201043711,48,201,043711,7486,4631,749,1208,23,861,14,5274,3441,479,783,14,552,5,804.88,928.92,NA,35000,91835,NA,07830,25,16
48201043712,48,201,043712,11959,5531,1897,2104,21,2384,22,8504,4211,1228,1423,16,1620,6,1297.82,1497.83,NA,35000,91835,NA,07830,25,16
48201043721,48,201,043721,10750,6749,1094,1329,33,1526,19,6819,4347,624,828,22,989,9,1040.66,1201.05,NA,NA,91835,NA,07830,25,16
48201043722,48,201,043722,7914,3510,1778,1451,14,1155,6,5274,2532,1031,927,12,768,4,804.88,928.92,NA,35000,91835,NA,07830,25,22
48201043732,48,201,043732,6210,3425,849,880,21,1031,4,4437,2566,567,585,17,699,3,677.14,781.5,NA,35000,91835,NA,07830,25,22
48201043804,48,201,043804,6637,4415,732,1139,16,319,16,5944,4131,622,876,16,284,15,907.13,1046.93,NA,35000,91835,NA,07830,25,22
48201043806,48,201,043806,15003,9719,1584,1835,31,1804,30,11488,7753,1112,1337,25,1243,18,1753.21,2023.41,NA,35000,91835,NA,07830,25,16
48201043811,48,201,043811,2971,2629,20,109,3,210,0,2246,2015,12,86,1,132,0,342.77,395.59,NA,35000,91835,NA,25170,25,16
48201043812,48,201,043812,3078,2776,27,160,3,110,2,2278,2068,17,122,3,66,2,347.65,401.23,NA,35000,91835,NA,23640,25,16
48201043813,48,201,043813,6224,3708,610,1594,10,277,25,4578,3046,330,974,8,209,11,698.66,806.33,NA,35000,91835,NA,23640,25,16
48201043815,48,201,043815,5679,2730,1047,1359,13,509,21,3761,1967,587,814,13,368,12,573.98,662.43,NA,35000,91835,NA,07830,25,22
48201043821,48,201,043821,3824,3303,64,280,9,168,0,2859,2500,41,197,6,115,0,436.32,503.56,NA,35000,91835,NA,23640,25,16
48201043822,48,201,043822,3815,3121,115,321,6,251,1,3107,2588,93,247,6,173,0,474.17,547.24,NA,35000,91835,NA,23640,25,16
48201043823,48,201,043823,2697,2050,72,512,5,58,0,2082,1648,47,335,5,47,0,317.74,366.71,NA,35000,91835,NA,23640,25,16
48201043825,48,201,043825,8705,3667,1086,1494,21,2413,24,6030,2772,637,958,17,1633,13,920.25,1062.08,NA,35000,91835,NA,07830,25,22
48201043831,48,201,043831,9174,7638,373,746,21,385,11,8060,6806,313,618,20,293,10,1230.06,1419.63,NA,35000,91835,NA,23640,25,16
48201043832,48,201,043832,8592,4612,1110,2374,14,474,8,6510,3813,758,1580,12,342,5,993.51,1146.62,NA,35000,91835,NA,23640,25,16
48201043842,48,201,043842,7294,5838,273,757,14,410,2,5460,4425,205,555,12,263,0,833.26,961.68,NA,35000,91835,NA,23640,25,16
48201043901,48,201,043901,4974,4603,47,221,8,95,0,4075,3776,39,177,8,75,0,621.9,717.74,NA,35000,91835,NA,23640,25,22
48201043997,48,201,043997,4638,4004,88,425,10,111,0,4353,3803,81,363,10,96,0,664.32,766.7,NA,35000,91835,NA,23640,25,16
48201043998,48,201,043998,617,560,14,33,7,3,0,584,532,13,32,4,3,0,89.13,102.86,NA,35000,91835,NA,23640,25,22
48201044001,48,201,044001,1483,1282,39,117,1,44,0,1302,1138,33,98,1,32,0,198.7,229.32,NA,35000,91835,NA,41100,25,16
48201044002,48,201,044002,3954,3688,11,135,4,116,0,2985,2790,10,103,3,79,0,455.55,525.75,NA,35480,91835,NA,41100,25,16
48201044003,48,201,044003,3197,2903,15,130,4,144,1,2436,2203,11,111,4,106,1,371.76,429.06,NA,57800,91835,NA,41100,25,16
48201044004,48,201,044004,3391,3096,23,101,2,169,0,2556,2352,16,83,2,103,0,390.08,450.19,NA,11300,91835,NA,41100,25,16
48201044005,48,201,044005,2449,2176,18,117,3,135,0,2006,1809,14,93,3,87,0,306.14,353.32,NA,35000,91835,NA,41100,25,16
48201044006,48,201,044006,2633,1865,39,552,4,172,1,1984,1475,28,365,2,114,0,302.78,349.45,NA,33068,91835,NA,41100,25,18
48201044101,48,201,044101,3392,3158,6,138,2,88,0,2605,2445,4,88,2,66,0,397.56,458.82,NA,69812,91835,NA,41100,25,16
48201044102,48,201,044102,665,627,3,15,5,15,0,552,518,2,13,5,14,0,84.24,97.23,NA,34148,91835,NA,41100,25,16
48201044201,48,201,044201,2365,815,106,1213,2,222,7,1618,660,63,756,2,131,6,246.93,284.98,NA,35000,91835,NA,41100,25,29
48201044202,48,201,044202,1578,975,42,526,5,24,6,1153,783,27,319,5,15,4,175.96,203.08,NA,35000,91835,NA,41100,25,18
48201044203,48,201,044203,3938,1811,732,1297,3,77,18,2716,1461,387,799,2,56,11,414.5,478.38,NA,35000,91835,NA,41100,25,18
48201044204,48,201,044204,5263,1974,327,2738,15,198,11,3557,1603,167,1626,12,140,9,542.84,626.5,NA,35000,91835,NA,41100,25,18
48201044301,48,201,044301,11047,4218,527,5798,19,460,25,7336,3345,266,3423,11,277,14,1119.57,1292.11,NA,35000,91835,NA,41100,25,18
48201044302,48,201,044302,1359,636,29,503,2,189,0,950,494,25,312,2,117,0,144.98,167.33,NA,35000,91835,NA,41100,25,18
48201044303,48,201,044303,4656,1761,190,2489,4,196,16,3199,1450,109,1508,4,118,10,488.21,563.45,NA,35000,91835,NA,41100,25,18
48201044304,48,201,044304,4267,2165,126,1862,9,100,5,3063,1775,72,1126,9,78,3,467.45,539.49,NA,35000,91835,NA,41100,25,29
48201044305,48,201,044305,4188,2470,422,979,8,304,5,3256,2093,263,660,7,229,4,496.91,573.49,NA,35000,91835,NA,41100,25,18
48201044306,48,201,044306,4359,2568,205,1297,11,265,13,3184,2053,122,813,6,183,7,485.92,560.81,NA,35000,91835,NA,41100,25,18
48201044401,48,201,044401,4086,2656,568,679,8,167,8,3042,2233,270,403,7,127,2,464.25,535.79,NA,35000,91835,NA,41100,25,16
48201044402,48,201,044402,6419,4383,608,983,11,420,14,4933,3571,366,648,10,331,7,752.84,868.86,NA,35000,91835,NA,41100,25,16
48201044403,48,201,044403,9366,4287,1061,3459,26,524,9,6357,3354,548,2062,16,372,5,970.16,1119.67,NA,35000,91835,NA,41100,25,16
48201044404,48,201,044404,8696,3875,661,3740,19,375,26,5963,3023,377,2269,13,265,16,910.03,1050.28,NA,35000,91835,NA,41100,25,18
48201044501,48,201,044501,5572,4994,9,192,5,372,0,4240,3873,8,141,4,214,0,647.08,746.8,NA,35000,91835,NA,41100,25,16
48201044502,48,201,044502,6471,5164,108,819,7,367,6,5154,4273,68,564,7,237,5,786.56,907.79,NA,35000,91835,NA,41100,25,16
48201044601,48,201,044601,6762,5628,196,633,13,285,7,5129,4373,122,437,9,187,1,782.75,903.38,NA,35000,91835,NA,41100,25,16
48201044603,48,201,044603,6481,5874,41,324,6,228,8,4853,4452,29,220,6,142,4,740.63,854.77,NA,35000,91835,NA,41100,25,16
48201044612,48,201,044612,7373,4891,333,1349,18,752,30,5237,3680,217,835,13,476,16,799.23,922.4,NA,35000,91835,NA,41100,25,16
48201044622,48,201,044622,4338,3956,28,139,3,212,0,3327,3077,22,98,3,127,0,507.74,585.99,NA,35000,91835,NA,41100,25,16
48201044701,48,201,044701,7740,5204,328,1030,24,1144,10,5697,3983,199,669,15,826,5,869.43,1003.43,NA,35000,91835,NA,41100,25,16
48201044702,48,201,044702,9307,5749,718,2331,30,467,12,6670,4498,398,1402,19,343,10,1017.93,1174.8,NA,35000,91835,NA,41100,25,16
48201044703,48,201,044703,4592,3352,211,876,10,140,3,3384,2638,124,510,7,103,2,516.44,596.03,NA,35000,91835,NA,41100,25,16
48201044910,48,201,044910,11819,9906,371,1241,43,255,3,7662,6444,225,783,28,179,3,1169.32,1349.53,NA,38476,91835,NA,25170,25,16
48201044920,48,201,044920,17928,15532,397,1101,36,845,17,11565,10068,251,686,26,523,11,1764.96,2036.97,NA,35000,91835,NA,25170,25,16
48201045101,48,201,045101,6718,4859,454,1122,18,244,21,4336,3235,280,644,13,157,7,661.73,763.71,NA,NA,91835,NA,16110,25,16
48201045112,48,201,045112,5291,3546,454,1008,14,261,8,3246,2244,262,565,10,162,3,495.38,571.73,NA,NA,91835,NA,16110,25,16
48201045122,48,201,045122,5677,4178,405,709,8,373,4,3686,2760,240,426,6,252,2,562.53,649.22,NA,NA,91835,NA,16110,25,16
48201045132,48,201,045132,9971,7758,486,1198,24,494,11,6490,5163,294,706,16,305,6,990.45,1143.1,NA,35000,91835,NA,16110,25,16
48201045201,48,201,045201,6636,5601,116,873,20,24,2,4385,3791,63,504,8,18,1,669.21,772.34,NA,38476,91835,NA,25170,25,16
48201045212,48,201,045212,7918,6496,298,932,18,167,7,4959,4117,171,545,16,107,3,756.81,873.44,NA,35000,91835,NA,25170,25,16
48201045222,48,201,045222,7469,5588,429,1073,31,341,7,4792,3660,249,642,20,217,4,731.32,844.03,NA,35000,91835,NA,25170,25,16
48201045232,48,201,045232,5031,3434,286,1058,14,236,3,3359,2396,184,623,11,145,0,512.63,591.63,NA,NA,91835,NA,25170,25,16
48201050301,48,201,050301,6178,461,1143,4489,9,41,35,4058,415,692,2898,9,16,28,619.3,714.74,NA,35000,91835,NA,23640,9,29
48201050302,48,201,050302,5577,254,24,5245,0,8,46,3705,221,22,3426,0,7,29,565.43,652.57,NA,35000,91835,NA,23640,9,29
48201050501,48,201,050501,1114,416,18,671,6,2,1,798,360,14,418,4,2,0,121.78,140.55,NA,35000,91835,NA,23640,9,29
48201050502,48,201,050502,2157,269,312,1534,3,20,19,1496,252,255,961,3,14,11,228.31,263.49,NA,35000,91835,NA,23640,9,29
48201050601,48,201,050601,2881,1373,65,1410,6,16,11,2188,1206,51,910,6,10,5,333.92,385.38,NA,35000,91835,NA,23640,9,29
48201050602,48,201,050602,5706,3321,101,2201,12,57,14,4644,2947,78,1550,10,47,12,708.73,817.96,NA,35000,91835,NA,23640,9,29
48201050701,48,201,050701,3554,1875,26,1633,2,15,3,2751,1655,18,1064,1,11,2,419.84,484.54,NA,35000,91835,NA,23640,9,29
48201050702,48,201,050702,4752,971,25,3702,5,39,10,3219,858,19,2300,5,29,8,491.26,566.97,NA,35000,91835,NA,23640,9,29
48201050901,48,201,050901,3099,667,17,2397,5,3,10,2043,565,13,1455,2,2,6,311.79,359.84,NA,35000,91835,NA,23640,9,29
48201050902,48,201,050902,2574,64,1083,1413,0,6,8,1747,54,781,899,0,6,7,266.61,307.7,NA,35000,91835,NA,23640,9,29
48201050903,48,201,050903,5572,1611,52,3818,7,63,21,4065,1440,34,2511,7,57,16,620.37,715.98,NA,35000,91835,NA,23640,9,29
48201051401,48,201,051401,3149,719,847,1560,5,9,9,2254,641,653,942,5,7,6,343.99,397,NA,35000,91835,NA,23640,9,29
48201051402,48,201,051402,1377,57,547,769,0,2,2,1008,49,439,516,0,2,2,153.83,177.54,NA,35000,91835,NA,23640,9,29
48201051501,48,201,051501,4500,2706,356,1385,12,33,8,3594,2425,266,862,12,23,6,548.49,633.02,NA,35000,91835,NA,23640,9,18
48201051502,48,201,051502,2424,1096,80,1199,5,35,9,1900,1048,61,755,4,26,6,289.96,334.65,NA,35000,91835,NA,23640,9,29
48201051601,48,201,051601,4427,1402,43,2943,4,15,20,3032,1240,24,1738,3,10,17,462.72,534.03,NA,35000,91835,NA,23640,9,18
48201051602,48,201,051602,2288,480,44,1745,4,6,9,1492,426,35,1014,3,6,8,227.7,262.79,NA,35000,91835,NA,23640,9,29
48201051701,48,201,051701,1099,520,11,530,0,33,5,800,431,8,337,0,22,2,122.09,140.91,NA,35000,91835,NA,23640,25,29
48201051702,48,201,051702,4316,2737,482,986,8,91,12,3592,2402,370,728,8,75,9,548.18,632.67,NA,35000,91835,NA,23640,25,18
48201051703,48,201,051703,5404,1915,871,2478,25,95,20,3905,1610,577,1616,19,70,13,595.95,687.8,NA,35000,91835,NA,23640,25,18
48201051704,48,201,051704,6459,4997,235,1100,11,108,8,5564,4416,187,853,11,90,7,849.14,980,NA,35000,91835,NA,23640,25,18
48201051705,48,201,051705,249,115,90,38,2,1,3,185,89,71,23,0,1,1,28.23,32.58,NA,35000,91835,NA,23640,25,18
48201051801,48,201,051801,3851,2402,379,1021,2,47,0,2969,2036,225,665,2,41,0,453.11,522.94,NA,35000,91835,NA,23640,9,29
48201051802,48,201,051802,2681,1150,354,1101,6,58,12,1948,981,241,670,5,42,9,297.29,343.11,NA,35000,91835,NA,23640,9,29
48201051803,48,201,051803,3262,1504,380,1358,3,6,11,2438,1285,313,821,3,6,10,372.07,429.41,NA,35000,91835,NA,23640,9,18
48201051901,48,201,051901,4214,2770,587,802,2,50,3,3297,2343,373,539,2,39,1,503.16,580.71,NA,35000,91835,NA,23640,25,18
48201051902,48,201,051902,3022,736,1530,721,11,20,4,2233,639,1108,461,7,14,4,340.78,393.3,NA,35000,91835,NA,23640,9,29
48201051903,48,201,051903,3497,2861,114,500,5,14,3,2826,2379,99,334,4,9,1,431.28,497.75,NA,35000,91835,NA,23640,25,18
48201052001,48,201,052001,4620,411,3455,728,5,18,3,3330,349,2478,480,2,18,3,508.2,586.52,NA,35000,91835,NA,23640,9,18
48201052002,48,201,052002,4038,1387,277,2322,5,26,21,3002,1252,221,1492,5,23,9,458.14,528.75,NA,35000,91835,NA,23640,9,29
48201052003,48,201,052003,2655,152,2220,280,0,1,2,2028,121,1718,187,0,1,1,309.5,357.2,NA,35000,91835,NA,23640,9,18
48201052101,48,201,052101,2787,655,471,1602,7,38,14,1780,558,237,950,3,24,8,271.65,313.52,NA,35000,91835,NA,23640,26,29
48201052102,48,201,052102,4141,991,94,3021,7,14,14,2630,820,72,1716,4,10,8,401.37,463.23,NA,35000,91835,NA,23640,26,29
48201052103,48,201,052103,3869,1060,54,2710,7,19,19,2625,900,40,1654,5,12,14,400.61,462.35,NA,35000,91835,NA,23640,26,29
48201052201,48,201,052201,4633,2561,151,1856,11,37,17,3214,2027,80,1059,7,27,14,490.5,566.09,NA,35000,91835,NA,23640,26,29
48201052202,48,201,052202,6862,2705,312,3771,12,40,22,4636,2175,163,2241,12,29,16,707.51,816.55,NA,35000,91835,NA,23640,26,29
48201052301,48,201,052301,4600,1074,1806,1676,21,19,4,2949,925,1009,984,15,15,1,450.05,519.41,NA,35000,91835,NA,23640,9,18
48201052302,48,201,052302,4793,1693,1484,1514,4,80,18,3125,1353,770,930,3,56,13,476.91,550.41,NA,35000,91835,NA,23640,9,18
48201052303,48,201,052303,5022,1749,1034,2173,11,49,6,3384,1436,614,1290,10,33,1,516.44,596.03,NA,35000,91835,NA,23640,9,29
48201052501,48,201,052501,6862,3852,1805,1003,15,178,9,5488,3302,1284,742,12,141,7,837.54,966.61,NA,35000,91835,NA,23640,9,18
48201052502,48,201,052502,3723,18,3463,233,1,3,5,2554,13,2409,127,1,2,2,389.77,449.84,NA,35000,91835,NA,07710,9,18
48201052503,48,201,052503,2161,9,2114,32,3,1,2,1567,3,1539,20,2,1,2,239.14,276,NA,35000,91835,NA,07710,9,18
48201052504,48,201,052504,2643,249,2347,43,1,1,2,1945,232,1680,31,1,1,0,296.83,342.58,NA,35000,91835,NA,23640,9,18
48201052601,48,201,052601,2730,2166,105,435,2,20,2,2154,1775,74,288,1,15,1,328.73,379.39,NA,35000,91835,NA,23640,25,18
48201052602,48,201,052602,3154,2743,22,354,8,26,1,2485,2205,20,230,7,22,1,379.24,437.69,NA,35000,91835,NA,23640,25,18
48201052603,48,201,052603,3208,2402,26,708,11,54,7,2419,1930,18,427,7,32,5,369.17,426.06,NA,35000,91835,NA,23640,25,18
48201052604,48,201,052604,3751,2676,321,701,7,33,13,2868,2154,208,466,6,27,7,437.69,505.15,NA,35000,91835,NA,23640,25,18
48201052701,48,201,052701,4903,2902,331,1547,17,99,7,3492,2260,209,934,12,71,6,532.92,615.05,NA,35000,91835,NA,23640,25,18
48201052702,48,201,052702,2963,2202,124,516,10,110,1,2267,1730,93,362,9,73,0,345.97,399.29,NA,35000,91835,NA,23640,25,16
48201052703,48,201,052703,2346,1841,33,422,8,35,7,1863,1539,21,266,5,29,3,284.32,328.13,NA,35000,91835,NA,23640,25,16
48201052901,48,201,052901,4725,2644,800,1103,9,157,12,3806,2293,580,793,8,122,10,580.84,670.36,NA,35000,91835,NA,16110,25,16
48201052912,48,201,052912,2985,2353,246,329,5,51,1,2333,1899,168,221,4,41,0,356.04,410.92,NA,35000,91835,NA,16110,26,16
48201052922,48,201,052922,8472,4032,2624,1612,12,183,9,6163,3254,1633,1117,10,144,5,940.55,1085.5,NA,35000,91835,NA,23640,26,18
48201053001,48,201,053001,2061,1550,133,267,17,87,7,1594,1212,105,191,11,70,5,243.26,280.75,NA,35000,91835,NA,25740,26,16
48201053002,48,201,053002,10116,2988,6174,610,11,322,11,7006,2187,4216,369,10,220,4,1069.2,1233.98,NA,35000,91835,NA,07710,9,18
48201053003,48,201,053003,15757,8840,3706,1449,28,1727,7,11074,6619,2353,931,23,1144,4,1690.03,1950.49,NA,35000,91835,NA,25740,26,16
48201053101,48,201,053101,7522,736,5167,1340,6,260,13,4941,558,3402,786,4,182,9,754.06,870.27,NA,35000,91835,NA,07710,9,18
48201053102,48,201,053102,3835,2208,571,799,5,252,0,2824,1749,371,534,5,165,0,430.98,497.4,NA,35000,91835,NA,07710,9,18
48201053103,48,201,053103,6066,98,5767,183,8,1,9,4049,69,3861,104,7,1,7,617.93,713.16,NA,35000,91835,NA,23640,9,18
48201053201,48,201,053201,6808,4717,196,1807,6,76,6,4936,3630,137,1105,6,53,5,753.3,869.39,NA,35000,91835,NA,23640,26,18
48201053202,48,201,053202,4924,2849,92,1741,8,224,10,3333,2145,58,1007,8,110,5,508.66,587.05,NA,35000,91835,NA,23640,26,18
48201053301,48,201,053301,6901,1484,2458,2781,18,122,38,4810,1220,1647,1811,16,90,26,734.07,847.2,NA,35000,91835,NA,07710,26,18
48201053302,48,201,053302,11496,4862,2553,3785,26,248,22,7562,3670,1361,2326,20,174,11,1154.06,1331.91,NA,35000,91835,NA,07710,26,29
48201053303,48,201,053303,6812,4280,363,2011,27,121,10,4698,3196,226,1170,18,82,6,716.97,827.47,NA,1696,91835,NA,07710,26,18
48201053401,48,201,053401,9696,3482,2580,2975,33,602,24,6729,2723,1703,1860,21,410,12,1026.93,1185.19,NA,35000,91835,NA,07710,26,29
48201053402,48,201,053402,3272,1762,772,639,3,95,1,2231,1315,457,386,3,69,1,340.48,392.95,NA,35000,91835,NA,07710,9,18
48201053510,48,201,053510,2007,1458,271,201,5,67,5,1504,1141,173,146,2,38,4,229.53,264.9,NA,35000,91835,NA,41220,26,18
48201053520,48,201,053520,9568,2340,4926,2139,18,132,13,6892,1984,3283,1491,13,112,9,1051.81,1213.9,NA,35000,91835,NA,07710,26,18
48201053602,48,201,053602,6213,4710,682,675,30,101,15,5038,3926,491,507,25,78,11,768.86,887.35,NA,35000,92845,NA,41220,25,3
48201053611,48,201,053611,6013,5007,248,527,19,209,3,4435,3761,163,356,15,138,2,676.84,781.15,NA,NA,92845,NA,41220,25,3
48201053621,48,201,053621,9828,7526,877,1178,25,212,10,7636,6071,579,802,18,156,10,1165.35,1344.95,NA,NA,92845,NA,41220,25,3
48201053701,48,201,053701,7670,6196,404,632,9,420,9,5374,4424,247,428,8,261,6,820.14,946.53,NA,NA,92845,NA,41220,25,3
48201053712,48,201,053712,4049,2851,427,505,8,254,4,3013,2213,279,331,7,179,4,459.82,530.69,NA,NA,92845,NA,41220,26,16
48201053722,48,201,053722,10342,6090,2070,1909,28,237,8,8049,5033,1465,1344,24,178,5,1228.38,1417.69,NA,35000,92845,NA,41220,26,16
48201053732,48,201,053732,13729,3782,5427,2852,42,1603,23,8868,2765,3289,1701,32,1069,12,1353.37,1561.94,NA,NA,92845,NA,41220,26,18
48201053811,48,201,053811,3800,3445,67,226,8,52,2,2851,2599,48,151,8,43,2,435.1,502.15,NA,35000,92845,NA,16110,25,3
48201053812,48,201,053812,10885,8725,649,1009,19,479,4,7774,6340,409,689,17,317,2,1186.41,1369.25,NA,35000,92845,NA,25740,25,16
48201053821,48,201,053821,5064,4643,93,155,5,158,10,3952,3670,58,113,5,98,8,603.12,696.07,NA,NA,92845,NA,16110,25,3
48201053822,48,201,053822,9519,3472,2535,2100,25,1378,9,6011,2417,1483,1232,14,863,2,917.35,1058.73,NA,NA,92845,NA,25740,25,18
48201053831,48,201,053831,6553,5858,146,405,16,127,1,5278,4751,118,304,14,90,1,805.49,929.63,NA,NA,92845,NA,16110,25,3
48201054001,48,201,054001,9807,4989,1807,1792,32,1177,10,6060,3202,1051,1039,16,747,5,924.83,1067.36,NA,35000,91835,NA,25740,26,16
48201054012,48,201,054012,9770,6323,787,1882,28,742,8,6431,4332,461,1146,17,468,7,981.45,1132.71,NA,35000,91835,NA,07710,26,16
48201054022,48,201,054022,5104,4044,177,722,13,145,3,3508,2853,102,452,11,89,1,535.36,617.87,NA,35000,91835,NA,16110,26,16
48201054110,48,201,054110,3045,1618,183,1158,5,81,0,2021,1178,99,689,5,50,0,308.43,355.96,NA,NA,91835,NA,16110,25,16
48201054120,48,201,054120,24795,18788,1638,2620,45,1671,33,16844,13074,993,1638,34,1083,22,2570.6,2966.77,NA,37612,91835,NA,16110,25,16
48201054130,48,201,054130,4896,3684,385,556,11,257,3,3429,2629,260,360,10,168,2,523.31,603.96,NA,37612,91835,NA,16110,25,16
48201054202,48,201,054202,5497,2948,716,1090,8,727,8,3800,2135,459,700,7,493,6,579.93,669.3,NA,35000,91835,NA,16110,25,16
48201054211,48,201,054211,6877,4969,565,853,22,459,9,4719,3494,362,543,18,298,4,720.18,831.17,NA,35000,91835,NA,16110,25,16
48201054297,48,201,054297,10351,8146,663,1235,27,274,6,7252,5747,470,824,20,188,3,1106.75,1277.31,NA,35000,91835,NA,25170,25,16
48201054298,48,201,054298,1179,896,127,89,0,65,2,810,638,72,55,0,45,0,123.62,142.67,NA,NA,91835,NA,16110,25,16
48201054501,48,201,054501,4383,4090,33,214,5,41,0,3023,2843,22,127,5,26,0,461.35,532.45,NA,35000,92845,NA,16110,25,16
48201054512,48,201,054512,4251,3519,221,414,10,85,2,2757,2318,121,254,6,56,2,420.75,485.6,NA,35000,92845,NA,16110,25,16
48201054522,48,201,054522,7323,6559,179,399,5,180,1,5203,4682,121,282,5,112,1,794.04,916.42,NA,NA,92845,NA,16110,25,16
48201054532,48,201,054532,10971,9015,555,953,36,402,10,7363,6154,356,577,19,252,5,1123.69,1296.86,NA,35000,92845,NA,16110,25,16
48201054798,48,201,054798,661,508,97,55,0,1,0,458,357,75,25,0,1,0,69.9,80.67,NA,76228,92845,NA,44430,25,16
48201054898,48,201,054898,607,537,21,46,1,2,0,435,390,17,25,1,2,0,66.39,76.62,NA,76228,92845,NA,44430,25,16
48201055101,48,201,055101,7090,6378,192,399,19,101,1,4646,4210,119,237,10,69,1,709.04,818.31,NA,NA,92845,NA,16110,25,16
48201055112,48,201,055112,10562,9596,252,499,28,181,6,6977,6374,168,302,17,115,1,1064.78,1228.87,NA,NA,92845,NA,16110,25,16
48201055122,48,201,055122,8683,7103,394,921,22,231,12,6033,5053,238,562,17,156,7,920.71,1062.61,NA,NA,92845,NA,16110,25,16
48201055501,48,201,055501,1718,1455,123,121,4,15,0,1198,1035,82,71,3,7,0,182.83,211.01,NA,35000,92845,NA,25740,25,3
48201055512,48,201,055512,3173,2525,297,273,10,67,1,2019,1635,180,155,3,46,0,308.12,355.61,NA,35000,92845,NA,25740,25,3
48201055522,48,201,055522,12821,11159,493,711,25,430,3,8370,7364,294,430,15,265,2,1277.37,1474.23,NA,NA,92845,NA,25740,25,3
48201055532,48,201,055532,5396,4660,133,328,7,260,8,3643,3164,92,198,6,180,3,555.97,641.65,NA,NA,92845,NA,25740,25,3
48201055601,48,201,055601,5797,5351,121,269,23,32,1,3993,3717,76,167,15,17,1,609.38,703.3,NA,35000,92845,NA,25740,26,3
48201055612,48,201,055612,7860,6893,300,519,11,136,1,5067,4495,169,307,8,88,0,773.29,892.46,NA,NA,92845,NA,25740,25,3
48201055622,48,201,055622,8024,6820,302,667,11,224,0,5322,4576,174,414,9,149,0,812.2,937.38,NA,NA,92845,NA,25740,25,3
48201055801,48,201,055801,10860,9555,350,798,23,130,4,7117,6372,196,444,16,85,4,1086.14,1253.53,NA,NA,92845,NA,25740,26,3
48201055812,48,201,055812,7440,6552,240,476,14,156,2,5128,4606,133,281,12,96,0,782.6,903.21,NA,NA,92845,NA,25740,25,3
48201055822,48,201,055822,7066,6043,296,476,12,231,8,4735,4081,174,301,9,163,7,722.62,833.99,NA,NA,92845,NA,25740,25,3
48201055901,48,201,055901,7977,6555,607,721,14,76,4,5534,4616,404,452,10,51,1,844.56,974.72,NA,35000,92845,NA,41220,26,3
48201055902,48,201,055902,25145,21020,1294,2385,90,337,19,16313,13902,717,1393,67,222,12,2489.57,2873.25,NA,NA,92845,NA,41220,26,3
48203000203,48,203,000203,7500,5915,1289,231,27,34,4,5388,4391,819,131,21,23,3,997.35,1184.29,NA,46776,92430,NA,29160,11,6
48203000205,48,203,000205,7970,5569,2165,178,22,34,2,5893,4281,1468,110,11,21,2,1090.83,1295.29,NA,46776,92430,NA,29160,11,6
48203020101,48,203,020101,7120,4790,2185,93,39,10,3,5032,3482,1468,52,22,7,1,931.45,1106.04,NA,66332,94085,NA,29160,11,6
48203020102,48,203,020102,5035,3651,1266,90,11,16,1,3615,2707,838,52,9,8,1,669.16,794.58,NA,76636,94085,NA,44670,11,6
48203020298,48,203,020298,5037,4027,927,61,20,0,2,3527,2836,633,42,16,0,0,652.87,775.24,NA,50724,91715,NA,22500,11,6
48203020401,48,203,020401,4239,1661,2365,191,14,6,2,2984,1341,1500,125,11,6,1,552.35,655.89,NA,46776,92430,NA,29160,11,6
48203020402,48,203,020402,6168,1508,4494,149,6,11,0,4479,1261,3134,73,4,7,0,829.09,984.49,NA,46776,92430,NA,29160,11,6
48203020697,48,203,020697,7768,7168,436,135,17,11,1,5289,4912,284,74,10,9,0,979.02,1162.53,NA,31904,91685,NA,22170,11,6
48203020698,48,203,020698,6646,5618,833,150,29,13,3,4721,4001,590,93,24,10,3,873.88,1037.68,NA,31904,91685,NA,22170,11,6
48205009501,48,205,009501,730,683,3,36,8,0,0,502,468,2,26,6,0,0,91.61,208.11,NA,14260,90690,NA,13620,4,19
48205009502,48,205,009502,2904,2705,6,165,20,7,1,2079,1964,3,90,14,7,1,379.39,861.89,NA,18524,92850,NA,16200,4,19
48207009501,48,207,009501,1322,928,46,338,9,0,1,970,733,28,203,6,0,0,253.64,236.01,NA,62636,93285,NA,22740,8,17
48207009502,48,207,009502,1344,1087,28,219,0,10,0,1003,836,21,140,0,6,0,262.27,244.04,NA,63752,93360,NA,38280,8,17
48207009503,48,207,009503,4154,3214,165,755,6,6,8,3144,2590,107,438,5,3,1,822.1,764.96,NA,32696,91735,NA,22740,8,17
48209000101,48,209,000101,1787,1209,114,442,6,15,1,1518,1069,93,336,6,13,1,265.19,284.06,NA,65600,93430,NA,38970,1,14
48209000102,48,209,000102,5616,4279,388,873,8,64,4,5484,4187,386,837,8,62,4,958.02,1026.21,NA,65600,93430,NA,38970,1,14
48209000104,48,209,000104,3399,1174,143,2062,12,8,0,2507,955,104,1430,11,7,0,437.96,469.13,NA,65600,93430,NA,38970,1,14
48209000105,48,209,000105,2552,358,114,2069,3,1,7,1792,280,88,1413,3,1,7,313.05,335.33,NA,65600,93430,NA,38970,1,14
48209000106,48,209,000106,6129,4757,86,1235,11,30,10,4408,3516,58,799,10,19,6,770.05,824.86,NA,65600,93430,NA,38970,1,14
48209000107,48,209,000107,5497,4757,97,583,12,45,3,4578,3995,68,462,9,43,1,799.75,856.67,NA,65600,93430,NA,38970,1,14
48209010301,48,209,010301,6341,3607,351,2289,10,79,5,5323,3317,296,1628,10,69,3,929.89,996.08,NA,65600,93430,NA,38970,1,14
48209010302,48,209,010302,4230,1338,249,2601,4,30,8,2933,1142,176,1587,3,21,4,512.38,548.84,NA,65600,93430,NA,38970,1,14
48209010801,48,209,010801,7031,6410,11,539,28,39,4,4955,4560,8,340,20,23,4,865.61,927.22,NA,21424,91075,NA,00008,1,14
48209010802,48,209,010802,6324,5942,11,325,25,21,0,4937,4668,7,226,21,15,0,862.46,923.85,NA,79624,91075,NA,00009,1,14
48209010901,48,209,010901,4749,4306,31,363,15,32,2,3166,2893,23,214,8,26,2,553.08,592.44,NA,32906,92065,NA,00010,1,14
48209010902,48,209,010902,3341,2520,91,707,10,13,0,2239,1745,57,417,9,11,0,391.14,418.98,NA,11080,92065,NA,00010,1,14
48209010903,48,209,010903,4079,2242,130,1680,10,13,4,2583,1556,78,930,5,10,4,451.23,483.35,NA,51492,92065,NA,00010,1,14
48209010904,48,209,010904,4539,1762,275,2481,8,6,7,3201,1325,252,1606,8,6,4,559.19,598.99,NA,39952,92065,NA,00010,1,14
48211009501,48,211,009501,988,936,1,49,2,0,0,667,640,1,24,2,0,0,130.03,303.91,NA,NA,90615,NA,12700,4,13
48211009502,48,211,009502,2732,2339,6,363,20,4,0,1903,1692,4,189,16,2,0,370.97,867.09,NA,12412,90605,NA,12700,4,13
48213009501,48,213,009501,4356,3732,475,129,9,11,0,3355,2934,335,66,9,11,0,604.31,761.19,NA,14224,90475,NA,11640,11,10
48213009502,48,213,009502,3349,3051,195,84,12,7,0,2430,2221,137,57,10,5,0,437.7,551.33,NA,10756,90475,NA,11640,11,10
48213009503,48,213,009503,6066,5328,198,515,16,9,0,4429,3918,138,353,14,6,0,797.76,1004.87,NA,4504,90155,32010,08870,11,10
48213009504,48,213,009504,3343,3142,67,120,8,6,0,2426,2293,47,74,8,4,0,436.98,550.42,NA,4504,90155,NA,08870,11,10
48213009505,48,213,009505,1752,1705,0,44,3,0,0,1291,1262,0,26,3,0,0,232.54,292.91,NA,24828,91265,NA,18720,11,10
48213009506,48,213,009506,5750,5534,80,97,19,16,4,4572,4433,51,57,17,13,1,823.52,1037.31,NA,31592,91265,NA,28680,11,10
48213009507,48,213,009507,2820,2719,5,68,19,9,0,2055,2006,4,31,9,5,0,370.15,466.25,NA,66908,91265,NA,25320,11,10
48213009508,48,213,009508,3750,3666,7,57,10,8,2,3094,3037,7,33,9,6,2,557.3,701.98,NA,73352,91265,NA,28780,11,10
48213009509,48,213,009509,7185,6638,341,178,24,3,1,5695,5340,224,109,19,2,1,1025.79,1292.1,NA,73652,91265,NA,28780,11,10
48213009510,48,213,009510,1945,1317,521,96,2,7,2,1431,1010,335,78,2,4,2,257.75,324.67,NA,46224,91265,NA,28780,11,10
48213009511,48,213,009511,2561,2449,21,75,12,3,1,1953,1868,12,59,10,3,1,351.78,443.1,NA,43354,91265,NA,18720,11,10
48213009512,48,213,009512,5334,3295,1380,615,10,29,5,3761,2491,900,338,8,22,2,677.44,853.31,NA,4504,90155,NA,08870,11,10
48213009513,48,213,009513,5113,4150,724,214,10,15,0,3994,3327,522,126,10,9,0,719.41,906.17,NA,4504,90155,NA,08870,11,10
48213009514,48,213,009514,5017,4207,713,76,15,6,0,3845,3292,484,51,13,5,0,692.57,872.37,NA,7852,92150,NA,26220,11,10
48213951598,48,213,951598,202,202,0,0,0,0,0,150,150,0,0,0,0,0,27.02,34.03,NA,NA,91265,NA,25320,11,10
48215000201,48,215,000201,7222,660,2,6545,1,0,14,4591,623,2,3952,1,0,13,741.53,473.88,NA,48768,92600,NA,31040,6,15
48215000202,48,215,000202,12831,980,9,11811,6,8,17,7761,879,7,6852,4,7,12,1253.54,801.08,NA,48768,92600,NA,31040,6,15
48215000203,48,215,000203,7152,2979,17,4115,11,25,5,4888,2276,9,2565,10,23,5,789.5,504.53,NA,48768,92600,NA,31040,6,15
48215000206,48,215,000206,3492,68,0,3405,0,0,19,2305,48,0,2244,0,0,13,372.3,237.92,NA,45384,92340,NA,29670,6,15
48215000210,48,215,000210,7105,1430,8,5622,3,29,13,4786,1258,5,3490,3,22,8,773.03,494.01,NA,45384,92340,NA,29670,6,15
48215000211,48,215,000211,4263,248,18,3993,0,1,3,2987,231,15,2737,0,1,3,482.46,308.31,NA,45384,92340,NA,29670,6,15
48215000215,48,215,000215,4399,66,0,4319,6,0,8,2895,51,0,2834,4,0,6,467.6,298.82,NA,57200,92340,NA,34860,6,15
48215000216,48,215,000216,4207,67,1,4130,0,0,9,2701,43,1,2651,0,0,6,436.26,278.79,NA,57200,92340,NA,34860,6,15
48215000217,48,215,000217,7449,861,4,6563,8,3,10,4662,732,1,3913,6,2,8,753,481.21,NA,57200,92340,NA,34860,6,15
48215000219,48,215,000219,9297,1347,4,7925,4,3,14,5818,1229,4,4568,3,3,11,939.71,600.53,NA,1576,92340,NA,34860,6,15
48215000222,48,215,000222,8646,895,5,7721,4,1,20,5331,797,5,4513,4,0,12,861.05,550.26,NA,20884,93650,NA,17390,6,15
48215000223,48,215,000223,6607,2281,7,4251,9,52,7,4609,1877,5,2676,7,39,5,744.44,475.74,NA,77272,93650,NA,44960,6,15
48215000224,48,215,000224,6812,393,5,6382,2,15,15,4298,323,5,3951,2,7,10,694.21,443.63,NA,77272,93650,NA,44960,6,15
48215000225,48,215,000225,9446,405,3,9020,2,0,16,5322,327,2,4982,1,0,10,859.6,549.33,NA,77272,93650,NA,44960,6,15
48215000226,48,215,000226,3098,14,2,3070,0,0,12,2101,10,2,2080,0,0,9,339.35,216.86,NA,77272,93650,NA,44960,6,15
48215000228,48,215,000228,4858,282,3,4565,2,0,6,2747,210,3,2528,2,0,4,443.69,283.54,NA,59636,93650,NA,35910,6,15
48215000229,48,215,000229,4529,703,2,3815,3,0,6,3108,651,1,2449,3,0,4,502,320.8,NA,47700,93650,NA,30250,6,15
48215000230,48,215,000230,4538,497,5,4024,2,0,10,2943,409,2,2526,2,0,4,475.35,303.77,NA,47700,93650,NA,30250,6,15
48215000236,48,215,000236,5114,342,19,4734,7,0,12,3430,289,14,3116,3,0,8,554.01,354.04,NA,22660,91170,NA,18180,6,15
48215000237,48,215,000237,4889,112,9,4750,0,5,13,3107,87,6,2998,0,4,12,501.84,320.7,NA,22660,91170,NA,18180,6,15
48215000238,48,215,000238,7540,774,7,6721,13,10,15,4949,643,6,4276,8,8,8,799.35,510.83,NA,22660,91170,NA,18180,6,15
48215000240,48,215,000240,5429,624,43,4714,6,37,5,3734,506,38,3145,6,34,5,603.11,385.42,NA,22660,91170,NA,18180,6,15
48215000241,48,215,000241,22046,2864,27,19089,7,9,50,12668,2056,15,10546,7,8,36,2046.12,1307.58,NA,2212,92600,NA,31040,6,15
48215000244,48,215,000244,10961,355,0,10584,2,0,20,6488,280,0,6190,2,0,16,1047.93,669.68,NA,24036,91155,31230,18060,6,15
48215000245,48,215,000245,4574,180,0,4364,5,1,24,2657,126,0,2518,3,1,9,429.15,274.25,NA,22528,91155,31230,18060,6,15
48215000246,48,215,000246,3959,213,0,3734,1,0,11,2346,161,0,2179,1,0,5,378.92,242.15,NA,41788,91155,31230,26340,6,15
48215020401,48,215,020401,7631,1548,12,6061,2,0,8,5368,1484,8,3868,2,0,6,867.03,554.08,NA,48768,92600,NA,31040,6,15
48215020402,48,215,020402,1475,252,1,1220,0,0,2,988,229,1,756,0,0,2,159.58,101.98,NA,48768,92600,NA,31040,6,15
48215020501,48,215,020501,4983,494,2,4483,2,1,1,3345,428,2,2912,1,1,1,540.28,345.27,NA,45384,92340,NA,29670,6,15
48215020502,48,215,020502,6214,237,4,5960,6,3,4,3814,198,4,3603,3,3,3,616.03,393.68,NA,45384,92340,NA,29670,6,15
48215020503,48,215,020503,5509,84,2,5410,0,0,13,3163,46,0,3108,0,0,9,510.88,326.48,NA,45384,92340,NA,29670,6,15
48215020701,48,215,020701,3517,1049,10,2431,5,19,3,2096,671,3,1405,3,12,2,338.54,216.35,NA,45384,92340,NA,29670,6,15
48215020702,48,215,020702,9077,1305,35,7694,3,28,12,5797,1013,19,4734,2,20,9,936.32,598.36,NA,45384,92340,NA,29670,6,15
48215020703,48,215,020703,8054,785,12,7220,6,10,21,5383,705,7,4646,3,10,12,869.45,555.63,NA,45384,92340,NA,29670,6,15
48215020801,48,215,020801,7480,3094,37,4252,6,84,7,4923,2233,22,2608,4,52,4,795.16,508.15,NA,45384,92340,NA,29670,6,15
48215020802,48,215,020802,6609,2276,21,4260,2,44,6,4736,1809,13,2872,2,37,3,764.95,488.84,NA,45384,92340,NA,29670,6,15
48215020901,48,215,020901,2312,1287,5,944,2,71,3,1682,1001,3,630,2,43,3,271.67,173.61,NA,45384,92340,NA,29670,6,15
48215020902,48,215,020902,7921,2921,31,4826,18,110,15,5605,2303,19,3191,11,71,10,905.31,578.54,NA,45384,92340,NA,29670,6,15
48215021201,48,215,021201,3347,1015,15,2244,1,66,6,2564,855,14,1642,1,47,5,414.13,264.65,NA,45384,92340,NA,29670,6,15
48215021202,48,215,021202,2379,1072,3,1278,2,23,1,1878,958,2,900,2,15,1,303.33,193.85,NA,45384,92340,NA,29670,6,15
48215021301,48,215,021301,4473,95,2,4367,0,7,2,2668,71,0,2590,0,5,2,430.93,275.39,NA,33560,92340,NA,23100,6,15
48215021302,48,215,021302,4503,24,0,4469,1,0,9,2334,14,0,2312,1,0,7,376.98,240.91,NA,57200,92340,NA,34860,6,15
48215021303,48,215,021303,5050,61,0,4985,1,0,3,2767,42,0,2721,1,0,3,446.92,285.61,NA,57200,92340,NA,23100,6,15
48215021401,48,215,021401,4802,810,0,3981,3,0,8,3211,725,0,2476,3,0,7,518.64,331.44,NA,57200,92340,NA,34860,6,15
48215021402,48,215,021402,5076,1903,2,3145,6,11,9,3747,1816,2,1912,6,8,3,605.21,386.76,NA,57200,92340,NA,34860,6,15
48215021801,48,215,021801,7677,186,8,7466,1,0,16,4259,122,8,4121,1,0,7,687.91,439.61,NA,43972,92340,NA,34860,6,15
48215021802,48,215,021802,6328,341,0,5965,1,2,19,4057,297,0,3744,1,2,13,655.28,418.76,NA,65516,92340,NA,34860,6,15
48215022001,48,215,022001,4752,931,3,3790,4,4,20,3121,845,2,2256,4,3,11,504.1,322.15,NA,65516,92340,NA,34860,6,15
48215022002,48,215,022002,5929,1867,4,4035,7,4,12,3999,1691,1,2294,6,4,3,645.91,412.77,NA,1576,92340,NA,34860,6,15
48215022101,48,215,022101,5585,790,10,4754,2,8,21,3430,645,7,2760,2,5,11,554.01,354.04,NA,20884,93650,NA,17390,6,15
48215022102,48,215,022102,7071,478,8,6565,0,0,20,4366,424,7,3927,0,0,8,705.19,450.65,NA,20884,93650,NA,17390,6,15
48215022701,48,215,022701,3963,1445,12,2457,10,37,2,2902,1305,7,1556,6,28,0,468.73,299.54,NA,77272,93650,NA,44960,6,15
48215022702,48,215,022702,3937,742,1,3172,5,2,15,2527,689,1,1827,4,1,5,408.16,260.83,NA,77272,93650,NA,44960,6,15
48215023101,48,215,023101,5084,220,3,4845,1,2,13,2894,157,3,2723,1,2,8,467.43,298.72,NA,47700,93650,NA,30250,6,15
48215023102,48,215,023102,4194,269,0,3920,2,1,2,2490,217,0,2269,1,1,2,402.18,257.02,NA,47700,93650,NA,30250,6,15
48215023501,48,215,023501,9539,2128,31,7313,8,37,22,5947,1563,22,4319,6,22,15,960.55,613.84,NA,45384,91170,NA,18180,6,15
48215023502,48,215,023502,11360,1024,0,10303,0,4,29,6546,781,0,5747,0,3,15,1057.3,675.67,NA,22660,91170,NA,18180,6,15
48215023901,48,215,023901,7713,1188,35,6427,7,43,13,5082,897,25,4119,4,30,7,820.84,524.56,NA,22660,91170,NA,18180,6,15
48215023902,48,215,023902,4649,1255,4,3355,2,24,9,3006,905,2,2076,2,16,5,485.52,310.28,NA,22660,91170,NA,18180,6,15
48215024201,48,215,024201,4630,112,2,4504,6,0,6,2668,65,1,2594,3,0,5,430.93,275.39,NA,70868,93785,NA,26130,6,15
48215024202,48,215,024202,7722,893,1,6817,2,3,6,4901,868,1,4023,2,3,4,791.6,505.88,NA,1066,93785,NA,26130,6,15
48215024301,48,215,024301,1235,229,2,1004,0,0,0,815,195,2,618,0,0,0,131.64,84.12,NA,NA,93155,NA,18180,6,15
48215024302,48,215,024302,1302,209,0,1084,1,0,8,813,164,0,643,1,0,5,131.31,83.92,NA,NA,91710,31230,18180,6,15
48217009601,48,217,009601,3108,2270,391,429,9,4,5,2212,1705,236,259,8,2,2,384.15,471.57,NA,37084,91900,NA,24480,24,5
48217009602,48,217,009602,2737,2583,12,134,2,2,4,2032,1926,11,89,1,2,3,352.89,433.2,NA,9004,90355,NA,10650,24,5
48217009604,48,217,009604,1476,1444,0,23,5,4,0,1201,1177,0,17,3,4,0,208.57,256.04,NA,NA,94210,NA,45720,24,5
48217009605,48,217,009605,3797,3566,78,139,9,5,0,2911,2760,58,81,7,5,0,505.54,620.59,NA,78664,94210,NA,45720,24,5
48217009606,48,217,009606,1256,1127,95,31,3,0,0,983,904,63,13,3,0,0,170.71,209.56,NA,78664,94210,NA,45720,24,5
48217009607,48,217,009607,1768,1640,29,88,10,0,1,1320,1228,26,55,10,0,1,229.24,281.41,NA,100,91810,NA,23280,24,5
48217009608,48,217,009608,2840,2579,57,189,7,8,0,2264,2108,35,110,5,6,0,393.18,482.66,NA,34088,91810,NA,23280,24,5
48217009609,48,217,009609,2038,944,327,761,3,1,2,1381,743,189,446,2,1,0,239.83,294.41,NA,34088,91810,NA,23280,24,5
48217009610,48,217,009610,1924,917,825,177,0,5,0,1357,707,549,96,0,5,0,235.66,289.3,NA,34088,91810,NA,23280,24,5
48217009611,48,217,009611,2471,2180,142,136,11,2,0,1899,1685,106,97,9,2,0,329.79,404.84,NA,11656,91810,28800,23280,24,5
48217009612,48,217,009612,1104,937,98,69,0,0,0,801,688,71,42,0,0,0,139.11,170.76,NA,46260,92380,28800,34560,24,5
48217009613,48,217,009613,2627,2123,438,54,7,5,0,1931,1611,271,40,4,5,0,335.35,411.66,NA,35180,91845,31620,23730,24,5
48219009501,48,219,009501,1625,978,67,573,5,1,1,1081,712,42,323,2,1,1,148.5,245.21,NA,3540,90115,NA,08460,10,19
48219009502,48,219,009502,4355,3221,46,1079,7,1,1,2917,2282,29,599,6,0,1,400.72,661.69,NA,68504,92180,NA,27240,10,19
48219009503,48,219,009503,4531,3006,217,1292,6,8,2,2936,2108,119,695,6,6,2,403.33,666,NA,42448,92180,NA,27240,10,19
48219009504,48,219,009504,5317,2070,487,2720,13,7,20,3504,1593,291,1596,8,6,10,481.36,794.85,NA,42448,92180,NA,27240,10,19
48219009505,48,219,009505,4707,3793,146,733,20,10,5,3559,2960,117,457,16,4,5,488.91,807.32,NA,42448,92180,NA,27240,10,19
48219009506,48,219,009506,1556,1012,15,518,3,2,6,1056,743,10,297,2,2,2,145.07,239.54,NA,63140,93320,NA,37830,10,19
48219009507,48,219,009507,2108,1330,19,739,9,2,9,1333,925,12,385,6,2,3,183.12,302.38,NA,71060,93800,NA,41850,10,19
48221001601,48,221,001601,3835,3454,17,312,9,41,2,2939,2703,10,190,9,26,1,476.96,779.46,NA,30416,91605,NA,21390,24,17
48221001603,48,221,001603,5687,5422,3,229,24,9,0,4032,3879,2,126,18,7,0,654.34,1069.33,NA,73268,91610,10620,42900,24,17
48221160201,48,221,160201,6092,5752,9,265,33,30,3,4479,4255,5,170,26,22,1,726.89,1187.88,NA,53212,91605,NA,21390,24,17
48221160202,48,221,160202,7418,7081,10,224,46,57,0,5722,5482,8,156,40,36,0,928.61,1517.54,NA,30416,91605,NA,21390,24,17
48221160203,48,221,160203,5949,5542,13,323,35,29,7,4407,4190,6,170,21,15,5,715.2,1168.79,NA,30416,91605,NA,21390,24,17
48223009501,48,223,009501,2200,2019,58,109,10,4,0,1604,1485,41,65,9,4,0,304.1,335.09,NA,73124,92815,NA,41790,11,6
48223009502,48,223,009502,3168,2954,1,196,12,4,1,2430,2298,0,122,8,2,0,460.7,507.65,NA,18128,90930,NA,16020,11,6
48223009503,48,223,009503,3719,3346,159,175,23,9,7,2683,2415,124,114,19,6,5,508.67,560.5,NA,70904,93790,NA,41820,11,6
48223009504,48,223,009504,6974,6303,255,356,28,32,0,5173,4746,165,224,17,21,0,980.75,1080.68,NA,70904,93790,NA,41820,11,6
48223009505,48,223,009505,2951,2648,224,58,12,9,0,2134,1952,133,32,10,7,0,404.59,445.81,NA,70904,93790,NA,41820,11,6
48223009506,48,223,009506,3767,2234,1466,55,8,3,1,2777,1702,1034,32,7,1,1,526.49,580.14,NA,70904,93790,NA,41820,11,6
48223009507,48,223,009507,3748,3289,121,314,22,0,2,2716,2403,98,201,12,0,2,514.93,567.39,NA,16252,93030,NA,14880,11,6
48223009508,48,223,009508,2306,1962,185,144,6,6,3,1655,1428,123,92,6,4,2,313.77,345.74,NA,NA,93530,NA,41820,11,6
48225009501,48,225,009501,4567,3679,820,61,2,5,0,3395,2839,511,38,2,5,0,668.98,726.73,NA,30632,91635,NA,21630,20,7
48225009502,48,225,009502,1308,812,435,58,1,1,1,1022,652,333,34,1,1,1,201.38,218.77,NA,NA,93100,NA,15720,20,7
48225009503,48,225,009503,3100,1969,1019,91,2,12,7,2332,1596,684,42,1,9,0,459.52,499.18,NA,17744,90900,NA,15720,20,7
48225009504,48,225,009504,3407,1259,1943,194,0,9,2,2257,957,1155,136,0,7,2,444.74,483.13,NA,17744,90900,NA,15720,20,7
48225009505,48,225,009505,3883,3045,630,191,5,8,4,2836,2316,409,100,5,4,2,558.83,607.07,NA,17744,90900,NA,15720,20,7
48225009506,48,225,009506,1461,1045,385,26,0,5,0,1072,787,268,14,0,3,0,211.24,229.47,NA,38884,92000,NA,25470,20,7
48225009507,48,225,009507,3649,2233,1040,344,16,7,9,3077,1764,978,307,15,5,8,606.32,658.66,NA,44260,92310,NA,28410,20,7
48227009501,48,227,009501,1144,887,2,249,6,0,0,823,657,2,159,5,0,0,133.1,196.08,NA,NA,90305,NA,39120,8,17
48227009502,48,227,009502,2365,1879,2,473,7,4,0,1645,1351,2,284,5,3,0,266.04,391.93,NA,15700,90770,NA,14490,8,17
48227009503,48,227,009503,2547,450,373,1707,2,5,10,1807,380,268,1151,2,5,1,292.24,430.53,NA,8236,90300,NA,10200,8,17
48227009504,48,227,009504,3247,2237,96,860,21,30,3,2446,1828,70,505,18,22,3,395.59,582.77,NA,8236,90300,NA,10200,8,17
48227009505,48,227,009505,3797,2166,124,1476,11,3,17,2720,1742,87,871,10,3,7,439.9,648.05,NA,8236,90300,NA,10200,8,17
48227009506,48,227,009506,3795,3230,76,462,12,10,5,2832,2472,64,277,9,6,4,458.02,674.74,NA,8236,90300,NA,10200,8,17
48227009507,48,227,009507,2941,2288,61,550,28,8,6,2211,1846,41,297,18,5,4,357.58,526.78,NA,8236,90300,NA,10200,8,17
48227009508,48,227,009508,6699,4218,404,1995,18,56,8,4844,3174,267,1346,12,39,6,783.41,1154.1,NA,8236,90300,NA,10200,8,17
48227009509,48,227,009509,5808,4871,36,835,23,39,4,4298,3607,32,612,17,27,3,695.11,1024.02,NA,26640,90300,NA,19620,8,17
48229009501,48,229,009501,2023,606,4,1411,1,0,1,1303,453,4,844,1,0,1,207.22,257.71,NA,19708,90990,NA,16650,7,23
48229009502,48,229,009502,892,350,5,524,7,2,4,684,281,5,390,3,1,4,108.78,135.29,NA,NA,93565,07860,40200,7,23
48231009601,48,231,009601,2244,1909,214,75,3,43,0,1774,1515,169,52,3,35,0,269.63,378.35,NA,16240,90820,NA,14820,11,6
48231009602,48,231,009602,2225,1919,248,48,9,1,0,1656,1431,182,36,7,0,0,251.7,353.18,NA,79948,94270,NA,46350,11,6
48231009603,48,231,009603,2697,2577,45,56,14,4,1,1938,1858,33,34,8,4,1,294.56,413.33,NA,13672,90660,NA,13260,11,9
48231009604,48,231,009604,4368,3405,680,263,13,7,0,3107,2481,448,165,8,5,0,472.24,662.64,NA,30920,91640,NA,21720,11,6
48231009605,48,231,009605,3096,2401,576,97,7,15,0,2295,1864,360,54,4,13,0,348.82,489.47,NA,16240,90820,NA,14820,11,6
48231009606,48,231,009606,3081,2358,473,132,12,104,2,2471,1937,313,114,12,93,2,375.57,527,NA,16240,90820,NA,14820,11,6
48231009607,48,231,009607,3850,3618,95,104,20,10,3,2880,2737,67,58,12,6,0,437.74,614.23,NA,12112,92260,NA,28020,22,6
48231009608,48,231,009608,3854,1410,1938,488,12,5,1,2491,1000,1195,283,9,3,1,378.61,531.27,NA,30920,91640,NA,21720,11,9
48231009609,48,231,009609,4120,2701,1078,291,21,27,2,3018,2105,692,189,14,16,2,458.71,643.66,NA,30920,91640,NA,21720,22,6
48231009610,48,231,009610,3736,2716,743,250,7,17,3,2733,2048,507,160,6,12,0,415.39,582.88,NA,30920,91640,NA,21720,22,9
48231009611,48,231,009611,4519,4254,97,122,14,32,0,3292,3137,59,70,9,17,0,500.36,702.1,NA,30920,91640,NA,21720,22,6
48231009612,48,231,009612,4220,3924,135,123,6,31,1,3327,3117,99,83,5,22,1,505.68,709.57,NA,30920,91640,NA,21720,22,6
48231009613,48,231,009613,5365,4946,190,177,21,31,0,4020,3731,139,118,14,18,0,611.01,857.36,NA,30920,91640,NA,21720,22,9
48231009614,48,231,009614,3148,2886,165,93,2,2,0,2237,2064,112,58,2,1,0,340.01,477.1,NA,11716,90565,NA,12390,22,9
48231009615,48,231,009615,6785,6368,34,341,34,8,0,4828,4577,21,198,25,7,0,733.82,1029.69,NA,60140,93170,NA,36240,22,9
48231009616,48,231,009616,4989,4748,23,174,40,3,1,3694,3546,12,103,30,2,1,561.46,787.84,NA,77896,93170,NA,36240,22,6
48231009617,48,231,009617,2046,1978,2,42,18,6,0,1577,1526,2,31,12,6,0,239.69,336.33,NA,NA,93170,NA,36240,22,6
48233009502,48,233,009502,3277,2982,4,245,42,2,2,2264,2085,3,145,27,2,2,325.13,812.46,NA,70340,93750,35890,41580,4,13
48233009503,48,233,009503,701,676,0,16,9,0,0,505,488,0,11,6,0,0,72.52,181.22,NA,65384,90385,41130,39150,4,13
48233009504,48,233,009504,462,437,2,15,8,0,0,298,283,1,7,7,0,0,42.8,106.94,NA,9556,90385,41130,41580,4,13
48233009505,48,233,009505,4621,4368,26,163,61,3,0,3200,3062,12,84,40,2,0,459.55,1148.35,NA,27696,90385,NA,39150,4,13
48233009506,48,233,009506,4481,3448,369,583,68,4,9,3199,2598,240,304,48,4,5,459.41,1147.99,NA,9556,90385,NA,10890,4,13
48233009507,48,233,009507,2234,1386,104,721,19,0,4,1553,1090,61,383,15,0,4,223.03,557.31,NA,9556,90385,NA,10890,4,13
48233009508,48,233,009508,1428,1038,36,330,19,5,0,1035,791,19,205,15,5,0,148.64,371.42,NA,9556,90385,NA,10890,4,13
48233009509,48,233,009509,4781,4333,64,307,55,19,3,3548,3248,46,195,43,15,1,509.53,1273.24,NA,9556,90385,NA,10890,4,13
48233009510,48,233,009510,3704,3430,56,129,52,36,1,2614,2445,29,76,37,26,1,375.4,938.06,NA,9556,90385,NA,10890,4,13
48235009501,48,235,009501,1629,1240,2,385,1,0,1,1167,907,1,257,1,0,1,253,501,NA,47832,92545,NA,30360,13,21
48237009501,48,237,009501,1331,1289,0,34,3,5,0,1001,980,0,16,2,3,0,201.57,273.85,NA,37168,91905,NA,24530,8,17
48237009502,48,237,009502,1069,1048,0,13,8,0,0,757,746,0,8,3,0,0,152.44,207.1,NA,10960,90500,NA,11820,8,17
48237009503,48,237,009503,3409,3189,50,158,6,4,2,2497,2375,35,80,4,2,1,502.82,683.13,NA,37168,91905,NA,24530,8,17
48237009504,48,237,009504,1172,1142,1,27,1,1,0,855,836,1,16,1,1,0,172.17,233.91,NA,NA,92995,NA,34630,8,17
48239009502,48,239,009502,3889,2209,850,823,0,7,0,2783,1633,614,533,0,3,0,535.91,828.09,NA,22720,91175,NA,18210,5,14
48239009503,48,239,009503,4541,3327,196,1010,7,1,0,3244,2482,122,633,6,1,0,624.69,965.27,NA,22720,91175,NA,18210,5,14
48239950198,48,239,950198,4609,3511,149,939,6,3,1,3336,2629,117,582,4,3,1,642.4,992.64,NA,28080,91450,NA,20310,5,14
48241009501,48,241,009501,4752,3579,1101,54,13,5,0,3541,2823,673,28,12,5,0,734.79,645.52,NA,10708,91920,NA,24630,20,7
48241009502,48,241,009502,3675,2285,1200,171,4,4,11,2656,1765,793,91,3,1,3,551.14,484.19,NA,37420,91920,NA,24630,20,7
48241009503,48,241,009503,3333,1464,1793,64,4,8,0,2206,1106,1054,41,2,3,0,457.77,402.15,NA,37420,91920,NA,24630,20,7
48241009504,48,241,009504,4035,3292,624,96,13,8,2,2922,2435,424,48,9,4,2,606.34,532.68,NA,37420,91920,NA,24630,20,7
48241009505,48,241,009505,4081,3637,373,58,9,1,3,2939,2654,241,32,9,1,2,609.87,535.78,NA,39460,92040,NA,25710,20,7
48241009506,48,241,009506,2196,1752,410,25,8,0,1,1621,1330,272,14,5,0,0,336.37,295.51,NA,39460,92040,NA,25710,20,7
48241009507,48,241,009507,6650,6442,88,94,23,3,0,4719,4578,64,64,11,2,0,979.24,860.27,NA,24840,90520,NA,12090,20,7
48241009508,48,241,009508,2380,2078,263,32,0,7,0,1689,1511,155,19,0,4,0,350.48,307.9,NA,11236,90520,NA,12090,20,7
48243009501,48,243,009501,1946,1154,6,770,12,4,0,1433,886,1,531,11,4,0,273,439,NA,74648,91355,NA,20100,7,23
48245000002,48,245,000002,4288,2882,1197,147,7,47,8,3117,2261,725,93,4,30,4,812.47,534.6,NA,7000,90230,NA,09670,27,1
48245000004,48,245,000004,4264,3675,465,89,6,25,4,3430,3047,307,52,4,17,3,894.06,588.28,NA,7000,90230,NA,09670,27,1
48245000005,48,245,000005,2558,1815,669,62,5,7,0,2045,1550,442,42,5,6,0,533.05,350.74,NA,7000,90230,NA,09670,27,1
48245000006,48,245,000006,6372,2198,3891,245,9,18,11,4297,1828,2292,152,8,12,5,1120.05,736.98,NA,7000,90230,NA,09670,27,1
48245000007,48,245,000007,3455,235,3177,28,9,3,3,2326,205,2090,21,4,3,3,606.29,398.93,NA,7000,90230,NA,09670,27,1
48245000008,48,245,000008,912,4,897,11,0,0,0,696,4,686,6,0,0,0,181.42,119.37,NA,7000,90230,NA,09670,27,1
48245000009,48,245,000009,2276,208,2022,37,4,0,5,1479,176,1279,20,3,0,1,385.52,253.66,NA,7000,90230,NA,09670,27,1
48245000010,48,245,000010,1497,282,959,239,0,16,1,1090,256,671,152,0,10,1,284.12,186.95,NA,7000,90230,NA,09670,27,1
48245000011,48,245,000011,3425,2165,916,258,12,72,2,2566,1753,571,165,12,63,2,668.85,440.09,NA,7000,90230,NA,09670,27,1
48245000012,48,245,000012,2150,1030,846,202,10,60,2,1643,883,568,147,5,38,2,428.26,281.79,NA,7000,90230,NA,09670,27,1
48245000014,48,245,000014,617,148,450,19,0,0,0,431,112,308,11,0,0,0,112.34,73.92,NA,7000,90230,NA,09670,27,1
48245000015,48,245,000015,642,97,238,261,0,39,7,485,83,188,187,0,22,5,126.42,83.18,NA,7000,90230,NA,09670,27,1
48245000016,48,245,000016,911,311,554,37,3,5,1,878,305,530,35,2,5,1,228.86,150.59,NA,7000,90230,NA,09670,27,1
48245000017,48,245,000017,2171,101,2050,19,1,0,0,1623,86,1523,13,1,0,0,423.05,278.36,NA,7000,90230,NA,09670,27,1
48245000018,48,245,000018,1449,172,1232,45,0,0,0,985,160,798,27,0,0,0,256.75,168.94,NA,7000,90230,NA,09670,27,1
48245000019,48,245,000019,3064,709,1644,423,3,284,1,2000,590,990,279,2,139,0,521.32,343.02,NA,7000,90230,NA,09670,27,1
48245000020,48,245,000020,2464,547,1515,307,9,79,7,1709,454,984,213,4,51,3,445.47,293.11,NA,7000,90230,NA,09670,27,1
48245000021,48,245,000021,4125,379,3606,102,7,22,9,2884,322,2464,68,6,15,9,751.74,494.63,NA,7000,90230,NA,09670,27,1
48245000022,48,245,000022,3108,214,2857,24,4,6,3,2230,183,2020,18,2,4,3,581.27,382.47,NA,7000,90230,NA,09670,27,1
48245000023,48,245,000023,5124,158,4898,57,5,1,5,3593,136,3416,36,4,1,0,936.55,616.24,NA,7000,90230,NA,09670,27,1
48245000024,48,245,000024,2995,961,1861,117,5,43,8,2100,806,1187,69,4,29,5,547.38,360.17,NA,7000,90230,NA,09670,27,1
48245000025,48,245,000025,3592,1907,1416,190,6,71,2,2625,1577,862,125,6,53,2,684.23,450.21,NA,7000,90230,NA,09670,27,1
48245000026,48,245,000026,5125,2717,1829,210,12,350,7,4167,2359,1312,161,11,318,6,1086.17,714.68,NA,7000,90230,NA,09670,27,1
48245000051,48,245,000051,906,49,856,0,1,0,0,732,46,686,0,0,0,0,190.8,125.55,NA,58820,91130,NA,35400,27,1
48245000052,48,245,000052,226,43,156,23,2,0,2,164,32,113,18,1,0,0,42.75,28.13,NA,58820,91130,NA,35400,27,1
48245000053,48,245,000053,1614,111,1333,151,0,16,3,1139,99,927,103,0,8,2,296.89,195.35,NA,58820,91130,NA,35400,27,1
48245000054,48,245,000054,2495,241,1690,247,11,304,2,1617,205,1099,137,9,165,2,421.49,277.33,NA,58820,91130,NA,35400,27,1
48245000055,48,245,000055,3461,790,1625,265,2,775,4,2218,682,977,168,2,386,3,578.14,380.41,NA,58820,91130,NA,35400,27,1
48245000056,48,245,000056,3384,1347,960,465,1,594,17,2237,1125,557,252,0,295,8,583.09,383.67,NA,58820,91130,NA,35400,27,1
48245000057,48,245,000057,637,1,632,4,0,0,0,511,1,507,3,0,0,0,133.2,87.64,NA,58820,91130,NA,35400,27,1
48245000058,48,245,000058,477,3,471,3,0,0,0,367,3,362,2,0,0,0,95.66,62.94,NA,58820,91130,NA,35400,27,1
48245000059,48,245,000059,2228,17,2165,42,2,0,2,1422,9,1383,26,2,0,2,370.66,243.89,NA,58820,91130,NA,35400,27,1
48245000060,48,245,000060,727,10,700,16,1,0,0,600,10,573,16,1,0,0,156.4,102.91,NA,58820,91130,NA,35400,27,1
48245000061,48,245,000061,1842,26,1743,71,1,1,0,1380,21,1301,56,1,1,0,359.71,236.68,NA,58820,91130,NA,35400,27,1
48245000062,48,245,000062,1757,59,1631,66,1,0,0,1231,58,1127,45,1,0,0,320.87,211.13,NA,58820,91130,NA,35400,27,1
48245000063,48,245,000063,2288,118,2052,106,2,9,1,1556,108,1366,74,1,6,1,405.59,266.87,NA,58820,91130,NA,35400,27,1
48245000064,48,245,000064,2027,407,1260,225,6,129,0,1375,367,793,137,5,73,0,358.41,235.83,NA,58820,91130,NA,35400,27,1
48245000065,48,245,000065,3078,2164,399,367,11,135,2,2382,1800,250,247,7,77,1,620.89,408.54,NA,58820,91130,NA,35400,27,1
48245000066,48,245,000066,4833,2548,1750,427,6,100,2,3149,1930,883,282,5,48,1,820.82,540.09,NA,58820,91130,NA,35430,27,1
48245000067,48,245,000067,2661,1613,406,420,4,217,1,1971,1339,231,283,3,114,1,513.76,338.05,NA,58820,91130,NA,35400,27,1
48245000068,48,245,000068,1678,1326,127,170,1,54,0,1376,1134,83,130,1,28,0,358.67,236,NA,58820,91130,NA,35400,27,1
48245000069,48,245,000069,3509,863,2544,61,11,28,2,2602,636,1902,40,6,16,2,678.24,446.27,NA,58820,91130,NA,35400,27,1
48245000071,48,245,000071,4125,3782,127,186,21,8,1,3019,2772,94,129,16,7,1,786.93,517.79,NA,58820,91130,NA,35400,27,1
48245000101,48,245,000101,3868,3078,592,160,14,23,1,2779,2277,372,104,9,17,0,724.37,476.63,NA,7000,90230,NA,09670,27,1
48245000101,48,245,000101,2730,1373,627,579,6,143,2,1924,1146,363,337,6,70,2,501.51,329.99,NA,7000,90230,NA,09670,27,1
48245000102,48,245,000102,1897,1292,523,58,1,21,2,1334,984,302,34,1,11,2,347.72,228.79,NA,58820,91130,NA,35400,27,1
48245000102,48,245,000102,1628,1522,10,82,10,3,1,1282,1212,6,53,8,2,1,334.17,219.88,NA,58820,91130,NA,35400,27,1
48245000103,48,245,000103,2612,466,2122,24,0,0,0,1644,362,1269,13,0,0,0,428.52,281.96,NA,58820,91130,NA,35400,27,1
48245000103,48,245,000103,2731,2135,86,425,7,77,1,2103,1717,54,277,3,51,1,548.17,360.69,NA,58820,91130,NA,35400,27,1
48245000104,48,245,000104,2850,2663,27,147,1,11,1,2246,2109,27,102,1,7,0,585.44,385.21,NA,31328,91130,NA,35430,27,1
48245000105,48,245,000105,4388,3473,491,361,5,50,8,3344,2749,307,253,4,27,4,871.64,573.53,NA,31328,91130,NA,35400,27,1
48245000106,48,245,000106,5873,5351,40,442,14,18,8,4238,3887,35,291,11,10,4,1104.67,726.86,NA,31328,91130,NA,35430,27,1
48245000107,48,245,000107,3385,3209,3,153,9,1,10,2524,2402,3,106,7,1,5,657.9,432.89,NA,31328,91130,NA,35430,27,1
48245000108,48,245,000108,5036,4803,4,196,18,14,1,3725,3588,4,111,13,8,1,970.96,638.87,NA,58940,91130,NA,35430,27,1
48245000109,48,245,000109,8209,7819,35,226,25,104,0,6081,5833,26,143,18,61,0,1585.07,1042.95,NA,58940,91130,NA,35430,27,1
48245000112,48,245,000112,5911,5590,78,192,26,24,1,4383,4161,59,129,16,17,1,1142.47,751.73,NA,13972,91130,NA,32280,27,1
48245000113,48,245,000113,5845,5303,348,148,17,28,1,4204,3849,221,97,14,22,1,1095.81,721.03,NA,7000,92070,NA,22320,27,1
48245000114,48,245,000114,6821,5410,1181,198,18,11,3,4935,3966,827,120,13,7,2,1286.35,846.4,NA,14704,92770,NA,22410,27,1
48245000115,48,245,000115,1531,1315,186,28,0,0,2,1067,915,134,16,0,0,2,278.12,183,NA,51720,92770,NA,22410,27,1
48245000116,48,245,000116,1240,1115,40,73,7,5,0,885,801,26,49,4,5,0,230.68,151.79,NA,58820,93385,NA,35400,27,1
48245000301,48,245,000301,5982,4976,560,252,15,179,0,4665,3977,381,182,11,114,0,1215.98,800.09,NA,7000,90230,NA,09670,27,1
48245000302,48,245,000302,4570,4157,201,111,10,86,5,3501,3224,127,79,7,61,3,912.57,600.46,NA,7000,90230,NA,09670,27,1
48245000304,48,245,000304,6420,5490,552,307,22,46,3,4770,4209,318,195,16,29,3,1243.34,818.1,NA,7000,90230,NA,09670,27,1
48245000305,48,245,000305,7451,6414,611,232,9,178,7,5496,4812,397,160,8,117,2,1432.58,942.62,NA,7000,90230,NA,09670,27,1
48245000306,48,245,000306,4042,3737,96,150,14,43,2,3168,2963,58,106,10,29,2,825.77,543.34,NA,7000,90230,NA,09670,27,1
48245001301,48,245,001301,5419,4186,950,248,7,28,0,4318,3386,724,185,6,17,0,1125.53,740.58,NA,7000,90230,NA,09670,27,1
48245001302,48,245,001302,3116,2221,688,173,5,29,0,2010,1555,333,101,5,16,0,523.93,344.74,NA,7000,90230,NA,09670,27,1
48245001303,48,245,001303,2267,1439,720,77,8,23,0,1529,1026,436,44,5,18,0,398.55,262.24,NA,7000,90230,NA,09670,27,1
48245001899,48,245,001899,2,2,0,0,0,0,0,2,2,0,0,0,0,0,0.52,0.34,NA,NA,90230,NA,09670,27,1
48245006699,48,245,006699,8,7,0,1,0,0,0,8,7,0,1,0,0,0,2.09,1.37,NA,58820,91130,NA,35430,27,1
48245007001,48,245,007001,5765,4222,1060,330,14,138,1,4227,3287,617,217,12,93,1,1101.81,724.97,NA,58820,91130,NA,35400,27,1
48245007002,48,245,007002,1086,926,68,75,0,17,0,928,810,49,54,0,15,0,241.89,159.16,NA,58820,91130,NA,35400,27,1
48245010899,48,245,010899,0,0,0,0,0,0,0,0,0,0,0,0,0,0,0,0,NA,58940,91130,NA,35430,27,1
48245011001,48,245,011001,5172,4728,43,293,18,87,3,3744,3452,31,194,9,57,1,975.91,642.13,NA,50580,91130,NA,32280,27,1
48245011002,48,245,011002,3879,3686,5,156,14,13,5,2741,2620,4,94,9,10,4,714.47,470.11,NA,50580,91130,NA,32280,27,1
48245011101,48,245,011101,4563,4351,4,189,5,14,0,3521,3359,4,142,3,13,0,917.78,603.89,NA,50580,91130,NA,32280,27,1
48245011102,48,245,011102,2518,2407,3,97,5,6,0,1889,1820,3,56,5,5,0,492.39,323.98,NA,50580,91130,NA,32280,27,1
48245011299,48,245,011299,37,30,5,2,0,0,0,37,30,5,2,0,0,0,9.64,6.35,NA,NA,91130,NA,32280,27,1
48245011699,48,245,011699,8,4,4,0,0,0,0,8,4,4,0,0,0,0,2.09,1.37,NA,58820,93385,NA,35400,27,1
48247009501,48,247,009501,1096,96,0,996,1,1,2,770,70,0,696,1,1,2,341.48,106.96,NA,33008,92820,NA,24750,6,28
48247009502,48,247,009502,2028,210,1,1811,3,0,3,1340,156,1,1177,3,0,3,594.26,186.14,NA,33008,92820,NA,24750,6,28
48247009503,48,247,009503,1985,118,2,1852,3,2,8,1331,94,2,1227,2,1,5,590.27,184.89,NA,33008,92820,NA,24750,6,28
48249009501,48,249,009501,5336,2403,8,2899,7,7,12,3617,1775,7,1817,6,6,6,953.01,554.25,NA,54168,92910,NA,33720,6,28
48249009502,48,249,009502,6295,1315,4,4941,2,5,28,4105,959,0,3123,2,2,19,1081.59,629.03,NA,65180,90035,NA,07800,6,28
48249009503,48,249,009503,7065,2767,49,4216,10,13,10,4729,2041,26,2639,9,8,6,1246,724.65,NA,1852,90035,NA,07800,6,15
48249009504,48,249,009504,3995,1436,11,2504,8,14,22,2824,1113,7,1668,6,13,17,744.07,432.74,NA,1852,90035,NA,07800,6,28
48249009505,48,249,009505,6345,996,101,5237,0,4,7,4091,744,74,3266,0,2,5,1077.9,626.88,NA,1852,90035,NA,07800,6,28
48249009506,48,249,009506,4592,211,11,4350,5,1,14,3255,160,6,3076,3,1,9,857.63,498.78,NA,1852,90035,NA,07800,6,28
48249009507,48,249,009507,4051,964,7,3054,5,10,11,2804,732,4,2050,5,4,9,738.8,429.67,NA,59384,93140,26070,35760,6,28
48251001301,48,251,001301,2595,2297,10,268,13,1,6,1833,1619,6,193,9,1,5,267.83,379.73,NA,29972,91540,NA,20960,24,12
48251001303,48,251,001303,10308,8550,358,1204,58,131,7,7482,6338,209,799,34,96,6,1093.24,1550.01,NA,38548,90750,NA,14310,24,12
48251001305,48,251,001305,4850,4340,146,349,7,3,5,3532,3227,93,200,7,3,2,516.08,731.71,NA,30512,91625,NA,21540,24,12
48251001306,48,251,001306,5418,4964,87,337,13,17,0,3793,3499,61,208,12,13,0,554.22,785.78,NA,15364,90750,NA,14310,24,12
48251001307,48,251,001307,3857,3422,58,362,7,8,0,2793,2523,32,225,6,7,0,408.1,578.61,NA,15364,90750,NA,14310,24,12
48251001308,48,251,001308,3148,2228,152,756,6,3,3,2091,1603,79,403,3,2,1,305.53,433.18,NA,15364,90750,NA,14310,24,12
48251001309,48,251,001309,2771,1482,778,504,2,5,0,1871,1070,514,281,2,4,0,273.38,387.61,NA,15364,90750,NA,14310,24,12
48251001310,48,251,001310,4452,4298,44,79,16,15,0,3204,3103,25,57,10,9,0,468.15,663.76,NA,15364,90750,NA,14310,24,12
48251001311,48,251,001311,4635,4119,69,420,7,19,1,3482,3184,37,241,5,14,1,508.77,721.35,NA,15364,90750,NA,14310,24,12
48251130201,48,251,130201,4231,3807,38,350,23,9,4,2853,2608,19,200,18,5,3,416.87,591.04,NA,NA,90535,NA,24930,24,11
48251130202,48,251,130202,12747,12140,21,526,36,24,0,8911,8552,11,306,26,16,0,1302.04,1846.05,NA,11428,90535,NA,12180,24,11
48251130203,48,251,130203,14496,13757,36,566,61,65,11,10388,9912,27,365,44,37,3,1517.85,2152.04,NA,11428,90535,NA,12180,24,11
48251130401,48,251,130401,8334,7899,69,268,36,61,1,5857,5602,39,155,27,33,1,855.8,1213.37,NA,11428,90050,NA,12180,24,12
48251130403,48,251,130403,6747,5520,233,913,42,28,11,4672,3838,214,574,24,14,8,682.65,967.88,NA,75236,90050,NA,44010,24,12
48251130404,48,251,130404,8576,7611,350,555,52,8,0,6067,5459,216,352,34,6,0,886.48,1256.87,NA,2260,90050,NA,00011,24,12
48253000201,48,253,000201,1450,1328,9,105,3,4,1,1081,1008,8,60,2,3,0,199.11,256.51,NA,1000,91745,NA,07440,8,17
48253000202,48,253,000202,2978,2000,109,856,4,4,5,2153,1587,71,485,4,3,3,396.55,510.88,NA,3372,90110,NA,08400,8,17
48253000203,48,253,000203,2881,2079,219,563,4,16,0,2082,1584,145,338,4,11,0,383.48,494.04,NA,31964,91695,NA,22260,8,17
48253000204,48,253,000204,3911,2692,291,915,8,2,3,2917,2177,184,544,8,1,3,537.27,692.17,NA,69980,93720,NA,41400,8,17
48253000205,48,253,000205,5270,4871,23,347,20,3,6,3706,3462,16,208,14,3,3,682.59,879.4,NA,32840,91745,NA,28530,8,17
48255009701,48,255,009701,1907,1690,10,205,2,0,0,1427,1289,8,128,2,0,0,284.84,386.38,NA,25392,91285,NA,19020,6,15
48255009702,48,255,009702,3827,1698,174,1944,6,3,2,2577,1294,112,1162,5,2,2,514.39,697.76,NA,38452,91980,34410,25140,6,15
48255009703,48,255,009703,5118,2122,115,2836,8,9,28,3542,1700,84,1734,4,5,15,707.01,959.04,NA,38860,91995,34410,25440,6,15
48255009704,48,255,009704,1603,626,44,931,0,0,2,1111,484,28,597,0,0,2,221.76,300.82,NA,63788,93365,NA,38310,6,15
48257000502,48,257,000502,6803,5934,578,271,14,6,0,4718,4137,406,161,9,5,0,686.11,855.84,NA,26604,91350,NA,19560,22,9
48257000503,48,257,000503,2863,2230,306,263,13,51,0,2038,1658,178,156,12,34,0,296.37,369.69,NA,72284,93865,NA,42450,22,9
48257000504,48,257,000504,5925,4772,492,589,9,53,10,4435,3685,355,351,7,36,1,644.95,804.5,NA,72284,93865,NA,42450,22,9
48257000505,48,257,000505,3812,85,3707,16,2,2,0,2537,79,2442,13,1,2,0,368.94,460.21,NA,72284,93865,NA,42450,22,9
48257000506,48,257,000506,4811,4245,280,227,15,34,10,3408,3065,183,123,11,19,7,495.6,618.21,NA,41884,93865,NA,42450,22,9
48257000507,48,257,000507,6641,5998,319,269,36,19,0,4730,4339,213,138,25,15,0,687.85,858.02,NA,53160,93870,NA,25200,22,9
48257000508,48,257,000508,4893,4352,299,206,21,13,2,3339,3014,190,111,15,7,2,485.57,605.69,NA,17504,90875,NA,15510,22,10
48257000509,48,257,000509,1392,1049,120,217,3,2,1,1054,834,82,133,2,2,1,153.28,191.19,NA,38488,91985,NA,25200,22,9
48257000510,48,257,000510,1503,691,421,384,1,2,4,1021,497,302,216,1,2,3,148.48,185.21,NA,38488,91985,NA,25200,22,9
48257000511,48,257,000511,2411,1765,171,463,2,4,6,1713,1333,100,276,1,1,2,249.11,310.74,NA,38488,91985,NA,25200,22,9
48257000512,48,257,000512,5340,4808,210,287,22,13,0,3733,3396,141,174,15,7,0,542.86,677.16,NA,17200,91985,NA,25200,22,9
48257051398,48,257,051398,5826,5296,330,148,39,13,0,4132,3787,217,92,27,9,0,600.89,749.54,NA,45324,91990,NA,25320,22,9
48259009701,48,259,009701,3507,2774,3,719,9,2,0,2662,2190,1,460,9,2,0,291.71,960.98,NA,16228,90815,NA,14790,13,21
48259009703,48,259,009703,3570,3195,1,347,21,6,0,2663,2414,1,229,14,5,0,291.82,961.34,NA,9160,90360,NA,10710,13,21
48259009704,48,259,009704,3690,3227,28,416,11,8,0,2677,2408,9,241,11,8,0,293.35,966.4,NA,9160,90360,NA,10710,13,21
48259009705,48,259,009705,3822,2856,17,910,29,10,0,2757,2154,17,553,26,7,0,302.12,995.28,NA,9160,90360,NA,10710,13,21
48261009501,48,261,009501,460,93,0,362,0,0,5,322,73,0,244,0,0,5,110,74,NA,NA,93465,25410,NA,19,27
48263009501,48,263,009501,1010,883,6,120,1,0,0,749,668,5,75,1,0,0,266,288,NA,37468,91930,NA,24660,4,17
48265009601,48,265,009601,3688,3281,17,363,11,14,2,2904,2642,15,229,9,9,0,336.11,953.62,NA,39040,92015,NA,25590,13,21
48265009602,48,265,009602,2785,2663,7,109,1,5,0,2288,2215,3,64,1,5,0,264.81,751.34,NA,39040,92015,NA,25590,13,21
48265009603,48,265,009603,7471,6786,20,629,31,4,1,5624,5185,8,408,20,2,1,650.92,1846.82,NA,36032,91875,23970,24210,13,21
48265009604,48,265,009604,5704,4684,69,886,23,41,1,4507,3817,45,597,19,28,1,521.64,1480.02,NA,39040,92015,NA,25590,13,21
48265009605,48,265,009605,5013,2924,524,1539,11,7,8,3666,2313,362,971,11,4,5,424.3,1203.85,NA,39040,92015,NA,25590,13,21
48265009606,48,265,009606,5828,4001,109,1654,12,47,5,4501,3307,77,1075,10,30,2,520.94,1478.05,NA,39040,92015,NA,25590,13,21
48265009607,48,265,009607,3114,2820,2,281,6,4,1,2371,2195,0,166,6,3,1,274.42,778.59,NA,39040,92015,NA,25590,13,21
48265009608,48,265,009608,2701,2144,4,533,9,6,5,2012,1681,4,313,7,4,3,232.87,660.71,NA,NA,90675,NA,13350,13,21
48267009501,48,267,009501,1098,981,2,111,3,1,0,887,804,2,77,3,1,0,145.04,305.68,NA,38248,91960,NA,25020,13,21
48267009502,48,267,009502,3024,2349,0,661,2,1,11,2183,1777,0,400,2,1,3,356.96,752.32,NA,38248,91965,NA,25020,13,21
48269009501,48,269,009501,354,301,0,53,0,0,0,245,213,0,32,0,0,0,65,126,NA,NA,91670,NA,22020,4,13
48271009501,48,271,009501,3119,1463,48,1570,22,7,9,2334,1204,27,1073,20,5,5,504,655,NA,9868,90400,NA,11070,15,23
48273000201,48,273,000201,4551,2025,40,2457,7,17,5,3127,1527,40,1538,7,12,3,569.11,472.17,NA,17000,92035,36930,37320,19,27
48273000202,48,273,000202,6990,619,82,6233,10,20,26,4734,445,37,4211,7,16,18,861.58,714.83,NA,39352,92035,NA,25680,19,27
48273000203,48,273,000203,6784,2172,167,4217,18,185,25,5164,1794,141,3019,14,177,19,939.84,779.76,NA,39352,92035,39300,25680,19,15
48273000204,48,273,000204,6245,2997,520,2626,9,81,12,4592,2378,391,1751,9,58,5,835.73,693.39,NA,39352,92035,36930,25680,19,15
48273000205,48,273,000205,5704,2466,146,2996,5,78,13,3812,1823,94,1826,5,58,6,693.78,575.61,NA,39352,92035,36930,25680,19,27
48275009501,48,275,009501,2286,1710,164,401,5,2,4,1676,1340,95,232,5,2,2,406.22,352.21,NA,39700,92045,NA,25870,4,13
48275009502,48,275,009502,2551,1686,171,687,1,3,3,1831,1331,101,394,1,1,3,443.78,384.79,NA,50040,92695,NA,31970,4,13
48277000001,48,277,000001,6749,6284,319,71,67,7,1,4949,4644,219,42,37,6,1,899.98,987.97,NA,55080,93795,NA,33010,11,6
48277000002,48,277,000002,2809,2421,343,27,17,1,0,2095,1829,233,21,11,1,0,380.98,418.23,NA,63584,93355,NA,00012,11,6
48277000003,48,277,000003,5374,5081,189,44,58,1,1,3937,3733,140,23,39,1,1,715.95,785.95,NA,8812,90345,NA,35740,11,6
48277000004,48,277,000004,7187,6774,260,64,52,37,0,5282,5029,158,37,34,24,0,960.54,1054.45,NA,55080,92970,NA,33010,11,6
48277000005,48,277,000005,4581,2366,2141,47,25,2,0,3312,1795,1479,21,15,2,0,602.29,661.18,NA,55080,92970,NA,34290,11,6
48277000006,48,277,000006,3516,1762,1653,26,69,4,2,2451,1358,1030,17,42,3,1,445.72,489.3,NA,55080,92970,NA,34290,11,6
48277000007,48,277,000007,2903,2538,289,32,26,16,2,2206,1979,179,19,18,11,0,401.16,440.39,NA,55080,92970,NA,34290,11,6
48277000008,48,277,000008,3653,2699,826,74,37,17,0,2629,2069,479,45,23,13,0,478.09,524.83,NA,55080,92970,NA,34290,11,6
48277000009,48,277,000009,3756,3592,87,42,17,18,0,2931,2813,68,25,12,13,0,533.01,585.12,NA,55080,92970,NA,34290,11,6
48277000010,48,277,000010,3421,3029,262,48,35,44,3,2718,2443,169,41,24,41,0,494.27,542.6,NA,55080,92970,NA,34290,11,6
48279009501,48,279,009501,2795,1386,62,1329,7,11,0,1874,1076,45,739,7,7,0,306.71,491.49,NA,54012,92900,NA,33660,10,13
48279009502,48,279,009502,2035,1174,70,787,4,0,0,1386,882,44,456,4,0,0,226.84,363.5,NA,21928,91105,NA,41250,10,13
48279009503,48,279,009503,2476,1661,170,631,13,0,1,1777,1306,109,351,10,0,1,290.84,466.05,NA,3084,93775,NA,41760,10,13
48279009504,48,279,009504,1028,778,2,245,2,1,0,756,611,2,140,2,1,0,123.73,198.27,NA,NA,92220,NA,27750,10,13
48279009505,48,279,009505,3648,1286,439,1901,10,0,12,2428,1025,268,1125,3,0,7,397.38,636.78,NA,43024,92220,NA,27750,10,13
48279009506,48,279,009506,3090,2415,51,616,0,7,1,2337,1927,34,373,0,2,1,382.49,612.91,NA,43024,92220,NA,27750,10,13
48281009501,48,281,009501,724,694,0,28,2,0,0,570,549,0,19,2,0,0,94.18,152.79,NA,NA,90015,NA,26640,2,5
48281009502,48,281,009502,1214,1019,0,190,4,1,0,917,803,0,110,3,1,0,151.52,245.81,NA,43516,92255,NA,27960,2,5
48281009503,48,281,009503,4743,4290,107,228,33,85,0,3362,3058,76,141,21,66,0,555.52,901.21,NA,41188,92130,NA,26640,2,5
48281009504,48,281,009504,6840,5318,134,1307,32,40,9,4925,3996,85,784,22,32,6,813.78,1320.19,NA,41188,92130,NA,26640,2,5
48283009501,48,283,009501,4433,1030,49,3331,6,5,12,2980,776,49,2141,6,4,4,1214.42,584.28,NA,17216,90870,NA,15400,6,28
48283009502,48,283,009502,821,72,3,737,0,0,9,529,58,3,464,0,0,4,215.58,103.72,NA,24240,91240,NA,15400,6,28
48285009801,48,285,009801,3196,2828,192,165,3,2,6,2454,2174,147,124,3,2,4,461.81,669.99,NA,31868,91680,18890,22120,5,14
48285009802,48,285,009802,3709,3065,460,175,0,8,1,2752,2321,311,113,0,6,1,517.89,751.34,NA,31868,91680,44250,22120,5,14
48285009803,48,285,009803,2459,2265,16,172,5,0,1,1915,1783,14,114,3,0,1,360.38,522.83,NA,49560,92655,NA,31560,5,14
48285009804,48,285,009804,3596,3125,305,159,4,0,3,2761,2435,209,113,3,0,1,519.59,753.8,NA,67640,93560,44250,40110,5,14
48285009805,48,285,009805,2898,2567,76,246,3,4,2,2117,1910,43,158,3,3,0,398.39,577.98,NA,80560,94300,42000,46620,5,14
48285009806,48,285,009806,2832,1866,267,679,0,0,20,2088,1480,181,418,0,0,9,392.94,570.06,NA,80560,94300,NA,46620,5,14
48287009801,48,287,009801,3138,2900,113,114,8,0,3,2215,2074,70,61,8,0,2,440.55,616.48,NA,42532,92190,NA,27330,5,14
48287009802,48,287,009802,2381,1618,710,51,1,1,0,1784,1214,536,32,1,1,0,354.83,496.52,NA,NA,92205,NA,17130,5,14
48287009803,48,287,009803,2234,1893,131,208,1,1,0,1580,1380,84,114,1,1,0,314.25,439.74,NA,29432,91505,NA,20640,5,14
48287009804,48,287,009804,5101,3239,798,1037,3,10,14,3461,2414,501,533,1,5,7,688.37,963.26,NA,29432,91505,NA,20640,5,14
48289009501,48,289,009501,5286,4231,724,306,18,6,1,3721,3007,500,195,13,6,0,737.46,1002.57,NA,11116,90510,NA,11990,24,10
48289009502,48,289,009502,4281,3807,316,148,8,2,0,3252,2931,237,74,8,2,0,644.51,876.2,NA,51840,92775,NA,27180,24,10
48289009503,48,289,009503,3098,2469,561,55,13,0,0,2417,1915,446,44,12,0,0,479.02,651.23,NA,13900,90680,NA,13410,24,10
48291001001,48,291,001001,2875,2470,40,344,9,11,1,2004,1786,22,181,7,7,1,342.78,405.44,NA,15436,90755,NA,14370,20,7
48291001003,48,291,001003,4189,4082,11,78,16,1,1,2943,2876,8,43,14,1,1,503.39,595.41,NA,19435,90755,NA,42210,20,7
48291001004,48,291,001004,2000,1851,84,60,4,0,1,1440,1356,60,22,2,0,0,246.31,291.33,NA,15436,90755,NA,42210,20,7
48291001005,48,291,001005,2386,2173,93,101,11,0,8,1831,1690,69,57,10,0,5,313.19,370.44,NA,NA,91705,NA,22380,20,7
48291001006,48,291,001006,1908,1741,119,37,8,1,2,1349,1237,81,22,6,1,2,230.74,272.92,NA,32240,91705,NA,22380,20,7
48291001007,48,291,001007,3449,3024,275,131,9,3,7,2435,2160,182,78,6,3,6,416.5,492.64,NA,18476,90945,16920,23880,20,7
48291001008,48,291,001008,507,415,41,50,1,0,0,378,320,31,26,1,0,0,64.66,76.48,NA,20140,90945,16920,27450,20,7
48291001009,48,291,001009,5719,3348,1985,328,6,30,22,4066,2462,1371,200,4,13,16,695.48,822.61,NA,42568,92195,16920,27450,20,7
48291001010,48,291,001010,6221,4965,800,418,16,11,11,4472,3612,583,247,13,11,6,764.92,904.75,NA,42568,92195,NA,27450,20,7
48291001011,48,291,001011,6964,5816,761,343,27,17,0,4709,3993,481,208,17,10,0,805.46,952.7,NA,19432,92195,NA,16410,20,7
48291001012,48,291,001012,7078,6157,508,367,19,17,10,4934,4334,346,221,12,14,7,843.95,998.22,NA,19432,92195,NA,16410,20,7
48291100201,48,291,100201,3295,1108,1916,261,6,2,2,2465,910,1346,199,6,2,2,421.63,498.71,NA,15436,90755,NA,14370,20,7
48291100202,48,291,100202,6135,5549,188,362,12,23,1,4297,3982,106,186,9,13,1,734.99,869.35,NA,15436,90755,NA,14370,20,7
48293009701,48,293,009701,1042,616,284,128,6,0,8,738,462,201,62,5,0,8,140.26,139.83,NA,16552,90835,NA,15120,24,10
48293009702,48,293,009702,657,594,13,45,3,0,2,492,452,12,27,1,0,0,93.5,93.22,NA,NA,93135,31620,15120,24,10
48293009703,48,293,009703,5714,4381,1084,218,7,7,17,4306,3416,730,132,5,6,17,818.36,815.85,NA,47916,92550,NA,30420,24,10
48293009704,48,293,009704,1510,984,370,129,2,24,1,1135,773,268,77,2,14,1,215.71,215.05,NA,47916,92550,NA,30420,24,10
48293009705,48,293,009705,1959,847,874,237,0,0,1,1327,646,562,118,0,0,1,252.2,251.42,NA,47916,92550,NA,30420,24,10
48293009706,48,293,009706,1788,1141,472,165,1,9,0,1327,900,323,99,1,4,0,252.2,251.42,NA,47916,92550,NA,30420,24,10
48293009707,48,293,009707,4667,3460,796,386,16,6,3,3397,2617,527,235,11,4,3,645.6,643.62,NA,31280,91650,NA,21810,24,10
48293009708,48,293,009708,1317,1239,43,34,1,0,0,975,928,26,20,1,0,0,185.3,184.73,NA,NA,93015,NA,21810,24,10
48293009709,48,293,009709,1438,1278,77,77,2,2,2,1076,982,52,38,2,2,0,204.49,203.87,NA,72788,93900,NA,21810,24,10
48293009710,48,293,009710,854,699,114,40,0,0,1,665,552,80,32,0,0,1,126.38,126,NA,39844,92050,NA,21810,24,10
48295009501,48,295,009501,626,603,1,15,7,0,0,456,439,1,9,7,0,0,79.82,213.88,NA,26328,91345,NA,19500,4,13
48295009502,48,295,009502,1811,1449,0,335,14,13,0,1230,1040,0,173,10,7,0,215.31,576.91,NA,9448,90380,NA,10830,4,13
48295009503,48,295,009503,706,671,0,29,6,0,0,542,522,0,14,6,0,0,94.87,254.21,NA,33608,91805,NA,23140,4,13
48297009501,48,297,009501,3586,2251,1,1308,11,9,6,2559,1697,1,844,7,4,6,470.8,762.8,NA,72872,93905,NA,42690,6,15
48297009502,48,297,009502,2483,1121,0,1333,7,6,16,1630,783,0,826,7,4,10,299.89,485.88,NA,29348,91500,NA,20550,6,15
48297009503,48,297,009503,1881,1416,0,464,1,0,0,1372,1084,0,287,1,0,0,252.42,408.97,NA,29348,91500,NA,20550,6,15
48297009504,48,297,009504,1606,1370,2,219,11,2,2,1380,1211,2,155,10,1,1,253.89,411.36,NA,56840,91500,NA,20550,6,15
48299009701,48,299,009701,1824,1763,0,55,5,1,0,1533,1494,0,34,4,1,0,335.62,551.97,NA,NA,92230,NA,27810,13,21
48299009702,48,299,009702,3242,3012,15,209,5,1,0,2480,2325,13,136,5,1,0,542.95,892.94,NA,43144,92235,NA,27810,13,21
48299009703,48,299,009703,1226,1190,0,30,4,2,0,1035,1004,0,25,4,2,0,226.6,372.66,NA,71228,92235,NA,27810,13,21
48299009704,48,299,009704,1344,1311,4,13,8,6,2,1243,1213,3,11,8,6,2,272.13,447.55,NA,34862,92235,NA,27810,13,21
48299009705,48,299,009705,2725,2587,3,114,11,10,0,2321,2231,3,70,9,8,0,508.14,835.69,NA,39304,92230,NA,27810,13,21
48299009706,48,299,009706,1270,1235,0,32,2,0,1,1117,1092,0,22,2,0,1,244.55,402.18,NA,10984,92230,NA,12220,13,21
48301009501,48,301,009501,107,93,0,14,0,0,0,79,68,0,11,0,0,0,24,59,NA,NA,92525,NA,46170,7,23
48303000001,48,303,000001,2471,1129,52,1267,9,4,10,1722,911,34,762,6,4,5,214.87,410.93,NA,45000,92315,NA,28500,10,19
48303000005,48,303,000005,5631,4903,219,391,10,103,5,5594,4878,217,381,10,103,5,698.01,1334.94,NA,45000,92315,NA,28500,10,19
48303000007,48,303,000007,1263,550,345,358,5,2,3,1161,525,314,315,2,2,3,144.87,277.06,NA,45000,92315,NA,28500,10,19
48303000008,48,303,000008,796,37,50,704,5,0,0,567,31,34,500,2,0,0,70.75,135.31,NA,45000,92315,NA,28500,10,13
48303000009,48,303,000009,5129,283,3201,1630,3,0,12,3139,222,1975,934,2,0,6,391.68,749.08,NA,45000,92315,NA,28500,10,13
48303000010,48,303,000010,2878,114,1833,921,8,0,2,1904,96,1217,588,2,0,1,237.58,454.37,NA,45000,92315,NA,28500,10,13
48303000011,48,303,000011,1448,245,555,645,1,0,2,1023,204,411,405,1,0,2,127.65,244.13,NA,45000,92315,NA,28500,10,13
48303000012,48,303,000012,2343,28,2103,211,1,0,0,1607,18,1492,97,0,0,0,200.52,383.49,NA,45000,92315,NA,28500,10,13
48303000013,48,303,000013,3323,866,246,2197,3,2,9,2113,732,144,1225,3,2,7,263.66,504.24,NA,45000,92315,NA,28500,10,13
48303000014,48,303,000014,4715,2859,265,1524,10,33,24,3558,2449,138,924,7,25,15,443.96,849.07,NA,45000,92315,NA,28500,10,19
48303000015,48,303,000015,4641,4112,81,371,16,61,0,3699,3355,47,236,12,49,0,461.55,882.72,NA,45000,92315,NA,28500,10,19
48303000020,48,303,000020,4766,3747,201,752,13,42,11,3783,3117,136,474,12,34,10,472.03,902.77,NA,45000,92315,NA,28500,10,19
48303000023,48,303,000023,3964,2469,194,1268,10,21,2,2855,1991,116,720,10,16,2,356.24,681.31,NA,45000,92315,NA,28500,10,19
48303000024,48,303,000024,6801,1953,686,4097,16,6,43,4345,1568,374,2363,11,3,26,542.16,1036.88,NA,45000,92315,NA,28500,10,13
48303000025,48,303,000025,1964,709,137,1107,2,5,4,1288,532,84,664,2,4,2,160.71,307.37,NA,45000,92315,NA,28500,10,13
48303000102,48,303,000102,5863,4237,221,1377,18,3,7,4014,3075,120,795,14,3,7,500.86,957.89,NA,45000,92315,NA,32430,10,19
48303000106,48,303,000106,6027,3224,566,2222,5,4,6,4188,2493,363,1321,5,4,2,522.57,999.42,NA,68180,93590,NA,40440,10,19
48303000107,48,303,000107,1352,1091,11,234,10,3,3,989,832,5,140,8,1,3,123.41,236.01,NA,68180,93590,NA,40440,10,19
48303000201,48,303,000201,1749,828,207,700,3,4,7,1246,679,114,441,3,2,7,155.47,297.34,NA,45000,92315,NA,28500,10,13
48303000202,48,303,000202,2939,398,255,2262,6,1,17,1779,331,133,1297,5,1,12,221.98,424.54,NA,45000,92315,NA,28500,10,13
48303000301,48,303,000301,2917,1092,76,1671,2,58,18,2268,1042,70,1094,1,50,11,283,541.23,NA,45000,92315,NA,28500,10,13
48303000302,48,303,000302,5777,817,67,4845,3,17,28,3857,734,49,3037,3,17,17,481.27,920.43,NA,45000,92315,NA,28500,10,13
48303000402,48,303,000402,4836,4033,136,484,16,166,1,3847,3290,106,317,13,121,0,480.02,918.04,NA,45000,92315,NA,28500,10,19
48303000403,48,303,000403,4671,4029,93,439,13,89,8,3731,3303,60,281,10,71,6,465.55,890.36,NA,45000,92315,NA,28500,10,19
48303000404,48,303,000404,1715,1240,104,327,8,35,1,1122,851,57,186,5,22,1,140,267.75,NA,45000,92315,NA,19830,10,19
48303000405,48,303,000405,4443,3100,310,940,7,83,3,3092,2301,171,554,6,59,1,385.81,737.87,NA,45000,92315,NA,28500,10,19
48303000406,48,303,000406,1140,990,14,95,1,40,0,965,854,11,67,1,32,0,120.41,230.29,NA,45000,92315,NA,28500,10,19
48303000603,48,303,000603,4283,1994,526,1233,10,510,10,3467,1873,358,751,9,466,10,432.6,827.36,NA,45000,92315,NA,28500,10,19
48303000604,48,303,000604,1276,710,155,269,3,132,7,1071,648,108,185,3,121,6,133.64,255.58,NA,45000,92315,NA,28500,10,19
48303000605,48,303,000605,1568,445,315,774,4,19,11,1086,372,217,471,2,18,6,135.51,259.16,NA,45000,92315,NA,28500,10,19
48303000606,48,303,000606,1063,436,266,342,5,13,1,834,387,197,236,4,9,1,104.06,199.02,NA,45000,92315,NA,28500,10,19
48303001601,48,303,001601,3358,2892,106,296,15,37,12,2811,2473,77,211,9,31,10,350.75,670.81,NA,45000,92315,NA,28500,10,19
48303001602,48,303,001602,3350,2770,77,454,9,39,1,2605,2245,46,280,5,28,1,325.05,621.65,NA,45000,92315,NA,28500,10,19
48303001702,48,303,001702,6077,4913,265,790,21,84,4,4661,3932,154,500,14,60,1,581.59,1112.29,NA,45000,92315,NA,28500,10,19
48303001703,48,303,001703,6288,5036,359,801,17,65,10,5014,4209,212,524,10,50,9,625.64,1196.53,NA,45000,92315,NA,28500,10,19
48303001705,48,303,001705,5668,5231,87,276,10,58,6,4384,4056,67,207,10,41,3,547.03,1046.19,NA,45000,92315,NA,28500,10,19
48303001706,48,303,001706,3190,2491,102,527,9,53,8,2384,1918,73,343,8,36,6,297.47,568.91,NA,45000,92315,NA,19830,10,19
48303001797,48,303,001797,0,0,0,0,0,0,0,0,0,0,0,0,0,0,0,0,NA,NA,92315,NA,19830,10,19
48303001798,48,303,001798,2154,1920,35,143,8,38,10,1561,1408,19,98,7,24,5,194.78,372.51,NA,45000,92315,NA,19830,10,19
48303001801,48,303,001801,5512,4507,100,852,8,32,13,4064,3451,61,512,7,25,8,507.1,969.83,NA,45000,92315,NA,28500,10,19
48303001803,48,303,001803,5097,4275,152,555,13,101,1,3782,3247,87,371,7,69,1,471.91,902.53,NA,45000,92315,NA,28500,10,19
48303001804,48,303,001804,4113,3726,63,247,6,68,3,3056,2797,45,155,5,51,3,381.32,729.28,NA,45000,92315,NA,28500,10,19
48303001901,48,303,001901,4497,4038,44,386,9,20,0,3475,3190,28,230,8,19,0,433.6,829.27,NA,45000,92315,NA,28500,10,19
48303001903,48,303,001903,5686,5312,49,268,18,38,1,4556,4294,36,179,17,29,1,568.49,1087.24,NA,45000,92315,NA,28500,10,19
48303001904,48,303,001904,1260,1182,22,43,1,12,0,939,895,11,25,1,7,0,117.17,224.08,NA,45000,92315,NA,28500,10,19
48303002101,48,303,002101,5289,4801,72,370,23,21,2,4132,3828,42,225,19,16,2,515.58,986.05,NA,45000,92315,NA,28500,10,19
48303002102,48,303,002102,2576,2320,67,148,10,31,0,1976,1807,41,100,5,23,0,246.56,471.55,NA,45000,92315,NA,28500,10,19
48303002201,48,303,002201,7007,5242,393,1297,27,41,7,5285,4245,224,766,21,26,3,659.45,1261.2,NA,45000,92315,NA,28500,10,19
48303002202,48,303,002202,2389,1842,111,390,26,20,0,1671,1349,63,230,16,13,0,208.5,398.76,NA,45000,92315,NA,28500,10,19
48303010101,48,303,010101,3419,2562,67,771,14,5,0,2470,1945,44,466,12,3,0,308.2,589.44,NA,60672,91865,NA,37800,10,19
48303010102,48,303,010102,2200,1349,7,842,2,0,0,1555,1047,3,503,2,0,0,194.03,371.08,NA,35732,91865,NA,24120,10,19
48303010301,48,303,010301,2168,1567,6,592,2,1,0,1484,1143,5,334,2,0,0,185.17,354.14,NA,67136,93540,NA,39870,10,19
48303010302,48,303,010302,2174,1744,13,405,8,3,1,1499,1245,12,233,6,3,0,187.04,357.72,NA,67136,93540,NA,39870,10,19
48303010401,48,303,010401,6621,5250,291,965,30,77,8,4591,3732,184,588,27,54,6,572.86,1095.59,NA,61400,92315,NA,19830,10,19
48303010402,48,303,010402,3144,2119,167,825,9,24,0,2233,1604,118,486,7,18,0,278.63,532.88,NA,45000,92315,NA,19830,10,19
48303010403,48,303,010403,5426,4887,85,350,12,87,5,3604,3272,52,215,6,56,3,449.7,860.05,NA,45000,92315,NA,28500,10,19
48303010404,48,303,010404,2555,2019,27,499,5,5,0,1731,1394,14,314,4,5,0,215.99,413.08,NA,79972,92315,NA,19830,10,19
48303010502,48,303,010502,2492,2315,20,68,4,84,1,1911,1790,14,54,2,50,1,238.45,456.04,NA,45000,92315,NA,28500,10,19
48303010504,48,303,010504,4170,3876,28,177,18,71,0,2888,2701,22,106,12,47,0,360.36,689.19,NA,45000,92315,NA,28500,10,19
48303010505,48,303,010505,3730,3176,83,426,13,28,4,2465,2140,51,243,8,20,3,307.58,588.24,NA,45000,92315,NA,28500,10,19
48303010506,48,303,010506,1588,1304,38,233,2,11,0,1200,1017,25,147,2,9,0,149.73,286.37,NA,45000,92315,NA,28500,10,19
48303010507,48,303,010507,1015,897,8,105,1,4,0,692,621,6,60,1,4,0,86.35,165.14,NA,45000,92315,NA,15180,10,19
48303010508,48,303,010508,4671,3183,212,1253,17,2,4,3178,2294,145,726,10,2,1,396.54,758.39,NA,45000,92315,NA,15180,10,19
48305009501,48,305,009501,1068,630,8,425,2,0,3,751,476,7,265,1,0,2,150.97,200.6,NA,79612,94230,NA,45990,8,13
48305009502,48,305,009502,4309,2505,212,1566,15,1,10,3012,1899,141,952,9,1,10,605.47,804.52,NA,71708,93820,NA,42090,8,13
48305009503,48,305,009503,1381,548,2,828,0,0,3,943,437,2,502,0,0,2,189.56,251.88,NA,53436,92880,NA,33390,8,13
48307009501,48,307,009501,614,565,0,49,0,0,0,465,437,0,28,0,0,0,95.32,113.96,NA,NA,93280,NA,37500,13,5
48307009502,48,307,009502,790,581,0,207,2,0,0,585,452,0,132,1,0,0,119.92,143.38,NA,47568,92505,NA,11110,13,5
48307009503,48,307,009503,6018,3953,146,1901,11,7,0,4347,3066,101,1166,10,4,0,891.1,1065.39,NA,9916,90405,NA,11110,13,5
48307009504,48,307,009504,1356,1190,5,160,1,0,0,1013,907,4,102,0,0,0,207.66,248.27,NA,9916,90405,NA,11110,13,5
48309000001,48,309,000001,2004,1187,391,400,10,15,1,1794,1166,327,276,9,15,1,313.35,396.68,NA,76000,94055,NA,44280,2,5
48309000002,48,309,000002,1649,1395,39,136,1,78,0,1558,1342,33,106,1,76,0,272.13,344.5,NA,76000,94055,NA,44280,2,5
48309000003,48,309,000003,3462,3040,97,160,4,158,3,3441,3026,94,159,4,155,3,601.02,760.86,NA,76000,94055,NA,44280,2,5
48309000004,48,309,000004,5990,3550,789,1456,20,166,9,5041,3428,570,859,15,161,8,880.49,1114.65,NA,76000,94055,NA,44280,2,5
48309000006,48,309,000006,851,592,82,172,3,2,0,681,513,55,108,3,2,0,118.95,150.58,NA,76000,94055,NA,44280,2,5
48309000007,48,309,000007,2289,979,666,593,10,20,21,1610,775,403,400,6,16,10,281.21,356,NA,76000,94055,NA,44280,2,5
48309000008,48,309,000008,2403,1565,397,412,2,26,1,1720,1242,220,236,2,20,0,300.42,380.32,NA,76000,94055,NA,44280,2,5
48309000009,48,309,000009,4511,3152,605,710,14,28,2,3262,2465,340,430,11,16,0,569.76,721.28,NA,76000,94055,NA,44280,2,5
48309000010,48,309,000010,2470,900,878,668,4,16,4,1634,732,518,367,4,12,1,285.4,361.31,NA,76000,94055,NA,44280,2,5
48309000011,48,309,000011,5998,3158,1487,1305,19,15,14,4117,2509,845,728,15,10,10,719.1,910.34,NA,76000,94055,NA,44280,2,5
48309000012,48,309,000012,3970,221,2970,769,8,0,2,2320,185,1697,433,4,0,1,405.22,512.99,NA,76000,94055,NA,44280,2,5
48309000013,48,309,000013,1464,678,568,209,1,7,1,890,431,333,123,0,3,0,155.45,196.79,NA,76000,94055,NA,44280,2,5
48309000014,48,309,000014,6773,1325,5139,289,10,9,1,4670,1077,3418,160,7,8,0,815.69,1032.62,NA,76000,94055,NA,44280,2,5
48309000015,48,309,000015,3261,213,2725,311,1,8,3,2378,183,2032,156,1,5,1,415.35,525.82,NA,76000,94055,NA,44280,2,5
48309000016,48,309,000016,5289,3873,604,769,14,26,3,3922,3008,418,460,12,21,3,685.04,867.22,NA,7408,94055,NA,26280,2,5
48309000017,48,309,000017,4506,3132,788,557,18,9,2,3250,2348,551,330,13,6,2,567.66,718.63,NA,7408,94055,NA,26280,2,5
48309000018,48,309,000018,1729,1265,282,168,4,9,1,1357,1001,229,118,2,6,1,237.02,300.06,NA,76000,94055,NA,26280,2,5
48309000019,48,309,000019,2737,985,1197,532,6,13,4,2069,907,813,329,5,12,3,361.38,457.49,NA,76000,94055,NA,44280,2,5
48309000020,48,309,000020,2888,2627,50,195,5,9,2,2123,1957,43,111,4,6,2,370.81,469.43,NA,62588,94055,NA,37410,2,5
48309000021,48,309,000021,4479,2454,1007,947,4,65,2,3148,1982,524,594,4,44,0,549.85,696.08,NA,76000,94055,NA,44280,2,5
48309000022,48,309,000022,693,523,118,49,0,3,0,693,523,118,49,0,3,0,121.04,153.23,NA,76000,94055,NA,44280,2,5
48309000026,48,309,000026,5510,5279,64,135,11,18,3,4620,4460,50,88,9,13,0,806.95,1021.56,NA,76000,94055,NA,44280,2,5
48309000027,48,309,000027,3599,2760,347,460,4,25,3,2753,2237,209,281,4,20,2,480.85,608.74,NA,76000,94055,NA,44280,2,5
48309000028,48,309,000028,3661,3329,134,162,4,28,4,3051,2820,91,112,4,21,3,532.9,674.63,NA,76000,94055,NA,44280,2,5
48309000029,48,309,000029,1995,1822,23,137,10,3,0,1381,1276,20,77,5,3,0,241.21,305.36,NA,76000,94055,NA,30640,2,5
48309000030,48,309,000030,4196,3106,770,291,9,19,1,3305,2614,483,183,8,16,1,577.27,730.79,NA,76000,94055,NA,44280,2,5
48309000031,48,309,000031,868,780,33,46,6,3,0,671,610,27,26,5,3,0,117.2,148.37,NA,76000,94055,NA,10910,2,5
48309000032,48,309,000032,3617,2740,497,322,13,42,3,2624,2057,324,200,12,29,2,458.32,580.21,NA,40168,94055,NA,14970,2,5
48309000033,48,309,000033,2839,2164,285,362,10,13,5,2062,1590,212,240,6,9,5,360.16,455.94,NA,76000,94055,NA,14970,2,5
48309000035,48,309,000035,3235,2957,128,130,12,8,0,2293,2122,83,76,5,7,0,400.51,507.02,NA,31880,90175,22140,09150,2,5
48309000039,48,309,000039,5853,4188,725,903,25,5,7,4253,3203,513,514,17,3,3,742.85,940.41,NA,45672,92355,NA,29820,2,5
48309000040,48,309,000040,3248,2960,103,180,3,2,0,2348,2178,79,88,2,1,0,410.11,519.18,NA,17564,90895,NA,15600,2,5
48309000598,48,309,000598,5541,1423,608,3477,6,11,16,3693,1163,418,2092,5,8,7,645.04,816.59,NA,76000,94055,NA,44280,2,5
48309002301,48,309,002301,6249,3824,427,1962,15,20,1,4463,2992,258,1188,12,12,1,779.53,986.85,NA,76000,94055,NA,44280,2,5
48309002302,48,309,002302,4813,3409,718,612,15,52,7,3946,2938,505,450,10,41,2,689.23,872.53,NA,76000,94055,NA,44280,2,5
48309002498,48,309,002498,4562,3679,386,448,13,33,3,3562,3005,248,277,7,22,3,622.16,787.62,NA,76000,94055,NA,44280,2,5
48309002501,48,309,002501,4491,3770,364,316,10,30,1,3531,3066,221,212,8,23,1,616.74,780.77,NA,76000,94055,NA,44280,2,5
48309002503,48,309,002503,5327,5086,57,116,13,55,0,4146,3973,45,76,11,41,0,724.16,916.75,NA,80224,94055,NA,30640,2,5
48309002504,48,309,002504,3300,3181,12,44,6,56,1,2312,2236,7,28,6,35,0,403.83,511.22,NA,80224,94055,NA,30640,2,5
48309003401,48,309,003401,1116,982,71,55,5,3,0,806,728,44,30,2,2,0,140.78,178.22,NA,63380,91210,NA,14970,2,5
48309003402,48,309,003402,3067,2875,54,112,13,10,3,2163,2059,30,57,6,8,3,377.8,478.28,NA,63380,91210,NA,14970,2,5
48309003601,48,309,003601,2811,2140,602,56,6,7,0,2097,1662,397,30,4,4,0,366.27,463.68,NA,46824,92435,22140,29190,2,5
48309003602,48,309,003602,2265,1921,217,114,9,4,0,1666,1408,174,77,5,2,0,290.99,368.38,NA,62108,92435,22140,37110,2,5
48309003701,48,309,003701,2666,2029,334,284,5,10,4,1919,1499,244,163,4,7,2,335.18,424.32,NA,62588,94055,NA,37410,2,5
48309003703,48,309,003703,2538,2316,26,182,8,6,0,1879,1740,18,111,4,6,0,328.2,415.48,NA,62588,94055,NA,37410,2,5
48309003705,48,309,003705,8738,7512,458,642,16,110,0,6069,5288,287,396,13,85,0,1060.04,1341.96,NA,33428,94055,NA,30640,2,5
48309003706,48,309,003706,4609,4107,208,244,14,35,1,3139,2828,119,158,9,25,0,548.27,694.09,NA,33428,94055,NA,30640,2,5
48309003801,48,309,003801,3933,3683,21,204,12,13,0,2669,2519,10,125,8,7,0,466.18,590.16,NA,44020,92630,NA,28200,2,5
48309003802,48,309,003802,4392,3769,182,410,18,12,1,3131,2753,108,251,15,4,0,546.88,692.32,NA,49200,92630,NA,31290,2,5
48309004101,48,309,004101,1462,1350,30,74,7,1,0,1056,983,18,48,7,0,0,184.45,233.5,NA,76000,94055,NA,13960,2,5
48309004102,48,309,004102,2984,2838,14,121,9,2,0,2047,1964,10,67,6,0,0,357.54,452.63,NA,76000,90715,NA,13960,2,5
48309004201,48,309,004201,3544,3273,140,122,3,5,1,2675,2481,102,87,2,2,1,467.23,591.49,NA,77332,94140,NA,45040,2,5
48309004202,48,309,004202,2678,2441,119,113,4,0,1,1877,1733,72,67,4,0,1,327.85,415.04,NA,29408,94140,20610,45040,2,5
48311009501,48,311,009501,817,493,0,320,3,0,1,615,389,0,224,2,0,0,116,357,NA,NA,93920,NA,29940,6,28
48313009801,48,313,009801,3391,1385,1316,669,8,1,12,3060,1194,1204,644,8,1,9,513.27,608.15,NA,48180,92575,NA,28710,24,10
48313009802,48,313,009802,1535,1417,64,39,15,0,0,1136,1061,46,21,8,0,0,190.55,225.77,NA,45996,92370,NA,28710,24,10
48313009803,48,313,009803,1877,1783,27,43,23,1,0,1424,1363,18,25,17,1,0,238.85,283.01,NA,51840,92860,NA,33030,24,10
48313009804,48,313,009804,4128,2542,1140,427,8,10,1,2959,1978,726,245,6,4,0,496.33,588.07,NA,45996,92370,NA,28710,24,10
48315009501,48,315,009501,2284,1328,930,18,7,1,0,1674,1019,637,14,4,0,0,424.46,357.84,NA,37528,92415,NA,24730,11,6
48315009502,48,315,009502,2936,1943,949,37,5,2,0,2194,1496,670,22,5,1,0,556.31,469,NA,NA,92420,NA,24730,11,6
48315009503,48,315,009503,2334,2018,229,61,23,2,1,1833,1613,165,41,12,2,0,464.78,391.83,NA,NA,92420,NA,24730,11,6
48315009504,48,315,009504,2430,1407,985,31,5,2,0,1812,1145,644,19,3,1,0,459.45,387.34,NA,37528,92415,NA,24730,11,6
48317009501,48,317,009501,1180,771,0,408,0,0,1,766,530,0,235,0,0,1,104.5,226.37,NA,1108,93835,NA,25790,8,17
48317009502,48,317,009502,3776,2110,87,1552,11,7,9,2496,1536,61,882,7,6,4,340.5,737.63,NA,70040,93725,NA,41430,8,17
48319009501,48,319,009501,2825,2201,6,608,8,2,0,2149,1764,2,375,7,1,0,447.37,785.56,NA,46968,92445,NA,29280,13,21
48319009502,48,319,009502,598,533,0,63,1,1,0,469,427,0,40,1,1,0,97.63,171.44,NA,NA,92450,17400,29280,13,21
48321001301,48,321,001301,2698,855,457,1375,5,0,6,1750,595,304,844,3,0,4,325.19,399.48,NA,5984,90220,NA,09630,5,14
48321001303,48,321,001303,9296,6388,885,1825,24,151,23,6433,4709,543,1066,16,89,10,1195.41,1468.48,NA,5984,90220,NA,09630,5,14
48321001304,48,321,001304,3092,924,1823,295,5,43,2,2166,666,1292,177,5,26,0,402.5,494.44,NA,5984,90220,NA,09630,5,14
48321001305,48,321,001305,3112,2418,539,144,10,1,0,2421,1924,383,104,9,1,0,449.88,552.65,NA,NA,92465,29370,43950,5,14
48321001306,48,321,001306,5607,2596,250,2192,5,555,9,3668,1974,170,1251,5,262,6,681.6,837.3,NA,54684,92940,29370,34020,5,14
48321001307,48,321,001307,4056,2835,237,971,7,3,3,2746,2012,157,565,7,3,2,510.27,626.84,NA,46716,93915,NA,42810,5,14
48321130298,48,321,130298,9063,5858,839,2286,18,45,17,6138,4173,542,1376,12,27,8,1140.59,1401.14,NA,5984,90220,NA,09630,5,14
48321130898,48,321,130898,4,4,0,0,0,0,0,3,3,0,0,0,0,0,0.56,0.68,NA,NA,90220,NA,43950,5,14
48323009501,48,323,009501,1242,402,2,835,0,1,2,860,320,1,538,0,1,0,134.09,57.49,NA,NA,93165,NA,17730,15,23
48323009502,48,323,009502,13584,305,2,12638,632,0,7,7713,241,2,7039,425,0,6,1202.59,515.59,NA,21892,91100,NA,17730,15,23
48323009503,48,323,009503,4215,307,5,3846,14,35,8,2676,235,4,2401,11,23,2,417.23,178.88,NA,21892,91100,NA,17730,15,23
48323009504,48,323,009504,4031,148,1,3870,7,1,4,2774,124,1,2638,6,1,4,432.51,185.43,NA,21892,91100,NA,17730,15,23
48323009505,48,323,009505,5467,282,3,5145,18,11,8,3619,226,2,3365,9,11,6,564.26,241.92,NA,21892,91100,NA,17730,15,23
48323009506,48,323,009506,7839,127,0,7690,8,3,11,4902,89,0,4799,1,3,10,764.31,327.68,NA,21892,91100,NA,17730,15,23
48325009901,48,325,009901,6470,4295,7,2106,27,22,13,4567,3155,4,1362,20,17,9,742.74,1131.7,NA,13312,90645,NA,30060,15,23
48325009902,48,325,009902,1343,798,0,544,0,1,0,960,600,0,359,0,1,0,156.13,237.89,NA,NA,91040,NA,16140,15,23
48325009903,48,325,009903,4238,1948,9,2259,5,3,14,2976,1515,7,1440,5,2,7,483.99,737.45,NA,34676,91820,NA,23430,15,23
48325009904,48,325,009904,5181,2457,32,2646,26,9,11,3632,1894,25,1684,17,7,5,590.68,900.01,NA,50400,91030,NA,32130,15,23
48325009905,48,325,009905,4233,2112,13,2089,4,6,9,2983,1603,10,1359,2,5,4,485.13,739.19,NA,34676,91820,NA,23430,15,23
48325009906,48,325,009906,408,349,0,58,0,0,1,301,261,0,39,0,0,1,48.95,74.59,NA,NA,91030,NA,16950,15,23
48325009907,48,325,009907,5439,2969,10,2432,21,6,1,3790,2223,8,1538,17,3,1,616.38,939.16,NA,20152,91030,NA,16950,15,23
48327009501,48,327,009501,480,420,0,60,0,0,0,400,354,0,46,0,0,0,110.63,137.64,NA,47628,92520,NA,30210,13,21
48327009502,48,327,009502,1772,1091,7,666,4,0,4,1303,863,5,428,4,0,3,360.37,448.36,NA,47628,92520,NA,30210,13,21
48329000001,48,329,000001,4575,773,1867,1896,1,24,14,2935,610,1203,1101,1,12,8,289.5,1026.66,NA,48072,92560,NA,30570,13,23
48329000002,48,329,000002,4331,3703,228,361,19,20,0,3383,2961,146,245,18,13,0,333.69,1183.37,NA,48072,92560,NA,30570,13,21
48329000005,48,329,000005,4495,3907,83,467,22,15,1,3403,3041,50,283,15,13,1,335.66,1190.36,NA,48072,92560,NA,30570,13,19
48329000006,48,329,000006,3826,2863,265,659,12,21,6,2759,2210,156,363,12,15,3,272.14,965.09,NA,48072,92560,NA,30570,13,19
48329000009,48,329,000009,183,74,40,69,0,0,0,164,70,38,56,0,0,0,16.18,57.37,NA,48072,92560,NA,30570,13,23
48329000011,48,329,000011,4324,2704,154,1414,18,29,5,2917,2053,82,746,15,17,4,287.72,1020.36,NA,48072,92560,NA,30570,13,19
48329000012,48,329,000012,5419,4095,130,1105,25,57,7,3618,2904,67,594,15,35,3,356.87,1265.57,NA,48072,92560,NA,30570,13,19
48329000013,48,329,000013,4942,3989,129,772,10,40,2,3269,2727,71,434,7,29,1,322.44,1143.49,NA,48072,92560,NA,30570,13,19
48329000014,48,329,000014,3312,916,50,2302,9,2,33,1986,722,30,1213,4,2,15,195.89,694.7,NA,48072,92560,NA,30570,13,23
48329000015,48,329,000015,3624,362,1645,1612,1,0,4,2380,318,1168,891,1,0,2,234.75,832.52,NA,48072,92560,NA,30570,13,23
48329000016,48,329,000016,2743,271,473,1979,4,3,13,1788,232,311,1229,3,3,10,176.36,625.44,NA,48072,92560,NA,30570,13,23
48329000017,48,329,000017,3569,77,1157,2320,5,3,7,2202,59,799,1332,3,3,6,217.2,770.25,NA,48072,92560,NA,30570,13,23
48329000302,48,329,000302,5050,4398,179,425,12,32,4,3672,3256,117,265,10,20,4,362.19,1284.46,NA,48072,92560,NA,30570,13,21
48329000303,48,329,000303,4273,4105,15,104,6,42,1,3153,3048,8,67,6,24,0,311,1102.91,NA,48072,92560,NA,30570,13,21
48329000304,48,329,000304,3945,3493,78,241,21,110,2,2742,2424,55,174,15,73,1,270.46,959.15,NA,48072,92560,NA,30570,13,21
48329000305,48,329,000305,4961,4182,249,473,16,37,4,3444,3011,125,276,10,22,0,339.7,1204.7,NA,48072,92560,NA,30570,13,21
48329000401,48,329,000401,3035,2546,36,374,12,62,5,2091,1784,27,225,11,43,1,206.25,731.43,NA,48072,92560,NA,30570,13,19
48329000402,48,329,000402,4760,3993,168,528,13,58,0,3374,2890,102,331,12,39,0,332.8,1180.22,NA,48072,92560,NA,30570,13,19
48329010104,48,329,010104,4176,3597,130,379,10,53,7,2930,2549,86,249,8,32,6,289,1024.91,NA,48072,92560,NA,30570,13,19
48329010105,48,329,010105,2117,1526,165,371,14,41,0,1415,1053,94,235,10,23,0,139.57,494.96,NA,48072,92560,NA,30570,13,19
48329010106,48,329,010106,4584,3637,258,583,11,91,4,3219,2636,149,366,8,56,4,317.51,1126,NA,48072,92560,NA,30570,13,19
48329010107,48,329,010107,3241,2603,183,396,21,35,3,2248,1816,114,275,14,27,2,221.73,786.35,NA,48072,92560,NA,30570,13,19
48329010108,48,329,010108,2540,2369,35,97,13,26,0,1765,1643,25,72,7,18,0,174.09,617.39,NA,48072,92560,NA,30570,13,21
48329010109,48,329,010109,5745,3507,40,2164,24,7,3,3752,2548,24,1160,14,3,3,370.08,1312.44,NA,48072,92565,NA,30570,13,23
48329010110,48,329,010110,10055,8325,237,1435,34,21,3,6567,5568,155,809,22,12,1,647.74,2297.12,NA,48072,92565,NA,30570,13,21
48329010111,48,329,010111,2786,2484,22,254,14,8,4,1992,1808,14,150,11,7,2,196.48,696.8,NA,48072,92565,NA,30570,13,19
48331009501,48,331,009501,1312,848,190,270,2,0,2,948,664,126,155,2,0,1,223.72,193.67,NA,NA,90540,NA,12640,2,5
48331009502,48,331,009502,1072,848,1,215,5,1,2,782,652,1,122,4,1,2,184.54,159.76,NA,11020,90505,NA,11850,2,5
48331009503,48,331,009503,1079,811,60,204,2,2,0,774,622,35,113,2,2,0,182.66,158.13,NA,NA,90960,NA,37590,2,5
48331009504,48,331,009504,6965,4443,1310,1190,7,12,3,5025,3472,834,700,7,9,3,1185.85,1026.6,NA,12040,90590,NA,12640,2,5
48331009505,48,331,009505,2187,1814,258,106,6,3,0,1604,1347,187,62,5,3,0,378.53,327.69,NA,48336,91485,20520,30690,2,5
48331009506,48,331,009506,2175,1864,72,232,7,0,0,1495,1318,35,137,5,0,0,352.81,305.43,NA,62672,93290,NA,37590,2,5
48331009507,48,331,009507,5877,4050,856,957,7,5,2,4161,3061,523,570,3,2,2,981.96,850.09,NA,62672,93290,NA,37590,2,5
48331009508,48,331,009508,2279,1850,137,282,10,0,0,1682,1398,98,181,5,0,0,396.94,343.63,NA,72776,93895,NA,42630,2,5
48333009501,48,333,009501,1403,1294,10,93,4,1,1,1016,963,8,42,2,1,0,199.78,297.32,NA,49992,92690,NA,31920,2,5
48333009502,48,333,009502,2523,2187,0,334,0,0,2,1984,1774,0,209,0,0,1,390.13,580.58,NA,30056,91550,NA,21000,2,5
48333009503,48,333,009503,605,548,0,57,0,0,0,448,418,0,30,0,0,0,88.09,131.1,NA,NA,93730,NA,41460,2,5
48335009501,48,335,009501,1300,816,48,431,4,0,1,970,654,36,276,3,0,1,218.43,249.3,NA,43996,92285,NA,28170,8,17
48335009502,48,335,009502,5874,3713,313,1830,9,4,5,4196,2875,204,1102,7,4,4,944.88,1078.41,NA,16120,90795,NA,14640,8,17
48335009503,48,335,009503,842,712,1,128,0,1,0,647,558,1,87,0,1,0,145.69,166.29,NA,77380,94155,NA,45210,8,17
48337009501,48,337,009501,2071,1992,0,67,10,1,1,1571,1538,0,26,6,0,1,323.05,384.91,NA,64184,93395,31200,38520,8,13
48337009502,48,337,009502,1849,1816,0,23,5,4,1,1375,1354,0,13,5,2,1,282.75,336.89,NA,51648,92765,NA,32790,8,13
48337009503,48,337,009503,2759,2543,3,187,21,1,4,2142,2012,2,113,13,0,2,440.47,524.81,NA,51648,92765,NA,32790,8,13
48337009504,48,337,009504,3758,3663,0,74,17,4,0,2797,2739,0,42,14,2,0,575.16,685.3,NA,9640,90390,NA,10990,8,13
48337009505,48,337,009505,5415,5278,0,119,15,3,0,4087,4020,0,55,9,3,0,840.43,1001.36,NA,9640,90390,NA,10990,8,13
48337009506,48,337,009506,1422,1340,1,78,3,0,0,1056,1013,1,39,3,0,0,217.15,258.73,NA,NA,92610,31200,19530,8,13
48339000904,48,339,000904,2622,1992,556,60,8,5,1,1845,1435,363,39,4,3,1,225.22,454.95,NA,49128,92625,NA,31260,24,3
48339000905,48,339,000905,6272,5867,164,199,26,15,1,4595,4336,99,130,19,10,1,560.9,1133.07,NA,49128,92625,NA,31260,24,3
48339000909,48,339,000909,4800,4266,21,481,26,4,2,3271,2988,11,244,24,4,0,399.28,806.59,NA,18260,93655,NA,15000,24,3
48339090101,48,339,090101,6599,5979,49,491,36,39,5,4447,4096,26,268,29,25,3,542.84,1096.57,NA,NA,93655,NA,32400,20,3
48339090103,48,339,090103,4986,4502,20,400,31,33,0,3456,3188,13,219,21,15,0,421.87,852.2,NA,58850,93655,NA,32400,20,3
48339090112,48,339,090112,4938,4591,92,235,16,4,0,3355,3148,66,132,7,2,0,409.54,827.3,NA,NA,93655,NA,32400,20,3
48339090122,48,339,090122,2612,2471,10,116,13,2,0,1865,1782,9,61,12,1,0,227.66,459.88,NA,39376,93655,NA,32400,26,3
48339090201,48,339,090201,4138,3637,262,143,9,86,1,2814,2505,168,77,7,56,1,343.5,693.9,NA,67400,93655,NA,15000,24,3
48339090202,48,339,090202,3670,3250,205,191,15,6,3,2458,2197,133,107,13,5,3,300.04,606.11,NA,14460,93655,NA,15000,24,3
48339090204,48,339,090204,7087,6494,112,361,14,102,4,5204,4779,75,261,13,75,1,635.24,1283.24,NA,72656,93655,NA,15000,24,3
48339090205,48,339,090205,4297,3695,102,393,9,94,4,3013,2631,59,255,7,59,2,367.79,742.97,NA,72656,93655,NA,15000,24,3
48339090206,48,339,090206,5155,4756,49,294,12,43,1,3458,3217,30,172,10,28,1,422.11,852.7,NA,72656,93655,NA,15000,24,3
48339090213,48,339,090213,5787,5032,161,514,20,53,7,4289,3778,115,344,13,37,2,523.55,1057.61,NA,53190,93655,NA,15000,24,3
48339090217,48,339,090217,5583,5200,65,250,16,48,4,3699,3441,49,159,14,34,2,451.53,912.12,NA,72656,93655,NA,15000,24,3
48339090223,48,339,090223,2225,2065,41,89,16,14,0,1590,1477,31,63,10,9,0,194.09,392.07,NA,NA,93655,NA,15000,24,3
48339090227,48,339,090227,2375,2241,18,89,9,18,0,1694,1610,9,54,9,12,0,206.78,417.72,NA,67400,93655,NA,15000,24,3
48339090237,48,339,090237,5102,4645,124,233,3,90,7,3325,3062,63,140,3,57,0,405.88,819.9,NA,72656,93655,NA,15000,24,3
48339090247,48,339,090247,8020,7158,213,500,13,130,6,5467,4950,112,307,11,82,5,667.35,1348.09,NA,72656,93655,NA,15000,24,3
48339090302,48,339,090302,9449,8719,46,639,33,9,3,6455,6032,22,368,26,6,1,787.95,1591.72,NA,57596,92375,NA,28740,24,3
48339090311,48,339,090311,3163,2761,197,186,16,3,0,2213,1947,145,107,12,2,0,270.14,545.7,NA,57596,92375,NA,28740,24,3
48339090321,48,339,090321,4561,4258,63,227,12,1,0,3116,2950,43,113,9,1,0,380.36,768.36,NA,73316,92375,NA,28740,24,3
48339090602,48,339,090602,5150,4238,139,718,11,42,2,4000,3420,101,449,5,24,1,488.27,986.35,NA,16432,93655,NA,15000,24,3
48339090611,48,339,090611,2070,1958,13,77,6,16,0,1556,1478,10,52,5,11,0,189.94,383.69,NA,16432,93655,NA,15000,24,3
48339090613,48,339,090613,4093,3292,399,363,8,31,0,2927,2400,280,219,6,22,0,357.29,721.76,NA,16432,93655,NA,15000,24,3
48339090621,48,339,090621,2465,2098,96,224,16,27,4,1718,1502,50,135,8,20,3,209.71,423.64,NA,16432,93655,NA,15000,24,7
48339090623,48,339,090623,2402,1136,363,891,4,7,1,1680,830,246,594,4,6,0,205.07,414.27,NA,16432,93655,NA,15000,24,7
48339090631,48,339,090631,2583,2178,167,199,3,36,0,1979,1683,119,145,3,29,0,241.57,488,NA,16432,93655,NA,15000,24,3
48339090701,48,339,090701,6803,3497,1959,1268,9,65,5,4536,2525,1238,718,7,46,2,553.7,1118.52,NA,16432,93655,NA,15000,24,3
48339090702,48,339,090702,4180,3963,3,187,18,9,0,2904,2773,1,115,10,5,0,354.49,716.09,NA,NA,93655,NA,15000,20,3
48339090703,48,339,090703,4110,3874,86,120,12,17,1,3067,2930,41,75,8,12,1,374.38,756.28,NA,16432,93655,NA,15000,24,3
48339090801,48,339,090801,4426,4174,21,190,23,15,3,3078,2928,13,106,17,11,3,375.73,758.99,NA,56156,93655,NA,41070,20,3
48339090802,48,339,090802,2677,2542,1,114,18,2,0,1860,1778,0,64,16,2,0,227.05,458.65,NA,69548,93655,NA,41070,24,3
48339090803,48,339,090803,9089,8568,100,365,41,9,6,6280,5935,62,236,34,9,4,766.59,1548.57,NA,63044,93655,NA,32400,20,3
48339091010,48,339,091010,5558,3682,499,1332,25,17,3,3844,2622,366,826,14,13,3,469.23,947.88,NA,16432,93655,NA,15000,24,7
48339091020,48,339,091020,5058,4787,6,209,34,20,2,3523,3353,4,126,24,14,2,430.05,868.73,NA,18260,93655,NA,15000,24,3
48339091101,48,339,091101,5885,5484,147,226,17,9,2,4517,4296,76,124,11,8,2,551.38,1113.83,NA,55008,94220,NA,45900,24,3
48339091102,48,339,091102,7212,5762,895,499,40,14,2,4980,4106,537,298,29,9,1,607.9,1228,NA,79408,94220,NA,45900,24,3
48339091201,48,339,091201,1327,1099,179,46,3,0,0,995,844,132,16,3,0,0,121.46,245.35,NA,49128,92625,NA,31260,24,3
48339091202,48,339,091202,3672,3525,16,118,5,8,0,3036,2923,14,88,4,7,0,370.6,748.64,NA,49128,92625,NA,31260,24,3
48341009501,48,341,009501,1963,1502,0,444,17,0,0,1300,1051,0,237,12,0,0,142.57,367.73,NA,71180,93805,NA,41910,4,19
48341009502,48,341,009502,3816,1942,8,1831,19,15,1,2488,1412,7,1043,17,8,1,272.86,703.79,NA,11692,91090,NA,17610,4,19
48341009503,48,341,009503,7247,5404,45,1635,47,111,5,4942,3916,26,890,35,72,3,542,1397.95,NA,21556,91090,NA,17610,4,19
48341009504,48,341,009504,4839,2859,26,1783,26,129,16,3233,2100,19,1008,19,78,9,354.57,914.53,NA,21556,91090,NA,17610,4,19
48343009501,48,343,009501,4543,3174,1287,58,23,1,0,3389,2445,897,29,17,1,0,981.28,648.29,NA,50316,92705,NA,34800,11,6
48343009502,48,343,009502,5886,4507,1236,101,39,3,0,4241,3325,831,57,26,2,0,1227.97,811.27,NA,43684,90940,NA,16180,11,6
48343009503,48,343,009503,2771,1979,697,80,7,7,1,1947,1475,410,50,7,4,1,563.75,372.44,NA,18464,90940,NA,16180,11,6
48345009501,48,345,009501,276,248,0,28,0,0,0,211,192,0,19,0,0,0,45.61,77.58,NA,NA,92455,NA,31500,4,13
48345009502,48,345,009502,1256,1071,68,108,5,4,0,964,845,50,62,4,3,0,208.39,354.42,NA,47004,92460,NA,31500,4,13
48347009501,48,347,009501,2365,2009,329,22,5,0,0,1712,1482,217,11,2,0,0,234.2,358.93,NA,29060,91465,NA,20400,20,6
48347009502,48,347,009502,3832,3388,324,104,15,1,0,2926,2606,249,56,14,1,0,400.27,613.45,NA,18224,90935,NA,16080,20,6
48347009503,48,347,009503,10567,8597,969,932,27,37,5,7482,6234,645,556,19,25,3,1023.53,1568.64,NA,50256,92700,NA,32090,20,6
48347009504,48,347,009504,5349,4639,552,137,10,11,0,3850,3348,394,91,8,9,0,526.68,807.17,NA,3564,92700,NA,32090,20,6
48347009505,48,347,009505,6426,5976,226,142,16,62,4,5261,4896,195,108,12,49,1,719.7,1103,NA,50256,92700,NA,32090,20,6
48347009506,48,347,009506,6963,6031,556,262,15,89,10,6504,5721,446,237,15,75,10,889.74,1363.6,NA,50256,92700,NA,32090,20,6
48347009507,48,347,009507,4369,2153,1918,257,5,36,0,3204,1786,1238,152,4,24,0,438.3,671.74,NA,50256,92700,NA,32090,20,7
48347009508,48,347,009508,3835,2854,427,527,12,9,6,2790,2179,256,336,9,7,3,381.67,584.94,NA,50256,92700,NA,32090,20,6
48347009509,48,347,009509,3337,424,2819,87,4,2,1,2330,353,1910,60,4,2,1,318.74,488.5,NA,50256,92700,NA,32090,20,7
48347009510,48,347,009510,3727,2899,599,191,6,28,4,3082,2519,405,130,6,19,3,421.61,646.16,NA,50256,92700,NA,32090,20,6
48347009511,48,347,009511,3983,3605,229,127,10,8,4,2928,2654,176,84,9,5,0,400.55,613.87,NA,14776,90720,18660,13980,20,6
48349009701,48,349,009701,1941,1644,138,142,13,4,0,1371,1171,100,89,8,3,0,262.7,270.55,NA,61736,93225,36960,15330,24,24
48349009702,48,349,009702,5754,3864,1524,300,18,42,6,4112,2824,1054,195,14,23,2,787.92,811.46,NA,17060,90865,36960,15330,24,24
48349009703,48,349,009703,6840,5719,525,514,22,56,4,5160,4419,372,305,17,45,2,988.73,1018.27,NA,17060,90865,NA,15330,24,24
48349009704,48,349,009704,3425,2978,235,195,12,4,1,2537,2227,160,137,9,3,1,486.12,500.65,NA,27768,90340,NA,10470,24,24
48349009705,48,349,009705,3835,3014,555,226,11,28,1,2925,2441,306,145,10,22,1,560.47,577.22,NA,17060,90865,NA,15330,24,24
48349009706,48,349,009706,3118,2146,849,112,8,3,0,2244,1611,560,65,5,3,0,429.98,442.83,NA,38992,92005,NA,25530,24,24
48349009707,48,349,009707,4368,1909,2310,120,8,18,3,3023,1412,1518,72,7,13,1,579.25,596.56,NA,17060,90865,NA,15330,24,24
48349009708,48,349,009708,1591,1087,274,209,2,18,1,1178,828,188,145,2,14,1,225.72,232.47,NA,17060,90865,NA,15330,24,24
48349009709,48,349,009709,6203,4287,816,997,17,81,5,4432,3213,531,599,14,70,5,849.23,874.61,NA,17060,90865,NA,15330,24,24
48349009710,48,349,009710,2209,1897,241,68,3,0,0,1702,1479,178,43,2,0,0,326.13,335.87,NA,19420,90965,NA,16380,24,24
48349009711,48,349,009711,642,575,56,8,3,0,0,484,433,43,6,2,0,0,92.74,95.51,NA,61820,93230,NA,15330,24,24
48351009501,48,351,009501,1973,1426,505,28,14,0,0,1532,1161,343,18,10,0,0,437.16,228.04,NA,NA,90530,NA,12150,20,7
48351009502,48,351,009502,5815,4166,1563,63,12,10,1,3972,2966,948,41,8,8,1,1133.43,591.23,NA,51372,92750,NA,32730,20,7
48351009503,48,351,009503,2655,1662,959,32,1,0,1,1836,1180,630,24,1,0,1,523.91,273.29,NA,NA,90575,NA,32730,20,7
48351009504,48,351,009504,3126,3075,0,30,16,1,4,2220,2188,0,19,10,1,2,633.49,330.45,NA,20212,91035,NA,17010,20,7
48353009501,48,353,009501,2014,1720,97,180,10,4,3,1608,1352,96,147,7,3,3,294.32,347.08,NA,71540,93810,NA,42030,8,17
48353009502,48,353,009502,4138,3672,42,401,16,6,1,3122,2842,26,240,9,4,1,571.43,673.88,NA,71540,93810,NA,42030,8,17
48353009503,48,353,009503,2820,1199,306,1289,5,2,19,1856,904,195,744,4,1,8,339.71,400.61,NA,71540,93810,NA,42030,8,17
48353009504,48,353,009504,4659,2619,277,1742,5,6,10,3237,2023,162,1037,4,5,6,592.48,698.7,NA,71540,93810,NA,42030,8,17
48353009505,48,353,009505,2963,2314,10,634,5,0,0,2153,1774,9,365,5,0,0,394.07,464.72,NA,63176,93325,NA,37860,8,17
48355000001,48,355,000001,415,310,5,78,3,19,0,368,286,4,61,3,14,0,76.31,66.53,NA,17000,90850,NA,15270,19,27
48355000003,48,355,000003,1621,667,130,807,8,6,3,1498,651,118,715,6,5,3,310.62,270.83,NA,17000,90850,NA,15270,19,27
48355000004,48,355,000004,2464,84,1384,976,2,1,17,1409,68,828,504,1,1,7,292.16,254.74,NA,17000,90850,NA,15270,19,27
48355000005,48,355,000005,2433,87,1273,1059,2,0,12,1696,70,963,655,2,0,6,351.68,306.63,NA,17000,90850,NA,15270,19,27
48355000006,48,355,000006,8012,1589,627,5722,27,28,19,5377,1318,422,3588,17,18,14,1114.95,972.15,NA,17000,90850,NA,15270,19,27
48355000007,48,355,000007,3904,1738,83,2045,11,3,24,2695,1378,57,1230,10,3,17,558.82,487.25,NA,17000,90850,NA,15270,19,27
48355000008,48,355,000008,2837,727,184,1894,8,16,8,2149,661,124,1338,7,15,4,445.61,388.53,NA,17000,90850,NA,45120,19,27
48355000009,48,355,000009,4928,133,15,4761,0,1,18,3331,106,11,3203,0,1,10,690.7,602.24,NA,17000,90850,NA,15270,19,27
48355000010,48,355,000010,3743,143,76,3512,3,6,3,2539,120,59,2354,3,2,1,526.48,459.05,NA,17000,90850,NA,15270,19,27
48355000011,48,355,000011,1940,105,83,1732,1,0,19,1234,87,57,1080,1,0,9,255.88,223.1,NA,17000,90850,NA,15270,19,27
48355000012,48,355,000012,4327,1104,146,3035,10,16,16,3159,992,97,2037,9,14,10,655.04,571.14,NA,17000,90850,NA,15270,19,27
48355000013,48,355,000013,4258,372,26,3840,3,11,6,2862,303,25,2519,3,8,4,593.45,517.44,NA,17000,90850,NA,15270,19,27
48355000014,48,355,000014,4726,3147,51,1484,12,23,9,3678,2536,36,1067,11,20,8,762.66,664.97,NA,17000,90850,NA,15270,19,27
48355000015,48,355,000015,5455,447,219,4752,8,18,11,3333,376,113,2817,5,12,10,691.12,602.6,NA,17000,90850,NA,15270,19,27
48355000017,48,355,000017,8657,373,1512,6734,1,19,18,5585,268,1092,4199,1,12,13,1158.08,1009.75,NA,17000,90850,NA,45120,19,27
48355000020,48,355,000020,7804,2244,105,5386,21,18,30,5402,1824,68,3467,13,12,18,1120.14,976.67,NA,17000,90850,NA,15270,19,27
48355000021,48,355,000021,7180,4333,94,2703,19,22,9,5382,3536,59,1744,16,18,9,1115.99,973.05,NA,17000,90850,NA,15270,19,27
48355000022,48,355,000022,5829,2325,142,3323,14,14,11,4056,1833,89,2105,11,10,8,841.04,733.32,NA,17000,90850,NA,15270,19,27
48355000024,48,355,000024,6539,3375,94,2994,36,31,9,4705,2660,63,1930,22,23,7,975.61,850.65,NA,17000,90850,NA,15270,19,27
48355000025,48,355,000025,4374,3484,20,837,21,9,3,3384,2752,15,594,13,7,3,701.69,611.82,NA,17000,90850,NA,15270,19,27
48355000026,48,355,000026,7520,4946,94,2371,41,56,12,5793,4083,62,1566,33,40,9,1201.21,1047.36,NA,17000,90850,NA,15270,19,27
48355000029,48,355,000029,1865,1296,224,271,13,60,1,1205,856,147,158,6,38,0,249.86,217.86,NA,17000,90850,NA,19380,19,27
48355000030,48,355,000030,8083,5729,274,1757,67,243,13,5520,4090,166,1039,49,168,8,1144.6,998,NA,17000,90850,NA,19380,19,27
48355000031,48,355,000031,8688,6793,189,1364,60,275,7,5875,4738,97,812,43,182,3,1218.22,1062.19,NA,17000,90850,NA,19380,19,27
48355000035,48,355,000035,2340,1071,26,1219,13,6,5,1557,744,14,784,7,5,3,322.85,281.5,NA,17000,90850,NA,43350,19,27
48355000037,48,355,000037,3143,1897,9,1207,14,14,2,2089,1322,5,743,9,8,2,433.17,377.69,NA,17000,90850,NA,12420,6,27
48355000050,48,355,000050,1252,671,21,550,4,5,1,814,497,16,296,2,2,1,168.79,147.17,NA,17000,90850,NA,15270,19,27
48355000059,48,355,000059,2352,546,10,1794,2,0,0,1490,394,0,1095,1,0,0,308.96,269.39,NA,62600,90315,NA,09410,19,27
48355000060,48,355,000060,2299,672,4,1619,0,2,2,1473,496,2,972,0,2,1,305.44,266.31,NA,21436,91080,39240,10260,19,27
48355000061,48,355,000061,3660,1581,30,2029,11,3,6,2561,1199,26,1323,6,3,4,531.04,463.02,NA,8392,90315,NA,10260,19,27
48355001601,48,355,001601,5078,127,738,4184,2,2,25,3464,83,588,2774,1,2,16,718.28,626.28,NA,17000,90850,NA,15270,19,27
48355001602,48,355,001602,4603,113,40,4425,6,0,19,3200,78,29,3078,3,0,12,663.54,578.55,NA,17000,90850,NA,15270,19,27
48355001801,48,355,001801,6246,220,600,5398,1,11,16,4418,159,452,3784,1,9,13,916.1,798.76,NA,17000,90850,NA,15270,19,27
48355001802,48,355,001802,1513,207,61,1237,0,3,5,967,153,38,771,0,3,2,200.51,174.83,NA,17000,90850,NA,15270,19,27
48355001901,48,355,001901,8589,1535,136,6877,10,12,19,5778,1263,86,4399,8,8,14,1198.1,1044.65,NA,17000,90850,NA,15270,19,27
48355001902,48,355,001902,6275,1301,266,4628,12,56,12,3916,927,150,2775,12,43,9,812.01,708,NA,17000,90850,NA,15270,19,27
48355002301,48,355,002301,4447,1535,67,2823,8,7,7,3029,1184,40,1786,7,7,5,628.08,547.64,NA,17000,90850,NA,15270,19,27
48355002302,48,355,002302,9371,4089,398,4790,24,59,11,6805,3193,256,3283,21,44,8,1411.06,1230.33,NA,17000,90850,NA,15270,19,27
48355002701,48,355,002701,5087,4012,86,941,7,37,4,3878,3157,57,627,7,27,3,804.13,701.13,NA,17000,90850,NA,15270,19,27
48355002702,48,355,002702,9699,6222,311,3018,32,113,3,7092,4905,192,1880,25,88,2,1470.57,1282.22,NA,17000,90850,NA,15270,19,27
48355003201,48,355,003201,7341,3920,268,3015,19,117,2,5170,2939,184,1939,17,89,2,1072.03,934.72,NA,17000,90850,NA,15270,19,27
48355003202,48,355,003202,3535,2239,106,1120,13,52,5,2556,1695,69,738,13,36,5,530,462.12,NA,17000,90850,NA,15270,19,27
48355003301,48,355,003301,7707,4354,216,3020,31,60,26,5665,3348,144,2086,25,45,17,1174.67,1024.22,NA,17000,90850,NA,15270,19,27
48355003302,48,355,003302,6506,2738,263,3398,18,80,9,4131,1950,171,1930,11,62,7,856.59,746.87,NA,17000,90850,NA,15270,19,27
48355003401,48,355,003401,4010,2122,103,1739,13,32,1,3007,1665,79,1233,7,22,1,623.52,543.66,NA,17000,90850,NA,15270,19,27
48355003402,48,355,003402,6501,3668,271,2456,19,71,16,4573,2806,149,1556,12,42,8,948.24,826.79,NA,17000,90850,NA,15270,19,27
48355003601,48,355,003601,5779,4166,94,1464,14,30,11,3576,2685,56,803,11,16,5,741.5,646.53,NA,17000,90850,NA,12420,6,27
48355003602,48,355,003602,6359,4470,34,1796,36,15,8,4349,3195,21,1094,25,11,3,901.79,786.29,NA,17000,90850,NA,43350,19,27
48355003603,48,355,003603,2388,1569,16,791,12,0,0,1689,1225,8,450,6,0,0,350.22,305.37,NA,17000,90850,NA,43350,19,27
48355005099,48,355,005099,16,7,7,2,0,0,0,16,7,7,2,0,0,0,3.32,2.89,NA,17000,90850,NA,15270,19,27
48355005101,48,355,005101,2835,2595,15,174,12,37,2,2346,2159,13,138,11,23,2,426.97,354.24,NA,17000,93095,NA,19380,19,27
48355005102,48,355,005102,2212,2029,4,138,10,30,1,1730,1605,4,89,6,25,1,358.73,312.78,NA,58808,93095,NA,35370,19,27
48355005103,48,355,005103,106,102,0,4,0,0,0,91,90,0,1,0,0,0,18.87,16.45,NA,3600,93095,NA,35370,19,27
48355005199,48,355,005199,2,2,0,0,0,0,0,2,2,0,0,0,0,0,0.41,0.36,NA,58808,93095,NA,35370,19,27
48355005401,48,355,005401,7280,4764,220,2170,16,105,5,5158,3500,146,1431,9,67,5,1069.54,932.55,NA,17000,90850,27990,15270,19,27
48355005402,48,355,005402,7328,4593,192,2390,16,129,8,5218,3378,125,1605,14,90,6,1081.98,943.4,NA,17000,90850,27990,15270,19,27
48355005403,48,355,005403,1372,1005,17,327,7,16,0,929,699,13,201,5,11,0,192.63,167.96,NA,17000,90850,NA,15270,19,27
48355005404,48,355,005404,511,391,10,99,1,8,2,349,280,6,55,0,8,0,72.37,63.1,NA,17000,90850,NA,15270,19,27
48355005405,48,355,005405,723,402,11,287,2,21,0,462,275,7,166,2,12,0,95.8,83.53,NA,17000,90850,27990,15270,19,27
48355005406,48,355,005406,2376,971,4,1380,11,7,3,1569,726,4,828,6,3,2,325.34,283.67,NA,17000,90850,39240,45120,19,27
48355005601,48,355,005601,7321,697,200,6389,0,5,30,4820,602,153,4047,0,2,16,999.46,871.44,NA,62600,93270,NA,37440,19,27
48355005602,48,355,005602,7214,244,9,6934,0,7,20,4654,170,6,4465,0,4,9,965.03,841.43,NA,62600,93270,NA,37440,19,27
48355005801,48,355,005801,4016,3288,30,673,15,10,0,2742,2275,22,423,12,10,0,568.57,495.75,NA,17000,90855,NA,12420,19,27
48355005802,48,355,005802,4151,2030,3,2109,4,2,3,2753,1486,3,1257,2,2,3,570.85,497.74,NA,1396,90855,NA,07530,19,27
48357009501,48,357,009501,906,825,1,77,2,1,0,605,555,1,46,2,1,0,52.67,256.16,NA,56912,93005,NA,34650,4,19
48357009502,48,357,009502,816,632,0,180,4,0,0,562,463,0,96,3,0,0,48.93,237.95,NA,NA,93010,NA,34650,4,19
48357009503,48,357,009503,3048,2087,0,912,40,2,7,2030,1474,0,527,25,1,3,176.73,859.51,NA,56912,93005,NA,34650,4,19
48357009504,48,357,009504,4358,3829,1,472,41,4,11,3109,2809,1,260,31,3,5,270.67,1316.37,NA,56912,93005,NA,34650,4,19
48359009501,48,359,009501,1971,1763,9,155,24,17,3,1125,1036,0,65,13,11,0,221.13,480.94,NA,75188,94020,45840,43980,4,19
48359009502,48,359,009502,307,257,0,45,5,0,0,213,189,0,19,5,0,0,41.87,91.06,NA,1324,94025,NA,07500,4,19
48361000202,48,361,000202,5675,1647,3875,133,3,10,7,3966,1304,2558,90,3,7,4,962.95,659.92,NA,54132,92905,NA,45090,20,7
48361000203,48,361,000203,1917,1731,113,59,6,7,1,1405,1281,85,31,3,4,1,341.14,233.78,NA,54132,92905,NA,45090,20,7
48361000205,48,361,000205,3805,3626,26,135,9,8,1,2857,2741,11,90,8,6,1,693.68,475.39,NA,77752,92905,NA,45090,20,7
48361000206,48,361,000206,1034,974,0,34,0,25,1,750,720,0,19,0,10,1,182.1,124.8,NA,54132,92905,NA,45090,20,7
48361000207,48,361,000207,4903,4350,287,118,14,130,4,3646,3311,168,74,10,79,4,885.25,606.67,NA,54132,92905,NA,45090,20,7
48361000208,48,361,000208,2211,2001,145,37,1,27,0,1705,1556,102,25,1,21,0,413.98,283.7,NA,57608,92905,NA,45090,20,7
48361000209,48,361,000209,4350,2548,1678,64,9,47,4,3145,2005,1059,46,5,29,1,763.61,523.31,NA,54132,92905,NA,45090,20,7
48361000210,48,361,000210,2106,1971,67,65,2,1,0,1512,1428,39,42,2,1,0,367.12,251.59,NA,54132,92905,NA,27690,20,7
48361000211,48,361,000211,1689,1637,11,38,2,0,1,1172,1142,6,22,2,0,0,284.56,195.01,NA,54132,92480,NA,27690,20,7
48361000212,48,361,000212,3856,3689,48,98,20,0,1,2652,2548,32,55,16,0,1,643.91,441.28,NA,47100,92480,NA,27690,20,7
48361000213,48,361,000213,4866,4257,451,100,9,39,10,3418,3060,257,70,8,19,4,829.89,568.74,NA,54132,92905,NA,27690,20,7
48361000214,48,361,000214,2710,2655,7,35,9,4,0,1973,1940,6,16,7,4,0,479.05,328.3,NA,54132,92480,NA,33780,20,7
48361000215,48,361,000215,7901,7651,2,222,16,9,1,5550,5395,1,138,10,5,1,1347.55,923.49,NA,75476,94050,NA,44160,20,7
48361000216,48,361,000216,3760,3661,0,78,14,7,0,2563,2507,0,42,12,2,0,622.3,426.47,NA,57524,94050,NA,44160,20,7
48361000217,48,361,000217,2535,2415,0,113,5,1,1,1813,1731,0,75,5,1,1,440.2,301.67,NA,75476,94050,NA,44160,20,7
48361000218,48,361,000218,2442,2395,0,38,3,6,0,1783,1752,0,24,3,4,0,432.91,296.68,NA,75476,94050,NA,44160,20,7
48361000219,48,361,000219,6870,6724,0,117,17,9,3,4800,4708,0,73,11,5,3,1165.44,798.69,NA,75476,94050,NA,44160,20,7
48361000220,48,361,000220,4194,4044,0,132,11,6,1,2954,2858,0,83,8,4,1,717.23,491.53,NA,75476,94050,NA,44160,20,7
48361000222,48,361,000222,2403,2352,0,45,0,6,0,1687,1655,0,26,0,6,0,409.61,280.71,NA,10252,90440,NA,33780,20,7
48361000223,48,361,000223,5748,5535,11,108,18,72,4,4152,4016,11,72,12,37,4,1008.11,690.87,NA,10252,90440,NA,11310,20,7
48361000224,48,361,000224,5531,5277,12,164,14,63,1,4002,3840,9,101,12,39,1,971.69,665.91,NA,10252,90440,NA,11310,20,7
48361020399,48,361,020399,3,2,1,0,0,0,0,3,2,1,0,0,0,0,0.73,0.5,NA,54132,92905,NA,45090,20,7
48363009801,48,363,009801,2235,2143,0,68,6,16,2,1736,1678,0,43,4,9,2,308.71,396.8,NA,30380,91595,NA,21330,8,17
48363009802,48,363,009802,1812,1657,0,148,6,1,0,1366,1279,0,81,5,1,0,242.91,312.23,NA,70580,93770,34140,41700,8,17
48363009803,48,363,009803,2300,2220,5,74,1,0,0,1741,1682,5,53,1,0,0,309.6,397.94,NA,NA,92950,34140,39390,8,17
48363009804,48,363,009804,5204,4832,50,281,19,22,0,3848,3629,26,162,16,15,0,684.27,879.54,NA,48684,92595,NA,30950,8,17
48363009805,48,363,009805,1965,1818,16,119,5,5,2,1571,1478,12,74,4,2,1,279.36,359.09,NA,48684,92595,NA,30950,8,17
48363009806,48,363,009806,3059,2473,141,331,7,101,6,2108,1780,75,181,6,62,4,374.86,481.83,NA,48684,92595,NA,30950,8,17
48363009807,48,363,009807,3037,2578,103,329,8,19,0,2240,1957,64,198,4,17,0,398.33,512,NA,48684,92595,NA,30950,8,17
48363009808,48,363,009808,3174,2075,407,673,16,3,0,2219,1538,290,376,12,3,0,394.6,507.2,NA,48684,92595,NA,30950,8,17
48363009809,48,363,009809,2269,1911,61,278,11,3,5,1616,1369,46,185,9,3,4,287.37,369.37,NA,48684,92595,NA,30950,8,17
48365009501,48,365,009501,4375,3143,1147,72,9,2,2,3091,2259,775,47,8,2,0,646.75,763.22,NA,NA,90970,NA,13110,11,6
48365009502,48,365,009502,3103,2486,538,71,6,2,0,2167,1763,359,39,4,2,0,453.41,535.07,NA,7108,90235,NA,09690,11,6
48365009503,48,365,009503,4275,3492,693,69,12,9,0,3029,2504,463,44,11,7,0,633.77,747.91,NA,13108,90640,NA,13110,11,6
48365009504,48,365,009504,6787,5332,1251,185,14,5,0,4966,4062,775,113,12,4,0,1039.06,1226.19,NA,13108,90640,NA,13110,11,6
48365009505,48,365,009505,2101,1849,204,33,14,1,0,1614,1437,151,20,6,0,0,337.71,398.52,NA,NA,92265,NA,13110,11,6
48365009506,48,365,009506,1394,1127,209,47,2,4,5,1029,850,151,21,2,4,1,215.3,254.08,NA,29108,91475,NA,20460,11,6
48367001401,48,367,001401,5306,4835,37,378,30,24,2,3863,3601,21,206,19,15,1,564.69,932.52,NA,76864,94095,NA,44800,8,12
48367001402,48,367,001402,4886,4371,211,241,32,28,3,3802,3417,159,184,18,21,3,555.78,917.79,NA,76864,94095,NA,44800,8,12
48367001403,48,367,001403,5093,4501,135,366,46,43,2,3673,3334,87,193,30,27,2,536.92,886.65,NA,76864,94095,NA,44800,8,12
48367001405,48,367,001405,6930,6583,46,265,29,7,0,5121,4904,23,161,26,7,0,748.59,1236.19,NA,48684,94100,20370,34500,8,12
48367001406,48,367,001406,9287,8883,25,331,32,15,1,6781,6514,17,214,22,14,0,991.25,1636.91,NA,48564,94095,20370,44800,8,12
48367001407,48,367,001407,11768,11224,39,400,45,57,3,8374,8025,29,246,30,41,3,1224.11,2021.46,NA,79492,94105,NA,07780,8,11
48367140401,48,367,140401,12489,11922,45,427,63,31,1,8753,8388,30,263,50,21,1,1279.52,2112.95,NA,69800,93700,NA,41280,8,12
48367140402,48,367,140402,9026,8631,32,289,60,14,0,6274,6051,15,158,41,9,0,917.14,1514.53,NA,5168,93700,NA,09200,8,12
48369009502,48,369,009502,4794,2479,59,2222,15,15,4,3155,1863,44,1225,12,9,2,329.31,851.24,NA,27660,91410,NA,19980,10,19
48369009503,48,369,009503,5069,3121,54,1874,6,5,9,3446,2329,37,1067,3,5,5,359.69,929.76,NA,9628,91300,NA,10950,10,19
48371009501,48,371,009501,2022,1402,1,608,4,3,4,1320,974,1,337,4,1,3,233.39,398.79,NA,36128,91885,NA,24330,13,23
48371009502,48,371,009502,898,430,0,460,6,0,2,586,302,0,280,3,0,1,103.61,177.04,NA,NA,91870,NA,11910,13,23
48371009503,48,371,009503,4270,578,22,3646,5,7,12,2742,440,12,2276,3,5,6,484.82,828.39,NA,26808,91375,NA,20190,13,23
48371009504,48,371,009504,4268,2330,12,1897,14,9,6,2872,1741,9,1102,12,5,3,507.81,867.67,NA,26808,91375,NA,20190,13,23
48371009505,48,371,009505,3217,1469,16,1720,2,2,8,2089,1064,8,1008,2,2,5,369.36,631.11,NA,26808,91375,NA,20190,13,23
48373002101,48,373,002101,8154,7519,46,198,372,19,0,6143,5747,26,120,238,12,0,1152.06,1337.29,1556,43132,92225,NA,27780,20,7
48373002102,48,373,002102,8262,6961,865,377,35,22,2,6553,5679,583,250,25,14,2,1228.95,1426.54,NA,54048,92225,33690,27780,20,7
48373002103,48,373,002103,6087,4560,1362,151,12,2,0,4602,3605,891,94,10,2,0,863.06,1001.82,NA,43132,92225,33690,27780,20,7
48373002104,48,373,002104,4599,2787,1118,663,17,9,5,3126,2094,678,331,15,6,2,586.25,680.51,NA,17036,90860,33690,15300,20,7
48373002105,48,373,002105,3585,2704,457,221,199,3,1,2659,2061,310,142,144,2,0,498.67,578.84,1556,43132,92225,NA,27780,20,7
48375000101,48,375,000101,1882,1729,31,105,3,14,0,1560,1444,26,74,3,13,0,183.82,309.63,NA,3000,90065,NA,08130,4,13
48375000102,48,375,000102,1886,1826,4,51,2,3,0,1496,1460,2,30,2,2,0,176.28,296.93,NA,3000,90065,NA,08130,4,13
48375000103,48,375,000103,1587,1247,101,225,5,8,1,1278,1028,69,170,4,6,1,150.59,253.66,NA,3000,90065,NA,08130,4,13
48375000104,48,375,000104,3109,2946,15,116,17,14,1,2442,2330,9,77,13,12,1,287.75,484.7,NA,3000,90065,NA,08130,4,13
48375000105,48,375,000105,2095,1711,43,311,22,8,0,1573,1323,22,203,18,7,0,185.35,312.21,NA,3000,90065,NA,08130,4,13
48375000106,48,375,000106,1600,487,7,1087,6,0,13,1064,369,6,674,5,0,10,125.37,211.19,NA,3000,90065,NA,08130,4,13
48375000107,48,375,000107,3247,2375,16,811,23,11,11,2277,1768,9,469,17,7,7,268.31,451.95,NA,3000,90065,NA,08130,4,13
48375000108,48,375,000108,812,613,11,181,4,2,1,555,456,4,88,4,2,1,65.4,110.16,NA,3000,90065,NA,08130,4,13
48375000109,48,375,000109,4491,2413,95,1886,43,43,11,2945,1780,52,1046,30,27,10,347.02,584.53,NA,3000,90065,NA,08130,4,13
48375000110,48,375,000110,2064,941,20,1083,13,7,0,1393,735,8,638,7,5,0,164.14,276.49,NA,3000,90065,NA,08130,4,13
48375000111,48,375,000111,2334,444,67,1802,5,11,5,1481,315,28,1125,3,6,4,174.51,293.95,NA,3000,90065,NA,08130,4,13
48375000112,48,375,000112,717,336,18,338,12,5,8,481,259,11,193,10,5,3,56.68,95.47,NA,3000,90065,NA,08130,4,13
48375000113,48,375,000113,363,203,105,42,4,9,0,338,200,95,32,4,7,0,39.83,67.09,NA,3000,90065,NA,08130,4,13
48375000114,48,375,000114,1790,1399,117,242,22,9,1,1442,1188,78,155,14,7,0,169.92,286.21,NA,3000,90065,NA,08130,4,13
48375000115,48,375,000115,3867,3331,96,393,38,9,0,2972,2634,62,248,20,8,0,350.2,589.89,NA,3000,90065,NA,08130,4,13
48375000116,48,375,000116,3597,3240,73,244,26,8,6,2799,2574,43,157,18,7,0,329.82,555.55,NA,3000,90065,NA,08130,4,13
48375000117,48,375,000117,3824,3158,276,319,19,46,6,3023,2567,189,209,16,38,4,356.21,600.01,NA,3000,90065,35570,08130,4,13
48375000118,48,375,000118,3696,3377,56,225,26,6,6,2749,2558,33,128,21,4,5,323.92,545.63,NA,3000,90065,NA,08130,4,13
48375000119,48,375,000119,2971,2451,139,334,30,17,0,2140,1841,73,191,22,13,0,252.16,424.75,NA,3000,90065,NA,08130,4,13
48375000120,48,375,000120,1654,1113,169,352,11,5,4,1176,862,118,182,7,4,3,138.57,233.42,NA,3000,90065,NA,08130,4,13
48375000121,48,375,000121,563,153,335,64,6,4,1,455,141,268,39,3,3,1,53.61,90.31,NA,3000,90065,NA,08130,4,13
48375000122,48,375,000122,2959,1636,162,1090,18,46,7,2004,1267,93,598,12,32,2,236.14,397.76,NA,3000,90065,NA,08130,4,13
48375000123,48,375,000123,597,351,2,201,10,32,1,422,276,2,111,7,25,1,49.73,83.76,NA,3000,90065,NA,08130,4,13
48375000125,48,375,000125,4670,1795,364,974,18,1501,18,2923,1306,179,547,14,869,8,344.43,580.17,NA,3000,90065,NA,08130,4,13
48375000126,48,375,000126,2301,1348,81,801,14,55,2,1576,1035,40,448,14,39,0,185.71,312.81,NA,3000,90065,NA,08130,4,13
48375000127,48,375,000127,4907,2811,316,1562,39,164,15,3263,2079,172,871,26,105,10,384.49,647.65,NA,3000,90065,NA,08130,4,13
48375000129,48,375,000129,1853,324,1161,208,9,146,5,1240,243,804,103,7,81,2,146.11,246.12,NA,3000,90065,NA,08130,4,13
48375000130,48,375,000130,1756,46,1693,15,2,0,0,1223,39,1175,7,2,0,0,144.11,242.74,NA,3000,90065,NA,08130,4,13
48375000131,48,375,000131,4036,2998,364,613,30,26,5,2873,2265,201,362,24,18,3,338.54,570.24,NA,3000,90065,NA,08130,4,13
48375000132,48,375,000132,1308,1205,18,71,8,6,0,1066,996,11,49,5,5,0,125.61,211.58,NA,3000,90065,NA,08130,4,13
48375000133,48,375,000133,2174,1890,123,133,10,15,3,1643,1467,75,76,8,14,3,193.6,326.11,NA,3000,90065,35570,08130,4,13
48375000134,48,375,000134,2129,1980,4,126,15,4,0,1489,1412,2,63,9,3,0,175.45,295.54,NA,3000,90065,35570,37260,4,13
48375000135,48,375,000135,1755,1652,4,91,6,2,0,1269,1197,1,63,6,2,0,149.53,251.87,NA,3000,90065,NA,37260,4,13
48375000136,48,375,000136,1044,952,0,86,1,3,2,750,694,0,52,1,1,2,88.38,148.86,NA,3000,90065,NA,37260,4,13
48375000137,48,375,000137,1938,1774,6,140,18,0,0,1394,1300,2,76,16,0,0,164.26,276.69,NA,3000,90065,NA,08130,4,13
48375000138,48,375,000138,888,802,2,80,4,0,0,654,604,2,44,4,0,0,77.06,129.81,NA,3000,90065,NA,08130,4,13
48375000139,48,375,000139,3218,1308,1292,513,62,38,5,2104,995,770,268,41,26,4,247.92,417.61,NA,3000,90065,NA,08130,4,13
48375000140,48,375,000140,794,401,169,181,24,17,2,479,253,106,96,13,9,2,56.44,95.07,NA,3000,90065,NA,08130,4,13
48375000141,48,375,000141,2543,1836,147,491,27,40,2,1626,1246,68,262,18,30,2,191.6,322.73,NA,3000,90065,NA,08130,4,13
48375000143,48,375,000143,2713,2506,16,169,16,3,3,1932,1805,15,94,14,3,1,227.65,383.47,NA,NA,90610,35570,35560,4,13
48375000144,48,375,000144,2286,1844,137,258,27,17,3,1525,1218,108,171,17,10,1,179.7,302.69,NA,3000,90065,NA,35560,4,13
48375012897,48,375,012897,100,68,12,19,1,0,0,71,54,8,8,1,0,0,8.37,14.09,NA,3000,90065,NA,08130,4,13
48375012898,48,375,012898,3756,1857,593,1213,13,77,3,2569,1440,343,719,10,56,1,302.71,509.9,NA,3000,90065,NA,08130,4,13
48377009501,48,377,009501,3155,999,1,2147,2,6,0,2272,786,1,1479,1,5,0,443.88,311.43,NA,46620,92400,NA,29040,13,23
48377009502,48,377,009502,3482,198,1,3270,9,4,0,2222,168,0,2043,7,4,0,434.12,304.57,NA,59396,93145,NA,35800,13,23
48379009501,48,379,009501,3919,3542,237,119,14,7,0,2932,2676,169,73,11,3,0,634.65,701.09,NA,24216,91235,NA,36360,22,9
48379009502,48,379,009502,2796,2692,47,39,14,1,3,2099,2034,29,23,11,1,1,454.35,501.91,NA,22276,93075,NA,36360,22,9
48381000201,48,381,000201,2176,2103,8,56,2,7,0,1733,1679,7,38,2,7,0,214.23,609.47,NA,3000,90070,NA,08130,4,19
48381000202,48,381,000202,2145,2027,7,96,13,2,0,1730,1647,6,63,12,2,0,213.86,608.42,NA,3000,90070,NA,08130,4,19
48381000203,48,381,000203,1812,1632,28,139,11,2,0,1400,1278,19,96,5,2,0,173.06,492.36,NA,3000,90070,NA,08130,4,19
48381000204,48,381,000204,2008,1925,18,60,3,2,0,1497,1449,12,31,3,2,0,185.05,526.47,NA,3000,90070,NA,08130,4,19
48381000205,48,381,000205,3536,2918,47,526,30,10,5,2579,2215,28,300,25,9,2,318.81,907,NA,3000,90070,NA,08130,4,19
48381000206,48,381,000206,4118,3291,42,767,9,8,1,2736,2261,29,430,8,7,1,338.22,962.21,NA,3000,90070,NA,08130,4,19
48381000208,48,381,000208,5519,4923,38,489,53,14,2,3798,3449,21,286,34,7,1,469.5,1335.7,NA,3000,90070,NA,08130,4,19
48381000209,48,381,000209,2793,2481,40,247,18,6,1,1937,1762,19,133,18,4,1,239.45,681.22,NA,3000,90070,NA,08130,4,19
48381000210,48,381,000210,2450,2242,39,131,13,18,7,1717,1591,27,76,11,9,3,212.25,603.84,NA,3000,90070,NA,08130,4,19
48381000211,48,381,000211,6228,5629,126,414,16,37,6,5056,4615,93,306,16,24,2,625.01,1778.12,NA,3000,90070,NA,08130,4,19
48381000212,48,381,000212,5395,5053,59,217,31,35,0,4068,3835,38,146,27,22,0,502.87,1430.66,NA,3000,90070,NA,08130,4,19
48381000213,48,381,000213,5649,5196,70,326,25,31,1,4078,3800,47,190,19,22,0,504.11,1434.17,NA,3000,90070,NA,08130,4,19
48381000215,48,381,000215,4480,4276,27,133,16,28,0,3012,2885,19,78,11,19,0,372.33,1059.28,NA,3000,90070,NA,12810,4,19
48381000217,48,381,000217,9335,8621,25,617,54,18,0,6346,5951,14,334,37,10,0,784.47,2231.8,NA,40804,92825,35570,12810,4,19
48381000219,48,381,000219,2610,2518,10,56,20,6,0,1940,1882,7,34,14,3,0,239.82,682.27,NA,40804,90625,NA,12810,4,19
48381021602,48,381,021602,5604,5259,84,180,15,63,3,4307,4067,51,131,10,47,1,532.42,1514.71,NA,3000,90070,NA,08130,4,19
48381021603,48,381,021603,2315,2171,37,92,4,11,0,1523,1432,23,59,3,6,0,188.27,535.62,NA,3000,90070,NA,08130,4,19
48381021604,48,381,021604,3441,3202,33,128,10,68,0,2521,2365,26,82,7,41,0,311.64,886.6,NA,3000,90070,NA,08130,4,19
48381021605,48,381,021605,1093,991,12,84,1,4,1,775,708,6,57,1,3,0,95.8,272.56,NA,3000,90070,NA,08130,4,19
48381021606,48,381,021606,4006,3768,49,119,22,46,2,2633,2485,27,75,17,28,1,325.48,925.99,NA,3000,90070,NA,08130,4,19
48381021607,48,381,021607,714,652,4,50,8,0,0,557,519,2,30,6,0,0,68.85,195.89,NA,3000,90070,NA,12810,4,19
48381021801,48,381,021801,6247,5427,99,651,27,35,8,4430,3928,65,385,22,26,4,547.62,1557.97,NA,12532,90625,NA,12810,4,19
48381021802,48,381,021802,4301,3591,171,371,3,162,3,3598,3028,143,281,3,141,2,444.77,1265.36,NA,12532,90625,NA,12810,4,19
48381022097,48,381,022097,218,209,0,8,1,0,0,156,151,0,4,1,0,0,19.28,54.86,NA,3000,90070,NA,12810,4,19
48381022098,48,381,022098,1480,1259,9,187,9,13,3,1042,903,5,115,7,10,2,128.81,366.46,NA,3000,90070,NA,12810,4,19
48383009501,48,383,009501,4514,2458,108,1941,7,0,0,2798,1687,68,1036,7,0,0,286,880,NA,8212,90290,NA,36570,13,23
48385009501,48,385,009501,2412,1814,0,574,23,0,1,1847,1440,0,393,13,0,1,410,828,NA,12388,90600,NA,33240,13,21
48387009501,48,387,009501,2684,2136,470,70,2,3,3,2078,1712,323,39,1,2,1,456.15,400.16,NA,5072,90105,NA,09060,11,6
48387009502,48,387,009502,979,822,125,17,13,0,2,750,633,97,10,9,0,1,164.64,144.43,NA,NA,92385,NA,14190,11,6
48387009503,48,387,009503,1594,1405,150,20,18,1,0,1163,1038,108,7,9,1,0,255.3,223.96,NA,20128,91025,NA,16890,11,6
48387009504,48,387,009504,1299,1143,128,18,10,0,0,992,888,92,9,3,0,0,217.76,191.03,NA,15160,90735,NA,14190,11,6
48387009505,48,387,009505,4958,2978,1864,104,8,4,0,3680,2395,1213,63,7,2,0,807.81,708.66,NA,15160,90735,NA,14190,11,6
48387009506,48,387,009506,2803,2623,120,44,10,6,0,2211,2088,81,28,10,4,0,485.35,425.77,NA,9172,90365,NA,42120,11,6
48389009501,48,389,009501,2267,600,40,1611,12,4,0,1671,472,28,1157,10,4,0,359.51,310.03,NA,56516,92990,NA,34550,7,23
48389009502,48,389,009502,4120,499,95,3518,3,4,1,2706,403,70,2226,3,3,1,582.19,502.06,NA,56516,92990,NA,34550,7,23
48389009503,48,389,009503,2932,403,104,2422,3,0,0,1846,323,74,1446,3,0,0,397.16,342.5,NA,56516,92990,NA,34550,7,23
48389009504,48,389,009504,4878,2084,101,2664,6,23,0,3213,1617,61,1513,6,16,0,691.27,596.13,NA,56516,92990,NA,34550,7,23
48389009505,48,389,009505,1655,323,0,1330,2,0,0,1101,270,0,829,2,0,0,236.88,204.28,NA,5468,90190,NA,09330,7,23
48391009501,48,391,009501,965,383,28,552,0,0,2,694,303,17,373,0,0,1,190.96,211.25,NA,5036,90170,NA,09000,5,14
48391009502,48,391,009502,4004,2044,472,1481,5,2,0,2945,1591,321,1029,2,2,0,810.36,896.44,NA,61436,93220,NA,36780,5,14
48391009503,48,391,009503,3007,1754,108,1131,7,3,4,2143,1313,64,757,7,1,1,589.68,652.31,NA,80176,94275,NA,46380,5,14
48393009501,48,393,009501,1025,988,0,34,1,2,0,718,702,0,14,1,1,0,138,442,NA,47988,92555,NA,30480,4,13
48395009601,48,395,009601,1883,1464,345,72,0,2,0,1408,1119,245,43,0,1,0,382.8,262.78,NA,10144,90430,NA,11250,24,10
48395009602,48,395,009602,1829,665,924,234,2,4,0,1289,520,612,156,1,0,0,350.45,240.57,NA,11992,90585,NA,12540,24,10
48395009603,48,395,009603,3257,2803,279,165,8,2,0,2447,2165,192,83,5,2,0,665.27,456.7,NA,27288,91385,NA,19740,24,10
48395009604,48,395,009604,2147,1715,222,203,5,2,0,1572,1273,161,133,3,2,0,427.39,293.39,NA,NA,91750,31950,22830,24,10
48395009605,48,395,009605,6395,2726,2427,1230,4,2,6,4359,2112,1523,717,2,2,3,1185.1,813.55,NA,32972,91750,NA,22830,24,10
48397000401,48,397,000401,3073,2924,10,105,15,18,1,2136,2038,5,70,11,12,0,268.86,665.77,NA,62828,92855,NA,37650,22,9
48397000402,48,397,000402,2140,2028,9,87,12,4,0,1449,1383,6,49,8,3,0,182.39,451.64,NA,62828,92855,NA,37650,22,9
48397000404,48,397,000404,4318,3506,217,545,19,25,6,2918,2429,147,310,14,14,4,367.29,909.51,NA,63668,92800,NA,38220,22,9
48397000405,48,397,000405,7341,6843,122,325,22,26,3,5305,4994,76,197,21,15,2,667.75,1653.52,NA,32984,93665,NA,37650,22,9
48397040301,48,397,040301,3287,2952,144,136,11,41,3,2122,1922,85,80,7,25,3,267.1,661.41,NA,63572,92855,NA,37650,22,9
48397040302,48,397,040302,5445,4728,349,302,20,45,1,4152,3632,253,215,16,35,1,522.62,1294.14,NA,62828,92855,NA,37650,22,9
48399009501,48,399,009501,1637,1438,7,186,1,5,0,1198,1073,6,114,1,4,0,185.26,340.6,NA,79876,94265,NA,46260,8,17
48399009502,48,399,009502,2796,1847,46,890,3,7,3,1969,1418,36,508,1,4,2,304.49,559.79,NA,79876,94265,NA,46260,8,17
48399009503,48,399,009503,941,865,2,70,1,0,3,728,677,2,46,1,0,2,112.58,206.97,NA,5456,90185,NA,09300,8,17
48399009504,48,399,009504,4016,2689,126,1192,6,3,0,2900,2081,81,732,5,1,0,448.46,824.48,NA,5456,90185,NA,09300,8,17
48399009505,48,399,009505,1904,1501,0,402,0,0,1,1411,1153,0,257,0,0,1,218.2,401.15,NA,48396,92585,33570,30750,8,17
48401009504,48,401,009504,4225,3509,616,86,10,2,2,3101,2639,403,48,7,2,2,434.99,784.9,NA,54432,92925,27270,45150,11,6
48401009505,48,401,009505,6934,5578,1044,280,23,8,1,4896,4046,664,165,13,7,1,686.78,1239.24,NA,33212,91775,NA,22970,11,6
48401009506,48,401,009506,1852,1572,238,37,5,0,0,1370,1170,170,26,4,0,0,192.17,346.76,NA,NA,93040,NA,22970,11,6
48401009507,48,401,009507,3507,2114,1196,189,6,2,0,2461,1578,763,113,5,2,0,345.21,622.91,NA,33212,91775,NA,22970,11,6
48401009508,48,401,009508,4094,2808,982,287,8,9,0,3028,2194,662,158,6,8,0,424.75,766.42,NA,33212,91775,NA,22970,11,6
48401009509,48,401,009509,3449,2796,530,112,8,3,0,2637,2201,361,65,8,2,0,369.9,667.46,NA,33212,91775,NA,22970,11,6
48401009510,48,401,009510,1868,1470,299,74,17,2,6,1360,1092,204,49,12,1,2,190.77,344.23,NA,NA,90630,NA,12870,11,6
48401009511,48,401,009511,3032,1908,924,190,5,5,0,2238,1484,628,121,3,2,0,313.93,566.47,NA,61508,92135,NA,26700,11,6
48401009512,48,401,009512,2558,1467,1071,15,3,2,0,1818,1094,709,10,3,2,0,255.02,460.16,NA,49728,92660,NA,31650,11,6
48401950198,48,401,950198,4690,3397,920,360,7,6,0,3258,2446,607,198,5,2,0,457.01,824.64,NA,71924,93840,NA,42240,11,6
48401950298,48,401,950298,2424,1828,537,44,8,7,0,1673,1300,339,24,6,4,0,234.68,423.46,NA,NA,92025,27270,25620,11,6
48401950398,48,401,950398,5102,4452,567,62,15,3,3,3727,3302,377,35,9,3,1,522.8,943.35,NA,39124,92025,27270,25620,11,6
48403009501,48,403,009501,2187,1758,387,34,1,6,1,1782,1488,270,19,1,4,0,389.02,391.84,NA,NA,92580,NA,22890,20,7
48403009502,48,403,009502,3219,2873,315,25,5,1,0,2392,2162,214,13,3,0,0,522.18,525.97,NA,10516,93045,NA,45180,20,7
48403009503,48,403,009503,2752,2301,405,39,3,2,2,2171,1872,279,15,3,2,0,473.94,477.38,NA,33188,91765,NA,22890,20,7
48403009504,48,403,009504,1428,1407,2,13,1,2,3,1227,1215,2,6,1,2,1,267.86,269.8,NA,NA,91765,NA,22890,20,7
48405009501,48,405,009501,3024,2236,738,43,1,5,1,2278,1741,507,25,1,4,0,599.83,569.69,NA,65024,93415,NA,38760,11,7
48405009502,48,405,009502,2893,1387,1451,50,4,1,0,2114,1141,940,29,3,1,0,556.65,528.67,NA,65024,93415,NA,38760,11,7
48405009503,48,405,009503,2082,1984,47,45,6,0,0,1654,1580,38,30,6,0,0,435.52,413.64,NA,10384,90455,NA,11430,11,7
48407002001,48,407,002001,9996,8351,1249,332,53,11,0,7078,5985,857,197,33,6,0,1293.2,1413.37,NA,67424,93555,NA,40020,20,7
48407002002,48,407,002002,3182,2496,604,74,5,1,2,2472,2010,406,49,4,1,2,451.65,493.62,NA,15892,90775,NA,14520,20,7
48407002003,48,407,002003,3194,2472,681,25,13,2,1,2524,2060,430,20,12,2,0,461.15,504.01,NA,58556,93080,NA,14520,20,7
48409000102,48,409,000102,7234,4528,238,2421,27,15,5,4983,3376,144,1434,19,9,1,795.51,800.77,NA,3600,90125,NA,08580,6,15
48409000103,48,409,000103,6691,4739,83,1806,34,10,19,4583,3422,53,1067,24,6,11,731.65,736.49,NA,36008,90125,NA,24180,6,15
48409000104,48,409,000104,50,30,0,20,0,0,0,37,22,0,15,0,0,0,5.91,5.95,NA,NA,91645,NA,21780,6,15
48409000105,48,409,000105,2508,154,13,2332,1,2,6,1605,111,5,1480,1,2,6,256.23,257.93,NA,31064,91645,NA,21780,6,15
48409000106,48,409,000106,2924,2189,20,696,4,15,0,1917,1447,12,443,3,12,0,306.04,308.06,NA,58904,91645,NA,21780,6,15
48409000107,48,409,000107,1750,1066,6,664,9,4,1,1189,762,1,417,5,3,1,189.82,191.07,NA,31064,93815,NA,21780,6,15
48409000108,48,409,000108,5250,1157,120,3946,8,5,14,3474,948,88,2421,5,3,9,554.61,558.28,NA,71684,93815,NA,42060,6,15
48409000109,48,409,000109,4253,1854,17,2357,10,9,6,2874,1350,8,1496,9,7,4,458.82,461.86,NA,53376,93580,NA,40350,6,15
48409000110,48,409,000110,6690,1755,199,4704,2,12,18,4578,1399,128,3030,2,6,13,730.85,735.69,NA,68036,93580,NA,40350,6,15
48409000111,48,409,000111,2885,791,3,2083,2,1,5,1906,578,1,1319,2,1,5,304.28,306.3,NA,53376,93580,NA,33360,6,15
48409000112,48,409,000112,2891,1815,2,1043,11,2,18,2100,1483,2,597,7,1,10,335.25,337.47,NA,40472,92470,NA,29400,6,15
48409000113,48,409,000113,6066,559,84,5398,1,0,24,3855,445,64,3330,1,0,15,615.43,619.5,NA,47040,92470,NA,29400,6,15
48409010601,48,409,010601,5405,3506,50,1784,23,25,17,3687,2510,28,1108,14,18,9,588.61,592.51,NA,58904,91645,NA,21780,6,15
48409010603,48,409,010603,1060,957,7,85,3,4,4,700,645,5,43,3,1,3,111.75,112.49,NA,58904,91645,NA,21780,6,15
48409010604,48,409,010604,3092,2569,21,470,15,9,8,2269,1925,10,317,10,4,3,362.23,364.63,NA,58904,91645,NA,21780,6,15
48411009501,48,411,009501,1250,1129,0,117,2,0,2,971,896,0,71,2,0,2,218.42,263.32,NA,61880,93440,NA,37080,2,5
48411009502,48,411,009502,4151,3244,13,881,6,1,6,3030,2459,8,556,3,1,3,681.58,821.68,NA,65648,93445,NA,39030,2,5
48413009501,48,413,009501,651,539,0,112,0,0,0,477,404,0,73,0,0,0,83.24,150.41,NA,NA,91185,NA,39510,13,21
48413009502,48,413,009502,2339,1359,24,950,2,0,4,1540,970,20,546,2,0,2,268.76,485.59,NA,22960,91185,NA,39510,13,21
48415009501,48,415,009501,4547,2705,50,1759,19,6,8,3041,2013,25,985,12,1,5,389.06,858.71,NA,68624,93605,NA,40650,8,17
48415009502,48,415,009502,1656,1470,2,175,9,0,0,1191,1069,2,116,4,0,0,152.37,336.31,NA,NA,91340,NA,40650,8,17
48415009503,48,415,009503,5857,5151,89,589,17,10,1,4219,3839,44,319,9,8,0,539.77,1191.36,NA,68624,93605,NA,40650,8,17
48415009504,48,415,009504,5632,3161,725,1716,11,12,7,4189,2452,606,1106,11,9,5,535.93,1182.88,NA,68624,93605,NA,40650,8,17
48415009505,48,415,009505,942,727,0,215,0,0,0,679,546,0,133,0,0,0,86.87,191.74,NA,NA,91795,NA,23040,8,17
48417009501,48,417,009501,2858,2584,12,247,8,2,5,2077,1932,11,126,3,2,3,396.92,770.75,NA,1648,90030,NA,07680,8,17
48417009502,48,417,009502,458,432,0,25,1,0,0,351,334,0,16,1,0,0,67.08,130.25,NA,49320,92640,NA,31320,8,17
48419009501,48,419,009501,4513,3656,765,81,8,3,0,3205,2694,448,54,7,2,0,693.05,647.34,NA,72188,93860,NA,24810,11,7
48419009502,48,419,009502,3060,2285,692,71,8,3,1,2306,1795,455,47,7,2,0,498.65,465.76,NA,73076,93925,18840,42840,11,7
48419009503,48,419,009503,3617,3142,362,105,2,6,0,2704,2363,270,65,2,4,0,584.71,546.15,NA,13732,90670,NA,13320,11,7
48419009504,48,419,009504,5709,3438,2041,210,2,17,1,4155,2705,1304,134,1,11,0,898.48,839.22,NA,13732,90670,NA,13320,11,7
48419009505,48,419,009505,2186,2084,56,43,3,0,0,1643,1575,39,26,3,0,0,355.28,331.85,NA,NA,90020,18840,13320,11,7
48419009506,48,419,009506,2949,2114,794,29,11,1,0,2256,1683,550,17,5,1,0,487.84,455.67,NA,35636,93550,NA,39960,11,7
48421009501,48,421,009501,775,584,1,184,3,3,0,545,434,1,107,1,2,0,83.02,251.48,NA,72464,93760,35890,42540,4,19
48421009502,48,421,009502,2083,1718,3,354,4,4,0,1477,1257,2,212,4,2,0,224.98,681.52,NA,70544,93765,NA,41670,4,19
48423000001,48,423,000001,5658,2069,2911,640,18,17,3,3913,1729,1781,376,11,15,1,551.18,1062.99,NA,74144,93970,NA,43470,22,10
48423000003,48,423,000003,4928,1682,1320,1900,13,10,3,3235,1367,798,1051,10,8,1,455.68,878.81,NA,74144,93970,NA,43470,22,10
48423000004,48,423,000004,2291,432,1637,202,6,12,2,1597,383,1084,117,4,7,2,224.95,433.84,NA,74144,93970,NA,43470,22,10
48423000005,48,423,000005,2588,934,743,879,26,3,3,1971,822,599,527,17,3,3,277.63,535.44,NA,74144,93970,NA,43470,22,10
48423000006,48,423,000006,1940,584,461,864,6,1,24,1311,479,322,498,4,1,7,184.67,356.14,NA,74144,93970,NA,43470,22,10
48423000007,48,423,000007,2953,54,2824,65,1,0,9,2167,48,2078,38,0,0,3,305.24,588.68,NA,74144,93970,NA,43470,22,10
48423000008,48,423,000008,5548,3282,1591,642,11,17,5,4010,2606,991,390,9,12,2,564.84,1089.34,NA,74144,93970,NA,43470,22,9
48423000009,48,423,000009,4200,3329,446,392,13,20,0,3311,2721,352,211,10,17,0,466.38,899.46,NA,74144,93970,NA,43470,22,9
48423000010,48,423,000010,4652,4208,328,92,8,14,2,3639,3378,191,56,7,7,0,512.59,988.56,NA,74144,93970,NA,43470,22,9
48423000012,48,423,000012,3476,3175,179,99,11,9,3,2700,2491,126,63,8,9,3,380.32,733.47,NA,74144,93970,NA,43470,22,9
48423000013,48,423,000013,2055,1842,105,102,1,4,1,1483,1367,55,58,1,2,0,208.89,402.87,NA,74144,93970,NA,43470,22,9
48423000017,48,423,000017,4754,3701,573,444,29,7,0,3414,2748,389,253,19,5,0,480.89,927.44,NA,74144,93970,NA,46230,22,9
48423000021,48,423,000021,7906,6574,1150,150,16,15,1,5815,4930,777,81,16,10,1,819.09,1579.69,NA,73724,93950,NA,43230,22,9
48423000201,48,423,000201,3988,44,3835,96,7,6,0,2919,36,2816,57,5,5,0,411.17,792.97,NA,74144,93970,NA,43470,22,10
48423000202,48,423,000202,2178,70,1832,273,0,1,2,1533,53,1322,155,0,1,2,215.94,416.45,NA,74144,93970,NA,43470,22,10
48423001101,48,423,001101,3625,3407,122,62,7,27,0,2870,2730,74,48,4,14,0,404.27,779.66,NA,74144,93970,NA,43470,22,9
48423001102,48,423,001102,2493,2385,64,21,4,19,0,1974,1908,40,14,1,11,0,278.06,536.25,NA,74144,93970,NA,43470,22,9
48423001401,48,423,001401,5714,5363,231,97,21,2,0,4481,4225,172,70,13,1,0,631.19,1217.3,NA,42820,92210,NA,27510,22,9
48423001402,48,423,001402,7181,6048,862,226,30,15,0,5143,4410,562,140,20,11,0,724.44,1397.13,NA,42820,92210,NA,27510,22,9
48423001598,48,423,001598,4251,3155,959,121,12,4,0,3066,2294,683,79,8,2,0,431.87,832.9,NA,79828,94260,NA,46230,22,9
48423001601,48,423,001601,8526,6249,1773,440,37,20,7,6257,4800,1157,249,31,14,6,881.35,1699.76,NA,74144,93970,NA,43470,22,9
48423001602,48,423,001602,2659,1935,624,64,14,22,0,1910,1442,413,38,5,12,0,269.04,518.87,NA,74144,93970,NA,43470,22,10
48423001802,48,423,001802,5411,4572,655,139,25,19,1,3930,3378,439,79,20,13,1,553.58,1067.61,NA,74144,93975,NA,13650,22,9
48423001803,48,423,001803,2393,2180,165,31,2,15,0,1930,1753,139,23,2,13,0,271.86,524.3,NA,74144,93975,NA,13650,22,9
48423001898,48,423,001898,4572,2004,2457,93,15,2,1,3222,1461,1687,61,11,2,0,453.85,875.28,NA,54432,93975,NA,13650,22,9
48423001901,48,423,001901,4712,3977,529,133,7,65,1,3806,3251,405,100,6,43,1,536.11,1033.93,NA,74144,93970,NA,43470,22,9
48423001903,48,423,001903,6625,5982,492,81,21,46,3,4734,4286,349,53,14,31,1,666.83,1286.02,NA,74144,90515,NA,43470,22,9
48423001904,48,423,001904,7679,7056,493,75,24,31,0,5813,5377,345,46,24,21,0,818.81,1579.14,NA,11212,90515,NA,43470,22,9
48423002003,48,423,002003,3661,2905,609,92,11,39,5,2815,2280,434,59,7,34,1,396.52,764.71,NA,74144,93970,NA,43470,22,9
48423002004,48,423,002004,1688,1405,206,68,4,5,0,1237,1060,125,46,2,4,0,174.24,336.04,NA,74144,93970,NA,43470,22,9
48423002005,48,423,002005,1451,1297,91,41,14,8,0,1160,1049,67,30,8,6,0,163.4,315.12,NA,74144,93970,NA,43470,22,9
48423002006,48,423,002006,3814,3690,41,34,7,42,0,2659,2581,23,25,5,25,0,374.54,722.34,NA,74144,93970,NA,43470,22,9
48423002007,48,423,002007,3841,3499,207,98,8,29,0,2757,2513,145,71,6,22,0,388.35,748.96,NA,74144,94205,NA,45600,22,9
48423002008,48,423,002008,3405,3080,210,89,7,19,0,2501,2270,146,64,7,14,0,352.29,679.41,NA,74144,94205,NA,43470,22,9
48423002009,48,423,002009,8493,7684,564,141,42,58,4,5743,5253,351,78,22,37,2,808.95,1560.13,NA,78388,94205,NA,45600,22,9
48425009901,48,425,009901,3557,3170,4,359,13,10,1,2396,2197,0,182,8,8,1,485.38,710.97,NA,29876,91535,42720,20850,8,17
48425009902,48,425,009902,1803,1377,6,390,21,8,1,1247,1016,3,210,11,6,1,252.62,370.03,NA,29876,91535,NA,20850,8,17
48427009501,48,427,009501,10190,317,4,9816,0,10,43,5949,222,2,5691,0,10,24,1130.29,269.19,NA,62168,93240,NA,37140,6,28
48427009502,48,427,009502,8112,157,0,7944,1,1,9,4766,111,0,4646,1,1,7,905.53,215.66,NA,24552,93315,NA,37740,6,28
48427009504,48,427,009504,6044,90,0,5933,2,0,19,3516,60,0,3448,1,0,7,668.03,159.1,NA,40288,92090,NA,37140,6,28
48427009505,48,427,009505,5135,151,0,4982,0,0,2,3377,126,0,3249,0,0,2,641.62,152.81,NA,62168,93240,NA,37140,6,28
48427009506,48,427,009506,4537,139,1,4383,2,1,11,2891,114,0,2768,1,1,7,549.28,130.82,NA,62168,93240,NA,37140,6,28
48427009507,48,427,009507,6500,147,4,6332,1,1,15,4054,89,2,3953,1,1,8,770.25,183.44,NA,63020,93315,NA,37740,6,28
48429009501,48,429,009501,1175,1136,4,22,8,4,1,927,904,0,13,6,3,1,153.27,313.06,NA,10132,90420,NA,11220,8,17
48429009502,48,429,009502,4095,3589,67,419,9,11,0,2899,2617,37,233,5,7,0,479.33,979.02,NA,10132,90420,NA,11220,8,17
48429009503,48,429,009503,2572,2066,163,317,12,13,1,1831,1534,122,163,6,6,0,302.74,618.35,NA,10132,90420,NA,11220,8,17
48429009504,48,429,009504,1168,1159,0,9,0,0,0,893,889,0,4,0,0,0,147.65,301.57,NA,NA,90425,NA,11220,8,17
48431009501,48,431,009501,1438,1067,0,366,4,0,1,955,732,0,219,4,0,0,156,452,NA,70232,93745,NA,41550,8,21
48433009501,48,433,009501,478,436,5,30,0,6,1,375,345,2,24,0,3,1,143.4,118.67,NA,4408,90145,NA,00006,8,17
48433009502,48,433,009502,1535,1241,83,207,2,1,1,1126,953,51,120,1,1,0,430.6,356.33,NA,4408,90150,NA,00006,8,17
48435009501,48,435,009501,488,322,0,166,0,0,0,361,250,0,111,0,0,0,52.53,114.5,NA,NA,93620,NA,40800,13,23
48435009502,48,435,009502,3647,1922,1,1700,14,6,4,2505,1375,1,1109,10,6,4,364.47,794.5,NA,68756,93615,NA,40800,13,23
48437009501,48,437,009501,839,688,19,129,2,0,1,592,507,12,70,2,0,1,167.22,115.69,NA,32156,91700,NA,22350,4,13
48437009502,48,437,009502,851,717,4,125,5,0,0,605,534,4,65,2,0,0,170.89,118.23,NA,73868,93955,NA,43320,4,13
48437009503,48,437,009503,4800,2878,237,1644,18,12,11,3363,2283,150,906,11,9,4,949.94,657.19,NA,73868,93955,NA,43320,4,13
48437009504,48,437,009504,1643,971,72,598,1,1,0,1115,728,45,341,1,0,0,314.95,217.89,NA,39904,92060,NA,25950,4,13
48439001003,48,439,001003,4097,340,1256,2480,6,7,8,2711,254,972,1467,6,6,6,403.03,560.67,NA,27000,91380,NA,19700,3,12
48439001004,48,439,001004,6652,1109,43,5460,11,5,24,4238,927,34,3251,6,4,16,630.05,876.48,NA,27000,91380,NA,19700,3,12
48439001007,48,439,001007,3959,3318,18,555,21,45,2,3017,2619,13,339,17,28,1,448.53,623.96,NA,27000,91380,NA,13170,3,12
48439001008,48,439,001008,5717,887,23,4775,12,5,15,3693,748,14,2906,10,3,12,549.02,763.76,NA,27000,91380,NA,19700,3,12
48439001009,48,439,001009,2309,122,10,2164,6,2,5,1555,103,6,1434,5,2,5,231.18,321.6,NA,27000,91380,NA,19700,3,12
48439001010,48,439,001010,3617,941,1371,1267,26,7,5,2926,893,1109,888,25,7,4,435,605.14,NA,27000,91380,NA,19700,3,12
48439001011,48,439,001011,1757,427,955,363,2,4,6,1476,407,815,245,2,3,4,219.43,305.26,NA,27000,91380,NA,19700,3,12
48439001015,48,439,001015,3641,2708,415,377,18,121,2,2805,2221,254,244,14,70,2,417.01,580.11,NA,27000,91380,NA,19700,3,11
48439001016,48,439,001016,1340,292,832,203,6,4,3,990,255,583,140,5,4,3,147.18,204.75,NA,27000,91380,NA,19700,3,24
48439001017,48,439,001017,2796,289,2253,231,10,11,2,1659,246,1281,115,9,7,1,246.64,343.1,NA,27000,91380,NA,19700,3,12
48439001018,48,439,001018,489,217,208,57,5,2,0,462,214,189,52,5,2,0,68.68,95.55,NA,27000,91380,NA,19700,3,12
48439001019,48,439,001019,574,482,25,67,0,0,0,495,430,19,46,0,0,0,73.59,102.37,NA,27000,91380,NA,19700,3,12
48439001020,48,439,001020,1151,474,43,622,4,6,2,886,439,38,398,4,5,2,131.72,183.24,NA,27000,91380,NA,19700,3,12
48439001021,48,439,001021,5356,3592,279,1411,9,55,10,4300,3047,198,1000,8,39,8,639.26,889.3,NA,27000,91380,NA,19700,3,12
48439001025,48,439,001025,3931,106,3685,120,4,15,1,2954,76,2804,64,4,5,1,439.16,610.93,NA,27000,91380,NA,19700,3,12
48439001026,48,439,001026,6254,4510,578,1075,22,63,6,4882,3720,378,718,12,51,3,725.79,1009.67,NA,27000,91380,NA,19700,3,12
48439001027,48,439,001027,3706,3256,41,351,13,45,0,3070,2728,33,260,13,36,0,456.4,634.92,NA,27000,91380,NA,19700,3,12
48439001028,48,439,001028,1322,1110,110,96,1,5,0,1013,858,81,68,1,5,0,150.6,209.5,NA,27000,91380,NA,19700,3,12
48439001029,48,439,001029,1497,1077,241,163,12,3,1,1319,963,214,128,11,2,1,196.09,272.79,NA,27000,91380,NA,19700,3,12
48439001030,48,439,001030,1655,521,81,1004,8,39,2,1151,431,57,631,8,22,2,171.11,238.04,NA,27000,91380,NA,19700,3,12
48439001031,48,439,001031,870,421,200,219,7,23,0,788,396,192,177,7,16,0,117.15,162.97,NA,27000,91380,NA,19700,3,12
48439001032,48,439,001032,464,17,370,75,1,0,1,351,14,283,53,0,0,1,52.18,72.59,NA,27000,91380,NA,19700,3,12
48439001033,48,439,001033,1402,32,1327,43,0,0,0,1050,24,998,28,0,0,0,156.1,217.15,NA,27000,91380,NA,19700,3,24
48439001034,48,439,001034,1005,12,898,92,0,3,0,780,11,713,54,0,2,0,115.96,161.32,NA,27000,91380,NA,19700,3,24
48439001035,48,439,001035,5476,1515,1954,1917,12,62,16,3772,1297,1251,1150,12,55,7,560.77,780.1,NA,27000,91380,NA,19700,3,24
48439001038,48,439,001038,3599,75,3424,99,1,0,0,2362,55,2242,64,1,0,0,351.15,488.49,NA,27000,91380,NA,19700,3,24
48439001039,48,439,001039,2435,28,2223,174,3,1,6,1875,22,1748,99,3,0,3,278.75,387.78,NA,27000,91380,NA,19700,3,24
48439001040,48,439,001040,1961,565,292,1081,2,13,8,1432,473,261,681,2,9,6,212.89,296.16,NA,27000,91380,NA,19700,3,12
48439001041,48,439,001041,4323,1629,124,2301,23,226,20,2911,1289,87,1388,15,119,13,432.77,602.04,NA,27000,91380,NA,19700,3,12
48439001043,48,439,001043,5045,3877,197,842,20,93,16,4045,3184,174,582,19,77,9,601.35,836.56,NA,27000,91380,NA,19700,3,12
48439001044,48,439,001044,5192,2893,160,1979,27,126,7,3661,2266,109,1190,16,77,3,544.27,757.15,NA,27000,91380,NA,19700,3,12
48439001047,48,439,001047,5980,2654,118,3119,22,56,11,4031,2064,61,1849,17,32,8,599.27,833.67,NA,27000,91380,NA,19700,3,12
48439001049,48,439,001049,2224,1649,118,292,16,149,0,1672,1326,79,151,14,102,0,248.57,345.79,NA,27000,91380,NA,19700,3,12
48439001051,48,439,001051,4010,3260,328,322,10,86,4,3422,2834,252,248,10,74,4,508.74,707.72,NA,27000,91380,NA,19700,3,11
48439001053,48,439,001053,782,298,28,445,0,1,10,554,229,24,295,0,1,5,82.36,114.58,NA,27000,91380,NA,19700,3,12
48439001056,48,439,001056,4640,4051,113,437,10,28,1,3598,3249,53,266,10,19,1,534.9,744.12,NA,27000,91380,NA,19700,18,12
48439001058,48,439,001058,3818,2664,299,789,22,37,7,2639,1982,151,459,14,30,3,392.33,545.78,NA,27000,91380,NA,19700,3,12
48439001059,48,439,001059,6724,2033,2482,1921,17,246,25,4706,1743,1527,1247,15,156,18,699.62,973.27,NA,27000,91380,NA,19700,3,24
48439001063,48,439,001063,2601,13,2559,26,3,0,0,1855,8,1831,14,2,0,0,275.78,383.64,NA,27000,91380,NA,19700,3,24
48439001064,48,439,001064,1637,1323,206,91,11,2,4,1212,1042,105,52,10,2,1,180.18,250.66,NA,27000,91380,NA,19700,3,24
48439001066,48,439,001066,646,561,12,51,6,16,0,548,484,9,37,5,13,0,81.47,113.33,NA,27000,91380,NA,26490,3,12
48439001067,48,439,001067,1383,1244,14,115,2,8,0,997,905,10,74,1,7,0,148.22,206.19,NA,27000,91380,NA,17700,3,12
48439001103,48,439,001103,8433,6685,140,980,69,554,5,6099,5032,72,604,42,347,2,906.71,1261.36,NA,31928,92805,NA,10230,3,12
48439001105,48,439,001105,6650,5921,18,645,22,44,0,5024,4549,13,412,18,32,0,746.9,1039.03,NA,62384,91380,NA,13170,3,12
48439001218,48,439,001218,215,177,19,17,1,1,0,198,165,15,16,1,1,0,29.44,40.95,NA,4000,90135,NA,08700,18,24
48439001220,48,439,001220,6967,5057,638,1083,54,118,17,4933,3749,398,663,38,80,5,733.37,1020.21,NA,4000,90135,NA,08700,18,24
48439001221,48,439,001221,5423,4518,129,662,54,56,4,3863,3340,70,377,41,32,3,574.3,798.92,NA,4000,90135,NA,08700,18,24
48439001222,48,439,001222,1671,943,217,469,8,33,1,1269,780,162,296,6,24,1,188.66,262.45,NA,4000,90135,NA,08700,18,24
48439001223,48,439,001223,3347,1475,329,367,13,1157,6,2982,1326,301,277,12,1061,5,443.32,616.72,NA,4000,90135,NA,08700,18,24
48439001224,48,439,001224,5555,3908,408,678,26,522,13,4530,3266,308,464,22,461,9,673.46,936.87,NA,4000,90135,NA,08700,18,24
48439001225,48,439,001225,3650,3338,131,142,11,28,0,2918,2708,84,93,10,23,0,433.81,603.48,NA,4000,90135,NA,08700,18,11
48439001226,48,439,001226,4127,3785,72,170,24,65,11,3203,2965,53,113,18,50,4,476.18,662.43,NA,4000,90135,NA,08700,18,11
48439001227,48,439,001227,4712,3765,332,438,33,140,4,3733,3058,211,332,29,100,3,554.97,772.04,NA,4000,90135,NA,08700,18,24
48439001228,48,439,001228,6671,4270,710,1180,30,469,12,4936,3339,433,780,22,354,8,733.82,1020.83,NA,4000,90135,NA,08700,18,11
48439001229,48,439,001229,6213,4477,474,823,44,385,10,4213,3204,257,505,29,216,2,626.33,871.31,NA,4000,90135,NA,08700,18,24
48439100101,48,439,100101,4718,2929,161,941,18,653,16,3514,2363,130,590,12,413,6,522.41,726.74,NA,27000,91380,NA,19700,3,12
48439100102,48,439,100102,4275,2586,72,1408,23,162,24,3157,2127,37,862,16,101,14,469.34,652.91,NA,27000,91380,NA,19700,3,12
48439100201,48,439,100201,3461,1092,45,2272,17,22,13,2289,878,34,1344,13,11,9,340.3,473.4,NA,27000,91380,NA,19700,3,12
48439100202,48,439,100202,5192,1035,25,4106,14,0,12,3267,779,15,2454,13,0,6,485.69,675.66,NA,27000,91380,NA,19700,3,12
48439100501,48,439,100501,5981,1911,1110,2926,20,2,12,3791,1483,667,1617,15,2,7,563.59,784.03,NA,27000,91380,NA,19700,3,12
48439100502,48,439,100502,6346,3040,150,3094,28,15,19,4290,2452,68,1725,23,10,12,637.78,887.23,NA,27000,91380,NA,19700,3,12
48439100601,48,439,100601,1810,1739,2,57,9,3,0,1467,1424,1,30,9,3,0,218.09,303.4,NA,27000,91380,NA,19700,3,12
48439100602,48,439,100602,2877,2265,212,342,11,40,7,2283,1803,189,246,11,29,5,339.4,472.16,NA,27000,91380,NA,13170,3,12
48439101201,48,439,101201,1261,952,28,216,12,53,0,913,726,21,127,9,30,0,135.73,188.82,NA,27000,91380,NA,19700,3,12
48439101202,48,439,101202,3701,2250,476,909,30,32,4,2778,1765,375,590,22,24,2,412.99,574.53,NA,27000,91380,NA,19700,3,12
48439101301,48,439,101301,4477,3720,457,245,40,14,1,3464,2969,292,168,24,10,1,514.98,716.4,NA,27000,91380,NA,19700,18,12
48439101302,48,439,101302,3169,1540,1397,199,3,27,3,2218,1184,887,125,3,17,2,329.74,458.71,NA,27000,91380,NA,19700,3,24
48439101401,48,439,101401,4207,3371,563,193,10,67,3,3300,2753,358,128,8,52,1,490.6,682.49,NA,27000,91380,NA,19700,3,11
48439101402,48,439,101402,2583,1698,454,359,13,57,2,1924,1387,274,214,11,36,2,286.03,397.91,NA,27000,91380,NA,19700,3,12
48439101403,48,439,101403,4036,2171,1520,292,20,30,3,2969,1800,945,190,15,16,3,441.39,614.03,NA,27000,91380,NA,19700,3,12
48439102201,48,439,102201,3533,3118,112,244,16,41,2,2723,2465,63,155,11,27,2,404.82,563.15,NA,27000,91380,NA,19700,3,12
48439102202,48,439,102202,3017,2808,47,126,23,11,2,2549,2393,31,96,18,10,1,378.95,527.17,NA,27000,91380,NA,19700,3,12
48439102301,48,439,102301,3128,2312,241,518,6,50,1,2404,1814,176,370,6,38,0,357.39,497.18,NA,27000,91380,NA,19700,3,12
48439102302,48,439,102302,4996,4121,200,577,47,48,3,3584,3071,107,343,29,33,1,532.82,741.22,NA,27000,91380,NA,19700,3,12
48439102401,48,439,102401,3870,2711,736,391,13,18,1,2904,2173,461,245,10,14,1,431.73,600.59,NA,27000,91380,NA,19700,3,11
48439102402,48,439,102402,3986,3707,71,138,12,56,2,3230,3019,58,100,8,44,1,480.19,668.01,NA,27000,91380,NA,19700,24,11
48439103601,48,439,103601,2791,16,2684,72,4,15,0,1727,9,1670,39,3,6,0,256.75,357.17,NA,27000,91380,NA,19700,3,24
48439103602,48,439,103602,2067,8,2052,7,0,0,0,1632,8,1620,4,0,0,0,242.62,337.52,NA,27000,91380,NA,19700,3,24
48439103701,48,439,103701,3622,630,1920,1031,8,27,6,2323,505,1188,605,6,15,4,345.35,480.43,NA,27000,91380,NA,19700,3,24
48439103702,48,439,103702,2583,182,2183,207,2,3,6,1737,145,1462,121,2,3,4,258.23,359.24,NA,27000,91380,NA,19700,3,24
48439104201,48,439,104201,5663,5257,130,194,13,69,0,5079,4694,124,183,13,65,0,755.07,1050.41,NA,27000,91380,NA,19700,24,12
48439104202,48,439,104202,3233,3016,27,139,20,30,1,2608,2452,22,96,17,20,1,387.72,539.37,NA,27000,91380,NA,19700,24,12
48439104501,48,439,104501,7376,926,4532,1795,18,89,16,4967,750,3060,1075,13,57,12,738.42,1027.25,NA,27000,91380,NA,19700,3,12
48439104502,48,439,104502,2768,417,961,1368,7,8,7,1877,321,715,826,6,7,2,279.05,388.19,NA,27000,91380,NA,19700,3,12
48439104503,48,439,104503,2863,214,18,2604,2,17,8,1903,163,12,1713,2,8,5,282.91,393.57,NA,27000,91380,NA,19700,3,12
48439104601,48,439,104601,3356,329,2649,357,6,1,14,2206,281,1701,211,4,1,8,327.96,456.23,NA,27000,91380,NA,19700,3,24
48439104602,48,439,104602,3841,1237,2017,571,5,9,2,2522,974,1209,328,4,6,1,374.94,521.59,NA,27000,91380,NA,19700,3,24
48439104603,48,439,104603,2940,1499,783,640,12,4,2,2001,1170,451,368,9,1,2,297.48,413.84,NA,27000,91380,NA,19700,3,24
48439104604,48,439,104604,2323,377,1643,283,5,11,4,1510,212,1113,169,4,9,3,224.49,312.29,NA,27000,91380,NA,19700,3,24
48439104605,48,439,104605,4336,743,3267,308,9,9,0,3145,653,2284,196,4,8,0,467.55,650.43,NA,27000,91380,NA,19700,3,24
48439104801,48,439,104801,6728,3889,154,2427,28,211,19,4748,3093,84,1406,23,139,3,705.87,981.95,NA,27000,91380,NA,19700,3,12
48439104802,48,439,104802,4704,3175,224,1175,5,122,3,3301,2413,117,682,4,84,1,490.75,682.69,NA,27000,91380,NA,19700,3,11
48439105001,48,439,105001,5057,1576,64,3298,37,66,16,3293,1256,39,1913,34,41,10,489.56,681.04,NA,27000,91380,NA,19700,3,12
48439105005,48,439,105005,1521,1248,34,187,10,40,2,1064,894,22,112,7,28,1,158.18,220.05,NA,27000,91380,NA,17700,3,12
48439105006,48,439,105006,1177,536,294,286,3,54,4,931,441,280,177,1,28,4,138.41,192.54,NA,27000,91380,NA,17700,3,12
48439105201,48,439,105201,4196,3141,504,354,16,177,4,3246,2528,340,233,14,129,2,482.57,671.32,NA,27000,91380,NA,19700,3,12
48439105202,48,439,105202,7937,5432,1289,862,51,296,7,6108,4401,837,598,33,234,5,908.05,1263.22,NA,27000,91380,NA,19700,3,12
48439105203,48,439,105203,2054,1838,79,89,7,41,0,1630,1480,54,54,6,36,0,242.33,337.11,NA,27000,91380,NA,19700,3,12
48439105403,48,439,105403,3390,3303,7,54,7,19,0,2883,2815,7,42,6,13,0,428.6,596.25,NA,27000,91380,NA,19700,24,12
48439105404,48,439,105404,3523,3436,9,44,2,32,0,2843,2776,4,38,2,23,0,422.66,587.97,NA,27000,91380,NA,19700,24,12
48439105405,48,439,105405,3421,2936,243,141,13,86,2,2913,2529,183,112,11,77,1,433.06,602.45,NA,27000,91380,NA,19700,24,11
48439105406,48,439,105406,1906,1816,21,44,2,23,0,1644,1566,20,36,2,20,0,244.41,340,NA,27000,91380,NA,19700,24,11
48439105502,48,439,105502,5730,4895,372,381,25,57,0,4469,3929,232,242,21,45,0,664.39,924.25,NA,27000,91380,NA,19700,18,11
48439105503,48,439,105503,5564,4861,331,258,19,95,0,4345,3888,214,163,16,64,0,645.95,898.61,NA,27000,91380,NA,19700,24,11
48439105505,48,439,105505,4379,3641,314,310,7,106,1,3561,3070,204,200,6,80,1,529.4,736.47,NA,27000,91380,NA,19700,24,11
48439105506,48,439,105506,4137,3491,242,174,16,212,2,3838,3284,210,155,14,173,2,570.58,793.75,NA,27000,91380,NA,15910,24,11
48439105507,48,439,105507,1001,930,20,26,1,24,0,656,610,13,18,0,15,0,97.52,135.67,NA,27000,91380,NA,19700,24,11
48439105508,48,439,105508,2479,2016,200,155,7,100,1,2176,1803,157,132,5,78,1,323.5,450.03,NA,27000,91380,NA,15910,24,11
48439105509,48,439,105509,10535,7982,1259,776,21,489,8,7253,5626,816,477,18,312,4,1078.27,1500.02,NA,27000,91380,NA,19700,18,12
48439105510,48,439,105510,3083,2254,422,203,16,184,4,2277,1727,268,150,13,117,2,338.51,470.92,NA,27000,91380,NA,19700,24,11
48439105701,48,439,105701,3479,2987,142,292,6,49,3,2756,2427,85,202,5,34,3,409.72,569.98,NA,27000,91380,NA,19700,18,11
48439105703,48,439,105703,3613,2884,307,320,10,86,6,2667,2183,203,213,6,60,2,396.49,551.57,NA,27000,91380,NA,19700,18,11
48439105704,48,439,105704,5865,3790,1080,713,9,268,5,4134,2789,702,461,7,172,3,614.59,854.97,NA,27000,91380,NA,19700,18,12
48439106001,48,439,106001,6766,4784,1227,592,36,126,1,4816,3568,761,374,30,83,0,715.98,996.02,NA,27000,91380,NA,18810,3,12
48439106002,48,439,106002,3631,468,2988,145,19,6,5,2514,322,2084,91,10,6,1,373.75,519.93,NA,27000,91380,NA,18810,3,24
48439106004,48,439,106004,2136,983,916,202,11,24,0,1379,704,530,120,10,15,0,205.01,285.2,NA,27000,91380,NA,18810,3,12
48439106005,48,439,106005,515,286,202,25,2,0,0,345,224,106,14,1,0,0,51.29,71.35,NA,27000,91380,NA,18810,3,12
48439106101,48,439,106101,1473,332,1070,66,4,1,0,1032,243,746,40,2,1,0,153.42,213.43,NA,27000,91380,NA,19700,3,24
48439106102,48,439,106102,1887,905,778,182,11,6,5,1313,691,484,122,9,4,3,195.2,271.55,NA,27000,91380,NA,19700,3,24
48439106201,48,439,106201,4056,50,3963,41,1,1,0,2817,41,2752,22,1,1,0,418.79,582.6,NA,27000,91380,NA,19700,3,24
48439106202,48,439,106202,4250,309,3860,70,6,1,4,2802,243,2508,44,3,1,3,416.56,579.49,NA,27000,91380,NA,19700,3,24
48439106502,48,439,106502,2658,2054,507,74,6,17,0,2055,1730,261,46,6,12,0,305.51,425,NA,27000,91380,NA,19700,18,11
48439106503,48,439,106503,4901,3311,1225,273,13,79,0,3702,2710,748,182,12,50,0,550.36,765.63,NA,27000,91380,NA,19700,18,12
48439106506,48,439,106506,8464,4168,3678,480,13,116,9,6567,3664,2427,371,13,90,2,976.29,1358.15,NA,27000,91380,NA,19700,3,11
48439106507,48,439,106507,2002,1550,298,91,7,55,1,1672,1358,202,64,7,40,1,248.57,345.79,NA,27000,91380,NA,19700,3,11
48439106508,48,439,106508,4301,3199,526,413,22,133,8,4018,3034,455,376,20,126,7,597.34,830.98,NA,27000,91380,NA,24060,18,12
48439106509,48,439,106509,2258,1761,321,102,5,67,2,1926,1527,250,86,5,56,2,286.33,398.32,NA,27000,91380,NA,19700,18,12
48439106510,48,439,106510,1320,1008,85,110,8,109,0,901,701,58,66,5,71,0,133.95,186.34,NA,27000,91380,NA,10230,18,12
48439106511,48,439,106511,3588,2674,659,185,2,63,5,2697,2061,474,115,2,43,2,400.95,557.78,NA,27000,91380,NA,19700,18,11
48439106512,48,439,106512,3126,2071,870,116,16,50,3,2436,1718,576,90,16,34,2,362.15,503.8,NA,27000,91380,NA,19700,18,12
48439106513,48,439,106513,2789,1530,886,177,13,183,0,1846,1116,495,109,7,119,0,274.44,381.78,NA,27000,91380,NA,19700,18,12
48439106514,48,439,106514,3020,2314,438,198,8,62,0,2657,2106,345,149,7,50,0,395.01,549.51,NA,27000,91380,NA,19700,18,12
48439110101,48,439,110101,5122,4518,74,397,24,108,1,4101,3657,56,290,19,79,0,609.68,848.14,NA,31928,92805,NA,10230,3,12
48439110102,48,439,110102,4093,3460,32,280,29,291,1,3186,2764,20,186,19,196,1,473.65,658.91,NA,31928,92805,NA,10230,3,12
48439110201,48,439,110201,7985,7034,70,665,61,152,3,5821,5197,44,438,41,99,2,865.39,1203.87,NA,31928,92805,NA,10230,3,12
48439110202,48,439,110202,3302,2841,34,216,6,204,1,2468,2180,18,140,6,123,1,366.91,510.42,NA,31928,92805,NA,10230,3,12
48439110401,48,439,110401,4926,4511,19,336,22,38,0,3674,3411,15,202,19,27,0,546.2,759.84,NA,41056,91380,NA,26490,3,12
48439110402,48,439,110402,3911,3337,8,512,40,12,2,2840,2513,5,292,23,7,0,422.21,587.35,NA,65660,91380,NA,13170,3,12
48439110601,48,439,110601,2350,1971,139,181,13,46,0,1648,1422,75,111,8,32,0,245,340.83,NA,78064,91380,NA,19700,3,12
48439110602,48,439,110602,678,658,0,12,0,8,0,539,522,0,11,0,6,0,80.13,111.47,NA,77788,91380,NA,19700,3,12
48439110701,48,439,110701,7036,6212,231,485,39,64,5,4962,4483,108,300,22,48,1,737.68,1026.21,NA,78544,91380,NA,45540,3,12
48439110702,48,439,110702,8446,7197,442,575,56,171,5,6138,5350,263,356,39,128,2,912.51,1269.43,NA,78544,91380,NA,45540,3,12
48439110801,48,439,110801,4559,3724,308,355,24,138,10,3057,2560,178,207,19,88,5,454.47,632.23,NA,27000,91380,NA,45540,3,11
48439110804,48,439,110804,2369,2178,18,122,6,45,0,1774,1666,10,65,5,28,0,263.73,366.89,NA,27000,91380,NA,19700,24,11
48439110901,48,439,110901,3416,3174,57,117,12,50,6,2795,2626,36,84,10,35,4,415.52,578.05,NA,7552,91380,NA,19700,24,12
48439110903,48,439,110903,1539,1431,30,30,1,47,0,1326,1226,28,30,1,41,0,197.13,274.24,NA,7552,91380,NA,19700,24,11
48439110904,48,439,110904,607,583,3,15,2,4,0,498,479,1,14,2,2,0,74.04,102.99,NA,7552,91380,NA,19700,24,11
48439110905,48,439,110905,4022,3492,167,199,14,150,0,2789,2437,119,126,8,99,0,414.63,576.8,NA,7552,91380,NA,19700,24,11
48439110906,48,439,110906,4627,4174,140,212,26,74,1,3546,3232,91,148,23,52,0,527.17,733.36,NA,7552,91380,NA,19700,18,11
48439110907,48,439,110907,3194,2711,125,105,6,246,1,2202,1887,87,70,5,152,1,327.36,455.4,NA,7552,91380,NA,19700,24,11
48439111003,48,439,111003,2602,2260,165,151,9,17,0,1995,1773,104,100,5,13,0,296.59,412.59,NA,22588,91380,NA,19700,18,12
48439111005,48,439,111005,3753,2663,535,465,11,78,1,2528,1862,330,276,11,49,0,375.83,522.83,NA,27000,91380,NA,15910,18,12
48439111006,48,439,111006,5242,3794,680,425,18,321,4,3375,2488,430,255,10,191,1,501.75,698,NA,27000,91380,NA,15910,18,12
48439111007,48,439,111007,6080,5701,13,315,30,21,0,4058,3835,11,180,16,16,0,603.29,839.25,NA,17960,91380,NA,15910,18,12
48439111008,48,439,111008,2732,2534,7,153,28,10,0,1873,1753,5,90,20,5,0,278.45,387.36,NA,17960,91380,NA,15910,18,12
48439111009,48,439,111009,1547,1438,7,46,5,51,0,1032,963,5,28,3,33,0,153.42,213.43,NA,27000,91380,NA,15910,24,12
48439111010,48,439,111010,1217,1167,4,38,4,4,0,1027,990,2,27,4,4,0,152.68,212.4,NA,27000,91380,NA,19700,24,12
48439111101,48,439,111101,6563,2587,3366,566,14,19,11,4644,2112,2143,361,9,14,5,690.41,960.44,NA,26544,91380,NA,19700,3,24
48439111102,48,439,111102,5121,1176,3587,317,5,33,3,3398,939,2223,207,4,22,3,505.17,702.75,NA,26544,91380,NA,19700,3,24
48439111201,48,439,111201,4873,4640,51,156,10,14,2,3703,3539,33,110,10,9,2,550.51,765.83,NA,61568,91380,NA,12180,18,12
48439111202,48,439,111202,5653,3983,960,613,16,72,9,3907,2964,524,359,11,47,2,580.84,808.02,NA,24912,91380,NA,18810,3,12
48439111301,48,439,111301,4949,4408,288,235,10,4,4,3654,3282,214,148,5,2,3,543.23,755.7,NA,61568,90135,NA,28920,18,12
48439111303,48,439,111303,1788,1699,1,69,3,16,0,1262,1198,1,51,3,9,0,187.62,261,NA,46452,90135,NA,28920,18,24
48439111304,48,439,111304,3570,3449,31,70,14,6,0,2385,2305,20,44,10,6,0,354.57,493.25,NA,46452,90135,NA,28920,18,11
48439111305,48,439,111305,5634,4737,74,771,33,17,2,3790,3259,51,440,27,11,2,563.44,783.83,NA,46452,90135,NA,28920,18,11
48439111306,48,439,111306,2587,1915,284,356,7,25,0,1802,1382,193,199,7,21,0,267.9,372.68,NA,46452,90135,NA,28920,18,24
48439111401,48,439,111401,3637,3384,53,163,23,10,4,2545,2395,33,92,18,5,2,378.36,526.34,NA,4000,90135,NA,28920,3,11
48439111402,48,439,111402,4228,3499,349,308,26,42,4,2850,2409,214,175,19,32,1,423.7,589.42,NA,4000,90135,NA,25500,3,11
48439111403,48,439,111403,7848,6628,557,551,46,63,3,5828,4999,387,359,32,49,2,866.43,1205.31,NA,38896,90135,NA,25500,3,24
48439111505,48,439,111505,4207,3927,59,159,21,41,0,3255,3080,42,88,19,26,0,483.91,673.18,NA,4000,90135,NA,08700,18,11
48439111506,48,439,111506,6051,5262,379,277,18,114,1,4634,4111,246,180,12,85,0,688.92,958.38,NA,55020,90135,NA,08700,18,11
48439111511,48,439,111511,3406,2252,588,311,15,236,4,2565,1765,417,207,10,164,2,381.33,530.48,NA,30464,90135,NA,08700,18,24
48439111512,48,439,111512,6443,4556,806,578,25,471,7,4212,3044,491,362,17,297,1,626.18,871.1,NA,30464,90135,NA,08700,18,11
48439111513,48,439,111513,2077,1578,249,111,4,135,0,1379,1062,161,73,4,79,0,205.01,285.2,NA,4000,90135,NA,08700,18,11
48439111514,48,439,111514,4861,3497,506,467,10,379,2,3118,2310,292,268,7,240,1,463.54,644.85,NA,4000,90135,NA,08700,18,11
48439111515,48,439,111515,6812,5209,747,464,13,372,7,4538,3538,470,276,12,239,3,674.65,938.52,NA,4000,90135,NA,08700,18,11
48439111516,48,439,111516,3655,2888,280,291,21,175,0,2592,2094,185,184,15,114,0,385.34,536.06,NA,4000,90135,NA,08700,18,11
48439111517,48,439,111517,5362,4168,614,365,19,194,2,3748,2985,396,234,15,118,0,557.2,775.14,NA,4000,90135,NA,28920,18,11
48439111518,48,439,111518,1475,1127,112,181,6,46,3,961,761,66,102,2,29,1,142.87,198.75,NA,30464,90135,NA,28920,18,11
48439111519,48,439,111519,1078,942,43,79,14,0,0,689,612,21,47,9,0,0,102.43,142.49,NA,4000,90135,NA,28920,18,11
48439111521,48,439,111521,6555,4783,934,490,26,315,7,4690,3529,606,332,20,198,5,697.24,969.96,NA,4000,90135,NA,08700,18,24
48439111522,48,439,111522,6918,5406,446,633,38,389,6,4752,3824,246,387,29,266,0,706.46,982.78,NA,4000,90135,NA,08700,18,24
48439111523,48,439,111523,4693,3283,653,483,15,253,6,3078,2213,415,282,13,153,2,457.59,636.57,NA,4000,90135,NA,08700,18,24
48439111524,48,439,111524,5893,4291,575,532,28,460,7,3965,3031,318,310,22,281,3,589.46,820.02,NA,4000,90135,NA,08700,18,24
48439111525,48,439,111525,5495,4090,557,432,27,380,9,3655,2817,311,260,17,247,3,543.37,755.91,NA,4000,90135,NA,08700,18,24
48439111526,48,439,111526,4525,3856,262,289,22,94,2,3191,2807,152,159,17,55,1,474.39,659.94,NA,4000,90135,NA,08700,18,11
48439111527,48,439,111527,6733,5805,360,367,31,167,3,4957,4373,216,229,22,115,2,736.94,1025.18,NA,4000,90135,NA,08700,18,11
48439111528,48,439,111528,7004,6354,232,265,13,138,2,4853,4437,150,158,13,93,2,721.48,1003.67,NA,4000,90135,NA,08700,18,11
48439111529,48,439,111529,3829,3376,228,142,11,69,3,2619,2338,139,86,11,44,1,389.36,541.65,NA,4000,90135,NA,08700,18,11
48439111530,48,439,111530,5782,5280,192,168,11,129,2,3923,3599,121,111,10,80,2,583.22,811.33,NA,4000,90135,NA,08700,18,11
48439111531,48,439,111531,4636,4112,257,172,21,74,0,3132,2807,159,106,11,49,0,465.62,647.74,NA,4000,90135,NA,08700,18,11
48439111532,48,439,111532,3408,3087,164,127,4,26,0,2356,2150,110,74,4,18,0,350.26,487.25,NA,4000,90135,NA,08700,18,11
48439111533,48,439,111533,4192,3642,172,276,19,81,2,2793,2449,102,178,13,51,0,415.22,577.63,NA,4000,90135,NA,28920,18,11
48439111534,48,439,111534,5507,4941,253,223,19,71,0,3659,3298,157,144,14,46,0,543.97,756.73,NA,4000,90135,NA,08700,18,11
48439111535,48,439,111535,478,409,41,13,2,13,0,340,290,30,8,2,10,0,50.55,70.32,NA,38896,90135,NA,25500,18,24
48439113001,48,439,113001,3098,2776,129,127,10,56,0,2624,2344,109,110,8,53,0,390.1,542.68,NA,30464,90135,NA,08700,18,11
48439113002,48,439,113002,4671,1939,1367,1207,32,125,1,3337,1541,937,743,28,87,1,496.1,690.14,NA,30464,90135,NA,08700,18,30
48439113101,48,439,113101,2368,2076,107,82,3,100,0,2090,1842,94,75,3,76,0,310.71,432.24,NA,4000,90135,NA,08700,18,11
48439113102,48,439,113102,4730,4001,330,256,14,129,0,3732,3169,260,197,13,93,0,554.82,771.83,NA,4000,90135,NA,08700,18,11
48439113103,48,439,113103,5499,4254,601,481,36,122,5,4728,3721,514,367,30,91,5,702.89,977.82,NA,4000,90135,NA,08700,18,24
48439113104,48,439,113104,2504,2028,229,160,18,69,0,2270,1857,200,139,14,60,0,337.47,469.47,NA,4000,90135,NA,08700,18,11
48439113105,48,439,113105,7111,5843,611,368,22,259,8,6188,5154,509,309,21,191,4,919.95,1279.77,NA,4000,90135,NA,08700,18,11
48439113106,48,439,113106,8176,5216,1565,998,44,340,13,6299,4217,1061,725,38,247,11,936.45,1302.72,NA,4000,90135,NA,08700,18,24
48439113107,48,439,113107,2685,2445,58,70,11,101,0,1982,1818,43,49,10,62,0,294.66,409.91,NA,4000,90135,NA,08700,18,11
48439113108,48,439,113108,4308,3988,80,94,19,126,1,3234,3008,48,69,14,95,0,480.79,668.84,NA,4000,90135,NA,08700,18,11
48439113205,48,439,113205,7307,6882,72,229,30,91,3,5700,5417,45,156,24,57,1,847.4,1178.84,NA,52356,92805,NA,10230,3,11
48439113206,48,439,113206,4474,4014,33,309,27,88,3,3388,3079,19,216,21,50,3,503.68,700.69,NA,52356,92805,NA,10230,3,12
48439113207,48,439,113207,3285,3006,46,159,18,56,0,2207,2034,33,98,11,31,0,328.11,456.44,NA,52356,92805,NA,10230,3,11
48439113208,48,439,113208,8338,7523,152,466,38,158,1,5493,5001,90,279,28,94,1,816.62,1136.03,NA,52356,92805,NA,10230,3,11
48439113209,48,439,113209,9189,8194,212,598,27,155,3,6722,6083,135,374,21,107,2,999.33,1390.2,NA,52356,92805,NA,10230,3,11
48439113210,48,439,113210,3842,3599,42,158,10,33,0,2595,2431,30,100,10,24,0,385.79,536.68,NA,52356,92805,NA,10230,3,11
48439113211,48,439,113211,8421,7272,244,709,56,137,3,6228,5427,155,505,42,99,0,925.89,1288.04,NA,52356,92805,NA,10230,3,12
48439113301,48,439,113301,4384,4078,53,207,20,26,0,3391,3198,30,126,18,19,0,504.13,701.31,NA,61844,92805,NA,10230,3,12
48439113302,48,439,113302,4002,3608,28,271,22,63,10,3005,2741,18,177,17,45,7,446.74,621.48,NA,61844,92805,NA,10230,3,12
48439113403,48,439,113403,3003,2817,35,109,10,32,0,2443,2303,30,78,7,25,0,363.19,505.25,NA,35576,92805,NA,24060,3,12
48439113404,48,439,113404,5455,5047,104,223,38,42,1,4205,3939,59,150,22,35,0,625.14,869.65,NA,35576,92805,NA,24060,3,12
48439113405,48,439,113405,4538,4020,161,282,13,58,4,3491,3156,96,178,12,46,3,518.99,721.99,NA,35576,92805,NA,24060,3,12
48439113407,48,439,113407,3641,2882,286,408,23,35,7,2497,2065,136,256,17,22,1,371.22,516.41,NA,35576,92805,NA,24060,3,12
48439113408,48,439,113408,5567,5162,75,252,25,49,4,4118,3875,40,148,20,32,3,612.21,851.66,NA,35576,92805,NA,24060,3,12
48439113504,48,439,113504,7276,5952,263,581,39,435,6,5327,4435,186,391,30,281,4,791.94,1101.7,NA,24768,92805,NA,24060,18,11
48439113505,48,439,113505,6803,5870,258,388,40,241,6,5147,4518,171,266,30,160,2,765.18,1064.47,NA,24768,92805,NA,24060,18,11
48439113506,48,439,113506,8765,6667,406,906,49,730,7,6453,5073,293,596,40,446,5,959.34,1334.57,NA,24768,92805,NA,24060,18,12
48439113507,48,439,113507,6210,5311,209,465,28,192,5,4493,3887,141,312,21,131,1,667.96,929.22,NA,24768,92805,NA,21660,18,11
48439113508,48,439,113508,8923,7621,360,622,41,275,4,6847,5930,256,442,31,185,3,1017.92,1416.06,NA,24768,92805,NA,24060,18,11
48439113607,48,439,113607,4233,3768,130,264,21,46,4,3244,2920,102,168,18,36,0,482.27,670.91,NA,7132,92805,NA,24060,3,11
48439113609,48,439,113609,16320,15104,228,640,65,272,11,11334,10539,151,420,48,174,2,1684.98,2344.03,NA,15988,92805,NA,21660,18,11
48439113610,48,439,113610,4811,4654,9,86,15,43,4,3516,3410,5,61,11,27,2,522.71,727.16,NA,15988,92805,NA,21660,18,11
48439113611,48,439,113611,3303,3094,49,94,10,56,0,2312,2174,34,60,8,36,0,343.72,478.15,NA,35576,92805,NA,10230,3,11
48439113612,48,439,113612,4305,4039,23,155,17,70,1,3113,2949,17,94,11,42,0,462.8,643.81,NA,35576,92805,NA,24060,3,11
48439113613,48,439,113613,4727,4381,43,207,15,78,3,3735,3488,31,154,11,49,2,555.27,772.45,NA,35576,92805,NA,24060,3,11
48439113614,48,439,113614,7828,7001,137,361,31,292,6,5256,4714,87,228,23,201,3,781.39,1087.02,NA,7132,92805,NA,24060,18,11
48439113615,48,439,113615,7697,7129,121,250,22,170,5,5303,4958,75,157,14,96,3,788.38,1096.74,NA,7132,92805,NA,24060,18,11
48439113616,48,439,113616,6542,5555,327,428,36,192,4,5340,4615,239,310,32,140,4,793.88,1104.39,NA,7132,92805,NA,24060,18,11
48439113617,48,439,113617,7486,6822,192,254,27,185,6,5825,5361,133,179,25,124,3,865.98,1204.69,NA,7132,92805,NA,24060,18,11
48439113618,48,439,113618,6263,5731,101,292,35,102,2,4693,4323,67,199,30,73,1,697.69,970.58,NA,7132,92805,NA,24060,3,11
48439113619,48,439,113619,4672,3729,453,311,23,155,1,3635,2976,322,212,21,103,1,540.4,751.77,NA,24768,92805,NA,24060,3,12
48439113702,48,439,113702,7018,6136,161,621,28,66,6,5119,4532,119,390,25,49,4,761.02,1058.68,NA,30644,92805,NA,21660,18,11
48439113703,48,439,113703,4567,4105,115,274,32,40,1,3313,2987,85,185,24,32,0,492.53,685.18,NA,30644,92805,NA,21660,18,26
48439113704,48,439,113704,9335,8791,60,348,36,96,4,6735,6376,44,219,28,66,2,1001.27,1392.89,NA,30644,92805,NA,21660,18,11
48439113801,48,439,113801,4684,4393,52,182,18,36,3,3261,3075,35,115,13,22,1,484.8,674.42,NA,38632,92805,NA,25260,3,11
48439113803,48,439,113803,4563,4078,93,298,8,86,0,2916,2631,56,167,6,56,0,433.51,603.07,NA,76672,92805,NA,25260,3,11
48439113804,48,439,113804,10896,9498,157,828,53,360,0,6943,6144,81,477,33,208,0,1032.19,1435.91,NA,76672,92805,NA,10230,3,11
48439113805,48,439,113805,8091,7043,123,530,55,331,9,5485,4840,75,322,36,206,6,815.43,1134.38,NA,76672,92805,NA,10230,3,11
48439113901,48,439,113901,5380,5124,27,169,40,19,1,3688,3531,16,98,30,12,1,548.28,762.73,NA,69032,92805,NA,13020,3,11
48439113902,48,439,113902,9839,9472,18,250,55,44,0,6975,6733,13,169,32,28,0,1036.95,1442.53,NA,38632,92805,NA,25260,3,11
48439113903,48,439,113903,6038,5510,50,290,37,150,1,4018,3700,27,176,22,92,1,597.34,830.98,NA,27000,92805,NA,25260,3,11
48439113904,48,439,113904,4078,3327,134,428,17,172,0,2726,2252,95,261,10,108,0,405.26,563.78,NA,27000,92805,NA,25260,3,11
48439113905,48,439,113905,7471,5994,376,683,25,388,5,4621,3789,218,377,19,214,4,686.99,955.69,NA,27000,92805,NA,25260,3,11
48439114001,48,439,114001,3112,2206,38,212,9,646,1,2147,1601,26,133,7,380,0,319.19,444.03,NA,27000,91380,NA,17700,3,12
48439114003,48,439,114003,2221,1744,14,415,8,38,2,1466,1185,6,246,6,21,2,217.94,303.19,NA,64112,91380,NA,17700,3,12
48439114004,48,439,114004,8430,7209,94,970,52,101,4,5686,4947,55,577,34,70,3,845.32,1175.95,NA,64112,91380,NA,17700,3,12
48439114101,48,439,114101,1526,1407,1,102,14,1,1,1120,1037,1,70,12,0,0,166.51,231.63,NA,56462,91380,NA,33180,3,12
48439114102,48,439,114102,4701,4550,17,91,17,23,3,3544,3439,11,66,10,15,3,526.87,732.95,NA,21856,91380,NA,17700,3,11
48439114202,48,439,114202,5402,4783,130,376,26,80,7,3949,3562,80,223,23,57,4,587.08,816.71,NA,27000,91380,NA,09200,3,12
48439114203,48,439,114203,4868,4744,9,86,16,13,0,3363,3286,2,52,10,13,0,499.96,695.52,NA,10192,91380,NA,09200,3,12
48439114204,48,439,114204,3934,3770,36,88,26,14,0,2781,2670,20,56,22,13,0,413.44,575.15,NA,5168,91380,NA,09200,3,12
48439114205,48,439,114205,3477,3311,6,132,18,9,1,2569,2460,3,86,13,6,1,381.92,531.31,NA,5168,91380,NA,09200,3,12
48439121601,48,439,121601,6435,5617,337,333,28,112,8,4899,4379,208,219,20,69,4,728.31,1013.18,NA,4000,90135,NA,08700,18,11
48439121604,48,439,121604,5803,4783,393,487,44,93,3,4402,3759,230,312,29,70,2,654.43,910.4,NA,4000,90135,NA,08700,18,24
48439121605,48,439,121605,2981,2753,58,133,14,21,2,2400,2241,38,89,12,18,2,356.8,496.35,NA,4000,90135,NA,08700,18,24
48439121606,48,439,121606,2577,2397,46,75,5,54,0,1875,1752,35,52,5,31,0,278.75,387.78,NA,4000,90135,NA,08700,18,11
48439121608,48,439,121608,5566,5104,139,235,22,64,2,3867,3573,86,162,12,33,1,574.89,799.75,NA,4000,90135,NA,08700,18,11
48439121609,48,439,121609,5369,4738,194,203,11,222,1,3604,3214,117,134,7,131,1,535.79,745.36,NA,4000,90135,NA,08700,18,11
48439121610,48,439,121610,2566,2340,97,98,8,22,1,1783,1643,58,59,6,16,1,265.07,368.75,NA,4000,90135,NA,08700,18,11
48439121611,48,439,121611,3785,3187,284,176,15,123,0,2502,2137,162,115,12,76,0,371.96,517.45,NA,4000,90135,NA,08700,18,11
48439121701,48,439,121701,7717,4546,1054,1776,58,272,11,5544,3557,661,1111,39,169,7,824.2,1146.58,NA,4000,90135,NA,08700,18,24
48439121702,48,439,121702,4112,2474,370,1157,16,88,7,3257,2125,253,788,15,73,3,484.21,673.59,NA,4000,90135,NA,08700,18,24
48439121901,48,439,121901,6572,3890,1367,814,32,460,9,4960,3223,848,533,28,324,4,737.38,1025.8,NA,4000,90135,NA,08700,18,24
48439121902,48,439,121902,6671,3509,1122,1850,35,134,21,4600,2618,690,1161,29,94,8,683.86,951.34,NA,4000,90135,NA,08700,18,24
48441000101,48,441,000101,5095,4684,131,172,10,98,0,4446,4119,105,135,9,78,0,571.86,1203.26,NA,1000,90010,NA,07440,8,17
48441000102,48,441,000102,2735,1815,136,722,16,40,6,2123,1581,87,412,12,30,1,273.07,574.57,NA,1000,90010,NA,07440,8,17
48441000103,48,441,000103,1839,1177,140,514,2,6,0,1204,877,74,247,2,4,0,154.86,325.85,NA,1000,90010,NA,07440,8,17
48441000104,48,441,000104,2339,664,91,1565,7,7,5,1575,535,44,985,2,6,3,202.58,426.26,NA,1000,90010,NA,07440,8,17
48441000105,48,441,000105,3475,2422,348,656,9,29,11,2441,1803,225,371,5,28,9,313.97,660.63,NA,1000,90010,NA,07440,8,17
48441000106,48,441,000106,3837,3218,214,352,8,37,8,2847,2463,136,212,7,26,3,366.19,770.51,NA,1000,90010,NA,07440,8,17
48441000107,48,441,000107,3654,1774,286,1566,14,8,6,2506,1434,174,880,7,6,5,322.33,678.22,NA,1000,90010,NA,07440,8,17
48441000108,48,441,000108,2657,1224,376,1033,5,13,6,1891,1017,273,584,4,8,5,243.23,511.78,NA,1000,90010,NA,07440,8,17
48441000109,48,441,000109,5071,3841,879,272,7,69,3,4003,3111,637,199,7,46,3,514.88,1083.37,NA,1000,90010,NA,07440,8,17
48441000110,48,441,000110,928,372,229,321,1,4,1,654,284,183,182,1,4,0,84.12,177,NA,1000,90010,NA,07440,8,17
48441000111,48,441,000111,377,230,12,127,1,0,7,323,218,12,89,1,0,3,41.55,87.42,NA,1000,90010,NA,07440,8,17
48441000112,48,441,000112,2758,1806,135,784,6,19,8,1993,1443,76,452,5,12,5,256.35,539.38,NA,1000,90010,NA,07440,8,17
48441000113,48,441,000113,3989,2763,459,681,14,68,4,2844,2109,275,395,12,50,3,365.8,769.7,NA,1000,90010,NA,07440,8,17
48441000114,48,441,000114,4989,4088,281,548,10,45,17,3616,3090,169,309,10,33,5,465.1,978.63,NA,1000,90010,NA,07440,8,17
48441000115,48,441,000115,2896,2400,47,423,7,18,1,2141,1847,35,238,6,14,1,275.38,579.44,NA,1000,90010,NA,07440,8,17
48441000116,48,441,000116,2631,2307,40,267,2,15,0,1954,1760,24,158,2,10,0,251.33,528.83,NA,1000,90010,NA,07440,8,17
48441000117,48,441,000117,1460,996,112,334,7,6,5,1020,773,55,182,4,4,2,131.2,276.05,NA,1000,90010,NA,07440,8,17
48441000118,48,441,000118,641,310,77,251,3,0,0,446,246,49,149,2,0,0,57.37,120.71,NA,1000,90010,NA,07440,8,17
48441000119,48,441,000119,2275,1324,80,835,10,20,6,1587,1008,53,501,9,12,4,204.12,429.51,NA,1000,90010,NA,07440,8,17
48441000120,48,441,000120,1957,1839,7,54,8,45,4,1391,1316,4,37,7,26,1,178.91,376.46,NA,1000,90010,NA,07440,8,17
48441000121,48,441,000121,805,595,71,137,2,0,0,716,529,65,120,2,0,0,92.09,193.78,NA,1000,90010,NA,07440,8,17
48441000122,48,441,000122,2810,2034,149,585,16,23,3,2047,1528,119,372,11,14,3,263.29,554,NA,1000,90010,NA,07440,8,17
48441000123,48,441,000123,4302,3654,111,499,7,26,5,3316,2874,83,331,6,21,1,426.51,897.44,NA,1000,90010,NA,07440,8,17
48441000124,48,441,000124,2608,2378,48,137,8,37,0,1955,1808,37,83,5,22,0,251.46,529.1,NA,1000,90010,NA,07440,8,17
48441000125,48,441,000125,3468,3257,52,110,12,33,4,2716,2580,34,66,11,23,2,349.34,735.06,NA,1000,90010,NA,07440,8,17
48441000126,48,441,000126,3181,3086,35,39,2,18,1,2510,2449,21,24,2,14,0,322.84,679.31,NA,1000,90010,NA,07440,8,17
48441000127,48,441,000127,7492,6988,166,221,22,93,2,5111,4810,93,137,9,62,0,657.39,1383.24,NA,1000,90010,NA,07440,8,17
48441000128,48,441,000128,5666,4619,336,567,14,125,5,4552,3762,259,418,12,97,4,585.49,1231.95,NA,1000,90010,NA,07440,8,17
48441000129,48,441,000129,3797,2543,609,489,14,138,4,1994,1364,316,229,9,76,0,256.47,539.66,NA,1000,90010,NA,07440,8,17
48441000130,48,441,000130,1168,875,156,110,5,19,3,1168,875,156,110,5,19,3,150.23,316.11,NA,1000,90010,NA,07440,8,17
48441000131,48,441,000131,5974,3514,1007,1330,23,95,5,3824,2396,594,750,16,67,1,491.85,1034.93,NA,1000,90010,NA,07440,8,17
48441000132,48,441,000132,1625,1437,14,134,20,20,0,1166,1036,10,90,15,15,0,149.97,315.57,NA,74132,90010,NA,30340,8,17
48441000133,48,441,000133,1922,1580,21,297,17,7,0,1414,1209,17,170,14,4,0,181.87,382.68,NA,1000,90010,NA,07440,8,17
48441000134,48,441,000134,9760,8541,430,603,32,148,6,6718,5959,273,354,24,106,2,864.09,1818.16,NA,1000,90010,NA,46500,8,17
48441000135,48,441,000135,4242,3998,3,218,15,5,3,3104,2966,2,120,11,3,2,399.25,840.07,NA,11128,91945,NA,24780,8,17
48441000136,48,441,000136,5232,4602,48,558,10,8,6,3737,3366,27,328,8,6,2,480.66,1011.38,NA,47796,92535,NA,30340,8,17
48443009501,48,443,009501,1410,651,1,751,3,2,2,993,497,0,491,3,0,2,296,289,NA,65084,94175,NA,42420,13,23
48445009501,48,445,009501,1234,699,12,520,1,0,2,840,513,10,314,1,0,2,148.26,230.71,NA,47316,92495,NA,30000,10,19
48445009502,48,445,009502,1924,1184,14,722,3,1,0,1230,831,6,390,3,0,0,217.1,337.82,NA,77164,90470,NA,11610,10,19
48445009503,48,445,009503,2767,710,228,1789,3,12,25,1731,528,136,1048,3,6,10,305.53,475.42,NA,10720,90470,NA,11610,10,19
48445009504,48,445,009504,7293,4893,184,2163,24,11,18,5043,3759,104,1149,18,5,8,890.11,1385.06,NA,10720,90470,NA,11610,10,19
48447009501,48,447,009501,1435,1316,0,108,3,8,0,1101,1017,0,76,3,5,0,306.13,356,NA,72896,93910,NA,42780,8,17
48447009502,48,447,009502,445,416,0,28,1,0,0,334,322,0,11,1,0,0,92.87,108,NA,80188,94280,NA,46410,8,17
48449009501,48,449,009501,1932,1548,291,79,14,0,0,1418,1162,202,44,10,0,0,297.37,288.44,NA,71732,93825,46110,42120,11,6
48449009502,48,449,009502,1956,1800,26,119,10,0,1,1340,1255,20,61,3,0,1,281.01,272.58,NA,79720,94235,46110,31760,11,6
48449009503,48,449,009503,5497,5053,244,170,18,9,3,3921,3629,164,108,11,9,0,822.27,797.59,NA,49800,92665,22710,31760,11,6
48449009504,48,449,009504,3243,2911,207,108,16,1,0,2331,2111,150,59,10,1,0,488.83,474.16,NA,NA,90830,13680,31760,11,6
48449009505,48,449,009505,2219,1501,355,352,8,0,3,1515,1098,210,200,6,0,1,317.71,308.17,NA,49800,92665,13680,31760,11,6
48449009506,48,449,009506,3809,1944,935,908,17,3,2,2825,1657,573,576,14,3,2,592.43,574.65,NA,49800,92665,NA,31760,11,6
48449009507,48,449,009507,1578,492,855,219,7,5,0,1097,376,571,140,6,4,0,230.05,223.15,NA,49800,92665,NA,31760,11,6
48449009508,48,449,009508,3775,2879,275,601,6,5,9,2710,2156,173,369,3,4,5,568.31,551.26,NA,49800,92665,13680,31760,11,6
48451000001,48,451,000001,2391,1918,112,338,12,11,0,1748,1458,69,205,9,7,0,235.41,418.63,NA,64472,93405,21600,38700,13,17
48451000002,48,451,000002,4180,3201,74,869,11,24,1,2922,2379,43,481,6,13,0,393.52,699.79,NA,64472,93405,NA,38700,13,17
48451000003,48,451,000003,4367,2640,188,1456,14,64,5,3116,2101,114,853,11,35,2,419.65,746.25,NA,64472,93405,44040,38700,13,17
48451000004,48,451,000004,6368,2325,400,3574,7,37,25,4377,1850,307,2184,7,20,9,589.47,1048.25,NA,64472,93405,NA,38700,13,17
48451000005,48,451,000005,1777,201,828,745,3,0,0,1089,142,578,366,3,0,0,146.66,260.81,NA,64472,93405,NA,38700,13,17
48451000006,48,451,000006,1001,587,77,328,3,5,1,867,537,65,258,3,4,0,116.76,207.64,NA,64472,93405,NA,38700,13,17
48451000007,48,451,000007,4476,2058,100,2258,6,36,18,3036,1618,63,1317,5,23,10,408.87,727.09,NA,64472,93405,NA,38700,13,17
48451000008,48,451,000008,7839,4598,365,2692,26,141,17,5307,3333,230,1612,22,101,9,714.72,1270.98,NA,64472,93405,NA,38700,13,21
48451000009,48,451,000009,3224,968,52,2169,2,28,5,2371,881,36,1432,1,17,4,319.31,567.83,NA,64472,93405,NA,38700,13,17
48451000010,48,451,000010,5240,4587,52,570,14,16,1,4086,3650,38,373,13,11,1,550.28,978.56,NA,64472,93405,NA,38700,13,21
48451000012,48,451,000012,7375,4679,390,2181,28,90,7,5120,3501,257,1287,21,51,3,689.53,1226.19,NA,64472,93405,NA,38700,13,17
48451000014,48,451,000014,4554,1780,153,2564,14,26,17,3327,1456,106,1724,12,22,7,448.06,796.79,NA,64472,93405,NA,38700,13,21
48451000015,48,451,000015,2002,1587,210,146,11,48,0,1844,1490,174,125,11,44,0,248.34,441.62,NA,64472,93405,NA,38700,13,21
48451000016,48,451,000016,4058,3383,2,652,7,12,2,2875,2446,1,413,5,8,2,387.19,688.54,NA,64472,91145,44040,44410,13,21
48451001101,48,451,001101,3415,2400,145,825,14,19,12,2438,1816,86,505,11,12,8,328.34,583.88,NA,64472,93405,NA,38700,13,21
48451001102,48,451,001102,4525,3414,63,1019,10,18,1,3352,2681,45,606,10,9,1,451.43,802.77,NA,64472,93405,NA,38700,13,17
48451001301,48,451,001301,6933,5793,219,804,17,100,0,5644,4791,171,583,15,84,0,760.1,1351.68,NA,64472,93405,NA,38700,13,21
48451001303,48,451,001303,4309,3660,115,430,8,93,3,3234,2796,79,288,7,63,1,435.54,774.51,NA,64472,93405,NA,38700,13,21
48451001304,48,451,001304,2899,2462,120,260,12,42,3,2377,2075,76,189,7,29,1,320.12,569.27,NA,64472,93405,NA,38700,13,21
48451001701,48,451,001701,8728,7533,163,929,38,58,7,6413,5613,119,609,32,36,4,863.67,1535.85,NA,64472,94180,21600,38700,13,21
48451001702,48,451,001702,2907,2623,6,265,8,4,1,2039,1865,5,157,7,4,1,274.6,488.32,NA,NA,94180,21600,NA,13,21
48451001703,48,451,001703,5031,4462,111,384,12,60,2,3690,3321,73,242,9,44,1,496.95,883.72,NA,64472,94180,NA,38700,13,21
48451001703,48,451,001703,859,783,10,43,3,19,1,568,517,8,26,3,13,1,76.49,136.03,NA,64472,94180,NA,38700,13,21
48453000005,48,453,000005,4635,3614,74,315,10,619,3,4360,3391,71,285,9,601,3,1060.57,851.16,NA,5000,90165,NA,08940,1,4
48453000007,48,453,000007,1308,1047,33,118,3,107,0,1260,1007,33,111,3,106,0,306.49,245.98,NA,5000,90165,NA,08940,1,4
48453000010,48,453,000010,4701,530,93,4039,3,6,30,3283,497,73,2688,3,4,18,798.59,640.91,NA,5000,90165,NA,08940,1,4
48453000011,48,453,000011,2574,1597,340,588,13,30,6,2438,1538,321,532,13,28,6,593.04,475.95,NA,5000,90165,NA,08940,1,4
48453000012,48,453,000012,3078,2093,175,460,16,329,5,2589,1861,130,325,12,256,5,629.77,505.43,NA,5000,90165,NA,08940,1,4
48453000014,48,453,000014,6032,4628,169,1132,16,76,11,5206,4092,142,884,13,68,7,1266.36,1016.32,NA,5000,90165,NA,08940,1,4
48453000101,48,453,000101,3536,3305,44,170,4,13,0,3021,2840,33,133,3,12,0,734.86,589.76,NA,5000,90165,NA,08940,1,4
48453000102,48,453,000102,2314,2219,11,56,7,21,0,1849,1776,8,44,3,18,0,449.77,360.96,NA,5000,90165,NA,08940,1,4
48453000201,48,453,000201,4886,3426,145,1191,15,103,6,4151,3054,123,868,11,89,6,1009.73,810.36,NA,5000,90165,NA,08940,1,4
48453000202,48,453,000202,963,882,4,68,4,5,0,815,763,2,45,2,3,0,198.25,159.11,NA,5000,90165,NA,08940,1,4
48453000203,48,453,000203,659,426,126,96,0,10,1,476,301,106,59,0,9,1,115.79,92.93,NA,5000,90165,NA,08940,1,4
48453000204,48,453,000204,2737,2405,40,217,7,63,5,2485,2191,33,193,7,57,4,604.48,485.12,NA,5000,90165,NA,08940,1,4
48453000301,48,453,000301,5517,3799,174,1221,23,292,8,4813,3471,149,887,23,276,7,1170.76,939.6,NA,5000,90165,NA,08940,1,4
48453000302,48,453,000302,4927,3689,124,423,15,664,12,4521,3351,120,384,14,641,11,1099.73,882.59,NA,5000,90165,NA,08940,1,4
48453000303,48,453,000303,2084,1300,403,364,4,13,0,1709,1143,298,254,4,10,0,415.71,333.63,NA,5000,90165,NA,08940,1,4
48453000401,48,453,000401,3183,2321,238,298,4,321,1,2927,2149,197,261,4,315,1,711.99,571.41,NA,5000,90165,NA,08940,1,4
48453000402,48,453,000402,2443,635,1266,504,2,33,3,1944,567,1012,333,2,28,2,472.88,379.51,NA,5000,90165,NA,08940,1,4
48453000601,48,453,000601,6896,4829,477,869,23,683,15,6815,4775,471,858,23,673,15,1657.75,1330.43,NA,5000,90165,NA,08940,1,4
48453000603,48,453,000603,4846,4181,75,365,9,211,5,4802,4146,74,359,9,209,5,1168.08,937.45,NA,5000,90165,NA,08940,1,4
48453000604,48,453,000604,4517,3729,104,381,7,288,8,4467,3697,102,369,6,286,7,1086.6,872.05,NA,5000,90165,NA,08940,1,4
48453000801,48,453,000801,1738,175,215,1325,1,1,21,1234,148,177,889,1,1,18,300.17,240.9,NA,5000,90165,NA,08940,1,4
48453000802,48,453,000802,2728,76,1957,674,4,8,9,1823,52,1401,356,3,8,3,443.44,355.89,NA,5000,90165,NA,08940,1,4
48453000803,48,453,000803,1989,153,1453,374,4,2,3,1509,145,1150,205,4,2,3,367.06,294.59,NA,5000,90165,NA,08940,1,4
48453000804,48,453,000804,2511,71,1614,810,6,1,9,1654,63,1200,383,4,1,3,402.33,322.9,NA,5000,90165,NA,08940,1,4
48453000901,48,453,000901,1808,68,828,897,4,3,8,1353,61,719,563,4,3,3,329.12,264.13,NA,5000,90165,NA,08940,1,4
48453000902,48,453,000902,5230,244,336,4603,10,10,27,3378,198,215,2933,9,8,15,821.7,659.46,NA,5000,90165,NA,08940,1,4
48453001303,48,453,001303,2752,2079,63,565,14,28,3,2285,1804,45,401,11,22,2,555.83,446.08,NA,5000,90165,NA,08940,1,4
48453001304,48,453,001304,3227,2483,86,624,7,22,5,2610,2100,58,428,7,13,4,634.88,509.53,NA,5000,90165,NA,08940,1,4
48453001305,48,453,001305,5547,2529,400,2533,16,58,11,4077,2177,233,1594,14,50,9,991.73,795.92,NA,5000,90165,NA,08940,1,4
48453001307,48,453,001307,3746,1560,249,1897,5,29,6,2775,1300,181,1260,5,23,6,675.02,541.74,NA,5000,90165,NA,08940,1,4
48453001308,48,453,001308,3166,1203,103,1791,15,33,21,2431,1035,79,1268,12,24,13,591.34,474.58,NA,5000,90165,NA,08940,1,4
48453001501,48,453,001501,4755,4413,14,284,12,31,1,3808,3546,12,208,12,29,1,926.29,743.4,NA,5000,90165,NA,08940,1,4
48453001503,48,453,001503,3866,2335,152,1287,16,72,4,3058,1985,116,878,16,59,4,743.86,596.99,NA,5000,90165,NA,08940,1,4
48453001504,48,453,001504,4074,3299,103,632,10,25,5,3327,2785,65,444,10,21,2,809.29,649.5,NA,5000,90165,NA,08940,1,4
48453001505,48,453,001505,4185,3491,60,577,9,41,7,3408,2901,52,402,9,41,3,828.99,665.31,NA,5000,90165,NA,08940,1,4
48453001602,48,453,001602,3331,1957,44,454,63,813,0,2539,1613,24,314,45,543,0,617.61,495.67,NA,5000,90165,NA,08940,1,4
48453001603,48,453,001603,4040,3817,19,184,3,15,2,3251,3078,15,141,3,12,2,790.8,634.66,NA,5000,90165,NA,08940,1,4
48453001604,48,453,001604,3651,3524,11,100,5,10,1,2988,2882,8,86,3,8,1,726.83,583.32,NA,5000,90165,NA,08940,1,4
48453001605,48,453,001605,3634,3307,20,237,9,56,5,3209,2938,18,204,9,37,3,780.59,626.46,NA,5000,90165,NA,08940,1,4
48453001606,48,453,001606,530,341,79,101,1,1,7,523,335,79,100,1,1,7,127.22,102.1,NA,5000,90165,NA,08940,1,4
48453001704,48,453,001704,5367,4553,76,470,12,247,9,4737,4029,62,405,11,223,7,1152.27,924.76,NA,5000,90165,NA,08940,1,4
48453001705,48,453,001705,3345,3145,50,79,11,58,2,2714,2560,41,60,10,42,1,660.18,529.83,NA,5000,90165,NA,08940,1,4
48453001706,48,453,001706,3146,2880,73,127,6,59,1,2676,2450,58,112,4,51,1,650.94,522.41,NA,5000,90165,NA,08940,1,4
48453001707,48,453,001707,4465,3937,80,300,10,130,8,3760,3361,56,231,7,101,4,914.62,734.03,NA,5000,90165,NA,08940,1,4
48453001710,48,453,001710,9606,8778,127,380,19,300,2,7168,6602,90,252,17,205,2,1743.61,1399.34,NA,5000,93935,NA,38080,1,4
48453001712,48,453,001712,3934,3020,122,749,18,24,1,3185,2541,84,526,13,20,1,774.75,621.78,NA,5000,90165,NA,08940,1,4
48453001713,48,453,001713,4069,2939,156,908,7,54,5,3036,2279,97,606,7,43,4,738.51,592.69,NA,5000,90165,NA,08940,1,4
48453001718,48,453,001718,4841,4340,63,274,5,158,1,4078,3653,53,240,5,126,1,991.97,796.11,NA,5000,90165,NA,08940,1,4
48453001719,48,453,001719,2210,2030,37,92,4,46,1,1827,1693,29,70,4,30,1,444.42,356.67,NA,5000,90165,NA,08940,1,4
48453001720,48,453,001720,5029,3929,338,570,11,181,0,3627,2886,209,394,8,130,0,882.27,708.07,NA,5000,90165,NA,38080,1,4
48453001721,48,453,001721,4464,3833,142,356,5,127,1,3506,3034,105,260,5,101,1,852.83,684.44,NA,5000,90165,NA,08940,1,4
48453001722,48,453,001722,2526,2231,58,150,6,80,1,2341,2077,48,144,6,65,1,569.45,457.01,NA,5000,93935,NA,08940,1,4
48453001723,48,453,001723,7649,6770,169,375,18,315,2,5387,4810,113,240,14,210,0,1310.39,1051.65,NA,5000,93935,NA,38080,1,4
48453001724,48,453,001724,3160,2791,51,190,5,122,1,2475,2212,33,141,2,86,1,602.04,483.17,NA,5000,93935,NA,08940,1,4
48453001725,48,453,001725,1536,1456,4,49,4,21,2,1237,1170,3,41,4,17,2,300.9,241.49,NA,5000,93935,NA,27030,1,4
48453001726,48,453,001726,8283,7757,43,409,39,35,0,6364,6017,22,270,27,28,0,1548.04,1242.39,NA,40264,93935,NA,26400,1,4
48453001727,48,453,001727,7602,5511,430,1468,16,157,20,5378,4053,260,937,12,106,10,1308.2,1049.9,NA,5000,90165,NA,08940,1,4
48453001728,48,453,001728,5905,4245,275,1229,15,123,18,4185,3116,177,781,14,88,9,1018,817,NA,5000,90165,NA,08940,1,4
48453001729,48,453,001729,3670,2660,180,756,11,61,2,2609,1953,122,478,8,48,0,634.64,509.33,NA,5000,90165,NA,08940,1,4
48453001730,48,453,001730,5300,4069,221,904,7,98,1,3685,2921,145,545,7,67,0,896.37,719.39,NA,5000,90165,NA,08940,1,4
48453001731,48,453,001731,10880,8105,495,1907,27,345,1,7159,5472,298,1134,21,234,0,1741.42,1397.59,NA,5000,90165,NA,08940,1,4
48453001732,48,453,001732,5629,4582,208,657,6,167,9,3858,3184,147,403,5,116,3,938.46,753.16,NA,5000,90165,NA,08940,1,4
48453001733,48,453,001733,2344,2130,11,170,11,20,2,1685,1554,5,98,9,18,1,409.88,328.95,NA,5000,93940,NA,08940,1,4
48453001734,48,453,001734,6252,5468,75,645,11,53,0,4409,3908,46,408,10,37,0,1072.49,860.73,NA,5000,93940,NA,08940,1,14
48453001735,48,453,001735,6613,6296,12,252,23,29,1,5179,4971,10,159,19,20,0,1259.79,1011.05,NA,40984,93940,NA,26470,1,14
48453001736,48,453,001736,6185,5545,22,550,23,40,5,4504,4062,16,365,22,35,4,1095.6,879.27,NA,5000,93940,NA,26470,1,4
48453001804,48,453,001804,5270,2572,668,1713,22,275,20,4001,2221,467,1087,15,195,16,973.24,781.08,NA,5000,90165,NA,08940,1,4
48453001805,48,453,001805,3643,1882,537,1113,16,84,11,2622,1540,321,678,14,64,5,637.8,511.87,NA,5000,90165,NA,08940,1,4
48453001806,48,453,001806,4491,2613,700,1081,22,71,4,3558,2222,515,745,10,62,4,865.48,694.6,NA,5000,90165,NA,08940,1,4
48453001811,48,453,001811,2749,1033,785,875,5,41,10,2048,919,536,548,5,34,6,498.18,399.81,NA,5000,90165,NA,08940,1,4
48453001812,48,453,001812,4887,1489,1511,1786,10,76,15,3681,1403,1050,1136,9,74,9,895.4,718.61,NA,5000,90165,NA,08940,1,4
48453001813,48,453,001813,3339,1934,761,542,6,86,10,2597,1610,506,398,6,71,6,631.72,506.99,NA,5000,90165,NA,08940,1,4
48453001817,48,453,001817,4014,3202,100,617,5,87,3,3382,2776,72,459,5,69,1,822.67,660.24,NA,5000,90165,NA,08940,1,4
48453001818,48,453,001818,4962,3166,311,1312,22,143,8,3743,2611,203,805,15,104,5,910.48,730.71,NA,5000,90165,NA,08940,1,4
48453001819,48,453,001819,2755,1451,538,562,6,194,4,2034,1204,319,364,5,138,4,494.77,397.08,NA,5000,90165,NA,08940,1,4
48453001820,48,453,001820,6121,3350,1004,1392,16,340,19,4728,2781,700,957,13,266,11,1150.08,923,NA,5000,90165,NA,08940,1,4
48453001821,48,453,001821,4782,3212,609,757,10,183,11,3475,2468,360,501,9,132,5,845.29,678.39,NA,5000,90165,NA,08940,1,4
48453001822,48,453,001822,4735,2755,780,973,19,205,3,3625,2264,517,678,16,149,1,881.78,707.68,NA,5000,90165,NA,08940,1,4
48453001823,48,453,001823,3976,2000,675,1088,10,198,5,2896,1587,467,701,5,132,4,704.45,565.36,NA,5000,90165,NA,08940,1,4
48453001824,48,453,001824,1404,1251,20,114,10,8,1,1103,992,13,84,5,8,1,268.3,215.33,NA,5000,90165,NA,08940,1,4
48453001825,48,453,001825,8689,6361,767,996,8,553,4,6306,4766,479,667,8,386,0,1533.93,1231.06,NA,5000,90165,NA,34830,1,4
48453001826,48,453,001826,1001,810,46,130,1,14,0,759,636,27,85,1,10,0,184.63,148.17,NA,5000,90165,NA,34830,1,4
48453001827,48,453,001827,2879,2093,228,412,2,139,5,2512,1874,181,339,2,113,3,611.04,490.39,NA,5000,90165,NA,08940,1,4
48453001828,48,453,001828,4364,3414,274,492,5,177,2,2953,2345,173,304,4,127,0,718.32,576.49,NA,5000,90165,NA,08940,1,4
48453001829,48,453,001829,1872,1511,99,184,4,73,1,1471,1186,72,144,4,64,1,357.82,287.17,NA,5000,90165,NA,08940,1,4
48453001830,48,453,001830,5798,4133,604,807,9,234,11,3893,2896,355,469,7,165,1,946.97,759.99,NA,5000,90165,NA,34830,1,4
48453001831,48,453,001831,8051,5801,689,1171,15,363,12,6295,4631,503,874,13,267,7,1531.26,1228.92,NA,77196,90165,NA,34830,1,4
48453001832,48,453,001832,2598,2104,232,211,3,46,2,2036,1681,162,149,3,39,2,495.26,397.47,NA,5000,90165,NA,08940,1,4
48453001833,48,453,001833,5147,3023,1241,775,28,66,14,3777,2439,742,524,19,46,7,918.75,737.35,NA,5000,90165,NA,08940,1,4
48453001834,48,453,001834,2303,1542,371,297,7,84,2,1898,1314,283,225,6,70,0,461.69,370.53,NA,5000,90165,NA,28890,1,4
48453001835,48,453,001835,2837,1892,323,531,9,77,5,2023,1407,211,343,6,53,3,492.09,394.93,NA,5000,90165,NA,34830,1,4
48453001836,48,453,001836,5602,4365,416,726,13,82,0,3684,2949,238,430,11,56,0,896.13,719.19,NA,57176,93930,NA,34830,1,4
48453001838,48,453,001838,7724,5895,433,1195,29,167,5,5241,4128,265,715,20,112,1,1274.87,1023.15,NA,57176,93930,NA,34830,1,4
48453001898,48,453,001898,2175,1855,56,229,10,24,1,1585,1379,38,150,5,12,1,385.55,309.43,NA,5000,93930,15420,18360,1,4
48453001901,48,453,001901,5405,4589,76,679,9,51,1,4488,3885,59,491,8,44,1,1091.7,876.15,NA,5000,90165,NA,08940,1,4
48453001902,48,453,001902,3463,3087,19,292,14,51,0,2565,2315,16,190,9,35,0,623.94,500.74,NA,5000,90165,NA,08940,1,4
48453001904,48,453,001904,5428,5140,5,189,8,86,0,3958,3758,4,133,5,58,0,962.78,772.68,NA,77632,90165,NA,17760,1,4
48453001905,48,453,001905,5183,4615,42,351,11,161,3,3917,3507,31,262,10,107,0,952.81,764.68,NA,5000,90165,NA,17760,1,4
48453001906,48,453,001906,5126,4695,29,193,12,197,0,3347,3079,16,124,9,119,0,814.16,653.4,NA,44166,90165,NA,17760,1,4
48453001907,48,453,001907,4256,4072,24,103,5,52,0,2997,2871,17,71,4,34,0,729.02,585.08,NA,5000,90165,NA,17760,1,4
48453002001,48,453,002001,6572,4242,386,1828,29,71,16,5299,3698,265,1246,25,58,7,1288.98,1034.48,NA,5000,90165,NA,08940,1,4
48453002002,48,453,002002,3033,2122,47,843,6,12,3,2293,1714,29,533,6,10,1,557.77,447.64,NA,5000,90165,NA,08940,1,4
48453002003,48,453,002003,3406,1720,156,1471,15,38,6,2504,1355,112,992,14,26,5,609.1,488.83,NA,5000,90165,NA,08940,1,4
48453002104,48,453,002104,3116,1880,599,591,13,31,2,2459,1617,387,418,11,26,0,598.15,480.05,NA,5000,90165,NA,08940,1,4
48453002105,48,453,002105,3227,1768,383,981,16,75,4,2755,1636,315,716,12,73,3,670.15,537.83,NA,5000,90165,NA,08940,1,4
48453002106,48,453,002106,2651,1521,741,368,4,14,3,2047,1311,470,251,4,11,0,497.93,399.62,NA,5000,90165,NA,08940,1,4
48453002107,48,453,002107,3570,893,1978,665,3,30,1,2463,763,1297,376,2,24,1,599.12,480.83,NA,5000,90165,NA,08940,1,4
48453002108,48,453,002108,2761,225,2290,223,1,18,4,2028,194,1663,154,0,16,1,493.31,395.91,NA,5000,90165,NA,08940,1,4
48453002109,48,453,002109,3304,62,2860,362,1,11,8,2440,57,2154,218,1,7,3,593.53,476.34,NA,5000,90165,NA,08940,1,4
48453002110,48,453,002110,2762,63,1465,1220,0,2,12,1883,44,1092,738,0,2,7,458.04,367.6,NA,5000,90165,NA,08940,1,4
48453002111,48,453,002111,4218,210,1570,2385,9,6,38,2530,164,931,1400,8,5,22,615.42,493.91,NA,5000,90165,NA,08940,1,4
48453002112,48,453,002112,3729,1675,1265,737,16,33,3,2735,1455,759,479,13,26,3,665.29,533.93,NA,5000,90165,NA,08940,1,4
48453002113,48,453,002113,3418,1560,1357,466,10,15,10,2532,1309,892,310,7,12,2,615.91,494.3,NA,5000,90165,NA,08940,1,4
48453002201,48,453,002201,1429,131,1120,158,0,20,0,911,98,710,89,0,14,0,221.6,177.85,NA,5000,90165,NA,08940,1,4
48453002202,48,453,002202,2274,258,1630,379,1,2,4,1380,226,940,210,1,2,1,335.68,269.4,NA,5000,90165,NA,08940,1,4
48453002204,48,453,002204,666,476,84,96,0,6,4,655,468,83,96,0,4,4,159.33,127.87,NA,5000,90165,NA,28890,1,4
48453002205,48,453,002205,3068,823,1537,664,13,25,6,2016,614,980,396,7,17,2,490.39,393.57,NA,5000,90165,NA,28890,1,4
48453002206,48,453,002206,5101,2940,849,1232,6,68,6,3471,2096,583,742,4,41,5,844.32,677.61,NA,46440,90165,NA,28890,1,4
48453002303,48,453,002303,4119,2385,854,710,28,137,5,2893,1650,602,516,23,99,3,703.72,564.77,NA,5000,90165,NA,16620,1,4
48453002304,48,453,002304,3370,665,547,1951,6,182,19,2440,566,384,1312,5,164,9,593.53,476.34,NA,5000,90165,NA,08940,1,4
48453002305,48,453,002305,4896,2071,426,1927,10,421,41,4328,1965,369,1534,10,411,39,1052.78,844.92,NA,5000,90165,NA,08940,1,4
48453002306,48,453,002306,4629,3058,317,918,15,306,15,4339,2915,273,834,14,288,15,1055.46,847.06,NA,5000,90165,NA,08940,1,4
48453002307,48,453,002307,4309,2261,385,1463,7,187,6,3557,2029,295,1050,7,170,6,865.24,694.4,NA,5000,90165,NA,08940,1,4
48453002308,48,453,002308,4338,2181,230,1830,7,71,19,3406,1916,158,1253,6,60,13,828.51,664.92,NA,5000,90165,NA,08940,1,4
48453002310,48,453,002310,2606,1224,412,892,4,66,8,1756,917,270,511,3,52,3,427.15,342.81,NA,5000,90165,NA,16620,1,4
48453002311,48,453,002311,3708,649,809,2211,10,23,6,2510,574,534,1371,7,19,5,610.56,490,NA,5000,90165,NA,16620,1,4
48453002312,48,453,002312,2927,314,247,2329,2,15,20,1881,241,183,1430,2,12,13,457.55,367.21,NA,5000,90165,NA,08940,1,4
48453002402,48,453,002402,4886,2281,335,2184,22,55,9,3315,1723,212,1319,13,44,4,806.37,647.16,NA,5000,90165,NA,08940,1,4
48453002403,48,453,002403,2424,1198,97,1102,12,12,3,1712,918,75,693,12,12,2,416.44,334.22,NA,5000,90165,NA,08940,1,4
48453002405,48,453,002405,8495,4633,781,2864,27,160,30,6010,3585,475,1776,22,135,17,1461.93,1173.28,NA,5000,90165,NA,08940,1,4
48453002407,48,453,002407,2446,2000,44,374,8,18,2,1771,1478,32,245,6,10,0,430.8,345.74,NA,65552,90165,NA,08940,1,4
48453002409,48,453,002409,3497,1826,298,1278,23,67,5,2369,1330,164,815,13,46,1,576.26,462.48,NA,5000,90165,NA,08940,1,4
48453002410,48,453,002410,3367,1862,260,1186,12,41,6,2476,1481,172,776,8,35,4,602.29,483.37,NA,5000,90165,NA,08940,1,4
48453002411,48,453,002411,3799,1153,955,1578,3,104,6,2306,841,506,879,2,74,4,560.93,450.18,NA,5000,90165,NA,08940,1,4
48453002412,48,453,002412,4602,1528,780,2147,16,99,32,2747,1065,403,1181,10,74,14,668.21,536.27,NA,5000,90165,NA,08940,1,4
48453002413,48,453,002413,2463,710,574,1112,8,50,9,1484,527,305,606,7,34,5,360.98,289.71,NA,5000,90165,NA,08940,1,4
48453002414,48,453,002414,7257,4630,534,1940,19,119,15,5063,3365,351,1229,15,91,12,1231.57,988.4,NA,5000,90165,NA,08940,1,4
48453002415,48,453,002415,6682,4037,556,1890,26,163,10,4732,2976,370,1247,17,113,9,1151.06,923.79,NA,5000,90165,NA,08940,1,4
48453002416,48,453,002416,6237,3562,275,2241,21,119,19,4155,2514,193,1328,19,88,13,1010.7,811.14,NA,28320,90165,NA,16620,1,4
48453002417,48,453,002417,4424,2408,401,1517,19,71,8,2979,1748,259,907,11,51,3,724.64,581.56,NA,5000,90165,NA,16620,1,4
48453002418,48,453,002418,3238,2387,152,648,4,36,11,2428,1935,95,366,4,23,5,590.61,474,NA,54063,90165,NA,08940,1,4
48453002594,48,453,002594,0,0,0,0,0,0,0,0,0,0,0,0,0,0,0,0,NA,NA,93930,NA,34830,1,4
48453002595,48,453,002595,0,0,0,0,0,0,0,0,0,0,0,0,0,0,0,0,NA,NA,93930,NA,34830,1,4
48453002596,48,453,002596,0,0,0,0,0,0,0,0,0,0,0,0,0,0,0,0,NA,NA,93930,NA,34830,1,4
48453002597,48,453,002597,0,0,0,0,0,0,0,0,0,0,0,0,0,0,0,0,NA,NA,93930,NA,34830,1,4
48453002598,48,453,002598,0,0,0,0,0,0,0,0,0,0,0,0,0,0,0,0,NA,NA,93930,15420,NA,1,4
48455009501,48,455,009501,1402,1203,192,4,1,2,0,1063,915,141,4,1,2,0,250.56,257.96,NA,NA,90120,NA,08490,20,7
48455009502,48,455,009502,3681,3205,376,88,11,0,1,2825,2511,259,50,5,0,0,665.88,685.54,NA,31340,91655,NA,21900,20,7
48455009503,48,455,009503,877,861,6,7,3,0,0,685,673,4,5,3,0,0,161.46,166.23,NA,NA,91530,NA,21900,20,7
48455009504,48,455,009504,3148,2903,145,80,9,11,0,2557,2397,93,54,8,5,0,602.71,620.51,NA,73664,93945,NA,43200,20,7
48455009505,48,455,009505,2337,1313,923,93,0,8,0,1635,993,590,49,0,3,0,385.39,396.76,NA,73664,93945,NA,43200,20,7
48457009501,48,457,009501,2424,2257,136,30,1,0,0,1830,1716,93,20,1,0,0,434.03,384.52,NA,16048,90785,NA,14600,20,7
48457009502,48,457,009502,4561,3795,698,48,17,3,0,3487,2986,448,37,13,3,0,827.02,732.68,NA,80212,94285,NA,46440,20,7
48457009503,48,457,009503,2707,1901,755,36,7,8,0,1977,1496,444,27,4,6,0,468.89,415.4,NA,80212,94285,NA,46440,20,7
48457009504,48,457,009504,4489,4223,219,40,6,1,0,3365,3202,132,26,4,1,0,798.09,707.05,NA,NA,93710,NA,46440,20,7
48457009505,48,457,009505,2465,2250,178,23,14,0,0,1834,1701,112,12,9,0,0,434.97,385.36,NA,NA,94075,NA,44580,20,7
48459009501,48,459,009501,6048,5099,788,123,29,9,0,4277,3608,576,65,22,6,0,814.18,966.96,NA,54216,92920,NA,33840,11,6
48459009502,48,459,009502,2921,2228,611,72,8,1,1,2158,1682,430,40,5,1,0,410.8,487.89,NA,NA,90280,NA,43560,11,6
48459009503,48,459,009503,5996,5396,463,111,18,3,5,4278,3858,326,76,14,1,3,814.37,967.19,NA,29564,91515,NA,20700,11,6
48459009504,48,459,009504,4538,3455,947,116,10,6,4,3404,2703,629,58,9,5,0,648,769.59,NA,29564,91515,NA,20700,11,6
48459009505,48,459,009505,5028,4528,358,118,18,6,0,3675,3352,225,78,14,6,0,699.58,830.86,NA,8224,90295,NA,10140,11,6
48459009506,48,459,009506,3501,2938,488,48,21,3,3,2475,2124,302,27,19,3,0,471.15,559.56,NA,29660,91525,NA,20760,11,6
48459950798,48,459,950798,3338,3070,203,53,11,0,1,2437,2249,146,33,8,0,1,463.91,550.97,NA,22168,91525,NA,20700,11,6
48461009501,48,461,009501,1497,1061,24,402,9,1,0,954,708,17,225,3,1,0,119.12,400.75,NA,60668,93195,NA,36510,13,23
48461009502,48,461,009502,2950,1605,64,1264,10,1,6,1905,1140,43,709,8,1,4,237.88,800.25,NA,45432,92345,NA,29700,13,23
48463009501,48,463,009501,2864,1697,1,1161,3,1,1,2061,1305,1,752,2,0,1,352.95,482.09,NA,64004,93375,NA,38430,15,23
48463009502,48,463,009502,5080,2964,6,2073,7,19,11,3539,2233,5,1272,7,15,7,606.06,827.81,NA,74588,93980,NA,43720,15,23
48463009503,48,463,009503,6305,2014,6,4225,7,13,40,4236,1565,6,2633,5,10,17,725.42,990.84,NA,74588,93980,NA,43720,15,23
48463009504,48,463,009504,2685,1513,1,1147,2,11,11,1933,1193,1,725,1,7,6,331.03,452.15,NA,74588,93980,NA,43720,15,23
48463009505,48,463,009505,6406,842,21,5498,9,9,27,4079,645,18,3391,4,5,16,698.54,954.12,NA,74588,93980,NA,43720,15,23
48465009501,48,465,009501,922,676,0,243,1,2,0,717,553,0,161,1,2,0,108.3,106.87,NA,NA,91005,25050,14920,15,23
48465009502,48,465,009502,7496,4000,116,3276,17,77,10,5305,3118,84,2024,13,60,6,801.32,790.69,NA,19792,90995,NA,38900,15,23
48465009503,48,465,009503,7238,1275,78,5850,12,20,3,4645,996,59,3564,8,15,3,701.62,692.32,NA,19792,90995,NA,38900,15,23
48465009504,48,465,009504,3251,761,76,2388,7,16,3,2140,600,52,1467,6,13,2,323.25,318.96,NA,19792,90995,NA,38900,15,23
48465009505,48,465,009505,4184,2193,320,1548,18,98,7,2857,1644,210,917,11,71,4,431.55,425.83,NA,19792,90995,NA,38900,15,23
48465009506,48,465,009506,8918,119,43,8735,3,0,18,5659,81,35,5530,3,0,10,854.79,843.46,NA,19792,90995,NA,38900,15,23
48465009507,48,465,009507,6712,1394,47,5259,3,6,3,4642,1147,40,3444,2,6,3,701.17,691.88,NA,19792,90995,NA,38900,15,23
48467009501,48,467,009501,3617,3448,0,147,19,3,0,2635,2524,0,93,15,3,0,450.29,622.45,NA,27804,91620,NA,21450,22,9
48467009502,48,467,009502,2875,2675,1,181,10,6,2,2168,2034,1,123,7,2,1,370.49,512.14,NA,30476,91620,NA,21450,22,9
48467009503,48,467,009503,3328,3040,175,103,10,0,0,2451,2274,109,61,7,0,0,418.85,578.99,NA,22612,91165,NA,18120,22,9
48467009504,48,467,009504,3449,3230,32,167,18,1,1,2550,2412,14,111,12,1,0,435.77,602.38,NA,79564,94225,NA,45950,22,9
48467009505,48,467,009505,3861,3029,600,207,20,5,0,2792,2278,398,101,11,4,0,477.12,659.54,NA,79564,94225,NA,45950,22,9
48467009506,48,467,009506,4627,4451,11,138,21,6,0,3486,3369,7,88,18,4,0,595.72,823.48,NA,12496,90620,NA,12750,22,9
48467009507,48,467,009507,3688,3371,223,67,14,13,0,2897,2686,148,43,11,9,0,495.07,684.35,NA,12496,90620,NA,12750,22,9
48467009508,48,467,009508,4019,3795,56,159,7,2,0,2989,2847,35,98,7,2,0,510.79,706.08,NA,74912,94000,NA,43920,22,9
48467009509,48,467,009509,4514,3972,335,186,18,3,0,3338,2962,246,115,13,2,0,570.43,788.52,NA,22744,90270,NA,43920,22,9
48467009510,48,467,009510,3966,3775,18,160,11,2,0,2917,2796,15,98,8,0,0,498.48,689.07,NA,NA,93690,NA,12750,22,9
48469000001,48,469,000001,1997,515,218,1253,1,3,7,1417,423,179,807,1,3,4,202.33,368.39,NA,75428,94035,NA,44150,5,14
48469000004,48,469,000004,1911,1169,45,689,3,1,4,1463,947,35,473,3,1,4,208.9,380.34,NA,75428,94035,NA,44150,5,14
48469000007,48,469,000007,3158,1823,175,1150,6,0,4,2206,1326,126,747,6,0,1,315,573.51,NA,75428,94035,NA,44150,5,14
48469000008,48,469,000008,1476,927,52,478,13,1,5,1048,691,40,306,6,1,4,149.64,272.45,NA,35996,94040,NA,10500,5,14
48469000009,48,469,000009,2373,1015,151,1188,1,1,17,1575,732,110,721,1,1,10,224.9,409.46,NA,8800,94040,NA,10500,5,14
48469000010,48,469,000010,1057,764,20,271,0,2,0,724,539,18,165,0,2,0,103.38,188.22,NA,NA,94040,NA,44150,5,14
48469000013,48,469,000013,2150,1591,37,508,7,6,1,1543,1166,31,339,3,3,1,220.33,401.14,NA,75428,94045,29790,44150,5,14
48469000014,48,469,000014,6101,4816,73,1182,14,7,9,4210,3424,52,714,10,7,3,601.15,1094.5,NA,75428,94045,30450,44150,5,14
48469000201,48,469,000201,2583,779,197,1600,0,2,5,1786,641,143,997,0,2,3,255.02,464.32,NA,75428,94035,NA,44150,5,14
48469000202,48,469,000202,5102,1496,709,2855,13,12,17,3284,1124,468,1663,10,7,12,468.93,853.76,NA,75428,94035,NA,44150,5,14
48469000301,48,469,000301,2372,242,519,1605,1,0,5,1618,207,402,1004,1,0,4,231.04,420.64,NA,75428,94035,NA,44150,5,14
48469000302,48,469,000302,2313,213,445,1650,4,0,1,1501,161,324,1012,3,0,1,214.33,390.22,NA,75428,94035,NA,44150,5,14
48469000501,48,469,000501,3742,2224,218,1266,12,12,10,2784,1755,164,838,9,11,7,397.53,723.77,NA,75428,94035,NA,44150,5,14
48469000502,48,469,000502,3793,2074,190,1516,3,7,3,2704,1677,116,900,3,6,2,386.11,702.98,NA,75428,94035,NA,44150,5,14
48469000601,48,469,000601,2805,765,218,1790,4,4,24,2001,637,168,1177,4,3,12,285.72,520.21,NA,75428,94035,NA,44150,5,14
48469000602,48,469,000602,3969,2164,303,1475,15,7,5,3002,1788,204,984,15,7,4,428.66,780.45,NA,75428,94035,NA,44150,5,14
48469001501,48,469,001501,2147,1797,21,319,3,6,1,1477,1250,14,205,3,4,1,210.9,383.98,NA,75428,94035,33270,44150,5,14
48469001502,48,469,001502,7024,6134,76,729,9,60,16,5017,4457,55,458,7,35,5,716.38,1304.3,NA,75428,94035,NA,44150,5,14
48469001601,48,469,001601,5263,4028,233,954,9,33,6,3639,2907,131,567,7,24,3,519.62,946.05,NA,75428,94035,NA,44150,5,14
48469001602,48,469,001602,8316,5460,600,2207,19,25,5,5745,4024,364,1320,17,16,4,820.33,1493.56,NA,75428,94035,NA,44150,5,14
48469001603,48,469,001603,4709,3839,138,687,4,36,5,3080,2551,96,409,2,19,3,439.8,800.73,NA,75428,94035,NA,44150,5,14
48471001901,48,471,001901,11371,7648,2563,1082,41,23,14,9264,6041,2238,924,35,16,10,1099.39,1440.91,NA,62408,93255,NA,24030,20,7
48471001902,48,471,001902,5827,3584,1495,702,17,14,15,4542,2840,1165,504,12,11,10,539.01,706.45,NA,51396,92755,NA,32640,20,7
48471001904,48,471,001904,5585,4005,1225,258,16,71,10,4463,3319,885,184,14,51,10,529.64,694.17,NA,35528,91860,NA,24030,20,7
48471001905,48,471,001905,6074,2077,2676,1282,22,9,8,5120,1905,2164,1013,21,9,8,607.6,796.36,NA,35528,91860,NA,24030,20,7
48471001906,48,471,001906,4632,3109,804,653,11,42,13,3583,2605,497,430,9,31,11,425.2,557.29,NA,35528,91860,NA,24030,20,7
48471001907,48,471,001907,5463,4161,821,358,16,102,5,4912,3827,674,301,14,91,5,582.92,764,NA,35528,91860,NA,24030,20,7
48471190310,48,471,190310,6267,3675,1567,975,15,31,4,5149,2958,1329,822,14,22,4,611.05,800.87,NA,35528,91860,NA,24030,20,7
48471190320,48,471,190320,5698,4597,899,183,9,9,1,4198,3489,590,101,9,8,1,498.19,652.95,NA,35528,91860,NA,24030,20,7
48473000801,48,473,000801,1302,944,16,334,1,0,7,874,689,12,171,0,0,2,173.47,164.22,NA,38476,90465,NA,25170,5,14
48473000802,48,473,000802,5120,2285,1889,922,3,16,5,3525,1744,1214,553,3,8,3,699.65,662.34,NA,10636,90465,NA,38190,5,14
48473000804,48,473,000804,5681,2959,2034,660,11,15,2,4147,2313,1440,376,7,9,2,823.1,779.22,NA,33200,91770,NA,22920,5,14
48473080310,48,473,080310,8321,2986,4746,557,3,27,2,6747,2234,4142,347,3,20,1,1339.16,1267.75,NA,76228,94065,NA,44430,5,14
48473080320,48,473,080320,2873,2719,26,117,2,7,2,2094,1983,21,79,2,7,2,415.62,393.46,NA,NA,94065,NA,44430,5,3
48473080597,48,473,080597,68,58,8,2,0,0,0,54,44,8,2,0,0,0,8.24,9.51,NA,76228,94065,NA,44430,25,14
48475009501,48,475,009501,3550,2516,98,891,30,7,8,2406,1791,64,521,18,7,5,349.55,757.28,NA,79036,92605,NA,31170,7,23
48475009502,48,475,009502,4078,2857,151,1033,23,12,2,2809,2069,96,621,15,6,2,408.1,884.12,NA,48936,92605,NA,31170,7,23
48475009503,48,475,009503,3668,1586,160,1897,9,0,16,2425,1184,102,1123,6,0,10,352.31,763.26,NA,48936,92605,NA,31170,7,23
48475009504,48,475,009504,1071,338,20,703,2,1,7,634,247,4,375,2,0,6,92.11,199.55,NA,59996,90205,NA,34550,7,23
48475009505,48,475,009505,748,431,3,306,0,0,8,495,310,2,180,0,0,3,71.92,155.8,NA,30440,91615,NA,21480,7,23
48477001701,48,477,001701,3200,1705,1332,138,5,14,6,2271,1305,870,80,5,9,2,337.26,636.78,NA,10156,90435,NA,11280,5,3
48477001702,48,477,001702,4884,3683,836,301,4,58,2,3588,2844,519,178,2,43,2,532.84,1006.06,NA,10156,90435,NA,11280,5,3
48477001703,48,477,001703,4269,3334,760,110,6,40,19,3227,2594,508,79,4,25,17,479.23,904.84,NA,10156,90435,NA,11280,5,3
48477001704,48,477,001704,5212,4307,597,241,12,55,0,4006,3390,410,163,7,36,0,594.91,1123.27,NA,10156,90435,NA,11280,5,3
48477001705,48,477,001705,5057,4135,684,229,5,1,3,3800,3193,463,136,5,1,2,564.32,1065.5,NA,11536,90550,NA,12240,5,3
48477001706,48,477,001706,3532,2157,1218,139,5,13,0,2609,1651,850,95,4,9,0,387.45,731.55,NA,NA,94080,NA,11280,5,3
48479000002,48,479,000002,4489,186,3,4290,4,1,5,3037,149,3,2881,1,1,2,456.44,201.6,NA,41464,92145,NA,26790,15,23
48479000003,48,479,000003,2792,75,0,2698,0,0,19,1890,45,0,1830,0,0,15,284.05,125.46,NA,41464,92145,NA,26790,15,23
48479000004,48,479,000004,1543,95,4,1441,0,3,0,1437,91,4,1339,0,3,0,215.97,95.39,NA,41464,92145,NA,26790,15,23
48479000005,48,479,000005,2827,114,8,2702,0,3,0,1989,90,8,1888,0,3,0,298.93,132.03,NA,41464,92145,NA,26790,15,23
48479000006,48,479,000006,4556,75,0,4472,0,2,7,3002,54,0,2942,0,1,5,451.18,199.27,NA,41464,92145,NA,26790,15,23
48479000007,48,479,000007,2754,49,0,2696,0,0,9,1879,37,0,1837,0,0,5,282.4,124.73,NA,41464,92145,NA,26790,15,23
48479000008,48,479,000008,3126,37,0,3083,0,2,4,2031,28,0,1998,0,1,4,305.24,134.82,NA,41464,92145,NA,26790,15,23
48479000009,48,479,000009,10907,368,1,10496,0,3,39,7222,276,1,6914,0,2,29,1085.41,479.4,NA,41464,92145,NA,26790,15,23
48479000010,48,479,000010,7691,418,4,7258,1,2,8,5023,339,2,4673,1,2,6,754.92,333.43,NA,41464,92145,NA,26790,15,23
48479000011,48,479,000011,8392,673,10,7680,6,19,4,5506,528,6,4954,2,13,3,827.51,365.49,NA,41464,92145,NA,26790,15,23
48479000012,48,479,000012,6715,110,0,6584,0,0,21,4310,76,0,4217,0,0,17,647.76,286.1,NA,41464,92145,NA,26790,15,23
48479000013,48,479,000013,3777,117,1,3650,0,1,8,2525,86,1,2436,0,1,1,379.49,167.61,NA,41464,92145,NA,26790,15,23
48479000014,48,479,000014,6443,132,0,6296,0,4,11,4047,93,0,3946,0,3,5,608.23,268.64,NA,41464,92145,NA,26790,15,23
48479000015,48,479,000015,7405,216,2,7162,0,4,21,4688,150,2,4517,0,4,15,704.57,311.19,NA,41464,92145,NA,26790,15,23
48479000016,48,479,000016,4603,349,1,4223,1,21,8,2804,257,1,2527,1,15,3,421.42,186.13,NA,41464,92145,NA,43650,15,23
48479000101,48,479,000101,4286,118,1,4160,2,1,4,2847,101,1,2740,2,1,2,427.88,188.99,NA,41464,92145,NA,26790,15,23
48479000103,48,479,000103,6358,95,2,6235,0,5,21,3776,62,2,3694,0,2,16,567.51,250.65,NA,41464,92145,NA,26790,15,23
48479000104,48,479,000104,6153,91,0,6058,1,0,3,3154,45,0,3106,1,0,2,474.02,209.36,NA,41464,92145,NA,26790,15,23
48479001702,48,479,001702,2014,290,9,1706,0,8,1,1199,208,5,980,0,6,0,180.2,79.59,NA,41464,94110,NA,43650,15,23
48479001703,48,479,001703,11242,948,5,10167,2,107,13,7065,702,4,6281,2,69,7,1061.82,468.98,NA,41464,92145,NA,43650,15,23
48479001704,48,479,001704,11129,2062,9,8834,11,199,14,7155,1520,6,5473,7,137,12,1075.34,474.95,NA,41464,92145,NA,43650,15,23
48479001705,48,479,001705,3320,292,1,3007,12,8,0,1974,206,1,1753,9,5,0,296.68,131.04,NA,41464,94110,NA,43650,15,23
48479001801,48,479,001801,2274,84,0,2189,0,0,1,1196,52,0,1144,0,0,0,179.75,79.39,NA,41464,90490,NA,43650,15,23
48479001802,48,479,001802,8443,433,7,7982,4,4,13,4606,302,7,4282,4,4,7,692.25,305.75,NA,41464,90490,NA,44810,15,23
48481001401,48,481,001401,5632,3372,1373,877,4,2,4,3952,2462,952,531,3,1,3,666.31,866.07,NA,21988,92810,NA,17830,5,14
48481001402,48,481,001402,1689,894,369,409,1,14,2,1192,715,212,254,1,8,2,200.97,261.22,NA,78136,94185,NA,45380,5,14
48481001403,48,481,001403,1963,338,1117,508,0,0,0,1301,243,764,294,0,0,0,219.35,285.11,NA,78136,94185,NA,45380,5,14
48481001404,48,481,001404,6012,3962,796,1219,2,20,13,4348,3000,538,789,2,13,6,733.07,952.86,NA,78136,94185,NA,45380,5,14
48481001405,48,481,001405,2662,1207,717,689,2,35,12,1925,963,489,439,2,27,5,324.56,421.86,NA,78136,94185,NA,45380,5,14
48481001406,48,481,001406,3459,2140,280,1034,0,2,3,2460,1595,195,667,0,2,1,414.76,539.1,NA,9238,92740,NA,10780,5,14
48481001407,48,481,001407,1823,852,235,728,0,0,8,1254,659,153,438,0,0,4,211.42,274.81,NA,22864,91180,NA,18280,5,14
48481001408,48,481,001408,3279,1855,105,1310,0,8,1,2257,1398,64,788,0,6,1,380.53,494.62,NA,22864,91180,NA,18280,5,14
48481001409,48,481,001409,6792,5507,179,1077,5,10,14,4903,4075,118,690,3,8,9,826.65,1074.48,NA,22864,91180,NA,18280,5,14
48481001410,48,481,001410,4213,1588,891,1715,2,12,5,2744,1145,565,1022,2,7,3,462.64,601.34,NA,22864,91180,NA,18280,5,14
48481001411,48,481,001411,2431,1786,104,537,1,0,3,1677,1292,83,298,1,0,3,282.74,367.51,NA,NA,92305,NA,28350,5,14
48483009501,48,483,009501,2952,2788,7,138,14,4,1,2133,2038,5,78,9,3,0,433.82,814.71,NA,78208,94190,27150,45420,4,13
48483009503,48,483,009503,2927,2509,138,240,21,17,2,2179,1942,77,130,19,9,2,443.18,832.29,NA,67160,93545,27150,39900,4,13
48485000101,48,485,000101,1166,621,230,302,9,3,1,914,532,185,184,9,3,1,159.27,188.49,NA,79000,94215,NA,45780,4,13
48485000102,48,485,000102,1654,1102,111,368,16,56,1,1280,921,66,246,13,33,1,223.05,263.97,NA,79000,94215,NA,45780,4,13
48485000103,48,485,000103,1397,87,944,359,0,2,5,949,57,670,215,0,2,5,165.37,195.71,NA,79000,94215,NA,45780,4,13
48485000104,48,485,000104,1651,98,1404,143,6,0,0,1167,59,1026,78,4,0,0,203.36,240.67,NA,79000,94215,NA,45780,4,13
48485000105,48,485,000105,897,272,505,109,10,1,0,692,218,407,59,7,1,0,120.59,142.71,NA,79000,94215,NA,45780,4,13
48485000106,48,485,000106,2480,1991,45,392,22,28,2,1855,1568,26,226,15,19,1,323.25,382.56,NA,79000,94215,NA,45780,4,13
48485000107,48,485,000107,2535,1865,101,457,19,86,7,1900,1486,68,291,13,39,3,331.1,391.84,NA,79000,94215,NA,45780,4,13
48485000108,48,485,000108,2685,1977,128,510,25,40,5,1930,1515,68,305,18,20,4,336.32,398.02,NA,79000,94215,NA,45780,4,13
48485000109,48,485,000109,1856,1657,28,146,16,9,0,1491,1362,20,92,10,7,0,259.82,307.49,NA,79000,94215,NA,45780,4,13
48485000110,48,485,000110,2779,2066,110,520,21,56,6,2178,1696,76,346,17,38,5,379.54,449.17,NA,79000,94215,NA,45780,4,13
48485000111,48,485,000111,2023,885,73,981,5,66,13,1404,716,41,593,4,44,6,244.66,289.55,NA,79000,94215,NA,45780,4,13
48485000112,48,485,000112,1735,960,448,297,21,0,9,1120,719,211,173,13,0,4,195.17,230.98,NA,79000,94215,NA,12120,4,13
48485000113,48,485,000113,1517,477,970,56,14,0,0,1040,367,630,34,9,0,0,181.23,214.48,NA,79000,94215,NA,45780,4,13
48485000114,48,485,000114,2405,1593,347,418,18,27,2,1726,1221,208,260,14,21,2,300.77,355.95,NA,79000,94215,NA,45780,4,13
48485000115,48,485,000115,2495,2027,214,189,15,45,5,1749,1477,111,118,9,30,4,304.78,360.7,NA,79000,94215,NA,45780,4,13
48485000116,48,485,000116,2642,2113,56,454,14,3,2,1792,1527,22,231,9,2,1,312.28,369.56,NA,79000,94215,NA,45780,4,13
48485000117,48,485,000117,2246,2160,10,61,5,10,0,1766,1709,8,37,5,7,0,307.74,364.2,NA,79000,94215,NA,45780,4,13
48485000118,48,485,000118,1845,1761,20,50,7,3,4,1406,1358,13,24,6,1,4,245.01,289.96,NA,79000,94215,NA,45780,4,13
48485000119,48,485,000119,3909,3427,160,199,21,94,8,3155,2808,108,144,15,74,6,549.79,650.66,NA,79000,94215,NA,45780,4,13
48485000120,48,485,000120,5474,4972,177,209,28,85,3,4471,4081,150,156,23,58,3,779.12,922.06,NA,79000,94215,NA,45780,4,13
48485000121,48,485,000121,3288,3025,24,181,32,25,1,2371,2225,12,99,21,14,0,413.17,488.97,NA,79000,94215,NA,45780,4,13
48485000122,48,485,000122,5898,5333,170,294,34,64,3,4312,3936,122,189,23,42,0,751.41,889.26,NA,79000,94215,NA,45780,4,13
48485000123,48,485,000123,4843,4432,77,245,18,70,1,3379,3111,46,157,16,48,1,588.83,696.85,NA,79000,94215,NA,45780,4,13
48485000124,48,485,000124,6460,5988,127,245,29,69,2,4695,4401,77,151,23,43,0,818.15,968.25,NA,79000,94215,NA,45780,4,13
48485000125,48,485,000125,1291,1165,11,64,23,28,0,977,900,9,37,18,13,0,170.25,201.49,NA,79000,94215,NA,45780,4,13
48485000126,48,485,000126,2490,2260,24,158,9,39,0,1903,1768,14,96,9,16,0,331.62,392.46,NA,79000,94215,NA,45780,4,13
48485000127,48,485,000127,2456,2074,95,246,11,29,1,1913,1678,58,154,9,13,1,333.36,394.52,NA,79000,94215,NA,45780,4,13
48485000128,48,485,000128,3611,3274,49,222,16,46,4,2762,2555,34,127,11,31,4,481.31,569.61,NA,79000,94215,NA,45780,4,13
48485000129,48,485,000129,2479,2277,20,137,14,30,1,1993,1864,13,81,12,23,0,347.3,411.02,NA,79000,94215,14130,24260,4,13
48485000130,48,485,000130,2799,2090,289,329,43,41,7,2015,1597,168,186,31,30,3,351.14,415.55,NA,79000,94215,14130,45780,4,13
48485000131,48,485,000131,4622,3324,665,369,40,217,7,3121,2369,373,225,26,127,1,543.87,643.64,NA,79000,94215,14130,24260,4,13
48485000132,48,485,000132,5970,3733,1611,386,44,187,9,4319,2800,1082,266,25,141,5,752.63,890.71,NA,79000,94215,14130,45780,4,13
48485000133,48,485,000133,1902,1452,233,149,8,58,2,1024,793,114,76,5,36,0,178.44,211.18,NA,79000,94215,NA,12120,4,13
48485000134,48,485,000134,6994,5147,1104,538,22,179,4,5714,4247,903,395,18,148,3,995.73,1178.4,NA,11368,94215,NA,12120,4,13
48485000135,48,485,000135,9883,9137,208,403,86,46,3,7209,6734,137,235,62,40,1,1256.25,1486.71,NA,11368,90525,NA,12120,4,13
48485000136,48,485,000136,5782,5572,2,159,35,13,1,4152,4027,1,86,29,9,0,723.53,856.27,NA,36104,91880,NA,24260,4,13
48485000137,48,485,000137,3126,2799,174,123,29,1,0,2328,2146,97,65,19,1,0,405.68,480.1,NA,22984,91195,NA,18330,4,13
48485000138,48,485,000138,3093,2934,22,87,28,22,0,2227,2133,12,47,22,13,0,388.08,459.27,NA,11368,91195,NA,18330,4,13
48487009501,48,487,009501,707,604,15,69,18,1,0,503,442,11,34,15,1,0,84.38,105.8,NA,NA,91730,NA,44110,4,13
48487009502,48,487,009502,725,620,13,89,2,0,1,543,482,6,52,2,0,1,91.09,114.21,NA,NA,91290,NA,33090,4,13
48487009503,48,487,009503,867,757,38,70,0,2,0,626,558,22,44,0,2,0,105.01,131.67,NA,NA,92240,NA,44110,4,13
48487009504,48,487,009504,1083,526,246,296,14,0,1,734,419,146,157,12,0,0,123.12,154.38,NA,75308,94030,NA,44110,4,13
48487009505,48,487,009505,3483,2143,860,441,7,29,3,2644,1745,617,253,4,22,3,443.52,556.12,NA,75308,94030,NA,44110,4,13
48487009506,48,487,009506,5869,5247,44,512,22,38,6,4415,4044,30,304,12,22,3,740.59,928.62,NA,75308,94030,NA,44110,4,13
48487009507,48,487,009507,2387,1540,120,708,8,0,11,1665,1180,76,398,7,0,4,279.3,350.2,NA,75308,94030,NA,44110,4,13
48489009501,48,489,009501,1175,439,2,731,0,0,3,813,350,2,458,0,0,3,185.61,124.73,NA,65636,93435,NA,39000,19,27
48489009502,48,489,009502,1229,108,5,1114,1,0,1,751,87,3,660,1,0,0,171.45,115.21,NA,NA,92155,26850,36540,19,15
48489009503,48,489,009503,5489,556,36,4873,5,0,19,3412,430,29,2937,5,0,11,778.95,523.45,NA,60836,92155,NA,36540,19,15
48489009504,48,489,009504,4920,949,25,3934,1,8,3,3154,761,9,2374,0,7,3,720.05,483.87,NA,60836,93205,NA,36540,19,15
48489009505,48,489,009505,2755,407,2,2341,1,2,2,1759,321,1,1434,1,1,1,401.57,269.86,NA,45228,92335,26850,28620,19,15
48489009506,48,489,009506,2137,189,3,1944,0,1,0,1342,151,2,1188,0,1,0,306.37,205.88,NA,66512,93495,NA,28620,19,27
48491000202,48,491,000202,3998,3585,16,379,15,3,0,2803,2563,11,219,8,2,0,440.8,620.6,NA,26136,91325,NA,19320,2,21
48491000209,48,491,000209,3136,2700,113,317,2,4,0,2346,2072,71,197,2,4,0,368.93,519.42,NA,72824,93845,15420,42660,5,14
48491000210,48,491,000210,2696,484,1203,1007,0,0,2,1800,382,805,611,0,0,2,283.07,398.53,NA,71948,93845,NA,42280,5,14
48491000211,48,491,000211,2343,1054,186,1093,0,9,1,1631,836,117,672,0,5,1,256.49,361.11,NA,71948,93845,NA,42280,5,14
48491000213,48,491,000213,3160,2114,426,616,1,3,0,2337,1664,298,371,1,3,0,367.52,517.42,NA,30548,91630,NA,21590,2,14
48491000216,48,491,000216,3430,2850,41,509,15,5,10,2413,2085,26,286,9,1,6,379.47,534.25,NA,77056,91915,NA,20600,2,21
48491020101,48,491,020101,3673,3507,16,123,12,15,0,2522,2424,12,73,6,7,0,396.61,558.38,NA,66806,91495,NA,20600,5,21
48491020102,48,491,020102,3867,3205,143,466,20,32,1,2690,2299,80,271,15,24,1,423.03,595.58,NA,29336,91495,NA,20600,5,21
48491020103,48,491,020103,3526,3214,66,220,13,13,0,2411,2237,37,123,8,6,0,379.16,533.81,NA,29336,91495,NA,20600,5,21
48491020104,48,491,020104,2425,2262,9,147,3,4,0,1769,1672,7,83,3,4,0,278.19,391.66,NA,29336,91495,NA,20600,5,21
48491020301,48,491,020301,2133,1857,19,242,4,3,8,1452,1302,14,127,4,3,2,228.34,321.48,NA,NA,92200,NA,27420,2,21
48491020302,48,491,020302,1161,1059,14,79,5,2,2,824,763,6,50,4,1,0,129.58,182.44,NA,42016,92200,NA,27030,2,21
48491020303,48,491,020303,1249,1035,15,178,7,14,0,831,711,11,99,5,5,0,130.68,183.99,NA,42016,92200,NA,27030,2,21
48491020304,48,491,020304,701,606,6,85,1,3,0,440,378,4,54,1,3,0,69.19,97.42,NA,42016,92200,NA,27030,2,21
48491020305,48,491,020305,1844,1630,15,174,5,20,0,1234,1104,11,102,3,14,0,194.06,273.21,NA,42016,92200,NA,27030,2,21
48491020306,48,491,020306,2440,2101,20,292,10,17,0,1658,1449,16,173,10,10,0,260.74,367.09,NA,13552,92200,NA,27030,2,21
48491020307,48,491,020307,3828,3390,69,319,9,39,2,2461,2208,38,182,6,27,0,387.02,544.88,NA,13552,92200,NA,27030,2,21
48491020308,48,491,020308,4018,3408,88,432,17,73,0,2787,2413,67,246,7,54,0,438.29,617.05,NA,13552,92200,NA,27030,2,21
48491020309,48,491,020309,3528,3195,44,245,11,32,1,2350,2141,28,149,9,22,1,369.56,520.3,NA,13552,92200,NA,27030,2,21
48491020310,48,491,020310,2487,2287,39,145,1,15,0,1726,1604,21,89,1,11,0,271.43,382.14,NA,10897,92200,NA,38080,2,21
48491020401,48,491,020401,8128,6527,396,778,21,398,8,5955,4866,264,534,14,272,5,936.49,1318.47,NA,37936,91495,NA,38080,5,21
48491020402,48,491,020402,6168,5350,232,438,13,129,6,4197,3667,146,277,11,93,3,660.03,929.24,NA,37936,91495,NA,38080,5,21
48491020403,48,491,020403,2175,1886,59,170,7,52,1,1504,1318,41,112,6,26,1,236.52,332.99,NA,3197,91495,NA,38080,5,21
48491020404,48,491,020404,3696,3190,90,257,22,134,3,2322,2018,53,142,13,94,2,365.16,514.1,NA,3197,91495,NA,38080,5,21
48491020405,48,491,020405,5912,4812,268,618,29,180,5,4193,3461,172,404,23,130,3,659.4,928.35,NA,3197,91495,NA,38080,5,21
48491020501,48,491,020501,2520,2107,123,210,5,73,2,1663,1412,74,130,2,45,0,261.53,368.2,NA,10897,91495,NA,38080,5,21
48491020502,48,491,020502,2516,2152,99,189,20,56,0,1590,1378,61,109,9,33,0,250.05,352.03,NA,10897,91495,NA,38080,5,21
48491020503,48,491,020503,4855,4268,67,419,23,78,0,3215,2874,39,240,15,47,0,505.59,711.82,NA,63500,91495,NA,38080,5,21
48491020504,48,491,020504,3967,2760,240,900,17,45,5,2592,1868,153,521,14,33,3,407.62,573.88,NA,63500,91495,NA,38080,5,21
48491020601,48,491,020601,2426,2134,57,188,3,44,0,1722,1510,45,132,2,33,0,270.8,381.26,NA,29336,91495,NA,20600,5,21
48491020602,48,491,020602,2531,1602,173,718,4,32,2,1605,1047,104,430,2,20,2,252.4,355.35,NA,63500,91495,NA,38080,5,21
48491020701,48,491,020701,2650,1407,142,1088,6,5,2,1960,1111,116,721,6,4,2,308.23,433.95,NA,63500,91495,NA,38080,5,21
48491020702,48,491,020702,5553,4200,322,942,29,54,6,3794,2955,201,577,19,40,2,596.65,840.01,NA,63500,91495,NA,38080,5,21
48491020703,48,491,020703,1933,1533,133,250,3,14,0,1289,1044,74,160,2,9,0,202.71,285.39,NA,63500,91495,NA,38080,5,21
48491020898,48,491,020898,4993,4184,175,607,8,18,1,3408,2937,108,352,3,7,1,535.95,754.55,NA,35624,93845,15420,24100,5,14
48491021201,48,491,021201,1811,1510,44,245,2,9,1,1301,1127,29,137,1,6,1,204.6,288.05,NA,71948,93845,NA,42280,5,14
48491021202,48,491,021202,1860,1438,118,300,0,0,4,1341,1098,65,176,0,0,2,210.89,296.9,NA,71948,93845,NA,42280,5,14
48491021203,48,491,021203,2791,1981,194,605,4,7,0,2086,1561,126,389,3,7,0,328.05,461.85,NA,71948,93845,NA,42280,5,14
48491021401,48,491,021401,2635,2054,81,458,8,34,0,2047,1678,55,274,6,34,0,321.91,453.22,NA,29336,91495,NA,20600,5,21
48491021402,48,491,021402,2963,1351,392,1199,12,2,7,2204,1131,318,742,8,2,3,346.6,487.98,NA,29336,91495,NA,20600,5,21
48491021403,48,491,021403,1768,1050,35,669,7,1,6,1280,817,26,426,4,1,6,201.29,283.4,NA,29336,91495,NA,20600,5,21
48491021501,48,491,021501,2914,2304,126,465,2,6,11,1885,1531,81,258,2,5,8,296.44,417.35,NA,63500,91495,NA,38080,5,21
48491021502,48,491,021502,3686,2694,241,691,14,45,1,2307,1737,142,384,8,35,1,362.8,510.78,NA,63500,91495,NA,38080,5,21
48491021503,48,491,021503,3457,2687,182,532,14,38,4,2417,1949,106,324,11,24,3,380.1,535.14,NA,63500,91495,NA,38080,5,21
48491021779,48,491,021779,0,0,0,0,0,0,0,0,0,0,0,0,0,0,0,0,NA,NA,93845,15420,NA,5,14
48491021780,48,491,021780,0,0,0,0,0,0,0,0,0,0,0,0,0,0,0,0,NA,NA,93845,15420,NA,1,14
48491021781,48,491,021781,0,0,0,0,0,0,0,0,0,0,0,0,0,0,0,0,NA,NA,93845,15420,NA,5,14
48491021782,48,491,021782,0,0,0,0,0,0,0,0,0,0,0,0,0,0,0,0,NA,NA,93845,15420,NA,1,14
48491021783,48,491,021783,0,0,0,0,0,0,0,0,0,0,0,0,0,0,0,0,NA,NA,93845,15420,NA,1,14
48491021784,48,491,021784,0,0,0,0,0,0,0,0,0,0,0,0,0,0,0,0,NA,NA,93845,15420,NA,5,14
48491021785,48,491,021785,0,0,0,0,0,0,0,0,0,0,0,0,0,0,0,0,NA,NA,93845,15420,NA,5,14
48491021786,48,491,021786,0,0,0,0,0,0,0,0,0,0,0,0,0,0,0,0,NA,NA,93845,15420,NA,5,14
48491021787,48,491,021787,0,0,0,0,0,0,0,0,0,0,0,0,0,0,0,0,NA,NA,93845,15420,NA,5,21
48491021788,48,491,021788,0,0,0,0,0,0,0,0,0,0,0,0,0,0,0,0,NA,NA,93845,15420,NA,1,21
48491021789,48,491,021789,0,0,0,0,0,0,0,0,0,0,0,0,0,0,0,0,NA,NA,93845,15420,NA,5,21
48491021790,48,491,021790,0,0,0,0,0,0,0,0,0,0,0,0,0,0,0,0,NA,NA,93845,15420,NA,5,21
48491021791,48,491,021791,0,0,0,0,0,0,0,0,0,0,0,0,0,0,0,0,NA,NA,93845,15420,NA,1,21
48491021792,48,491,021792,0,0,0,0,0,0,0,0,0,0,0,0,0,0,0,0,NA,NA,93845,NA,42280,5,21
48491021793,48,491,021793,0,0,0,0,0,0,0,0,0,0,0,0,0,0,0,0,NA,NA,93845,NA,42280,1,21
48491021794,48,491,021794,0,0,0,0,0,0,0,0,0,0,0,0,0,0,0,0,NA,NA,93845,15420,42280,5,21
48491021795,48,491,021795,0,0,0,0,0,0,0,0,0,0,0,0,0,0,0,0,NA,NA,93845,NA,42280,5,21
48491021796,48,491,021796,0,0,0,0,0,0,0,0,0,0,0,0,0,0,0,0,NA,NA,93845,NA,42280,5,21
48491021797,48,491,021797,0,0,0,0,0,0,0,0,0,0,0,0,0,0,0,0,NA,NA,93845,NA,24100,5,21
48491021798,48,491,021798,0,0,0,0,0,0,0,0,0,0,0,0,0,0,0,0,NA,NA,93845,NA,24100,5,21
48493009801,48,493,009801,5055,4082,59,895,17,2,0,3461,2858,41,549,12,1,0,660.46,853.02,NA,41764,92160,NA,26310,6,28
48493009802,48,493,009802,2727,1554,16,1141,1,4,11,1887,1128,12,733,1,4,9,360.1,465.08,NA,NA,91330,NA,19350,6,28
48493009803,48,493,009803,4645,1625,77,2912,8,2,21,3171,1217,54,1874,7,2,17,605.12,781.55,NA,26160,91330,NA,19350,6,28
48493009804,48,493,009804,4138,2930,32,1164,1,3,8,2798,2062,24,703,1,2,6,533.94,689.61,NA,26160,91330,NA,19350,6,28
48493009805,48,493,009805,3085,2165,48,865,2,4,1,2215,1648,29,533,2,2,1,422.69,545.92,NA,70376,93755,NA,41610,6,28
48493009806,48,493,009806,3000,1917,3,1077,1,2,0,2105,1421,3,678,1,2,0,401.7,518.81,NA,59096,93125,NA,35550,6,28
48495009501,48,495,009501,502,380,0,121,1,0,0,339,279,0,59,1,0,0,43.75,97.45,NA,39004,92010,NA,25560,7,23
48495009502,48,495,009502,2638,1575,100,953,7,0,3,1769,1148,75,539,7,0,0,228.31,508.55,NA,39004,92010,NA,25560,7,23
48495009503,48,495,009503,4230,2333,35,1816,26,8,12,2850,1789,24,1007,19,7,4,367.82,819.31,NA,39004,92010,NA,25560,7,23
48495009504,48,495,009504,1256,948,20,282,6,0,0,799,628,11,155,5,0,0,103.12,229.69,NA,79768,94240,NA,46170,7,23
48497001501,48,497,001501,4929,4475,15,410,15,9,5,3437,3191,7,216,14,5,4,570.92,744.37,NA,19528,90975,NA,16500,8,17
48497001502,48,497,001502,4394,3631,134,588,16,21,4,3215,2772,93,327,7,13,3,534.04,696.29,NA,19528,90975,NA,16500,8,17
48497001503,48,497,001503,1748,1647,6,88,5,2,0,1250,1195,3,47,3,2,0,207.64,270.72,NA,2284,90060,NA,08100,8,17
48497001504,48,497,001504,9517,8788,183,470,46,25,5,6996,6455,181,305,39,15,1,1162.11,1515.16,NA,14620,90445,NA,11340,8,17
48497001505,48,497,001505,4206,3451,24,712,15,2,2,2966,2521,23,411,9,1,1,492.68,642.36,NA,10264,90445,NA,11340,8,17
48497001506,48,497,001506,9885,9348,25,395,92,20,5,7005,6694,12,219,59,16,5,1163.6,1517.11,NA,9748,90395,NA,33180,8,17
48499009501,48,499,009501,3729,3579,30,104,14,2,0,2758,2668,21,60,8,1,0,441.44,693.42,NA,79816,94255,NA,46200,22,6
48499009502,48,499,009502,2652,2416,172,41,11,12,0,2045,1878,125,24,11,7,0,327.32,514.16,NA,79816,94255,NA,46200,22,6
48499009503,48,499,009503,5196,4871,179,133,12,1,0,4044,3807,139,91,7,0,0,647.27,1016.75,NA,80440,93180,NA,36300,22,6
48499009504,48,499,009504,2599,2516,9,58,12,0,4,2004,1954,5,34,9,0,2,320.75,503.85,NA,1636,90025,NA,07650,22,6
48499009505,48,499,009505,2220,1973,193,41,5,8,0,1774,1597,144,23,5,5,0,283.94,446.02,NA,60188,93180,NA,36300,22,6
48499009506,48,499,009506,4968,3908,952,94,10,4,0,3796,2960,766,57,9,4,0,607.58,954.4,NA,32816,91740,NA,22770,22,6
48499009507,48,499,009507,3345,3216,42,56,23,8,0,2451,2365,35,29,16,6,0,392.3,616.24,NA,48648,92590,NA,30930,22,6
48499009508,48,499,009508,4671,3590,797,261,18,4,1,3445,2741,520,170,10,4,0,551.4,866.15,NA,48648,92590,NA,30930,22,6
48501009501,48,501,009501,2089,1249,3,826,10,1,0,1396,920,1,467,7,1,0,156.06,400.15,NA,57968,93055,NA,35040,10,19
48501009502,48,501,009502,6697,4193,82,2391,20,8,3,4329,2925,50,1334,12,7,1,483.94,1240.85,NA,19984,91015,NA,16770,10,19
48503009501,48,503,009501,586,568,4,14,0,0,0,438,428,4,6,0,0,0,75.93,130.23,NA,NA,91935,NA,21360,8,17
48503009502,48,503,009502,4124,3591,91,427,11,2,2,3103,2782,58,251,8,2,2,537.93,922.6,NA,54000,92895,NA,33630,8,17
48503009503,48,503,009503,905,897,0,5,3,0,0,671,664,0,4,3,0,0,116.32,199.5,NA,50868,92735,NA,32700,8,17
48503009504,48,503,009504,3899,3729,20,131,14,4,1,2843,2744,14,74,8,3,0,492.86,845.29,NA,30392,91600,NA,21360,8,17
48503009505,48,503,009505,3036,2609,100,307,5,11,4,2251,1989,64,188,2,8,0,390.23,669.28,NA,30392,91600,NA,21360,8,17
48503009506,48,503,009506,5576,5203,45,280,20,27,1,3996,3796,24,147,16,12,1,692.74,1188.11,NA,30392,91600,NA,21360,8,17
48505009501,48,505,009501,2541,877,1,1651,4,2,6,1764,742,1,1013,4,2,2,439.03,251.88,NA,80716,94310,NA,46710,6,28
48505009502,48,505,009502,871,62,0,809,0,0,0,558,42,0,516,0,0,0,138.88,79.67,NA,NA,93455,NA,46710,6,28
48505009503,48,505,009503,5867,787,0,5059,4,1,16,3729,665,0,3049,4,1,10,928.09,532.45,NA,80716,94310,NA,46710,6,28
48507009501,48,507,009501,1512,194,0,1318,0,0,0,923,158,0,765,0,0,0,305.42,78.07,NA,5924,90215,NA,43720,15,23
48507009502,48,507,009502,1520,293,0,1226,1,0,0,963,229,0,733,1,0,0,318.66,81.45,NA,41452,92140,NA,26250,15,23
48507009503,48,507,009503,9130,467,284,8331,2,0,46,5929,394,277,5230,1,0,27,1961.92,501.48,NA,18020,90920,NA,15930,15,23
